,Test setting,Type,Accuracy,Precision,Recall,F1,AUROC,ECE
0,Syn. pond,NTP,0.6666666666666666,,0.0,,0.711910840782594,0.014034712968938939
1,Syn. pond,Probe,0.8242424242424242,0.7366710013003901,0.7357142857142858,0.7361923326835607,0.8985687932197673,0.04841000711975843
2,Syn. nfix,NTP,0.6666666666666666,,0.0,,0.6144550374254095,0.052922018756099004
3,Syn. nfix,Probe,0.6599851521900519,0.4798206278026906,0.2383073496659243,0.318452380952381,0.6340804361089478,0.1275277135399136
4,Real pond,NTP,0.4339668029829204,,0.0,,0.757992697909825,0.23555818806363885
5,Real pond,Probe,0.6057252826557614,0.7489539748953975,0.4564385890352741,0.567203591233166,0.7264745764947894,0.19168425202114153
6,Real nfix,NTP,0.6141975308641975,,0.0,,0.7248074942614305,0.0775423917486463
7,Real nfix,Probe,0.6766117969821673,0.6007751937984496,0.4822222222222222,0.5350098619329389,0.710464544946957,0.08809583424965503
