,Test setting,Type,Accuracy,Precision,Recall,F1,AUROC,ECE
0,Syn. pond,NTP,0.6666666666666666,,0.0,,0.711910840782594,0.014034712968938939
1,Syn. pond,Probe,0.8186147186147186,0.7896039603960396,0.6214285714285714,0.6954941860465116,0.8902099848203745,0.06238534491751322
2,Syn. nfix,NTP,0.6666666666666666,,0.0,,0.6144550374254095,0.052922018756099004
3,Syn. nfix,Probe,0.6703786191536748,0.5070821529745042,0.3986636971046771,0.4463840399002494,0.7082814569372177,0.06027476680968695
4,Real pond,NTP,0.4339668029829204,,0.0,,0.757992697909825,0.23555818806363885
5,Real pond,Probe,0.6386817416406062,0.7009919697685404,0.6306842328941776,0.6639821029082774,0.6964127033187806,0.08554226576690956
6,Real nfix,NTP,0.6141975308641975,,0.0,,0.7248074942614305,0.0775423917486463
7,Real nfix,Probe,0.6409465020576132,0.5469314079422383,0.404,0.46472392638036814,0.641533593895403,0.08086080921920726
