,Test setting,Type,Accuracy,Precision,Recall,F1,AUROC,ECE
0,Syn. pond,NTP,0.5201298701298701,0.4072348588654426,0.964935064935065,0.5727500481788398,0.711910840782594,0.44720571216208027
1,Syn. pond,Probe,0.8186147186147186,0.7896039603960396,0.6214285714285714,0.6954941860465116,0.8902099848203745,0.06238534491751322
2,Syn. nfix,NTP,0.473645137342242,0.375,0.8685968819599109,0.5238415043653458,0.6144550374254095,0.42922429935834167
3,Syn. nfix,Probe,0.6703786191536748,0.5070821529745042,0.3986636971046771,0.4463840399002494,0.7082814569372177,0.06027476680968695
4,Real pond,NTP,0.6810199663218667,0.6145026340254106,0.9602905569007264,0.7494331065759637,0.7430157084060574,0.2808171259514234
5,Real pond,Probe,0.6165503969208563,0.6112423240434577,0.626634382566586,0.6188426590148254,0.6716156093315248,0.0771336650467226
6,Real nfix,NTP,0.39814814814814814,0.27614235500878737,0.8539402173913043,0.4173306772908367,0.6243586707219785,0.5284579183874318
7,Real nfix,Probe,0.6608367626886146,0.34777376654632974,0.39266304347826086,0.3688576898532227,0.62239682015357,0.12802825579522323
