,Test setting,Type,Accuracy,Precision,Recall,F1,AUROC,ECE
0,Syn. pond,NTP,0.6666666666666666,,0.0,,0.711910840782594,0.05829861316892577
1,Syn. pond,Probe,0.7346320346320346,0.578187250996016,0.7538961038961038,0.6544532130777904,0.8132071175577669,0.11520169914265119
2,Syn. nfix,NTP,0.6666666666666666,,0.0,,0.6144550374254095,0.023855527825594962
3,Syn. nfix,Probe,0.6971046770601337,0.5953488372093023,0.28507795100222716,0.38554216867469876,0.6978288798170643,0.07202091446718625
4,Real pond,NTP,0.49374486348278696,,0.0,,0.7393078750462697,0.1853799109034869
5,Real pond,Probe,0.6654186832252762,0.6461442786069652,0.7496392496392497,0.6940547762191048,0.7260575383147974,0.0686120657374463
6,Real nfix,NTP,0.7552742616033755,,0.0,,0.682836918765652,0.09081516995222202
7,Real nfix,Probe,0.7576476793248945,0.5090543259557344,0.27262931034482757,0.3550877192982457,0.7690872724426892,0.06528038982732791
