,Test setting,Type,Accuracy,Precision,Recall,F1,AUROC,ECE
0,Syn. pond,NTP,0.5201298701298701,0.4072348588654426,0.964935064935065,0.5727500481788398,0.711910840782594,0.44720571216208027
1,Syn. pond,Probe,0.7346320346320346,0.578187250996016,0.7538961038961038,0.6544532130777904,0.8132071175577669,0.11520169914265119
2,Syn. nfix,NTP,0.473645137342242,0.375,0.8685968819599109,0.5238415043653458,0.6144550374254095,0.42922429935834167
3,Syn. nfix,Probe,0.6971046770601337,0.5953488372093023,0.28507795100222716,0.38554216867469876,0.6978276397438504,0.07202091446718625
4,Real pond,NTP,0.61428180074879,0.545868427043023,0.953479125248509,0.694267515923567,0.6954864295060577,0.3440278813835109
5,Real pond,Probe,0.6234133869053055,0.570429104477612,0.7294234592445328,0.6402024079567266,0.6895940519692184,0.11207841584245953
6,Real nfix,NTP,0.29641350210970463,0.1852201257861635,0.8843843843843844,0.3062922516900676,0.6425926886579477,0.6372745240293418
7,Real nfix,Probe,0.803006329113924,0.41851106639839036,0.3123123123123123,0.357695614789338,0.7703989978462147,0.06407022962477608
