,Test setting,Type,Accuracy,Precision,Recall,F1,AUROC,ECE
0,Syn. pond,NTP,0.6666666666666666,,0.0,,0.711910840782594,0.014034712968938939
1,Syn. pond,Probe,0.8186147186147186,0.7896039603960396,0.6214285714285714,0.6954941860465116,0.8902100902344409,0.06238534491751322
2,Syn. nfix,NTP,0.6666666666666666,,0.0,,0.6144550374254095,0.052922018756099004
3,Syn. nfix,Probe,0.6703786191536748,0.5070821529745042,0.3986636971046771,0.4463840399002494,0.7082826970104316,0.06027476680968695
4,Real pond,NTP,0.4464758239114746,,0.0,,0.7640666913935472,0.22304916713508463
5,Real pond,Probe,0.6333894635554487,0.6835144071799717,0.6288570186875272,0.6550475328202807,0.6876592261235744,0.08008597418631908
6,Real nfix,NTP,0.7409122085048011,,0.0,,0.709435289861543,0.05498447990554161
7,Real nfix,Probe,0.7330246913580247,0.4861612515042118,0.5347452018530774,0.5092971950835172,0.7548778677877316,0.10635014760518223
