,Test setting,Type,Accuracy,Precision,Recall,F1,AUROC,ECE
0,Syn. pond,NTP,0.6666666666666666,,0.0,,0.711910840782594,0.05829861316892577
1,Syn. pond,Probe,0.7346320346320346,0.578187250996016,0.7538961038961038,0.6544532130777904,0.8132071175577669,0.11520169914265119
2,Syn. nfix,NTP,0.6666666666666666,,0.0,,0.6144550374254095,0.023855527825594962
3,Syn. nfix,Probe,0.6971046770601337,0.5953488372093023,0.28507795100222716,0.38554216867469876,0.6978276397438504,0.07202091446718625
4,Real pond,NTP,0.4722856360149758,,0.0,,0.7268603573998558,0.19953386944608575
5,Real pond,Probe,0.6580220984384988,0.6581156716417911,0.7324796677625887,0.6933093112767177,0.713894729389968,0.06695281287949412
6,Real nfix,NTP,0.607331223628692,,0.0,,0.7452697695971062,0.1101843404344462
7,Real nfix,Probe,0.6413502109704642,0.6297786720321932,0.2102081934184016,0.3152064451158107,0.6800951951304792,0.1718195135774765
