dataset,model,baseline_recovery,baseline_hallucination,ablation_1_recovery,ablation_1_hallucination,ablation_2_recovery,ablation_2_hallucination,ablation_3_recovery,ablation_3_hallucination,ablation_4_recovery,ablation_4_hallucination,ablation_5_recovery,ablation_5_hallucination,ablation_6_recovery,ablation_6_hallucination
pond,llama-3.1-8b,0.3582358235823582,0.6378834740449719,0.33933393339333934,0.6490630323679727,0.3402340234023402,0.7644654088050314,0.38493849384938494,0.7535419946291323,0.1791179117911791,0.660217654171705,0.3564356435643564,0.6759220305707474,0.38043804380438045,0.6431694944901172
pond,gemma-3-27b,0.7113711371137114,0.47228563601497575,0.1842184218421842,0.5826119683853971,0.38313831383138314,0.59044908285895,0.588058805880588,0.4708143507972665,0.40744074407440745,0.3795299802328135,0.6771677167716772,0.408368372474618,0.6810681068106811,0.44141812042768713
pond,gpt-oss-120b,0.7572757275727573,0.10255893612734235,0.7476747674767477,0.04900816802800467,0.7794779477947795,0.11081976262765669,0.7941794179417941,0.09046692607003892,0.6903690369036903,0.11557788944723613,0.7437743774377438,0.07196224931183637,0.7737773777377738,0.08788461538461534
