,Test setting,Type,Accuracy,Precision,Recall,F1,AUROC,ECE
0,Syn. pond,NTP,0.5201298701298701,0.4072348588654426,0.964935064935065,0.5727500481788398,0.711910840782594,0.44720571216208027
1,Syn. pond,Probe,0.8166666666666667,0.7452229299363057,0.6837662337662338,0.7131730443616661,0.8810104992410186,0.07462964787505136
2,Syn. nfix,NTP,0.473645137342242,0.375,0.8685968819599109,0.5238415043653458,0.6144550374254095,0.42922429935834167
3,Syn. nfix,Probe,0.6443949517446177,0.4632352941176471,0.4209354120267261,0.44107351225204205,0.6643853453107871,0.0729577884249632
4,Real pond,NTP,0.8561348490787927,0.8659668954380298,0.9839449541284404,0.921193901653425,0.7375652216919311,0.11492639043591005
5,Real pond,Probe,0.8545668365346922,0.8545668365346922,1.0,0.921581061086451,0.6461608842948638,0.14543316160995912
6,Real nfix,NTP,0.7039337474120083,0.7298410829899941,0.9164818920916482,0.8125819134993447,0.653285030259629,0.2224745224342068
7,Real nfix,Probe,0.7111801242236024,0.7226890756302521,0.9534368070953437,0.8221797323135756,0.6205719523045443,0.12205235499267757
