,Test setting,Type,Accuracy,Precision,Recall,F1,AUROC,ECE
0,Syn. pond,NTP,0.5201298701298701,0.4072348588654426,0.964935064935065,0.5727500481788398,0.711910840782594,0.44720571216208027
1,Syn. pond,Probe,0.6824675324675324,0.5178833904948554,0.6863636363636364,0.590337894442893,0.768428908753584,0.12355293228818429
2,Syn. nfix,NTP,0.473645137342242,0.375,0.8685968819599109,0.5238415043653458,0.6144550374254095,0.42922429935834167
3,Syn. nfix,Probe,0.7015590200445434,0.6230366492146597,0.2650334075723831,0.371875,0.6793158268064147,0.07332002755710415
4,Real pond,NTP,0.8613741688494861,0.8737985791893021,0.980309423347398,0.923994697304463,0.6513175816791674,0.11186004276113187
5,Real pond,Probe,0.8595607495466452,0.8595607495466452,1.0,0.9244771914616968,0.6231817964742069,0.14043924489311033
6,Real nfix,NTP,0.7880496054114995,0.823841059602649,0.9187592319054653,0.8687150837988827,0.79154533305198,0.1410475429156669
7,Real nfix,Probe,0.2593010146561443,0.8571428571428571,0.03545051698670606,0.06808510638297872,0.6954631778856298,0.5754474764130425
