,Test setting,Type,Accuracy,Precision,Recall,F1,AUROC,ECE
0,Syn. pond,NTP,0.7461038961038962,0.7818740399385561,0.33051948051948055,0.464628023733455,0.8095394459436667,0.07114006391014839
1,Syn. pond,Probe,0.7142857142857143,0.710727969348659,0.2409090909090909,0.35984481086323955,0.7438503541912632,0.09654628929210626
2,Syn. nfix,NTP,0.680029695619896,0.7045454545454546,0.06904231625835189,0.1257606490872211,0.655935486431119,0.18402592859278644
3,Syn. nfix,Probe,0.6711210096510765,0.5258620689655172,0.1358574610244989,0.21592920353982298,0.6944645611876925,0.118445170285381
4,Real pond,NTP,0.6244178613825222,0.7918523233609166,0.24731610337972168,0.3769125890016664,0.7387654817589985,0.18437699461521642
5,Real pond,Probe,0.6330015523696466,0.642998585572843,0.4518886679920477,0.5307647402218331,0.661196492720757,0.07737224671239132
6,Real nfix,NTP,0.8328059071729957,0.5879120879120879,0.16066066066066065,0.2523584905660377,0.758828646304654,0.02671562517548122
7,Real nfix,Probe,0.821993670886076,0.4676258992805755,0.09759759759759759,0.16149068322981366,0.6129565265841658,0.07216835855058042
