,Test setting,Type,Accuracy,Precision,Recall,F1,AUROC,ECE
0,Syn. pond,NTP,0.7461038961038962,0.7818740399385561,0.33051948051948055,0.464628023733455,0.8095394459436667,0.07114006391014839
1,Syn. pond,Probe,0.7054112554112554,0.5414543770264011,0.759090909090909,0.6320627196539604,0.7946427517287907,0.14941589600069063
2,Syn. nfix,NTP,0.680029695619896,0.7045454545454546,0.06904231625835189,0.1257606490872211,0.655935486431119,0.18402592859278644
3,Syn. nfix,Probe,0.6867112100965108,0.5483870967741935,0.34075723830734966,0.42032967032967034,0.7022472606782705,0.054629437405227216
4,Real pond,NTP,0.6244178613825222,0.7918523233609166,0.24731610337972168,0.3769125890016664,0.7387654817589985,0.18437699461521642
5,Real pond,Probe,0.6711715825038809,0.6130716885583162,0.7701789264413519,0.6827033218785796,0.7485686623377451,0.07132273961062267
6,Real nfix,NTP,0.8328059071729957,0.5879120879120879,0.16066066066066065,0.2523584905660377,0.758828646304654,0.02671562517548122
7,Real nfix,Probe,0.7278481012658228,0.2623376623376623,0.3033033033033033,0.28133704735376047,0.567297143592729,0.18461141725145633
