,Test setting,Type,Accuracy,Precision,Recall,F1,AUROC,ECE
0,Syn. pond,NTP,0.7461038961038962,0.7818740399385561,0.33051948051948055,0.464628023733455,0.8095394459436667,0.07114006391014839
1,Syn. pond,Probe,0.8341991341991342,0.7506476683937824,0.7525974025974026,0.751621271076524,0.8927082981953112,0.08693269921623999
2,Syn. nfix,NTP,0.680029695619896,0.7045454545454546,0.06904231625835189,0.1257606490872211,0.655935486431119,0.18402592859278644
3,Syn. nfix,Probe,0.6391982182628062,0.4509283819628647,0.37861915367483295,0.41162227602905566,0.6174436138709629,0.10272585238875057
4,Real pond,NTP,0.6384411835458264,0.8443627450980392,0.3336561743341404,0.47830614370010416,0.7985822851031716,0.19889620917188108
5,Real pond,Probe,0.6588886216021169,0.643078283945157,0.7041162227602905,0.6722145168747111,0.7365117431099217,0.08646162968804597
6,Real nfix,NTP,0.7536008230452675,0.5495750708215298,0.13179347826086957,0.21260273972602742,0.6590971841344236,0.09418169717217856
7,Real nfix,Probe,0.473079561042524,0.2662773722627737,0.6195652173913043,0.3724729426179293,0.529521870013961,0.28382385973704555
