,Test setting,Type,Accuracy,Precision,Recall,F1,AUROC,ECE
0,Syn. pond,NTP,0.7461038961038962,0.7818740399385561,0.33051948051948055,0.464628023733455,0.8095394459436667,0.07114006391014839
1,Syn. pond,Probe,0.8443722943722943,0.7194013896312133,0.874025974025974,0.7892113749633539,0.9185238868274584,0.06352549350873446
2,Syn. nfix,NTP,0.680029695619896,0.7045454545454546,0.06904231625835189,0.1257606490872211,0.655935486431119,0.18402592859278644
3,Syn. nfix,Probe,0.6540460282108389,0.47079037800687284,0.3051224944320713,0.37027027027027026,0.6615778195544665,0.1507508546147665
4,Real pond,NTP,0.6384411835458264,0.8443627450980392,0.3336561743341404,0.47830614370010416,0.7985822851031716,0.19889620917188108
5,Real pond,Probe,0.7009862881885975,0.6726890756302522,0.7753026634382567,0.7203599550056243,0.7727170033194597,0.09734621850662599
6,Real nfix,NTP,0.7536008230452675,0.5495750708215298,0.13179347826086957,0.21260273972602742,0.6590971841344236,0.09418169717217856
7,Real nfix,Probe,0.4663923182441701,0.25226586102719034,0.5672554347826086,0.34922626516102045,0.5055105080773833,0.33865208355526644
