,Test setting,Type,Accuracy,Precision,Recall,F1,AUROC,ECE
0,Syn. pond,NTP,0.7976190476190477,0.7835051546391752,0.5428571428571428,0.6413502109704642,0.87404273486254,0.1769111736223285
1,Syn. pond,Probe,0.8718614718614719,0.8505917159763313,0.7467532467532467,0.7952973720608576,0.9222701973351324,0.05560260564936034
2,Syn. nfix,NTP,0.6755753526354863,0.6764705882352942,0.051224944320712694,0.09523809523809525,0.6453576619163595,0.31292172091561904
3,Syn. nfix,Probe,0.6867112100965108,0.576271186440678,0.22717149220489977,0.3258785942492013,0.6944025575269963,0.09339474304566794
4,Real pond,NTP,0.6632693061544492,0.9406270847231488,0.6467889908256881,0.7665126393041588,0.7853934320828901,0.3061000490305515
5,Real pond,Probe,0.8545668365346922,0.8545668365346922,1.0,0.921581061086451,0.7931402853680853,0.14543313978948214
6,Real nfix,NTP,0.6335403726708074,0.8728323699421965,0.5580192165558019,0.6807935076645627,0.7724834596438286,0.3161242417793384
7,Real nfix,Probe,0.7453416149068323,0.7475560667050029,0.9608277900960828,0.8408796895213453,0.7375333009100228,0.1618067912454034
