,Test setting,Type,Accuracy,Precision,Recall,F1,AUROC,ECE
0,Syn. pond,NTP,0.7976190476190477,0.7835051546391752,0.5428571428571428,0.6413502109704642,0.87404273486254,0.1769111736223285
1,Syn. pond,Probe,0.8084415584415584,0.8812572759022119,0.4915584415584416,0.6310962901208838,0.8826530612244897,0.09044460689392585
2,Syn. nfix,NTP,0.6755753526354863,0.6764705882352942,0.051224944320712694,0.09523809523809525,0.6453576619163595,0.31292172091561904
3,Syn. nfix,Probe,0.6926503340757239,0.5573770491803278,0.37861915367483295,0.4509283819628648,0.6770762545820705,0.08464447109015273
4,Real pond,NTP,0.6471892000805964,0.9299145299145299,0.6375996249413971,0.756501182033097,0.7444254090096125,0.322259249927786
5,Real pond,Probe,0.8611726778158372,0.8873727528698289,0.9603844350679793,0.9224361139254756,0.6796329591491497,0.06267759702533254
6,Real nfix,NTP,0.6888387824126269,0.9018036072144289,0.6646971935007385,0.7653061224489796,0.7742385876063866,0.2742976939531957
7,Real nfix,Probe,0.7733934611048479,0.771689497716895,0.9985228951255539,0.8705730843528654,0.7382429485826827,0.17861931930621364
