threshold,n_kept,recovery,validity,method,curve,is_highlight,analysis_config_id,calibration_config_id,train_dataset,test_dataset,extraction_id,judge_combine_id,ground_truth_file,extraction_file,fuzzy_threshold,n_excluded_documents,n_gt,n_ext,invalid_reason,n_kept_mean
0.0,4762,0.5415584415584416,0.5390592188156237,probe,observed,False,2026-10-08-decision-threshold-gemma27b-qwen-2.5-7b-intercept-fit-sample-01,2026-10-08-calibration-v4-gemma27b-qwen-2.5-7b-intercept-fit-sample-01,pond,pond,2026-09-22-pond-extraction-gemma27b-parseqty-standardization-valueonly-01,2026-09-27-pond-extraction-gemma27b-parseqty-standardization-valueonly-judge-combine-01,data/pond/ground_truth_review.json,experiments/results/pond/extraction/2026-09-22-pond-extraction-gemma27b-parseqty-standardization-valueonly-01/postprocessed.json,0.577,48,1540,4762,,
0.05,4499,0.5383116883116883,0.5656812625027784,probe,observed,False,2026-10-08-decision-threshold-gemma27b-qwen-2.5-7b-intercept-fit-sample-01,2026-10-08-calibration-v4-gemma27b-qwen-2.5-7b-intercept-fit-sample-01,pond,pond,2026-09-22-pond-extraction-gemma27b-parseqty-standardization-valueonly-01,2026-09-27-pond-extraction-gemma27b-parseqty-standardization-valueonly-judge-combine-01,data/pond/ground_truth_review.json,experiments/results/pond/extraction/2026-09-22-pond-extraction-gemma27b-parseqty-standardization-valueonly-01/postprocessed.json,0.577,48,1540,4762,,
0.1,4114,0.5363636363636364,0.6001458434613515,probe,observed,False,2026-10-08-decision-threshold-gemma27b-qwen-2.5-7b-intercept-fit-sample-01,2026-10-08-calibration-v4-gemma27b-qwen-2.5-7b-intercept-fit-sample-01,pond,pond,2026-09-22-pond-extraction-gemma27b-parseqty-standardization-valueonly-01,2026-09-27-pond-extraction-gemma27b-parseqty-standardization-valueonly-judge-combine-01,data/pond/ground_truth_review.json,experiments/results/pond/extraction/2026-09-22-pond-extraction-gemma27b-parseqty-standardization-valueonly-01/postprocessed.json,0.577,48,1540,4762,,
0.15,3828,0.5227272727272727,0.624085684430512,probe,observed,False,2026-10-08-decision-threshold-gemma27b-qwen-2.5-7b-intercept-fit-sample-01,2026-10-08-calibration-v4-gemma27b-qwen-2.5-7b-intercept-fit-sample-01,pond,pond,2026-09-22-pond-extraction-gemma27b-parseqty-standardization-valueonly-01,2026-09-27-pond-extraction-gemma27b-parseqty-standardization-valueonly-judge-combine-01,data/pond/ground_truth_review.json,experiments/results/pond/extraction/2026-09-22-pond-extraction-gemma27b-parseqty-standardization-valueonly-01/postprocessed.json,0.577,48,1540,4762,,
0.2,3549,0.5058441558441559,0.6494787264018034,probe,observed,False,2026-10-08-decision-threshold-gemma27b-qwen-2.5-7b-intercept-fit-sample-01,2026-10-08-calibration-v4-gemma27b-qwen-2.5-7b-intercept-fit-sample-01,pond,pond,2026-09-22-pond-extraction-gemma27b-parseqty-standardization-valueonly-01,2026-09-27-pond-extraction-gemma27b-parseqty-standardization-valueonly-judge-combine-01,data/pond/ground_truth_review.json,experiments/results/pond/extraction/2026-09-22-pond-extraction-gemma27b-parseqty-standardization-valueonly-01/postprocessed.json,0.577,48,1540,4762,,
0.25,3326,0.4863636363636364,0.669573060733614,probe,observed,False,2026-10-08-decision-threshold-gemma27b-qwen-2.5-7b-intercept-fit-sample-01,2026-10-08-calibration-v4-gemma27b-qwen-2.5-7b-intercept-fit-sample-01,pond,pond,2026-09-22-pond-extraction-gemma27b-parseqty-standardization-valueonly-01,2026-09-27-pond-extraction-gemma27b-parseqty-standardization-valueonly-judge-combine-01,data/pond/ground_truth_review.json,experiments/results/pond/extraction/2026-09-22-pond-extraction-gemma27b-parseqty-standardization-valueonly-01/postprocessed.json,0.577,48,1540,4762,,
0.3,3110,0.4681818181818182,0.6884244372990354,probe,observed,False,2026-10-08-decision-threshold-gemma27b-qwen-2.5-7b-intercept-fit-sample-01,2026-10-08-calibration-v4-gemma27b-qwen-2.5-7b-intercept-fit-sample-01,pond,pond,2026-09-22-pond-extraction-gemma27b-parseqty-standardization-valueonly-01,2026-09-27-pond-extraction-gemma27b-parseqty-standardization-valueonly-judge-combine-01,data/pond/ground_truth_review.json,experiments/results/pond/extraction/2026-09-22-pond-extraction-gemma27b-parseqty-standardization-valueonly-01/postprocessed.json,0.577,48,1540,4762,,
0.35,2891,0.4538961038961039,0.7049463853337945,probe,observed,False,2026-10-08-decision-threshold-gemma27b-qwen-2.5-7b-intercept-fit-sample-01,2026-10-08-calibration-v4-gemma27b-qwen-2.5-7b-intercept-fit-sample-01,pond,pond,2026-09-22-pond-extraction-gemma27b-parseqty-standardization-valueonly-01,2026-09-27-pond-extraction-gemma27b-parseqty-standardization-valueonly-judge-combine-01,data/pond/ground_truth_review.json,experiments/results/pond/extraction/2026-09-22-pond-extraction-gemma27b-parseqty-standardization-valueonly-01/postprocessed.json,0.577,48,1540,4762,,
0.4,2673,0.43506493506493504,0.7261503928170595,probe,observed,False,2026-10-08-decision-threshold-gemma27b-qwen-2.5-7b-intercept-fit-sample-01,2026-10-08-calibration-v4-gemma27b-qwen-2.5-7b-intercept-fit-sample-01,pond,pond,2026-09-22-pond-extraction-gemma27b-parseqty-standardization-valueonly-01,2026-09-27-pond-extraction-gemma27b-parseqty-standardization-valueonly-judge-combine-01,data/pond/ground_truth_review.json,experiments/results/pond/extraction/2026-09-22-pond-extraction-gemma27b-parseqty-standardization-valueonly-01/postprocessed.json,0.577,48,1540,4762,,
0.45,2482,0.41363636363636364,0.7352941176470589,probe,observed,False,2026-10-08-decision-threshold-gemma27b-qwen-2.5-7b-intercept-fit-sample-01,2026-10-08-calibration-v4-gemma27b-qwen-2.5-7b-intercept-fit-sample-01,pond,pond,2026-09-22-pond-extraction-gemma27b-parseqty-standardization-valueonly-01,2026-09-27-pond-extraction-gemma27b-parseqty-standardization-valueonly-judge-combine-01,data/pond/ground_truth_review.json,experiments/results/pond/extraction/2026-09-22-pond-extraction-gemma27b-parseqty-standardization-valueonly-01/postprocessed.json,0.577,48,1540,4762,,
0.5,2231,0.39155844155844155,0.7579560735096369,probe,observed,True,2026-10-08-decision-threshold-gemma27b-qwen-2.5-7b-intercept-fit-sample-01,2026-10-08-calibration-v4-gemma27b-qwen-2.5-7b-intercept-fit-sample-01,pond,pond,2026-09-22-pond-extraction-gemma27b-parseqty-standardization-valueonly-01,2026-09-27-pond-extraction-gemma27b-parseqty-standardization-valueonly-judge-combine-01,data/pond/ground_truth_review.json,experiments/results/pond/extraction/2026-09-22-pond-extraction-gemma27b-parseqty-standardization-valueonly-01/postprocessed.json,0.577,48,1540,4762,,
0.55,2017,0.36818181818181817,0.7803668815071889,probe,observed,False,2026-10-08-decision-threshold-gemma27b-qwen-2.5-7b-intercept-fit-sample-01,2026-10-08-calibration-v4-gemma27b-qwen-2.5-7b-intercept-fit-sample-01,pond,pond,2026-09-22-pond-extraction-gemma27b-parseqty-standardization-valueonly-01,2026-09-27-pond-extraction-gemma27b-parseqty-standardization-valueonly-judge-combine-01,data/pond/ground_truth_review.json,experiments/results/pond/extraction/2026-09-22-pond-extraction-gemma27b-parseqty-standardization-valueonly-01/postprocessed.json,0.577,48,1540,4762,,
0.6,1767,0.34155844155844156,0.8126768534238823,probe,observed,False,2026-10-08-decision-threshold-gemma27b-qwen-2.5-7b-intercept-fit-sample-01,2026-10-08-calibration-v4-gemma27b-qwen-2.5-7b-intercept-fit-sample-01,pond,pond,2026-09-22-pond-extraction-gemma27b-parseqty-standardization-valueonly-01,2026-09-27-pond-extraction-gemma27b-parseqty-standardization-valueonly-judge-combine-01,data/pond/ground_truth_review.json,experiments/results/pond/extraction/2026-09-22-pond-extraction-gemma27b-parseqty-standardization-valueonly-01/postprocessed.json,0.577,48,1540,4762,,
0.65,1525,0.3103896103896104,0.8347540983606557,probe,observed,False,2026-10-08-decision-threshold-gemma27b-qwen-2.5-7b-intercept-fit-sample-01,2026-10-08-calibration-v4-gemma27b-qwen-2.5-7b-intercept-fit-sample-01,pond,pond,2026-09-22-pond-extraction-gemma27b-parseqty-standardization-valueonly-01,2026-09-27-pond-extraction-gemma27b-parseqty-standardization-valueonly-judge-combine-01,data/pond/ground_truth_review.json,experiments/results/pond/extraction/2026-09-22-pond-extraction-gemma27b-parseqty-standardization-valueonly-01/postprocessed.json,0.577,48,1540,4762,,
0.7,1275,0.2818181818181818,0.8549019607843137,probe,observed,False,2026-10-08-decision-threshold-gemma27b-qwen-2.5-7b-intercept-fit-sample-01,2026-10-08-calibration-v4-gemma27b-qwen-2.5-7b-intercept-fit-sample-01,pond,pond,2026-09-22-pond-extraction-gemma27b-parseqty-standardization-valueonly-01,2026-09-27-pond-extraction-gemma27b-parseqty-standardization-valueonly-judge-combine-01,data/pond/ground_truth_review.json,experiments/results/pond/extraction/2026-09-22-pond-extraction-gemma27b-parseqty-standardization-valueonly-01/postprocessed.json,0.577,48,1540,4762,,
0.75,989,0.2409090909090909,0.8806875631951466,probe,observed,False,2026-10-08-decision-threshold-gemma27b-qwen-2.5-7b-intercept-fit-sample-01,2026-10-08-calibration-v4-gemma27b-qwen-2.5-7b-intercept-fit-sample-01,pond,pond,2026-09-22-pond-extraction-gemma27b-parseqty-standardization-valueonly-01,2026-09-27-pond-extraction-gemma27b-parseqty-standardization-valueonly-judge-combine-01,data/pond/ground_truth_review.json,experiments/results/pond/extraction/2026-09-22-pond-extraction-gemma27b-parseqty-standardization-valueonly-01/postprocessed.json,0.577,48,1540,4762,,
0.8,704,0.18701298701298702,0.8963068181818182,probe,observed,False,2026-10-08-decision-threshold-gemma27b-qwen-2.5-7b-intercept-fit-sample-01,2026-10-08-calibration-v4-gemma27b-qwen-2.5-7b-intercept-fit-sample-01,pond,pond,2026-09-22-pond-extraction-gemma27b-parseqty-standardization-valueonly-01,2026-09-27-pond-extraction-gemma27b-parseqty-standardization-valueonly-judge-combine-01,data/pond/ground_truth_review.json,experiments/results/pond/extraction/2026-09-22-pond-extraction-gemma27b-parseqty-standardization-valueonly-01/postprocessed.json,0.577,48,1540,4762,,
0.85,448,0.1253246753246753,0.9040178571428571,probe,observed,False,2026-10-08-decision-threshold-gemma27b-qwen-2.5-7b-intercept-fit-sample-01,2026-10-08-calibration-v4-gemma27b-qwen-2.5-7b-intercept-fit-sample-01,pond,pond,2026-09-22-pond-extraction-gemma27b-parseqty-standardization-valueonly-01,2026-09-27-pond-extraction-gemma27b-parseqty-standardization-valueonly-judge-combine-01,data/pond/ground_truth_review.json,experiments/results/pond/extraction/2026-09-22-pond-extraction-gemma27b-parseqty-standardization-valueonly-01/postprocessed.json,0.577,48,1540,4762,,
0.9,212,0.06818181818181818,0.9198113207547169,probe,observed,False,2026-10-08-decision-threshold-gemma27b-qwen-2.5-7b-intercept-fit-sample-01,2026-10-08-calibration-v4-gemma27b-qwen-2.5-7b-intercept-fit-sample-01,pond,pond,2026-09-22-pond-extraction-gemma27b-parseqty-standardization-valueonly-01,2026-09-27-pond-extraction-gemma27b-parseqty-standardization-valueonly-judge-combine-01,data/pond/ground_truth_review.json,experiments/results/pond/extraction/2026-09-22-pond-extraction-gemma27b-parseqty-standardization-valueonly-01/postprocessed.json,0.577,48,1540,4762,,
0.95,59,0.02987012987012987,0.9661016949152542,probe,observed,False,2026-10-08-decision-threshold-gemma27b-qwen-2.5-7b-intercept-fit-sample-01,2026-10-08-calibration-v4-gemma27b-qwen-2.5-7b-intercept-fit-sample-01,pond,pond,2026-09-22-pond-extraction-gemma27b-parseqty-standardization-valueonly-01,2026-09-27-pond-extraction-gemma27b-parseqty-standardization-valueonly-judge-combine-01,data/pond/ground_truth_review.json,experiments/results/pond/extraction/2026-09-22-pond-extraction-gemma27b-parseqty-standardization-valueonly-01/postprocessed.json,0.577,48,1540,4762,,
1.0,0,0.0,,probe,observed,False,2026-10-08-decision-threshold-gemma27b-qwen-2.5-7b-intercept-fit-sample-01,2026-10-08-calibration-v4-gemma27b-qwen-2.5-7b-intercept-fit-sample-01,pond,pond,2026-09-22-pond-extraction-gemma27b-parseqty-standardization-valueonly-01,2026-09-27-pond-extraction-gemma27b-parseqty-standardization-valueonly-judge-combine-01,data/pond/ground_truth_review.json,experiments/results/pond/extraction/2026-09-22-pond-extraction-gemma27b-parseqty-standardization-valueonly-01/postprocessed.json,0.577,48,1540,4762,,
0.0,,0.5415584415584428,0.5390592188156235,probe,permuted_mean,False,2026-10-08-decision-threshold-gemma27b-qwen-2.5-7b-intercept-fit-sample-01,2026-10-08-calibration-v4-gemma27b-qwen-2.5-7b-intercept-fit-sample-01,pond,pond,2026-09-22-pond-extraction-gemma27b-parseqty-standardization-valueonly-01,2026-09-27-pond-extraction-gemma27b-parseqty-standardization-valueonly-judge-combine-01,data/pond/ground_truth_review.json,experiments/results/pond/extraction/2026-09-22-pond-extraction-gemma27b-parseqty-standardization-valueonly-01/postprocessed.json,0.577,48,1540,4762,,4762.0
0.05,,0.5216493506493507,0.5392524911802014,probe,permuted_mean,False,2026-10-08-decision-threshold-gemma27b-qwen-2.5-7b-intercept-fit-sample-01,2026-10-08-calibration-v4-gemma27b-qwen-2.5-7b-intercept-fit-sample-01,pond,pond,2026-09-22-pond-extraction-gemma27b-parseqty-standardization-valueonly-01,2026-09-27-pond-extraction-gemma27b-parseqty-standardization-valueonly-judge-combine-01,data/pond/ground_truth_review.json,experiments/results/pond/extraction/2026-09-22-pond-extraction-gemma27b-parseqty-standardization-valueonly-01/postprocessed.json,0.577,48,1540,4762,,4516.92
0.1,,0.4899285714285716,0.5389805078460832,probe,permuted_mean,False,2026-10-08-decision-threshold-gemma27b-qwen-2.5-7b-intercept-fit-sample-01,2026-10-08-calibration-v4-gemma27b-qwen-2.5-7b-intercept-fit-sample-01,pond,pond,2026-09-22-pond-extraction-gemma27b-parseqty-standardization-valueonly-01,2026-09-27-pond-extraction-gemma27b-parseqty-standardization-valueonly-judge-combine-01,data/pond/ground_truth_review.json,experiments/results/pond/extraction/2026-09-22-pond-extraction-gemma27b-parseqty-standardization-valueonly-01/postprocessed.json,0.577,48,1540,4762,,4134.25
0.15,,0.4653376623376623,0.5391719107675818,probe,permuted_mean,False,2026-10-08-decision-threshold-gemma27b-qwen-2.5-7b-intercept-fit-sample-01,2026-10-08-calibration-v4-gemma27b-qwen-2.5-7b-intercept-fit-sample-01,pond,pond,2026-09-22-pond-extraction-gemma27b-parseqty-standardization-valueonly-01,2026-09-27-pond-extraction-gemma27b-parseqty-standardization-valueonly-judge-combine-01,data/pond/ground_truth_review.json,experiments/results/pond/extraction/2026-09-22-pond-extraction-gemma27b-parseqty-standardization-valueonly-01/postprocessed.json,0.577,48,1540,4762,,3845.77
0.2,,0.44084415584415604,0.5391200596227957,probe,permuted_mean,False,2026-10-08-decision-threshold-gemma27b-qwen-2.5-7b-intercept-fit-sample-01,2026-10-08-calibration-v4-gemma27b-qwen-2.5-7b-intercept-fit-sample-01,pond,pond,2026-09-22-pond-extraction-gemma27b-parseqty-standardization-valueonly-01,2026-09-27-pond-extraction-gemma27b-parseqty-standardization-valueonly-judge-combine-01,data/pond/ground_truth_review.json,experiments/results/pond/extraction/2026-09-22-pond-extraction-gemma27b-parseqty-standardization-valueonly-01/postprocessed.json,0.577,48,1540,4762,,3564.76
0.25,,0.42079220779220783,0.5391662834185054,probe,permuted_mean,False,2026-10-08-decision-threshold-gemma27b-qwen-2.5-7b-intercept-fit-sample-01,2026-10-08-calibration-v4-gemma27b-qwen-2.5-7b-intercept-fit-sample-01,pond,pond,2026-09-22-pond-extraction-gemma27b-parseqty-standardization-valueonly-01,2026-09-27-pond-extraction-gemma27b-parseqty-standardization-valueonly-judge-combine-01,data/pond/ground_truth_review.json,experiments/results/pond/extraction/2026-09-22-pond-extraction-gemma27b-parseqty-standardization-valueonly-01/postprocessed.json,0.577,48,1540,4762,,3339.94
0.3,,0.40033766233766216,0.5390769222754963,probe,permuted_mean,False,2026-10-08-decision-threshold-gemma27b-qwen-2.5-7b-intercept-fit-sample-01,2026-10-08-calibration-v4-gemma27b-qwen-2.5-7b-intercept-fit-sample-01,pond,pond,2026-09-22-pond-extraction-gemma27b-parseqty-standardization-valueonly-01,2026-09-27-pond-extraction-gemma27b-parseqty-standardization-valueonly-judge-combine-01,data/pond/ground_truth_review.json,experiments/results/pond/extraction/2026-09-22-pond-extraction-gemma27b-parseqty-standardization-valueonly-01/postprocessed.json,0.577,48,1540,4762,,3122.25
0.35,,0.37862337662337675,0.5391631462291415,probe,permuted_mean,False,2026-10-08-decision-threshold-gemma27b-qwen-2.5-7b-intercept-fit-sample-01,2026-10-08-calibration-v4-gemma27b-qwen-2.5-7b-intercept-fit-sample-01,pond,pond,2026-09-22-pond-extraction-gemma27b-parseqty-standardization-valueonly-01,2026-09-27-pond-extraction-gemma27b-parseqty-standardization-valueonly-judge-combine-01,data/pond/ground_truth_review.json,experiments/results/pond/extraction/2026-09-22-pond-extraction-gemma27b-parseqty-standardization-valueonly-01/postprocessed.json,0.577,48,1540,4762,,2901.61
0.4,,0.35646753246753266,0.5392735030847395,probe,permuted_mean,False,2026-10-08-decision-threshold-gemma27b-qwen-2.5-7b-intercept-fit-sample-01,2026-10-08-calibration-v4-gemma27b-qwen-2.5-7b-intercept-fit-sample-01,pond,pond,2026-09-22-pond-extraction-gemma27b-parseqty-standardization-valueonly-01,2026-09-27-pond-extraction-gemma27b-parseqty-standardization-valueonly-judge-combine-01,data/pond/ground_truth_review.json,experiments/results/pond/extraction/2026-09-22-pond-extraction-gemma27b-parseqty-standardization-valueonly-01/postprocessed.json,0.577,48,1540,4762,,2681.78
0.45,,0.33724025974025956,0.5393698868283834,probe,permuted_mean,False,2026-10-08-decision-threshold-gemma27b-qwen-2.5-7b-intercept-fit-sample-01,2026-10-08-calibration-v4-gemma27b-qwen-2.5-7b-intercept-fit-sample-01,pond,pond,2026-09-22-pond-extraction-gemma27b-parseqty-standardization-valueonly-01,2026-09-27-pond-extraction-gemma27b-parseqty-standardization-valueonly-judge-combine-01,data/pond/ground_truth_review.json,experiments/results/pond/extraction/2026-09-22-pond-extraction-gemma27b-parseqty-standardization-valueonly-01/postprocessed.json,0.577,48,1540,4762,,2489.52
0.5,,0.31064935064935056,0.5399364631196275,probe,permuted_mean,True,2026-10-08-decision-threshold-gemma27b-qwen-2.5-7b-intercept-fit-sample-01,2026-10-08-calibration-v4-gemma27b-qwen-2.5-7b-intercept-fit-sample-01,pond,pond,2026-09-22-pond-extraction-gemma27b-parseqty-standardization-valueonly-01,2026-09-27-pond-extraction-gemma27b-parseqty-standardization-valueonly-judge-combine-01,data/pond/ground_truth_review.json,experiments/results/pond/extraction/2026-09-22-pond-extraction-gemma27b-parseqty-standardization-valueonly-01/postprocessed.json,0.577,48,1540,4762,,2236.08
0.55,,0.28740909090909084,0.539772927095661,probe,permuted_mean,False,2026-10-08-decision-threshold-gemma27b-qwen-2.5-7b-intercept-fit-sample-01,2026-10-08-calibration-v4-gemma27b-qwen-2.5-7b-intercept-fit-sample-01,pond,pond,2026-09-22-pond-extraction-gemma27b-parseqty-standardization-valueonly-01,2026-09-27-pond-extraction-gemma27b-parseqty-standardization-valueonly-judge-combine-01,data/pond/ground_truth_review.json,experiments/results/pond/extraction/2026-09-22-pond-extraction-gemma27b-parseqty-standardization-valueonly-01/postprocessed.json,0.577,48,1540,4762,,2020.17
0.6,,0.2604480519480518,0.5403541627474315,probe,permuted_mean,False,2026-10-08-decision-threshold-gemma27b-qwen-2.5-7b-intercept-fit-sample-01,2026-10-08-calibration-v4-gemma27b-qwen-2.5-7b-intercept-fit-sample-01,pond,pond,2026-09-22-pond-extraction-gemma27b-parseqty-standardization-valueonly-01,2026-09-27-pond-extraction-gemma27b-parseqty-standardization-valueonly-judge-combine-01,data/pond/ground_truth_review.json,experiments/results/pond/extraction/2026-09-22-pond-extraction-gemma27b-parseqty-standardization-valueonly-01/postprocessed.json,0.577,48,1540,4762,,1768.37
0.65,,0.23168831168831158,0.5403474667427348,probe,permuted_mean,False,2026-10-08-decision-threshold-gemma27b-qwen-2.5-7b-intercept-fit-sample-01,2026-10-08-calibration-v4-gemma27b-qwen-2.5-7b-intercept-fit-sample-01,pond,pond,2026-09-22-pond-extraction-gemma27b-parseqty-standardization-valueonly-01,2026-09-27-pond-extraction-gemma27b-parseqty-standardization-valueonly-judge-combine-01,data/pond/ground_truth_review.json,experiments/results/pond/extraction/2026-09-22-pond-extraction-gemma27b-parseqty-standardization-valueonly-01/postprocessed.json,0.577,48,1540,4762,,1525.31
0.7,,0.2008441558441558,0.5398119524037516,probe,permuted_mean,False,2026-10-08-decision-threshold-gemma27b-qwen-2.5-7b-intercept-fit-sample-01,2026-10-08-calibration-v4-gemma27b-qwen-2.5-7b-intercept-fit-sample-01,pond,pond,2026-09-22-pond-extraction-gemma27b-parseqty-standardization-valueonly-01,2026-09-27-pond-extraction-gemma27b-parseqty-standardization-valueonly-judge-combine-01,data/pond/ground_truth_review.json,experiments/results/pond/extraction/2026-09-22-pond-extraction-gemma27b-parseqty-standardization-valueonly-01/postprocessed.json,0.577,48,1540,4762,,1273.7
0.75,,0.1643896103896104,0.5400623722081503,probe,permuted_mean,False,2026-10-08-decision-threshold-gemma27b-qwen-2.5-7b-intercept-fit-sample-01,2026-10-08-calibration-v4-gemma27b-qwen-2.5-7b-intercept-fit-sample-01,pond,pond,2026-09-22-pond-extraction-gemma27b-parseqty-standardization-valueonly-01,2026-09-27-pond-extraction-gemma27b-parseqty-standardization-valueonly-judge-combine-01,data/pond/ground_truth_review.json,experiments/results/pond/extraction/2026-09-22-pond-extraction-gemma27b-parseqty-standardization-valueonly-01/postprocessed.json,0.577,48,1540,4762,,988.41
0.8,,0.12486363636363636,0.5410263428691516,probe,permuted_mean,False,2026-10-08-decision-threshold-gemma27b-qwen-2.5-7b-intercept-fit-sample-01,2026-10-08-calibration-v4-gemma27b-qwen-2.5-7b-intercept-fit-sample-01,pond,pond,2026-09-22-pond-extraction-gemma27b-parseqty-standardization-valueonly-01,2026-09-27-pond-extraction-gemma27b-parseqty-standardization-valueonly-judge-combine-01,data/pond/ground_truth_review.json,experiments/results/pond/extraction/2026-09-22-pond-extraction-gemma27b-parseqty-standardization-valueonly-01/postprocessed.json,0.577,48,1540,4762,,702.27
0.85,,0.08560389610389613,0.5403675566229514,probe,permuted_mean,False,2026-10-08-decision-threshold-gemma27b-qwen-2.5-7b-intercept-fit-sample-01,2026-10-08-calibration-v4-gemma27b-qwen-2.5-7b-intercept-fit-sample-01,pond,pond,2026-09-22-pond-extraction-gemma27b-parseqty-standardization-valueonly-01,2026-09-27-pond-extraction-gemma27b-parseqty-standardization-valueonly-judge-combine-01,data/pond/ground_truth_review.json,experiments/results/pond/extraction/2026-09-22-pond-extraction-gemma27b-parseqty-standardization-valueonly-01/postprocessed.json,0.577,48,1540,4762,,445.26
0.9,,0.044233766233766236,0.5395057336864896,probe,permuted_mean,False,2026-10-08-decision-threshold-gemma27b-qwen-2.5-7b-intercept-fit-sample-01,2026-10-08-calibration-v4-gemma27b-qwen-2.5-7b-intercept-fit-sample-01,pond,pond,2026-09-22-pond-extraction-gemma27b-parseqty-standardization-valueonly-01,2026-09-27-pond-extraction-gemma27b-parseqty-standardization-valueonly-judge-combine-01,data/pond/ground_truth_review.json,experiments/results/pond/extraction/2026-09-22-pond-extraction-gemma27b-parseqty-standardization-valueonly-01/postprocessed.json,0.577,48,1540,4762,,210.29
0.95,,0.013798701298701293,0.5337918530851242,probe,permuted_mean,False,2026-10-08-decision-threshold-gemma27b-qwen-2.5-7b-intercept-fit-sample-01,2026-10-08-calibration-v4-gemma27b-qwen-2.5-7b-intercept-fit-sample-01,pond,pond,2026-09-22-pond-extraction-gemma27b-parseqty-standardization-valueonly-01,2026-09-27-pond-extraction-gemma27b-parseqty-standardization-valueonly-judge-combine-01,data/pond/ground_truth_review.json,experiments/results/pond/extraction/2026-09-22-pond-extraction-gemma27b-parseqty-standardization-valueonly-01/postprocessed.json,0.577,48,1540,4762,,59.37
1.0,,0.0,,probe,permuted_mean,False,2026-10-08-decision-threshold-gemma27b-qwen-2.5-7b-intercept-fit-sample-01,2026-10-08-calibration-v4-gemma27b-qwen-2.5-7b-intercept-fit-sample-01,pond,pond,2026-09-22-pond-extraction-gemma27b-parseqty-standardization-valueonly-01,2026-09-27-pond-extraction-gemma27b-parseqty-standardization-valueonly-judge-combine-01,data/pond/ground_truth_review.json,experiments/results/pond/extraction/2026-09-22-pond-extraction-gemma27b-parseqty-standardization-valueonly-01/postprocessed.json,0.577,48,1540,4762,,0.0
0.0,4762,0.5415584415584416,0.5390592188156237,ntp,observed,False,2026-10-08-decision-threshold-gemma27b-qwen-2.5-7b-intercept-fit-sample-01,2026-10-08-calibration-v4-gemma27b-qwen-2.5-7b-intercept-fit-sample-01,pond,pond,2026-09-22-pond-extraction-gemma27b-parseqty-standardization-valueonly-01,2026-09-27-pond-extraction-gemma27b-parseqty-standardization-valueonly-judge-combine-01,data/pond/ground_truth_review.json,experiments/results/pond/extraction/2026-09-22-pond-extraction-gemma27b-parseqty-standardization-valueonly-01/postprocessed.json,0.577,48,1540,4762,,
0.05,4762,0.5415584415584416,0.5390592188156237,ntp,observed,False,2026-10-08-decision-threshold-gemma27b-qwen-2.5-7b-intercept-fit-sample-01,2026-10-08-calibration-v4-gemma27b-qwen-2.5-7b-intercept-fit-sample-01,pond,pond,2026-09-22-pond-extraction-gemma27b-parseqty-standardization-valueonly-01,2026-09-27-pond-extraction-gemma27b-parseqty-standardization-valueonly-judge-combine-01,data/pond/ground_truth_review.json,experiments/results/pond/extraction/2026-09-22-pond-extraction-gemma27b-parseqty-standardization-valueonly-01/postprocessed.json,0.577,48,1540,4762,,
0.1,4762,0.5415584415584416,0.5390592188156237,ntp,observed,False,2026-10-08-decision-threshold-gemma27b-qwen-2.5-7b-intercept-fit-sample-01,2026-10-08-calibration-v4-gemma27b-qwen-2.5-7b-intercept-fit-sample-01,pond,pond,2026-09-22-pond-extraction-gemma27b-parseqty-standardization-valueonly-01,2026-09-27-pond-extraction-gemma27b-parseqty-standardization-valueonly-judge-combine-01,data/pond/ground_truth_review.json,experiments/results/pond/extraction/2026-09-22-pond-extraction-gemma27b-parseqty-standardization-valueonly-01/postprocessed.json,0.577,48,1540,4762,,
0.15,4762,0.5415584415584416,0.5390592188156237,ntp,observed,False,2026-10-08-decision-threshold-gemma27b-qwen-2.5-7b-intercept-fit-sample-01,2026-10-08-calibration-v4-gemma27b-qwen-2.5-7b-intercept-fit-sample-01,pond,pond,2026-09-22-pond-extraction-gemma27b-parseqty-standardization-valueonly-01,2026-09-27-pond-extraction-gemma27b-parseqty-standardization-valueonly-judge-combine-01,data/pond/ground_truth_review.json,experiments/results/pond/extraction/2026-09-22-pond-extraction-gemma27b-parseqty-standardization-valueonly-01/postprocessed.json,0.577,48,1540,4762,,
0.2,2426,0.42987012987012985,0.7600989282769992,ntp,observed,False,2026-10-08-decision-threshold-gemma27b-qwen-2.5-7b-intercept-fit-sample-01,2026-10-08-calibration-v4-gemma27b-qwen-2.5-7b-intercept-fit-sample-01,pond,pond,2026-09-22-pond-extraction-gemma27b-parseqty-standardization-valueonly-01,2026-09-27-pond-extraction-gemma27b-parseqty-standardization-valueonly-judge-combine-01,data/pond/ground_truth_review.json,experiments/results/pond/extraction/2026-09-22-pond-extraction-gemma27b-parseqty-standardization-valueonly-01/postprocessed.json,0.577,48,1540,4762,,
0.25,2161,0.40194805194805194,0.7746413697362332,ntp,observed,False,2026-10-08-decision-threshold-gemma27b-qwen-2.5-7b-intercept-fit-sample-01,2026-10-08-calibration-v4-gemma27b-qwen-2.5-7b-intercept-fit-sample-01,pond,pond,2026-09-22-pond-extraction-gemma27b-parseqty-standardization-valueonly-01,2026-09-27-pond-extraction-gemma27b-parseqty-standardization-valueonly-judge-combine-01,data/pond/ground_truth_review.json,experiments/results/pond/extraction/2026-09-22-pond-extraction-gemma27b-parseqty-standardization-valueonly-01/postprocessed.json,0.577,48,1540,4762,,
0.3,2040,0.38701298701298703,0.7862745098039216,ntp,observed,False,2026-10-08-decision-threshold-gemma27b-qwen-2.5-7b-intercept-fit-sample-01,2026-10-08-calibration-v4-gemma27b-qwen-2.5-7b-intercept-fit-sample-01,pond,pond,2026-09-22-pond-extraction-gemma27b-parseqty-standardization-valueonly-01,2026-09-27-pond-extraction-gemma27b-parseqty-standardization-valueonly-judge-combine-01,data/pond/ground_truth_review.json,experiments/results/pond/extraction/2026-09-22-pond-extraction-gemma27b-parseqty-standardization-valueonly-01/postprocessed.json,0.577,48,1540,4762,,
0.35,2010,0.38376623376623376,0.7880597014925373,ntp,observed,False,2026-10-08-decision-threshold-gemma27b-qwen-2.5-7b-intercept-fit-sample-01,2026-10-08-calibration-v4-gemma27b-qwen-2.5-7b-intercept-fit-sample-01,pond,pond,2026-09-22-pond-extraction-gemma27b-parseqty-standardization-valueonly-01,2026-09-27-pond-extraction-gemma27b-parseqty-standardization-valueonly-judge-combine-01,data/pond/ground_truth_review.json,experiments/results/pond/extraction/2026-09-22-pond-extraction-gemma27b-parseqty-standardization-valueonly-01/postprocessed.json,0.577,48,1540,4762,,
0.4,1939,0.37727272727272726,0.7947395564724085,ntp,observed,False,2026-10-08-decision-threshold-gemma27b-qwen-2.5-7b-intercept-fit-sample-01,2026-10-08-calibration-v4-gemma27b-qwen-2.5-7b-intercept-fit-sample-01,pond,pond,2026-09-22-pond-extraction-gemma27b-parseqty-standardization-valueonly-01,2026-09-27-pond-extraction-gemma27b-parseqty-standardization-valueonly-judge-combine-01,data/pond/ground_truth_review.json,experiments/results/pond/extraction/2026-09-22-pond-extraction-gemma27b-parseqty-standardization-valueonly-01/postprocessed.json,0.577,48,1540,4762,,
0.45,1939,0.37727272727272726,0.7947395564724085,ntp,observed,False,2026-10-08-decision-threshold-gemma27b-qwen-2.5-7b-intercept-fit-sample-01,2026-10-08-calibration-v4-gemma27b-qwen-2.5-7b-intercept-fit-sample-01,pond,pond,2026-09-22-pond-extraction-gemma27b-parseqty-standardization-valueonly-01,2026-09-27-pond-extraction-gemma27b-parseqty-standardization-valueonly-judge-combine-01,data/pond/ground_truth_review.json,experiments/results/pond/extraction/2026-09-22-pond-extraction-gemma27b-parseqty-standardization-valueonly-01/postprocessed.json,0.577,48,1540,4762,,
0.5,1901,0.37012987012987014,0.7980010520778538,ntp,observed,True,2026-10-08-decision-threshold-gemma27b-qwen-2.5-7b-intercept-fit-sample-01,2026-10-08-calibration-v4-gemma27b-qwen-2.5-7b-intercept-fit-sample-01,pond,pond,2026-09-22-pond-extraction-gemma27b-parseqty-standardization-valueonly-01,2026-09-27-pond-extraction-gemma27b-parseqty-standardization-valueonly-judge-combine-01,data/pond/ground_truth_review.json,experiments/results/pond/extraction/2026-09-22-pond-extraction-gemma27b-parseqty-standardization-valueonly-01/postprocessed.json,0.577,48,1540,4762,,
0.55,1851,0.36233766233766235,0.8011885467314965,ntp,observed,False,2026-10-08-decision-threshold-gemma27b-qwen-2.5-7b-intercept-fit-sample-01,2026-10-08-calibration-v4-gemma27b-qwen-2.5-7b-intercept-fit-sample-01,pond,pond,2026-09-22-pond-extraction-gemma27b-parseqty-standardization-valueonly-01,2026-09-27-pond-extraction-gemma27b-parseqty-standardization-valueonly-judge-combine-01,data/pond/ground_truth_review.json,experiments/results/pond/extraction/2026-09-22-pond-extraction-gemma27b-parseqty-standardization-valueonly-01/postprocessed.json,0.577,48,1540,4762,,
0.6,1810,0.35909090909090907,0.8044198895027624,ntp,observed,False,2026-10-08-decision-threshold-gemma27b-qwen-2.5-7b-intercept-fit-sample-01,2026-10-08-calibration-v4-gemma27b-qwen-2.5-7b-intercept-fit-sample-01,pond,pond,2026-09-22-pond-extraction-gemma27b-parseqty-standardization-valueonly-01,2026-09-27-pond-extraction-gemma27b-parseqty-standardization-valueonly-judge-combine-01,data/pond/ground_truth_review.json,experiments/results/pond/extraction/2026-09-22-pond-extraction-gemma27b-parseqty-standardization-valueonly-01/postprocessed.json,0.577,48,1540,4762,,
0.65,1810,0.35909090909090907,0.8044198895027624,ntp,observed,False,2026-10-08-decision-threshold-gemma27b-qwen-2.5-7b-intercept-fit-sample-01,2026-10-08-calibration-v4-gemma27b-qwen-2.5-7b-intercept-fit-sample-01,pond,pond,2026-09-22-pond-extraction-gemma27b-parseqty-standardization-valueonly-01,2026-09-27-pond-extraction-gemma27b-parseqty-standardization-valueonly-judge-combine-01,data/pond/ground_truth_review.json,experiments/results/pond/extraction/2026-09-22-pond-extraction-gemma27b-parseqty-standardization-valueonly-01/postprocessed.json,0.577,48,1540,4762,,
0.7,1765,0.34935064935064936,0.806798866855524,ntp,observed,False,2026-10-08-decision-threshold-gemma27b-qwen-2.5-7b-intercept-fit-sample-01,2026-10-08-calibration-v4-gemma27b-qwen-2.5-7b-intercept-fit-sample-01,pond,pond,2026-09-22-pond-extraction-gemma27b-parseqty-standardization-valueonly-01,2026-09-27-pond-extraction-gemma27b-parseqty-standardization-valueonly-judge-combine-01,data/pond/ground_truth_review.json,experiments/results/pond/extraction/2026-09-22-pond-extraction-gemma27b-parseqty-standardization-valueonly-01/postprocessed.json,0.577,48,1540,4762,,
0.75,1723,0.34285714285714286,0.8142774230992456,ntp,observed,False,2026-10-08-decision-threshold-gemma27b-qwen-2.5-7b-intercept-fit-sample-01,2026-10-08-calibration-v4-gemma27b-qwen-2.5-7b-intercept-fit-sample-01,pond,pond,2026-09-22-pond-extraction-gemma27b-parseqty-standardization-valueonly-01,2026-09-27-pond-extraction-gemma27b-parseqty-standardization-valueonly-judge-combine-01,data/pond/ground_truth_review.json,experiments/results/pond/extraction/2026-09-22-pond-extraction-gemma27b-parseqty-standardization-valueonly-01/postprocessed.json,0.577,48,1540,4762,,
0.8,1702,0.337012987012987,0.8149236192714454,ntp,observed,False,2026-10-08-decision-threshold-gemma27b-qwen-2.5-7b-intercept-fit-sample-01,2026-10-08-calibration-v4-gemma27b-qwen-2.5-7b-intercept-fit-sample-01,pond,pond,2026-09-22-pond-extraction-gemma27b-parseqty-standardization-valueonly-01,2026-09-27-pond-extraction-gemma27b-parseqty-standardization-valueonly-judge-combine-01,data/pond/ground_truth_review.json,experiments/results/pond/extraction/2026-09-22-pond-extraction-gemma27b-parseqty-standardization-valueonly-01/postprocessed.json,0.577,48,1540,4762,,
0.85,1668,0.32792207792207795,0.8195443645083933,ntp,observed,False,2026-10-08-decision-threshold-gemma27b-qwen-2.5-7b-intercept-fit-sample-01,2026-10-08-calibration-v4-gemma27b-qwen-2.5-7b-intercept-fit-sample-01,pond,pond,2026-09-22-pond-extraction-gemma27b-parseqty-standardization-valueonly-01,2026-09-27-pond-extraction-gemma27b-parseqty-standardization-valueonly-judge-combine-01,data/pond/ground_truth_review.json,experiments/results/pond/extraction/2026-09-22-pond-extraction-gemma27b-parseqty-standardization-valueonly-01/postprocessed.json,0.577,48,1540,4762,,
0.9,1621,0.3233766233766234,0.8204811844540407,ntp,observed,False,2026-10-08-decision-threshold-gemma27b-qwen-2.5-7b-intercept-fit-sample-01,2026-10-08-calibration-v4-gemma27b-qwen-2.5-7b-intercept-fit-sample-01,pond,pond,2026-09-22-pond-extraction-gemma27b-parseqty-standardization-valueonly-01,2026-09-27-pond-extraction-gemma27b-parseqty-standardization-valueonly-judge-combine-01,data/pond/ground_truth_review.json,experiments/results/pond/extraction/2026-09-22-pond-extraction-gemma27b-parseqty-standardization-valueonly-01/postprocessed.json,0.577,48,1540,4762,,
0.95,1493,0.3038961038961039,0.8285331547220361,ntp,observed,False,2026-10-08-decision-threshold-gemma27b-qwen-2.5-7b-intercept-fit-sample-01,2026-10-08-calibration-v4-gemma27b-qwen-2.5-7b-intercept-fit-sample-01,pond,pond,2026-09-22-pond-extraction-gemma27b-parseqty-standardization-valueonly-01,2026-09-27-pond-extraction-gemma27b-parseqty-standardization-valueonly-judge-combine-01,data/pond/ground_truth_review.json,experiments/results/pond/extraction/2026-09-22-pond-extraction-gemma27b-parseqty-standardization-valueonly-01/postprocessed.json,0.577,48,1540,4762,,
1.0,0,0.0,,ntp,observed,False,2026-10-08-decision-threshold-gemma27b-qwen-2.5-7b-intercept-fit-sample-01,2026-10-08-calibration-v4-gemma27b-qwen-2.5-7b-intercept-fit-sample-01,pond,pond,2026-09-22-pond-extraction-gemma27b-parseqty-standardization-valueonly-01,2026-09-27-pond-extraction-gemma27b-parseqty-standardization-valueonly-judge-combine-01,data/pond/ground_truth_review.json,experiments/results/pond/extraction/2026-09-22-pond-extraction-gemma27b-parseqty-standardization-valueonly-01/postprocessed.json,0.577,48,1540,4762,,
0.0,,0.5415584415584428,0.5390592188156235,ntp,permuted_mean,False,2026-10-08-decision-threshold-gemma27b-qwen-2.5-7b-intercept-fit-sample-01,2026-10-08-calibration-v4-gemma27b-qwen-2.5-7b-intercept-fit-sample-01,pond,pond,2026-09-22-pond-extraction-gemma27b-parseqty-standardization-valueonly-01,2026-09-27-pond-extraction-gemma27b-parseqty-standardization-valueonly-judge-combine-01,data/pond/ground_truth_review.json,experiments/results/pond/extraction/2026-09-22-pond-extraction-gemma27b-parseqty-standardization-valueonly-01/postprocessed.json,0.577,48,1540,4762,,4762.0
0.05,,0.5415584415584428,0.5390592188156235,ntp,permuted_mean,False,2026-10-08-decision-threshold-gemma27b-qwen-2.5-7b-intercept-fit-sample-01,2026-10-08-calibration-v4-gemma27b-qwen-2.5-7b-intercept-fit-sample-01,pond,pond,2026-09-22-pond-extraction-gemma27b-parseqty-standardization-valueonly-01,2026-09-27-pond-extraction-gemma27b-parseqty-standardization-valueonly-judge-combine-01,data/pond/ground_truth_review.json,experiments/results/pond/extraction/2026-09-22-pond-extraction-gemma27b-parseqty-standardization-valueonly-01/postprocessed.json,0.577,48,1540,4762,,4762.0
0.1,,0.5415584415584428,0.5390592188156235,ntp,permuted_mean,False,2026-10-08-decision-threshold-gemma27b-qwen-2.5-7b-intercept-fit-sample-01,2026-10-08-calibration-v4-gemma27b-qwen-2.5-7b-intercept-fit-sample-01,pond,pond,2026-09-22-pond-extraction-gemma27b-parseqty-standardization-valueonly-01,2026-09-27-pond-extraction-gemma27b-parseqty-standardization-valueonly-judge-combine-01,data/pond/ground_truth_review.json,experiments/results/pond/extraction/2026-09-22-pond-extraction-gemma27b-parseqty-standardization-valueonly-01/postprocessed.json,0.577,48,1540,4762,,4762.0
0.15,,0.5415584415584428,0.5390592188156235,ntp,permuted_mean,False,2026-10-08-decision-threshold-gemma27b-qwen-2.5-7b-intercept-fit-sample-01,2026-10-08-calibration-v4-gemma27b-qwen-2.5-7b-intercept-fit-sample-01,pond,pond,2026-09-22-pond-extraction-gemma27b-parseqty-standardization-valueonly-01,2026-09-27-pond-extraction-gemma27b-parseqty-standardization-valueonly-judge-combine-01,data/pond/ground_truth_review.json,experiments/results/pond/extraction/2026-09-22-pond-extraction-gemma27b-parseqty-standardization-valueonly-01/postprocessed.json,0.577,48,1540,4762,,4762.0
0.2,,0.33163636363636373,0.5392949398613831,ntp,permuted_mean,False,2026-10-08-decision-threshold-gemma27b-qwen-2.5-7b-intercept-fit-sample-01,2026-10-08-calibration-v4-gemma27b-qwen-2.5-7b-intercept-fit-sample-01,pond,pond,2026-09-22-pond-extraction-gemma27b-parseqty-standardization-valueonly-01,2026-09-27-pond-extraction-gemma27b-parseqty-standardization-valueonly-judge-combine-01,data/pond/ground_truth_review.json,experiments/results/pond/extraction/2026-09-22-pond-extraction-gemma27b-parseqty-standardization-valueonly-01/postprocessed.json,0.577,48,1540,4762,,2432.16
0.25,,0.3035974025974026,0.5397478775103177,ntp,permuted_mean,False,2026-10-08-decision-threshold-gemma27b-qwen-2.5-7b-intercept-fit-sample-01,2026-10-08-calibration-v4-gemma27b-qwen-2.5-7b-intercept-fit-sample-01,pond,pond,2026-09-22-pond-extraction-gemma27b-parseqty-standardization-valueonly-01,2026-09-27-pond-extraction-gemma27b-parseqty-standardization-valueonly-judge-combine-01,data/pond/ground_truth_review.json,experiments/results/pond/extraction/2026-09-22-pond-extraction-gemma27b-parseqty-standardization-valueonly-01/postprocessed.json,0.577,48,1540,4762,,2165.37
0.3,,0.2904675324675325,0.5398979223885729,ntp,permuted_mean,False,2026-10-08-decision-threshold-gemma27b-qwen-2.5-7b-intercept-fit-sample-01,2026-10-08-calibration-v4-gemma27b-qwen-2.5-7b-intercept-fit-sample-01,pond,pond,2026-09-22-pond-extraction-gemma27b-parseqty-standardization-valueonly-01,2026-09-27-pond-extraction-gemma27b-parseqty-standardization-valueonly-judge-combine-01,data/pond/ground_truth_review.json,experiments/results/pond/extraction/2026-09-22-pond-extraction-gemma27b-parseqty-standardization-valueonly-01/postprocessed.json,0.577,48,1540,4762,,2044.64
0.35,,0.2872207792207791,0.5400394505596693,ntp,permuted_mean,False,2026-10-08-decision-threshold-gemma27b-qwen-2.5-7b-intercept-fit-sample-01,2026-10-08-calibration-v4-gemma27b-qwen-2.5-7b-intercept-fit-sample-01,pond,pond,2026-09-22-pond-extraction-gemma27b-parseqty-standardization-valueonly-01,2026-09-27-pond-extraction-gemma27b-parseqty-standardization-valueonly-judge-combine-01,data/pond/ground_truth_review.json,experiments/results/pond/extraction/2026-09-22-pond-extraction-gemma27b-parseqty-standardization-valueonly-01/postprocessed.json,0.577,48,1540,4762,,2014.46
0.4,,0.27965584415584416,0.5399123626984942,ntp,permuted_mean,False,2026-10-08-decision-threshold-gemma27b-qwen-2.5-7b-intercept-fit-sample-01,2026-10-08-calibration-v4-gemma27b-qwen-2.5-7b-intercept-fit-sample-01,pond,pond,2026-09-22-pond-extraction-gemma27b-parseqty-standardization-valueonly-01,2026-09-27-pond-extraction-gemma27b-parseqty-standardization-valueonly-judge-combine-01,data/pond/ground_truth_review.json,experiments/results/pond/extraction/2026-09-22-pond-extraction-gemma27b-parseqty-standardization-valueonly-01/postprocessed.json,0.577,48,1540,4762,,1942.98
0.45,,0.27965584415584416,0.5399123626984942,ntp,permuted_mean,False,2026-10-08-decision-threshold-gemma27b-qwen-2.5-7b-intercept-fit-sample-01,2026-10-08-calibration-v4-gemma27b-qwen-2.5-7b-intercept-fit-sample-01,pond,pond,2026-09-22-pond-extraction-gemma27b-parseqty-standardization-valueonly-01,2026-09-27-pond-extraction-gemma27b-parseqty-standardization-valueonly-judge-combine-01,data/pond/ground_truth_review.json,experiments/results/pond/extraction/2026-09-22-pond-extraction-gemma27b-parseqty-standardization-valueonly-01/postprocessed.json,0.577,48,1540,4762,,1942.98
0.5,,0.27538961038961046,0.5399493119842207,ntp,permuted_mean,True,2026-10-08-decision-threshold-gemma27b-qwen-2.5-7b-intercept-fit-sample-01,2026-10-08-calibration-v4-gemma27b-qwen-2.5-7b-intercept-fit-sample-01,pond,pond,2026-09-22-pond-extraction-gemma27b-parseqty-standardization-valueonly-01,2026-09-27-pond-extraction-gemma27b-parseqty-standardization-valueonly-judge-combine-01,data/pond/ground_truth_review.json,experiments/results/pond/extraction/2026-09-22-pond-extraction-gemma27b-parseqty-standardization-valueonly-01/postprocessed.json,0.577,48,1540,4762,,1904.62
0.55,,0.269577922077922,0.540133987815505,ntp,permuted_mean,False,2026-10-08-decision-threshold-gemma27b-qwen-2.5-7b-intercept-fit-sample-01,2026-10-08-calibration-v4-gemma27b-qwen-2.5-7b-intercept-fit-sample-01,pond,pond,2026-09-22-pond-extraction-gemma27b-parseqty-standardization-valueonly-01,2026-09-27-pond-extraction-gemma27b-parseqty-standardization-valueonly-judge-combine-01,data/pond/ground_truth_review.json,experiments/results/pond/extraction/2026-09-22-pond-extraction-gemma27b-parseqty-standardization-valueonly-01/postprocessed.json,0.577,48,1540,4762,,1854.35
0.6,,0.26496753246753246,0.539829307104739,ntp,permuted_mean,False,2026-10-08-decision-threshold-gemma27b-qwen-2.5-7b-intercept-fit-sample-01,2026-10-08-calibration-v4-gemma27b-qwen-2.5-7b-intercept-fit-sample-01,pond,pond,2026-09-22-pond-extraction-gemma27b-parseqty-standardization-valueonly-01,2026-09-27-pond-extraction-gemma27b-parseqty-standardization-valueonly-judge-combine-01,data/pond/ground_truth_review.json,experiments/results/pond/extraction/2026-09-22-pond-extraction-gemma27b-parseqty-standardization-valueonly-01/postprocessed.json,0.577,48,1540,4762,,1813.03
0.65,,0.26496753246753246,0.539829307104739,ntp,permuted_mean,False,2026-10-08-decision-threshold-gemma27b-qwen-2.5-7b-intercept-fit-sample-01,2026-10-08-calibration-v4-gemma27b-qwen-2.5-7b-intercept-fit-sample-01,pond,pond,2026-09-22-pond-extraction-gemma27b-parseqty-standardization-valueonly-01,2026-09-27-pond-extraction-gemma27b-parseqty-standardization-valueonly-judge-combine-01,data/pond/ground_truth_review.json,experiments/results/pond/extraction/2026-09-22-pond-extraction-gemma27b-parseqty-standardization-valueonly-01/postprocessed.json,0.577,48,1540,4762,,1813.03
0.7,,0.25970129870129866,0.5396931521889935,ntp,permuted_mean,False,2026-10-08-decision-threshold-gemma27b-qwen-2.5-7b-intercept-fit-sample-01,2026-10-08-calibration-v4-gemma27b-qwen-2.5-7b-intercept-fit-sample-01,pond,pond,2026-09-22-pond-extraction-gemma27b-parseqty-standardization-valueonly-01,2026-09-27-pond-extraction-gemma27b-parseqty-standardization-valueonly-judge-combine-01,data/pond/ground_truth_review.json,experiments/results/pond/extraction/2026-09-22-pond-extraction-gemma27b-parseqty-standardization-valueonly-01/postprocessed.json,0.577,48,1540,4762,,1767.74
0.75,,0.2551233766233766,0.5397491699042611,ntp,permuted_mean,False,2026-10-08-decision-threshold-gemma27b-qwen-2.5-7b-intercept-fit-sample-01,2026-10-08-calibration-v4-gemma27b-qwen-2.5-7b-intercept-fit-sample-01,pond,pond,2026-09-22-pond-extraction-gemma27b-parseqty-standardization-valueonly-01,2026-09-27-pond-extraction-gemma27b-parseqty-standardization-valueonly-judge-combine-01,data/pond/ground_truth_review.json,experiments/results/pond/extraction/2026-09-22-pond-extraction-gemma27b-parseqty-standardization-valueonly-01/postprocessed.json,0.577,48,1540,4762,,1725.41
0.8,,0.25266883116883126,0.5398846093331291,ntp,permuted_mean,False,2026-10-08-decision-threshold-gemma27b-qwen-2.5-7b-intercept-fit-sample-01,2026-10-08-calibration-v4-gemma27b-qwen-2.5-7b-intercept-fit-sample-01,pond,pond,2026-09-22-pond-extraction-gemma27b-parseqty-standardization-valueonly-01,2026-09-27-pond-extraction-gemma27b-parseqty-standardization-valueonly-judge-combine-01,data/pond/ground_truth_review.json,experiments/results/pond/extraction/2026-09-22-pond-extraction-gemma27b-parseqty-standardization-valueonly-01/postprocessed.json,0.577,48,1540,4762,,1704.23
0.85,,0.24885714285714283,0.539788012806093,ntp,permuted_mean,False,2026-10-08-decision-threshold-gemma27b-qwen-2.5-7b-intercept-fit-sample-01,2026-10-08-calibration-v4-gemma27b-qwen-2.5-7b-intercept-fit-sample-01,pond,pond,2026-09-22-pond-extraction-gemma27b-parseqty-standardization-valueonly-01,2026-09-27-pond-extraction-gemma27b-parseqty-standardization-valueonly-judge-combine-01,data/pond/ground_truth_review.json,experiments/results/pond/extraction/2026-09-22-pond-extraction-gemma27b-parseqty-standardization-valueonly-01/postprocessed.json,0.577,48,1540,4762,,1669.93
0.9,,0.24364935064935073,0.5401792737059586,ntp,permuted_mean,False,2026-10-08-decision-threshold-gemma27b-qwen-2.5-7b-intercept-fit-sample-01,2026-10-08-calibration-v4-gemma27b-qwen-2.5-7b-intercept-fit-sample-01,pond,pond,2026-09-22-pond-extraction-gemma27b-parseqty-standardization-valueonly-01,2026-09-27-pond-extraction-gemma27b-parseqty-standardization-valueonly-judge-combine-01,data/pond/ground_truth_review.json,experiments/results/pond/extraction/2026-09-22-pond-extraction-gemma27b-parseqty-standardization-valueonly-01/postprocessed.json,0.577,48,1540,4762,,1622.53
0.95,,0.2283181818181819,0.5402431373283832,ntp,permuted_mean,False,2026-10-08-decision-threshold-gemma27b-qwen-2.5-7b-intercept-fit-sample-01,2026-10-08-calibration-v4-gemma27b-qwen-2.5-7b-intercept-fit-sample-01,pond,pond,2026-09-22-pond-extraction-gemma27b-parseqty-standardization-valueonly-01,2026-09-27-pond-extraction-gemma27b-parseqty-standardization-valueonly-judge-combine-01,data/pond/ground_truth_review.json,experiments/results/pond/extraction/2026-09-22-pond-extraction-gemma27b-parseqty-standardization-valueonly-01/postprocessed.json,0.577,48,1540,4762,,1493.32
1.0,,0.0,,ntp,permuted_mean,False,2026-10-08-decision-threshold-gemma27b-qwen-2.5-7b-intercept-fit-sample-01,2026-10-08-calibration-v4-gemma27b-qwen-2.5-7b-intercept-fit-sample-01,pond,pond,2026-09-22-pond-extraction-gemma27b-parseqty-standardization-valueonly-01,2026-09-27-pond-extraction-gemma27b-parseqty-standardization-valueonly-judge-combine-01,data/pond/ground_truth_review.json,experiments/results/pond/extraction/2026-09-22-pond-extraction-gemma27b-parseqty-standardization-valueonly-01/postprocessed.json,0.577,48,1540,4762,,0.0
0.0,2907,0.4048913043478261,0.3164774681802546,probe,observed,False,2026-10-08-decision-threshold-gemma27b-qwen-2.5-7b-intercept-fit-sample-01,2026-10-08-calibration-v4-gemma27b-qwen-2.5-7b-intercept-fit-sample-01,nfix,nfix,2026-09-21-nfix-extraction-gemma27b-full-01,2026-09-27-nfix-extraction-gemma27b-judge-combine-01,data/nfix/ground_truth_review.json,experiments/results/nfix/extraction/2026-09-21-nfix-extraction-gemma27b-full-01/postprocessed.json,0.532,49,368,2907,,
0.05,2084,0.391304347826087,0.4107485604606526,probe,observed,False,2026-10-08-decision-threshold-gemma27b-qwen-2.5-7b-intercept-fit-sample-01,2026-10-08-calibration-v4-gemma27b-qwen-2.5-7b-intercept-fit-sample-01,nfix,nfix,2026-09-21-nfix-extraction-gemma27b-full-01,2026-09-27-nfix-extraction-gemma27b-judge-combine-01,data/nfix/ground_truth_review.json,experiments/results/nfix/extraction/2026-09-21-nfix-extraction-gemma27b-full-01/postprocessed.json,0.532,49,368,2907,,
0.1,1579,0.3070652173913043,0.44585180493983534,probe,observed,False,2026-10-08-decision-threshold-gemma27b-qwen-2.5-7b-intercept-fit-sample-01,2026-10-08-calibration-v4-gemma27b-qwen-2.5-7b-intercept-fit-sample-01,nfix,nfix,2026-09-21-nfix-extraction-gemma27b-full-01,2026-09-27-nfix-extraction-gemma27b-judge-combine-01,data/nfix/ground_truth_review.json,experiments/results/nfix/extraction/2026-09-21-nfix-extraction-gemma27b-full-01/postprocessed.json,0.532,49,368,2907,,
0.15,1138,0.2554347826086957,0.4771528998242531,probe,observed,False,2026-10-08-decision-threshold-gemma27b-qwen-2.5-7b-intercept-fit-sample-01,2026-10-08-calibration-v4-gemma27b-qwen-2.5-7b-intercept-fit-sample-01,nfix,nfix,2026-09-21-nfix-extraction-gemma27b-full-01,2026-09-27-nfix-extraction-gemma27b-judge-combine-01,data/nfix/ground_truth_review.json,experiments/results/nfix/extraction/2026-09-21-nfix-extraction-gemma27b-full-01/postprocessed.json,0.532,49,368,2907,,
0.2,795,0.1956521739130435,0.5106918238993711,probe,observed,False,2026-10-08-decision-threshold-gemma27b-qwen-2.5-7b-intercept-fit-sample-01,2026-10-08-calibration-v4-gemma27b-qwen-2.5-7b-intercept-fit-sample-01,nfix,nfix,2026-09-21-nfix-extraction-gemma27b-full-01,2026-09-27-nfix-extraction-gemma27b-judge-combine-01,data/nfix/ground_truth_review.json,experiments/results/nfix/extraction/2026-09-21-nfix-extraction-gemma27b-full-01/postprocessed.json,0.532,49,368,2907,,
0.25,550,0.13858695652173914,0.5109090909090909,probe,observed,False,2026-10-08-decision-threshold-gemma27b-qwen-2.5-7b-intercept-fit-sample-01,2026-10-08-calibration-v4-gemma27b-qwen-2.5-7b-intercept-fit-sample-01,nfix,nfix,2026-09-21-nfix-extraction-gemma27b-full-01,2026-09-27-nfix-extraction-gemma27b-judge-combine-01,data/nfix/ground_truth_review.json,experiments/results/nfix/extraction/2026-09-21-nfix-extraction-gemma27b-full-01/postprocessed.json,0.532,49,368,2907,,
0.3,347,0.07065217391304347,0.48703170028818443,probe,observed,False,2026-10-08-decision-threshold-gemma27b-qwen-2.5-7b-intercept-fit-sample-01,2026-10-08-calibration-v4-gemma27b-qwen-2.5-7b-intercept-fit-sample-01,nfix,nfix,2026-09-21-nfix-extraction-gemma27b-full-01,2026-09-27-nfix-extraction-gemma27b-judge-combine-01,data/nfix/ground_truth_review.json,experiments/results/nfix/extraction/2026-09-21-nfix-extraction-gemma27b-full-01/postprocessed.json,0.532,49,368,2907,,
0.35,230,0.03260869565217391,0.4608695652173913,probe,observed,False,2026-10-08-decision-threshold-gemma27b-qwen-2.5-7b-intercept-fit-sample-01,2026-10-08-calibration-v4-gemma27b-qwen-2.5-7b-intercept-fit-sample-01,nfix,nfix,2026-09-21-nfix-extraction-gemma27b-full-01,2026-09-27-nfix-extraction-gemma27b-judge-combine-01,data/nfix/ground_truth_review.json,experiments/results/nfix/extraction/2026-09-21-nfix-extraction-gemma27b-full-01/postprocessed.json,0.532,49,368,2907,,
0.4,150,0.01358695652173913,0.41333333333333333,probe,observed,False,2026-10-08-decision-threshold-gemma27b-qwen-2.5-7b-intercept-fit-sample-01,2026-10-08-calibration-v4-gemma27b-qwen-2.5-7b-intercept-fit-sample-01,nfix,nfix,2026-09-21-nfix-extraction-gemma27b-full-01,2026-09-27-nfix-extraction-gemma27b-judge-combine-01,data/nfix/ground_truth_review.json,experiments/results/nfix/extraction/2026-09-21-nfix-extraction-gemma27b-full-01/postprocessed.json,0.532,49,368,2907,,
0.45,102,0.005434782608695652,0.4411764705882353,probe,observed,False,2026-10-08-decision-threshold-gemma27b-qwen-2.5-7b-intercept-fit-sample-01,2026-10-08-calibration-v4-gemma27b-qwen-2.5-7b-intercept-fit-sample-01,nfix,nfix,2026-09-21-nfix-extraction-gemma27b-full-01,2026-09-27-nfix-extraction-gemma27b-judge-combine-01,data/nfix/ground_truth_review.json,experiments/results/nfix/extraction/2026-09-21-nfix-extraction-gemma27b-full-01/postprocessed.json,0.532,49,368,2907,,
0.5,63,0.002717391304347826,0.4444444444444444,probe,observed,True,2026-10-08-decision-threshold-gemma27b-qwen-2.5-7b-intercept-fit-sample-01,2026-10-08-calibration-v4-gemma27b-qwen-2.5-7b-intercept-fit-sample-01,nfix,nfix,2026-09-21-nfix-extraction-gemma27b-full-01,2026-09-27-nfix-extraction-gemma27b-judge-combine-01,data/nfix/ground_truth_review.json,experiments/results/nfix/extraction/2026-09-21-nfix-extraction-gemma27b-full-01/postprocessed.json,0.532,49,368,2907,,
0.55,36,0.0,0.5277777777777778,probe,observed,False,2026-10-08-decision-threshold-gemma27b-qwen-2.5-7b-intercept-fit-sample-01,2026-10-08-calibration-v4-gemma27b-qwen-2.5-7b-intercept-fit-sample-01,nfix,nfix,2026-09-21-nfix-extraction-gemma27b-full-01,2026-09-27-nfix-extraction-gemma27b-judge-combine-01,data/nfix/ground_truth_review.json,experiments/results/nfix/extraction/2026-09-21-nfix-extraction-gemma27b-full-01/postprocessed.json,0.532,49,368,2907,,
0.6,26,0.0,0.46153846153846156,probe,observed,False,2026-10-08-decision-threshold-gemma27b-qwen-2.5-7b-intercept-fit-sample-01,2026-10-08-calibration-v4-gemma27b-qwen-2.5-7b-intercept-fit-sample-01,nfix,nfix,2026-09-21-nfix-extraction-gemma27b-full-01,2026-09-27-nfix-extraction-gemma27b-judge-combine-01,data/nfix/ground_truth_review.json,experiments/results/nfix/extraction/2026-09-21-nfix-extraction-gemma27b-full-01/postprocessed.json,0.532,49,368,2907,,
0.65,7,0.0,0.2857142857142857,probe,observed,False,2026-10-08-decision-threshold-gemma27b-qwen-2.5-7b-intercept-fit-sample-01,2026-10-08-calibration-v4-gemma27b-qwen-2.5-7b-intercept-fit-sample-01,nfix,nfix,2026-09-21-nfix-extraction-gemma27b-full-01,2026-09-27-nfix-extraction-gemma27b-judge-combine-01,data/nfix/ground_truth_review.json,experiments/results/nfix/extraction/2026-09-21-nfix-extraction-gemma27b-full-01/postprocessed.json,0.532,49,368,2907,,
0.7,3,0.0,0.0,probe,observed,False,2026-10-08-decision-threshold-gemma27b-qwen-2.5-7b-intercept-fit-sample-01,2026-10-08-calibration-v4-gemma27b-qwen-2.5-7b-intercept-fit-sample-01,nfix,nfix,2026-09-21-nfix-extraction-gemma27b-full-01,2026-09-27-nfix-extraction-gemma27b-judge-combine-01,data/nfix/ground_truth_review.json,experiments/results/nfix/extraction/2026-09-21-nfix-extraction-gemma27b-full-01/postprocessed.json,0.532,49,368,2907,,
0.75,3,0.0,0.0,probe,observed,False,2026-10-08-decision-threshold-gemma27b-qwen-2.5-7b-intercept-fit-sample-01,2026-10-08-calibration-v4-gemma27b-qwen-2.5-7b-intercept-fit-sample-01,nfix,nfix,2026-09-21-nfix-extraction-gemma27b-full-01,2026-09-27-nfix-extraction-gemma27b-judge-combine-01,data/nfix/ground_truth_review.json,experiments/results/nfix/extraction/2026-09-21-nfix-extraction-gemma27b-full-01/postprocessed.json,0.532,49,368,2907,,
0.8,0,0.0,,probe,observed,False,2026-10-08-decision-threshold-gemma27b-qwen-2.5-7b-intercept-fit-sample-01,2026-10-08-calibration-v4-gemma27b-qwen-2.5-7b-intercept-fit-sample-01,nfix,nfix,2026-09-21-nfix-extraction-gemma27b-full-01,2026-09-27-nfix-extraction-gemma27b-judge-combine-01,data/nfix/ground_truth_review.json,experiments/results/nfix/extraction/2026-09-21-nfix-extraction-gemma27b-full-01/postprocessed.json,0.532,49,368,2907,,
0.85,0,0.0,,probe,observed,False,2026-10-08-decision-threshold-gemma27b-qwen-2.5-7b-intercept-fit-sample-01,2026-10-08-calibration-v4-gemma27b-qwen-2.5-7b-intercept-fit-sample-01,nfix,nfix,2026-09-21-nfix-extraction-gemma27b-full-01,2026-09-27-nfix-extraction-gemma27b-judge-combine-01,data/nfix/ground_truth_review.json,experiments/results/nfix/extraction/2026-09-21-nfix-extraction-gemma27b-full-01/postprocessed.json,0.532,49,368,2907,,
0.9,0,0.0,,probe,observed,False,2026-10-08-decision-threshold-gemma27b-qwen-2.5-7b-intercept-fit-sample-01,2026-10-08-calibration-v4-gemma27b-qwen-2.5-7b-intercept-fit-sample-01,nfix,nfix,2026-09-21-nfix-extraction-gemma27b-full-01,2026-09-27-nfix-extraction-gemma27b-judge-combine-01,data/nfix/ground_truth_review.json,experiments/results/nfix/extraction/2026-09-21-nfix-extraction-gemma27b-full-01/postprocessed.json,0.532,49,368,2907,,
0.95,0,0.0,,probe,observed,False,2026-10-08-decision-threshold-gemma27b-qwen-2.5-7b-intercept-fit-sample-01,2026-10-08-calibration-v4-gemma27b-qwen-2.5-7b-intercept-fit-sample-01,nfix,nfix,2026-09-21-nfix-extraction-gemma27b-full-01,2026-09-27-nfix-extraction-gemma27b-judge-combine-01,data/nfix/ground_truth_review.json,experiments/results/nfix/extraction/2026-09-21-nfix-extraction-gemma27b-full-01/postprocessed.json,0.532,49,368,2907,,
1.0,0,0.0,,probe,observed,False,2026-10-08-decision-threshold-gemma27b-qwen-2.5-7b-intercept-fit-sample-01,2026-10-08-calibration-v4-gemma27b-qwen-2.5-7b-intercept-fit-sample-01,nfix,nfix,2026-09-21-nfix-extraction-gemma27b-full-01,2026-09-27-nfix-extraction-gemma27b-judge-combine-01,data/nfix/ground_truth_review.json,experiments/results/nfix/extraction/2026-09-21-nfix-extraction-gemma27b-full-01/postprocessed.json,0.532,49,368,2907,,
0.0,,0.40489130434782583,0.31647746818025535,probe,permuted_mean,False,2026-10-08-decision-threshold-gemma27b-qwen-2.5-7b-intercept-fit-sample-01,2026-10-08-calibration-v4-gemma27b-qwen-2.5-7b-intercept-fit-sample-01,nfix,nfix,2026-09-21-nfix-extraction-gemma27b-full-01,2026-09-27-nfix-extraction-gemma27b-judge-combine-01,data/nfix/ground_truth_review.json,experiments/results/nfix/extraction/2026-09-21-nfix-extraction-gemma27b-full-01/postprocessed.json,0.532,49,368,2907,,2907.0
0.05,,0.332690217391304,0.31589191602572064,probe,permuted_mean,False,2026-10-08-decision-threshold-gemma27b-qwen-2.5-7b-intercept-fit-sample-01,2026-10-08-calibration-v4-gemma27b-qwen-2.5-7b-intercept-fit-sample-01,nfix,nfix,2026-09-21-nfix-extraction-gemma27b-full-01,2026-09-27-nfix-extraction-gemma27b-judge-combine-01,data/nfix/ground_truth_review.json,experiments/results/nfix/extraction/2026-09-21-nfix-extraction-gemma27b-full-01/postprocessed.json,0.532,49,368,2907,,2084.67
0.1,,0.27956521739130447,0.3157905019199782,probe,permuted_mean,False,2026-10-08-decision-threshold-gemma27b-qwen-2.5-7b-intercept-fit-sample-01,2026-10-08-calibration-v4-gemma27b-qwen-2.5-7b-intercept-fit-sample-01,nfix,nfix,2026-09-21-nfix-extraction-gemma27b-full-01,2026-09-27-nfix-extraction-gemma27b-judge-combine-01,data/nfix/ground_truth_review.json,experiments/results/nfix/extraction/2026-09-21-nfix-extraction-gemma27b-full-01/postprocessed.json,0.532,49,368,2907,,1579.53
0.15,,0.22451086956521746,0.31506745966230043,probe,permuted_mean,False,2026-10-08-decision-threshold-gemma27b-qwen-2.5-7b-intercept-fit-sample-01,2026-10-08-calibration-v4-gemma27b-qwen-2.5-7b-intercept-fit-sample-01,nfix,nfix,2026-09-21-nfix-extraction-gemma27b-full-01,2026-09-27-nfix-extraction-gemma27b-judge-combine-01,data/nfix/ground_truth_review.json,experiments/results/nfix/extraction/2026-09-21-nfix-extraction-gemma27b-full-01/postprocessed.json,0.532,49,368,2907,,1138.36
0.2,,0.17225543478260869,0.315527306343036,probe,permuted_mean,False,2026-10-08-decision-threshold-gemma27b-qwen-2.5-7b-intercept-fit-sample-01,2026-10-08-calibration-v4-gemma27b-qwen-2.5-7b-intercept-fit-sample-01,nfix,nfix,2026-09-21-nfix-extraction-gemma27b-full-01,2026-09-27-nfix-extraction-gemma27b-judge-combine-01,data/nfix/ground_truth_review.json,experiments/results/nfix/extraction/2026-09-21-nfix-extraction-gemma27b-full-01/postprocessed.json,0.532,49,368,2907,,795.27
0.25,,0.12945652173913044,0.31498554693944897,probe,permuted_mean,False,2026-10-08-decision-threshold-gemma27b-qwen-2.5-7b-intercept-fit-sample-01,2026-10-08-calibration-v4-gemma27b-qwen-2.5-7b-intercept-fit-sample-01,nfix,nfix,2026-09-21-nfix-extraction-gemma27b-full-01,2026-09-27-nfix-extraction-gemma27b-judge-combine-01,data/nfix/ground_truth_review.json,experiments/results/nfix/extraction/2026-09-21-nfix-extraction-gemma27b-full-01/postprocessed.json,0.532,49,368,2907,,550.15
0.3,,0.08809782608695653,0.31473044817648804,probe,permuted_mean,False,2026-10-08-decision-threshold-gemma27b-qwen-2.5-7b-intercept-fit-sample-01,2026-10-08-calibration-v4-gemma27b-qwen-2.5-7b-intercept-fit-sample-01,nfix,nfix,2026-09-21-nfix-extraction-gemma27b-full-01,2026-09-27-nfix-extraction-gemma27b-judge-combine-01,data/nfix/ground_truth_review.json,experiments/results/nfix/extraction/2026-09-21-nfix-extraction-gemma27b-full-01/postprocessed.json,0.532,49,368,2907,,347.09
0.35,,0.061385869565217355,0.3147361189535103,probe,permuted_mean,False,2026-10-08-decision-threshold-gemma27b-qwen-2.5-7b-intercept-fit-sample-01,2026-10-08-calibration-v4-gemma27b-qwen-2.5-7b-intercept-fit-sample-01,nfix,nfix,2026-09-21-nfix-extraction-gemma27b-full-01,2026-09-27-nfix-extraction-gemma27b-judge-combine-01,data/nfix/ground_truth_review.json,experiments/results/nfix/extraction/2026-09-21-nfix-extraction-gemma27b-full-01/postprocessed.json,0.532,49,368,2907,,230.06
0.4,,0.041847826086956516,0.3123505518763798,probe,permuted_mean,False,2026-10-08-decision-threshold-gemma27b-qwen-2.5-7b-intercept-fit-sample-01,2026-10-08-calibration-v4-gemma27b-qwen-2.5-7b-intercept-fit-sample-01,nfix,nfix,2026-09-21-nfix-extraction-gemma27b-full-01,2026-09-27-nfix-extraction-gemma27b-judge-combine-01,data/nfix/ground_truth_review.json,experiments/results/nfix/extraction/2026-09-21-nfix-extraction-gemma27b-full-01/postprocessed.json,0.532,49,368,2907,,150.05
0.45,,0.028749999999999994,0.3114382257757472,probe,permuted_mean,False,2026-10-08-decision-threshold-gemma27b-qwen-2.5-7b-intercept-fit-sample-01,2026-10-08-calibration-v4-gemma27b-qwen-2.5-7b-intercept-fit-sample-01,nfix,nfix,2026-09-21-nfix-extraction-gemma27b-full-01,2026-09-27-nfix-extraction-gemma27b-judge-combine-01,data/nfix/ground_truth_review.json,experiments/results/nfix/extraction/2026-09-21-nfix-extraction-gemma27b-full-01/postprocessed.json,0.532,49,368,2907,,102.04
0.5,,0.018315217391304345,0.3056076388888884,probe,permuted_mean,True,2026-10-08-decision-threshold-gemma27b-qwen-2.5-7b-intercept-fit-sample-01,2026-10-08-calibration-v4-gemma27b-qwen-2.5-7b-intercept-fit-sample-01,nfix,nfix,2026-09-21-nfix-extraction-gemma27b-full-01,2026-09-27-nfix-extraction-gemma27b-judge-combine-01,data/nfix/ground_truth_review.json,experiments/results/nfix/extraction/2026-09-21-nfix-extraction-gemma27b-full-01/postprocessed.json,0.532,49,368,2907,,63.02
0.55,,0.011059782608695652,0.30493993993993995,probe,permuted_mean,False,2026-10-08-decision-threshold-gemma27b-qwen-2.5-7b-intercept-fit-sample-01,2026-10-08-calibration-v4-gemma27b-qwen-2.5-7b-intercept-fit-sample-01,nfix,nfix,2026-09-21-nfix-extraction-gemma27b-full-01,2026-09-27-nfix-extraction-gemma27b-judge-combine-01,data/nfix/ground_truth_review.json,experiments/results/nfix/extraction/2026-09-21-nfix-extraction-gemma27b-full-01/postprocessed.json,0.532,49,368,2907,,36.01
0.6,,0.00771739130434783,0.301068376068376,probe,permuted_mean,False,2026-10-08-decision-threshold-gemma27b-qwen-2.5-7b-intercept-fit-sample-01,2026-10-08-calibration-v4-gemma27b-qwen-2.5-7b-intercept-fit-sample-01,nfix,nfix,2026-09-21-nfix-extraction-gemma27b-full-01,2026-09-27-nfix-extraction-gemma27b-judge-combine-01,data/nfix/ground_truth_review.json,experiments/results/nfix/extraction/2026-09-21-nfix-extraction-gemma27b-full-01/postprocessed.json,0.532,49,368,2907,,26.01
0.65,,0.0022010869565217404,0.3057142857142854,probe,permuted_mean,False,2026-10-08-decision-threshold-gemma27b-qwen-2.5-7b-intercept-fit-sample-01,2026-10-08-calibration-v4-gemma27b-qwen-2.5-7b-intercept-fit-sample-01,nfix,nfix,2026-09-21-nfix-extraction-gemma27b-full-01,2026-09-27-nfix-extraction-gemma27b-judge-combine-01,data/nfix/ground_truth_review.json,experiments/results/nfix/extraction/2026-09-21-nfix-extraction-gemma27b-full-01/postprocessed.json,0.532,49,368,2907,,7.0
0.7,,0.0010054347826086952,0.32999999999999985,probe,permuted_mean,False,2026-10-08-decision-threshold-gemma27b-qwen-2.5-7b-intercept-fit-sample-01,2026-10-08-calibration-v4-gemma27b-qwen-2.5-7b-intercept-fit-sample-01,nfix,nfix,2026-09-21-nfix-extraction-gemma27b-full-01,2026-09-27-nfix-extraction-gemma27b-judge-combine-01,data/nfix/ground_truth_review.json,experiments/results/nfix/extraction/2026-09-21-nfix-extraction-gemma27b-full-01/postprocessed.json,0.532,49,368,2907,,3.0
0.75,,0.0010054347826086952,0.32999999999999985,probe,permuted_mean,False,2026-10-08-decision-threshold-gemma27b-qwen-2.5-7b-intercept-fit-sample-01,2026-10-08-calibration-v4-gemma27b-qwen-2.5-7b-intercept-fit-sample-01,nfix,nfix,2026-09-21-nfix-extraction-gemma27b-full-01,2026-09-27-nfix-extraction-gemma27b-judge-combine-01,data/nfix/ground_truth_review.json,experiments/results/nfix/extraction/2026-09-21-nfix-extraction-gemma27b-full-01/postprocessed.json,0.532,49,368,2907,,3.0
0.8,,0.0,,probe,permuted_mean,False,2026-10-08-decision-threshold-gemma27b-qwen-2.5-7b-intercept-fit-sample-01,2026-10-08-calibration-v4-gemma27b-qwen-2.5-7b-intercept-fit-sample-01,nfix,nfix,2026-09-21-nfix-extraction-gemma27b-full-01,2026-09-27-nfix-extraction-gemma27b-judge-combine-01,data/nfix/ground_truth_review.json,experiments/results/nfix/extraction/2026-09-21-nfix-extraction-gemma27b-full-01/postprocessed.json,0.532,49,368,2907,,0.0
0.85,,0.0,,probe,permuted_mean,False,2026-10-08-decision-threshold-gemma27b-qwen-2.5-7b-intercept-fit-sample-01,2026-10-08-calibration-v4-gemma27b-qwen-2.5-7b-intercept-fit-sample-01,nfix,nfix,2026-09-21-nfix-extraction-gemma27b-full-01,2026-09-27-nfix-extraction-gemma27b-judge-combine-01,data/nfix/ground_truth_review.json,experiments/results/nfix/extraction/2026-09-21-nfix-extraction-gemma27b-full-01/postprocessed.json,0.532,49,368,2907,,0.0
0.9,,0.0,,probe,permuted_mean,False,2026-10-08-decision-threshold-gemma27b-qwen-2.5-7b-intercept-fit-sample-01,2026-10-08-calibration-v4-gemma27b-qwen-2.5-7b-intercept-fit-sample-01,nfix,nfix,2026-09-21-nfix-extraction-gemma27b-full-01,2026-09-27-nfix-extraction-gemma27b-judge-combine-01,data/nfix/ground_truth_review.json,experiments/results/nfix/extraction/2026-09-21-nfix-extraction-gemma27b-full-01/postprocessed.json,0.532,49,368,2907,,0.0
0.95,,0.0,,probe,permuted_mean,False,2026-10-08-decision-threshold-gemma27b-qwen-2.5-7b-intercept-fit-sample-01,2026-10-08-calibration-v4-gemma27b-qwen-2.5-7b-intercept-fit-sample-01,nfix,nfix,2026-09-21-nfix-extraction-gemma27b-full-01,2026-09-27-nfix-extraction-gemma27b-judge-combine-01,data/nfix/ground_truth_review.json,experiments/results/nfix/extraction/2026-09-21-nfix-extraction-gemma27b-full-01/postprocessed.json,0.532,49,368,2907,,0.0
1.0,,0.0,,probe,permuted_mean,False,2026-10-08-decision-threshold-gemma27b-qwen-2.5-7b-intercept-fit-sample-01,2026-10-08-calibration-v4-gemma27b-qwen-2.5-7b-intercept-fit-sample-01,nfix,nfix,2026-09-21-nfix-extraction-gemma27b-full-01,2026-09-27-nfix-extraction-gemma27b-judge-combine-01,data/nfix/ground_truth_review.json,experiments/results/nfix/extraction/2026-09-21-nfix-extraction-gemma27b-full-01/postprocessed.json,0.532,49,368,2907,,0.0
0.0,2907,0.4048913043478261,0.3164774681802546,ntp,observed,False,2026-10-08-decision-threshold-gemma27b-qwen-2.5-7b-intercept-fit-sample-01,2026-10-08-calibration-v4-gemma27b-qwen-2.5-7b-intercept-fit-sample-01,nfix,nfix,2026-09-21-nfix-extraction-gemma27b-full-01,2026-09-27-nfix-extraction-gemma27b-judge-combine-01,data/nfix/ground_truth_review.json,experiments/results/nfix/extraction/2026-09-21-nfix-extraction-gemma27b-full-01/postprocessed.json,0.532,49,368,2907,,
0.05,2907,0.4048913043478261,0.3164774681802546,ntp,observed,False,2026-10-08-decision-threshold-gemma27b-qwen-2.5-7b-intercept-fit-sample-01,2026-10-08-calibration-v4-gemma27b-qwen-2.5-7b-intercept-fit-sample-01,nfix,nfix,2026-09-21-nfix-extraction-gemma27b-full-01,2026-09-27-nfix-extraction-gemma27b-judge-combine-01,data/nfix/ground_truth_review.json,experiments/results/nfix/extraction/2026-09-21-nfix-extraction-gemma27b-full-01/postprocessed.json,0.532,49,368,2907,,
0.1,2907,0.4048913043478261,0.3164774681802546,ntp,observed,False,2026-10-08-decision-threshold-gemma27b-qwen-2.5-7b-intercept-fit-sample-01,2026-10-08-calibration-v4-gemma27b-qwen-2.5-7b-intercept-fit-sample-01,nfix,nfix,2026-09-21-nfix-extraction-gemma27b-full-01,2026-09-27-nfix-extraction-gemma27b-judge-combine-01,data/nfix/ground_truth_review.json,experiments/results/nfix/extraction/2026-09-21-nfix-extraction-gemma27b-full-01/postprocessed.json,0.532,49,368,2907,,
0.15,728,0.16032608695652173,0.5947802197802198,ntp,observed,False,2026-10-08-decision-threshold-gemma27b-qwen-2.5-7b-intercept-fit-sample-01,2026-10-08-calibration-v4-gemma27b-qwen-2.5-7b-intercept-fit-sample-01,nfix,nfix,2026-09-21-nfix-extraction-gemma27b-full-01,2026-09-27-nfix-extraction-gemma27b-judge-combine-01,data/nfix/ground_truth_review.json,experiments/results/nfix/extraction/2026-09-21-nfix-extraction-gemma27b-full-01/postprocessed.json,0.532,49,368,2907,,
0.2,629,0.14673913043478262,0.6422893481717011,ntp,observed,False,2026-10-08-decision-threshold-gemma27b-qwen-2.5-7b-intercept-fit-sample-01,2026-10-08-calibration-v4-gemma27b-qwen-2.5-7b-intercept-fit-sample-01,nfix,nfix,2026-09-21-nfix-extraction-gemma27b-full-01,2026-09-27-nfix-extraction-gemma27b-judge-combine-01,data/nfix/ground_truth_review.json,experiments/results/nfix/extraction/2026-09-21-nfix-extraction-gemma27b-full-01/postprocessed.json,0.532,49,368,2907,,
0.25,578,0.1331521739130435,0.6626297577854672,ntp,observed,False,2026-10-08-decision-threshold-gemma27b-qwen-2.5-7b-intercept-fit-sample-01,2026-10-08-calibration-v4-gemma27b-qwen-2.5-7b-intercept-fit-sample-01,nfix,nfix,2026-09-21-nfix-extraction-gemma27b-full-01,2026-09-27-nfix-extraction-gemma27b-judge-combine-01,data/nfix/ground_truth_review.json,experiments/results/nfix/extraction/2026-09-21-nfix-extraction-gemma27b-full-01/postprocessed.json,0.532,49,368,2907,,
0.3,557,0.13043478260869565,0.6750448833034112,ntp,observed,False,2026-10-08-decision-threshold-gemma27b-qwen-2.5-7b-intercept-fit-sample-01,2026-10-08-calibration-v4-gemma27b-qwen-2.5-7b-intercept-fit-sample-01,nfix,nfix,2026-09-21-nfix-extraction-gemma27b-full-01,2026-09-27-nfix-extraction-gemma27b-judge-combine-01,data/nfix/ground_truth_review.json,experiments/results/nfix/extraction/2026-09-21-nfix-extraction-gemma27b-full-01/postprocessed.json,0.532,49,368,2907,,
0.35,510,0.12228260869565218,0.6882352941176471,ntp,observed,False,2026-10-08-decision-threshold-gemma27b-qwen-2.5-7b-intercept-fit-sample-01,2026-10-08-calibration-v4-gemma27b-qwen-2.5-7b-intercept-fit-sample-01,nfix,nfix,2026-09-21-nfix-extraction-gemma27b-full-01,2026-09-27-nfix-extraction-gemma27b-judge-combine-01,data/nfix/ground_truth_review.json,experiments/results/nfix/extraction/2026-09-21-nfix-extraction-gemma27b-full-01/postprocessed.json,0.532,49,368,2907,,
0.4,465,0.10597826086956522,0.6903225806451613,ntp,observed,False,2026-10-08-decision-threshold-gemma27b-qwen-2.5-7b-intercept-fit-sample-01,2026-10-08-calibration-v4-gemma27b-qwen-2.5-7b-intercept-fit-sample-01,nfix,nfix,2026-09-21-nfix-extraction-gemma27b-full-01,2026-09-27-nfix-extraction-gemma27b-judge-combine-01,data/nfix/ground_truth_review.json,experiments/results/nfix/extraction/2026-09-21-nfix-extraction-gemma27b-full-01/postprocessed.json,0.532,49,368,2907,,
0.45,399,0.08967391304347826,0.7092731829573935,ntp,observed,False,2026-10-08-decision-threshold-gemma27b-qwen-2.5-7b-intercept-fit-sample-01,2026-10-08-calibration-v4-gemma27b-qwen-2.5-7b-intercept-fit-sample-01,nfix,nfix,2026-09-21-nfix-extraction-gemma27b-full-01,2026-09-27-nfix-extraction-gemma27b-judge-combine-01,data/nfix/ground_truth_review.json,experiments/results/nfix/extraction/2026-09-21-nfix-extraction-gemma27b-full-01/postprocessed.json,0.532,49,368,2907,,
0.5,293,0.07336956521739131,0.7098976109215017,ntp,observed,True,2026-10-08-decision-threshold-gemma27b-qwen-2.5-7b-intercept-fit-sample-01,2026-10-08-calibration-v4-gemma27b-qwen-2.5-7b-intercept-fit-sample-01,nfix,nfix,2026-09-21-nfix-extraction-gemma27b-full-01,2026-09-27-nfix-extraction-gemma27b-judge-combine-01,data/nfix/ground_truth_review.json,experiments/results/nfix/extraction/2026-09-21-nfix-extraction-gemma27b-full-01/postprocessed.json,0.532,49,368,2907,,
0.55,0,0.0,,ntp,observed,False,2026-10-08-decision-threshold-gemma27b-qwen-2.5-7b-intercept-fit-sample-01,2026-10-08-calibration-v4-gemma27b-qwen-2.5-7b-intercept-fit-sample-01,nfix,nfix,2026-09-21-nfix-extraction-gemma27b-full-01,2026-09-27-nfix-extraction-gemma27b-judge-combine-01,data/nfix/ground_truth_review.json,experiments/results/nfix/extraction/2026-09-21-nfix-extraction-gemma27b-full-01/postprocessed.json,0.532,49,368,2907,,
0.6,0,0.0,,ntp,observed,False,2026-10-08-decision-threshold-gemma27b-qwen-2.5-7b-intercept-fit-sample-01,2026-10-08-calibration-v4-gemma27b-qwen-2.5-7b-intercept-fit-sample-01,nfix,nfix,2026-09-21-nfix-extraction-gemma27b-full-01,2026-09-27-nfix-extraction-gemma27b-judge-combine-01,data/nfix/ground_truth_review.json,experiments/results/nfix/extraction/2026-09-21-nfix-extraction-gemma27b-full-01/postprocessed.json,0.532,49,368,2907,,
0.65,0,0.0,,ntp,observed,False,2026-10-08-decision-threshold-gemma27b-qwen-2.5-7b-intercept-fit-sample-01,2026-10-08-calibration-v4-gemma27b-qwen-2.5-7b-intercept-fit-sample-01,nfix,nfix,2026-09-21-nfix-extraction-gemma27b-full-01,2026-09-27-nfix-extraction-gemma27b-judge-combine-01,data/nfix/ground_truth_review.json,experiments/results/nfix/extraction/2026-09-21-nfix-extraction-gemma27b-full-01/postprocessed.json,0.532,49,368,2907,,
0.7,0,0.0,,ntp,observed,False,2026-10-08-decision-threshold-gemma27b-qwen-2.5-7b-intercept-fit-sample-01,2026-10-08-calibration-v4-gemma27b-qwen-2.5-7b-intercept-fit-sample-01,nfix,nfix,2026-09-21-nfix-extraction-gemma27b-full-01,2026-09-27-nfix-extraction-gemma27b-judge-combine-01,data/nfix/ground_truth_review.json,experiments/results/nfix/extraction/2026-09-21-nfix-extraction-gemma27b-full-01/postprocessed.json,0.532,49,368,2907,,
0.75,0,0.0,,ntp,observed,False,2026-10-08-decision-threshold-gemma27b-qwen-2.5-7b-intercept-fit-sample-01,2026-10-08-calibration-v4-gemma27b-qwen-2.5-7b-intercept-fit-sample-01,nfix,nfix,2026-09-21-nfix-extraction-gemma27b-full-01,2026-09-27-nfix-extraction-gemma27b-judge-combine-01,data/nfix/ground_truth_review.json,experiments/results/nfix/extraction/2026-09-21-nfix-extraction-gemma27b-full-01/postprocessed.json,0.532,49,368,2907,,
0.8,0,0.0,,ntp,observed,False,2026-10-08-decision-threshold-gemma27b-qwen-2.5-7b-intercept-fit-sample-01,2026-10-08-calibration-v4-gemma27b-qwen-2.5-7b-intercept-fit-sample-01,nfix,nfix,2026-09-21-nfix-extraction-gemma27b-full-01,2026-09-27-nfix-extraction-gemma27b-judge-combine-01,data/nfix/ground_truth_review.json,experiments/results/nfix/extraction/2026-09-21-nfix-extraction-gemma27b-full-01/postprocessed.json,0.532,49,368,2907,,
0.85,0,0.0,,ntp,observed,False,2026-10-08-decision-threshold-gemma27b-qwen-2.5-7b-intercept-fit-sample-01,2026-10-08-calibration-v4-gemma27b-qwen-2.5-7b-intercept-fit-sample-01,nfix,nfix,2026-09-21-nfix-extraction-gemma27b-full-01,2026-09-27-nfix-extraction-gemma27b-judge-combine-01,data/nfix/ground_truth_review.json,experiments/results/nfix/extraction/2026-09-21-nfix-extraction-gemma27b-full-01/postprocessed.json,0.532,49,368,2907,,
0.9,0,0.0,,ntp,observed,False,2026-10-08-decision-threshold-gemma27b-qwen-2.5-7b-intercept-fit-sample-01,2026-10-08-calibration-v4-gemma27b-qwen-2.5-7b-intercept-fit-sample-01,nfix,nfix,2026-09-21-nfix-extraction-gemma27b-full-01,2026-09-27-nfix-extraction-gemma27b-judge-combine-01,data/nfix/ground_truth_review.json,experiments/results/nfix/extraction/2026-09-21-nfix-extraction-gemma27b-full-01/postprocessed.json,0.532,49,368,2907,,
0.95,0,0.0,,ntp,observed,False,2026-10-08-decision-threshold-gemma27b-qwen-2.5-7b-intercept-fit-sample-01,2026-10-08-calibration-v4-gemma27b-qwen-2.5-7b-intercept-fit-sample-01,nfix,nfix,2026-09-21-nfix-extraction-gemma27b-full-01,2026-09-27-nfix-extraction-gemma27b-judge-combine-01,data/nfix/ground_truth_review.json,experiments/results/nfix/extraction/2026-09-21-nfix-extraction-gemma27b-full-01/postprocessed.json,0.532,49,368,2907,,
1.0,0,0.0,,ntp,observed,False,2026-10-08-decision-threshold-gemma27b-qwen-2.5-7b-intercept-fit-sample-01,2026-10-08-calibration-v4-gemma27b-qwen-2.5-7b-intercept-fit-sample-01,nfix,nfix,2026-09-21-nfix-extraction-gemma27b-full-01,2026-09-27-nfix-extraction-gemma27b-judge-combine-01,data/nfix/ground_truth_review.json,experiments/results/nfix/extraction/2026-09-21-nfix-extraction-gemma27b-full-01/postprocessed.json,0.532,49,368,2907,,
0.0,,0.40489130434782583,0.31647746818025535,ntp,permuted_mean,False,2026-10-08-decision-threshold-gemma27b-qwen-2.5-7b-intercept-fit-sample-01,2026-10-08-calibration-v4-gemma27b-qwen-2.5-7b-intercept-fit-sample-01,nfix,nfix,2026-09-21-nfix-extraction-gemma27b-full-01,2026-09-27-nfix-extraction-gemma27b-judge-combine-01,data/nfix/ground_truth_review.json,experiments/results/nfix/extraction/2026-09-21-nfix-extraction-gemma27b-full-01/postprocessed.json,0.532,49,368,2907,,2907.0
0.05,,0.40489130434782583,0.31647746818025535,ntp,permuted_mean,False,2026-10-08-decision-threshold-gemma27b-qwen-2.5-7b-intercept-fit-sample-01,2026-10-08-calibration-v4-gemma27b-qwen-2.5-7b-intercept-fit-sample-01,nfix,nfix,2026-09-21-nfix-extraction-gemma27b-full-01,2026-09-27-nfix-extraction-gemma27b-judge-combine-01,data/nfix/ground_truth_review.json,experiments/results/nfix/extraction/2026-09-21-nfix-extraction-gemma27b-full-01/postprocessed.json,0.532,49,368,2907,,2907.0
0.1,,0.40489130434782583,0.31647746818025535,ntp,permuted_mean,False,2026-10-08-decision-threshold-gemma27b-qwen-2.5-7b-intercept-fit-sample-01,2026-10-08-calibration-v4-gemma27b-qwen-2.5-7b-intercept-fit-sample-01,nfix,nfix,2026-09-21-nfix-extraction-gemma27b-full-01,2026-09-27-nfix-extraction-gemma27b-judge-combine-01,data/nfix/ground_truth_review.json,experiments/results/nfix/extraction/2026-09-21-nfix-extraction-gemma27b-full-01/postprocessed.json,0.532,49,368,2907,,2907.0
0.15,,0.16233695652173918,0.31664492229307045,ntp,permuted_mean,False,2026-10-08-decision-threshold-gemma27b-qwen-2.5-7b-intercept-fit-sample-01,2026-10-08-calibration-v4-gemma27b-qwen-2.5-7b-intercept-fit-sample-01,nfix,nfix,2026-09-21-nfix-extraction-gemma27b-full-01,2026-09-27-nfix-extraction-gemma27b-judge-combine-01,data/nfix/ground_truth_review.json,experiments/results/nfix/extraction/2026-09-21-nfix-extraction-gemma27b-full-01/postprocessed.json,0.532,49,368,2907,,728.2
0.2,,0.14532608695652172,0.31679980821157294,ntp,permuted_mean,False,2026-10-08-decision-threshold-gemma27b-qwen-2.5-7b-intercept-fit-sample-01,2026-10-08-calibration-v4-gemma27b-qwen-2.5-7b-intercept-fit-sample-01,nfix,nfix,2026-09-21-nfix-extraction-gemma27b-full-01,2026-09-27-nfix-extraction-gemma27b-judge-combine-01,data/nfix/ground_truth_review.json,experiments/results/nfix/extraction/2026-09-21-nfix-extraction-gemma27b-full-01/postprocessed.json,0.532,49,368,2907,,629.17
0.25,,0.1358152173913044,0.31692023593954494,ntp,permuted_mean,False,2026-10-08-decision-threshold-gemma27b-qwen-2.5-7b-intercept-fit-sample-01,2026-10-08-calibration-v4-gemma27b-qwen-2.5-7b-intercept-fit-sample-01,nfix,nfix,2026-09-21-nfix-extraction-gemma27b-full-01,2026-09-27-nfix-extraction-gemma27b-judge-combine-01,data/nfix/ground_truth_review.json,experiments/results/nfix/extraction/2026-09-21-nfix-extraction-gemma27b-full-01/postprocessed.json,0.532,49,368,2907,,578.16
0.3,,0.131304347826087,0.3166966210433517,ntp,permuted_mean,False,2026-10-08-decision-threshold-gemma27b-qwen-2.5-7b-intercept-fit-sample-01,2026-10-08-calibration-v4-gemma27b-qwen-2.5-7b-intercept-fit-sample-01,nfix,nfix,2026-09-21-nfix-extraction-gemma27b-full-01,2026-09-27-nfix-extraction-gemma27b-judge-combine-01,data/nfix/ground_truth_review.json,experiments/results/nfix/extraction/2026-09-21-nfix-extraction-gemma27b-full-01/postprocessed.json,0.532,49,368,2907,,557.16
0.35,,0.12288043478260871,0.316808948236829,ntp,permuted_mean,False,2026-10-08-decision-threshold-gemma27b-qwen-2.5-7b-intercept-fit-sample-01,2026-10-08-calibration-v4-gemma27b-qwen-2.5-7b-intercept-fit-sample-01,nfix,nfix,2026-09-21-nfix-extraction-gemma27b-full-01,2026-09-27-nfix-extraction-gemma27b-judge-combine-01,data/nfix/ground_truth_review.json,experiments/results/nfix/extraction/2026-09-21-nfix-extraction-gemma27b-full-01/postprocessed.json,0.532,49,368,2907,,510.15
0.4,,0.11415760869565215,0.3181399695417417,ntp,permuted_mean,False,2026-10-08-decision-threshold-gemma27b-qwen-2.5-7b-intercept-fit-sample-01,2026-10-08-calibration-v4-gemma27b-qwen-2.5-7b-intercept-fit-sample-01,nfix,nfix,2026-09-21-nfix-extraction-gemma27b-full-01,2026-09-27-nfix-extraction-gemma27b-judge-combine-01,data/nfix/ground_truth_review.json,experiments/results/nfix/extraction/2026-09-21-nfix-extraction-gemma27b-full-01/postprocessed.json,0.532,49,368,2907,,465.14
0.45,,0.10002717391304346,0.3187921052631577,ntp,permuted_mean,False,2026-10-08-decision-threshold-gemma27b-qwen-2.5-7b-intercept-fit-sample-01,2026-10-08-calibration-v4-gemma27b-qwen-2.5-7b-intercept-fit-sample-01,nfix,nfix,2026-09-21-nfix-extraction-gemma27b-full-01,2026-09-27-nfix-extraction-gemma27b-judge-combine-01,data/nfix/ground_truth_review.json,experiments/results/nfix/extraction/2026-09-21-nfix-extraction-gemma27b-full-01/postprocessed.json,0.532,49,368,2907,,399.13
0.5,,0.07616847826086959,0.3189343177544055,ntp,permuted_mean,True,2026-10-08-decision-threshold-gemma27b-qwen-2.5-7b-intercept-fit-sample-01,2026-10-08-calibration-v4-gemma27b-qwen-2.5-7b-intercept-fit-sample-01,nfix,nfix,2026-09-21-nfix-extraction-gemma27b-full-01,2026-09-27-nfix-extraction-gemma27b-judge-combine-01,data/nfix/ground_truth_review.json,experiments/results/nfix/extraction/2026-09-21-nfix-extraction-gemma27b-full-01/postprocessed.json,0.532,49,368,2907,,293.1
0.55,,0.0,,ntp,permuted_mean,False,2026-10-08-decision-threshold-gemma27b-qwen-2.5-7b-intercept-fit-sample-01,2026-10-08-calibration-v4-gemma27b-qwen-2.5-7b-intercept-fit-sample-01,nfix,nfix,2026-09-21-nfix-extraction-gemma27b-full-01,2026-09-27-nfix-extraction-gemma27b-judge-combine-01,data/nfix/ground_truth_review.json,experiments/results/nfix/extraction/2026-09-21-nfix-extraction-gemma27b-full-01/postprocessed.json,0.532,49,368,2907,,0.0
0.6,,0.0,,ntp,permuted_mean,False,2026-10-08-decision-threshold-gemma27b-qwen-2.5-7b-intercept-fit-sample-01,2026-10-08-calibration-v4-gemma27b-qwen-2.5-7b-intercept-fit-sample-01,nfix,nfix,2026-09-21-nfix-extraction-gemma27b-full-01,2026-09-27-nfix-extraction-gemma27b-judge-combine-01,data/nfix/ground_truth_review.json,experiments/results/nfix/extraction/2026-09-21-nfix-extraction-gemma27b-full-01/postprocessed.json,0.532,49,368,2907,,0.0
0.65,,0.0,,ntp,permuted_mean,False,2026-10-08-decision-threshold-gemma27b-qwen-2.5-7b-intercept-fit-sample-01,2026-10-08-calibration-v4-gemma27b-qwen-2.5-7b-intercept-fit-sample-01,nfix,nfix,2026-09-21-nfix-extraction-gemma27b-full-01,2026-09-27-nfix-extraction-gemma27b-judge-combine-01,data/nfix/ground_truth_review.json,experiments/results/nfix/extraction/2026-09-21-nfix-extraction-gemma27b-full-01/postprocessed.json,0.532,49,368,2907,,0.0
0.7,,0.0,,ntp,permuted_mean,False,2026-10-08-decision-threshold-gemma27b-qwen-2.5-7b-intercept-fit-sample-01,2026-10-08-calibration-v4-gemma27b-qwen-2.5-7b-intercept-fit-sample-01,nfix,nfix,2026-09-21-nfix-extraction-gemma27b-full-01,2026-09-27-nfix-extraction-gemma27b-judge-combine-01,data/nfix/ground_truth_review.json,experiments/results/nfix/extraction/2026-09-21-nfix-extraction-gemma27b-full-01/postprocessed.json,0.532,49,368,2907,,0.0
0.75,,0.0,,ntp,permuted_mean,False,2026-10-08-decision-threshold-gemma27b-qwen-2.5-7b-intercept-fit-sample-01,2026-10-08-calibration-v4-gemma27b-qwen-2.5-7b-intercept-fit-sample-01,nfix,nfix,2026-09-21-nfix-extraction-gemma27b-full-01,2026-09-27-nfix-extraction-gemma27b-judge-combine-01,data/nfix/ground_truth_review.json,experiments/results/nfix/extraction/2026-09-21-nfix-extraction-gemma27b-full-01/postprocessed.json,0.532,49,368,2907,,0.0
0.8,,0.0,,ntp,permuted_mean,False,2026-10-08-decision-threshold-gemma27b-qwen-2.5-7b-intercept-fit-sample-01,2026-10-08-calibration-v4-gemma27b-qwen-2.5-7b-intercept-fit-sample-01,nfix,nfix,2026-09-21-nfix-extraction-gemma27b-full-01,2026-09-27-nfix-extraction-gemma27b-judge-combine-01,data/nfix/ground_truth_review.json,experiments/results/nfix/extraction/2026-09-21-nfix-extraction-gemma27b-full-01/postprocessed.json,0.532,49,368,2907,,0.0
0.85,,0.0,,ntp,permuted_mean,False,2026-10-08-decision-threshold-gemma27b-qwen-2.5-7b-intercept-fit-sample-01,2026-10-08-calibration-v4-gemma27b-qwen-2.5-7b-intercept-fit-sample-01,nfix,nfix,2026-09-21-nfix-extraction-gemma27b-full-01,2026-09-27-nfix-extraction-gemma27b-judge-combine-01,data/nfix/ground_truth_review.json,experiments/results/nfix/extraction/2026-09-21-nfix-extraction-gemma27b-full-01/postprocessed.json,0.532,49,368,2907,,0.0
0.9,,0.0,,ntp,permuted_mean,False,2026-10-08-decision-threshold-gemma27b-qwen-2.5-7b-intercept-fit-sample-01,2026-10-08-calibration-v4-gemma27b-qwen-2.5-7b-intercept-fit-sample-01,nfix,nfix,2026-09-21-nfix-extraction-gemma27b-full-01,2026-09-27-nfix-extraction-gemma27b-judge-combine-01,data/nfix/ground_truth_review.json,experiments/results/nfix/extraction/2026-09-21-nfix-extraction-gemma27b-full-01/postprocessed.json,0.532,49,368,2907,,0.0
0.95,,0.0,,ntp,permuted_mean,False,2026-10-08-decision-threshold-gemma27b-qwen-2.5-7b-intercept-fit-sample-01,2026-10-08-calibration-v4-gemma27b-qwen-2.5-7b-intercept-fit-sample-01,nfix,nfix,2026-09-21-nfix-extraction-gemma27b-full-01,2026-09-27-nfix-extraction-gemma27b-judge-combine-01,data/nfix/ground_truth_review.json,experiments/results/nfix/extraction/2026-09-21-nfix-extraction-gemma27b-full-01/postprocessed.json,0.532,49,368,2907,,0.0
1.0,,0.0,,ntp,permuted_mean,False,2026-10-08-decision-threshold-gemma27b-qwen-2.5-7b-intercept-fit-sample-01,2026-10-08-calibration-v4-gemma27b-qwen-2.5-7b-intercept-fit-sample-01,nfix,nfix,2026-09-21-nfix-extraction-gemma27b-full-01,2026-09-27-nfix-extraction-gemma27b-judge-combine-01,data/nfix/ground_truth_review.json,experiments/results/nfix/extraction/2026-09-21-nfix-extraction-gemma27b-full-01/postprocessed.json,0.532,49,368,2907,,0.0
0.0,1868,0.3514774494556765,0.4759100642398287,probe,observed,False,2026-10-08-decision-threshold-gemma27b-qwen-2.5-7b-intercept-fit-sample-01,2026-10-08-calibration-v4-gemma27b-qwen-2.5-7b-intercept-fit-sample-01,supermat,supermat,2026-09-21-supermat-extraction-gemma27b-full-01,2026-09-27-supermat-extraction-gemma27b-judge-combine-01,data/supermat/ground_truth_qualifiers.json,experiments/results/supermat/extraction/2026-09-21-supermat-extraction-gemma27b-full-01/postprocessed.json,0.547,54,643,1868,"calibration predictions use the pre-v3s supermat probe/test split, which does not match the validation sets' split; supermat numbers are invalid until a v3s rerun",
0.05,1394,0.3452566096423017,0.6068866571018652,probe,observed,False,2026-10-08-decision-threshold-gemma27b-qwen-2.5-7b-intercept-fit-sample-01,2026-10-08-calibration-v4-gemma27b-qwen-2.5-7b-intercept-fit-sample-01,supermat,supermat,2026-09-21-supermat-extraction-gemma27b-full-01,2026-09-27-supermat-extraction-gemma27b-judge-combine-01,data/supermat/ground_truth_qualifiers.json,experiments/results/supermat/extraction/2026-09-21-supermat-extraction-gemma27b-full-01/postprocessed.json,0.547,54,643,1868,"calibration predictions use the pre-v3s supermat probe/test split, which does not match the validation sets' split; supermat numbers are invalid until a v3s rerun",
0.1,1242,0.3405909797822706,0.6384863123993558,probe,observed,False,2026-10-08-decision-threshold-gemma27b-qwen-2.5-7b-intercept-fit-sample-01,2026-10-08-calibration-v4-gemma27b-qwen-2.5-7b-intercept-fit-sample-01,supermat,supermat,2026-09-21-supermat-extraction-gemma27b-full-01,2026-09-27-supermat-extraction-gemma27b-judge-combine-01,data/supermat/ground_truth_qualifiers.json,experiments/results/supermat/extraction/2026-09-21-supermat-extraction-gemma27b-full-01/postprocessed.json,0.547,54,643,1868,"calibration predictions use the pre-v3s supermat probe/test split, which does not match the validation sets' split; supermat numbers are invalid until a v3s rerun",
0.15,1149,0.3390357698289269,0.6588337684943429,probe,observed,False,2026-10-08-decision-threshold-gemma27b-qwen-2.5-7b-intercept-fit-sample-01,2026-10-08-calibration-v4-gemma27b-qwen-2.5-7b-intercept-fit-sample-01,supermat,supermat,2026-09-21-supermat-extraction-gemma27b-full-01,2026-09-27-supermat-extraction-gemma27b-judge-combine-01,data/supermat/ground_truth_qualifiers.json,experiments/results/supermat/extraction/2026-09-21-supermat-extraction-gemma27b-full-01/postprocessed.json,0.547,54,643,1868,"calibration predictions use the pre-v3s supermat probe/test split, which does not match the validation sets' split; supermat numbers are invalid until a v3s rerun",
0.2,1050,0.328149300155521,0.6752380952380952,probe,observed,False,2026-10-08-decision-threshold-gemma27b-qwen-2.5-7b-intercept-fit-sample-01,2026-10-08-calibration-v4-gemma27b-qwen-2.5-7b-intercept-fit-sample-01,supermat,supermat,2026-09-21-supermat-extraction-gemma27b-full-01,2026-09-27-supermat-extraction-gemma27b-judge-combine-01,data/supermat/ground_truth_qualifiers.json,experiments/results/supermat/extraction/2026-09-21-supermat-extraction-gemma27b-full-01/postprocessed.json,0.547,54,643,1868,"calibration predictions use the pre-v3s supermat probe/test split, which does not match the validation sets' split; supermat numbers are invalid until a v3s rerun",
0.25,970,0.3094867807153966,0.688659793814433,probe,observed,False,2026-10-08-decision-threshold-gemma27b-qwen-2.5-7b-intercept-fit-sample-01,2026-10-08-calibration-v4-gemma27b-qwen-2.5-7b-intercept-fit-sample-01,supermat,supermat,2026-09-21-supermat-extraction-gemma27b-full-01,2026-09-27-supermat-extraction-gemma27b-judge-combine-01,data/supermat/ground_truth_qualifiers.json,experiments/results/supermat/extraction/2026-09-21-supermat-extraction-gemma27b-full-01/postprocessed.json,0.547,54,643,1868,"calibration predictions use the pre-v3s supermat probe/test split, which does not match the validation sets' split; supermat numbers are invalid until a v3s rerun",
0.3,888,0.3094867807153966,0.7027027027027027,probe,observed,False,2026-10-08-decision-threshold-gemma27b-qwen-2.5-7b-intercept-fit-sample-01,2026-10-08-calibration-v4-gemma27b-qwen-2.5-7b-intercept-fit-sample-01,supermat,supermat,2026-09-21-supermat-extraction-gemma27b-full-01,2026-09-27-supermat-extraction-gemma27b-judge-combine-01,data/supermat/ground_truth_qualifiers.json,experiments/results/supermat/extraction/2026-09-21-supermat-extraction-gemma27b-full-01/postprocessed.json,0.547,54,643,1868,"calibration predictions use the pre-v3s supermat probe/test split, which does not match the validation sets' split; supermat numbers are invalid until a v3s rerun",
0.35,830,0.29704510108864696,0.7204819277108434,probe,observed,False,2026-10-08-decision-threshold-gemma27b-qwen-2.5-7b-intercept-fit-sample-01,2026-10-08-calibration-v4-gemma27b-qwen-2.5-7b-intercept-fit-sample-01,supermat,supermat,2026-09-21-supermat-extraction-gemma27b-full-01,2026-09-27-supermat-extraction-gemma27b-judge-combine-01,data/supermat/ground_truth_qualifiers.json,experiments/results/supermat/extraction/2026-09-21-supermat-extraction-gemma27b-full-01/postprocessed.json,0.547,54,643,1868,"calibration predictions use the pre-v3s supermat probe/test split, which does not match the validation sets' split; supermat numbers are invalid until a v3s rerun",
0.4,751,0.27993779160186627,0.729693741677763,probe,observed,False,2026-10-08-decision-threshold-gemma27b-qwen-2.5-7b-intercept-fit-sample-01,2026-10-08-calibration-v4-gemma27b-qwen-2.5-7b-intercept-fit-sample-01,supermat,supermat,2026-09-21-supermat-extraction-gemma27b-full-01,2026-09-27-supermat-extraction-gemma27b-judge-combine-01,data/supermat/ground_truth_qualifiers.json,experiments/results/supermat/extraction/2026-09-21-supermat-extraction-gemma27b-full-01/postprocessed.json,0.547,54,643,1868,"calibration predictions use the pre-v3s supermat probe/test split, which does not match the validation sets' split; supermat numbers are invalid until a v3s rerun",
0.45,664,0.2690513219284603,0.7379518072289156,probe,observed,False,2026-10-08-decision-threshold-gemma27b-qwen-2.5-7b-intercept-fit-sample-01,2026-10-08-calibration-v4-gemma27b-qwen-2.5-7b-intercept-fit-sample-01,supermat,supermat,2026-09-21-supermat-extraction-gemma27b-full-01,2026-09-27-supermat-extraction-gemma27b-judge-combine-01,data/supermat/ground_truth_qualifiers.json,experiments/results/supermat/extraction/2026-09-21-supermat-extraction-gemma27b-full-01/postprocessed.json,0.547,54,643,1868,"calibration predictions use the pre-v3s supermat probe/test split, which does not match the validation sets' split; supermat numbers are invalid until a v3s rerun",
0.5,598,0.25660964230171074,0.7491638795986622,probe,observed,True,2026-10-08-decision-threshold-gemma27b-qwen-2.5-7b-intercept-fit-sample-01,2026-10-08-calibration-v4-gemma27b-qwen-2.5-7b-intercept-fit-sample-01,supermat,supermat,2026-09-21-supermat-extraction-gemma27b-full-01,2026-09-27-supermat-extraction-gemma27b-judge-combine-01,data/supermat/ground_truth_qualifiers.json,experiments/results/supermat/extraction/2026-09-21-supermat-extraction-gemma27b-full-01/postprocessed.json,0.547,54,643,1868,"calibration predictions use the pre-v3s supermat probe/test split, which does not match the validation sets' split; supermat numbers are invalid until a v3s rerun",
0.55,559,0.25038880248833595,0.7549194991055456,probe,observed,False,2026-10-08-decision-threshold-gemma27b-qwen-2.5-7b-intercept-fit-sample-01,2026-10-08-calibration-v4-gemma27b-qwen-2.5-7b-intercept-fit-sample-01,supermat,supermat,2026-09-21-supermat-extraction-gemma27b-full-01,2026-09-27-supermat-extraction-gemma27b-judge-combine-01,data/supermat/ground_truth_qualifiers.json,experiments/results/supermat/extraction/2026-09-21-supermat-extraction-gemma27b-full-01/postprocessed.json,0.547,54,643,1868,"calibration predictions use the pre-v3s supermat probe/test split, which does not match the validation sets' split; supermat numbers are invalid until a v3s rerun",
0.6,463,0.22706065318818042,0.7688984881209503,probe,observed,False,2026-10-08-decision-threshold-gemma27b-qwen-2.5-7b-intercept-fit-sample-01,2026-10-08-calibration-v4-gemma27b-qwen-2.5-7b-intercept-fit-sample-01,supermat,supermat,2026-09-21-supermat-extraction-gemma27b-full-01,2026-09-27-supermat-extraction-gemma27b-judge-combine-01,data/supermat/ground_truth_qualifiers.json,experiments/results/supermat/extraction/2026-09-21-supermat-extraction-gemma27b-full-01/postprocessed.json,0.547,54,643,1868,"calibration predictions use the pre-v3s supermat probe/test split, which does not match the validation sets' split; supermat numbers are invalid until a v3s rerun",
0.65,410,0.19284603421461896,0.7878048780487805,probe,observed,False,2026-10-08-decision-threshold-gemma27b-qwen-2.5-7b-intercept-fit-sample-01,2026-10-08-calibration-v4-gemma27b-qwen-2.5-7b-intercept-fit-sample-01,supermat,supermat,2026-09-21-supermat-extraction-gemma27b-full-01,2026-09-27-supermat-extraction-gemma27b-judge-combine-01,data/supermat/ground_truth_qualifiers.json,experiments/results/supermat/extraction/2026-09-21-supermat-extraction-gemma27b-full-01/postprocessed.json,0.547,54,643,1868,"calibration predictions use the pre-v3s supermat probe/test split, which does not match the validation sets' split; supermat numbers are invalid until a v3s rerun",
0.7,331,0.16329704510108864,0.8157099697885196,probe,observed,False,2026-10-08-decision-threshold-gemma27b-qwen-2.5-7b-intercept-fit-sample-01,2026-10-08-calibration-v4-gemma27b-qwen-2.5-7b-intercept-fit-sample-01,supermat,supermat,2026-09-21-supermat-extraction-gemma27b-full-01,2026-09-27-supermat-extraction-gemma27b-judge-combine-01,data/supermat/ground_truth_qualifiers.json,experiments/results/supermat/extraction/2026-09-21-supermat-extraction-gemma27b-full-01/postprocessed.json,0.547,54,643,1868,"calibration predictions use the pre-v3s supermat probe/test split, which does not match the validation sets' split; supermat numbers are invalid until a v3s rerun",
0.75,294,0.15863141524105753,0.8231292517006803,probe,observed,False,2026-10-08-decision-threshold-gemma27b-qwen-2.5-7b-intercept-fit-sample-01,2026-10-08-calibration-v4-gemma27b-qwen-2.5-7b-intercept-fit-sample-01,supermat,supermat,2026-09-21-supermat-extraction-gemma27b-full-01,2026-09-27-supermat-extraction-gemma27b-judge-combine-01,data/supermat/ground_truth_qualifiers.json,experiments/results/supermat/extraction/2026-09-21-supermat-extraction-gemma27b-full-01/postprocessed.json,0.547,54,643,1868,"calibration predictions use the pre-v3s supermat probe/test split, which does not match the validation sets' split; supermat numbers are invalid until a v3s rerun",
0.8,244,0.15396578538102643,0.8401639344262295,probe,observed,False,2026-10-08-decision-threshold-gemma27b-qwen-2.5-7b-intercept-fit-sample-01,2026-10-08-calibration-v4-gemma27b-qwen-2.5-7b-intercept-fit-sample-01,supermat,supermat,2026-09-21-supermat-extraction-gemma27b-full-01,2026-09-27-supermat-extraction-gemma27b-judge-combine-01,data/supermat/ground_truth_qualifiers.json,experiments/results/supermat/extraction/2026-09-21-supermat-extraction-gemma27b-full-01/postprocessed.json,0.547,54,643,1868,"calibration predictions use the pre-v3s supermat probe/test split, which does not match the validation sets' split; supermat numbers are invalid until a v3s rerun",
0.85,156,0.12597200622083982,0.8141025641025641,probe,observed,False,2026-10-08-decision-threshold-gemma27b-qwen-2.5-7b-intercept-fit-sample-01,2026-10-08-calibration-v4-gemma27b-qwen-2.5-7b-intercept-fit-sample-01,supermat,supermat,2026-09-21-supermat-extraction-gemma27b-full-01,2026-09-27-supermat-extraction-gemma27b-judge-combine-01,data/supermat/ground_truth_qualifiers.json,experiments/results/supermat/extraction/2026-09-21-supermat-extraction-gemma27b-full-01/postprocessed.json,0.547,54,643,1868,"calibration predictions use the pre-v3s supermat probe/test split, which does not match the validation sets' split; supermat numbers are invalid until a v3s rerun",
0.9,103,0.07620528771384137,0.7766990291262136,probe,observed,False,2026-10-08-decision-threshold-gemma27b-qwen-2.5-7b-intercept-fit-sample-01,2026-10-08-calibration-v4-gemma27b-qwen-2.5-7b-intercept-fit-sample-01,supermat,supermat,2026-09-21-supermat-extraction-gemma27b-full-01,2026-09-27-supermat-extraction-gemma27b-judge-combine-01,data/supermat/ground_truth_qualifiers.json,experiments/results/supermat/extraction/2026-09-21-supermat-extraction-gemma27b-full-01/postprocessed.json,0.547,54,643,1868,"calibration predictions use the pre-v3s supermat probe/test split, which does not match the validation sets' split; supermat numbers are invalid until a v3s rerun",
0.95,44,0.038880248833592534,1.0,probe,observed,False,2026-10-08-decision-threshold-gemma27b-qwen-2.5-7b-intercept-fit-sample-01,2026-10-08-calibration-v4-gemma27b-qwen-2.5-7b-intercept-fit-sample-01,supermat,supermat,2026-09-21-supermat-extraction-gemma27b-full-01,2026-09-27-supermat-extraction-gemma27b-judge-combine-01,data/supermat/ground_truth_qualifiers.json,experiments/results/supermat/extraction/2026-09-21-supermat-extraction-gemma27b-full-01/postprocessed.json,0.547,54,643,1868,"calibration predictions use the pre-v3s supermat probe/test split, which does not match the validation sets' split; supermat numbers are invalid until a v3s rerun",
1.0,0,0.0,,probe,observed,False,2026-10-08-decision-threshold-gemma27b-qwen-2.5-7b-intercept-fit-sample-01,2026-10-08-calibration-v4-gemma27b-qwen-2.5-7b-intercept-fit-sample-01,supermat,supermat,2026-09-21-supermat-extraction-gemma27b-full-01,2026-09-27-supermat-extraction-gemma27b-judge-combine-01,data/supermat/ground_truth_qualifiers.json,experiments/results/supermat/extraction/2026-09-21-supermat-extraction-gemma27b-full-01/postprocessed.json,0.547,54,643,1868,"calibration predictions use the pre-v3s supermat probe/test split, which does not match the validation sets' split; supermat numbers are invalid until a v3s rerun",
0.0,,0.3514774494556763,0.47591006423982846,probe,permuted_mean,False,2026-10-08-decision-threshold-gemma27b-qwen-2.5-7b-intercept-fit-sample-01,2026-10-08-calibration-v4-gemma27b-qwen-2.5-7b-intercept-fit-sample-01,supermat,supermat,2026-09-21-supermat-extraction-gemma27b-full-01,2026-09-27-supermat-extraction-gemma27b-judge-combine-01,data/supermat/ground_truth_qualifiers.json,experiments/results/supermat/extraction/2026-09-21-supermat-extraction-gemma27b-full-01/postprocessed.json,0.547,54,643,1868,"calibration predictions use the pre-v3s supermat probe/test split, which does not match the validation sets' split; supermat numbers are invalid until a v3s rerun",1868.0
0.05,,0.32452566096423024,0.4769720553989459,probe,permuted_mean,False,2026-10-08-decision-threshold-gemma27b-qwen-2.5-7b-intercept-fit-sample-01,2026-10-08-calibration-v4-gemma27b-qwen-2.5-7b-intercept-fit-sample-01,supermat,supermat,2026-09-21-supermat-extraction-gemma27b-full-01,2026-09-27-supermat-extraction-gemma27b-judge-combine-01,data/supermat/ground_truth_qualifiers.json,experiments/results/supermat/extraction/2026-09-21-supermat-extraction-gemma27b-full-01/postprocessed.json,0.547,54,643,1868,"calibration predictions use the pre-v3s supermat probe/test split, which does not match the validation sets' split; supermat numbers are invalid until a v3s rerun",1393.75
0.1,,0.3131726283048213,0.4774662270440569,probe,permuted_mean,False,2026-10-08-decision-threshold-gemma27b-qwen-2.5-7b-intercept-fit-sample-01,2026-10-08-calibration-v4-gemma27b-qwen-2.5-7b-intercept-fit-sample-01,supermat,supermat,2026-09-21-supermat-extraction-gemma27b-full-01,2026-09-27-supermat-extraction-gemma27b-judge-combine-01,data/supermat/ground_truth_qualifiers.json,experiments/results/supermat/extraction/2026-09-21-supermat-extraction-gemma27b-full-01/postprocessed.json,0.547,54,643,1868,"calibration predictions use the pre-v3s supermat probe/test split, which does not match the validation sets' split; supermat numbers are invalid until a v3s rerun",1241.7
0.15,,0.3047589424572319,0.47723872144540197,probe,permuted_mean,False,2026-10-08-decision-threshold-gemma27b-qwen-2.5-7b-intercept-fit-sample-01,2026-10-08-calibration-v4-gemma27b-qwen-2.5-7b-intercept-fit-sample-01,supermat,supermat,2026-09-21-supermat-extraction-gemma27b-full-01,2026-09-27-supermat-extraction-gemma27b-judge-combine-01,data/supermat/ground_truth_qualifiers.json,experiments/results/supermat/extraction/2026-09-21-supermat-extraction-gemma27b-full-01/postprocessed.json,0.547,54,643,1868,"calibration predictions use the pre-v3s supermat probe/test split, which does not match the validation sets' split; supermat numbers are invalid until a v3s rerun",1148.65
0.2,,0.2959564541213065,0.47702454037859177,probe,permuted_mean,False,2026-10-08-decision-threshold-gemma27b-qwen-2.5-7b-intercept-fit-sample-01,2026-10-08-calibration-v4-gemma27b-qwen-2.5-7b-intercept-fit-sample-01,supermat,supermat,2026-09-21-supermat-extraction-gemma27b-full-01,2026-09-27-supermat-extraction-gemma27b-judge-combine-01,data/supermat/ground_truth_qualifiers.json,experiments/results/supermat/extraction/2026-09-21-supermat-extraction-gemma27b-full-01/postprocessed.json,0.547,54,643,1868,"calibration predictions use the pre-v3s supermat probe/test split, which does not match the validation sets' split; supermat numbers are invalid until a v3s rerun",1049.61
0.25,,0.2865785381026439,0.47807683550902697,probe,permuted_mean,False,2026-10-08-decision-threshold-gemma27b-qwen-2.5-7b-intercept-fit-sample-01,2026-10-08-calibration-v4-gemma27b-qwen-2.5-7b-intercept-fit-sample-01,supermat,supermat,2026-09-21-supermat-extraction-gemma27b-full-01,2026-09-27-supermat-extraction-gemma27b-judge-combine-01,data/supermat/ground_truth_qualifiers.json,experiments/results/supermat/extraction/2026-09-21-supermat-extraction-gemma27b-full-01/postprocessed.json,0.547,54,643,1868,"calibration predictions use the pre-v3s supermat probe/test split, which does not match the validation sets' split; supermat numbers are invalid until a v3s rerun",969.53
0.3,,0.2760808709175738,0.47766625278040165,probe,permuted_mean,False,2026-10-08-decision-threshold-gemma27b-qwen-2.5-7b-intercept-fit-sample-01,2026-10-08-calibration-v4-gemma27b-qwen-2.5-7b-intercept-fit-sample-01,supermat,supermat,2026-09-21-supermat-extraction-gemma27b-full-01,2026-09-27-supermat-extraction-gemma27b-judge-combine-01,data/supermat/ground_truth_qualifiers.json,experiments/results/supermat/extraction/2026-09-21-supermat-extraction-gemma27b-full-01/postprocessed.json,0.547,54,643,1868,"calibration predictions use the pre-v3s supermat probe/test split, which does not match the validation sets' split; supermat numbers are invalid until a v3s rerun",887.46
0.35,,0.26869362363919136,0.47845454677576393,probe,permuted_mean,False,2026-10-08-decision-threshold-gemma27b-qwen-2.5-7b-intercept-fit-sample-01,2026-10-08-calibration-v4-gemma27b-qwen-2.5-7b-intercept-fit-sample-01,supermat,supermat,2026-09-21-supermat-extraction-gemma27b-full-01,2026-09-27-supermat-extraction-gemma27b-judge-combine-01,data/supermat/ground_truth_qualifiers.json,experiments/results/supermat/extraction/2026-09-21-supermat-extraction-gemma27b-full-01/postprocessed.json,0.547,54,643,1868,"calibration predictions use the pre-v3s supermat probe/test split, which does not match the validation sets' split; supermat numbers are invalid until a v3s rerun",829.42
0.4,,0.2570295489891135,0.4779382867288063,probe,permuted_mean,False,2026-10-08-decision-threshold-gemma27b-qwen-2.5-7b-intercept-fit-sample-01,2026-10-08-calibration-v4-gemma27b-qwen-2.5-7b-intercept-fit-sample-01,supermat,supermat,2026-09-21-supermat-extraction-gemma27b-full-01,2026-09-27-supermat-extraction-gemma27b-judge-combine-01,data/supermat/ground_truth_qualifiers.json,experiments/results/supermat/extraction/2026-09-21-supermat-extraction-gemma27b-full-01/postprocessed.json,0.547,54,643,1868,"calibration predictions use the pre-v3s supermat probe/test split, which does not match the validation sets' split; supermat numbers are invalid until a v3s rerun",750.39
0.45,,0.24292379471228617,0.4774553190136109,probe,permuted_mean,False,2026-10-08-decision-threshold-gemma27b-qwen-2.5-7b-intercept-fit-sample-01,2026-10-08-calibration-v4-gemma27b-qwen-2.5-7b-intercept-fit-sample-01,supermat,supermat,2026-09-21-supermat-extraction-gemma27b-full-01,2026-09-27-supermat-extraction-gemma27b-judge-combine-01,data/supermat/ground_truth_qualifiers.json,experiments/results/supermat/extraction/2026-09-21-supermat-extraction-gemma27b-full-01/postprocessed.json,0.547,54,643,1868,"calibration predictions use the pre-v3s supermat probe/test split, which does not match the validation sets' split; supermat numbers are invalid until a v3s rerun",663.35
0.5,,0.2318040435458786,0.47659571547817137,probe,permuted_mean,True,2026-10-08-decision-threshold-gemma27b-qwen-2.5-7b-intercept-fit-sample-01,2026-10-08-calibration-v4-gemma27b-qwen-2.5-7b-intercept-fit-sample-01,supermat,supermat,2026-09-21-supermat-extraction-gemma27b-full-01,2026-09-27-supermat-extraction-gemma27b-judge-combine-01,data/supermat/ground_truth_qualifiers.json,experiments/results/supermat/extraction/2026-09-21-supermat-extraction-gemma27b-full-01/postprocessed.json,0.547,54,643,1868,"calibration predictions use the pre-v3s supermat probe/test split, which does not match the validation sets' split; supermat numbers are invalid until a v3s rerun",597.32
0.55,,0.22423017107309476,0.47590974666743563,probe,permuted_mean,False,2026-10-08-decision-threshold-gemma27b-qwen-2.5-7b-intercept-fit-sample-01,2026-10-08-calibration-v4-gemma27b-qwen-2.5-7b-intercept-fit-sample-01,supermat,supermat,2026-09-21-supermat-extraction-gemma27b-full-01,2026-09-27-supermat-extraction-gemma27b-judge-combine-01,data/supermat/ground_truth_qualifiers.json,experiments/results/supermat/extraction/2026-09-21-supermat-extraction-gemma27b-full-01/postprocessed.json,0.547,54,643,1868,"calibration predictions use the pre-v3s supermat probe/test split, which does not match the validation sets' split; supermat numbers are invalid until a v3s rerun",558.3
0.6,,0.20368584758942454,0.47452834422596857,probe,permuted_mean,False,2026-10-08-decision-threshold-gemma27b-qwen-2.5-7b-intercept-fit-sample-01,2026-10-08-calibration-v4-gemma27b-qwen-2.5-7b-intercept-fit-sample-01,supermat,supermat,2026-09-21-supermat-extraction-gemma27b-full-01,2026-09-27-supermat-extraction-gemma27b-judge-combine-01,data/supermat/ground_truth_qualifiers.json,experiments/results/supermat/extraction/2026-09-21-supermat-extraction-gemma27b-full-01/postprocessed.json,0.547,54,643,1868,"calibration predictions use the pre-v3s supermat probe/test split, which does not match the validation sets' split; supermat numbers are invalid until a v3s rerun",462.23
0.65,,0.18987558320373246,0.4750250462162324,probe,permuted_mean,False,2026-10-08-decision-threshold-gemma27b-qwen-2.5-7b-intercept-fit-sample-01,2026-10-08-calibration-v4-gemma27b-qwen-2.5-7b-intercept-fit-sample-01,supermat,supermat,2026-09-21-supermat-extraction-gemma27b-full-01,2026-09-27-supermat-extraction-gemma27b-judge-combine-01,data/supermat/ground_truth_qualifiers.json,experiments/results/supermat/extraction/2026-09-21-supermat-extraction-gemma27b-full-01/postprocessed.json,0.547,54,643,1868,"calibration predictions use the pre-v3s supermat probe/test split, which does not match the validation sets' split; supermat numbers are invalid until a v3s rerun",409.18
0.7,,0.16824261275272168,0.47442405932436144,probe,permuted_mean,False,2026-10-08-decision-threshold-gemma27b-qwen-2.5-7b-intercept-fit-sample-01,2026-10-08-calibration-v4-gemma27b-qwen-2.5-7b-intercept-fit-sample-01,supermat,supermat,2026-09-21-supermat-extraction-gemma27b-full-01,2026-09-27-supermat-extraction-gemma27b-judge-combine-01,data/supermat/ground_truth_qualifiers.json,experiments/results/supermat/extraction/2026-09-21-supermat-extraction-gemma27b-full-01/postprocessed.json,0.547,54,643,1868,"calibration predictions use the pre-v3s supermat probe/test split, which does not match the validation sets' split; supermat numbers are invalid until a v3s rerun",330.17
0.75,,0.15544323483670294,0.47412412063801634,probe,permuted_mean,False,2026-10-08-decision-threshold-gemma27b-qwen-2.5-7b-intercept-fit-sample-01,2026-10-08-calibration-v4-gemma27b-qwen-2.5-7b-intercept-fit-sample-01,supermat,supermat,2026-09-21-supermat-extraction-gemma27b-full-01,2026-09-27-supermat-extraction-gemma27b-judge-combine-01,data/supermat/ground_truth_qualifiers.json,experiments/results/supermat/extraction/2026-09-21-supermat-extraction-gemma27b-full-01/postprocessed.json,0.547,54,643,1868,"calibration predictions use the pre-v3s supermat probe/test split, which does not match the validation sets' split; supermat numbers are invalid until a v3s rerun",293.11
0.8,,0.13738724727838256,0.47548505700600413,probe,permuted_mean,False,2026-10-08-decision-threshold-gemma27b-qwen-2.5-7b-intercept-fit-sample-01,2026-10-08-calibration-v4-gemma27b-qwen-2.5-7b-intercept-fit-sample-01,supermat,supermat,2026-09-21-supermat-extraction-gemma27b-full-01,2026-09-27-supermat-extraction-gemma27b-judge-combine-01,data/supermat/ground_truth_qualifiers.json,experiments/results/supermat/extraction/2026-09-21-supermat-extraction-gemma27b-full-01/postprocessed.json,0.547,54,643,1868,"calibration predictions use the pre-v3s supermat probe/test split, which does not match the validation sets' split; supermat numbers are invalid until a v3s rerun",243.1
0.85,,0.10141524105754282,0.47681079536175097,probe,permuted_mean,False,2026-10-08-decision-threshold-gemma27b-qwen-2.5-7b-intercept-fit-sample-01,2026-10-08-calibration-v4-gemma27b-qwen-2.5-7b-intercept-fit-sample-01,supermat,supermat,2026-09-21-supermat-extraction-gemma27b-full-01,2026-09-27-supermat-extraction-gemma27b-judge-combine-01,data/supermat/ground_truth_qualifiers.json,experiments/results/supermat/extraction/2026-09-21-supermat-extraction-gemma27b-full-01/postprocessed.json,0.547,54,643,1868,"calibration predictions use the pre-v3s supermat probe/test split, which does not match the validation sets' split; supermat numbers are invalid until a v3s rerun",156.08
0.9,,0.0728615863141524,0.47757001493651985,probe,permuted_mean,False,2026-10-08-decision-threshold-gemma27b-qwen-2.5-7b-intercept-fit-sample-01,2026-10-08-calibration-v4-gemma27b-qwen-2.5-7b-intercept-fit-sample-01,supermat,supermat,2026-09-21-supermat-extraction-gemma27b-full-01,2026-09-27-supermat-extraction-gemma27b-judge-combine-01,data/supermat/ground_truth_qualifiers.json,experiments/results/supermat/extraction/2026-09-21-supermat-extraction-gemma27b-full-01/postprocessed.json,0.547,54,643,1868,"calibration predictions use the pre-v3s supermat probe/test split, which does not match the validation sets' split; supermat numbers are invalid until a v3s rerun",103.02
0.95,,0.03536547433903577,0.47377272727272723,probe,permuted_mean,False,2026-10-08-decision-threshold-gemma27b-qwen-2.5-7b-intercept-fit-sample-01,2026-10-08-calibration-v4-gemma27b-qwen-2.5-7b-intercept-fit-sample-01,supermat,supermat,2026-09-21-supermat-extraction-gemma27b-full-01,2026-09-27-supermat-extraction-gemma27b-judge-combine-01,data/supermat/ground_truth_qualifiers.json,experiments/results/supermat/extraction/2026-09-21-supermat-extraction-gemma27b-full-01/postprocessed.json,0.547,54,643,1868,"calibration predictions use the pre-v3s supermat probe/test split, which does not match the validation sets' split; supermat numbers are invalid until a v3s rerun",44.01
1.0,,0.0,,probe,permuted_mean,False,2026-10-08-decision-threshold-gemma27b-qwen-2.5-7b-intercept-fit-sample-01,2026-10-08-calibration-v4-gemma27b-qwen-2.5-7b-intercept-fit-sample-01,supermat,supermat,2026-09-21-supermat-extraction-gemma27b-full-01,2026-09-27-supermat-extraction-gemma27b-judge-combine-01,data/supermat/ground_truth_qualifiers.json,experiments/results/supermat/extraction/2026-09-21-supermat-extraction-gemma27b-full-01/postprocessed.json,0.547,54,643,1868,"calibration predictions use the pre-v3s supermat probe/test split, which does not match the validation sets' split; supermat numbers are invalid until a v3s rerun",0.0
0.0,1868,0.3514774494556765,0.4759100642398287,ntp,observed,False,2026-10-08-decision-threshold-gemma27b-qwen-2.5-7b-intercept-fit-sample-01,2026-10-08-calibration-v4-gemma27b-qwen-2.5-7b-intercept-fit-sample-01,supermat,supermat,2026-09-21-supermat-extraction-gemma27b-full-01,2026-09-27-supermat-extraction-gemma27b-judge-combine-01,data/supermat/ground_truth_qualifiers.json,experiments/results/supermat/extraction/2026-09-21-supermat-extraction-gemma27b-full-01/postprocessed.json,0.547,54,643,1868,"calibration predictions use the pre-v3s supermat probe/test split, which does not match the validation sets' split; supermat numbers are invalid until a v3s rerun",
0.05,1868,0.3514774494556765,0.4759100642398287,ntp,observed,False,2026-10-08-decision-threshold-gemma27b-qwen-2.5-7b-intercept-fit-sample-01,2026-10-08-calibration-v4-gemma27b-qwen-2.5-7b-intercept-fit-sample-01,supermat,supermat,2026-09-21-supermat-extraction-gemma27b-full-01,2026-09-27-supermat-extraction-gemma27b-judge-combine-01,data/supermat/ground_truth_qualifiers.json,experiments/results/supermat/extraction/2026-09-21-supermat-extraction-gemma27b-full-01/postprocessed.json,0.547,54,643,1868,"calibration predictions use the pre-v3s supermat probe/test split, which does not match the validation sets' split; supermat numbers are invalid until a v3s rerun",
0.1,1868,0.3514774494556765,0.4759100642398287,ntp,observed,False,2026-10-08-decision-threshold-gemma27b-qwen-2.5-7b-intercept-fit-sample-01,2026-10-08-calibration-v4-gemma27b-qwen-2.5-7b-intercept-fit-sample-01,supermat,supermat,2026-09-21-supermat-extraction-gemma27b-full-01,2026-09-27-supermat-extraction-gemma27b-judge-combine-01,data/supermat/ground_truth_qualifiers.json,experiments/results/supermat/extraction/2026-09-21-supermat-extraction-gemma27b-full-01/postprocessed.json,0.547,54,643,1868,"calibration predictions use the pre-v3s supermat probe/test split, which does not match the validation sets' split; supermat numbers are invalid until a v3s rerun",
0.15,1868,0.3514774494556765,0.4759100642398287,ntp,observed,False,2026-10-08-decision-threshold-gemma27b-qwen-2.5-7b-intercept-fit-sample-01,2026-10-08-calibration-v4-gemma27b-qwen-2.5-7b-intercept-fit-sample-01,supermat,supermat,2026-09-21-supermat-extraction-gemma27b-full-01,2026-09-27-supermat-extraction-gemma27b-judge-combine-01,data/supermat/ground_truth_qualifiers.json,experiments/results/supermat/extraction/2026-09-21-supermat-extraction-gemma27b-full-01/postprocessed.json,0.547,54,643,1868,"calibration predictions use the pre-v3s supermat probe/test split, which does not match the validation sets' split; supermat numbers are invalid until a v3s rerun",
0.2,615,0.27993779160186627,0.8471544715447155,ntp,observed,False,2026-10-08-decision-threshold-gemma27b-qwen-2.5-7b-intercept-fit-sample-01,2026-10-08-calibration-v4-gemma27b-qwen-2.5-7b-intercept-fit-sample-01,supermat,supermat,2026-09-21-supermat-extraction-gemma27b-full-01,2026-09-27-supermat-extraction-gemma27b-judge-combine-01,data/supermat/ground_truth_qualifiers.json,experiments/results/supermat/extraction/2026-09-21-supermat-extraction-gemma27b-full-01/postprocessed.json,0.547,54,643,1868,"calibration predictions use the pre-v3s supermat probe/test split, which does not match the validation sets' split; supermat numbers are invalid until a v3s rerun",
0.25,584,0.27682737169517885,0.8476027397260274,ntp,observed,False,2026-10-08-decision-threshold-gemma27b-qwen-2.5-7b-intercept-fit-sample-01,2026-10-08-calibration-v4-gemma27b-qwen-2.5-7b-intercept-fit-sample-01,supermat,supermat,2026-09-21-supermat-extraction-gemma27b-full-01,2026-09-27-supermat-extraction-gemma27b-judge-combine-01,data/supermat/ground_truth_qualifiers.json,experiments/results/supermat/extraction/2026-09-21-supermat-extraction-gemma27b-full-01/postprocessed.json,0.547,54,643,1868,"calibration predictions use the pre-v3s supermat probe/test split, which does not match the validation sets' split; supermat numbers are invalid until a v3s rerun",
0.3,556,0.2737169517884914,0.8651079136690647,ntp,observed,False,2026-10-08-decision-threshold-gemma27b-qwen-2.5-7b-intercept-fit-sample-01,2026-10-08-calibration-v4-gemma27b-qwen-2.5-7b-intercept-fit-sample-01,supermat,supermat,2026-09-21-supermat-extraction-gemma27b-full-01,2026-09-27-supermat-extraction-gemma27b-judge-combine-01,data/supermat/ground_truth_qualifiers.json,experiments/results/supermat/extraction/2026-09-21-supermat-extraction-gemma27b-full-01/postprocessed.json,0.547,54,643,1868,"calibration predictions use the pre-v3s supermat probe/test split, which does not match the validation sets' split; supermat numbers are invalid until a v3s rerun",
0.35,549,0.2737169517884914,0.8633879781420765,ntp,observed,False,2026-10-08-decision-threshold-gemma27b-qwen-2.5-7b-intercept-fit-sample-01,2026-10-08-calibration-v4-gemma27b-qwen-2.5-7b-intercept-fit-sample-01,supermat,supermat,2026-09-21-supermat-extraction-gemma27b-full-01,2026-09-27-supermat-extraction-gemma27b-judge-combine-01,data/supermat/ground_truth_qualifiers.json,experiments/results/supermat/extraction/2026-09-21-supermat-extraction-gemma27b-full-01/postprocessed.json,0.547,54,643,1868,"calibration predictions use the pre-v3s supermat probe/test split, which does not match the validation sets' split; supermat numbers are invalid until a v3s rerun",
0.4,543,0.27216174183514774,0.8637200736648251,ntp,observed,False,2026-10-08-decision-threshold-gemma27b-qwen-2.5-7b-intercept-fit-sample-01,2026-10-08-calibration-v4-gemma27b-qwen-2.5-7b-intercept-fit-sample-01,supermat,supermat,2026-09-21-supermat-extraction-gemma27b-full-01,2026-09-27-supermat-extraction-gemma27b-judge-combine-01,data/supermat/ground_truth_qualifiers.json,experiments/results/supermat/extraction/2026-09-21-supermat-extraction-gemma27b-full-01/postprocessed.json,0.547,54,643,1868,"calibration predictions use the pre-v3s supermat probe/test split, which does not match the validation sets' split; supermat numbers are invalid until a v3s rerun",
0.45,538,0.27216174183514774,0.8698884758364313,ntp,observed,False,2026-10-08-decision-threshold-gemma27b-qwen-2.5-7b-intercept-fit-sample-01,2026-10-08-calibration-v4-gemma27b-qwen-2.5-7b-intercept-fit-sample-01,supermat,supermat,2026-09-21-supermat-extraction-gemma27b-full-01,2026-09-27-supermat-extraction-gemma27b-judge-combine-01,data/supermat/ground_truth_qualifiers.json,experiments/results/supermat/extraction/2026-09-21-supermat-extraction-gemma27b-full-01/postprocessed.json,0.547,54,643,1868,"calibration predictions use the pre-v3s supermat probe/test split, which does not match the validation sets' split; supermat numbers are invalid until a v3s rerun",
0.5,538,0.27216174183514774,0.8698884758364313,ntp,observed,True,2026-10-08-decision-threshold-gemma27b-qwen-2.5-7b-intercept-fit-sample-01,2026-10-08-calibration-v4-gemma27b-qwen-2.5-7b-intercept-fit-sample-01,supermat,supermat,2026-09-21-supermat-extraction-gemma27b-full-01,2026-09-27-supermat-extraction-gemma27b-judge-combine-01,data/supermat/ground_truth_qualifiers.json,experiments/results/supermat/extraction/2026-09-21-supermat-extraction-gemma27b-full-01/postprocessed.json,0.547,54,643,1868,"calibration predictions use the pre-v3s supermat probe/test split, which does not match the validation sets' split; supermat numbers are invalid until a v3s rerun",
0.55,531,0.27216174183514774,0.8700564971751412,ntp,observed,False,2026-10-08-decision-threshold-gemma27b-qwen-2.5-7b-intercept-fit-sample-01,2026-10-08-calibration-v4-gemma27b-qwen-2.5-7b-intercept-fit-sample-01,supermat,supermat,2026-09-21-supermat-extraction-gemma27b-full-01,2026-09-27-supermat-extraction-gemma27b-judge-combine-01,data/supermat/ground_truth_qualifiers.json,experiments/results/supermat/extraction/2026-09-21-supermat-extraction-gemma27b-full-01/postprocessed.json,0.547,54,643,1868,"calibration predictions use the pre-v3s supermat probe/test split, which does not match the validation sets' split; supermat numbers are invalid until a v3s rerun",
0.6,523,0.27060653188180406,0.869980879541109,ntp,observed,False,2026-10-08-decision-threshold-gemma27b-qwen-2.5-7b-intercept-fit-sample-01,2026-10-08-calibration-v4-gemma27b-qwen-2.5-7b-intercept-fit-sample-01,supermat,supermat,2026-09-21-supermat-extraction-gemma27b-full-01,2026-09-27-supermat-extraction-gemma27b-judge-combine-01,data/supermat/ground_truth_qualifiers.json,experiments/results/supermat/extraction/2026-09-21-supermat-extraction-gemma27b-full-01/postprocessed.json,0.547,54,643,1868,"calibration predictions use the pre-v3s supermat probe/test split, which does not match the validation sets' split; supermat numbers are invalid until a v3s rerun",
0.65,523,0.27060653188180406,0.869980879541109,ntp,observed,False,2026-10-08-decision-threshold-gemma27b-qwen-2.5-7b-intercept-fit-sample-01,2026-10-08-calibration-v4-gemma27b-qwen-2.5-7b-intercept-fit-sample-01,supermat,supermat,2026-09-21-supermat-extraction-gemma27b-full-01,2026-09-27-supermat-extraction-gemma27b-judge-combine-01,data/supermat/ground_truth_qualifiers.json,experiments/results/supermat/extraction/2026-09-21-supermat-extraction-gemma27b-full-01/postprocessed.json,0.547,54,643,1868,"calibration predictions use the pre-v3s supermat probe/test split, which does not match the validation sets' split; supermat numbers are invalid until a v3s rerun",
0.7,514,0.2690513219284603,0.8735408560311284,ntp,observed,False,2026-10-08-decision-threshold-gemma27b-qwen-2.5-7b-intercept-fit-sample-01,2026-10-08-calibration-v4-gemma27b-qwen-2.5-7b-intercept-fit-sample-01,supermat,supermat,2026-09-21-supermat-extraction-gemma27b-full-01,2026-09-27-supermat-extraction-gemma27b-judge-combine-01,data/supermat/ground_truth_qualifiers.json,experiments/results/supermat/extraction/2026-09-21-supermat-extraction-gemma27b-full-01/postprocessed.json,0.547,54,643,1868,"calibration predictions use the pre-v3s supermat probe/test split, which does not match the validation sets' split; supermat numbers are invalid until a v3s rerun",
0.75,514,0.2690513219284603,0.8735408560311284,ntp,observed,False,2026-10-08-decision-threshold-gemma27b-qwen-2.5-7b-intercept-fit-sample-01,2026-10-08-calibration-v4-gemma27b-qwen-2.5-7b-intercept-fit-sample-01,supermat,supermat,2026-09-21-supermat-extraction-gemma27b-full-01,2026-09-27-supermat-extraction-gemma27b-judge-combine-01,data/supermat/ground_truth_qualifiers.json,experiments/results/supermat/extraction/2026-09-21-supermat-extraction-gemma27b-full-01/postprocessed.json,0.547,54,643,1868,"calibration predictions use the pre-v3s supermat probe/test split, which does not match the validation sets' split; supermat numbers are invalid until a v3s rerun",
0.8,495,0.2643856920684292,0.8848484848484849,ntp,observed,False,2026-10-08-decision-threshold-gemma27b-qwen-2.5-7b-intercept-fit-sample-01,2026-10-08-calibration-v4-gemma27b-qwen-2.5-7b-intercept-fit-sample-01,supermat,supermat,2026-09-21-supermat-extraction-gemma27b-full-01,2026-09-27-supermat-extraction-gemma27b-judge-combine-01,data/supermat/ground_truth_qualifiers.json,experiments/results/supermat/extraction/2026-09-21-supermat-extraction-gemma27b-full-01/postprocessed.json,0.547,54,643,1868,"calibration predictions use the pre-v3s supermat probe/test split, which does not match the validation sets' split; supermat numbers are invalid until a v3s rerun",
0.85,495,0.2643856920684292,0.8848484848484849,ntp,observed,False,2026-10-08-decision-threshold-gemma27b-qwen-2.5-7b-intercept-fit-sample-01,2026-10-08-calibration-v4-gemma27b-qwen-2.5-7b-intercept-fit-sample-01,supermat,supermat,2026-09-21-supermat-extraction-gemma27b-full-01,2026-09-27-supermat-extraction-gemma27b-judge-combine-01,data/supermat/ground_truth_qualifiers.json,experiments/results/supermat/extraction/2026-09-21-supermat-extraction-gemma27b-full-01/postprocessed.json,0.547,54,643,1868,"calibration predictions use the pre-v3s supermat probe/test split, which does not match the validation sets' split; supermat numbers are invalid until a v3s rerun",
0.9,487,0.26283048211508553,0.8870636550308009,ntp,observed,False,2026-10-08-decision-threshold-gemma27b-qwen-2.5-7b-intercept-fit-sample-01,2026-10-08-calibration-v4-gemma27b-qwen-2.5-7b-intercept-fit-sample-01,supermat,supermat,2026-09-21-supermat-extraction-gemma27b-full-01,2026-09-27-supermat-extraction-gemma27b-judge-combine-01,data/supermat/ground_truth_qualifiers.json,experiments/results/supermat/extraction/2026-09-21-supermat-extraction-gemma27b-full-01/postprocessed.json,0.547,54,643,1868,"calibration predictions use the pre-v3s supermat probe/test split, which does not match the validation sets' split; supermat numbers are invalid until a v3s rerun",
0.95,478,0.25660964230171074,0.891213389121339,ntp,observed,False,2026-10-08-decision-threshold-gemma27b-qwen-2.5-7b-intercept-fit-sample-01,2026-10-08-calibration-v4-gemma27b-qwen-2.5-7b-intercept-fit-sample-01,supermat,supermat,2026-09-21-supermat-extraction-gemma27b-full-01,2026-09-27-supermat-extraction-gemma27b-judge-combine-01,data/supermat/ground_truth_qualifiers.json,experiments/results/supermat/extraction/2026-09-21-supermat-extraction-gemma27b-full-01/postprocessed.json,0.547,54,643,1868,"calibration predictions use the pre-v3s supermat probe/test split, which does not match the validation sets' split; supermat numbers are invalid until a v3s rerun",
1.0,0,0.0,,ntp,observed,False,2026-10-08-decision-threshold-gemma27b-qwen-2.5-7b-intercept-fit-sample-01,2026-10-08-calibration-v4-gemma27b-qwen-2.5-7b-intercept-fit-sample-01,supermat,supermat,2026-09-21-supermat-extraction-gemma27b-full-01,2026-09-27-supermat-extraction-gemma27b-judge-combine-01,data/supermat/ground_truth_qualifiers.json,experiments/results/supermat/extraction/2026-09-21-supermat-extraction-gemma27b-full-01/postprocessed.json,0.547,54,643,1868,"calibration predictions use the pre-v3s supermat probe/test split, which does not match the validation sets' split; supermat numbers are invalid until a v3s rerun",
0.0,,0.3514774494556763,0.47591006423982846,ntp,permuted_mean,False,2026-10-08-decision-threshold-gemma27b-qwen-2.5-7b-intercept-fit-sample-01,2026-10-08-calibration-v4-gemma27b-qwen-2.5-7b-intercept-fit-sample-01,supermat,supermat,2026-09-21-supermat-extraction-gemma27b-full-01,2026-09-27-supermat-extraction-gemma27b-judge-combine-01,data/supermat/ground_truth_qualifiers.json,experiments/results/supermat/extraction/2026-09-21-supermat-extraction-gemma27b-full-01/postprocessed.json,0.547,54,643,1868,"calibration predictions use the pre-v3s supermat probe/test split, which does not match the validation sets' split; supermat numbers are invalid until a v3s rerun",1868.0
0.05,,0.3514774494556763,0.47591006423982846,ntp,permuted_mean,False,2026-10-08-decision-threshold-gemma27b-qwen-2.5-7b-intercept-fit-sample-01,2026-10-08-calibration-v4-gemma27b-qwen-2.5-7b-intercept-fit-sample-01,supermat,supermat,2026-09-21-supermat-extraction-gemma27b-full-01,2026-09-27-supermat-extraction-gemma27b-judge-combine-01,data/supermat/ground_truth_qualifiers.json,experiments/results/supermat/extraction/2026-09-21-supermat-extraction-gemma27b-full-01/postprocessed.json,0.547,54,643,1868,"calibration predictions use the pre-v3s supermat probe/test split, which does not match the validation sets' split; supermat numbers are invalid until a v3s rerun",1868.0
0.1,,0.3514774494556763,0.47591006423982846,ntp,permuted_mean,False,2026-10-08-decision-threshold-gemma27b-qwen-2.5-7b-intercept-fit-sample-01,2026-10-08-calibration-v4-gemma27b-qwen-2.5-7b-intercept-fit-sample-01,supermat,supermat,2026-09-21-supermat-extraction-gemma27b-full-01,2026-09-27-supermat-extraction-gemma27b-judge-combine-01,data/supermat/ground_truth_qualifiers.json,experiments/results/supermat/extraction/2026-09-21-supermat-extraction-gemma27b-full-01/postprocessed.json,0.547,54,643,1868,"calibration predictions use the pre-v3s supermat probe/test split, which does not match the validation sets' split; supermat numbers are invalid until a v3s rerun",1868.0
0.15,,0.3514774494556763,0.47591006423982846,ntp,permuted_mean,False,2026-10-08-decision-threshold-gemma27b-qwen-2.5-7b-intercept-fit-sample-01,2026-10-08-calibration-v4-gemma27b-qwen-2.5-7b-intercept-fit-sample-01,supermat,supermat,2026-09-21-supermat-extraction-gemma27b-full-01,2026-09-27-supermat-extraction-gemma27b-judge-combine-01,data/supermat/ground_truth_qualifiers.json,experiments/results/supermat/extraction/2026-09-21-supermat-extraction-gemma27b-full-01/postprocessed.json,0.547,54,643,1868,"calibration predictions use the pre-v3s supermat probe/test split, which does not match the validation sets' split; supermat numbers are invalid until a v3s rerun",1868.0
0.2,,0.23399688958009324,0.4772084521169886,ntp,permuted_mean,False,2026-10-08-decision-threshold-gemma27b-qwen-2.5-7b-intercept-fit-sample-01,2026-10-08-calibration-v4-gemma27b-qwen-2.5-7b-intercept-fit-sample-01,supermat,supermat,2026-09-21-supermat-extraction-gemma27b-full-01,2026-09-27-supermat-extraction-gemma27b-judge-combine-01,data/supermat/ground_truth_qualifiers.json,experiments/results/supermat/extraction/2026-09-21-supermat-extraction-gemma27b-full-01/postprocessed.json,0.547,54,643,1868,"calibration predictions use the pre-v3s supermat probe/test split, which does not match the validation sets' split; supermat numbers are invalid until a v3s rerun",615.39
0.25,,0.22727838258164856,0.47606635639854794,ntp,permuted_mean,False,2026-10-08-decision-threshold-gemma27b-qwen-2.5-7b-intercept-fit-sample-01,2026-10-08-calibration-v4-gemma27b-qwen-2.5-7b-intercept-fit-sample-01,supermat,supermat,2026-09-21-supermat-extraction-gemma27b-full-01,2026-09-27-supermat-extraction-gemma27b-judge-combine-01,data/supermat/ground_truth_qualifiers.json,experiments/results/supermat/extraction/2026-09-21-supermat-extraction-gemma27b-full-01/postprocessed.json,0.547,54,643,1868,"calibration predictions use the pre-v3s supermat probe/test split, which does not match the validation sets' split; supermat numbers are invalid until a v3s rerun",584.35
0.3,,0.22136858475894244,0.4760184635056765,ntp,permuted_mean,False,2026-10-08-decision-threshold-gemma27b-qwen-2.5-7b-intercept-fit-sample-01,2026-10-08-calibration-v4-gemma27b-qwen-2.5-7b-intercept-fit-sample-01,supermat,supermat,2026-09-21-supermat-extraction-gemma27b-full-01,2026-09-27-supermat-extraction-gemma27b-judge-combine-01,data/supermat/ground_truth_qualifiers.json,experiments/results/supermat/extraction/2026-09-21-supermat-extraction-gemma27b-full-01/postprocessed.json,0.547,54,643,1868,"calibration predictions use the pre-v3s supermat probe/test split, which does not match the validation sets' split; supermat numbers are invalid until a v3s rerun",556.3
0.35,,0.2200777604976671,0.4766234144725947,ntp,permuted_mean,False,2026-10-08-decision-threshold-gemma27b-qwen-2.5-7b-intercept-fit-sample-01,2026-10-08-calibration-v4-gemma27b-qwen-2.5-7b-intercept-fit-sample-01,supermat,supermat,2026-09-21-supermat-extraction-gemma27b-full-01,2026-09-27-supermat-extraction-gemma27b-judge-combine-01,data/supermat/ground_truth_qualifiers.json,experiments/results/supermat/extraction/2026-09-21-supermat-extraction-gemma27b-full-01/postprocessed.json,0.547,54,643,1868,"calibration predictions use the pre-v3s supermat probe/test split, which does not match the validation sets' split; supermat numbers are invalid until a v3s rerun",549.3
0.4,,0.2184292379471228,0.476622657350233,ntp,permuted_mean,False,2026-10-08-decision-threshold-gemma27b-qwen-2.5-7b-intercept-fit-sample-01,2026-10-08-calibration-v4-gemma27b-qwen-2.5-7b-intercept-fit-sample-01,supermat,supermat,2026-09-21-supermat-extraction-gemma27b-full-01,2026-09-27-supermat-extraction-gemma27b-judge-combine-01,data/supermat/ground_truth_qualifiers.json,experiments/results/supermat/extraction/2026-09-21-supermat-extraction-gemma27b-full-01/postprocessed.json,0.547,54,643,1868,"calibration predictions use the pre-v3s supermat probe/test split, which does not match the validation sets' split; supermat numbers are invalid until a v3s rerun",543.3
0.45,,0.21772939346811815,0.47685152871557546,ntp,permuted_mean,False,2026-10-08-decision-threshold-gemma27b-qwen-2.5-7b-intercept-fit-sample-01,2026-10-08-calibration-v4-gemma27b-qwen-2.5-7b-intercept-fit-sample-01,supermat,supermat,2026-09-21-supermat-extraction-gemma27b-full-01,2026-09-27-supermat-extraction-gemma27b-judge-combine-01,data/supermat/ground_truth_qualifiers.json,experiments/results/supermat/extraction/2026-09-21-supermat-extraction-gemma27b-full-01/postprocessed.json,0.547,54,643,1868,"calibration predictions use the pre-v3s supermat probe/test split, which does not match the validation sets' split; supermat numbers are invalid until a v3s rerun",538.3
0.5,,0.21772939346811815,0.47685152871557546,ntp,permuted_mean,True,2026-10-08-decision-threshold-gemma27b-qwen-2.5-7b-intercept-fit-sample-01,2026-10-08-calibration-v4-gemma27b-qwen-2.5-7b-intercept-fit-sample-01,supermat,supermat,2026-09-21-supermat-extraction-gemma27b-full-01,2026-09-27-supermat-extraction-gemma27b-judge-combine-01,data/supermat/ground_truth_qualifiers.json,experiments/results/supermat/extraction/2026-09-21-supermat-extraction-gemma27b-full-01/postprocessed.json,0.547,54,643,1868,"calibration predictions use the pre-v3s supermat probe/test split, which does not match the validation sets' split; supermat numbers are invalid until a v3s rerun",538.3
0.55,,0.21625194401244166,0.47724303697095843,ntp,permuted_mean,False,2026-10-08-decision-threshold-gemma27b-qwen-2.5-7b-intercept-fit-sample-01,2026-10-08-calibration-v4-gemma27b-qwen-2.5-7b-intercept-fit-sample-01,supermat,supermat,2026-09-21-supermat-extraction-gemma27b-full-01,2026-09-27-supermat-extraction-gemma27b-judge-combine-01,data/supermat/ground_truth_qualifiers.json,experiments/results/supermat/extraction/2026-09-21-supermat-extraction-gemma27b-full-01/postprocessed.json,0.547,54,643,1868,"calibration predictions use the pre-v3s supermat probe/test split, which does not match the validation sets' split; supermat numbers are invalid until a v3s rerun",531.3
0.6,,0.21455676516329703,0.4772280078233328,ntp,permuted_mean,False,2026-10-08-decision-threshold-gemma27b-qwen-2.5-7b-intercept-fit-sample-01,2026-10-08-calibration-v4-gemma27b-qwen-2.5-7b-intercept-fit-sample-01,supermat,supermat,2026-09-21-supermat-extraction-gemma27b-full-01,2026-09-27-supermat-extraction-gemma27b-judge-combine-01,data/supermat/ground_truth_qualifiers.json,experiments/results/supermat/extraction/2026-09-21-supermat-extraction-gemma27b-full-01/postprocessed.json,0.547,54,643,1868,"calibration predictions use the pre-v3s supermat probe/test split, which does not match the validation sets' split; supermat numbers are invalid until a v3s rerun",523.27
0.65,,0.21455676516329703,0.4772280078233328,ntp,permuted_mean,False,2026-10-08-decision-threshold-gemma27b-qwen-2.5-7b-intercept-fit-sample-01,2026-10-08-calibration-v4-gemma27b-qwen-2.5-7b-intercept-fit-sample-01,supermat,supermat,2026-09-21-supermat-extraction-gemma27b-full-01,2026-09-27-supermat-extraction-gemma27b-judge-combine-01,data/supermat/ground_truth_qualifiers.json,experiments/results/supermat/extraction/2026-09-21-supermat-extraction-gemma27b-full-01/postprocessed.json,0.547,54,643,1868,"calibration predictions use the pre-v3s supermat probe/test split, which does not match the validation sets' split; supermat numbers are invalid until a v3s rerun",523.27
0.7,,0.21286158631415245,0.4773936383211813,ntp,permuted_mean,False,2026-10-08-decision-threshold-gemma27b-qwen-2.5-7b-intercept-fit-sample-01,2026-10-08-calibration-v4-gemma27b-qwen-2.5-7b-intercept-fit-sample-01,supermat,supermat,2026-09-21-supermat-extraction-gemma27b-full-01,2026-09-27-supermat-extraction-gemma27b-judge-combine-01,data/supermat/ground_truth_qualifiers.json,experiments/results/supermat/extraction/2026-09-21-supermat-extraction-gemma27b-full-01/postprocessed.json,0.547,54,643,1868,"calibration predictions use the pre-v3s supermat probe/test split, which does not match the validation sets' split; supermat numbers are invalid until a v3s rerun",514.27
0.75,,0.21286158631415245,0.4773936383211813,ntp,permuted_mean,False,2026-10-08-decision-threshold-gemma27b-qwen-2.5-7b-intercept-fit-sample-01,2026-10-08-calibration-v4-gemma27b-qwen-2.5-7b-intercept-fit-sample-01,supermat,supermat,2026-09-21-supermat-extraction-gemma27b-full-01,2026-09-27-supermat-extraction-gemma27b-judge-combine-01,data/supermat/ground_truth_qualifiers.json,experiments/results/supermat/extraction/2026-09-21-supermat-extraction-gemma27b-full-01/postprocessed.json,0.547,54,643,1868,"calibration predictions use the pre-v3s supermat probe/test split, which does not match the validation sets' split; supermat numbers are invalid until a v3s rerun",514.27
0.8,,0.20860031104199067,0.4779390681003584,ntp,permuted_mean,False,2026-10-08-decision-threshold-gemma27b-qwen-2.5-7b-intercept-fit-sample-01,2026-10-08-calibration-v4-gemma27b-qwen-2.5-7b-intercept-fit-sample-01,supermat,supermat,2026-09-21-supermat-extraction-gemma27b-full-01,2026-09-27-supermat-extraction-gemma27b-judge-combine-01,data/supermat/ground_truth_qualifiers.json,experiments/results/supermat/extraction/2026-09-21-supermat-extraction-gemma27b-full-01/postprocessed.json,0.547,54,643,1868,"calibration predictions use the pre-v3s supermat probe/test split, which does not match the validation sets' split; supermat numbers are invalid until a v3s rerun",495.25
0.85,,0.20860031104199067,0.4779390681003584,ntp,permuted_mean,False,2026-10-08-decision-threshold-gemma27b-qwen-2.5-7b-intercept-fit-sample-01,2026-10-08-calibration-v4-gemma27b-qwen-2.5-7b-intercept-fit-sample-01,supermat,supermat,2026-09-21-supermat-extraction-gemma27b-full-01,2026-09-27-supermat-extraction-gemma27b-judge-combine-01,data/supermat/ground_truth_qualifiers.json,experiments/results/supermat/extraction/2026-09-21-supermat-extraction-gemma27b-full-01/postprocessed.json,0.547,54,643,1868,"calibration predictions use the pre-v3s supermat probe/test split, which does not match the validation sets' split; supermat numbers are invalid until a v3s rerun",495.25
0.9,,0.2072317262830481,0.47800741407749014,ntp,permuted_mean,False,2026-10-08-decision-threshold-gemma27b-qwen-2.5-7b-intercept-fit-sample-01,2026-10-08-calibration-v4-gemma27b-qwen-2.5-7b-intercept-fit-sample-01,supermat,supermat,2026-09-21-supermat-extraction-gemma27b-full-01,2026-09-27-supermat-extraction-gemma27b-judge-combine-01,data/supermat/ground_truth_qualifiers.json,experiments/results/supermat/extraction/2026-09-21-supermat-extraction-gemma27b-full-01/postprocessed.json,0.547,54,643,1868,"calibration predictions use the pre-v3s supermat probe/test split, which does not match the validation sets' split; supermat numbers are invalid until a v3s rerun",487.25
0.95,,0.2050855365474338,0.4778023864222009,ntp,permuted_mean,False,2026-10-08-decision-threshold-gemma27b-qwen-2.5-7b-intercept-fit-sample-01,2026-10-08-calibration-v4-gemma27b-qwen-2.5-7b-intercept-fit-sample-01,supermat,supermat,2026-09-21-supermat-extraction-gemma27b-full-01,2026-09-27-supermat-extraction-gemma27b-judge-combine-01,data/supermat/ground_truth_qualifiers.json,experiments/results/supermat/extraction/2026-09-21-supermat-extraction-gemma27b-full-01/postprocessed.json,0.547,54,643,1868,"calibration predictions use the pre-v3s supermat probe/test split, which does not match the validation sets' split; supermat numbers are invalid until a v3s rerun",478.25
1.0,,0.0,,ntp,permuted_mean,False,2026-10-08-decision-threshold-gemma27b-qwen-2.5-7b-intercept-fit-sample-01,2026-10-08-calibration-v4-gemma27b-qwen-2.5-7b-intercept-fit-sample-01,supermat,supermat,2026-09-21-supermat-extraction-gemma27b-full-01,2026-09-27-supermat-extraction-gemma27b-judge-combine-01,data/supermat/ground_truth_qualifiers.json,experiments/results/supermat/extraction/2026-09-21-supermat-extraction-gemma27b-full-01/postprocessed.json,0.547,54,643,1868,"calibration predictions use the pre-v3s supermat probe/test split, which does not match the validation sets' split; supermat numbers are invalid until a v3s rerun",0.0
