,Test setting,Type,Accuracy,Precision,Recall,F1,AUROC,ECE
0,Syn. pond,NTP,0.8093073593073593,0.7498104624715694,0.6422077922077922,0.6918502973067506,0.87404273486254,0.14049367011267755
1,Syn. pond,Probe,0.8244588744588744,0.7464503042596349,0.7168831168831169,0.7313680026498841,0.8957494940124812,0.05063191174644526
2,Syn. nfix,NTP,0.6755753526354863,0.5652173913043478,0.11581291759465479,0.19223659889094266,0.6453576619163595,0.02794399225020862
3,Syn. nfix,Probe,0.6985894580549369,0.5754385964912281,0.36525612472160357,0.446866485013624,0.7174195564506128,0.07652537102886636
4,Real pond,NTP,0.7502511186193042,0.8542244640605297,0.6109307359307359,0.7123777473972026,0.8587749406132983,0.06786114972883692
5,Real pond,Probe,0.7246826773810611,0.6811864163920333,0.8575036075036075,0.7592429928930767,0.7980440151468448,0.07705837039023024
6,Real nfix,NTP,0.8357067510548524,0.6590198123044838,0.6810344827586207,0.6698463169051404,0.8905004605326526,0.1869452447284989
7,Real nfix,Probe,0.7797995780590717,0.5374094931617055,0.7198275862068966,0.6153846153846153,0.8433545589722596,0.11992161640146518
