,Test setting,Type,Accuracy,Precision,Recall,F1,AUROC,ECE
0,Syn. pond,NTP,0.7984848484848485,0.7711487088156723,0.5623376623376624,0.6503942921517086,0.87404273486254,0.04688341200872154
1,Syn. pond,Probe,0.8727272727272727,0.8474452554744526,0.7538961038961038,0.7979381443298968,0.9116042966773487,0.06251525213465595
2,Syn. nfix,NTP,0.674090571640683,0.625,0.0556792873051225,0.10224948875255624,0.6453576619163595,0.11290636901390139
3,Syn. nfix,Probe,0.7052709725315516,0.6192660550458715,0.30066815144766146,0.4047976011994003,0.7029528623369924,0.07771312137147009
4,Real pond,NTP,0.7560740918931922,0.8752186588921282,0.6523250760538896,0.7475099601593624,0.876014481147627,0.0819356520559423
5,Real pond,Probe,0.7320182824152033,0.7177981651376146,0.8500651890482399,0.7783525666534024,0.8063468469481035,0.07768030686420499
6,Real nfix,NTP,0.8239026063100137,0.6948470209339774,0.57114493712773,0.6269524155466764,0.8825354788482395,0.09213038327981561
7,Real nfix,Probe,0.78360768175583,0.5874912157413914,0.5532759761747187,0.5698704839809134,0.8184712249030521,0.04448763428237197
