,Test setting,Type,Accuracy,Precision,Recall,F1,AUROC,ECE
0,Syn. pond,NTP,0.7976190476190477,0.7835051546391752,0.5428571428571428,0.6413502109704642,0.87404273486254,0.1769111736223285
1,Syn. pond,Probe,0.8244588744588744,0.7464503042596349,0.7168831168831169,0.7313680026498841,0.8957493885984147,0.05063191174644526
2,Syn. nfix,NTP,0.6755753526354863,0.6764705882352942,0.051224944320712694,0.09523809523809525,0.6453576619163595,0.31292172091561904
3,Syn. nfix,Probe,0.6985894580549369,0.5754385964912281,0.36525612472160357,0.446866485013624,0.717418316377399,0.07652537102886636
4,Real pond,NTP,0.7214866222262807,0.8154875717017208,0.5087475149105368,0.6265915768854066,0.8177750252412228,0.24156148713176448
5,Real pond,Probe,0.6826773810610903,0.6114056455079524,0.84831013916501,0.710633691398118,0.7684664349656158,0.1239947232347193
6,Real nfix,NTP,0.8032700421940928,0.4444444444444444,0.4804804804804805,0.4617604617604617,0.7878353401386031,0.16885872045843886
7,Real nfix,Probe,0.7534282700421941,0.3917940466613033,0.7312312312312312,0.5102147721320063,0.8134396392553782,0.18901444340568455
