,Test setting,Type,Accuracy,Precision,Recall,F1,AUROC,ECE
0,Syn. pond,NTP,0.7976190476190477,0.7835051546391752,0.5428571428571428,0.6413502109704642,0.87404273486254,0.1769111736223285
1,Syn. pond,Probe,0.8727272727272727,0.8474452554744526,0.7538961038961038,0.7979381443298968,0.9116044020914151,0.06251525213465595
2,Syn. nfix,NTP,0.6755753526354863,0.6764705882352942,0.051224944320712694,0.09523809523809525,0.6453576619163595,0.31292172091561904
3,Syn. nfix,Probe,0.7052709725315516,0.6192660550458715,0.30066815144766146,0.4047976011994003,0.7029516222637785,0.07771312137147006
4,Real pond,NTP,0.7389944671638201,0.7962515114873036,0.637772397094431,0.7082549072331272,0.8370570002638902,0.22461171727865825
5,Real pond,Probe,0.6906422901130623,0.6429357798165137,0.8484261501210654,0.7315240083507307,0.7805360210000972,0.13252755247401973
6,Real nfix,NTP,0.7397119341563786,0.4798951048951049,0.37296195652173914,0.4197247706422018,0.7216972165436777,0.22508647187870295
7,Real nfix,Probe,0.6994170096021948,0.4012649332396346,0.38790760869565216,0.3944732297063903,0.6261388424910251,0.1602283750231127
