,Test setting,Type,Accuracy,Precision,Recall,F1,AUROC,ECE
0,Syn. pond,NTP,0.8093073593073593,0.7498104624715694,0.6422077922077922,0.6918502973067506,0.87404273486254,0.14049367011267755
1,Syn. pond,Probe,0.8244588744588744,0.7464503042596349,0.7168831168831169,0.7313680026498841,0.8957493885984147,0.05063191174644526
2,Syn. nfix,NTP,0.6755753526354863,0.5652173913043478,0.11581291759465479,0.19223659889094266,0.6453576619163595,0.02794399225020862
3,Syn. nfix,Probe,0.6985894580549369,0.5754385964912281,0.36525612472160357,0.446866485013624,0.717418316377399,0.07652537102886636
4,Real pond,NTP,0.7337229476760113,0.8610340479192938,0.5907596469977505,0.7007389162561577,0.8445531176900336,0.05772508909510483
5,Real pond,Probe,0.7205734636106291,0.6947986817595644,0.8390725038934072,0.7601504938078067,0.7872803856724757,0.05766483335018043
6,Real nfix,NTP,0.7241561181434599,0.7309697601668405,0.470785762256548,0.5727124183006536,0.7975177353567209,0.05546407668488616
7,Real nfix,Probe,0.694620253164557,0.6331456154465004,0.5285426460711887,0.5761346998535871,0.7590012384931966,0.07327627341711092
