,Test setting,Type,Accuracy,Precision,Recall,F1,AUROC,ECE
0,Syn. pond,NTP,0.6666666666666666,,0.0,,0.711910840782594,0.014034712968938939
1,Syn. pond,Probe,0.8242424242424242,0.7366710013003901,0.7357142857142858,0.7361923326835607,0.8985688986338337,0.04841000711975843
2,Syn. nfix,NTP,0.6666666666666666,,0.0,,0.6144550374254095,0.052922018756099004
3,Syn. nfix,Probe,0.6599851521900519,0.4798206278026906,0.2383073496659243,0.318452380952381,0.6340816761821618,0.12752771353991357
4,Real pond,NTP,0.4464758239114746,,0.0,,0.7640666913935472,0.22304916713508463
5,Real pond,Probe,0.6042819340870821,0.7287308228730823,0.4541503694046067,0.5595716198125836,0.7184036831812255,0.18013746347170687
6,Real nfix,NTP,0.7409122085048011,,0.0,,0.709435289861543,0.05498447990554161
7,Real nfix,Probe,0.7045610425240055,0.44130675526024365,0.5274652547981469,0.48055471811878203,0.7067909464666349,0.12668336033269428
