,Test setting,Type,Accuracy,Precision,Recall,F1,AUROC,ECE
0,Syn. pond,NTP,0.6666666666666666,,0.0,,0.711910840782594,0.05829861316892577
1,Syn. pond,Probe,0.598917748917749,0.4424843807423741,0.7818181818181819,0.5651255573808965,0.690580093607691,0.21810435669232173
2,Syn. nfix,NTP,0.6666666666666666,,0.0,,0.6144550374254095,0.023855527825594962
3,Syn. nfix,Probe,0.680029695619896,0.5235602094240838,0.44543429844098,0.48134777376654636,0.691960853368783,0.09559447031841728
4,Real pond,NTP,0.49374486348278696,,0.0,,0.7393078750462697,0.1853799109034869
5,Real pond,Probe,0.6280704958451283,0.6705309529329933,0.5216450216450217,0.5867911129146799,0.7060514722110802,0.10652710891275068
6,Real nfix,NTP,0.7552742616033755,,0.0,,0.682836918765652,0.09081516995222202
7,Real nfix,Probe,0.7560654008438819,0.5027726432532348,0.29310344827586204,0.3703199455411845,0.6882220279088808,0.05907438707044053
