,Test setting,Type,Accuracy,Precision,Recall,F1,AUROC,ECE
0,Syn. pond,NTP,0.5201298701298701,0.4072348588654426,0.964935064935065,0.5727500481788398,0.711910840782594,0.44720571216208027
1,Syn. pond,Probe,0.598917748917749,0.4424843807423741,0.7818181818181819,0.5651255573808965,0.6905801990217575,0.21810435669232173
2,Syn. nfix,NTP,0.473645137342242,0.375,0.8685968819599109,0.5238415043653458,0.6144550374254095,0.42922429935834167
3,Syn. nfix,Probe,0.680029695619896,0.5235602094240838,0.44543429844098,0.48134777376654636,0.691959613295569,0.09559447031841731
4,Real pond,NTP,0.61428180074879,0.545868427043023,0.953479125248509,0.694267515923567,0.6954864295060577,0.3440278813835109
5,Real pond,Probe,0.6342799744315588,0.6188268026895433,0.5306163021868787,0.5713368297120839,0.6960985816229124,0.09410815173988973
6,Real nfix,NTP,0.29641350210970463,0.1852201257861635,0.8843843843843844,0.3062922516900676,0.6425926886579477,0.6372745240293418
7,Real nfix,Probe,0.8003691983122363,0.41589648798521256,0.33783783783783783,0.3728251864125932,0.7408819568128591,0.0727320559725938
