,Test setting,Type,Accuracy,Precision,Recall,F1,AUROC,ECE
0,Syn. pond,NTP,0.5201298701298701,0.4072348588654426,0.964935064935065,0.5727500481788398,0.711910840782594,0.44720571216208027
1,Syn. pond,Probe,0.8242424242424242,0.7366710013003901,0.7357142857142858,0.7361923326835607,0.8985687932197673,0.04841000711975843
2,Syn. nfix,NTP,0.473645137342242,0.375,0.8685968819599109,0.5238415043653458,0.6144550374254095,0.42922429935834167
3,Syn. nfix,Probe,0.6599851521900519,0.4798206278026906,0.2383073496659243,0.318452380952381,0.6340804361089478,0.1275277135399136
4,Real pond,NTP,0.6810199663218667,0.6145026340254106,0.9602905569007264,0.7494331065759637,0.7430157084060574,0.2808171259514234
5,Real pond,Probe,0.6201587683425547,0.6694560669456067,0.4648910411622276,0.5487282080594456,0.7077833693674508,0.13535527766055988
6,Real nfix,NTP,0.39814814814814814,0.27614235500878737,0.8539402173913043,0.4173306772908367,0.6243586707219785,0.5284579183874318
7,Real nfix,Probe,0.612482853223594,0.28183831672203763,0.34578804347826086,0.310555216595485,0.521445109942162,0.22038787838184448
