,Test setting,Type,Accuracy,Precision,Recall,F1,AUROC,ECE
0,Syn. pond,NTP,0.754978354978355,0.6513353115727003,0.5701298701298702,0.6080332409972299,0.8095394459436667,0.04948967289989649
1,Syn. pond,Probe,0.7781385281385281,0.6647472808701216,0.6746753246753247,0.6696745085401226,0.8563394965424187,0.04359743177003502
2,Syn. nfix,NTP,0.682256867112101,0.5813953488372093,0.16703786191536749,0.25951557093425603,0.655935486431119,0.13597492887341547
3,Syn. nfix,Probe,0.6592427616926503,0.47844827586206895,0.24721603563474387,0.32599118942731276,0.6678501098704868,0.11625305209514132
4,Real pond,NTP,0.6479811838494708,0.965154503616042,0.6346735840899265,0.7657798643714135,0.7789376450969493,0.3106532260934214
5,Real pond,Probe,0.8239905919247354,0.9194419441944195,0.8832684824902723,0.900992282249173,0.6654241463122214,0.13520483868711078
6,Real nfix,NTP,0.4725672877846791,0.9634615384615385,0.33377748167888077,0.495794161306284,0.8000690954676773,0.40431312801663477
7,Real nfix,Probe,0.7080745341614907,0.853051996985682,0.754163890739507,0.8005657708628006,0.6783381844431632,0.16555398845298586
