,Test setting,Type,Accuracy,Precision,Recall,F1,AUROC,ECE
0,Syn. pond,NTP,0.7461038961038962,0.7818740399385561,0.33051948051948055,0.464628023733455,0.8095394459436667,0.07114006391014839
1,Syn. pond,Probe,0.7142857142857143,0.710727969348659,0.2409090909090909,0.35984481086323955,0.7438503541912632,0.09654628929210625
2,Syn. nfix,NTP,0.680029695619896,0.7045454545454546,0.06904231625835189,0.1257606490872211,0.655935486431119,0.18402592859278644
3,Syn. nfix,Probe,0.6711210096510765,0.5258620689655172,0.1358574610244989,0.21592920353982298,0.6944645611876925,0.118445170285381
4,Real pond,NTP,0.4674591980656861,0.9551318003365115,0.39920300046882323,0.5630682757480575,0.7008742847418546,0.4283789458639868
5,Real pond,Probe,0.8591577674793471,0.8646493559599264,0.9913267698077824,0.923664955771541,0.6545223282960058,0.04926884604174414
6,Real nfix,NTP,0.36189402480270577,0.8827586206896552,0.18906942392909898,0.3114355231143553,0.6323767320813112,0.4452628896806889
7,Real nfix,Probe,0.23675310033821872,,0.0,,0.7511218963213053,0.7632468716150284
