,Test setting,Type,Accuracy,Precision,Recall,F1,AUROC,ECE
0,Syn. pond,NTP,0.7461038961038962,0.7818740399385561,0.33051948051948055,0.464628023733455,0.8095394459436667,0.07114006391014839
1,Syn. pond,Probe,0.8341991341991342,0.7506476683937824,0.7525974025974026,0.751621271076524,0.8927082981953112,0.08693269921623999
2,Syn. nfix,NTP,0.680029695619896,0.7045454545454546,0.06904231625835189,0.1257606490872211,0.655935486431119,0.18402592859278644
3,Syn. nfix,Probe,0.6391982182628062,0.4509283819628647,0.37861915367483295,0.41162227602905566,0.6174436138709629,0.10272585238875055
4,Real pond,NTP,0.5115640925127402,0.9688755020080321,0.4426605504587156,0.6076826196473551,0.7334207077326342,0.40452998618313096
5,Real pond,Probe,0.8545668365346922,0.8545668365346922,1.0,0.921581061086451,0.645029550681273,0.14543315736637608
6,Real nfix,NTP,0.39337474120082816,0.8851063829787233,0.15373244641537326,0.2619647355163728,0.6995488819702139,0.4300478974289278
7,Real nfix,Probe,0.7003105590062112,0.7003105590062112,1.0,0.8237442922374429,0.6978734648392174,0.2996894337350907
