Train dataset,Test dataset,Type,Platt N,Recalibration,Fit sample,coef,intercept,Label rate,Train prevalence
pond,pond,Probe,10,intercept_fit,0,1.0,-1.9697774550256144,0.4,0.4985203973789896
pond,pond,Probe,10,intercept_fit,1,1.0,-0.467983092674762,0.4,0.4985203973789896
pond,pond,Probe,10,intercept_fit,2,1.0,-0.34407414592758945,0.5,0.4985203973789896
pond,pond,Probe,10,intercept_fit,3,1.0,-0.47551737901493385,0.4,0.4985203973789896
pond,pond,Probe,10,intercept_fit,4,1.0,-0.21539832067300782,0.6,0.4985203973789896
pond,pond,Probe,10,intercept_fit,5,1.0,-1.5735374319921813,0.3,0.4985203973789896
pond,pond,Probe,10,intercept_fit,6,1.0,2.003354511806019,0.8,0.4985203973789896
pond,pond,Probe,10,intercept_fit,7,1.0,-1.1366354217117738,0.3,0.4985203973789896
pond,pond,Probe,10,intercept_fit,8,1.0,-0.7645234776229127,0.4,0.4985203973789896
pond,pond,Probe,10,intercept_fit,9,1.0,-0.8671495357023713,0.5,0.4985203973789896
pond,pond,Probe,10,intercept_fit,10,1.0,-2.100301330766014,0.3,0.4985203973789896
pond,pond,Probe,10,intercept_fit,11,1.0,-1.452572060486555,0.3,0.4985203973789896
pond,pond,Probe,10,intercept_fit,12,1.0,-2.371801249570092,0.2,0.4985203973789896
pond,pond,Probe,10,intercept_fit,13,1.0,-1.427065953697007,0.4,0.4985203973789896
pond,pond,Probe,10,intercept_fit,14,1.0,-2.1036816028365792,0.3,0.4985203973789896
pond,pond,Probe,10,intercept_fit,15,1.0,-1.2422151144864972,0.3,0.4985203973789896
pond,pond,Probe,10,intercept_fit,16,1.0,-0.8509403571956047,0.4,0.4985203973789896
pond,pond,Probe,10,intercept_fit,18,1.0,-1.8450820035032873,0.2,0.4985203973789896
pond,pond,Probe,10,intercept_fit,19,1.0,-0.9024120840215024,0.4,0.4985203973789896
pond,pond,Probe,10,intercept_fit,20,1.0,-0.6523689575033702,0.2,0.4985203973789896
pond,pond,Probe,10,intercept_fit,21,1.0,0.10524708674494287,0.5,0.4985203973789896
pond,pond,Probe,10,intercept_fit,22,1.0,0.03759442771238271,0.7,0.4985203973789896
pond,pond,Probe,10,intercept_fit,23,1.0,-1.5139938159758273,0.5,0.4985203973789896
pond,pond,Probe,10,intercept_fit,24,1.0,-1.6558269354791455,0.3,0.4985203973789896
pond,pond,Probe,10,intercept_fit,25,1.0,-1.477515860402835,0.3,0.4985203973789896
pond,pond,Probe,10,intercept_fit,26,1.0,-0.7719849105277968,0.4,0.4985203973789896
pond,pond,Probe,10,intercept_fit,27,1.0,-4.00261564502346,0.1,0.4985203973789896
pond,pond,Probe,10,intercept_fit,28,1.0,-1.3779722872898794,0.5,0.4985203973789896
pond,pond,Probe,10,intercept_fit,29,1.0,-1.605127757433399,0.2,0.4985203973789896
pond,pond,Probe,10,intercept_fit,30,1.0,-1.0884662309568929,0.3,0.4985203973789896
pond,pond,Probe,10,intercept_fit,31,1.0,-1.0389101145641122,0.4,0.4985203973789896
pond,pond,Probe,10,intercept_fit,32,1.0,-1.0285843217604131,0.3,0.4985203973789896
pond,pond,Probe,10,intercept_fit,33,1.0,-1.3576047448951254,0.4,0.4985203973789896
pond,pond,Probe,10,intercept_fit,34,1.0,-0.7962390725652998,0.7,0.4985203973789896
pond,pond,Probe,10,intercept_fit,35,1.0,-2.3071937397484823,0.4,0.4985203973789896
pond,pond,Probe,10,intercept_fit,36,1.0,-1.8770007990665218,0.4,0.4985203973789896
pond,pond,Probe,10,intercept_fit,37,1.0,-1.9479008009179226,0.2,0.4985203973789896
pond,pond,Probe,10,intercept_fit,38,1.0,-1.7566296771299628,0.3,0.4985203973789896
pond,pond,Probe,10,intercept_fit,39,1.0,-0.5822289853311591,0.2,0.4985203973789896
pond,pond,Probe,10,intercept_fit,40,1.0,-1.8938040812133359,0.4,0.4985203973789896
pond,pond,Probe,10,intercept_fit,41,1.0,-0.667659520917361,0.5,0.4985203973789896
pond,pond,Probe,10,intercept_fit,42,1.0,-0.3667691041911894,0.7,0.4985203973789896
pond,pond,Probe,10,intercept_fit,43,1.0,-0.18082600385519493,0.5,0.4985203973789896
pond,pond,Probe,10,intercept_fit,44,1.0,-2.5922732004866202,0.2,0.4985203973789896
pond,pond,Probe,10,intercept_fit,45,1.0,0.28744578909215773,0.8,0.4985203973789896
pond,pond,Probe,10,intercept_fit,46,1.0,-2.6234242367991154,0.2,0.4985203973789896
pond,pond,Probe,10,intercept_fit,47,1.0,-1.597413578255891,0.4,0.4985203973789896
pond,pond,Probe,10,intercept_fit,48,1.0,-0.22115370161753212,0.5,0.4985203973789896
pond,pond,Probe,10,intercept_fit,49,1.0,-1.614322125558478,0.4,0.4985203973789896
pond,pond,Probe,10,intercept_fit,50,1.0,-1.6265643937362801,0.4,0.4985203973789896
pond,pond,Probe,10,intercept_fit,51,1.0,-0.7087425904517461,0.4,0.4985203973789896
pond,pond,Probe,10,intercept_fit,52,1.0,-1.1723160507366914,0.6,0.4985203973789896
pond,pond,Probe,10,intercept_fit,53,1.0,-1.3925623917756675,0.5,0.4985203973789896
pond,pond,Probe,10,intercept_fit,54,1.0,0.4704426083500155,0.7,0.4985203973789896
pond,pond,Probe,10,intercept_fit,55,1.0,-1.586582606698494,0.3,0.4985203973789896
pond,pond,Probe,10,intercept_fit,56,1.0,-1.709659906085727,0.3,0.4985203973789896
pond,pond,Probe,10,intercept_fit,57,1.0,-1.6461656037683214,0.4,0.4985203973789896
pond,pond,Probe,10,intercept_fit,58,1.0,-0.5936171835921015,0.4,0.4985203973789896
pond,pond,Probe,10,intercept_fit,59,1.0,-1.984422790467642,0.3,0.4985203973789896
pond,pond,Probe,10,intercept_fit,60,1.0,-1.3184252391566846,0.4,0.4985203973789896
pond,pond,Probe,10,intercept_fit,61,1.0,-1.0364613574522605,0.3,0.4985203973789896
pond,pond,Probe,10,intercept_fit,62,1.0,-1.6226656034545621,0.3,0.4985203973789896
pond,pond,Probe,10,intercept_fit,63,1.0,-1.3221397652397129,0.3,0.4985203973789896
pond,pond,Probe,10,intercept_fit,64,1.0,-0.07184523693474189,0.6,0.4985203973789896
pond,pond,Probe,10,intercept_fit,65,1.0,-0.7123672398531468,0.6,0.4985203973789896
pond,pond,Probe,10,intercept_fit,66,1.0,1.059516997123344,0.5,0.4985203973789896
pond,pond,Probe,10,intercept_fit,67,1.0,-1.2145837548438594,0.4,0.4985203973789896
pond,pond,Probe,10,intercept_fit,68,1.0,0.22421725846234625,0.6,0.4985203973789896
pond,pond,Probe,10,intercept_fit,69,1.0,-0.07493943942001485,0.6,0.4985203973789896
pond,pond,Probe,10,intercept_fit,70,1.0,-1.797738181997607,0.4,0.4985203973789896
pond,pond,Probe,10,intercept_fit,71,1.0,-0.7921730501851333,0.3,0.4985203973789896
pond,pond,Probe,10,intercept_fit,72,1.0,0.7179956550308947,0.7,0.4985203973789896
pond,pond,Probe,10,intercept_fit,73,1.0,-1.8750146068691134,0.3,0.4985203973789896
pond,pond,Probe,10,intercept_fit,74,1.0,-0.8983235074119258,0.5,0.4985203973789896
pond,pond,Probe,10,intercept_fit,75,1.0,-0.5939402445766717,0.7,0.4985203973789896
pond,pond,Probe,10,intercept_fit,76,1.0,-1.1200413336948545,0.4,0.4985203973789896
pond,pond,Probe,10,intercept_fit,77,1.0,-1.5522811633637719,0.5,0.4985203973789896
pond,pond,Probe,10,intercept_fit,78,1.0,-0.1136863725322665,0.7,0.4985203973789896
pond,pond,Probe,10,intercept_fit,79,1.0,-1.887403450982859,0.2,0.4985203973789896
pond,pond,Probe,10,intercept_fit,80,1.0,-0.18136367472319379,0.6,0.4985203973789896
pond,pond,Probe,10,intercept_fit,81,1.0,0.07813274762370875,0.7,0.4985203973789896
pond,pond,Probe,10,intercept_fit,82,1.0,-2.472558160732202,0.3,0.4985203973789896
pond,pond,Probe,10,intercept_fit,83,1.0,-2.191117364453472,0.3,0.4985203973789896
pond,pond,Probe,10,intercept_fit,84,1.0,-2.0405677792229038,0.3,0.4985203973789896
pond,pond,Probe,10,intercept_fit,85,1.0,0.25573413212968005,0.6,0.4985203973789896
pond,pond,Probe,10,intercept_fit,86,1.0,-0.5896326102732958,0.5,0.4985203973789896
pond,pond,Probe,10,intercept_fit,87,1.0,-0.6258245779534438,0.5,0.4985203973789896
pond,pond,Probe,10,intercept_fit,88,1.0,-2.4986800858675626,0.1,0.4985203973789896
pond,pond,Probe,10,intercept_fit,89,1.0,-0.8885387480900528,0.3,0.4985203973789896
pond,pond,Probe,10,intercept_fit,90,1.0,-1.0121593497156107,0.3,0.4985203973789896
pond,pond,Probe,10,intercept_fit,91,1.0,-1.9582584881519232,0.2,0.4985203973789896
pond,pond,Probe,10,intercept_fit,92,1.0,0.07498780447264226,0.4,0.4985203973789896
pond,pond,Probe,10,intercept_fit,93,1.0,-1.0299169141996545,0.5,0.4985203973789896
pond,pond,Probe,10,intercept_fit,94,1.0,-1.2700521830178737,0.4,0.4985203973789896
pond,pond,Probe,10,intercept_fit,95,1.0,-0.8549022045310803,0.6,0.4985203973789896
pond,pond,Probe,10,intercept_fit,96,1.0,-0.7204121611331242,0.4,0.4985203973789896
pond,pond,Probe,10,intercept_fit,97,1.0,-1.7263660746143359,0.3,0.4985203973789896
pond,pond,Probe,10,intercept_fit,98,1.0,-0.8833997248992749,0.4,0.4985203973789896
pond,pond,Probe,10,intercept_fit,99,1.0,-1.409223291526556,0.3,0.4985203973789896
pond,pond,Probe,10,intercept_fit,100,1.0,0.6621783286074996,0.6,0.4985203973789896
pond,pond,NTP,10,intercept_fit,0,1.0,-1.1201779689238895,0.4,0.4985203973789896
pond,pond,NTP,10,intercept_fit,1,1.0,-0.8616368631913502,0.4,0.4985203973789896
pond,pond,NTP,10,intercept_fit,2,1.0,0.01632697045331313,0.5,0.4985203973789896
pond,pond,NTP,10,intercept_fit,3,1.0,-1.7422964754497554,0.4,0.4985203973789896
pond,pond,NTP,10,intercept_fit,4,1.0,0.2213885056698673,0.6,0.4985203973789896
pond,pond,NTP,10,intercept_fit,5,1.0,-2.7639518818707343,0.3,0.4985203973789896
pond,pond,NTP,10,intercept_fit,6,1.0,0.7000150073650262,0.8,0.4985203973789896
pond,pond,NTP,10,intercept_fit,7,1.0,-0.6983617483582927,0.3,0.4985203973789896
pond,pond,NTP,10,intercept_fit,8,1.0,-2.4738288354424065,0.4,0.4985203973789896
pond,pond,NTP,10,intercept_fit,9,1.0,-0.3183536227870528,0.5,0.4985203973789896
pond,pond,NTP,10,intercept_fit,10,1.0,-0.903581985732344,0.3,0.4985203973789896
pond,pond,NTP,10,intercept_fit,11,1.0,-1.3138734374384424,0.3,0.4985203973789896
pond,pond,NTP,10,intercept_fit,12,1.0,-3.5206120874041003,0.2,0.4985203973789896
pond,pond,NTP,10,intercept_fit,13,1.0,-1.383104445750074,0.4,0.4985203973789896
pond,pond,NTP,10,intercept_fit,14,1.0,-2.196234820259544,0.3,0.4985203973789896
pond,pond,NTP,10,intercept_fit,15,1.0,-1.2869522064167873,0.3,0.4985203973789896
pond,pond,NTP,10,intercept_fit,16,1.0,-0.2113872497556511,0.4,0.4985203973789896
pond,pond,NTP,10,intercept_fit,18,1.0,-2.982254593842151,0.2,0.4985203973789896
pond,pond,NTP,10,intercept_fit,19,1.0,-2.426298120857167,0.4,0.4985203973789896
pond,pond,NTP,10,intercept_fit,20,1.0,-1.524279563549205,0.2,0.4985203973789896
pond,pond,NTP,10,intercept_fit,21,1.0,-0.9332917020345519,0.5,0.4985203973789896
pond,pond,NTP,10,intercept_fit,22,1.0,0.49933900882245924,0.7,0.4985203973789896
pond,pond,NTP,10,intercept_fit,23,1.0,-0.7136262582093773,0.5,0.4985203973789896
pond,pond,NTP,10,intercept_fit,24,1.0,-2.908984433621002,0.3,0.4985203973789896
pond,pond,NTP,10,intercept_fit,25,1.0,-0.9808615053832901,0.3,0.4985203973789896
pond,pond,NTP,10,intercept_fit,26,1.0,-0.5327323933458059,0.4,0.4985203973789896
pond,pond,NTP,10,intercept_fit,27,1.0,-4.629010861780287,0.1,0.4985203973789896
pond,pond,NTP,10,intercept_fit,28,1.0,-0.48959199563545863,0.5,0.4985203973789896
pond,pond,NTP,10,intercept_fit,29,1.0,-2.467066383527384,0.2,0.4985203973789896
pond,pond,NTP,10,intercept_fit,30,1.0,-2.1155243039889267,0.3,0.4985203973789896
pond,pond,NTP,10,intercept_fit,31,1.0,-1.3603725876908965,0.4,0.4985203973789896
pond,pond,NTP,10,intercept_fit,32,1.0,-1.6303409397438953,0.3,0.4985203973789896
pond,pond,NTP,10,intercept_fit,33,1.0,-0.5833974540095226,0.4,0.4985203973789896
pond,pond,NTP,10,intercept_fit,34,1.0,0.5263589479064164,0.7,0.4985203973789896
pond,pond,NTP,10,intercept_fit,35,1.0,-3.7900888508599184,0.4,0.4985203973789896
pond,pond,NTP,10,intercept_fit,36,1.0,-1.3084334928951464,0.4,0.4985203973789896
pond,pond,NTP,10,intercept_fit,37,1.0,-1.6733090866269167,0.2,0.4985203973789896
pond,pond,NTP,10,intercept_fit,38,1.0,-2.6174253480106136,0.3,0.4985203973789896
pond,pond,NTP,10,intercept_fit,39,1.0,-3.0566676792929575,0.2,0.4985203973789896
pond,pond,NTP,10,intercept_fit,40,1.0,-1.5040875034324368,0.4,0.4985203973789896
pond,pond,NTP,10,intercept_fit,41,1.0,-1.2801898258892113,0.5,0.4985203973789896
pond,pond,NTP,10,intercept_fit,42,1.0,0.14502242932222392,0.7,0.4985203973789896
pond,pond,NTP,10,intercept_fit,43,1.0,-0.4926430934929201,0.5,0.4985203973789896
pond,pond,NTP,10,intercept_fit,44,1.0,-3.846399459634887,0.2,0.4985203973789896
pond,pond,NTP,10,intercept_fit,45,1.0,0.9100997656260333,0.8,0.4985203973789896
pond,pond,NTP,10,intercept_fit,46,1.0,-5.1103575202386,0.2,0.4985203973789896
pond,pond,NTP,10,intercept_fit,47,1.0,-1.8863769501328755,0.4,0.4985203973789896
pond,pond,NTP,10,intercept_fit,48,1.0,-0.3130976527040249,0.5,0.4985203973789896
pond,pond,NTP,10,intercept_fit,49,1.0,-2.076721917621548,0.4,0.4985203973789896
pond,pond,NTP,10,intercept_fit,50,1.0,-2.5370321705086574,0.4,0.4985203973789896
pond,pond,NTP,10,intercept_fit,51,1.0,-1.9233613635765199,0.4,0.4985203973789896
pond,pond,NTP,10,intercept_fit,52,1.0,-0.5569504213273286,0.6,0.4985203973789896
pond,pond,NTP,10,intercept_fit,53,1.0,-3.150843930487878,0.5,0.4985203973789896
pond,pond,NTP,10,intercept_fit,54,1.0,0.5767753085124894,0.7,0.4985203973789896
pond,pond,NTP,10,intercept_fit,55,1.0,-1.0081457035602968,0.3,0.4985203973789896
pond,pond,NTP,10,intercept_fit,56,1.0,-2.28979996542885,0.3,0.4985203973789896
pond,pond,NTP,10,intercept_fit,57,1.0,-0.6482412253690292,0.4,0.4985203973789896
pond,pond,NTP,10,intercept_fit,58,1.0,-0.1677821657053237,0.4,0.4985203973789896
pond,pond,NTP,10,intercept_fit,59,1.0,-1.79211709938138,0.3,0.4985203973789896
pond,pond,NTP,10,intercept_fit,60,1.0,-1.0729378058476726,0.4,0.4985203973789896
pond,pond,NTP,10,intercept_fit,61,1.0,-1.2299900210768846,0.3,0.4985203973789896
pond,pond,NTP,10,intercept_fit,62,1.0,-0.6575721712457404,0.3,0.4985203973789896
pond,pond,NTP,10,intercept_fit,63,1.0,-1.3694548145808976,0.3,0.4985203973789896
pond,pond,NTP,10,intercept_fit,64,1.0,-0.3380958508702647,0.6,0.4985203973789896
pond,pond,NTP,10,intercept_fit,65,1.0,-0.36157986488739774,0.6,0.4985203973789896
pond,pond,NTP,10,intercept_fit,66,1.0,0.015074769164191305,0.5,0.4985203973789896
pond,pond,NTP,10,intercept_fit,67,1.0,-0.5698164896082709,0.4,0.4985203973789896
pond,pond,NTP,10,intercept_fit,68,1.0,-0.14209373514107904,0.6,0.4985203973789896
pond,pond,NTP,10,intercept_fit,69,1.0,0.2394795753592736,0.6,0.4985203973789896
pond,pond,NTP,10,intercept_fit,70,1.0,-1.0760851701676912,0.4,0.4985203973789896
pond,pond,NTP,10,intercept_fit,71,1.0,-0.8441959038607296,0.3,0.4985203973789896
pond,pond,NTP,10,intercept_fit,72,1.0,0.0748529948686231,0.7,0.4985203973789896
pond,pond,NTP,10,intercept_fit,73,1.0,-1.3720912130123168,0.3,0.4985203973789896
pond,pond,NTP,10,intercept_fit,74,1.0,-3.5897488698646702,0.5,0.4985203973789896
pond,pond,NTP,10,intercept_fit,75,1.0,-1.094877450388398,0.7,0.4985203973789896
pond,pond,NTP,10,intercept_fit,76,1.0,-2.4636283027114945,0.4,0.4985203973789896
pond,pond,NTP,10,intercept_fit,77,1.0,-1.4906890494147091,0.5,0.4985203973789896
pond,pond,NTP,10,intercept_fit,78,1.0,0.37554601750487776,0.7,0.4985203973789896
pond,pond,NTP,10,intercept_fit,79,1.0,-2.246279924758626,0.2,0.4985203973789896
pond,pond,NTP,10,intercept_fit,80,1.0,-2.0038874234911117,0.6,0.4985203973789896
pond,pond,NTP,10,intercept_fit,81,1.0,-0.5341721984494545,0.7,0.4985203973789896
pond,pond,NTP,10,intercept_fit,82,1.0,-3.9918285238633895,0.3,0.4985203973789896
pond,pond,NTP,10,intercept_fit,83,1.0,-2.091426894024329,0.3,0.4985203973789896
pond,pond,NTP,10,intercept_fit,84,1.0,-1.1298503837394718,0.3,0.4985203973789896
pond,pond,NTP,10,intercept_fit,85,1.0,0.7307022223391932,0.6,0.4985203973789896
pond,pond,NTP,10,intercept_fit,86,1.0,-0.5074963053346142,0.5,0.4985203973789896
pond,pond,NTP,10,intercept_fit,87,1.0,-0.13990408434731674,0.5,0.4985203973789896
pond,pond,NTP,10,intercept_fit,88,1.0,-3.251556339978766,0.1,0.4985203973789896
pond,pond,NTP,10,intercept_fit,89,1.0,-2.1026968566872446,0.3,0.4985203973789896
pond,pond,NTP,10,intercept_fit,90,1.0,-1.2924806145695193,0.3,0.4985203973789896
pond,pond,NTP,10,intercept_fit,91,1.0,-2.280329551932861,0.2,0.4985203973789896
pond,pond,NTP,10,intercept_fit,92,1.0,-1.7987577201084313,0.4,0.4985203973789896
pond,pond,NTP,10,intercept_fit,93,1.0,-2.0458507739633105,0.5,0.4985203973789896
pond,pond,NTP,10,intercept_fit,94,1.0,-1.6937121238182484,0.4,0.4985203973789896
pond,pond,NTP,10,intercept_fit,95,1.0,-0.9214839485591168,0.6,0.4985203973789896
pond,pond,NTP,10,intercept_fit,96,1.0,-0.5409396127169442,0.4,0.4985203973789896
pond,pond,NTP,10,intercept_fit,97,1.0,-1.0375403606172164,0.3,0.4985203973789896
pond,pond,NTP,10,intercept_fit,98,1.0,0.014721223105301925,0.4,0.4985203973789896
pond,pond,NTP,10,intercept_fit,99,1.0,-1.4646454939736493,0.3,0.4985203973789896
pond,pond,NTP,10,intercept_fit,100,1.0,-1.778604824535051,0.6,0.4985203973789896
pond,pond,Probe,50,intercept_fit,0,1.0,-1.4861725503870984,0.34,0.4985203973789896
pond,pond,Probe,50,intercept_fit,1,1.0,-1.6891261599118084,0.26,0.4985203973789896
pond,pond,Probe,50,intercept_fit,2,1.0,-0.8502311882298625,0.52,0.4985203973789896
pond,pond,Probe,50,intercept_fit,3,1.0,-0.6478582397773767,0.38,0.4985203973789896
pond,pond,Probe,50,intercept_fit,4,1.0,-0.47874819178227235,0.48,0.4985203973789896
pond,pond,Probe,50,intercept_fit,5,1.0,-1.526336837007416,0.26,0.4985203973789896
pond,pond,Probe,50,intercept_fit,6,1.0,-2.2738115745032252,0.26,0.4985203973789896
pond,pond,Probe,50,intercept_fit,7,1.0,-0.7321046504795395,0.46,0.4985203973789896
pond,pond,Probe,50,intercept_fit,8,1.0,-1.7031370746877237,0.32,0.4985203973789896
pond,pond,Probe,50,intercept_fit,9,1.0,-1.5289279648375893,0.36,0.4985203973789896
pond,pond,Probe,50,intercept_fit,10,1.0,-1.6349220067559609,0.38,0.4985203973789896
pond,pond,Probe,50,intercept_fit,11,1.0,-0.8647929961640162,0.46,0.4985203973789896
pond,pond,Probe,50,intercept_fit,12,1.0,-1.057527882449588,0.28,0.4985203973789896
pond,pond,Probe,50,intercept_fit,13,1.0,-1.506628478462546,0.4,0.4985203973789896
pond,pond,Probe,50,intercept_fit,14,1.0,-1.6195100916598966,0.32,0.4985203973789896
pond,pond,Probe,50,intercept_fit,15,1.0,-0.2995903154601795,0.46,0.4985203973789896
pond,pond,Probe,50,intercept_fit,16,1.0,-1.391355675823692,0.38,0.4985203973789896
pond,pond,Probe,50,intercept_fit,17,1.0,-2.2722166346767083,0.24,0.4985203973789896
pond,pond,Probe,50,intercept_fit,18,1.0,-1.265517987699996,0.3,0.4985203973789896
pond,pond,Probe,50,intercept_fit,19,1.0,-1.280701773626578,0.44,0.4985203973789896
pond,pond,Probe,50,intercept_fit,20,1.0,-0.39126192765205997,0.44,0.4985203973789896
pond,pond,Probe,50,intercept_fit,21,1.0,-1.1054960546170918,0.32,0.4985203973789896
pond,pond,Probe,50,intercept_fit,22,1.0,-0.5202043601702593,0.54,0.4985203973789896
pond,pond,Probe,50,intercept_fit,23,1.0,-1.5656457351917252,0.38,0.4985203973789896
pond,pond,Probe,50,intercept_fit,24,1.0,-0.6308633519163265,0.5,0.4985203973789896
pond,pond,Probe,50,intercept_fit,25,1.0,-0.9037329528029683,0.34,0.4985203973789896
pond,pond,Probe,50,intercept_fit,26,1.0,-1.4638969226527827,0.38,0.4985203973789896
pond,pond,Probe,50,intercept_fit,27,1.0,-1.234951886125036,0.36,0.4985203973789896
pond,pond,Probe,50,intercept_fit,28,1.0,-0.9614342754372778,0.48,0.4985203973789896
pond,pond,Probe,50,intercept_fit,29,1.0,-0.8347915207021126,0.48,0.4985203973789896
pond,pond,Probe,50,intercept_fit,30,1.0,-0.5922387830212227,0.48,0.4985203973789896
pond,pond,Probe,50,intercept_fit,31,1.0,-0.7959502431587848,0.36,0.4985203973789896
pond,pond,Probe,50,intercept_fit,32,1.0,0.49922752231583994,0.64,0.4985203973789896
pond,pond,Probe,50,intercept_fit,33,1.0,-0.9525696019907659,0.42,0.4985203973789896
pond,pond,Probe,50,intercept_fit,34,1.0,-0.15311795728905078,0.56,0.4985203973789896
pond,pond,Probe,50,intercept_fit,35,1.0,-1.030188551453957,0.48,0.4985203973789896
pond,pond,Probe,50,intercept_fit,36,1.0,-0.5670777483290712,0.54,0.4985203973789896
pond,pond,Probe,50,intercept_fit,37,1.0,-1.4708652059775278,0.36,0.4985203973789896
pond,pond,Probe,50,intercept_fit,38,1.0,-0.30452490370751234,0.5,0.4985203973789896
pond,pond,Probe,50,intercept_fit,39,1.0,-1.104175624112762,0.38,0.4985203973789896
pond,pond,Probe,50,intercept_fit,40,1.0,-0.8458361107111879,0.6,0.4985203973789896
pond,pond,Probe,50,intercept_fit,41,1.0,-0.8154974274560177,0.4,0.4985203973789896
pond,pond,Probe,50,intercept_fit,42,1.0,-0.931941147529315,0.44,0.4985203973789896
pond,pond,Probe,50,intercept_fit,43,1.0,-0.4234752025520239,0.52,0.4985203973789896
pond,pond,Probe,50,intercept_fit,44,1.0,-0.9063944506968534,0.38,0.4985203973789896
pond,pond,Probe,50,intercept_fit,45,1.0,-0.36302662486890036,0.7,0.4985203973789896
pond,pond,Probe,50,intercept_fit,46,1.0,-0.7490972828798083,0.52,0.4985203973789896
pond,pond,Probe,50,intercept_fit,47,1.0,-1.4312229796544464,0.4,0.4985203973789896
pond,pond,Probe,50,intercept_fit,48,1.0,-1.0653662589642767,0.4,0.4985203973789896
pond,pond,Probe,50,intercept_fit,49,1.0,-1.0234953983908182,0.38,0.4985203973789896
pond,pond,Probe,50,intercept_fit,50,1.0,-1.1306682220180129,0.42,0.4985203973789896
pond,pond,Probe,50,intercept_fit,51,1.0,-0.6794070955942666,0.5,0.4985203973789896
pond,pond,Probe,50,intercept_fit,52,1.0,-1.3589872116976014,0.54,0.4985203973789896
pond,pond,Probe,50,intercept_fit,53,1.0,-0.8173039252756934,0.36,0.4985203973789896
pond,pond,Probe,50,intercept_fit,54,1.0,-0.3110551816267601,0.6,0.4985203973789896
pond,pond,Probe,50,intercept_fit,55,1.0,-1.1216201257580432,0.4,0.4985203973789896
pond,pond,Probe,50,intercept_fit,56,1.0,-1.9710942006831693,0.28,0.4985203973789896
pond,pond,Probe,50,intercept_fit,57,1.0,-0.6680068109608102,0.52,0.4985203973789896
pond,pond,Probe,50,intercept_fit,58,1.0,-0.7204364782796296,0.44,0.4985203973789896
pond,pond,Probe,50,intercept_fit,59,1.0,-1.1092084005859455,0.4,0.4985203973789896
pond,pond,Probe,50,intercept_fit,60,1.0,-1.067594254613467,0.44,0.4985203973789896
pond,pond,Probe,50,intercept_fit,61,1.0,-0.9380660936292738,0.44,0.4985203973789896
pond,pond,Probe,50,intercept_fit,62,1.0,-1.598652828211116,0.34,0.4985203973789896
pond,pond,Probe,50,intercept_fit,63,1.0,-0.9635478936354924,0.5,0.4985203973789896
pond,pond,Probe,50,intercept_fit,64,1.0,-0.9124838875173139,0.42,0.4985203973789896
pond,pond,Probe,50,intercept_fit,65,1.0,-0.20149945780641568,0.42,0.4985203973789896
pond,pond,Probe,50,intercept_fit,66,1.0,-1.2468851905963854,0.4,0.4985203973789896
pond,pond,Probe,50,intercept_fit,67,1.0,-0.846058377627388,0.5,0.4985203973789896
pond,pond,Probe,50,intercept_fit,68,1.0,-1.373932590016995,0.4,0.4985203973789896
pond,pond,Probe,50,intercept_fit,69,1.0,-0.335231552606872,0.52,0.4985203973789896
pond,pond,Probe,50,intercept_fit,70,1.0,-0.4351760411150837,0.44,0.4985203973789896
pond,pond,Probe,50,intercept_fit,71,1.0,-0.9542553598322185,0.44,0.4985203973789896
pond,pond,Probe,50,intercept_fit,72,1.0,-0.24591049519297536,0.6,0.4985203973789896
pond,pond,Probe,50,intercept_fit,73,1.0,-1.903059479493114,0.34,0.4985203973789896
pond,pond,Probe,50,intercept_fit,74,1.0,-0.48653143670148236,0.48,0.4985203973789896
pond,pond,Probe,50,intercept_fit,75,1.0,-0.8385901436394423,0.58,0.4985203973789896
pond,pond,Probe,50,intercept_fit,76,1.0,-0.7343791425265093,0.3,0.4985203973789896
pond,pond,Probe,50,intercept_fit,77,1.0,-1.978408399685512,0.38,0.4985203973789896
pond,pond,Probe,50,intercept_fit,78,1.0,-0.8582796775130128,0.58,0.4985203973789896
pond,pond,Probe,50,intercept_fit,79,1.0,-0.9876747483033382,0.36,0.4985203973789896
pond,pond,Probe,50,intercept_fit,80,1.0,-0.40530830907154436,0.52,0.4985203973789896
pond,pond,Probe,50,intercept_fit,81,1.0,-0.15307381236736303,0.62,0.4985203973789896
pond,pond,Probe,50,intercept_fit,82,1.0,-1.3619756732206827,0.4,0.4985203973789896
pond,pond,Probe,50,intercept_fit,83,1.0,-0.5714273895106882,0.44,0.4985203973789896
pond,pond,Probe,50,intercept_fit,84,1.0,-0.7156958102977385,0.48,0.4985203973789896
pond,pond,Probe,50,intercept_fit,85,1.0,0.373889031961568,0.7,0.4985203973789896
pond,pond,Probe,50,intercept_fit,86,1.0,-1.3103166310260754,0.48,0.4985203973789896
pond,pond,Probe,50,intercept_fit,87,1.0,-0.984813935827321,0.54,0.4985203973789896
pond,pond,Probe,50,intercept_fit,88,1.0,-1.1096457883197945,0.4,0.4985203973789896
pond,pond,Probe,50,intercept_fit,89,1.0,-0.794059751836132,0.44,0.4985203973789896
pond,pond,Probe,50,intercept_fit,90,1.0,-1.9978938077464468,0.3,0.4985203973789896
pond,pond,Probe,50,intercept_fit,91,1.0,-0.021145769255513834,0.48,0.4985203973789896
pond,pond,Probe,50,intercept_fit,92,1.0,-0.9538757031108789,0.32,0.4985203973789896
pond,pond,Probe,50,intercept_fit,93,1.0,-1.2689982465688718,0.38,0.4985203973789896
pond,pond,Probe,50,intercept_fit,94,1.0,-0.9411832298755757,0.48,0.4985203973789896
pond,pond,Probe,50,intercept_fit,95,1.0,-0.38978090746321586,0.58,0.4985203973789896
pond,pond,Probe,50,intercept_fit,96,1.0,-0.06296235117170962,0.54,0.4985203973789896
pond,pond,Probe,50,intercept_fit,97,1.0,-0.7673411418277466,0.52,0.4985203973789896
pond,pond,Probe,50,intercept_fit,98,1.0,-0.8532606157124144,0.48,0.4985203973789896
pond,pond,Probe,50,intercept_fit,99,1.0,-1.1010424739653641,0.48,0.4985203973789896
pond,pond,NTP,50,intercept_fit,0,1.0,-1.5003092154481155,0.34,0.4985203973789896
pond,pond,NTP,50,intercept_fit,1,1.0,-1.5005092743848731,0.26,0.4985203973789896
pond,pond,NTP,50,intercept_fit,2,1.0,-0.4468533245848595,0.52,0.4985203973789896
pond,pond,NTP,50,intercept_fit,3,1.0,-1.322935905167063,0.38,0.4985203973789896
pond,pond,NTP,50,intercept_fit,4,1.0,-0.24329503341154524,0.48,0.4985203973789896
pond,pond,NTP,50,intercept_fit,5,1.0,-1.8025377193594974,0.26,0.4985203973789896
pond,pond,NTP,50,intercept_fit,6,1.0,-3.151078751177942,0.26,0.4985203973789896
pond,pond,NTP,50,intercept_fit,7,1.0,-1.0093970180069856,0.46,0.4985203973789896
pond,pond,NTP,50,intercept_fit,8,1.0,-2.0850673762804717,0.32,0.4985203973789896
pond,pond,NTP,50,intercept_fit,9,1.0,-1.7052719344585754,0.36,0.4985203973789896
pond,pond,NTP,50,intercept_fit,10,1.0,-1.0546510326865424,0.38,0.4985203973789896
pond,pond,NTP,50,intercept_fit,11,1.0,-0.32649006047621565,0.46,0.4985203973789896
pond,pond,NTP,50,intercept_fit,12,1.0,-1.091159296116071,0.28,0.4985203973789896
pond,pond,NTP,50,intercept_fit,13,1.0,-1.2387285721617818,0.4,0.4985203973789896
pond,pond,NTP,50,intercept_fit,14,1.0,-1.4612701774636099,0.32,0.4985203973789896
pond,pond,NTP,50,intercept_fit,15,1.0,-0.5684685422426407,0.46,0.4985203973789896
pond,pond,NTP,50,intercept_fit,16,1.0,-1.2971582570427431,0.38,0.4985203973789896
pond,pond,NTP,50,intercept_fit,17,1.0,-2.420560407831909,0.24,0.4985203973789896
pond,pond,NTP,50,intercept_fit,18,1.0,-1.145437094377403,0.3,0.4985203973789896
pond,pond,NTP,50,intercept_fit,19,1.0,-1.1211072477402544,0.44,0.4985203973789896
pond,pond,NTP,50,intercept_fit,20,1.0,-1.0568807619607734,0.44,0.4985203973789896
pond,pond,NTP,50,intercept_fit,21,1.0,-1.5280300867517234,0.32,0.4985203973789896
pond,pond,NTP,50,intercept_fit,22,1.0,-0.08760469807443781,0.54,0.4985203973789896
pond,pond,NTP,50,intercept_fit,23,1.0,-1.8057241786306348,0.38,0.4985203973789896
pond,pond,NTP,50,intercept_fit,24,1.0,-0.47110943010009904,0.5,0.4985203973789896
pond,pond,NTP,50,intercept_fit,25,1.0,-1.2566542534624459,0.34,0.4985203973789896
pond,pond,NTP,50,intercept_fit,26,1.0,-1.2903013419232847,0.38,0.4985203973789896
pond,pond,NTP,50,intercept_fit,27,1.0,-1.5355837650001563,0.36,0.4985203973789896
pond,pond,NTP,50,intercept_fit,28,1.0,-0.5653071166588047,0.48,0.4985203973789896
pond,pond,NTP,50,intercept_fit,29,1.0,-0.6731663708861595,0.48,0.4985203973789896
pond,pond,NTP,50,intercept_fit,30,1.0,-0.5020924261262063,0.48,0.4985203973789896
pond,pond,NTP,50,intercept_fit,31,1.0,-0.9672652690936459,0.36,0.4985203973789896
pond,pond,NTP,50,intercept_fit,32,1.0,0.6782111571393991,0.64,0.4985203973789896
pond,pond,NTP,50,intercept_fit,33,1.0,-0.6483602078438199,0.42,0.4985203973789896
pond,pond,NTP,50,intercept_fit,34,1.0,-0.30467569449192766,0.56,0.4985203973789896
pond,pond,NTP,50,intercept_fit,35,1.0,-0.8007873875600238,0.48,0.4985203973789896
pond,pond,NTP,50,intercept_fit,36,1.0,-0.2433368487592477,0.54,0.4985203973789896
pond,pond,NTP,50,intercept_fit,37,1.0,-1.0183554807875321,0.36,0.4985203973789896
pond,pond,NTP,50,intercept_fit,38,1.0,-0.9197068123016355,0.5,0.4985203973789896
pond,pond,NTP,50,intercept_fit,39,1.0,-1.4573296036682675,0.38,0.4985203973789896
pond,pond,NTP,50,intercept_fit,40,1.0,-0.1807419794394953,0.6,0.4985203973789896
pond,pond,NTP,50,intercept_fit,41,1.0,-0.5642421638106864,0.4,0.4985203973789896
pond,pond,NTP,50,intercept_fit,42,1.0,-1.1587806173300785,0.44,0.4985203973789896
pond,pond,NTP,50,intercept_fit,43,1.0,-0.03812433089990951,0.52,0.4985203973789896
pond,pond,NTP,50,intercept_fit,44,1.0,-1.1385519683430596,0.38,0.4985203973789896
pond,pond,NTP,50,intercept_fit,45,1.0,0.25722714390704304,0.7,0.4985203973789896
pond,pond,NTP,50,intercept_fit,46,1.0,-0.8105484775290185,0.52,0.4985203973789896
pond,pond,NTP,50,intercept_fit,47,1.0,-1.3096948726007749,0.4,0.4985203973789896
pond,pond,NTP,50,intercept_fit,48,1.0,-1.1573390171095208,0.4,0.4985203973789896
pond,pond,NTP,50,intercept_fit,49,1.0,-0.699384856215254,0.38,0.4985203973789896
pond,pond,NTP,50,intercept_fit,50,1.0,-1.6650329168289375,0.42,0.4985203973789896
pond,pond,NTP,50,intercept_fit,51,1.0,-0.12046273214377691,0.5,0.4985203973789896
pond,pond,NTP,50,intercept_fit,52,1.0,-0.8432869770233938,0.54,0.4985203973789896
pond,pond,NTP,50,intercept_fit,53,1.0,-1.1071172592840448,0.36,0.4985203973789896
pond,pond,NTP,50,intercept_fit,54,1.0,-0.668862339774346,0.6,0.4985203973789896
pond,pond,NTP,50,intercept_fit,55,1.0,-1.4225858398345452,0.4,0.4985203973789896
pond,pond,NTP,50,intercept_fit,56,1.0,-1.9216712181901137,0.28,0.4985203973789896
pond,pond,NTP,50,intercept_fit,57,1.0,-0.9779546706534967,0.52,0.4985203973789896
pond,pond,NTP,50,intercept_fit,58,1.0,-0.3812029607839734,0.44,0.4985203973789896
pond,pond,NTP,50,intercept_fit,59,1.0,-1.450354009518726,0.4,0.4985203973789896
pond,pond,NTP,50,intercept_fit,60,1.0,-1.1941613503592097,0.44,0.4985203973789896
pond,pond,NTP,50,intercept_fit,61,1.0,-0.7207864632187194,0.44,0.4985203973789896
pond,pond,NTP,50,intercept_fit,62,1.0,-1.7874647415764673,0.34,0.4985203973789896
pond,pond,NTP,50,intercept_fit,63,1.0,-0.42582177057989484,0.5,0.4985203973789896
pond,pond,NTP,50,intercept_fit,64,1.0,-1.1592190226479016,0.42,0.4985203973789896
pond,pond,NTP,50,intercept_fit,65,1.0,-0.4604338899024429,0.42,0.4985203973789896
pond,pond,NTP,50,intercept_fit,66,1.0,-1.1419837700759494,0.4,0.4985203973789896
pond,pond,NTP,50,intercept_fit,67,1.0,-0.5813143270892871,0.5,0.4985203973789896
pond,pond,NTP,50,intercept_fit,68,1.0,-2.112013576146967,0.4,0.4985203973789896
pond,pond,NTP,50,intercept_fit,69,1.0,-0.22500643505928541,0.52,0.4985203973789896
pond,pond,NTP,50,intercept_fit,70,1.0,-0.22145040685155165,0.44,0.4985203973789896
pond,pond,NTP,50,intercept_fit,71,1.0,-0.7395484934720581,0.44,0.4985203973789896
pond,pond,NTP,50,intercept_fit,72,1.0,-0.4085031729366442,0.6,0.4985203973789896
pond,pond,NTP,50,intercept_fit,73,1.0,-3.0380166938089954,0.34,0.4985203973789896
pond,pond,NTP,50,intercept_fit,74,1.0,-0.559840576173345,0.48,0.4985203973789896
pond,pond,NTP,50,intercept_fit,75,1.0,-0.3479654286522922,0.58,0.4985203973789896
pond,pond,NTP,50,intercept_fit,76,1.0,-1.0057559579086794,0.3,0.4985203973789896
pond,pond,NTP,50,intercept_fit,77,1.0,-1.772375087714704,0.38,0.4985203973789896
pond,pond,NTP,50,intercept_fit,78,1.0,-0.6662138056395104,0.58,0.4985203973789896
pond,pond,NTP,50,intercept_fit,79,1.0,-0.8531130816592758,0.36,0.4985203973789896
pond,pond,NTP,50,intercept_fit,80,1.0,-0.3085247516259875,0.52,0.4985203973789896
pond,pond,NTP,50,intercept_fit,81,1.0,-0.025975495035592724,0.62,0.4985203973789896
pond,pond,NTP,50,intercept_fit,82,1.0,-2.1218631019588026,0.4,0.4985203973789896
pond,pond,NTP,50,intercept_fit,83,1.0,-0.8097609607790365,0.44,0.4985203973789896
pond,pond,NTP,50,intercept_fit,84,1.0,-0.5471512914822814,0.48,0.4985203973789896
pond,pond,NTP,50,intercept_fit,85,1.0,0.8028770287654401,0.7,0.4985203973789896
pond,pond,NTP,50,intercept_fit,86,1.0,-1.0683104575044582,0.48,0.4985203973789896
pond,pond,NTP,50,intercept_fit,87,1.0,-0.6089680245666623,0.54,0.4985203973789896
pond,pond,NTP,50,intercept_fit,88,1.0,-1.1580871868150828,0.4,0.4985203973789896
pond,pond,NTP,50,intercept_fit,89,1.0,-0.9870412415694634,0.44,0.4985203973789896
pond,pond,NTP,50,intercept_fit,90,1.0,-2.902929180755119,0.3,0.4985203973789896
pond,pond,NTP,50,intercept_fit,91,1.0,-0.8294061553796449,0.48,0.4985203973789896
pond,pond,NTP,50,intercept_fit,92,1.0,-0.9990285883113096,0.32,0.4985203973789896
pond,pond,NTP,50,intercept_fit,93,1.0,-1.5183570102119697,0.38,0.4985203973789896
pond,pond,NTP,50,intercept_fit,94,1.0,-0.6779621834959811,0.48,0.4985203973789896
pond,pond,NTP,50,intercept_fit,95,1.0,-0.38637268633655325,0.58,0.4985203973789896
pond,pond,NTP,50,intercept_fit,96,1.0,0.10303187392639652,0.54,0.4985203973789896
pond,pond,NTP,50,intercept_fit,97,1.0,-0.7977606154051878,0.52,0.4985203973789896
pond,pond,NTP,50,intercept_fit,98,1.0,-0.4428789992953755,0.48,0.4985203973789896
pond,pond,NTP,50,intercept_fit,99,1.0,-1.2480053309994859,0.48,0.4985203973789896
pond,pond,Probe,100,intercept_fit,0,1.0,-1.6193950278246712,0.41,0.4985203973789896
pond,pond,Probe,100,intercept_fit,1,1.0,-1.1027752764328103,0.39,0.4985203973789896
pond,pond,Probe,100,intercept_fit,2,1.0,-1.002219492001791,0.51,0.4985203973789896
pond,pond,Probe,100,intercept_fit,3,1.0,-2.0096488176215352,0.25,0.4985203973789896
pond,pond,Probe,100,intercept_fit,4,1.0,0.061682242548391004,0.55,0.4985203973789896
pond,pond,Probe,100,intercept_fit,5,1.0,-1.0250188720309044,0.32,0.4985203973789896
pond,pond,Probe,100,intercept_fit,6,1.0,-1.479146617948639,0.38,0.4985203973789896
pond,pond,Probe,100,intercept_fit,7,1.0,-0.6227093225981322,0.47,0.4985203973789896
pond,pond,Probe,100,intercept_fit,8,1.0,-0.7425195409873179,0.46,0.4985203973789896
pond,pond,Probe,100,intercept_fit,9,1.0,-1.4308416229792833,0.37,0.4985203973789896
pond,pond,Probe,100,intercept_fit,10,1.0,-1.1121286723935229,0.44,0.4985203973789896
pond,pond,Probe,100,intercept_fit,11,1.0,-0.38543000712086756,0.51,0.4985203973789896
pond,pond,Probe,100,intercept_fit,12,1.0,-0.9172761112143486,0.4,0.4985203973789896
pond,pond,Probe,100,intercept_fit,13,1.0,-0.7403579553142069,0.51,0.4985203973789896
pond,pond,Probe,100,intercept_fit,14,1.0,-1.648794604873186,0.31,0.4985203973789896
pond,pond,Probe,100,intercept_fit,15,1.0,-0.464131008636191,0.49,0.4985203973789896
pond,pond,Probe,100,intercept_fit,16,1.0,-0.5264766504702603,0.56,0.4985203973789896
pond,pond,Probe,100,intercept_fit,17,1.0,-1.7458468053596792,0.31,0.4985203973789896
pond,pond,Probe,100,intercept_fit,18,1.0,-1.170630390136132,0.41,0.4985203973789896
pond,pond,Probe,100,intercept_fit,19,1.0,-1.5161157467687771,0.39,0.4985203973789896
pond,pond,Probe,100,intercept_fit,20,1.0,-0.06667080416517981,0.47,0.4985203973789896
pond,pond,Probe,100,intercept_fit,21,1.0,-1.62998882865713,0.3,0.4985203973789896
pond,pond,Probe,100,intercept_fit,22,1.0,-0.27689405217227064,0.59,0.4985203973789896
pond,pond,Probe,100,intercept_fit,23,1.0,-1.767795931170534,0.32,0.4985203973789896
pond,pond,Probe,100,intercept_fit,24,1.0,-0.5083499070290219,0.51,0.4985203973789896
pond,pond,Probe,100,intercept_fit,25,1.0,-0.6570823971567061,0.36,0.4985203973789896
pond,pond,Probe,100,intercept_fit,26,1.0,-1.1436367397656455,0.47,0.4985203973789896
pond,pond,Probe,100,intercept_fit,27,1.0,-1.644944330376085,0.3,0.4985203973789896
pond,pond,Probe,100,intercept_fit,28,1.0,-0.6832736424207364,0.53,0.4985203973789896
pond,pond,Probe,100,intercept_fit,29,1.0,-1.383108670272493,0.36,0.4985203973789896
pond,pond,Probe,100,intercept_fit,30,1.0,-0.05793500547667899,0.58,0.4985203973789896
pond,pond,Probe,100,intercept_fit,31,1.0,-1.0005868296147333,0.37,0.4985203973789896
pond,pond,Probe,100,intercept_fit,32,1.0,-0.7708978043018188,0.43,0.4985203973789896
pond,pond,Probe,100,intercept_fit,33,1.0,-1.1522064811058672,0.42,0.4985203973789896
pond,pond,Probe,100,intercept_fit,34,1.0,-0.7365603353833411,0.46,0.4985203973789896
pond,pond,Probe,100,intercept_fit,35,1.0,-1.8343981988042615,0.31,0.4985203973789896
pond,pond,Probe,100,intercept_fit,36,1.0,-1.0987449038655472,0.48,0.4985203973789896
pond,pond,Probe,100,intercept_fit,37,1.0,-0.8976356116266617,0.4,0.4985203973789896
pond,pond,Probe,100,intercept_fit,38,1.0,-1.0716226896465115,0.36,0.4985203973789896
pond,pond,Probe,100,intercept_fit,39,1.0,-1.532763520071307,0.25,0.4985203973789896
pond,pond,Probe,100,intercept_fit,40,1.0,-1.2158241148231654,0.46,0.4985203973789896
pond,pond,Probe,100,intercept_fit,41,1.0,-0.6547103587364311,0.46,0.4985203973789896
pond,pond,Probe,100,intercept_fit,42,1.0,-1.0887466022514543,0.42,0.4985203973789896
pond,pond,Probe,100,intercept_fit,43,1.0,-0.7795992618681259,0.53,0.4985203973789896
pond,pond,Probe,100,intercept_fit,44,1.0,-1.2903566798941484,0.36,0.4985203973789896
pond,pond,Probe,100,intercept_fit,45,1.0,-0.471377412892901,0.62,0.4985203973789896
pond,pond,Probe,100,intercept_fit,46,1.0,-1.5729948552265953,0.37,0.4985203973789896
pond,pond,Probe,100,intercept_fit,47,1.0,-1.4644864341632895,0.38,0.4985203973789896
pond,pond,Probe,100,intercept_fit,48,1.0,-0.6058417817235465,0.41,0.4985203973789896
pond,pond,Probe,100,intercept_fit,49,1.0,-1.5302701016301992,0.27,0.4985203973789896
pond,pond,Probe,100,intercept_fit,50,1.0,-1.1652939482713711,0.41,0.4985203973789896
pond,pond,Probe,100,intercept_fit,51,1.0,-0.91989911148706,0.41,0.4985203973789896
pond,pond,Probe,100,intercept_fit,52,1.0,-1.3740152045737053,0.47,0.4985203973789896
pond,pond,Probe,100,intercept_fit,53,1.0,-0.7999831701372168,0.47,0.4985203973789896
pond,pond,Probe,100,intercept_fit,54,1.0,-0.6039137944050703,0.5,0.4985203973789896
pond,pond,Probe,100,intercept_fit,55,1.0,-1.4615622267704362,0.4,0.4985203973789896
pond,pond,Probe,100,intercept_fit,56,1.0,-1.7268480185388593,0.33,0.4985203973789896
pond,pond,Probe,100,intercept_fit,57,1.0,-1.4870212941611278,0.42,0.4985203973789896
pond,pond,Probe,100,intercept_fit,58,1.0,-1.2857465714638525,0.36,0.4985203973789896
pond,pond,Probe,100,intercept_fit,59,1.0,-0.9047339673394503,0.44,0.4985203973789896
pond,pond,Probe,100,intercept_fit,60,1.0,-0.907273698263429,0.46,0.4985203973789896
pond,pond,Probe,100,intercept_fit,61,1.0,-1.395669665026006,0.33,0.4985203973789896
pond,pond,Probe,100,intercept_fit,62,1.0,-1.1717817806983288,0.38,0.4985203973789896
pond,pond,Probe,100,intercept_fit,63,1.0,-1.0204675423061977,0.5,0.4985203973789896
pond,pond,Probe,100,intercept_fit,64,1.0,-0.5244569355302804,0.54,0.4985203973789896
pond,pond,Probe,100,intercept_fit,65,1.0,-0.47734730764152067,0.45,0.4985203973789896
pond,pond,Probe,100,intercept_fit,66,1.0,-0.6874767347338782,0.45,0.4985203973789896
pond,pond,Probe,100,intercept_fit,67,1.0,-1.0734515886203426,0.43,0.4985203973789896
pond,pond,Probe,100,intercept_fit,68,1.0,-1.0323206754823597,0.42,0.4985203973789896
pond,pond,Probe,100,intercept_fit,69,1.0,-0.4677335186590425,0.49,0.4985203973789896
pond,pond,Probe,100,intercept_fit,70,1.0,-1.1599487508472406,0.4,0.4985203973789896
pond,pond,Probe,100,intercept_fit,71,1.0,-0.7510618663435017,0.41,0.4985203973789896
pond,pond,Probe,100,intercept_fit,72,1.0,-0.25525258189383987,0.56,0.4985203973789896
pond,pond,Probe,100,intercept_fit,73,1.0,-0.9833906865405128,0.45,0.4985203973789896
pond,pond,Probe,100,intercept_fit,74,1.0,-0.6219801407890043,0.41,0.4985203973789896
pond,pond,Probe,100,intercept_fit,75,1.0,-1.018527475285255,0.53,0.4985203973789896
pond,pond,Probe,100,intercept_fit,76,1.0,-0.4170935163457544,0.48,0.4985203973789896
pond,pond,Probe,100,intercept_fit,77,1.0,-1.7505412573562635,0.39,0.4985203973789896
pond,pond,Probe,100,intercept_fit,78,1.0,-0.6674715439827426,0.53,0.4985203973789896
pond,pond,Probe,100,intercept_fit,79,1.0,-0.7536059685857103,0.4,0.4985203973789896
pond,pond,Probe,100,intercept_fit,80,1.0,-0.7557347674177062,0.46,0.4985203973789896
pond,pond,Probe,100,intercept_fit,81,1.0,-0.9443597171609884,0.5,0.4985203973789896
pond,pond,Probe,100,intercept_fit,82,1.0,-2.2506605983536394,0.31,0.4985203973789896
pond,pond,Probe,100,intercept_fit,83,1.0,-1.0306826372164912,0.33,0.4985203973789896
pond,pond,Probe,100,intercept_fit,84,1.0,-1.1632451779410231,0.39,0.4985203973789896
pond,pond,Probe,100,intercept_fit,85,1.0,-0.16846904816084013,0.62,0.4985203973789896
pond,pond,Probe,100,intercept_fit,86,1.0,-1.2065656835368341,0.47,0.4985203973789896
pond,pond,Probe,100,intercept_fit,87,1.0,-1.0303242189337098,0.58,0.4985203973789896
pond,pond,Probe,100,intercept_fit,88,1.0,-0.8228601410239628,0.43,0.4985203973789896
pond,pond,Probe,100,intercept_fit,89,1.0,-0.9479117529604295,0.42,0.4985203973789896
pond,pond,Probe,100,intercept_fit,90,1.0,-1.9055305591607028,0.33,0.4985203973789896
pond,pond,Probe,100,intercept_fit,91,1.0,-0.7172468237317248,0.43,0.4985203973789896
pond,pond,Probe,100,intercept_fit,92,1.0,-0.7051044129549786,0.34,0.4985203973789896
pond,pond,Probe,100,intercept_fit,93,1.0,-1.1849502633748898,0.32,0.4985203973789896
pond,pond,Probe,100,intercept_fit,94,1.0,-1.1458313872007833,0.48,0.4985203973789896
pond,pond,Probe,100,intercept_fit,95,1.0,-0.5429443162627583,0.53,0.4985203973789896
pond,pond,Probe,100,intercept_fit,96,1.0,-0.049872518981909114,0.57,0.4985203973789896
pond,pond,Probe,100,intercept_fit,97,1.0,-0.584425593905701,0.53,0.4985203973789896
pond,pond,Probe,100,intercept_fit,98,1.0,-1.2809877133294745,0.46,0.4985203973789896
pond,pond,Probe,100,intercept_fit,99,1.0,-1.118147134971773,0.46,0.4985203973789896
pond,pond,NTP,100,intercept_fit,0,1.0,-1.5365428733635287,0.41,0.4985203973789896
pond,pond,NTP,100,intercept_fit,1,1.0,-1.0935937664214501,0.39,0.4985203973789896
pond,pond,NTP,100,intercept_fit,2,1.0,-0.4563253354339544,0.51,0.4985203973789896
pond,pond,NTP,100,intercept_fit,3,1.0,-2.3530038764008734,0.25,0.4985203973789896
pond,pond,NTP,100,intercept_fit,4,1.0,0.14789366659205797,0.55,0.4985203973789896
pond,pond,NTP,100,intercept_fit,5,1.0,-0.9582382607546056,0.32,0.4985203973789896
pond,pond,NTP,100,intercept_fit,6,1.0,-2.259500298014796,0.38,0.4985203973789896
pond,pond,NTP,100,intercept_fit,7,1.0,-0.6768911132003214,0.47,0.4985203973789896
pond,pond,NTP,100,intercept_fit,8,1.0,-0.5122745919559968,0.46,0.4985203973789896
pond,pond,NTP,100,intercept_fit,9,1.0,-1.0537051035774565,0.37,0.4985203973789896
pond,pond,NTP,100,intercept_fit,10,1.0,-0.8681170606476147,0.44,0.4985203973789896
pond,pond,NTP,100,intercept_fit,11,1.0,-0.12117058385542635,0.51,0.4985203973789896
pond,pond,NTP,100,intercept_fit,12,1.0,-1.0909246359211782,0.4,0.4985203973789896
pond,pond,NTP,100,intercept_fit,13,1.0,-0.4816423862455901,0.51,0.4985203973789896
pond,pond,NTP,100,intercept_fit,14,1.0,-2.2937493927820993,0.31,0.4985203973789896
pond,pond,NTP,100,intercept_fit,15,1.0,-0.4689040577735982,0.49,0.4985203973789896
pond,pond,NTP,100,intercept_fit,16,1.0,-0.13578679804369517,0.56,0.4985203973789896
pond,pond,NTP,100,intercept_fit,17,1.0,-1.7757569180556931,0.31,0.4985203973789896
pond,pond,NTP,100,intercept_fit,18,1.0,-0.9877026203408513,0.41,0.4985203973789896
pond,pond,NTP,100,intercept_fit,19,1.0,-1.7085525250273899,0.39,0.4985203973789896
pond,pond,NTP,100,intercept_fit,20,1.0,-0.6538672281317276,0.47,0.4985203973789896
pond,pond,NTP,100,intercept_fit,21,1.0,-2.065276380551177,0.3,0.4985203973789896
pond,pond,NTP,100,intercept_fit,22,1.0,0.2807333172278414,0.59,0.4985203973789896
pond,pond,NTP,100,intercept_fit,23,1.0,-2.587862956586986,0.32,0.4985203973789896
pond,pond,NTP,100,intercept_fit,24,1.0,-0.385534252174325,0.51,0.4985203973789896
pond,pond,NTP,100,intercept_fit,25,1.0,-0.7812165342390899,0.36,0.4985203973789896
pond,pond,NTP,100,intercept_fit,26,1.0,-0.6356321826666504,0.47,0.4985203973789896
pond,pond,NTP,100,intercept_fit,27,1.0,-2.206260730675262,0.3,0.4985203973789896
pond,pond,NTP,100,intercept_fit,28,1.0,-0.17949368287485465,0.53,0.4985203973789896
pond,pond,NTP,100,intercept_fit,29,1.0,-1.1160635746548895,0.36,0.4985203973789896
pond,pond,NTP,100,intercept_fit,30,1.0,-0.09580812803950128,0.58,0.4985203973789896
pond,pond,NTP,100,intercept_fit,31,1.0,-1.3158141467079116,0.37,0.4985203973789896
pond,pond,NTP,100,intercept_fit,32,1.0,-0.6524996983782015,0.43,0.4985203973789896
pond,pond,NTP,100,intercept_fit,33,1.0,-0.7011039574370941,0.42,0.4985203973789896
pond,pond,NTP,100,intercept_fit,34,1.0,-0.8574685465181451,0.46,0.4985203973789896
pond,pond,NTP,100,intercept_fit,35,1.0,-2.359073056563056,0.31,0.4985203973789896
pond,pond,NTP,100,intercept_fit,36,1.0,-0.4788099423590061,0.48,0.4985203973789896
pond,pond,NTP,100,intercept_fit,37,1.0,-0.6615133660937509,0.4,0.4985203973789896
pond,pond,NTP,100,intercept_fit,38,1.0,-1.3694959565960199,0.36,0.4985203973789896
pond,pond,NTP,100,intercept_fit,39,1.0,-1.4370877450935926,0.25,0.4985203973789896
pond,pond,NTP,100,intercept_fit,40,1.0,-1.0633341100126497,0.46,0.4985203973789896
pond,pond,NTP,100,intercept_fit,41,1.0,-0.4623925276928177,0.46,0.4985203973789896
pond,pond,NTP,100,intercept_fit,42,1.0,-1.2749921164237352,0.42,0.4985203973789896
pond,pond,NTP,100,intercept_fit,43,1.0,-0.3889273501362287,0.53,0.4985203973789896
pond,pond,NTP,100,intercept_fit,44,1.0,-1.1729294430612727,0.36,0.4985203973789896
pond,pond,NTP,100,intercept_fit,45,1.0,0.0728748791261459,0.62,0.4985203973789896
pond,pond,NTP,100,intercept_fit,46,1.0,-2.3390064562147477,0.37,0.4985203973789896
pond,pond,NTP,100,intercept_fit,47,1.0,-1.620953639114098,0.38,0.4985203973789896
pond,pond,NTP,100,intercept_fit,48,1.0,-0.9550829995777621,0.41,0.4985203973789896
pond,pond,NTP,100,intercept_fit,49,1.0,-1.7621380867184615,0.27,0.4985203973789896
pond,pond,NTP,100,intercept_fit,50,1.0,-1.3545071583393122,0.41,0.4985203973789896
pond,pond,NTP,100,intercept_fit,51,1.0,-0.8560707754290157,0.41,0.4985203973789896
pond,pond,NTP,100,intercept_fit,52,1.0,-0.865532244367475,0.47,0.4985203973789896
pond,pond,NTP,100,intercept_fit,53,1.0,-0.7848118950212584,0.47,0.4985203973789896
pond,pond,NTP,100,intercept_fit,54,1.0,-1.1095634595098223,0.5,0.4985203973789896
pond,pond,NTP,100,intercept_fit,55,1.0,-1.171309208475063,0.4,0.4985203973789896
pond,pond,NTP,100,intercept_fit,56,1.0,-1.728759713322808,0.33,0.4985203973789896
pond,pond,NTP,100,intercept_fit,57,1.0,-1.3513484889459197,0.42,0.4985203973789896
pond,pond,NTP,100,intercept_fit,58,1.0,-1.0691135976353663,0.36,0.4985203973789896
pond,pond,NTP,100,intercept_fit,59,1.0,-0.976531491914023,0.44,0.4985203973789896
pond,pond,NTP,100,intercept_fit,60,1.0,-0.6596527915960088,0.46,0.4985203973789896
pond,pond,NTP,100,intercept_fit,61,1.0,-1.3600783819490783,0.33,0.4985203973789896
pond,pond,NTP,100,intercept_fit,62,1.0,-1.7236679564548394,0.38,0.4985203973789896
pond,pond,NTP,100,intercept_fit,63,1.0,-0.4878371446301603,0.5,0.4985203973789896
pond,pond,NTP,100,intercept_fit,64,1.0,-0.7415819049087807,0.54,0.4985203973789896
pond,pond,NTP,100,intercept_fit,65,1.0,-0.47148355040987144,0.45,0.4985203973789896
pond,pond,NTP,100,intercept_fit,66,1.0,-0.5783855928544932,0.45,0.4985203973789896
pond,pond,NTP,100,intercept_fit,67,1.0,-0.5780603041079283,0.43,0.4985203973789896
pond,pond,NTP,100,intercept_fit,68,1.0,-1.321341632558742,0.42,0.4985203973789896
pond,pond,NTP,100,intercept_fit,69,1.0,-0.36219022740263124,0.49,0.4985203973789896
pond,pond,NTP,100,intercept_fit,70,1.0,-0.7236853477744516,0.4,0.4985203973789896
pond,pond,NTP,100,intercept_fit,71,1.0,-0.7386327554904963,0.41,0.4985203973789896
pond,pond,NTP,100,intercept_fit,72,1.0,-0.2126513607090253,0.56,0.4985203973789896
pond,pond,NTP,100,intercept_fit,73,1.0,-0.8639609656130979,0.45,0.4985203973789896
pond,pond,NTP,100,intercept_fit,74,1.0,-0.8619059281800517,0.41,0.4985203973789896
pond,pond,NTP,100,intercept_fit,75,1.0,-0.5672166490710366,0.53,0.4985203973789896
pond,pond,NTP,100,intercept_fit,76,1.0,-0.5389399685768915,0.48,0.4985203973789896
pond,pond,NTP,100,intercept_fit,77,1.0,-1.2330743264008246,0.39,0.4985203973789896
pond,pond,NTP,100,intercept_fit,78,1.0,-0.49492656706292637,0.53,0.4985203973789896
pond,pond,NTP,100,intercept_fit,79,1.0,-0.9927010038820944,0.4,0.4985203973789896
pond,pond,NTP,100,intercept_fit,80,1.0,-0.5243929138945086,0.46,0.4985203973789896
pond,pond,NTP,100,intercept_fit,81,1.0,-1.1514873573224025,0.5,0.4985203973789896
pond,pond,NTP,100,intercept_fit,82,1.0,-2.6448166453171225,0.31,0.4985203973789896
pond,pond,NTP,100,intercept_fit,83,1.0,-1.6335864644308242,0.33,0.4985203973789896
pond,pond,NTP,100,intercept_fit,84,1.0,-1.1574960694836824,0.39,0.4985203973789896
pond,pond,NTP,100,intercept_fit,85,1.0,-0.12631988414566045,0.62,0.4985203973789896
pond,pond,NTP,100,intercept_fit,86,1.0,-0.6620371612678875,0.47,0.4985203973789896
pond,pond,NTP,100,intercept_fit,87,1.0,-0.9449942851934421,0.58,0.4985203973789896
pond,pond,NTP,100,intercept_fit,88,1.0,-1.1635669910977329,0.43,0.4985203973789896
pond,pond,NTP,100,intercept_fit,89,1.0,-0.733357284787007,0.42,0.4985203973789896
pond,pond,NTP,100,intercept_fit,90,1.0,-1.5672523700404049,0.33,0.4985203973789896
pond,pond,NTP,100,intercept_fit,91,1.0,-1.661977526853289,0.43,0.4985203973789896
pond,pond,NTP,100,intercept_fit,92,1.0,-1.2797383681285484,0.34,0.4985203973789896
pond,pond,NTP,100,intercept_fit,93,1.0,-1.4491195776314403,0.32,0.4985203973789896
pond,pond,NTP,100,intercept_fit,94,1.0,-0.5414106920577285,0.48,0.4985203973789896
pond,pond,NTP,100,intercept_fit,95,1.0,-0.5714741163212083,0.53,0.4985203973789896
pond,pond,NTP,100,intercept_fit,96,1.0,-0.013349301110761404,0.57,0.4985203973789896
pond,pond,NTP,100,intercept_fit,97,1.0,-0.2723199020599065,0.53,0.4985203973789896
pond,pond,NTP,100,intercept_fit,98,1.0,-0.8726529030541819,0.46,0.4985203973789896
pond,pond,NTP,100,intercept_fit,99,1.0,-0.8741655909683274,0.46,0.4985203973789896
pond,pond,Probe,250,intercept_fit,0,1.0,-1.3330371919016635,0.42,0.4985203973789896
pond,pond,Probe,250,intercept_fit,1,1.0,-1.1655157530460567,0.356,0.4985203973789896
pond,pond,Probe,250,intercept_fit,2,1.0,-0.7892609227273889,0.568,0.4985203973789896
pond,pond,Probe,250,intercept_fit,3,1.0,-1.2989558944183106,0.308,0.4985203973789896
pond,pond,Probe,250,intercept_fit,4,1.0,-0.2043460342600104,0.6,0.4985203973789896
pond,pond,Probe,250,intercept_fit,5,1.0,-0.6354215065164691,0.432,0.4985203973789896
pond,pond,Probe,250,intercept_fit,6,1.0,-1.107542578337159,0.436,0.4985203973789896
pond,pond,Probe,250,intercept_fit,7,1.0,-0.09505655059505583,0.6,0.4985203973789896
pond,pond,Probe,250,intercept_fit,8,1.0,-0.6942806353236605,0.44,0.4985203973789896
pond,pond,Probe,250,intercept_fit,9,1.0,-1.4324417315482092,0.38,0.4985203973789896
pond,pond,Probe,250,intercept_fit,10,1.0,-1.1240460045479126,0.428,0.4985203973789896
pond,pond,Probe,250,intercept_fit,11,1.0,-0.46501812958577937,0.524,0.4985203973789896
pond,pond,Probe,250,intercept_fit,12,1.0,-1.1101828179083788,0.384,0.4985203973789896
pond,pond,Probe,250,intercept_fit,13,1.0,-0.873874209596099,0.488,0.4985203973789896
pond,pond,Probe,250,intercept_fit,14,1.0,-1.2973882285563956,0.372,0.4985203973789896
pond,pond,Probe,250,intercept_fit,15,1.0,0.03014803006896174,0.6,0.4985203973789896
pond,pond,Probe,250,intercept_fit,16,1.0,-0.8354615314978817,0.508,0.4985203973789896
pond,pond,Probe,250,intercept_fit,17,1.0,-1.3860795323342752,0.392,0.4985203973789896
pond,pond,Probe,250,intercept_fit,18,1.0,-1.0825114772197946,0.428,0.4985203973789896
pond,pond,Probe,250,intercept_fit,19,1.0,-1.356855105434764,0.4,0.4985203973789896
pond,pond,Probe,250,intercept_fit,20,1.0,-0.23262526762395586,0.516,0.4985203973789896
pond,pond,Probe,250,intercept_fit,21,1.0,-1.3086019733098955,0.332,0.4985203973789896
pond,pond,Probe,250,intercept_fit,22,1.0,-1.2279032128234153,0.452,0.4985203973789896
pond,pond,Probe,250,intercept_fit,23,1.0,-1.854156057530251,0.312,0.4985203973789896
pond,pond,Probe,250,intercept_fit,24,1.0,-0.5532146746657379,0.544,0.4985203973789896
pond,pond,Probe,250,intercept_fit,25,1.0,-0.4652835497951942,0.428,0.4985203973789896
pond,pond,Probe,250,intercept_fit,26,1.0,-1.342825889929331,0.452,0.4985203973789896
pond,pond,Probe,250,intercept_fit,27,1.0,-1.5908342090554717,0.324,0.4985203973789896
pond,pond,Probe,250,intercept_fit,28,1.0,-0.9646310053721062,0.492,0.4985203973789896
pond,pond,Probe,250,intercept_fit,29,1.0,-0.7937448240696511,0.54,0.4985203973789896
pond,pond,Probe,250,intercept_fit,30,1.0,-0.4424886174059944,0.5,0.4985203973789896
pond,pond,Probe,250,intercept_fit,31,1.0,-0.9992683786842317,0.344,0.4985203973789896
pond,pond,Probe,250,intercept_fit,32,1.0,-0.37582897738470256,0.464,0.4985203973789896
pond,pond,Probe,250,intercept_fit,33,1.0,-0.9838654318412422,0.416,0.4985203973789896
pond,pond,Probe,250,intercept_fit,34,1.0,-0.40635726859436555,0.512,0.4985203973789896
pond,pond,Probe,250,intercept_fit,35,1.0,-1.305110354498698,0.456,0.4985203973789896
pond,pond,Probe,250,intercept_fit,36,1.0,-1.1444888340882111,0.472,0.4985203973789896
pond,pond,Probe,250,intercept_fit,37,1.0,-0.7476828342465606,0.416,0.4985203973789896
pond,pond,Probe,250,intercept_fit,38,1.0,-0.7226551252961761,0.472,0.4985203973789896
pond,pond,Probe,250,intercept_fit,39,1.0,-1.4645814080373785,0.324,0.4985203973789896
pond,pond,Probe,250,intercept_fit,40,1.0,-1.2251497102706397,0.496,0.4985203973789896
pond,pond,Probe,250,intercept_fit,41,1.0,-0.9531445495064156,0.396,0.4985203973789896
pond,pond,Probe,250,intercept_fit,42,1.0,-0.9354707925005653,0.456,0.4985203973789896
pond,pond,Probe,250,intercept_fit,43,1.0,-0.2539642554230648,0.596,0.4985203973789896
pond,pond,Probe,250,intercept_fit,44,1.0,-1.237537149673681,0.304,0.4985203973789896
pond,pond,Probe,250,intercept_fit,45,1.0,-1.1148511956911549,0.508,0.4985203973789896
pond,pond,Probe,250,intercept_fit,46,1.0,-1.16202641360595,0.476,0.4985203973789896
pond,pond,Probe,250,intercept_fit,47,1.0,-1.2142660251033985,0.388,0.4985203973789896
pond,pond,Probe,250,intercept_fit,48,1.0,-1.156569798278473,0.376,0.4985203973789896
pond,pond,Probe,250,intercept_fit,49,1.0,-1.3090385213039923,0.34,0.4985203973789896
pond,pond,Probe,250,intercept_fit,50,1.0,-1.1747358854462349,0.416,0.4985203973789896
pond,pond,Probe,250,intercept_fit,51,1.0,-0.5772948769932867,0.508,0.4985203973789896
pond,pond,Probe,250,intercept_fit,52,1.0,-1.121051351048833,0.524,0.4985203973789896
pond,pond,Probe,250,intercept_fit,53,1.0,-0.6757201143334206,0.5,0.4985203973789896
pond,pond,Probe,250,intercept_fit,54,1.0,-1.0249637431918963,0.452,0.4985203973789896
pond,pond,Probe,250,intercept_fit,55,1.0,-1.1501839991209049,0.452,0.4985203973789896
pond,pond,Probe,250,intercept_fit,56,1.0,-1.0696203157206976,0.444,0.4985203973789896
pond,pond,Probe,250,intercept_fit,57,1.0,-0.810393895962348,0.508,0.4985203973789896
pond,pond,Probe,250,intercept_fit,58,1.0,-1.2159452891093967,0.336,0.4985203973789896
pond,pond,Probe,250,intercept_fit,59,1.0,-0.6386668294371587,0.412,0.4985203973789896
pond,pond,Probe,250,intercept_fit,60,1.0,-1.1792902125873452,0.42,0.4985203973789896
pond,pond,Probe,250,intercept_fit,61,1.0,-0.7739129828113679,0.492,0.4985203973789896
pond,pond,Probe,250,intercept_fit,62,1.0,-1.1822374754515916,0.368,0.4985203973789896
pond,pond,Probe,250,intercept_fit,63,1.0,-1.0501823785034254,0.476,0.4985203973789896
pond,pond,Probe,250,intercept_fit,64,1.0,-0.865206334507561,0.476,0.4985203973789896
pond,pond,Probe,250,intercept_fit,65,1.0,-0.08797804755809902,0.532,0.4985203973789896
pond,pond,Probe,250,intercept_fit,66,1.0,-0.9820692225003163,0.36,0.4985203973789896
pond,pond,Probe,250,intercept_fit,67,1.0,-1.028946382421923,0.46,0.4985203973789896
pond,pond,Probe,250,intercept_fit,68,1.0,-1.4279310906487244,0.396,0.4985203973789896
pond,pond,Probe,250,intercept_fit,69,1.0,-0.5903737855648324,0.484,0.4985203973789896
pond,pond,Probe,250,intercept_fit,70,1.0,-0.6563693647538833,0.476,0.4985203973789896
pond,pond,Probe,250,intercept_fit,71,1.0,-1.0428673456966906,0.396,0.4985203973789896
pond,pond,Probe,250,intercept_fit,72,1.0,-0.3874127027741094,0.504,0.4985203973789896
pond,pond,Probe,250,intercept_fit,73,1.0,-0.9053790227008292,0.44,0.4985203973789896
pond,pond,Probe,250,intercept_fit,74,1.0,-0.9283046055031345,0.412,0.4985203973789896
pond,pond,Probe,250,intercept_fit,75,1.0,-1.3171887129779811,0.472,0.4985203973789896
pond,pond,Probe,250,intercept_fit,76,1.0,-0.7895194105330811,0.42,0.4985203973789896
pond,pond,Probe,250,intercept_fit,77,1.0,-1.436222156622148,0.488,0.4985203973789896
pond,pond,Probe,250,intercept_fit,78,1.0,-0.6909481101824132,0.54,0.4985203973789896
pond,pond,Probe,250,intercept_fit,79,1.0,-1.0496616813931818,0.34,0.4985203973789896
pond,pond,Probe,250,intercept_fit,80,1.0,-0.39484974332464745,0.536,0.4985203973789896
pond,pond,Probe,250,intercept_fit,81,1.0,-0.4880898860909098,0.584,0.4985203973789896
pond,pond,Probe,250,intercept_fit,82,1.0,-1.3270301288146555,0.432,0.4985203973789896
pond,pond,Probe,250,intercept_fit,83,1.0,-1.09863805838102,0.392,0.4985203973789896
pond,pond,Probe,250,intercept_fit,84,1.0,-0.8712439865414171,0.488,0.4985203973789896
pond,pond,Probe,250,intercept_fit,85,1.0,-0.33136023770466866,0.588,0.4985203973789896
pond,pond,Probe,250,intercept_fit,86,1.0,-1.1940550276224653,0.492,0.4985203973789896
pond,pond,Probe,250,intercept_fit,87,1.0,-1.064599611171252,0.512,0.4985203973789896
pond,pond,Probe,250,intercept_fit,88,1.0,-1.1891946742297774,0.356,0.4985203973789896
pond,pond,Probe,250,intercept_fit,89,1.0,-0.9308608806909078,0.384,0.4985203973789896
pond,pond,Probe,250,intercept_fit,90,1.0,-1.778073340252041,0.3,0.4985203973789896
pond,pond,Probe,250,intercept_fit,91,1.0,-0.9755139604396401,0.416,0.4985203973789896
pond,pond,Probe,250,intercept_fit,92,1.0,-1.5125754539071674,0.268,0.4985203973789896
pond,pond,Probe,250,intercept_fit,93,1.0,-0.9757636275892209,0.42,0.4985203973789896
pond,pond,Probe,250,intercept_fit,94,1.0,-1.245871942601112,0.468,0.4985203973789896
pond,pond,Probe,250,intercept_fit,95,1.0,-0.35690770017405005,0.58,0.4985203973789896
pond,pond,Probe,250,intercept_fit,96,1.0,-0.19983185001550952,0.52,0.4985203973789896
pond,pond,Probe,250,intercept_fit,97,1.0,-1.0096715391754991,0.432,0.4985203973789896
pond,pond,Probe,250,intercept_fit,98,1.0,-1.1505426211813805,0.516,0.4985203973789896
pond,pond,Probe,250,intercept_fit,99,1.0,-1.1252387484488855,0.44,0.4985203973789896
pond,pond,NTP,250,intercept_fit,0,1.0,-1.3239420956473382,0.42,0.4985203973789896
pond,pond,NTP,250,intercept_fit,1,1.0,-1.043990782932687,0.356,0.4985203973789896
pond,pond,NTP,250,intercept_fit,2,1.0,-0.8207227134187943,0.568,0.4985203973789896
pond,pond,NTP,250,intercept_fit,3,1.0,-1.879365415984213,0.308,0.4985203973789896
pond,pond,NTP,250,intercept_fit,4,1.0,-0.1370901247209346,0.6,0.4985203973789896
pond,pond,NTP,250,intercept_fit,5,1.0,-0.9145654261347127,0.432,0.4985203973789896
pond,pond,NTP,250,intercept_fit,6,1.0,-1.1144757454036691,0.436,0.4985203973789896
pond,pond,NTP,250,intercept_fit,7,1.0,0.04300513134922203,0.6,0.4985203973789896
pond,pond,NTP,250,intercept_fit,8,1.0,-0.9454562238669914,0.44,0.4985203973789896
pond,pond,NTP,250,intercept_fit,9,1.0,-1.354935698091833,0.38,0.4985203973789896
pond,pond,NTP,250,intercept_fit,10,1.0,-0.89582743852419,0.428,0.4985203973789896
pond,pond,NTP,250,intercept_fit,11,1.0,-0.036155650598039116,0.524,0.4985203973789896
pond,pond,NTP,250,intercept_fit,12,1.0,-0.995186508338142,0.384,0.4985203973789896
pond,pond,NTP,250,intercept_fit,13,1.0,-0.7268600214481158,0.488,0.4985203973789896
pond,pond,NTP,250,intercept_fit,14,1.0,-1.3186897524648349,0.372,0.4985203973789896
pond,pond,NTP,250,intercept_fit,15,1.0,0.11421850478222702,0.6,0.4985203973789896
pond,pond,NTP,250,intercept_fit,16,1.0,-0.38181986277545155,0.508,0.4985203973789896
pond,pond,NTP,250,intercept_fit,17,1.0,-1.6730909781381658,0.392,0.4985203973789896
pond,pond,NTP,250,intercept_fit,18,1.0,-0.7105594095153506,0.428,0.4985203973789896
pond,pond,NTP,250,intercept_fit,19,1.0,-1.464143563396935,0.4,0.4985203973789896
pond,pond,NTP,250,intercept_fit,20,1.0,-0.4617034524191028,0.516,0.4985203973789896
pond,pond,NTP,250,intercept_fit,21,1.0,-1.5814558811562454,0.332,0.4985203973789896
pond,pond,NTP,250,intercept_fit,22,1.0,-0.9336009708213164,0.452,0.4985203973789896
pond,pond,NTP,250,intercept_fit,23,1.0,-1.9579947138767952,0.312,0.4985203973789896
pond,pond,NTP,250,intercept_fit,24,1.0,-0.3323076485108158,0.544,0.4985203973789896
pond,pond,NTP,250,intercept_fit,25,1.0,-0.7374216085345671,0.428,0.4985203973789896
pond,pond,NTP,250,intercept_fit,26,1.0,-1.5084728355700758,0.452,0.4985203973789896
pond,pond,NTP,250,intercept_fit,27,1.0,-2.162601253952141,0.324,0.4985203973789896
pond,pond,NTP,250,intercept_fit,28,1.0,-0.6588223804712484,0.492,0.4985203973789896
pond,pond,NTP,250,intercept_fit,29,1.0,-0.26867864472241654,0.54,0.4985203973789896
pond,pond,NTP,250,intercept_fit,30,1.0,-0.4469311831944467,0.5,0.4985203973789896
pond,pond,NTP,250,intercept_fit,31,1.0,-1.1562099129186558,0.344,0.4985203973789896
pond,pond,NTP,250,intercept_fit,32,1.0,-0.590968947858491,0.464,0.4985203973789896
pond,pond,NTP,250,intercept_fit,33,1.0,-0.8249847237674061,0.416,0.4985203973789896
pond,pond,NTP,250,intercept_fit,34,1.0,-0.372449961522368,0.512,0.4985203973789896
pond,pond,NTP,250,intercept_fit,35,1.0,-1.0644324434600358,0.456,0.4985203973789896
pond,pond,NTP,250,intercept_fit,36,1.0,-0.49748862974922853,0.472,0.4985203973789896
pond,pond,NTP,250,intercept_fit,37,1.0,-0.7929501455587504,0.416,0.4985203973789896
pond,pond,NTP,250,intercept_fit,38,1.0,-0.8172172119427094,0.472,0.4985203973789896
pond,pond,NTP,250,intercept_fit,39,1.0,-1.7064695419835492,0.324,0.4985203973789896
pond,pond,NTP,250,intercept_fit,40,1.0,-1.4490761511745403,0.496,0.4985203973789896
pond,pond,NTP,250,intercept_fit,41,1.0,-0.9352800979899131,0.396,0.4985203973789896
pond,pond,NTP,250,intercept_fit,42,1.0,-0.9614826703670258,0.456,0.4985203973789896
pond,pond,NTP,250,intercept_fit,43,1.0,0.05973450402411765,0.596,0.4985203973789896
pond,pond,NTP,250,intercept_fit,44,1.0,-1.4474989134112615,0.304,0.4985203973789896
pond,pond,NTP,250,intercept_fit,45,1.0,-0.6507505696702689,0.508,0.4985203973789896
pond,pond,NTP,250,intercept_fit,46,1.0,-0.9665703140399902,0.476,0.4985203973789896
pond,pond,NTP,250,intercept_fit,47,1.0,-1.0264145720967548,0.388,0.4985203973789896
pond,pond,NTP,250,intercept_fit,48,1.0,-0.9473701666457558,0.376,0.4985203973789896
pond,pond,NTP,250,intercept_fit,49,1.0,-1.1536191150421196,0.34,0.4985203973789896
pond,pond,NTP,250,intercept_fit,50,1.0,-1.240937389673849,0.416,0.4985203973789896
pond,pond,NTP,250,intercept_fit,51,1.0,-0.5543141905572282,0.508,0.4985203973789896
pond,pond,NTP,250,intercept_fit,52,1.0,-0.8191357050206469,0.524,0.4985203973789896
pond,pond,NTP,250,intercept_fit,53,1.0,-0.744138813764724,0.5,0.4985203973789896
pond,pond,NTP,250,intercept_fit,54,1.0,-0.9680469146678246,0.452,0.4985203973789896
pond,pond,NTP,250,intercept_fit,55,1.0,-0.9316888175015992,0.452,0.4985203973789896
pond,pond,NTP,250,intercept_fit,56,1.0,-1.4185700322692134,0.444,0.4985203973789896
pond,pond,NTP,250,intercept_fit,57,1.0,-0.5557380500646255,0.508,0.4985203973789896
pond,pond,NTP,250,intercept_fit,58,1.0,-0.9784199492533082,0.336,0.4985203973789896
pond,pond,NTP,250,intercept_fit,59,1.0,-0.6374823854220616,0.412,0.4985203973789896
pond,pond,NTP,250,intercept_fit,60,1.0,-1.3150311801503307,0.42,0.4985203973789896
pond,pond,NTP,250,intercept_fit,61,1.0,-0.6080789474255766,0.492,0.4985203973789896
pond,pond,NTP,250,intercept_fit,62,1.0,-1.5583415797225082,0.368,0.4985203973789896
pond,pond,NTP,250,intercept_fit,63,1.0,-0.8371021009577422,0.476,0.4985203973789896
pond,pond,NTP,250,intercept_fit,64,1.0,-1.2398869931643535,0.476,0.4985203973789896
pond,pond,NTP,250,intercept_fit,65,1.0,-0.40206006459830296,0.532,0.4985203973789896
pond,pond,NTP,250,intercept_fit,66,1.0,-0.9024833595110794,0.36,0.4985203973789896
pond,pond,NTP,250,intercept_fit,67,1.0,-0.721687096394568,0.46,0.4985203973789896
pond,pond,NTP,250,intercept_fit,68,1.0,-1.492760885074612,0.396,0.4985203973789896
pond,pond,NTP,250,intercept_fit,69,1.0,-0.42029327097319097,0.484,0.4985203973789896
pond,pond,NTP,250,intercept_fit,70,1.0,-0.34106341694355746,0.476,0.4985203973789896
pond,pond,NTP,250,intercept_fit,71,1.0,-0.8093390252524103,0.396,0.4985203973789896
pond,pond,NTP,250,intercept_fit,72,1.0,-0.32842370085608896,0.504,0.4985203973789896
pond,pond,NTP,250,intercept_fit,73,1.0,-0.9233554431058438,0.44,0.4985203973789896
pond,pond,NTP,250,intercept_fit,74,1.0,-0.9658016186062964,0.412,0.4985203973789896
pond,pond,NTP,250,intercept_fit,75,1.0,-1.3480062070370304,0.472,0.4985203973789896
pond,pond,NTP,250,intercept_fit,76,1.0,-0.8065763250821505,0.42,0.4985203973789896
pond,pond,NTP,250,intercept_fit,77,1.0,-0.9193603592544145,0.488,0.4985203973789896
pond,pond,NTP,250,intercept_fit,78,1.0,-0.3926403138712492,0.54,0.4985203973789896
pond,pond,NTP,250,intercept_fit,79,1.0,-1.2871608188238672,0.34,0.4985203973789896
pond,pond,NTP,250,intercept_fit,80,1.0,-0.3360850295442453,0.536,0.4985203973789896
pond,pond,NTP,250,intercept_fit,81,1.0,-0.31746372938603573,0.584,0.4985203973789896
pond,pond,NTP,250,intercept_fit,82,1.0,-1.4644981041671514,0.432,0.4985203973789896
pond,pond,NTP,250,intercept_fit,83,1.0,-1.4159316065465217,0.392,0.4985203973789896
pond,pond,NTP,250,intercept_fit,84,1.0,-0.6270704614051655,0.488,0.4985203973789896
pond,pond,NTP,250,intercept_fit,85,1.0,-0.05328655949329155,0.588,0.4985203973789896
pond,pond,NTP,250,intercept_fit,86,1.0,-0.9120446734397156,0.492,0.4985203973789896
pond,pond,NTP,250,intercept_fit,87,1.0,-1.014230974356985,0.512,0.4985203973789896
pond,pond,NTP,250,intercept_fit,88,1.0,-1.5814559661727803,0.356,0.4985203973789896
pond,pond,NTP,250,intercept_fit,89,1.0,-1.2169745865147066,0.384,0.4985203973789896
pond,pond,NTP,250,intercept_fit,90,1.0,-1.8537982080447433,0.3,0.4985203973789896
pond,pond,NTP,250,intercept_fit,91,1.0,-1.3695540460406694,0.416,0.4985203973789896
pond,pond,NTP,250,intercept_fit,92,1.0,-1.798982598828013,0.268,0.4985203973789896
pond,pond,NTP,250,intercept_fit,93,1.0,-1.2341232933365467,0.42,0.4985203973789896
pond,pond,NTP,250,intercept_fit,94,1.0,-0.9017969505430684,0.468,0.4985203973789896
pond,pond,NTP,250,intercept_fit,95,1.0,-0.25436407802137206,0.58,0.4985203973789896
pond,pond,NTP,250,intercept_fit,96,1.0,-0.19861510538445767,0.52,0.4985203973789896
pond,pond,NTP,250,intercept_fit,97,1.0,-1.0049239041851086,0.432,0.4985203973789896
pond,pond,NTP,250,intercept_fit,98,1.0,-0.792217423716373,0.516,0.4985203973789896
pond,pond,NTP,250,intercept_fit,99,1.0,-0.8466521015811224,0.44,0.4985203973789896
pond,pond,Probe,500,intercept_fit,0,1.0,-1.1456598861969824,0.434,0.4985203973789896
pond,pond,Probe,500,intercept_fit,1,1.0,-1.0629159807013853,0.39,0.4985203973789896
pond,pond,Probe,500,intercept_fit,2,1.0,-1.0246289220079932,0.47,0.4985203973789896
pond,pond,Probe,500,intercept_fit,3,1.0,-1.534587972431137,0.28,0.4985203973789896
pond,pond,Probe,500,intercept_fit,4,1.0,-0.017059483022608245,0.588,0.4985203973789896
pond,pond,Probe,500,intercept_fit,5,1.0,-0.9444888626731623,0.386,0.4985203973789896
pond,pond,Probe,500,intercept_fit,6,1.0,-1.2614045134609473,0.406,0.4985203973789896
pond,pond,Probe,500,intercept_fit,7,1.0,-0.4478512696405144,0.502,0.4985203973789896
pond,pond,Probe,500,intercept_fit,8,1.0,-0.574952679685116,0.466,0.4985203973789896
pond,pond,Probe,500,intercept_fit,9,1.0,-1.3814344766635873,0.386,0.4985203973789896
pond,pond,Probe,500,intercept_fit,10,1.0,-1.14122158262779,0.44,0.4985203973789896
pond,pond,Probe,500,intercept_fit,11,1.0,-0.48793919341600206,0.494,0.4985203973789896
pond,pond,Probe,500,intercept_fit,12,1.0,-1.1376418552609389,0.384,0.4985203973789896
pond,pond,Probe,500,intercept_fit,13,1.0,-0.9348519407182032,0.48,0.4985203973789896
pond,pond,Probe,500,intercept_fit,14,1.0,-1.5874268081185994,0.36,0.4985203973789896
pond,pond,Probe,500,intercept_fit,15,1.0,-0.24265343444273052,0.546,0.4985203973789896
pond,pond,Probe,500,intercept_fit,16,1.0,-0.909349713763487,0.49,0.4985203973789896
pond,pond,Probe,500,intercept_fit,17,1.0,-1.3203607204220134,0.36,0.4985203973789896
pond,pond,Probe,500,intercept_fit,18,1.0,-1.2099109648101456,0.422,0.4985203973789896
pond,pond,Probe,500,intercept_fit,19,1.0,-1.4157921933650381,0.4,0.4985203973789896
pond,pond,Probe,500,intercept_fit,20,1.0,-0.28381216266594356,0.48,0.4985203973789896
pond,pond,Probe,500,intercept_fit,21,1.0,-1.3127522828870168,0.324,0.4985203973789896
pond,pond,Probe,500,intercept_fit,22,1.0,-0.8632760705574164,0.51,0.4985203973789896
pond,pond,Probe,500,intercept_fit,23,1.0,-1.5166733047965426,0.356,0.4985203973789896
pond,pond,Probe,500,intercept_fit,24,1.0,-0.6610803081670916,0.482,0.4985203973789896
pond,pond,Probe,500,intercept_fit,25,1.0,-0.5350806012339845,0.422,0.4985203973789896
pond,pond,Probe,500,intercept_fit,26,1.0,-1.3666319117655095,0.422,0.4985203973789896
pond,pond,Probe,500,intercept_fit,27,1.0,-1.4457567738311183,0.36,0.4985203973789896
pond,pond,Probe,500,intercept_fit,28,1.0,-1.2170206703478783,0.448,0.4985203973789896
pond,pond,Probe,500,intercept_fit,29,1.0,-1.062398480622143,0.436,0.4985203973789896
pond,pond,Probe,500,intercept_fit,30,1.0,-0.28040426400736673,0.524,0.4985203973789896
pond,pond,Probe,500,intercept_fit,31,1.0,-1.1231291707785709,0.336,0.4985203973789896
pond,pond,Probe,500,intercept_fit,32,1.0,-0.7488001282878387,0.424,0.4985203973789896
pond,pond,Probe,500,intercept_fit,33,1.0,-1.1685249513480087,0.392,0.4985203973789896
pond,pond,Probe,500,intercept_fit,34,1.0,-0.7262719807144582,0.434,0.4985203973789896
pond,pond,Probe,500,intercept_fit,35,1.0,-1.5881048875798534,0.38,0.4985203973789896
pond,pond,Probe,500,intercept_fit,36,1.0,-0.9534492112763463,0.526,0.4985203973789896
pond,pond,Probe,500,intercept_fit,37,1.0,-1.0225798714851422,0.394,0.4985203973789896
pond,pond,Probe,500,intercept_fit,38,1.0,-0.5872914045148931,0.452,0.4985203973789896
pond,pond,Probe,500,intercept_fit,39,1.0,-1.2757708328859307,0.348,0.4985203973789896
pond,pond,Probe,500,intercept_fit,40,1.0,-1.2806012368421067,0.468,0.4985203973789896
pond,pond,Probe,500,intercept_fit,41,1.0,-0.8836614122072306,0.434,0.4985203973789896
pond,pond,Probe,500,intercept_fit,42,1.0,-1.092188579500478,0.42,0.4985203973789896
pond,pond,Probe,500,intercept_fit,43,1.0,-0.5882301659663887,0.53,0.4985203973789896
pond,pond,Probe,500,intercept_fit,44,1.0,-1.018194570250656,0.372,0.4985203973789896
pond,pond,Probe,500,intercept_fit,45,1.0,-0.8694034842713197,0.564,0.4985203973789896
pond,pond,Probe,500,intercept_fit,46,1.0,-1.3223401241667878,0.436,0.4985203973789896
pond,pond,Probe,500,intercept_fit,47,1.0,-1.0771610801999327,0.404,0.4985203973789896
pond,pond,Probe,500,intercept_fit,48,1.0,-1.1239208496810276,0.394,0.4985203973789896
pond,pond,Probe,500,intercept_fit,49,1.0,-1.1488394745144481,0.356,0.4985203973789896
pond,pond,Probe,500,intercept_fit,50,1.0,-1.127941978034261,0.408,0.4985203973789896
pond,pond,Probe,500,intercept_fit,51,1.0,-0.6880623897303542,0.462,0.4985203973789896
pond,pond,Probe,500,intercept_fit,52,1.0,-1.4820527491143647,0.452,0.4985203973789896
pond,pond,Probe,500,intercept_fit,53,1.0,-0.810171196084334,0.442,0.4985203973789896
pond,pond,Probe,500,intercept_fit,54,1.0,-1.082423567157408,0.43,0.4985203973789896
pond,pond,Probe,500,intercept_fit,55,1.0,-1.302857644078926,0.406,0.4985203973789896
pond,pond,Probe,500,intercept_fit,56,1.0,-1.3083637418397616,0.424,0.4985203973789896
pond,pond,Probe,500,intercept_fit,57,1.0,-1.0675762193415794,0.496,0.4985203973789896
pond,pond,Probe,500,intercept_fit,58,1.0,-1.2061575215606641,0.386,0.4985203973789896
pond,pond,Probe,500,intercept_fit,59,1.0,-0.5308742889094434,0.45,0.4985203973789896
pond,pond,Probe,500,intercept_fit,60,1.0,-1.0709580058843151,0.43,0.4985203973789896
pond,pond,Probe,500,intercept_fit,61,1.0,-0.7261795724648942,0.468,0.4985203973789896
pond,pond,Probe,500,intercept_fit,62,1.0,-1.312914407412607,0.364,0.4985203973789896
pond,pond,Probe,500,intercept_fit,63,1.0,-1.0365457239153544,0.48,0.4985203973789896
pond,pond,Probe,500,intercept_fit,64,1.0,-0.7422560201530559,0.488,0.4985203973789896
pond,pond,Probe,500,intercept_fit,65,1.0,-0.43406233124376864,0.454,0.4985203973789896
pond,pond,Probe,500,intercept_fit,66,1.0,-0.8174657595343641,0.426,0.4985203973789896
pond,pond,Probe,500,intercept_fit,67,1.0,-0.7762532735704296,0.518,0.4985203973789896
pond,pond,Probe,500,intercept_fit,68,1.0,-1.205199364436259,0.398,0.4985203973789896
pond,pond,Probe,500,intercept_fit,69,1.0,-0.559639701699666,0.502,0.4985203973789896
pond,pond,Probe,500,intercept_fit,70,1.0,-0.8969700345774758,0.43,0.4985203973789896
pond,pond,Probe,500,intercept_fit,71,1.0,-1.1910518531932097,0.356,0.4985203973789896
pond,pond,Probe,500,intercept_fit,72,1.0,-0.43970316340466714,0.504,0.4985203973789896
pond,pond,Probe,500,intercept_fit,73,1.0,-1.1476308701953502,0.432,0.4985203973789896
pond,pond,Probe,500,intercept_fit,74,1.0,-0.8244152224533062,0.404,0.4985203973789896
pond,pond,Probe,500,intercept_fit,75,1.0,-1.074470505574695,0.53,0.4985203973789896
pond,pond,Probe,500,intercept_fit,76,1.0,-0.7912197559845346,0.402,0.4985203973789896
pond,pond,Probe,500,intercept_fit,77,1.0,-1.4098453534552775,0.49,0.4985203973789896
pond,pond,Probe,500,intercept_fit,78,1.0,-0.9098827434065652,0.482,0.4985203973789896
pond,pond,Probe,500,intercept_fit,79,1.0,-0.9579084021567613,0.408,0.4985203973789896
pond,pond,Probe,500,intercept_fit,80,1.0,-0.3895001332261048,0.538,0.4985203973789896
pond,pond,Probe,500,intercept_fit,81,1.0,-0.5372555958458584,0.578,0.4985203973789896
pond,pond,Probe,500,intercept_fit,82,1.0,-1.584506122952377,0.37,0.4985203973789896
pond,pond,Probe,500,intercept_fit,83,1.0,-0.8024698906997345,0.424,0.4985203973789896
pond,pond,Probe,500,intercept_fit,84,1.0,-0.9334593253968093,0.454,0.4985203973789896
pond,pond,Probe,500,intercept_fit,85,1.0,-0.6251976082223357,0.566,0.4985203973789896
pond,pond,Probe,500,intercept_fit,86,1.0,-1.3247628025799407,0.428,0.4985203973789896
pond,pond,Probe,500,intercept_fit,87,1.0,-1.3531366119713335,0.442,0.4985203973789896
pond,pond,Probe,500,intercept_fit,88,1.0,-1.3092393163083986,0.358,0.4985203973789896
pond,pond,Probe,500,intercept_fit,89,1.0,-0.6595456905487614,0.418,0.4985203973789896
pond,pond,Probe,500,intercept_fit,90,1.0,-1.5356926256463477,0.388,0.4985203973789896
pond,pond,Probe,500,intercept_fit,91,1.0,-0.7966220412762579,0.448,0.4985203973789896
pond,pond,Probe,500,intercept_fit,92,1.0,-1.0357030158090983,0.336,0.4985203973789896
pond,pond,Probe,500,intercept_fit,93,1.0,-1.1570728097056657,0.362,0.4985203973789896
pond,pond,Probe,500,intercept_fit,94,1.0,-1.228040741164043,0.454,0.4985203973789896
pond,pond,Probe,500,intercept_fit,95,1.0,-0.5719630158737148,0.518,0.4985203973789896
pond,pond,Probe,500,intercept_fit,96,1.0,-0.25755110142964455,0.552,0.4985203973789896
pond,pond,Probe,500,intercept_fit,97,1.0,-0.6397789081540189,0.498,0.4985203973789896
pond,pond,Probe,500,intercept_fit,98,1.0,-1.227185922244052,0.468,0.4985203973789896
pond,pond,Probe,500,intercept_fit,99,1.0,-1.2237767687046432,0.428,0.4985203973789896
pond,pond,NTP,500,intercept_fit,0,1.0,-1.000934978629197,0.434,0.4985203973789896
pond,pond,NTP,500,intercept_fit,1,1.0,-1.1374575911331517,0.39,0.4985203973789896
pond,pond,NTP,500,intercept_fit,2,1.0,-1.0711909126399153,0.47,0.4985203973789896
pond,pond,NTP,500,intercept_fit,3,1.0,-2.0359732788148364,0.28,0.4985203973789896
pond,pond,NTP,500,intercept_fit,4,1.0,0.07762820950981099,0.588,0.4985203973789896
pond,pond,NTP,500,intercept_fit,5,1.0,-1.0838698178048365,0.386,0.4985203973789896
pond,pond,NTP,500,intercept_fit,6,1.0,-1.2176715370560176,0.406,0.4985203973789896
pond,pond,NTP,500,intercept_fit,7,1.0,-0.4099683733082562,0.502,0.4985203973789896
pond,pond,NTP,500,intercept_fit,8,1.0,-0.7523318708672713,0.466,0.4985203973789896
pond,pond,NTP,500,intercept_fit,9,1.0,-1.4529437097597129,0.386,0.4985203973789896
pond,pond,NTP,500,intercept_fit,10,1.0,-0.9026553358175785,0.44,0.4985203973789896
pond,pond,NTP,500,intercept_fit,11,1.0,-0.31434347901691123,0.494,0.4985203973789896
pond,pond,NTP,500,intercept_fit,12,1.0,-1.2135488923422033,0.384,0.4985203973789896
pond,pond,NTP,500,intercept_fit,13,1.0,-0.7244399510357249,0.48,0.4985203973789896
pond,pond,NTP,500,intercept_fit,14,1.0,-1.649612884587942,0.36,0.4985203973789896
pond,pond,NTP,500,intercept_fit,15,1.0,-0.2496792348196774,0.546,0.4985203973789896
pond,pond,NTP,500,intercept_fit,16,1.0,-0.530275564667094,0.49,0.4985203973789896
pond,pond,NTP,500,intercept_fit,17,1.0,-1.4935884037530347,0.36,0.4985203973789896
pond,pond,NTP,500,intercept_fit,18,1.0,-1.0104298582388296,0.422,0.4985203973789896
pond,pond,NTP,500,intercept_fit,19,1.0,-1.3717748805759904,0.4,0.4985203973789896
pond,pond,NTP,500,intercept_fit,20,1.0,-0.6931963775064347,0.48,0.4985203973789896
pond,pond,NTP,500,intercept_fit,21,1.0,-1.5853255446807946,0.324,0.4985203973789896
pond,pond,NTP,500,intercept_fit,22,1.0,-0.49514056404630985,0.51,0.4985203973789896
pond,pond,NTP,500,intercept_fit,23,1.0,-1.6141126445866327,0.356,0.4985203973789896
pond,pond,NTP,500,intercept_fit,24,1.0,-0.7463357598986462,0.482,0.4985203973789896
pond,pond,NTP,500,intercept_fit,25,1.0,-0.8101279685086685,0.422,0.4985203973789896
pond,pond,NTP,500,intercept_fit,26,1.0,-1.2983946966007323,0.422,0.4985203973789896
pond,pond,NTP,500,intercept_fit,27,1.0,-1.5571812333162762,0.36,0.4985203973789896
pond,pond,NTP,500,intercept_fit,28,1.0,-0.8867411905391257,0.448,0.4985203973789896
pond,pond,NTP,500,intercept_fit,29,1.0,-0.7731198171226514,0.436,0.4985203973789896
pond,pond,NTP,500,intercept_fit,30,1.0,-0.30734056173966784,0.524,0.4985203973789896
pond,pond,NTP,500,intercept_fit,31,1.0,-1.4548907799931294,0.336,0.4985203973789896
pond,pond,NTP,500,intercept_fit,32,1.0,-0.7728762618362681,0.424,0.4985203973789896
pond,pond,NTP,500,intercept_fit,33,1.0,-1.0534383891626737,0.392,0.4985203973789896
pond,pond,NTP,500,intercept_fit,34,1.0,-0.8987688868707085,0.434,0.4985203973789896
pond,pond,NTP,500,intercept_fit,35,1.0,-1.741557079619533,0.38,0.4985203973789896
pond,pond,NTP,500,intercept_fit,36,1.0,-0.332351049425891,0.526,0.4985203973789896
pond,pond,NTP,500,intercept_fit,37,1.0,-0.9622024729814008,0.394,0.4985203973789896
pond,pond,NTP,500,intercept_fit,38,1.0,-0.7504626363959817,0.452,0.4985203973789896
pond,pond,NTP,500,intercept_fit,39,1.0,-1.3933927673156656,0.348,0.4985203973789896
pond,pond,NTP,500,intercept_fit,40,1.0,-1.2322692001506679,0.468,0.4985203973789896
pond,pond,NTP,500,intercept_fit,41,1.0,-0.7156393524010791,0.434,0.4985203973789896
pond,pond,NTP,500,intercept_fit,42,1.0,-1.0033038466787085,0.42,0.4985203973789896
pond,pond,NTP,500,intercept_fit,43,1.0,-0.32696330901673837,0.53,0.4985203973789896
pond,pond,NTP,500,intercept_fit,44,1.0,-1.2246341279969162,0.372,0.4985203973789896
pond,pond,NTP,500,intercept_fit,45,1.0,-0.5385055586335035,0.564,0.4985203973789896
pond,pond,NTP,500,intercept_fit,46,1.0,-1.2355224426151672,0.436,0.4985203973789896
pond,pond,NTP,500,intercept_fit,47,1.0,-1.1282809633171254,0.404,0.4985203973789896
pond,pond,NTP,500,intercept_fit,48,1.0,-1.0361163472445503,0.394,0.4985203973789896
pond,pond,NTP,500,intercept_fit,49,1.0,-1.2264333047406848,0.356,0.4985203973789896
pond,pond,NTP,500,intercept_fit,50,1.0,-1.2474677665998575,0.408,0.4985203973789896
pond,pond,NTP,500,intercept_fit,51,1.0,-0.528001260579887,0.462,0.4985203973789896
pond,pond,NTP,500,intercept_fit,52,1.0,-0.9753428380831768,0.452,0.4985203973789896
pond,pond,NTP,500,intercept_fit,53,1.0,-0.9532438298123995,0.442,0.4985203973789896
pond,pond,NTP,500,intercept_fit,54,1.0,-1.3148800065591337,0.43,0.4985203973789896
pond,pond,NTP,500,intercept_fit,55,1.0,-1.0363124801370909,0.406,0.4985203973789896
pond,pond,NTP,500,intercept_fit,56,1.0,-1.342188190638376,0.424,0.4985203973789896
pond,pond,NTP,500,intercept_fit,57,1.0,-0.8273663791816995,0.496,0.4985203973789896
pond,pond,NTP,500,intercept_fit,58,1.0,-0.8904760171961152,0.386,0.4985203973789896
pond,pond,NTP,500,intercept_fit,59,1.0,-0.538160295777392,0.45,0.4985203973789896
pond,pond,NTP,500,intercept_fit,60,1.0,-1.311921113039258,0.43,0.4985203973789896
pond,pond,NTP,500,intercept_fit,61,1.0,-0.6476860468284842,0.468,0.4985203973789896
pond,pond,NTP,500,intercept_fit,62,1.0,-1.4668894268549604,0.364,0.4985203973789896
pond,pond,NTP,500,intercept_fit,63,1.0,-0.6254714871598183,0.48,0.4985203973789896
pond,pond,NTP,500,intercept_fit,64,1.0,-0.8168941196612132,0.488,0.4985203973789896
pond,pond,NTP,500,intercept_fit,65,1.0,-0.7127426156251208,0.454,0.4985203973789896
pond,pond,NTP,500,intercept_fit,66,1.0,-0.6165177323543121,0.426,0.4985203973789896
pond,pond,NTP,500,intercept_fit,67,1.0,-0.2901471802419114,0.518,0.4985203973789896
pond,pond,NTP,500,intercept_fit,68,1.0,-1.581727528833979,0.398,0.4985203973789896
pond,pond,NTP,500,intercept_fit,69,1.0,-0.31648129367221545,0.502,0.4985203973789896
pond,pond,NTP,500,intercept_fit,70,1.0,-0.42028921385386736,0.43,0.4985203973789896
pond,pond,NTP,500,intercept_fit,71,1.0,-1.1938329360648463,0.356,0.4985203973789896
pond,pond,NTP,500,intercept_fit,72,1.0,-0.36586427686861006,0.504,0.4985203973789896
pond,pond,NTP,500,intercept_fit,73,1.0,-1.150760026750415,0.432,0.4985203973789896
pond,pond,NTP,500,intercept_fit,74,1.0,-0.9329841127528556,0.404,0.4985203973789896
pond,pond,NTP,500,intercept_fit,75,1.0,-0.9050153466855088,0.53,0.4985203973789896
pond,pond,NTP,500,intercept_fit,76,1.0,-1.1000870548063348,0.402,0.4985203973789896
pond,pond,NTP,500,intercept_fit,77,1.0,-0.9519016786390918,0.49,0.4985203973789896
pond,pond,NTP,500,intercept_fit,78,1.0,-0.9607978228416774,0.482,0.4985203973789896
pond,pond,NTP,500,intercept_fit,79,1.0,-1.0627357644208557,0.408,0.4985203973789896
pond,pond,NTP,500,intercept_fit,80,1.0,-0.22693677279000388,0.538,0.4985203973789896
pond,pond,NTP,500,intercept_fit,81,1.0,-0.33207218135530653,0.578,0.4985203973789896
pond,pond,NTP,500,intercept_fit,82,1.0,-1.9803625629301902,0.37,0.4985203973789896
pond,pond,NTP,500,intercept_fit,83,1.0,-1.1966803324702486,0.424,0.4985203973789896
pond,pond,NTP,500,intercept_fit,84,1.0,-0.7910187435564769,0.454,0.4985203973789896
pond,pond,NTP,500,intercept_fit,85,1.0,-0.2750794753169858,0.566,0.4985203973789896
pond,pond,NTP,500,intercept_fit,86,1.0,-0.9170851393076337,0.428,0.4985203973789896
pond,pond,NTP,500,intercept_fit,87,1.0,-1.1866983868026715,0.442,0.4985203973789896
pond,pond,NTP,500,intercept_fit,88,1.0,-1.4291757556113307,0.358,0.4985203973789896
pond,pond,NTP,500,intercept_fit,89,1.0,-0.8278610262344883,0.418,0.4985203973789896
pond,pond,NTP,500,intercept_fit,90,1.0,-1.4454625609180747,0.388,0.4985203973789896
pond,pond,NTP,500,intercept_fit,91,1.0,-1.1212545607493243,0.448,0.4985203973789896
pond,pond,NTP,500,intercept_fit,92,1.0,-1.505597516844976,0.336,0.4985203973789896
pond,pond,NTP,500,intercept_fit,93,1.0,-1.4788358904680463,0.362,0.4985203973789896
pond,pond,NTP,500,intercept_fit,94,1.0,-1.0605310163484396,0.454,0.4985203973789896
pond,pond,NTP,500,intercept_fit,95,1.0,-0.6098150686046431,0.518,0.4985203973789896
pond,pond,NTP,500,intercept_fit,96,1.0,-0.1119617089451598,0.552,0.4985203973789896
pond,pond,NTP,500,intercept_fit,97,1.0,-0.505941344985546,0.498,0.4985203973789896
pond,pond,NTP,500,intercept_fit,98,1.0,-0.6908789328792089,0.468,0.4985203973789896
pond,pond,NTP,500,intercept_fit,99,1.0,-1.031524762580433,0.428,0.4985203973789896
pond,pond,Probe,1000,intercept_fit,0,1.0,-1.2886712333116734,0.418,0.4985203973789896
pond,pond,Probe,1000,intercept_fit,1,1.0,-1.1351990814458868,0.389,0.4985203973789896
pond,pond,Probe,1000,intercept_fit,2,1.0,-0.9902422678215728,0.496,0.4985203973789896
pond,pond,Probe,1000,intercept_fit,3,1.0,-1.4621730642950796,0.295,0.4985203973789896
pond,pond,Probe,1000,intercept_fit,4,1.0,-0.15022451195447967,0.576,0.4985203973789896
pond,pond,Probe,1000,intercept_fit,5,1.0,-0.8581554391447329,0.393,0.4985203973789896
pond,pond,Probe,1000,intercept_fit,6,1.0,-1.3153256488055272,0.401,0.4985203973789896
pond,pond,Probe,1000,intercept_fit,7,1.0,-0.5139572469072793,0.508,0.4985203973789896
pond,pond,Probe,1000,intercept_fit,8,1.0,-0.6868613590726916,0.44,0.4985203973789896
pond,pond,Probe,1000,intercept_fit,9,1.0,-1.3746763746722284,0.4,0.4985203973789896
pond,pond,Probe,1000,intercept_fit,10,1.0,-1.1949611863883345,0.444,0.4985203973789896
pond,pond,Probe,1000,intercept_fit,11,1.0,-0.45055990851166183,0.497,0.4985203973789896
pond,pond,Probe,1000,intercept_fit,12,1.0,-1.1169115721601839,0.376,0.4985203973789896
pond,pond,Probe,1000,intercept_fit,13,1.0,-0.7749319663518458,0.503,0.4985203973789896
pond,pond,Probe,1000,intercept_fit,14,1.0,-1.3325977216748313,0.377,0.4985203973789896
pond,pond,Probe,1000,intercept_fit,15,1.0,-0.3400059960361754,0.544,0.4985203973789896
pond,pond,Probe,1000,intercept_fit,16,1.0,-1.049874064713729,0.46,0.4985203973789896
pond,pond,Probe,1000,intercept_fit,17,1.0,-1.4547405308029668,0.355,0.4985203973789896
pond,pond,Probe,1000,intercept_fit,18,1.0,-1.1003654058047996,0.441,0.4985203973789896
pond,pond,Probe,1000,intercept_fit,19,1.0,-1.33622252537992,0.413,0.4985203973789896
pond,pond,Probe,1000,intercept_fit,20,1.0,-0.1228430219607426,0.553,0.4985203973789896
pond,pond,Probe,1000,intercept_fit,21,1.0,-1.256022703233964,0.333,0.4985203973789896
pond,pond,Probe,1000,intercept_fit,22,1.0,-0.698368728013956,0.534,0.4985203973789896
pond,pond,Probe,1000,intercept_fit,23,1.0,-1.5634295217084326,0.331,0.4985203973789896
pond,pond,Probe,1000,intercept_fit,24,1.0,-0.5120302507613151,0.524,0.4985203973789896
pond,pond,Probe,1000,intercept_fit,25,1.0,-0.5864251426820616,0.41,0.4985203973789896
pond,pond,Probe,1000,intercept_fit,26,1.0,-1.3377789907840205,0.454,0.4985203973789896
pond,pond,Probe,1000,intercept_fit,27,1.0,-1.4184711792167446,0.373,0.4985203973789896
pond,pond,Probe,1000,intercept_fit,28,1.0,-1.1588791301531063,0.45,0.4985203973789896
pond,pond,Probe,1000,intercept_fit,29,1.0,-1.0283142174931543,0.461,0.4985203973789896
pond,pond,Probe,1000,intercept_fit,30,1.0,-0.12357904928117426,0.56,0.4985203973789896
pond,pond,Probe,1000,intercept_fit,31,1.0,-1.0348684303548357,0.374,0.4985203973789896
pond,pond,Probe,1000,intercept_fit,32,1.0,-0.572301636343486,0.454,0.4985203973789896
pond,pond,Probe,1000,intercept_fit,33,1.0,-1.0595025108684013,0.43,0.4985203973789896
pond,pond,Probe,1000,intercept_fit,34,1.0,-0.654714162069636,0.454,0.4985203973789896
pond,pond,Probe,1000,intercept_fit,35,1.0,-1.2287963149321925,0.448,0.4985203973789896
pond,pond,Probe,1000,intercept_fit,36,1.0,-1.1543548555659329,0.474,0.4985203973789896
pond,pond,Probe,1000,intercept_fit,37,1.0,-0.9443495574771015,0.408,0.4985203973789896
pond,pond,Probe,1000,intercept_fit,38,1.0,-0.9117801716110092,0.407,0.4985203973789896
pond,pond,Probe,1000,intercept_fit,39,1.0,-1.362403963912349,0.34,0.4985203973789896
pond,pond,Probe,1000,intercept_fit,40,1.0,-1.3056635219648056,0.469,0.4985203973789896
pond,pond,Probe,1000,intercept_fit,41,1.0,-0.7447559121836631,0.45,0.4985203973789896
pond,pond,Probe,1000,intercept_fit,42,1.0,-0.9238820753343512,0.451,0.4985203973789896
pond,pond,Probe,1000,intercept_fit,43,1.0,-0.5672553538257945,0.545,0.4985203973789896
pond,pond,Probe,1000,intercept_fit,44,1.0,-0.8984455033897387,0.379,0.4985203973789896
pond,pond,Probe,1000,intercept_fit,45,1.0,-1.044491803088633,0.527,0.4985203973789896
pond,pond,Probe,1000,intercept_fit,46,1.0,-1.4247910709604266,0.406,0.4985203973789896
pond,pond,Probe,1000,intercept_fit,47,1.0,-0.9459687180561116,0.435,0.4985203973789896
pond,pond,Probe,1000,intercept_fit,48,1.0,-1.0865245710331264,0.408,0.4985203973789896
pond,pond,Probe,1000,intercept_fit,49,1.0,-1.130321051802179,0.362,0.4985203973789896
pond,pond,Probe,1000,intercept_fit,50,1.0,-1.2534866466324879,0.418,0.4985203973789896
pond,pond,Probe,1000,intercept_fit,51,1.0,-0.7470939488270675,0.475,0.4985203973789896
pond,pond,Probe,1000,intercept_fit,52,1.0,-1.3954778150306477,0.462,0.4985203973789896
pond,pond,Probe,1000,intercept_fit,53,1.0,-0.7945015476822872,0.442,0.4985203973789896
pond,pond,Probe,1000,intercept_fit,54,1.0,-1.101625560300824,0.427,0.4985203973789896
pond,pond,Probe,1000,intercept_fit,55,1.0,-1.1148115534568535,0.456,0.4985203973789896
pond,pond,Probe,1000,intercept_fit,56,1.0,-1.2391388435930881,0.437,0.4985203973789896
pond,pond,Probe,1000,intercept_fit,57,1.0,-1.054509947334885,0.478,0.4985203973789896
pond,pond,Probe,1000,intercept_fit,58,1.0,-1.361916810054691,0.37,0.4985203973789896
pond,pond,Probe,1000,intercept_fit,59,1.0,-0.7727044181850566,0.409,0.4985203973789896
pond,pond,Probe,1000,intercept_fit,60,1.0,-1.1862971078975237,0.423,0.4985203973789896
pond,pond,Probe,1000,intercept_fit,61,1.0,-0.543468829925508,0.51,0.4985203973789896
pond,pond,Probe,1000,intercept_fit,62,1.0,-1.3184828698332023,0.358,0.4985203973789896
pond,pond,Probe,1000,intercept_fit,63,1.0,-1.0524590752961869,0.476,0.4985203973789896
pond,pond,Probe,1000,intercept_fit,64,1.0,-0.8078787746269301,0.461,0.4985203973789896
pond,pond,Probe,1000,intercept_fit,65,1.0,-0.3740805755127739,0.443,0.4985203973789896
pond,pond,Probe,1000,intercept_fit,66,1.0,-0.785521173782225,0.417,0.4985203973789896
pond,pond,Probe,1000,intercept_fit,67,1.0,-0.7753976766957517,0.492,0.4985203973789896
pond,pond,Probe,1000,intercept_fit,68,1.0,-1.3910530890584698,0.351,0.4985203973789896
pond,pond,Probe,1000,intercept_fit,69,1.0,-0.487807284023217,0.512,0.4985203973789896
pond,pond,Probe,1000,intercept_fit,70,1.0,-0.7778662755813427,0.455,0.4985203973789896
pond,pond,Probe,1000,intercept_fit,71,1.0,-1.2143766581382023,0.375,0.4985203973789896
pond,pond,Probe,1000,intercept_fit,72,1.0,-0.47365184783828207,0.485,0.4985203973789896
pond,pond,Probe,1000,intercept_fit,73,1.0,-1.0134058567459363,0.433,0.4985203973789896
pond,pond,Probe,1000,intercept_fit,74,1.0,-0.8913222691656846,0.404,0.4985203973789896
pond,pond,Probe,1000,intercept_fit,75,1.0,-1.011473816723565,0.54,0.4985203973789896
pond,pond,Probe,1000,intercept_fit,76,1.0,-0.7440999969496127,0.415,0.4985203973789896
pond,pond,Probe,1000,intercept_fit,77,1.0,-1.5368292901715115,0.466,0.4985203973789896
pond,pond,Probe,1000,intercept_fit,78,1.0,-0.885623176630616,0.501,0.4985203973789896
pond,pond,Probe,1000,intercept_fit,79,1.0,-1.0812012225792123,0.358,0.4985203973789896
pond,pond,Probe,1000,intercept_fit,80,1.0,-0.43950116804593536,0.541,0.4985203973789896
pond,pond,Probe,1000,intercept_fit,81,1.0,-0.6780399481027575,0.56,0.4985203973789896
pond,pond,Probe,1000,intercept_fit,82,1.0,-1.4968289754060358,0.361,0.4985203973789896
pond,pond,Probe,1000,intercept_fit,83,1.0,-0.5708333689681189,0.453,0.4985203973789896
pond,pond,Probe,1000,intercept_fit,84,1.0,-0.8845764695048363,0.463,0.4985203973789896
pond,pond,Probe,1000,intercept_fit,85,1.0,-0.5498210474019516,0.562,0.4985203973789896
pond,pond,Probe,1000,intercept_fit,86,1.0,-1.5173679843061973,0.413,0.4985203973789896
pond,pond,Probe,1000,intercept_fit,87,1.0,-1.2340346458849796,0.471,0.4985203973789896
pond,pond,Probe,1000,intercept_fit,88,1.0,-1.081167149200177,0.382,0.4985203973789896
pond,pond,Probe,1000,intercept_fit,89,1.0,-1.0415076563175658,0.37,0.4985203973789896
pond,pond,Probe,1000,intercept_fit,90,1.0,-1.642575149857633,0.348,0.4985203973789896
pond,pond,Probe,1000,intercept_fit,91,1.0,-0.6881910410236417,0.456,0.4985203973789896
pond,pond,Probe,1000,intercept_fit,92,1.0,-1.3847984964714999,0.292,0.4985203973789896
pond,pond,Probe,1000,intercept_fit,93,1.0,-1.0489568516988275,0.381,0.4985203973789896
pond,pond,Probe,1000,intercept_fit,94,1.0,-1.2104700830912427,0.471,0.4985203973789896
pond,pond,Probe,1000,intercept_fit,95,1.0,-0.4655933146236103,0.566,0.4985203973789896
pond,pond,Probe,1000,intercept_fit,96,1.0,-0.2553235496832479,0.535,0.4985203973789896
pond,pond,Probe,1000,intercept_fit,97,1.0,-0.5394111128931343,0.499,0.4985203973789896
pond,pond,Probe,1000,intercept_fit,98,1.0,-1.1722690686879942,0.484,0.4985203973789896
pond,pond,Probe,1000,intercept_fit,99,1.0,-1.1696129339040722,0.444,0.4985203973789896
pond,pond,NTP,1000,intercept_fit,0,1.0,-1.1323990502829147,0.418,0.4985203973789896
pond,pond,NTP,1000,intercept_fit,1,1.0,-1.1093395254787402,0.389,0.4985203973789896
pond,pond,NTP,1000,intercept_fit,2,1.0,-0.8062245776379622,0.496,0.4985203973789896
pond,pond,NTP,1000,intercept_fit,3,1.0,-1.8775427852979576,0.295,0.4985203973789896
pond,pond,NTP,1000,intercept_fit,4,1.0,0.06202266167186339,0.576,0.4985203973789896
pond,pond,NTP,1000,intercept_fit,5,1.0,-1.1224847692875586,0.393,0.4985203973789896
pond,pond,NTP,1000,intercept_fit,6,1.0,-1.3942166378619543,0.401,0.4985203973789896
pond,pond,NTP,1000,intercept_fit,7,1.0,-0.5448689781825294,0.508,0.4985203973789896
pond,pond,NTP,1000,intercept_fit,8,1.0,-0.8329246666375602,0.44,0.4985203973789896
pond,pond,NTP,1000,intercept_fit,9,1.0,-1.2118324366133246,0.4,0.4985203973789896
pond,pond,NTP,1000,intercept_fit,10,1.0,-1.0187134465920464,0.444,0.4985203973789896
pond,pond,NTP,1000,intercept_fit,11,1.0,-0.36669781778332483,0.497,0.4985203973789896
pond,pond,NTP,1000,intercept_fit,12,1.0,-1.1260493459285914,0.376,0.4985203973789896
pond,pond,NTP,1000,intercept_fit,13,1.0,-0.5259131604981165,0.503,0.4985203973789896
pond,pond,NTP,1000,intercept_fit,14,1.0,-1.3667422700637724,0.377,0.4985203973789896
pond,pond,NTP,1000,intercept_fit,15,1.0,-0.20264868780675624,0.544,0.4985203973789896
pond,pond,NTP,1000,intercept_fit,16,1.0,-0.5479098544971802,0.46,0.4985203973789896
pond,pond,NTP,1000,intercept_fit,17,1.0,-1.672724346133212,0.355,0.4985203973789896
pond,pond,NTP,1000,intercept_fit,18,1.0,-0.852730439198155,0.441,0.4985203973789896
pond,pond,NTP,1000,intercept_fit,19,1.0,-1.3373577305894577,0.413,0.4985203973789896
pond,pond,NTP,1000,intercept_fit,20,1.0,-0.361436880242996,0.553,0.4985203973789896
pond,pond,NTP,1000,intercept_fit,21,1.0,-1.4669284732018129,0.333,0.4985203973789896
pond,pond,NTP,1000,intercept_fit,22,1.0,-0.4418995177514616,0.534,0.4985203973789896
pond,pond,NTP,1000,intercept_fit,23,1.0,-1.861887912420835,0.331,0.4985203973789896
pond,pond,NTP,1000,intercept_fit,24,1.0,-0.5380908977071303,0.524,0.4985203973789896
pond,pond,NTP,1000,intercept_fit,25,1.0,-0.845261195459613,0.41,0.4985203973789896
pond,pond,NTP,1000,intercept_fit,26,1.0,-1.1596193479207768,0.454,0.4985203973789896
pond,pond,NTP,1000,intercept_fit,27,1.0,-1.7590353365054912,0.373,0.4985203973789896
pond,pond,NTP,1000,intercept_fit,28,1.0,-0.8624598097227667,0.45,0.4985203973789896
pond,pond,NTP,1000,intercept_fit,29,1.0,-0.5756485090927713,0.461,0.4985203973789896
pond,pond,NTP,1000,intercept_fit,30,1.0,-0.1898878219447083,0.56,0.4985203973789896
pond,pond,NTP,1000,intercept_fit,31,1.0,-1.3234745111491708,0.374,0.4985203973789896
pond,pond,NTP,1000,intercept_fit,32,1.0,-0.5421306010226873,0.454,0.4985203973789896
pond,pond,NTP,1000,intercept_fit,33,1.0,-0.8040530978365388,0.43,0.4985203973789896
pond,pond,NTP,1000,intercept_fit,34,1.0,-0.7502475590526994,0.454,0.4985203973789896
pond,pond,NTP,1000,intercept_fit,35,1.0,-1.1478794542345534,0.448,0.4985203973789896
pond,pond,NTP,1000,intercept_fit,36,1.0,-0.7353101638545778,0.474,0.4985203973789896
pond,pond,NTP,1000,intercept_fit,37,1.0,-0.8573389042428547,0.408,0.4985203973789896
pond,pond,NTP,1000,intercept_fit,38,1.0,-1.147450552319389,0.407,0.4985203973789896
pond,pond,NTP,1000,intercept_fit,39,1.0,-1.65630209374685,0.34,0.4985203973789896
pond,pond,NTP,1000,intercept_fit,40,1.0,-1.2598784936681233,0.469,0.4985203973789896
pond,pond,NTP,1000,intercept_fit,41,1.0,-0.6619975221214202,0.45,0.4985203973789896
pond,pond,NTP,1000,intercept_fit,42,1.0,-0.9014115439637885,0.451,0.4985203973789896
pond,pond,NTP,1000,intercept_fit,43,1.0,-0.24044122977660998,0.545,0.4985203973789896
pond,pond,NTP,1000,intercept_fit,44,1.0,-0.9172970995591533,0.379,0.4985203973789896
pond,pond,NTP,1000,intercept_fit,45,1.0,-0.7295244445836262,0.527,0.4985203973789896
pond,pond,NTP,1000,intercept_fit,46,1.0,-1.440498663064158,0.406,0.4985203973789896
pond,pond,NTP,1000,intercept_fit,47,1.0,-0.9855849226254446,0.435,0.4985203973789896
pond,pond,NTP,1000,intercept_fit,48,1.0,-1.0749744926359335,0.408,0.4985203973789896
pond,pond,NTP,1000,intercept_fit,49,1.0,-1.3143328421305167,0.362,0.4985203973789896
pond,pond,NTP,1000,intercept_fit,50,1.0,-1.3447124172749874,0.418,0.4985203973789896
pond,pond,NTP,1000,intercept_fit,51,1.0,-0.5667420803168952,0.475,0.4985203973789896
pond,pond,NTP,1000,intercept_fit,52,1.0,-0.9387386447498551,0.462,0.4985203973789896
pond,pond,NTP,1000,intercept_fit,53,1.0,-0.9465039406434657,0.442,0.4985203973789896
pond,pond,NTP,1000,intercept_fit,54,1.0,-1.1938850571089457,0.427,0.4985203973789896
pond,pond,NTP,1000,intercept_fit,55,1.0,-0.7713974084750924,0.456,0.4985203973789896
pond,pond,NTP,1000,intercept_fit,56,1.0,-1.235129567276201,0.437,0.4985203973789896
pond,pond,NTP,1000,intercept_fit,57,1.0,-0.7172497245726537,0.478,0.4985203973789896
pond,pond,NTP,1000,intercept_fit,58,1.0,-1.1062980002817218,0.37,0.4985203973789896
pond,pond,NTP,1000,intercept_fit,59,1.0,-0.8085438423671695,0.409,0.4985203973789896
pond,pond,NTP,1000,intercept_fit,60,1.0,-1.2542761326253788,0.423,0.4985203973789896
pond,pond,NTP,1000,intercept_fit,61,1.0,-0.31795043657943367,0.51,0.4985203973789896
pond,pond,NTP,1000,intercept_fit,62,1.0,-1.492283884854952,0.358,0.4985203973789896
pond,pond,NTP,1000,intercept_fit,63,1.0,-0.6869521150163058,0.476,0.4985203973789896
pond,pond,NTP,1000,intercept_fit,64,1.0,-0.900590967495518,0.461,0.4985203973789896
pond,pond,NTP,1000,intercept_fit,65,1.0,-0.6147965339107726,0.443,0.4985203973789896
pond,pond,NTP,1000,intercept_fit,66,1.0,-0.6764060914752537,0.417,0.4985203973789896
pond,pond,NTP,1000,intercept_fit,67,1.0,-0.2992082131353929,0.492,0.4985203973789896
pond,pond,NTP,1000,intercept_fit,68,1.0,-1.5881356010738088,0.351,0.4985203973789896
pond,pond,NTP,1000,intercept_fit,69,1.0,-0.2150992799142575,0.512,0.4985203973789896
pond,pond,NTP,1000,intercept_fit,70,1.0,-0.3172532358287215,0.455,0.4985203973789896
pond,pond,NTP,1000,intercept_fit,71,1.0,-1.1742617061441492,0.375,0.4985203973789896
pond,pond,NTP,1000,intercept_fit,72,1.0,-0.3141542104244383,0.485,0.4985203973789896
pond,pond,NTP,1000,intercept_fit,73,1.0,-0.9333529647517347,0.433,0.4985203973789896
pond,pond,NTP,1000,intercept_fit,74,1.0,-0.9761039649503838,0.404,0.4985203973789896
pond,pond,NTP,1000,intercept_fit,75,1.0,-0.6938048783663344,0.54,0.4985203973789896
pond,pond,NTP,1000,intercept_fit,76,1.0,-0.8137464463380945,0.415,0.4985203973789896
pond,pond,NTP,1000,intercept_fit,77,1.0,-1.309911339984273,0.466,0.4985203973789896
pond,pond,NTP,1000,intercept_fit,78,1.0,-0.9013342142355946,0.501,0.4985203973789896
pond,pond,NTP,1000,intercept_fit,79,1.0,-1.1038478727746102,0.358,0.4985203973789896
pond,pond,NTP,1000,intercept_fit,80,1.0,-0.21032477164588784,0.541,0.4985203973789896
pond,pond,NTP,1000,intercept_fit,81,1.0,-0.4636546924631933,0.56,0.4985203973789896
pond,pond,NTP,1000,intercept_fit,82,1.0,-1.8652556123768123,0.361,0.4985203973789896
pond,pond,NTP,1000,intercept_fit,83,1.0,-0.8742762645555202,0.453,0.4985203973789896
pond,pond,NTP,1000,intercept_fit,84,1.0,-0.7355901592058479,0.463,0.4985203973789896
pond,pond,NTP,1000,intercept_fit,85,1.0,-0.18237396495872812,0.562,0.4985203973789896
pond,pond,NTP,1000,intercept_fit,86,1.0,-1.290931623642724,0.413,0.4985203973789896
pond,pond,NTP,1000,intercept_fit,87,1.0,-1.1078431882254027,0.471,0.4985203973789896
pond,pond,NTP,1000,intercept_fit,88,1.0,-1.345191489358972,0.382,0.4985203973789896
pond,pond,NTP,1000,intercept_fit,89,1.0,-1.0667477844403743,0.37,0.4985203973789896
pond,pond,NTP,1000,intercept_fit,90,1.0,-1.6397263959910122,0.348,0.4985203973789896
pond,pond,NTP,1000,intercept_fit,91,1.0,-1.0838131996767448,0.456,0.4985203973789896
pond,pond,NTP,1000,intercept_fit,92,1.0,-1.8440518222550089,0.292,0.4985203973789896
pond,pond,NTP,1000,intercept_fit,93,1.0,-1.2431431031682179,0.381,0.4985203973789896
pond,pond,NTP,1000,intercept_fit,94,1.0,-0.8788327577696016,0.471,0.4985203973789896
pond,pond,NTP,1000,intercept_fit,95,1.0,-0.4459235356687826,0.566,0.4985203973789896
pond,pond,NTP,1000,intercept_fit,96,1.0,-0.25754041212994855,0.535,0.4985203973789896
pond,pond,NTP,1000,intercept_fit,97,1.0,-0.46072406090093526,0.499,0.4985203973789896
pond,pond,NTP,1000,intercept_fit,98,1.0,-0.6063340681287247,0.484,0.4985203973789896
pond,pond,NTP,1000,intercept_fit,99,1.0,-1.0640869626380705,0.444,0.4985203973789896
pond,nfix,Probe,10,intercept_fit,0,1.0,-2.411862356488873,0.3,0.4985203973789896
pond,nfix,Probe,10,intercept_fit,1,1.0,-1.6827292737432664,0.3,0.4985203973789896
pond,nfix,Probe,10,intercept_fit,2,1.0,-2.4999598185034015,0.1,0.4985203973789896
pond,nfix,Probe,10,intercept_fit,3,1.0,-2.4909654987919683,0.1,0.4985203973789896
pond,nfix,Probe,10,intercept_fit,4,1.0,-1.9529999969526202,0.3,0.4985203973789896
pond,nfix,Probe,10,intercept_fit,5,1.0,-0.9254767317130923,0.3,0.4985203973789896
pond,nfix,Probe,10,intercept_fit,6,1.0,-2.325161704927177,0.2,0.4985203973789896
pond,nfix,Probe,10,intercept_fit,7,1.0,-1.85750280959498,0.3,0.4985203973789896
pond,nfix,Probe,10,intercept_fit,8,1.0,-2.7763101251555766,0.1,0.4985203973789896
pond,nfix,Probe,10,intercept_fit,9,1.0,0.2897693748116877,0.5,0.4985203973789896
pond,nfix,Probe,10,intercept_fit,10,1.0,-1.7562432822214382,0.3,0.4985203973789896
pond,nfix,Probe,10,intercept_fit,11,1.0,-1.7529520612464842,0.4,0.4985203973789896
pond,nfix,Probe,10,intercept_fit,12,1.0,-1.5883563199307857,0.4,0.4985203973789896
pond,nfix,Probe,10,intercept_fit,13,1.0,-3.58747458158342,0.1,0.4985203973789896
pond,nfix,Probe,10,intercept_fit,14,1.0,-2.359707762799472,0.3,0.4985203973789896
pond,nfix,Probe,10,intercept_fit,15,1.0,-1.5462586026492986,0.1,0.4985203973789896
pond,nfix,Probe,10,intercept_fit,16,1.0,-0.7828091582219463,0.3,0.4985203973789896
pond,nfix,Probe,10,intercept_fit,17,1.0,-1.906346478786135,0.2,0.4985203973789896
pond,nfix,Probe,10,intercept_fit,18,1.0,-0.5495425560197382,0.4,0.4985203973789896
pond,nfix,Probe,10,intercept_fit,19,1.0,-2.2630129018960146,0.2,0.4985203973789896
pond,nfix,Probe,10,intercept_fit,20,1.0,-0.42191815983117703,0.4,0.4985203973789896
pond,nfix,Probe,10,intercept_fit,22,1.0,-3.4035720610304034,0.1,0.4985203973789896
pond,nfix,Probe,10,intercept_fit,23,1.0,-1.3824463340129798,0.4,0.4985203973789896
pond,nfix,Probe,10,intercept_fit,24,1.0,-1.833342091176496,0.2,0.4985203973789896
pond,nfix,Probe,10,intercept_fit,25,1.0,-1.0248665588540353,0.3,0.4985203973789896
pond,nfix,Probe,10,intercept_fit,26,1.0,-2.6503118365214147,0.2,0.4985203973789896
pond,nfix,Probe,10,intercept_fit,27,1.0,-3.790545869501969,0.1,0.4985203973789896
pond,nfix,Probe,10,intercept_fit,28,1.0,-2.2190629921491443,0.2,0.4985203973789896
pond,nfix,Probe,10,intercept_fit,29,1.0,-1.2091078962733464,0.3,0.4985203973789896
pond,nfix,Probe,10,intercept_fit,30,1.0,-2.0242523554026763,0.2,0.4985203973789896
pond,nfix,Probe,10,intercept_fit,31,1.0,-1.0982337767258223,0.3,0.4985203973789896
pond,nfix,Probe,10,intercept_fit,32,1.0,-1.8185573026592854,0.2,0.4985203973789896
pond,nfix,Probe,10,intercept_fit,33,1.0,-0.7566978859730576,0.4,0.4985203973789896
pond,nfix,Probe,10,intercept_fit,34,1.0,-1.0187990633396193,0.3,0.4985203973789896
pond,nfix,Probe,10,intercept_fit,35,1.0,-1.4343653925883704,0.4,0.4985203973789896
pond,nfix,Probe,10,intercept_fit,36,1.0,-1.6593695388215188,0.4,0.4985203973789896
pond,nfix,Probe,10,intercept_fit,38,1.0,-1.2726010617358146,0.3,0.4985203973789896
pond,nfix,Probe,10,intercept_fit,39,1.0,0.2212311189885045,0.4,0.4985203973789896
pond,nfix,Probe,10,intercept_fit,40,1.0,-3.1971405422558012,0.1,0.4985203973789896
pond,nfix,Probe,10,intercept_fit,41,1.0,-1.9851639767825784,0.3,0.4985203973789896
pond,nfix,Probe,10,intercept_fit,42,1.0,-2.1338936382240346,0.3,0.4985203973789896
pond,nfix,Probe,10,intercept_fit,43,1.0,-0.2594827993700495,0.5,0.4985203973789896
pond,nfix,Probe,10,intercept_fit,44,1.0,-0.4992393719208761,0.4,0.4985203973789896
pond,nfix,Probe,10,intercept_fit,45,1.0,-3.3324804489535658,0.1,0.4985203973789896
pond,nfix,Probe,10,intercept_fit,46,1.0,-2.365327560447375,0.3,0.4985203973789896
pond,nfix,Probe,10,intercept_fit,47,1.0,-2.184202041046783,0.2,0.4985203973789896
pond,nfix,Probe,10,intercept_fit,48,1.0,-2.0273302947096288,0.2,0.4985203973789896
pond,nfix,Probe,10,intercept_fit,49,1.0,-1.7134008079259777,0.1,0.4985203973789896
pond,nfix,Probe,10,intercept_fit,50,1.0,-0.46597760551043904,0.5,0.4985203973789896
pond,nfix,Probe,10,intercept_fit,51,1.0,-0.7227551066819534,0.4,0.4985203973789896
pond,nfix,Probe,10,intercept_fit,52,1.0,-2.8838511309447745,0.2,0.4985203973789896
pond,nfix,Probe,10,intercept_fit,53,1.0,1.2882364513489952,0.9,0.4985203973789896
pond,nfix,Probe,10,intercept_fit,54,1.0,-1.479685971048524,0.3,0.4985203973789896
pond,nfix,Probe,10,intercept_fit,55,1.0,-3.4268683279407823,0.1,0.4985203973789896
pond,nfix,Probe,10,intercept_fit,56,1.0,-1.7551680212512089,0.3,0.4985203973789896
pond,nfix,Probe,10,intercept_fit,57,1.0,-2.055164635402179,0.4,0.4985203973789896
pond,nfix,Probe,10,intercept_fit,58,1.0,-1.387303893919986,0.4,0.4985203973789896
pond,nfix,Probe,10,intercept_fit,59,1.0,-0.45112277804689477,0.6,0.4985203973789896
pond,nfix,Probe,10,intercept_fit,60,1.0,-1.4608072903821514,0.3,0.4985203973789896
pond,nfix,Probe,10,intercept_fit,61,1.0,-1.6421174393315967,0.2,0.4985203973789896
pond,nfix,Probe,10,intercept_fit,62,1.0,-1.0881121824779898,0.3,0.4985203973789896
pond,nfix,Probe,10,intercept_fit,63,1.0,-2.590327311217811,0.2,0.4985203973789896
pond,nfix,Probe,10,intercept_fit,64,1.0,-2.1596452374059614,0.3,0.4985203973789896
pond,nfix,Probe,10,intercept_fit,65,1.0,-0.42351198703450715,0.5,0.4985203973789896
pond,nfix,Probe,10,intercept_fit,67,1.0,-2.5830231829666888,0.2,0.4985203973789896
pond,nfix,Probe,10,intercept_fit,68,1.0,-3.1220562496087862,0.2,0.4985203973789896
pond,nfix,Probe,10,intercept_fit,69,1.0,-2.0973875440065712,0.2,0.4985203973789896
pond,nfix,Probe,10,intercept_fit,70,1.0,-1.8541356800026738,0.1,0.4985203973789896
pond,nfix,Probe,10,intercept_fit,71,1.0,-1.3604299566590556,0.4,0.4985203973789896
pond,nfix,Probe,10,intercept_fit,72,1.0,-1.4660229869031491,0.2,0.4985203973789896
pond,nfix,Probe,10,intercept_fit,73,1.0,-2.959319500911935,0.2,0.4985203973789896
pond,nfix,Probe,10,intercept_fit,74,1.0,-3.3144262839259873,0.1,0.4985203973789896
pond,nfix,Probe,10,intercept_fit,75,1.0,-3.7460930805633477,0.1,0.4985203973789896
pond,nfix,Probe,10,intercept_fit,76,1.0,-0.08651037933609365,0.4,0.4985203973789896
pond,nfix,Probe,10,intercept_fit,77,1.0,-3.351118869495738,0.2,0.4985203973789896
pond,nfix,Probe,10,intercept_fit,78,1.0,-2.0690192312459232,0.3,0.4985203973789896
pond,nfix,Probe,10,intercept_fit,79,1.0,-0.6466318300472309,0.3,0.4985203973789896
pond,nfix,Probe,10,intercept_fit,80,1.0,-1.1429072165977014,0.3,0.4985203973789896
pond,nfix,Probe,10,intercept_fit,81,1.0,-1.1366717194794476,0.4,0.4985203973789896
pond,nfix,Probe,10,intercept_fit,82,1.0,-3.9796348902053063,0.1,0.4985203973789896
pond,nfix,Probe,10,intercept_fit,83,1.0,-0.9064364888001629,0.4,0.4985203973789896
pond,nfix,Probe,10,intercept_fit,84,1.0,-2.3616426248670224,0.3,0.4985203973789896
pond,nfix,Probe,10,intercept_fit,85,1.0,-1.9287437436147494,0.3,0.4985203973789896
pond,nfix,Probe,10,intercept_fit,86,1.0,-2.14517711623951,0.2,0.4985203973789896
pond,nfix,Probe,10,intercept_fit,87,1.0,-3.015211151726307,0.2,0.4985203973789896
pond,nfix,Probe,10,intercept_fit,88,1.0,-0.37016412193439846,0.4,0.4985203973789896
pond,nfix,Probe,10,intercept_fit,89,1.0,-0.967190295399979,0.4,0.4985203973789896
pond,nfix,Probe,10,intercept_fit,90,1.0,-2.431797546918829,0.3,0.4985203973789896
pond,nfix,Probe,10,intercept_fit,91,1.0,-0.6866761799638469,0.2,0.4985203973789896
pond,nfix,Probe,10,intercept_fit,92,1.0,-0.14139652099173436,0.4,0.4985203973789896
pond,nfix,Probe,10,intercept_fit,93,1.0,-0.6592003406224818,0.5,0.4985203973789896
pond,nfix,Probe,10,intercept_fit,94,1.0,-2.0440853299964163,0.3,0.4985203973789896
pond,nfix,Probe,10,intercept_fit,95,1.0,-0.8186352841350487,0.4,0.4985203973789896
pond,nfix,Probe,10,intercept_fit,96,1.0,-1.4010429361004246,0.3,0.4985203973789896
pond,nfix,Probe,10,intercept_fit,97,1.0,-1.024537344662194,0.4,0.4985203973789896
pond,nfix,Probe,10,intercept_fit,98,1.0,-1.597316255649534,0.2,0.4985203973789896
pond,nfix,Probe,10,intercept_fit,99,1.0,-2.9012707223096763,0.1,0.4985203973789896
pond,nfix,Probe,10,intercept_fit,100,1.0,-2.7444385890881073,0.1,0.4985203973789896
pond,nfix,Probe,10,intercept_fit,101,1.0,-1.7152122121164044,0.1,0.4985203973789896
pond,nfix,Probe,10,intercept_fit,102,1.0,0.14836547617448131,0.5,0.4985203973789896
pond,nfix,NTP,10,intercept_fit,0,1.0,-2.8723277106814287,0.3,0.4985203973789896
pond,nfix,NTP,10,intercept_fit,1,1.0,-2.9418226011214124,0.3,0.4985203973789896
pond,nfix,NTP,10,intercept_fit,2,1.0,-4.123831324638963,0.1,0.4985203973789896
pond,nfix,NTP,10,intercept_fit,3,1.0,-4.1678736880402125,0.1,0.4985203973789896
pond,nfix,NTP,10,intercept_fit,4,1.0,-3.9615455553396477,0.3,0.4985203973789896
pond,nfix,NTP,10,intercept_fit,5,1.0,-2.6601956736112986,0.3,0.4985203973789896
pond,nfix,NTP,10,intercept_fit,6,1.0,-5.077312134364047,0.2,0.4985203973789896
pond,nfix,NTP,10,intercept_fit,7,1.0,-5.3905198975273825,0.3,0.4985203973789896
pond,nfix,NTP,10,intercept_fit,8,1.0,-5.619714825940515,0.1,0.4985203973789896
pond,nfix,NTP,10,intercept_fit,9,1.0,-2.48599662384203,0.5,0.4985203973789896
pond,nfix,NTP,10,intercept_fit,10,1.0,-2.999501230560465,0.3,0.4985203973789896
pond,nfix,NTP,10,intercept_fit,11,1.0,-2.861388224057054,0.4,0.4985203973789896
pond,nfix,NTP,10,intercept_fit,12,1.0,-2.403256138792895,0.4,0.4985203973789896
pond,nfix,NTP,10,intercept_fit,13,1.0,-6.1272353549051735,0.1,0.4985203973789896
pond,nfix,NTP,10,intercept_fit,14,1.0,-3.6961971177002764,0.3,0.4985203973789896
pond,nfix,NTP,10,intercept_fit,15,1.0,-3.522772419520772,0.1,0.4985203973789896
pond,nfix,NTP,10,intercept_fit,16,1.0,-2.180781113164013,0.3,0.4985203973789896
pond,nfix,NTP,10,intercept_fit,17,1.0,-4.476368588497502,0.2,0.4985203973789896
pond,nfix,NTP,10,intercept_fit,18,1.0,-3.1312013290101524,0.4,0.4985203973789896
pond,nfix,NTP,10,intercept_fit,19,1.0,-4.516863959503352,0.2,0.4985203973789896
pond,nfix,NTP,10,intercept_fit,20,1.0,-2.912648234110628,0.4,0.4985203973789896
pond,nfix,NTP,10,intercept_fit,22,1.0,-3.0562649765068186,0.1,0.4985203973789896
pond,nfix,NTP,10,intercept_fit,23,1.0,-1.6660514397622677,0.4,0.4985203973789896
pond,nfix,NTP,10,intercept_fit,24,1.0,-2.190577889399437,0.2,0.4985203973789896
pond,nfix,NTP,10,intercept_fit,25,1.0,-2.1490634017066106,0.3,0.4985203973789896
pond,nfix,NTP,10,intercept_fit,26,1.0,-3.212003942609053,0.2,0.4985203973789896
pond,nfix,NTP,10,intercept_fit,27,1.0,-2.9838439877556486,0.1,0.4985203973789896
pond,nfix,NTP,10,intercept_fit,28,1.0,-5.035580329824659,0.2,0.4985203973789896
pond,nfix,NTP,10,intercept_fit,29,1.0,-4.028993311821637,0.3,0.4985203973789896
pond,nfix,NTP,10,intercept_fit,30,1.0,-4.533733792001698,0.2,0.4985203973789896
pond,nfix,NTP,10,intercept_fit,31,1.0,-3.889696041979856,0.3,0.4985203973789896
pond,nfix,NTP,10,intercept_fit,32,1.0,-4.464338778514881,0.2,0.4985203973789896
pond,nfix,NTP,10,intercept_fit,33,1.0,-4.381761230849748,0.4,0.4985203973789896
pond,nfix,NTP,10,intercept_fit,34,1.0,-3.9721338224070215,0.3,0.4985203973789896
pond,nfix,NTP,10,intercept_fit,35,1.0,-1.802269724947702,0.4,0.4985203973789896
pond,nfix,NTP,10,intercept_fit,36,1.0,-2.9343553028859444,0.4,0.4985203973789896
pond,nfix,NTP,10,intercept_fit,38,1.0,-2.860553329855953,0.3,0.4985203973789896
pond,nfix,NTP,10,intercept_fit,39,1.0,-1.2036268905684473,0.4,0.4985203973789896
pond,nfix,NTP,10,intercept_fit,40,1.0,-5.068926249742545,0.1,0.4985203973789896
pond,nfix,NTP,10,intercept_fit,41,1.0,-2.7771824197750887,0.3,0.4985203973789896
pond,nfix,NTP,10,intercept_fit,42,1.0,-1.5231251441183782,0.3,0.4985203973789896
pond,nfix,NTP,10,intercept_fit,43,1.0,-1.5488859169257074,0.5,0.4985203973789896
pond,nfix,NTP,10,intercept_fit,44,1.0,-2.7134482848032744,0.4,0.4985203973789896
pond,nfix,NTP,10,intercept_fit,45,1.0,-5.613993433642594,0.1,0.4985203973789896
pond,nfix,NTP,10,intercept_fit,46,1.0,-3.2212497680172203,0.3,0.4985203973789896
pond,nfix,NTP,10,intercept_fit,47,1.0,-5.597577970678869,0.2,0.4985203973789896
pond,nfix,NTP,10,intercept_fit,48,1.0,-1.599754095417927,0.2,0.4985203973789896
pond,nfix,NTP,10,intercept_fit,49,1.0,-3.8544163508495504,0.1,0.4985203973789896
pond,nfix,NTP,10,intercept_fit,50,1.0,-2.492160428016699,0.5,0.4985203973789896
pond,nfix,NTP,10,intercept_fit,51,1.0,-1.116033772978568,0.4,0.4985203973789896
pond,nfix,NTP,10,intercept_fit,52,1.0,-4.063543249186456,0.2,0.4985203973789896
pond,nfix,NTP,10,intercept_fit,53,1.0,1.4993081018013954,0.9,0.4985203973789896
pond,nfix,NTP,10,intercept_fit,54,1.0,-1.8454414807005055,0.3,0.4985203973789896
pond,nfix,NTP,10,intercept_fit,55,1.0,-3.1949730920192185,0.1,0.4985203973789896
pond,nfix,NTP,10,intercept_fit,56,1.0,-4.862781518751994,0.3,0.4985203973789896
pond,nfix,NTP,10,intercept_fit,57,1.0,-1.7681938035241254,0.4,0.4985203973789896
pond,nfix,NTP,10,intercept_fit,58,1.0,-4.67110997534201,0.4,0.4985203973789896
pond,nfix,NTP,10,intercept_fit,59,1.0,-3.675205699534563,0.6,0.4985203973789896
pond,nfix,NTP,10,intercept_fit,60,1.0,-1.541991471170377,0.3,0.4985203973789896
pond,nfix,NTP,10,intercept_fit,61,1.0,-1.41804187365375,0.2,0.4985203973789896
pond,nfix,NTP,10,intercept_fit,62,1.0,-4.394250376041705,0.3,0.4985203973789896
pond,nfix,NTP,10,intercept_fit,63,1.0,-4.735048925591974,0.2,0.4985203973789896
pond,nfix,NTP,10,intercept_fit,64,1.0,-4.7708881096367195,0.3,0.4985203973789896
pond,nfix,NTP,10,intercept_fit,65,1.0,-1.2170026560277052,0.5,0.4985203973789896
pond,nfix,NTP,10,intercept_fit,67,1.0,-4.0503962423952755,0.2,0.4985203973789896
pond,nfix,NTP,10,intercept_fit,68,1.0,-3.426323801377335,0.2,0.4985203973789896
pond,nfix,NTP,10,intercept_fit,69,1.0,-5.13254651925708,0.2,0.4985203973789896
pond,nfix,NTP,10,intercept_fit,70,1.0,-4.568441218118796,0.1,0.4985203973789896
pond,nfix,NTP,10,intercept_fit,71,1.0,-2.5259024361717897,0.4,0.4985203973789896
pond,nfix,NTP,10,intercept_fit,72,1.0,-4.104691704163876,0.2,0.4985203973789896
pond,nfix,NTP,10,intercept_fit,73,1.0,-2.0957835123014696,0.2,0.4985203973789896
pond,nfix,NTP,10,intercept_fit,74,1.0,-6.070492058596209,0.1,0.4985203973789896
pond,nfix,NTP,10,intercept_fit,75,1.0,-4.8365880344598295,0.1,0.4985203973789896
pond,nfix,NTP,10,intercept_fit,76,1.0,-2.221436638847104,0.4,0.4985203973789896
pond,nfix,NTP,10,intercept_fit,77,1.0,-4.579454169793692,0.2,0.4985203973789896
pond,nfix,NTP,10,intercept_fit,78,1.0,-3.230463354549374,0.3,0.4985203973789896
pond,nfix,NTP,10,intercept_fit,79,1.0,-2.831655810650585,0.3,0.4985203973789896
pond,nfix,NTP,10,intercept_fit,80,1.0,-3.8432440373227332,0.3,0.4985203973789896
pond,nfix,NTP,10,intercept_fit,81,1.0,-3.638753199006456,0.4,0.4985203973789896
pond,nfix,NTP,10,intercept_fit,82,1.0,-5.865169475469712,0.1,0.4985203973789896
pond,nfix,NTP,10,intercept_fit,83,1.0,-4.476110000128504,0.4,0.4985203973789896
pond,nfix,NTP,10,intercept_fit,84,1.0,-3.0709911732697273,0.3,0.4985203973789896
pond,nfix,NTP,10,intercept_fit,85,1.0,-4.853978772428138,0.3,0.4985203973789896
pond,nfix,NTP,10,intercept_fit,86,1.0,-4.389306108228363,0.2,0.4985203973789896
pond,nfix,NTP,10,intercept_fit,87,1.0,-3.9359990030260983,0.2,0.4985203973789896
pond,nfix,NTP,10,intercept_fit,88,1.0,-1.0367334516642153,0.4,0.4985203973789896
pond,nfix,NTP,10,intercept_fit,89,1.0,-2.406731063888478,0.4,0.4985203973789896
pond,nfix,NTP,10,intercept_fit,90,1.0,-3.5050767862444108,0.3,0.4985203973789896
pond,nfix,NTP,10,intercept_fit,91,1.0,-3.1581199186250086,0.2,0.4985203973789896
pond,nfix,NTP,10,intercept_fit,92,1.0,-2.5357685119339206,0.4,0.4985203973789896
pond,nfix,NTP,10,intercept_fit,93,1.0,-1.4740473850146656,0.5,0.4985203973789896
pond,nfix,NTP,10,intercept_fit,94,1.0,-3.71604136490057,0.3,0.4985203973789896
pond,nfix,NTP,10,intercept_fit,95,1.0,-4.443019956900178,0.4,0.4985203973789896
pond,nfix,NTP,10,intercept_fit,96,1.0,-3.0245047225229436,0.3,0.4985203973789896
pond,nfix,NTP,10,intercept_fit,97,1.0,-2.25847603055909,0.4,0.4985203973789896
pond,nfix,NTP,10,intercept_fit,98,1.0,-2.8575219738529616,0.2,0.4985203973789896
pond,nfix,NTP,10,intercept_fit,99,1.0,-5.413115737204161,0.1,0.4985203973789896
pond,nfix,NTP,10,intercept_fit,100,1.0,-1.7359889446371206,0.1,0.4985203973789896
pond,nfix,NTP,10,intercept_fit,101,1.0,-5.23877241627957,0.1,0.4985203973789896
pond,nfix,NTP,10,intercept_fit,102,1.0,-0.5234386168436354,0.5,0.4985203973789896
pond,nfix,Probe,50,intercept_fit,0,1.0,-2.573513430581893,0.22,0.4985203973789896
pond,nfix,Probe,50,intercept_fit,1,1.0,-1.7407075126804972,0.34,0.4985203973789896
pond,nfix,Probe,50,intercept_fit,2,1.0,-1.8488219986812229,0.26,0.4985203973789896
pond,nfix,Probe,50,intercept_fit,3,1.0,-1.0359258500703425,0.28,0.4985203973789896
pond,nfix,Probe,50,intercept_fit,4,1.0,-1.1383756086553694,0.36,0.4985203973789896
pond,nfix,Probe,50,intercept_fit,5,1.0,-1.6676690873255304,0.22,0.4985203973789896
pond,nfix,Probe,50,intercept_fit,6,1.0,-1.3489029115509825,0.32,0.4985203973789896
pond,nfix,Probe,50,intercept_fit,7,1.0,-1.3488819958413725,0.34,0.4985203973789896
pond,nfix,Probe,50,intercept_fit,8,1.0,-1.9289235294707385,0.24,0.4985203973789896
pond,nfix,Probe,50,intercept_fit,9,1.0,-2.030401003835079,0.3,0.4985203973789896
pond,nfix,Probe,50,intercept_fit,10,1.0,-2.0535119621223323,0.28,0.4985203973789896
pond,nfix,Probe,50,intercept_fit,11,1.0,-1.052975249923762,0.32,0.4985203973789896
pond,nfix,Probe,50,intercept_fit,12,1.0,-1.4818260651650128,0.32,0.4985203973789896
pond,nfix,Probe,50,intercept_fit,13,1.0,-2.6642914386342293,0.2,0.4985203973789896
pond,nfix,Probe,50,intercept_fit,14,1.0,-2.0350323345196855,0.26,0.4985203973789896
pond,nfix,Probe,50,intercept_fit,15,1.0,-1.8398873502768802,0.14,0.4985203973789896
pond,nfix,Probe,50,intercept_fit,16,1.0,-2.5911664015037066,0.16,0.4985203973789896
pond,nfix,Probe,50,intercept_fit,17,1.0,-1.4156756932054915,0.3,0.4985203973789896
pond,nfix,Probe,50,intercept_fit,18,1.0,-0.4704410911651502,0.4,0.4985203973789896
pond,nfix,Probe,50,intercept_fit,19,1.0,-3.294350538939304,0.1,0.4985203973789896
pond,nfix,Probe,50,intercept_fit,20,1.0,-1.2950465298149079,0.26,0.4985203973789896
pond,nfix,Probe,50,intercept_fit,21,1.0,-1.3626805800057908,0.34,0.4985203973789896
pond,nfix,Probe,50,intercept_fit,22,1.0,-2.078919348885734,0.22,0.4985203973789896
pond,nfix,Probe,50,intercept_fit,23,1.0,-2.1846942836479504,0.24,0.4985203973789896
pond,nfix,Probe,50,intercept_fit,24,1.0,-2.0381349060510057,0.24,0.4985203973789896
pond,nfix,Probe,50,intercept_fit,25,1.0,-0.910408986078437,0.32,0.4985203973789896
pond,nfix,Probe,50,intercept_fit,26,1.0,-1.723897347032312,0.3,0.4985203973789896
pond,nfix,Probe,50,intercept_fit,27,1.0,-2.2972761192878304,0.22,0.4985203973789896
pond,nfix,Probe,50,intercept_fit,28,1.0,-2.6239421729514065,0.24,0.4985203973789896
pond,nfix,Probe,50,intercept_fit,29,1.0,-1.171822723038982,0.34,0.4985203973789896
pond,nfix,Probe,50,intercept_fit,30,1.0,-1.4062241464459915,0.32,0.4985203973789896
pond,nfix,Probe,50,intercept_fit,31,1.0,-1.2160541195139052,0.28,0.4985203973789896
pond,nfix,Probe,50,intercept_fit,32,1.0,-2.406013396198628,0.16,0.4985203973789896
pond,nfix,Probe,50,intercept_fit,33,1.0,-1.5933050615425144,0.24,0.4985203973789896
pond,nfix,Probe,50,intercept_fit,34,1.0,-1.7226036551115556,0.24,0.4985203973789896
pond,nfix,Probe,50,intercept_fit,35,1.0,-2.0502782690184143,0.24,0.4985203973789896
pond,nfix,Probe,50,intercept_fit,36,1.0,-1.8954093743903888,0.28,0.4985203973789896
pond,nfix,Probe,50,intercept_fit,37,1.0,-1.3522684919726982,0.26,0.4985203973789896
pond,nfix,Probe,50,intercept_fit,38,1.0,-1.8572384568237827,0.24,0.4985203973789896
pond,nfix,Probe,50,intercept_fit,39,1.0,-1.6566947841502508,0.34,0.4985203973789896
pond,nfix,Probe,50,intercept_fit,40,1.0,-2.735364243231284,0.14,0.4985203973789896
pond,nfix,Probe,50,intercept_fit,41,1.0,-2.1843706192858385,0.24,0.4985203973789896
pond,nfix,Probe,50,intercept_fit,42,1.0,-2.4693137211984992,0.2,0.4985203973789896
pond,nfix,Probe,50,intercept_fit,43,1.0,-2.6236443601893455,0.18,0.4985203973789896
pond,nfix,Probe,50,intercept_fit,44,1.0,-1.210764680470451,0.32,0.4985203973789896
pond,nfix,Probe,50,intercept_fit,45,1.0,-2.0792177957739617,0.24,0.4985203973789896
pond,nfix,Probe,50,intercept_fit,46,1.0,-2.6795959459641074,0.22,0.4985203973789896
pond,nfix,Probe,50,intercept_fit,47,1.0,-1.569763738051709,0.36,0.4985203973789896
pond,nfix,Probe,50,intercept_fit,48,1.0,-2.3562371071040262,0.22,0.4985203973789896
pond,nfix,Probe,50,intercept_fit,49,1.0,-1.939768324774902,0.2,0.4985203973789896
pond,nfix,Probe,50,intercept_fit,50,1.0,-1.346026128201516,0.36,0.4985203973789896
pond,nfix,Probe,50,intercept_fit,51,1.0,-1.9772661516046828,0.18,0.4985203973789896
pond,nfix,Probe,50,intercept_fit,52,1.0,-2.372555495659886,0.28,0.4985203973789896
pond,nfix,Probe,50,intercept_fit,53,1.0,-1.5025319883205872,0.26,0.4985203973789896
pond,nfix,Probe,50,intercept_fit,54,1.0,-2.307598079793509,0.18,0.4985203973789896
pond,nfix,Probe,50,intercept_fit,55,1.0,-2.7876839218500833,0.2,0.4985203973789896
pond,nfix,Probe,50,intercept_fit,56,1.0,-2.8647469428220615,0.16,0.4985203973789896
pond,nfix,Probe,50,intercept_fit,57,1.0,-1.5213393644502586,0.34,0.4985203973789896
pond,nfix,Probe,50,intercept_fit,58,1.0,-1.146155938968816,0.38,0.4985203973789896
pond,nfix,Probe,50,intercept_fit,59,1.0,-1.4047124126856496,0.28,0.4985203973789896
pond,nfix,Probe,50,intercept_fit,60,1.0,-1.8895998902752529,0.26,0.4985203973789896
pond,nfix,Probe,50,intercept_fit,61,1.0,-0.851422957805158,0.36,0.4985203973789896
pond,nfix,Probe,50,intercept_fit,62,1.0,-1.4114622527189602,0.32,0.4985203973789896
pond,nfix,Probe,50,intercept_fit,63,1.0,-2.5312613337855288,0.3,0.4985203973789896
pond,nfix,Probe,50,intercept_fit,64,1.0,-3.0619557307084557,0.12,0.4985203973789896
pond,nfix,Probe,50,intercept_fit,65,1.0,-1.5322351073311535,0.28,0.4985203973789896
pond,nfix,Probe,50,intercept_fit,66,1.0,-1.5567265651858018,0.26,0.4985203973789896
pond,nfix,Probe,50,intercept_fit,67,1.0,-1.6376272719361158,0.28,0.4985203973789896
pond,nfix,Probe,50,intercept_fit,68,1.0,-2.663556582335096,0.22,0.4985203973789896
pond,nfix,Probe,50,intercept_fit,69,1.0,-1.1975437233778279,0.34,0.4985203973789896
pond,nfix,Probe,50,intercept_fit,70,1.0,-0.9785043151295094,0.28,0.4985203973789896
pond,nfix,Probe,50,intercept_fit,71,1.0,-1.356475864554676,0.32,0.4985203973789896
pond,nfix,Probe,50,intercept_fit,72,1.0,-1.456660594807246,0.26,0.4985203973789896
pond,nfix,Probe,50,intercept_fit,73,1.0,-1.6932015936661236,0.28,0.4985203973789896
pond,nfix,Probe,50,intercept_fit,74,1.0,-2.6368288695735234,0.12,0.4985203973789896
pond,nfix,Probe,50,intercept_fit,75,1.0,-2.8200770692306842,0.22,0.4985203973789896
pond,nfix,Probe,50,intercept_fit,76,1.0,-1.1742213941204684,0.32,0.4985203973789896
pond,nfix,Probe,50,intercept_fit,77,1.0,-2.978657664005178,0.18,0.4985203973789896
pond,nfix,Probe,50,intercept_fit,78,1.0,-1.9331644355257673,0.32,0.4985203973789896
pond,nfix,Probe,50,intercept_fit,79,1.0,-1.127752883631524,0.3,0.4985203973789896
pond,nfix,Probe,50,intercept_fit,80,1.0,-1.213965559062296,0.28,0.4985203973789896
pond,nfix,Probe,50,intercept_fit,81,1.0,-1.4051309013146678,0.38,0.4985203973789896
pond,nfix,Probe,50,intercept_fit,82,1.0,-2.9277415823595088,0.2,0.4985203973789896
pond,nfix,Probe,50,intercept_fit,83,1.0,-1.8386710063767544,0.24,0.4985203973789896
pond,nfix,Probe,50,intercept_fit,84,1.0,-2.718388580169896,0.18,0.4985203973789896
pond,nfix,Probe,50,intercept_fit,85,1.0,-1.0665678166618704,0.34,0.4985203973789896
pond,nfix,Probe,50,intercept_fit,86,1.0,-2.2742886953119013,0.26,0.4985203973789896
pond,nfix,Probe,50,intercept_fit,87,1.0,-2.655500882350911,0.22,0.4985203973789896
pond,nfix,Probe,50,intercept_fit,88,1.0,-1.9510138619236586,0.24,0.4985203973789896
pond,nfix,Probe,50,intercept_fit,89,1.0,-1.496153605966978,0.3,0.4985203973789896
pond,nfix,Probe,50,intercept_fit,90,1.0,-2.515948001951363,0.28,0.4985203973789896
pond,nfix,Probe,50,intercept_fit,91,1.0,-1.1604697179718948,0.3,0.4985203973789896
pond,nfix,Probe,50,intercept_fit,92,1.0,-2.167282485071789,0.1,0.4985203973789896
pond,nfix,Probe,50,intercept_fit,93,1.0,-1.7317266617968239,0.28,0.4985203973789896
pond,nfix,Probe,50,intercept_fit,94,1.0,-1.9899775973946239,0.26,0.4985203973789896
pond,nfix,Probe,50,intercept_fit,95,1.0,-2.0235308252232582,0.2,0.4985203973789896
pond,nfix,Probe,50,intercept_fit,96,1.0,-1.3873209441335805,0.28,0.4985203973789896
pond,nfix,Probe,50,intercept_fit,97,1.0,-1.4510027962347007,0.3,0.4985203973789896
pond,nfix,Probe,50,intercept_fit,98,1.0,-1.4715053281797685,0.3,0.4985203973789896
pond,nfix,Probe,50,intercept_fit,99,1.0,-2.1557169632067366,0.26,0.4985203973789896
pond,nfix,NTP,50,intercept_fit,0,1.0,-4.579556568766932,0.22,0.4985203973789896
pond,nfix,NTP,50,intercept_fit,1,1.0,-3.504038960681301,0.34,0.4985203973789896
pond,nfix,NTP,50,intercept_fit,2,1.0,-3.907169544761579,0.26,0.4985203973789896
pond,nfix,NTP,50,intercept_fit,3,1.0,-3.867730928071647,0.28,0.4985203973789896
pond,nfix,NTP,50,intercept_fit,4,1.0,-2.978985601414868,0.36,0.4985203973789896
pond,nfix,NTP,50,intercept_fit,5,1.0,-3.890300523481062,0.22,0.4985203973789896
pond,nfix,NTP,50,intercept_fit,6,1.0,-2.785294649747107,0.32,0.4985203973789896
pond,nfix,NTP,50,intercept_fit,7,1.0,-3.454929107239851,0.34,0.4985203973789896
pond,nfix,NTP,50,intercept_fit,8,1.0,-4.80389220119426,0.24,0.4985203973789896
pond,nfix,NTP,50,intercept_fit,9,1.0,-3.687645109904131,0.3,0.4985203973789896
pond,nfix,NTP,50,intercept_fit,10,1.0,-3.5414633870115497,0.28,0.4985203973789896
pond,nfix,NTP,50,intercept_fit,11,1.0,-2.965568855137954,0.32,0.4985203973789896
pond,nfix,NTP,50,intercept_fit,12,1.0,-3.1637685312445507,0.32,0.4985203973789896
pond,nfix,NTP,50,intercept_fit,13,1.0,-4.0836839573751025,0.2,0.4985203973789896
pond,nfix,NTP,50,intercept_fit,14,1.0,-2.970629339405917,0.26,0.4985203973789896
pond,nfix,NTP,50,intercept_fit,15,1.0,-4.926235709972268,0.14,0.4985203973789896
pond,nfix,NTP,50,intercept_fit,16,1.0,-4.368397928491488,0.16,0.4985203973789896
pond,nfix,NTP,50,intercept_fit,17,1.0,-2.075481259565775,0.3,0.4985203973789896
pond,nfix,NTP,50,intercept_fit,18,1.0,-1.9117726433633824,0.4,0.4985203973789896
pond,nfix,NTP,50,intercept_fit,19,1.0,-5.2383499981583705,0.1,0.4985203973789896
pond,nfix,NTP,50,intercept_fit,20,1.0,-2.754767657352013,0.26,0.4985203973789896
pond,nfix,NTP,50,intercept_fit,21,1.0,-1.5709382227876003,0.34,0.4985203973789896
pond,nfix,NTP,50,intercept_fit,22,1.0,-3.5331822665247654,0.22,0.4985203973789896
pond,nfix,NTP,50,intercept_fit,23,1.0,-4.011758185771618,0.24,0.4985203973789896
pond,nfix,NTP,50,intercept_fit,24,1.0,-4.30680844279227,0.24,0.4985203973789896
pond,nfix,NTP,50,intercept_fit,25,1.0,-1.2486609341593486,0.32,0.4985203973789896
pond,nfix,NTP,50,intercept_fit,26,1.0,-1.908821438439283,0.3,0.4985203973789896
pond,nfix,NTP,50,intercept_fit,27,1.0,-3.7242352940427232,0.22,0.4985203973789896
pond,nfix,NTP,50,intercept_fit,28,1.0,-4.5072559368190905,0.24,0.4985203973789896
pond,nfix,NTP,50,intercept_fit,29,1.0,-2.5435401652846537,0.34,0.4985203973789896
pond,nfix,NTP,50,intercept_fit,30,1.0,-3.076388712457819,0.32,0.4985203973789896
pond,nfix,NTP,50,intercept_fit,31,1.0,-2.6304175244355545,0.28,0.4985203973789896
pond,nfix,NTP,50,intercept_fit,32,1.0,-5.221894222613181,0.16,0.4985203973789896
pond,nfix,NTP,50,intercept_fit,33,1.0,-4.091378394211011,0.24,0.4985203973789896
pond,nfix,NTP,50,intercept_fit,34,1.0,-3.118950352955877,0.24,0.4985203973789896
pond,nfix,NTP,50,intercept_fit,35,1.0,-3.3871741470083503,0.24,0.4985203973789896
pond,nfix,NTP,50,intercept_fit,36,1.0,-3.1785676851003255,0.28,0.4985203973789896
pond,nfix,NTP,50,intercept_fit,37,1.0,-3.4800522186502434,0.26,0.4985203973789896
pond,nfix,NTP,50,intercept_fit,38,1.0,-3.4167277539849374,0.24,0.4985203973789896
pond,nfix,NTP,50,intercept_fit,39,1.0,-2.5692702490194783,0.34,0.4985203973789896
pond,nfix,NTP,50,intercept_fit,40,1.0,-4.400815984421244,0.14,0.4985203973789896
pond,nfix,NTP,50,intercept_fit,41,1.0,-3.1668600363810997,0.24,0.4985203973789896
pond,nfix,NTP,50,intercept_fit,42,1.0,-3.100631301392818,0.2,0.4985203973789896
pond,nfix,NTP,50,intercept_fit,43,1.0,-4.184713575998553,0.18,0.4985203973789896
pond,nfix,NTP,50,intercept_fit,44,1.0,-3.856219208211833,0.32,0.4985203973789896
pond,nfix,NTP,50,intercept_fit,45,1.0,-4.246454035818563,0.24,0.4985203973789896
pond,nfix,NTP,50,intercept_fit,46,1.0,-4.071278295116802,0.22,0.4985203973789896
pond,nfix,NTP,50,intercept_fit,47,1.0,-3.4715819549743836,0.36,0.4985203973789896
pond,nfix,NTP,50,intercept_fit,48,1.0,-4.522248055248404,0.22,0.4985203973789896
pond,nfix,NTP,50,intercept_fit,49,1.0,-4.34770721160881,0.2,0.4985203973789896
pond,nfix,NTP,50,intercept_fit,50,1.0,-2.770143505998271,0.36,0.4985203973789896
pond,nfix,NTP,50,intercept_fit,51,1.0,-4.720019224242191,0.18,0.4985203973789896
pond,nfix,NTP,50,intercept_fit,52,1.0,-2.8767155265102815,0.28,0.4985203973789896
pond,nfix,NTP,50,intercept_fit,53,1.0,-2.9307504084996467,0.26,0.4985203973789896
pond,nfix,NTP,50,intercept_fit,54,1.0,-5.03267696039195,0.18,0.4985203973789896
pond,nfix,NTP,50,intercept_fit,55,1.0,-3.642214780532868,0.2,0.4985203973789896
pond,nfix,NTP,50,intercept_fit,56,1.0,-4.575247251605545,0.16,0.4985203973789896
pond,nfix,NTP,50,intercept_fit,57,1.0,-2.8906791307107373,0.34,0.4985203973789896
pond,nfix,NTP,50,intercept_fit,58,1.0,-2.605903595449717,0.38,0.4985203973789896
pond,nfix,NTP,50,intercept_fit,59,1.0,-4.0232718016353255,0.28,0.4985203973789896
pond,nfix,NTP,50,intercept_fit,60,1.0,-3.1508917620647696,0.26,0.4985203973789896
pond,nfix,NTP,50,intercept_fit,61,1.0,-2.6015884560599005,0.36,0.4985203973789896
pond,nfix,NTP,50,intercept_fit,62,1.0,-2.9532118052834853,0.32,0.4985203973789896
pond,nfix,NTP,50,intercept_fit,63,1.0,-4.078403208170878,0.3,0.4985203973789896
pond,nfix,NTP,50,intercept_fit,64,1.0,-5.264514910686667,0.12,0.4985203973789896
pond,nfix,NTP,50,intercept_fit,65,1.0,-3.4664137625110496,0.28,0.4985203973789896
pond,nfix,NTP,50,intercept_fit,66,1.0,-3.2866619697017665,0.26,0.4985203973789896
pond,nfix,NTP,50,intercept_fit,67,1.0,-4.444494680007224,0.28,0.4985203973789896
pond,nfix,NTP,50,intercept_fit,68,1.0,-4.006440946304916,0.22,0.4985203973789896
pond,nfix,NTP,50,intercept_fit,69,1.0,-3.482921086570421,0.34,0.4985203973789896
pond,nfix,NTP,50,intercept_fit,70,1.0,-4.027605278016381,0.28,0.4985203973789896
pond,nfix,NTP,50,intercept_fit,71,1.0,-3.470661604792508,0.32,0.4985203973789896
pond,nfix,NTP,50,intercept_fit,72,1.0,-3.979494798847412,0.26,0.4985203973789896
pond,nfix,NTP,50,intercept_fit,73,1.0,-3.0935879272899305,0.28,0.4985203973789896
pond,nfix,NTP,50,intercept_fit,74,1.0,-4.5968258948717535,0.12,0.4985203973789896
pond,nfix,NTP,50,intercept_fit,75,1.0,-3.3646210281038056,0.22,0.4985203973789896
pond,nfix,NTP,50,intercept_fit,76,1.0,-3.541299358279955,0.32,0.4985203973789896
pond,nfix,NTP,50,intercept_fit,77,1.0,-3.735120235004326,0.18,0.4985203973789896
pond,nfix,NTP,50,intercept_fit,78,1.0,-3.6822350148370786,0.32,0.4985203973789896
pond,nfix,NTP,50,intercept_fit,79,1.0,-2.9837131526979044,0.3,0.4985203973789896
pond,nfix,NTP,50,intercept_fit,80,1.0,-3.8568165431409165,0.28,0.4985203973789896
pond,nfix,NTP,50,intercept_fit,81,1.0,-3.086590396852298,0.38,0.4985203973789896
pond,nfix,NTP,50,intercept_fit,82,1.0,-4.491547231185661,0.2,0.4985203973789896
pond,nfix,NTP,50,intercept_fit,83,1.0,-3.132483693493841,0.24,0.4985203973789896
pond,nfix,NTP,50,intercept_fit,84,1.0,-5.175921497919709,0.18,0.4985203973789896
pond,nfix,NTP,50,intercept_fit,85,1.0,-3.0903491242609826,0.34,0.4985203973789896
pond,nfix,NTP,50,intercept_fit,86,1.0,-3.9103091555999847,0.26,0.4985203973789896
pond,nfix,NTP,50,intercept_fit,87,1.0,-4.737046592738971,0.22,0.4985203973789896
pond,nfix,NTP,50,intercept_fit,88,1.0,-3.390938739634097,0.24,0.4985203973789896
pond,nfix,NTP,50,intercept_fit,89,1.0,-2.923927102950542,0.3,0.4985203973789896
pond,nfix,NTP,50,intercept_fit,90,1.0,-4.617926111237985,0.28,0.4985203973789896
pond,nfix,NTP,50,intercept_fit,91,1.0,-3.7585016413555494,0.3,0.4985203973789896
pond,nfix,NTP,50,intercept_fit,92,1.0,-4.570731582745456,0.1,0.4985203973789896
pond,nfix,NTP,50,intercept_fit,93,1.0,-3.190590285615962,0.28,0.4985203973789896
pond,nfix,NTP,50,intercept_fit,94,1.0,-3.730191870462047,0.26,0.4985203973789896
pond,nfix,NTP,50,intercept_fit,95,1.0,-3.492851016249891,0.2,0.4985203973789896
pond,nfix,NTP,50,intercept_fit,96,1.0,-2.9003663128426194,0.28,0.4985203973789896
pond,nfix,NTP,50,intercept_fit,97,1.0,-4.151565920126335,0.3,0.4985203973789896
pond,nfix,NTP,50,intercept_fit,98,1.0,-3.5357136329103724,0.3,0.4985203973789896
pond,nfix,NTP,50,intercept_fit,99,1.0,-3.548654628820442,0.26,0.4985203973789896
pond,nfix,Probe,100,intercept_fit,0,1.0,-2.1742898870557608,0.25,0.4985203973789896
pond,nfix,Probe,100,intercept_fit,1,1.0,-1.3947090112798657,0.35,0.4985203973789896
pond,nfix,Probe,100,intercept_fit,2,1.0,-1.9171455665472992,0.25,0.4985203973789896
pond,nfix,Probe,100,intercept_fit,3,1.0,-1.426180670960291,0.24,0.4985203973789896
pond,nfix,Probe,100,intercept_fit,4,1.0,-1.349747675076439,0.36,0.4985203973789896
pond,nfix,Probe,100,intercept_fit,5,1.0,-1.1697806036605918,0.35,0.4985203973789896
pond,nfix,Probe,100,intercept_fit,6,1.0,-1.5405430888836313,0.31,0.4985203973789896
pond,nfix,Probe,100,intercept_fit,7,1.0,-1.4314802921109537,0.23,0.4985203973789896
pond,nfix,Probe,100,intercept_fit,8,1.0,-1.2532855218038113,0.32,0.4985203973789896
pond,nfix,Probe,100,intercept_fit,9,1.0,-2.279224182050209,0.23,0.4985203973789896
pond,nfix,Probe,100,intercept_fit,10,1.0,-2.2915986438122835,0.23,0.4985203973789896
pond,nfix,Probe,100,intercept_fit,11,1.0,-1.6597276720367669,0.26,0.4985203973789896
pond,nfix,Probe,100,intercept_fit,12,1.0,-1.4910398246965093,0.29,0.4985203973789896
pond,nfix,Probe,100,intercept_fit,13,1.0,-1.9336117066064442,0.27,0.4985203973789896
pond,nfix,Probe,100,intercept_fit,14,1.0,-2.3221883933631946,0.25,0.4985203973789896
pond,nfix,Probe,100,intercept_fit,15,1.0,-1.3699433745811005,0.28,0.4985203973789896
pond,nfix,Probe,100,intercept_fit,16,1.0,-2.260687550941374,0.22,0.4985203973789896
pond,nfix,Probe,100,intercept_fit,17,1.0,-1.655701613657742,0.3,0.4985203973789896
pond,nfix,Probe,100,intercept_fit,18,1.0,-1.818071662548584,0.22,0.4985203973789896
pond,nfix,Probe,100,intercept_fit,19,1.0,-2.277109327152974,0.22,0.4985203973789896
pond,nfix,Probe,100,intercept_fit,20,1.0,-0.6369726292442411,0.35,0.4985203973789896
pond,nfix,Probe,100,intercept_fit,21,1.0,-1.7183623640052146,0.28,0.4985203973789896
pond,nfix,Probe,100,intercept_fit,22,1.0,-2.534618180634029,0.17,0.4985203973789896
pond,nfix,Probe,100,intercept_fit,23,1.0,-1.753482368036808,0.31,0.4985203973789896
pond,nfix,Probe,100,intercept_fit,24,1.0,-1.8641065164672757,0.26,0.4985203973789896
pond,nfix,Probe,100,intercept_fit,25,1.0,-1.2456180807145008,0.24,0.4985203973789896
pond,nfix,Probe,100,intercept_fit,26,1.0,-2.949213163614611,0.17,0.4985203973789896
pond,nfix,Probe,100,intercept_fit,27,1.0,-2.2684945249389066,0.23,0.4985203973789896
pond,nfix,Probe,100,intercept_fit,28,1.0,-2.61413818726775,0.24,0.4985203973789896
pond,nfix,Probe,100,intercept_fit,29,1.0,-1.813250466629492,0.26,0.4985203973789896
pond,nfix,Probe,100,intercept_fit,30,1.0,-1.2492561786063863,0.29,0.4985203973789896
pond,nfix,Probe,100,intercept_fit,31,1.0,-1.1831169702682431,0.27,0.4985203973789896
pond,nfix,Probe,100,intercept_fit,32,1.0,-1.0537297834143267,0.36,0.4985203973789896
pond,nfix,Probe,100,intercept_fit,33,1.0,-1.2198450995466161,0.31,0.4985203973789896
pond,nfix,Probe,100,intercept_fit,34,1.0,-1.4361140051127785,0.23,0.4985203973789896
pond,nfix,Probe,100,intercept_fit,35,1.0,-2.1564805206131523,0.31,0.4985203973789896
pond,nfix,Probe,100,intercept_fit,36,1.0,-1.4907548762928076,0.34,0.4985203973789896
pond,nfix,Probe,100,intercept_fit,37,1.0,-1.604774850619542,0.22,0.4985203973789896
pond,nfix,Probe,100,intercept_fit,38,1.0,-2.2514672068364834,0.17,0.4985203973789896
pond,nfix,Probe,100,intercept_fit,39,1.0,-1.8266519698360233,0.28,0.4985203973789896
pond,nfix,Probe,100,intercept_fit,40,1.0,-2.090975971536237,0.22,0.4985203973789896
pond,nfix,Probe,100,intercept_fit,41,1.0,-1.8952457401398748,0.27,0.4985203973789896
pond,nfix,Probe,100,intercept_fit,42,1.0,-1.9595773038706203,0.26,0.4985203973789896
pond,nfix,Probe,100,intercept_fit,43,1.0,-2.296932123639743,0.22,0.4985203973789896
pond,nfix,Probe,100,intercept_fit,44,1.0,-1.5550595312018298,0.26,0.4985203973789896
pond,nfix,Probe,100,intercept_fit,45,1.0,-1.8472580952649484,0.28,0.4985203973789896
pond,nfix,Probe,100,intercept_fit,46,1.0,-2.2378947286866993,0.31,0.4985203973789896
pond,nfix,Probe,100,intercept_fit,47,1.0,-1.7758911133325501,0.31,0.4985203973789896
pond,nfix,Probe,100,intercept_fit,48,1.0,-1.9027252226416993,0.28,0.4985203973789896
pond,nfix,Probe,100,intercept_fit,49,1.0,-1.5989301257161854,0.25,0.4985203973789896
pond,nfix,Probe,100,intercept_fit,50,1.0,-1.6246299696771194,0.33,0.4985203973789896
pond,nfix,Probe,100,intercept_fit,51,1.0,-1.5745944068037443,0.22,0.4985203973789896
pond,nfix,Probe,100,intercept_fit,52,1.0,-2.3825312639218295,0.35,0.4985203973789896
pond,nfix,Probe,100,intercept_fit,53,1.0,-2.1781334631297318,0.19,0.4985203973789896
pond,nfix,Probe,100,intercept_fit,54,1.0,-2.1400058463749185,0.21,0.4985203973789896
pond,nfix,Probe,100,intercept_fit,55,1.0,-2.022176517640978,0.32,0.4985203973789896
pond,nfix,Probe,100,intercept_fit,56,1.0,-2.6046289595788745,0.19,0.4985203973789896
pond,nfix,Probe,100,intercept_fit,57,1.0,-2.1702995830350362,0.25,0.4985203973789896
pond,nfix,Probe,100,intercept_fit,58,1.0,-1.9925659713535429,0.26,0.4985203973789896
pond,nfix,Probe,100,intercept_fit,59,1.0,-1.288418950410414,0.32,0.4985203973789896
pond,nfix,Probe,100,intercept_fit,60,1.0,-2.088777238392031,0.18,0.4985203973789896
pond,nfix,Probe,100,intercept_fit,61,1.0,-1.0441523310343654,0.3,0.4985203973789896
pond,nfix,Probe,100,intercept_fit,62,1.0,-2.216101533131541,0.21,0.4985203973789896
pond,nfix,Probe,100,intercept_fit,63,1.0,-3.0836456374943806,0.17,0.4985203973789896
pond,nfix,Probe,100,intercept_fit,64,1.0,-1.749693506310129,0.25,0.4985203973789896
pond,nfix,Probe,100,intercept_fit,65,1.0,-1.595941482350885,0.27,0.4985203973789896
pond,nfix,Probe,100,intercept_fit,66,1.0,-1.5522815804080623,0.26,0.4985203973789896
pond,nfix,Probe,100,intercept_fit,67,1.0,-1.9491092440335005,0.29,0.4985203973789896
pond,nfix,Probe,100,intercept_fit,68,1.0,-2.3580826935284955,0.25,0.4985203973789896
pond,nfix,Probe,100,intercept_fit,69,1.0,-1.4000964642909246,0.32,0.4985203973789896
pond,nfix,Probe,100,intercept_fit,70,1.0,-1.265781473538696,0.29,0.4985203973789896
pond,nfix,Probe,100,intercept_fit,71,1.0,-1.847898385169368,0.22,0.4985203973789896
pond,nfix,Probe,100,intercept_fit,72,1.0,-1.2293870945803553,0.31,0.4985203973789896
pond,nfix,Probe,100,intercept_fit,73,1.0,-1.593377212592592,0.3,0.4985203973789896
pond,nfix,Probe,100,intercept_fit,74,1.0,-1.887345542233294,0.24,0.4985203973789896
pond,nfix,Probe,100,intercept_fit,75,1.0,-2.013728036812187,0.32,0.4985203973789896
pond,nfix,Probe,100,intercept_fit,76,1.0,-1.8020743706198499,0.21,0.4985203973789896
pond,nfix,Probe,100,intercept_fit,77,1.0,-2.4727375428997225,0.28,0.4985203973789896
pond,nfix,Probe,100,intercept_fit,78,1.0,-1.7660117233229389,0.35,0.4985203973789896
pond,nfix,Probe,100,intercept_fit,79,1.0,-1.6662085804697504,0.21,0.4985203973789896
pond,nfix,Probe,100,intercept_fit,80,1.0,-1.4688452031044765,0.27,0.4985203973789896
pond,nfix,Probe,100,intercept_fit,81,1.0,-2.1796068131758113,0.22,0.4985203973789896
pond,nfix,Probe,100,intercept_fit,82,1.0,-1.8434677399784725,0.38,0.4985203973789896
pond,nfix,Probe,100,intercept_fit,83,1.0,-2.162313243011668,0.18,0.4985203973789896
pond,nfix,Probe,100,intercept_fit,84,1.0,-2.5296303138854506,0.23,0.4985203973789896
pond,nfix,Probe,100,intercept_fit,85,1.0,-1.2112490326844594,0.34,0.4985203973789896
pond,nfix,Probe,100,intercept_fit,86,1.0,-2.424569463673301,0.22,0.4985203973789896
pond,nfix,Probe,100,intercept_fit,87,1.0,-2.4914724841611378,0.21,0.4985203973789896
pond,nfix,Probe,100,intercept_fit,88,1.0,-1.4092073266257952,0.3,0.4985203973789896
pond,nfix,Probe,100,intercept_fit,89,1.0,-1.6478930615018506,0.25,0.4985203973789896
pond,nfix,Probe,100,intercept_fit,90,1.0,-2.602526141054906,0.23,0.4985203973789896
pond,nfix,Probe,100,intercept_fit,91,1.0,-1.329121476178235,0.29,0.4985203973789896
pond,nfix,Probe,100,intercept_fit,92,1.0,-0.7073667769962326,0.35,0.4985203973789896
pond,nfix,Probe,100,intercept_fit,93,1.0,-1.6540690809784584,0.26,0.4985203973789896
pond,nfix,Probe,100,intercept_fit,94,1.0,-2.064489001022431,0.25,0.4985203973789896
pond,nfix,Probe,100,intercept_fit,95,1.0,-1.2527133502022543,0.3,0.4985203973789896
pond,nfix,Probe,100,intercept_fit,96,1.0,-1.7194057713853867,0.24,0.4985203973789896
pond,nfix,Probe,100,intercept_fit,97,1.0,-1.3402957971382496,0.31,0.4985203973789896
pond,nfix,Probe,100,intercept_fit,98,1.0,-1.8473902007941831,0.27,0.4985203973789896
pond,nfix,Probe,100,intercept_fit,99,1.0,-2.375584495229436,0.21,0.4985203973789896
pond,nfix,NTP,100,intercept_fit,0,1.0,-3.589701778868104,0.25,0.4985203973789896
pond,nfix,NTP,100,intercept_fit,1,1.0,-2.589110668487066,0.35,0.4985203973789896
pond,nfix,NTP,100,intercept_fit,2,1.0,-3.982756470070685,0.25,0.4985203973789896
pond,nfix,NTP,100,intercept_fit,3,1.0,-3.6680462443568826,0.24,0.4985203973789896
pond,nfix,NTP,100,intercept_fit,4,1.0,-2.018848292923181,0.36,0.4985203973789896
pond,nfix,NTP,100,intercept_fit,5,1.0,-2.6992168635919147,0.35,0.4985203973789896
pond,nfix,NTP,100,intercept_fit,6,1.0,-2.9464755257242623,0.31,0.4985203973789896
pond,nfix,NTP,100,intercept_fit,7,1.0,-3.4027579492047146,0.23,0.4985203973789896
pond,nfix,NTP,100,intercept_fit,8,1.0,-3.503058832438726,0.32,0.4985203973789896
pond,nfix,NTP,100,intercept_fit,9,1.0,-2.9093714772927806,0.23,0.4985203973789896
pond,nfix,NTP,100,intercept_fit,10,1.0,-3.0031840631261497,0.23,0.4985203973789896
pond,nfix,NTP,100,intercept_fit,11,1.0,-4.074678656761559,0.26,0.4985203973789896
pond,nfix,NTP,100,intercept_fit,12,1.0,-3.545136839478316,0.29,0.4985203973789896
pond,nfix,NTP,100,intercept_fit,13,1.0,-2.2229587379404827,0.27,0.4985203973789896
pond,nfix,NTP,100,intercept_fit,14,1.0,-4.420155307830521,0.25,0.4985203973789896
pond,nfix,NTP,100,intercept_fit,15,1.0,-3.3058330992071046,0.28,0.4985203973789896
pond,nfix,NTP,100,intercept_fit,16,1.0,-3.5126337087715807,0.22,0.4985203973789896
pond,nfix,NTP,100,intercept_fit,17,1.0,-2.980350959436542,0.3,0.4985203973789896
pond,nfix,NTP,100,intercept_fit,18,1.0,-4.429582768978559,0.22,0.4985203973789896
pond,nfix,NTP,100,intercept_fit,19,1.0,-3.791902642215766,0.22,0.4985203973789896
pond,nfix,NTP,100,intercept_fit,20,1.0,-2.4292524068875476,0.35,0.4985203973789896
pond,nfix,NTP,100,intercept_fit,21,1.0,-3.5187166021925824,0.28,0.4985203973789896
pond,nfix,NTP,100,intercept_fit,22,1.0,-4.866761022792013,0.17,0.4985203973789896
pond,nfix,NTP,100,intercept_fit,23,1.0,-3.235866029332397,0.31,0.4985203973789896
pond,nfix,NTP,100,intercept_fit,24,1.0,-4.1879929150806765,0.26,0.4985203973789896
pond,nfix,NTP,100,intercept_fit,25,1.0,-2.462098820811641,0.24,0.4985203973789896
pond,nfix,NTP,100,intercept_fit,26,1.0,-4.039470486255831,0.17,0.4985203973789896
pond,nfix,NTP,100,intercept_fit,27,1.0,-3.9273565177804612,0.23,0.4985203973789896
pond,nfix,NTP,100,intercept_fit,28,1.0,-4.579512027633792,0.24,0.4985203973789896
pond,nfix,NTP,100,intercept_fit,29,1.0,-3.579267011258128,0.26,0.4985203973789896
pond,nfix,NTP,100,intercept_fit,30,1.0,-3.348157940050586,0.29,0.4985203973789896
pond,nfix,NTP,100,intercept_fit,31,1.0,-2.5996629906893483,0.27,0.4985203973789896
pond,nfix,NTP,100,intercept_fit,32,1.0,-3.35616892108128,0.36,0.4985203973789896
pond,nfix,NTP,100,intercept_fit,33,1.0,-3.373443122098303,0.31,0.4985203973789896
pond,nfix,NTP,100,intercept_fit,34,1.0,-3.13854180391825,0.23,0.4985203973789896
pond,nfix,NTP,100,intercept_fit,35,1.0,-3.6920236221928007,0.31,0.4985203973789896
pond,nfix,NTP,100,intercept_fit,36,1.0,-2.777481856454425,0.34,0.4985203973789896
pond,nfix,NTP,100,intercept_fit,37,1.0,-3.5834266017915786,0.22,0.4985203973789896
pond,nfix,NTP,100,intercept_fit,38,1.0,-4.615421430291047,0.17,0.4985203973789896
pond,nfix,NTP,100,intercept_fit,39,1.0,-3.3502452500369437,0.28,0.4985203973789896
pond,nfix,NTP,100,intercept_fit,40,1.0,-3.8767007068195896,0.22,0.4985203973789896
pond,nfix,NTP,100,intercept_fit,41,1.0,-3.755337797780803,0.27,0.4985203973789896
pond,nfix,NTP,100,intercept_fit,42,1.0,-2.819621911760761,0.26,0.4985203973789896
pond,nfix,NTP,100,intercept_fit,43,1.0,-3.939492287166085,0.22,0.4985203973789896
pond,nfix,NTP,100,intercept_fit,44,1.0,-3.9116781411454054,0.26,0.4985203973789896
pond,nfix,NTP,100,intercept_fit,45,1.0,-3.134019018434569,0.28,0.4985203973789896
pond,nfix,NTP,100,intercept_fit,46,1.0,-3.6121932527169354,0.31,0.4985203973789896
pond,nfix,NTP,100,intercept_fit,47,1.0,-3.705657197394774,0.31,0.4985203973789896
pond,nfix,NTP,100,intercept_fit,48,1.0,-3.42334887030396,0.28,0.4985203973789896
pond,nfix,NTP,100,intercept_fit,49,1.0,-3.8618936471893166,0.25,0.4985203973789896
pond,nfix,NTP,100,intercept_fit,50,1.0,-3.2932632239113966,0.33,0.4985203973789896
pond,nfix,NTP,100,intercept_fit,51,1.0,-4.14271249600334,0.22,0.4985203973789896
pond,nfix,NTP,100,intercept_fit,52,1.0,-3.0345644139650223,0.35,0.4985203973789896
pond,nfix,NTP,100,intercept_fit,53,1.0,-4.296422946875919,0.19,0.4985203973789896
pond,nfix,NTP,100,intercept_fit,54,1.0,-4.535596710544485,0.21,0.4985203973789896
pond,nfix,NTP,100,intercept_fit,55,1.0,-2.624313055788931,0.32,0.4985203973789896
pond,nfix,NTP,100,intercept_fit,56,1.0,-4.351739698517629,0.19,0.4985203973789896
pond,nfix,NTP,100,intercept_fit,57,1.0,-3.9966638638916363,0.25,0.4985203973789896
pond,nfix,NTP,100,intercept_fit,58,1.0,-4.196020335948492,0.26,0.4985203973789896
pond,nfix,NTP,100,intercept_fit,59,1.0,-3.9912489351618268,0.32,0.4985203973789896
pond,nfix,NTP,100,intercept_fit,60,1.0,-4.249770221870813,0.18,0.4985203973789896
pond,nfix,NTP,100,intercept_fit,61,1.0,-3.2926101300196104,0.3,0.4985203973789896
pond,nfix,NTP,100,intercept_fit,62,1.0,-4.234360436135659,0.21,0.4985203973789896
pond,nfix,NTP,100,intercept_fit,63,1.0,-5.040932143414806,0.17,0.4985203973789896
pond,nfix,NTP,100,intercept_fit,64,1.0,-3.1527572901300296,0.25,0.4985203973789896
pond,nfix,NTP,100,intercept_fit,65,1.0,-4.2946668113985424,0.27,0.4985203973789896
pond,nfix,NTP,100,intercept_fit,66,1.0,-3.966439993725761,0.26,0.4985203973789896
pond,nfix,NTP,100,intercept_fit,67,1.0,-4.0477835183476385,0.29,0.4985203973789896
pond,nfix,NTP,100,intercept_fit,68,1.0,-3.2613648199051375,0.25,0.4985203973789896
pond,nfix,NTP,100,intercept_fit,69,1.0,-3.6351928188383114,0.32,0.4985203973789896
pond,nfix,NTP,100,intercept_fit,70,1.0,-3.433864585138233,0.29,0.4985203973789896
pond,nfix,NTP,100,intercept_fit,71,1.0,-3.6773266511453944,0.22,0.4985203973789896
pond,nfix,NTP,100,intercept_fit,72,1.0,-2.272190541946527,0.31,0.4985203973789896
pond,nfix,NTP,100,intercept_fit,73,1.0,-3.223739722824047,0.3,0.4985203973789896
pond,nfix,NTP,100,intercept_fit,74,1.0,-3.5912378555294286,0.24,0.4985203973789896
pond,nfix,NTP,100,intercept_fit,75,1.0,-3.4671430678841166,0.32,0.4985203973789896
pond,nfix,NTP,100,intercept_fit,76,1.0,-4.312860078972291,0.21,0.4985203973789896
pond,nfix,NTP,100,intercept_fit,77,1.0,-3.7169461321105413,0.28,0.4985203973789896
pond,nfix,NTP,100,intercept_fit,78,1.0,-3.514691826568236,0.35,0.4985203973789896
pond,nfix,NTP,100,intercept_fit,79,1.0,-4.044024646165341,0.21,0.4985203973789896
pond,nfix,NTP,100,intercept_fit,80,1.0,-3.141199386876795,0.27,0.4985203973789896
pond,nfix,NTP,100,intercept_fit,81,1.0,-3.6062056677743,0.22,0.4985203973789896
pond,nfix,NTP,100,intercept_fit,82,1.0,-2.652588204017654,0.38,0.4985203973789896
pond,nfix,NTP,100,intercept_fit,83,1.0,-4.605292403384643,0.18,0.4985203973789896
pond,nfix,NTP,100,intercept_fit,84,1.0,-4.2357451157450905,0.23,0.4985203973789896
pond,nfix,NTP,100,intercept_fit,85,1.0,-3.049600116178424,0.34,0.4985203973789896
pond,nfix,NTP,100,intercept_fit,86,1.0,-3.4719303115801994,0.22,0.4985203973789896
pond,nfix,NTP,100,intercept_fit,87,1.0,-4.294047788618037,0.21,0.4985203973789896
pond,nfix,NTP,100,intercept_fit,88,1.0,-3.6195488595592606,0.3,0.4985203973789896
pond,nfix,NTP,100,intercept_fit,89,1.0,-3.642703039328394,0.25,0.4985203973789896
pond,nfix,NTP,100,intercept_fit,90,1.0,-4.128241025025817,0.23,0.4985203973789896
pond,nfix,NTP,100,intercept_fit,91,1.0,-3.3831541094047215,0.29,0.4985203973789896
pond,nfix,NTP,100,intercept_fit,92,1.0,-2.15516391320688,0.35,0.4985203973789896
pond,nfix,NTP,100,intercept_fit,93,1.0,-2.855353608615657,0.26,0.4985203973789896
pond,nfix,NTP,100,intercept_fit,94,1.0,-3.346454837992316,0.25,0.4985203973789896
pond,nfix,NTP,100,intercept_fit,95,1.0,-2.507458875577243,0.3,0.4985203973789896
pond,nfix,NTP,100,intercept_fit,96,1.0,-4.549406270188879,0.24,0.4985203973789896
pond,nfix,NTP,100,intercept_fit,97,1.0,-4.281516115299771,0.31,0.4985203973789896
pond,nfix,NTP,100,intercept_fit,98,1.0,-4.1901660992571985,0.27,0.4985203973789896
pond,nfix,NTP,100,intercept_fit,99,1.0,-4.381869248555588,0.21,0.4985203973789896
pond,nfix,Probe,250,intercept_fit,0,1.0,-2.437359140459453,0.212,0.4985203973789896
pond,nfix,Probe,250,intercept_fit,1,1.0,-1.742531665546346,0.312,0.4985203973789896
pond,nfix,Probe,250,intercept_fit,2,1.0,-1.7327355886985718,0.28,0.4985203973789896
pond,nfix,Probe,250,intercept_fit,3,1.0,-1.1133582095016152,0.28,0.4985203973789896
pond,nfix,Probe,250,intercept_fit,4,1.0,-1.687197545825399,0.292,0.4985203973789896
pond,nfix,Probe,250,intercept_fit,5,1.0,-1.4039278703422353,0.284,0.4985203973789896
pond,nfix,Probe,250,intercept_fit,6,1.0,-1.6740073954257115,0.288,0.4985203973789896
pond,nfix,Probe,250,intercept_fit,7,1.0,-1.2180169982276783,0.276,0.4985203973789896
pond,nfix,Probe,250,intercept_fit,8,1.0,-1.4390608080507588,0.308,0.4985203973789896
pond,nfix,Probe,250,intercept_fit,9,1.0,-2.151845060190663,0.268,0.4985203973789896
pond,nfix,Probe,250,intercept_fit,10,1.0,-2.4336219481928807,0.216,0.4985203973789896
pond,nfix,Probe,250,intercept_fit,11,1.0,-1.015082070918596,0.352,0.4985203973789896
pond,nfix,Probe,250,intercept_fit,12,1.0,-1.6603892277107168,0.252,0.4985203973789896
pond,nfix,Probe,250,intercept_fit,13,1.0,-2.2558209856572007,0.236,0.4985203973789896
pond,nfix,Probe,250,intercept_fit,14,1.0,-2.001855298726093,0.284,0.4985203973789896
pond,nfix,Probe,250,intercept_fit,15,1.0,-1.5164259446493176,0.212,0.4985203973789896
pond,nfix,Probe,250,intercept_fit,16,1.0,-1.8605862534109558,0.272,0.4985203973789896
pond,nfix,Probe,250,intercept_fit,17,1.0,-1.9354875714126887,0.248,0.4985203973789896
pond,nfix,Probe,250,intercept_fit,18,1.0,-1.867272762833934,0.276,0.4985203973789896
pond,nfix,Probe,250,intercept_fit,19,1.0,-2.2608190795058896,0.232,0.4985203973789896
pond,nfix,Probe,250,intercept_fit,20,1.0,-1.052240392740988,0.28,0.4985203973789896
pond,nfix,Probe,250,intercept_fit,21,1.0,-1.6069894526168067,0.296,0.4985203973789896
pond,nfix,Probe,250,intercept_fit,22,1.0,-1.6841837060522902,0.292,0.4985203973789896
pond,nfix,Probe,250,intercept_fit,23,1.0,-1.6290975534286036,0.312,0.4985203973789896
pond,nfix,Probe,250,intercept_fit,24,1.0,-1.8057460994045513,0.276,0.4985203973789896
pond,nfix,Probe,250,intercept_fit,25,1.0,-1.501966877202015,0.244,0.4985203973789896
pond,nfix,Probe,250,intercept_fit,26,1.0,-2.586129548490595,0.228,0.4985203973789896
pond,nfix,Probe,250,intercept_fit,27,1.0,-2.280722581465466,0.232,0.4985203973789896
pond,nfix,Probe,250,intercept_fit,28,1.0,-2.2830539828175147,0.264,0.4985203973789896
pond,nfix,Probe,250,intercept_fit,29,1.0,-1.5833904676089403,0.288,0.4985203973789896
pond,nfix,Probe,250,intercept_fit,30,1.0,-1.4159320866046057,0.296,0.4985203973789896
pond,nfix,Probe,250,intercept_fit,31,1.0,-1.1811914289799066,0.304,0.4985203973789896
pond,nfix,Probe,250,intercept_fit,32,1.0,-1.6531060662687616,0.284,0.4985203973789896
pond,nfix,Probe,250,intercept_fit,33,1.0,-1.8381642686258468,0.24,0.4985203973789896
pond,nfix,Probe,250,intercept_fit,34,1.0,-1.3970428351546524,0.244,0.4985203973789896
pond,nfix,Probe,250,intercept_fit,35,1.0,-2.1919472636337702,0.272,0.4985203973789896
pond,nfix,Probe,250,intercept_fit,36,1.0,-1.7500590848780249,0.292,0.4985203973789896
pond,nfix,Probe,250,intercept_fit,37,1.0,-0.9582159673050766,0.316,0.4985203973789896
pond,nfix,Probe,250,intercept_fit,38,1.0,-1.6353826874139892,0.268,0.4985203973789896
pond,nfix,Probe,250,intercept_fit,39,1.0,-1.698717982599966,0.3,0.4985203973789896
pond,nfix,Probe,250,intercept_fit,40,1.0,-2.2089279807089706,0.232,0.4985203973789896
pond,nfix,Probe,250,intercept_fit,41,1.0,-1.8956181563876897,0.236,0.4985203973789896
pond,nfix,Probe,250,intercept_fit,42,1.0,-2.0647371642625436,0.244,0.4985203973789896
pond,nfix,Probe,250,intercept_fit,43,1.0,-2.033016161326354,0.268,0.4985203973789896
pond,nfix,Probe,250,intercept_fit,44,1.0,-1.1975417102883594,0.328,0.4985203973789896
pond,nfix,Probe,250,intercept_fit,45,1.0,-1.9465699558180245,0.272,0.4985203973789896
pond,nfix,Probe,250,intercept_fit,46,1.0,-2.5967819387522493,0.252,0.4985203973789896
pond,nfix,Probe,250,intercept_fit,47,1.0,-1.7038306703400132,0.348,0.4985203973789896
pond,nfix,Probe,250,intercept_fit,48,1.0,-1.8237775096860396,0.312,0.4985203973789896
pond,nfix,Probe,250,intercept_fit,49,1.0,-1.1348636078907213,0.284,0.4985203973789896
pond,nfix,Probe,250,intercept_fit,50,1.0,-1.9822560903441122,0.3,0.4985203973789896
pond,nfix,Probe,250,intercept_fit,51,1.0,-1.3198993960491356,0.26,0.4985203973789896
pond,nfix,Probe,250,intercept_fit,52,1.0,-2.905876700128745,0.244,0.4985203973789896
pond,nfix,Probe,250,intercept_fit,53,1.0,-1.7959372235115574,0.276,0.4985203973789896
pond,nfix,Probe,250,intercept_fit,54,1.0,-1.9143283155885853,0.256,0.4985203973789896
pond,nfix,Probe,250,intercept_fit,55,1.0,-2.267286275417976,0.26,0.4985203973789896
pond,nfix,Probe,250,intercept_fit,56,1.0,-2.284729944496322,0.256,0.4985203973789896
pond,nfix,Probe,250,intercept_fit,57,1.0,-2.2917353374723284,0.256,0.4985203973789896
pond,nfix,Probe,250,intercept_fit,58,1.0,-1.9582285073279841,0.288,0.4985203973789896
pond,nfix,Probe,250,intercept_fit,59,1.0,-1.4750058867380265,0.292,0.4985203973789896
pond,nfix,Probe,250,intercept_fit,60,1.0,-2.067658863597537,0.216,0.4985203973789896
pond,nfix,Probe,250,intercept_fit,61,1.0,-1.654546500609933,0.208,0.4985203973789896
pond,nfix,Probe,250,intercept_fit,62,1.0,-1.8435601789852756,0.272,0.4985203973789896
pond,nfix,Probe,250,intercept_fit,63,1.0,-2.178336775505259,0.304,0.4985203973789896
pond,nfix,Probe,250,intercept_fit,64,1.0,-1.9048707993915763,0.228,0.4985203973789896
pond,nfix,Probe,250,intercept_fit,65,1.0,-1.6214258882027524,0.264,0.4985203973789896
pond,nfix,Probe,250,intercept_fit,66,1.0,-1.3142646615457976,0.288,0.4985203973789896
pond,nfix,Probe,250,intercept_fit,67,1.0,-1.9636779447422765,0.296,0.4985203973789896
pond,nfix,Probe,250,intercept_fit,68,1.0,-2.037346968163534,0.288,0.4985203973789896
pond,nfix,Probe,250,intercept_fit,69,1.0,-1.5229770007606365,0.292,0.4985203973789896
pond,nfix,Probe,250,intercept_fit,70,1.0,-1.6288639582915962,0.224,0.4985203973789896
pond,nfix,Probe,250,intercept_fit,71,1.0,-1.8178097508972506,0.26,0.4985203973789896
pond,nfix,Probe,250,intercept_fit,72,1.0,-1.8447464904469737,0.216,0.4985203973789896
pond,nfix,Probe,250,intercept_fit,73,1.0,-2.117808205076695,0.24,0.4985203973789896
pond,nfix,Probe,250,intercept_fit,74,1.0,-1.9455206923410502,0.204,0.4985203973789896
pond,nfix,Probe,250,intercept_fit,75,1.0,-2.5930127012628916,0.22,0.4985203973789896
pond,nfix,Probe,250,intercept_fit,76,1.0,-1.4425249158557025,0.264,0.4985203973789896
pond,nfix,Probe,250,intercept_fit,77,1.0,-2.5071681103388586,0.26,0.4985203973789896
pond,nfix,Probe,250,intercept_fit,78,1.0,-1.8593555732834375,0.316,0.4985203973789896
pond,nfix,Probe,250,intercept_fit,79,1.0,-1.28893555476019,0.268,0.4985203973789896
pond,nfix,Probe,250,intercept_fit,80,1.0,-1.4603925158407003,0.268,0.4985203973789896
pond,nfix,Probe,250,intercept_fit,81,1.0,-1.679532893540179,0.32,0.4985203973789896
pond,nfix,Probe,250,intercept_fit,82,1.0,-2.3086577337430567,0.268,0.4985203973789896
pond,nfix,Probe,250,intercept_fit,83,1.0,-1.9255196967105523,0.22,0.4985203973789896
pond,nfix,Probe,250,intercept_fit,84,1.0,-2.2007083821275546,0.272,0.4985203973789896
pond,nfix,Probe,250,intercept_fit,85,1.0,-2.0063873147421125,0.228,0.4985203973789896
pond,nfix,Probe,250,intercept_fit,86,1.0,-2.1115678736543986,0.288,0.4985203973789896
pond,nfix,Probe,250,intercept_fit,87,1.0,-2.520441229023834,0.216,0.4985203973789896
pond,nfix,Probe,250,intercept_fit,88,1.0,-1.7446694693659914,0.252,0.4985203973789896
pond,nfix,Probe,250,intercept_fit,89,1.0,-1.2009260889512412,0.324,0.4985203973789896
pond,nfix,Probe,250,intercept_fit,90,1.0,-2.5173633206295674,0.252,0.4985203973789896
pond,nfix,Probe,250,intercept_fit,91,1.0,-1.0542514396887137,0.324,0.4985203973789896
pond,nfix,Probe,250,intercept_fit,92,1.0,-1.2289573085785244,0.252,0.4985203973789896
pond,nfix,Probe,250,intercept_fit,93,1.0,-1.8085536428838136,0.26,0.4985203973789896
pond,nfix,Probe,250,intercept_fit,94,1.0,-2.1384302292834065,0.228,0.4985203973789896
pond,nfix,Probe,250,intercept_fit,95,1.0,-1.536529410277579,0.272,0.4985203973789896
pond,nfix,Probe,250,intercept_fit,96,1.0,-1.5339074851023893,0.292,0.4985203973789896
pond,nfix,Probe,250,intercept_fit,97,1.0,-1.3147925178931095,0.296,0.4985203973789896
pond,nfix,Probe,250,intercept_fit,98,1.0,-1.8230403616706816,0.24,0.4985203973789896
pond,nfix,Probe,250,intercept_fit,99,1.0,-1.7904494582408137,0.312,0.4985203973789896
pond,nfix,NTP,250,intercept_fit,0,1.0,-4.181967910325096,0.212,0.4985203973789896
pond,nfix,NTP,250,intercept_fit,1,1.0,-3.713139246144963,0.312,0.4985203973789896
pond,nfix,NTP,250,intercept_fit,2,1.0,-3.2567941549415074,0.28,0.4985203973789896
pond,nfix,NTP,250,intercept_fit,3,1.0,-3.3416801488338903,0.28,0.4985203973789896
pond,nfix,NTP,250,intercept_fit,4,1.0,-3.5491352864416355,0.292,0.4985203973789896
pond,nfix,NTP,250,intercept_fit,5,1.0,-3.242327847794264,0.284,0.4985203973789896
pond,nfix,NTP,250,intercept_fit,6,1.0,-3.9315245744907505,0.288,0.4985203973789896
pond,nfix,NTP,250,intercept_fit,7,1.0,-2.442166063510762,0.276,0.4985203973789896
pond,nfix,NTP,250,intercept_fit,8,1.0,-3.7898901919359784,0.308,0.4985203973789896
pond,nfix,NTP,250,intercept_fit,9,1.0,-3.735613695561871,0.268,0.4985203973789896
pond,nfix,NTP,250,intercept_fit,10,1.0,-3.7729434861847566,0.216,0.4985203973789896
pond,nfix,NTP,250,intercept_fit,11,1.0,-3.610368479351675,0.352,0.4985203973789896
pond,nfix,NTP,250,intercept_fit,12,1.0,-4.130372976669129,0.252,0.4985203973789896
pond,nfix,NTP,250,intercept_fit,13,1.0,-3.7753003322337033,0.236,0.4985203973789896
pond,nfix,NTP,250,intercept_fit,14,1.0,-3.4209632864332327,0.284,0.4985203973789896
pond,nfix,NTP,250,intercept_fit,15,1.0,-4.14457093051149,0.212,0.4985203973789896
pond,nfix,NTP,250,intercept_fit,16,1.0,-3.6152159223917857,0.272,0.4985203973789896
pond,nfix,NTP,250,intercept_fit,17,1.0,-3.02876317680906,0.248,0.4985203973789896
pond,nfix,NTP,250,intercept_fit,18,1.0,-3.953667336700118,0.276,0.4985203973789896
pond,nfix,NTP,250,intercept_fit,19,1.0,-3.490426806321713,0.232,0.4985203973789896
pond,nfix,NTP,250,intercept_fit,20,1.0,-2.792896664979767,0.28,0.4985203973789896
pond,nfix,NTP,250,intercept_fit,21,1.0,-2.649091777600659,0.296,0.4985203973789896
pond,nfix,NTP,250,intercept_fit,22,1.0,-2.939584837848035,0.292,0.4985203973789896
pond,nfix,NTP,250,intercept_fit,23,1.0,-2.682814479337509,0.312,0.4985203973789896
pond,nfix,NTP,250,intercept_fit,24,1.0,-4.087589092097937,0.276,0.4985203973789896
pond,nfix,NTP,250,intercept_fit,25,1.0,-3.7322425490480073,0.244,0.4985203973789896
pond,nfix,NTP,250,intercept_fit,26,1.0,-3.827983768044874,0.228,0.4985203973789896
pond,nfix,NTP,250,intercept_fit,27,1.0,-3.89104138261562,0.232,0.4985203973789896
pond,nfix,NTP,250,intercept_fit,28,1.0,-3.8576448258437472,0.264,0.4985203973789896
pond,nfix,NTP,250,intercept_fit,29,1.0,-3.0846878783885034,0.288,0.4985203973789896
pond,nfix,NTP,250,intercept_fit,30,1.0,-3.4052856503420115,0.296,0.4985203973789896
pond,nfix,NTP,250,intercept_fit,31,1.0,-3.1215560511265132,0.304,0.4985203973789896
pond,nfix,NTP,250,intercept_fit,32,1.0,-4.0707408229122795,0.284,0.4985203973789896
pond,nfix,NTP,250,intercept_fit,33,1.0,-3.7207386163806304,0.24,0.4985203973789896
pond,nfix,NTP,250,intercept_fit,34,1.0,-3.477637107888143,0.244,0.4985203973789896
pond,nfix,NTP,250,intercept_fit,35,1.0,-3.727079414398958,0.272,0.4985203973789896
pond,nfix,NTP,250,intercept_fit,36,1.0,-2.49215514452366,0.292,0.4985203973789896
pond,nfix,NTP,250,intercept_fit,37,1.0,-3.429354164681402,0.316,0.4985203973789896
pond,nfix,NTP,250,intercept_fit,38,1.0,-3.6795827716206526,0.268,0.4985203973789896
pond,nfix,NTP,250,intercept_fit,39,1.0,-3.737449250647177,0.3,0.4985203973789896
pond,nfix,NTP,250,intercept_fit,40,1.0,-3.843700328601181,0.232,0.4985203973789896
pond,nfix,NTP,250,intercept_fit,41,1.0,-3.49483832339082,0.236,0.4985203973789896
pond,nfix,NTP,250,intercept_fit,42,1.0,-3.1944019182732304,0.244,0.4985203973789896
pond,nfix,NTP,250,intercept_fit,43,1.0,-3.360162717241566,0.268,0.4985203973789896
pond,nfix,NTP,250,intercept_fit,44,1.0,-3.7220239884177033,0.328,0.4985203973789896
pond,nfix,NTP,250,intercept_fit,45,1.0,-3.6341810456519554,0.272,0.4985203973789896
pond,nfix,NTP,250,intercept_fit,46,1.0,-3.7794530632998415,0.252,0.4985203973789896
pond,nfix,NTP,250,intercept_fit,47,1.0,-3.6904875830112913,0.348,0.4985203973789896
pond,nfix,NTP,250,intercept_fit,48,1.0,-3.8614182399359884,0.312,0.4985203973789896
pond,nfix,NTP,250,intercept_fit,49,1.0,-2.8639488651255722,0.284,0.4985203973789896
pond,nfix,NTP,250,intercept_fit,50,1.0,-3.1476806093049072,0.3,0.4985203973789896
pond,nfix,NTP,250,intercept_fit,51,1.0,-3.625272479159983,0.26,0.4985203973789896
pond,nfix,NTP,250,intercept_fit,52,1.0,-3.666729234907857,0.244,0.4985203973789896
pond,nfix,NTP,250,intercept_fit,53,1.0,-3.9502802363527665,0.276,0.4985203973789896
pond,nfix,NTP,250,intercept_fit,54,1.0,-4.19167153793857,0.256,0.4985203973789896
pond,nfix,NTP,250,intercept_fit,55,1.0,-3.4251172282177937,0.26,0.4985203973789896
pond,nfix,NTP,250,intercept_fit,56,1.0,-3.977978025843989,0.256,0.4985203973789896
pond,nfix,NTP,250,intercept_fit,57,1.0,-3.992584270922938,0.256,0.4985203973789896
pond,nfix,NTP,250,intercept_fit,58,1.0,-3.7994044021804103,0.288,0.4985203973789896
pond,nfix,NTP,250,intercept_fit,59,1.0,-3.8121242819514625,0.292,0.4985203973789896
pond,nfix,NTP,250,intercept_fit,60,1.0,-3.2623078646801433,0.216,0.4985203973789896
pond,nfix,NTP,250,intercept_fit,61,1.0,-4.075555524006536,0.208,0.4985203973789896
pond,nfix,NTP,250,intercept_fit,62,1.0,-3.4531647550694116,0.272,0.4985203973789896
pond,nfix,NTP,250,intercept_fit,63,1.0,-3.206716766660434,0.304,0.4985203973789896
pond,nfix,NTP,250,intercept_fit,64,1.0,-4.057903980176895,0.228,0.4985203973789896
pond,nfix,NTP,250,intercept_fit,65,1.0,-4.307513213789541,0.264,0.4985203973789896
pond,nfix,NTP,250,intercept_fit,66,1.0,-3.0889831057163715,0.288,0.4985203973789896
pond,nfix,NTP,250,intercept_fit,67,1.0,-3.716812601876642,0.296,0.4985203973789896
pond,nfix,NTP,250,intercept_fit,68,1.0,-3.5548333566142256,0.288,0.4985203973789896
pond,nfix,NTP,250,intercept_fit,69,1.0,-3.8062484849644833,0.292,0.4985203973789896
pond,nfix,NTP,250,intercept_fit,70,1.0,-4.479116144450206,0.224,0.4985203973789896
pond,nfix,NTP,250,intercept_fit,71,1.0,-3.7446689467378462,0.26,0.4985203973789896
pond,nfix,NTP,250,intercept_fit,72,1.0,-4.129585001334366,0.216,0.4985203973789896
pond,nfix,NTP,250,intercept_fit,73,1.0,-4.202217558793374,0.24,0.4985203973789896
pond,nfix,NTP,250,intercept_fit,74,1.0,-3.4196881002363635,0.204,0.4985203973789896
pond,nfix,NTP,250,intercept_fit,75,1.0,-3.8571395954434435,0.22,0.4985203973789896
pond,nfix,NTP,250,intercept_fit,76,1.0,-3.7159052480661114,0.264,0.4985203973789896
pond,nfix,NTP,250,intercept_fit,77,1.0,-3.7713390770223554,0.26,0.4985203973789896
pond,nfix,NTP,250,intercept_fit,78,1.0,-2.9104501658635615,0.316,0.4985203973789896
pond,nfix,NTP,250,intercept_fit,79,1.0,-4.105907453555297,0.268,0.4985203973789896
pond,nfix,NTP,250,intercept_fit,80,1.0,-3.73327547493339,0.268,0.4985203973789896
pond,nfix,NTP,250,intercept_fit,81,1.0,-3.3013685258175522,0.32,0.4985203973789896
pond,nfix,NTP,250,intercept_fit,82,1.0,-3.503374727938605,0.268,0.4985203973789896
pond,nfix,NTP,250,intercept_fit,83,1.0,-4.1666447351796405,0.22,0.4985203973789896
pond,nfix,NTP,250,intercept_fit,84,1.0,-3.667023289079422,0.272,0.4985203973789896
pond,nfix,NTP,250,intercept_fit,85,1.0,-4.39686168227657,0.228,0.4985203973789896
pond,nfix,NTP,250,intercept_fit,86,1.0,-3.6072128799008554,0.288,0.4985203973789896
pond,nfix,NTP,250,intercept_fit,87,1.0,-3.877931678355721,0.216,0.4985203973789896
pond,nfix,NTP,250,intercept_fit,88,1.0,-2.840281992471927,0.252,0.4985203973789896
pond,nfix,NTP,250,intercept_fit,89,1.0,-3.467572625044767,0.324,0.4985203973789896
pond,nfix,NTP,250,intercept_fit,90,1.0,-3.964914220847591,0.252,0.4985203973789896
pond,nfix,NTP,250,intercept_fit,91,1.0,-2.9868577898274316,0.324,0.4985203973789896
pond,nfix,NTP,250,intercept_fit,92,1.0,-3.287927264803465,0.252,0.4985203973789896
pond,nfix,NTP,250,intercept_fit,93,1.0,-3.5351022616207217,0.26,0.4985203973789896
pond,nfix,NTP,250,intercept_fit,94,1.0,-3.5865250551977383,0.228,0.4985203973789896
pond,nfix,NTP,250,intercept_fit,95,1.0,-3.205270687209954,0.272,0.4985203973789896
pond,nfix,NTP,250,intercept_fit,96,1.0,-3.7773360545898984,0.292,0.4985203973789896
pond,nfix,NTP,250,intercept_fit,97,1.0,-3.640131674402544,0.296,0.4985203973789896
pond,nfix,NTP,250,intercept_fit,98,1.0,-3.941053839305326,0.24,0.4985203973789896
pond,nfix,NTP,250,intercept_fit,99,1.0,-3.595081874198985,0.312,0.4985203973789896
pond,nfix,Probe,500,intercept_fit,0,1.0,-2.1987680021934035,0.252,0.4985203973789896
pond,nfix,Probe,500,intercept_fit,1,1.0,-2.010489662933343,0.268,0.4985203973789896
pond,nfix,Probe,500,intercept_fit,2,1.0,-1.7896862680490182,0.236,0.4985203973789896
pond,nfix,Probe,500,intercept_fit,3,1.0,-1.1744061563110682,0.256,0.4985203973789896
pond,nfix,Probe,500,intercept_fit,4,1.0,-1.495813491069393,0.32,0.4985203973789896
pond,nfix,Probe,500,intercept_fit,5,1.0,-1.2688442364607697,0.3,0.4985203973789896
pond,nfix,Probe,500,intercept_fit,6,1.0,-1.876141488253414,0.28,0.4985203973789896
pond,nfix,Probe,500,intercept_fit,7,1.0,-1.319337186648348,0.266,0.4985203973789896
pond,nfix,Probe,500,intercept_fit,8,1.0,-1.2416299293655333,0.338,0.4985203973789896
pond,nfix,Probe,500,intercept_fit,9,1.0,-2.158430717492987,0.254,0.4985203973789896
pond,nfix,Probe,500,intercept_fit,10,1.0,-2.3876284818459346,0.236,0.4985203973789896
pond,nfix,Probe,500,intercept_fit,11,1.0,-1.206531659440105,0.326,0.4985203973789896
pond,nfix,Probe,500,intercept_fit,12,1.0,-1.5648888651224826,0.27,0.4985203973789896
pond,nfix,Probe,500,intercept_fit,13,1.0,-1.9698252844830602,0.252,0.4985203973789896
pond,nfix,Probe,500,intercept_fit,14,1.0,-2.019952004794587,0.274,0.4985203973789896
pond,nfix,Probe,500,intercept_fit,15,1.0,-1.3770560750026155,0.234,0.4985203973789896
pond,nfix,Probe,500,intercept_fit,16,1.0,-1.669146940023516,0.302,0.4985203973789896
pond,nfix,Probe,500,intercept_fit,17,1.0,-2.294801730623534,0.222,0.4985203973789896
pond,nfix,Probe,500,intercept_fit,18,1.0,-1.9407888297144158,0.252,0.4985203973789896
pond,nfix,Probe,500,intercept_fit,19,1.0,-2.0694000210254315,0.254,0.4985203973789896
pond,nfix,Probe,500,intercept_fit,20,1.0,-1.2921695875198325,0.248,0.4985203973789896
pond,nfix,Probe,500,intercept_fit,21,1.0,-1.6137836338185827,0.298,0.4985203973789896
pond,nfix,Probe,500,intercept_fit,22,1.0,-1.9367698717126351,0.252,0.4985203973789896
pond,nfix,Probe,500,intercept_fit,23,1.0,-1.7710697478859518,0.268,0.4985203973789896
pond,nfix,Probe,500,intercept_fit,24,1.0,-1.5732557836403316,0.32,0.4985203973789896
pond,nfix,Probe,500,intercept_fit,25,1.0,-1.3070496798655118,0.256,0.4985203973789896
pond,nfix,Probe,500,intercept_fit,26,1.0,-2.5020590137564285,0.226,0.4985203973789896
pond,nfix,Probe,500,intercept_fit,27,1.0,-2.287103282950479,0.242,0.4985203973789896
pond,nfix,Probe,500,intercept_fit,28,1.0,-2.159718384276544,0.282,0.4985203973789896
pond,nfix,Probe,500,intercept_fit,29,1.0,-1.4622737064854676,0.318,0.4985203973789896
pond,nfix,Probe,500,intercept_fit,30,1.0,-1.2648738750529158,0.32,0.4985203973789896
pond,nfix,Probe,500,intercept_fit,31,1.0,-1.3186023522503134,0.284,0.4985203973789896
pond,nfix,Probe,500,intercept_fit,32,1.0,-1.4332422039599055,0.314,0.4985203973789896
pond,nfix,Probe,500,intercept_fit,33,1.0,-1.7243484334762105,0.26,0.4985203973789896
pond,nfix,Probe,500,intercept_fit,34,1.0,-1.214816106789033,0.282,0.4985203973789896
pond,nfix,Probe,500,intercept_fit,35,1.0,-2.283284783210641,0.246,0.4985203973789896
pond,nfix,Probe,500,intercept_fit,36,1.0,-2.0229974079345094,0.252,0.4985203973789896
pond,nfix,Probe,500,intercept_fit,37,1.0,-1.126969822341412,0.292,0.4985203973789896
pond,nfix,Probe,500,intercept_fit,38,1.0,-1.8661407653397188,0.226,0.4985203973789896
pond,nfix,Probe,500,intercept_fit,39,1.0,-1.799739794724374,0.278,0.4985203973789896
pond,nfix,Probe,500,intercept_fit,40,1.0,-2.1690069879489493,0.238,0.4985203973789896
pond,nfix,Probe,500,intercept_fit,41,1.0,-1.8988374656759592,0.254,0.4985203973789896
pond,nfix,Probe,500,intercept_fit,42,1.0,-1.9060268362310064,0.284,0.4985203973789896
pond,nfix,Probe,500,intercept_fit,43,1.0,-1.95616504456207,0.286,0.4985203973789896
pond,nfix,Probe,500,intercept_fit,44,1.0,-1.174951732941995,0.326,0.4985203973789896
pond,nfix,Probe,500,intercept_fit,45,1.0,-2.2784780562723492,0.226,0.4985203973789896
pond,nfix,Probe,500,intercept_fit,46,1.0,-2.6469229603645923,0.234,0.4985203973789896
pond,nfix,Probe,500,intercept_fit,47,1.0,-1.7944514214758538,0.322,0.4985203973789896
pond,nfix,Probe,500,intercept_fit,48,1.0,-1.8063733062099483,0.304,0.4985203973789896
pond,nfix,Probe,500,intercept_fit,49,1.0,-1.2078570045731207,0.282,0.4985203973789896
pond,nfix,Probe,500,intercept_fit,50,1.0,-1.7731205295059649,0.316,0.4985203973789896
pond,nfix,Probe,500,intercept_fit,51,1.0,-1.4168581649122924,0.26,0.4985203973789896
pond,nfix,Probe,500,intercept_fit,52,1.0,-2.6999710104695076,0.276,0.4985203973789896
pond,nfix,Probe,500,intercept_fit,53,1.0,-1.6296735137879608,0.304,0.4985203973789896
pond,nfix,Probe,500,intercept_fit,54,1.0,-1.9364803267935335,0.256,0.4985203973789896
pond,nfix,Probe,500,intercept_fit,55,1.0,-2.2133482721113196,0.272,0.4985203973789896
pond,nfix,Probe,500,intercept_fit,56,1.0,-2.3034072256497824,0.254,0.4985203973789896
pond,nfix,Probe,500,intercept_fit,57,1.0,-2.216472258746871,0.252,0.4985203973789896
pond,nfix,Probe,500,intercept_fit,58,1.0,-1.9152958669724633,0.282,0.4985203973789896
pond,nfix,Probe,500,intercept_fit,59,1.0,-1.4216189045339687,0.294,0.4985203973789896
pond,nfix,Probe,500,intercept_fit,60,1.0,-2.1249774800992296,0.22,0.4985203973789896
pond,nfix,Probe,500,intercept_fit,61,1.0,-1.2022575400941755,0.268,0.4985203973789896
pond,nfix,Probe,500,intercept_fit,62,1.0,-1.856810486488494,0.276,0.4985203973789896
pond,nfix,Probe,500,intercept_fit,63,1.0,-2.4307586067682494,0.256,0.4985203973789896
pond,nfix,Probe,500,intercept_fit,64,1.0,-1.898634628430562,0.242,0.4985203973789896
pond,nfix,Probe,500,intercept_fit,65,1.0,-1.2359791067759558,0.36,0.4985203973789896
pond,nfix,Probe,500,intercept_fit,66,1.0,-1.50704693517665,0.278,0.4985203973789896
pond,nfix,Probe,500,intercept_fit,67,1.0,-2.062584441247508,0.27,0.4985203973789896
pond,nfix,Probe,500,intercept_fit,68,1.0,-1.9563214787455314,0.3,0.4985203973789896
pond,nfix,Probe,500,intercept_fit,69,1.0,-1.592810879377845,0.256,0.4985203973789896
pond,nfix,Probe,500,intercept_fit,70,1.0,-1.2938800425724555,0.28,0.4985203973789896
pond,nfix,Probe,500,intercept_fit,71,1.0,-1.9945442983582822,0.226,0.4985203973789896
pond,nfix,Probe,500,intercept_fit,72,1.0,-1.5554730089209639,0.234,0.4985203973789896
pond,nfix,Probe,500,intercept_fit,73,1.0,-2.074073597203385,0.25,0.4985203973789896
pond,nfix,Probe,500,intercept_fit,74,1.0,-1.8155805998007235,0.254,0.4985203973789896
pond,nfix,Probe,500,intercept_fit,75,1.0,-2.3431527159958034,0.274,0.4985203973789896
pond,nfix,Probe,500,intercept_fit,76,1.0,-1.546371374717807,0.258,0.4985203973789896
pond,nfix,Probe,500,intercept_fit,77,1.0,-2.861943647013858,0.21,0.4985203973789896
pond,nfix,Probe,500,intercept_fit,78,1.0,-1.9186027898940738,0.288,0.4985203973789896
pond,nfix,Probe,500,intercept_fit,79,1.0,-1.3467573394363823,0.242,0.4985203973789896
pond,nfix,Probe,500,intercept_fit,80,1.0,-1.6320366667736133,0.242,0.4985203973789896
pond,nfix,Probe,500,intercept_fit,81,1.0,-1.8809467570277494,0.282,0.4985203973789896
pond,nfix,Probe,500,intercept_fit,82,1.0,-2.1722460557143948,0.296,0.4985203973789896
pond,nfix,Probe,500,intercept_fit,83,1.0,-1.6917185139868862,0.254,0.4985203973789896
pond,nfix,Probe,500,intercept_fit,84,1.0,-2.240278673059779,0.274,0.4985203973789896
pond,nfix,Probe,500,intercept_fit,85,1.0,-1.7424908632001783,0.286,0.4985203973789896
pond,nfix,Probe,500,intercept_fit,86,1.0,-2.3596919693138756,0.256,0.4985203973789896
pond,nfix,Probe,500,intercept_fit,87,1.0,-2.335092330648875,0.248,0.4985203973789896
pond,nfix,Probe,500,intercept_fit,88,1.0,-1.8502750148223932,0.236,0.4985203973789896
pond,nfix,Probe,500,intercept_fit,89,1.0,-1.3209359677343533,0.29,0.4985203973789896
pond,nfix,Probe,500,intercept_fit,90,1.0,-2.556621703079066,0.248,0.4985203973789896
pond,nfix,Probe,500,intercept_fit,91,1.0,-1.3696958680682865,0.288,0.4985203973789896
pond,nfix,Probe,500,intercept_fit,92,1.0,-1.0850631810409552,0.294,0.4985203973789896
pond,nfix,Probe,500,intercept_fit,93,1.0,-1.6204760411351649,0.282,0.4985203973789896
pond,nfix,Probe,500,intercept_fit,94,1.0,-2.05769259432058,0.248,0.4985203973789896
pond,nfix,Probe,500,intercept_fit,95,1.0,-1.5793013589040255,0.272,0.4985203973789896
pond,nfix,Probe,500,intercept_fit,96,1.0,-1.178518437767915,0.308,0.4985203973789896
pond,nfix,Probe,500,intercept_fit,97,1.0,-1.2000919619693042,0.334,0.4985203973789896
pond,nfix,Probe,500,intercept_fit,98,1.0,-1.8218980645523029,0.246,0.4985203973789896
pond,nfix,Probe,500,intercept_fit,99,1.0,-1.9416504746909546,0.294,0.4985203973789896
pond,nfix,NTP,500,intercept_fit,0,1.0,-3.7056429527822607,0.252,0.4985203973789896
pond,nfix,NTP,500,intercept_fit,1,1.0,-4.223005326983759,0.268,0.4985203973789896
pond,nfix,NTP,500,intercept_fit,2,1.0,-3.546708558601104,0.236,0.4985203973789896
pond,nfix,NTP,500,intercept_fit,3,1.0,-3.563238596190621,0.256,0.4985203973789896
pond,nfix,NTP,500,intercept_fit,4,1.0,-2.9900056151061634,0.32,0.4985203973789896
pond,nfix,NTP,500,intercept_fit,5,1.0,-3.1196635902326757,0.3,0.4985203973789896
pond,nfix,NTP,500,intercept_fit,6,1.0,-4.019040666443959,0.28,0.4985203973789896
pond,nfix,NTP,500,intercept_fit,7,1.0,-3.41644446364424,0.266,0.4985203973789896
pond,nfix,NTP,500,intercept_fit,8,1.0,-3.4801838896012107,0.338,0.4985203973789896
pond,nfix,NTP,500,intercept_fit,9,1.0,-3.9212969975960554,0.254,0.4985203973789896
pond,nfix,NTP,500,intercept_fit,10,1.0,-3.410468371506108,0.236,0.4985203973789896
pond,nfix,NTP,500,intercept_fit,11,1.0,-3.8599008659240237,0.326,0.4985203973789896
pond,nfix,NTP,500,intercept_fit,12,1.0,-3.725684991716608,0.27,0.4985203973789896
pond,nfix,NTP,500,intercept_fit,13,1.0,-3.5079693024681142,0.252,0.4985203973789896
pond,nfix,NTP,500,intercept_fit,14,1.0,-3.792527280757626,0.274,0.4985203973789896
pond,nfix,NTP,500,intercept_fit,15,1.0,-3.9851282674122035,0.234,0.4985203973789896
pond,nfix,NTP,500,intercept_fit,16,1.0,-3.5503145227006048,0.302,0.4985203973789896
pond,nfix,NTP,500,intercept_fit,17,1.0,-3.7587504939017373,0.222,0.4985203973789896
pond,nfix,NTP,500,intercept_fit,18,1.0,-3.8138158145425094,0.252,0.4985203973789896
pond,nfix,NTP,500,intercept_fit,19,1.0,-3.6475122367381863,0.254,0.4985203973789896
pond,nfix,NTP,500,intercept_fit,20,1.0,-3.422140512687765,0.248,0.4985203973789896
pond,nfix,NTP,500,intercept_fit,21,1.0,-2.6906993575488127,0.298,0.4985203973789896
pond,nfix,NTP,500,intercept_fit,22,1.0,-3.470680789002109,0.252,0.4985203973789896
pond,nfix,NTP,500,intercept_fit,23,1.0,-3.078307248239849,0.268,0.4985203973789896
pond,nfix,NTP,500,intercept_fit,24,1.0,-3.8854492135156184,0.32,0.4985203973789896
pond,nfix,NTP,500,intercept_fit,25,1.0,-3.011612098374342,0.256,0.4985203973789896
pond,nfix,NTP,500,intercept_fit,26,1.0,-3.709542497078201,0.226,0.4985203973789896
pond,nfix,NTP,500,intercept_fit,27,1.0,-4.010546505255611,0.242,0.4985203973789896
pond,nfix,NTP,500,intercept_fit,28,1.0,-3.8243097783628612,0.282,0.4985203973789896
pond,nfix,NTP,500,intercept_fit,29,1.0,-2.9760904137802515,0.318,0.4985203973789896
pond,nfix,NTP,500,intercept_fit,30,1.0,-3.2157610183573313,0.32,0.4985203973789896
pond,nfix,NTP,500,intercept_fit,31,1.0,-3.0067480488934812,0.284,0.4985203973789896
pond,nfix,NTP,500,intercept_fit,32,1.0,-3.689604128008478,0.314,0.4985203973789896
pond,nfix,NTP,500,intercept_fit,33,1.0,-3.5642379476823645,0.26,0.4985203973789896
pond,nfix,NTP,500,intercept_fit,34,1.0,-3.5458672279528742,0.282,0.4985203973789896
pond,nfix,NTP,500,intercept_fit,35,1.0,-3.4013266058961253,0.246,0.4985203973789896
pond,nfix,NTP,500,intercept_fit,36,1.0,-3.4145629657903322,0.252,0.4985203973789896
pond,nfix,NTP,500,intercept_fit,37,1.0,-3.448357679754911,0.292,0.4985203973789896
pond,nfix,NTP,500,intercept_fit,38,1.0,-4.149507537169529,0.226,0.4985203973789896
pond,nfix,NTP,500,intercept_fit,39,1.0,-3.5834888731130268,0.278,0.4985203973789896
pond,nfix,NTP,500,intercept_fit,40,1.0,-3.9405671695597295,0.238,0.4985203973789896
pond,nfix,NTP,500,intercept_fit,41,1.0,-3.727906575221374,0.254,0.4985203973789896
pond,nfix,NTP,500,intercept_fit,42,1.0,-2.6460654144988576,0.284,0.4985203973789896
pond,nfix,NTP,500,intercept_fit,43,1.0,-3.4338569397093432,0.286,0.4985203973789896
pond,nfix,NTP,500,intercept_fit,44,1.0,-3.40104218272744,0.326,0.4985203973789896
pond,nfix,NTP,500,intercept_fit,45,1.0,-3.9977543662413417,0.226,0.4985203973789896
pond,nfix,NTP,500,intercept_fit,46,1.0,-3.932907713706067,0.234,0.4985203973789896
pond,nfix,NTP,500,intercept_fit,47,1.0,-3.591136925719038,0.322,0.4985203973789896
pond,nfix,NTP,500,intercept_fit,48,1.0,-3.6679777946405148,0.304,0.4985203973789896
pond,nfix,NTP,500,intercept_fit,49,1.0,-3.095541731199483,0.282,0.4985203973789896
pond,nfix,NTP,500,intercept_fit,50,1.0,-3.2791319466021056,0.316,0.4985203973789896
pond,nfix,NTP,500,intercept_fit,51,1.0,-4.009468625535965,0.26,0.4985203973789896
pond,nfix,NTP,500,intercept_fit,52,1.0,-3.191555977633167,0.276,0.4985203973789896
pond,nfix,NTP,500,intercept_fit,53,1.0,-3.398010784257149,0.304,0.4985203973789896
pond,nfix,NTP,500,intercept_fit,54,1.0,-4.28502964396213,0.256,0.4985203973789896
pond,nfix,NTP,500,intercept_fit,55,1.0,-3.268719480336757,0.272,0.4985203973789896
pond,nfix,NTP,500,intercept_fit,56,1.0,-3.9936858028852367,0.254,0.4985203973789896
pond,nfix,NTP,500,intercept_fit,57,1.0,-3.388857487641205,0.252,0.4985203973789896
pond,nfix,NTP,500,intercept_fit,58,1.0,-3.9263622543316834,0.282,0.4985203973789896
pond,nfix,NTP,500,intercept_fit,59,1.0,-3.7594272612187387,0.294,0.4985203973789896
pond,nfix,NTP,500,intercept_fit,60,1.0,-3.6315385107520575,0.22,0.4985203973789896
pond,nfix,NTP,500,intercept_fit,61,1.0,-3.363087985446355,0.268,0.4985203973789896
pond,nfix,NTP,500,intercept_fit,62,1.0,-3.5608098276819367,0.276,0.4985203973789896
pond,nfix,NTP,500,intercept_fit,63,1.0,-3.9956617588500594,0.256,0.4985203973789896
pond,nfix,NTP,500,intercept_fit,64,1.0,-3.8196641099937225,0.242,0.4985203973789896
pond,nfix,NTP,500,intercept_fit,65,1.0,-3.51756348896637,0.36,0.4985203973789896
pond,nfix,NTP,500,intercept_fit,66,1.0,-3.4926334577967793,0.278,0.4985203973789896
pond,nfix,NTP,500,intercept_fit,67,1.0,-4.161218867022921,0.27,0.4985203973789896
pond,nfix,NTP,500,intercept_fit,68,1.0,-3.270174810484254,0.3,0.4985203973789896
pond,nfix,NTP,500,intercept_fit,69,1.0,-3.539111962267131,0.256,0.4985203973789896
pond,nfix,NTP,500,intercept_fit,70,1.0,-3.705942274756199,0.28,0.4985203973789896
pond,nfix,NTP,500,intercept_fit,71,1.0,-4.025449006776822,0.226,0.4985203973789896
pond,nfix,NTP,500,intercept_fit,72,1.0,-3.6380594695346193,0.234,0.4985203973789896
pond,nfix,NTP,500,intercept_fit,73,1.0,-4.079062381177721,0.25,0.4985203973789896
pond,nfix,NTP,500,intercept_fit,74,1.0,-3.4187901188763017,0.254,0.4985203973789896
pond,nfix,NTP,500,intercept_fit,75,1.0,-3.3426794120403076,0.274,0.4985203973789896
pond,nfix,NTP,500,intercept_fit,76,1.0,-3.819316459995412,0.258,0.4985203973789896
pond,nfix,NTP,500,intercept_fit,77,1.0,-3.709554091473702,0.21,0.4985203973789896
pond,nfix,NTP,500,intercept_fit,78,1.0,-3.5142949980039866,0.288,0.4985203973789896
pond,nfix,NTP,500,intercept_fit,79,1.0,-3.760068557782171,0.242,0.4985203973789896
pond,nfix,NTP,500,intercept_fit,80,1.0,-3.842533555079836,0.242,0.4985203973789896
pond,nfix,NTP,500,intercept_fit,81,1.0,-3.326514283369101,0.282,0.4985203973789896
pond,nfix,NTP,500,intercept_fit,82,1.0,-3.2880923890551137,0.296,0.4985203973789896
pond,nfix,NTP,500,intercept_fit,83,1.0,-3.777324854555508,0.254,0.4985203973789896
pond,nfix,NTP,500,intercept_fit,84,1.0,-3.676747998152958,0.274,0.4985203973789896
pond,nfix,NTP,500,intercept_fit,85,1.0,-3.7966517062111222,0.286,0.4985203973789896
pond,nfix,NTP,500,intercept_fit,86,1.0,-3.6403682684356267,0.256,0.4985203973789896
pond,nfix,NTP,500,intercept_fit,87,1.0,-3.9799889167987157,0.248,0.4985203973789896
pond,nfix,NTP,500,intercept_fit,88,1.0,-3.4540739546969803,0.236,0.4985203973789896
pond,nfix,NTP,500,intercept_fit,89,1.0,-3.5994485521872415,0.29,0.4985203973789896
pond,nfix,NTP,500,intercept_fit,90,1.0,-3.9715826208629945,0.248,0.4985203973789896
pond,nfix,NTP,500,intercept_fit,91,1.0,-3.6194973266882475,0.288,0.4985203973789896
pond,nfix,NTP,500,intercept_fit,92,1.0,-3.104452785375954,0.294,0.4985203973789896
pond,nfix,NTP,500,intercept_fit,93,1.0,-3.024081691100262,0.282,0.4985203973789896
pond,nfix,NTP,500,intercept_fit,94,1.0,-3.1319766768606954,0.248,0.4985203973789896
pond,nfix,NTP,500,intercept_fit,95,1.0,-3.511093531620445,0.272,0.4985203973789896
pond,nfix,NTP,500,intercept_fit,96,1.0,-3.4147725304615935,0.308,0.4985203973789896
pond,nfix,NTP,500,intercept_fit,97,1.0,-3.6921993328768163,0.334,0.4985203973789896
pond,nfix,NTP,500,intercept_fit,98,1.0,-3.8874415902207433,0.246,0.4985203973789896
pond,nfix,NTP,500,intercept_fit,99,1.0,-3.508892430610709,0.294,0.4985203973789896
pond,nfix,Probe,1000,intercept_fit,0,1.0,-2.4199547751330783,0.24,0.4985203973789896
pond,nfix,Probe,1000,intercept_fit,1,1.0,-1.88880357615868,0.285,0.4985203973789896
pond,nfix,Probe,1000,intercept_fit,2,1.0,-1.8513316973664484,0.237,0.4985203973789896
pond,nfix,Probe,1000,intercept_fit,3,1.0,-1.0939585922627102,0.275,0.4985203973789896
pond,nfix,Probe,1000,intercept_fit,4,1.0,-1.4465545735666105,0.317,0.4985203973789896
pond,nfix,Probe,1000,intercept_fit,5,1.0,-1.5290026091858264,0.268,0.4985203973789896
pond,nfix,Probe,1000,intercept_fit,6,1.0,-1.8560828220309908,0.274,0.4985203973789896
pond,nfix,Probe,1000,intercept_fit,7,1.0,-1.3004940007972774,0.27,0.4985203973789896
pond,nfix,Probe,1000,intercept_fit,8,1.0,-1.39420946700923,0.304,0.4985203973789896
pond,nfix,Probe,1000,intercept_fit,9,1.0,-2.269689892819043,0.251,0.4985203973789896
pond,nfix,Probe,1000,intercept_fit,10,1.0,-2.2100862586783117,0.258,0.4985203973789896
pond,nfix,Probe,1000,intercept_fit,11,1.0,-1.1465827796832193,0.349,0.4985203973789896
pond,nfix,Probe,1000,intercept_fit,12,1.0,-1.5497284393820692,0.275,0.4985203973789896
pond,nfix,Probe,1000,intercept_fit,13,1.0,-2.0633174041984277,0.24,0.4985203973789896
pond,nfix,Probe,1000,intercept_fit,14,1.0,-2.002597641575163,0.276,0.4985203973789896
pond,nfix,Probe,1000,intercept_fit,15,1.0,-1.3369081642465006,0.239,0.4985203973789896
pond,nfix,Probe,1000,intercept_fit,16,1.0,-1.7531388325053523,0.291,0.4985203973789896
pond,nfix,Probe,1000,intercept_fit,17,1.0,-2.0230577878052047,0.249,0.4985203973789896
pond,nfix,Probe,1000,intercept_fit,18,1.0,-1.9485846021029392,0.244,0.4985203973789896
pond,nfix,Probe,1000,intercept_fit,19,1.0,-2.1790888251139764,0.234,0.4985203973789896
pond,nfix,Probe,1000,intercept_fit,20,1.0,-1.1939510924107735,0.272,0.4985203973789896
pond,nfix,Probe,1000,intercept_fit,21,1.0,-1.903392319667335,0.254,0.4985203973789896
pond,nfix,Probe,1000,intercept_fit,22,1.0,-2.0461129312837105,0.241,0.4985203973789896
pond,nfix,Probe,1000,intercept_fit,23,1.0,-1.8999156983168688,0.261,0.4985203973789896
pond,nfix,Probe,1000,intercept_fit,24,1.0,-1.654526944741649,0.305,0.4985203973789896
pond,nfix,Probe,1000,intercept_fit,25,1.0,-1.1927128803323392,0.276,0.4985203973789896
pond,nfix,Probe,1000,intercept_fit,26,1.0,-2.4060002994735514,0.238,0.4985203973789896
pond,nfix,Probe,1000,intercept_fit,27,1.0,-2.3446394126410173,0.231,0.4985203973789896
pond,nfix,Probe,1000,intercept_fit,28,1.0,-2.1850741826547777,0.282,0.4985203973789896
pond,nfix,Probe,1000,intercept_fit,29,1.0,-1.9334643772134628,0.246,0.4985203973789896
pond,nfix,Probe,1000,intercept_fit,30,1.0,-1.4135046736563786,0.295,0.4985203973789896
pond,nfix,Probe,1000,intercept_fit,31,1.0,-1.2388155893575816,0.294,0.4985203973789896
pond,nfix,Probe,1000,intercept_fit,32,1.0,-1.4385612757558355,0.309,0.4985203973789896
pond,nfix,Probe,1000,intercept_fit,33,1.0,-1.748863876889246,0.252,0.4985203973789896
pond,nfix,Probe,1000,intercept_fit,34,1.0,-1.2219780340240132,0.278,0.4985203973789896
pond,nfix,Probe,1000,intercept_fit,35,1.0,-2.2290492196521408,0.26,0.4985203973789896
pond,nfix,Probe,1000,intercept_fit,36,1.0,-1.932478104722991,0.265,0.4985203973789896
pond,nfix,Probe,1000,intercept_fit,37,1.0,-1.157148185922208,0.275,0.4985203973789896
pond,nfix,Probe,1000,intercept_fit,38,1.0,-1.8018410429239031,0.248,0.4985203973789896
pond,nfix,Probe,1000,intercept_fit,39,1.0,-1.9455575386908832,0.264,0.4985203973789896
pond,nfix,Probe,1000,intercept_fit,40,1.0,-2.1432489560128305,0.246,0.4985203973789896
pond,nfix,Probe,1000,intercept_fit,41,1.0,-1.8208763758167157,0.267,0.4985203973789896
pond,nfix,Probe,1000,intercept_fit,42,1.0,-1.9079491342302786,0.275,0.4985203973789896
pond,nfix,Probe,1000,intercept_fit,43,1.0,-1.9886821531210221,0.28,0.4985203973789896
pond,nfix,Probe,1000,intercept_fit,44,1.0,-1.20853655866616,0.333,0.4985203973789896
pond,nfix,Probe,1000,intercept_fit,45,1.0,-1.9393090685955081,0.265,0.4985203973789896
pond,nfix,Probe,1000,intercept_fit,46,1.0,-2.360955451471017,0.275,0.4985203973789896
pond,nfix,Probe,1000,intercept_fit,47,1.0,-1.8140529191137278,0.313,0.4985203973789896
pond,nfix,Probe,1000,intercept_fit,48,1.0,-1.8757959589705682,0.291,0.4985203973789896
pond,nfix,Probe,1000,intercept_fit,49,1.0,-1.3057070847127499,0.27,0.4985203973789896
pond,nfix,Probe,1000,intercept_fit,50,1.0,-1.797422240359842,0.32,0.4985203973789896
pond,nfix,Probe,1000,intercept_fit,51,1.0,-1.459697710979923,0.251,0.4985203973789896
pond,nfix,Probe,1000,intercept_fit,52,1.0,-2.800718050571531,0.256,0.4985203973789896
pond,nfix,Probe,1000,intercept_fit,53,1.0,-1.8070830383967398,0.263,0.4985203973789896
pond,nfix,Probe,1000,intercept_fit,54,1.0,-2.1529533481564216,0.25,0.4985203973789896
pond,nfix,Probe,1000,intercept_fit,55,1.0,-2.5119238793478775,0.23,0.4985203973789896
pond,nfix,Probe,1000,intercept_fit,56,1.0,-2.3503414547633024,0.242,0.4985203973789896
pond,nfix,Probe,1000,intercept_fit,57,1.0,-2.145106427281483,0.264,0.4985203973789896
pond,nfix,Probe,1000,intercept_fit,58,1.0,-1.9951427297780315,0.26,0.4985203973789896
pond,nfix,Probe,1000,intercept_fit,59,1.0,-1.3662382136115319,0.297,0.4985203973789896
pond,nfix,Probe,1000,intercept_fit,60,1.0,-1.9041629009719256,0.239,0.4985203973789896
pond,nfix,Probe,1000,intercept_fit,61,1.0,-1.2227773401592463,0.274,0.4985203973789896
pond,nfix,Probe,1000,intercept_fit,62,1.0,-1.7243937778521448,0.285,0.4985203973789896
pond,nfix,Probe,1000,intercept_fit,63,1.0,-2.2382323959626826,0.273,0.4985203973789896
pond,nfix,Probe,1000,intercept_fit,64,1.0,-1.7135059668022206,0.252,0.4985203973789896
pond,nfix,Probe,1000,intercept_fit,65,1.0,-1.3109773351599021,0.336,0.4985203973789896
pond,nfix,Probe,1000,intercept_fit,66,1.0,-1.5088048509214567,0.266,0.4985203973789896
pond,nfix,Probe,1000,intercept_fit,67,1.0,-1.8553578871854484,0.281,0.4985203973789896
pond,nfix,Probe,1000,intercept_fit,68,1.0,-1.9605826333702916,0.292,0.4985203973789896
pond,nfix,Probe,1000,intercept_fit,69,1.0,-1.6151921005498628,0.263,0.4985203973789896
pond,nfix,Probe,1000,intercept_fit,70,1.0,-1.1188358879420799,0.308,0.4985203973789896
pond,nfix,Probe,1000,intercept_fit,71,1.0,-1.8045895613503948,0.257,0.4985203973789896
pond,nfix,Probe,1000,intercept_fit,72,1.0,-1.5846213190968559,0.225,0.4985203973789896
pond,nfix,Probe,1000,intercept_fit,73,1.0,-2.040175521915602,0.257,0.4985203973789896
pond,nfix,Probe,1000,intercept_fit,74,1.0,-1.5386789805424368,0.289,0.4985203973789896
pond,nfix,Probe,1000,intercept_fit,75,1.0,-2.4829859653395863,0.247,0.4985203973789896
pond,nfix,Probe,1000,intercept_fit,76,1.0,-1.3468331958065665,0.301,0.4985203973789896
pond,nfix,Probe,1000,intercept_fit,77,1.0,-2.740428623505524,0.229,0.4985203973789896
pond,nfix,Probe,1000,intercept_fit,78,1.0,-1.8791856249767183,0.302,0.4985203973789896
pond,nfix,Probe,1000,intercept_fit,79,1.0,-1.2003900893281891,0.263,0.4985203973789896
pond,nfix,Probe,1000,intercept_fit,80,1.0,-1.6331948579879787,0.24,0.4985203973789896
pond,nfix,Probe,1000,intercept_fit,81,1.0,-1.9261302068286714,0.278,0.4985203973789896
pond,nfix,Probe,1000,intercept_fit,82,1.0,-2.2122129808118687,0.284,0.4985203973789896
pond,nfix,Probe,1000,intercept_fit,83,1.0,-1.5729935156272148,0.266,0.4985203973789896
pond,nfix,Probe,1000,intercept_fit,84,1.0,-2.393460088758622,0.24,0.4985203973789896
pond,nfix,Probe,1000,intercept_fit,85,1.0,-1.847574058526479,0.267,0.4985203973789896
pond,nfix,Probe,1000,intercept_fit,86,1.0,-2.4387360640404907,0.25,0.4985203973789896
pond,nfix,Probe,1000,intercept_fit,87,1.0,-2.452323301791398,0.232,0.4985203973789896
pond,nfix,Probe,1000,intercept_fit,88,1.0,-1.6028754133841339,0.269,0.4985203973789896
pond,nfix,Probe,1000,intercept_fit,89,1.0,-1.3008598709410173,0.29,0.4985203973789896
pond,nfix,Probe,1000,intercept_fit,90,1.0,-2.407186698541017,0.267,0.4985203973789896
pond,nfix,Probe,1000,intercept_fit,91,1.0,-1.3629305880224238,0.28,0.4985203973789896
pond,nfix,Probe,1000,intercept_fit,92,1.0,-1.1277711097415524,0.282,0.4985203973789896
pond,nfix,Probe,1000,intercept_fit,93,1.0,-1.583400215864343,0.279,0.4985203973789896
pond,nfix,Probe,1000,intercept_fit,94,1.0,-2.1218426181146084,0.244,0.4985203973789896
pond,nfix,Probe,1000,intercept_fit,95,1.0,-1.4661095301675897,0.281,0.4985203973789896
pond,nfix,Probe,1000,intercept_fit,96,1.0,-1.3775915069313989,0.271,0.4985203973789896
pond,nfix,Probe,1000,intercept_fit,97,1.0,-1.3455745980897211,0.293,0.4985203973789896
pond,nfix,Probe,1000,intercept_fit,98,1.0,-1.8622027890538324,0.254,0.4985203973789896
pond,nfix,Probe,1000,intercept_fit,99,1.0,-1.9695455948139633,0.294,0.4985203973789896
pond,nfix,NTP,1000,intercept_fit,0,1.0,-3.783310416452093,0.24,0.4985203973789896
pond,nfix,NTP,1000,intercept_fit,1,1.0,-3.882818375320234,0.285,0.4985203973789896
pond,nfix,NTP,1000,intercept_fit,2,1.0,-3.3932320016190016,0.237,0.4985203973789896
pond,nfix,NTP,1000,intercept_fit,3,1.0,-3.442343240846601,0.275,0.4985203973789896
pond,nfix,NTP,1000,intercept_fit,4,1.0,-2.884705657232366,0.317,0.4985203973789896
pond,nfix,NTP,1000,intercept_fit,5,1.0,-3.4392918377349284,0.268,0.4985203973789896
pond,nfix,NTP,1000,intercept_fit,6,1.0,-3.8028757401264,0.274,0.4985203973789896
pond,nfix,NTP,1000,intercept_fit,7,1.0,-3.395687168300994,0.27,0.4985203973789896
pond,nfix,NTP,1000,intercept_fit,8,1.0,-3.846649187846641,0.304,0.4985203973789896
pond,nfix,NTP,1000,intercept_fit,9,1.0,-3.9669841206024796,0.251,0.4985203973789896
pond,nfix,NTP,1000,intercept_fit,10,1.0,-3.195670298767374,0.258,0.4985203973789896
pond,nfix,NTP,1000,intercept_fit,11,1.0,-3.70384476753787,0.349,0.4985203973789896
pond,nfix,NTP,1000,intercept_fit,12,1.0,-3.933344399391973,0.275,0.4985203973789896
pond,nfix,NTP,1000,intercept_fit,13,1.0,-3.8286188925563684,0.24,0.4985203973789896
pond,nfix,NTP,1000,intercept_fit,14,1.0,-3.644761944947492,0.276,0.4985203973789896
pond,nfix,NTP,1000,intercept_fit,15,1.0,-3.9063134252660805,0.239,0.4985203973789896
pond,nfix,NTP,1000,intercept_fit,16,1.0,-3.938677959363113,0.291,0.4985203973789896
pond,nfix,NTP,1000,intercept_fit,17,1.0,-3.316628292956693,0.249,0.4985203973789896
pond,nfix,NTP,1000,intercept_fit,18,1.0,-3.938309260444404,0.244,0.4985203973789896
pond,nfix,NTP,1000,intercept_fit,19,1.0,-3.58157910738987,0.234,0.4985203973789896
pond,nfix,NTP,1000,intercept_fit,20,1.0,-3.4516941133800128,0.272,0.4985203973789896
pond,nfix,NTP,1000,intercept_fit,21,1.0,-3.3053846219560326,0.254,0.4985203973789896
pond,nfix,NTP,1000,intercept_fit,22,1.0,-3.4784645970815786,0.241,0.4985203973789896
pond,nfix,NTP,1000,intercept_fit,23,1.0,-3.210216545161584,0.261,0.4985203973789896
pond,nfix,NTP,1000,intercept_fit,24,1.0,-3.9802882704147677,0.305,0.4985203973789896
pond,nfix,NTP,1000,intercept_fit,25,1.0,-2.6958674835124063,0.276,0.4985203973789896
pond,nfix,NTP,1000,intercept_fit,26,1.0,-3.4832240320491845,0.238,0.4985203973789896
pond,nfix,NTP,1000,intercept_fit,27,1.0,-3.8580008593191346,0.231,0.4985203973789896
pond,nfix,NTP,1000,intercept_fit,28,1.0,-3.9349386834765996,0.282,0.4985203973789896
pond,nfix,NTP,1000,intercept_fit,29,1.0,-3.5487784328949608,0.246,0.4985203973789896
pond,nfix,NTP,1000,intercept_fit,30,1.0,-3.4990867489583604,0.295,0.4985203973789896
pond,nfix,NTP,1000,intercept_fit,31,1.0,-3.034915550836383,0.294,0.4985203973789896
pond,nfix,NTP,1000,intercept_fit,32,1.0,-3.820078969775112,0.309,0.4985203973789896
pond,nfix,NTP,1000,intercept_fit,33,1.0,-3.7050156808948524,0.252,0.4985203973789896
pond,nfix,NTP,1000,intercept_fit,34,1.0,-3.3421550880853,0.278,0.4985203973789896
pond,nfix,NTP,1000,intercept_fit,35,1.0,-3.4552227113266847,0.26,0.4985203973789896
pond,nfix,NTP,1000,intercept_fit,36,1.0,-3.083856300282547,0.265,0.4985203973789896
pond,nfix,NTP,1000,intercept_fit,37,1.0,-3.4652918117443723,0.275,0.4985203973789896
pond,nfix,NTP,1000,intercept_fit,38,1.0,-4.035725090452856,0.248,0.4985203973789896
pond,nfix,NTP,1000,intercept_fit,39,1.0,-3.8327003461225337,0.264,0.4985203973789896
pond,nfix,NTP,1000,intercept_fit,40,1.0,-3.4794686258126917,0.246,0.4985203973789896
pond,nfix,NTP,1000,intercept_fit,41,1.0,-3.3547022020583137,0.267,0.4985203973789896
pond,nfix,NTP,1000,intercept_fit,42,1.0,-2.9716765533842837,0.275,0.4985203973789896
pond,nfix,NTP,1000,intercept_fit,43,1.0,-3.684309508293473,0.28,0.4985203973789896
pond,nfix,NTP,1000,intercept_fit,44,1.0,-3.679149404320565,0.333,0.4985203973789896
pond,nfix,NTP,1000,intercept_fit,45,1.0,-3.6045108256241565,0.265,0.4985203973789896
pond,nfix,NTP,1000,intercept_fit,46,1.0,-3.8239698541922493,0.275,0.4985203973789896
pond,nfix,NTP,1000,intercept_fit,47,1.0,-3.709992892800783,0.313,0.4985203973789896
pond,nfix,NTP,1000,intercept_fit,48,1.0,-3.561332528261629,0.291,0.4985203973789896
pond,nfix,NTP,1000,intercept_fit,49,1.0,-3.0066329822093367,0.27,0.4985203973789896
pond,nfix,NTP,1000,intercept_fit,50,1.0,-3.0575864340298904,0.32,0.4985203973789896
pond,nfix,NTP,1000,intercept_fit,51,1.0,-3.9894892907807957,0.251,0.4985203973789896
pond,nfix,NTP,1000,intercept_fit,52,1.0,-3.491636971466968,0.256,0.4985203973789896
pond,nfix,NTP,1000,intercept_fit,53,1.0,-3.8673053550247003,0.263,0.4985203973789896
pond,nfix,NTP,1000,intercept_fit,54,1.0,-4.404010696674778,0.25,0.4985203973789896
pond,nfix,NTP,1000,intercept_fit,55,1.0,-3.5195664439531726,0.23,0.4985203973789896
pond,nfix,NTP,1000,intercept_fit,56,1.0,-3.875768371801436,0.242,0.4985203973789896
pond,nfix,NTP,1000,intercept_fit,57,1.0,-3.656155808615421,0.264,0.4985203973789896
pond,nfix,NTP,1000,intercept_fit,58,1.0,-4.025568429210048,0.26,0.4985203973789896
pond,nfix,NTP,1000,intercept_fit,59,1.0,-3.748617958141395,0.297,0.4985203973789896
pond,nfix,NTP,1000,intercept_fit,60,1.0,-3.5014121618609706,0.239,0.4985203973789896
pond,nfix,NTP,1000,intercept_fit,61,1.0,-3.3676544974207805,0.274,0.4985203973789896
pond,nfix,NTP,1000,intercept_fit,62,1.0,-3.7733643600800715,0.285,0.4985203973789896
pond,nfix,NTP,1000,intercept_fit,63,1.0,-3.8125312098100634,0.273,0.4985203973789896
pond,nfix,NTP,1000,intercept_fit,64,1.0,-3.775111669509164,0.252,0.4985203973789896
pond,nfix,NTP,1000,intercept_fit,65,1.0,-3.6647154100904666,0.336,0.4985203973789896
pond,nfix,NTP,1000,intercept_fit,66,1.0,-3.4638022828865056,0.266,0.4985203973789896
pond,nfix,NTP,1000,intercept_fit,67,1.0,-3.930663230679313,0.281,0.4985203973789896
pond,nfix,NTP,1000,intercept_fit,68,1.0,-3.3232560386509613,0.292,0.4985203973789896
pond,nfix,NTP,1000,intercept_fit,69,1.0,-3.814171764658902,0.263,0.4985203973789896
pond,nfix,NTP,1000,intercept_fit,70,1.0,-3.5579964465709537,0.308,0.4985203973789896
pond,nfix,NTP,1000,intercept_fit,71,1.0,-4.004435030770591,0.257,0.4985203973789896
pond,nfix,NTP,1000,intercept_fit,72,1.0,-3.5890778542450565,0.225,0.4985203973789896
pond,nfix,NTP,1000,intercept_fit,73,1.0,-3.8984651759797604,0.257,0.4985203973789896
pond,nfix,NTP,1000,intercept_fit,74,1.0,-2.9107935540327223,0.289,0.4985203973789896
pond,nfix,NTP,1000,intercept_fit,75,1.0,-3.7282234658232083,0.247,0.4985203973789896
pond,nfix,NTP,1000,intercept_fit,76,1.0,-3.3302658263880573,0.301,0.4985203973789896
pond,nfix,NTP,1000,intercept_fit,77,1.0,-3.6878842636744076,0.229,0.4985203973789896
pond,nfix,NTP,1000,intercept_fit,78,1.0,-3.2155750266745358,0.302,0.4985203973789896
pond,nfix,NTP,1000,intercept_fit,79,1.0,-3.595354488979955,0.263,0.4985203973789896
pond,nfix,NTP,1000,intercept_fit,80,1.0,-4.037663011685347,0.24,0.4985203973789896
pond,nfix,NTP,1000,intercept_fit,81,1.0,-3.402952043713356,0.278,0.4985203973789896
pond,nfix,NTP,1000,intercept_fit,82,1.0,-3.6053505033582067,0.284,0.4985203973789896
pond,nfix,NTP,1000,intercept_fit,83,1.0,-3.7362843306498026,0.266,0.4985203973789896
pond,nfix,NTP,1000,intercept_fit,84,1.0,-3.9469892026248057,0.24,0.4985203973789896
pond,nfix,NTP,1000,intercept_fit,85,1.0,-3.9761692218728903,0.267,0.4985203973789896
pond,nfix,NTP,1000,intercept_fit,86,1.0,-3.859879420459649,0.25,0.4985203973789896
pond,nfix,NTP,1000,intercept_fit,87,1.0,-4.161891305199624,0.232,0.4985203973789896
pond,nfix,NTP,1000,intercept_fit,88,1.0,-3.424698740701724,0.269,0.4985203973789896
pond,nfix,NTP,1000,intercept_fit,89,1.0,-3.4493982258526334,0.29,0.4985203973789896
pond,nfix,NTP,1000,intercept_fit,90,1.0,-3.7951727570863754,0.267,0.4985203973789896
pond,nfix,NTP,1000,intercept_fit,91,1.0,-3.4042763738675452,0.28,0.4985203973789896
pond,nfix,NTP,1000,intercept_fit,92,1.0,-3.1677272638419396,0.282,0.4985203973789896
pond,nfix,NTP,1000,intercept_fit,93,1.0,-3.3945446844828884,0.279,0.4985203973789896
pond,nfix,NTP,1000,intercept_fit,94,1.0,-3.2992949372170814,0.244,0.4985203973789896
pond,nfix,NTP,1000,intercept_fit,95,1.0,-3.442384174922667,0.281,0.4985203973789896
pond,nfix,NTP,1000,intercept_fit,96,1.0,-3.5681486449376663,0.271,0.4985203973789896
pond,nfix,NTP,1000,intercept_fit,97,1.0,-3.870137750491172,0.293,0.4985203973789896
pond,nfix,NTP,1000,intercept_fit,98,1.0,-4.046884554510235,0.254,0.4985203973789896
pond,nfix,NTP,1000,intercept_fit,99,1.0,-3.491167901157008,0.294,0.4985203973789896
pond,supermat,Probe,10,intercept_fit,0,1.0,-3.934960618599134,0.1,0.4985203973789896
pond,supermat,Probe,10,intercept_fit,1,1.0,-2.859610488904417,0.2,0.4985203973789896
pond,supermat,Probe,10,intercept_fit,2,1.0,-2.325236246889307,0.5,0.4985203973789896
pond,supermat,Probe,10,intercept_fit,3,1.0,-2.266415022774609,0.5,0.4985203973789896
pond,supermat,Probe,10,intercept_fit,4,1.0,-3.488635830278441,0.4,0.4985203973789896
pond,supermat,Probe,10,intercept_fit,5,1.0,-3.7552099429059895,0.2,0.4985203973789896
pond,supermat,Probe,10,intercept_fit,6,1.0,-3.789821344778922,0.2,0.4985203973789896
pond,supermat,Probe,10,intercept_fit,7,1.0,-2.059640827542094,0.7,0.4985203973789896
pond,supermat,Probe,10,intercept_fit,8,1.0,-3.3087239962057224,0.3,0.4985203973789896
pond,supermat,Probe,10,intercept_fit,9,1.0,-3.676092524302257,0.3,0.4985203973789896
pond,supermat,Probe,10,intercept_fit,10,1.0,-1.9371271816535192,0.2,0.4985203973789896
pond,supermat,Probe,10,intercept_fit,11,1.0,-2.898721270505864,0.4,0.4985203973789896
pond,supermat,Probe,10,intercept_fit,12,1.0,-2.626689530805856,0.5,0.4985203973789896
pond,supermat,Probe,10,intercept_fit,13,1.0,-4.466985702651563,0.2,0.4985203973789896
pond,supermat,Probe,10,intercept_fit,14,1.0,-1.3362953287531163,0.5,0.4985203973789896
pond,supermat,Probe,10,intercept_fit,15,1.0,-1.7706449553042503,0.6,0.4985203973789896
pond,supermat,Probe,10,intercept_fit,16,1.0,-1.8077800141649545,0.5,0.4985203973789896
pond,supermat,Probe,10,intercept_fit,17,1.0,-2.229251347139138,0.3,0.4985203973789896
pond,supermat,Probe,10,intercept_fit,18,1.0,-3.0748812213273866,0.3,0.4985203973789896
pond,supermat,Probe,10,intercept_fit,19,1.0,-3.417570920791892,0.2,0.4985203973789896
pond,supermat,Probe,10,intercept_fit,20,1.0,-3.075763216154632,0.5,0.4985203973789896
pond,supermat,Probe,10,intercept_fit,21,1.0,-4.423809721062626,0.1,0.4985203973789896
pond,supermat,Probe,10,intercept_fit,22,1.0,-2.2487146049751647,0.2,0.4985203973789896
pond,supermat,Probe,10,intercept_fit,23,1.0,-3.020307880587048,0.4,0.4985203973789896
pond,supermat,Probe,10,intercept_fit,24,1.0,-4.1134166051538,0.1,0.4985203973789896
pond,supermat,Probe,10,intercept_fit,25,1.0,-1.8096902557616743,0.3,0.4985203973789896
pond,supermat,Probe,10,intercept_fit,26,1.0,-0.7561820461607345,0.5,0.4985203973789896
pond,supermat,Probe,10,intercept_fit,27,1.0,-4.645843321698938,0.2,0.4985203973789896
pond,supermat,Probe,10,intercept_fit,28,1.0,-2.4190480033247246,0.3,0.4985203973789896
pond,supermat,Probe,10,intercept_fit,29,1.0,-3.75120323449782,0.2,0.4985203973789896
pond,supermat,Probe,10,intercept_fit,30,1.0,-3.2486327703229345,0.2,0.4985203973789896
pond,supermat,Probe,10,intercept_fit,31,1.0,-3.34399686161494,0.3,0.4985203973789896
pond,supermat,Probe,10,intercept_fit,32,1.0,-2.1966602758409395,0.3,0.4985203973789896
pond,supermat,Probe,10,intercept_fit,33,1.0,-4.106425861596002,0.1,0.4985203973789896
pond,supermat,Probe,10,intercept_fit,34,1.0,-1.2754375455536502,0.6,0.4985203973789896
pond,supermat,Probe,10,intercept_fit,35,1.0,-4.53429819890756,0.3,0.4985203973789896
pond,supermat,Probe,10,intercept_fit,36,1.0,-2.0144955966261344,0.5,0.4985203973789896
pond,supermat,Probe,10,intercept_fit,37,1.0,-3.4330137643370344,0.2,0.4985203973789896
pond,supermat,Probe,10,intercept_fit,38,1.0,-1.6213461032661023,0.4,0.4985203973789896
pond,supermat,Probe,10,intercept_fit,39,1.0,-4.36907854714833,0.2,0.4985203973789896
pond,supermat,Probe,10,intercept_fit,40,1.0,-1.6322635097656768,0.6,0.4985203973789896
pond,supermat,Probe,10,intercept_fit,41,1.0,-2.7215871471520963,0.4,0.4985203973789896
pond,supermat,Probe,10,intercept_fit,42,1.0,-1.7248798889723997,0.3,0.4985203973789896
pond,supermat,Probe,10,intercept_fit,43,1.0,-1.857009509612676,0.5,0.4985203973789896
pond,supermat,Probe,10,intercept_fit,44,1.0,-1.4653836731830938,0.5,0.4985203973789896
pond,supermat,Probe,10,intercept_fit,45,1.0,-3.7751942221269394,0.2,0.4985203973789896
pond,supermat,Probe,10,intercept_fit,46,1.0,-3.697370690603247,0.2,0.4985203973789896
pond,supermat,Probe,10,intercept_fit,47,1.0,-2.266486440878567,0.6,0.4985203973789896
pond,supermat,Probe,10,intercept_fit,48,1.0,-1.8421558324823486,0.5,0.4985203973789896
pond,supermat,Probe,10,intercept_fit,50,1.0,-1.8558775314947453,0.2,0.4985203973789896
pond,supermat,Probe,10,intercept_fit,51,1.0,-3.262393458371371,0.4,0.4985203973789896
pond,supermat,Probe,10,intercept_fit,52,1.0,-2.2421357374982587,0.4,0.4985203973789896
pond,supermat,Probe,10,intercept_fit,53,1.0,-2.1968221803303405,0.2,0.4985203973789896
pond,supermat,Probe,10,intercept_fit,54,1.0,-2.6048961901528185,0.5,0.4985203973789896
pond,supermat,Probe,10,intercept_fit,55,1.0,-1.9368746790095015,0.5,0.4985203973789896
pond,supermat,Probe,10,intercept_fit,56,1.0,-3.013898589167246,0.2,0.4985203973789896
pond,supermat,Probe,10,intercept_fit,57,1.0,-3.024411024489953,0.3,0.4985203973789896
pond,supermat,Probe,10,intercept_fit,58,1.0,-3.3631534340660267,0.4,0.4985203973789896
pond,supermat,Probe,10,intercept_fit,59,1.0,-2.834116201280627,0.2,0.4985203973789896
pond,supermat,Probe,10,intercept_fit,60,1.0,-2.8447885724791964,0.2,0.4985203973789896
pond,supermat,Probe,10,intercept_fit,61,1.0,-0.8739036261929217,0.8,0.4985203973789896
pond,supermat,Probe,10,intercept_fit,62,1.0,-3.4287819452701074,0.3,0.4985203973789896
pond,supermat,Probe,10,intercept_fit,63,1.0,-3.5635605204508884,0.3,0.4985203973789896
pond,supermat,Probe,10,intercept_fit,64,1.0,-2.4345991364301516,0.3,0.4985203973789896
pond,supermat,Probe,10,intercept_fit,65,1.0,-2.3243797771160963,0.4,0.4985203973789896
pond,supermat,Probe,10,intercept_fit,66,1.0,-4.557165671896304,0.1,0.4985203973789896
pond,supermat,Probe,10,intercept_fit,67,1.0,-1.757237957671908,0.6,0.4985203973789896
pond,supermat,Probe,10,intercept_fit,68,1.0,-3.1791202654508535,0.2,0.4985203973789896
pond,supermat,Probe,10,intercept_fit,69,1.0,-2.629735608378079,0.3,0.4985203973789896
pond,supermat,Probe,10,intercept_fit,70,1.0,-1.8899035923045027,0.2,0.4985203973789896
pond,supermat,Probe,10,intercept_fit,71,1.0,-2.4335029841617652,0.4,0.4985203973789896
pond,supermat,Probe,10,intercept_fit,72,1.0,-1.9185757186796928,0.3,0.4985203973789896
pond,supermat,Probe,10,intercept_fit,73,1.0,-2.261738393029777,0.5,0.4985203973789896
pond,supermat,Probe,10,intercept_fit,74,1.0,-3.503784619298695,0.3,0.4985203973789896
pond,supermat,Probe,10,intercept_fit,75,1.0,-3.1909421297668215,0.2,0.4985203973789896
pond,supermat,Probe,10,intercept_fit,76,1.0,-2.868957050174726,0.3,0.4985203973789896
pond,supermat,Probe,10,intercept_fit,77,1.0,-1.6344402863048684,0.5,0.4985203973789896
pond,supermat,Probe,10,intercept_fit,78,1.0,-2.13120168392462,0.3,0.4985203973789896
pond,supermat,Probe,10,intercept_fit,79,1.0,-2.1988494706473958,0.4,0.4985203973789896
pond,supermat,Probe,10,intercept_fit,80,1.0,-1.7217624711241717,0.4,0.4985203973789896
pond,supermat,Probe,10,intercept_fit,81,1.0,-2.975486487191248,0.5,0.4985203973789896
pond,supermat,Probe,10,intercept_fit,82,1.0,-2.932753055465109,0.5,0.4985203973789896
pond,supermat,Probe,10,intercept_fit,83,1.0,-1.816785155664089,0.5,0.4985203973789896
pond,supermat,Probe,10,intercept_fit,84,1.0,-2.0590788054598956,0.4,0.4985203973789896
pond,supermat,Probe,10,intercept_fit,85,1.0,-1.889600114594265,0.5,0.4985203973789896
pond,supermat,Probe,10,intercept_fit,86,1.0,-2.437299650726647,0.4,0.4985203973789896
pond,supermat,Probe,10,intercept_fit,87,1.0,-2.2925735888526684,0.5,0.4985203973789896
pond,supermat,Probe,10,intercept_fit,88,1.0,-2.419087594784096,0.4,0.4985203973789896
pond,supermat,Probe,10,intercept_fit,89,1.0,-1.713788570714695,0.6,0.4985203973789896
pond,supermat,Probe,10,intercept_fit,90,1.0,-2.4074852413528416,0.4,0.4985203973789896
pond,supermat,Probe,10,intercept_fit,91,1.0,-2.285009530458793,0.2,0.4985203973789896
pond,supermat,Probe,10,intercept_fit,92,1.0,-2.3567342054828306,0.4,0.4985203973789896
pond,supermat,Probe,10,intercept_fit,93,1.0,-1.5750788007988015,0.5,0.4985203973789896
pond,supermat,Probe,10,intercept_fit,94,1.0,-3.1616592278511373,0.4,0.4985203973789896
pond,supermat,Probe,10,intercept_fit,95,1.0,-5.376191990619528,0.1,0.4985203973789896
pond,supermat,Probe,10,intercept_fit,96,1.0,-4.986577177822357,0.2,0.4985203973789896
pond,supermat,Probe,10,intercept_fit,97,1.0,-1.7320642020187051,0.4,0.4985203973789896
pond,supermat,Probe,10,intercept_fit,98,1.0,-4.0370125358206845,0.1,0.4985203973789896
pond,supermat,Probe,10,intercept_fit,99,1.0,-1.000794267095674,0.6,0.4985203973789896
pond,supermat,Probe,10,intercept_fit,100,1.0,-3.399833863187362,0.3,0.4985203973789896
pond,supermat,NTP,10,intercept_fit,0,1.0,-3.4998205388779042,0.1,0.4985203973789896
pond,supermat,NTP,10,intercept_fit,1,1.0,-1.7957281002699472,0.2,0.4985203973789896
pond,supermat,NTP,10,intercept_fit,2,1.0,-0.693021345918365,0.5,0.4985203973789896
pond,supermat,NTP,10,intercept_fit,3,1.0,-0.36196076565248897,0.5,0.4985203973789896
pond,supermat,NTP,10,intercept_fit,4,1.0,-0.7096830380531494,0.4,0.4985203973789896
pond,supermat,NTP,10,intercept_fit,5,1.0,-2.4089067589413595,0.2,0.4985203973789896
pond,supermat,NTP,10,intercept_fit,6,1.0,-1.5249264080958584,0.2,0.4985203973789896
pond,supermat,NTP,10,intercept_fit,7,1.0,0.8539599558295763,0.7,0.4985203973789896
pond,supermat,NTP,10,intercept_fit,8,1.0,-0.7219263248468647,0.3,0.4985203973789896
pond,supermat,NTP,10,intercept_fit,9,1.0,-0.32059079030966364,0.3,0.4985203973789896
pond,supermat,NTP,10,intercept_fit,10,1.0,-1.4558309372646696,0.2,0.4985203973789896
pond,supermat,NTP,10,intercept_fit,11,1.0,-0.31054467708556516,0.4,0.4985203973789896
pond,supermat,NTP,10,intercept_fit,12,1.0,0.297582977069973,0.5,0.4985203973789896
pond,supermat,NTP,10,intercept_fit,13,1.0,-3.7280690517481014,0.2,0.4985203973789896
pond,supermat,NTP,10,intercept_fit,14,1.0,-0.39939168341754944,0.5,0.4985203973789896
pond,supermat,NTP,10,intercept_fit,15,1.0,-0.16044356720931566,0.6,0.4985203973789896
pond,supermat,NTP,10,intercept_fit,16,1.0,0.2933818358650829,0.5,0.4985203973789896
pond,supermat,NTP,10,intercept_fit,17,1.0,-1.3691195903704518,0.3,0.4985203973789896
pond,supermat,NTP,10,intercept_fit,18,1.0,-1.4002389609690489,0.3,0.4985203973789896
pond,supermat,NTP,10,intercept_fit,19,1.0,-1.6040158561570614,0.2,0.4985203973789896
pond,supermat,NTP,10,intercept_fit,20,1.0,-1.2558192673537174,0.5,0.4985203973789896
pond,supermat,NTP,10,intercept_fit,21,1.0,-3.5348965712445253,0.1,0.4985203973789896
pond,supermat,NTP,10,intercept_fit,22,1.0,-1.4037312871510692,0.2,0.4985203973789896
pond,supermat,NTP,10,intercept_fit,23,1.0,-2.262098257684334,0.4,0.4985203973789896
pond,supermat,NTP,10,intercept_fit,24,1.0,-3.410727839397269,0.1,0.4985203973789896
pond,supermat,NTP,10,intercept_fit,25,1.0,-1.8467062378671844,0.3,0.4985203973789896
pond,supermat,NTP,10,intercept_fit,26,1.0,0.3949924449247751,0.5,0.4985203973789896
pond,supermat,NTP,10,intercept_fit,27,1.0,-4.45102506853303,0.2,0.4985203973789896
pond,supermat,NTP,10,intercept_fit,28,1.0,-0.7345617773580377,0.3,0.4985203973789896
pond,supermat,NTP,10,intercept_fit,29,1.0,-3.134121579345182,0.2,0.4985203973789896
pond,supermat,NTP,10,intercept_fit,30,1.0,-0.8997419192416793,0.2,0.4985203973789896
pond,supermat,NTP,10,intercept_fit,31,1.0,-1.4106100289232921,0.3,0.4985203973789896
pond,supermat,NTP,10,intercept_fit,32,1.0,-0.38753095494530027,0.3,0.4985203973789896
pond,supermat,NTP,10,intercept_fit,33,1.0,-3.4508177322194893,0.1,0.4985203973789896
pond,supermat,NTP,10,intercept_fit,34,1.0,0.2503271488940406,0.6,0.4985203973789896
pond,supermat,NTP,10,intercept_fit,35,1.0,-2.894715805549441,0.3,0.4985203973789896
pond,supermat,NTP,10,intercept_fit,36,1.0,-0.02755429824133915,0.5,0.4985203973789896
pond,supermat,NTP,10,intercept_fit,37,1.0,-3.171130205258429,0.2,0.4985203973789896
pond,supermat,NTP,10,intercept_fit,38,1.0,-1.1435021998797241,0.4,0.4985203973789896
pond,supermat,NTP,10,intercept_fit,39,1.0,-3.901382859820982,0.2,0.4985203973789896
pond,supermat,NTP,10,intercept_fit,40,1.0,0.5305842544129068,0.6,0.4985203973789896
pond,supermat,NTP,10,intercept_fit,41,1.0,-0.6748936503512297,0.4,0.4985203973789896
pond,supermat,NTP,10,intercept_fit,42,1.0,-0.7180714275597371,0.3,0.4985203973789896
pond,supermat,NTP,10,intercept_fit,43,1.0,-0.6995097751980122,0.5,0.4985203973789896
pond,supermat,NTP,10,intercept_fit,44,1.0,0.022373745474734676,0.5,0.4985203973789896
pond,supermat,NTP,10,intercept_fit,45,1.0,-1.5457970262704392,0.2,0.4985203973789896
pond,supermat,NTP,10,intercept_fit,46,1.0,-1.067733456337493,0.2,0.4985203973789896
pond,supermat,NTP,10,intercept_fit,47,1.0,0.2781060809140058,0.6,0.4985203973789896
pond,supermat,NTP,10,intercept_fit,48,1.0,-0.024583099529672175,0.5,0.4985203973789896
pond,supermat,NTP,10,intercept_fit,50,1.0,-1.4744383870861555,0.2,0.4985203973789896
pond,supermat,NTP,10,intercept_fit,51,1.0,-2.5182398961606767,0.4,0.4985203973789896
pond,supermat,NTP,10,intercept_fit,52,1.0,0.05456839545026138,0.4,0.4985203973789896
pond,supermat,NTP,10,intercept_fit,53,1.0,-1.7203536816542981,0.2,0.4985203973789896
pond,supermat,NTP,10,intercept_fit,54,1.0,-1.985825040143444,0.5,0.4985203973789896
pond,supermat,NTP,10,intercept_fit,55,1.0,-0.6639072807571204,0.5,0.4985203973789896
pond,supermat,NTP,10,intercept_fit,56,1.0,-2.130291811363316,0.2,0.4985203973789896
pond,supermat,NTP,10,intercept_fit,57,1.0,-0.7344575293301098,0.3,0.4985203973789896
pond,supermat,NTP,10,intercept_fit,58,1.0,-1.741899370788038,0.4,0.4985203973789896
pond,supermat,NTP,10,intercept_fit,59,1.0,-3.0129620205149243,0.2,0.4985203973789896
pond,supermat,NTP,10,intercept_fit,60,1.0,-0.8627359165687388,0.2,0.4985203973789896
pond,supermat,NTP,10,intercept_fit,61,1.0,0.9857113869385428,0.8,0.4985203973789896
pond,supermat,NTP,10,intercept_fit,62,1.0,-0.7436396672682943,0.3,0.4985203973789896
pond,supermat,NTP,10,intercept_fit,63,1.0,-1.9061780147191447,0.3,0.4985203973789896
pond,supermat,NTP,10,intercept_fit,64,1.0,-0.7299839625378628,0.3,0.4985203973789896
pond,supermat,NTP,10,intercept_fit,65,1.0,-0.5705285284946365,0.4,0.4985203973789896
pond,supermat,NTP,10,intercept_fit,66,1.0,-3.164873077030029,0.1,0.4985203973789896
pond,supermat,NTP,10,intercept_fit,67,1.0,-1.339552444546744,0.6,0.4985203973789896
pond,supermat,NTP,10,intercept_fit,68,1.0,-1.5246616835325184,0.2,0.4985203973789896
pond,supermat,NTP,10,intercept_fit,69,1.0,-0.7160878486799701,0.3,0.4985203973789896
pond,supermat,NTP,10,intercept_fit,70,1.0,-3.041886320009585,0.2,0.4985203973789896
pond,supermat,NTP,10,intercept_fit,71,1.0,-0.3424709980741921,0.4,0.4985203973789896
pond,supermat,NTP,10,intercept_fit,72,1.0,-0.7333254000806544,0.3,0.4985203973789896
pond,supermat,NTP,10,intercept_fit,73,1.0,-1.269274104456164,0.5,0.4985203973789896
pond,supermat,NTP,10,intercept_fit,74,1.0,-0.541841607280814,0.3,0.4985203973789896
pond,supermat,NTP,10,intercept_fit,75,1.0,-1.3654186415998757,0.2,0.4985203973789896
pond,supermat,NTP,10,intercept_fit,76,1.0,-2.763240058046525,0.3,0.4985203973789896
pond,supermat,NTP,10,intercept_fit,77,1.0,0.22060707594435947,0.5,0.4985203973789896
pond,supermat,NTP,10,intercept_fit,78,1.0,-1.203394338469595,0.3,0.4985203973789896
pond,supermat,NTP,10,intercept_fit,79,1.0,-1.0754062306546273,0.4,0.4985203973789896
pond,supermat,NTP,10,intercept_fit,80,1.0,-0.9327904384056502,0.4,0.4985203973789896
pond,supermat,NTP,10,intercept_fit,81,1.0,-1.9519119563182525,0.5,0.4985203973789896
pond,supermat,NTP,10,intercept_fit,82,1.0,-0.3644990277805534,0.5,0.4985203973789896
pond,supermat,NTP,10,intercept_fit,83,1.0,-0.5815635499091435,0.5,0.4985203973789896
pond,supermat,NTP,10,intercept_fit,84,1.0,-1.1118835241939184,0.4,0.4985203973789896
pond,supermat,NTP,10,intercept_fit,85,1.0,-0.07829859917830749,0.5,0.4985203973789896
pond,supermat,NTP,10,intercept_fit,86,1.0,-1.1837197852186432,0.4,0.4985203973789896
pond,supermat,NTP,10,intercept_fit,87,1.0,-1.2282130559244289,0.5,0.4985203973789896
pond,supermat,NTP,10,intercept_fit,88,1.0,-0.28138035935680555,0.4,0.4985203973789896
pond,supermat,NTP,10,intercept_fit,89,1.0,-0.45256711328666355,0.6,0.4985203973789896
pond,supermat,NTP,10,intercept_fit,90,1.0,-0.5232059319955326,0.4,0.4985203973789896
pond,supermat,NTP,10,intercept_fit,91,1.0,-0.9383825103377338,0.2,0.4985203973789896
pond,supermat,NTP,10,intercept_fit,92,1.0,-1.1914370240399836,0.4,0.4985203973789896
pond,supermat,NTP,10,intercept_fit,93,1.0,-0.3707294199140624,0.5,0.4985203973789896
pond,supermat,NTP,10,intercept_fit,94,1.0,-0.48361701361732995,0.4,0.4985203973789896
pond,supermat,NTP,10,intercept_fit,95,1.0,-1.670046676427304,0.1,0.4985203973789896
pond,supermat,NTP,10,intercept_fit,96,1.0,-3.748781301425776,0.2,0.4985203973789896
pond,supermat,NTP,10,intercept_fit,97,1.0,-1.416116165394009,0.4,0.4985203973789896
pond,supermat,NTP,10,intercept_fit,98,1.0,-1.6765564909081092,0.1,0.4985203973789896
pond,supermat,NTP,10,intercept_fit,99,1.0,0.3141021134445082,0.6,0.4985203973789896
pond,supermat,NTP,10,intercept_fit,100,1.0,-1.422024443354364,0.3,0.4985203973789896
pond,supermat,Probe,50,intercept_fit,0,1.0,-2.8484118753786083,0.26,0.4985203973789896
pond,supermat,Probe,50,intercept_fit,1,1.0,-3.485443892753062,0.18,0.4985203973789896
pond,supermat,Probe,50,intercept_fit,2,1.0,-2.5198868216879573,0.44,0.4985203973789896
pond,supermat,Probe,50,intercept_fit,3,1.0,-2.6988758197284497,0.42,0.4985203973789896
pond,supermat,Probe,50,intercept_fit,4,1.0,-2.9794512143515495,0.36,0.4985203973789896
pond,supermat,Probe,50,intercept_fit,5,1.0,-3.4036545220982815,0.32,0.4985203973789896
pond,supermat,Probe,50,intercept_fit,6,1.0,-2.8551323529587584,0.34,0.4985203973789896
pond,supermat,Probe,50,intercept_fit,7,1.0,-2.6456232825221204,0.48,0.4985203973789896
pond,supermat,Probe,50,intercept_fit,8,1.0,-3.2556660947341407,0.28,0.4985203973789896
pond,supermat,Probe,50,intercept_fit,9,1.0,-3.72897265296872,0.26,0.4985203973789896
pond,supermat,Probe,50,intercept_fit,10,1.0,-2.8481774818737966,0.26,0.4985203973789896
pond,supermat,Probe,50,intercept_fit,11,1.0,-2.8717824073041824,0.4,0.4985203973789896
pond,supermat,Probe,50,intercept_fit,12,1.0,-2.6432145177666198,0.3,0.4985203973789896
pond,supermat,Probe,50,intercept_fit,13,1.0,-2.484551631170854,0.4,0.4985203973789896
pond,supermat,Probe,50,intercept_fit,14,1.0,-3.0595459057926937,0.22,0.4985203973789896
pond,supermat,Probe,50,intercept_fit,15,1.0,-1.6785315305238602,0.6,0.4985203973789896
pond,supermat,Probe,50,intercept_fit,16,1.0,-2.052932210386757,0.42,0.4985203973789896
pond,supermat,Probe,50,intercept_fit,17,1.0,-4.123942359163067,0.16,0.4985203973789896
pond,supermat,Probe,50,intercept_fit,18,1.0,-2.82295971345918,0.32,0.4985203973789896
pond,supermat,Probe,50,intercept_fit,19,1.0,-2.4509100686111216,0.44,0.4985203973789896
pond,supermat,Probe,50,intercept_fit,20,1.0,-2.994133807976872,0.4,0.4985203973789896
pond,supermat,Probe,50,intercept_fit,21,1.0,-2.9495898228299557,0.28,0.4985203973789896
pond,supermat,Probe,50,intercept_fit,22,1.0,-3.01070604577936,0.24,0.4985203973789896
pond,supermat,Probe,50,intercept_fit,23,1.0,-3.7592651238090204,0.22,0.4985203973789896
pond,supermat,Probe,50,intercept_fit,24,1.0,-2.9038639021505555,0.3,0.4985203973789896
pond,supermat,Probe,50,intercept_fit,25,1.0,-1.5648397414189423,0.52,0.4985203973789896
pond,supermat,Probe,50,intercept_fit,26,1.0,-2.1730112681822553,0.4,0.4985203973789896
pond,supermat,Probe,50,intercept_fit,27,1.0,-3.0040726435619667,0.36,0.4985203973789896
pond,supermat,Probe,50,intercept_fit,28,1.0,-2.5358981564975314,0.34,0.4985203973789896
pond,supermat,Probe,50,intercept_fit,29,1.0,-2.6616015411565175,0.24,0.4985203973789896
pond,supermat,Probe,50,intercept_fit,30,1.0,-3.118388744934021,0.36,0.4985203973789896
pond,supermat,Probe,50,intercept_fit,31,1.0,-3.685489351422048,0.3,0.4985203973789896
pond,supermat,Probe,50,intercept_fit,32,1.0,-1.9672953608830444,0.38,0.4985203973789896
pond,supermat,Probe,50,intercept_fit,33,1.0,-3.233424162926774,0.28,0.4985203973789896
pond,supermat,Probe,50,intercept_fit,34,1.0,-2.964503498254049,0.34,0.4985203973789896
pond,supermat,Probe,50,intercept_fit,35,1.0,-3.2047143485874314,0.38,0.4985203973789896
pond,supermat,Probe,50,intercept_fit,36,1.0,-3.6809279183138153,0.22,0.4985203973789896
pond,supermat,Probe,50,intercept_fit,37,1.0,-2.8575097008790644,0.26,0.4985203973789896
pond,supermat,Probe,50,intercept_fit,38,1.0,-3.360536550779781,0.2,0.4985203973789896
pond,supermat,Probe,50,intercept_fit,39,1.0,-3.1719672671509755,0.3,0.4985203973789896
pond,supermat,Probe,50,intercept_fit,40,1.0,-2.803013060327445,0.42,0.4985203973789896
pond,supermat,Probe,50,intercept_fit,41,1.0,-2.0963178793440775,0.46,0.4985203973789896
pond,supermat,Probe,50,intercept_fit,42,1.0,-2.324853437854857,0.28,0.4985203973789896
pond,supermat,Probe,50,intercept_fit,43,1.0,-3.076377943716135,0.3,0.4985203973789896
pond,supermat,Probe,50,intercept_fit,44,1.0,-2.08301850635653,0.56,0.4985203973789896
pond,supermat,Probe,50,intercept_fit,45,1.0,-2.9869253694779303,0.26,0.4985203973789896
pond,supermat,Probe,50,intercept_fit,46,1.0,-3.554224672776742,0.26,0.4985203973789896
pond,supermat,Probe,50,intercept_fit,47,1.0,-2.6267526539885075,0.5,0.4985203973789896
pond,supermat,Probe,50,intercept_fit,48,1.0,-2.9911301296090205,0.36,0.4985203973789896
pond,supermat,Probe,50,intercept_fit,49,1.0,-2.4488701048499597,0.34,0.4985203973789896
pond,supermat,Probe,50,intercept_fit,50,1.0,-2.3921585193551533,0.28,0.4985203973789896
pond,supermat,Probe,50,intercept_fit,51,1.0,-2.694431710963906,0.36,0.4985203973789896
pond,supermat,Probe,50,intercept_fit,52,1.0,-2.520286862517849,0.26,0.4985203973789896
pond,supermat,Probe,50,intercept_fit,53,1.0,-2.4466579551216117,0.18,0.4985203973789896
pond,supermat,Probe,50,intercept_fit,54,1.0,-2.6813424810524493,0.44,0.4985203973789896
pond,supermat,Probe,50,intercept_fit,55,1.0,-2.1827723305746214,0.38,0.4985203973789896
pond,supermat,Probe,50,intercept_fit,56,1.0,-2.8593426503075414,0.4,0.4985203973789896
pond,supermat,Probe,50,intercept_fit,57,1.0,-2.940619266165308,0.3,0.4985203973789896
pond,supermat,Probe,50,intercept_fit,58,1.0,-2.859162171981965,0.26,0.4985203973789896
pond,supermat,Probe,50,intercept_fit,59,1.0,-2.1845179158484385,0.32,0.4985203973789896
pond,supermat,Probe,50,intercept_fit,60,1.0,-3.4830651435130853,0.2,0.4985203973789896
pond,supermat,Probe,50,intercept_fit,61,1.0,-2.126897817514974,0.38,0.4985203973789896
pond,supermat,Probe,50,intercept_fit,62,1.0,-2.5852815636705597,0.38,0.4985203973789896
pond,supermat,Probe,50,intercept_fit,63,1.0,-2.5998989165649578,0.44,0.4985203973789896
pond,supermat,Probe,50,intercept_fit,64,1.0,-2.7912939979541274,0.36,0.4985203973789896
pond,supermat,Probe,50,intercept_fit,65,1.0,-2.32128072583935,0.44,0.4985203973789896
pond,supermat,Probe,50,intercept_fit,66,1.0,-3.322570111309124,0.28,0.4985203973789896
pond,supermat,Probe,50,intercept_fit,67,1.0,-2.171920356621241,0.48,0.4985203973789896
pond,supermat,Probe,50,intercept_fit,68,1.0,-3.5706086904091907,0.18,0.4985203973789896
pond,supermat,Probe,50,intercept_fit,69,1.0,-2.4770752920928403,0.26,0.4985203973789896
pond,supermat,Probe,50,intercept_fit,70,1.0,-2.6308908900800727,0.18,0.4985203973789896
pond,supermat,Probe,50,intercept_fit,71,1.0,-3.0420513393950523,0.34,0.4985203973789896
pond,supermat,Probe,50,intercept_fit,72,1.0,-1.8901388504237315,0.52,0.4985203973789896
pond,supermat,Probe,50,intercept_fit,73,1.0,-2.43351522673296,0.42,0.4985203973789896
pond,supermat,Probe,50,intercept_fit,74,1.0,-3.666497162818851,0.26,0.4985203973789896
pond,supermat,Probe,50,intercept_fit,75,1.0,-2.223293094155839,0.34,0.4985203973789896
pond,supermat,Probe,50,intercept_fit,76,1.0,-3.154556794483677,0.24,0.4985203973789896
pond,supermat,Probe,50,intercept_fit,77,1.0,-3.41931605189908,0.22,0.4985203973789896
pond,supermat,Probe,50,intercept_fit,78,1.0,-2.633767555111847,0.26,0.4985203973789896
pond,supermat,Probe,50,intercept_fit,79,1.0,-2.2671358293376125,0.42,0.4985203973789896
pond,supermat,Probe,50,intercept_fit,80,1.0,-2.720353571278771,0.34,0.4985203973789896
pond,supermat,Probe,50,intercept_fit,81,1.0,-2.008864203609077,0.52,0.4985203973789896
pond,supermat,Probe,50,intercept_fit,82,1.0,-3.3082384047031903,0.38,0.4985203973789896
pond,supermat,Probe,50,intercept_fit,83,1.0,-1.947974244408896,0.52,0.4985203973789896
pond,supermat,Probe,50,intercept_fit,84,1.0,-2.61810260776533,0.34,0.4985203973789896
pond,supermat,Probe,50,intercept_fit,85,1.0,-2.51608164130448,0.42,0.4985203973789896
pond,supermat,Probe,50,intercept_fit,86,1.0,-4.09764609522832,0.26,0.4985203973789896
pond,supermat,Probe,50,intercept_fit,87,1.0,-2.3763040246208935,0.42,0.4985203973789896
pond,supermat,Probe,50,intercept_fit,88,1.0,-2.371345831176559,0.42,0.4985203973789896
pond,supermat,Probe,50,intercept_fit,89,1.0,-2.298667643375292,0.46,0.4985203973789896
pond,supermat,Probe,50,intercept_fit,90,1.0,-2.7375908358789185,0.28,0.4985203973789896
pond,supermat,Probe,50,intercept_fit,91,1.0,-2.3774557107630425,0.42,0.4985203973789896
pond,supermat,Probe,50,intercept_fit,92,1.0,-2.3949278553275137,0.46,0.4985203973789896
pond,supermat,Probe,50,intercept_fit,93,1.0,-2.74080568223108,0.36,0.4985203973789896
pond,supermat,Probe,50,intercept_fit,94,1.0,-2.6185318060105858,0.34,0.4985203973789896
pond,supermat,Probe,50,intercept_fit,95,1.0,-2.791381409393508,0.28,0.4985203973789896
pond,supermat,Probe,50,intercept_fit,96,1.0,-2.9523145099001353,0.4,0.4985203973789896
pond,supermat,Probe,50,intercept_fit,97,1.0,-3.301529080910661,0.22,0.4985203973789896
pond,supermat,Probe,50,intercept_fit,98,1.0,-3.2185299640364353,0.22,0.4985203973789896
pond,supermat,Probe,50,intercept_fit,99,1.0,-2.0330886828987964,0.48,0.4985203973789896
pond,supermat,NTP,50,intercept_fit,0,1.0,-1.9393781604544467,0.26,0.4985203973789896
pond,supermat,NTP,50,intercept_fit,1,1.0,-1.968175829814247,0.18,0.4985203973789896
pond,supermat,NTP,50,intercept_fit,2,1.0,-0.5628596295069845,0.44,0.4985203973789896
pond,supermat,NTP,50,intercept_fit,3,1.0,-0.7212277675526523,0.42,0.4985203973789896
pond,supermat,NTP,50,intercept_fit,4,1.0,-0.3975018489229994,0.36,0.4985203973789896
pond,supermat,NTP,50,intercept_fit,5,1.0,-1.5238934815863239,0.32,0.4985203973789896
pond,supermat,NTP,50,intercept_fit,6,1.0,-1.771702785342981,0.34,0.4985203973789896
pond,supermat,NTP,50,intercept_fit,7,1.0,-0.611808121398489,0.48,0.4985203973789896
pond,supermat,NTP,50,intercept_fit,8,1.0,-1.5869987943272101,0.28,0.4985203973789896
pond,supermat,NTP,50,intercept_fit,9,1.0,-1.6316773639384208,0.26,0.4985203973789896
pond,supermat,NTP,50,intercept_fit,10,1.0,-1.5082271960127618,0.26,0.4985203973789896
pond,supermat,NTP,50,intercept_fit,11,1.0,-0.6681504774428546,0.4,0.4985203973789896
pond,supermat,NTP,50,intercept_fit,12,1.0,-0.8930476874525429,0.3,0.4985203973789896
pond,supermat,NTP,50,intercept_fit,13,1.0,-0.8119992329104462,0.4,0.4985203973789896
pond,supermat,NTP,50,intercept_fit,14,1.0,-3.0407421340081475,0.22,0.4985203973789896
pond,supermat,NTP,50,intercept_fit,15,1.0,0.19490602163420773,0.6,0.4985203973789896
pond,supermat,NTP,50,intercept_fit,16,1.0,-0.6788022069751684,0.42,0.4985203973789896
pond,supermat,NTP,50,intercept_fit,17,1.0,-1.5281294487797423,0.16,0.4985203973789896
pond,supermat,NTP,50,intercept_fit,18,1.0,-1.6376835023549188,0.32,0.4985203973789896
pond,supermat,NTP,50,intercept_fit,19,1.0,-0.8950648348978631,0.44,0.4985203973789896
pond,supermat,NTP,50,intercept_fit,20,1.0,-0.6400740106851188,0.4,0.4985203973789896
pond,supermat,NTP,50,intercept_fit,21,1.0,-1.1992489139294997,0.28,0.4985203973789896
pond,supermat,NTP,50,intercept_fit,22,1.0,-2.09807693162462,0.24,0.4985203973789896
pond,supermat,NTP,50,intercept_fit,23,1.0,-1.7175304443581012,0.22,0.4985203973789896
pond,supermat,NTP,50,intercept_fit,24,1.0,-0.8364970977670915,0.3,0.4985203973789896
pond,supermat,NTP,50,intercept_fit,25,1.0,-0.8416506220749593,0.52,0.4985203973789896
pond,supermat,NTP,50,intercept_fit,26,1.0,-0.49538721872617486,0.4,0.4985203973789896
pond,supermat,NTP,50,intercept_fit,27,1.0,-1.3991576001592723,0.36,0.4985203973789896
pond,supermat,NTP,50,intercept_fit,28,1.0,-0.7236914619949186,0.34,0.4985203973789896
pond,supermat,NTP,50,intercept_fit,29,1.0,-1.5897669617345567,0.24,0.4985203973789896
pond,supermat,NTP,50,intercept_fit,30,1.0,-1.2997999693038378,0.36,0.4985203973789896
pond,supermat,NTP,50,intercept_fit,31,1.0,-1.146927401938025,0.3,0.4985203973789896
pond,supermat,NTP,50,intercept_fit,32,1.0,-0.8740176161613347,0.38,0.4985203973789896
pond,supermat,NTP,50,intercept_fit,33,1.0,-2.170738885711874,0.28,0.4985203973789896
pond,supermat,NTP,50,intercept_fit,34,1.0,-1.224701832540225,0.34,0.4985203973789896
pond,supermat,NTP,50,intercept_fit,35,1.0,-1.3971867397886202,0.38,0.4985203973789896
pond,supermat,NTP,50,intercept_fit,36,1.0,-1.705242425963572,0.22,0.4985203973789896
pond,supermat,NTP,50,intercept_fit,37,1.0,-1.9420897215455724,0.26,0.4985203973789896
pond,supermat,NTP,50,intercept_fit,38,1.0,-1.6079974612396524,0.2,0.4985203973789896
pond,supermat,NTP,50,intercept_fit,39,1.0,-1.6047556472946984,0.3,0.4985203973789896
pond,supermat,NTP,50,intercept_fit,40,1.0,-0.9711492805531072,0.42,0.4985203973789896
pond,supermat,NTP,50,intercept_fit,41,1.0,-0.5058102681314884,0.46,0.4985203973789896
pond,supermat,NTP,50,intercept_fit,42,1.0,-1.3858375548098258,0.28,0.4985203973789896
pond,supermat,NTP,50,intercept_fit,43,1.0,-1.2533635793033961,0.3,0.4985203973789896
pond,supermat,NTP,50,intercept_fit,44,1.0,-0.5297780428486215,0.56,0.4985203973789896
pond,supermat,NTP,50,intercept_fit,45,1.0,-1.611952979839977,0.26,0.4985203973789896
pond,supermat,NTP,50,intercept_fit,46,1.0,-1.32803371802454,0.26,0.4985203973789896
pond,supermat,NTP,50,intercept_fit,47,1.0,-0.28770648320113545,0.5,0.4985203973789896
pond,supermat,NTP,50,intercept_fit,48,1.0,-1.3443924030633285,0.36,0.4985203973789896
pond,supermat,NTP,50,intercept_fit,49,1.0,-0.6270938087857615,0.34,0.4985203973789896
pond,supermat,NTP,50,intercept_fit,50,1.0,-1.195805642727621,0.28,0.4985203973789896
pond,supermat,NTP,50,intercept_fit,51,1.0,-0.6813516668772639,0.36,0.4985203973789896
pond,supermat,NTP,50,intercept_fit,52,1.0,-1.2448069931356467,0.26,0.4985203973789896
pond,supermat,NTP,50,intercept_fit,53,1.0,-1.5769492494465116,0.18,0.4985203973789896
pond,supermat,NTP,50,intercept_fit,54,1.0,-0.7545788072745571,0.44,0.4985203973789896
pond,supermat,NTP,50,intercept_fit,55,1.0,-0.6927417262008145,0.38,0.4985203973789896
pond,supermat,NTP,50,intercept_fit,56,1.0,-0.8204631764898916,0.4,0.4985203973789896
pond,supermat,NTP,50,intercept_fit,57,1.0,-1.6318965178893008,0.3,0.4985203973789896
pond,supermat,NTP,50,intercept_fit,58,1.0,-1.4079852841289893,0.26,0.4985203973789896
pond,supermat,NTP,50,intercept_fit,59,1.0,-0.8740836037915826,0.32,0.4985203973789896
pond,supermat,NTP,50,intercept_fit,60,1.0,-2.303914768695007,0.2,0.4985203973789896
pond,supermat,NTP,50,intercept_fit,61,1.0,-0.8982592305204937,0.38,0.4985203973789896
pond,supermat,NTP,50,intercept_fit,62,1.0,-0.7706985716240337,0.38,0.4985203973789896
pond,supermat,NTP,50,intercept_fit,63,1.0,-0.4499620138561303,0.44,0.4985203973789896
pond,supermat,NTP,50,intercept_fit,64,1.0,-1.2878306523339933,0.36,0.4985203973789896
pond,supermat,NTP,50,intercept_fit,65,1.0,-0.5035057968370124,0.44,0.4985203973789896
pond,supermat,NTP,50,intercept_fit,66,1.0,-1.116455075060809,0.28,0.4985203973789896
pond,supermat,NTP,50,intercept_fit,67,1.0,-0.6374257592381123,0.48,0.4985203973789896
pond,supermat,NTP,50,intercept_fit,68,1.0,-1.8302006234022696,0.18,0.4985203973789896
pond,supermat,NTP,50,intercept_fit,69,1.0,-1.2589988855362972,0.26,0.4985203973789896
pond,supermat,NTP,50,intercept_fit,70,1.0,-2.077720527013653,0.18,0.4985203973789896
pond,supermat,NTP,50,intercept_fit,71,1.0,-0.8216924227642068,0.34,0.4985203973789896
pond,supermat,NTP,50,intercept_fit,72,1.0,-0.19786926229407745,0.52,0.4985203973789896
pond,supermat,NTP,50,intercept_fit,73,1.0,-0.7800816277460089,0.42,0.4985203973789896
pond,supermat,NTP,50,intercept_fit,74,1.0,-2.503988886649684,0.26,0.4985203973789896
pond,supermat,NTP,50,intercept_fit,75,1.0,-1.204820316717531,0.34,0.4985203973789896
pond,supermat,NTP,50,intercept_fit,76,1.0,-1.7777441341365126,0.24,0.4985203973789896
pond,supermat,NTP,50,intercept_fit,77,1.0,-1.2527300679897724,0.22,0.4985203973789896
pond,supermat,NTP,50,intercept_fit,78,1.0,-1.3506142952202944,0.26,0.4985203973789896
pond,supermat,NTP,50,intercept_fit,79,1.0,-0.8322696208941427,0.42,0.4985203973789896
pond,supermat,NTP,50,intercept_fit,80,1.0,-0.8547405471348223,0.34,0.4985203973789896
pond,supermat,NTP,50,intercept_fit,81,1.0,-0.3713921130773412,0.52,0.4985203973789896
pond,supermat,NTP,50,intercept_fit,82,1.0,-0.6603769367391848,0.38,0.4985203973789896
pond,supermat,NTP,50,intercept_fit,83,1.0,0.08445076169329355,0.52,0.4985203973789896
pond,supermat,NTP,50,intercept_fit,84,1.0,-1.259356490237907,0.34,0.4985203973789896
pond,supermat,NTP,50,intercept_fit,85,1.0,-0.3675882758250249,0.42,0.4985203973789896
pond,supermat,NTP,50,intercept_fit,86,1.0,-1.791375234790647,0.26,0.4985203973789896
pond,supermat,NTP,50,intercept_fit,87,1.0,-0.5383472002314041,0.42,0.4985203973789896
pond,supermat,NTP,50,intercept_fit,88,1.0,-0.6749292768670073,0.42,0.4985203973789896
pond,supermat,NTP,50,intercept_fit,89,1.0,-0.6319251362347705,0.46,0.4985203973789896
pond,supermat,NTP,50,intercept_fit,90,1.0,-1.1946278223842346,0.28,0.4985203973789896
pond,supermat,NTP,50,intercept_fit,91,1.0,-0.9845245881140983,0.42,0.4985203973789896
pond,supermat,NTP,50,intercept_fit,92,1.0,-1.1353798317797454,0.46,0.4985203973789896
pond,supermat,NTP,50,intercept_fit,93,1.0,-1.0321692146504866,0.36,0.4985203973789896
pond,supermat,NTP,50,intercept_fit,94,1.0,-0.8683472860735644,0.34,0.4985203973789896
pond,supermat,NTP,50,intercept_fit,95,1.0,-1.6763296029016888,0.28,0.4985203973789896
pond,supermat,NTP,50,intercept_fit,96,1.0,-0.3611136332302391,0.4,0.4985203973789896
pond,supermat,NTP,50,intercept_fit,97,1.0,-1.0964436038136116,0.22,0.4985203973789896
pond,supermat,NTP,50,intercept_fit,98,1.0,-1.544586523324962,0.22,0.4985203973789896
pond,supermat,NTP,50,intercept_fit,99,1.0,-0.3085797890543313,0.48,0.4985203973789896
pond,supermat,Probe,100,intercept_fit,0,1.0,-2.8462341726537996,0.26,0.4985203973789896
pond,supermat,Probe,100,intercept_fit,1,1.0,-2.6433516449841896,0.26,0.4985203973789896
pond,supermat,Probe,100,intercept_fit,2,1.0,-2.6604134814201355,0.39,0.4985203973789896
pond,supermat,Probe,100,intercept_fit,3,1.0,-2.817276698121562,0.35,0.4985203973789896
pond,supermat,Probe,100,intercept_fit,4,1.0,-3.1727828490469507,0.36,0.4985203973789896
pond,supermat,Probe,100,intercept_fit,5,1.0,-2.3227380583949575,0.42,0.4985203973789896
pond,supermat,Probe,100,intercept_fit,6,1.0,-3.380504460273363,0.25,0.4985203973789896
pond,supermat,Probe,100,intercept_fit,7,1.0,-2.949091776627389,0.38,0.4985203973789896
pond,supermat,Probe,100,intercept_fit,8,1.0,-3.3415435440285184,0.24,0.4985203973789896
pond,supermat,Probe,100,intercept_fit,9,1.0,-2.871240079122755,0.4,0.4985203973789896
pond,supermat,Probe,100,intercept_fit,10,1.0,-2.654423436576705,0.34,0.4985203973789896
pond,supermat,Probe,100,intercept_fit,11,1.0,-2.4824909212093784,0.44,0.4985203973789896
pond,supermat,Probe,100,intercept_fit,12,1.0,-3.0227420770587234,0.32,0.4985203973789896
pond,supermat,Probe,100,intercept_fit,13,1.0,-2.6564570430610064,0.46,0.4985203973789896
pond,supermat,Probe,100,intercept_fit,14,1.0,-2.409923618970974,0.31,0.4985203973789896
pond,supermat,Probe,100,intercept_fit,15,1.0,-2.0476377318517,0.53,0.4985203973789896
pond,supermat,Probe,100,intercept_fit,16,1.0,-2.9741541970489833,0.29,0.4985203973789896
pond,supermat,Probe,100,intercept_fit,17,1.0,-3.456910066000039,0.23,0.4985203973789896
pond,supermat,Probe,100,intercept_fit,18,1.0,-2.9786327499596834,0.29,0.4985203973789896
pond,supermat,Probe,100,intercept_fit,19,1.0,-2.9028581041498875,0.38,0.4985203973789896
pond,supermat,Probe,100,intercept_fit,20,1.0,-3.5360552969660293,0.34,0.4985203973789896
pond,supermat,Probe,100,intercept_fit,21,1.0,-2.653962300237045,0.3,0.4985203973789896
pond,supermat,Probe,100,intercept_fit,22,1.0,-3.053520162850396,0.24,0.4985203973789896
pond,supermat,Probe,100,intercept_fit,23,1.0,-2.739234781860328,0.34,0.4985203973789896
pond,supermat,Probe,100,intercept_fit,24,1.0,-3.437842244650209,0.34,0.4985203973789896
pond,supermat,Probe,100,intercept_fit,25,1.0,-2.13012590664723,0.39,0.4985203973789896
pond,supermat,Probe,100,intercept_fit,26,1.0,-2.824834218822188,0.33,0.4985203973789896
pond,supermat,Probe,100,intercept_fit,27,1.0,-2.4231876586825902,0.46,0.4985203973789896
pond,supermat,Probe,100,intercept_fit,28,1.0,-1.886226587407556,0.43,0.4985203973789896
pond,supermat,Probe,100,intercept_fit,29,1.0,-2.5733337918693064,0.26,0.4985203973789896
pond,supermat,Probe,100,intercept_fit,30,1.0,-2.8677527698547145,0.36,0.4985203973789896
pond,supermat,Probe,100,intercept_fit,31,1.0,-3.137756263841312,0.35,0.4985203973789896
pond,supermat,Probe,100,intercept_fit,32,1.0,-2.3080210235009813,0.28,0.4985203973789896
pond,supermat,Probe,100,intercept_fit,33,1.0,-2.6954554935511417,0.43,0.4985203973789896
pond,supermat,Probe,100,intercept_fit,34,1.0,-2.9919945815279196,0.36,0.4985203973789896
pond,supermat,Probe,100,intercept_fit,35,1.0,-3.320705043519824,0.4,0.4985203973789896
pond,supermat,Probe,100,intercept_fit,36,1.0,-3.7162433677881963,0.22,0.4985203973789896
pond,supermat,Probe,100,intercept_fit,37,1.0,-2.206121000383333,0.4,0.4985203973789896
pond,supermat,Probe,100,intercept_fit,38,1.0,-3.313389916517166,0.24,0.4985203973789896
pond,supermat,Probe,100,intercept_fit,39,1.0,-2.6656365177019383,0.35,0.4985203973789896
pond,supermat,Probe,100,intercept_fit,40,1.0,-3.1266928525703683,0.35,0.4985203973789896
pond,supermat,Probe,100,intercept_fit,41,1.0,-2.244579442905044,0.42,0.4985203973789896
pond,supermat,Probe,100,intercept_fit,42,1.0,-2.1678065375698212,0.3,0.4985203973789896
pond,supermat,Probe,100,intercept_fit,43,1.0,-2.631342036510405,0.38,0.4985203973789896
pond,supermat,Probe,100,intercept_fit,44,1.0,-2.818805409953699,0.45,0.4985203973789896
pond,supermat,Probe,100,intercept_fit,45,1.0,-3.2484211806620724,0.23,0.4985203973789896
pond,supermat,Probe,100,intercept_fit,46,1.0,-3.338264870843575,0.26,0.4985203973789896
pond,supermat,Probe,100,intercept_fit,47,1.0,-2.7906108343674134,0.41,0.4985203973789896
pond,supermat,Probe,100,intercept_fit,48,1.0,-2.8778555037931857,0.35,0.4985203973789896
pond,supermat,Probe,100,intercept_fit,49,1.0,-2.732380002243806,0.29,0.4985203973789896
pond,supermat,Probe,100,intercept_fit,50,1.0,-2.6347046783897414,0.26,0.4985203973789896
pond,supermat,Probe,100,intercept_fit,51,1.0,-3.1152215086463517,0.25,0.4985203973789896
pond,supermat,Probe,100,intercept_fit,52,1.0,-3.0244171810406373,0.24,0.4985203973789896
pond,supermat,Probe,100,intercept_fit,53,1.0,-2.24022388547324,0.24,0.4985203973789896
pond,supermat,Probe,100,intercept_fit,54,1.0,-2.8798664348495495,0.45,0.4985203973789896
pond,supermat,Probe,100,intercept_fit,55,1.0,-2.3729909303235575,0.37,0.4985203973789896
pond,supermat,Probe,100,intercept_fit,56,1.0,-3.6324498020652576,0.27,0.4985203973789896
pond,supermat,Probe,100,intercept_fit,57,1.0,-3.0520441922904165,0.25,0.4985203973789896
pond,supermat,Probe,100,intercept_fit,58,1.0,-2.6296456414441898,0.3,0.4985203973789896
pond,supermat,Probe,100,intercept_fit,59,1.0,-2.5056817865928047,0.29,0.4985203973789896
pond,supermat,Probe,100,intercept_fit,60,1.0,-2.486906276317265,0.37,0.4985203973789896
pond,supermat,Probe,100,intercept_fit,61,1.0,-2.6773662791513835,0.34,0.4985203973789896
pond,supermat,Probe,100,intercept_fit,62,1.0,-2.9251404877423908,0.32,0.4985203973789896
pond,supermat,Probe,100,intercept_fit,63,1.0,-2.0230042587884496,0.48,0.4985203973789896
pond,supermat,Probe,100,intercept_fit,64,1.0,-3.3151363306010437,0.33,0.4985203973789896
pond,supermat,Probe,100,intercept_fit,65,1.0,-1.6656836595641138,0.56,0.4985203973789896
pond,supermat,Probe,100,intercept_fit,66,1.0,-3.565636494462313,0.23,0.4985203973789896
pond,supermat,Probe,100,intercept_fit,67,1.0,-2.566466439714294,0.34,0.4985203973789896
pond,supermat,Probe,100,intercept_fit,68,1.0,-3.209495564121709,0.22,0.4985203973789896
pond,supermat,Probe,100,intercept_fit,69,1.0,-3.1500616432054978,0.26,0.4985203973789896
pond,supermat,Probe,100,intercept_fit,70,1.0,-2.9035039317704654,0.17,0.4985203973789896
pond,supermat,Probe,100,intercept_fit,71,1.0,-2.2505975464439714,0.46,0.4985203973789896
pond,supermat,Probe,100,intercept_fit,72,1.0,-1.7769359296418787,0.48,0.4985203973789896
pond,supermat,Probe,100,intercept_fit,73,1.0,-2.8155886435119184,0.33,0.4985203973789896
pond,supermat,Probe,100,intercept_fit,74,1.0,-3.2694087983373463,0.35,0.4985203973789896
pond,supermat,Probe,100,intercept_fit,75,1.0,-3.0959894612480485,0.2,0.4985203973789896
pond,supermat,Probe,100,intercept_fit,76,1.0,-2.9041081140470686,0.31,0.4985203973789896
pond,supermat,Probe,100,intercept_fit,77,1.0,-3.184929252539891,0.31,0.4985203973789896
pond,supermat,Probe,100,intercept_fit,78,1.0,-2.464557150928119,0.32,0.4985203973789896
pond,supermat,Probe,100,intercept_fit,79,1.0,-2.540676322405585,0.32,0.4985203973789896
pond,supermat,Probe,100,intercept_fit,80,1.0,-3.0480432031666105,0.34,0.4985203973789896
pond,supermat,Probe,100,intercept_fit,81,1.0,-2.7579356762645513,0.34,0.4985203973789896
pond,supermat,Probe,100,intercept_fit,82,1.0,-3.5168179455780573,0.33,0.4985203973789896
pond,supermat,Probe,100,intercept_fit,83,1.0,-2.4919503909431535,0.42,0.4985203973789896
pond,supermat,Probe,100,intercept_fit,84,1.0,-2.3213649604707407,0.38,0.4985203973789896
pond,supermat,Probe,100,intercept_fit,85,1.0,-2.601445359853872,0.36,0.4985203973789896
pond,supermat,Probe,100,intercept_fit,86,1.0,-3.503188435337907,0.29,0.4985203973789896
pond,supermat,Probe,100,intercept_fit,87,1.0,-2.5286505025491723,0.37,0.4985203973789896
pond,supermat,Probe,100,intercept_fit,88,1.0,-2.457946124597177,0.49,0.4985203973789896
pond,supermat,Probe,100,intercept_fit,89,1.0,-2.2870897795850955,0.54,0.4985203973789896
pond,supermat,Probe,100,intercept_fit,90,1.0,-3.115656547426785,0.27,0.4985203973789896
pond,supermat,Probe,100,intercept_fit,91,1.0,-2.437101357564692,0.4,0.4985203973789896
pond,supermat,Probe,100,intercept_fit,92,1.0,-2.4178192986586287,0.42,0.4985203973789896
pond,supermat,Probe,100,intercept_fit,93,1.0,-3.005840326530322,0.29,0.4985203973789896
pond,supermat,Probe,100,intercept_fit,94,1.0,-2.4511079170846948,0.34,0.4985203973789896
pond,supermat,Probe,100,intercept_fit,95,1.0,-2.9577658120741477,0.28,0.4985203973789896
pond,supermat,Probe,100,intercept_fit,96,1.0,-2.919375832012108,0.4,0.4985203973789896
pond,supermat,Probe,100,intercept_fit,97,1.0,-3.2014240418972157,0.28,0.4985203973789896
pond,supermat,Probe,100,intercept_fit,98,1.0,-3.273577600851306,0.24,0.4985203973789896
pond,supermat,Probe,100,intercept_fit,99,1.0,-2.3709682698516974,0.46,0.4985203973789896
pond,supermat,NTP,100,intercept_fit,0,1.0,-1.2104574411216429,0.26,0.4985203973789896
pond,supermat,NTP,100,intercept_fit,1,1.0,-1.3597391403186971,0.26,0.4985203973789896
pond,supermat,NTP,100,intercept_fit,2,1.0,-0.6796267112540347,0.39,0.4985203973789896
pond,supermat,NTP,100,intercept_fit,3,1.0,-0.9675167631497341,0.35,0.4985203973789896
pond,supermat,NTP,100,intercept_fit,4,1.0,-0.7549344091535891,0.36,0.4985203973789896
pond,supermat,NTP,100,intercept_fit,5,1.0,-0.41021205923318116,0.42,0.4985203973789896
pond,supermat,NTP,100,intercept_fit,6,1.0,-1.5640613404173358,0.25,0.4985203973789896
pond,supermat,NTP,100,intercept_fit,7,1.0,-0.6711635860457484,0.38,0.4985203973789896
pond,supermat,NTP,100,intercept_fit,8,1.0,-1.0832140854012535,0.24,0.4985203973789896
pond,supermat,NTP,100,intercept_fit,9,1.0,-0.8133959802853802,0.4,0.4985203973789896
pond,supermat,NTP,100,intercept_fit,10,1.0,-1.5721096682138,0.34,0.4985203973789896
pond,supermat,NTP,100,intercept_fit,11,1.0,-0.3424289341094016,0.44,0.4985203973789896
pond,supermat,NTP,100,intercept_fit,12,1.0,-0.8701961565960142,0.32,0.4985203973789896
pond,supermat,NTP,100,intercept_fit,13,1.0,-0.3673686019454037,0.46,0.4985203973789896
pond,supermat,NTP,100,intercept_fit,14,1.0,-1.5512490385721114,0.31,0.4985203973789896
pond,supermat,NTP,100,intercept_fit,15,1.0,-0.10909211561493705,0.53,0.4985203973789896
pond,supermat,NTP,100,intercept_fit,16,1.0,-1.3485149542207164,0.29,0.4985203973789896
pond,supermat,NTP,100,intercept_fit,17,1.0,-1.4759951675385439,0.23,0.4985203973789896
pond,supermat,NTP,100,intercept_fit,18,1.0,-1.4025734642257395,0.29,0.4985203973789896
pond,supermat,NTP,100,intercept_fit,19,1.0,-0.947891674103962,0.38,0.4985203973789896
pond,supermat,NTP,100,intercept_fit,20,1.0,-1.4803612869198102,0.34,0.4985203973789896
pond,supermat,NTP,100,intercept_fit,21,1.0,-0.9524724333385465,0.3,0.4985203973789896
pond,supermat,NTP,100,intercept_fit,22,1.0,-1.9457999005251534,0.24,0.4985203973789896
pond,supermat,NTP,100,intercept_fit,23,1.0,-0.6467803331586176,0.34,0.4985203973789896
pond,supermat,NTP,100,intercept_fit,24,1.0,-1.0558906300678215,0.34,0.4985203973789896
pond,supermat,NTP,100,intercept_fit,25,1.0,-0.7250535635259941,0.39,0.4985203973789896
pond,supermat,NTP,100,intercept_fit,26,1.0,-0.6562834342396449,0.33,0.4985203973789896
pond,supermat,NTP,100,intercept_fit,27,1.0,-0.488221954292376,0.46,0.4985203973789896
pond,supermat,NTP,100,intercept_fit,28,1.0,-0.4063363049509497,0.43,0.4985203973789896
pond,supermat,NTP,100,intercept_fit,29,1.0,-1.2768562423233574,0.26,0.4985203973789896
pond,supermat,NTP,100,intercept_fit,30,1.0,-0.9181319289208619,0.36,0.4985203973789896
pond,supermat,NTP,100,intercept_fit,31,1.0,-0.7340533794595717,0.35,0.4985203973789896
pond,supermat,NTP,100,intercept_fit,32,1.0,-1.0513200631877209,0.28,0.4985203973789896
pond,supermat,NTP,100,intercept_fit,33,1.0,-0.720399014501914,0.43,0.4985203973789896
pond,supermat,NTP,100,intercept_fit,34,1.0,-1.0413313641610784,0.36,0.4985203973789896
pond,supermat,NTP,100,intercept_fit,35,1.0,-1.6246939358897017,0.4,0.4985203973789896
pond,supermat,NTP,100,intercept_fit,36,1.0,-1.3812116139610928,0.22,0.4985203973789896
pond,supermat,NTP,100,intercept_fit,37,1.0,-0.7029076462345119,0.4,0.4985203973789896
pond,supermat,NTP,100,intercept_fit,38,1.0,-2.1303303446287454,0.24,0.4985203973789896
pond,supermat,NTP,100,intercept_fit,39,1.0,-1.2184922890410792,0.35,0.4985203973789896
pond,supermat,NTP,100,intercept_fit,40,1.0,-1.1389726207641702,0.35,0.4985203973789896
pond,supermat,NTP,100,intercept_fit,41,1.0,-0.490056355673397,0.42,0.4985203973789896
pond,supermat,NTP,100,intercept_fit,42,1.0,-0.8772947136311775,0.3,0.4985203973789896
pond,supermat,NTP,100,intercept_fit,43,1.0,-0.8388753292651498,0.38,0.4985203973789896
pond,supermat,NTP,100,intercept_fit,44,1.0,-0.3429919738291288,0.45,0.4985203973789896
pond,supermat,NTP,100,intercept_fit,45,1.0,-1.6609322522798498,0.23,0.4985203973789896
pond,supermat,NTP,100,intercept_fit,46,1.0,-1.2727122469822025,0.26,0.4985203973789896
pond,supermat,NTP,100,intercept_fit,47,1.0,-0.47105208134129867,0.41,0.4985203973789896
pond,supermat,NTP,100,intercept_fit,48,1.0,-1.370901603126738,0.35,0.4985203973789896
pond,supermat,NTP,100,intercept_fit,49,1.0,-0.9667949022663465,0.29,0.4985203973789896
pond,supermat,NTP,100,intercept_fit,50,1.0,-1.6073801445231843,0.26,0.4985203973789896
pond,supermat,NTP,100,intercept_fit,51,1.0,-1.3806410914224123,0.25,0.4985203973789896
pond,supermat,NTP,100,intercept_fit,52,1.0,-1.3805001424972878,0.24,0.4985203973789896
pond,supermat,NTP,100,intercept_fit,53,1.0,-1.3410081984477675,0.24,0.4985203973789896
pond,supermat,NTP,100,intercept_fit,54,1.0,-1.1431763430331208,0.45,0.4985203973789896
pond,supermat,NTP,100,intercept_fit,55,1.0,-0.9326544190366874,0.37,0.4985203973789896
pond,supermat,NTP,100,intercept_fit,56,1.0,-1.8999885821311377,0.27,0.4985203973789896
pond,supermat,NTP,100,intercept_fit,57,1.0,-1.5982917528690974,0.25,0.4985203973789896
pond,supermat,NTP,100,intercept_fit,58,1.0,-1.1944499008807157,0.3,0.4985203973789896
pond,supermat,NTP,100,intercept_fit,59,1.0,-1.1704744654153365,0.29,0.4985203973789896
pond,supermat,NTP,100,intercept_fit,60,1.0,-0.7354921716286253,0.37,0.4985203973789896
pond,supermat,NTP,100,intercept_fit,61,1.0,-1.071943148688749,0.34,0.4985203973789896
pond,supermat,NTP,100,intercept_fit,62,1.0,-1.310342122907025,0.32,0.4985203973789896
pond,supermat,NTP,100,intercept_fit,63,1.0,-0.3463979732791237,0.48,0.4985203973789896
pond,supermat,NTP,100,intercept_fit,64,1.0,-0.9606769376450204,0.33,0.4985203973789896
pond,supermat,NTP,100,intercept_fit,65,1.0,-0.18691886397553395,0.56,0.4985203973789896
pond,supermat,NTP,100,intercept_fit,66,1.0,-1.313610180694306,0.23,0.4985203973789896
pond,supermat,NTP,100,intercept_fit,67,1.0,-1.0998552323360546,0.34,0.4985203973789896
pond,supermat,NTP,100,intercept_fit,68,1.0,-1.9287482539837457,0.22,0.4985203973789896
pond,supermat,NTP,100,intercept_fit,69,1.0,-1.1723778850786635,0.26,0.4985203973789896
pond,supermat,NTP,100,intercept_fit,70,1.0,-2.092451066196298,0.17,0.4985203973789896
pond,supermat,NTP,100,intercept_fit,71,1.0,-0.807286989885904,0.46,0.4985203973789896
pond,supermat,NTP,100,intercept_fit,72,1.0,-0.35674991812206397,0.48,0.4985203973789896
pond,supermat,NTP,100,intercept_fit,73,1.0,-1.4393704369210636,0.33,0.4985203973789896
pond,supermat,NTP,100,intercept_fit,74,1.0,-1.42364897533462,0.35,0.4985203973789896
pond,supermat,NTP,100,intercept_fit,75,1.0,-1.978039496204024,0.2,0.4985203973789896
pond,supermat,NTP,100,intercept_fit,76,1.0,-1.7547773151428672,0.31,0.4985203973789896
pond,supermat,NTP,100,intercept_fit,77,1.0,-1.0299779698351015,0.31,0.4985203973789896
pond,supermat,NTP,100,intercept_fit,78,1.0,-1.2826460020513115,0.32,0.4985203973789896
pond,supermat,NTP,100,intercept_fit,79,1.0,-1.0578340115688651,0.32,0.4985203973789896
pond,supermat,NTP,100,intercept_fit,80,1.0,-0.8188771527541464,0.34,0.4985203973789896
pond,supermat,NTP,100,intercept_fit,81,1.0,-1.0173177866182797,0.34,0.4985203973789896
pond,supermat,NTP,100,intercept_fit,82,1.0,-1.2805169873178681,0.33,0.4985203973789896
pond,supermat,NTP,100,intercept_fit,83,1.0,-0.7122800414132252,0.42,0.4985203973789896
pond,supermat,NTP,100,intercept_fit,84,1.0,-1.0309043889412248,0.38,0.4985203973789896
pond,supermat,NTP,100,intercept_fit,85,1.0,-1.0694562453261278,0.36,0.4985203973789896
pond,supermat,NTP,100,intercept_fit,86,1.0,-1.1113270283036198,0.29,0.4985203973789896
pond,supermat,NTP,100,intercept_fit,87,1.0,-1.0127032592703038,0.37,0.4985203973789896
pond,supermat,NTP,100,intercept_fit,88,1.0,-0.1103931598203426,0.49,0.4985203973789896
pond,supermat,NTP,100,intercept_fit,89,1.0,-0.25588678216048466,0.54,0.4985203973789896
pond,supermat,NTP,100,intercept_fit,90,1.0,-1.132680525469898,0.27,0.4985203973789896
pond,supermat,NTP,100,intercept_fit,91,1.0,-1.0141509293800866,0.4,0.4985203973789896
pond,supermat,NTP,100,intercept_fit,92,1.0,-0.8489358391644366,0.42,0.4985203973789896
pond,supermat,NTP,100,intercept_fit,93,1.0,-1.125901448975186,0.29,0.4985203973789896
pond,supermat,NTP,100,intercept_fit,94,1.0,-0.734545878766056,0.34,0.4985203973789896
pond,supermat,NTP,100,intercept_fit,95,1.0,-1.3210253925381668,0.28,0.4985203973789896
pond,supermat,NTP,100,intercept_fit,96,1.0,-0.3362823430656692,0.4,0.4985203973789896
pond,supermat,NTP,100,intercept_fit,97,1.0,-1.4048426242107692,0.28,0.4985203973789896
pond,supermat,NTP,100,intercept_fit,98,1.0,-1.2014248883832321,0.24,0.4985203973789896
pond,supermat,NTP,100,intercept_fit,99,1.0,-0.5082587395426258,0.46,0.4985203973789896
pond,supermat,Probe,250,intercept_fit,0,1.0,-2.9721764613199255,0.228,0.4985203973789896
pond,supermat,Probe,250,intercept_fit,1,1.0,-2.7866492704982804,0.24,0.4985203973789896
pond,supermat,Probe,250,intercept_fit,2,1.0,-2.776886335644754,0.36,0.4985203973789896
pond,supermat,Probe,250,intercept_fit,3,1.0,-2.250220403308568,0.46,0.4985203973789896
pond,supermat,Probe,250,intercept_fit,4,1.0,-3.102019543125753,0.328,0.4985203973789896
pond,supermat,Probe,250,intercept_fit,5,1.0,-2.6892905130475846,0.38,0.4985203973789896
pond,supermat,Probe,250,intercept_fit,6,1.0,-2.4177535494603895,0.3,0.4985203973789896
pond,supermat,Probe,250,intercept_fit,7,1.0,-3.14270648261035,0.392,0.4985203973789896
pond,supermat,Probe,250,intercept_fit,8,1.0,-3.1639061840763305,0.264,0.4985203973789896
pond,supermat,Probe,250,intercept_fit,9,1.0,-2.897649742590536,0.384,0.4985203973789896
pond,supermat,Probe,250,intercept_fit,10,1.0,-3.0241896269525945,0.24,0.4985203973789896
pond,supermat,Probe,250,intercept_fit,11,1.0,-2.5955818136434847,0.444,0.4985203973789896
pond,supermat,Probe,250,intercept_fit,12,1.0,-2.911951106604243,0.34,0.4985203973789896
pond,supermat,Probe,250,intercept_fit,13,1.0,-3.2004628347954833,0.356,0.4985203973789896
pond,supermat,Probe,250,intercept_fit,14,1.0,-2.714085844599827,0.28,0.4985203973789896
pond,supermat,Probe,250,intercept_fit,15,1.0,-2.3316521895913818,0.504,0.4985203973789896
pond,supermat,Probe,250,intercept_fit,16,1.0,-2.4214232744632045,0.356,0.4985203973789896
pond,supermat,Probe,250,intercept_fit,17,1.0,-2.9843471904855967,0.28,0.4985203973789896
pond,supermat,Probe,250,intercept_fit,18,1.0,-3.0492695884003336,0.292,0.4985203973789896
pond,supermat,Probe,250,intercept_fit,19,1.0,-2.9829368873421083,0.356,0.4985203973789896
pond,supermat,Probe,250,intercept_fit,20,1.0,-3.2545351431137712,0.364,0.4985203973789896
pond,supermat,Probe,250,intercept_fit,21,1.0,-2.99253258475285,0.256,0.4985203973789896
pond,supermat,Probe,250,intercept_fit,22,1.0,-2.480794753358181,0.312,0.4985203973789896
pond,supermat,Probe,250,intercept_fit,23,1.0,-3.0626111847646276,0.296,0.4985203973789896
pond,supermat,Probe,250,intercept_fit,24,1.0,-3.0915456095825,0.368,0.4985203973789896
pond,supermat,Probe,250,intercept_fit,25,1.0,-1.9831589205195332,0.416,0.4985203973789896
pond,supermat,Probe,250,intercept_fit,26,1.0,-3.119101673769777,0.292,0.4985203973789896
pond,supermat,Probe,250,intercept_fit,27,1.0,-2.6181224486895336,0.424,0.4985203973789896
pond,supermat,Probe,250,intercept_fit,28,1.0,-2.524937341610679,0.34,0.4985203973789896
pond,supermat,Probe,250,intercept_fit,29,1.0,-2.0874262045027963,0.28,0.4985203973789896
pond,supermat,Probe,250,intercept_fit,30,1.0,-2.8022072947230936,0.4,0.4985203973789896
pond,supermat,Probe,250,intercept_fit,31,1.0,-2.954918758590645,0.384,0.4985203973789896
pond,supermat,Probe,250,intercept_fit,32,1.0,-2.4848929632035506,0.26,0.4985203973789896
pond,supermat,Probe,250,intercept_fit,33,1.0,-2.864167532798541,0.432,0.4985203973789896
pond,supermat,Probe,250,intercept_fit,34,1.0,-2.540075444680839,0.392,0.4985203973789896
pond,supermat,Probe,250,intercept_fit,35,1.0,-3.1414716931482656,0.42,0.4985203973789896
pond,supermat,Probe,250,intercept_fit,36,1.0,-3.57737937320292,0.256,0.4985203973789896
pond,supermat,Probe,250,intercept_fit,37,1.0,-2.5800364081115084,0.324,0.4985203973789896
pond,supermat,Probe,250,intercept_fit,38,1.0,-2.875129029111459,0.252,0.4985203973789896
pond,supermat,Probe,250,intercept_fit,39,1.0,-2.267830851200089,0.344,0.4985203973789896
pond,supermat,Probe,250,intercept_fit,40,1.0,-2.859461744824469,0.388,0.4985203973789896
pond,supermat,Probe,250,intercept_fit,41,1.0,-2.212879523422614,0.468,0.4985203973789896
pond,supermat,Probe,250,intercept_fit,42,1.0,-2.2737069976080773,0.272,0.4985203973789896
pond,supermat,Probe,250,intercept_fit,43,1.0,-2.662850155479277,0.324,0.4985203973789896
pond,supermat,Probe,250,intercept_fit,44,1.0,-2.7348338764994575,0.488,0.4985203973789896
pond,supermat,Probe,250,intercept_fit,45,1.0,-3.154742331846634,0.256,0.4985203973789896
pond,supermat,Probe,250,intercept_fit,46,1.0,-3.172404611719585,0.284,0.4985203973789896
pond,supermat,Probe,250,intercept_fit,47,1.0,-2.829899934053908,0.416,0.4985203973789896
pond,supermat,Probe,250,intercept_fit,48,1.0,-2.8241979094693432,0.384,0.4985203973789896
pond,supermat,Probe,250,intercept_fit,49,1.0,-2.6242400976575624,0.272,0.4985203973789896
pond,supermat,Probe,250,intercept_fit,50,1.0,-2.7094072999238428,0.264,0.4985203973789896
pond,supermat,Probe,250,intercept_fit,51,1.0,-2.5316259202322153,0.372,0.4985203973789896
pond,supermat,Probe,250,intercept_fit,52,1.0,-2.3968900319785886,0.288,0.4985203973789896
pond,supermat,Probe,250,intercept_fit,53,1.0,-2.7229843048323956,0.18,0.4985203973789896
pond,supermat,Probe,250,intercept_fit,54,1.0,-3.0761944829234142,0.372,0.4985203973789896
pond,supermat,Probe,250,intercept_fit,55,1.0,-2.4436001264092972,0.368,0.4985203973789896
pond,supermat,Probe,250,intercept_fit,56,1.0,-3.2921934602533875,0.336,0.4985203973789896
pond,supermat,Probe,250,intercept_fit,57,1.0,-3.073361229708774,0.296,0.4985203973789896
pond,supermat,Probe,250,intercept_fit,58,1.0,-2.923935189199125,0.268,0.4985203973789896
pond,supermat,Probe,250,intercept_fit,59,1.0,-2.620478241508855,0.288,0.4985203973789896
pond,supermat,Probe,250,intercept_fit,60,1.0,-2.889838608874197,0.264,0.4985203973789896
pond,supermat,Probe,250,intercept_fit,61,1.0,-2.4074733008777676,0.332,0.4985203973789896
pond,supermat,Probe,250,intercept_fit,62,1.0,-2.806375239932876,0.352,0.4985203973789896
pond,supermat,Probe,250,intercept_fit,63,1.0,-2.5179439741950125,0.424,0.4985203973789896
pond,supermat,Probe,250,intercept_fit,64,1.0,-3.2221324271474487,0.316,0.4985203973789896
pond,supermat,Probe,250,intercept_fit,65,1.0,-1.9063774618546807,0.508,0.4985203973789896
pond,supermat,Probe,250,intercept_fit,66,1.0,-3.009538438593749,0.316,0.4985203973789896
pond,supermat,Probe,250,intercept_fit,67,1.0,-2.2025368771300813,0.424,0.4985203973789896
pond,supermat,Probe,250,intercept_fit,68,1.0,-2.788081197852066,0.3,0.4985203973789896
pond,supermat,Probe,250,intercept_fit,69,1.0,-3.1888580966501454,0.236,0.4985203973789896
pond,supermat,Probe,250,intercept_fit,70,1.0,-2.8070805844102966,0.208,0.4985203973789896
pond,supermat,Probe,250,intercept_fit,71,1.0,-1.9806967140059277,0.496,0.4985203973789896
pond,supermat,Probe,250,intercept_fit,72,1.0,-2.0228406603870117,0.408,0.4985203973789896
pond,supermat,Probe,250,intercept_fit,73,1.0,-2.2181227302555917,0.476,0.4985203973789896
pond,supermat,Probe,250,intercept_fit,74,1.0,-2.775450907072876,0.424,0.4985203973789896
pond,supermat,Probe,250,intercept_fit,75,1.0,-2.5292402069044284,0.228,0.4985203973789896
pond,supermat,Probe,250,intercept_fit,76,1.0,-2.763579272471799,0.324,0.4985203973789896
pond,supermat,Probe,250,intercept_fit,77,1.0,-3.3651955219915552,0.268,0.4985203973789896
pond,supermat,Probe,250,intercept_fit,78,1.0,-2.73026522132702,0.272,0.4985203973789896
pond,supermat,Probe,250,intercept_fit,79,1.0,-2.4774584972821576,0.328,0.4985203973789896
pond,supermat,Probe,250,intercept_fit,80,1.0,-2.90375816850088,0.328,0.4985203973789896
pond,supermat,Probe,250,intercept_fit,81,1.0,-2.040602992536096,0.492,0.4985203973789896
pond,supermat,Probe,250,intercept_fit,82,1.0,-3.5006616664747137,0.34,0.4985203973789896
pond,supermat,Probe,250,intercept_fit,83,1.0,-2.3520385498707426,0.404,0.4985203973789896
pond,supermat,Probe,250,intercept_fit,84,1.0,-2.332163397364845,0.392,0.4985203973789896
pond,supermat,Probe,250,intercept_fit,85,1.0,-2.0936657122998152,0.444,0.4985203973789896
pond,supermat,Probe,250,intercept_fit,86,1.0,-3.383329361195562,0.284,0.4985203973789896
pond,supermat,Probe,250,intercept_fit,87,1.0,-2.448174729254135,0.424,0.4985203973789896
pond,supermat,Probe,250,intercept_fit,88,1.0,-2.856086451445325,0.38,0.4985203973789896
pond,supermat,Probe,250,intercept_fit,89,1.0,-2.717554756519869,0.428,0.4985203973789896
pond,supermat,Probe,250,intercept_fit,90,1.0,-2.915300304748876,0.292,0.4985203973789896
pond,supermat,Probe,250,intercept_fit,91,1.0,-2.2802366688299816,0.396,0.4985203973789896
pond,supermat,Probe,250,intercept_fit,92,1.0,-2.3345258159393127,0.42,0.4985203973789896
pond,supermat,Probe,250,intercept_fit,93,1.0,-2.8537252538843876,0.336,0.4985203973789896
pond,supermat,Probe,250,intercept_fit,94,1.0,-2.621318562500955,0.32,0.4985203973789896
pond,supermat,Probe,250,intercept_fit,95,1.0,-3.0788659147985196,0.252,0.4985203973789896
pond,supermat,Probe,250,intercept_fit,96,1.0,-3.0262728407247863,0.384,0.4985203973789896
pond,supermat,Probe,250,intercept_fit,97,1.0,-2.8366917023162053,0.316,0.4985203973789896
pond,supermat,Probe,250,intercept_fit,98,1.0,-3.488616455903256,0.22,0.4985203973789896
pond,supermat,Probe,250,intercept_fit,99,1.0,-2.077021895602166,0.508,0.4985203973789896
pond,supermat,NTP,250,intercept_fit,0,1.0,-1.4526789313007478,0.228,0.4985203973789896
pond,supermat,NTP,250,intercept_fit,1,1.0,-1.376224596260365,0.24,0.4985203973789896
pond,supermat,NTP,250,intercept_fit,2,1.0,-0.9499120644699842,0.36,0.4985203973789896
pond,supermat,NTP,250,intercept_fit,3,1.0,-0.3079487405951183,0.46,0.4985203973789896
pond,supermat,NTP,250,intercept_fit,4,1.0,-1.0746705487093813,0.328,0.4985203973789896
pond,supermat,NTP,250,intercept_fit,5,1.0,-0.8349339225336154,0.38,0.4985203973789896
pond,supermat,NTP,250,intercept_fit,6,1.0,-1.123614310701575,0.3,0.4985203973789896
pond,supermat,NTP,250,intercept_fit,7,1.0,-0.6871409090822754,0.392,0.4985203973789896
pond,supermat,NTP,250,intercept_fit,8,1.0,-1.293757540258765,0.264,0.4985203973789896
pond,supermat,NTP,250,intercept_fit,9,1.0,-0.594092397141087,0.384,0.4985203973789896
pond,supermat,NTP,250,intercept_fit,10,1.0,-1.3839968818379458,0.24,0.4985203973789896
pond,supermat,NTP,250,intercept_fit,11,1.0,-0.5157215965445744,0.444,0.4985203973789896
pond,supermat,NTP,250,intercept_fit,12,1.0,-1.0371744672710168,0.34,0.4985203973789896
pond,supermat,NTP,250,intercept_fit,13,1.0,-1.3808160093646051,0.356,0.4985203973789896
pond,supermat,NTP,250,intercept_fit,14,1.0,-1.4932267877910406,0.28,0.4985203973789896
pond,supermat,NTP,250,intercept_fit,15,1.0,-0.2926911934998063,0.504,0.4985203973789896
pond,supermat,NTP,250,intercept_fit,16,1.0,-0.763739553325404,0.356,0.4985203973789896
pond,supermat,NTP,250,intercept_fit,17,1.0,-1.3887753736769708,0.28,0.4985203973789896
pond,supermat,NTP,250,intercept_fit,18,1.0,-1.316059667212897,0.292,0.4985203973789896
pond,supermat,NTP,250,intercept_fit,19,1.0,-1.3263255781568266,0.356,0.4985203973789896
pond,supermat,NTP,250,intercept_fit,20,1.0,-1.1879692122400096,0.364,0.4985203973789896
pond,supermat,NTP,250,intercept_fit,21,1.0,-1.3892726645757087,0.256,0.4985203973789896
pond,supermat,NTP,250,intercept_fit,22,1.0,-1.3990272345176873,0.312,0.4985203973789896
pond,supermat,NTP,250,intercept_fit,23,1.0,-1.1421305583895276,0.296,0.4985203973789896
pond,supermat,NTP,250,intercept_fit,24,1.0,-0.7239864305717286,0.368,0.4985203973789896
pond,supermat,NTP,250,intercept_fit,25,1.0,-0.7485943903934444,0.416,0.4985203973789896
pond,supermat,NTP,250,intercept_fit,26,1.0,-1.0717970516878101,0.292,0.4985203973789896
pond,supermat,NTP,250,intercept_fit,27,1.0,-0.7748855806023381,0.424,0.4985203973789896
pond,supermat,NTP,250,intercept_fit,28,1.0,-0.8867280659582957,0.34,0.4985203973789896
pond,supermat,NTP,250,intercept_fit,29,1.0,-1.362089035885966,0.28,0.4985203973789896
pond,supermat,NTP,250,intercept_fit,30,1.0,-0.691726336216782,0.4,0.4985203973789896
pond,supermat,NTP,250,intercept_fit,31,1.0,-0.7199669454020519,0.384,0.4985203973789896
pond,supermat,NTP,250,intercept_fit,32,1.0,-1.4994851406408323,0.26,0.4985203973789896
pond,supermat,NTP,250,intercept_fit,33,1.0,-1.0168826880511528,0.432,0.4985203973789896
pond,supermat,NTP,250,intercept_fit,34,1.0,-0.6007478442035398,0.392,0.4985203973789896
pond,supermat,NTP,250,intercept_fit,35,1.0,-0.911870999043402,0.42,0.4985203973789896
pond,supermat,NTP,250,intercept_fit,36,1.0,-1.3986758791091385,0.256,0.4985203973789896
pond,supermat,NTP,250,intercept_fit,37,1.0,-1.1686474974443926,0.324,0.4985203973789896
pond,supermat,NTP,250,intercept_fit,38,1.0,-1.5235962069004205,0.252,0.4985203973789896
pond,supermat,NTP,250,intercept_fit,39,1.0,-1.044717396767757,0.344,0.4985203973789896
pond,supermat,NTP,250,intercept_fit,40,1.0,-0.6658602109642615,0.388,0.4985203973789896
pond,supermat,NTP,250,intercept_fit,41,1.0,-0.3886447165029402,0.468,0.4985203973789896
pond,supermat,NTP,250,intercept_fit,42,1.0,-1.3031069231080807,0.272,0.4985203973789896
pond,supermat,NTP,250,intercept_fit,43,1.0,-1.2015330138104792,0.324,0.4985203973789896
pond,supermat,NTP,250,intercept_fit,44,1.0,-0.42622940157585,0.488,0.4985203973789896
pond,supermat,NTP,250,intercept_fit,45,1.0,-1.723683784787738,0.256,0.4985203973789896
pond,supermat,NTP,250,intercept_fit,46,1.0,-1.2124745756000075,0.284,0.4985203973789896
pond,supermat,NTP,250,intercept_fit,47,1.0,-0.6376723147927791,0.416,0.4985203973789896
pond,supermat,NTP,250,intercept_fit,48,1.0,-0.8466062683863271,0.384,0.4985203973789896
pond,supermat,NTP,250,intercept_fit,49,1.0,-1.2565510772812272,0.272,0.4985203973789896
pond,supermat,NTP,250,intercept_fit,50,1.0,-1.502464318543278,0.264,0.4985203973789896
pond,supermat,NTP,250,intercept_fit,51,1.0,-0.8471379875612254,0.372,0.4985203973789896
pond,supermat,NTP,250,intercept_fit,52,1.0,-1.6420163964577865,0.288,0.4985203973789896
pond,supermat,NTP,250,intercept_fit,53,1.0,-1.6735316889339802,0.18,0.4985203973789896
pond,supermat,NTP,250,intercept_fit,54,1.0,-1.186225467791458,0.372,0.4985203973789896
pond,supermat,NTP,250,intercept_fit,55,1.0,-0.7971854129629053,0.368,0.4985203973789896
pond,supermat,NTP,250,intercept_fit,56,1.0,-1.1209120093838902,0.336,0.4985203973789896
pond,supermat,NTP,250,intercept_fit,57,1.0,-1.4351761996316061,0.296,0.4985203973789896
pond,supermat,NTP,250,intercept_fit,58,1.0,-1.5798311279729933,0.268,0.4985203973789896
pond,supermat,NTP,250,intercept_fit,59,1.0,-1.1464648217943694,0.288,0.4985203973789896
pond,supermat,NTP,250,intercept_fit,60,1.0,-1.5229146181835418,0.264,0.4985203973789896
pond,supermat,NTP,250,intercept_fit,61,1.0,-1.0239585322677573,0.332,0.4985203973789896
pond,supermat,NTP,250,intercept_fit,62,1.0,-1.1445531033595664,0.352,0.4985203973789896
pond,supermat,NTP,250,intercept_fit,63,1.0,-0.5430125882180211,0.424,0.4985203973789896
pond,supermat,NTP,250,intercept_fit,64,1.0,-0.8805219373524554,0.316,0.4985203973789896
pond,supermat,NTP,250,intercept_fit,65,1.0,-0.29622245689458854,0.508,0.4985203973789896
pond,supermat,NTP,250,intercept_fit,66,1.0,-1.0646898995460525,0.316,0.4985203973789896
pond,supermat,NTP,250,intercept_fit,67,1.0,-0.5917652311564329,0.424,0.4985203973789896
pond,supermat,NTP,250,intercept_fit,68,1.0,-1.1985882991088954,0.3,0.4985203973789896
pond,supermat,NTP,250,intercept_fit,69,1.0,-1.2694329969453497,0.236,0.4985203973789896
pond,supermat,NTP,250,intercept_fit,70,1.0,-1.7140975844451727,0.208,0.4985203973789896
pond,supermat,NTP,250,intercept_fit,71,1.0,-0.36839157846574727,0.496,0.4985203973789896
pond,supermat,NTP,250,intercept_fit,72,1.0,-0.46178410768524475,0.408,0.4985203973789896
pond,supermat,NTP,250,intercept_fit,73,1.0,-0.5367412015441132,0.476,0.4985203973789896
pond,supermat,NTP,250,intercept_fit,74,1.0,-0.730642184551435,0.424,0.4985203973789896
pond,supermat,NTP,250,intercept_fit,75,1.0,-1.328904322242425,0.228,0.4985203973789896
pond,supermat,NTP,250,intercept_fit,76,1.0,-1.2123349455034884,0.324,0.4985203973789896
pond,supermat,NTP,250,intercept_fit,77,1.0,-1.246334562683872,0.268,0.4985203973789896
pond,supermat,NTP,250,intercept_fit,78,1.0,-1.8140627783641767,0.272,0.4985203973789896
pond,supermat,NTP,250,intercept_fit,79,1.0,-1.2656172750455297,0.328,0.4985203973789896
pond,supermat,NTP,250,intercept_fit,80,1.0,-0.8880137658481877,0.328,0.4985203973789896
pond,supermat,NTP,250,intercept_fit,81,1.0,-0.30184086419639794,0.492,0.4985203973789896
pond,supermat,NTP,250,intercept_fit,82,1.0,-1.092945115689309,0.34,0.4985203973789896
pond,supermat,NTP,250,intercept_fit,83,1.0,-0.7643754535625349,0.404,0.4985203973789896
pond,supermat,NTP,250,intercept_fit,84,1.0,-1.1208525053405074,0.392,0.4985203973789896
pond,supermat,NTP,250,intercept_fit,85,1.0,-0.4357818302187992,0.444,0.4985203973789896
pond,supermat,NTP,250,intercept_fit,86,1.0,-1.1874970987335935,0.284,0.4985203973789896
pond,supermat,NTP,250,intercept_fit,87,1.0,-0.680188976382391,0.424,0.4985203973789896
pond,supermat,NTP,250,intercept_fit,88,1.0,-0.7822843959886898,0.38,0.4985203973789896
pond,supermat,NTP,250,intercept_fit,89,1.0,-0.6243202844000199,0.428,0.4985203973789896
pond,supermat,NTP,250,intercept_fit,90,1.0,-1.0851768711461507,0.292,0.4985203973789896
pond,supermat,NTP,250,intercept_fit,91,1.0,-0.8344076213132946,0.396,0.4985203973789896
pond,supermat,NTP,250,intercept_fit,92,1.0,-0.9058540736554335,0.42,0.4985203973789896
pond,supermat,NTP,250,intercept_fit,93,1.0,-1.0871462630229765,0.336,0.4985203973789896
pond,supermat,NTP,250,intercept_fit,94,1.0,-1.004646342734002,0.32,0.4985203973789896
pond,supermat,NTP,250,intercept_fit,95,1.0,-1.5400898151147244,0.252,0.4985203973789896
pond,supermat,NTP,250,intercept_fit,96,1.0,-0.6965641078141012,0.384,0.4985203973789896
pond,supermat,NTP,250,intercept_fit,97,1.0,-0.8047813596277964,0.316,0.4985203973789896
pond,supermat,NTP,250,intercept_fit,98,1.0,-1.9440248237681337,0.22,0.4985203973789896
pond,supermat,NTP,250,intercept_fit,99,1.0,-0.47308049112142675,0.508,0.4985203973789896
pond,supermat,Probe,500,intercept_fit,0,1.0,-3.1266956031095043,0.204,0.4985203973789896
pond,supermat,Probe,500,intercept_fit,1,1.0,-2.9612764539896927,0.236,0.4985203973789896
pond,supermat,Probe,500,intercept_fit,2,1.0,-2.9892284585103375,0.326,0.4985203973789896
pond,supermat,Probe,500,intercept_fit,3,1.0,-2.7259292275838636,0.368,0.4985203973789896
pond,supermat,Probe,500,intercept_fit,4,1.0,-3.097943335918407,0.334,0.4985203973789896
pond,supermat,Probe,500,intercept_fit,5,1.0,-2.7422686274109123,0.342,0.4985203973789896
pond,supermat,Probe,500,intercept_fit,6,1.0,-2.73812123304943,0.254,0.4985203973789896
pond,supermat,Probe,500,intercept_fit,7,1.0,-3.1077116692982645,0.366,0.4985203973789896
pond,supermat,Probe,500,intercept_fit,8,1.0,-3.1592572198484135,0.246,0.4985203973789896
pond,supermat,Probe,500,intercept_fit,9,1.0,-3.0384505615640984,0.364,0.4985203973789896
pond,supermat,Probe,500,intercept_fit,10,1.0,-3.0953852434017564,0.242,0.4985203973789896
pond,supermat,Probe,500,intercept_fit,11,1.0,-2.86585435772474,0.404,0.4985203973789896
pond,supermat,Probe,500,intercept_fit,12,1.0,-2.5436801011439814,0.41,0.4985203973789896
pond,supermat,Probe,500,intercept_fit,13,1.0,-3.0165551164098745,0.372,0.4985203973789896
pond,supermat,Probe,500,intercept_fit,14,1.0,-2.6079390279242576,0.262,0.4985203973789896
pond,supermat,Probe,500,intercept_fit,15,1.0,-2.2965914163052474,0.52,0.4985203973789896
pond,supermat,Probe,500,intercept_fit,16,1.0,-2.527561145938539,0.342,0.4985203973789896
pond,supermat,Probe,500,intercept_fit,17,1.0,-3.1569508587479427,0.28,0.4985203973789896
pond,supermat,Probe,500,intercept_fit,18,1.0,-2.9077445354511906,0.324,0.4985203973789896
pond,supermat,Probe,500,intercept_fit,19,1.0,-2.646806224614935,0.406,0.4985203973789896
pond,supermat,Probe,500,intercept_fit,20,1.0,-3.121632262102346,0.388,0.4985203973789896
pond,supermat,Probe,500,intercept_fit,21,1.0,-2.6908272810867544,0.286,0.4985203973789896
pond,supermat,Probe,500,intercept_fit,22,1.0,-3.191542861833717,0.226,0.4985203973789896
pond,supermat,Probe,500,intercept_fit,23,1.0,-2.647684094573531,0.344,0.4985203973789896
pond,supermat,Probe,500,intercept_fit,24,1.0,-3.3106727022220155,0.33,0.4985203973789896
pond,supermat,Probe,500,intercept_fit,25,1.0,-1.9733776195435775,0.402,0.4985203973789896
pond,supermat,Probe,500,intercept_fit,26,1.0,-2.8909545225094213,0.34,0.4985203973789896
pond,supermat,Probe,500,intercept_fit,27,1.0,-2.48039735291334,0.426,0.4985203973789896
pond,supermat,Probe,500,intercept_fit,28,1.0,-2.354190821071425,0.378,0.4985203973789896
pond,supermat,Probe,500,intercept_fit,29,1.0,-2.5560794118400727,0.238,0.4985203973789896
pond,supermat,Probe,500,intercept_fit,30,1.0,-2.9583108994903227,0.328,0.4985203973789896
pond,supermat,Probe,500,intercept_fit,31,1.0,-3.346446230322085,0.32,0.4985203973789896
pond,supermat,Probe,500,intercept_fit,32,1.0,-2.269624474024719,0.298,0.4985203973789896
pond,supermat,Probe,500,intercept_fit,33,1.0,-2.662384818466539,0.428,0.4985203973789896
pond,supermat,Probe,500,intercept_fit,34,1.0,-2.771910412854341,0.37,0.4985203973789896
pond,supermat,Probe,500,intercept_fit,35,1.0,-3.2330651470007545,0.402,0.4985203973789896
pond,supermat,Probe,500,intercept_fit,36,1.0,-3.417817921617846,0.27,0.4985203973789896
pond,supermat,Probe,500,intercept_fit,37,1.0,-2.4618855538845628,0.334,0.4985203973789896
pond,supermat,Probe,500,intercept_fit,38,1.0,-3.081808665970553,0.2,0.4985203973789896
pond,supermat,Probe,500,intercept_fit,39,1.0,-2.3455171562075394,0.342,0.4985203973789896
pond,supermat,Probe,500,intercept_fit,40,1.0,-2.9009060195838083,0.374,0.4985203973789896
pond,supermat,Probe,500,intercept_fit,41,1.0,-2.1520111517665352,0.478,0.4985203973789896
pond,supermat,Probe,500,intercept_fit,42,1.0,-2.275838669777495,0.298,0.4985203973789896
pond,supermat,Probe,500,intercept_fit,43,1.0,-3.0413976715177578,0.28,0.4985203973789896
pond,supermat,Probe,500,intercept_fit,44,1.0,-2.8256449251135316,0.442,0.4985203973789896
pond,supermat,Probe,500,intercept_fit,45,1.0,-3.07970827411702,0.248,0.4985203973789896
pond,supermat,Probe,500,intercept_fit,46,1.0,-3.322461865152018,0.266,0.4985203973789896
pond,supermat,Probe,500,intercept_fit,47,1.0,-2.6231120055386454,0.458,0.4985203973789896
pond,supermat,Probe,500,intercept_fit,48,1.0,-3.01740649588362,0.364,0.4985203973789896
pond,supermat,Probe,500,intercept_fit,49,1.0,-2.566239220563593,0.292,0.4985203973789896
pond,supermat,Probe,500,intercept_fit,50,1.0,-2.7750067562878367,0.252,0.4985203973789896
pond,supermat,Probe,500,intercept_fit,51,1.0,-2.6728798825268116,0.354,0.4985203973789896
pond,supermat,Probe,500,intercept_fit,52,1.0,-2.4089159666613473,0.288,0.4985203973789896
pond,supermat,Probe,500,intercept_fit,53,1.0,-2.496227540546918,0.25,0.4985203973789896
pond,supermat,Probe,500,intercept_fit,54,1.0,-3.044338156759385,0.406,0.4985203973789896
pond,supermat,Probe,500,intercept_fit,55,1.0,-2.766614301757248,0.314,0.4985203973789896
pond,supermat,Probe,500,intercept_fit,56,1.0,-3.2294048267511926,0.308,0.4985203973789896
pond,supermat,Probe,500,intercept_fit,57,1.0,-3.139850276507942,0.266,0.4985203973789896
pond,supermat,Probe,500,intercept_fit,58,1.0,-2.6735028976187927,0.316,0.4985203973789896
pond,supermat,Probe,500,intercept_fit,59,1.0,-2.4347797177368333,0.294,0.4985203973789896
pond,supermat,Probe,500,intercept_fit,60,1.0,-3.064911952114275,0.25,0.4985203973789896
pond,supermat,Probe,500,intercept_fit,61,1.0,-2.476769626867847,0.324,0.4985203973789896
pond,supermat,Probe,500,intercept_fit,62,1.0,-2.895630038492364,0.32,0.4985203973789896
pond,supermat,Probe,500,intercept_fit,63,1.0,-2.568728830359112,0.44,0.4985203973789896
pond,supermat,Probe,500,intercept_fit,64,1.0,-3.0254217480940127,0.362,0.4985203973789896
pond,supermat,Probe,500,intercept_fit,65,1.0,-1.9508624147355833,0.486,0.4985203973789896
pond,supermat,Probe,500,intercept_fit,66,1.0,-3.0394776783042223,0.302,0.4985203973789896
pond,supermat,Probe,500,intercept_fit,67,1.0,-2.204613848443051,0.434,0.4985203973789896
pond,supermat,Probe,500,intercept_fit,68,1.0,-2.802334587755722,0.292,0.4985203973789896
pond,supermat,Probe,500,intercept_fit,69,1.0,-3.1243559311901237,0.25,0.4985203973789896
pond,supermat,Probe,500,intercept_fit,70,1.0,-2.672686222824263,0.222,0.4985203973789896
pond,supermat,Probe,500,intercept_fit,71,1.0,-1.983826956863859,0.518,0.4985203973789896
pond,supermat,Probe,500,intercept_fit,72,1.0,-2.409921428621462,0.372,0.4985203973789896
pond,supermat,Probe,500,intercept_fit,73,1.0,-2.3321861325343596,0.468,0.4985203973789896
pond,supermat,Probe,500,intercept_fit,74,1.0,-3.350133974399291,0.312,0.4985203973789896
pond,supermat,Probe,500,intercept_fit,75,1.0,-2.599354473323949,0.212,0.4985203973789896
pond,supermat,Probe,500,intercept_fit,76,1.0,-2.558100372046351,0.332,0.4985203973789896
pond,supermat,Probe,500,intercept_fit,77,1.0,-3.5209359298007477,0.244,0.4985203973789896
pond,supermat,Probe,500,intercept_fit,78,1.0,-2.611506893021131,0.316,0.4985203973789896
pond,supermat,Probe,500,intercept_fit,79,1.0,-2.5433267894575806,0.33,0.4985203973789896
pond,supermat,Probe,500,intercept_fit,80,1.0,-3.0203261160500707,0.33,0.4985203973789896
pond,supermat,Probe,500,intercept_fit,81,1.0,-2.470859930315889,0.414,0.4985203973789896
pond,supermat,Probe,500,intercept_fit,82,1.0,-3.417991834104459,0.322,0.4985203973789896
pond,supermat,Probe,500,intercept_fit,83,1.0,-2.355271249261678,0.426,0.4985203973789896
pond,supermat,Probe,500,intercept_fit,84,1.0,-2.198592373115666,0.386,0.4985203973789896
pond,supermat,Probe,500,intercept_fit,85,1.0,-2.558309729641304,0.378,0.4985203973789896
pond,supermat,Probe,500,intercept_fit,86,1.0,-3.1606499156347287,0.312,0.4985203973789896
pond,supermat,Probe,500,intercept_fit,87,1.0,-2.6282967302950757,0.432,0.4985203973789896
pond,supermat,Probe,500,intercept_fit,88,1.0,-2.7581136375315896,0.406,0.4985203973789896
pond,supermat,Probe,500,intercept_fit,89,1.0,-2.595241072792124,0.46,0.4985203973789896
pond,supermat,Probe,500,intercept_fit,90,1.0,-2.68492325393065,0.314,0.4985203973789896
pond,supermat,Probe,500,intercept_fit,91,1.0,-2.211401129982281,0.428,0.4985203973789896
pond,supermat,Probe,500,intercept_fit,92,1.0,-2.1741832562506267,0.442,0.4985203973789896
pond,supermat,Probe,500,intercept_fit,93,1.0,-2.985654352940332,0.32,0.4985203973789896
pond,supermat,Probe,500,intercept_fit,94,1.0,-2.697378321781482,0.29,0.4985203973789896
pond,supermat,Probe,500,intercept_fit,95,1.0,-2.9584757423091057,0.25,0.4985203973789896
pond,supermat,Probe,500,intercept_fit,96,1.0,-3.023214970879237,0.376,0.4985203973789896
pond,supermat,Probe,500,intercept_fit,97,1.0,-2.9990907932673236,0.316,0.4985203973789896
pond,supermat,Probe,500,intercept_fit,98,1.0,-3.0511819897504124,0.276,0.4985203973789896
pond,supermat,Probe,500,intercept_fit,99,1.0,-2.069480827794827,0.494,0.4985203973789896
pond,supermat,NTP,500,intercept_fit,0,1.0,-2.0545071355558515,0.204,0.4985203973789896
pond,supermat,NTP,500,intercept_fit,1,1.0,-1.452893994215793,0.236,0.4985203973789896
pond,supermat,NTP,500,intercept_fit,2,1.0,-1.052620436731572,0.326,0.4985203973789896
pond,supermat,NTP,500,intercept_fit,3,1.0,-0.8532059950371037,0.368,0.4985203973789896
pond,supermat,NTP,500,intercept_fit,4,1.0,-1.078281078304557,0.334,0.4985203973789896
pond,supermat,NTP,500,intercept_fit,5,1.0,-0.932255111692287,0.342,0.4985203973789896
pond,supermat,NTP,500,intercept_fit,6,1.0,-1.138300005955366,0.254,0.4985203973789896
pond,supermat,NTP,500,intercept_fit,7,1.0,-0.8105942429998829,0.366,0.4985203973789896
pond,supermat,NTP,500,intercept_fit,8,1.0,-1.4636212890604605,0.246,0.4985203973789896
pond,supermat,NTP,500,intercept_fit,9,1.0,-0.8017368085054204,0.364,0.4985203973789896
pond,supermat,NTP,500,intercept_fit,10,1.0,-1.3616929862057927,0.242,0.4985203973789896
pond,supermat,NTP,500,intercept_fit,11,1.0,-0.9539008755260119,0.404,0.4985203973789896
pond,supermat,NTP,500,intercept_fit,12,1.0,-0.45502030801245086,0.41,0.4985203973789896
pond,supermat,NTP,500,intercept_fit,13,1.0,-1.182607354536604,0.372,0.4985203973789896
pond,supermat,NTP,500,intercept_fit,14,1.0,-1.4125241934544586,0.262,0.4985203973789896
pond,supermat,NTP,500,intercept_fit,15,1.0,-0.2883906768331883,0.52,0.4985203973789896
pond,supermat,NTP,500,intercept_fit,16,1.0,-0.8622519338515151,0.342,0.4985203973789896
pond,supermat,NTP,500,intercept_fit,17,1.0,-1.2204568789084602,0.28,0.4985203973789896
pond,supermat,NTP,500,intercept_fit,18,1.0,-1.1346439880580748,0.324,0.4985203973789896
pond,supermat,NTP,500,intercept_fit,19,1.0,-0.8047132641529564,0.406,0.4985203973789896
pond,supermat,NTP,500,intercept_fit,20,1.0,-0.9671324405892248,0.388,0.4985203973789896
pond,supermat,NTP,500,intercept_fit,21,1.0,-1.056610414451927,0.286,0.4985203973789896
pond,supermat,NTP,500,intercept_fit,22,1.0,-1.857692532084351,0.226,0.4985203973789896
pond,supermat,NTP,500,intercept_fit,23,1.0,-0.8943895765393015,0.344,0.4985203973789896
pond,supermat,NTP,500,intercept_fit,24,1.0,-1.0191591612164896,0.33,0.4985203973789896
pond,supermat,NTP,500,intercept_fit,25,1.0,-0.7863581102997086,0.402,0.4985203973789896
pond,supermat,NTP,500,intercept_fit,26,1.0,-0.7976301973458092,0.34,0.4985203973789896
pond,supermat,NTP,500,intercept_fit,27,1.0,-0.4638010333096306,0.426,0.4985203973789896
pond,supermat,NTP,500,intercept_fit,28,1.0,-0.756941186877689,0.378,0.4985203973789896
pond,supermat,NTP,500,intercept_fit,29,1.0,-1.4829824127993791,0.238,0.4985203973789896
pond,supermat,NTP,500,intercept_fit,30,1.0,-0.941491902998257,0.328,0.4985203973789896
pond,supermat,NTP,500,intercept_fit,31,1.0,-1.0996126550116054,0.32,0.4985203973789896
pond,supermat,NTP,500,intercept_fit,32,1.0,-1.243514054545216,0.298,0.4985203973789896
pond,supermat,NTP,500,intercept_fit,33,1.0,-0.895540768271612,0.428,0.4985203973789896
pond,supermat,NTP,500,intercept_fit,34,1.0,-0.8399598369339283,0.37,0.4985203973789896
pond,supermat,NTP,500,intercept_fit,35,1.0,-1.1534933117707946,0.402,0.4985203973789896
pond,supermat,NTP,500,intercept_fit,36,1.0,-1.3284363681101188,0.27,0.4985203973789896
pond,supermat,NTP,500,intercept_fit,37,1.0,-0.9616319938498973,0.334,0.4985203973789896
pond,supermat,NTP,500,intercept_fit,38,1.0,-1.7096074403318475,0.2,0.4985203973789896
pond,supermat,NTP,500,intercept_fit,39,1.0,-1.1797455733172368,0.342,0.4985203973789896
pond,supermat,NTP,500,intercept_fit,40,1.0,-0.7046399081900494,0.374,0.4985203973789896
pond,supermat,NTP,500,intercept_fit,41,1.0,-0.40406851684883094,0.478,0.4985203973789896
pond,supermat,NTP,500,intercept_fit,42,1.0,-1.15965058971142,0.298,0.4985203973789896
pond,supermat,NTP,500,intercept_fit,43,1.0,-1.3598471238273464,0.28,0.4985203973789896
pond,supermat,NTP,500,intercept_fit,44,1.0,-0.5920630073826174,0.442,0.4985203973789896
pond,supermat,NTP,500,intercept_fit,45,1.0,-1.760780953276611,0.248,0.4985203973789896
pond,supermat,NTP,500,intercept_fit,46,1.0,-1.5194339434808544,0.266,0.4985203973789896
pond,supermat,NTP,500,intercept_fit,47,1.0,-0.5103719338282341,0.458,0.4985203973789896
pond,supermat,NTP,500,intercept_fit,48,1.0,-0.9763406724443263,0.364,0.4985203973789896
pond,supermat,NTP,500,intercept_fit,49,1.0,-1.2310977342012077,0.292,0.4985203973789896
pond,supermat,NTP,500,intercept_fit,50,1.0,-1.4263764071739418,0.252,0.4985203973789896
pond,supermat,NTP,500,intercept_fit,51,1.0,-0.9040001270027265,0.354,0.4985203973789896
pond,supermat,NTP,500,intercept_fit,52,1.0,-1.3441035760532245,0.288,0.4985203973789896
pond,supermat,NTP,500,intercept_fit,53,1.0,-1.4786004021631116,0.25,0.4985203973789896
pond,supermat,NTP,500,intercept_fit,54,1.0,-1.1032284062885165,0.406,0.4985203973789896
pond,supermat,NTP,500,intercept_fit,55,1.0,-1.1956005558298235,0.314,0.4985203973789896
pond,supermat,NTP,500,intercept_fit,56,1.0,-1.3352773545410306,0.308,0.4985203973789896
pond,supermat,NTP,500,intercept_fit,57,1.0,-1.2579453904579156,0.266,0.4985203973789896
pond,supermat,NTP,500,intercept_fit,58,1.0,-1.1102670103551733,0.316,0.4985203973789896
pond,supermat,NTP,500,intercept_fit,59,1.0,-1.3176455947455665,0.294,0.4985203973789896
pond,supermat,NTP,500,intercept_fit,60,1.0,-1.4183196262844697,0.25,0.4985203973789896
pond,supermat,NTP,500,intercept_fit,61,1.0,-1.1566270037334736,0.324,0.4985203973789896
pond,supermat,NTP,500,intercept_fit,62,1.0,-1.1492654180887651,0.32,0.4985203973789896
pond,supermat,NTP,500,intercept_fit,63,1.0,-0.4729542869945497,0.44,0.4985203973789896
pond,supermat,NTP,500,intercept_fit,64,1.0,-0.857817000471209,0.362,0.4985203973789896
pond,supermat,NTP,500,intercept_fit,65,1.0,-0.428220750968257,0.486,0.4985203973789896
pond,supermat,NTP,500,intercept_fit,66,1.0,-1.020598020597526,0.302,0.4985203973789896
pond,supermat,NTP,500,intercept_fit,67,1.0,-0.7026318886653747,0.434,0.4985203973789896
pond,supermat,NTP,500,intercept_fit,68,1.0,-1.3176343626447224,0.292,0.4985203973789896
pond,supermat,NTP,500,intercept_fit,69,1.0,-1.5026253032350274,0.25,0.4985203973789896
pond,supermat,NTP,500,intercept_fit,70,1.0,-1.6777179220084155,0.222,0.4985203973789896
pond,supermat,NTP,500,intercept_fit,71,1.0,-0.4418241829283571,0.518,0.4985203973789896
pond,supermat,NTP,500,intercept_fit,72,1.0,-0.701545885714595,0.372,0.4985203973789896
pond,supermat,NTP,500,intercept_fit,73,1.0,-0.5728722384477726,0.468,0.4985203973789896
pond,supermat,NTP,500,intercept_fit,74,1.0,-1.1668697810902993,0.312,0.4985203973789896
pond,supermat,NTP,500,intercept_fit,75,1.0,-1.6753418431621776,0.212,0.4985203973789896
pond,supermat,NTP,500,intercept_fit,76,1.0,-1.0698654050700198,0.332,0.4985203973789896
pond,supermat,NTP,500,intercept_fit,77,1.0,-1.3799520971436963,0.244,0.4985203973789896
pond,supermat,NTP,500,intercept_fit,78,1.0,-1.260640465116446,0.316,0.4985203973789896
pond,supermat,NTP,500,intercept_fit,79,1.0,-1.0956482725453254,0.33,0.4985203973789896
pond,supermat,NTP,500,intercept_fit,80,1.0,-0.9609776759997661,0.33,0.4985203973789896
pond,supermat,NTP,500,intercept_fit,81,1.0,-0.7001070003643441,0.414,0.4985203973789896
pond,supermat,NTP,500,intercept_fit,82,1.0,-1.1011357563188573,0.322,0.4985203973789896
pond,supermat,NTP,500,intercept_fit,83,1.0,-0.6385978992550099,0.426,0.4985203973789896
pond,supermat,NTP,500,intercept_fit,84,1.0,-1.2317308793583124,0.386,0.4985203973789896
pond,supermat,NTP,500,intercept_fit,85,1.0,-0.7373246069719868,0.378,0.4985203973789896
pond,supermat,NTP,500,intercept_fit,86,1.0,-1.013277090270006,0.312,0.4985203973789896
pond,supermat,NTP,500,intercept_fit,87,1.0,-0.7973926645767158,0.432,0.4985203973789896
pond,supermat,NTP,500,intercept_fit,88,1.0,-0.6507693895521708,0.406,0.4985203973789896
pond,supermat,NTP,500,intercept_fit,89,1.0,-0.2955722530802673,0.46,0.4985203973789896
pond,supermat,NTP,500,intercept_fit,90,1.0,-0.9499001420379942,0.314,0.4985203973789896
pond,supermat,NTP,500,intercept_fit,91,1.0,-0.7757352841500306,0.428,0.4985203973789896
pond,supermat,NTP,500,intercept_fit,92,1.0,-0.6641127914812653,0.442,0.4985203973789896
pond,supermat,NTP,500,intercept_fit,93,1.0,-1.0787163283063115,0.32,0.4985203973789896
pond,supermat,NTP,500,intercept_fit,94,1.0,-1.0123859636723802,0.29,0.4985203973789896
pond,supermat,NTP,500,intercept_fit,95,1.0,-1.4707972224384924,0.25,0.4985203973789896
pond,supermat,NTP,500,intercept_fit,96,1.0,-0.6582976278079692,0.376,0.4985203973789896
pond,supermat,NTP,500,intercept_fit,97,1.0,-1.1269741505000812,0.316,0.4985203973789896
pond,supermat,NTP,500,intercept_fit,98,1.0,-1.165758562838508,0.276,0.4985203973789896
pond,supermat,NTP,500,intercept_fit,99,1.0,-0.4619376109609759,0.494,0.4985203973789896
pond,supermat,Probe,1000,intercept_fit,0,1.0,-3.1605453330353,0.211,0.4985203973789896
pond,supermat,Probe,1000,intercept_fit,1,1.0,-3.156332293210258,0.215,0.4985203973789896
pond,supermat,Probe,1000,intercept_fit,2,1.0,-2.947529436591579,0.36,0.4985203973789896
pond,supermat,Probe,1000,intercept_fit,3,1.0,-2.5986022458046514,0.401,0.4985203973789896
pond,supermat,Probe,1000,intercept_fit,4,1.0,-3.2398160406250276,0.305,0.4985203973789896
pond,supermat,Probe,1000,intercept_fit,5,1.0,-2.866218200960071,0.305,0.4985203973789896
pond,supermat,Probe,1000,intercept_fit,6,1.0,-2.6504510385225992,0.294,0.4985203973789896
pond,supermat,Probe,1000,intercept_fit,7,1.0,-2.9519751660062648,0.401,0.4985203973789896
pond,supermat,Probe,1000,intercept_fit,8,1.0,-3.167761839659856,0.252,0.4985203973789896
pond,supermat,Probe,1000,intercept_fit,9,1.0,-3.126735073568568,0.361,0.4985203973789896
pond,supermat,Probe,1000,intercept_fit,10,1.0,-3.017591083124952,0.259,0.4985203973789896
pond,supermat,Probe,1000,intercept_fit,11,1.0,-2.7901541114969914,0.429,0.4985203973789896
pond,supermat,Probe,1000,intercept_fit,12,1.0,-2.721601581778052,0.359,0.4985203973789896
pond,supermat,Probe,1000,intercept_fit,13,1.0,-3.098243198003718,0.377,0.4985203973789896
pond,supermat,Probe,1000,intercept_fit,14,1.0,-2.5492886889552753,0.293,0.4985203973789896
pond,supermat,Probe,1000,intercept_fit,15,1.0,-2.2209383069975592,0.525,0.4985203973789896
pond,supermat,Probe,1000,intercept_fit,16,1.0,-2.4911192156869477,0.345,0.4985203973789896
pond,supermat,Probe,1000,intercept_fit,17,1.0,-3.181264420862588,0.262,0.4985203973789896
pond,supermat,Probe,1000,intercept_fit,18,1.0,-2.9096718293685395,0.307,0.4985203973789896
pond,supermat,Probe,1000,intercept_fit,19,1.0,-2.6534227041257243,0.406,0.4985203973789896
pond,supermat,Probe,1000,intercept_fit,20,1.0,-3.046115529567466,0.392,0.4985203973789896
pond,supermat,Probe,1000,intercept_fit,21,1.0,-2.7753370020812165,0.282,0.4985203973789896
pond,supermat,Probe,1000,intercept_fit,22,1.0,-3.1741319427453476,0.221,0.4985203973789896
pond,supermat,Probe,1000,intercept_fit,23,1.0,-2.895640542477537,0.309,0.4985203973789896
pond,supermat,Probe,1000,intercept_fit,24,1.0,-3.2134171631511306,0.337,0.4985203973789896
pond,supermat,Probe,1000,intercept_fit,25,1.0,-2.083472581432567,0.376,0.4985203973789896
pond,supermat,Probe,1000,intercept_fit,26,1.0,-2.8524511254352416,0.328,0.4985203973789896
pond,supermat,Probe,1000,intercept_fit,27,1.0,-2.475396102274949,0.466,0.4985203973789896
pond,supermat,Probe,1000,intercept_fit,28,1.0,-2.4295791709717784,0.386,0.4985203973789896
pond,supermat,Probe,1000,intercept_fit,29,1.0,-2.4275190696519546,0.26,0.4985203973789896
pond,supermat,Probe,1000,intercept_fit,30,1.0,-2.9025984921389463,0.339,0.4985203973789896
pond,supermat,Probe,1000,intercept_fit,31,1.0,-3.2053283632661445,0.353,0.4985203973789896
pond,supermat,Probe,1000,intercept_fit,32,1.0,-2.3795413601305238,0.275,0.4985203973789896
pond,supermat,Probe,1000,intercept_fit,33,1.0,-2.765325467690547,0.423,0.4985203973789896
pond,supermat,Probe,1000,intercept_fit,34,1.0,-2.7990054898676786,0.377,0.4985203973789896
pond,supermat,Probe,1000,intercept_fit,35,1.0,-3.232284707029708,0.399,0.4985203973789896
pond,supermat,Probe,1000,intercept_fit,36,1.0,-3.250689046098616,0.292,0.4985203973789896
pond,supermat,Probe,1000,intercept_fit,37,1.0,-2.6106076873751247,0.32,0.4985203973789896
pond,supermat,Probe,1000,intercept_fit,38,1.0,-2.9594229279366404,0.235,0.4985203973789896
pond,supermat,Probe,1000,intercept_fit,39,1.0,-2.4960131051489953,0.326,0.4985203973789896
pond,supermat,Probe,1000,intercept_fit,40,1.0,-2.94280239067975,0.371,0.4985203973789896
pond,supermat,Probe,1000,intercept_fit,41,1.0,-2.167344618054936,0.477,0.4985203973789896
pond,supermat,Probe,1000,intercept_fit,42,1.0,-2.1406402038974064,0.313,0.4985203973789896
pond,supermat,Probe,1000,intercept_fit,43,1.0,-2.894909463598261,0.298,0.4985203973789896
pond,supermat,Probe,1000,intercept_fit,44,1.0,-2.8741504606274737,0.43,0.4985203973789896
pond,supermat,Probe,1000,intercept_fit,45,1.0,-3.070680643106894,0.241,0.4985203973789896
pond,supermat,Probe,1000,intercept_fit,46,1.0,-3.1554158598739632,0.279,0.4985203973789896
pond,supermat,Probe,1000,intercept_fit,47,1.0,-2.585411520306025,0.458,0.4985203973789896
pond,supermat,Probe,1000,intercept_fit,48,1.0,-2.878200696157374,0.38,0.4985203973789896
pond,supermat,Probe,1000,intercept_fit,49,1.0,-2.5995636914732523,0.309,0.4985203973789896
pond,supermat,Probe,1000,intercept_fit,50,1.0,-2.7563303702197315,0.254,0.4985203973789896
pond,supermat,Probe,1000,intercept_fit,51,1.0,-2.6164041024441285,0.365,0.4985203973789896
pond,supermat,Probe,1000,intercept_fit,52,1.0,-2.68958207051736,0.257,0.4985203973789896
pond,supermat,Probe,1000,intercept_fit,53,1.0,-2.6174106769280447,0.223,0.4985203973789896
pond,supermat,Probe,1000,intercept_fit,54,1.0,-3.0320669980444417,0.404,0.4985203973789896
pond,supermat,Probe,1000,intercept_fit,55,1.0,-2.79172308003863,0.315,0.4985203973789896
pond,supermat,Probe,1000,intercept_fit,56,1.0,-3.1403899512154685,0.321,0.4985203973789896
pond,supermat,Probe,1000,intercept_fit,57,1.0,-2.95264129457811,0.271,0.4985203973789896
pond,supermat,Probe,1000,intercept_fit,58,1.0,-2.73387853150072,0.299,0.4985203973789896
pond,supermat,Probe,1000,intercept_fit,59,1.0,-2.4702159756972737,0.292,0.4985203973789896
pond,supermat,Probe,1000,intercept_fit,60,1.0,-2.898124618051424,0.289,0.4985203973789896
pond,supermat,Probe,1000,intercept_fit,61,1.0,-2.3980757442812277,0.348,0.4985203973789896
pond,supermat,Probe,1000,intercept_fit,62,1.0,-2.740041935581836,0.335,0.4985203973789896
pond,supermat,Probe,1000,intercept_fit,63,1.0,-2.3925427604371117,0.462,0.4985203973789896
pond,supermat,Probe,1000,intercept_fit,64,1.0,-3.2004485936031295,0.323,0.4985203973789896
pond,supermat,Probe,1000,intercept_fit,65,1.0,-1.9708670003959041,0.476,0.4985203973789896
pond,supermat,Probe,1000,intercept_fit,66,1.0,-3.0173477425292634,0.3,0.4985203973789896
pond,supermat,Probe,1000,intercept_fit,67,1.0,-2.156287818051101,0.437,0.4985203973789896
pond,supermat,Probe,1000,intercept_fit,68,1.0,-2.8808832375658935,0.306,0.4985203973789896
pond,supermat,Probe,1000,intercept_fit,69,1.0,-3.1290626255872476,0.247,0.4985203973789896
pond,supermat,Probe,1000,intercept_fit,70,1.0,-2.6536676993244077,0.212,0.4985203973789896
pond,supermat,Probe,1000,intercept_fit,71,1.0,-2.09772192896179,0.491,0.4985203973789896
pond,supermat,Probe,1000,intercept_fit,72,1.0,-2.190547533032216,0.419,0.4985203973789896
pond,supermat,Probe,1000,intercept_fit,73,1.0,-2.344811172457947,0.473,0.4985203973789896
pond,supermat,Probe,1000,intercept_fit,74,1.0,-3.107680428151366,0.363,0.4985203973789896
pond,supermat,Probe,1000,intercept_fit,75,1.0,-2.6359488164412297,0.233,0.4985203973789896
pond,supermat,Probe,1000,intercept_fit,76,1.0,-2.7844026769536065,0.305,0.4985203973789896
pond,supermat,Probe,1000,intercept_fit,77,1.0,-3.449952761029106,0.26,0.4985203973789896
pond,supermat,Probe,1000,intercept_fit,78,1.0,-2.699636819870521,0.287,0.4985203973789896
pond,supermat,Probe,1000,intercept_fit,79,1.0,-2.541398206107081,0.334,0.4985203973789896
pond,supermat,Probe,1000,intercept_fit,80,1.0,-2.944997667022414,0.332,0.4985203973789896
pond,supermat,Probe,1000,intercept_fit,81,1.0,-2.4351629412162277,0.438,0.4985203973789896
pond,supermat,Probe,1000,intercept_fit,82,1.0,-3.242798466360713,0.357,0.4985203973789896
pond,supermat,Probe,1000,intercept_fit,83,1.0,-2.36167180675483,0.43,0.4985203973789896
pond,supermat,Probe,1000,intercept_fit,84,1.0,-2.2163592287598086,0.384,0.4985203973789896
pond,supermat,Probe,1000,intercept_fit,85,1.0,-2.636676489461809,0.366,0.4985203973789896
pond,supermat,Probe,1000,intercept_fit,86,1.0,-3.2122136318301724,0.306,0.4985203973789896
pond,supermat,Probe,1000,intercept_fit,87,1.0,-2.5427267515639045,0.425,0.4985203973789896
pond,supermat,Probe,1000,intercept_fit,88,1.0,-2.7322581063360905,0.402,0.4985203973789896
pond,supermat,Probe,1000,intercept_fit,89,1.0,-2.6565673938561156,0.429,0.4985203973789896
pond,supermat,Probe,1000,intercept_fit,90,1.0,-2.956188429540404,0.308,0.4985203973789896
pond,supermat,Probe,1000,intercept_fit,91,1.0,-2.2904212913199093,0.405,0.4985203973789896
pond,supermat,Probe,1000,intercept_fit,92,1.0,-2.2019197102340775,0.453,0.4985203973789896
pond,supermat,Probe,1000,intercept_fit,93,1.0,-2.906537700406266,0.313,0.4985203973789896
pond,supermat,Probe,1000,intercept_fit,94,1.0,-2.8624322803408906,0.284,0.4985203973789896
pond,supermat,Probe,1000,intercept_fit,95,1.0,-3.157567375914955,0.237,0.4985203973789896
pond,supermat,Probe,1000,intercept_fit,96,1.0,-3.1231098529692387,0.375,0.4985203973789896
pond,supermat,Probe,1000,intercept_fit,97,1.0,-2.974884540158109,0.314,0.4985203973789896
pond,supermat,Probe,1000,intercept_fit,98,1.0,-3.3514888924896473,0.231,0.4985203973789896
pond,supermat,Probe,1000,intercept_fit,99,1.0,-1.9727729521357753,0.51,0.4985203973789896
pond,supermat,NTP,1000,intercept_fit,0,1.0,-1.7657392638309062,0.211,0.4985203973789896
pond,supermat,NTP,1000,intercept_fit,1,1.0,-1.6251441167586533,0.215,0.4985203973789896
pond,supermat,NTP,1000,intercept_fit,2,1.0,-0.8637082959619882,0.36,0.4985203973789896
pond,supermat,NTP,1000,intercept_fit,3,1.0,-0.7038346288243799,0.401,0.4985203973789896
pond,supermat,NTP,1000,intercept_fit,4,1.0,-1.0993559974494527,0.305,0.4985203973789896
pond,supermat,NTP,1000,intercept_fit,5,1.0,-1.0038377746617309,0.305,0.4985203973789896
pond,supermat,NTP,1000,intercept_fit,6,1.0,-1.1315756971120665,0.294,0.4985203973789896
pond,supermat,NTP,1000,intercept_fit,7,1.0,-0.6937843414829524,0.401,0.4985203973789896
pond,supermat,NTP,1000,intercept_fit,8,1.0,-1.4976784879744525,0.252,0.4985203973789896
pond,supermat,NTP,1000,intercept_fit,9,1.0,-0.8295273793778639,0.361,0.4985203973789896
pond,supermat,NTP,1000,intercept_fit,10,1.0,-1.352025029710951,0.259,0.4985203973789896
pond,supermat,NTP,1000,intercept_fit,11,1.0,-0.7023102224368991,0.429,0.4985203973789896
pond,supermat,NTP,1000,intercept_fit,12,1.0,-0.6883757856508325,0.359,0.4985203973789896
pond,supermat,NTP,1000,intercept_fit,13,1.0,-1.033305697859544,0.377,0.4985203973789896
pond,supermat,NTP,1000,intercept_fit,14,1.0,-1.3887423729625785,0.293,0.4985203973789896
pond,supermat,NTP,1000,intercept_fit,15,1.0,-0.237662208425685,0.525,0.4985203973789896
pond,supermat,NTP,1000,intercept_fit,16,1.0,-0.7871062648443027,0.345,0.4985203973789896
pond,supermat,NTP,1000,intercept_fit,17,1.0,-1.339558481321975,0.262,0.4985203973789896
pond,supermat,NTP,1000,intercept_fit,18,1.0,-1.2440224748706556,0.307,0.4985203973789896
pond,supermat,NTP,1000,intercept_fit,19,1.0,-0.8167643317464196,0.406,0.4985203973789896
pond,supermat,NTP,1000,intercept_fit,20,1.0,-0.9253715245395282,0.392,0.4985203973789896
pond,supermat,NTP,1000,intercept_fit,21,1.0,-1.2585350951353143,0.282,0.4985203973789896
pond,supermat,NTP,1000,intercept_fit,22,1.0,-1.9458909460247158,0.221,0.4985203973789896
pond,supermat,NTP,1000,intercept_fit,23,1.0,-0.9987267006529971,0.309,0.4985203973789896
pond,supermat,NTP,1000,intercept_fit,24,1.0,-0.8964998237856615,0.337,0.4985203973789896
pond,supermat,NTP,1000,intercept_fit,25,1.0,-0.8574919329961491,0.376,0.4985203973789896
pond,supermat,NTP,1000,intercept_fit,26,1.0,-0.8383232876455272,0.328,0.4985203973789896
pond,supermat,NTP,1000,intercept_fit,27,1.0,-0.46386140528477304,0.466,0.4985203973789896
pond,supermat,NTP,1000,intercept_fit,28,1.0,-0.8039613378732833,0.386,0.4985203973789896
pond,supermat,NTP,1000,intercept_fit,29,1.0,-1.419517509788592,0.26,0.4985203973789896
pond,supermat,NTP,1000,intercept_fit,30,1.0,-1.0115127762349365,0.339,0.4985203973789896
pond,supermat,NTP,1000,intercept_fit,31,1.0,-0.8055107630020428,0.353,0.4985203973789896
pond,supermat,NTP,1000,intercept_fit,32,1.0,-1.3807710538879825,0.275,0.4985203973789896
pond,supermat,NTP,1000,intercept_fit,33,1.0,-0.9661613317925919,0.423,0.4985203973789896
pond,supermat,NTP,1000,intercept_fit,34,1.0,-0.7596344716345325,0.377,0.4985203973789896
pond,supermat,NTP,1000,intercept_fit,35,1.0,-1.0988911837968696,0.399,0.4985203973789896
pond,supermat,NTP,1000,intercept_fit,36,1.0,-1.1179699295317096,0.292,0.4985203973789896
pond,supermat,NTP,1000,intercept_fit,37,1.0,-1.1055286566871507,0.32,0.4985203973789896
pond,supermat,NTP,1000,intercept_fit,38,1.0,-1.5410057434423703,0.235,0.4985203973789896
pond,supermat,NTP,1000,intercept_fit,39,1.0,-1.1711989223637802,0.326,0.4985203973789896
pond,supermat,NTP,1000,intercept_fit,40,1.0,-0.722617645234533,0.371,0.4985203973789896
pond,supermat,NTP,1000,intercept_fit,41,1.0,-0.4638498609429838,0.477,0.4985203973789896
pond,supermat,NTP,1000,intercept_fit,42,1.0,-1.1328409824580545,0.313,0.4985203973789896
pond,supermat,NTP,1000,intercept_fit,43,1.0,-1.0866307945558291,0.298,0.4985203973789896
pond,supermat,NTP,1000,intercept_fit,44,1.0,-0.5566940928637713,0.43,0.4985203973789896
pond,supermat,NTP,1000,intercept_fit,45,1.0,-1.663082301111775,0.241,0.4985203973789896
pond,supermat,NTP,1000,intercept_fit,46,1.0,-1.2479764116514216,0.279,0.4985203973789896
pond,supermat,NTP,1000,intercept_fit,47,1.0,-0.4285431242441142,0.458,0.4985203973789896
pond,supermat,NTP,1000,intercept_fit,48,1.0,-0.8944185599883473,0.38,0.4985203973789896
pond,supermat,NTP,1000,intercept_fit,49,1.0,-0.9985387767625641,0.309,0.4985203973789896
pond,supermat,NTP,1000,intercept_fit,50,1.0,-1.5152777762787784,0.254,0.4985203973789896
pond,supermat,NTP,1000,intercept_fit,51,1.0,-0.8193260468752198,0.365,0.4985203973789896
pond,supermat,NTP,1000,intercept_fit,52,1.0,-1.6593531205508703,0.257,0.4985203973789896
pond,supermat,NTP,1000,intercept_fit,53,1.0,-1.6574649107851684,0.223,0.4985203973789896
pond,supermat,NTP,1000,intercept_fit,54,1.0,-1.1071688875260624,0.404,0.4985203973789896
pond,supermat,NTP,1000,intercept_fit,55,1.0,-1.1454532900577106,0.315,0.4985203973789896
pond,supermat,NTP,1000,intercept_fit,56,1.0,-1.251493546766672,0.321,0.4985203973789896
pond,supermat,NTP,1000,intercept_fit,57,1.0,-1.3849092362718782,0.271,0.4985203973789896
pond,supermat,NTP,1000,intercept_fit,58,1.0,-1.2859450092549478,0.299,0.4985203973789896
pond,supermat,NTP,1000,intercept_fit,59,1.0,-1.2009712833111232,0.292,0.4985203973789896
pond,supermat,NTP,1000,intercept_fit,60,1.0,-1.2195336695677284,0.289,0.4985203973789896
pond,supermat,NTP,1000,intercept_fit,61,1.0,-1.0545195526642057,0.348,0.4985203973789896
pond,supermat,NTP,1000,intercept_fit,62,1.0,-1.0925936309320703,0.335,0.4985203973789896
pond,supermat,NTP,1000,intercept_fit,63,1.0,-0.41679218620815606,0.462,0.4985203973789896
pond,supermat,NTP,1000,intercept_fit,64,1.0,-1.0486207713331128,0.323,0.4985203973789896
pond,supermat,NTP,1000,intercept_fit,65,1.0,-0.47016755423981377,0.476,0.4985203973789896
pond,supermat,NTP,1000,intercept_fit,66,1.0,-1.0982624744211107,0.3,0.4985203973789896
pond,supermat,NTP,1000,intercept_fit,67,1.0,-0.6371378596055739,0.437,0.4985203973789896
pond,supermat,NTP,1000,intercept_fit,68,1.0,-1.450207609531674,0.306,0.4985203973789896
pond,supermat,NTP,1000,intercept_fit,69,1.0,-1.4432379032113483,0.247,0.4985203973789896
pond,supermat,NTP,1000,intercept_fit,70,1.0,-1.7116555664769406,0.212,0.4985203973789896
pond,supermat,NTP,1000,intercept_fit,71,1.0,-0.5976504559471336,0.491,0.4985203973789896
pond,supermat,NTP,1000,intercept_fit,72,1.0,-0.5029664591721771,0.419,0.4985203973789896
pond,supermat,NTP,1000,intercept_fit,73,1.0,-0.5277757318713197,0.473,0.4985203973789896
pond,supermat,NTP,1000,intercept_fit,74,1.0,-1.1314673142104623,0.363,0.4985203973789896
pond,supermat,NTP,1000,intercept_fit,75,1.0,-1.46080468257344,0.233,0.4985203973789896
pond,supermat,NTP,1000,intercept_fit,76,1.0,-1.369243942121144,0.305,0.4985203973789896
pond,supermat,NTP,1000,intercept_fit,77,1.0,-1.2988526552978188,0.26,0.4985203973789896
pond,supermat,NTP,1000,intercept_fit,78,1.0,-1.4545495660023555,0.287,0.4985203973789896
pond,supermat,NTP,1000,intercept_fit,79,1.0,-1.1712381458934222,0.334,0.4985203973789896
pond,supermat,NTP,1000,intercept_fit,80,1.0,-0.9692601023183476,0.332,0.4985203973789896
pond,supermat,NTP,1000,intercept_fit,81,1.0,-0.6591347730933723,0.438,0.4985203973789896
pond,supermat,NTP,1000,intercept_fit,82,1.0,-0.8648431189285364,0.357,0.4985203973789896
pond,supermat,NTP,1000,intercept_fit,83,1.0,-0.4964317711537219,0.43,0.4985203973789896
pond,supermat,NTP,1000,intercept_fit,84,1.0,-1.1227764127712097,0.384,0.4985203973789896
pond,supermat,NTP,1000,intercept_fit,85,1.0,-0.7422363754531712,0.366,0.4985203973789896
pond,supermat,NTP,1000,intercept_fit,86,1.0,-1.0857667582155595,0.306,0.4985203973789896
pond,supermat,NTP,1000,intercept_fit,87,1.0,-0.7432669889798039,0.425,0.4985203973789896
pond,supermat,NTP,1000,intercept_fit,88,1.0,-0.6914549668772746,0.402,0.4985203973789896
pond,supermat,NTP,1000,intercept_fit,89,1.0,-0.435400115972262,0.429,0.4985203973789896
pond,supermat,NTP,1000,intercept_fit,90,1.0,-1.128759674350015,0.308,0.4985203973789896
pond,supermat,NTP,1000,intercept_fit,91,1.0,-0.8656027340179688,0.405,0.4985203973789896
pond,supermat,NTP,1000,intercept_fit,92,1.0,-0.7318849041214865,0.453,0.4985203973789896
pond,supermat,NTP,1000,intercept_fit,93,1.0,-1.0752920819518783,0.313,0.4985203973789896
pond,supermat,NTP,1000,intercept_fit,94,1.0,-1.242481803573056,0.284,0.4985203973789896
pond,supermat,NTP,1000,intercept_fit,95,1.0,-1.6209819833284422,0.237,0.4985203973789896
pond,supermat,NTP,1000,intercept_fit,96,1.0,-0.6779767970493553,0.375,0.4985203973789896
pond,supermat,NTP,1000,intercept_fit,97,1.0,-1.0992062560799083,0.314,0.4985203973789896
pond,supermat,NTP,1000,intercept_fit,98,1.0,-1.3080796619640727,0.231,0.4985203973789896
pond,supermat,NTP,1000,intercept_fit,99,1.0,-0.33073627759160823,0.51,0.4985203973789896
nfix,pond,Probe,10,intercept_fit,0,1.0,-1.0114431565481292,0.4,0.4962228517469311
nfix,pond,Probe,10,intercept_fit,1,1.0,0.11431274325526457,0.4,0.4962228517469311
nfix,pond,Probe,10,intercept_fit,2,1.0,-0.0259698006796451,0.5,0.4962228517469311
nfix,pond,Probe,10,intercept_fit,3,1.0,-0.24978760180814708,0.4,0.4962228517469311
nfix,pond,Probe,10,intercept_fit,4,1.0,0.7505840834876016,0.6,0.4962228517469311
nfix,pond,Probe,10,intercept_fit,5,1.0,-0.9090206826794681,0.3,0.4962228517469311
nfix,pond,Probe,10,intercept_fit,6,1.0,2.8515602018891397,0.8,0.4962228517469311
nfix,pond,Probe,10,intercept_fit,7,1.0,-0.057926814153694176,0.3,0.4962228517469311
nfix,pond,Probe,10,intercept_fit,8,1.0,0.16952640612526812,0.4,0.4962228517469311
nfix,pond,Probe,10,intercept_fit,9,1.0,-0.69521758303648,0.5,0.4962228517469311
nfix,pond,Probe,10,intercept_fit,10,1.0,-1.4906558941061274,0.3,0.4962228517469311
nfix,pond,Probe,10,intercept_fit,11,1.0,-0.8544918846474835,0.3,0.4962228517469311
nfix,pond,Probe,10,intercept_fit,12,1.0,-1.1730442139478967,0.2,0.4962228517469311
nfix,pond,Probe,10,intercept_fit,13,1.0,-1.4088349248620795,0.4,0.4962228517469311
nfix,pond,Probe,10,intercept_fit,14,1.0,-1.5044074179242686,0.3,0.4962228517469311
nfix,pond,Probe,10,intercept_fit,15,1.0,-0.012518132311374748,0.3,0.4962228517469311
nfix,pond,Probe,10,intercept_fit,16,1.0,-0.4047969046644362,0.4,0.4962228517469311
nfix,pond,Probe,10,intercept_fit,18,1.0,-1.4416594095953301,0.2,0.4962228517469311
nfix,pond,Probe,10,intercept_fit,19,1.0,-0.79368026491318,0.4,0.4962228517469311
nfix,pond,Probe,10,intercept_fit,20,1.0,-0.14699115080461053,0.2,0.4962228517469311
nfix,pond,Probe,10,intercept_fit,21,1.0,1.38111032130934,0.5,0.4962228517469311
nfix,pond,Probe,10,intercept_fit,22,1.0,0.5004306431242702,0.7,0.4962228517469311
nfix,pond,Probe,10,intercept_fit,23,1.0,-1.095659820427799,0.5,0.4962228517469311
nfix,pond,Probe,10,intercept_fit,24,1.0,-1.359942411173193,0.3,0.4962228517469311
nfix,pond,Probe,10,intercept_fit,25,1.0,-0.3606778409073576,0.3,0.4962228517469311
nfix,pond,Probe,10,intercept_fit,26,1.0,-0.11269861136185363,0.4,0.4962228517469311
nfix,pond,Probe,10,intercept_fit,27,1.0,-3.026529977364532,0.1,0.4962228517469311
nfix,pond,Probe,10,intercept_fit,28,1.0,-0.40565472199913283,0.5,0.4962228517469311
nfix,pond,Probe,10,intercept_fit,29,1.0,-0.8960976218896262,0.2,0.4962228517469311
nfix,pond,Probe,10,intercept_fit,30,1.0,-0.2867694017880757,0.3,0.4962228517469311
nfix,pond,Probe,10,intercept_fit,31,1.0,-0.06105480059956847,0.4,0.4962228517469311
nfix,pond,Probe,10,intercept_fit,32,1.0,-0.3567905449946724,0.3,0.4962228517469311
nfix,pond,Probe,10,intercept_fit,33,1.0,-0.22023720919321696,0.4,0.4962228517469311
nfix,pond,Probe,10,intercept_fit,34,1.0,1.5822551975135717,0.7,0.4962228517469311
nfix,pond,Probe,10,intercept_fit,35,1.0,-1.3854001707204413,0.4,0.4962228517469311
nfix,pond,Probe,10,intercept_fit,36,1.0,-1.0045646847037617,0.4,0.4962228517469311
nfix,pond,Probe,10,intercept_fit,37,1.0,-1.037522208939297,0.2,0.4962228517469311
nfix,pond,Probe,10,intercept_fit,38,1.0,-0.5985660701665223,0.3,0.4962228517469311
nfix,pond,Probe,10,intercept_fit,39,1.0,-0.5162994930443708,0.2,0.4962228517469311
nfix,pond,Probe,10,intercept_fit,40,1.0,-0.48364194708656827,0.4,0.4962228517469311
nfix,pond,Probe,10,intercept_fit,41,1.0,0.07652210299029356,0.5,0.4962228517469311
nfix,pond,Probe,10,intercept_fit,42,1.0,1.3171554445764586,0.7,0.4962228517469311
nfix,pond,Probe,10,intercept_fit,43,1.0,0.2866349546943012,0.5,0.4962228517469311
nfix,pond,Probe,10,intercept_fit,44,1.0,-1.4129625484453783,0.2,0.4962228517469311
nfix,pond,Probe,10,intercept_fit,45,1.0,0.8813055011028017,0.8,0.4962228517469311
nfix,pond,Probe,10,intercept_fit,46,1.0,-2.9776884284244787,0.2,0.4962228517469311
nfix,pond,Probe,10,intercept_fit,47,1.0,-0.29573259014421976,0.4,0.4962228517469311
nfix,pond,Probe,10,intercept_fit,48,1.0,0.6304048150647595,0.5,0.4962228517469311
nfix,pond,Probe,10,intercept_fit,49,1.0,-0.10485866133876103,0.4,0.4962228517469311
nfix,pond,Probe,10,intercept_fit,50,1.0,-0.4340966217380862,0.4,0.4962228517469311
nfix,pond,Probe,10,intercept_fit,51,1.0,-0.2865709406724506,0.4,0.4962228517469311
nfix,pond,Probe,10,intercept_fit,52,1.0,-0.4112885572826536,0.6,0.4962228517469311
nfix,pond,Probe,10,intercept_fit,53,1.0,-0.866426418289255,0.5,0.4962228517469311
nfix,pond,Probe,10,intercept_fit,54,1.0,1.5602870113501919,0.7,0.4962228517469311
nfix,pond,Probe,10,intercept_fit,55,1.0,-0.7321593769575873,0.3,0.4962228517469311
nfix,pond,Probe,10,intercept_fit,56,1.0,-0.694785971316878,0.3,0.4962228517469311
nfix,pond,Probe,10,intercept_fit,57,1.0,-0.7999615476159195,0.4,0.4962228517469311
nfix,pond,Probe,10,intercept_fit,58,1.0,0.24554285687923857,0.4,0.4962228517469311
nfix,pond,Probe,10,intercept_fit,59,1.0,-0.9641116809531843,0.3,0.4962228517469311
nfix,pond,Probe,10,intercept_fit,60,1.0,-0.3895750952153167,0.4,0.4962228517469311
nfix,pond,Probe,10,intercept_fit,61,1.0,-0.7658332407868805,0.3,0.4962228517469311
nfix,pond,Probe,10,intercept_fit,62,1.0,-0.18834781752018004,0.3,0.4962228517469311
nfix,pond,Probe,10,intercept_fit,63,1.0,-1.1932456569836565,0.3,0.4962228517469311
nfix,pond,Probe,10,intercept_fit,64,1.0,1.1573756093469498,0.6,0.4962228517469311
nfix,pond,Probe,10,intercept_fit,65,1.0,0.33302474011554367,0.6,0.4962228517469311
nfix,pond,Probe,10,intercept_fit,66,1.0,1.5457769895081883,0.5,0.4962228517469311
nfix,pond,Probe,10,intercept_fit,67,1.0,-0.10216699964072387,0.4,0.4962228517469311
nfix,pond,Probe,10,intercept_fit,68,1.0,1.2434386057975353,0.6,0.4962228517469311
nfix,pond,Probe,10,intercept_fit,69,1.0,0.7856248590451016,0.6,0.4962228517469311
nfix,pond,Probe,10,intercept_fit,70,1.0,-0.29246407987090983,0.4,0.4962228517469311
nfix,pond,Probe,10,intercept_fit,71,1.0,-0.1314286764414497,0.3,0.4962228517469311
nfix,pond,Probe,10,intercept_fit,72,1.0,1.4453621855746068,0.7,0.4962228517469311
nfix,pond,Probe,10,intercept_fit,73,1.0,-0.7364593429274965,0.3,0.4962228517469311
nfix,pond,Probe,10,intercept_fit,74,1.0,-0.18857410012556078,0.5,0.4962228517469311
nfix,pond,Probe,10,intercept_fit,75,1.0,-0.10783952864130619,0.7,0.4962228517469311
nfix,pond,Probe,10,intercept_fit,76,1.0,-0.7166106157207759,0.4,0.4962228517469311
nfix,pond,Probe,10,intercept_fit,77,1.0,-0.8388017066916779,0.5,0.4962228517469311
nfix,pond,Probe,10,intercept_fit,78,1.0,0.55806740699228,0.7,0.4962228517469311
nfix,pond,Probe,10,intercept_fit,79,1.0,-1.1145603169139977,0.2,0.4962228517469311
nfix,pond,Probe,10,intercept_fit,80,1.0,0.953459829985851,0.6,0.4962228517469311
nfix,pond,Probe,10,intercept_fit,81,1.0,0.6477169486324491,0.7,0.4962228517469311
nfix,pond,Probe,10,intercept_fit,82,1.0,-1.4258722682134,0.3,0.4962228517469311
nfix,pond,Probe,10,intercept_fit,83,1.0,-0.526284450565069,0.3,0.4962228517469311
nfix,pond,Probe,10,intercept_fit,84,1.0,-1.5891375488496509,0.3,0.4962228517469311
nfix,pond,Probe,10,intercept_fit,85,1.0,1.1613269059690992,0.6,0.4962228517469311
nfix,pond,Probe,10,intercept_fit,86,1.0,-0.16821724642742858,0.5,0.4962228517469311
nfix,pond,Probe,10,intercept_fit,87,1.0,-0.05032820608160012,0.5,0.4962228517469311
nfix,pond,Probe,10,intercept_fit,88,1.0,-2.107887039059362,0.1,0.4962228517469311
nfix,pond,Probe,10,intercept_fit,89,1.0,-0.4580536562685048,0.3,0.4962228517469311
nfix,pond,Probe,10,intercept_fit,90,1.0,-1.6952046667378138,0.3,0.4962228517469311
nfix,pond,Probe,10,intercept_fit,91,1.0,-0.3881210464783006,0.2,0.4962228517469311
nfix,pond,Probe,10,intercept_fit,92,1.0,0.790215259571302,0.4,0.4962228517469311
nfix,pond,Probe,10,intercept_fit,93,1.0,-0.7593747782446707,0.5,0.4962228517469311
nfix,pond,Probe,10,intercept_fit,94,1.0,-0.8514504696325489,0.4,0.4962228517469311
nfix,pond,Probe,10,intercept_fit,95,1.0,0.38641267970515947,0.6,0.4962228517469311
nfix,pond,Probe,10,intercept_fit,96,1.0,0.2776205398744992,0.4,0.4962228517469311
nfix,pond,Probe,10,intercept_fit,97,1.0,-0.28734681943114887,0.3,0.4962228517469311
nfix,pond,Probe,10,intercept_fit,98,1.0,-0.25125111215462365,0.4,0.4962228517469311
nfix,pond,Probe,10,intercept_fit,99,1.0,-1.2963262287910116,0.3,0.4962228517469311
nfix,pond,Probe,10,intercept_fit,100,1.0,1.683801108380969,0.6,0.4962228517469311
nfix,pond,NTP,10,intercept_fit,0,1.0,-0.7809773180942675,0.4,0.4962228517469311
nfix,pond,NTP,10,intercept_fit,1,1.0,-0.7084027949057451,0.4,0.4962228517469311
nfix,pond,NTP,10,intercept_fit,2,1.0,-0.15261989140958626,0.5,0.4962228517469311
nfix,pond,NTP,10,intercept_fit,3,1.0,-0.9917285286056234,0.4,0.4962228517469311
nfix,pond,NTP,10,intercept_fit,4,1.0,0.15949613617453495,0.6,0.4962228517469311
nfix,pond,NTP,10,intercept_fit,5,1.0,-1.4547532912106294,0.3,0.4962228517469311
nfix,pond,NTP,10,intercept_fit,6,1.0,0.7758659075389227,0.8,0.4962228517469311
nfix,pond,NTP,10,intercept_fit,7,1.0,-0.825407564401409,0.3,0.4962228517469311
nfix,pond,NTP,10,intercept_fit,8,1.0,-1.1445121148348156,0.4,0.4962228517469311
nfix,pond,NTP,10,intercept_fit,9,1.0,-0.2851003718489264,0.5,0.4962228517469311
nfix,pond,NTP,10,intercept_fit,10,1.0,-0.9168838093799617,0.3,0.4962228517469311
nfix,pond,NTP,10,intercept_fit,11,1.0,-1.0845875503260798,0.3,0.4962228517469311
nfix,pond,NTP,10,intercept_fit,12,1.0,-1.96649812835682,0.2,0.4962228517469311
nfix,pond,NTP,10,intercept_fit,13,1.0,-0.854367219586582,0.4,0.4962228517469311
nfix,pond,NTP,10,intercept_fit,14,1.0,-1.2748081906732687,0.3,0.4962228517469311
nfix,pond,NTP,10,intercept_fit,15,1.0,-1.0702433813221965,0.3,0.4962228517469311
nfix,pond,NTP,10,intercept_fit,16,1.0,-0.40921415678033346,0.4,0.4962228517469311
nfix,pond,NTP,10,intercept_fit,18,1.0,-1.7929420651575412,0.2,0.4962228517469311
nfix,pond,NTP,10,intercept_fit,19,1.0,-1.1303026763202775,0.4,0.4962228517469311
nfix,pond,NTP,10,intercept_fit,20,1.0,-1.496138991134497,0.2,0.4962228517469311
nfix,pond,NTP,10,intercept_fit,21,1.0,-0.5440776544088524,0.5,0.4962228517469311
nfix,pond,NTP,10,intercept_fit,22,1.0,0.5538313628789518,0.7,0.4962228517469311
nfix,pond,NTP,10,intercept_fit,23,1.0,-0.46275245375784596,0.5,0.4962228517469311
nfix,pond,NTP,10,intercept_fit,24,1.0,-1.491237325782673,0.3,0.4962228517469311
nfix,pond,NTP,10,intercept_fit,25,1.0,-0.885018252058307,0.3,0.4962228517469311
nfix,pond,NTP,10,intercept_fit,26,1.0,-0.5349355423818908,0.4,0.4962228517469311
nfix,pond,NTP,10,intercept_fit,27,1.0,-2.7871142953293346,0.1,0.4962228517469311
nfix,pond,NTP,10,intercept_fit,28,1.0,-0.2947709122451138,0.5,0.4962228517469311
nfix,pond,NTP,10,intercept_fit,29,1.0,-1.6872208101470556,0.2,0.4962228517469311
nfix,pond,NTP,10,intercept_fit,30,1.0,-1.298253595249759,0.3,0.4962228517469311
nfix,pond,NTP,10,intercept_fit,31,1.0,-0.92153157589365,0.4,0.4962228517469311
nfix,pond,NTP,10,intercept_fit,32,1.0,-1.1289826641582323,0.3,0.4962228517469311
nfix,pond,NTP,10,intercept_fit,33,1.0,-0.5616733577494584,0.4,0.4962228517469311
nfix,pond,NTP,10,intercept_fit,34,1.0,0.5186883667915855,0.7,0.4962228517469311
nfix,pond,NTP,10,intercept_fit,35,1.0,-1.421199338783124,0.4,0.4962228517469311
nfix,pond,NTP,10,intercept_fit,36,1.0,-0.906656380692933,0.4,0.4962228517469311
nfix,pond,NTP,10,intercept_fit,37,1.0,-1.5176541061416753,0.2,0.4962228517469311
nfix,pond,NTP,10,intercept_fit,38,1.0,-1.4187222944033926,0.3,0.4962228517469311
nfix,pond,NTP,10,intercept_fit,39,1.0,-1.8340175260619005,0.2,0.4962228517469311
nfix,pond,NTP,10,intercept_fit,40,1.0,-0.9271644092975698,0.4,0.4962228517469311
nfix,pond,NTP,10,intercept_fit,41,1.0,-0.6604387765486209,0.5,0.4962228517469311
nfix,pond,NTP,10,intercept_fit,42,1.0,0.3337777429092588,0.7,0.4962228517469311
nfix,pond,NTP,10,intercept_fit,43,1.0,-0.4019302351886507,0.5,0.4962228517469311
nfix,pond,NTP,10,intercept_fit,44,1.0,-2.009199771665384,0.2,0.4962228517469311
nfix,pond,NTP,10,intercept_fit,45,1.0,0.8767507038393438,0.8,0.4962228517469311
nfix,pond,NTP,10,intercept_fit,46,1.0,-2.4059165957580815,0.2,0.4962228517469311
nfix,pond,NTP,10,intercept_fit,47,1.0,-0.9715173974443353,0.4,0.4962228517469311
nfix,pond,NTP,10,intercept_fit,48,1.0,-0.2827775881762983,0.5,0.4962228517469311
nfix,pond,NTP,10,intercept_fit,49,1.0,-1.0351603043356241,0.4,0.4962228517469311
nfix,pond,NTP,10,intercept_fit,50,1.0,-1.1655203195468096,0.4,0.4962228517469311
nfix,pond,NTP,10,intercept_fit,51,1.0,-1.036004715641669,0.4,0.4962228517469311
nfix,pond,NTP,10,intercept_fit,52,1.0,-0.19530306297041633,0.6,0.4962228517469311
nfix,pond,NTP,10,intercept_fit,53,1.0,-1.052438441172244,0.5,0.4962228517469311
nfix,pond,NTP,10,intercept_fit,54,1.0,0.5598340509177707,0.7,0.4962228517469311
nfix,pond,NTP,10,intercept_fit,55,1.0,-0.9602866761206373,0.3,0.4962228517469311
nfix,pond,NTP,10,intercept_fit,56,1.0,-1.34426064961535,0.3,0.4962228517469311
nfix,pond,NTP,10,intercept_fit,57,1.0,-0.6537462995711159,0.4,0.4962228517469311
nfix,pond,NTP,10,intercept_fit,58,1.0,-0.3956105575600625,0.4,0.4962228517469311
nfix,pond,NTP,10,intercept_fit,59,1.0,-1.2493836978802744,0.3,0.4962228517469311
nfix,pond,NTP,10,intercept_fit,60,1.0,-0.7612972251211397,0.4,0.4962228517469311
nfix,pond,NTP,10,intercept_fit,61,1.0,-1.0461772120848534,0.3,0.4962228517469311
nfix,pond,NTP,10,intercept_fit,62,1.0,-0.7397746944233458,0.3,0.4962228517469311
nfix,pond,NTP,10,intercept_fit,63,1.0,-1.153999957770527,0.3,0.4962228517469311
nfix,pond,NTP,10,intercept_fit,64,1.0,-0.04976293879713049,0.6,0.4962228517469311
nfix,pond,NTP,10,intercept_fit,65,1.0,-0.15955364587970008,0.6,0.4962228517469311
nfix,pond,NTP,10,intercept_fit,66,1.0,-0.1520884640572572,0.5,0.4962228517469311
nfix,pond,NTP,10,intercept_fit,67,1.0,-0.5616810282151175,0.4,0.4962228517469311
nfix,pond,NTP,10,intercept_fit,68,1.0,-0.08797441837946333,0.6,0.4962228517469311
nfix,pond,NTP,10,intercept_fit,69,1.0,0.11694788611428608,0.6,0.4962228517469311
nfix,pond,NTP,10,intercept_fit,70,1.0,-0.7567183479040783,0.4,0.4962228517469311
nfix,pond,NTP,10,intercept_fit,71,1.0,-0.8223147952178559,0.3,0.4962228517469311
nfix,pond,NTP,10,intercept_fit,72,1.0,0.19544355727075532,0.7,0.4962228517469311
nfix,pond,NTP,10,intercept_fit,73,1.0,-1.1614837356955825,0.3,0.4962228517469311
nfix,pond,NTP,10,intercept_fit,74,1.0,-1.1543637798550879,0.5,0.4962228517469311
nfix,pond,NTP,10,intercept_fit,75,1.0,-0.1491904437142418,0.7,0.4962228517469311
nfix,pond,NTP,10,intercept_fit,76,1.0,-1.141747308006515,0.4,0.4962228517469311
nfix,pond,NTP,10,intercept_fit,77,1.0,-0.6889739232678662,0.5,0.4962228517469311
nfix,pond,NTP,10,intercept_fit,78,1.0,0.4315408441120372,0.7,0.4962228517469311
nfix,pond,NTP,10,intercept_fit,79,1.0,-1.643665227428455,0.2,0.4962228517469311
nfix,pond,NTP,10,intercept_fit,80,1.0,-0.5908921313265378,0.6,0.4962228517469311
nfix,pond,NTP,10,intercept_fit,81,1.0,0.04775655901301637,0.7,0.4962228517469311
nfix,pond,NTP,10,intercept_fit,82,1.0,-1.7369991956082573,0.3,0.4962228517469311
nfix,pond,NTP,10,intercept_fit,83,1.0,-1.3005020820505924,0.3,0.4962228517469311
nfix,pond,NTP,10,intercept_fit,84,1.0,-0.9976976388662097,0.3,0.4962228517469311
nfix,pond,NTP,10,intercept_fit,85,1.0,0.4744191798151471,0.6,0.4962228517469311
nfix,pond,NTP,10,intercept_fit,86,1.0,-0.33353663276392276,0.5,0.4962228517469311
nfix,pond,NTP,10,intercept_fit,87,1.0,-0.18756430727025356,0.5,0.4962228517469311
nfix,pond,NTP,10,intercept_fit,88,1.0,-2.368116864677198,0.1,0.4962228517469311
nfix,pond,NTP,10,intercept_fit,89,1.0,-1.31199306973824,0.3,0.4962228517469311
nfix,pond,NTP,10,intercept_fit,90,1.0,-1.080518081536056,0.3,0.4962228517469311
nfix,pond,NTP,10,intercept_fit,91,1.0,-1.6187110343130584,0.2,0.4962228517469311
nfix,pond,NTP,10,intercept_fit,92,1.0,-0.9795317633953078,0.4,0.4962228517469311
nfix,pond,NTP,10,intercept_fit,93,1.0,-0.7990529250969751,0.5,0.4962228517469311
nfix,pond,NTP,10,intercept_fit,94,1.0,-0.9928911796875952,0.4,0.4962228517469311
nfix,pond,NTP,10,intercept_fit,95,1.0,-0.360665136746565,0.6,0.4962228517469311
nfix,pond,NTP,10,intercept_fit,96,1.0,-0.5032563148989756,0.4,0.4962228517469311
nfix,pond,NTP,10,intercept_fit,97,1.0,-0.9734300882771081,0.3,0.4962228517469311
nfix,pond,NTP,10,intercept_fit,98,1.0,-0.22484204601257343,0.4,0.4962228517469311
nfix,pond,NTP,10,intercept_fit,99,1.0,-1.188342454329925,0.3,0.4962228517469311
nfix,pond,NTP,10,intercept_fit,100,1.0,-0.5383830512368678,0.6,0.4962228517469311
nfix,pond,Probe,50,intercept_fit,0,1.0,-0.9207624972073669,0.34,0.4962228517469311
nfix,pond,Probe,50,intercept_fit,1,1.0,-0.835174455661089,0.26,0.4962228517469311
nfix,pond,Probe,50,intercept_fit,2,1.0,0.16107089905692606,0.52,0.4962228517469311
nfix,pond,Probe,50,intercept_fit,3,1.0,0.571304876626098,0.38,0.4962228517469311
nfix,pond,Probe,50,intercept_fit,4,1.0,0.46250331530028366,0.48,0.4962228517469311
nfix,pond,Probe,50,intercept_fit,5,1.0,-0.3113369761554024,0.26,0.4962228517469311
nfix,pond,Probe,50,intercept_fit,6,1.0,-1.7368136640583456,0.26,0.4962228517469311
nfix,pond,Probe,50,intercept_fit,7,1.0,0.13719519886700496,0.46,0.4962228517469311
nfix,pond,Probe,50,intercept_fit,8,1.0,-0.21968319155566501,0.32,0.4962228517469311
nfix,pond,Probe,50,intercept_fit,9,1.0,-0.8736103671713231,0.36,0.4962228517469311
nfix,pond,Probe,50,intercept_fit,10,1.0,-0.9034027797341545,0.38,0.4962228517469311
nfix,pond,Probe,50,intercept_fit,11,1.0,0.35071377147721744,0.46,0.4962228517469311
nfix,pond,Probe,50,intercept_fit,12,1.0,-0.13323780800694363,0.28,0.4962228517469311
nfix,pond,Probe,50,intercept_fit,13,1.0,-0.9017056011363428,0.4,0.4962228517469311
nfix,pond,Probe,50,intercept_fit,14,1.0,-0.9500487430358587,0.32,0.4962228517469311
nfix,pond,Probe,50,intercept_fit,15,1.0,0.42046363986745555,0.46,0.4962228517469311
nfix,pond,Probe,50,intercept_fit,16,1.0,-0.6678195441333008,0.38,0.4962228517469311
nfix,pond,Probe,50,intercept_fit,17,1.0,-1.766130132249397,0.24,0.4962228517469311
nfix,pond,Probe,50,intercept_fit,18,1.0,-0.12040639404979446,0.3,0.4962228517469311
nfix,pond,Probe,50,intercept_fit,19,1.0,-0.7839768659045934,0.44,0.4962228517469311
nfix,pond,Probe,50,intercept_fit,20,1.0,0.943891018256106,0.44,0.4962228517469311
nfix,pond,Probe,50,intercept_fit,21,1.0,-0.13194226864432765,0.32,0.4962228517469311
nfix,pond,Probe,50,intercept_fit,22,1.0,0.009101597837212393,0.54,0.4962228517469311
nfix,pond,Probe,50,intercept_fit,23,1.0,-0.625804071347425,0.38,0.4962228517469311
nfix,pond,Probe,50,intercept_fit,24,1.0,-0.015447734356501042,0.5,0.4962228517469311
nfix,pond,Probe,50,intercept_fit,25,1.0,-0.30913168001885677,0.34,0.4962228517469311
nfix,pond,Probe,50,intercept_fit,26,1.0,-1.0515452247345722,0.38,0.4962228517469311
nfix,pond,Probe,50,intercept_fit,27,1.0,-0.8665326381973555,0.36,0.4962228517469311
nfix,pond,Probe,50,intercept_fit,28,1.0,-0.32224680117046023,0.48,0.4962228517469311
nfix,pond,Probe,50,intercept_fit,29,1.0,0.09186406564043299,0.48,0.4962228517469311
nfix,pond,Probe,50,intercept_fit,30,1.0,0.5076016799114765,0.48,0.4962228517469311
nfix,pond,Probe,50,intercept_fit,31,1.0,0.29674637648581553,0.36,0.4962228517469311
nfix,pond,Probe,50,intercept_fit,32,1.0,1.4400565757313533,0.64,0.4962228517469311
nfix,pond,Probe,50,intercept_fit,33,1.0,-0.040274674349227185,0.42,0.4962228517469311
nfix,pond,Probe,50,intercept_fit,34,1.0,0.7691424512359288,0.56,0.4962228517469311
nfix,pond,Probe,50,intercept_fit,35,1.0,-0.11588499962359015,0.48,0.4962228517469311
nfix,pond,Probe,50,intercept_fit,36,1.0,-0.08800903396784754,0.54,0.4962228517469311
nfix,pond,Probe,50,intercept_fit,37,1.0,-0.36695603627315254,0.36,0.4962228517469311
nfix,pond,Probe,50,intercept_fit,38,1.0,0.16301851232359493,0.5,0.4962228517469311
nfix,pond,Probe,50,intercept_fit,39,1.0,-0.037436813800527914,0.38,0.4962228517469311
nfix,pond,Probe,50,intercept_fit,40,1.0,-0.04393424024166332,0.6,0.4962228517469311
nfix,pond,Probe,50,intercept_fit,41,1.0,-0.04708805124702421,0.4,0.4962228517469311
nfix,pond,Probe,50,intercept_fit,42,1.0,-0.2627830112690816,0.44,0.4962228517469311
nfix,pond,Probe,50,intercept_fit,43,1.0,0.3119963631048624,0.52,0.4962228517469311
nfix,pond,Probe,50,intercept_fit,44,1.0,0.08161348280428218,0.38,0.4962228517469311
nfix,pond,Probe,50,intercept_fit,45,1.0,0.544466342972835,0.7,0.4962228517469311
nfix,pond,Probe,50,intercept_fit,46,1.0,0.1482615645153098,0.52,0.4962228517469311
nfix,pond,Probe,50,intercept_fit,47,1.0,-0.5886417348095108,0.4,0.4962228517469311
nfix,pond,Probe,50,intercept_fit,48,1.0,-0.3125315660921667,0.4,0.4962228517469311
nfix,pond,Probe,50,intercept_fit,49,1.0,0.24875542643355303,0.38,0.4962228517469311
nfix,pond,Probe,50,intercept_fit,50,1.0,-0.12283691488318793,0.42,0.4962228517469311
nfix,pond,Probe,50,intercept_fit,51,1.0,0.18847599791184905,0.5,0.4962228517469311
nfix,pond,Probe,50,intercept_fit,52,1.0,-0.8003748869547909,0.54,0.4962228517469311
nfix,pond,Probe,50,intercept_fit,53,1.0,-0.06253391628414759,0.36,0.4962228517469311
nfix,pond,Probe,50,intercept_fit,54,1.0,0.8221418341936869,0.6,0.4962228517469311
nfix,pond,Probe,50,intercept_fit,55,1.0,-0.6560768055721741,0.4,0.4962228517469311
nfix,pond,Probe,50,intercept_fit,56,1.0,-1.498235726713868,0.28,0.4962228517469311
nfix,pond,Probe,50,intercept_fit,57,1.0,-0.12335608000781091,0.52,0.4962228517469311
nfix,pond,Probe,50,intercept_fit,58,1.0,0.2137944908280512,0.44,0.4962228517469311
nfix,pond,Probe,50,intercept_fit,59,1.0,0.038276814008805955,0.4,0.4962228517469311
nfix,pond,Probe,50,intercept_fit,60,1.0,-0.38070477159048505,0.44,0.4962228517469311
nfix,pond,Probe,50,intercept_fit,61,1.0,-0.12061405753148018,0.44,0.4962228517469311
nfix,pond,Probe,50,intercept_fit,62,1.0,-0.6431144076245976,0.34,0.4962228517469311
nfix,pond,Probe,50,intercept_fit,63,1.0,-0.6592143426565681,0.5,0.4962228517469311
nfix,pond,Probe,50,intercept_fit,64,1.0,-0.34317018325389775,0.42,0.4962228517469311
nfix,pond,Probe,50,intercept_fit,65,1.0,0.6720551167842258,0.42,0.4962228517469311
nfix,pond,Probe,50,intercept_fit,66,1.0,-0.10816549732469655,0.4,0.4962228517469311
nfix,pond,Probe,50,intercept_fit,67,1.0,0.20392806153802046,0.5,0.4962228517469311
nfix,pond,Probe,50,intercept_fit,68,1.0,-0.4194763206835657,0.4,0.4962228517469311
nfix,pond,Probe,50,intercept_fit,69,1.0,0.4515126547651092,0.52,0.4962228517469311
nfix,pond,Probe,50,intercept_fit,70,1.0,-0.016322997139547313,0.44,0.4962228517469311
nfix,pond,Probe,50,intercept_fit,71,1.0,-0.1873382014131909,0.44,0.4962228517469311
nfix,pond,Probe,50,intercept_fit,72,1.0,0.6082536512797376,0.6,0.4962228517469311
nfix,pond,Probe,50,intercept_fit,73,1.0,-1.0772568706979586,0.34,0.4962228517469311
nfix,pond,Probe,50,intercept_fit,74,1.0,0.4131492117621072,0.48,0.4962228517469311
nfix,pond,Probe,50,intercept_fit,75,1.0,-0.29277701985575566,0.58,0.4962228517469311
nfix,pond,Probe,50,intercept_fit,76,1.0,0.0680737197249301,0.3,0.4962228517469311
nfix,pond,Probe,50,intercept_fit,77,1.0,-1.7114063529916899,0.38,0.4962228517469311
nfix,pond,Probe,50,intercept_fit,78,1.0,-0.020346581745695962,0.58,0.4962228517469311
nfix,pond,Probe,50,intercept_fit,79,1.0,0.24998080867907008,0.36,0.4962228517469311
nfix,pond,Probe,50,intercept_fit,80,1.0,0.4244974382927979,0.52,0.4962228517469311
nfix,pond,Probe,50,intercept_fit,81,1.0,0.5805164689284357,0.62,0.4962228517469311
nfix,pond,Probe,50,intercept_fit,82,1.0,-0.37573647575760794,0.4,0.4962228517469311
nfix,pond,Probe,50,intercept_fit,83,1.0,0.36181617516089243,0.44,0.4962228517469311
nfix,pond,Probe,50,intercept_fit,84,1.0,-0.09962075679958106,0.48,0.4962228517469311
nfix,pond,Probe,50,intercept_fit,85,1.0,1.6345173383547194,0.7,0.4962228517469311
nfix,pond,Probe,50,intercept_fit,86,1.0,-1.012759503117373,0.48,0.4962228517469311
nfix,pond,Probe,50,intercept_fit,87,1.0,-0.48990513251598383,0.54,0.4962228517469311
nfix,pond,Probe,50,intercept_fit,88,1.0,-0.07536402580439672,0.4,0.4962228517469311
nfix,pond,Probe,50,intercept_fit,89,1.0,0.20457370081018508,0.44,0.4962228517469311
nfix,pond,Probe,50,intercept_fit,90,1.0,-1.5848117403680828,0.3,0.4962228517469311
nfix,pond,Probe,50,intercept_fit,91,1.0,0.4807220759456314,0.48,0.4962228517469311
nfix,pond,Probe,50,intercept_fit,92,1.0,0.3169905839086,0.32,0.4962228517469311
nfix,pond,Probe,50,intercept_fit,93,1.0,-0.6530715939520382,0.38,0.4962228517469311
nfix,pond,Probe,50,intercept_fit,94,1.0,-0.4282661946260422,0.48,0.4962228517469311
nfix,pond,Probe,50,intercept_fit,95,1.0,0.6999794762967821,0.58,0.4962228517469311
nfix,pond,Probe,50,intercept_fit,96,1.0,0.5981583280270375,0.54,0.4962228517469311
nfix,pond,Probe,50,intercept_fit,97,1.0,0.5561499923624222,0.52,0.4962228517469311
nfix,pond,Probe,50,intercept_fit,98,1.0,-0.47802492417979103,0.48,0.4962228517469311
nfix,pond,Probe,50,intercept_fit,99,1.0,-0.41209039386981355,0.48,0.4962228517469311
nfix,pond,NTP,50,intercept_fit,0,1.0,-1.0422068795825756,0.34,0.4962228517469311
nfix,pond,NTP,50,intercept_fit,1,1.0,-1.2386209432126138,0.26,0.4962228517469311
nfix,pond,NTP,50,intercept_fit,2,1.0,-0.2894669910780366,0.52,0.4962228517469311
nfix,pond,NTP,50,intercept_fit,3,1.0,-0.9198721659337091,0.38,0.4962228517469311
nfix,pond,NTP,50,intercept_fit,4,1.0,-0.2900101727350197,0.48,0.4962228517469311
nfix,pond,NTP,50,intercept_fit,5,1.0,-1.3739755200193515,0.26,0.4962228517469311
nfix,pond,NTP,50,intercept_fit,6,1.0,-1.6543878869826094,0.26,0.4962228517469311
nfix,pond,NTP,50,intercept_fit,7,1.0,-0.6350461656814006,0.46,0.4962228517469311
nfix,pond,NTP,50,intercept_fit,8,1.0,-1.2837089395386123,0.32,0.4962228517469311
nfix,pond,NTP,50,intercept_fit,9,1.0,-1.0863779073504052,0.36,0.4962228517469311
nfix,pond,NTP,50,intercept_fit,10,1.0,-0.8326372995347481,0.38,0.4962228517469311
nfix,pond,NTP,50,intercept_fit,11,1.0,-0.35999180799496244,0.46,0.4962228517469311
nfix,pond,NTP,50,intercept_fit,12,1.0,-1.0486155399096455,0.28,0.4962228517469311
nfix,pond,NTP,50,intercept_fit,13,1.0,-0.8531208771861896,0.4,0.4962228517469311
nfix,pond,NTP,50,intercept_fit,14,1.0,-1.1000909205194631,0.32,0.4962228517469311
nfix,pond,NTP,50,intercept_fit,15,1.0,-0.46342477041758007,0.46,0.4962228517469311
nfix,pond,NTP,50,intercept_fit,16,1.0,-0.9228456290857577,0.38,0.4962228517469311
nfix,pond,NTP,50,intercept_fit,17,1.0,-1.5667622656978621,0.24,0.4962228517469311
nfix,pond,NTP,50,intercept_fit,18,1.0,-1.018024621422844,0.3,0.4962228517469311
nfix,pond,NTP,50,intercept_fit,19,1.0,-0.7196476532902737,0.44,0.4962228517469311
nfix,pond,NTP,50,intercept_fit,20,1.0,-0.705115812673113,0.44,0.4962228517469311
nfix,pond,NTP,50,intercept_fit,21,1.0,-1.135814502047522,0.32,0.4962228517469311
nfix,pond,NTP,50,intercept_fit,22,1.0,-0.07743295733735217,0.54,0.4962228517469311
nfix,pond,NTP,50,intercept_fit,23,1.0,-1.0536093044346497,0.38,0.4962228517469311
nfix,pond,NTP,50,intercept_fit,24,1.0,-0.34893994885495105,0.5,0.4962228517469311
nfix,pond,NTP,50,intercept_fit,25,1.0,-1.0153739683302807,0.34,0.4962228517469311
nfix,pond,NTP,50,intercept_fit,26,1.0,-0.9239946747225809,0.38,0.4962228517469311
nfix,pond,NTP,50,intercept_fit,27,1.0,-1.0096008710087938,0.36,0.4962228517469311
nfix,pond,NTP,50,intercept_fit,28,1.0,-0.4403860206233494,0.48,0.4962228517469311
nfix,pond,NTP,50,intercept_fit,29,1.0,-0.4799649015225468,0.48,0.4962228517469311
nfix,pond,NTP,50,intercept_fit,30,1.0,-0.37284656023852836,0.48,0.4962228517469311
nfix,pond,NTP,50,intercept_fit,31,1.0,-0.8488015330104899,0.36,0.4962228517469311
nfix,pond,NTP,50,intercept_fit,32,1.0,0.4983009850181021,0.64,0.4962228517469311
nfix,pond,NTP,50,intercept_fit,33,1.0,-0.6316276570183538,0.42,0.4962228517469311
nfix,pond,NTP,50,intercept_fit,34,1.0,-0.14853388124821795,0.56,0.4962228517469311
nfix,pond,NTP,50,intercept_fit,35,1.0,-0.5390829791032341,0.48,0.4962228517469311
nfix,pond,NTP,50,intercept_fit,36,1.0,-0.18802049087424733,0.54,0.4962228517469311
nfix,pond,NTP,50,intercept_fit,37,1.0,-0.8973812685938851,0.36,0.4962228517469311
nfix,pond,NTP,50,intercept_fit,38,1.0,-0.5661136636651753,0.5,0.4962228517469311
nfix,pond,NTP,50,intercept_fit,39,1.0,-0.9624304039685249,0.38,0.4962228517469311
nfix,pond,NTP,50,intercept_fit,40,1.0,-0.03709614454835825,0.6,0.4962228517469311
nfix,pond,NTP,50,intercept_fit,41,1.0,-0.602109585012934,0.4,0.4962228517469311
nfix,pond,NTP,50,intercept_fit,42,1.0,-0.7105466876768485,0.44,0.4962228517469311
nfix,pond,NTP,50,intercept_fit,43,1.0,-0.10035078124360036,0.52,0.4962228517469311
nfix,pond,NTP,50,intercept_fit,44,1.0,-0.8764040100843774,0.38,0.4962228517469311
nfix,pond,NTP,50,intercept_fit,45,1.0,0.3830167931001074,0.7,0.4962228517469311
nfix,pond,NTP,50,intercept_fit,46,1.0,-0.46453097323976605,0.52,0.4962228517469311
nfix,pond,NTP,50,intercept_fit,47,1.0,-0.897819593797025,0.4,0.4962228517469311
nfix,pond,NTP,50,intercept_fit,48,1.0,-0.8171827731967625,0.4,0.4962228517469311
nfix,pond,NTP,50,intercept_fit,49,1.0,-0.6792872997212247,0.38,0.4962228517469311
nfix,pond,NTP,50,intercept_fit,50,1.0,-0.9177306362441855,0.42,0.4962228517469311
nfix,pond,NTP,50,intercept_fit,51,1.0,-0.18530500325437735,0.5,0.4962228517469311
nfix,pond,NTP,50,intercept_fit,52,1.0,-0.40652188286215274,0.54,0.4962228517469311
nfix,pond,NTP,50,intercept_fit,53,1.0,-0.9050062944017465,0.36,0.4962228517469311
nfix,pond,NTP,50,intercept_fit,54,1.0,-0.2481399321796839,0.6,0.4962228517469311
nfix,pond,NTP,50,intercept_fit,55,1.0,-0.9117188020858366,0.4,0.4962228517469311
nfix,pond,NTP,50,intercept_fit,56,1.0,-1.327388679768564,0.28,0.4962228517469311
nfix,pond,NTP,50,intercept_fit,57,1.0,-0.4693208002622732,0.52,0.4962228517469311
nfix,pond,NTP,50,intercept_fit,58,1.0,-0.42585717735769435,0.44,0.4962228517469311
nfix,pond,NTP,50,intercept_fit,59,1.0,-0.8966684404853603,0.4,0.4962228517469311
nfix,pond,NTP,50,intercept_fit,60,1.0,-0.7385478444483592,0.44,0.4962228517469311
nfix,pond,NTP,50,intercept_fit,61,1.0,-0.581491793991474,0.44,0.4962228517469311
nfix,pond,NTP,50,intercept_fit,62,1.0,-1.1258971673129354,0.34,0.4962228517469311
nfix,pond,NTP,50,intercept_fit,63,1.0,-0.32715147021506163,0.5,0.4962228517469311
nfix,pond,NTP,50,intercept_fit,64,1.0,-0.7817329387547144,0.42,0.4962228517469311
nfix,pond,NTP,50,intercept_fit,65,1.0,-0.4986020103889395,0.42,0.4962228517469311
nfix,pond,NTP,50,intercept_fit,66,1.0,-0.8243535272416161,0.4,0.4962228517469311
nfix,pond,NTP,50,intercept_fit,67,1.0,-0.3746302498778133,0.5,0.4962228517469311
nfix,pond,NTP,50,intercept_fit,68,1.0,-1.0668443501020513,0.4,0.4962228517469311
nfix,pond,NTP,50,intercept_fit,69,1.0,-0.2182008763470738,0.52,0.4962228517469311
nfix,pond,NTP,50,intercept_fit,70,1.0,-0.3257421239072654,0.44,0.4962228517469311
nfix,pond,NTP,50,intercept_fit,71,1.0,-0.6069905181355739,0.44,0.4962228517469311
nfix,pond,NTP,50,intercept_fit,72,1.0,-0.15093675890137562,0.6,0.4962228517469311
nfix,pond,NTP,50,intercept_fit,73,1.0,-1.4097825477332022,0.34,0.4962228517469311
nfix,pond,NTP,50,intercept_fit,74,1.0,-0.4459998291634674,0.48,0.4962228517469311
nfix,pond,NTP,50,intercept_fit,75,1.0,-0.18025327204054953,0.58,0.4962228517469311
nfix,pond,NTP,50,intercept_fit,76,1.0,-0.9939470746924083,0.3,0.4962228517469311
nfix,pond,NTP,50,intercept_fit,77,1.0,-1.024578655037256,0.38,0.4962228517469311
nfix,pond,NTP,50,intercept_fit,78,1.0,-0.3012346541452796,0.58,0.4962228517469311
nfix,pond,NTP,50,intercept_fit,79,1.0,-0.7929676738531959,0.36,0.4962228517469311
nfix,pond,NTP,50,intercept_fit,80,1.0,-0.23985075325146546,0.52,0.4962228517469311
nfix,pond,NTP,50,intercept_fit,81,1.0,0.11533644986845384,0.62,0.4962228517469311
nfix,pond,NTP,50,intercept_fit,82,1.0,-1.0610464518270275,0.4,0.4962228517469311
nfix,pond,NTP,50,intercept_fit,83,1.0,-0.6040059147401774,0.44,0.4962228517469311
nfix,pond,NTP,50,intercept_fit,84,1.0,-0.4376779667433072,0.48,0.4962228517469311
nfix,pond,NTP,50,intercept_fit,85,1.0,0.6577590323081114,0.7,0.4962228517469311
nfix,pond,NTP,50,intercept_fit,86,1.0,-0.6237218326386949,0.48,0.4962228517469311
nfix,pond,NTP,50,intercept_fit,87,1.0,-0.35459497635623144,0.54,0.4962228517469311
nfix,pond,NTP,50,intercept_fit,88,1.0,-0.8223862074491846,0.4,0.4962228517469311
nfix,pond,NTP,50,intercept_fit,89,1.0,-0.6790910148716159,0.44,0.4962228517469311
nfix,pond,NTP,50,intercept_fit,90,1.0,-1.4906178861744,0.3,0.4962228517469311
nfix,pond,NTP,50,intercept_fit,91,1.0,-0.5348083269768555,0.48,0.4962228517469311
nfix,pond,NTP,50,intercept_fit,92,1.0,-0.9149753896898459,0.32,0.4962228517469311
nfix,pond,NTP,50,intercept_fit,93,1.0,-0.969606426678348,0.38,0.4962228517469311
nfix,pond,NTP,50,intercept_fit,94,1.0,-0.5053868072924178,0.48,0.4962228517469311
nfix,pond,NTP,50,intercept_fit,95,1.0,-0.15382762339185846,0.58,0.4962228517469311
nfix,pond,NTP,50,intercept_fit,96,1.0,-0.00560452556752192,0.54,0.4962228517469311
nfix,pond,NTP,50,intercept_fit,97,1.0,-0.4630485982116154,0.52,0.4962228517469311
nfix,pond,NTP,50,intercept_fit,98,1.0,-0.41405360131315955,0.48,0.4962228517469311
nfix,pond,NTP,50,intercept_fit,99,1.0,-0.679521374801511,0.48,0.4962228517469311
nfix,pond,Probe,100,intercept_fit,0,1.0,-0.9247189185625354,0.41,0.4962228517469311
nfix,pond,Probe,100,intercept_fit,1,1.0,-0.22659039540656287,0.39,0.4962228517469311
nfix,pond,Probe,100,intercept_fit,2,1.0,-0.2511152946001826,0.51,0.4962228517469311
nfix,pond,Probe,100,intercept_fit,3,1.0,-0.5764235791435396,0.25,0.4962228517469311
nfix,pond,Probe,100,intercept_fit,4,1.0,0.7730413305343765,0.55,0.4962228517469311
nfix,pond,Probe,100,intercept_fit,5,1.0,-0.132888997302835,0.32,0.4962228517469311
nfix,pond,Probe,100,intercept_fit,6,1.0,-0.8181459437746417,0.38,0.4962228517469311
nfix,pond,Probe,100,intercept_fit,7,1.0,0.07335523334471165,0.47,0.4962228517469311
nfix,pond,Probe,100,intercept_fit,8,1.0,0.48121636875781976,0.46,0.4962228517469311
nfix,pond,Probe,100,intercept_fit,9,1.0,-0.9305856109952869,0.37,0.4962228517469311
nfix,pond,Probe,100,intercept_fit,10,1.0,-0.5392484306524441,0.44,0.4962228517469311
nfix,pond,Probe,100,intercept_fit,11,1.0,0.7294600157451088,0.51,0.4962228517469311
nfix,pond,Probe,100,intercept_fit,12,1.0,-0.029923492570325862,0.4,0.4962228517469311
nfix,pond,Probe,100,intercept_fit,13,1.0,0.024106057201656244,0.51,0.4962228517469311
nfix,pond,Probe,100,intercept_fit,14,1.0,-1.0879602294869697,0.31,0.4962228517469311
nfix,pond,Probe,100,intercept_fit,15,1.0,0.4913049167180812,0.49,0.4962228517469311
nfix,pond,Probe,100,intercept_fit,16,1.0,0.2569068902315039,0.56,0.4962228517469311
nfix,pond,Probe,100,intercept_fit,17,1.0,-0.8436132782334826,0.31,0.4962228517469311
nfix,pond,Probe,100,intercept_fit,18,1.0,-0.4540225267445949,0.41,0.4962228517469311
nfix,pond,Probe,100,intercept_fit,19,1.0,-0.9231224668594629,0.39,0.4962228517469311
nfix,pond,Probe,100,intercept_fit,20,1.0,0.9867388919695222,0.47,0.4962228517469311
nfix,pond,Probe,100,intercept_fit,21,1.0,-0.6985509576543545,0.3,0.4962228517469311
nfix,pond,Probe,100,intercept_fit,22,1.0,0.4233226722785884,0.59,0.4962228517469311
nfix,pond,Probe,100,intercept_fit,23,1.0,-0.8028674426685187,0.32,0.4962228517469311
nfix,pond,Probe,100,intercept_fit,24,1.0,-0.052330847489561017,0.51,0.4962228517469311
nfix,pond,Probe,100,intercept_fit,25,1.0,0.27744796457602044,0.36,0.4962228517469311
nfix,pond,Probe,100,intercept_fit,26,1.0,-0.5970833937750186,0.47,0.4962228517469311
nfix,pond,Probe,100,intercept_fit,27,1.0,-1.0787442548187434,0.3,0.4962228517469311
nfix,pond,Probe,100,intercept_fit,28,1.0,-0.1875715283583242,0.53,0.4962228517469311
nfix,pond,Probe,100,intercept_fit,29,1.0,-0.8722725146113022,0.36,0.4962228517469311
nfix,pond,Probe,100,intercept_fit,30,1.0,0.7679776664982569,0.58,0.4962228517469311
nfix,pond,Probe,100,intercept_fit,31,1.0,0.06430001592681467,0.37,0.4962228517469311
nfix,pond,Probe,100,intercept_fit,32,1.0,0.2939166238315319,0.43,0.4962228517469311
nfix,pond,Probe,100,intercept_fit,33,1.0,-0.07936239558304152,0.42,0.4962228517469311
nfix,pond,Probe,100,intercept_fit,34,1.0,0.17202209898430848,0.46,0.4962228517469311
nfix,pond,Probe,100,intercept_fit,35,1.0,-1.3052183694042063,0.31,0.4962228517469311
nfix,pond,Probe,100,intercept_fit,36,1.0,-0.5501286939162507,0.48,0.4962228517469311
nfix,pond,Probe,100,intercept_fit,37,1.0,0.26081308661317715,0.4,0.4962228517469311
nfix,pond,Probe,100,intercept_fit,38,1.0,-0.5484670902014361,0.36,0.4962228517469311
nfix,pond,Probe,100,intercept_fit,39,1.0,-0.8062542186191385,0.25,0.4962228517469311
nfix,pond,Probe,100,intercept_fit,40,1.0,-0.7306465579712593,0.46,0.4962228517469311
nfix,pond,Probe,100,intercept_fit,41,1.0,0.1967906242946237,0.46,0.4962228517469311
nfix,pond,Probe,100,intercept_fit,42,1.0,-0.30162020466870154,0.42,0.4962228517469311
nfix,pond,Probe,100,intercept_fit,43,1.0,0.10234610848007542,0.53,0.4962228517469311
nfix,pond,Probe,100,intercept_fit,44,1.0,-0.20042996252255674,0.36,0.4962228517469311
nfix,pond,Probe,100,intercept_fit,45,1.0,0.19158725903946036,0.62,0.4962228517469311
nfix,pond,Probe,100,intercept_fit,46,1.0,-1.0872114893654747,0.37,0.4962228517469311
nfix,pond,Probe,100,intercept_fit,47,1.0,-0.5947168568189602,0.38,0.4962228517469311
nfix,pond,Probe,100,intercept_fit,48,1.0,0.06952928502946887,0.41,0.4962228517469311
nfix,pond,Probe,100,intercept_fit,49,1.0,-0.21265715974144395,0.27,0.4962228517469311
nfix,pond,Probe,100,intercept_fit,50,1.0,-0.5076463455767474,0.41,0.4962228517469311
nfix,pond,Probe,100,intercept_fit,51,1.0,-0.3744194877716595,0.41,0.4962228517469311
nfix,pond,Probe,100,intercept_fit,52,1.0,-0.9948866742224978,0.47,0.4962228517469311
nfix,pond,Probe,100,intercept_fit,53,1.0,0.1842373231132034,0.47,0.4962228517469311
nfix,pond,Probe,100,intercept_fit,54,1.0,0.10086633111088154,0.5,0.4962228517469311
nfix,pond,Probe,100,intercept_fit,55,1.0,-0.8479970553001811,0.4,0.4962228517469311
nfix,pond,Probe,100,intercept_fit,56,1.0,-1.221828557249572,0.33,0.4962228517469311
nfix,pond,Probe,100,intercept_fit,57,1.0,-0.7062870025505051,0.42,0.4962228517469311
nfix,pond,Probe,100,intercept_fit,58,1.0,-0.6291841913956622,0.36,0.4962228517469311
nfix,pond,Probe,100,intercept_fit,59,1.0,0.22875566813490233,0.44,0.4962228517469311
nfix,pond,Probe,100,intercept_fit,60,1.0,-0.291347941117528,0.46,0.4962228517469311
nfix,pond,Probe,100,intercept_fit,61,1.0,-0.676224491557519,0.33,0.4962228517469311
nfix,pond,Probe,100,intercept_fit,62,1.0,-0.3663677993283543,0.38,0.4962228517469311
nfix,pond,Probe,100,intercept_fit,63,1.0,-0.40053842944883655,0.5,0.4962228517469311
nfix,pond,Probe,100,intercept_fit,64,1.0,0.09821028895243064,0.54,0.4962228517469311
nfix,pond,Probe,100,intercept_fit,65,1.0,0.4902218880421724,0.45,0.4962228517469311
nfix,pond,Probe,100,intercept_fit,66,1.0,0.24119916446006348,0.45,0.4962228517469311
nfix,pond,Probe,100,intercept_fit,67,1.0,-0.3144300515572105,0.43,0.4962228517469311
nfix,pond,Probe,100,intercept_fit,68,1.0,-0.2675697041450593,0.42,0.4962228517469311
nfix,pond,Probe,100,intercept_fit,69,1.0,0.29921005725066907,0.49,0.4962228517469311
nfix,pond,Probe,100,intercept_fit,70,1.0,-0.23350114613108705,0.4,0.4962228517469311
nfix,pond,Probe,100,intercept_fit,71,1.0,-0.010590501297051419,0.41,0.4962228517469311
nfix,pond,Probe,100,intercept_fit,72,1.0,0.5876867657186801,0.56,0.4962228517469311
nfix,pond,Probe,100,intercept_fit,73,1.0,-0.13092646621816037,0.45,0.4962228517469311
nfix,pond,Probe,100,intercept_fit,74,1.0,0.024264643937496885,0.41,0.4962228517469311
nfix,pond,Probe,100,intercept_fit,75,1.0,-0.512767864189373,0.53,0.4962228517469311
nfix,pond,Probe,100,intercept_fit,76,1.0,0.5980662022400116,0.48,0.4962228517469311
nfix,pond,Probe,100,intercept_fit,77,1.0,-1.594984850863196,0.39,0.4962228517469311
nfix,pond,Probe,100,intercept_fit,78,1.0,-0.029679758729899853,0.53,0.4962228517469311
nfix,pond,Probe,100,intercept_fit,79,1.0,0.3961855414354433,0.4,0.4962228517469311
nfix,pond,Probe,100,intercept_fit,80,1.0,0.08904128339195803,0.46,0.4962228517469311
nfix,pond,Probe,100,intercept_fit,81,1.0,-0.4037531458781605,0.5,0.4962228517469311
nfix,pond,Probe,100,intercept_fit,82,1.0,-1.303295787993053,0.31,0.4962228517469311
nfix,pond,Probe,100,intercept_fit,83,1.0,-0.5594111178040887,0.33,0.4962228517469311
nfix,pond,Probe,100,intercept_fit,84,1.0,-0.3141348752257625,0.39,0.4962228517469311
nfix,pond,Probe,100,intercept_fit,85,1.0,0.5551057350052746,0.62,0.4962228517469311
nfix,pond,Probe,100,intercept_fit,86,1.0,-0.7746228797572396,0.47,0.4962228517469311
nfix,pond,Probe,100,intercept_fit,87,1.0,-0.45222990940466185,0.58,0.4962228517469311
nfix,pond,Probe,100,intercept_fit,88,1.0,0.14280531516146694,0.43,0.4962228517469311
nfix,pond,Probe,100,intercept_fit,89,1.0,0.16036437022111222,0.42,0.4962228517469311
nfix,pond,Probe,100,intercept_fit,90,1.0,-1.2874819143658165,0.33,0.4962228517469311
nfix,pond,Probe,100,intercept_fit,91,1.0,-0.01758965750485185,0.43,0.4962228517469311
nfix,pond,Probe,100,intercept_fit,92,1.0,0.2638687009131918,0.34,0.4962228517469311
nfix,pond,Probe,100,intercept_fit,93,1.0,-0.4723697326399907,0.32,0.4962228517469311
nfix,pond,Probe,100,intercept_fit,94,1.0,-0.5877841740179175,0.48,0.4962228517469311
nfix,pond,Probe,100,intercept_fit,95,1.0,0.40586257938329906,0.53,0.4962228517469311
nfix,pond,Probe,100,intercept_fit,96,1.0,0.6694799048425834,0.57,0.4962228517469311
nfix,pond,Probe,100,intercept_fit,97,1.0,0.5650688098525918,0.53,0.4962228517469311
nfix,pond,Probe,100,intercept_fit,98,1.0,-0.5958186107731241,0.46,0.4962228517469311
nfix,pond,Probe,100,intercept_fit,99,1.0,-0.6382813978439198,0.46,0.4962228517469311
nfix,pond,NTP,100,intercept_fit,0,1.0,-0.9146612564863736,0.41,0.4962228517469311
nfix,pond,NTP,100,intercept_fit,1,1.0,-0.8299518162224786,0.39,0.4962228517469311
nfix,pond,NTP,100,intercept_fit,2,1.0,-0.3185676768948829,0.51,0.4962228517469311
nfix,pond,NTP,100,intercept_fit,3,1.0,-1.5232832458461614,0.25,0.4962228517469311
nfix,pond,NTP,100,intercept_fit,4,1.0,0.02281311474123241,0.55,0.4962228517469311
nfix,pond,NTP,100,intercept_fit,5,1.0,-0.9334917909687689,0.32,0.4962228517469311
nfix,pond,NTP,100,intercept_fit,6,1.0,-1.151860252521376,0.38,0.4962228517469311
nfix,pond,NTP,100,intercept_fit,7,1.0,-0.5093660521654767,0.47,0.4962228517469311
nfix,pond,NTP,100,intercept_fit,8,1.0,-0.4390723856762159,0.46,0.4962228517469311
nfix,pond,NTP,100,intercept_fit,9,1.0,-0.8447831193270618,0.37,0.4962228517469311
nfix,pond,NTP,100,intercept_fit,10,1.0,-0.6368411914440837,0.44,0.4962228517469311
nfix,pond,NTP,100,intercept_fit,11,1.0,-0.1679937933959334,0.51,0.4962228517469311
nfix,pond,NTP,100,intercept_fit,12,1.0,-0.7984664615862154,0.4,0.4962228517469311
nfix,pond,NTP,100,intercept_fit,13,1.0,-0.34342376012125764,0.51,0.4962228517469311
nfix,pond,NTP,100,intercept_fit,14,1.0,-1.323444335710992,0.31,0.4962228517469311
nfix,pond,NTP,100,intercept_fit,15,1.0,-0.3773488371261723,0.49,0.4962228517469311
nfix,pond,NTP,100,intercept_fit,16,1.0,-0.08307970166639024,0.56,0.4962228517469311
nfix,pond,NTP,100,intercept_fit,17,1.0,-1.2009047188670758,0.31,0.4962228517469311
nfix,pond,NTP,100,intercept_fit,18,1.0,-0.7529552218292935,0.41,0.4962228517469311
nfix,pond,NTP,100,intercept_fit,19,1.0,-0.9963996749262884,0.39,0.4962228517469311
nfix,pond,NTP,100,intercept_fit,20,1.0,-0.4907271149743792,0.47,0.4962228517469311
nfix,pond,NTP,100,intercept_fit,21,1.0,-1.3199023558126033,0.3,0.4962228517469311
nfix,pond,NTP,100,intercept_fit,22,1.0,0.20494116102671275,0.59,0.4962228517469311
nfix,pond,NTP,100,intercept_fit,23,1.0,-1.371496729854327,0.32,0.4962228517469311
nfix,pond,NTP,100,intercept_fit,24,1.0,-0.336010760113251,0.51,0.4962228517469311
nfix,pond,NTP,100,intercept_fit,25,1.0,-0.7676234218118235,0.36,0.4962228517469311
nfix,pond,NTP,100,intercept_fit,26,1.0,-0.4765812925383397,0.47,0.4962228517469311
nfix,pond,NTP,100,intercept_fit,27,1.0,-1.3475781850133237,0.3,0.4962228517469311
nfix,pond,NTP,100,intercept_fit,28,1.0,-0.1551189863839808,0.53,0.4962228517469311
nfix,pond,NTP,100,intercept_fit,29,1.0,-0.8964208023188162,0.36,0.4962228517469311
nfix,pond,NTP,100,intercept_fit,30,1.0,-0.031235795487276445,0.58,0.4962228517469311
nfix,pond,NTP,100,intercept_fit,31,1.0,-0.9512150959111448,0.37,0.4962228517469311
nfix,pond,NTP,100,intercept_fit,32,1.0,-0.5649621409172898,0.43,0.4962228517469311
nfix,pond,NTP,100,intercept_fit,33,1.0,-0.6019695029394841,0.42,0.4962228517469311
nfix,pond,NTP,100,intercept_fit,34,1.0,-0.5999067874845571,0.46,0.4962228517469311
nfix,pond,NTP,100,intercept_fit,35,1.0,-1.349361162022937,0.31,0.4962228517469311
nfix,pond,NTP,100,intercept_fit,36,1.0,-0.4050536150678168,0.48,0.4962228517469311
nfix,pond,NTP,100,intercept_fit,37,1.0,-0.6482977011718946,0.4,0.4962228517469311
nfix,pond,NTP,100,intercept_fit,38,1.0,-0.9905872670663226,0.36,0.4962228517469311
nfix,pond,NTP,100,intercept_fit,39,1.0,-1.2864718261205677,0.25,0.4962228517469311
nfix,pond,NTP,100,intercept_fit,40,1.0,-0.6542271943301577,0.46,0.4962228517469311
nfix,pond,NTP,100,intercept_fit,41,1.0,-0.43205214511299594,0.46,0.4962228517469311
nfix,pond,NTP,100,intercept_fit,42,1.0,-0.7749515330624157,0.42,0.4962228517469311
nfix,pond,NTP,100,intercept_fit,43,1.0,-0.24811992464725569,0.53,0.4962228517469311
nfix,pond,NTP,100,intercept_fit,44,1.0,-0.8927627573910362,0.36,0.4962228517469311
nfix,pond,NTP,100,intercept_fit,45,1.0,0.12632243837840607,0.62,0.4962228517469311
nfix,pond,NTP,100,intercept_fit,46,1.0,-1.171779833960745,0.37,0.4962228517469311
nfix,pond,NTP,100,intercept_fit,47,1.0,-0.9865128594664301,0.38,0.4962228517469311
nfix,pond,NTP,100,intercept_fit,48,1.0,-0.7275958728153241,0.41,0.4962228517469311
nfix,pond,NTP,100,intercept_fit,49,1.0,-1.325545708028057,0.27,0.4962228517469311
nfix,pond,NTP,100,intercept_fit,50,1.0,-0.8757358751585268,0.41,0.4962228517469311
nfix,pond,NTP,100,intercept_fit,51,1.0,-0.682958359394152,0.41,0.4962228517469311
nfix,pond,NTP,100,intercept_fit,52,1.0,-0.5691592066376638,0.47,0.4962228517469311
nfix,pond,NTP,100,intercept_fit,53,1.0,-0.5448195248902776,0.47,0.4962228517469311
nfix,pond,NTP,100,intercept_fit,54,1.0,-0.609654561072759,0.5,0.4962228517469311
nfix,pond,NTP,100,intercept_fit,55,1.0,-0.8161904812664446,0.4,0.4962228517469311
nfix,pond,NTP,100,intercept_fit,56,1.0,-1.12891293356424,0.33,0.4962228517469311
nfix,pond,NTP,100,intercept_fit,57,1.0,-0.8380387161093359,0.42,0.4962228517469311
nfix,pond,NTP,100,intercept_fit,58,1.0,-0.875809246193666,0.36,0.4962228517469311
nfix,pond,NTP,100,intercept_fit,59,1.0,-0.6626016417841888,0.44,0.4962228517469311
nfix,pond,NTP,100,intercept_fit,60,1.0,-0.5141833733300052,0.46,0.4962228517469311
nfix,pond,NTP,100,intercept_fit,61,1.0,-1.060849341801463,0.33,0.4962228517469311
nfix,pond,NTP,100,intercept_fit,62,1.0,-1.0307617448881419,0.38,0.4962228517469311
nfix,pond,NTP,100,intercept_fit,63,1.0,-0.35459438450522357,0.5,0.4962228517469311
nfix,pond,NTP,100,intercept_fit,64,1.0,-0.39122561280212187,0.54,0.4962228517469311
nfix,pond,NTP,100,intercept_fit,65,1.0,-0.43815495799133775,0.45,0.4962228517469311
nfix,pond,NTP,100,intercept_fit,66,1.0,-0.5174574862721627,0.45,0.4962228517469311
nfix,pond,NTP,100,intercept_fit,67,1.0,-0.5171597005066597,0.43,0.4962228517469311
nfix,pond,NTP,100,intercept_fit,68,1.0,-0.8423139920256066,0.42,0.4962228517469311
nfix,pond,NTP,100,intercept_fit,69,1.0,-0.3420334110134723,0.49,0.4962228517469311
nfix,pond,NTP,100,intercept_fit,70,1.0,-0.637169439808572,0.4,0.4962228517469311
nfix,pond,NTP,100,intercept_fit,71,1.0,-0.6428842700992665,0.41,0.4962228517469311
nfix,pond,NTP,100,intercept_fit,72,1.0,-0.1056082179646366,0.56,0.4962228517469311
nfix,pond,NTP,100,intercept_fit,73,1.0,-0.6047888579321259,0.45,0.4962228517469311
nfix,pond,NTP,100,intercept_fit,74,1.0,-0.6896207941383309,0.41,0.4962228517469311
nfix,pond,NTP,100,intercept_fit,75,1.0,-0.29495110877935937,0.53,0.4962228517469311
nfix,pond,NTP,100,intercept_fit,76,1.0,-0.4547695498909404,0.48,0.4962228517469311
nfix,pond,NTP,100,intercept_fit,77,1.0,-0.8281561736467676,0.39,0.4962228517469311
nfix,pond,NTP,100,intercept_fit,78,1.0,-0.29290283799794453,0.53,0.4962228517469311
nfix,pond,NTP,100,intercept_fit,79,1.0,-0.7617277830176579,0.4,0.4962228517469311
nfix,pond,NTP,100,intercept_fit,80,1.0,-0.4324741690543107,0.46,0.4962228517469311
nfix,pond,NTP,100,intercept_fit,81,1.0,-0.5955842313812593,0.5,0.4962228517469311
nfix,pond,NTP,100,intercept_fit,82,1.0,-1.3986746725241408,0.31,0.4962228517469311
nfix,pond,NTP,100,intercept_fit,83,1.0,-1.1283742797554799,0.33,0.4962228517469311
nfix,pond,NTP,100,intercept_fit,84,1.0,-0.8550891390606797,0.39,0.4962228517469311
nfix,pond,NTP,100,intercept_fit,85,1.0,0.020540264735894594,0.62,0.4962228517469311
nfix,pond,NTP,100,intercept_fit,86,1.0,-0.5056409515870172,0.47,0.4962228517469311
nfix,pond,NTP,100,intercept_fit,87,1.0,-0.36780265982468224,0.58,0.4962228517469311
nfix,pond,NTP,100,intercept_fit,88,1.0,-0.7643273806156576,0.43,0.4962228517469311
nfix,pond,NTP,100,intercept_fit,89,1.0,-0.6306906717977694,0.42,0.4962228517469311
nfix,pond,NTP,100,intercept_fit,90,1.0,-1.097222266142596,0.33,0.4962228517469311
nfix,pond,NTP,100,intercept_fit,91,1.0,-0.9107786921456427,0.43,0.4962228517469311
nfix,pond,NTP,100,intercept_fit,92,1.0,-0.9947371712051036,0.34,0.4962228517469311
nfix,pond,NTP,100,intercept_fit,93,1.0,-1.0963567614180276,0.32,0.4962228517469311
nfix,pond,NTP,100,intercept_fit,94,1.0,-0.42802680023548245,0.48,0.4962228517469311
nfix,pond,NTP,100,intercept_fit,95,1.0,-0.3456622753965833,0.53,0.4962228517469311
nfix,pond,NTP,100,intercept_fit,96,1.0,0.03677688860998856,0.57,0.4962228517469311
nfix,pond,NTP,100,intercept_fit,97,1.0,-0.21330529736349108,0.53,0.4962228517469311
nfix,pond,NTP,100,intercept_fit,98,1.0,-0.5962293283451745,0.46,0.4962228517469311
nfix,pond,NTP,100,intercept_fit,99,1.0,-0.5534168256161582,0.46,0.4962228517469311
nfix,pond,Probe,250,intercept_fit,0,1.0,-0.8532406103726932,0.42,0.4962228517469311
nfix,pond,Probe,250,intercept_fit,1,1.0,-0.3515167595543684,0.356,0.4962228517469311
nfix,pond,Probe,250,intercept_fit,2,1.0,-0.028617566862487624,0.568,0.4962228517469311
nfix,pond,Probe,250,intercept_fit,3,1.0,-0.15837180009840457,0.308,0.4962228517469311
nfix,pond,Probe,250,intercept_fit,4,1.0,0.6213078242684046,0.6,0.4962228517469311
nfix,pond,Probe,250,intercept_fit,5,1.0,0.2988932464230544,0.432,0.4962228517469311
nfix,pond,Probe,250,intercept_fit,6,1.0,-0.47665570187609124,0.436,0.4962228517469311
nfix,pond,Probe,250,intercept_fit,7,1.0,0.585639347903838,0.6,0.4962228517469311
nfix,pond,Probe,250,intercept_fit,8,1.0,0.32754047918138324,0.44,0.4962228517469311
nfix,pond,Probe,250,intercept_fit,9,1.0,-0.9341215236503184,0.38,0.4962228517469311
nfix,pond,Probe,250,intercept_fit,10,1.0,-0.45786519939981635,0.428,0.4962228517469311
nfix,pond,Probe,250,intercept_fit,11,1.0,0.6210210589475182,0.524,0.4962228517469311
nfix,pond,Probe,250,intercept_fit,12,1.0,0.024500003760680157,0.384,0.4962228517469311
nfix,pond,Probe,250,intercept_fit,13,1.0,-0.1690449720422636,0.488,0.4962228517469311
nfix,pond,Probe,250,intercept_fit,14,1.0,-0.793175705365241,0.372,0.4962228517469311
nfix,pond,Probe,250,intercept_fit,15,1.0,0.9550545719345894,0.6,0.4962228517469311
nfix,pond,Probe,250,intercept_fit,16,1.0,-0.031076494312691768,0.508,0.4962228517469311
nfix,pond,Probe,250,intercept_fit,17,1.0,-0.7865682744324978,0.392,0.4962228517469311
nfix,pond,Probe,250,intercept_fit,18,1.0,-0.40791464485136986,0.428,0.4962228517469311
nfix,pond,Probe,250,intercept_fit,19,1.0,-0.7162731214086734,0.4,0.4962228517469311
nfix,pond,Probe,250,intercept_fit,20,1.0,1.0048428575774004,0.516,0.4962228517469311
nfix,pond,Probe,250,intercept_fit,21,1.0,-0.4416065163149622,0.332,0.4962228517469311
nfix,pond,Probe,250,intercept_fit,22,1.0,-0.4820735023513255,0.452,0.4962228517469311
nfix,pond,Probe,250,intercept_fit,23,1.0,-0.8066299216855537,0.312,0.4962228517469311
nfix,pond,Probe,250,intercept_fit,24,1.0,0.11249989315268599,0.544,0.4962228517469311
nfix,pond,Probe,250,intercept_fit,25,1.0,0.5804744323855381,0.428,0.4962228517469311
nfix,pond,Probe,250,intercept_fit,26,1.0,-0.8403022680831286,0.452,0.4962228517469311
nfix,pond,Probe,250,intercept_fit,27,1.0,-0.9929353416237835,0.324,0.4962228517469311
nfix,pond,Probe,250,intercept_fit,28,1.0,-0.3066527453703683,0.492,0.4962228517469311
nfix,pond,Probe,250,intercept_fit,29,1.0,-0.001820251714786038,0.54,0.4962228517469311
nfix,pond,Probe,250,intercept_fit,30,1.0,0.4972277910841192,0.5,0.4962228517469311
nfix,pond,Probe,250,intercept_fit,31,1.0,0.03829445957753697,0.344,0.4962228517469311
nfix,pond,Probe,250,intercept_fit,32,1.0,0.5426612332027818,0.464,0.4962228517469311
nfix,pond,Probe,250,intercept_fit,33,1.0,-0.08661488843204719,0.416,0.4962228517469311
nfix,pond,Probe,250,intercept_fit,34,1.0,0.6581501403768888,0.512,0.4962228517469311
nfix,pond,Probe,250,intercept_fit,35,1.0,-0.6705855188955578,0.456,0.4962228517469311
nfix,pond,Probe,250,intercept_fit,36,1.0,-0.6619613440176444,0.472,0.4962228517469311
nfix,pond,Probe,250,intercept_fit,37,1.0,0.21646875613550956,0.416,0.4962228517469311
nfix,pond,Probe,250,intercept_fit,38,1.0,-0.027590921224167075,0.472,0.4962228517469311
nfix,pond,Probe,250,intercept_fit,39,1.0,-0.5224261344122615,0.324,0.4962228517469311
nfix,pond,Probe,250,intercept_fit,40,1.0,-0.6568423514174379,0.496,0.4962228517469311
nfix,pond,Probe,250,intercept_fit,41,1.0,-0.20722493224699218,0.396,0.4962228517469311
nfix,pond,Probe,250,intercept_fit,42,1.0,-0.15640933993768658,0.456,0.4962228517469311
nfix,pond,Probe,250,intercept_fit,43,1.0,0.6008567359666607,0.596,0.4962228517469311
nfix,pond,Probe,250,intercept_fit,44,1.0,-0.31667068393114733,0.304,0.4962228517469311
nfix,pond,Probe,250,intercept_fit,45,1.0,-0.4963719713402317,0.508,0.4962228517469311
nfix,pond,Probe,250,intercept_fit,46,1.0,-0.6027510346310665,0.476,0.4962228517469311
nfix,pond,Probe,250,intercept_fit,47,1.0,-0.5063394420637163,0.388,0.4962228517469311
nfix,pond,Probe,250,intercept_fit,48,1.0,-0.32027889907488344,0.376,0.4962228517469311
nfix,pond,Probe,250,intercept_fit,49,1.0,-0.10110483309054268,0.34,0.4962228517469311
nfix,pond,Probe,250,intercept_fit,50,1.0,-0.5302786128150576,0.416,0.4962228517469311
nfix,pond,Probe,250,intercept_fit,51,1.0,0.19762226164324045,0.508,0.4962228517469311
nfix,pond,Probe,250,intercept_fit,52,1.0,-0.8232300229981234,0.524,0.4962228517469311
nfix,pond,Probe,250,intercept_fit,53,1.0,0.17566054897453418,0.5,0.4962228517469311
nfix,pond,Probe,250,intercept_fit,54,1.0,-0.3865213936617225,0.452,0.4962228517469311
nfix,pond,Probe,250,intercept_fit,55,1.0,-0.5979529505534904,0.452,0.4962228517469311
nfix,pond,Probe,250,intercept_fit,56,1.0,-0.5851331131674984,0.444,0.4962228517469311
nfix,pond,Probe,250,intercept_fit,57,1.0,-0.168785562891058,0.508,0.4962228517469311
nfix,pond,Probe,250,intercept_fit,58,1.0,-0.5652943863095765,0.336,0.4962228517469311
nfix,pond,Probe,250,intercept_fit,59,1.0,0.31358972744862923,0.412,0.4962228517469311
nfix,pond,Probe,250,intercept_fit,60,1.0,-0.7886914982279173,0.42,0.4962228517469311
nfix,pond,Probe,250,intercept_fit,61,1.0,0.05722723741335688,0.492,0.4962228517469311
nfix,pond,Probe,250,intercept_fit,62,1.0,-0.3910225624155779,0.368,0.4962228517469311
nfix,pond,Probe,250,intercept_fit,63,1.0,-0.6388187288330877,0.476,0.4962228517469311
nfix,pond,Probe,250,intercept_fit,64,1.0,-0.18890322633851384,0.476,0.4962228517469311
nfix,pond,Probe,250,intercept_fit,65,1.0,0.9480053837853614,0.532,0.4962228517469311
nfix,pond,Probe,250,intercept_fit,66,1.0,-0.01768541660831011,0.36,0.4962228517469311
nfix,pond,Probe,250,intercept_fit,67,1.0,-0.32610857139484406,0.46,0.4962228517469311
nfix,pond,Probe,250,intercept_fit,68,1.0,-0.49106715623445235,0.396,0.4962228517469311
nfix,pond,Probe,250,intercept_fit,69,1.0,0.3335472359336772,0.484,0.4962228517469311
nfix,pond,Probe,250,intercept_fit,70,1.0,0.1127002032114946,0.476,0.4962228517469311
nfix,pond,Probe,250,intercept_fit,71,1.0,-0.3266794018374948,0.396,0.4962228517469311
nfix,pond,Probe,250,intercept_fit,72,1.0,0.46571264664867495,0.504,0.4962228517469311
nfix,pond,Probe,250,intercept_fit,73,1.0,-0.223077945157157,0.44,0.4962228517469311
nfix,pond,Probe,250,intercept_fit,74,1.0,-0.16377952714459149,0.412,0.4962228517469311
nfix,pond,Probe,250,intercept_fit,75,1.0,-1.0157378918708888,0.472,0.4962228517469311
nfix,pond,Probe,250,intercept_fit,76,1.0,0.20905770386384984,0.42,0.4962228517469311
nfix,pond,Probe,250,intercept_fit,77,1.0,-1.1246282424247576,0.488,0.4962228517469311
nfix,pond,Probe,250,intercept_fit,78,1.0,0.02218307793517132,0.54,0.4962228517469311
nfix,pond,Probe,250,intercept_fit,79,1.0,0.06575851137837871,0.34,0.4962228517469311
nfix,pond,Probe,250,intercept_fit,80,1.0,0.4760262076817208,0.536,0.4962228517469311
nfix,pond,Probe,250,intercept_fit,81,1.0,0.024306261991061805,0.584,0.4962228517469311
nfix,pond,Probe,250,intercept_fit,82,1.0,-0.559160815134581,0.432,0.4962228517469311
nfix,pond,Probe,250,intercept_fit,83,1.0,-0.3924818570039689,0.392,0.4962228517469311
nfix,pond,Probe,250,intercept_fit,84,1.0,-0.19744057500819537,0.488,0.4962228517469311
nfix,pond,Probe,250,intercept_fit,85,1.0,0.45077809131951124,0.588,0.4962228517469311
nfix,pond,Probe,250,intercept_fit,86,1.0,-0.6803263519573483,0.492,0.4962228517469311
nfix,pond,Probe,250,intercept_fit,87,1.0,-0.7580667214923279,0.512,0.4962228517469311
nfix,pond,Probe,250,intercept_fit,88,1.0,-0.3413362568129851,0.356,0.4962228517469311
nfix,pond,Probe,250,intercept_fit,89,1.0,0.10225387330236685,0.384,0.4962228517469311
nfix,pond,Probe,250,intercept_fit,90,1.0,-1.1374856380899678,0.3,0.4962228517469311
nfix,pond,Probe,250,intercept_fit,91,1.0,0.020996632257522546,0.416,0.4962228517469311
nfix,pond,Probe,250,intercept_fit,92,1.0,-0.3769157491894343,0.268,0.4962228517469311
nfix,pond,Probe,250,intercept_fit,93,1.0,-0.04242340137951946,0.42,0.4962228517469311
nfix,pond,Probe,250,intercept_fit,94,1.0,-0.713780100365027,0.468,0.4962228517469311
nfix,pond,Probe,250,intercept_fit,95,1.0,0.7124721109873237,0.58,0.4962228517469311
nfix,pond,Probe,250,intercept_fit,96,1.0,0.6463021350723978,0.52,0.4962228517469311
nfix,pond,Probe,250,intercept_fit,97,1.0,0.005794345752025029,0.432,0.4962228517469311
nfix,pond,Probe,250,intercept_fit,98,1.0,-0.4396475100398516,0.516,0.4962228517469311
nfix,pond,Probe,250,intercept_fit,99,1.0,-0.6549177835708664,0.44,0.4962228517469311
nfix,pond,NTP,250,intercept_fit,0,1.0,-0.8201737999365777,0.42,0.4962228517469311
nfix,pond,NTP,250,intercept_fit,1,1.0,-0.8850748675180857,0.356,0.4962228517469311
nfix,pond,NTP,250,intercept_fit,2,1.0,-0.3660358399293978,0.568,0.4962228517469311
nfix,pond,NTP,250,intercept_fit,3,1.0,-1.245002956649426,0.308,0.4962228517469311
nfix,pond,NTP,250,intercept_fit,4,1.0,-0.03103506153908357,0.6,0.4962228517469311
nfix,pond,NTP,250,intercept_fit,5,1.0,-0.6653899733558964,0.432,0.4962228517469311
nfix,pond,NTP,250,intercept_fit,6,1.0,-0.7311476465953528,0.436,0.4962228517469311
nfix,pond,NTP,250,intercept_fit,7,1.0,0.08586985838759945,0.6,0.4962228517469311
nfix,pond,NTP,250,intercept_fit,8,1.0,-0.6659917055060746,0.44,0.4962228517469311
nfix,pond,NTP,250,intercept_fit,9,1.0,-0.921063047954269,0.38,0.4962228517469311
nfix,pond,NTP,250,intercept_fit,10,1.0,-0.6621421845367575,0.428,0.4962228517469311
nfix,pond,NTP,250,intercept_fit,11,1.0,-0.09398348723345712,0.524,0.4962228517469311
nfix,pond,NTP,250,intercept_fit,12,1.0,-0.8080024866136831,0.384,0.4962228517469311
nfix,pond,NTP,250,intercept_fit,13,1.0,-0.4931076862830012,0.488,0.4962228517469311
nfix,pond,NTP,250,intercept_fit,14,1.0,-0.9353424145159269,0.372,0.4962228517469311
nfix,pond,NTP,250,intercept_fit,15,1.0,0.10710742155565346,0.6,0.4962228517469311
nfix,pond,NTP,250,intercept_fit,16,1.0,-0.3021079727489448,0.508,0.4962228517469311
nfix,pond,NTP,250,intercept_fit,17,1.0,-0.9898148085715718,0.392,0.4962228517469311
nfix,pond,NTP,250,intercept_fit,18,1.0,-0.5913066544662869,0.428,0.4962228517469311
nfix,pond,NTP,250,intercept_fit,19,1.0,-0.9091483764474265,0.4,0.4962228517469311
nfix,pond,NTP,250,intercept_fit,20,1.0,-0.3281342363108905,0.516,0.4962228517469311
nfix,pond,NTP,250,intercept_fit,21,1.0,-1.1241958113277584,0.332,0.4962228517469311
nfix,pond,NTP,250,intercept_fit,22,1.0,-0.622663185047406,0.452,0.4962228517469311
nfix,pond,NTP,250,intercept_fit,23,1.0,-1.2588137866530118,0.312,0.4962228517469311
nfix,pond,NTP,250,intercept_fit,24,1.0,-0.2159457252272464,0.544,0.4962228517469311
nfix,pond,NTP,250,intercept_fit,25,1.0,-0.5916838676122844,0.428,0.4962228517469311
nfix,pond,NTP,250,intercept_fit,26,1.0,-0.801327985575524,0.452,0.4962228517469311
nfix,pond,NTP,250,intercept_fit,27,1.0,-1.2605923717575365,0.324,0.4962228517469311
nfix,pond,NTP,250,intercept_fit,28,1.0,-0.44330143109048475,0.492,0.4962228517469311
nfix,pond,NTP,250,intercept_fit,29,1.0,-0.2045063061517985,0.54,0.4962228517469311
nfix,pond,NTP,250,intercept_fit,30,1.0,-0.33018617064486133,0.5,0.4962228517469311
nfix,pond,NTP,250,intercept_fit,31,1.0,-0.9511643994707762,0.344,0.4962228517469311
nfix,pond,NTP,250,intercept_fit,32,1.0,-0.48765015908551634,0.464,0.4962228517469311
nfix,pond,NTP,250,intercept_fit,33,1.0,-0.6619561407276774,0.416,0.4962228517469311
nfix,pond,NTP,250,intercept_fit,34,1.0,-0.3152871601509698,0.512,0.4962228517469311
nfix,pond,NTP,250,intercept_fit,35,1.0,-0.6713373083383639,0.456,0.4962228517469311
nfix,pond,NTP,250,intercept_fit,36,1.0,-0.4282708489045812,0.472,0.4962228517469311
nfix,pond,NTP,250,intercept_fit,37,1.0,-0.6666294999499024,0.416,0.4962228517469311
nfix,pond,NTP,250,intercept_fit,38,1.0,-0.574816888992857,0.472,0.4962228517469311
nfix,pond,NTP,250,intercept_fit,39,1.0,-1.1741875831675401,0.324,0.4962228517469311
nfix,pond,NTP,250,intercept_fit,40,1.0,-0.6870513636270653,0.496,0.4962228517469311
nfix,pond,NTP,250,intercept_fit,41,1.0,-0.7414260062901685,0.396,0.4962228517469311
nfix,pond,NTP,250,intercept_fit,42,1.0,-0.6256713140850103,0.456,0.4962228517469311
nfix,pond,NTP,250,intercept_fit,43,1.0,0.07529893781756757,0.596,0.4962228517469311
nfix,pond,NTP,250,intercept_fit,44,1.0,-1.1318734683635276,0.304,0.4962228517469311
nfix,pond,NTP,250,intercept_fit,45,1.0,-0.3945455508244475,0.508,0.4962228517469311
nfix,pond,NTP,250,intercept_fit,46,1.0,-0.5913239396797674,0.476,0.4962228517469311
nfix,pond,NTP,250,intercept_fit,47,1.0,-0.798111406905309,0.388,0.4962228517469311
nfix,pond,NTP,250,intercept_fit,48,1.0,-0.7846196343182336,0.376,0.4962228517469311
nfix,pond,NTP,250,intercept_fit,49,1.0,-0.9630115723988077,0.34,0.4962228517469311
nfix,pond,NTP,250,intercept_fit,50,1.0,-0.8151978072606205,0.416,0.4962228517469311
nfix,pond,NTP,250,intercept_fit,51,1.0,-0.3940060472081805,0.508,0.4962228517469311
nfix,pond,NTP,250,intercept_fit,52,1.0,-0.43994819688166464,0.524,0.4962228517469311
nfix,pond,NTP,250,intercept_fit,53,1.0,-0.4799795743162023,0.5,0.4962228517469311
nfix,pond,NTP,250,intercept_fit,54,1.0,-0.6495469281182951,0.452,0.4962228517469311
nfix,pond,NTP,250,intercept_fit,55,1.0,-0.6312942194266884,0.452,0.4962228517469311
nfix,pond,NTP,250,intercept_fit,56,1.0,-0.7945771279687298,0.444,0.4962228517469311
nfix,pond,NTP,250,intercept_fit,57,1.0,-0.35915400439547635,0.508,0.4962228517469311
nfix,pond,NTP,250,intercept_fit,58,1.0,-0.899324261627258,0.336,0.4962228517469311
nfix,pond,NTP,250,intercept_fit,59,1.0,-0.5854196825611497,0.412,0.4962228517469311
nfix,pond,NTP,250,intercept_fit,60,1.0,-0.8076765922149693,0.42,0.4962228517469311
nfix,pond,NTP,250,intercept_fit,61,1.0,-0.4211454758624841,0.492,0.4962228517469311
nfix,pond,NTP,250,intercept_fit,62,1.0,-1.0220431660526723,0.368,0.4962228517469311
nfix,pond,NTP,250,intercept_fit,63,1.0,-0.5383040700238051,0.476,0.4962228517469311
nfix,pond,NTP,250,intercept_fit,64,1.0,-0.6571313856792546,0.476,0.4962228517469311
nfix,pond,NTP,250,intercept_fit,65,1.0,-0.26522079957979466,0.532,0.4962228517469311
nfix,pond,NTP,250,intercept_fit,66,1.0,-0.8364391474446107,0.36,0.4962228517469311
nfix,pond,NTP,250,intercept_fit,67,1.0,-0.519859022592808,0.46,0.4962228517469311
nfix,pond,NTP,250,intercept_fit,68,1.0,-0.9355335330473498,0.396,0.4962228517469311
nfix,pond,NTP,250,intercept_fit,69,1.0,-0.367081326395213,0.484,0.4962228517469311
nfix,pond,NTP,250,intercept_fit,70,1.0,-0.33788844459557477,0.476,0.4962228517469311
nfix,pond,NTP,250,intercept_fit,71,1.0,-0.7132544261597753,0.396,0.4962228517469311
nfix,pond,NTP,250,intercept_fit,72,1.0,-0.2985302925023933,0.504,0.4962228517469311
nfix,pond,NTP,250,intercept_fit,73,1.0,-0.651828616845625,0.44,0.4962228517469311
nfix,pond,NTP,250,intercept_fit,74,1.0,-0.7501381173044616,0.412,0.4962228517469311
nfix,pond,NTP,250,intercept_fit,75,1.0,-0.6973499584169172,0.472,0.4962228517469311
nfix,pond,NTP,250,intercept_fit,76,1.0,-0.6662270870544517,0.42,0.4962228517469311
nfix,pond,NTP,250,intercept_fit,77,1.0,-0.5447589530938128,0.488,0.4962228517469311
nfix,pond,NTP,250,intercept_fit,78,1.0,-0.25937043878306426,0.54,0.4962228517469311
nfix,pond,NTP,250,intercept_fit,79,1.0,-0.9861872894085885,0.34,0.4962228517469311
nfix,pond,NTP,250,intercept_fit,80,1.0,-0.20969272377423956,0.536,0.4962228517469311
nfix,pond,NTP,250,intercept_fit,81,1.0,-0.11403702557316053,0.584,0.4962228517469311
nfix,pond,NTP,250,intercept_fit,82,1.0,-0.8398552075865442,0.432,0.4962228517469311
nfix,pond,NTP,250,intercept_fit,83,1.0,-0.9205253096483942,0.392,0.4962228517469311
nfix,pond,NTP,250,intercept_fit,84,1.0,-0.43650051786293964,0.488,0.4962228517469311
nfix,pond,NTP,250,intercept_fit,85,1.0,-0.006409548399898454,0.588,0.4962228517469311
nfix,pond,NTP,250,intercept_fit,86,1.0,-0.5349867078823639,0.492,0.4962228517469311
nfix,pond,NTP,250,intercept_fit,87,1.0,-0.5268050416021777,0.512,0.4962228517469311
nfix,pond,NTP,250,intercept_fit,88,1.0,-1.0608848878115267,0.356,0.4962228517469311
nfix,pond,NTP,250,intercept_fit,89,1.0,-0.8881988778266551,0.384,0.4962228517469311
nfix,pond,NTP,250,intercept_fit,90,1.0,-1.2563613894738745,0.3,0.4962228517469311
nfix,pond,NTP,250,intercept_fit,91,1.0,-0.8676624031639169,0.416,0.4962228517469311
nfix,pond,NTP,250,intercept_fit,92,1.0,-1.3420152634747087,0.268,0.4962228517469311
nfix,pond,NTP,250,intercept_fit,93,1.0,-0.80315610390608,0.42,0.4962228517469311
nfix,pond,NTP,250,intercept_fit,94,1.0,-0.582890910067892,0.468,0.4962228517469311
nfix,pond,NTP,250,intercept_fit,95,1.0,-0.11639160240247091,0.58,0.4962228517469311
nfix,pond,NTP,250,intercept_fit,96,1.0,-0.1894051022074089,0.52,0.4962228517469311
nfix,pond,NTP,250,intercept_fit,97,1.0,-0.7077164315910601,0.432,0.4962228517469311
nfix,pond,NTP,250,intercept_fit,98,1.0,-0.4536470390197679,0.516,0.4962228517469311
nfix,pond,NTP,250,intercept_fit,99,1.0,-0.6137347393228335,0.44,0.4962228517469311
nfix,pond,Probe,500,intercept_fit,0,1.0,-0.7462551500259763,0.434,0.4962228517469311
nfix,pond,Probe,500,intercept_fit,1,1.0,-0.2784210754866422,0.39,0.4962228517469311
nfix,pond,Probe,500,intercept_fit,2,1.0,-0.44910191691976276,0.47,0.4962228517469311
nfix,pond,Probe,500,intercept_fit,3,1.0,-0.3138373412887313,0.28,0.4962228517469311
nfix,pond,Probe,500,intercept_fit,4,1.0,0.839852003244519,0.588,0.4962228517469311
nfix,pond,Probe,500,intercept_fit,5,1.0,-0.007682314835852358,0.386,0.4962228517469311
nfix,pond,Probe,500,intercept_fit,6,1.0,-0.658504245346115,0.406,0.4962228517469311
nfix,pond,Probe,500,intercept_fit,7,1.0,0.2642097206084928,0.502,0.4962228517469311
nfix,pond,Probe,500,intercept_fit,8,1.0,0.3496166330335545,0.466,0.4962228517469311
nfix,pond,Probe,500,intercept_fit,9,1.0,-0.8911851783982989,0.386,0.4962228517469311
nfix,pond,Probe,500,intercept_fit,10,1.0,-0.5205517743514947,0.44,0.4962228517469311
nfix,pond,Probe,500,intercept_fit,11,1.0,0.5870224756770503,0.494,0.4962228517469311
nfix,pond,Probe,500,intercept_fit,12,1.0,-0.035644435323816955,0.384,0.4962228517469311
nfix,pond,Probe,500,intercept_fit,13,1.0,-0.250450328313441,0.48,0.4962228517469311
nfix,pond,Probe,500,intercept_fit,14,1.0,-0.9304535318705665,0.36,0.4962228517469311
nfix,pond,Probe,500,intercept_fit,15,1.0,0.6301065841060495,0.546,0.4962228517469311
nfix,pond,Probe,500,intercept_fit,16,1.0,-0.19798328882957997,0.49,0.4962228517469311
nfix,pond,Probe,500,intercept_fit,17,1.0,-0.6849122834089171,0.36,0.4962228517469311
nfix,pond,Probe,500,intercept_fit,18,1.0,-0.4386024098883653,0.422,0.4962228517469311
nfix,pond,Probe,500,intercept_fit,19,1.0,-0.7074993175748343,0.4,0.4962228517469311
nfix,pond,Probe,500,intercept_fit,20,1.0,0.8188538644614549,0.48,0.4962228517469311
nfix,pond,Probe,500,intercept_fit,21,1.0,-0.43191522979003055,0.324,0.4962228517469311
nfix,pond,Probe,500,intercept_fit,22,1.0,-0.0746045364661668,0.51,0.4962228517469311
nfix,pond,Probe,500,intercept_fit,23,1.0,-0.5184238614226434,0.356,0.4962228517469311
nfix,pond,Probe,500,intercept_fit,24,1.0,-0.14622460973629425,0.482,0.4962228517469311
nfix,pond,Probe,500,intercept_fit,25,1.0,0.46383034013550944,0.422,0.4962228517469311
nfix,pond,Probe,500,intercept_fit,26,1.0,-0.9070983261950333,0.422,0.4962228517469311
nfix,pond,Probe,500,intercept_fit,27,1.0,-0.823938978672279,0.36,0.4962228517469311
nfix,pond,Probe,500,intercept_fit,28,1.0,-0.6809826807257863,0.448,0.4962228517469311
nfix,pond,Probe,500,intercept_fit,29,1.0,-0.4591287480373724,0.436,0.4962228517469311
nfix,pond,Probe,500,intercept_fit,30,1.0,0.6071837098939677,0.524,0.4962228517469311
nfix,pond,Probe,500,intercept_fit,31,1.0,-0.08794115910704423,0.336,0.4962228517469311
nfix,pond,Probe,500,intercept_fit,32,1.0,0.3080274172914807,0.424,0.4962228517469311
nfix,pond,Probe,500,intercept_fit,33,1.0,-0.3454665479629592,0.392,0.4962228517469311
nfix,pond,Probe,500,intercept_fit,34,1.0,0.2547122038205193,0.434,0.4962228517469311
nfix,pond,Probe,500,intercept_fit,35,1.0,-0.9602563619503502,0.38,0.4962228517469311
nfix,pond,Probe,500,intercept_fit,36,1.0,-0.4276310131375796,0.526,0.4962228517469311
nfix,pond,Probe,500,intercept_fit,37,1.0,0.10992918465511776,0.394,0.4962228517469311
nfix,pond,Probe,500,intercept_fit,38,1.0,0.05180694598847991,0.452,0.4962228517469311
nfix,pond,Probe,500,intercept_fit,39,1.0,-0.34055935889713124,0.348,0.4962228517469311
nfix,pond,Probe,500,intercept_fit,40,1.0,-0.7620126384182597,0.468,0.4962228517469311
nfix,pond,Probe,500,intercept_fit,41,1.0,0.09540113826182808,0.434,0.4962228517469311
nfix,pond,Probe,500,intercept_fit,42,1.0,-0.18148291777893094,0.42,0.4962228517469311
nfix,pond,Probe,500,intercept_fit,43,1.0,0.17449936279668815,0.53,0.4962228517469311
nfix,pond,Probe,500,intercept_fit,44,1.0,-0.08404897449716137,0.372,0.4962228517469311
nfix,pond,Probe,500,intercept_fit,45,1.0,-0.2436529936426906,0.564,0.4962228517469311
nfix,pond,Probe,500,intercept_fit,46,1.0,-0.77447716592827,0.436,0.4962228517469311
nfix,pond,Probe,500,intercept_fit,47,1.0,-0.30580190650985345,0.404,0.4962228517469311
nfix,pond,Probe,500,intercept_fit,48,1.0,-0.23955025733933213,0.394,0.4962228517469311
nfix,pond,Probe,500,intercept_fit,49,1.0,-0.01944605826630746,0.356,0.4962228517469311
nfix,pond,Probe,500,intercept_fit,50,1.0,-0.4851004301120572,0.408,0.4962228517469311
nfix,pond,Probe,500,intercept_fit,51,1.0,-0.05063270229456859,0.462,0.4962228517469311
nfix,pond,Probe,500,intercept_fit,52,1.0,-1.1910397065151401,0.452,0.4962228517469311
nfix,pond,Probe,500,intercept_fit,53,1.0,0.03702595846090866,0.442,0.4962228517469311
nfix,pond,Probe,500,intercept_fit,54,1.0,-0.35234715390593435,0.43,0.4962228517469311
nfix,pond,Probe,500,intercept_fit,55,1.0,-0.8085861695188431,0.406,0.4962228517469311
nfix,pond,Probe,500,intercept_fit,56,1.0,-0.7715906284666625,0.424,0.4962228517469311
nfix,pond,Probe,500,intercept_fit,57,1.0,-0.4133226226701749,0.496,0.4962228517469311
nfix,pond,Probe,500,intercept_fit,58,1.0,-0.40295009333346216,0.386,0.4962228517469311
nfix,pond,Probe,500,intercept_fit,59,1.0,0.41431359827118586,0.45,0.4962228517469311
nfix,pond,Probe,500,intercept_fit,60,1.0,-0.7219117761404346,0.43,0.4962228517469311
nfix,pond,Probe,500,intercept_fit,61,1.0,0.01842441708138155,0.468,0.4962228517469311
nfix,pond,Probe,500,intercept_fit,62,1.0,-0.3676563521802,0.364,0.4962228517469311
nfix,pond,Probe,500,intercept_fit,63,1.0,-0.575553344186307,0.48,0.4962228517469311
nfix,pond,Probe,500,intercept_fit,64,1.0,0.03699539898920123,0.488,0.4962228517469311
nfix,pond,Probe,500,intercept_fit,65,1.0,0.6476516841768326,0.454,0.4962228517469311
nfix,pond,Probe,500,intercept_fit,66,1.0,0.2821293818230079,0.426,0.4962228517469311
nfix,pond,Probe,500,intercept_fit,67,1.0,-0.13562695622138898,0.518,0.4962228517469311
nfix,pond,Probe,500,intercept_fit,68,1.0,-0.5197832926164797,0.398,0.4962228517469311
nfix,pond,Probe,500,intercept_fit,69,1.0,0.32473874774443123,0.502,0.4962228517469311
nfix,pond,Probe,500,intercept_fit,70,1.0,-0.07937787628686752,0.43,0.4962228517469311
nfix,pond,Probe,500,intercept_fit,71,1.0,-0.4843834833817444,0.356,0.4962228517469311
nfix,pond,Probe,500,intercept_fit,72,1.0,0.556519973594461,0.504,0.4962228517469311
nfix,pond,Probe,500,intercept_fit,73,1.0,-0.5375284219313247,0.432,0.4962228517469311
nfix,pond,Probe,500,intercept_fit,74,1.0,-0.04479846404727469,0.404,0.4962228517469311
nfix,pond,Probe,500,intercept_fit,75,1.0,-0.6788124126407518,0.53,0.4962228517469311
nfix,pond,Probe,500,intercept_fit,76,1.0,0.11369608232502192,0.402,0.4962228517469311
nfix,pond,Probe,500,intercept_fit,77,1.0,-1.0447324635606525,0.49,0.4962228517469311
nfix,pond,Probe,500,intercept_fit,78,1.0,-0.18333729266232252,0.482,0.4962228517469311
nfix,pond,Probe,500,intercept_fit,79,1.0,0.26862138584565287,0.408,0.4962228517469311
nfix,pond,Probe,500,intercept_fit,80,1.0,0.5852116840917375,0.538,0.4962228517469311
nfix,pond,Probe,500,intercept_fit,81,1.0,0.004849760522854904,0.578,0.4962228517469311
nfix,pond,Probe,500,intercept_fit,82,1.0,-0.9326634019973719,0.37,0.4962228517469311
nfix,pond,Probe,500,intercept_fit,83,1.0,0.020379816766094926,0.424,0.4962228517469311
nfix,pond,Probe,500,intercept_fit,84,1.0,-0.2729836932997127,0.454,0.4962228517469311
nfix,pond,Probe,500,intercept_fit,85,1.0,0.2525029178856035,0.566,0.4962228517469311
nfix,pond,Probe,500,intercept_fit,86,1.0,-0.8541234192785159,0.428,0.4962228517469311
nfix,pond,Probe,500,intercept_fit,87,1.0,-1.0428622656722295,0.442,0.4962228517469311
nfix,pond,Probe,500,intercept_fit,88,1.0,-0.40147375411986513,0.358,0.4962228517469311
nfix,pond,Probe,500,intercept_fit,89,1.0,0.3371339546520768,0.418,0.4962228517469311
nfix,pond,Probe,500,intercept_fit,90,1.0,-0.8570829828580869,0.388,0.4962228517469311
nfix,pond,Probe,500,intercept_fit,91,1.0,-0.00771957459505078,0.448,0.4962228517469311
nfix,pond,Probe,500,intercept_fit,92,1.0,0.0860316567948264,0.336,0.4962228517469311
nfix,pond,Probe,500,intercept_fit,93,1.0,-0.20041632513892854,0.362,0.4962228517469311
nfix,pond,Probe,500,intercept_fit,94,1.0,-0.8411730063742265,0.454,0.4962228517469311
nfix,pond,Probe,500,intercept_fit,95,1.0,0.3912732136965867,0.518,0.4962228517469311
nfix,pond,Probe,500,intercept_fit,96,1.0,0.7110393562074264,0.552,0.4962228517469311
nfix,pond,Probe,500,intercept_fit,97,1.0,0.38721481010293096,0.498,0.4962228517469311
nfix,pond,Probe,500,intercept_fit,98,1.0,-0.5832924982706742,0.468,0.4962228517469311
nfix,pond,Probe,500,intercept_fit,99,1.0,-0.7942762474875164,0.428,0.4962228517469311
nfix,pond,NTP,500,intercept_fit,0,1.0,-0.6956472616420891,0.434,0.4962228517469311
nfix,pond,NTP,500,intercept_fit,1,1.0,-0.8354209675956515,0.39,0.4962228517469311
nfix,pond,NTP,500,intercept_fit,2,1.0,-0.6297399960968855,0.47,0.4962228517469311
nfix,pond,NTP,500,intercept_fit,3,1.0,-1.3658141314800463,0.28,0.4962228517469311
nfix,pond,NTP,500,intercept_fit,4,1.0,0.0497011544750835,0.588,0.4962228517469311
nfix,pond,NTP,500,intercept_fit,5,1.0,-0.8394412102863436,0.386,0.4962228517469311
nfix,pond,NTP,500,intercept_fit,6,1.0,-0.830831849585123,0.406,0.4962228517469311
nfix,pond,NTP,500,intercept_fit,7,1.0,-0.3227951939422245,0.502,0.4962228517469311
nfix,pond,NTP,500,intercept_fit,8,1.0,-0.5406209804472252,0.466,0.4962228517469311
nfix,pond,NTP,500,intercept_fit,9,1.0,-0.9381068187512177,0.386,0.4962228517469311
nfix,pond,NTP,500,intercept_fit,10,1.0,-0.6397539851172814,0.44,0.4962228517469311
nfix,pond,NTP,500,intercept_fit,11,1.0,-0.27782298839869407,0.494,0.4962228517469311
nfix,pond,NTP,500,intercept_fit,12,1.0,-0.8822361588121203,0.384,0.4962228517469311
nfix,pond,NTP,500,intercept_fit,13,1.0,-0.49735151101170394,0.48,0.4962228517469311
nfix,pond,NTP,500,intercept_fit,14,1.0,-1.0475031954188065,0.36,0.4962228517469311
nfix,pond,NTP,500,intercept_fit,15,1.0,-0.17774689238458535,0.546,0.4962228517469311
nfix,pond,NTP,500,intercept_fit,16,1.0,-0.38887928629169827,0.49,0.4962228517469311
nfix,pond,NTP,500,intercept_fit,17,1.0,-1.0123880643816385,0.36,0.4962228517469311
nfix,pond,NTP,500,intercept_fit,18,1.0,-0.72928315540336,0.422,0.4962228517469311
nfix,pond,NTP,500,intercept_fit,19,1.0,-0.8762708056479612,0.4,0.4962228517469311
nfix,pond,NTP,500,intercept_fit,20,1.0,-0.4937186659952702,0.48,0.4962228517469311
nfix,pond,NTP,500,intercept_fit,21,1.0,-1.1431159428597633,0.324,0.4962228517469311
nfix,pond,NTP,500,intercept_fit,22,1.0,-0.33655916427178373,0.51,0.4962228517469311
nfix,pond,NTP,500,intercept_fit,23,1.0,-1.0639026176418436,0.356,0.4962228517469311
nfix,pond,NTP,500,intercept_fit,24,1.0,-0.5158095843254792,0.482,0.4962228517469311
nfix,pond,NTP,500,intercept_fit,25,1.0,-0.6459949767879118,0.422,0.4962228517469311
nfix,pond,NTP,500,intercept_fit,26,1.0,-0.8056058598272383,0.422,0.4962228517469311
nfix,pond,NTP,500,intercept_fit,27,1.0,-1.0293507966025377,0.36,0.4962228517469311
nfix,pond,NTP,500,intercept_fit,28,1.0,-0.6083365164440362,0.448,0.4962228517469311
nfix,pond,NTP,500,intercept_fit,29,1.0,-0.6015612477349261,0.436,0.4962228517469311
nfix,pond,NTP,500,intercept_fit,30,1.0,-0.2193342059863158,0.524,0.4962228517469311
nfix,pond,NTP,500,intercept_fit,31,1.0,-1.0739475471133038,0.336,0.4962228517469311
nfix,pond,NTP,500,intercept_fit,32,1.0,-0.6371718237034624,0.424,0.4962228517469311
nfix,pond,NTP,500,intercept_fit,33,1.0,-0.8026743259752303,0.392,0.4962228517469311
nfix,pond,NTP,500,intercept_fit,34,1.0,-0.6641612695091063,0.434,0.4962228517469311
nfix,pond,NTP,500,intercept_fit,35,1.0,-1.0261010897068026,0.38,0.4962228517469311
nfix,pond,NTP,500,intercept_fit,36,1.0,-0.24758096622777903,0.526,0.4962228517469311
nfix,pond,NTP,500,intercept_fit,37,1.0,-0.7697449605948963,0.394,0.4962228517469311
nfix,pond,NTP,500,intercept_fit,38,1.0,-0.5839063568138847,0.452,0.4962228517469311
nfix,pond,NTP,500,intercept_fit,39,1.0,-1.0122642339241223,0.348,0.4962228517469311
nfix,pond,NTP,500,intercept_fit,40,1.0,-0.6883907900124913,0.468,0.4962228517469311
nfix,pond,NTP,500,intercept_fit,41,1.0,-0.5784808482941128,0.434,0.4962228517469311
nfix,pond,NTP,500,intercept_fit,42,1.0,-0.7099960518259935,0.42,0.4962228517469311
nfix,pond,NTP,500,intercept_fit,43,1.0,-0.23649704341569705,0.53,0.4962228517469311
nfix,pond,NTP,500,intercept_fit,44,1.0,-0.8963864692678514,0.372,0.4962228517469311
nfix,pond,NTP,500,intercept_fit,45,1.0,-0.2626084712785579,0.564,0.4962228517469311
nfix,pond,NTP,500,intercept_fit,46,1.0,-0.760572134655685,0.436,0.4962228517469311
nfix,pond,NTP,500,intercept_fit,47,1.0,-0.8027210042072995,0.404,0.4962228517469311
nfix,pond,NTP,500,intercept_fit,48,1.0,-0.7784859188180178,0.394,0.4962228517469311
nfix,pond,NTP,500,intercept_fit,49,1.0,-0.947060295359638,0.356,0.4962228517469311
nfix,pond,NTP,500,intercept_fit,50,1.0,-0.8311989701047199,0.408,0.4962228517469311
nfix,pond,NTP,500,intercept_fit,51,1.0,-0.44494942912397106,0.462,0.4962228517469311
nfix,pond,NTP,500,intercept_fit,52,1.0,-0.6280253945223309,0.452,0.4962228517469311
nfix,pond,NTP,500,intercept_fit,53,1.0,-0.6578193645132777,0.442,0.4962228517469311
nfix,pond,NTP,500,intercept_fit,54,1.0,-0.8106850095930729,0.43,0.4962228517469311
nfix,pond,NTP,500,intercept_fit,55,1.0,-0.7591227812982604,0.406,0.4962228517469311
nfix,pond,NTP,500,intercept_fit,56,1.0,-0.8183493170304318,0.424,0.4962228517469311
nfix,pond,NTP,500,intercept_fit,57,1.0,-0.49553362778818105,0.496,0.4962228517469311
nfix,pond,NTP,500,intercept_fit,58,1.0,-0.7550709301401839,0.386,0.4962228517469311
nfix,pond,NTP,500,intercept_fit,59,1.0,-0.47058732433797584,0.45,0.4962228517469311
nfix,pond,NTP,500,intercept_fit,60,1.0,-0.7903500076036316,0.43,0.4962228517469311
nfix,pond,NTP,500,intercept_fit,61,1.0,-0.48377218255857324,0.468,0.4962228517469311
nfix,pond,NTP,500,intercept_fit,62,1.0,-0.9956354950849476,0.364,0.4962228517469311
nfix,pond,NTP,500,intercept_fit,63,1.0,-0.45313827520965655,0.48,0.4962228517469311
nfix,pond,NTP,500,intercept_fit,64,1.0,-0.5133651623903662,0.488,0.4962228517469311
nfix,pond,NTP,500,intercept_fit,65,1.0,-0.5381376587191501,0.454,0.4962228517469311
nfix,pond,NTP,500,intercept_fit,66,1.0,-0.5732106832273545,0.426,0.4962228517469311
nfix,pond,NTP,500,intercept_fit,67,1.0,-0.2478916794198755,0.518,0.4962228517469311
nfix,pond,NTP,500,intercept_fit,68,1.0,-0.9501925441386825,0.398,0.4962228517469311
nfix,pond,NTP,500,intercept_fit,69,1.0,-0.2954051006473915,0.502,0.4962228517469311
nfix,pond,NTP,500,intercept_fit,70,1.0,-0.4588908732631019,0.43,0.4962228517469311
nfix,pond,NTP,500,intercept_fit,71,1.0,-0.9339788769885202,0.356,0.4962228517469311
nfix,pond,NTP,500,intercept_fit,72,1.0,-0.2992431708395916,0.504,0.4962228517469311
nfix,pond,NTP,500,intercept_fit,73,1.0,-0.7536954312304983,0.432,0.4962228517469311
nfix,pond,NTP,500,intercept_fit,74,1.0,-0.7535428949661177,0.404,0.4962228517469311
nfix,pond,NTP,500,intercept_fit,75,1.0,-0.44737905884097123,0.53,0.4962228517469311
nfix,pond,NTP,500,intercept_fit,76,1.0,-0.8110927505758785,0.402,0.4962228517469311
nfix,pond,NTP,500,intercept_fit,77,1.0,-0.5524139402096317,0.49,0.4962228517469311
nfix,pond,NTP,500,intercept_fit,78,1.0,-0.5775268172347825,0.482,0.4962228517469311
nfix,pond,NTP,500,intercept_fit,79,1.0,-0.7794979785544194,0.408,0.4962228517469311
nfix,pond,NTP,500,intercept_fit,80,1.0,-0.17645217407340041,0.538,0.4962228517469311
nfix,pond,NTP,500,intercept_fit,81,1.0,-0.1446829446147967,0.578,0.4962228517469311
nfix,pond,NTP,500,intercept_fit,82,1.0,-1.1157828898186697,0.37,0.4962228517469311
nfix,pond,NTP,500,intercept_fit,83,1.0,-0.7815628794810529,0.424,0.4962228517469311
nfix,pond,NTP,500,intercept_fit,84,1.0,-0.5786598074193458,0.454,0.4962228517469311
nfix,pond,NTP,500,intercept_fit,85,1.0,-0.133309551284666,0.566,0.4962228517469311
nfix,pond,NTP,500,intercept_fit,86,1.0,-0.6542120232821435,0.428,0.4962228517469311
nfix,pond,NTP,500,intercept_fit,87,1.0,-0.7407376508718969,0.442,0.4962228517469311
nfix,pond,NTP,500,intercept_fit,88,1.0,-0.9976723006075174,0.358,0.4962228517469311
nfix,pond,NTP,500,intercept_fit,89,1.0,-0.6935438583403014,0.418,0.4962228517469311
nfix,pond,NTP,500,intercept_fit,90,1.0,-0.9347067394780475,0.388,0.4962228517469311
nfix,pond,NTP,500,intercept_fit,91,1.0,-0.7178294936132534,0.448,0.4962228517469311
nfix,pond,NTP,500,intercept_fit,92,1.0,-1.0772959337639794,0.336,0.4962228517469311
nfix,pond,NTP,500,intercept_fit,93,1.0,-1.0103465023177973,0.362,0.4962228517469311
nfix,pond,NTP,500,intercept_fit,94,1.0,-0.6591717048506375,0.454,0.4962228517469311
nfix,pond,NTP,500,intercept_fit,95,1.0,-0.38568748431351635,0.518,0.4962228517469311
nfix,pond,NTP,500,intercept_fit,96,1.0,-0.0889742411496293,0.552,0.4962228517469311
nfix,pond,NTP,500,intercept_fit,97,1.0,-0.38957791705046196,0.498,0.4962228517469311
nfix,pond,NTP,500,intercept_fit,98,1.0,-0.5104096436623778,0.468,0.4962228517469311
nfix,pond,NTP,500,intercept_fit,99,1.0,-0.7130715235385167,0.428,0.4962228517469311
nfix,pond,Probe,1000,intercept_fit,0,1.0,-0.782402476054788,0.418,0.4962228517469311
nfix,pond,Probe,1000,intercept_fit,1,1.0,-0.32005428640830497,0.389,0.4962228517469311
nfix,pond,Probe,1000,intercept_fit,2,1.0,-0.3503609988343384,0.496,0.4962228517469311
nfix,pond,Probe,1000,intercept_fit,3,1.0,-0.21364175677046376,0.295,0.4962228517469311
nfix,pond,Probe,1000,intercept_fit,4,1.0,0.6680812035058026,0.576,0.4962228517469311
nfix,pond,Probe,1000,intercept_fit,5,1.0,0.05679968358346544,0.393,0.4962228517469311
nfix,pond,Probe,1000,intercept_fit,6,1.0,-0.6816527875581495,0.401,0.4962228517469311
nfix,pond,Probe,1000,intercept_fit,7,1.0,0.2058919255271185,0.508,0.4962228517469311
nfix,pond,Probe,1000,intercept_fit,8,1.0,0.31526411948636407,0.44,0.4962228517469311
nfix,pond,Probe,1000,intercept_fit,9,1.0,-0.8231380970634259,0.4,0.4962228517469311
nfix,pond,Probe,1000,intercept_fit,10,1.0,-0.47484019479384915,0.444,0.4962228517469311
nfix,pond,Probe,1000,intercept_fit,11,1.0,0.5532080997044103,0.497,0.4962228517469311
nfix,pond,Probe,1000,intercept_fit,12,1.0,-0.010075067339348797,0.376,0.4962228517469311
nfix,pond,Probe,1000,intercept_fit,13,1.0,-0.04992346998441614,0.503,0.4962228517469311
nfix,pond,Probe,1000,intercept_fit,14,1.0,-0.7213542920806847,0.377,0.4962228517469311
nfix,pond,Probe,1000,intercept_fit,15,1.0,0.636706837171291,0.544,0.4962228517469311
nfix,pond,Probe,1000,intercept_fit,16,1.0,-0.3496354430128613,0.46,0.4962228517469311
nfix,pond,Probe,1000,intercept_fit,17,1.0,-0.8456369700303261,0.355,0.4962228517469311
nfix,pond,Probe,1000,intercept_fit,18,1.0,-0.4225972810186993,0.441,0.4962228517469311
nfix,pond,Probe,1000,intercept_fit,19,1.0,-0.6862129556618873,0.413,0.4962228517469311
nfix,pond,Probe,1000,intercept_fit,20,1.0,1.0347529710274026,0.553,0.4962228517469311
nfix,pond,Probe,1000,intercept_fit,21,1.0,-0.33056234470427787,0.333,0.4962228517469311
nfix,pond,Probe,1000,intercept_fit,22,1.0,0.05477956905108601,0.534,0.4962228517469311
nfix,pond,Probe,1000,intercept_fit,23,1.0,-0.5830642430344164,0.331,0.4962228517469311
nfix,pond,Probe,1000,intercept_fit,24,1.0,0.03232938956790747,0.524,0.4962228517469311
nfix,pond,Probe,1000,intercept_fit,25,1.0,0.39468447922741245,0.41,0.4962228517469311
nfix,pond,Probe,1000,intercept_fit,26,1.0,-0.8165135051887601,0.454,0.4962228517469311
nfix,pond,Probe,1000,intercept_fit,27,1.0,-0.7963121471419751,0.373,0.4962228517469311
nfix,pond,Probe,1000,intercept_fit,28,1.0,-0.6315207561519143,0.45,0.4962228517469311
nfix,pond,Probe,1000,intercept_fit,29,1.0,-0.2721130342283074,0.461,0.4962228517469311
nfix,pond,Probe,1000,intercept_fit,30,1.0,0.7959421274985239,0.56,0.4962228517469311
nfix,pond,Probe,1000,intercept_fit,31,1.0,0.06075800633937733,0.374,0.4962228517469311
nfix,pond,Probe,1000,intercept_fit,32,1.0,0.5023833352371149,0.454,0.4962228517469311
nfix,pond,Probe,1000,intercept_fit,33,1.0,-0.17194115717082095,0.43,0.4962228517469311
nfix,pond,Probe,1000,intercept_fit,34,1.0,0.34473247889741815,0.454,0.4962228517469311
nfix,pond,Probe,1000,intercept_fit,35,1.0,-0.6055560700800624,0.448,0.4962228517469311
nfix,pond,Probe,1000,intercept_fit,36,1.0,-0.6336317795131795,0.474,0.4962228517469311
nfix,pond,Probe,1000,intercept_fit,37,1.0,0.058946560311318306,0.408,0.4962228517469311
nfix,pond,Probe,1000,intercept_fit,38,1.0,-0.2810625070935297,0.407,0.4962228517469311
nfix,pond,Probe,1000,intercept_fit,39,1.0,-0.43004793507717565,0.34,0.4962228517469311
nfix,pond,Probe,1000,intercept_fit,40,1.0,-0.7917544903457073,0.469,0.4962228517469311
nfix,pond,Probe,1000,intercept_fit,41,1.0,0.04382429004077471,0.45,0.4962228517469311
nfix,pond,Probe,1000,intercept_fit,42,1.0,-0.13153923003960113,0.451,0.4962228517469311
nfix,pond,Probe,1000,intercept_fit,43,1.0,0.21887048843272475,0.545,0.4962228517469311
nfix,pond,Probe,1000,intercept_fit,44,1.0,-0.003869191800447514,0.379,0.4962228517469311
nfix,pond,Probe,1000,intercept_fit,45,1.0,-0.4035382842082386,0.527,0.4962228517469311
nfix,pond,Probe,1000,intercept_fit,46,1.0,-0.829942349282833,0.406,0.4962228517469311
nfix,pond,Probe,1000,intercept_fit,47,1.0,-0.18327488369130165,0.435,0.4962228517469311
nfix,pond,Probe,1000,intercept_fit,48,1.0,-0.23241924801608996,0.408,0.4962228517469311
nfix,pond,Probe,1000,intercept_fit,49,1.0,-0.006649456859768419,0.362,0.4962228517469311
nfix,pond,Probe,1000,intercept_fit,50,1.0,-0.5957691943387106,0.418,0.4962228517469311
nfix,pond,Probe,1000,intercept_fit,51,1.0,-0.01104048199105248,0.475,0.4962228517469311
nfix,pond,Probe,1000,intercept_fit,52,1.0,-1.0619967911409909,0.462,0.4962228517469311
nfix,pond,Probe,1000,intercept_fit,53,1.0,0.0836475449630493,0.442,0.4962228517469311
nfix,pond,Probe,1000,intercept_fit,54,1.0,-0.3588888807296229,0.427,0.4962228517469311
nfix,pond,Probe,1000,intercept_fit,55,1.0,-0.6281964248969599,0.456,0.4962228517469311
nfix,pond,Probe,1000,intercept_fit,56,1.0,-0.746983203555287,0.437,0.4962228517469311
nfix,pond,Probe,1000,intercept_fit,57,1.0,-0.3814352693266336,0.478,0.4962228517469311
nfix,pond,Probe,1000,intercept_fit,58,1.0,-0.4746330713710511,0.37,0.4962228517469311
nfix,pond,Probe,1000,intercept_fit,59,1.0,0.1935880255729344,0.409,0.4962228517469311
nfix,pond,Probe,1000,intercept_fit,60,1.0,-0.7544643675502758,0.423,0.4962228517469311
nfix,pond,Probe,1000,intercept_fit,61,1.0,0.20890155414023137,0.51,0.4962228517469311
nfix,pond,Probe,1000,intercept_fit,62,1.0,-0.4515990154455249,0.358,0.4962228517469311
nfix,pond,Probe,1000,intercept_fit,63,1.0,-0.5244103997136552,0.476,0.4962228517469311
nfix,pond,Probe,1000,intercept_fit,64,1.0,0.004423838261828003,0.461,0.4962228517469311
nfix,pond,Probe,1000,intercept_fit,65,1.0,0.6429272419608455,0.443,0.4962228517469311
nfix,pond,Probe,1000,intercept_fit,66,1.0,0.233217611540942,0.417,0.4962228517469311
nfix,pond,Probe,1000,intercept_fit,67,1.0,-0.07234297508757634,0.492,0.4962228517469311
nfix,pond,Probe,1000,intercept_fit,68,1.0,-0.6990746764584047,0.351,0.4962228517469311
nfix,pond,Probe,1000,intercept_fit,69,1.0,0.3563570141597619,0.512,0.4962228517469311
nfix,pond,Probe,1000,intercept_fit,70,1.0,0.0009449472051886098,0.455,0.4962228517469311
nfix,pond,Probe,1000,intercept_fit,71,1.0,-0.45978693096364837,0.375,0.4962228517469311
nfix,pond,Probe,1000,intercept_fit,72,1.0,0.41633683717663966,0.485,0.4962228517469311
nfix,pond,Probe,1000,intercept_fit,73,1.0,-0.30123994577651836,0.433,0.4962228517469311
nfix,pond,Probe,1000,intercept_fit,74,1.0,-0.10288234175728422,0.404,0.4962228517469311
nfix,pond,Probe,1000,intercept_fit,75,1.0,-0.6303961568605125,0.54,0.4962228517469311
nfix,pond,Probe,1000,intercept_fit,76,1.0,0.22613015513640403,0.415,0.4962228517469311
nfix,pond,Probe,1000,intercept_fit,77,1.0,-1.170712096809343,0.466,0.4962228517469311
nfix,pond,Probe,1000,intercept_fit,78,1.0,-0.2371372803188232,0.501,0.4962228517469311
nfix,pond,Probe,1000,intercept_fit,79,1.0,0.09552132980088934,0.358,0.4962228517469311
nfix,pond,Probe,1000,intercept_fit,80,1.0,0.5325066851736624,0.541,0.4962228517469311
nfix,pond,Probe,1000,intercept_fit,81,1.0,-0.07813549761185411,0.56,0.4962228517469311
nfix,pond,Probe,1000,intercept_fit,82,1.0,-0.9047022676072766,0.361,0.4962228517469311
nfix,pond,Probe,1000,intercept_fit,83,1.0,0.29493351724212447,0.453,0.4962228517469311
nfix,pond,Probe,1000,intercept_fit,84,1.0,-0.24092266438694598,0.463,0.4962228517469311
nfix,pond,Probe,1000,intercept_fit,85,1.0,0.27588908687982533,0.562,0.4962228517469311
nfix,pond,Probe,1000,intercept_fit,86,1.0,-1.0281583324231056,0.413,0.4962228517469311
nfix,pond,Probe,1000,intercept_fit,87,1.0,-0.892094303526075,0.471,0.4962228517469311
nfix,pond,Probe,1000,intercept_fit,88,1.0,-0.184667956772874,0.382,0.4962228517469311
nfix,pond,Probe,1000,intercept_fit,89,1.0,0.0024485636355944663,0.37,0.4962228517469311
nfix,pond,Probe,1000,intercept_fit,90,1.0,-1.0918762453131499,0.348,0.4962228517469311
nfix,pond,Probe,1000,intercept_fit,91,1.0,0.054402682640976516,0.456,0.4962228517469311
nfix,pond,Probe,1000,intercept_fit,92,1.0,-0.2504660146729558,0.292,0.4962228517469311
nfix,pond,Probe,1000,intercept_fit,93,1.0,-0.06734659980840965,0.381,0.4962228517469311
nfix,pond,Probe,1000,intercept_fit,94,1.0,-0.7893765802744168,0.471,0.4962228517469311
nfix,pond,Probe,1000,intercept_fit,95,1.0,0.48389074332293375,0.566,0.4962228517469311
nfix,pond,Probe,1000,intercept_fit,96,1.0,0.5803442328801401,0.535,0.4962228517469311
nfix,pond,Probe,1000,intercept_fit,97,1.0,0.46323091933577837,0.499,0.4962228517469311
nfix,pond,Probe,1000,intercept_fit,98,1.0,-0.5204197226605466,0.484,0.4962228517469311
nfix,pond,Probe,1000,intercept_fit,99,1.0,-0.7108998266476725,0.444,0.4962228517469311
nfix,pond,NTP,1000,intercept_fit,0,1.0,-0.7697545659259539,0.418,0.4962228517469311
nfix,pond,NTP,1000,intercept_fit,1,1.0,-0.8302983878904812,0.389,0.4962228517469311
nfix,pond,NTP,1000,intercept_fit,2,1.0,-0.4904724954443661,0.496,0.4962228517469311
nfix,pond,NTP,1000,intercept_fit,3,1.0,-1.2864150879763125,0.295,0.4962228517469311
nfix,pond,NTP,1000,intercept_fit,4,1.0,0.024568672555624695,0.576,0.4962228517469311
nfix,pond,NTP,1000,intercept_fit,5,1.0,-0.8345989535864683,0.393,0.4962228517469311
nfix,pond,NTP,1000,intercept_fit,6,1.0,-0.8913969181097389,0.401,0.4962228517469311
nfix,pond,NTP,1000,intercept_fit,7,1.0,-0.3700679826499895,0.508,0.4962228517469311
nfix,pond,NTP,1000,intercept_fit,8,1.0,-0.6226546675142505,0.44,0.4962228517469311
nfix,pond,NTP,1000,intercept_fit,9,1.0,-0.8348470603430722,0.4,0.4962228517469311
nfix,pond,NTP,1000,intercept_fit,10,1.0,-0.6771165750478831,0.444,0.4962228517469311
nfix,pond,NTP,1000,intercept_fit,11,1.0,-0.3108112143572856,0.497,0.4962228517469311
nfix,pond,NTP,1000,intercept_fit,12,1.0,-0.8664280697151376,0.376,0.4962228517469311
nfix,pond,NTP,1000,intercept_fit,13,1.0,-0.3709957202508859,0.503,0.4962228517469311
nfix,pond,NTP,1000,intercept_fit,14,1.0,-0.9299698401994955,0.377,0.4962228517469311
nfix,pond,NTP,1000,intercept_fit,15,1.0,-0.15013928566088036,0.544,0.4962228517469311
nfix,pond,NTP,1000,intercept_fit,16,1.0,-0.4510588021938544,0.46,0.4962228517469311
nfix,pond,NTP,1000,intercept_fit,17,1.0,-1.0808631201543026,0.355,0.4962228517469311
nfix,pond,NTP,1000,intercept_fit,18,1.0,-0.6332412625355706,0.441,0.4962228517469311
nfix,pond,NTP,1000,intercept_fit,19,1.0,-0.8336984220604496,0.413,0.4962228517469311
nfix,pond,NTP,1000,intercept_fit,20,1.0,-0.21516953492766983,0.553,0.4962228517469311
nfix,pond,NTP,1000,intercept_fit,21,1.0,-1.0818131756425473,0.333,0.4962228517469311
nfix,pond,NTP,1000,intercept_fit,22,1.0,-0.28036427198239633,0.534,0.4962228517469311
nfix,pond,NTP,1000,intercept_fit,23,1.0,-1.186547304146955,0.331,0.4962228517469311
nfix,pond,NTP,1000,intercept_fit,24,1.0,-0.35211497293215505,0.524,0.4962228517469311
nfix,pond,NTP,1000,intercept_fit,25,1.0,-0.6799153087621583,0.41,0.4962228517469311
nfix,pond,NTP,1000,intercept_fit,26,1.0,-0.6910510034906763,0.454,0.4962228517469311
nfix,pond,NTP,1000,intercept_fit,27,1.0,-1.0525447039938072,0.373,0.4962228517469311
nfix,pond,NTP,1000,intercept_fit,28,1.0,-0.6006068800068204,0.45,0.4962228517469311
nfix,pond,NTP,1000,intercept_fit,29,1.0,-0.4739019585326917,0.461,0.4962228517469311
nfix,pond,NTP,1000,intercept_fit,30,1.0,-0.10188557394039541,0.56,0.4962228517469311
nfix,pond,NTP,1000,intercept_fit,31,1.0,-0.9449118721302554,0.374,0.4962228517469311
nfix,pond,NTP,1000,intercept_fit,32,1.0,-0.48405111240397025,0.454,0.4962228517469311
nfix,pond,NTP,1000,intercept_fit,33,1.0,-0.6302662060190954,0.43,0.4962228517469311
nfix,pond,NTP,1000,intercept_fit,34,1.0,-0.5695351960346318,0.454,0.4962228517469311
nfix,pond,NTP,1000,intercept_fit,35,1.0,-0.7116213890132355,0.448,0.4962228517469311
nfix,pond,NTP,1000,intercept_fit,36,1.0,-0.5112585282617087,0.474,0.4962228517469311
nfix,pond,NTP,1000,intercept_fit,37,1.0,-0.7152114246926894,0.408,0.4962228517469311
nfix,pond,NTP,1000,intercept_fit,38,1.0,-0.8124071097864295,0.407,0.4962228517469311
nfix,pond,NTP,1000,intercept_fit,39,1.0,-1.111584874569584,0.34,0.4962228517469311
nfix,pond,NTP,1000,intercept_fit,40,1.0,-0.6883402716922694,0.469,0.4962228517469311
nfix,pond,NTP,1000,intercept_fit,41,1.0,-0.5342377817398646,0.45,0.4962228517469311
nfix,pond,NTP,1000,intercept_fit,42,1.0,-0.6179488830536055,0.451,0.4962228517469311
nfix,pond,NTP,1000,intercept_fit,43,1.0,-0.16011547715974736,0.545,0.4962228517469311
nfix,pond,NTP,1000,intercept_fit,44,1.0,-0.7706430907373991,0.379,0.4962228517469311
nfix,pond,NTP,1000,intercept_fit,45,1.0,-0.39619350127346215,0.527,0.4962228517469311
nfix,pond,NTP,1000,intercept_fit,46,1.0,-0.8823444754764896,0.406,0.4962228517469311
nfix,pond,NTP,1000,intercept_fit,47,1.0,-0.681917928359345,0.435,0.4962228517469311
nfix,pond,NTP,1000,intercept_fit,48,1.0,-0.7709482648247971,0.408,0.4962228517469311
nfix,pond,NTP,1000,intercept_fit,49,1.0,-0.9636637321317376,0.362,0.4962228517469311
nfix,pond,NTP,1000,intercept_fit,50,1.0,-0.8366772291356155,0.418,0.4962228517469311
nfix,pond,NTP,1000,intercept_fit,51,1.0,-0.4411703826417374,0.475,0.4962228517469311
nfix,pond,NTP,1000,intercept_fit,52,1.0,-0.5993629421987572,0.462,0.4962228517469311
nfix,pond,NTP,1000,intercept_fit,53,1.0,-0.6601659428966287,0.442,0.4962228517469311
nfix,pond,NTP,1000,intercept_fit,54,1.0,-0.7724771155557357,0.427,0.4962228517469311
nfix,pond,NTP,1000,intercept_fit,55,1.0,-0.5504822286275598,0.456,0.4962228517469311
nfix,pond,NTP,1000,intercept_fit,56,1.0,-0.7627549583102499,0.437,0.4962228517469311
nfix,pond,NTP,1000,intercept_fit,57,1.0,-0.49579821918621797,0.478,0.4962228517469311
nfix,pond,NTP,1000,intercept_fit,58,1.0,-0.8629426285286099,0.37,0.4962228517469311
nfix,pond,NTP,1000,intercept_fit,59,1.0,-0.661349704534228,0.409,0.4962228517469311
nfix,pond,NTP,1000,intercept_fit,60,1.0,-0.7936395766801398,0.423,0.4962228517469311
nfix,pond,NTP,1000,intercept_fit,61,1.0,-0.2537770674708775,0.51,0.4962228517469311
nfix,pond,NTP,1000,intercept_fit,62,1.0,-1.0233434353933428,0.358,0.4962228517469311
nfix,pond,NTP,1000,intercept_fit,63,1.0,-0.48835887476373735,0.476,0.4962228517469311
nfix,pond,NTP,1000,intercept_fit,64,1.0,-0.5891483549681781,0.461,0.4962228517469311
nfix,pond,NTP,1000,intercept_fit,65,1.0,-0.520265866365016,0.443,0.4962228517469311
nfix,pond,NTP,1000,intercept_fit,66,1.0,-0.6211523422645568,0.417,0.4962228517469311
nfix,pond,NTP,1000,intercept_fit,67,1.0,-0.294904369730667,0.492,0.4962228517469311
nfix,pond,NTP,1000,intercept_fit,68,1.0,-1.0646950408672202,0.351,0.4962228517469311
nfix,pond,NTP,1000,intercept_fit,69,1.0,-0.22414327416737312,0.512,0.4962228517469311
nfix,pond,NTP,1000,intercept_fit,70,1.0,-0.3670457656541958,0.455,0.4962228517469311
nfix,pond,NTP,1000,intercept_fit,71,1.0,-0.8887993789738341,0.375,0.4962228517469311
nfix,pond,NTP,1000,intercept_fit,72,1.0,-0.3090610896685514,0.485,0.4962228517469311
nfix,pond,NTP,1000,intercept_fit,73,1.0,-0.6736223281541843,0.433,0.4962228517469311
nfix,pond,NTP,1000,intercept_fit,74,1.0,-0.7627918111182526,0.404,0.4962228517469311
nfix,pond,NTP,1000,intercept_fit,75,1.0,-0.35759148564899357,0.54,0.4962228517469311
nfix,pond,NTP,1000,intercept_fit,76,1.0,-0.6712446335334056,0.415,0.4962228517469311
nfix,pond,NTP,1000,intercept_fit,77,1.0,-0.7137119142960098,0.466,0.4962228517469311
nfix,pond,NTP,1000,intercept_fit,78,1.0,-0.5197310296083675,0.501,0.4962228517469311
nfix,pond,NTP,1000,intercept_fit,79,1.0,-0.9009549581752094,0.358,0.4962228517469311
nfix,pond,NTP,1000,intercept_fit,80,1.0,-0.1589767844027947,0.541,0.4962228517469311
nfix,pond,NTP,1000,intercept_fit,81,1.0,-0.22895829955876437,0.56,0.4962228517469311
nfix,pond,NTP,1000,intercept_fit,82,1.0,-1.1066068531601891,0.361,0.4962228517469311
nfix,pond,NTP,1000,intercept_fit,83,1.0,-0.6166078371514172,0.453,0.4962228517469311
nfix,pond,NTP,1000,intercept_fit,84,1.0,-0.5299344425195492,0.463,0.4962228517469311
nfix,pond,NTP,1000,intercept_fit,85,1.0,-0.10943445200675443,0.562,0.4962228517469311
nfix,pond,NTP,1000,intercept_fit,86,1.0,-0.8235116827817741,0.413,0.4962228517469311
nfix,pond,NTP,1000,intercept_fit,87,1.0,-0.6471478872195178,0.471,0.4962228517469311
nfix,pond,NTP,1000,intercept_fit,88,1.0,-0.9293957267461436,0.382,0.4962228517469311
nfix,pond,NTP,1000,intercept_fit,89,1.0,-0.8632870765343886,0.37,0.4962228517469311
nfix,pond,NTP,1000,intercept_fit,90,1.0,-1.0795921183774146,0.348,0.4962228517469311
nfix,pond,NTP,1000,intercept_fit,91,1.0,-0.6884727194489019,0.456,0.4962228517469311
nfix,pond,NTP,1000,intercept_fit,92,1.0,-1.2856390358981886,0.292,0.4962228517469311
nfix,pond,NTP,1000,intercept_fit,93,1.0,-0.893840167521671,0.381,0.4962228517469311
nfix,pond,NTP,1000,intercept_fit,94,1.0,-0.5636388741803957,0.471,0.4962228517469311
nfix,pond,NTP,1000,intercept_fit,95,1.0,-0.224656369319934,0.566,0.4962228517469311
nfix,pond,NTP,1000,intercept_fit,96,1.0,-0.18946176889005917,0.535,0.4962228517469311
nfix,pond,NTP,1000,intercept_fit,97,1.0,-0.3681569524921352,0.499,0.4962228517469311
nfix,pond,NTP,1000,intercept_fit,98,1.0,-0.4392776849195207,0.484,0.4962228517469311
nfix,pond,NTP,1000,intercept_fit,99,1.0,-0.6845373736272504,0.444,0.4962228517469311
nfix,nfix,Probe,10,intercept_fit,0,1.0,-2.1622222829664035,0.3,0.4962228517469311
nfix,nfix,Probe,10,intercept_fit,1,1.0,-1.6959441946131173,0.3,0.4962228517469311
nfix,nfix,Probe,10,intercept_fit,2,1.0,-2.797856910912644,0.1,0.4962228517469311
nfix,nfix,Probe,10,intercept_fit,3,1.0,-2.1499800024555307,0.1,0.4962228517469311
nfix,nfix,Probe,10,intercept_fit,4,1.0,-1.910605254303798,0.3,0.4962228517469311
nfix,nfix,Probe,10,intercept_fit,5,1.0,-0.733693804192982,0.3,0.4962228517469311
nfix,nfix,Probe,10,intercept_fit,6,1.0,-2.2407603849178956,0.2,0.4962228517469311
nfix,nfix,Probe,10,intercept_fit,7,1.0,-1.8764538390519956,0.3,0.4962228517469311
nfix,nfix,Probe,10,intercept_fit,8,1.0,-2.985534078124429,0.1,0.4962228517469311
nfix,nfix,Probe,10,intercept_fit,9,1.0,-0.7468447542261558,0.5,0.4962228517469311
nfix,nfix,Probe,10,intercept_fit,10,1.0,-1.7882919147561467,0.3,0.4962228517469311
nfix,nfix,Probe,10,intercept_fit,11,1.0,-0.9153448674320096,0.4,0.4962228517469311
nfix,nfix,Probe,10,intercept_fit,12,1.0,-0.8216812758301396,0.4,0.4962228517469311
nfix,nfix,Probe,10,intercept_fit,13,1.0,-3.608658372853309,0.1,0.4962228517469311
nfix,nfix,Probe,10,intercept_fit,14,1.0,-2.387345336562235,0.3,0.4962228517469311
nfix,nfix,Probe,10,intercept_fit,15,1.0,-2.030981165047591,0.1,0.4962228517469311
nfix,nfix,Probe,10,intercept_fit,16,1.0,-0.9019896844530684,0.3,0.4962228517469311
nfix,nfix,Probe,10,intercept_fit,17,1.0,-1.285674509855611,0.2,0.4962228517469311
nfix,nfix,Probe,10,intercept_fit,18,1.0,-0.6133225221458265,0.4,0.4962228517469311
nfix,nfix,Probe,10,intercept_fit,19,1.0,-2.124855369195835,0.2,0.4962228517469311
nfix,nfix,Probe,10,intercept_fit,20,1.0,-1.0942941489222686,0.4,0.4962228517469311
nfix,nfix,Probe,10,intercept_fit,22,1.0,-3.3275126405791626,0.1,0.4962228517469311
nfix,nfix,Probe,10,intercept_fit,23,1.0,-0.9843848052758516,0.4,0.4962228517469311
nfix,nfix,Probe,10,intercept_fit,24,1.0,-1.4922870334052352,0.2,0.4962228517469311
nfix,nfix,Probe,10,intercept_fit,25,1.0,-1.3908652867393305,0.3,0.4962228517469311
nfix,nfix,Probe,10,intercept_fit,26,1.0,-2.293973390124963,0.2,0.4962228517469311
nfix,nfix,Probe,10,intercept_fit,27,1.0,-3.9682838207449262,0.1,0.4962228517469311
nfix,nfix,Probe,10,intercept_fit,28,1.0,-1.7683202595320766,0.2,0.4962228517469311
nfix,nfix,Probe,10,intercept_fit,29,1.0,-1.5486224562045237,0.3,0.4962228517469311
nfix,nfix,Probe,10,intercept_fit,30,1.0,-1.6533182357558065,0.2,0.4962228517469311
nfix,nfix,Probe,10,intercept_fit,31,1.0,-1.335298588674958,0.3,0.4962228517469311
nfix,nfix,Probe,10,intercept_fit,32,1.0,-1.6380724598909395,0.2,0.4962228517469311
nfix,nfix,Probe,10,intercept_fit,33,1.0,-0.9781533003052022,0.4,0.4962228517469311
nfix,nfix,Probe,10,intercept_fit,34,1.0,-1.4770383631847868,0.3,0.4962228517469311
nfix,nfix,Probe,10,intercept_fit,35,1.0,-0.9394255433645962,0.4,0.4962228517469311
nfix,nfix,Probe,10,intercept_fit,36,1.0,-1.0300638183265391,0.4,0.4962228517469311
nfix,nfix,Probe,10,intercept_fit,38,1.0,-1.3615622443950004,0.3,0.4962228517469311
nfix,nfix,Probe,10,intercept_fit,39,1.0,-0.4599585979960382,0.4,0.4962228517469311
nfix,nfix,Probe,10,intercept_fit,40,1.0,-2.8540589016866247,0.1,0.4962228517469311
nfix,nfix,Probe,10,intercept_fit,41,1.0,-1.9450065629513447,0.3,0.4962228517469311
nfix,nfix,Probe,10,intercept_fit,42,1.0,-1.590419550035287,0.3,0.4962228517469311
nfix,nfix,Probe,10,intercept_fit,43,1.0,-0.43594693480529034,0.5,0.4962228517469311
nfix,nfix,Probe,10,intercept_fit,44,1.0,-1.0192268354118157,0.4,0.4962228517469311
nfix,nfix,Probe,10,intercept_fit,45,1.0,-3.0902283881540775,0.1,0.4962228517469311
nfix,nfix,Probe,10,intercept_fit,46,1.0,-1.804664239356387,0.3,0.4962228517469311
nfix,nfix,Probe,10,intercept_fit,47,1.0,-2.3446197627821777,0.2,0.4962228517469311
nfix,nfix,Probe,10,intercept_fit,48,1.0,-2.282389881730586,0.2,0.4962228517469311
nfix,nfix,Probe,10,intercept_fit,49,1.0,-2.749152480821132,0.1,0.4962228517469311
nfix,nfix,Probe,10,intercept_fit,50,1.0,-0.6777751256728994,0.5,0.4962228517469311
nfix,nfix,Probe,10,intercept_fit,51,1.0,-0.7678875236011331,0.4,0.4962228517469311
nfix,nfix,Probe,10,intercept_fit,52,1.0,-2.948797392970778,0.2,0.4962228517469311
nfix,nfix,Probe,10,intercept_fit,53,1.0,1.7584197187247232,0.9,0.4962228517469311
nfix,nfix,Probe,10,intercept_fit,54,1.0,-1.4215094481580235,0.3,0.4962228517469311
nfix,nfix,Probe,10,intercept_fit,55,1.0,-3.1623455421158826,0.1,0.4962228517469311
nfix,nfix,Probe,10,intercept_fit,56,1.0,-1.538573076594746,0.3,0.4962228517469311
nfix,nfix,Probe,10,intercept_fit,57,1.0,-1.9191204705010532,0.4,0.4962228517469311
nfix,nfix,Probe,10,intercept_fit,58,1.0,-0.9270847821793493,0.4,0.4962228517469311
nfix,nfix,Probe,10,intercept_fit,59,1.0,-0.205735595665414,0.6,0.4962228517469311
nfix,nfix,Probe,10,intercept_fit,60,1.0,-1.7476008338845384,0.3,0.4962228517469311
nfix,nfix,Probe,10,intercept_fit,61,1.0,-1.9349662465486788,0.2,0.4962228517469311
nfix,nfix,Probe,10,intercept_fit,62,1.0,-1.5217625341546253,0.3,0.4962228517469311
nfix,nfix,Probe,10,intercept_fit,63,1.0,-2.429178306681809,0.2,0.4962228517469311
nfix,nfix,Probe,10,intercept_fit,64,1.0,-1.7157749949290382,0.3,0.4962228517469311
nfix,nfix,Probe,10,intercept_fit,65,1.0,-0.6759529850711485,0.5,0.4962228517469311
nfix,nfix,Probe,10,intercept_fit,67,1.0,-2.138324630045524,0.2,0.4962228517469311
nfix,nfix,Probe,10,intercept_fit,68,1.0,-2.504998281984509,0.2,0.4962228517469311
nfix,nfix,Probe,10,intercept_fit,69,1.0,-2.356413566222574,0.2,0.4962228517469311
nfix,nfix,Probe,10,intercept_fit,70,1.0,-2.0989487682406858,0.1,0.4962228517469311
nfix,nfix,Probe,10,intercept_fit,71,1.0,-1.331769858152835,0.4,0.4962228517469311
nfix,nfix,Probe,10,intercept_fit,72,1.0,-0.96494302650009,0.2,0.4962228517469311
nfix,nfix,Probe,10,intercept_fit,73,1.0,-2.45900528981632,0.2,0.4962228517469311
nfix,nfix,Probe,10,intercept_fit,74,1.0,-2.8075506673545734,0.1,0.4962228517469311
nfix,nfix,Probe,10,intercept_fit,75,1.0,-3.902328238917848,0.1,0.4962228517469311
nfix,nfix,Probe,10,intercept_fit,76,1.0,-0.58132660147711,0.4,0.4962228517469311
nfix,nfix,Probe,10,intercept_fit,77,1.0,-2.954117940486045,0.2,0.4962228517469311
nfix,nfix,Probe,10,intercept_fit,78,1.0,-2.200424343431813,0.3,0.4962228517469311
nfix,nfix,Probe,10,intercept_fit,79,1.0,-0.7859857504159243,0.3,0.4962228517469311
nfix,nfix,Probe,10,intercept_fit,80,1.0,-1.6583771214997112,0.3,0.4962228517469311
nfix,nfix,Probe,10,intercept_fit,81,1.0,-1.5318543802591171,0.4,0.4962228517469311
nfix,nfix,Probe,10,intercept_fit,82,1.0,-3.602837220014626,0.1,0.4962228517469311
nfix,nfix,Probe,10,intercept_fit,83,1.0,-0.686399658110098,0.4,0.4962228517469311
nfix,nfix,Probe,10,intercept_fit,84,1.0,-2.262584084902777,0.3,0.4962228517469311
nfix,nfix,Probe,10,intercept_fit,85,1.0,-1.889012148186913,0.3,0.4962228517469311
nfix,nfix,Probe,10,intercept_fit,86,1.0,-1.724748472227562,0.2,0.4962228517469311
nfix,nfix,Probe,10,intercept_fit,87,1.0,-2.703496676041977,0.2,0.4962228517469311
nfix,nfix,Probe,10,intercept_fit,88,1.0,-0.6752953493501832,0.4,0.4962228517469311
nfix,nfix,Probe,10,intercept_fit,89,1.0,-0.6455541423496844,0.4,0.4962228517469311
nfix,nfix,Probe,10,intercept_fit,90,1.0,-2.2958983648251565,0.3,0.4962228517469311
nfix,nfix,Probe,10,intercept_fit,91,1.0,-1.2611908580073343,0.2,0.4962228517469311
nfix,nfix,Probe,10,intercept_fit,92,1.0,-0.8250981165090051,0.4,0.4962228517469311
nfix,nfix,Probe,10,intercept_fit,93,1.0,-0.8054804445075934,0.5,0.4962228517469311
nfix,nfix,Probe,10,intercept_fit,94,1.0,-1.8650259064784778,0.3,0.4962228517469311
nfix,nfix,Probe,10,intercept_fit,95,1.0,-1.1697968553994966,0.4,0.4962228517469311
nfix,nfix,Probe,10,intercept_fit,96,1.0,-1.2443980529213925,0.3,0.4962228517469311
nfix,nfix,Probe,10,intercept_fit,97,1.0,-0.5818685744878512,0.4,0.4962228517469311
nfix,nfix,Probe,10,intercept_fit,98,1.0,-1.752007587751401,0.2,0.4962228517469311
nfix,nfix,Probe,10,intercept_fit,99,1.0,-2.807379853850297,0.1,0.4962228517469311
nfix,nfix,Probe,10,intercept_fit,100,1.0,-2.4177767804957124,0.1,0.4962228517469311
nfix,nfix,Probe,10,intercept_fit,101,1.0,-1.7582797351091681,0.1,0.4962228517469311
nfix,nfix,Probe,10,intercept_fit,102,1.0,-0.35013974619147703,0.5,0.4962228517469311
nfix,nfix,NTP,10,intercept_fit,0,1.0,-1.488586549608283,0.3,0.4962228517469311
nfix,nfix,NTP,10,intercept_fit,1,1.0,-1.508956496947588,0.3,0.4962228517469311
nfix,nfix,NTP,10,intercept_fit,2,1.0,-2.638230240165172,0.1,0.4962228517469311
nfix,nfix,NTP,10,intercept_fit,3,1.0,-2.620482466218383,0.1,0.4962228517469311
nfix,nfix,NTP,10,intercept_fit,4,1.0,-1.776500746193958,0.3,0.4962228517469311
nfix,nfix,NTP,10,intercept_fit,5,1.0,-1.43166620324437,0.3,0.4962228517469311
nfix,nfix,NTP,10,intercept_fit,6,1.0,-2.3951290529973344,0.2,0.4962228517469311
nfix,nfix,NTP,10,intercept_fit,7,1.0,-2.396057366287374,0.3,0.4962228517469311
nfix,nfix,NTP,10,intercept_fit,8,1.0,-3.0729751780702745,0.1,0.4962228517469311
nfix,nfix,NTP,10,intercept_fit,9,1.0,-0.8982846781972331,0.5,0.4962228517469311
nfix,nfix,NTP,10,intercept_fit,10,1.0,-1.5398074753597348,0.3,0.4962228517469311
nfix,nfix,NTP,10,intercept_fit,11,1.0,-1.2483133200941885,0.4,0.4962228517469311
nfix,nfix,NTP,10,intercept_fit,12,1.0,-1.1280163089017903,0.4,0.4962228517469311
nfix,nfix,NTP,10,intercept_fit,13,1.0,-3.2996040554143096,0.1,0.4962228517469311
nfix,nfix,NTP,10,intercept_fit,14,1.0,-1.676342728287475,0.3,0.4962228517469311
nfix,nfix,NTP,10,intercept_fit,15,1.0,-2.431762629343746,0.1,0.4962228517469311
nfix,nfix,NTP,10,intercept_fit,16,1.0,-1.3377009025089108,0.3,0.4962228517469311
nfix,nfix,NTP,10,intercept_fit,17,1.0,-2.222153068303521,0.2,0.4962228517469311
nfix,nfix,NTP,10,intercept_fit,18,1.0,-1.31090790984515,0.4,0.4962228517469311
nfix,nfix,NTP,10,intercept_fit,19,1.0,-2.148938078789179,0.2,0.4962228517469311
nfix,nfix,NTP,10,intercept_fit,20,1.0,-1.2375933383494673,0.4,0.4962228517469311
nfix,nfix,NTP,10,intercept_fit,22,1.0,-2.3428594726047094,0.1,0.4962228517469311
nfix,nfix,NTP,10,intercept_fit,23,1.0,-0.9209441704785958,0.4,0.4962228517469311
nfix,nfix,NTP,10,intercept_fit,24,1.0,-1.5879923858076617,0.2,0.4962228517469311
nfix,nfix,NTP,10,intercept_fit,25,1.0,-1.2845635747245983,0.3,0.4962228517469311
nfix,nfix,NTP,10,intercept_fit,26,1.0,-1.89042983746024,0.2,0.4962228517469311
nfix,nfix,NTP,10,intercept_fit,27,1.0,-2.3507263471652404,0.1,0.4962228517469311
nfix,nfix,NTP,10,intercept_fit,28,1.0,-2.408521279456702,0.2,0.4962228517469311
nfix,nfix,NTP,10,intercept_fit,29,1.0,-1.7833386210209323,0.3,0.4962228517469311
nfix,nfix,NTP,10,intercept_fit,30,1.0,-2.1787881662454294,0.2,0.4962228517469311
nfix,nfix,NTP,10,intercept_fit,31,1.0,-1.7035764378345104,0.3,0.4962228517469311
nfix,nfix,NTP,10,intercept_fit,32,1.0,-2.130016449320599,0.2,0.4962228517469311
nfix,nfix,NTP,10,intercept_fit,33,1.0,-1.6796532964578819,0.4,0.4962228517469311
nfix,nfix,NTP,10,intercept_fit,34,1.0,-1.841985270914134,0.3,0.4962228517469311
nfix,nfix,NTP,10,intercept_fit,35,1.0,-1.012047001828044,0.4,0.4962228517469311
nfix,nfix,NTP,10,intercept_fit,36,1.0,-1.253829822258977,0.4,0.4962228517469311
nfix,nfix,NTP,10,intercept_fit,38,1.0,-1.4939640713945586,0.3,0.4962228517469311
nfix,nfix,NTP,10,intercept_fit,39,1.0,-0.7957034252669164,0.4,0.4962228517469311
nfix,nfix,NTP,10,intercept_fit,40,1.0,-2.7726116302863786,0.1,0.4962228517469311
nfix,nfix,NTP,10,intercept_fit,41,1.0,-1.4665393731892264,0.3,0.4962228517469311
nfix,nfix,NTP,10,intercept_fit,42,1.0,-1.204538717880911,0.3,0.4962228517469311
nfix,nfix,NTP,10,intercept_fit,43,1.0,-0.6810592243127369,0.5,0.4962228517469311
nfix,nfix,NTP,10,intercept_fit,44,1.0,-1.1735150823583358,0.4,0.4962228517469311
nfix,nfix,NTP,10,intercept_fit,45,1.0,-3.105940407114552,0.1,0.4962228517469311
nfix,nfix,NTP,10,intercept_fit,46,1.0,-1.5516816185286197,0.3,0.4962228517469311
nfix,nfix,NTP,10,intercept_fit,47,1.0,-2.776792138054173,0.2,0.4962228517469311
nfix,nfix,NTP,10,intercept_fit,48,1.0,-1.5173238658660793,0.2,0.4962228517469311
nfix,nfix,NTP,10,intercept_fit,49,1.0,-2.5318028032410824,0.1,0.4962228517469311
nfix,nfix,NTP,10,intercept_fit,50,1.0,-0.9270534788630371,0.5,0.4962228517469311
nfix,nfix,NTP,10,intercept_fit,51,1.0,-0.7607212778942747,0.4,0.4962228517469311
nfix,nfix,NTP,10,intercept_fit,52,1.0,-2.068183810327422,0.2,0.4962228517469311
nfix,nfix,NTP,10,intercept_fit,53,1.0,1.5815966046515233,0.9,0.4962228517469311
nfix,nfix,NTP,10,intercept_fit,54,1.0,-1.2689659741774855,0.3,0.4962228517469311
nfix,nfix,NTP,10,intercept_fit,55,1.0,-2.3909574075027833,0.1,0.4962228517469311
nfix,nfix,NTP,10,intercept_fit,56,1.0,-2.1189933093460804,0.3,0.4962228517469311
nfix,nfix,NTP,10,intercept_fit,57,1.0,-0.9481821359864641,0.4,0.4962228517469311
nfix,nfix,NTP,10,intercept_fit,58,1.0,-1.8663612200425612,0.4,0.4962228517469311
nfix,nfix,NTP,10,intercept_fit,59,1.0,-1.0424763284373442,0.6,0.4962228517469311
nfix,nfix,NTP,10,intercept_fit,60,1.0,-1.2082136660932565,0.3,0.4962228517469311
nfix,nfix,NTP,10,intercept_fit,61,1.0,-1.3403371823890868,0.2,0.4962228517469311
nfix,nfix,NTP,10,intercept_fit,62,1.0,-1.8912838623368944,0.3,0.4962228517469311
nfix,nfix,NTP,10,intercept_fit,63,1.0,-2.3740094435618015,0.2,0.4962228517469311
nfix,nfix,NTP,10,intercept_fit,64,1.0,-2.0477986997427826,0.3,0.4962228517469311
nfix,nfix,NTP,10,intercept_fit,65,1.0,-0.6034345410852381,0.5,0.4962228517469311
nfix,nfix,NTP,10,intercept_fit,67,1.0,-2.1745018716495252,0.2,0.4962228517469311
nfix,nfix,NTP,10,intercept_fit,68,1.0,-1.9585122278652394,0.2,0.4962228517469311
nfix,nfix,NTP,10,intercept_fit,69,1.0,-2.503525895837562,0.2,0.4962228517469311
nfix,nfix,NTP,10,intercept_fit,70,1.0,-2.747446973142153,0.1,0.4962228517469311
nfix,nfix,NTP,10,intercept_fit,71,1.0,-1.162874651673137,0.4,0.4962228517469311
nfix,nfix,NTP,10,intercept_fit,72,1.0,-2.097272606667757,0.2,0.4962228517469311
nfix,nfix,NTP,10,intercept_fit,73,1.0,-1.624856968887907,0.2,0.4962228517469311
nfix,nfix,NTP,10,intercept_fit,74,1.0,-3.283097328871663,0.1,0.4962228517469311
nfix,nfix,NTP,10,intercept_fit,75,1.0,-2.733077150425981,0.1,0.4962228517469311
nfix,nfix,NTP,10,intercept_fit,76,1.0,-1.085711677668676,0.4,0.4962228517469311
nfix,nfix,NTP,10,intercept_fit,77,1.0,-2.2761831692117482,0.2,0.4962228517469311
nfix,nfix,NTP,10,intercept_fit,78,1.0,-1.5898168611601087,0.3,0.4962228517469311
nfix,nfix,NTP,10,intercept_fit,79,1.0,-1.4828053702560426,0.3,0.4962228517469311
nfix,nfix,NTP,10,intercept_fit,80,1.0,-1.7362131815122033,0.3,0.4962228517469311
nfix,nfix,NTP,10,intercept_fit,81,1.0,-1.4018967242654519,0.4,0.4962228517469311
nfix,nfix,NTP,10,intercept_fit,82,1.0,-3.2132145390187685,0.1,0.4962228517469311
nfix,nfix,NTP,10,intercept_fit,83,1.0,-1.6917992559233177,0.4,0.4962228517469311
nfix,nfix,NTP,10,intercept_fit,84,1.0,-1.5257328812071596,0.3,0.4962228517469311
nfix,nfix,NTP,10,intercept_fit,85,1.0,-2.133661398305096,0.3,0.4962228517469311
nfix,nfix,NTP,10,intercept_fit,86,1.0,-2.1132377999224614,0.2,0.4962228517469311
nfix,nfix,NTP,10,intercept_fit,87,1.0,-2.1373398958308845,0.2,0.4962228517469311
nfix,nfix,NTP,10,intercept_fit,88,1.0,-0.6910732087939132,0.4,0.4962228517469311
nfix,nfix,NTP,10,intercept_fit,89,1.0,-1.1568302157230337,0.4,0.4962228517469311
nfix,nfix,NTP,10,intercept_fit,90,1.0,-1.7107940406192959,0.3,0.4962228517469311
nfix,nfix,NTP,10,intercept_fit,91,1.0,-1.8548154621946347,0.2,0.4962228517469311
nfix,nfix,NTP,10,intercept_fit,92,1.0,-1.16598455718225,0.4,0.4962228517469311
nfix,nfix,NTP,10,intercept_fit,93,1.0,-0.6224383715126985,0.5,0.4962228517469311
nfix,nfix,NTP,10,intercept_fit,94,1.0,-1.7414189151072226,0.3,0.4962228517469311
nfix,nfix,NTP,10,intercept_fit,95,1.0,-1.7883469603794302,0.4,0.4962228517469311
nfix,nfix,NTP,10,intercept_fit,96,1.0,-1.5660659587338166,0.3,0.4962228517469311
nfix,nfix,NTP,10,intercept_fit,97,1.0,-1.0965589728483212,0.4,0.4962228517469311
nfix,nfix,NTP,10,intercept_fit,98,1.0,-1.7842605833207184,0.2,0.4962228517469311
nfix,nfix,NTP,10,intercept_fit,99,1.0,-3.0312398499345328,0.1,0.4962228517469311
nfix,nfix,NTP,10,intercept_fit,100,1.0,-2.0017655146308506,0.1,0.4962228517469311
nfix,nfix,NTP,10,intercept_fit,101,1.0,-2.88393468147041,0.1,0.4962228517469311
nfix,nfix,NTP,10,intercept_fit,102,1.0,-0.3413951068219516,0.5,0.4962228517469311
nfix,nfix,Probe,50,intercept_fit,0,1.0,-2.3337449321685146,0.22,0.4962228517469311
nfix,nfix,Probe,50,intercept_fit,1,1.0,-1.6183488587849155,0.34,0.4962228517469311
nfix,nfix,Probe,50,intercept_fit,2,1.0,-1.740734012825374,0.26,0.4962228517469311
nfix,nfix,Probe,50,intercept_fit,3,1.0,-1.3469197845488925,0.28,0.4962228517469311
nfix,nfix,Probe,50,intercept_fit,4,1.0,-1.2969550535964318,0.36,0.4962228517469311
nfix,nfix,Probe,50,intercept_fit,5,1.0,-1.4054960039991444,0.22,0.4962228517469311
nfix,nfix,Probe,50,intercept_fit,6,1.0,-1.486047305252836,0.32,0.4962228517469311
nfix,nfix,Probe,50,intercept_fit,7,1.0,-1.1531835814745908,0.34,0.4962228517469311
nfix,nfix,Probe,50,intercept_fit,8,1.0,-1.8951136066476233,0.24,0.4962228517469311
nfix,nfix,Probe,50,intercept_fit,9,1.0,-1.792105447969057,0.3,0.4962228517469311
nfix,nfix,Probe,50,intercept_fit,10,1.0,-2.073995136164299,0.28,0.4962228517469311
nfix,nfix,Probe,50,intercept_fit,11,1.0,-1.1393106860262583,0.32,0.4962228517469311
nfix,nfix,Probe,50,intercept_fit,12,1.0,-1.3785441348408776,0.32,0.4962228517469311
nfix,nfix,Probe,50,intercept_fit,13,1.0,-2.367270439829223,0.2,0.4962228517469311
nfix,nfix,Probe,50,intercept_fit,14,1.0,-1.702998169262248,0.26,0.4962228517469311
nfix,nfix,Probe,50,intercept_fit,15,1.0,-2.129304518955077,0.14,0.4962228517469311
nfix,nfix,Probe,50,intercept_fit,16,1.0,-2.2756035226256617,0.16,0.4962228517469311
nfix,nfix,Probe,50,intercept_fit,17,1.0,-1.5005802845289964,0.3,0.4962228517469311
nfix,nfix,Probe,50,intercept_fit,18,1.0,-0.7763039015551264,0.4,0.4962228517469311
nfix,nfix,Probe,50,intercept_fit,19,1.0,-3.1209891650250032,0.1,0.4962228517469311
nfix,nfix,Probe,50,intercept_fit,20,1.0,-1.4393226959741912,0.26,0.4962228517469311
nfix,nfix,Probe,50,intercept_fit,21,1.0,-1.3680720770513166,0.34,0.4962228517469311
nfix,nfix,Probe,50,intercept_fit,22,1.0,-2.2967231619579853,0.22,0.4962228517469311
nfix,nfix,Probe,50,intercept_fit,23,1.0,-2.136698746163572,0.24,0.4962228517469311
nfix,nfix,Probe,50,intercept_fit,24,1.0,-1.7128594497077017,0.24,0.4962228517469311
nfix,nfix,Probe,50,intercept_fit,25,1.0,-0.9966892505558737,0.32,0.4962228517469311
nfix,nfix,Probe,50,intercept_fit,26,1.0,-1.7132540059522459,0.3,0.4962228517469311
nfix,nfix,Probe,50,intercept_fit,27,1.0,-2.192499642792181,0.22,0.4962228517469311
nfix,nfix,Probe,50,intercept_fit,28,1.0,-2.2193636639740344,0.24,0.4962228517469311
nfix,nfix,Probe,50,intercept_fit,29,1.0,-1.1216721277359063,0.34,0.4962228517469311
nfix,nfix,Probe,50,intercept_fit,30,1.0,-1.0530986597558425,0.32,0.4962228517469311
nfix,nfix,Probe,50,intercept_fit,31,1.0,-1.0752375220927817,0.28,0.4962228517469311
nfix,nfix,Probe,50,intercept_fit,32,1.0,-2.101139943847256,0.16,0.4962228517469311
nfix,nfix,Probe,50,intercept_fit,33,1.0,-1.744711432808732,0.24,0.4962228517469311
nfix,nfix,Probe,50,intercept_fit,34,1.0,-1.546440625599241,0.24,0.4962228517469311
nfix,nfix,Probe,50,intercept_fit,35,1.0,-1.9328772083509007,0.24,0.4962228517469311
nfix,nfix,Probe,50,intercept_fit,36,1.0,-1.7421708670761906,0.28,0.4962228517469311
nfix,nfix,Probe,50,intercept_fit,37,1.0,-1.5561664077456245,0.26,0.4962228517469311
nfix,nfix,Probe,50,intercept_fit,38,1.0,-1.374196820619272,0.24,0.4962228517469311
nfix,nfix,Probe,50,intercept_fit,39,1.0,-1.5638330547350763,0.34,0.4962228517469311
nfix,nfix,Probe,50,intercept_fit,40,1.0,-2.496412769654921,0.14,0.4962228517469311
nfix,nfix,Probe,50,intercept_fit,41,1.0,-1.9865963116003649,0.24,0.4962228517469311
nfix,nfix,Probe,50,intercept_fit,42,1.0,-2.301524401668219,0.2,0.4962228517469311
nfix,nfix,Probe,50,intercept_fit,43,1.0,-2.2808282882251816,0.18,0.4962228517469311
nfix,nfix,Probe,50,intercept_fit,44,1.0,-1.281400596664563,0.32,0.4962228517469311
nfix,nfix,Probe,50,intercept_fit,45,1.0,-1.9118767052556822,0.24,0.4962228517469311
nfix,nfix,Probe,50,intercept_fit,46,1.0,-2.4646038787270306,0.22,0.4962228517469311
nfix,nfix,Probe,50,intercept_fit,47,1.0,-1.6726690554586467,0.36,0.4962228517469311
nfix,nfix,Probe,50,intercept_fit,48,1.0,-2.256407215899031,0.22,0.4962228517469311
nfix,nfix,Probe,50,intercept_fit,49,1.0,-1.7022862264723573,0.2,0.4962228517469311
nfix,nfix,Probe,50,intercept_fit,50,1.0,-1.1310040907780503,0.36,0.4962228517469311
nfix,nfix,Probe,50,intercept_fit,51,1.0,-1.9414366657640905,0.18,0.4962228517469311
nfix,nfix,Probe,50,intercept_fit,52,1.0,-2.3844875084665835,0.28,0.4962228517469311
nfix,nfix,Probe,50,intercept_fit,53,1.0,-1.4747687079111462,0.26,0.4962228517469311
nfix,nfix,Probe,50,intercept_fit,54,1.0,-1.9743562387212983,0.18,0.4962228517469311
nfix,nfix,Probe,50,intercept_fit,55,1.0,-2.6212893985600254,0.2,0.4962228517469311
nfix,nfix,Probe,50,intercept_fit,56,1.0,-2.664920597505457,0.16,0.4962228517469311
nfix,nfix,Probe,50,intercept_fit,57,1.0,-1.6079505081893077,0.34,0.4962228517469311
nfix,nfix,Probe,50,intercept_fit,58,1.0,-1.138380554879997,0.38,0.4962228517469311
nfix,nfix,Probe,50,intercept_fit,59,1.0,-1.4248498629890674,0.28,0.4962228517469311
nfix,nfix,Probe,50,intercept_fit,60,1.0,-1.6617238242726162,0.26,0.4962228517469311
nfix,nfix,Probe,50,intercept_fit,61,1.0,-1.062988444352338,0.36,0.4962228517469311
nfix,nfix,Probe,50,intercept_fit,62,1.0,-1.4295379851951873,0.32,0.4962228517469311
nfix,nfix,Probe,50,intercept_fit,63,1.0,-2.408334964693555,0.3,0.4962228517469311
nfix,nfix,Probe,50,intercept_fit,64,1.0,-2.7727509054119155,0.12,0.4962228517469311
nfix,nfix,Probe,50,intercept_fit,65,1.0,-1.547591472297064,0.28,0.4962228517469311
nfix,nfix,Probe,50,intercept_fit,66,1.0,-1.4303005715915331,0.26,0.4962228517469311
nfix,nfix,Probe,50,intercept_fit,67,1.0,-1.555020077065795,0.28,0.4962228517469311
nfix,nfix,Probe,50,intercept_fit,68,1.0,-2.485881188605636,0.22,0.4962228517469311
nfix,nfix,Probe,50,intercept_fit,69,1.0,-1.1059221840007418,0.34,0.4962228517469311
nfix,nfix,Probe,50,intercept_fit,70,1.0,-1.419636464385568,0.28,0.4962228517469311
nfix,nfix,Probe,50,intercept_fit,71,1.0,-1.491827164616128,0.32,0.4962228517469311
nfix,nfix,Probe,50,intercept_fit,72,1.0,-1.5926782018431482,0.26,0.4962228517469311
nfix,nfix,Probe,50,intercept_fit,73,1.0,-1.3985164781804462,0.28,0.4962228517469311
nfix,nfix,Probe,50,intercept_fit,74,1.0,-2.384390862596913,0.12,0.4962228517469311
nfix,nfix,Probe,50,intercept_fit,75,1.0,-2.552297565079111,0.22,0.4962228517469311
nfix,nfix,Probe,50,intercept_fit,76,1.0,-1.3919534085071499,0.32,0.4962228517469311
nfix,nfix,Probe,50,intercept_fit,77,1.0,-2.877402315435668,0.18,0.4962228517469311
nfix,nfix,Probe,50,intercept_fit,78,1.0,-1.8664932441589355,0.32,0.4962228517469311
nfix,nfix,Probe,50,intercept_fit,79,1.0,-1.2287641417170776,0.3,0.4962228517469311
nfix,nfix,Probe,50,intercept_fit,80,1.0,-1.352535273563594,0.28,0.4962228517469311
nfix,nfix,Probe,50,intercept_fit,81,1.0,-1.3094241682268488,0.38,0.4962228517469311
nfix,nfix,Probe,50,intercept_fit,82,1.0,-2.7372291889004776,0.2,0.4962228517469311
nfix,nfix,Probe,50,intercept_fit,83,1.0,-1.6868984253340362,0.24,0.4962228517469311
nfix,nfix,Probe,50,intercept_fit,84,1.0,-2.6668255559083183,0.18,0.4962228517469311
nfix,nfix,Probe,50,intercept_fit,85,1.0,-1.0090348829147846,0.34,0.4962228517469311
nfix,nfix,Probe,50,intercept_fit,86,1.0,-2.3250657466309943,0.26,0.4962228517469311
nfix,nfix,Probe,50,intercept_fit,87,1.0,-2.355403713736922,0.22,0.4962228517469311
nfix,nfix,Probe,50,intercept_fit,88,1.0,-1.9194052749584494,0.24,0.4962228517469311
nfix,nfix,Probe,50,intercept_fit,89,1.0,-1.3940251817244396,0.3,0.4962228517469311
nfix,nfix,Probe,50,intercept_fit,90,1.0,-2.3361315993441,0.28,0.4962228517469311
nfix,nfix,Probe,50,intercept_fit,91,1.0,-1.1545193933323936,0.3,0.4962228517469311
nfix,nfix,Probe,50,intercept_fit,92,1.0,-2.6254236000853446,0.1,0.4962228517469311
nfix,nfix,Probe,50,intercept_fit,93,1.0,-1.6781824505881533,0.28,0.4962228517469311
nfix,nfix,Probe,50,intercept_fit,94,1.0,-2.145134620700441,0.26,0.4962228517469311
nfix,nfix,Probe,50,intercept_fit,95,1.0,-1.8167635860573634,0.2,0.4962228517469311
nfix,nfix,Probe,50,intercept_fit,96,1.0,-1.5574137162483737,0.28,0.4962228517469311
nfix,nfix,Probe,50,intercept_fit,97,1.0,-1.468410207742724,0.3,0.4962228517469311
nfix,nfix,Probe,50,intercept_fit,98,1.0,-1.7113442375920687,0.3,0.4962228517469311
nfix,nfix,Probe,50,intercept_fit,99,1.0,-2.194595068662591,0.26,0.4962228517469311
nfix,nfix,NTP,50,intercept_fit,0,1.0,-2.2205297038225438,0.22,0.4962228517469311
nfix,nfix,NTP,50,intercept_fit,1,1.0,-1.555985539216558,0.34,0.4962228517469311
nfix,nfix,NTP,50,intercept_fit,2,1.0,-1.8385795247324446,0.26,0.4962228517469311
nfix,nfix,NTP,50,intercept_fit,3,1.0,-1.7602189739501821,0.28,0.4962228517469311
nfix,nfix,NTP,50,intercept_fit,4,1.0,-1.3488421370678463,0.36,0.4962228517469311
nfix,nfix,NTP,50,intercept_fit,5,1.0,-1.9441736968639218,0.22,0.4962228517469311
nfix,nfix,NTP,50,intercept_fit,6,1.0,-1.4145050820131808,0.32,0.4962228517469311
nfix,nfix,NTP,50,intercept_fit,7,1.0,-1.507646475576135,0.34,0.4962228517469311
nfix,nfix,NTP,50,intercept_fit,8,1.0,-2.25403959059613,0.24,0.4962228517469311
nfix,nfix,NTP,50,intercept_fit,9,1.0,-1.6622017473879234,0.3,0.4962228517469311
nfix,nfix,NTP,50,intercept_fit,10,1.0,-1.6961770361340094,0.28,0.4962228517469311
nfix,nfix,NTP,50,intercept_fit,11,1.0,-1.4534252696252283,0.32,0.4962228517469311
nfix,nfix,NTP,50,intercept_fit,12,1.0,-1.501518837499993,0.32,0.4962228517469311
nfix,nfix,NTP,50,intercept_fit,13,1.0,-2.1178821828392604,0.2,0.4962228517469311
nfix,nfix,NTP,50,intercept_fit,14,1.0,-1.6315424351623926,0.26,0.4962228517469311
nfix,nfix,NTP,50,intercept_fit,15,1.0,-2.5499310616626367,0.14,0.4962228517469311
nfix,nfix,NTP,50,intercept_fit,16,1.0,-2.3318615433050587,0.16,0.4962228517469311
nfix,nfix,NTP,50,intercept_fit,17,1.0,-1.3021238919823803,0.3,0.4962228517469311
nfix,nfix,NTP,50,intercept_fit,18,1.0,-1.0467811766271828,0.4,0.4962228517469311
nfix,nfix,NTP,50,intercept_fit,19,1.0,-2.883083409975771,0.1,0.4962228517469311
nfix,nfix,NTP,50,intercept_fit,20,1.0,-1.5846577865819385,0.26,0.4962228517469311
nfix,nfix,NTP,50,intercept_fit,21,1.0,-1.0744432257074576,0.34,0.4962228517469311
nfix,nfix,NTP,50,intercept_fit,22,1.0,-1.8729179433183267,0.22,0.4962228517469311
nfix,nfix,NTP,50,intercept_fit,23,1.0,-1.9611490666855342,0.24,0.4962228517469311
nfix,nfix,NTP,50,intercept_fit,24,1.0,-2.0681633558814103,0.24,0.4962228517469311
nfix,nfix,NTP,50,intercept_fit,25,1.0,-1.0267325375473573,0.32,0.4962228517469311
nfix,nfix,NTP,50,intercept_fit,26,1.0,-1.2422671949254216,0.3,0.4962228517469311
nfix,nfix,NTP,50,intercept_fit,27,1.0,-1.9490226519869442,0.22,0.4962228517469311
nfix,nfix,NTP,50,intercept_fit,28,1.0,-2.15279155741869,0.24,0.4962228517469311
nfix,nfix,NTP,50,intercept_fit,29,1.0,-1.2988145512872444,0.34,0.4962228517469311
nfix,nfix,NTP,50,intercept_fit,30,1.0,-1.4702058208827677,0.32,0.4962228517469311
nfix,nfix,NTP,50,intercept_fit,31,1.0,-1.488348870368305,0.28,0.4962228517469311
nfix,nfix,NTP,50,intercept_fit,32,1.0,-2.6909277161816596,0.16,0.4962228517469311
nfix,nfix,NTP,50,intercept_fit,33,1.0,-1.9798116793688127,0.24,0.4962228517469311
nfix,nfix,NTP,50,intercept_fit,34,1.0,-1.7227929014872743,0.24,0.4962228517469311
nfix,nfix,NTP,50,intercept_fit,35,1.0,-1.777996718451672,0.24,0.4962228517469311
nfix,nfix,NTP,50,intercept_fit,36,1.0,-1.5914329128668019,0.28,0.4962228517469311
nfix,nfix,NTP,50,intercept_fit,37,1.0,-1.740688892698333,0.26,0.4962228517469311
nfix,nfix,NTP,50,intercept_fit,38,1.0,-1.7916746422724539,0.24,0.4962228517469311
nfix,nfix,NTP,50,intercept_fit,39,1.0,-1.3295347263549608,0.34,0.4962228517469311
nfix,nfix,NTP,50,intercept_fit,40,1.0,-2.3946862874278003,0.14,0.4962228517469311
nfix,nfix,NTP,50,intercept_fit,41,1.0,-1.735845176594538,0.24,0.4962228517469311
nfix,nfix,NTP,50,intercept_fit,42,1.0,-1.8837908126116063,0.2,0.4962228517469311
nfix,nfix,NTP,50,intercept_fit,43,1.0,-2.196297443420868,0.18,0.4962228517469311
nfix,nfix,NTP,50,intercept_fit,44,1.0,-1.697218604602773,0.32,0.4962228517469311
nfix,nfix,NTP,50,intercept_fit,45,1.0,-2.005750209081263,0.24,0.4962228517469311
nfix,nfix,NTP,50,intercept_fit,46,1.0,-2.040524300340407,0.22,0.4962228517469311
nfix,nfix,NTP,50,intercept_fit,47,1.0,-1.488089240095666,0.36,0.4962228517469311
nfix,nfix,NTP,50,intercept_fit,48,1.0,-2.197668050906834,0.22,0.4962228517469311
nfix,nfix,NTP,50,intercept_fit,49,1.0,-2.142870738300868,0.2,0.4962228517469311
nfix,nfix,NTP,50,intercept_fit,50,1.0,-1.321826525826782,0.36,0.4962228517469311
nfix,nfix,NTP,50,intercept_fit,51,1.0,-2.360837616386815,0.18,0.4962228517469311
nfix,nfix,NTP,50,intercept_fit,52,1.0,-1.546100802475212,0.28,0.4962228517469311
nfix,nfix,NTP,50,intercept_fit,53,1.0,-1.6219386783537475,0.26,0.4962228517469311
nfix,nfix,NTP,50,intercept_fit,54,1.0,-2.4907616203087737,0.18,0.4962228517469311
nfix,nfix,NTP,50,intercept_fit,55,1.0,-1.9574022335846617,0.2,0.4962228517469311
nfix,nfix,NTP,50,intercept_fit,56,1.0,-2.4015497324589137,0.16,0.4962228517469311
nfix,nfix,NTP,50,intercept_fit,57,1.0,-1.3875093949838921,0.34,0.4962228517469311
nfix,nfix,NTP,50,intercept_fit,58,1.0,-1.2401900785774667,0.38,0.4962228517469311
nfix,nfix,NTP,50,intercept_fit,59,1.0,-1.8535434052708668,0.28,0.4962228517469311
nfix,nfix,NTP,50,intercept_fit,60,1.0,-1.6739394564543364,0.26,0.4962228517469311
nfix,nfix,NTP,50,intercept_fit,61,1.0,-1.268909116753225,0.36,0.4962228517469311
nfix,nfix,NTP,50,intercept_fit,62,1.0,-1.4532976651033738,0.32,0.4962228517469311
nfix,nfix,NTP,50,intercept_fit,63,1.0,-1.8122835118099427,0.3,0.4962228517469311
nfix,nfix,NTP,50,intercept_fit,64,1.0,-2.8124783409506717,0.12,0.4962228517469311
nfix,nfix,NTP,50,intercept_fit,65,1.0,-1.6562493935528608,0.28,0.4962228517469311
nfix,nfix,NTP,50,intercept_fit,66,1.0,-1.6844730560695806,0.26,0.4962228517469311
nfix,nfix,NTP,50,intercept_fit,67,1.0,-1.9914055864291382,0.28,0.4962228517469311
nfix,nfix,NTP,50,intercept_fit,68,1.0,-2.0100781933575678,0.22,0.4962228517469311
nfix,nfix,NTP,50,intercept_fit,69,1.0,-1.5194760203095896,0.34,0.4962228517469311
nfix,nfix,NTP,50,intercept_fit,70,1.0,-1.835049159919456,0.28,0.4962228517469311
nfix,nfix,NTP,50,intercept_fit,71,1.0,-1.5587659673161796,0.32,0.4962228517469311
nfix,nfix,NTP,50,intercept_fit,72,1.0,-1.8486367401044022,0.26,0.4962228517469311
nfix,nfix,NTP,50,intercept_fit,73,1.0,-1.5877977184252623,0.28,0.4962228517469311
nfix,nfix,NTP,50,intercept_fit,74,1.0,-2.5967822444497863,0.12,0.4962228517469311
nfix,nfix,NTP,50,intercept_fit,75,1.0,-1.844495527652032,0.22,0.4962228517469311
nfix,nfix,NTP,50,intercept_fit,76,1.0,-1.5833550948253563,0.32,0.4962228517469311
nfix,nfix,NTP,50,intercept_fit,77,1.0,-2.1074767582640455,0.18,0.4962228517469311
nfix,nfix,NTP,50,intercept_fit,78,1.0,-1.6608461903991774,0.32,0.4962228517469311
nfix,nfix,NTP,50,intercept_fit,79,1.0,-1.500252674894371,0.3,0.4962228517469311
nfix,nfix,NTP,50,intercept_fit,80,1.0,-1.7672000691979228,0.28,0.4962228517469311
nfix,nfix,NTP,50,intercept_fit,81,1.0,-1.338733556731534,0.38,0.4962228517469311
nfix,nfix,NTP,50,intercept_fit,82,1.0,-2.2812140176353597,0.2,0.4962228517469311
nfix,nfix,NTP,50,intercept_fit,83,1.0,-1.7242943511145488,0.24,0.4962228517469311
nfix,nfix,NTP,50,intercept_fit,84,1.0,-2.550759527518641,0.18,0.4962228517469311
nfix,nfix,NTP,50,intercept_fit,85,1.0,-1.4346262773176464,0.34,0.4962228517469311
nfix,nfix,NTP,50,intercept_fit,86,1.0,-1.8380027030872133,0.26,0.4962228517469311
nfix,nfix,NTP,50,intercept_fit,87,1.0,-2.2458585424015167,0.22,0.4962228517469311
nfix,nfix,NTP,50,intercept_fit,88,1.0,-1.785900239702906,0.24,0.4962228517469311
nfix,nfix,NTP,50,intercept_fit,89,1.0,-1.4976875152978681,0.3,0.4962228517469311
nfix,nfix,NTP,50,intercept_fit,90,1.0,-2.0902555846003725,0.28,0.4962228517469311
nfix,nfix,NTP,50,intercept_fit,91,1.0,-1.7412664845719905,0.3,0.4962228517469311
nfix,nfix,NTP,50,intercept_fit,92,1.0,-2.673909813205963,0.1,0.4962228517469311
nfix,nfix,NTP,50,intercept_fit,93,1.0,-1.6228406094496068,0.28,0.4962228517469311
nfix,nfix,NTP,50,intercept_fit,94,1.0,-1.8022189472348682,0.26,0.4962228517469311
nfix,nfix,NTP,50,intercept_fit,95,1.0,-1.937224339856385,0.2,0.4962228517469311
nfix,nfix,NTP,50,intercept_fit,96,1.0,-1.5509917984311319,0.28,0.4962228517469311
nfix,nfix,NTP,50,intercept_fit,97,1.0,-1.8468317796902198,0.3,0.4962228517469311
nfix,nfix,NTP,50,intercept_fit,98,1.0,-1.6568668179831394,0.3,0.4962228517469311
nfix,nfix,NTP,50,intercept_fit,99,1.0,-1.788561838027251,0.26,0.4962228517469311
nfix,nfix,Probe,100,intercept_fit,0,1.0,-2.1587405938041955,0.25,0.4962228517469311
nfix,nfix,Probe,100,intercept_fit,1,1.0,-1.331939256624108,0.35,0.4962228517469311
nfix,nfix,Probe,100,intercept_fit,2,1.0,-1.8186895869524269,0.25,0.4962228517469311
nfix,nfix,Probe,100,intercept_fit,3,1.0,-1.4326358657227956,0.24,0.4962228517469311
nfix,nfix,Probe,100,intercept_fit,4,1.0,-1.0432397861426816,0.36,0.4962228517469311
nfix,nfix,Probe,100,intercept_fit,5,1.0,-0.9784576818831664,0.35,0.4962228517469311
nfix,nfix,Probe,100,intercept_fit,6,1.0,-1.363379385555617,0.31,0.4962228517469311
nfix,nfix,Probe,100,intercept_fit,7,1.0,-1.4115984258058523,0.23,0.4962228517469311
nfix,nfix,Probe,100,intercept_fit,8,1.0,-1.192736943910641,0.32,0.4962228517469311
nfix,nfix,Probe,100,intercept_fit,9,1.0,-2.0476088745181933,0.23,0.4962228517469311
nfix,nfix,Probe,100,intercept_fit,10,1.0,-2.264461809011203,0.23,0.4962228517469311
nfix,nfix,Probe,100,intercept_fit,11,1.0,-1.6358558952889888,0.26,0.4962228517469311
nfix,nfix,Probe,100,intercept_fit,12,1.0,-1.5867142834140664,0.29,0.4962228517469311
nfix,nfix,Probe,100,intercept_fit,13,1.0,-1.68146501626799,0.27,0.4962228517469311
nfix,nfix,Probe,100,intercept_fit,14,1.0,-2.127847061289479,0.25,0.4962228517469311
nfix,nfix,Probe,100,intercept_fit,15,1.0,-1.3207617035428043,0.28,0.4962228517469311
nfix,nfix,Probe,100,intercept_fit,16,1.0,-2.1685370156837345,0.22,0.4962228517469311
nfix,nfix,Probe,100,intercept_fit,17,1.0,-1.6585336406447297,0.3,0.4962228517469311
nfix,nfix,Probe,100,intercept_fit,18,1.0,-1.7901706400019965,0.22,0.4962228517469311
nfix,nfix,Probe,100,intercept_fit,19,1.0,-2.135413019587099,0.22,0.4962228517469311
nfix,nfix,Probe,100,intercept_fit,20,1.0,-0.9895047305870449,0.35,0.4962228517469311
nfix,nfix,Probe,100,intercept_fit,21,1.0,-1.8620984998389176,0.28,0.4962228517469311
nfix,nfix,Probe,100,intercept_fit,22,1.0,-2.470141827511809,0.17,0.4962228517469311
nfix,nfix,Probe,100,intercept_fit,23,1.0,-1.721755039321264,0.31,0.4962228517469311
nfix,nfix,Probe,100,intercept_fit,24,1.0,-1.57677551623968,0.26,0.4962228517469311
nfix,nfix,Probe,100,intercept_fit,25,1.0,-1.266745087469069,0.24,0.4962228517469311
nfix,nfix,Probe,100,intercept_fit,26,1.0,-2.8090548827394817,0.17,0.4962228517469311
nfix,nfix,Probe,100,intercept_fit,27,1.0,-2.1827559232893625,0.23,0.4962228517469311
nfix,nfix,Probe,100,intercept_fit,28,1.0,-2.3265085987618948,0.24,0.4962228517469311
nfix,nfix,Probe,100,intercept_fit,29,1.0,-1.8167476880120266,0.26,0.4962228517469311
nfix,nfix,Probe,100,intercept_fit,30,1.0,-1.03533695523207,0.29,0.4962228517469311
nfix,nfix,Probe,100,intercept_fit,31,1.0,-1.2111765891053556,0.27,0.4962228517469311
nfix,nfix,Probe,100,intercept_fit,32,1.0,-1.061905358122299,0.36,0.4962228517469311
nfix,nfix,Probe,100,intercept_fit,33,1.0,-1.2777531570511924,0.31,0.4962228517469311
nfix,nfix,Probe,100,intercept_fit,34,1.0,-1.638865916241407,0.23,0.4962228517469311
nfix,nfix,Probe,100,intercept_fit,35,1.0,-1.7922907151167997,0.31,0.4962228517469311
nfix,nfix,Probe,100,intercept_fit,36,1.0,-1.3110533089459782,0.34,0.4962228517469311
nfix,nfix,Probe,100,intercept_fit,37,1.0,-1.8809329202611471,0.22,0.4962228517469311
nfix,nfix,Probe,100,intercept_fit,38,1.0,-1.8981666692923578,0.17,0.4962228517469311
nfix,nfix,Probe,100,intercept_fit,39,1.0,-1.96087804115354,0.28,0.4962228517469311
nfix,nfix,Probe,100,intercept_fit,40,1.0,-1.9664130169903198,0.22,0.4962228517469311
nfix,nfix,Probe,100,intercept_fit,41,1.0,-1.910454987615087,0.27,0.4962228517469311
nfix,nfix,Probe,100,intercept_fit,42,1.0,-1.9787060237931735,0.26,0.4962228517469311
nfix,nfix,Probe,100,intercept_fit,43,1.0,-1.99559483316967,0.22,0.4962228517469311
nfix,nfix,Probe,100,intercept_fit,44,1.0,-1.529721323849953,0.26,0.4962228517469311
nfix,nfix,Probe,100,intercept_fit,45,1.0,-1.8201692162521936,0.28,0.4962228517469311
nfix,nfix,Probe,100,intercept_fit,46,1.0,-2.184524069686628,0.31,0.4962228517469311
nfix,nfix,Probe,100,intercept_fit,47,1.0,-1.806336927409832,0.31,0.4962228517469311
nfix,nfix,Probe,100,intercept_fit,48,1.0,-1.6831022240153235,0.28,0.4962228517469311
nfix,nfix,Probe,100,intercept_fit,49,1.0,-1.4859313266849723,0.25,0.4962228517469311
nfix,nfix,Probe,100,intercept_fit,50,1.0,-1.429014932319519,0.33,0.4962228517469311
nfix,nfix,Probe,100,intercept_fit,51,1.0,-1.5631529755376845,0.22,0.4962228517469311
nfix,nfix,Probe,100,intercept_fit,52,1.0,-2.163885814732511,0.35,0.4962228517469311
nfix,nfix,Probe,100,intercept_fit,53,1.0,-2.2149040717172874,0.19,0.4962228517469311
nfix,nfix,Probe,100,intercept_fit,54,1.0,-1.9955575559958125,0.21,0.4962228517469311
nfix,nfix,Probe,100,intercept_fit,55,1.0,-1.843401053635296,0.32,0.4962228517469311
nfix,nfix,Probe,100,intercept_fit,56,1.0,-2.3492794097598133,0.19,0.4962228517469311
nfix,nfix,Probe,100,intercept_fit,57,1.0,-2.113636631118847,0.25,0.4962228517469311
nfix,nfix,Probe,100,intercept_fit,58,1.0,-1.8993770739078768,0.26,0.4962228517469311
nfix,nfix,Probe,100,intercept_fit,59,1.0,-1.0554116409823215,0.32,0.4962228517469311
nfix,nfix,Probe,100,intercept_fit,60,1.0,-2.051568758596409,0.18,0.4962228517469311
nfix,nfix,Probe,100,intercept_fit,61,1.0,-1.282396839442095,0.3,0.4962228517469311
nfix,nfix,Probe,100,intercept_fit,62,1.0,-2.129925862570648,0.21,0.4962228517469311
nfix,nfix,Probe,100,intercept_fit,63,1.0,-2.9400799293664486,0.17,0.4962228517469311
nfix,nfix,Probe,100,intercept_fit,64,1.0,-1.5798762130832422,0.25,0.4962228517469311
nfix,nfix,Probe,100,intercept_fit,65,1.0,-1.644872199884824,0.27,0.4962228517469311
nfix,nfix,Probe,100,intercept_fit,66,1.0,-1.4935968514108295,0.26,0.4962228517469311
nfix,nfix,Probe,100,intercept_fit,67,1.0,-1.7309403164335928,0.29,0.4962228517469311
nfix,nfix,Probe,100,intercept_fit,68,1.0,-2.2573270831627403,0.25,0.4962228517469311
nfix,nfix,Probe,100,intercept_fit,69,1.0,-1.3797205845980642,0.32,0.4962228517469311
nfix,nfix,Probe,100,intercept_fit,70,1.0,-1.3291051416890947,0.29,0.4962228517469311
nfix,nfix,Probe,100,intercept_fit,71,1.0,-1.8612936742928143,0.22,0.4962228517469311
nfix,nfix,Probe,100,intercept_fit,72,1.0,-1.1468093983577439,0.31,0.4962228517469311
nfix,nfix,Probe,100,intercept_fit,73,1.0,-1.4147679879377502,0.3,0.4962228517469311
nfix,nfix,Probe,100,intercept_fit,74,1.0,-1.513880453220033,0.24,0.4962228517469311
nfix,nfix,Probe,100,intercept_fit,75,1.0,-1.8529158060164679,0.32,0.4962228517469311
nfix,nfix,Probe,100,intercept_fit,76,1.0,-1.7366122166065892,0.21,0.4962228517469311
nfix,nfix,Probe,100,intercept_fit,77,1.0,-2.331097533777244,0.28,0.4962228517469311
nfix,nfix,Probe,100,intercept_fit,78,1.0,-1.6884848310962182,0.35,0.4962228517469311
nfix,nfix,Probe,100,intercept_fit,79,1.0,-1.4980278326793866,0.21,0.4962228517469311
nfix,nfix,Probe,100,intercept_fit,80,1.0,-1.3680396579850662,0.27,0.4962228517469311
nfix,nfix,Probe,100,intercept_fit,81,1.0,-1.9450577660648065,0.22,0.4962228517469311
nfix,nfix,Probe,100,intercept_fit,82,1.0,-1.5159343997387171,0.38,0.4962228517469311
nfix,nfix,Probe,100,intercept_fit,83,1.0,-2.0748833353263336,0.18,0.4962228517469311
nfix,nfix,Probe,100,intercept_fit,84,1.0,-2.1964567309176175,0.23,0.4962228517469311
nfix,nfix,Probe,100,intercept_fit,85,1.0,-1.383418392185555,0.34,0.4962228517469311
nfix,nfix,Probe,100,intercept_fit,86,1.0,-2.1922141497009875,0.22,0.4962228517469311
nfix,nfix,Probe,100,intercept_fit,87,1.0,-2.3792319450201167,0.21,0.4962228517469311
nfix,nfix,Probe,100,intercept_fit,88,1.0,-1.6287562314964656,0.3,0.4962228517469311
nfix,nfix,Probe,100,intercept_fit,89,1.0,-1.5062801058763886,0.25,0.4962228517469311
nfix,nfix,Probe,100,intercept_fit,90,1.0,-2.4891317402857354,0.23,0.4962228517469311
nfix,nfix,Probe,100,intercept_fit,91,1.0,-1.221600211734527,0.29,0.4962228517469311
nfix,nfix,Probe,100,intercept_fit,92,1.0,-1.1945815049548139,0.35,0.4962228517469311
nfix,nfix,Probe,100,intercept_fit,93,1.0,-1.6389875883529748,0.26,0.4962228517469311
nfix,nfix,Probe,100,intercept_fit,94,1.0,-2.079022153073574,0.25,0.4962228517469311
nfix,nfix,Probe,100,intercept_fit,95,1.0,-1.2962957417966043,0.3,0.4962228517469311
nfix,nfix,Probe,100,intercept_fit,96,1.0,-1.8564759988520418,0.24,0.4962228517469311
nfix,nfix,Probe,100,intercept_fit,97,1.0,-1.1400579506763087,0.31,0.4962228517469311
nfix,nfix,Probe,100,intercept_fit,98,1.0,-1.8243468045048132,0.27,0.4962228517469311
nfix,nfix,Probe,100,intercept_fit,99,1.0,-2.379533248876917,0.21,0.4962228517469311
nfix,nfix,NTP,100,intercept_fit,0,1.0,-1.8211279414618748,0.25,0.4962228517469311
nfix,nfix,NTP,100,intercept_fit,1,1.0,-1.3005324893337555,0.35,0.4962228517469311
nfix,nfix,NTP,100,intercept_fit,2,1.0,-1.9007979535304962,0.25,0.4962228517469311
nfix,nfix,NTP,100,intercept_fit,3,1.0,-1.8291716252827492,0.24,0.4962228517469311
nfix,nfix,NTP,100,intercept_fit,4,1.0,-1.133026177853264,0.36,0.4962228517469311
nfix,nfix,NTP,100,intercept_fit,5,1.0,-1.3213392271660462,0.35,0.4962228517469311
nfix,nfix,NTP,100,intercept_fit,6,1.0,-1.4741234170330102,0.31,0.4962228517469311
nfix,nfix,NTP,100,intercept_fit,7,1.0,-1.8129587116391892,0.23,0.4962228517469311
nfix,nfix,NTP,100,intercept_fit,8,1.0,-1.5768559271755977,0.32,0.4962228517469311
nfix,nfix,NTP,100,intercept_fit,9,1.0,-1.7018828334780818,0.23,0.4962228517469311
nfix,nfix,NTP,100,intercept_fit,10,1.0,-1.7180073605212527,0.23,0.4962228517469311
nfix,nfix,NTP,100,intercept_fit,11,1.0,-1.941299735746594,0.26,0.4962228517469311
nfix,nfix,NTP,100,intercept_fit,12,1.0,-1.6589090480409476,0.29,0.4962228517469311
nfix,nfix,NTP,100,intercept_fit,13,1.0,-1.4147702374182487,0.27,0.4962228517469311
nfix,nfix,NTP,100,intercept_fit,14,1.0,-2.0439217807057157,0.25,0.4962228517469311
nfix,nfix,NTP,100,intercept_fit,15,1.0,-1.6488513394379176,0.28,0.4962228517469311
nfix,nfix,NTP,100,intercept_fit,16,1.0,-1.8900885104414855,0.22,0.4962228517469311
nfix,nfix,NTP,100,intercept_fit,17,1.0,-1.5050347698495252,0.3,0.4962228517469311
nfix,nfix,NTP,100,intercept_fit,18,1.0,-2.14324159782184,0.22,0.4962228517469311
nfix,nfix,NTP,100,intercept_fit,19,1.0,-1.9439964706054984,0.22,0.4962228517469311
nfix,nfix,NTP,100,intercept_fit,20,1.0,-1.2594184838683848,0.35,0.4962228517469311
nfix,nfix,NTP,100,intercept_fit,21,1.0,-1.6893947733327839,0.28,0.4962228517469311
nfix,nfix,NTP,100,intercept_fit,22,1.0,-2.450886695689206,0.17,0.4962228517469311
nfix,nfix,NTP,100,intercept_fit,23,1.0,-1.5340772428460585,0.31,0.4962228517469311
nfix,nfix,NTP,100,intercept_fit,24,1.0,-1.9801286720989835,0.26,0.4962228517469311
nfix,nfix,NTP,100,intercept_fit,25,1.0,-1.5754712886312883,0.24,0.4962228517469311
nfix,nfix,NTP,100,intercept_fit,26,1.0,-2.208225309778028,0.17,0.4962228517469311
nfix,nfix,NTP,100,intercept_fit,27,1.0,-1.965583345724256,0.23,0.4962228517469311
nfix,nfix,NTP,100,intercept_fit,28,1.0,-2.1778085277848156,0.24,0.4962228517469311
nfix,nfix,NTP,100,intercept_fit,29,1.0,-1.7570527171993218,0.26,0.4962228517469311
nfix,nfix,NTP,100,intercept_fit,30,1.0,-1.610564036310573,0.29,0.4962228517469311
nfix,nfix,NTP,100,intercept_fit,31,1.0,-1.51314190715503,0.27,0.4962228517469311
nfix,nfix,NTP,100,intercept_fit,32,1.0,-1.4552159059482115,0.36,0.4962228517469311
nfix,nfix,NTP,100,intercept_fit,33,1.0,-1.5778556810541047,0.31,0.4962228517469311
nfix,nfix,NTP,100,intercept_fit,34,1.0,-1.7560731339749838,0.23,0.4962228517469311
nfix,nfix,NTP,100,intercept_fit,35,1.0,-1.6642691417358155,0.31,0.4962228517469311
nfix,nfix,NTP,100,intercept_fit,36,1.0,-1.352973463359458,0.34,0.4962228517469311
nfix,nfix,NTP,100,intercept_fit,37,1.0,-1.8730064132834376,0.22,0.4962228517469311
nfix,nfix,NTP,100,intercept_fit,38,1.0,-2.398656860083674,0.17,0.4962228517469311
nfix,nfix,NTP,100,intercept_fit,39,1.0,-1.657509236841829,0.28,0.4962228517469311
nfix,nfix,NTP,100,intercept_fit,40,1.0,-1.9773930725879196,0.22,0.4962228517469311
nfix,nfix,NTP,100,intercept_fit,41,1.0,-1.7861663412332447,0.27,0.4962228517469311
nfix,nfix,NTP,100,intercept_fit,42,1.0,-1.5956142106407176,0.26,0.4962228517469311
nfix,nfix,NTP,100,intercept_fit,43,1.0,-2.0003279112530676,0.22,0.4962228517469311
nfix,nfix,NTP,100,intercept_fit,44,1.0,-1.858997582918384,0.26,0.4962228517469311
nfix,nfix,NTP,100,intercept_fit,45,1.0,-1.6104244341441243,0.28,0.4962228517469311
nfix,nfix,NTP,100,intercept_fit,46,1.0,-1.6669419375105223,0.31,0.4962228517469311
nfix,nfix,NTP,100,intercept_fit,47,1.0,-1.6887894523601903,0.31,0.4962228517469311
nfix,nfix,NTP,100,intercept_fit,48,1.0,-1.6681712514654274,0.28,0.4962228517469311
nfix,nfix,NTP,100,intercept_fit,49,1.0,-1.843898732930431,0.25,0.4962228517469311
nfix,nfix,NTP,100,intercept_fit,50,1.0,-1.5075249016026715,0.33,0.4962228517469311
nfix,nfix,NTP,100,intercept_fit,51,1.0,-2.056003635709372,0.22,0.4962228517469311
nfix,nfix,NTP,100,intercept_fit,52,1.0,-1.4028176480435512,0.35,0.4962228517469311
nfix,nfix,NTP,100,intercept_fit,53,1.0,-2.1788433962836184,0.19,0.4962228517469311
nfix,nfix,NTP,100,intercept_fit,54,1.0,-2.234852671430473,0.21,0.4962228517469311
nfix,nfix,NTP,100,intercept_fit,55,1.0,-1.373581205014202,0.32,0.4962228517469311
nfix,nfix,NTP,100,intercept_fit,56,1.0,-2.2412554806534417,0.19,0.4962228517469311
nfix,nfix,NTP,100,intercept_fit,57,1.0,-1.9084441009444344,0.25,0.4962228517469311
nfix,nfix,NTP,100,intercept_fit,58,1.0,-1.9259682412038177,0.26,0.4962228517469311
nfix,nfix,NTP,100,intercept_fit,59,1.0,-1.7252926859558912,0.32,0.4962228517469311
nfix,nfix,NTP,100,intercept_fit,60,1.0,-2.221078830490133,0.18,0.4962228517469311
nfix,nfix,NTP,100,intercept_fit,61,1.0,-1.575284912381943,0.3,0.4962228517469311
nfix,nfix,NTP,100,intercept_fit,62,1.0,-2.1243276073299953,0.21,0.4962228517469311
nfix,nfix,NTP,100,intercept_fit,63,1.0,-2.565317996243707,0.17,0.4962228517469311
nfix,nfix,NTP,100,intercept_fit,64,1.0,-1.6869701218398616,0.25,0.4962228517469311
nfix,nfix,NTP,100,intercept_fit,65,1.0,-1.954509179005729,0.27,0.4962228517469311
nfix,nfix,NTP,100,intercept_fit,66,1.0,-1.8603709482759458,0.26,0.4962228517469311
nfix,nfix,NTP,100,intercept_fit,67,1.0,-1.8171178352559583,0.29,0.4962228517469311
nfix,nfix,NTP,100,intercept_fit,68,1.0,-1.7323708497625592,0.25,0.4962228517469311
nfix,nfix,NTP,100,intercept_fit,69,1.0,-1.610584932410548,0.32,0.4962228517469311
nfix,nfix,NTP,100,intercept_fit,70,1.0,-1.6364828590259084,0.29,0.4962228517469311
nfix,nfix,NTP,100,intercept_fit,71,1.0,-1.9121047600375092,0.22,0.4962228517469311
nfix,nfix,NTP,100,intercept_fit,72,1.0,-1.3243140924749246,0.31,0.4962228517469311
nfix,nfix,NTP,100,intercept_fit,73,1.0,-1.5696510835215705,0.3,0.4962228517469311
nfix,nfix,NTP,100,intercept_fit,74,1.0,-1.822499397405178,0.24,0.4962228517469311
nfix,nfix,NTP,100,intercept_fit,75,1.0,-1.575659725291576,0.32,0.4962228517469311
nfix,nfix,NTP,100,intercept_fit,76,1.0,-2.1322580342015174,0.21,0.4962228517469311
nfix,nfix,NTP,100,intercept_fit,77,1.0,-1.7720715018247009,0.28,0.4962228517469311
nfix,nfix,NTP,100,intercept_fit,78,1.0,-1.5142556899567066,0.35,0.4962228517469311
nfix,nfix,NTP,100,intercept_fit,79,1.0,-2.0354235529434073,0.21,0.4962228517469311
nfix,nfix,NTP,100,intercept_fit,80,1.0,-1.6381628062987732,0.27,0.4962228517469311
nfix,nfix,NTP,100,intercept_fit,81,1.0,-1.91332409195397,0.22,0.4962228517469311
nfix,nfix,NTP,100,intercept_fit,82,1.0,-1.2334439032117979,0.38,0.4962228517469311
nfix,nfix,NTP,100,intercept_fit,83,1.0,-2.317913721853454,0.18,0.4962228517469311
nfix,nfix,NTP,100,intercept_fit,84,1.0,-2.0167221043195602,0.23,0.4962228517469311
nfix,nfix,NTP,100,intercept_fit,85,1.0,-1.415754569581927,0.34,0.4962228517469311
nfix,nfix,NTP,100,intercept_fit,86,1.0,-1.8873508276382385,0.22,0.4962228517469311
nfix,nfix,NTP,100,intercept_fit,87,1.0,-2.1554673793542345,0.21,0.4962228517469311
nfix,nfix,NTP,100,intercept_fit,88,1.0,-1.6629937968142279,0.3,0.4962228517469311
nfix,nfix,NTP,100,intercept_fit,89,1.0,-1.825065325352064,0.25,0.4962228517469311
nfix,nfix,NTP,100,intercept_fit,90,1.0,-2.0236596735602843,0.23,0.4962228517469311
nfix,nfix,NTP,100,intercept_fit,91,1.0,-1.6299901036428346,0.29,0.4962228517469311
nfix,nfix,NTP,100,intercept_fit,92,1.0,-1.2031311226336312,0.35,0.4962228517469311
nfix,nfix,NTP,100,intercept_fit,93,1.0,-1.6047692469956514,0.26,0.4962228517469311
nfix,nfix,NTP,100,intercept_fit,94,1.0,-1.736541804742566,0.25,0.4962228517469311
nfix,nfix,NTP,100,intercept_fit,95,1.0,-1.3918014572931428,0.3,0.4962228517469311
nfix,nfix,NTP,100,intercept_fit,96,1.0,-2.1360248301765536,0.24,0.4962228517469311
nfix,nfix,NTP,100,intercept_fit,97,1.0,-1.8680081409993714,0.31,0.4962228517469311
nfix,nfix,NTP,100,intercept_fit,98,1.0,-1.9226731826082133,0.27,0.4962228517469311
nfix,nfix,NTP,100,intercept_fit,99,1.0,-2.1812656441017233,0.21,0.4962228517469311
nfix,nfix,Probe,250,intercept_fit,0,1.0,-2.2445757320704987,0.212,0.4962228517469311
nfix,nfix,Probe,250,intercept_fit,1,1.0,-1.7041124866077246,0.312,0.4962228517469311
nfix,nfix,Probe,250,intercept_fit,2,1.0,-1.7421058032227261,0.28,0.4962228517469311
nfix,nfix,Probe,250,intercept_fit,3,1.0,-1.2273546133954976,0.28,0.4962228517469311
nfix,nfix,Probe,250,intercept_fit,4,1.0,-1.4447658880184049,0.292,0.4962228517469311
nfix,nfix,Probe,250,intercept_fit,5,1.0,-1.3333972306394875,0.284,0.4962228517469311
nfix,nfix,Probe,250,intercept_fit,6,1.0,-1.5490486538877937,0.288,0.4962228517469311
nfix,nfix,Probe,250,intercept_fit,7,1.0,-1.2959670938024417,0.276,0.4962228517469311
nfix,nfix,Probe,250,intercept_fit,8,1.0,-1.3052686042430786,0.308,0.4962228517469311
nfix,nfix,Probe,250,intercept_fit,9,1.0,-1.919866020891789,0.268,0.4962228517469311
nfix,nfix,Probe,250,intercept_fit,10,1.0,-2.355721217771013,0.216,0.4962228517469311
nfix,nfix,Probe,250,intercept_fit,11,1.0,-1.2344435038169848,0.352,0.4962228517469311
nfix,nfix,Probe,250,intercept_fit,12,1.0,-1.552313468322797,0.252,0.4962228517469311
nfix,nfix,Probe,250,intercept_fit,13,1.0,-2.0701565247414475,0.236,0.4962228517469311
nfix,nfix,Probe,250,intercept_fit,14,1.0,-1.8593905725648625,0.284,0.4962228517469311
nfix,nfix,Probe,250,intercept_fit,15,1.0,-1.6377208231350353,0.212,0.4962228517469311
nfix,nfix,Probe,250,intercept_fit,16,1.0,-1.8974115532204863,0.272,0.4962228517469311
nfix,nfix,Probe,250,intercept_fit,17,1.0,-1.8754590801838407,0.248,0.4962228517469311
nfix,nfix,Probe,250,intercept_fit,18,1.0,-1.7170702889391471,0.276,0.4962228517469311
nfix,nfix,Probe,250,intercept_fit,19,1.0,-2.1751999660512302,0.232,0.4962228517469311
nfix,nfix,Probe,250,intercept_fit,20,1.0,-1.1779748492971631,0.28,0.4962228517469311
nfix,nfix,Probe,250,intercept_fit,21,1.0,-1.6621457118390435,0.296,0.4962228517469311
nfix,nfix,Probe,250,intercept_fit,22,1.0,-1.664076762071435,0.292,0.4962228517469311
nfix,nfix,Probe,250,intercept_fit,23,1.0,-1.6371463079423119,0.312,0.4962228517469311
nfix,nfix,Probe,250,intercept_fit,24,1.0,-1.5111801565814793,0.276,0.4962228517469311
nfix,nfix,Probe,250,intercept_fit,25,1.0,-1.3499629725166076,0.244,0.4962228517469311
nfix,nfix,Probe,250,intercept_fit,26,1.0,-2.4315630873527208,0.228,0.4962228517469311
nfix,nfix,Probe,250,intercept_fit,27,1.0,-2.0619944160501964,0.232,0.4962228517469311
nfix,nfix,Probe,250,intercept_fit,28,1.0,-2.0442659120074076,0.264,0.4962228517469311
nfix,nfix,Probe,250,intercept_fit,29,1.0,-1.6188743377274677,0.288,0.4962228517469311
nfix,nfix,Probe,250,intercept_fit,30,1.0,-1.2476232280979418,0.296,0.4962228517469311
nfix,nfix,Probe,250,intercept_fit,31,1.0,-1.1856264180761207,0.304,0.4962228517469311
nfix,nfix,Probe,250,intercept_fit,32,1.0,-1.4966146247991994,0.284,0.4962228517469311
nfix,nfix,Probe,250,intercept_fit,33,1.0,-1.7874398404553338,0.24,0.4962228517469311
nfix,nfix,Probe,250,intercept_fit,34,1.0,-1.5242408902085602,0.244,0.4962228517469311
nfix,nfix,Probe,250,intercept_fit,35,1.0,-1.9562781170896772,0.272,0.4962228517469311
nfix,nfix,Probe,250,intercept_fit,36,1.0,-1.5324970478484568,0.292,0.4962228517469311
nfix,nfix,Probe,250,intercept_fit,37,1.0,-1.2274801893932958,0.316,0.4962228517469311
nfix,nfix,Probe,250,intercept_fit,38,1.0,-1.3178263550867977,0.268,0.4962228517469311
nfix,nfix,Probe,250,intercept_fit,39,1.0,-1.6977586007072294,0.3,0.4962228517469311
nfix,nfix,Probe,250,intercept_fit,40,1.0,-2.065474746432429,0.232,0.4962228517469311
nfix,nfix,Probe,250,intercept_fit,41,1.0,-2.0132100054070414,0.236,0.4962228517469311
nfix,nfix,Probe,250,intercept_fit,42,1.0,-2.0079308572096455,0.244,0.4962228517469311
nfix,nfix,Probe,250,intercept_fit,43,1.0,-1.6848488380962363,0.268,0.4962228517469311
nfix,nfix,Probe,250,intercept_fit,44,1.0,-1.2401043700873324,0.328,0.4962228517469311
nfix,nfix,Probe,250,intercept_fit,45,1.0,-1.855105096481785,0.272,0.4962228517469311
nfix,nfix,Probe,250,intercept_fit,46,1.0,-2.376364257945988,0.252,0.4962228517469311
nfix,nfix,Probe,250,intercept_fit,47,1.0,-1.7197141435801606,0.348,0.4962228517469311
nfix,nfix,Probe,250,intercept_fit,48,1.0,-1.6803170021720892,0.312,0.4962228517469311
nfix,nfix,Probe,250,intercept_fit,49,1.0,-1.339727601116673,0.284,0.4962228517469311
nfix,nfix,Probe,250,intercept_fit,50,1.0,-1.6927886870573676,0.3,0.4962228517469311
nfix,nfix,Probe,250,intercept_fit,51,1.0,-1.4249042836147792,0.26,0.4962228517469311
nfix,nfix,Probe,250,intercept_fit,52,1.0,-2.7065977595726802,0.244,0.4962228517469311
nfix,nfix,Probe,250,intercept_fit,53,1.0,-1.684333395381397,0.276,0.4962228517469311
nfix,nfix,Probe,250,intercept_fit,54,1.0,-1.6402649195454044,0.256,0.4962228517469311
nfix,nfix,Probe,250,intercept_fit,55,1.0,-2.152725417414845,0.26,0.4962228517469311
nfix,nfix,Probe,250,intercept_fit,56,1.0,-2.0888378880585408,0.256,0.4962228517469311
nfix,nfix,Probe,250,intercept_fit,57,1.0,-2.166463235799358,0.256,0.4962228517469311
nfix,nfix,Probe,250,intercept_fit,58,1.0,-1.7699913569135657,0.288,0.4962228517469311
nfix,nfix,Probe,250,intercept_fit,59,1.0,-1.336944559168704,0.292,0.4962228517469311
nfix,nfix,Probe,250,intercept_fit,60,1.0,-1.91011580598838,0.216,0.4962228517469311
nfix,nfix,Probe,250,intercept_fit,61,1.0,-1.8093964480670317,0.208,0.4962228517469311
nfix,nfix,Probe,250,intercept_fit,62,1.0,-1.797086989093782,0.272,0.4962228517469311
nfix,nfix,Probe,250,intercept_fit,63,1.0,-2.066650595752435,0.304,0.4962228517469311
nfix,nfix,Probe,250,intercept_fit,64,1.0,-1.874258216948826,0.228,0.4962228517469311
nfix,nfix,Probe,250,intercept_fit,65,1.0,-1.5238331295920662,0.264,0.4962228517469311
nfix,nfix,Probe,250,intercept_fit,66,1.0,-1.2715749513044212,0.288,0.4962228517469311
nfix,nfix,Probe,250,intercept_fit,67,1.0,-1.8840452849600984,0.296,0.4962228517469311
nfix,nfix,Probe,250,intercept_fit,68,1.0,-1.8408977087104534,0.288,0.4962228517469311
nfix,nfix,Probe,250,intercept_fit,69,1.0,-1.2749106309413412,0.292,0.4962228517469311
nfix,nfix,Probe,250,intercept_fit,70,1.0,-1.7185286703190414,0.224,0.4962228517469311
nfix,nfix,Probe,250,intercept_fit,71,1.0,-1.7421596248693276,0.26,0.4962228517469311
nfix,nfix,Probe,250,intercept_fit,72,1.0,-1.6671400498300235,0.216,0.4962228517469311
nfix,nfix,Probe,250,intercept_fit,73,1.0,-1.8823511558795962,0.24,0.4962228517469311
nfix,nfix,Probe,250,intercept_fit,74,1.0,-1.659920072582104,0.204,0.4962228517469311
nfix,nfix,Probe,250,intercept_fit,75,1.0,-2.4005398496896455,0.22,0.4962228517469311
nfix,nfix,Probe,250,intercept_fit,76,1.0,-1.3769477860947978,0.264,0.4962228517469311
nfix,nfix,Probe,250,intercept_fit,77,1.0,-2.3613820212182635,0.26,0.4962228517469311
nfix,nfix,Probe,250,intercept_fit,78,1.0,-1.6259314649916266,0.316,0.4962228517469311
nfix,nfix,Probe,250,intercept_fit,79,1.0,-1.4053675962243048,0.268,0.4962228517469311
nfix,nfix,Probe,250,intercept_fit,80,1.0,-1.4283876995440792,0.268,0.4962228517469311
nfix,nfix,Probe,250,intercept_fit,81,1.0,-1.5593491802674548,0.32,0.4962228517469311
nfix,nfix,Probe,250,intercept_fit,82,1.0,-2.08313426602265,0.268,0.4962228517469311
nfix,nfix,Probe,250,intercept_fit,83,1.0,-1.7338590848760835,0.22,0.4962228517469311
nfix,nfix,Probe,250,intercept_fit,84,1.0,-1.9966173227573274,0.272,0.4962228517469311
nfix,nfix,Probe,250,intercept_fit,85,1.0,-2.0126369488376947,0.228,0.4962228517469311
nfix,nfix,Probe,250,intercept_fit,86,1.0,-2.053238938200649,0.288,0.4962228517469311
nfix,nfix,Probe,250,intercept_fit,87,1.0,-2.3209896977781503,0.216,0.4962228517469311
nfix,nfix,Probe,250,intercept_fit,88,1.0,-1.7519731357527686,0.252,0.4962228517469311
nfix,nfix,Probe,250,intercept_fit,89,1.0,-1.2005069750484945,0.324,0.4962228517469311
nfix,nfix,Probe,250,intercept_fit,90,1.0,-2.3511591137932832,0.252,0.4962228517469311
nfix,nfix,Probe,250,intercept_fit,91,1.0,-1.0069992219430544,0.324,0.4962228517469311
nfix,nfix,Probe,250,intercept_fit,92,1.0,-1.4752523484800621,0.252,0.4962228517469311
nfix,nfix,Probe,250,intercept_fit,93,1.0,-1.7369326297816778,0.26,0.4962228517469311
nfix,nfix,Probe,250,intercept_fit,94,1.0,-2.122412720788722,0.228,0.4962228517469311
nfix,nfix,Probe,250,intercept_fit,95,1.0,-1.5076993117943542,0.272,0.4962228517469311
nfix,nfix,Probe,250,intercept_fit,96,1.0,-1.4705678521510028,0.292,0.4962228517469311
nfix,nfix,Probe,250,intercept_fit,97,1.0,-1.4157379330663744,0.296,0.4962228517469311
nfix,nfix,Probe,250,intercept_fit,98,1.0,-1.892896854092974,0.24,0.4962228517469311
nfix,nfix,Probe,250,intercept_fit,99,1.0,-1.7022426816205036,0.312,0.4962228517469311
nfix,nfix,NTP,250,intercept_fit,0,1.0,-2.087367963646063,0.212,0.4962228517469311
nfix,nfix,NTP,250,intercept_fit,1,1.0,-1.677716328194388,0.312,0.4962228517469311
nfix,nfix,NTP,250,intercept_fit,2,1.0,-1.6302272628079344,0.28,0.4962228517469311
nfix,nfix,NTP,250,intercept_fit,3,1.0,-1.6410809902736134,0.28,0.4962228517469311
nfix,nfix,NTP,250,intercept_fit,4,1.0,-1.66652639389217,0.292,0.4962228517469311
nfix,nfix,NTP,250,intercept_fit,5,1.0,-1.5996588185311345,0.284,0.4962228517469311
nfix,nfix,NTP,250,intercept_fit,6,1.0,-1.789871314886523,0.288,0.4962228517469311
nfix,nfix,NTP,250,intercept_fit,7,1.0,-1.4635097790888516,0.276,0.4962228517469311
nfix,nfix,NTP,250,intercept_fit,8,1.0,-1.689431762741376,0.308,0.4962228517469311
nfix,nfix,NTP,250,intercept_fit,9,1.0,-1.791385649138825,0.268,0.4962228517469311
nfix,nfix,NTP,250,intercept_fit,10,1.0,-1.9544137610435415,0.216,0.4962228517469311
nfix,nfix,NTP,250,intercept_fit,11,1.0,-1.545699343045583,0.352,0.4962228517469311
nfix,nfix,NTP,250,intercept_fit,12,1.0,-1.9184125529086336,0.252,0.4962228517469311
nfix,nfix,NTP,250,intercept_fit,13,1.0,-1.9015664452476218,0.236,0.4962228517469311
nfix,nfix,NTP,250,intercept_fit,14,1.0,-1.6570257522790508,0.284,0.4962228517469311
nfix,nfix,NTP,250,intercept_fit,15,1.0,-2.0516022458588936,0.212,0.4962228517469311
nfix,nfix,NTP,250,intercept_fit,16,1.0,-1.7329627010206183,0.272,0.4962228517469311
nfix,nfix,NTP,250,intercept_fit,17,1.0,-1.6723990935113016,0.248,0.4962228517469311
nfix,nfix,NTP,250,intercept_fit,18,1.0,-1.8229511807159373,0.276,0.4962228517469311
nfix,nfix,NTP,250,intercept_fit,19,1.0,-1.8267451805060984,0.232,0.4962228517469311
nfix,nfix,NTP,250,intercept_fit,20,1.0,-1.5222307396588064,0.28,0.4962228517469311
nfix,nfix,NTP,250,intercept_fit,21,1.0,-1.442058911771439,0.296,0.4962228517469311
nfix,nfix,NTP,250,intercept_fit,22,1.0,-1.5281204190421929,0.292,0.4962228517469311
nfix,nfix,NTP,250,intercept_fit,23,1.0,-1.4075994946061947,0.312,0.4962228517469311
nfix,nfix,NTP,250,intercept_fit,24,1.0,-1.882665482443734,0.276,0.4962228517469311
nfix,nfix,NTP,250,intercept_fit,25,1.0,-1.8389160392548771,0.244,0.4962228517469311
nfix,nfix,NTP,250,intercept_fit,26,1.0,-1.945720051199303,0.228,0.4962228517469311
nfix,nfix,NTP,250,intercept_fit,27,1.0,-1.9635487525044721,0.232,0.4962228517469311
nfix,nfix,NTP,250,intercept_fit,28,1.0,-1.834506588085963,0.264,0.4962228517469311
nfix,nfix,NTP,250,intercept_fit,29,1.0,-1.5675428890641687,0.288,0.4962228517469311
nfix,nfix,NTP,250,intercept_fit,30,1.0,-1.6151736366591414,0.296,0.4962228517469311
nfix,nfix,NTP,250,intercept_fit,31,1.0,-1.523168096532672,0.304,0.4962228517469311
nfix,nfix,NTP,250,intercept_fit,32,1.0,-1.852078637240369,0.284,0.4962228517469311
nfix,nfix,NTP,250,intercept_fit,33,1.0,-1.8633507993130516,0.24,0.4962228517469311
nfix,nfix,NTP,250,intercept_fit,34,1.0,-1.7784754350655447,0.244,0.4962228517469311
nfix,nfix,NTP,250,intercept_fit,35,1.0,-1.778311485941641,0.272,0.4962228517469311
nfix,nfix,NTP,250,intercept_fit,36,1.0,-1.4165054884696873,0.292,0.4962228517469311
nfix,nfix,NTP,250,intercept_fit,37,1.0,-1.5715879404826367,0.316,0.4962228517469311
nfix,nfix,NTP,250,intercept_fit,38,1.0,-1.7815786334165904,0.268,0.4962228517469311
nfix,nfix,NTP,250,intercept_fit,39,1.0,-1.7022610974725247,0.3,0.4962228517469311
nfix,nfix,NTP,250,intercept_fit,40,1.0,-1.9165185712730926,0.232,0.4962228517469311
nfix,nfix,NTP,250,intercept_fit,41,1.0,-1.8227150976159512,0.236,0.4962228517469311
nfix,nfix,NTP,250,intercept_fit,42,1.0,-1.7286836494085636,0.244,0.4962228517469311
nfix,nfix,NTP,250,intercept_fit,43,1.0,-1.6941933157368685,0.268,0.4962228517469311
nfix,nfix,NTP,250,intercept_fit,44,1.0,-1.6380326164175005,0.328,0.4962228517469311
nfix,nfix,NTP,250,intercept_fit,45,1.0,-1.7495658716206013,0.272,0.4962228517469311
nfix,nfix,NTP,250,intercept_fit,46,1.0,-1.8577060692153806,0.252,0.4962228517469311
nfix,nfix,NTP,250,intercept_fit,47,1.0,-1.5717804629890868,0.348,0.4962228517469311
nfix,nfix,NTP,250,intercept_fit,48,1.0,-1.7238275387162678,0.312,0.4962228517469311
nfix,nfix,NTP,250,intercept_fit,49,1.0,-1.528429682719118,0.284,0.4962228517469311
nfix,nfix,NTP,250,intercept_fit,50,1.0,-1.5599000906068996,0.3,0.4962228517469311
nfix,nfix,NTP,250,intercept_fit,51,1.0,-1.771690887668287,0.26,0.4962228517469311
nfix,nfix,NTP,250,intercept_fit,52,1.0,-1.864866953690518,0.244,0.4962228517469311
nfix,nfix,NTP,250,intercept_fit,53,1.0,-1.8116640352969333,0.276,0.4962228517469311
nfix,nfix,NTP,250,intercept_fit,54,1.0,-1.9725883725067401,0.256,0.4962228517469311
nfix,nfix,NTP,250,intercept_fit,55,1.0,-1.721377965786295,0.26,0.4962228517469311
nfix,nfix,NTP,250,intercept_fit,56,1.0,-1.8938470889414154,0.256,0.4962228517469311
nfix,nfix,NTP,250,intercept_fit,57,1.0,-1.883536801750021,0.256,0.4962228517469311
nfix,nfix,NTP,250,intercept_fit,58,1.0,-1.7550883795176941,0.288,0.4962228517469311
nfix,nfix,NTP,250,intercept_fit,59,1.0,-1.7456186199591697,0.292,0.4962228517469311
nfix,nfix,NTP,250,intercept_fit,60,1.0,-1.8386975982802134,0.216,0.4962228517469311
nfix,nfix,NTP,250,intercept_fit,61,1.0,-2.061582235935803,0.208,0.4962228517469311
nfix,nfix,NTP,250,intercept_fit,62,1.0,-1.7041223892707085,0.272,0.4962228517469311
nfix,nfix,NTP,250,intercept_fit,63,1.0,-1.5696895980699939,0.304,0.4962228517469311
nfix,nfix,NTP,250,intercept_fit,64,1.0,-1.9836534541520419,0.228,0.4962228517469311
nfix,nfix,NTP,250,intercept_fit,65,1.0,-1.9759352337722194,0.264,0.4962228517469311
nfix,nfix,NTP,250,intercept_fit,66,1.0,-1.5593070475555197,0.288,0.4962228517469311
nfix,nfix,NTP,250,intercept_fit,67,1.0,-1.727643974504809,0.296,0.4962228517469311
nfix,nfix,NTP,250,intercept_fit,68,1.0,-1.6835129517878487,0.288,0.4962228517469311
nfix,nfix,NTP,250,intercept_fit,69,1.0,-1.7290119222978082,0.292,0.4962228517469311
nfix,nfix,NTP,250,intercept_fit,70,1.0,-2.140103908354695,0.224,0.4962228517469311
nfix,nfix,NTP,250,intercept_fit,71,1.0,-1.8178873653716354,0.26,0.4962228517469311
nfix,nfix,NTP,250,intercept_fit,72,1.0,-2.045288712962978,0.216,0.4962228517469311
nfix,nfix,NTP,250,intercept_fit,73,1.0,-2.0004751222176296,0.24,0.4962228517469311
nfix,nfix,NTP,250,intercept_fit,74,1.0,-1.9003284650929528,0.204,0.4962228517469311
nfix,nfix,NTP,250,intercept_fit,75,1.0,-1.9776220162027056,0.22,0.4962228517469311
nfix,nfix,NTP,250,intercept_fit,76,1.0,-1.7893990918922302,0.264,0.4962228517469311
nfix,nfix,NTP,250,intercept_fit,77,1.0,-1.8315706947605608,0.26,0.4962228517469311
nfix,nfix,NTP,250,intercept_fit,78,1.0,-1.4554577723301672,0.316,0.4962228517469311
nfix,nfix,NTP,250,intercept_fit,79,1.0,-1.8711265377022066,0.268,0.4962228517469311
nfix,nfix,NTP,250,intercept_fit,80,1.0,-1.7872682649245515,0.268,0.4962228517469311
nfix,nfix,NTP,250,intercept_fit,81,1.0,-1.5280406631737364,0.32,0.4962228517469311
nfix,nfix,NTP,250,intercept_fit,82,1.0,-1.7217550886690374,0.268,0.4962228517469311
nfix,nfix,NTP,250,intercept_fit,83,1.0,-2.0638782869138708,0.22,0.4962228517469311
nfix,nfix,NTP,250,intercept_fit,84,1.0,-1.759980603663975,0.272,0.4962228517469311
nfix,nfix,NTP,250,intercept_fit,85,1.0,-2.1109021135936765,0.228,0.4962228517469311
nfix,nfix,NTP,250,intercept_fit,86,1.0,-1.7071296140692511,0.288,0.4962228517469311
nfix,nfix,NTP,250,intercept_fit,87,1.0,-2.0056418170106163,0.216,0.4962228517469311
nfix,nfix,NTP,250,intercept_fit,88,1.0,-1.6188528161168196,0.252,0.4962228517469311
nfix,nfix,NTP,250,intercept_fit,89,1.0,-1.558248511333008,0.324,0.4962228517469311
nfix,nfix,NTP,250,intercept_fit,90,1.0,-1.922496534713165,0.252,0.4962228517469311
nfix,nfix,NTP,250,intercept_fit,91,1.0,-1.4428299111453506,0.324,0.4962228517469311
nfix,nfix,NTP,250,intercept_fit,92,1.0,-1.7137995671744257,0.252,0.4962228517469311
nfix,nfix,NTP,250,intercept_fit,93,1.0,-1.75996346386635,0.26,0.4962228517469311
nfix,nfix,NTP,250,intercept_fit,94,1.0,-1.8601428988368405,0.228,0.4962228517469311
nfix,nfix,NTP,250,intercept_fit,95,1.0,-1.646861872002981,0.272,0.4962228517469311
nfix,nfix,NTP,250,intercept_fit,96,1.0,-1.719649455866044,0.292,0.4962228517469311
nfix,nfix,NTP,250,intercept_fit,97,1.0,-1.6805413315840592,0.296,0.4962228517469311
nfix,nfix,NTP,250,intercept_fit,98,1.0,-1.9168074672293882,0.24,0.4962228517469311
nfix,nfix,NTP,250,intercept_fit,99,1.0,-1.640251918844616,0.312,0.4962228517469311
nfix,nfix,Probe,500,intercept_fit,0,1.0,-2.0005892703740638,0.252,0.4962228517469311
nfix,nfix,Probe,500,intercept_fit,1,1.0,-1.8676128248013395,0.268,0.4962228517469311
nfix,nfix,Probe,500,intercept_fit,2,1.0,-1.8818126248494107,0.236,0.4962228517469311
nfix,nfix,Probe,500,intercept_fit,3,1.0,-1.3679922499936414,0.256,0.4962228517469311
nfix,nfix,Probe,500,intercept_fit,4,1.0,-1.3338988805484857,0.32,0.4962228517469311
nfix,nfix,Probe,500,intercept_fit,5,1.0,-1.2001150262464717,0.3,0.4962228517469311
nfix,nfix,Probe,500,intercept_fit,6,1.0,-1.7384144320987527,0.28,0.4962228517469311
nfix,nfix,Probe,500,intercept_fit,7,1.0,-1.2888497280202702,0.266,0.4962228517469311
nfix,nfix,Probe,500,intercept_fit,8,1.0,-1.093872651784379,0.338,0.4962228517469311
nfix,nfix,Probe,500,intercept_fit,9,1.0,-2.077202712946577,0.254,0.4962228517469311
nfix,nfix,Probe,500,intercept_fit,10,1.0,-2.3058193784384775,0.236,0.4962228517469311
nfix,nfix,Probe,500,intercept_fit,11,1.0,-1.3235086407003525,0.326,0.4962228517469311
nfix,nfix,Probe,500,intercept_fit,12,1.0,-1.5545379491363203,0.27,0.4962228517469311
nfix,nfix,Probe,500,intercept_fit,13,1.0,-1.97248883813353,0.252,0.4962228517469311
nfix,nfix,Probe,500,intercept_fit,14,1.0,-1.9386832272380605,0.274,0.4962228517469311
nfix,nfix,Probe,500,intercept_fit,15,1.0,-1.530293382801697,0.234,0.4962228517469311
nfix,nfix,Probe,500,intercept_fit,16,1.0,-1.7051644007126767,0.302,0.4962228517469311
nfix,nfix,Probe,500,intercept_fit,17,1.0,-2.0490610340944264,0.222,0.4962228517469311
nfix,nfix,Probe,500,intercept_fit,18,1.0,-1.8245974139853018,0.252,0.4962228517469311
nfix,nfix,Probe,500,intercept_fit,19,1.0,-2.0241396570161982,0.254,0.4962228517469311
nfix,nfix,Probe,500,intercept_fit,20,1.0,-1.4397783354072606,0.248,0.4962228517469311
nfix,nfix,Probe,500,intercept_fit,21,1.0,-1.5453925881913169,0.298,0.4962228517469311
nfix,nfix,Probe,500,intercept_fit,22,1.0,-1.9360878049348245,0.252,0.4962228517469311
nfix,nfix,Probe,500,intercept_fit,23,1.0,-1.7948590364663226,0.268,0.4962228517469311
nfix,nfix,Probe,500,intercept_fit,24,1.0,-1.278231050295181,0.32,0.4962228517469311
nfix,nfix,Probe,500,intercept_fit,25,1.0,-1.3645821749829208,0.256,0.4962228517469311
nfix,nfix,Probe,500,intercept_fit,26,1.0,-2.3195931496034206,0.226,0.4962228517469311
nfix,nfix,Probe,500,intercept_fit,27,1.0,-2.072230225812075,0.242,0.4962228517469311
nfix,nfix,Probe,500,intercept_fit,28,1.0,-2.0348314950740356,0.282,0.4962228517469311
nfix,nfix,Probe,500,intercept_fit,29,1.0,-1.5075205950064714,0.318,0.4962228517469311
nfix,nfix,Probe,500,intercept_fit,30,1.0,-1.0395372031984857,0.32,0.4962228517469311
nfix,nfix,Probe,500,intercept_fit,31,1.0,-1.2545538677904053,0.284,0.4962228517469311
nfix,nfix,Probe,500,intercept_fit,32,1.0,-1.3591524926515397,0.314,0.4962228517469311
nfix,nfix,Probe,500,intercept_fit,33,1.0,-1.742912032044304,0.26,0.4962228517469311
nfix,nfix,Probe,500,intercept_fit,34,1.0,-1.3422626721945479,0.282,0.4962228517469311
nfix,nfix,Probe,500,intercept_fit,35,1.0,-2.065311329668328,0.246,0.4962228517469311
nfix,nfix,Probe,500,intercept_fit,36,1.0,-1.855847760911177,0.252,0.4962228517469311
nfix,nfix,Probe,500,intercept_fit,37,1.0,-1.337022824967644,0.292,0.4962228517469311
nfix,nfix,Probe,500,intercept_fit,38,1.0,-1.5412194216011907,0.226,0.4962228517469311
nfix,nfix,Probe,500,intercept_fit,39,1.0,-1.7627924674325737,0.278,0.4962228517469311
nfix,nfix,Probe,500,intercept_fit,40,1.0,-2.091549517047107,0.238,0.4962228517469311
nfix,nfix,Probe,500,intercept_fit,41,1.0,-1.8828948052504104,0.254,0.4962228517469311
nfix,nfix,Probe,500,intercept_fit,42,1.0,-1.8178387588970244,0.284,0.4962228517469311
nfix,nfix,Probe,500,intercept_fit,43,1.0,-1.6919367842018465,0.286,0.4962228517469311
nfix,nfix,Probe,500,intercept_fit,44,1.0,-1.1264708253689222,0.326,0.4962228517469311
nfix,nfix,Probe,500,intercept_fit,45,1.0,-2.2047535859285876,0.226,0.4962228517469311
nfix,nfix,Probe,500,intercept_fit,46,1.0,-2.412134829046977,0.234,0.4962228517469311
nfix,nfix,Probe,500,intercept_fit,47,1.0,-1.7825187104661164,0.322,0.4962228517469311
nfix,nfix,Probe,500,intercept_fit,48,1.0,-1.6611499313328222,0.304,0.4962228517469311
nfix,nfix,Probe,500,intercept_fit,49,1.0,-1.397346326864652,0.282,0.4962228517469311
nfix,nfix,Probe,500,intercept_fit,50,1.0,-1.5901967154928722,0.316,0.4962228517469311
nfix,nfix,Probe,500,intercept_fit,51,1.0,-1.466939019326516,0.26,0.4962228517469311
nfix,nfix,Probe,500,intercept_fit,52,1.0,-2.492049653279396,0.276,0.4962228517469311
nfix,nfix,Probe,500,intercept_fit,53,1.0,-1.5539864238325498,0.304,0.4962228517469311
nfix,nfix,Probe,500,intercept_fit,54,1.0,-1.7142414415094398,0.256,0.4962228517469311
nfix,nfix,Probe,500,intercept_fit,55,1.0,-2.043579183281315,0.272,0.4962228517469311
nfix,nfix,Probe,500,intercept_fit,56,1.0,-2.0728060140478495,0.254,0.4962228517469311
nfix,nfix,Probe,500,intercept_fit,57,1.0,-2.2123855078080066,0.252,0.4962228517469311
nfix,nfix,Probe,500,intercept_fit,58,1.0,-1.8250748744591978,0.282,0.4962228517469311
nfix,nfix,Probe,500,intercept_fit,59,1.0,-1.2285159865170456,0.294,0.4962228517469311
nfix,nfix,Probe,500,intercept_fit,60,1.0,-1.9244567900463831,0.22,0.4962228517469311
nfix,nfix,Probe,500,intercept_fit,61,1.0,-1.364846424556901,0.268,0.4962228517469311
nfix,nfix,Probe,500,intercept_fit,62,1.0,-1.7958684921167074,0.276,0.4962228517469311
nfix,nfix,Probe,500,intercept_fit,63,1.0,-2.2690119129356376,0.256,0.4962228517469311
nfix,nfix,Probe,500,intercept_fit,64,1.0,-1.8002275346890018,0.242,0.4962228517469311
nfix,nfix,Probe,500,intercept_fit,65,1.0,-1.100154907039188,0.36,0.4962228517469311
nfix,nfix,Probe,500,intercept_fit,66,1.0,-1.3597602690750425,0.278,0.4962228517469311
nfix,nfix,Probe,500,intercept_fit,67,1.0,-1.8805796884122727,0.27,0.4962228517469311
nfix,nfix,Probe,500,intercept_fit,68,1.0,-1.7452911580320336,0.3,0.4962228517469311
nfix,nfix,Probe,500,intercept_fit,69,1.0,-1.45402524207607,0.256,0.4962228517469311
nfix,nfix,Probe,500,intercept_fit,70,1.0,-1.3869410091853553,0.28,0.4962228517469311
nfix,nfix,Probe,500,intercept_fit,71,1.0,-1.8609621884701946,0.226,0.4962228517469311
nfix,nfix,Probe,500,intercept_fit,72,1.0,-1.5550395224826035,0.234,0.4962228517469311
nfix,nfix,Probe,500,intercept_fit,73,1.0,-1.8206098333721672,0.25,0.4962228517469311
nfix,nfix,Probe,500,intercept_fit,74,1.0,-1.4449187049739165,0.254,0.4962228517469311
nfix,nfix,Probe,500,intercept_fit,75,1.0,-2.1600829997820785,0.274,0.4962228517469311
nfix,nfix,Probe,500,intercept_fit,76,1.0,-1.4742432298661345,0.258,0.4962228517469311
nfix,nfix,Probe,500,intercept_fit,77,1.0,-2.6341590468722753,0.21,0.4962228517469311
nfix,nfix,Probe,500,intercept_fit,78,1.0,-1.7050817596365253,0.288,0.4962228517469311
nfix,nfix,Probe,500,intercept_fit,79,1.0,-1.5501690682887388,0.242,0.4962228517469311
nfix,nfix,Probe,500,intercept_fit,80,1.0,-1.5596309280223426,0.242,0.4962228517469311
nfix,nfix,Probe,500,intercept_fit,81,1.0,-1.69817179319368,0.282,0.4962228517469311
nfix,nfix,Probe,500,intercept_fit,82,1.0,-1.990436920570339,0.296,0.4962228517469311
nfix,nfix,Probe,500,intercept_fit,83,1.0,-1.5648005176004403,0.254,0.4962228517469311
nfix,nfix,Probe,500,intercept_fit,84,1.0,-1.9927433316113004,0.274,0.4962228517469311
nfix,nfix,Probe,500,intercept_fit,85,1.0,-1.7244526256718924,0.286,0.4962228517469311
nfix,nfix,Probe,500,intercept_fit,86,1.0,-2.287934565910191,0.256,0.4962228517469311
nfix,nfix,Probe,500,intercept_fit,87,1.0,-2.1177924182937544,0.248,0.4962228517469311
nfix,nfix,Probe,500,intercept_fit,88,1.0,-1.9210553302164732,0.236,0.4962228517469311
nfix,nfix,Probe,500,intercept_fit,89,1.0,-1.3769438364071365,0.29,0.4962228517469311
nfix,nfix,Probe,500,intercept_fit,90,1.0,-2.3626098940331546,0.248,0.4962228517469311
nfix,nfix,Probe,500,intercept_fit,91,1.0,-1.304353000360662,0.288,0.4962228517469311
nfix,nfix,Probe,500,intercept_fit,92,1.0,-1.2642457217502372,0.294,0.4962228517469311
nfix,nfix,Probe,500,intercept_fit,93,1.0,-1.6577497529801763,0.282,0.4962228517469311
nfix,nfix,Probe,500,intercept_fit,94,1.0,-2.066355412013688,0.248,0.4962228517469311
nfix,nfix,Probe,500,intercept_fit,95,1.0,-1.5322430367146982,0.272,0.4962228517469311
nfix,nfix,Probe,500,intercept_fit,96,1.0,-1.3207362738121913,0.308,0.4962228517469311
nfix,nfix,Probe,500,intercept_fit,97,1.0,-1.20699888647011,0.334,0.4962228517469311
nfix,nfix,Probe,500,intercept_fit,98,1.0,-1.8576080996266116,0.246,0.4962228517469311
nfix,nfix,Probe,500,intercept_fit,99,1.0,-1.8641813770563962,0.294,0.4962228517469311
nfix,nfix,NTP,500,intercept_fit,0,1.0,-1.8272601836235394,0.252,0.4962228517469311
nfix,nfix,NTP,500,intercept_fit,1,1.0,-1.9457202982576702,0.268,0.4962228517469311
nfix,nfix,NTP,500,intercept_fit,2,1.0,-1.826786745882803,0.236,0.4962228517469311
nfix,nfix,NTP,500,intercept_fit,3,1.0,-1.7632073833807191,0.256,0.4962228517469311
nfix,nfix,NTP,500,intercept_fit,4,1.0,-1.4627458483074534,0.32,0.4962228517469311
nfix,nfix,NTP,500,intercept_fit,5,1.0,-1.5349272978456054,0.3,0.4962228517469311
nfix,nfix,NTP,500,intercept_fit,6,1.0,-1.8411630730978075,0.28,0.4962228517469311
nfix,nfix,NTP,500,intercept_fit,7,1.0,-1.6932114136585315,0.266,0.4962228517469311
nfix,nfix,NTP,500,intercept_fit,8,1.0,-1.532816785350832,0.338,0.4962228517469311
nfix,nfix,NTP,500,intercept_fit,9,1.0,-1.8862764226752924,0.254,0.4962228517469311
nfix,nfix,NTP,500,intercept_fit,10,1.0,-1.7975990758314362,0.236,0.4962228517469311
nfix,nfix,NTP,500,intercept_fit,11,1.0,-1.682405067051677,0.326,0.4962228517469311
nfix,nfix,NTP,500,intercept_fit,12,1.0,-1.7620909543985412,0.27,0.4962228517469311
nfix,nfix,NTP,500,intercept_fit,13,1.0,-1.7762235101252417,0.252,0.4962228517469311
nfix,nfix,NTP,500,intercept_fit,14,1.0,-1.7975829053676606,0.274,0.4962228517469311
nfix,nfix,NTP,500,intercept_fit,15,1.0,-1.9347249781161937,0.234,0.4962228517469311
nfix,nfix,NTP,500,intercept_fit,16,1.0,-1.6388223982620758,0.302,0.4962228517469311
nfix,nfix,NTP,500,intercept_fit,17,1.0,-1.9264590444581449,0.222,0.4962228517469311
nfix,nfix,NTP,500,intercept_fit,18,1.0,-1.8515443947215433,0.252,0.4962228517469311
nfix,nfix,NTP,500,intercept_fit,19,1.0,-1.799605878027176,0.254,0.4962228517469311
nfix,nfix,NTP,500,intercept_fit,20,1.0,-1.7489055666164623,0.248,0.4962228517469311
nfix,nfix,NTP,500,intercept_fit,21,1.0,-1.4450323042798003,0.298,0.4962228517469311
nfix,nfix,NTP,500,intercept_fit,22,1.0,-1.7635135283853403,0.252,0.4962228517469311
nfix,nfix,NTP,500,intercept_fit,23,1.0,-1.6252091761261989,0.268,0.4962228517469311
nfix,nfix,NTP,500,intercept_fit,24,1.0,-1.7045283314052777,0.32,0.4962228517469311
nfix,nfix,NTP,500,intercept_fit,25,1.0,-1.6395232316256962,0.256,0.4962228517469311
nfix,nfix,NTP,500,intercept_fit,26,1.0,-1.9044884718135147,0.226,0.4962228517469311
nfix,nfix,NTP,500,intercept_fit,27,1.0,-1.955917230956507,0.242,0.4962228517469311
nfix,nfix,NTP,500,intercept_fit,28,1.0,-1.7872602952100358,0.282,0.4962228517469311
nfix,nfix,NTP,500,intercept_fit,29,1.0,-1.4608191560410846,0.318,0.4962228517469311
nfix,nfix,NTP,500,intercept_fit,30,1.0,-1.501257719408507,0.32,0.4962228517469311
nfix,nfix,NTP,500,intercept_fit,31,1.0,-1.5565673269945728,0.284,0.4962228517469311
nfix,nfix,NTP,500,intercept_fit,32,1.0,-1.6622545103233068,0.314,0.4962228517469311
nfix,nfix,NTP,500,intercept_fit,33,1.0,-1.7678314551188445,0.26,0.4962228517469311
nfix,nfix,NTP,500,intercept_fit,34,1.0,-1.6841102244395725,0.282,0.4962228517469311
nfix,nfix,NTP,500,intercept_fit,35,1.0,-1.7748382368320195,0.246,0.4962228517469311
nfix,nfix,NTP,500,intercept_fit,36,1.0,-1.7417855096041348,0.252,0.4962228517469311
nfix,nfix,NTP,500,intercept_fit,37,1.0,-1.6325096964451584,0.292,0.4962228517469311
nfix,nfix,NTP,500,intercept_fit,38,1.0,-2.0288087622495334,0.226,0.4962228517469311
nfix,nfix,NTP,500,intercept_fit,39,1.0,-1.7121127941461054,0.278,0.4962228517469311
nfix,nfix,NTP,500,intercept_fit,40,1.0,-1.9431577342645947,0.238,0.4962228517469311
nfix,nfix,NTP,500,intercept_fit,41,1.0,-1.8152899302532437,0.254,0.4962228517469311
nfix,nfix,NTP,500,intercept_fit,42,1.0,-1.4813077705944058,0.284,0.4962228517469311
nfix,nfix,NTP,500,intercept_fit,43,1.0,-1.6599744823267688,0.286,0.4962228517469311
nfix,nfix,NTP,500,intercept_fit,44,1.0,-1.5421347558590601,0.326,0.4962228517469311
nfix,nfix,NTP,500,intercept_fit,45,1.0,-1.9914861368784447,0.226,0.4962228517469311
nfix,nfix,NTP,500,intercept_fit,46,1.0,-1.9608077693672432,0.234,0.4962228517469311
nfix,nfix,NTP,500,intercept_fit,47,1.0,-1.6122837101583307,0.322,0.4962228517469311
nfix,nfix,NTP,500,intercept_fit,48,1.0,-1.670059344879829,0.304,0.4962228517469311
nfix,nfix,NTP,500,intercept_fit,49,1.0,-1.5857952384986176,0.282,0.4962228517469311
nfix,nfix,NTP,500,intercept_fit,50,1.0,-1.54132357751679,0.316,0.4962228517469311
nfix,nfix,NTP,500,intercept_fit,51,1.0,-1.8867474835898306,0.26,0.4962228517469311
nfix,nfix,NTP,500,intercept_fit,52,1.0,-1.6423293611630438,0.276,0.4962228517469311
nfix,nfix,NTP,500,intercept_fit,53,1.0,-1.5991438891084162,0.304,0.4962228517469311
nfix,nfix,NTP,500,intercept_fit,54,1.0,-2.0044773125090267,0.256,0.4962228517469311
nfix,nfix,NTP,500,intercept_fit,55,1.0,-1.650578375741341,0.272,0.4962228517469311
nfix,nfix,NTP,500,intercept_fit,56,1.0,-1.9288333354663583,0.254,0.4962228517469311
nfix,nfix,NTP,500,intercept_fit,57,1.0,-1.7440653340702037,0.252,0.4962228517469311
nfix,nfix,NTP,500,intercept_fit,58,1.0,-1.8106571549575667,0.282,0.4962228517469311
nfix,nfix,NTP,500,intercept_fit,59,1.0,-1.7186030224203923,0.294,0.4962228517469311
nfix,nfix,NTP,500,intercept_fit,60,1.0,-1.902442504929625,0.22,0.4962228517469311
nfix,nfix,NTP,500,intercept_fit,61,1.0,-1.680243117588821,0.268,0.4962228517469311
nfix,nfix,NTP,500,intercept_fit,62,1.0,-1.714393581667913,0.276,0.4962228517469311
nfix,nfix,NTP,500,intercept_fit,63,1.0,-1.9082252997220022,0.256,0.4962228517469311
nfix,nfix,NTP,500,intercept_fit,64,1.0,-1.8829050717503784,0.242,0.4962228517469311
nfix,nfix,NTP,500,intercept_fit,65,1.0,-1.4863798075728387,0.36,0.4962228517469311
nfix,nfix,NTP,500,intercept_fit,66,1.0,-1.681601671615805,0.278,0.4962228517469311
nfix,nfix,NTP,500,intercept_fit,67,1.0,-1.9230538864654938,0.27,0.4962228517469311
nfix,nfix,NTP,500,intercept_fit,68,1.0,-1.5861098689998,0.3,0.4962228517469311
nfix,nfix,NTP,500,intercept_fit,69,1.0,-1.767190789732924,0.256,0.4962228517469311
nfix,nfix,NTP,500,intercept_fit,70,1.0,-1.7323991484129644,0.28,0.4962228517469311
nfix,nfix,NTP,500,intercept_fit,71,1.0,-1.9941056750364319,0.226,0.4962228517469311
nfix,nfix,NTP,500,intercept_fit,72,1.0,-1.8483171038443538,0.234,0.4962228517469311
nfix,nfix,NTP,500,intercept_fit,73,1.0,-1.9486881669913247,0.25,0.4962228517469311
nfix,nfix,NTP,500,intercept_fit,74,1.0,-1.742219662698294,0.254,0.4962228517469311
nfix,nfix,NTP,500,intercept_fit,75,1.0,-1.6741231773204284,0.274,0.4962228517469311
nfix,nfix,NTP,500,intercept_fit,76,1.0,-1.825822681911348,0.258,0.4962228517469311
nfix,nfix,NTP,500,intercept_fit,77,1.0,-1.9673714410467877,0.21,0.4962228517469311
nfix,nfix,NTP,500,intercept_fit,78,1.0,-1.6705471834065768,0.288,0.4962228517469311
nfix,nfix,NTP,500,intercept_fit,79,1.0,-1.8432175826683708,0.242,0.4962228517469311
nfix,nfix,NTP,500,intercept_fit,80,1.0,-1.8908560678613797,0.242,0.4962228517469311
nfix,nfix,NTP,500,intercept_fit,81,1.0,-1.6406481317423194,0.282,0.4962228517469311
nfix,nfix,NTP,500,intercept_fit,82,1.0,-1.6033227072445224,0.296,0.4962228517469311
nfix,nfix,NTP,500,intercept_fit,83,1.0,-1.8422382680421907,0.254,0.4962228517469311
nfix,nfix,NTP,500,intercept_fit,84,1.0,-1.7596675597830487,0.274,0.4962228517469311
nfix,nfix,NTP,500,intercept_fit,85,1.0,-1.758904477638305,0.286,0.4962228517469311
nfix,nfix,NTP,500,intercept_fit,86,1.0,-1.8050089049606766,0.256,0.4962228517469311
nfix,nfix,NTP,500,intercept_fit,87,1.0,-1.9136594358130166,0.248,0.4962228517469311
nfix,nfix,NTP,500,intercept_fit,88,1.0,-1.8058561769759802,0.236,0.4962228517469311
nfix,nfix,NTP,500,intercept_fit,89,1.0,-1.6832387990505873,0.29,0.4962228517469311
nfix,nfix,NTP,500,intercept_fit,90,1.0,-1.9228891960314847,0.248,0.4962228517469311
nfix,nfix,NTP,500,intercept_fit,91,1.0,-1.7003987845366888,0.288,0.4962228517469311
nfix,nfix,NTP,500,intercept_fit,92,1.0,-1.547649776512803,0.294,0.4962228517469311
nfix,nfix,NTP,500,intercept_fit,93,1.0,-1.5714817124381069,0.282,0.4962228517469311
nfix,nfix,NTP,500,intercept_fit,94,1.0,-1.6920098647551616,0.248,0.4962228517469311
nfix,nfix,NTP,500,intercept_fit,95,1.0,-1.711791002481155,0.272,0.4962228517469311
nfix,nfix,NTP,500,intercept_fit,96,1.0,-1.5832951107307571,0.308,0.4962228517469311
nfix,nfix,NTP,500,intercept_fit,97,1.0,-1.5993691093814262,0.334,0.4962228517469311
nfix,nfix,NTP,500,intercept_fit,98,1.0,-1.8863805893887249,0.246,0.4962228517469311
nfix,nfix,NTP,500,intercept_fit,99,1.0,-1.6636516463630722,0.294,0.4962228517469311
nfix,nfix,Probe,1000,intercept_fit,0,1.0,-2.1512909331695718,0.24,0.4962228517469311
nfix,nfix,Probe,1000,intercept_fit,1,1.0,-1.716340220401145,0.285,0.4962228517469311
nfix,nfix,Probe,1000,intercept_fit,2,1.0,-1.8584407826300195,0.237,0.4962228517469311
nfix,nfix,Probe,1000,intercept_fit,3,1.0,-1.2533826388703828,0.275,0.4962228517469311
nfix,nfix,Probe,1000,intercept_fit,4,1.0,-1.2945181368860452,0.317,0.4962228517469311
nfix,nfix,Probe,1000,intercept_fit,5,1.0,-1.3429429552968681,0.268,0.4962228517469311
nfix,nfix,Probe,1000,intercept_fit,6,1.0,-1.7181486448326464,0.274,0.4962228517469311
nfix,nfix,Probe,1000,intercept_fit,7,1.0,-1.386306669014886,0.27,0.4962228517469311
nfix,nfix,Probe,1000,intercept_fit,8,1.0,-1.281318243880003,0.304,0.4962228517469311
nfix,nfix,Probe,1000,intercept_fit,9,1.0,-2.0819502694314376,0.251,0.4962228517469311
nfix,nfix,Probe,1000,intercept_fit,10,1.0,-2.089935657041347,0.258,0.4962228517469311
nfix,nfix,Probe,1000,intercept_fit,11,1.0,-1.2300915965105006,0.349,0.4962228517469311
nfix,nfix,Probe,1000,intercept_fit,12,1.0,-1.4864131377606435,0.275,0.4962228517469311
nfix,nfix,Probe,1000,intercept_fit,13,1.0,-1.9521928706406435,0.24,0.4962228517469311
nfix,nfix,Probe,1000,intercept_fit,14,1.0,-1.8557406198259825,0.276,0.4962228517469311
nfix,nfix,Probe,1000,intercept_fit,15,1.0,-1.4855471126905602,0.239,0.4962228517469311
nfix,nfix,Probe,1000,intercept_fit,16,1.0,-1.7171510406145565,0.291,0.4962228517469311
nfix,nfix,Probe,1000,intercept_fit,17,1.0,-1.9250517951158717,0.249,0.4962228517469311
nfix,nfix,Probe,1000,intercept_fit,18,1.0,-1.891219920014647,0.244,0.4962228517469311
nfix,nfix,Probe,1000,intercept_fit,19,1.0,-2.1227266120473853,0.234,0.4962228517469311
nfix,nfix,Probe,1000,intercept_fit,20,1.0,-1.2900140405752987,0.272,0.4962228517469311
nfix,nfix,Probe,1000,intercept_fit,21,1.0,-1.8544070328548272,0.254,0.4962228517469311
nfix,nfix,Probe,1000,intercept_fit,22,1.0,-2.0082001030945813,0.241,0.4962228517469311
nfix,nfix,Probe,1000,intercept_fit,23,1.0,-1.8822317119902285,0.261,0.4962228517469311
nfix,nfix,Probe,1000,intercept_fit,24,1.0,-1.3968400608452458,0.305,0.4962228517469311
nfix,nfix,Probe,1000,intercept_fit,25,1.0,-1.2348132435160628,0.276,0.4962228517469311
nfix,nfix,Probe,1000,intercept_fit,26,1.0,-2.2701750698658416,0.238,0.4962228517469311
nfix,nfix,Probe,1000,intercept_fit,27,1.0,-2.164099805092783,0.231,0.4962228517469311
nfix,nfix,Probe,1000,intercept_fit,28,1.0,-2.010840828054629,0.282,0.4962228517469311
nfix,nfix,Probe,1000,intercept_fit,29,1.0,-1.8598042977104574,0.246,0.4962228517469311
nfix,nfix,Probe,1000,intercept_fit,30,1.0,-1.1786402890349579,0.295,0.4962228517469311
nfix,nfix,Probe,1000,intercept_fit,31,1.0,-1.1680174149860048,0.294,0.4962228517469311
nfix,nfix,Probe,1000,intercept_fit,32,1.0,-1.3684535856746387,0.309,0.4962228517469311
nfix,nfix,Probe,1000,intercept_fit,33,1.0,-1.8171493083033767,0.252,0.4962228517469311
nfix,nfix,Probe,1000,intercept_fit,34,1.0,-1.3231034753910678,0.278,0.4962228517469311
nfix,nfix,Probe,1000,intercept_fit,35,1.0,-2.028152585850101,0.26,0.4962228517469311
nfix,nfix,Probe,1000,intercept_fit,36,1.0,-1.755565032623584,0.265,0.4962228517469311
nfix,nfix,Probe,1000,intercept_fit,37,1.0,-1.4310055460744961,0.275,0.4962228517469311
nfix,nfix,Probe,1000,intercept_fit,38,1.0,-1.4425205416640667,0.248,0.4962228517469311
nfix,nfix,Probe,1000,intercept_fit,39,1.0,-1.8236249508864828,0.264,0.4962228517469311
nfix,nfix,Probe,1000,intercept_fit,40,1.0,-2.0620527094085994,0.246,0.4962228517469311
nfix,nfix,Probe,1000,intercept_fit,41,1.0,-1.8873896438798057,0.267,0.4962228517469311
nfix,nfix,Probe,1000,intercept_fit,42,1.0,-1.8194925682329477,0.275,0.4962228517469311
nfix,nfix,Probe,1000,intercept_fit,43,1.0,-1.7104612702373099,0.28,0.4962228517469311
nfix,nfix,Probe,1000,intercept_fit,44,1.0,-1.1503343892290747,0.333,0.4962228517469311
nfix,nfix,Probe,1000,intercept_fit,45,1.0,-1.9424915766673523,0.265,0.4962228517469311
nfix,nfix,Probe,1000,intercept_fit,46,1.0,-2.0841777309033787,0.275,0.4962228517469311
nfix,nfix,Probe,1000,intercept_fit,47,1.0,-1.8186511544638642,0.313,0.4962228517469311
nfix,nfix,Probe,1000,intercept_fit,48,1.0,-1.77255463400824,0.291,0.4962228517469311
nfix,nfix,Probe,1000,intercept_fit,49,1.0,-1.4164356681258872,0.27,0.4962228517469311
nfix,nfix,Probe,1000,intercept_fit,50,1.0,-1.6122435811164177,0.32,0.4962228517469311
nfix,nfix,Probe,1000,intercept_fit,51,1.0,-1.4865653668461332,0.251,0.4962228517469311
nfix,nfix,Probe,1000,intercept_fit,52,1.0,-2.5639659024579426,0.256,0.4962228517469311
nfix,nfix,Probe,1000,intercept_fit,53,1.0,-1.765388615829805,0.263,0.4962228517469311
nfix,nfix,Probe,1000,intercept_fit,54,1.0,-1.9445563659754805,0.25,0.4962228517469311
nfix,nfix,Probe,1000,intercept_fit,55,1.0,-2.3439161243621944,0.23,0.4962228517469311
nfix,nfix,Probe,1000,intercept_fit,56,1.0,-2.115157342789884,0.242,0.4962228517469311
nfix,nfix,Probe,1000,intercept_fit,57,1.0,-2.11683579987283,0.264,0.4962228517469311
nfix,nfix,Probe,1000,intercept_fit,58,1.0,-1.8698484274113254,0.26,0.4962228517469311
nfix,nfix,Probe,1000,intercept_fit,59,1.0,-1.2587766362833999,0.297,0.4962228517469311
nfix,nfix,Probe,1000,intercept_fit,60,1.0,-1.7419192312761271,0.239,0.4962228517469311
nfix,nfix,Probe,1000,intercept_fit,61,1.0,-1.3527866941458915,0.274,0.4962228517469311
nfix,nfix,Probe,1000,intercept_fit,62,1.0,-1.698337104245456,0.285,0.4962228517469311
nfix,nfix,Probe,1000,intercept_fit,63,1.0,-2.112427310949068,0.273,0.4962228517469311
nfix,nfix,Probe,1000,intercept_fit,64,1.0,-1.691285714736194,0.252,0.4962228517469311
nfix,nfix,Probe,1000,intercept_fit,65,1.0,-1.2518579512201546,0.336,0.4962228517469311
nfix,nfix,Probe,1000,intercept_fit,66,1.0,-1.3823421794969402,0.266,0.4962228517469311
nfix,nfix,Probe,1000,intercept_fit,67,1.0,-1.76521648114599,0.281,0.4962228517469311
nfix,nfix,Probe,1000,intercept_fit,68,1.0,-1.772382608294139,0.292,0.4962228517469311
nfix,nfix,Probe,1000,intercept_fit,69,1.0,-1.4996925417165092,0.263,0.4962228517469311
nfix,nfix,Probe,1000,intercept_fit,70,1.0,-1.2825660837026749,0.308,0.4962228517469311
nfix,nfix,Probe,1000,intercept_fit,71,1.0,-1.6879874823380405,0.257,0.4962228517469311
nfix,nfix,Probe,1000,intercept_fit,72,1.0,-1.5618390731726928,0.225,0.4962228517469311
nfix,nfix,Probe,1000,intercept_fit,73,1.0,-1.8050005184662539,0.257,0.4962228517469311
nfix,nfix,Probe,1000,intercept_fit,74,1.0,-1.2036434899085893,0.289,0.4962228517469311
nfix,nfix,Probe,1000,intercept_fit,75,1.0,-2.3097154394877757,0.247,0.4962228517469311
nfix,nfix,Probe,1000,intercept_fit,76,1.0,-1.2847116537615242,0.301,0.4962228517469311
nfix,nfix,Probe,1000,intercept_fit,77,1.0,-2.5591770022475657,0.229,0.4962228517469311
nfix,nfix,Probe,1000,intercept_fit,78,1.0,-1.6702782574834936,0.302,0.4962228517469311
nfix,nfix,Probe,1000,intercept_fit,79,1.0,-1.3855738611792405,0.263,0.4962228517469311
nfix,nfix,Probe,1000,intercept_fit,80,1.0,-1.6201897444469207,0.24,0.4962228517469311
nfix,nfix,Probe,1000,intercept_fit,81,1.0,-1.7563040971546697,0.278,0.4962228517469311
nfix,nfix,Probe,1000,intercept_fit,82,1.0,-2.0519365186353538,0.284,0.4962228517469311
nfix,nfix,Probe,1000,intercept_fit,83,1.0,-1.4504128243844754,0.266,0.4962228517469311
nfix,nfix,Probe,1000,intercept_fit,84,1.0,-2.123924567387744,0.24,0.4962228517469311
nfix,nfix,Probe,1000,intercept_fit,85,1.0,-1.850856265392003,0.267,0.4962228517469311
nfix,nfix,Probe,1000,intercept_fit,86,1.0,-2.318548037780517,0.25,0.4962228517469311
nfix,nfix,Probe,1000,intercept_fit,87,1.0,-2.223628356083036,0.232,0.4962228517469311
nfix,nfix,Probe,1000,intercept_fit,88,1.0,-1.6453855563975304,0.269,0.4962228517469311
nfix,nfix,Probe,1000,intercept_fit,89,1.0,-1.3198230531472932,0.29,0.4962228517469311
nfix,nfix,Probe,1000,intercept_fit,90,1.0,-2.2371313172864826,0.267,0.4962228517469311
nfix,nfix,Probe,1000,intercept_fit,91,1.0,-1.2512640555453096,0.28,0.4962228517469311
nfix,nfix,Probe,1000,intercept_fit,92,1.0,-1.307428732016811,0.282,0.4962228517469311
nfix,nfix,Probe,1000,intercept_fit,93,1.0,-1.5998372782749586,0.279,0.4962228517469311
nfix,nfix,Probe,1000,intercept_fit,94,1.0,-2.069407922751847,0.244,0.4962228517469311
nfix,nfix,Probe,1000,intercept_fit,95,1.0,-1.4512054306167221,0.281,0.4962228517469311
nfix,nfix,Probe,1000,intercept_fit,96,1.0,-1.4677748054360953,0.271,0.4962228517469311
nfix,nfix,Probe,1000,intercept_fit,97,1.0,-1.340850527292434,0.293,0.4962228517469311
nfix,nfix,Probe,1000,intercept_fit,98,1.0,-1.9303201866805548,0.254,0.4962228517469311
nfix,nfix,Probe,1000,intercept_fit,99,1.0,-1.9094762726436885,0.294,0.4962228517469311
nfix,nfix,NTP,1000,intercept_fit,0,1.0,-1.8855594373869389,0.24,0.4962228517469311
nfix,nfix,NTP,1000,intercept_fit,1,1.0,-1.785483085419947,0.285,0.4962228517469311
nfix,nfix,NTP,1000,intercept_fit,2,1.0,-1.7871707275199982,0.237,0.4962228517469311
nfix,nfix,NTP,1000,intercept_fit,3,1.0,-1.6791220708760008,0.275,0.4962228517469311
nfix,nfix,NTP,1000,intercept_fit,4,1.0,-1.4442173035330372,0.317,0.4962228517469311
nfix,nfix,NTP,1000,intercept_fit,5,1.0,-1.6995735474995606,0.268,0.4962228517469311
nfix,nfix,NTP,1000,intercept_fit,6,1.0,-1.7938948323185089,0.274,0.4962228517469311
nfix,nfix,NTP,1000,intercept_fit,7,1.0,-1.6832813278777672,0.27,0.4962228517469311
nfix,nfix,NTP,1000,intercept_fit,8,1.0,-1.719489101874973,0.304,0.4962228517469311
nfix,nfix,NTP,1000,intercept_fit,9,1.0,-1.9035690749092202,0.251,0.4962228517469311
nfix,nfix,NTP,1000,intercept_fit,10,1.0,-1.6844570524644122,0.258,0.4962228517469311
nfix,nfix,NTP,1000,intercept_fit,11,1.0,-1.5800175629207767,0.349,0.4962228517469311
nfix,nfix,NTP,1000,intercept_fit,12,1.0,-1.8083840897994012,0.275,0.4962228517469311
nfix,nfix,NTP,1000,intercept_fit,13,1.0,-1.8931689162684169,0.24,0.4962228517469311
nfix,nfix,NTP,1000,intercept_fit,14,1.0,-1.7399996959233763,0.276,0.4962228517469311
nfix,nfix,NTP,1000,intercept_fit,15,1.0,-1.896079825414542,0.239,0.4962228517469311
nfix,nfix,NTP,1000,intercept_fit,16,1.0,-1.7781287378113082,0.291,0.4962228517469311
nfix,nfix,NTP,1000,intercept_fit,17,1.0,-1.734279413040959,0.249,0.4962228517469311
nfix,nfix,NTP,1000,intercept_fit,18,1.0,-1.907672536807163,0.244,0.4962228517469311
nfix,nfix,NTP,1000,intercept_fit,19,1.0,-1.848715213143382,0.234,0.4962228517469311
nfix,nfix,NTP,1000,intercept_fit,20,1.0,-1.6880818222453946,0.272,0.4962228517469311
nfix,nfix,NTP,1000,intercept_fit,21,1.0,-1.7126490175092655,0.254,0.4962228517469311
nfix,nfix,NTP,1000,intercept_fit,22,1.0,-1.7976536879663472,0.241,0.4962228517469311
nfix,nfix,NTP,1000,intercept_fit,23,1.0,-1.6740233221763414,0.261,0.4962228517469311
nfix,nfix,NTP,1000,intercept_fit,24,1.0,-1.7733431868320142,0.305,0.4962228517469311
nfix,nfix,NTP,1000,intercept_fit,25,1.0,-1.5115151002084846,0.276,0.4962228517469311
nfix,nfix,NTP,1000,intercept_fit,26,1.0,-1.8151465782173477,0.238,0.4962228517469311
nfix,nfix,NTP,1000,intercept_fit,27,1.0,-1.9355780179407016,0.231,0.4962228517469311
nfix,nfix,NTP,1000,intercept_fit,28,1.0,-1.820713426386307,0.282,0.4962228517469311
nfix,nfix,NTP,1000,intercept_fit,29,1.0,-1.7956968389473553,0.246,0.4962228517469311
nfix,nfix,NTP,1000,intercept_fit,30,1.0,-1.6389072369868076,0.295,0.4962228517469311
nfix,nfix,NTP,1000,intercept_fit,31,1.0,-1.5315585551790738,0.294,0.4962228517469311
nfix,nfix,NTP,1000,intercept_fit,32,1.0,-1.7117361481791307,0.309,0.4962228517469311
nfix,nfix,NTP,1000,intercept_fit,33,1.0,-1.8230155411091582,0.252,0.4962228517469311
nfix,nfix,NTP,1000,intercept_fit,34,1.0,-1.6483401080778373,0.278,0.4962228517469311
nfix,nfix,NTP,1000,intercept_fit,35,1.0,-1.7423485334536226,0.26,0.4962228517469311
nfix,nfix,NTP,1000,intercept_fit,36,1.0,-1.6287746638041034,0.265,0.4962228517469311
nfix,nfix,NTP,1000,intercept_fit,37,1.0,-1.6829095509538048,0.275,0.4962228517469311
nfix,nfix,NTP,1000,intercept_fit,38,1.0,-1.927405308157805,0.248,0.4962228517469311
nfix,nfix,NTP,1000,intercept_fit,39,1.0,-1.8241881704867404,0.264,0.4962228517469311
nfix,nfix,NTP,1000,intercept_fit,40,1.0,-1.784832787711988,0.246,0.4962228517469311
nfix,nfix,NTP,1000,intercept_fit,41,1.0,-1.6877534228597926,0.267,0.4962228517469311
nfix,nfix,NTP,1000,intercept_fit,42,1.0,-1.5773364849188436,0.275,0.4962228517469311
nfix,nfix,NTP,1000,intercept_fit,43,1.0,-1.7456663598751851,0.28,0.4962228517469311
nfix,nfix,NTP,1000,intercept_fit,44,1.0,-1.6066511758946935,0.333,0.4962228517469311
nfix,nfix,NTP,1000,intercept_fit,45,1.0,-1.7649113027122858,0.265,0.4962228517469311
nfix,nfix,NTP,1000,intercept_fit,46,1.0,-1.811187279150541,0.275,0.4962228517469311
nfix,nfix,NTP,1000,intercept_fit,47,1.0,-1.6656092893144159,0.313,0.4962228517469311
nfix,nfix,NTP,1000,intercept_fit,48,1.0,-1.6820902306220966,0.291,0.4962228517469311
nfix,nfix,NTP,1000,intercept_fit,49,1.0,-1.6000114432895114,0.27,0.4962228517469311
nfix,nfix,NTP,1000,intercept_fit,50,1.0,-1.4814407477292546,0.32,0.4962228517469311
nfix,nfix,NTP,1000,intercept_fit,51,1.0,-1.9025460462193715,0.251,0.4962228517469311
nfix,nfix,NTP,1000,intercept_fit,52,1.0,-1.7773300676351955,0.256,0.4962228517469311
nfix,nfix,NTP,1000,intercept_fit,53,1.0,-1.8372438323699976,0.263,0.4962228517469311
nfix,nfix,NTP,1000,intercept_fit,54,1.0,-2.0656267191615516,0.25,0.4962228517469311
nfix,nfix,NTP,1000,intercept_fit,55,1.0,-1.8452148508912996,0.23,0.4962228517469311
nfix,nfix,NTP,1000,intercept_fit,56,1.0,-1.9104923851761353,0.242,0.4962228517469311
nfix,nfix,NTP,1000,intercept_fit,57,1.0,-1.78080091972063,0.264,0.4962228517469311
nfix,nfix,NTP,1000,intercept_fit,58,1.0,-1.9022781937530078,0.26,0.4962228517469311
nfix,nfix,NTP,1000,intercept_fit,59,1.0,-1.7047316947568443,0.297,0.4962228517469311
nfix,nfix,NTP,1000,intercept_fit,60,1.0,-1.81311372883308,0.239,0.4962228517469311
nfix,nfix,NTP,1000,intercept_fit,61,1.0,-1.6725960247690836,0.274,0.4962228517469311
nfix,nfix,NTP,1000,intercept_fit,62,1.0,-1.7531549629048788,0.285,0.4962228517469311
nfix,nfix,NTP,1000,intercept_fit,63,1.0,-1.8130825005051379,0.273,0.4962228517469311
nfix,nfix,NTP,1000,intercept_fit,64,1.0,-1.8379333321480897,0.252,0.4962228517469311
nfix,nfix,NTP,1000,intercept_fit,65,1.0,-1.5907978837584233,0.336,0.4962228517469311
nfix,nfix,NTP,1000,intercept_fit,66,1.0,-1.7072055696360928,0.266,0.4962228517469311
nfix,nfix,NTP,1000,intercept_fit,67,1.0,-1.8081018366363448,0.281,0.4962228517469311
nfix,nfix,NTP,1000,intercept_fit,68,1.0,-1.617854272486211,0.292,0.4962228517469311
nfix,nfix,NTP,1000,intercept_fit,69,1.0,-1.8137909153638656,0.263,0.4962228517469311
nfix,nfix,NTP,1000,intercept_fit,70,1.0,-1.6232730081254887,0.308,0.4962228517469311
nfix,nfix,NTP,1000,intercept_fit,71,1.0,-1.8894652675475885,0.257,0.4962228517469311
nfix,nfix,NTP,1000,intercept_fit,72,1.0,-1.8654257227004005,0.225,0.4962228517469311
nfix,nfix,NTP,1000,intercept_fit,73,1.0,-1.871656101137551,0.257,0.4962228517469311
nfix,nfix,NTP,1000,intercept_fit,74,1.0,-1.5215980805190663,0.289,0.4962228517469311
nfix,nfix,NTP,1000,intercept_fit,75,1.0,-1.8491495329468322,0.247,0.4962228517469311
nfix,nfix,NTP,1000,intercept_fit,76,1.0,-1.5871148365037946,0.301,0.4962228517469311
nfix,nfix,NTP,1000,intercept_fit,77,1.0,-1.9012682550909672,0.229,0.4962228517469311
nfix,nfix,NTP,1000,intercept_fit,78,1.0,-1.5613415692208834,0.302,0.4962228517469311
nfix,nfix,NTP,1000,intercept_fit,79,1.0,-1.7462081276558437,0.263,0.4962228517469311
nfix,nfix,NTP,1000,intercept_fit,80,1.0,-1.953476978738223,0.24,0.4962228517469311
nfix,nfix,NTP,1000,intercept_fit,81,1.0,-1.6756065884365063,0.278,0.4962228517469311
nfix,nfix,NTP,1000,intercept_fit,82,1.0,-1.7130184138635902,0.284,0.4962228517469311
nfix,nfix,NTP,1000,intercept_fit,83,1.0,-1.7924067118806157,0.266,0.4962228517469311
nfix,nfix,NTP,1000,intercept_fit,84,1.0,-1.9303786525009439,0.24,0.4962228517469311
nfix,nfix,NTP,1000,intercept_fit,85,1.0,-1.8602167902516218,0.267,0.4962228517469311
nfix,nfix,NTP,1000,intercept_fit,86,1.0,-1.8847214017601253,0.25,0.4962228517469311
nfix,nfix,NTP,1000,intercept_fit,87,1.0,-2.0300819389673332,0.232,0.4962228517469311
nfix,nfix,NTP,1000,intercept_fit,88,1.0,-1.6892949233915893,0.269,0.4962228517469311
nfix,nfix,NTP,1000,intercept_fit,89,1.0,-1.6450461612317908,0.29,0.4962228517469311
nfix,nfix,NTP,1000,intercept_fit,90,1.0,-1.8212443170670558,0.267,0.4962228517469311
nfix,nfix,NTP,1000,intercept_fit,91,1.0,-1.661061767932448,0.28,0.4962228517469311
nfix,nfix,NTP,1000,intercept_fit,92,1.0,-1.5925591596717756,0.282,0.4962228517469311
nfix,nfix,NTP,1000,intercept_fit,93,1.0,-1.6607699447640205,0.279,0.4962228517469311
nfix,nfix,NTP,1000,intercept_fit,94,1.0,-1.7489125119192008,0.244,0.4962228517469311
nfix,nfix,NTP,1000,intercept_fit,95,1.0,-1.664962729235666,0.281,0.4962228517469311
nfix,nfix,NTP,1000,intercept_fit,96,1.0,-1.726168403602411,0.271,0.4962228517469311
nfix,nfix,NTP,1000,intercept_fit,97,1.0,-1.751273701296679,0.293,0.4962228517469311
nfix,nfix,NTP,1000,intercept_fit,98,1.0,-1.9137760942695667,0.254,0.4962228517469311
nfix,nfix,NTP,1000,intercept_fit,99,1.0,-1.6576607485887027,0.294,0.4962228517469311
nfix,supermat,Probe,10,intercept_fit,0,1.0,-3.372689878326639,0.1,0.4962228517469311
nfix,supermat,Probe,10,intercept_fit,1,1.0,-3.1188685361124584,0.2,0.4962228517469311
nfix,supermat,Probe,10,intercept_fit,2,1.0,-0.1389140504152524,0.5,0.4962228517469311
nfix,supermat,Probe,10,intercept_fit,3,1.0,-0.4908292650465705,0.5,0.4962228517469311
nfix,supermat,Probe,10,intercept_fit,4,1.0,-1.5674194261268661,0.4,0.4962228517469311
nfix,supermat,Probe,10,intercept_fit,5,1.0,-2.961477161992941,0.2,0.4962228517469311
nfix,supermat,Probe,10,intercept_fit,6,1.0,-2.2918161925426195,0.2,0.4962228517469311
nfix,supermat,Probe,10,intercept_fit,7,1.0,0.7126625891502386,0.7,0.4962228517469311
nfix,supermat,Probe,10,intercept_fit,8,1.0,-1.982368308202896,0.3,0.4962228517469311
nfix,supermat,Probe,10,intercept_fit,9,1.0,-1.2955994461215317,0.3,0.4962228517469311
nfix,supermat,Probe,10,intercept_fit,10,1.0,-2.399185872660452,0.2,0.4962228517469311
nfix,supermat,Probe,10,intercept_fit,11,1.0,-0.5697620680694069,0.4,0.4962228517469311
nfix,supermat,Probe,10,intercept_fit,12,1.0,-0.615645606105779,0.5,0.4962228517469311
nfix,supermat,Probe,10,intercept_fit,13,1.0,-1.7695042611210356,0.2,0.4962228517469311
nfix,supermat,Probe,10,intercept_fit,14,1.0,-1.1348177627282292,0.5,0.4962228517469311
nfix,supermat,Probe,10,intercept_fit,15,1.0,-0.4971154061358427,0.6,0.4962228517469311
nfix,supermat,Probe,10,intercept_fit,16,1.0,0.11769430959650276,0.5,0.4962228517469311
nfix,supermat,Probe,10,intercept_fit,17,1.0,-1.303464971039867,0.3,0.4962228517469311
nfix,supermat,Probe,10,intercept_fit,18,1.0,-1.5872892437617974,0.3,0.4962228517469311
nfix,supermat,Probe,10,intercept_fit,19,1.0,-2.3175394769756728,0.2,0.4962228517469311
nfix,supermat,Probe,10,intercept_fit,20,1.0,-1.1088763373477841,0.5,0.4962228517469311
nfix,supermat,Probe,10,intercept_fit,21,1.0,-3.6313085702195553,0.1,0.4962228517469311
nfix,supermat,Probe,10,intercept_fit,22,1.0,-2.196728253430164,0.2,0.4962228517469311
nfix,supermat,Probe,10,intercept_fit,23,1.0,-1.0469211160986829,0.4,0.4962228517469311
nfix,supermat,Probe,10,intercept_fit,24,1.0,-2.974226495320523,0.1,0.4962228517469311
nfix,supermat,Probe,10,intercept_fit,25,1.0,-1.8003495686490891,0.3,0.4962228517469311
nfix,supermat,Probe,10,intercept_fit,26,1.0,-0.6802334893405547,0.5,0.4962228517469311
nfix,supermat,Probe,10,intercept_fit,27,1.0,-2.5306246930191874,0.2,0.4962228517469311
nfix,supermat,Probe,10,intercept_fit,28,1.0,-1.6603525296083244,0.3,0.4962228517469311
nfix,supermat,Probe,10,intercept_fit,29,1.0,-3.362139207775282,0.2,0.4962228517469311
nfix,supermat,Probe,10,intercept_fit,30,1.0,-2.826068482681139,0.2,0.4962228517469311
nfix,supermat,Probe,10,intercept_fit,31,1.0,-0.8343547635030839,0.3,0.4962228517469311
nfix,supermat,Probe,10,intercept_fit,32,1.0,-2.0207620397715544,0.3,0.4962228517469311
nfix,supermat,Probe,10,intercept_fit,33,1.0,-2.623378106026937,0.1,0.4962228517469311
nfix,supermat,Probe,10,intercept_fit,34,1.0,-0.041884627920027305,0.6,0.4962228517469311
nfix,supermat,Probe,10,intercept_fit,35,1.0,-2.1909100568267643,0.3,0.4962228517469311
nfix,supermat,Probe,10,intercept_fit,36,1.0,-0.6566677725961874,0.5,0.4962228517469311
nfix,supermat,Probe,10,intercept_fit,37,1.0,-2.4359303454764136,0.2,0.4962228517469311
nfix,supermat,Probe,10,intercept_fit,38,1.0,-0.6562880686111001,0.4,0.4962228517469311
nfix,supermat,Probe,10,intercept_fit,39,1.0,-2.0969978565937195,0.2,0.4962228517469311
nfix,supermat,Probe,10,intercept_fit,40,1.0,-0.16078510984130664,0.6,0.4962228517469311
nfix,supermat,Probe,10,intercept_fit,41,1.0,-1.0030260561309876,0.4,0.4962228517469311
nfix,supermat,Probe,10,intercept_fit,42,1.0,-2.1407390926695795,0.3,0.4962228517469311
nfix,supermat,Probe,10,intercept_fit,43,1.0,-0.9089410205214549,0.5,0.4962228517469311
nfix,supermat,Probe,10,intercept_fit,44,1.0,-0.3499172073457084,0.5,0.4962228517469311
nfix,supermat,Probe,10,intercept_fit,45,1.0,-3.0883161085941877,0.2,0.4962228517469311
nfix,supermat,Probe,10,intercept_fit,46,1.0,-1.999968194710687,0.2,0.4962228517469311
nfix,supermat,Probe,10,intercept_fit,47,1.0,0.21269830610335744,0.6,0.4962228517469311
nfix,supermat,Probe,10,intercept_fit,48,1.0,-0.65698007324393,0.5,0.4962228517469311
nfix,supermat,Probe,10,intercept_fit,50,1.0,-3.2473488013551397,0.2,0.4962228517469311
nfix,supermat,Probe,10,intercept_fit,51,1.0,-1.0486901182240465,0.4,0.4962228517469311
nfix,supermat,Probe,10,intercept_fit,52,1.0,-1.7759806800771782,0.4,0.4962228517469311
nfix,supermat,Probe,10,intercept_fit,53,1.0,-3.1069802250609344,0.2,0.4962228517469311
nfix,supermat,Probe,10,intercept_fit,54,1.0,-0.3662919111093712,0.5,0.4962228517469311
nfix,supermat,Probe,10,intercept_fit,55,1.0,-1.3092040244732834,0.5,0.4962228517469311
nfix,supermat,Probe,10,intercept_fit,56,1.0,-2.5761748641842046,0.2,0.4962228517469311
nfix,supermat,Probe,10,intercept_fit,57,1.0,-1.6275123611233158,0.3,0.4962228517469311
nfix,supermat,Probe,10,intercept_fit,58,1.0,-0.9272697078365121,0.4,0.4962228517469311
nfix,supermat,Probe,10,intercept_fit,59,1.0,-2.368634576905995,0.2,0.4962228517469311
nfix,supermat,Probe,10,intercept_fit,60,1.0,-2.594394529027762,0.2,0.4962228517469311
nfix,supermat,Probe,10,intercept_fit,61,1.0,1.270393763623808,0.8,0.4962228517469311
nfix,supermat,Probe,10,intercept_fit,62,1.0,-1.864684148670834,0.3,0.4962228517469311
nfix,supermat,Probe,10,intercept_fit,63,1.0,-1.1705668165277643,0.3,0.4962228517469311
nfix,supermat,Probe,10,intercept_fit,64,1.0,-1.456570339780165,0.3,0.4962228517469311
nfix,supermat,Probe,10,intercept_fit,65,1.0,-0.706958438184809,0.4,0.4962228517469311
nfix,supermat,Probe,10,intercept_fit,66,1.0,-3.680232753092637,0.1,0.4962228517469311
nfix,supermat,Probe,10,intercept_fit,67,1.0,-0.025836948586532467,0.6,0.4962228517469311
nfix,supermat,Probe,10,intercept_fit,68,1.0,-2.4633031832979095,0.2,0.4962228517469311
nfix,supermat,Probe,10,intercept_fit,69,1.0,-1.7585150716449307,0.3,0.4962228517469311
nfix,supermat,Probe,10,intercept_fit,70,1.0,-2.4726463000525647,0.2,0.4962228517469311
nfix,supermat,Probe,10,intercept_fit,71,1.0,-1.3724222829940869,0.4,0.4962228517469311
nfix,supermat,Probe,10,intercept_fit,72,1.0,-1.8818482891504345,0.3,0.4962228517469311
nfix,supermat,Probe,10,intercept_fit,73,1.0,-0.6920769828925531,0.5,0.4962228517469311
nfix,supermat,Probe,10,intercept_fit,74,1.0,-1.4126351948794502,0.3,0.4962228517469311
nfix,supermat,Probe,10,intercept_fit,75,1.0,-2.736093975959146,0.2,0.4962228517469311
nfix,supermat,Probe,10,intercept_fit,76,1.0,-1.4866035216619673,0.3,0.4962228517469311
nfix,supermat,Probe,10,intercept_fit,77,1.0,-0.4936143281024716,0.5,0.4962228517469311
nfix,supermat,Probe,10,intercept_fit,78,1.0,-2.275572079245714,0.3,0.4962228517469311
nfix,supermat,Probe,10,intercept_fit,79,1.0,-1.208026628012536,0.4,0.4962228517469311
nfix,supermat,Probe,10,intercept_fit,80,1.0,-1.6749673606626134,0.4,0.4962228517469311
nfix,supermat,Probe,10,intercept_fit,81,1.0,-0.1602663114867702,0.5,0.4962228517469311
nfix,supermat,Probe,10,intercept_fit,82,1.0,-0.7372469384836068,0.5,0.4962228517469311
nfix,supermat,Probe,10,intercept_fit,83,1.0,-1.1259440900681938,0.5,0.4962228517469311
nfix,supermat,Probe,10,intercept_fit,84,1.0,-0.7647961413659247,0.4,0.4962228517469311
nfix,supermat,Probe,10,intercept_fit,85,1.0,0.08407846723752048,0.5,0.4962228517469311
nfix,supermat,Probe,10,intercept_fit,86,1.0,-1.3157244522349396,0.4,0.4962228517469311
nfix,supermat,Probe,10,intercept_fit,87,1.0,-0.5499869081038267,0.5,0.4962228517469311
nfix,supermat,Probe,10,intercept_fit,88,1.0,-0.7184285379675304,0.4,0.4962228517469311
nfix,supermat,Probe,10,intercept_fit,89,1.0,-0.7385368646462761,0.6,0.4962228517469311
nfix,supermat,Probe,10,intercept_fit,90,1.0,-0.9618469920857299,0.4,0.4962228517469311
nfix,supermat,Probe,10,intercept_fit,91,1.0,-1.7953704815572396,0.2,0.4962228517469311
nfix,supermat,Probe,10,intercept_fit,92,1.0,-0.25240058416156114,0.4,0.4962228517469311
nfix,supermat,Probe,10,intercept_fit,93,1.0,0.0381652040387563,0.5,0.4962228517469311
nfix,supermat,Probe,10,intercept_fit,94,1.0,-0.3501766819267524,0.4,0.4962228517469311
nfix,supermat,Probe,10,intercept_fit,95,1.0,-2.4492562233815915,0.1,0.4962228517469311
nfix,supermat,Probe,10,intercept_fit,96,1.0,-2.8177109502336624,0.2,0.4962228517469311
nfix,supermat,Probe,10,intercept_fit,97,1.0,-0.47455983997697426,0.4,0.4962228517469311
nfix,supermat,Probe,10,intercept_fit,98,1.0,-2.930839241651669,0.1,0.4962228517469311
nfix,supermat,Probe,10,intercept_fit,99,1.0,0.12697507090534962,0.6,0.4962228517469311
nfix,supermat,Probe,10,intercept_fit,100,1.0,-1.70792983437313,0.3,0.4962228517469311
nfix,supermat,NTP,10,intercept_fit,0,1.0,-2.4223300610482927,0.1,0.4962228517469311
nfix,supermat,NTP,10,intercept_fit,1,1.0,-1.5582953107632453,0.2,0.4962228517469311
nfix,supermat,NTP,10,intercept_fit,2,1.0,-0.43530096813349434,0.5,0.4962228517469311
nfix,supermat,NTP,10,intercept_fit,3,1.0,-0.3094797088893012,0.5,0.4962228517469311
nfix,supermat,NTP,10,intercept_fit,4,1.0,-0.6674991850740221,0.4,0.4962228517469311
nfix,supermat,NTP,10,intercept_fit,5,1.0,-1.6567468465090218,0.2,0.4962228517469311
nfix,supermat,NTP,10,intercept_fit,6,1.0,-1.4962903918365795,0.2,0.4962228517469311
nfix,supermat,NTP,10,intercept_fit,7,1.0,0.7284097789934217,0.7,0.4962228517469311
nfix,supermat,NTP,10,intercept_fit,8,1.0,-0.885058789319381,0.3,0.4962228517469311
nfix,supermat,NTP,10,intercept_fit,9,1.0,-0.6302586165528212,0.3,0.4962228517469311
nfix,supermat,NTP,10,intercept_fit,10,1.0,-1.403747761769592,0.2,0.4962228517469311
nfix,supermat,NTP,10,intercept_fit,11,1.0,-0.415394951784291,0.4,0.4962228517469311
nfix,supermat,NTP,10,intercept_fit,12,1.0,0.04285093512472735,0.5,0.4962228517469311
nfix,supermat,NTP,10,intercept_fit,13,1.0,-1.9792618819700758,0.2,0.4962228517469311
nfix,supermat,NTP,10,intercept_fit,14,1.0,-0.38363815868191364,0.5,0.4962228517469311
nfix,supermat,NTP,10,intercept_fit,15,1.0,-0.08348041272213418,0.6,0.4962228517469311
nfix,supermat,NTP,10,intercept_fit,16,1.0,0.04113318176495372,0.5,0.4962228517469311
nfix,supermat,NTP,10,intercept_fit,17,1.0,-1.1669365922061068,0.3,0.4962228517469311
nfix,supermat,NTP,10,intercept_fit,18,1.0,-1.126931201965545,0.3,0.4962228517469311
nfix,supermat,NTP,10,intercept_fit,19,1.0,-1.4638821717346366,0.2,0.4962228517469311
nfix,supermat,NTP,10,intercept_fit,20,1.0,-0.660692026179319,0.5,0.4962228517469311
nfix,supermat,NTP,10,intercept_fit,21,1.0,-2.4380496665522666,0.1,0.4962228517469311
nfix,supermat,NTP,10,intercept_fit,22,1.0,-1.3655115612174216,0.2,0.4962228517469311
nfix,supermat,NTP,10,intercept_fit,23,1.0,-1.0867649472243377,0.4,0.4962228517469311
nfix,supermat,NTP,10,intercept_fit,24,1.0,-2.3995702565968746,0.1,0.4962228517469311
nfix,supermat,NTP,10,intercept_fit,25,1.0,-1.2093135312673757,0.3,0.4962228517469311
nfix,supermat,NTP,10,intercept_fit,26,1.0,0.16497548215312716,0.5,0.4962228517469311
nfix,supermat,NTP,10,intercept_fit,27,1.0,-2.1260727812027955,0.2,0.4962228517469311
nfix,supermat,NTP,10,intercept_fit,28,1.0,-0.8890820292808334,0.3,0.4962228517469311
nfix,supermat,NTP,10,intercept_fit,29,1.0,-1.8605222480449126,0.2,0.4962228517469311
nfix,supermat,NTP,10,intercept_fit,30,1.0,-1.1823243067126477,0.2,0.4962228517469311
nfix,supermat,NTP,10,intercept_fit,31,1.0,-1.1051625624298407,0.3,0.4962228517469311
nfix,supermat,NTP,10,intercept_fit,32,1.0,-0.652035967958496,0.3,0.4962228517469311
nfix,supermat,NTP,10,intercept_fit,33,1.0,-2.4087439631104197,0.1,0.4962228517469311
nfix,supermat,NTP,10,intercept_fit,34,1.0,0.1340424680156497,0.6,0.4962228517469311
nfix,supermat,NTP,10,intercept_fit,35,1.0,-1.4799721258313414,0.3,0.4962228517469311
nfix,supermat,NTP,10,intercept_fit,36,1.0,-0.16288192540972923,0.5,0.4962228517469311
nfix,supermat,NTP,10,intercept_fit,37,1.0,-1.8734945118222277,0.2,0.4962228517469311
nfix,supermat,NTP,10,intercept_fit,38,1.0,-0.8031400752286526,0.4,0.4962228517469311
nfix,supermat,NTP,10,intercept_fit,39,1.0,-2.016750409644798,0.2,0.4962228517469311
nfix,supermat,NTP,10,intercept_fit,40,1.0,0.30716832488306434,0.6,0.4962228517469311
nfix,supermat,NTP,10,intercept_fit,41,1.0,-0.6596342968764876,0.4,0.4962228517469311
nfix,supermat,NTP,10,intercept_fit,42,1.0,-0.8841505232298801,0.3,0.4962228517469311
nfix,supermat,NTP,10,intercept_fit,43,1.0,-0.4571553767044442,0.5,0.4962228517469311
nfix,supermat,NTP,10,intercept_fit,44,1.0,-0.15173908790160825,0.5,0.4962228517469311
nfix,supermat,NTP,10,intercept_fit,45,1.0,-1.5022058543605485,0.2,0.4962228517469311
nfix,supermat,NTP,10,intercept_fit,46,1.0,-1.2310135335225674,0.2,0.4962228517469311
nfix,supermat,NTP,10,intercept_fit,47,1.0,0.19954191961084453,0.6,0.4962228517469311
nfix,supermat,NTP,10,intercept_fit,48,1.0,-0.16573253659610104,0.5,0.4962228517469311
nfix,supermat,NTP,10,intercept_fit,50,1.0,-1.4204157549008225,0.2,0.4962228517469311
nfix,supermat,NTP,10,intercept_fit,51,1.0,-1.1603811190982491,0.4,0.4962228517469311
nfix,supermat,NTP,10,intercept_fit,52,1.0,-0.21057715771687954,0.4,0.4962228517469311
nfix,supermat,NTP,10,intercept_fit,53,1.0,-1.4274838870802957,0.2,0.4962228517469311
nfix,supermat,NTP,10,intercept_fit,54,1.0,-0.817002332387046,0.5,0.4962228517469311
nfix,supermat,NTP,10,intercept_fit,55,1.0,-0.37042820290848316,0.5,0.4962228517469311
nfix,supermat,NTP,10,intercept_fit,56,1.0,-1.6220177121801578,0.2,0.4962228517469311
nfix,supermat,NTP,10,intercept_fit,57,1.0,-0.8870544940087977,0.3,0.4962228517469311
nfix,supermat,NTP,10,intercept_fit,58,1.0,-0.9931434184933353,0.4,0.4962228517469311
nfix,supermat,NTP,10,intercept_fit,59,1.0,-1.8203714536338473,0.2,0.4962228517469311
nfix,supermat,NTP,10,intercept_fit,60,1.0,-1.1703131998622391,0.2,0.4962228517469311
nfix,supermat,NTP,10,intercept_fit,61,1.0,0.9425406816453412,0.8,0.4962228517469311
nfix,supermat,NTP,10,intercept_fit,62,1.0,-0.8804820901570412,0.3,0.4962228517469311
nfix,supermat,NTP,10,intercept_fit,63,1.0,-1.2762527427336425,0.3,0.4962228517469311
nfix,supermat,NTP,10,intercept_fit,64,1.0,-0.8877384165729855,0.3,0.4962228517469311
nfix,supermat,NTP,10,intercept_fit,65,1.0,-0.6314279087397513,0.4,0.4962228517469311
nfix,supermat,NTP,10,intercept_fit,66,1.0,-2.34023833187574,0.1,0.4962228517469311
nfix,supermat,NTP,10,intercept_fit,67,1.0,-0.40862847728493007,0.6,0.4962228517469311
nfix,supermat,NTP,10,intercept_fit,68,1.0,-1.4962460726094282,0.2,0.4962228517469311
nfix,supermat,NTP,10,intercept_fit,69,1.0,-0.8723323155993772,0.3,0.4962228517469311
nfix,supermat,NTP,10,intercept_fit,70,1.0,-1.829276217216942,0.2,0.4962228517469311
nfix,supermat,NTP,10,intercept_fit,71,1.0,-0.3844639898917309,0.4,0.4962228517469311
nfix,supermat,NTP,10,intercept_fit,72,1.0,-0.8451995730578787,0.3,0.4962228517469311
nfix,supermat,NTP,10,intercept_fit,73,1.0,-0.5974117921414684,0.5,0.4962228517469311
nfix,supermat,NTP,10,intercept_fit,74,1.0,-0.7055078814199602,0.3,0.4962228517469311
nfix,supermat,NTP,10,intercept_fit,75,1.0,-1.3438809390125128,0.2,0.4962228517469311
nfix,supermat,NTP,10,intercept_fit,76,1.0,-1.461124794997786,0.3,0.4962228517469311
nfix,supermat,NTP,10,intercept_fit,77,1.0,0.0661638708575266,0.5,0.4962228517469311
nfix,supermat,NTP,10,intercept_fit,78,1.0,-1.0255777344267152,0.3,0.4962228517469311
nfix,supermat,NTP,10,intercept_fit,79,1.0,-0.7859205698929105,0.4,0.4962228517469311
nfix,supermat,NTP,10,intercept_fit,80,1.0,-0.7125382329412128,0.4,0.4962228517469311
nfix,supermat,NTP,10,intercept_fit,81,1.0,-0.7716603073763094,0.5,0.4962228517469311
nfix,supermat,NTP,10,intercept_fit,82,1.0,-0.3464374458906396,0.5,0.4962228517469311
nfix,supermat,NTP,10,intercept_fit,83,1.0,-0.4220622448182461,0.5,0.4962228517469311
nfix,supermat,NTP,10,intercept_fit,84,1.0,-0.7654336308126085,0.4,0.4962228517469311
nfix,supermat,NTP,10,intercept_fit,85,1.0,-0.14225492900558812,0.5,0.4962228517469311
nfix,supermat,NTP,10,intercept_fit,86,1.0,-0.861683268485702,0.4,0.4962228517469311
nfix,supermat,NTP,10,intercept_fit,87,1.0,-0.6647170068580057,0.5,0.4962228517469311
nfix,supermat,NTP,10,intercept_fit,88,1.0,-0.42854679560199543,0.4,0.4962228517469311
nfix,supermat,NTP,10,intercept_fit,89,1.0,-0.13126248020422265,0.6,0.4962228517469311
nfix,supermat,NTP,10,intercept_fit,90,1.0,-0.5553366466176473,0.4,0.4962228517469311
nfix,supermat,NTP,10,intercept_fit,91,1.0,-1.193248558460864,0.2,0.4962228517469311
nfix,supermat,NTP,10,intercept_fit,92,1.0,-0.7937475104494346,0.4,0.4962228517469311
nfix,supermat,NTP,10,intercept_fit,93,1.0,-0.3716644435829642,0.5,0.4962228517469311
nfix,supermat,NTP,10,intercept_fit,94,1.0,-0.5039737564572664,0.4,0.4962228517469311
nfix,supermat,NTP,10,intercept_fit,95,1.0,-1.980026606966471,0.1,0.4962228517469311
nfix,supermat,NTP,10,intercept_fit,96,1.0,-1.9844834755352683,0.2,0.4962228517469311
nfix,supermat,NTP,10,intercept_fit,97,1.0,-0.9128834429598394,0.4,0.4962228517469311
nfix,supermat,NTP,10,intercept_fit,98,1.0,-1.9822094938132466,0.1,0.4962228517469311
nfix,supermat,NTP,10,intercept_fit,99,1.0,0.2361724532280335,0.6,0.4962228517469311
nfix,supermat,NTP,10,intercept_fit,100,1.0,-1.0812494693309855,0.3,0.4962228517469311
nfix,supermat,Probe,50,intercept_fit,0,1.0,-2.1153854240434455,0.26,0.4962228517469311
nfix,supermat,Probe,50,intercept_fit,1,1.0,-2.9071005530697525,0.18,0.4962228517469311
nfix,supermat,Probe,50,intercept_fit,2,1.0,-0.5700757704814104,0.44,0.4962228517469311
nfix,supermat,Probe,50,intercept_fit,3,1.0,-0.9553747506722009,0.42,0.4962228517469311
nfix,supermat,Probe,50,intercept_fit,4,1.0,-1.5818477948184433,0.36,0.4962228517469311
nfix,supermat,Probe,50,intercept_fit,5,1.0,-1.6443179387484634,0.32,0.4962228517469311
nfix,supermat,Probe,50,intercept_fit,6,1.0,-1.615251046648302,0.34,0.4962228517469311
nfix,supermat,Probe,50,intercept_fit,7,1.0,-0.7730897165491962,0.48,0.4962228517469311
nfix,supermat,Probe,50,intercept_fit,8,1.0,-1.96635160954306,0.28,0.4962228517469311
nfix,supermat,Probe,50,intercept_fit,9,1.0,-1.8055573951467152,0.26,0.4962228517469311
nfix,supermat,Probe,50,intercept_fit,10,1.0,-1.9898585409657925,0.26,0.4962228517469311
nfix,supermat,Probe,50,intercept_fit,11,1.0,-1.1293668172093574,0.4,0.4962228517469311
nfix,supermat,Probe,50,intercept_fit,12,1.0,-1.946374589466497,0.3,0.4962228517469311
nfix,supermat,Probe,50,intercept_fit,13,1.0,-1.3142512753084314,0.4,0.4962228517469311
nfix,supermat,Probe,50,intercept_fit,14,1.0,-2.638460654428347,0.22,0.4962228517469311
nfix,supermat,Probe,50,intercept_fit,15,1.0,-0.3129875033931656,0.6,0.4962228517469311
nfix,supermat,Probe,50,intercept_fit,16,1.0,-0.9741397157366348,0.42,0.4962228517469311
nfix,supermat,Probe,50,intercept_fit,17,1.0,-2.7084129415861167,0.16,0.4962228517469311
nfix,supermat,Probe,50,intercept_fit,18,1.0,-1.7072541813131523,0.32,0.4962228517469311
nfix,supermat,Probe,50,intercept_fit,19,1.0,-0.7683848139409792,0.44,0.4962228517469311
nfix,supermat,Probe,50,intercept_fit,20,1.0,-0.9543567176077128,0.4,0.4962228517469311
nfix,supermat,Probe,50,intercept_fit,21,1.0,-2.1929807665100958,0.28,0.4962228517469311
nfix,supermat,Probe,50,intercept_fit,22,1.0,-1.940067514073646,0.24,0.4962228517469311
nfix,supermat,Probe,50,intercept_fit,23,1.0,-2.288357842616403,0.22,0.4962228517469311
nfix,supermat,Probe,50,intercept_fit,24,1.0,-1.257238270040054,0.3,0.4962228517469311
nfix,supermat,Probe,50,intercept_fit,25,1.0,-0.7775673986411036,0.52,0.4962228517469311
nfix,supermat,Probe,50,intercept_fit,26,1.0,-1.5019972217494824,0.4,0.4962228517469311
nfix,supermat,Probe,50,intercept_fit,27,1.0,-1.5855748480586527,0.36,0.4962228517469311
nfix,supermat,Probe,50,intercept_fit,28,1.0,-1.5867734452436828,0.34,0.4962228517469311
nfix,supermat,Probe,50,intercept_fit,29,1.0,-2.5704256695662333,0.24,0.4962228517469311
nfix,supermat,Probe,50,intercept_fit,30,1.0,-1.3449172879821736,0.36,0.4962228517469311
nfix,supermat,Probe,50,intercept_fit,31,1.0,-1.3388816002895405,0.3,0.4962228517469311
nfix,supermat,Probe,50,intercept_fit,32,1.0,-1.3690918676800565,0.38,0.4962228517469311
nfix,supermat,Probe,50,intercept_fit,33,1.0,-1.5715402561027108,0.28,0.4962228517469311
nfix,supermat,Probe,50,intercept_fit,34,1.0,-1.503865226690973,0.34,0.4962228517469311
nfix,supermat,Probe,50,intercept_fit,35,1.0,-0.9583434050037781,0.38,0.4962228517469311
nfix,supermat,Probe,50,intercept_fit,36,1.0,-2.2560709840754805,0.22,0.4962228517469311
nfix,supermat,Probe,50,intercept_fit,37,1.0,-2.0665822505974245,0.26,0.4962228517469311
nfix,supermat,Probe,50,intercept_fit,38,1.0,-2.483354588830079,0.2,0.4962228517469311
nfix,supermat,Probe,50,intercept_fit,39,1.0,-1.4734990506656513,0.3,0.4962228517469311
nfix,supermat,Probe,50,intercept_fit,40,1.0,-1.0651531589190384,0.42,0.4962228517469311
nfix,supermat,Probe,50,intercept_fit,41,1.0,-0.6561393222480074,0.46,0.4962228517469311
nfix,supermat,Probe,50,intercept_fit,42,1.0,-2.231633044987433,0.28,0.4962228517469311
nfix,supermat,Probe,50,intercept_fit,43,1.0,-1.8430293836948861,0.3,0.4962228517469311
nfix,supermat,Probe,50,intercept_fit,44,1.0,-0.6893057752527131,0.56,0.4962228517469311
nfix,supermat,Probe,50,intercept_fit,45,1.0,-2.049909509946314,0.26,0.4962228517469311
nfix,supermat,Probe,50,intercept_fit,46,1.0,-1.8265745192190017,0.26,0.4962228517469311
nfix,supermat,Probe,50,intercept_fit,47,1.0,-0.9927588074144291,0.5,0.4962228517469311
nfix,supermat,Probe,50,intercept_fit,48,1.0,-1.5471404776741187,0.36,0.4962228517469311
nfix,supermat,Probe,50,intercept_fit,49,1.0,-1.370860321368854,0.34,0.4962228517469311
nfix,supermat,Probe,50,intercept_fit,50,1.0,-2.158876997668412,0.28,0.4962228517469311
nfix,supermat,Probe,50,intercept_fit,51,1.0,-1.0367713525104003,0.36,0.4962228517469311
nfix,supermat,Probe,50,intercept_fit,52,1.0,-2.277352058844092,0.26,0.4962228517469311
nfix,supermat,Probe,50,intercept_fit,53,1.0,-2.8372855360232005,0.18,0.4962228517469311
nfix,supermat,Probe,50,intercept_fit,54,1.0,-0.6526476403224217,0.44,0.4962228517469311
nfix,supermat,Probe,50,intercept_fit,55,1.0,-1.235789001224483,0.38,0.4962228517469311
nfix,supermat,Probe,50,intercept_fit,56,1.0,-1.0354297973949491,0.4,0.4962228517469311
nfix,supermat,Probe,50,intercept_fit,57,1.0,-1.8583105072965065,0.3,0.4962228517469311
nfix,supermat,Probe,50,intercept_fit,58,1.0,-2.10366444687463,0.26,0.4962228517469311
nfix,supermat,Probe,50,intercept_fit,59,1.0,-1.7871817126347747,0.32,0.4962228517469311
nfix,supermat,Probe,50,intercept_fit,60,1.0,-2.5589058253005885,0.2,0.4962228517469311
nfix,supermat,Probe,50,intercept_fit,61,1.0,-1.3662492801984032,0.38,0.4962228517469311
nfix,supermat,Probe,50,intercept_fit,62,1.0,-1.3684921205705034,0.38,0.4962228517469311
nfix,supermat,Probe,50,intercept_fit,63,1.0,-1.0668601844910812,0.44,0.4962228517469311
nfix,supermat,Probe,50,intercept_fit,64,1.0,-1.6629367323225355,0.36,0.4962228517469311
nfix,supermat,Probe,50,intercept_fit,65,1.0,-0.8930281404461081,0.44,0.4962228517469311
nfix,supermat,Probe,50,intercept_fit,66,1.0,-1.9121086181281768,0.28,0.4962228517469311
nfix,supermat,Probe,50,intercept_fit,67,1.0,-1.1221895852973365,0.48,0.4962228517469311
nfix,supermat,Probe,50,intercept_fit,68,1.0,-2.6856798535368034,0.18,0.4962228517469311
nfix,supermat,Probe,50,intercept_fit,69,1.0,-1.9751849945599598,0.26,0.4962228517469311
nfix,supermat,Probe,50,intercept_fit,70,1.0,-2.5822274480117,0.18,0.4962228517469311
nfix,supermat,Probe,50,intercept_fit,71,1.0,-1.6242832613300275,0.34,0.4962228517469311
nfix,supermat,Probe,50,intercept_fit,72,1.0,-0.687133231970342,0.52,0.4962228517469311
nfix,supermat,Probe,50,intercept_fit,73,1.0,-0.671061332428417,0.42,0.4962228517469311
nfix,supermat,Probe,50,intercept_fit,74,1.0,-1.5479013844048,0.26,0.4962228517469311
nfix,supermat,Probe,50,intercept_fit,75,1.0,-1.859725914598375,0.34,0.4962228517469311
nfix,supermat,Probe,50,intercept_fit,76,1.0,-2.1383191681253266,0.24,0.4962228517469311
nfix,supermat,Probe,50,intercept_fit,77,1.0,-2.1058569824110642,0.22,0.4962228517469311
nfix,supermat,Probe,50,intercept_fit,78,1.0,-2.2166650172258735,0.26,0.4962228517469311
nfix,supermat,Probe,50,intercept_fit,79,1.0,-1.2873596769363111,0.42,0.4962228517469311
nfix,supermat,Probe,50,intercept_fit,80,1.0,-1.9903032607082807,0.34,0.4962228517469311
nfix,supermat,Probe,50,intercept_fit,81,1.0,-0.2744786166219993,0.52,0.4962228517469311
nfix,supermat,Probe,50,intercept_fit,82,1.0,-1.445504910763447,0.38,0.4962228517469311
nfix,supermat,Probe,50,intercept_fit,83,1.0,-0.6814904509109511,0.52,0.4962228517469311
nfix,supermat,Probe,50,intercept_fit,84,1.0,-1.5754661362244344,0.34,0.4962228517469311
nfix,supermat,Probe,50,intercept_fit,85,1.0,-1.2616194465879556,0.42,0.4962228517469311
nfix,supermat,Probe,50,intercept_fit,86,1.0,-2.1157313002727025,0.26,0.4962228517469311
nfix,supermat,Probe,50,intercept_fit,87,1.0,-0.8523313129168523,0.42,0.4962228517469311
nfix,supermat,Probe,50,intercept_fit,88,1.0,-0.7516195455380378,0.42,0.4962228517469311
nfix,supermat,Probe,50,intercept_fit,89,1.0,-1.0613135013849524,0.46,0.4962228517469311
nfix,supermat,Probe,50,intercept_fit,90,1.0,-1.8177765446394123,0.28,0.4962228517469311
nfix,supermat,Probe,50,intercept_fit,91,1.0,-0.45604396728899194,0.42,0.4962228517469311
nfix,supermat,Probe,50,intercept_fit,92,1.0,-0.5611413204624344,0.46,0.4962228517469311
nfix,supermat,Probe,50,intercept_fit,93,1.0,-1.4783751600261035,0.36,0.4962228517469311
nfix,supermat,Probe,50,intercept_fit,94,1.0,-1.5997072661929583,0.34,0.4962228517469311
nfix,supermat,Probe,50,intercept_fit,95,1.0,-1.9407452553414555,0.28,0.4962228517469311
nfix,supermat,Probe,50,intercept_fit,96,1.0,-0.9399923343552458,0.4,0.4962228517469311
nfix,supermat,Probe,50,intercept_fit,97,1.0,-2.2925280605753757,0.22,0.4962228517469311
nfix,supermat,Probe,50,intercept_fit,98,1.0,-2.6599586188891835,0.22,0.4962228517469311
nfix,supermat,Probe,50,intercept_fit,99,1.0,-0.9633956304664271,0.48,0.4962228517469311
nfix,supermat,NTP,50,intercept_fit,0,1.0,-1.4103978449852415,0.26,0.4962228517469311
nfix,supermat,NTP,50,intercept_fit,1,1.0,-1.6814340126933993,0.18,0.4962228517469311
nfix,supermat,NTP,50,intercept_fit,2,1.0,-0.5082902989530151,0.44,0.4962228517469311
nfix,supermat,NTP,50,intercept_fit,3,1.0,-0.6421181524136544,0.42,0.4962228517469311
nfix,supermat,NTP,50,intercept_fit,4,1.0,-0.5322853165528908,0.36,0.4962228517469311
nfix,supermat,NTP,50,intercept_fit,5,1.0,-1.105949003365115,0.32,0.4962228517469311
nfix,supermat,NTP,50,intercept_fit,6,1.0,-1.1560106513470851,0.34,0.4962228517469311
nfix,supermat,NTP,50,intercept_fit,7,1.0,-0.45502226926906936,0.48,0.4962228517469311
nfix,supermat,NTP,50,intercept_fit,8,1.0,-1.2338423767813251,0.28,0.4962228517469311
nfix,supermat,NTP,50,intercept_fit,9,1.0,-1.2976462592989815,0.26,0.4962228517469311
nfix,supermat,NTP,50,intercept_fit,10,1.0,-1.2617382988804358,0.26,0.4962228517469311
nfix,supermat,NTP,50,intercept_fit,11,1.0,-0.6326057658741325,0.4,0.4962228517469311
nfix,supermat,NTP,50,intercept_fit,12,1.0,-0.900438314801337,0.3,0.4962228517469311
nfix,supermat,NTP,50,intercept_fit,13,1.0,-0.7179457614012362,0.4,0.4962228517469311
nfix,supermat,NTP,50,intercept_fit,14,1.0,-1.7370433631781614,0.22,0.4962228517469311
nfix,supermat,NTP,50,intercept_fit,15,1.0,0.12286753168848243,0.6,0.4962228517469311
nfix,supermat,NTP,50,intercept_fit,16,1.0,-0.6126368787205203,0.42,0.4962228517469311
nfix,supermat,NTP,50,intercept_fit,17,1.0,-1.585049167380769,0.16,0.4962228517469311
nfix,supermat,NTP,50,intercept_fit,18,1.0,-1.1340834600786645,0.32,0.4962228517469311
nfix,supermat,NTP,50,intercept_fit,19,1.0,-0.6561765306102993,0.44,0.4962228517469311
nfix,supermat,NTP,50,intercept_fit,20,1.0,-0.6273034600037815,0.4,0.4962228517469311
nfix,supermat,NTP,50,intercept_fit,21,1.0,-1.1196926729774075,0.28,0.4962228517469311
nfix,supermat,NTP,50,intercept_fit,22,1.0,-1.487188680466499,0.24,0.4962228517469311
nfix,supermat,NTP,50,intercept_fit,23,1.0,-1.464283455570372,0.22,0.4962228517469311
nfix,supermat,NTP,50,intercept_fit,24,1.0,-0.8970302492548952,0.3,0.4962228517469311
nfix,supermat,NTP,50,intercept_fit,25,1.0,-0.49141829406457643,0.52,0.4962228517469311
nfix,supermat,NTP,50,intercept_fit,26,1.0,-0.5606969320555022,0.4,0.4962228517469311
nfix,supermat,NTP,50,intercept_fit,27,1.0,-0.9656420182295103,0.36,0.4962228517469311
nfix,supermat,NTP,50,intercept_fit,28,1.0,-0.7670829513039206,0.34,0.4962228517469311
nfix,supermat,NTP,50,intercept_fit,29,1.0,-1.3099995083096685,0.24,0.4962228517469311
nfix,supermat,NTP,50,intercept_fit,30,1.0,-0.9608834520643507,0.36,0.4962228517469311
nfix,supermat,NTP,50,intercept_fit,31,1.0,-1.021562214840124,0.3,0.4962228517469311
nfix,supermat,NTP,50,intercept_fit,32,1.0,-0.7287571357656039,0.38,0.4962228517469311
nfix,supermat,NTP,50,intercept_fit,33,1.0,-1.3870504758711695,0.28,0.4962228517469311
nfix,supermat,NTP,50,intercept_fit,34,1.0,-0.9999662994242313,0.34,0.4962228517469311
nfix,supermat,NTP,50,intercept_fit,35,1.0,-0.9696113761932399,0.38,0.4962228517469311
nfix,supermat,NTP,50,intercept_fit,36,1.0,-1.4450109556863655,0.22,0.4962228517469311
nfix,supermat,NTP,50,intercept_fit,37,1.0,-1.3947435407630886,0.26,0.4962228517469311
nfix,supermat,NTP,50,intercept_fit,38,1.0,-1.4891169850882786,0.2,0.4962228517469311
nfix,supermat,NTP,50,intercept_fit,39,1.0,-1.2078473993073562,0.3,0.4962228517469311
nfix,supermat,NTP,50,intercept_fit,40,1.0,-0.695842396915674,0.42,0.4962228517469311
nfix,supermat,NTP,50,intercept_fit,41,1.0,-0.45329908778941175,0.46,0.4962228517469311
nfix,supermat,NTP,50,intercept_fit,42,1.0,-1.1792406926859575,0.28,0.4962228517469311
nfix,supermat,NTP,50,intercept_fit,43,1.0,-1.0710294560952671,0.3,0.4962228517469311
nfix,supermat,NTP,50,intercept_fit,44,1.0,-0.2662543767873102,0.56,0.4962228517469311
nfix,supermat,NTP,50,intercept_fit,45,1.0,-1.3041693995744417,0.26,0.4962228517469311
nfix,supermat,NTP,50,intercept_fit,46,1.0,-1.2332468636434222,0.26,0.4962228517469311
nfix,supermat,NTP,50,intercept_fit,47,1.0,-0.25091543498458696,0.5,0.4962228517469311
nfix,supermat,NTP,50,intercept_fit,48,1.0,-0.9642575814890494,0.36,0.4962228517469311
nfix,supermat,NTP,50,intercept_fit,49,1.0,-0.7291061866837274,0.34,0.4962228517469311
nfix,supermat,NTP,50,intercept_fit,50,1.0,-1.0945044851257986,0.28,0.4962228517469311
nfix,supermat,NTP,50,intercept_fit,51,1.0,-0.6839257670102412,0.36,0.4962228517469311
nfix,supermat,NTP,50,intercept_fit,52,1.0,-1.1804396828605876,0.26,0.4962228517469311
nfix,supermat,NTP,50,intercept_fit,53,1.0,-1.558553140956834,0.18,0.4962228517469311
nfix,supermat,NTP,50,intercept_fit,54,1.0,-0.6124144101853085,0.44,0.4962228517469311
nfix,supermat,NTP,50,intercept_fit,55,1.0,-0.6954284629942392,0.38,0.4962228517469311
nfix,supermat,NTP,50,intercept_fit,56,1.0,-0.7119732791236824,0.4,0.4962228517469311
nfix,supermat,NTP,50,intercept_fit,57,1.0,-1.2172330170638033,0.3,0.4962228517469311
nfix,supermat,NTP,50,intercept_fit,58,1.0,-1.2295897229351005,0.26,0.4962228517469311
nfix,supermat,NTP,50,intercept_fit,59,1.0,-0.8839160286050711,0.32,0.4962228517469311
nfix,supermat,NTP,50,intercept_fit,60,1.0,-1.683427157971905,0.2,0.4962228517469311
nfix,supermat,NTP,50,intercept_fit,61,1.0,-0.7644662175540314,0.38,0.4962228517469311
nfix,supermat,NTP,50,intercept_fit,62,1.0,-0.7200997942432946,0.38,0.4962228517469311
nfix,supermat,NTP,50,intercept_fit,63,1.0,-0.41745766080539126,0.44,0.4962228517469311
nfix,supermat,NTP,50,intercept_fit,64,1.0,-0.9433750153738215,0.36,0.4962228517469311
nfix,supermat,NTP,50,intercept_fit,65,1.0,-0.4913088473248417,0.44,0.4962228517469311
nfix,supermat,NTP,50,intercept_fit,66,1.0,-1.0654700123513723,0.28,0.4962228517469311
nfix,supermat,NTP,50,intercept_fit,67,1.0,-0.5045435277812146,0.48,0.4962228517469311
nfix,supermat,NTP,50,intercept_fit,68,1.0,-1.6444913718279115,0.18,0.4962228517469311
nfix,supermat,NTP,50,intercept_fit,69,1.0,-1.1753498910805646,0.26,0.4962228517469311
nfix,supermat,NTP,50,intercept_fit,70,1.0,-1.7202017272990682,0.18,0.4962228517469311
nfix,supermat,NTP,50,intercept_fit,71,1.0,-0.8032237230922565,0.34,0.4962228517469311
nfix,supermat,NTP,50,intercept_fit,72,1.0,-0.16983654204033732,0.52,0.4962228517469311
nfix,supermat,NTP,50,intercept_fit,73,1.0,-0.6336104610467753,0.42,0.4962228517469311
nfix,supermat,NTP,50,intercept_fit,74,1.0,-1.5161791356102303,0.26,0.4962228517469311
nfix,supermat,NTP,50,intercept_fit,75,1.0,-0.9782810679083477,0.34,0.4962228517469311
nfix,supermat,NTP,50,intercept_fit,76,1.0,-1.4090074740571474,0.24,0.4962228517469311
nfix,supermat,NTP,50,intercept_fit,77,1.0,-1.3125236964722347,0.22,0.4962228517469311
nfix,supermat,NTP,50,intercept_fit,78,1.0,-1.2248198287959045,0.26,0.4962228517469311
nfix,supermat,NTP,50,intercept_fit,79,1.0,-0.6525407529062538,0.42,0.4962228517469311
nfix,supermat,NTP,50,intercept_fit,80,1.0,-0.8075628775038255,0.34,0.4962228517469311
nfix,supermat,NTP,50,intercept_fit,81,1.0,-0.27067328800871354,0.52,0.4962228517469311
nfix,supermat,NTP,50,intercept_fit,82,1.0,-0.6374428475505297,0.38,0.4962228517469311
nfix,supermat,NTP,50,intercept_fit,83,1.0,-0.046336912704862336,0.52,0.4962228517469311
nfix,supermat,NTP,50,intercept_fit,84,1.0,-0.9802233395194518,0.34,0.4962228517469311
nfix,supermat,NTP,50,intercept_fit,85,1.0,-0.4136285905907253,0.42,0.4962228517469311
nfix,supermat,NTP,50,intercept_fit,86,1.0,-1.3649551657561667,0.26,0.4962228517469311
nfix,supermat,NTP,50,intercept_fit,87,1.0,-0.5533570588632489,0.42,0.4962228517469311
nfix,supermat,NTP,50,intercept_fit,88,1.0,-0.6038960191093727,0.42,0.4962228517469311
nfix,supermat,NTP,50,intercept_fit,89,1.0,-0.5074310608590382,0.46,0.4962228517469311
nfix,supermat,NTP,50,intercept_fit,90,1.0,-1.0862931709655186,0.28,0.4962228517469311
nfix,supermat,NTP,50,intercept_fit,91,1.0,-0.7234350251251989,0.42,0.4962228517469311
nfix,supermat,NTP,50,intercept_fit,92,1.0,-0.7089842178562762,0.46,0.4962228517469311
nfix,supermat,NTP,50,intercept_fit,93,1.0,-0.8515968321289032,0.36,0.4962228517469311
nfix,supermat,NTP,50,intercept_fit,94,1.0,-0.7965343716986636,0.34,0.4962228517469311
nfix,supermat,NTP,50,intercept_fit,95,1.0,-1.2640262364121424,0.28,0.4962228517469311
nfix,supermat,NTP,50,intercept_fit,96,1.0,-0.5009815157295625,0.4,0.4962228517469311
nfix,supermat,NTP,50,intercept_fit,97,1.0,-1.2375502965581664,0.22,0.4962228517469311
nfix,supermat,NTP,50,intercept_fit,98,1.0,-1.4090904749521935,0.22,0.4962228517469311
nfix,supermat,NTP,50,intercept_fit,99,1.0,-0.2833433892995807,0.48,0.4962228517469311
nfix,supermat,Probe,100,intercept_fit,0,1.0,-2.2340569778004467,0.26,0.4962228517469311
nfix,supermat,Probe,100,intercept_fit,1,1.0,-2.1566686689020957,0.26,0.4962228517469311
nfix,supermat,Probe,100,intercept_fit,2,1.0,-0.8905828607631279,0.39,0.4962228517469311
nfix,supermat,Probe,100,intercept_fit,3,1.0,-1.1941657486210118,0.35,0.4962228517469311
nfix,supermat,Probe,100,intercept_fit,4,1.0,-1.1941726247591262,0.36,0.4962228517469311
nfix,supermat,Probe,100,intercept_fit,5,1.0,-1.2974108987158448,0.42,0.4962228517469311
nfix,supermat,Probe,100,intercept_fit,6,1.0,-2.0704345895056266,0.25,0.4962228517469311
nfix,supermat,Probe,100,intercept_fit,7,1.0,-1.1044910339831846,0.38,0.4962228517469311
nfix,supermat,Probe,100,intercept_fit,8,1.0,-2.052667427480234,0.24,0.4962228517469311
nfix,supermat,Probe,100,intercept_fit,9,1.0,-1.0569059967694643,0.4,0.4962228517469311
nfix,supermat,Probe,100,intercept_fit,10,1.0,-1.8921917127083663,0.34,0.4962228517469311
nfix,supermat,Probe,100,intercept_fit,11,1.0,-0.8772045321859077,0.44,0.4962228517469311
nfix,supermat,Probe,100,intercept_fit,12,1.0,-1.7445053106664672,0.32,0.4962228517469311
nfix,supermat,Probe,100,intercept_fit,13,1.0,-0.795349220573949,0.46,0.4962228517469311
nfix,supermat,Probe,100,intercept_fit,14,1.0,-2.0644426820816157,0.31,0.4962228517469311
nfix,supermat,Probe,100,intercept_fit,15,1.0,-0.7791615651170826,0.53,0.4962228517469311
nfix,supermat,Probe,100,intercept_fit,16,1.0,-1.8294581210068315,0.29,0.4962228517469311
nfix,supermat,Probe,100,intercept_fit,17,1.0,-2.1048951458919554,0.23,0.4962228517469311
nfix,supermat,Probe,100,intercept_fit,18,1.0,-1.74237946326844,0.29,0.4962228517469311
nfix,supermat,Probe,100,intercept_fit,19,1.0,-0.9994183580152413,0.38,0.4962228517469311
nfix,supermat,Probe,100,intercept_fit,20,1.0,-1.5654555133541461,0.34,0.4962228517469311
nfix,supermat,Probe,100,intercept_fit,21,1.0,-1.9203365356161128,0.3,0.4962228517469311
nfix,supermat,Probe,100,intercept_fit,22,1.0,-1.9451348258820869,0.24,0.4962228517469311
nfix,supermat,Probe,100,intercept_fit,23,1.0,-1.5229736293530745,0.34,0.4962228517469311
nfix,supermat,Probe,100,intercept_fit,24,1.0,-1.0269649659193523,0.34,0.4962228517469311
nfix,supermat,Probe,100,intercept_fit,25,1.0,-1.3870144369519979,0.39,0.4962228517469311
nfix,supermat,Probe,100,intercept_fit,26,1.0,-1.7242907736678703,0.33,0.4962228517469311
nfix,supermat,Probe,100,intercept_fit,27,1.0,-0.9748794528221227,0.46,0.4962228517469311
nfix,supermat,Probe,100,intercept_fit,28,1.0,-1.1418581429654724,0.43,0.4962228517469311
nfix,supermat,Probe,100,intercept_fit,29,1.0,-2.485660935615279,0.26,0.4962228517469311
nfix,supermat,Probe,100,intercept_fit,30,1.0,-1.567545242362291,0.36,0.4962228517469311
nfix,supermat,Probe,100,intercept_fit,31,1.0,-1.1977800890273356,0.35,0.4962228517469311
nfix,supermat,Probe,100,intercept_fit,32,1.0,-2.0926432749915143,0.28,0.4962228517469311
nfix,supermat,Probe,100,intercept_fit,33,1.0,-1.115372944542455,0.43,0.4962228517469311
nfix,supermat,Probe,100,intercept_fit,34,1.0,-1.1888172305277096,0.36,0.4962228517469311
nfix,supermat,Probe,100,intercept_fit,35,1.0,-1.1962081119471868,0.4,0.4962228517469311
nfix,supermat,Probe,100,intercept_fit,36,1.0,-2.220801020615909,0.22,0.4962228517469311
nfix,supermat,Probe,100,intercept_fit,37,1.0,-1.4075923576571334,0.4,0.4962228517469311
nfix,supermat,Probe,100,intercept_fit,38,1.0,-2.139344436633725,0.24,0.4962228517469311
nfix,supermat,Probe,100,intercept_fit,39,1.0,-1.3908660963816133,0.35,0.4962228517469311
nfix,supermat,Probe,100,intercept_fit,40,1.0,-1.5917475994801744,0.35,0.4962228517469311
nfix,supermat,Probe,100,intercept_fit,41,1.0,-1.050366800045448,0.42,0.4962228517469311
nfix,supermat,Probe,100,intercept_fit,42,1.0,-2.3248915643734165,0.3,0.4962228517469311
nfix,supermat,Probe,100,intercept_fit,43,1.0,-1.267146812381337,0.38,0.4962228517469311
nfix,supermat,Probe,100,intercept_fit,44,1.0,-1.1886096549396674,0.45,0.4962228517469311
nfix,supermat,Probe,100,intercept_fit,45,1.0,-2.5754857817322954,0.23,0.4962228517469311
nfix,supermat,Probe,100,intercept_fit,46,1.0,-1.6387390614972004,0.26,0.4962228517469311
nfix,supermat,Probe,100,intercept_fit,47,1.0,-1.1274966930608676,0.41,0.4962228517469311
nfix,supermat,Probe,100,intercept_fit,48,1.0,-1.7135981952315251,0.35,0.4962228517469311
nfix,supermat,Probe,100,intercept_fit,49,1.0,-1.5786179715890754,0.29,0.4962228517469311
nfix,supermat,Probe,100,intercept_fit,50,1.0,-2.260548124994192,0.26,0.4962228517469311
nfix,supermat,Probe,100,intercept_fit,51,1.0,-1.567937368225884,0.25,0.4962228517469311
nfix,supermat,Probe,100,intercept_fit,52,1.0,-2.5429019294492985,0.24,0.4962228517469311
nfix,supermat,Probe,100,intercept_fit,53,1.0,-2.5779234446819945,0.24,0.4962228517469311
nfix,supermat,Probe,100,intercept_fit,54,1.0,-0.6176482242044573,0.45,0.4962228517469311
nfix,supermat,Probe,100,intercept_fit,55,1.0,-1.4964174679666278,0.37,0.4962228517469311
nfix,supermat,Probe,100,intercept_fit,56,1.0,-1.8477670756691618,0.27,0.4962228517469311
nfix,supermat,Probe,100,intercept_fit,57,1.0,-2.0402170654114156,0.25,0.4962228517469311
nfix,supermat,Probe,100,intercept_fit,58,1.0,-1.996843580764768,0.3,0.4962228517469311
nfix,supermat,Probe,100,intercept_fit,59,1.0,-2.0226402063809017,0.29,0.4962228517469311
nfix,supermat,Probe,100,intercept_fit,60,1.0,-1.632273674773386,0.37,0.4962228517469311
nfix,supermat,Probe,100,intercept_fit,61,1.0,-1.8309062069678204,0.34,0.4962228517469311
nfix,supermat,Probe,100,intercept_fit,62,1.0,-1.867023234629363,0.32,0.4962228517469311
nfix,supermat,Probe,100,intercept_fit,63,1.0,-0.7097199429006039,0.48,0.4962228517469311
nfix,supermat,Probe,100,intercept_fit,64,1.0,-1.5391644553751367,0.33,0.4962228517469311
nfix,supermat,Probe,100,intercept_fit,65,1.0,-0.49122469339178443,0.56,0.4962228517469311
nfix,supermat,Probe,100,intercept_fit,66,1.0,-2.4608278034525735,0.23,0.4962228517469311
nfix,supermat,Probe,100,intercept_fit,67,1.0,-1.6120855037761566,0.34,0.4962228517469311
nfix,supermat,Probe,100,intercept_fit,68,1.0,-2.2884076543424485,0.22,0.4962228517469311
nfix,supermat,Probe,100,intercept_fit,69,1.0,-2.4379273657168454,0.26,0.4962228517469311
nfix,supermat,Probe,100,intercept_fit,70,1.0,-2.8650620291572366,0.17,0.4962228517469311
nfix,supermat,Probe,100,intercept_fit,71,1.0,-0.8164812982878592,0.46,0.4962228517469311
nfix,supermat,Probe,100,intercept_fit,72,1.0,-0.40700369519159313,0.48,0.4962228517469311
nfix,supermat,Probe,100,intercept_fit,73,1.0,-1.2832221127002592,0.33,0.4962228517469311
nfix,supermat,Probe,100,intercept_fit,74,1.0,-1.1341338799122753,0.35,0.4962228517469311
nfix,supermat,Probe,100,intercept_fit,75,1.0,-2.701191072927461,0.2,0.4962228517469311
nfix,supermat,Probe,100,intercept_fit,76,1.0,-1.7293703921314367,0.31,0.4962228517469311
nfix,supermat,Probe,100,intercept_fit,77,1.0,-1.7414477479539983,0.31,0.4962228517469311
nfix,supermat,Probe,100,intercept_fit,78,1.0,-1.612804105681957,0.32,0.4962228517469311
nfix,supermat,Probe,100,intercept_fit,79,1.0,-1.979233790482225,0.32,0.4962228517469311
nfix,supermat,Probe,100,intercept_fit,80,1.0,-1.68023592919198,0.34,0.4962228517469311
nfix,supermat,Probe,100,intercept_fit,81,1.0,-1.2839691507992015,0.34,0.4962228517469311
nfix,supermat,Probe,100,intercept_fit,82,1.0,-1.4271013164117858,0.33,0.4962228517469311
nfix,supermat,Probe,100,intercept_fit,83,1.0,-1.093068628224728,0.42,0.4962228517469311
nfix,supermat,Probe,100,intercept_fit,84,1.0,-1.3241776142712216,0.38,0.4962228517469311
nfix,supermat,Probe,100,intercept_fit,85,1.0,-1.316117215106181,0.36,0.4962228517469311
nfix,supermat,Probe,100,intercept_fit,86,1.0,-1.8033465627873595,0.29,0.4962228517469311
nfix,supermat,Probe,100,intercept_fit,87,1.0,-0.9990027371534873,0.37,0.4962228517469311
nfix,supermat,Probe,100,intercept_fit,88,1.0,-0.80406046210498,0.49,0.4962228517469311
nfix,supermat,Probe,100,intercept_fit,89,1.0,-0.8422235294436745,0.54,0.4962228517469311
nfix,supermat,Probe,100,intercept_fit,90,1.0,-1.870128356496726,0.27,0.4962228517469311
nfix,supermat,Probe,100,intercept_fit,91,1.0,-0.8105398924382089,0.4,0.4962228517469311
nfix,supermat,Probe,100,intercept_fit,92,1.0,-0.7822027236703776,0.42,0.4962228517469311
nfix,supermat,Probe,100,intercept_fit,93,1.0,-1.6669468245376196,0.29,0.4962228517469311
nfix,supermat,Probe,100,intercept_fit,94,1.0,-1.587327390011722,0.34,0.4962228517469311
nfix,supermat,Probe,100,intercept_fit,95,1.0,-1.8576010979319573,0.28,0.4962228517469311
nfix,supermat,Probe,100,intercept_fit,96,1.0,-0.9729225189460634,0.4,0.4962228517469311
nfix,supermat,Probe,100,intercept_fit,97,1.0,-1.9495067415212886,0.28,0.4962228517469311
nfix,supermat,Probe,100,intercept_fit,98,1.0,-2.4662941364049704,0.24,0.4962228517469311
nfix,supermat,Probe,100,intercept_fit,99,1.0,-0.9937413313004901,0.46,0.4962228517469311
nfix,supermat,NTP,100,intercept_fit,0,1.0,-1.1816687646273083,0.26,0.4962228517469311
nfix,supermat,NTP,100,intercept_fit,1,1.0,-1.2290253051357674,0.26,0.4962228517469311
nfix,supermat,NTP,100,intercept_fit,2,1.0,-0.6657647319630794,0.39,0.4962228517469311
nfix,supermat,NTP,100,intercept_fit,3,1.0,-0.8704631251133089,0.35,0.4962228517469311
nfix,supermat,NTP,100,intercept_fit,4,1.0,-0.7340280945954974,0.36,0.4962228517469311
nfix,supermat,NTP,100,intercept_fit,5,1.0,-0.4638146423809228,0.42,0.4962228517469311
nfix,supermat,NTP,100,intercept_fit,6,1.0,-1.3044976592305126,0.25,0.4962228517469311
nfix,supermat,NTP,100,intercept_fit,7,1.0,-0.6608833767450654,0.38,0.4962228517469311
nfix,supermat,NTP,100,intercept_fit,8,1.0,-1.1647577049001125,0.24,0.4962228517469311
nfix,supermat,NTP,100,intercept_fit,9,1.0,-0.6991627329203663,0.4,0.4962228517469311
nfix,supermat,NTP,100,intercept_fit,10,1.0,-1.057361794063072,0.34,0.4962228517469311
nfix,supermat,NTP,100,intercept_fit,11,1.0,-0.391010362058604,0.44,0.4962228517469311
nfix,supermat,NTP,100,intercept_fit,12,1.0,-0.8933089487297337,0.32,0.4962228517469311
nfix,supermat,NTP,100,intercept_fit,13,1.0,-0.38462498393947225,0.46,0.4962228517469311
nfix,supermat,NTP,100,intercept_fit,14,1.0,-1.1450633859666839,0.31,0.4962228517469311
nfix,supermat,NTP,100,intercept_fit,15,1.0,-0.14226721186579472,0.53,0.4962228517469311
nfix,supermat,NTP,100,intercept_fit,16,1.0,-1.146339192872317,0.29,0.4962228517469311
nfix,supermat,NTP,100,intercept_fit,17,1.0,-1.341290510766574,0.23,0.4962228517469311
nfix,supermat,NTP,100,intercept_fit,18,1.0,-1.1509159606872637,0.29,0.4962228517469311
nfix,supermat,NTP,100,intercept_fit,19,1.0,-0.7688407787330264,0.38,0.4962228517469311
nfix,supermat,NTP,100,intercept_fit,20,1.0,-1.0342627540301215,0.34,0.4962228517469311
nfix,supermat,NTP,100,intercept_fit,21,1.0,-0.9621052039857672,0.3,0.4962228517469311
nfix,supermat,NTP,100,intercept_fit,22,1.0,-1.4575527627997857,0.24,0.4962228517469311
nfix,supermat,NTP,100,intercept_fit,23,1.0,-0.7361563962499947,0.34,0.4962228517469311
nfix,supermat,NTP,100,intercept_fit,24,1.0,-0.9013745102065981,0.34,0.4962228517469311
nfix,supermat,NTP,100,intercept_fit,25,1.0,-0.6921477759376782,0.39,0.4962228517469311
nfix,supermat,NTP,100,intercept_fit,26,1.0,-0.757177581689395,0.33,0.4962228517469311
nfix,supermat,NTP,100,intercept_fit,27,1.0,-0.4394466966511922,0.46,0.4962228517469311
nfix,supermat,NTP,100,intercept_fit,28,1.0,-0.4362421037354445,0.43,0.4962228517469311
nfix,supermat,NTP,100,intercept_fit,29,1.0,-1.1986096845673309,0.26,0.4962228517469311
nfix,supermat,NTP,100,intercept_fit,30,1.0,-0.805841607620554,0.36,0.4962228517469311
nfix,supermat,NTP,100,intercept_fit,31,1.0,-0.7661671874831605,0.35,0.4962228517469311
nfix,supermat,NTP,100,intercept_fit,32,1.0,-1.0701106153933426,0.28,0.4962228517469311
nfix,supermat,NTP,100,intercept_fit,33,1.0,-0.5890808514429017,0.43,0.4962228517469311
nfix,supermat,NTP,100,intercept_fit,34,1.0,-0.8685246756856629,0.36,0.4962228517469311
nfix,supermat,NTP,100,intercept_fit,35,1.0,-0.9661298835872374,0.4,0.4962228517469311
nfix,supermat,NTP,100,intercept_fit,36,1.0,-1.3494616355293896,0.22,0.4962228517469311
nfix,supermat,NTP,100,intercept_fit,37,1.0,-0.6521271394902289,0.4,0.4962228517469311
nfix,supermat,NTP,100,intercept_fit,38,1.0,-1.4999380579576085,0.24,0.4962228517469311
nfix,supermat,NTP,100,intercept_fit,39,1.0,-0.9372146378144556,0.35,0.4962228517469311
nfix,supermat,NTP,100,intercept_fit,40,1.0,-0.9052623195591981,0.35,0.4962228517469311
nfix,supermat,NTP,100,intercept_fit,41,1.0,-0.5226648411548206,0.42,0.4962228517469311
nfix,supermat,NTP,100,intercept_fit,42,1.0,-0.936894517844924,0.3,0.4962228517469311
nfix,supermat,NTP,100,intercept_fit,43,1.0,-0.7248528026405238,0.38,0.4962228517469311
nfix,supermat,NTP,100,intercept_fit,44,1.0,-0.40523627009611357,0.45,0.4962228517469311
nfix,supermat,NTP,100,intercept_fit,45,1.0,-1.426809670930697,0.23,0.4962228517469311
nfix,supermat,NTP,100,intercept_fit,46,1.0,-1.1859320894206142,0.26,0.4962228517469311
nfix,supermat,NTP,100,intercept_fit,47,1.0,-0.5153953117283011,0.41,0.4962228517469311
nfix,supermat,NTP,100,intercept_fit,48,1.0,-1.0026020173693229,0.35,0.4962228517469311
nfix,supermat,NTP,100,intercept_fit,49,1.0,-0.9915429471269519,0.29,0.4962228517469311
nfix,supermat,NTP,100,intercept_fit,50,1.0,-1.28893654488058,0.26,0.4962228517469311
nfix,supermat,NTP,100,intercept_fit,51,1.0,-1.2666911631065056,0.25,0.4962228517469311
nfix,supermat,NTP,100,intercept_fit,52,1.0,-1.2987827065047581,0.24,0.4962228517469311
nfix,supermat,NTP,100,intercept_fit,53,1.0,-1.275870722118117,0.24,0.4962228517469311
nfix,supermat,NTP,100,intercept_fit,54,1.0,-0.694927545990531,0.45,0.4962228517469311
nfix,supermat,NTP,100,intercept_fit,55,1.0,-0.7928293044215112,0.37,0.4962228517469311
nfix,supermat,NTP,100,intercept_fit,56,1.0,-1.3503409422276638,0.27,0.4962228517469311
nfix,supermat,NTP,100,intercept_fit,57,1.0,-1.3142549785617066,0.25,0.4962228517469311
nfix,supermat,NTP,100,intercept_fit,58,1.0,-1.0583904565213857,0.3,0.4962228517469311
nfix,supermat,NTP,100,intercept_fit,59,1.0,-1.0731974893135452,0.29,0.4962228517469311
nfix,supermat,NTP,100,intercept_fit,60,1.0,-0.7097811096695468,0.37,0.4962228517469311
nfix,supermat,NTP,100,intercept_fit,61,1.0,-0.932577033626511,0.34,0.4962228517469311
nfix,supermat,NTP,100,intercept_fit,62,1.0,-1.045092337255654,0.32,0.4962228517469311
nfix,supermat,NTP,100,intercept_fit,63,1.0,-0.33074054017226145,0.48,0.4962228517469311
nfix,supermat,NTP,100,intercept_fit,64,1.0,-0.9081206393403467,0.33,0.4962228517469311
nfix,supermat,NTP,100,intercept_fit,65,1.0,-0.13282765406820343,0.56,0.4962228517469311
nfix,supermat,NTP,100,intercept_fit,66,1.0,-1.2331152897204989,0.23,0.4962228517469311
nfix,supermat,NTP,100,intercept_fit,67,1.0,-0.9391047265883863,0.34,0.4962228517469311
nfix,supermat,NTP,100,intercept_fit,68,1.0,-1.5391157064318373,0.22,0.4962228517469311
nfix,supermat,NTP,100,intercept_fit,69,1.0,-1.1530512461290274,0.26,0.4962228517469311
nfix,supermat,NTP,100,intercept_fit,70,1.0,-1.7568658784106692,0.17,0.4962228517469311
nfix,supermat,NTP,100,intercept_fit,71,1.0,-0.5798858357509524,0.46,0.4962228517469311
nfix,supermat,NTP,100,intercept_fit,72,1.0,-0.337526590238064,0.48,0.4962228517469311
nfix,supermat,NTP,100,intercept_fit,73,1.0,-1.072255962065476,0.33,0.4962228517469311
nfix,supermat,NTP,100,intercept_fit,74,1.0,-1.0047995957191456,0.35,0.4962228517469311
nfix,supermat,NTP,100,intercept_fit,75,1.0,-1.5865738342611484,0.2,0.4962228517469311
nfix,supermat,NTP,100,intercept_fit,76,1.0,-1.2132980279922394,0.31,0.4962228517469311
nfix,supermat,NTP,100,intercept_fit,77,1.0,-0.9721690947856363,0.31,0.4962228517469311
nfix,supermat,NTP,100,intercept_fit,78,1.0,-1.0415335948403774,0.32,0.4962228517469311
nfix,supermat,NTP,100,intercept_fit,79,1.0,-0.9725031031960553,0.32,0.4962228517469311
nfix,supermat,NTP,100,intercept_fit,80,1.0,-0.8149466894637207,0.34,0.4962228517469311
nfix,supermat,NTP,100,intercept_fit,81,1.0,-0.8802797531806478,0.34,0.4962228517469311
nfix,supermat,NTP,100,intercept_fit,82,1.0,-1.0178888558639734,0.33,0.4962228517469311
nfix,supermat,NTP,100,intercept_fit,83,1.0,-0.6087455360455861,0.42,0.4962228517469311
nfix,supermat,NTP,100,intercept_fit,84,1.0,-0.8258558075148678,0.38,0.4962228517469311
nfix,supermat,NTP,100,intercept_fit,85,1.0,-0.8680105436009724,0.36,0.4962228517469311
nfix,supermat,NTP,100,intercept_fit,86,1.0,-1.0460814206749685,0.29,0.4962228517469311
nfix,supermat,NTP,100,intercept_fit,87,1.0,-0.8394387024188847,0.37,0.4962228517469311
nfix,supermat,NTP,100,intercept_fit,88,1.0,-0.20884801389842653,0.49,0.4962228517469311
nfix,supermat,NTP,100,intercept_fit,89,1.0,-0.18804536536017058,0.54,0.4962228517469311
nfix,supermat,NTP,100,intercept_fit,90,1.0,-1.1066876624732718,0.27,0.4962228517469311
nfix,supermat,NTP,100,intercept_fit,91,1.0,-0.7847974497168432,0.4,0.4962228517469311
nfix,supermat,NTP,100,intercept_fit,92,1.0,-0.6737686246493678,0.42,0.4962228517469311
nfix,supermat,NTP,100,intercept_fit,93,1.0,-1.0497592767656616,0.29,0.4962228517469311
nfix,supermat,NTP,100,intercept_fit,94,1.0,-0.7690667862434618,0.34,0.4962228517469311
nfix,supermat,NTP,100,intercept_fit,95,1.0,-1.1554562259278225,0.28,0.4962228517469311
nfix,supermat,NTP,100,intercept_fit,96,1.0,-0.4591765022291571,0.4,0.4962228517469311
nfix,supermat,NTP,100,intercept_fit,97,1.0,-1.1811597245008536,0.28,0.4962228517469311
nfix,supermat,NTP,100,intercept_fit,98,1.0,-1.2067507405808713,0.24,0.4962228517469311
nfix,supermat,NTP,100,intercept_fit,99,1.0,-0.43991151607064616,0.46,0.4962228517469311
nfix,supermat,Probe,250,intercept_fit,0,1.0,-2.23237168595103,0.228,0.4962228517469311
nfix,supermat,Probe,250,intercept_fit,1,1.0,-2.326760048454882,0.24,0.4962228517469311
nfix,supermat,Probe,250,intercept_fit,2,1.0,-1.0027560457321014,0.36,0.4962228517469311
nfix,supermat,Probe,250,intercept_fit,3,1.0,-0.9146488535290218,0.46,0.4962228517469311
nfix,supermat,Probe,250,intercept_fit,4,1.0,-1.5292902739513499,0.328,0.4962228517469311
nfix,supermat,Probe,250,intercept_fit,5,1.0,-1.3503045297635738,0.38,0.4962228517469311
nfix,supermat,Probe,250,intercept_fit,6,1.0,-1.9370984355046932,0.3,0.4962228517469311
nfix,supermat,Probe,250,intercept_fit,7,1.0,-1.1469227330067797,0.392,0.4962228517469311
nfix,supermat,Probe,250,intercept_fit,8,1.0,-2.0337900731957945,0.264,0.4962228517469311
nfix,supermat,Probe,250,intercept_fit,9,1.0,-1.1291252386432262,0.384,0.4962228517469311
nfix,supermat,Probe,250,intercept_fit,10,1.0,-2.3381374812530735,0.24,0.4962228517469311
nfix,supermat,Probe,250,intercept_fit,11,1.0,-0.7391129263844346,0.444,0.4962228517469311
nfix,supermat,Probe,250,intercept_fit,12,1.0,-1.9026715045421676,0.34,0.4962228517469311
nfix,supermat,Probe,250,intercept_fit,13,1.0,-1.3446978716786293,0.356,0.4962228517469311
nfix,supermat,Probe,250,intercept_fit,14,1.0,-2.1995809829222397,0.28,0.4962228517469311
nfix,supermat,Probe,250,intercept_fit,15,1.0,-0.9650418952029873,0.504,0.4962228517469311
nfix,supermat,Probe,250,intercept_fit,16,1.0,-1.4996253842063876,0.356,0.4962228517469311
nfix,supermat,Probe,250,intercept_fit,17,1.0,-1.794186518650274,0.28,0.4962228517469311
nfix,supermat,Probe,250,intercept_fit,18,1.0,-1.8124690526545983,0.292,0.4962228517469311
nfix,supermat,Probe,250,intercept_fit,19,1.0,-1.3108141195242682,0.356,0.4962228517469311
nfix,supermat,Probe,250,intercept_fit,20,1.0,-1.2345349126256309,0.364,0.4962228517469311
nfix,supermat,Probe,250,intercept_fit,21,1.0,-2.0710638689841456,0.256,0.4962228517469311
nfix,supermat,Probe,250,intercept_fit,22,1.0,-1.684000486602716,0.312,0.4962228517469311
nfix,supermat,Probe,250,intercept_fit,23,1.0,-1.8028268734293615,0.296,0.4962228517469311
nfix,supermat,Probe,250,intercept_fit,24,1.0,-1.0143421471637688,0.368,0.4962228517469311
nfix,supermat,Probe,250,intercept_fit,25,1.0,-1.369699607936768,0.416,0.4962228517469311
nfix,supermat,Probe,250,intercept_fit,26,1.0,-1.9125589687418005,0.292,0.4962228517469311
nfix,supermat,Probe,250,intercept_fit,27,1.0,-1.0796198501347831,0.424,0.4962228517469311
nfix,supermat,Probe,250,intercept_fit,28,1.0,-1.7347968509647067,0.34,0.4962228517469311
nfix,supermat,Probe,250,intercept_fit,29,1.0,-2.17764926991625,0.28,0.4962228517469311
nfix,supermat,Probe,250,intercept_fit,30,1.0,-1.1022780588577328,0.4,0.4962228517469311
nfix,supermat,Probe,250,intercept_fit,31,1.0,-1.05170684629304,0.384,0.4962228517469311
nfix,supermat,Probe,250,intercept_fit,32,1.0,-2.3259563923879156,0.26,0.4962228517469311
nfix,supermat,Probe,250,intercept_fit,33,1.0,-0.9450205942543197,0.432,0.4962228517469311
nfix,supermat,Probe,250,intercept_fit,34,1.0,-0.9136995207001557,0.392,0.4962228517469311
nfix,supermat,Probe,250,intercept_fit,35,1.0,-1.0173295474605708,0.42,0.4962228517469311
nfix,supermat,Probe,250,intercept_fit,36,1.0,-2.036007828555801,0.256,0.4962228517469311
nfix,supermat,Probe,250,intercept_fit,37,1.0,-1.7304400125632768,0.324,0.4962228517469311
nfix,supermat,Probe,250,intercept_fit,38,1.0,-2.278034907027997,0.252,0.4962228517469311
nfix,supermat,Probe,250,intercept_fit,39,1.0,-1.6259253897143575,0.344,0.4962228517469311
nfix,supermat,Probe,250,intercept_fit,40,1.0,-1.1868451435381657,0.388,0.4962228517469311
nfix,supermat,Probe,250,intercept_fit,41,1.0,-0.8539391478179056,0.468,0.4962228517469311
nfix,supermat,Probe,250,intercept_fit,42,1.0,-2.3106111225172397,0.272,0.4962228517469311
nfix,supermat,Probe,250,intercept_fit,43,1.0,-1.6082039242895956,0.324,0.4962228517469311
nfix,supermat,Probe,250,intercept_fit,44,1.0,-0.8565174716722241,0.488,0.4962228517469311
nfix,supermat,Probe,250,intercept_fit,45,1.0,-2.141731141456257,0.256,0.4962228517469311
nfix,supermat,Probe,250,intercept_fit,46,1.0,-1.732125501292393,0.284,0.4962228517469311
nfix,supermat,Probe,250,intercept_fit,47,1.0,-1.272306743882721,0.416,0.4962228517469311
nfix,supermat,Probe,250,intercept_fit,48,1.0,-1.4412391796437372,0.384,0.4962228517469311
nfix,supermat,Probe,250,intercept_fit,49,1.0,-2.2756635815119335,0.272,0.4962228517469311
nfix,supermat,Probe,250,intercept_fit,50,1.0,-2.174540182680716,0.264,0.4962228517469311
nfix,supermat,Probe,250,intercept_fit,51,1.0,-1.1232560765050192,0.372,0.4962228517469311
nfix,supermat,Probe,250,intercept_fit,52,1.0,-2.132544719247605,0.288,0.4962228517469311
nfix,supermat,Probe,250,intercept_fit,53,1.0,-2.9187723257810667,0.18,0.4962228517469311
nfix,supermat,Probe,250,intercept_fit,54,1.0,-1.0304719713453436,0.372,0.4962228517469311
nfix,supermat,Probe,250,intercept_fit,55,1.0,-1.39742457524365,0.368,0.4962228517469311
nfix,supermat,Probe,250,intercept_fit,56,1.0,-1.6394251421262005,0.336,0.4962228517469311
nfix,supermat,Probe,250,intercept_fit,57,1.0,-1.8463232370053293,0.296,0.4962228517469311
nfix,supermat,Probe,250,intercept_fit,58,1.0,-2.07296330566006,0.268,0.4962228517469311
nfix,supermat,Probe,250,intercept_fit,59,1.0,-2.159111356389006,0.288,0.4962228517469311
nfix,supermat,Probe,250,intercept_fit,60,1.0,-2.141609631555556,0.264,0.4962228517469311
nfix,supermat,Probe,250,intercept_fit,61,1.0,-1.5442471292012552,0.332,0.4962228517469311
nfix,supermat,Probe,250,intercept_fit,62,1.0,-1.5408799023891933,0.352,0.4962228517469311
nfix,supermat,Probe,250,intercept_fit,63,1.0,-1.0863107743264282,0.424,0.4962228517469311
nfix,supermat,Probe,250,intercept_fit,64,1.0,-1.7835033249565793,0.316,0.4962228517469311
nfix,supermat,Probe,250,intercept_fit,65,1.0,-0.7140870771626563,0.508,0.4962228517469311
nfix,supermat,Probe,250,intercept_fit,66,1.0,-1.8240114645823808,0.316,0.4962228517469311
nfix,supermat,Probe,250,intercept_fit,67,1.0,-1.0802753506839915,0.424,0.4962228517469311
nfix,supermat,Probe,250,intercept_fit,68,1.0,-1.7291389117603047,0.3,0.4962228517469311
nfix,supermat,Probe,250,intercept_fit,69,1.0,-2.398264833014014,0.236,0.4962228517469311
nfix,supermat,Probe,250,intercept_fit,70,1.0,-2.607112908208296,0.208,0.4962228517469311
nfix,supermat,Probe,250,intercept_fit,71,1.0,-0.6561332802537696,0.496,0.4962228517469311
nfix,supermat,Probe,250,intercept_fit,72,1.0,-1.2339593479311348,0.408,0.4962228517469311
nfix,supermat,Probe,250,intercept_fit,73,1.0,-0.7203600987553557,0.476,0.4962228517469311
nfix,supermat,Probe,250,intercept_fit,74,1.0,-0.8333140020742348,0.424,0.4962228517469311
nfix,supermat,Probe,250,intercept_fit,75,1.0,-2.6017427238468875,0.228,0.4962228517469311
nfix,supermat,Probe,250,intercept_fit,76,1.0,-1.5285246586350085,0.324,0.4962228517469311
nfix,supermat,Probe,250,intercept_fit,77,1.0,-1.8777859374688197,0.268,0.4962228517469311
nfix,supermat,Probe,250,intercept_fit,78,1.0,-1.9038569180347702,0.272,0.4962228517469311
nfix,supermat,Probe,250,intercept_fit,79,1.0,-1.803623053918364,0.328,0.4962228517469311
nfix,supermat,Probe,250,intercept_fit,80,1.0,-1.7851706985097513,0.328,0.4962228517469311
nfix,supermat,Probe,250,intercept_fit,81,1.0,-0.467392263639597,0.492,0.4962228517469311
nfix,supermat,Probe,250,intercept_fit,82,1.0,-1.4931604328268229,0.34,0.4962228517469311
nfix,supermat,Probe,250,intercept_fit,83,1.0,-1.046589721162458,0.404,0.4962228517469311
nfix,supermat,Probe,250,intercept_fit,84,1.0,-1.3383146498389722,0.392,0.4962228517469311
nfix,supermat,Probe,250,intercept_fit,85,1.0,-1.0341705663737368,0.444,0.4962228517469311
nfix,supermat,Probe,250,intercept_fit,86,1.0,-1.9097859329366291,0.284,0.4962228517469311
nfix,supermat,Probe,250,intercept_fit,87,1.0,-1.0001314209076875,0.424,0.4962228517469311
nfix,supermat,Probe,250,intercept_fit,88,1.0,-1.3175782808609258,0.38,0.4962228517469311
nfix,supermat,Probe,250,intercept_fit,89,1.0,-1.243190658531541,0.428,0.4962228517469311
nfix,supermat,Probe,250,intercept_fit,90,1.0,-1.77378312133192,0.292,0.4962228517469311
nfix,supermat,Probe,250,intercept_fit,91,1.0,-0.578462023476246,0.396,0.4962228517469311
nfix,supermat,Probe,250,intercept_fit,92,1.0,-0.42698529567475224,0.42,0.4962228517469311
nfix,supermat,Probe,250,intercept_fit,93,1.0,-1.442850976407243,0.336,0.4962228517469311
nfix,supermat,Probe,250,intercept_fit,94,1.0,-1.6900738033089042,0.32,0.4962228517469311
nfix,supermat,Probe,250,intercept_fit,95,1.0,-2.2095954918743748,0.252,0.4962228517469311
nfix,supermat,Probe,250,intercept_fit,96,1.0,-1.2615415159741572,0.384,0.4962228517469311
nfix,supermat,Probe,250,intercept_fit,97,1.0,-1.7067928785073032,0.316,0.4962228517469311
nfix,supermat,Probe,250,intercept_fit,98,1.0,-2.5497922665511847,0.22,0.4962228517469311
nfix,supermat,Probe,250,intercept_fit,99,1.0,-0.7564198117247914,0.508,0.4962228517469311
nfix,supermat,NTP,250,intercept_fit,0,1.0,-1.3387842023003262,0.228,0.4962228517469311
nfix,supermat,NTP,250,intercept_fit,1,1.0,-1.2844230008006878,0.24,0.4962228517469311
nfix,supermat,NTP,250,intercept_fit,2,1.0,-0.830578200244106,0.36,0.4962228517469311
nfix,supermat,NTP,250,intercept_fit,3,1.0,-0.34945915683267537,0.46,0.4962228517469311
nfix,supermat,NTP,250,intercept_fit,4,1.0,-0.9528617935258351,0.328,0.4962228517469311
nfix,supermat,NTP,250,intercept_fit,5,1.0,-0.7328699872787606,0.38,0.4962228517469311
nfix,supermat,NTP,250,intercept_fit,6,1.0,-1.0392817413533246,0.3,0.4962228517469311
nfix,supermat,NTP,250,intercept_fit,7,1.0,-0.6572113090782717,0.392,0.4962228517469311
nfix,supermat,NTP,250,intercept_fit,8,1.0,-1.1851761198195214,0.264,0.4962228517469311
nfix,supermat,NTP,250,intercept_fit,9,1.0,-0.6352897718936642,0.384,0.4962228517469311
nfix,supermat,NTP,250,intercept_fit,10,1.0,-1.272951603215138,0.24,0.4962228517469311
nfix,supermat,NTP,250,intercept_fit,11,1.0,-0.4712357848197108,0.444,0.4962228517469311
nfix,supermat,NTP,250,intercept_fit,12,1.0,-0.9039301610268494,0.34,0.4962228517469311
nfix,supermat,NTP,250,intercept_fit,13,1.0,-0.9979594066534502,0.356,0.4962228517469311
nfix,supermat,NTP,250,intercept_fit,14,1.0,-1.2209139937863567,0.28,0.4962228517469311
nfix,supermat,NTP,250,intercept_fit,15,1.0,-0.28178685175442586,0.504,0.4962228517469311
nfix,supermat,NTP,250,intercept_fit,16,1.0,-0.7539032690231077,0.356,0.4962228517469311
nfix,supermat,NTP,250,intercept_fit,17,1.0,-1.166262445269777,0.28,0.4962228517469311
nfix,supermat,NTP,250,intercept_fit,18,1.0,-1.1034369988551405,0.292,0.4962228517469311
nfix,supermat,NTP,250,intercept_fit,19,1.0,-0.968723314695396,0.356,0.4962228517469311
nfix,supermat,NTP,250,intercept_fit,20,1.0,-0.9085707012671415,0.364,0.4962228517469311
nfix,supermat,NTP,250,intercept_fit,21,1.0,-1.2471304744234064,0.256,0.4962228517469311
nfix,supermat,NTP,250,intercept_fit,22,1.0,-1.108088563008733,0.312,0.4962228517469311
nfix,supermat,NTP,250,intercept_fit,23,1.0,-1.0539060832443308,0.296,0.4962228517469311
nfix,supermat,NTP,250,intercept_fit,24,1.0,-0.714649764026189,0.368,0.4962228517469311
nfix,supermat,NTP,250,intercept_fit,25,1.0,-0.6410119743660911,0.416,0.4962228517469311
nfix,supermat,NTP,250,intercept_fit,26,1.0,-1.0279850554990888,0.292,0.4962228517469311
nfix,supermat,NTP,250,intercept_fit,27,1.0,-0.6254783294062414,0.424,0.4962228517469311
nfix,supermat,NTP,250,intercept_fit,28,1.0,-0.8328201194892967,0.34,0.4962228517469311
nfix,supermat,NTP,250,intercept_fit,29,1.0,-1.165138974858838,0.28,0.4962228517469311
nfix,supermat,NTP,250,intercept_fit,30,1.0,-0.6420993151033438,0.4,0.4962228517469311
nfix,supermat,NTP,250,intercept_fit,31,1.0,-0.6946796477829994,0.384,0.4962228517469311
nfix,supermat,NTP,250,intercept_fit,32,1.0,-1.2684174450859527,0.26,0.4962228517469311
nfix,supermat,NTP,250,intercept_fit,33,1.0,-0.7178686701635336,0.432,0.4962228517469311
nfix,supermat,NTP,250,intercept_fit,34,1.0,-0.6001638063610486,0.392,0.4962228517469311
nfix,supermat,NTP,250,intercept_fit,35,1.0,-0.7133076627523504,0.42,0.4962228517469311
nfix,supermat,NTP,250,intercept_fit,36,1.0,-1.2424430427289006,0.256,0.4962228517469311
nfix,supermat,NTP,250,intercept_fit,37,1.0,-0.9869076169852796,0.324,0.4962228517469311
nfix,supermat,NTP,250,intercept_fit,38,1.0,-1.300636625971685,0.252,0.4962228517469311
nfix,supermat,NTP,250,intercept_fit,39,1.0,-0.9059210919330032,0.344,0.4962228517469311
nfix,supermat,NTP,250,intercept_fit,40,1.0,-0.6622277828368495,0.388,0.4962228517469311
nfix,supermat,NTP,250,intercept_fit,41,1.0,-0.3801233563523645,0.468,0.4962228517469311
nfix,supermat,NTP,250,intercept_fit,42,1.0,-1.1675337523235845,0.272,0.4962228517469311
nfix,supermat,NTP,250,intercept_fit,43,1.0,-0.9957660027905453,0.324,0.4962228517469311
nfix,supermat,NTP,250,intercept_fit,44,1.0,-0.3606618054572279,0.488,0.4962228517469311
nfix,supermat,NTP,250,intercept_fit,45,1.0,-1.339888023364377,0.256,0.4962228517469311
nfix,supermat,NTP,250,intercept_fit,46,1.0,-1.1144358590198649,0.284,0.4962228517469311
nfix,supermat,NTP,250,intercept_fit,47,1.0,-0.5826292156916355,0.416,0.4962228517469311
nfix,supermat,NTP,250,intercept_fit,48,1.0,-0.742813503503738,0.384,0.4962228517469311
nfix,supermat,NTP,250,intercept_fit,49,1.0,-1.1479990279988657,0.272,0.4962228517469311
nfix,supermat,NTP,250,intercept_fit,50,1.0,-1.249250434930094,0.264,0.4962228517469311
nfix,supermat,NTP,250,intercept_fit,51,1.0,-0.7542563786946078,0.372,0.4962228517469311
nfix,supermat,NTP,250,intercept_fit,52,1.0,-1.2443241829112792,0.288,0.4962228517469311
nfix,supermat,NTP,250,intercept_fit,53,1.0,-1.5870717840260489,0.18,0.4962228517469311
nfix,supermat,NTP,250,intercept_fit,54,1.0,-0.8880185988822379,0.372,0.4962228517469311
nfix,supermat,NTP,250,intercept_fit,55,1.0,-0.7478247786495342,0.368,0.4962228517469311
nfix,supermat,NTP,250,intercept_fit,56,1.0,-0.9458573594310683,0.336,0.4962228517469311
nfix,supermat,NTP,250,intercept_fit,57,1.0,-1.146780240235492,0.296,0.4962228517469311
nfix,supermat,NTP,250,intercept_fit,58,1.0,-1.2641340398359708,0.268,0.4962228517469311
nfix,supermat,NTP,250,intercept_fit,59,1.0,-1.0744452362081753,0.288,0.4962228517469311
nfix,supermat,NTP,250,intercept_fit,60,1.0,-1.2700049412046852,0.264,0.4962228517469311
nfix,supermat,NTP,250,intercept_fit,61,1.0,-0.8972581431348073,0.332,0.4962228517469311
nfix,supermat,NTP,250,intercept_fit,62,1.0,-0.9177303843107889,0.352,0.4962228517469311
nfix,supermat,NTP,250,intercept_fit,63,1.0,-0.5073422146306591,0.424,0.4962228517469311
nfix,supermat,NTP,250,intercept_fit,64,1.0,-0.889229173902299,0.316,0.4962228517469311
nfix,supermat,NTP,250,intercept_fit,65,1.0,-0.26765215600970377,0.508,0.4962228517469311
nfix,supermat,NTP,250,intercept_fit,66,1.0,-0.9665240915197763,0.316,0.4962228517469311
nfix,supermat,NTP,250,intercept_fit,67,1.0,-0.5532344969563937,0.424,0.4962228517469311
nfix,supermat,NTP,250,intercept_fit,68,1.0,-1.0576817788465895,0.3,0.4962228517469311
nfix,supermat,NTP,250,intercept_fit,69,1.0,-1.253599179468872,0.236,0.4962228517469311
nfix,supermat,NTP,250,intercept_fit,70,1.0,-1.4940044365488394,0.208,0.4962228517469311
nfix,supermat,NTP,250,intercept_fit,71,1.0,-0.3125581043367504,0.496,0.4962228517469311
nfix,supermat,NTP,250,intercept_fit,72,1.0,-0.5258421095256045,0.408,0.4962228517469311
nfix,supermat,NTP,250,intercept_fit,73,1.0,-0.4216219242868699,0.476,0.4962228517469311
nfix,supermat,NTP,250,intercept_fit,74,1.0,-0.6079101377012461,0.424,0.4962228517469311
nfix,supermat,NTP,250,intercept_fit,75,1.0,-1.3065741681306093,0.228,0.4962228517469311
nfix,supermat,NTP,250,intercept_fit,76,1.0,-1.02900633698986,0.324,0.4962228517469311
nfix,supermat,NTP,250,intercept_fit,77,1.0,-1.1574311089950768,0.268,0.4962228517469311
nfix,supermat,NTP,250,intercept_fit,78,1.0,-1.3294382713008015,0.272,0.4962228517469311
nfix,supermat,NTP,250,intercept_fit,79,1.0,-1.0157041206398427,0.328,0.4962228517469311
nfix,supermat,NTP,250,intercept_fit,80,1.0,-0.878019396459923,0.328,0.4962228517469311
nfix,supermat,NTP,250,intercept_fit,81,1.0,-0.27638803541891105,0.492,0.4962228517469311
nfix,supermat,NTP,250,intercept_fit,82,1.0,-0.9246463439658056,0.34,0.4962228517469311
nfix,supermat,NTP,250,intercept_fit,83,1.0,-0.6792376267049166,0.404,0.4962228517469311
nfix,supermat,NTP,250,intercept_fit,84,1.0,-0.832514113177795,0.392,0.4962228517469311
nfix,supermat,NTP,250,intercept_fit,85,1.0,-0.4399801365568971,0.444,0.4962228517469311
nfix,supermat,NTP,250,intercept_fit,86,1.0,-1.1142110654589932,0.284,0.4962228517469311
nfix,supermat,NTP,250,intercept_fit,87,1.0,-0.5857541995515584,0.424,0.4962228517469311
nfix,supermat,NTP,250,intercept_fit,88,1.0,-0.7425355062971712,0.38,0.4962228517469311
nfix,supermat,NTP,250,intercept_fit,89,1.0,-0.5650661604405246,0.428,0.4962228517469311
nfix,supermat,NTP,250,intercept_fit,90,1.0,-1.0237576160862887,0.292,0.4962228517469311
nfix,supermat,NTP,250,intercept_fit,91,1.0,-0.6860768091919169,0.396,0.4962228517469311
nfix,supermat,NTP,250,intercept_fit,92,1.0,-0.6985743831199207,0.42,0.4962228517469311
nfix,supermat,NTP,250,intercept_fit,93,1.0,-0.9421965523229845,0.336,0.4962228517469311
nfix,supermat,NTP,250,intercept_fit,94,1.0,-0.9358946013891252,0.32,0.4962228517469311
nfix,supermat,NTP,250,intercept_fit,95,1.0,-1.2989759907662901,0.252,0.4962228517469311
nfix,supermat,NTP,250,intercept_fit,96,1.0,-0.6733701472904908,0.384,0.4962228517469311
nfix,supermat,NTP,250,intercept_fit,97,1.0,-0.8438756744202468,0.316,0.4962228517469311
nfix,supermat,NTP,250,intercept_fit,98,1.0,-1.5171936850559928,0.22,0.4962228517469311
nfix,supermat,NTP,250,intercept_fit,99,1.0,-0.32212853858584234,0.508,0.4962228517469311
nfix,supermat,Probe,500,intercept_fit,0,1.0,-2.6019570087537938,0.204,0.4962228517469311
nfix,supermat,Probe,500,intercept_fit,1,1.0,-2.3174201705856885,0.236,0.4962228517469311
nfix,supermat,Probe,500,intercept_fit,2,1.0,-1.2338525143061858,0.326,0.4962228517469311
nfix,supermat,Probe,500,intercept_fit,3,1.0,-1.3686523575785237,0.368,0.4962228517469311
nfix,supermat,Probe,500,intercept_fit,4,1.0,-1.5363955026664657,0.334,0.4962228517469311
nfix,supermat,Probe,500,intercept_fit,5,1.0,-1.446991482275532,0.342,0.4962228517469311
nfix,supermat,Probe,500,intercept_fit,6,1.0,-2.320597515156745,0.254,0.4962228517469311
nfix,supermat,Probe,500,intercept_fit,7,1.0,-1.2288715976029931,0.366,0.4962228517469311
nfix,supermat,Probe,500,intercept_fit,8,1.0,-2.0837421913608885,0.246,0.4962228517469311
nfix,supermat,Probe,500,intercept_fit,9,1.0,-1.2834292632555928,0.364,0.4962228517469311
nfix,supermat,Probe,500,intercept_fit,10,1.0,-2.2178354226827595,0.242,0.4962228517469311
nfix,supermat,Probe,500,intercept_fit,11,1.0,-0.9577713144767606,0.404,0.4962228517469311
nfix,supermat,Probe,500,intercept_fit,12,1.0,-1.4323711827991217,0.41,0.4962228517469311
nfix,supermat,Probe,500,intercept_fit,13,1.0,-1.2478836908135176,0.372,0.4962228517469311
nfix,supermat,Probe,500,intercept_fit,14,1.0,-2.1641178762555926,0.262,0.4962228517469311
nfix,supermat,Probe,500,intercept_fit,15,1.0,-0.8350091285122073,0.52,0.4962228517469311
nfix,supermat,Probe,500,intercept_fit,16,1.0,-1.4608647415732707,0.342,0.4962228517469311
nfix,supermat,Probe,500,intercept_fit,17,1.0,-1.659047952287908,0.28,0.4962228517469311
nfix,supermat,Probe,500,intercept_fit,18,1.0,-1.6584937044045076,0.324,0.4962228517469311
nfix,supermat,Probe,500,intercept_fit,19,1.0,-0.8663471147707568,0.406,0.4962228517469311
nfix,supermat,Probe,500,intercept_fit,20,1.0,-1.1533299877492311,0.388,0.4962228517469311
nfix,supermat,Probe,500,intercept_fit,21,1.0,-1.8456375864667534,0.286,0.4962228517469311
nfix,supermat,Probe,500,intercept_fit,22,1.0,-2.224707214177607,0.226,0.4962228517469311
nfix,supermat,Probe,500,intercept_fit,23,1.0,-1.6028607565880637,0.344,0.4962228517469311
nfix,supermat,Probe,500,intercept_fit,24,1.0,-1.1848617209439265,0.33,0.4962228517469311
nfix,supermat,Probe,500,intercept_fit,25,1.0,-1.4305540342770757,0.402,0.4962228517469311
nfix,supermat,Probe,500,intercept_fit,26,1.0,-1.790732812110812,0.34,0.4962228517469311
nfix,supermat,Probe,500,intercept_fit,27,1.0,-0.9734165433106073,0.426,0.4962228517469311
nfix,supermat,Probe,500,intercept_fit,28,1.0,-1.5935642550577884,0.378,0.4962228517469311
nfix,supermat,Probe,500,intercept_fit,29,1.0,-2.547328613310264,0.238,0.4962228517469311
nfix,supermat,Probe,500,intercept_fit,30,1.0,-1.620811866598753,0.328,0.4962228517469311
nfix,supermat,Probe,500,intercept_fit,31,1.0,-1.2797993401356762,0.32,0.4962228517469311
nfix,supermat,Probe,500,intercept_fit,32,1.0,-2.1388854016847927,0.298,0.4962228517469311
nfix,supermat,Probe,500,intercept_fit,33,1.0,-1.0100312126274964,0.428,0.4962228517469311
nfix,supermat,Probe,500,intercept_fit,34,1.0,-1.340154381311138,0.37,0.4962228517469311
nfix,supermat,Probe,500,intercept_fit,35,1.0,-0.9459275009885568,0.402,0.4962228517469311
nfix,supermat,Probe,500,intercept_fit,36,1.0,-1.7304578928368242,0.27,0.4962228517469311
nfix,supermat,Probe,500,intercept_fit,37,1.0,-1.7357521359078056,0.334,0.4962228517469311
nfix,supermat,Probe,500,intercept_fit,38,1.0,-2.5754540236738204,0.2,0.4962228517469311
nfix,supermat,Probe,500,intercept_fit,39,1.0,-1.6050222575233433,0.342,0.4962228517469311
nfix,supermat,Probe,500,intercept_fit,40,1.0,-1.3818455137441534,0.374,0.4962228517469311
nfix,supermat,Probe,500,intercept_fit,41,1.0,-0.8362109499464867,0.478,0.4962228517469311
nfix,supermat,Probe,500,intercept_fit,42,1.0,-2.1628556408705126,0.298,0.4962228517469311
nfix,supermat,Probe,500,intercept_fit,43,1.0,-1.877005987258711,0.28,0.4962228517469311
nfix,supermat,Probe,500,intercept_fit,44,1.0,-0.9317883599774897,0.442,0.4962228517469311
nfix,supermat,Probe,500,intercept_fit,45,1.0,-2.1321626332234835,0.248,0.4962228517469311
nfix,supermat,Probe,500,intercept_fit,46,1.0,-1.8689700120530794,0.266,0.4962228517469311
nfix,supermat,Probe,500,intercept_fit,47,1.0,-1.066376129159992,0.458,0.4962228517469311
nfix,supermat,Probe,500,intercept_fit,48,1.0,-1.6033805972615836,0.364,0.4962228517469311
nfix,supermat,Probe,500,intercept_fit,49,1.0,-1.995425474303792,0.292,0.4962228517469311
nfix,supermat,Probe,500,intercept_fit,50,1.0,-2.2373625774132786,0.252,0.4962228517469311
nfix,supermat,Probe,500,intercept_fit,51,1.0,-1.0861417147852732,0.354,0.4962228517469311
nfix,supermat,Probe,500,intercept_fit,52,1.0,-2.2015565607858107,0.288,0.4962228517469311
nfix,supermat,Probe,500,intercept_fit,53,1.0,-2.3720887094367784,0.25,0.4962228517469311
nfix,supermat,Probe,500,intercept_fit,54,1.0,-0.8424569535786154,0.406,0.4962228517469311
nfix,supermat,Probe,500,intercept_fit,55,1.0,-1.7656206658478928,0.314,0.4962228517469311
nfix,supermat,Probe,500,intercept_fit,56,1.0,-1.753416224895915,0.308,0.4962228517469311
nfix,supermat,Probe,500,intercept_fit,57,1.0,-2.0005988478150556,0.266,0.4962228517469311
nfix,supermat,Probe,500,intercept_fit,58,1.0,-1.9810870782243493,0.316,0.4962228517469311
nfix,supermat,Probe,500,intercept_fit,59,1.0,-2.012683783461713,0.294,0.4962228517469311
nfix,supermat,Probe,500,intercept_fit,60,1.0,-2.1528004033952866,0.25,0.4962228517469311
nfix,supermat,Probe,500,intercept_fit,61,1.0,-1.5447003981606504,0.324,0.4962228517469311
nfix,supermat,Probe,500,intercept_fit,62,1.0,-1.8218430795842164,0.32,0.4962228517469311
nfix,supermat,Probe,500,intercept_fit,63,1.0,-0.9678082922424379,0.44,0.4962228517469311
nfix,supermat,Probe,500,intercept_fit,64,1.0,-1.4201633600312502,0.362,0.4962228517469311
nfix,supermat,Probe,500,intercept_fit,65,1.0,-0.7764900906173171,0.486,0.4962228517469311
nfix,supermat,Probe,500,intercept_fit,66,1.0,-1.9284755441592771,0.302,0.4962228517469311
nfix,supermat,Probe,500,intercept_fit,67,1.0,-1.070247730093246,0.434,0.4962228517469311
nfix,supermat,Probe,500,intercept_fit,68,1.0,-1.841709595003194,0.292,0.4962228517469311
nfix,supermat,Probe,500,intercept_fit,69,1.0,-2.206051922687142,0.25,0.4962228517469311
nfix,supermat,Probe,500,intercept_fit,70,1.0,-2.375250732717376,0.222,0.4962228517469311
nfix,supermat,Probe,500,intercept_fit,71,1.0,-0.5508486024451162,0.518,0.4962228517469311
nfix,supermat,Probe,500,intercept_fit,72,1.0,-1.3001949268137776,0.372,0.4962228517469311
nfix,supermat,Probe,500,intercept_fit,73,1.0,-0.742145111261338,0.468,0.4962228517469311
nfix,supermat,Probe,500,intercept_fit,74,1.0,-1.242706257999643,0.312,0.4962228517469311
nfix,supermat,Probe,500,intercept_fit,75,1.0,-2.7314697922271627,0.212,0.4962228517469311
nfix,supermat,Probe,500,intercept_fit,76,1.0,-1.5472626739750333,0.332,0.4962228517469311
nfix,supermat,Probe,500,intercept_fit,77,1.0,-1.9808630076141562,0.244,0.4962228517469311
nfix,supermat,Probe,500,intercept_fit,78,1.0,-1.6123968859016609,0.316,0.4962228517469311
nfix,supermat,Probe,500,intercept_fit,79,1.0,-1.8079138618689867,0.33,0.4962228517469311
nfix,supermat,Probe,500,intercept_fit,80,1.0,-1.5540207188651651,0.33,0.4962228517469311
nfix,supermat,Probe,500,intercept_fit,81,1.0,-0.8701580951331789,0.414,0.4962228517469311
nfix,supermat,Probe,500,intercept_fit,82,1.0,-1.498267783787623,0.322,0.4962228517469311
nfix,supermat,Probe,500,intercept_fit,83,1.0,-1.1340720265501751,0.426,0.4962228517469311
nfix,supermat,Probe,500,intercept_fit,84,1.0,-1.397185765613309,0.386,0.4962228517469311
nfix,supermat,Probe,500,intercept_fit,85,1.0,-1.2841005696557444,0.378,0.4962228517469311
nfix,supermat,Probe,500,intercept_fit,86,1.0,-1.7483743325413432,0.312,0.4962228517469311
nfix,supermat,Probe,500,intercept_fit,87,1.0,-0.9840554771640749,0.432,0.4962228517469311
nfix,supermat,Probe,500,intercept_fit,88,1.0,-1.1635674948290422,0.406,0.4962228517469311
nfix,supermat,Probe,500,intercept_fit,89,1.0,-1.117109778906408,0.46,0.4962228517469311
nfix,supermat,Probe,500,intercept_fit,90,1.0,-1.6243889407861507,0.314,0.4962228517469311
nfix,supermat,Probe,500,intercept_fit,91,1.0,-0.5884578819070395,0.428,0.4962228517469311
nfix,supermat,Probe,500,intercept_fit,92,1.0,-0.4891329422336411,0.442,0.4962228517469311
nfix,supermat,Probe,500,intercept_fit,93,1.0,-1.6641464357716067,0.32,0.4962228517469311
nfix,supermat,Probe,500,intercept_fit,94,1.0,-1.8057849039229015,0.29,0.4962228517469311
nfix,supermat,Probe,500,intercept_fit,95,1.0,-2.2272281104243583,0.25,0.4962228517469311
nfix,supermat,Probe,500,intercept_fit,96,1.0,-1.306427272172169,0.376,0.4962228517469311
nfix,supermat,Probe,500,intercept_fit,97,1.0,-1.7580694123895233,0.316,0.4962228517469311
nfix,supermat,Probe,500,intercept_fit,98,1.0,-2.222092673808707,0.276,0.4962228517469311
nfix,supermat,Probe,500,intercept_fit,99,1.0,-0.8674365898923597,0.494,0.4962228517469311
nfix,supermat,NTP,500,intercept_fit,0,1.0,-1.6006654502038322,0.204,0.4962228517469311
nfix,supermat,NTP,500,intercept_fit,1,1.0,-1.3250374530733011,0.236,0.4962228517469311
nfix,supermat,NTP,500,intercept_fit,2,1.0,-0.9453860064404273,0.326,0.4962228517469311
nfix,supermat,NTP,500,intercept_fit,3,1.0,-0.7750848086170464,0.368,0.4962228517469311
nfix,supermat,NTP,500,intercept_fit,4,1.0,-0.9338687884828428,0.334,0.4962228517469311
nfix,supermat,NTP,500,intercept_fit,5,1.0,-0.8405165461548052,0.342,0.4962228517469311
nfix,supermat,NTP,500,intercept_fit,6,1.0,-1.1515026929688619,0.254,0.4962228517469311
nfix,supermat,NTP,500,intercept_fit,7,1.0,-0.7515091281083506,0.366,0.4962228517469311
nfix,supermat,NTP,500,intercept_fit,8,1.0,-1.2951161023319224,0.246,0.4962228517469311
nfix,supermat,NTP,500,intercept_fit,9,1.0,-0.7514733573014672,0.364,0.4962228517469311
nfix,supermat,NTP,500,intercept_fit,10,1.0,-1.2662647517993593,0.242,0.4962228517469311
nfix,supermat,NTP,500,intercept_fit,11,1.0,-0.7342587052498271,0.404,0.4962228517469311
nfix,supermat,NTP,500,intercept_fit,12,1.0,-0.4980409352885123,0.41,0.4962228517469311
nfix,supermat,NTP,500,intercept_fit,13,1.0,-0.9025085147684919,0.372,0.4962228517469311
nfix,supermat,NTP,500,intercept_fit,14,1.0,-1.234973725254107,0.262,0.4962228517469311
nfix,supermat,NTP,500,intercept_fit,15,1.0,-0.26097252263284276,0.52,0.4962228517469311
nfix,supermat,NTP,500,intercept_fit,16,1.0,-0.8252005337767164,0.342,0.4962228517469311
nfix,supermat,NTP,500,intercept_fit,17,1.0,-1.1230802553565185,0.28,0.4962228517469311
nfix,supermat,NTP,500,intercept_fit,18,1.0,-0.9858126475970965,0.324,0.4962228517469311
nfix,supermat,NTP,500,intercept_fit,19,1.0,-0.6731074670027074,0.406,0.4962228517469311
nfix,supermat,NTP,500,intercept_fit,20,1.0,-0.7725391589405151,0.388,0.4962228517469311
nfix,supermat,NTP,500,intercept_fit,21,1.0,-1.0388058613103839,0.286,0.4962228517469311
nfix,supermat,NTP,500,intercept_fit,22,1.0,-1.4836558603842847,0.226,0.4962228517469311
nfix,supermat,NTP,500,intercept_fit,23,1.0,-0.842422137273782,0.344,0.4962228517469311
nfix,supermat,NTP,500,intercept_fit,24,1.0,-0.9141964032689386,0.33,0.4962228517469311
nfix,supermat,NTP,500,intercept_fit,25,1.0,-0.6825178046595599,0.402,0.4962228517469311
nfix,supermat,NTP,500,intercept_fit,26,1.0,-0.7940436914318019,0.34,0.4962228517469311
nfix,supermat,NTP,500,intercept_fit,27,1.0,-0.47171456084627006,0.426,0.4962228517469311
nfix,supermat,NTP,500,intercept_fit,28,1.0,-0.7195813625409849,0.378,0.4962228517469311
nfix,supermat,NTP,500,intercept_fit,29,1.0,-1.323410428309747,0.238,0.4962228517469311
nfix,supermat,NTP,500,intercept_fit,30,1.0,-0.8975052316199607,0.328,0.4962228517469311
nfix,supermat,NTP,500,intercept_fit,31,1.0,-0.9614597359357031,0.32,0.4962228517469311
nfix,supermat,NTP,500,intercept_fit,32,1.0,-1.0748295780278054,0.298,0.4962228517469311
nfix,supermat,NTP,500,intercept_fit,33,1.0,-0.6808337945812835,0.428,0.4962228517469311
nfix,supermat,NTP,500,intercept_fit,34,1.0,-0.7532952867890818,0.37,0.4962228517469311
nfix,supermat,NTP,500,intercept_fit,35,1.0,-0.8237445676194829,0.402,0.4962228517469311
nfix,supermat,NTP,500,intercept_fit,36,1.0,-1.1823059334186494,0.27,0.4962228517469311
nfix,supermat,NTP,500,intercept_fit,37,1.0,-0.8991673179193065,0.334,0.4962228517469311
nfix,supermat,NTP,500,intercept_fit,38,1.0,-1.516757419782354,0.2,0.4962228517469311
nfix,supermat,NTP,500,intercept_fit,39,1.0,-0.9504293646891387,0.342,0.4962228517469311
nfix,supermat,NTP,500,intercept_fit,40,1.0,-0.7036681048530053,0.374,0.4962228517469311
nfix,supermat,NTP,500,intercept_fit,41,1.0,-0.3630618555605187,0.478,0.4962228517469311
nfix,supermat,NTP,500,intercept_fit,42,1.0,-1.0412001676633273,0.298,0.4962228517469311
nfix,supermat,NTP,500,intercept_fit,43,1.0,-1.1632349527631556,0.28,0.4962228517469311
nfix,supermat,NTP,500,intercept_fit,44,1.0,-0.5288475719872291,0.442,0.4962228517469311
nfix,supermat,NTP,500,intercept_fit,45,1.0,-1.3768850176732241,0.248,0.4962228517469311
nfix,supermat,NTP,500,intercept_fit,46,1.0,-1.2629731952084036,0.266,0.4962228517469311
nfix,supermat,NTP,500,intercept_fit,47,1.0,-0.44506383774544733,0.458,0.4962228517469311
nfix,supermat,NTP,500,intercept_fit,48,1.0,-0.8348560352633001,0.364,0.4962228517469311
nfix,supermat,NTP,500,intercept_fit,49,1.0,-1.0861547945005243,0.292,0.4962228517469311
nfix,supermat,NTP,500,intercept_fit,50,1.0,-1.2592502598155388,0.252,0.4962228517469311
nfix,supermat,NTP,500,intercept_fit,51,1.0,-0.8155071874934606,0.354,0.4962228517469311
nfix,supermat,NTP,500,intercept_fit,52,1.0,-1.1428987368734944,0.288,0.4962228517469311
nfix,supermat,NTP,500,intercept_fit,53,1.0,-1.2864331198012418,0.25,0.4962228517469311
nfix,supermat,NTP,500,intercept_fit,54,1.0,-0.7962877475440486,0.406,0.4962228517469311
nfix,supermat,NTP,500,intercept_fit,55,1.0,-1.0270923134955108,0.314,0.4962228517469311
nfix,supermat,NTP,500,intercept_fit,56,1.0,-1.0901860052617796,0.308,0.4962228517469311
nfix,supermat,NTP,500,intercept_fit,57,1.0,-1.1748379465991885,0.266,0.4962228517469311
nfix,supermat,NTP,500,intercept_fit,58,1.0,-0.9916714630241811,0.316,0.4962228517469311
nfix,supermat,NTP,500,intercept_fit,59,1.0,-1.113420781903607,0.294,0.4962228517469311
nfix,supermat,NTP,500,intercept_fit,60,1.0,-1.2597139050563702,0.25,0.4962228517469311
nfix,supermat,NTP,500,intercept_fit,61,1.0,-0.9907853735221072,0.324,0.4962228517469311
nfix,supermat,NTP,500,intercept_fit,62,1.0,-1.0004612680067182,0.32,0.4962228517469311
nfix,supermat,NTP,500,intercept_fit,63,1.0,-0.45889913277146527,0.44,0.4962228517469311
nfix,supermat,NTP,500,intercept_fit,64,1.0,-0.7896524911150239,0.362,0.4962228517469311
nfix,supermat,NTP,500,intercept_fit,65,1.0,-0.3722748220029434,0.486,0.4962228517469311
nfix,supermat,NTP,500,intercept_fit,66,1.0,-0.9698602361699799,0.302,0.4962228517469311
nfix,supermat,NTP,500,intercept_fit,67,1.0,-0.581750217322503,0.434,0.4962228517469311
nfix,supermat,NTP,500,intercept_fit,68,1.0,-1.1159853916839277,0.292,0.4962228517469311
nfix,supermat,NTP,500,intercept_fit,69,1.0,-1.2957565923669978,0.25,0.4962228517469311
nfix,supermat,NTP,500,intercept_fit,70,1.0,-1.4366843122717794,0.222,0.4962228517469311
nfix,supermat,NTP,500,intercept_fit,71,1.0,-0.3176723032354285,0.518,0.4962228517469311
nfix,supermat,NTP,500,intercept_fit,72,1.0,-0.695589389780287,0.372,0.4962228517469311
nfix,supermat,NTP,500,intercept_fit,73,1.0,-0.4623633211667638,0.468,0.4962228517469311
nfix,supermat,NTP,500,intercept_fit,74,1.0,-1.0103916483433317,0.312,0.4962228517469311
nfix,supermat,NTP,500,intercept_fit,75,1.0,-1.467516123046426,0.212,0.4962228517469311
nfix,supermat,NTP,500,intercept_fit,76,1.0,-0.9426740153345714,0.332,0.4962228517469311
nfix,supermat,NTP,500,intercept_fit,77,1.0,-1.275397284955785,0.244,0.4962228517469311
nfix,supermat,NTP,500,intercept_fit,78,1.0,-1.0341074530086054,0.316,0.4962228517469311
nfix,supermat,NTP,500,intercept_fit,79,1.0,-0.9555298903286801,0.33,0.4962228517469311
nfix,supermat,NTP,500,intercept_fit,80,1.0,-0.8912971214386428,0.33,0.4962228517469311
nfix,supermat,NTP,500,intercept_fit,81,1.0,-0.6142018950126847,0.414,0.4962228517469311
nfix,supermat,NTP,500,intercept_fit,82,1.0,-0.978921076646027,0.322,0.4962228517469311
nfix,supermat,NTP,500,intercept_fit,83,1.0,-0.5743611937053056,0.426,0.4962228517469311
nfix,supermat,NTP,500,intercept_fit,84,1.0,-0.8761733527847113,0.386,0.4962228517469311
nfix,supermat,NTP,500,intercept_fit,85,1.0,-0.6857101574635047,0.378,0.4962228517469311
nfix,supermat,NTP,500,intercept_fit,86,1.0,-0.9603826369103676,0.312,0.4962228517469311
nfix,supermat,NTP,500,intercept_fit,87,1.0,-0.6217041366670495,0.432,0.4962228517469311
nfix,supermat,NTP,500,intercept_fit,88,1.0,-0.62201558283158,0.406,0.4962228517469311
nfix,supermat,NTP,500,intercept_fit,89,1.0,-0.3412890120008166,0.46,0.4962228517469311
nfix,supermat,NTP,500,intercept_fit,90,1.0,-0.9172493374480385,0.314,0.4962228517469311
nfix,supermat,NTP,500,intercept_fit,91,1.0,-0.6121240990077192,0.428,0.4962228517469311
nfix,supermat,NTP,500,intercept_fit,92,1.0,-0.553603013946063,0.442,0.4962228517469311
nfix,supermat,NTP,500,intercept_fit,93,1.0,-0.969526307503179,0.32,0.4962228517469311
nfix,supermat,NTP,500,intercept_fit,94,1.0,-1.0132192044543602,0.29,0.4962228517469311
nfix,supermat,NTP,500,intercept_fit,95,1.0,-1.293244892103479,0.25,0.4962228517469311
nfix,supermat,NTP,500,intercept_fit,96,1.0,-0.6627342393339593,0.376,0.4962228517469311
nfix,supermat,NTP,500,intercept_fit,97,1.0,-0.9996264059732997,0.316,0.4962228517469311
nfix,supermat,NTP,500,intercept_fit,98,1.0,-1.0945502376618772,0.276,0.4962228517469311
nfix,supermat,NTP,500,intercept_fit,99,1.0,-0.35030667321218206,0.494,0.4962228517469311
nfix,supermat,Probe,1000,intercept_fit,0,1.0,-2.591325620326218,0.211,0.4962228517469311
nfix,supermat,Probe,1000,intercept_fit,1,1.0,-2.5734526336303083,0.215,0.4962228517469311
nfix,supermat,Probe,1000,intercept_fit,2,1.0,-1.0549639352922382,0.36,0.4962228517469311
nfix,supermat,Probe,1000,intercept_fit,3,1.0,-1.2324056388700262,0.401,0.4962228517469311
nfix,supermat,Probe,1000,intercept_fit,4,1.0,-1.7069062905268215,0.305,0.4962228517469311
nfix,supermat,Probe,1000,intercept_fit,5,1.0,-1.5803125201237533,0.305,0.4962228517469311
nfix,supermat,Probe,1000,intercept_fit,6,1.0,-1.9676223852978936,0.294,0.4962228517469311
nfix,supermat,Probe,1000,intercept_fit,7,1.0,-1.1016657652851436,0.401,0.4962228517469311
nfix,supermat,Probe,1000,intercept_fit,8,1.0,-2.1110162692663645,0.252,0.4962228517469311
nfix,supermat,Probe,1000,intercept_fit,9,1.0,-1.3420500104665154,0.361,0.4962228517469311
nfix,supermat,Probe,1000,intercept_fit,10,1.0,-2.1289728038515894,0.259,0.4962228517469311
nfix,supermat,Probe,1000,intercept_fit,11,1.0,-0.8487300259747057,0.429,0.4962228517469311
nfix,supermat,Probe,1000,intercept_fit,12,1.0,-1.6970648004434319,0.359,0.4962228517469311
nfix,supermat,Probe,1000,intercept_fit,13,1.0,-1.187328603979806,0.377,0.4962228517469311
nfix,supermat,Probe,1000,intercept_fit,14,1.0,-2.102524493853535,0.293,0.4962228517469311
nfix,supermat,Probe,1000,intercept_fit,15,1.0,-0.7732288212302202,0.525,0.4962228517469311
nfix,supermat,Probe,1000,intercept_fit,16,1.0,-1.5480857271224087,0.345,0.4962228517469311
nfix,supermat,Probe,1000,intercept_fit,17,1.0,-1.747310930864205,0.262,0.4962228517469311
nfix,supermat,Probe,1000,intercept_fit,18,1.0,-1.706325515371752,0.307,0.4962228517469311
nfix,supermat,Probe,1000,intercept_fit,19,1.0,-0.9334750268776956,0.406,0.4962228517469311
nfix,supermat,Probe,1000,intercept_fit,20,1.0,-1.0992737471056002,0.392,0.4962228517469311
nfix,supermat,Probe,1000,intercept_fit,21,1.0,-1.8734636997378822,0.282,0.4962228517469311
nfix,supermat,Probe,1000,intercept_fit,22,1.0,-2.3162017512272004,0.221,0.4962228517469311
nfix,supermat,Probe,1000,intercept_fit,23,1.0,-1.744450132147355,0.309,0.4962228517469311
nfix,supermat,Probe,1000,intercept_fit,24,1.0,-1.25344540601327,0.337,0.4962228517469311
nfix,supermat,Probe,1000,intercept_fit,25,1.0,-1.517353656201599,0.376,0.4962228517469311
nfix,supermat,Probe,1000,intercept_fit,26,1.0,-1.78924662010596,0.328,0.4962228517469311
nfix,supermat,Probe,1000,intercept_fit,27,1.0,-0.9222156865212014,0.466,0.4962228517469311
nfix,supermat,Probe,1000,intercept_fit,28,1.0,-1.5264951566276124,0.386,0.4962228517469311
nfix,supermat,Probe,1000,intercept_fit,29,1.0,-2.4607278545515547,0.26,0.4962228517469311
nfix,supermat,Probe,1000,intercept_fit,30,1.0,-1.5522966860637177,0.339,0.4962228517469311
nfix,supermat,Probe,1000,intercept_fit,31,1.0,-1.077066272084962,0.353,0.4962228517469311
nfix,supermat,Probe,1000,intercept_fit,32,1.0,-2.288469433894837,0.275,0.4962228517469311
nfix,supermat,Probe,1000,intercept_fit,33,1.0,-1.0036099102552707,0.423,0.4962228517469311
nfix,supermat,Probe,1000,intercept_fit,34,1.0,-1.2809641286236686,0.377,0.4962228517469311
nfix,supermat,Probe,1000,intercept_fit,35,1.0,-0.9824927170872926,0.399,0.4962228517469311
nfix,supermat,Probe,1000,intercept_fit,36,1.0,-1.6950924485187093,0.292,0.4962228517469311
nfix,supermat,Probe,1000,intercept_fit,37,1.0,-1.7750379321272691,0.32,0.4962228517469311
nfix,supermat,Probe,1000,intercept_fit,38,1.0,-2.334854876397739,0.235,0.4962228517469311
nfix,supermat,Probe,1000,intercept_fit,39,1.0,-1.6349388838809067,0.326,0.4962228517469311
nfix,supermat,Probe,1000,intercept_fit,40,1.0,-1.3489422141923824,0.371,0.4962228517469311
nfix,supermat,Probe,1000,intercept_fit,41,1.0,-0.8104720178228603,0.477,0.4962228517469311
nfix,supermat,Probe,1000,intercept_fit,42,1.0,-2.0537149956920007,0.313,0.4962228517469311
nfix,supermat,Probe,1000,intercept_fit,43,1.0,-1.8424808145459952,0.298,0.4962228517469311
nfix,supermat,Probe,1000,intercept_fit,44,1.0,-1.1235085471902124,0.43,0.4962228517469311
nfix,supermat,Probe,1000,intercept_fit,45,1.0,-2.2084248299219635,0.241,0.4962228517469311
nfix,supermat,Probe,1000,intercept_fit,46,1.0,-1.7475253207514052,0.279,0.4962228517469311
nfix,supermat,Probe,1000,intercept_fit,47,1.0,-1.0904087656705561,0.458,0.4962228517469311
nfix,supermat,Probe,1000,intercept_fit,48,1.0,-1.412757234381537,0.38,0.4962228517469311
nfix,supermat,Probe,1000,intercept_fit,49,1.0,-1.910411697408311,0.309,0.4962228517469311
nfix,supermat,Probe,1000,intercept_fit,50,1.0,-2.195850696028761,0.254,0.4962228517469311
nfix,supermat,Probe,1000,intercept_fit,51,1.0,-0.9635026236597012,0.365,0.4962228517469311
nfix,supermat,Probe,1000,intercept_fit,52,1.0,-2.4527364578569926,0.257,0.4962228517469311
nfix,supermat,Probe,1000,intercept_fit,53,1.0,-2.4975349590337954,0.223,0.4962228517469311
nfix,supermat,Probe,1000,intercept_fit,54,1.0,-0.8707858578790727,0.404,0.4962228517469311
nfix,supermat,Probe,1000,intercept_fit,55,1.0,-1.6507893275561965,0.315,0.4962228517469311
nfix,supermat,Probe,1000,intercept_fit,56,1.0,-1.705149256310417,0.321,0.4962228517469311
nfix,supermat,Probe,1000,intercept_fit,57,1.0,-1.9081368490098944,0.271,0.4962228517469311
nfix,supermat,Probe,1000,intercept_fit,58,1.0,-2.0565688002379465,0.299,0.4962228517469311
nfix,supermat,Probe,1000,intercept_fit,59,1.0,-2.0314225691210708,0.292,0.4962228517469311
nfix,supermat,Probe,1000,intercept_fit,60,1.0,-1.9407495028603188,0.289,0.4962228517469311
nfix,supermat,Probe,1000,intercept_fit,61,1.0,-1.4183428937987916,0.348,0.4962228517469311
nfix,supermat,Probe,1000,intercept_fit,62,1.0,-1.7531950533570813,0.335,0.4962228517469311
nfix,supermat,Probe,1000,intercept_fit,63,1.0,-0.9033223486635171,0.462,0.4962228517469311
nfix,supermat,Probe,1000,intercept_fit,64,1.0,-1.6305000775763736,0.323,0.4962228517469311
nfix,supermat,Probe,1000,intercept_fit,65,1.0,-0.7846009905311745,0.476,0.4962228517469311
nfix,supermat,Probe,1000,intercept_fit,66,1.0,-1.95979467965381,0.3,0.4962228517469311
nfix,supermat,Probe,1000,intercept_fit,67,1.0,-1.07783270553654,0.437,0.4962228517469311
nfix,supermat,Probe,1000,intercept_fit,68,1.0,-1.6695183048517381,0.306,0.4962228517469311
nfix,supermat,Probe,1000,intercept_fit,69,1.0,-2.3114954607629725,0.247,0.4962228517469311
nfix,supermat,Probe,1000,intercept_fit,70,1.0,-2.571945415949163,0.212,0.4962228517469311
nfix,supermat,Probe,1000,intercept_fit,71,1.0,-0.6526582803030397,0.491,0.4962228517469311
nfix,supermat,Probe,1000,intercept_fit,72,1.0,-1.0534979439701118,0.419,0.4962228517469311
nfix,supermat,Probe,1000,intercept_fit,73,1.0,-0.7626217868116898,0.473,0.4962228517469311
nfix,supermat,Probe,1000,intercept_fit,74,1.0,-1.0110636190389077,0.363,0.4962228517469311
nfix,supermat,Probe,1000,intercept_fit,75,1.0,-2.5266722169125027,0.233,0.4962228517469311
nfix,supermat,Probe,1000,intercept_fit,76,1.0,-1.6264879575967677,0.305,0.4962228517469311
nfix,supermat,Probe,1000,intercept_fit,77,1.0,-1.9066006078981148,0.26,0.4962228517469311
nfix,supermat,Probe,1000,intercept_fit,78,1.0,-1.704958325618872,0.287,0.4962228517469311
nfix,supermat,Probe,1000,intercept_fit,79,1.0,-1.775489228678089,0.334,0.4962228517469311
nfix,supermat,Probe,1000,intercept_fit,80,1.0,-1.63496686312985,0.332,0.4962228517469311
nfix,supermat,Probe,1000,intercept_fit,81,1.0,-0.812961727026824,0.438,0.4962228517469311
nfix,supermat,Probe,1000,intercept_fit,82,1.0,-1.27117571184813,0.357,0.4962228517469311
nfix,supermat,Probe,1000,intercept_fit,83,1.0,-1.0550563103187014,0.43,0.4962228517469311
nfix,supermat,Probe,1000,intercept_fit,84,1.0,-1.3786071260939396,0.384,0.4962228517469311
nfix,supermat,Probe,1000,intercept_fit,85,1.0,-1.3263878823837172,0.366,0.4962228517469311
nfix,supermat,Probe,1000,intercept_fit,86,1.0,-1.8139487335025066,0.306,0.4962228517469311
nfix,supermat,Probe,1000,intercept_fit,87,1.0,-0.9360287142165868,0.425,0.4962228517469311
nfix,supermat,Probe,1000,intercept_fit,88,1.0,-1.1388717956204395,0.402,0.4962228517469311
nfix,supermat,Probe,1000,intercept_fit,89,1.0,-1.2799222769510943,0.429,0.4962228517469311
nfix,supermat,Probe,1000,intercept_fit,90,1.0,-1.6773787633540893,0.308,0.4962228517469311
nfix,supermat,Probe,1000,intercept_fit,91,1.0,-0.658408189028234,0.405,0.4962228517469311
nfix,supermat,Probe,1000,intercept_fit,92,1.0,-0.436546590090734,0.453,0.4962228517469311
nfix,supermat,Probe,1000,intercept_fit,93,1.0,-1.6579778607010354,0.313,0.4962228517469311
nfix,supermat,Probe,1000,intercept_fit,94,1.0,-1.854355018699181,0.284,0.4962228517469311
nfix,supermat,Probe,1000,intercept_fit,95,1.0,-2.267295068092135,0.237,0.4962228517469311
nfix,supermat,Probe,1000,intercept_fit,96,1.0,-1.3083665246878313,0.375,0.4962228517469311
nfix,supermat,Probe,1000,intercept_fit,97,1.0,-1.7198964012881,0.314,0.4962228517469311
nfix,supermat,Probe,1000,intercept_fit,98,1.0,-2.5049553972294003,0.231,0.4962228517469311
nfix,supermat,Probe,1000,intercept_fit,99,1.0,-0.8021968810301042,0.51,0.4962228517469311
nfix,supermat,NTP,1000,intercept_fit,0,1.0,-1.5043994538557093,0.211,0.4962228517469311
nfix,supermat,NTP,1000,intercept_fit,1,1.0,-1.4418137751572526,0.215,0.4962228517469311
nfix,supermat,NTP,1000,intercept_fit,2,1.0,-0.7940073834649586,0.36,0.4962228517469311
nfix,supermat,NTP,1000,intercept_fit,3,1.0,-0.640131866951224,0.401,0.4962228517469311
nfix,supermat,NTP,1000,intercept_fit,4,1.0,-1.0075270327937804,0.305,0.4962228517469311
nfix,supermat,NTP,1000,intercept_fit,5,1.0,-0.9618014827789789,0.305,0.4962228517469311
nfix,supermat,NTP,1000,intercept_fit,6,1.0,-1.0486984360263554,0.294,0.4962228517469311
nfix,supermat,NTP,1000,intercept_fit,7,1.0,-0.6411957779500603,0.401,0.4962228517469311
nfix,supermat,NTP,1000,intercept_fit,8,1.0,-1.2877673650916817,0.252,0.4962228517469311
nfix,supermat,NTP,1000,intercept_fit,9,1.0,-0.7762536159190624,0.361,0.4962228517469311
nfix,supermat,NTP,1000,intercept_fit,10,1.0,-1.214715556836896,0.259,0.4962228517469311
nfix,supermat,NTP,1000,intercept_fit,11,1.0,-0.5839205225160463,0.429,0.4962228517469311
nfix,supermat,NTP,1000,intercept_fit,12,1.0,-0.7198324807345735,0.359,0.4962228517469311
nfix,supermat,NTP,1000,intercept_fit,13,1.0,-0.8369851145742593,0.377,0.4962228517469311
nfix,supermat,NTP,1000,intercept_fit,14,1.0,-1.1480829416890108,0.293,0.4962228517469311
nfix,supermat,NTP,1000,intercept_fit,15,1.0,-0.22219897367150615,0.525,0.4962228517469311
nfix,supermat,NTP,1000,intercept_fit,16,1.0,-0.787159344053812,0.345,0.4962228517469311
nfix,supermat,NTP,1000,intercept_fit,17,1.0,-1.2123625652755183,0.262,0.4962228517469311
nfix,supermat,NTP,1000,intercept_fit,18,1.0,-1.054727285071621,0.307,0.4962228517469311
nfix,supermat,NTP,1000,intercept_fit,19,1.0,-0.6742559939183829,0.406,0.4962228517469311
nfix,supermat,NTP,1000,intercept_fit,20,1.0,-0.7533228127568463,0.392,0.4962228517469311
nfix,supermat,NTP,1000,intercept_fit,21,1.0,-1.1259684867693462,0.282,0.4962228517469311
nfix,supermat,NTP,1000,intercept_fit,22,1.0,-1.51965485707897,0.221,0.4962228517469311
nfix,supermat,NTP,1000,intercept_fit,23,1.0,-0.9614823312025627,0.309,0.4962228517469311
nfix,supermat,NTP,1000,intercept_fit,24,1.0,-0.8480736309908116,0.337,0.4962228517469311
nfix,supermat,NTP,1000,intercept_fit,25,1.0,-0.7642000937953288,0.376,0.4962228517469311
nfix,supermat,NTP,1000,intercept_fit,26,1.0,-0.8399616483213541,0.328,0.4962228517469311
nfix,supermat,NTP,1000,intercept_fit,27,1.0,-0.4083445616999309,0.466,0.4962228517469311
nfix,supermat,NTP,1000,intercept_fit,28,1.0,-0.7220329310407247,0.386,0.4962228517469311
nfix,supermat,NTP,1000,intercept_fit,29,1.0,-1.2429905130090926,0.26,0.4962228517469311
nfix,supermat,NTP,1000,intercept_fit,30,1.0,-0.9010717623213582,0.339,0.4962228517469311
nfix,supermat,NTP,1000,intercept_fit,31,1.0,-0.7709245636492497,0.353,0.4962228517469311
nfix,supermat,NTP,1000,intercept_fit,32,1.0,-1.1774166728408273,0.275,0.4962228517469311
nfix,supermat,NTP,1000,intercept_fit,33,1.0,-0.7186154527822775,0.423,0.4962228517469311
nfix,supermat,NTP,1000,intercept_fit,34,1.0,-0.7047467929175962,0.377,0.4962228517469311
nfix,supermat,NTP,1000,intercept_fit,35,1.0,-0.8088999684327146,0.399,0.4962228517469311
nfix,supermat,NTP,1000,intercept_fit,36,1.0,-1.0466886289395152,0.292,0.4962228517469311
nfix,supermat,NTP,1000,intercept_fit,37,1.0,-0.9851215149214897,0.32,0.4962228517469311
nfix,supermat,NTP,1000,intercept_fit,38,1.0,-1.3528827814791335,0.235,0.4962228517469311
nfix,supermat,NTP,1000,intercept_fit,39,1.0,-0.9842105335485215,0.326,0.4962228517469311
nfix,supermat,NTP,1000,intercept_fit,40,1.0,-0.7037040779841515,0.371,0.4962228517469311
nfix,supermat,NTP,1000,intercept_fit,41,1.0,-0.3980339993369092,0.477,0.4962228517469311
nfix,supermat,NTP,1000,intercept_fit,42,1.0,-1.0045619994278998,0.313,0.4962228517469311
nfix,supermat,NTP,1000,intercept_fit,43,1.0,-1.0224307891617246,0.298,0.4962228517469311
nfix,supermat,NTP,1000,intercept_fit,44,1.0,-0.5347082867604044,0.43,0.4962228517469311
nfix,supermat,NTP,1000,intercept_fit,45,1.0,-1.378789527451833,0.241,0.4962228517469311
nfix,supermat,NTP,1000,intercept_fit,46,1.0,-1.128174079976331,0.279,0.4962228517469311
nfix,supermat,NTP,1000,intercept_fit,47,1.0,-0.41409436337095445,0.458,0.4962228517469311
nfix,supermat,NTP,1000,intercept_fit,48,1.0,-0.7656562374866854,0.38,0.4962228517469311
nfix,supermat,NTP,1000,intercept_fit,49,1.0,-0.9594540508599209,0.309,0.4962228517469311
nfix,supermat,NTP,1000,intercept_fit,50,1.0,-1.2841556546503035,0.254,0.4962228517469311
nfix,supermat,NTP,1000,intercept_fit,51,1.0,-0.75861706379903,0.365,0.4962228517469311
nfix,supermat,NTP,1000,intercept_fit,52,1.0,-1.3273861334128725,0.257,0.4962228517469311
nfix,supermat,NTP,1000,intercept_fit,53,1.0,-1.426636003234569,0.223,0.4962228517469311
nfix,supermat,NTP,1000,intercept_fit,54,1.0,-0.7957237112600497,0.404,0.4962228517469311
nfix,supermat,NTP,1000,intercept_fit,55,1.0,-1.0104032919782906,0.315,0.4962228517469311
nfix,supermat,NTP,1000,intercept_fit,56,1.0,-1.0271329633038349,0.321,0.4962228517469311
nfix,supermat,NTP,1000,intercept_fit,57,1.0,-1.1948198795677094,0.271,0.4962228517469311
nfix,supermat,NTP,1000,intercept_fit,58,1.0,-1.0842650520162145,0.299,0.4962228517469311
nfix,supermat,NTP,1000,intercept_fit,59,1.0,-1.077663435039975,0.292,0.4962228517469311
nfix,supermat,NTP,1000,intercept_fit,60,1.0,-1.0982849104366434,0.289,0.4962228517469311
nfix,supermat,NTP,1000,intercept_fit,61,1.0,-0.8950703218641043,0.348,0.4962228517469311
nfix,supermat,NTP,1000,intercept_fit,62,1.0,-0.9429962983268021,0.335,0.4962228517469311
nfix,supermat,NTP,1000,intercept_fit,63,1.0,-0.3904379392170489,0.462,0.4962228517469311
nfix,supermat,NTP,1000,intercept_fit,64,1.0,-0.9552526222798146,0.323,0.4962228517469311
nfix,supermat,NTP,1000,intercept_fit,65,1.0,-0.40085989385149307,0.476,0.4962228517469311
nfix,supermat,NTP,1000,intercept_fit,66,1.0,-1.0151009739904155,0.3,0.4962228517469311
nfix,supermat,NTP,1000,intercept_fit,67,1.0,-0.5438578507319395,0.437,0.4962228517469311
nfix,supermat,NTP,1000,intercept_fit,68,1.0,-1.1311900065197906,0.306,0.4962228517469311
nfix,supermat,NTP,1000,intercept_fit,69,1.0,-1.2808031167628844,0.247,0.4962228517469311
nfix,supermat,NTP,1000,intercept_fit,70,1.0,-1.4862556971376986,0.212,0.4962228517469311
nfix,supermat,NTP,1000,intercept_fit,71,1.0,-0.43189634543593936,0.491,0.4962228517469311
nfix,supermat,NTP,1000,intercept_fit,72,1.0,-0.5158788400750123,0.419,0.4962228517469311
nfix,supermat,NTP,1000,intercept_fit,73,1.0,-0.43401610136377694,0.473,0.4962228517469311
nfix,supermat,NTP,1000,intercept_fit,74,1.0,-0.8834474585949152,0.363,0.4962228517469311
nfix,supermat,NTP,1000,intercept_fit,75,1.0,-1.3306307129855661,0.233,0.4962228517469311
nfix,supermat,NTP,1000,intercept_fit,76,1.0,-1.112686537993691,0.305,0.4962228517469311
nfix,supermat,NTP,1000,intercept_fit,77,1.0,-1.2042886452855481,0.26,0.4962228517469311
nfix,supermat,NTP,1000,intercept_fit,78,1.0,-1.1753773650573396,0.287,0.4962228517469311
nfix,supermat,NTP,1000,intercept_fit,79,1.0,-0.9743914445819091,0.334,0.4962228517469311
nfix,supermat,NTP,1000,intercept_fit,80,1.0,-0.8921319382180611,0.332,0.4962228517469311
nfix,supermat,NTP,1000,intercept_fit,81,1.0,-0.5562294093998804,0.438,0.4962228517469311
nfix,supermat,NTP,1000,intercept_fit,82,1.0,-0.7963092087450696,0.357,0.4962228517469311
nfix,supermat,NTP,1000,intercept_fit,83,1.0,-0.502165883032918,0.43,0.4962228517469311
nfix,supermat,NTP,1000,intercept_fit,84,1.0,-0.8436352866503454,0.384,0.4962228517469311
nfix,supermat,NTP,1000,intercept_fit,85,1.0,-0.7124682617540024,0.366,0.4962228517469311
nfix,supermat,NTP,1000,intercept_fit,86,1.0,-1.0003901245796585,0.306,0.4962228517469311
nfix,supermat,NTP,1000,intercept_fit,87,1.0,-0.6153400211475136,0.425,0.4962228517469311
nfix,supermat,NTP,1000,intercept_fit,88,1.0,-0.6424622473560263,0.402,0.4962228517469311
nfix,supermat,NTP,1000,intercept_fit,89,1.0,-0.4590866208171387,0.429,0.4962228517469311
nfix,supermat,NTP,1000,intercept_fit,90,1.0,-1.0038856979889788,0.308,0.4962228517469311
nfix,supermat,NTP,1000,intercept_fit,91,1.0,-0.6939776065443344,0.405,0.4962228517469311
nfix,supermat,NTP,1000,intercept_fit,92,1.0,-0.5621889317917375,0.453,0.4962228517469311
nfix,supermat,NTP,1000,intercept_fit,93,1.0,-0.9857114585883751,0.313,0.4962228517469311
nfix,supermat,NTP,1000,intercept_fit,94,1.0,-1.1021107815352356,0.284,0.4962228517469311
nfix,supermat,NTP,1000,intercept_fit,95,1.0,-1.3808657380569014,0.237,0.4962228517469311
nfix,supermat,NTP,1000,intercept_fit,96,1.0,-0.6775499926996318,0.375,0.4962228517469311
nfix,supermat,NTP,1000,intercept_fit,97,1.0,-0.9835275761962246,0.314,0.4962228517469311
nfix,supermat,NTP,1000,intercept_fit,98,1.0,-1.2795736551163321,0.231,0.4962228517469311
nfix,supermat,NTP,1000,intercept_fit,99,1.0,-0.26548858702027095,0.51,0.4962228517469311
supermat,pond,Probe,10,intercept_fit,0,1.0,-1.7047723789142364,0.4,0.5
supermat,pond,Probe,10,intercept_fit,1,1.0,-3.054815930292505,0.4,0.5
supermat,pond,Probe,10,intercept_fit,2,1.0,-2.2798681113330415,0.5,0.5
supermat,pond,Probe,10,intercept_fit,3,1.0,-1.950833689837269,0.4,0.5
supermat,pond,Probe,10,intercept_fit,4,1.0,-1.7033573280095093,0.6,0.5
supermat,pond,Probe,10,intercept_fit,5,1.0,-2.505349940205765,0.3,0.5
supermat,pond,Probe,10,intercept_fit,6,1.0,0.6136270574090009,0.8,0.5
supermat,pond,Probe,10,intercept_fit,7,1.0,-1.812512080590516,0.3,0.5
supermat,pond,Probe,10,intercept_fit,8,1.0,-1.516611275730821,0.4,0.5
supermat,pond,Probe,10,intercept_fit,9,1.0,-1.9029051249597877,0.5,0.5
supermat,pond,Probe,10,intercept_fit,10,1.0,-2.8510462101071896,0.3,0.5
supermat,pond,Probe,10,intercept_fit,11,1.0,-2.3432441522034035,0.3,0.5
supermat,pond,Probe,10,intercept_fit,12,1.0,-4.786355105182554,0.2,0.5
supermat,pond,Probe,10,intercept_fit,13,1.0,-2.2728909352912683,0.4,0.5
supermat,pond,Probe,10,intercept_fit,14,1.0,-2.615960241041539,0.3,0.5
supermat,pond,Probe,10,intercept_fit,15,1.0,-2.1173846021769545,0.3,0.5
supermat,pond,Probe,10,intercept_fit,16,1.0,-1.9322163534020163,0.4,0.5
supermat,pond,Probe,10,intercept_fit,18,1.0,-3.5928744164278608,0.2,0.5
supermat,pond,Probe,10,intercept_fit,19,1.0,-2.0176952979825913,0.4,0.5
supermat,pond,Probe,10,intercept_fit,20,1.0,-2.201881652143117,0.2,0.5
supermat,pond,Probe,10,intercept_fit,21,1.0,-1.7296626630820089,0.5,0.5
supermat,pond,Probe,10,intercept_fit,22,1.0,0.2502998546906445,0.7,0.5
supermat,pond,Probe,10,intercept_fit,23,1.0,-2.228929064073236,0.5,0.5
supermat,pond,Probe,10,intercept_fit,24,1.0,-3.914864326553642,0.3,0.5
supermat,pond,Probe,10,intercept_fit,25,1.0,-2.750239346625884,0.3,0.5
supermat,pond,Probe,10,intercept_fit,26,1.0,-2.4141739935650106,0.4,0.5
supermat,pond,Probe,10,intercept_fit,27,1.0,-3.8204561810412168,0.1,0.5
supermat,pond,Probe,10,intercept_fit,28,1.0,-2.0134404806933133,0.5,0.5
supermat,pond,Probe,10,intercept_fit,29,1.0,-3.298830582599015,0.2,0.5
supermat,pond,Probe,10,intercept_fit,30,1.0,-1.7304489069447735,0.3,0.5
supermat,pond,Probe,10,intercept_fit,31,1.0,-1.94033274274505,0.4,0.5
supermat,pond,Probe,10,intercept_fit,32,1.0,-1.5205364929864889,0.3,0.5
supermat,pond,Probe,10,intercept_fit,33,1.0,-2.41425898801296,0.4,0.5
supermat,pond,Probe,10,intercept_fit,34,1.0,-0.3670732739287269,0.7,0.5
supermat,pond,Probe,10,intercept_fit,35,1.0,-3.482104927425639,0.4,0.5
supermat,pond,Probe,10,intercept_fit,36,1.0,-2.376443381417376,0.4,0.5
supermat,pond,Probe,10,intercept_fit,37,1.0,-4.019453887090106,0.2,0.5
supermat,pond,Probe,10,intercept_fit,38,1.0,-2.8012074460979326,0.3,0.5
supermat,pond,Probe,10,intercept_fit,39,1.0,-1.445776540951138,0.2,0.5
supermat,pond,Probe,10,intercept_fit,40,1.0,-2.9725722069865705,0.4,0.5
supermat,pond,Probe,10,intercept_fit,41,1.0,-2.1556338537097623,0.5,0.5
supermat,pond,Probe,10,intercept_fit,42,1.0,0.05070873220700992,0.7,0.5
supermat,pond,Probe,10,intercept_fit,43,1.0,-1.716826979744002,0.5,0.5
supermat,pond,Probe,10,intercept_fit,44,1.0,-4.1286869308164,0.2,0.5
supermat,pond,Probe,10,intercept_fit,45,1.0,0.7098988881218896,0.8,0.5
supermat,pond,Probe,10,intercept_fit,46,1.0,-4.7148379691302145,0.2,0.5
supermat,pond,Probe,10,intercept_fit,47,1.0,-3.046644626283264,0.4,0.5
supermat,pond,Probe,10,intercept_fit,48,1.0,-1.2486153709421053,0.5,0.5
supermat,pond,Probe,10,intercept_fit,49,1.0,-2.0193695883414122,0.4,0.5
supermat,pond,Probe,10,intercept_fit,50,1.0,-2.4022198468335,0.4,0.5
supermat,pond,Probe,10,intercept_fit,51,1.0,-3.182615137274887,0.4,0.5
supermat,pond,Probe,10,intercept_fit,52,1.0,-0.8645635806410139,0.6,0.5
supermat,pond,Probe,10,intercept_fit,53,1.0,-2.8423750035788915,0.5,0.5
supermat,pond,Probe,10,intercept_fit,54,1.0,1.0405714753135222,0.7,0.5
supermat,pond,Probe,10,intercept_fit,55,1.0,-2.2159783016828407,0.3,0.5
supermat,pond,Probe,10,intercept_fit,56,1.0,-2.1486404100911196,0.3,0.5
supermat,pond,Probe,10,intercept_fit,57,1.0,-1.9655412486925985,0.4,0.5
supermat,pond,Probe,10,intercept_fit,58,1.0,-2.282073884727596,0.4,0.5
supermat,pond,Probe,10,intercept_fit,59,1.0,-2.770816048973263,0.3,0.5
supermat,pond,Probe,10,intercept_fit,60,1.0,-2.908792545055268,0.4,0.5
supermat,pond,Probe,10,intercept_fit,61,1.0,-2.2769748388693474,0.3,0.5
supermat,pond,Probe,10,intercept_fit,62,1.0,-2.987215419174096,0.3,0.5
supermat,pond,Probe,10,intercept_fit,63,1.0,-2.1506451761378758,0.3,0.5
supermat,pond,Probe,10,intercept_fit,64,1.0,0.25039286472568806,0.6,0.5
supermat,pond,Probe,10,intercept_fit,65,1.0,-1.3074989560453067,0.6,0.5
supermat,pond,Probe,10,intercept_fit,66,1.0,-1.1642097750704785,0.5,0.5
supermat,pond,Probe,10,intercept_fit,67,1.0,-1.9188552319222514,0.4,0.5
supermat,pond,Probe,10,intercept_fit,68,1.0,-1.6518379909801961,0.6,0.5
supermat,pond,Probe,10,intercept_fit,69,1.0,-1.5028865831634444,0.6,0.5
supermat,pond,Probe,10,intercept_fit,70,1.0,-2.9058382120302615,0.4,0.5
supermat,pond,Probe,10,intercept_fit,71,1.0,-1.7981984270615858,0.3,0.5
supermat,pond,Probe,10,intercept_fit,72,1.0,0.2976013078574663,0.7,0.5
supermat,pond,Probe,10,intercept_fit,73,1.0,-2.3248598285368165,0.3,0.5
supermat,pond,Probe,10,intercept_fit,74,1.0,-2.7831503645581765,0.5,0.5
supermat,pond,Probe,10,intercept_fit,75,1.0,-0.9013117708593602,0.7,0.5
supermat,pond,Probe,10,intercept_fit,76,1.0,-2.2807442708309913,0.4,0.5
supermat,pond,Probe,10,intercept_fit,77,1.0,-2.068246760385433,0.5,0.5
supermat,pond,Probe,10,intercept_fit,78,1.0,0.5756104785435481,0.7,0.5
supermat,pond,Probe,10,intercept_fit,79,1.0,-3.93080777362334,0.2,0.5
supermat,pond,Probe,10,intercept_fit,80,1.0,-1.107070819611382,0.6,0.5
supermat,pond,Probe,10,intercept_fit,81,1.0,-0.10353725399438808,0.7,0.5
supermat,pond,Probe,10,intercept_fit,82,1.0,-2.9721064077199886,0.3,0.5
supermat,pond,Probe,10,intercept_fit,83,1.0,-2.8631605676883445,0.3,0.5
supermat,pond,Probe,10,intercept_fit,84,1.0,-2.6442947062843127,0.3,0.5
supermat,pond,Probe,10,intercept_fit,85,1.0,-0.22859391410340332,0.6,0.5
supermat,pond,Probe,10,intercept_fit,86,1.0,-0.9173929976539091,0.5,0.5
supermat,pond,Probe,10,intercept_fit,87,1.0,-1.4901494464331584,0.5,0.5
supermat,pond,Probe,10,intercept_fit,88,1.0,-3.4030999484125526,0.1,0.5
supermat,pond,Probe,10,intercept_fit,89,1.0,-3.2105345857951564,0.3,0.5
supermat,pond,Probe,10,intercept_fit,90,1.0,-1.07659432772425,0.3,0.5
supermat,pond,Probe,10,intercept_fit,91,1.0,-2.9424514082183517,0.2,0.5
supermat,pond,Probe,10,intercept_fit,92,1.0,-1.7497830052877583,0.4,0.5
supermat,pond,Probe,10,intercept_fit,93,1.0,-1.4562743829273108,0.5,0.5
supermat,pond,Probe,10,intercept_fit,94,1.0,-2.6238755340420243,0.4,0.5
supermat,pond,Probe,10,intercept_fit,95,1.0,-2.62099315589575,0.6,0.5
supermat,pond,Probe,10,intercept_fit,96,1.0,-2.003119546233545,0.4,0.5
supermat,pond,Probe,10,intercept_fit,97,1.0,-2.62130053530403,0.3,0.5
supermat,pond,Probe,10,intercept_fit,98,1.0,-1.0793033051518048,0.4,0.5
supermat,pond,Probe,10,intercept_fit,99,1.0,-3.3613920252492986,0.3,0.5
supermat,pond,Probe,10,intercept_fit,100,1.0,-0.6284195701529107,0.6,0.5
supermat,pond,NTP,10,intercept_fit,0,1.0,-1.7901182223336738,0.4,0.5
supermat,pond,NTP,10,intercept_fit,1,1.0,-1.4052554160865092,0.4,0.5
supermat,pond,NTP,10,intercept_fit,2,1.0,-0.044809166161498444,0.5,0.5
supermat,pond,NTP,10,intercept_fit,3,1.0,-3.3189590321288827,0.4,0.5
supermat,pond,NTP,10,intercept_fit,4,1.0,0.049622415723422825,0.6,0.5
supermat,pond,NTP,10,intercept_fit,5,1.0,-7.1564140335533395,0.3,0.5
supermat,pond,NTP,10,intercept_fit,6,1.0,0.5146614373481312,0.8,0.5
supermat,pond,NTP,10,intercept_fit,7,1.0,-0.7695346512741255,0.3,0.5
supermat,pond,NTP,10,intercept_fit,8,1.0,-6.624728002937523,0.4,0.5
supermat,pond,NTP,10,intercept_fit,9,1.0,-0.4515876099762328,0.5,0.5
supermat,pond,NTP,10,intercept_fit,10,1.0,-1.270928789633292,0.3,0.5
supermat,pond,NTP,10,intercept_fit,11,1.0,-1.4974874062073986,0.3,0.5
supermat,pond,NTP,10,intercept_fit,12,1.0,-8.87910347004796,0.2,0.5
supermat,pond,NTP,10,intercept_fit,13,1.0,-2.240857768394583,0.4,0.5
supermat,pond,NTP,10,intercept_fit,14,1.0,-5.328407017402024,0.3,0.5
supermat,pond,NTP,10,intercept_fit,15,1.0,-1.5542475430086287,0.3,0.5
supermat,pond,NTP,10,intercept_fit,16,1.0,-0.3616394368567467,0.4,0.5
supermat,pond,NTP,10,intercept_fit,18,1.0,-7.740768355776267,0.2,0.5
supermat,pond,NTP,10,intercept_fit,19,1.0,-6.429642511927053,0.4,0.5
supermat,pond,NTP,10,intercept_fit,20,1.0,-1.5957859609519576,0.2,0.5
supermat,pond,NTP,10,intercept_fit,21,1.0,-1.1582302752792617,0.5,0.5
supermat,pond,NTP,10,intercept_fit,22,1.0,0.02556385374339646,0.7,0.5
supermat,pond,NTP,10,intercept_fit,23,1.0,-1.3505707635988067,0.5,0.5
supermat,pond,NTP,10,intercept_fit,24,1.0,-7.7505105573990685,0.3,0.5
supermat,pond,NTP,10,intercept_fit,25,1.0,-1.6607433056426195,0.3,0.5
supermat,pond,NTP,10,intercept_fit,26,1.0,-0.7521267585370401,0.4,0.5
supermat,pond,NTP,10,intercept_fit,27,1.0,-11.223430185831555,0.1,0.5
supermat,pond,NTP,10,intercept_fit,28,1.0,-1.1280643346816752,0.5,0.5
supermat,pond,NTP,10,intercept_fit,29,1.0,-5.175898202894679,0.2,0.5
supermat,pond,NTP,10,intercept_fit,30,1.0,-4.488770223178904,0.3,0.5
supermat,pond,NTP,10,intercept_fit,31,1.0,-1.8469364957075332,0.4,0.5
supermat,pond,NTP,10,intercept_fit,32,1.0,-3.0448991969139856,0.3,0.5
supermat,pond,NTP,10,intercept_fit,33,1.0,-0.852300606047737,0.4,0.5
supermat,pond,NTP,10,intercept_fit,34,1.0,0.2551055363315317,0.7,0.5
supermat,pond,NTP,10,intercept_fit,35,1.0,-12.083198290821963,0.4,0.5
supermat,pond,NTP,10,intercept_fit,36,1.0,-1.6850366649111281,0.4,0.5
supermat,pond,NTP,10,intercept_fit,37,1.0,-2.134768424574127,0.2,0.5
supermat,pond,NTP,10,intercept_fit,38,1.0,-6.453294016999883,0.3,0.5
supermat,pond,NTP,10,intercept_fit,39,1.0,-7.287384311377185,0.2,0.5
supermat,pond,NTP,10,intercept_fit,40,1.0,-2.445148502509068,0.4,0.5
supermat,pond,NTP,10,intercept_fit,41,1.0,-2.0850360715103284,0.5,0.5
supermat,pond,NTP,10,intercept_fit,42,1.0,-0.16420337377466573,0.7,0.5
supermat,pond,NTP,10,intercept_fit,43,1.0,-0.7762280141704596,0.5,0.5
supermat,pond,NTP,10,intercept_fit,44,1.0,-10.687111498342437,0.2,0.5
supermat,pond,NTP,10,intercept_fit,45,1.0,0.7757261723489182,0.8,0.5
supermat,pond,NTP,10,intercept_fit,46,1.0,-13.45641809091863,0.2,0.5
supermat,pond,NTP,10,intercept_fit,47,1.0,-4.54980437632111,0.4,0.5
supermat,pond,NTP,10,intercept_fit,48,1.0,-0.43433796789735124,0.5,0.5
supermat,pond,NTP,10,intercept_fit,49,1.0,-4.974020372096058,0.4,0.5
supermat,pond,NTP,10,intercept_fit,50,1.0,-6.830877068755157,0.4,0.5
supermat,pond,NTP,10,intercept_fit,51,1.0,-3.741443782913725,0.4,0.5
supermat,pond,NTP,10,intercept_fit,52,1.0,-1.1764264047710493,0.6,0.5
supermat,pond,NTP,10,intercept_fit,53,1.0,-10.273214909675744,0.5,0.5
supermat,pond,NTP,10,intercept_fit,54,1.0,0.23596048447392654,0.7,0.5
supermat,pond,NTP,10,intercept_fit,55,1.0,-1.5980790094992066,0.3,0.5
supermat,pond,NTP,10,intercept_fit,56,1.0,-5.040992915982816,0.3,0.5
supermat,pond,NTP,10,intercept_fit,57,1.0,-0.8986557508353581,0.4,0.5
supermat,pond,NTP,10,intercept_fit,58,1.0,-0.22412955294856166,0.4,0.5
supermat,pond,NTP,10,intercept_fit,59,1.0,-3.031512391455252,0.3,0.5
supermat,pond,NTP,10,intercept_fit,60,1.0,-1.793846579954086,0.4,0.5
supermat,pond,NTP,10,intercept_fit,61,1.0,-1.4652957229481418,0.3,0.5
supermat,pond,NTP,10,intercept_fit,62,1.0,-1.2139109550903875,0.3,0.5
supermat,pond,NTP,10,intercept_fit,63,1.0,-1.4883153326621121,0.3,0.5
supermat,pond,NTP,10,intercept_fit,64,1.0,-0.938501928156705,0.6,0.5
supermat,pond,NTP,10,intercept_fit,65,1.0,-0.7563630913230486,0.6,0.5
supermat,pond,NTP,10,intercept_fit,66,1.0,-0.04935917116767332,0.5,0.5
supermat,pond,NTP,10,intercept_fit,67,1.0,-0.7711320534839922,0.4,0.5
supermat,pond,NTP,10,intercept_fit,68,1.0,-0.20902119578856057,0.6,0.5
supermat,pond,NTP,10,intercept_fit,69,1.0,0.17057679505430468,0.6,0.5
supermat,pond,NTP,10,intercept_fit,70,1.0,-1.306377422291699,0.4,0.5
supermat,pond,NTP,10,intercept_fit,71,1.0,-1.295598196752505,0.3,0.5
supermat,pond,NTP,10,intercept_fit,72,1.0,-0.13010613265661894,0.7,0.5
supermat,pond,NTP,10,intercept_fit,73,1.0,-1.4824835225836712,0.3,0.5
supermat,pond,NTP,10,intercept_fit,74,1.0,-11.938792394097424,0.5,0.5
supermat,pond,NTP,10,intercept_fit,75,1.0,-2.554430881468836,0.7,0.5
supermat,pond,NTP,10,intercept_fit,76,1.0,-6.577153491093856,0.4,0.5
supermat,pond,NTP,10,intercept_fit,77,1.0,-2.959346873308861,0.5,0.5
supermat,pond,NTP,10,intercept_fit,78,1.0,0.12470777545430858,0.7,0.5
supermat,pond,NTP,10,intercept_fit,79,1.0,-4.324262441870158,0.2,0.5
supermat,pond,NTP,10,intercept_fit,80,1.0,-6.007369214827163,0.6,0.5
supermat,pond,NTP,10,intercept_fit,81,1.0,-1.4058058659767279,0.7,0.5
supermat,pond,NTP,10,intercept_fit,82,1.0,-12.030325574936912,0.3,0.5
supermat,pond,NTP,10,intercept_fit,83,1.0,-4.1523757137602715,0.3,0.5
supermat,pond,NTP,10,intercept_fit,84,1.0,-1.886412622221088,0.3,0.5
supermat,pond,NTP,10,intercept_fit,85,1.0,0.6410699304636356,0.6,0.5
supermat,pond,NTP,10,intercept_fit,86,1.0,-0.9350587076388985,0.5,0.5
supermat,pond,NTP,10,intercept_fit,87,1.0,-0.3585075026736187,0.5,0.5
supermat,pond,NTP,10,intercept_fit,88,1.0,-7.087707430510538,0.1,0.5
supermat,pond,NTP,10,intercept_fit,89,1.0,-4.249906666001873,0.3,0.5
supermat,pond,NTP,10,intercept_fit,90,1.0,-1.4711685140571118,0.3,0.5
supermat,pond,NTP,10,intercept_fit,91,1.0,-4.876906930681632,0.2,0.5
supermat,pond,NTP,10,intercept_fit,92,1.0,-3.7134758872059375,0.4,0.5
supermat,pond,NTP,10,intercept_fit,93,1.0,-5.324453919937859,0.5,0.5
supermat,pond,NTP,10,intercept_fit,94,1.0,-3.0114938631762085,0.4,0.5
supermat,pond,NTP,10,intercept_fit,95,1.0,-1.396009395775006,0.6,0.5
supermat,pond,NTP,10,intercept_fit,96,1.0,-0.9859202697420344,0.4,0.5
supermat,pond,NTP,10,intercept_fit,97,1.0,-1.4223489078039069,0.3,0.5
supermat,pond,NTP,10,intercept_fit,98,1.0,-0.14045962305930298,0.4,0.5
supermat,pond,NTP,10,intercept_fit,99,1.0,-1.7918743288956307,0.3,0.5
supermat,pond,NTP,10,intercept_fit,100,1.0,-4.741197998579041,0.6,0.5
supermat,pond,Probe,50,intercept_fit,0,1.0,-2.0973773830490177,0.34,0.5
supermat,pond,Probe,50,intercept_fit,1,1.0,-2.6044462729458147,0.26,0.5
supermat,pond,Probe,50,intercept_fit,2,1.0,-1.806276735709882,0.52,0.5
supermat,pond,Probe,50,intercept_fit,3,1.0,-2.086599497168099,0.38,0.5
supermat,pond,Probe,50,intercept_fit,4,1.0,-1.6258729743822493,0.48,0.5
supermat,pond,Probe,50,intercept_fit,5,1.0,-2.7752238893690677,0.26,0.5
supermat,pond,Probe,50,intercept_fit,6,1.0,-3.6934358002650787,0.26,0.5
supermat,pond,Probe,50,intercept_fit,7,1.0,-1.7821844835275213,0.46,0.5
supermat,pond,Probe,50,intercept_fit,8,1.0,-2.7269676167299344,0.32,0.5
supermat,pond,Probe,50,intercept_fit,9,1.0,-2.5948259678982777,0.36,0.5
supermat,pond,Probe,50,intercept_fit,10,1.0,-2.0466730892453984,0.38,0.5
supermat,pond,Probe,50,intercept_fit,11,1.0,-1.4456796065166386,0.46,0.5
supermat,pond,Probe,50,intercept_fit,12,1.0,-2.7304522060795984,0.28,0.5
supermat,pond,Probe,50,intercept_fit,13,1.0,-2.267028620284462,0.4,0.5
supermat,pond,Probe,50,intercept_fit,14,1.0,-2.0620865797724686,0.32,0.5
supermat,pond,Probe,50,intercept_fit,15,1.0,-1.7794492956890164,0.46,0.5
supermat,pond,Probe,50,intercept_fit,16,1.0,-2.56630501605115,0.38,0.5
supermat,pond,Probe,50,intercept_fit,17,1.0,-3.4444959558822954,0.24,0.5
supermat,pond,Probe,50,intercept_fit,18,1.0,-2.2914026670794057,0.3,0.5
supermat,pond,Probe,50,intercept_fit,19,1.0,-1.9857669262886792,0.44,0.5
supermat,pond,Probe,50,intercept_fit,20,1.0,-0.9977698908318138,0.44,0.5
supermat,pond,Probe,50,intercept_fit,21,1.0,-2.2855541866674254,0.32,0.5
supermat,pond,Probe,50,intercept_fit,22,1.0,-1.1123395802002984,0.54,0.5
supermat,pond,Probe,50,intercept_fit,23,1.0,-2.4741028118810493,0.38,0.5
supermat,pond,Probe,50,intercept_fit,24,1.0,-2.112241736960372,0.5,0.5
supermat,pond,Probe,50,intercept_fit,25,1.0,-2.1134391916188764,0.34,0.5
supermat,pond,Probe,50,intercept_fit,26,1.0,-2.6080753024391488,0.38,0.5
supermat,pond,Probe,50,intercept_fit,27,1.0,-1.9331625258772172,0.36,0.5
supermat,pond,Probe,50,intercept_fit,28,1.0,-1.7401177077833283,0.48,0.5
supermat,pond,Probe,50,intercept_fit,29,1.0,-1.7382400804884415,0.48,0.5
supermat,pond,Probe,50,intercept_fit,30,1.0,-0.8352219851253248,0.48,0.5
supermat,pond,Probe,50,intercept_fit,31,1.0,-2.3850521860451104,0.36,0.5
supermat,pond,Probe,50,intercept_fit,32,1.0,-0.6528298158443414,0.64,0.5
supermat,pond,Probe,50,intercept_fit,33,1.0,-2.0030532991605936,0.42,0.5
supermat,pond,Probe,50,intercept_fit,34,1.0,-1.4523649589532062,0.56,0.5
supermat,pond,Probe,50,intercept_fit,35,1.0,-1.4341303017054914,0.48,0.5
supermat,pond,Probe,50,intercept_fit,36,1.0,-1.1428957341438757,0.54,0.5
supermat,pond,Probe,50,intercept_fit,37,1.0,-2.636157383262792,0.36,0.5
supermat,pond,Probe,50,intercept_fit,38,1.0,-2.2393442810126314,0.5,0.5
supermat,pond,Probe,50,intercept_fit,39,1.0,-2.4383122269985114,0.38,0.5
supermat,pond,Probe,50,intercept_fit,40,1.0,-1.0575911754494518,0.6,0.5
supermat,pond,Probe,50,intercept_fit,41,1.0,-2.1074145298204847,0.4,0.5
supermat,pond,Probe,50,intercept_fit,42,1.0,-2.273262034495538,0.44,0.5
supermat,pond,Probe,50,intercept_fit,43,1.0,-0.7897018741382154,0.52,0.5
supermat,pond,Probe,50,intercept_fit,44,1.0,-2.3137855738902355,0.38,0.5
supermat,pond,Probe,50,intercept_fit,45,1.0,-1.0386831084800945,0.7,0.5
supermat,pond,Probe,50,intercept_fit,46,1.0,-1.587112980398373,0.52,0.5
supermat,pond,Probe,50,intercept_fit,47,1.0,-2.216250065820152,0.4,0.5
supermat,pond,Probe,50,intercept_fit,48,1.0,-1.8787284894145246,0.4,0.5
supermat,pond,Probe,50,intercept_fit,49,1.0,-2.0589228997883833,0.38,0.5
supermat,pond,Probe,50,intercept_fit,50,1.0,-2.2229410866927535,0.42,0.5
supermat,pond,Probe,50,intercept_fit,51,1.0,-2.1478242100735954,0.5,0.5
supermat,pond,Probe,50,intercept_fit,52,1.0,-1.9090393852357534,0.54,0.5
supermat,pond,Probe,50,intercept_fit,53,1.0,-1.7006589571711215,0.36,0.5
supermat,pond,Probe,50,intercept_fit,54,1.0,-1.0041518801250384,0.6,0.5
supermat,pond,Probe,50,intercept_fit,55,1.0,-2.5568967794279978,0.4,0.5
supermat,pond,Probe,50,intercept_fit,56,1.0,-3.1833277457913187,0.28,0.5
supermat,pond,Probe,50,intercept_fit,57,1.0,-1.2726824468523168,0.52,0.5
supermat,pond,Probe,50,intercept_fit,58,1.0,-1.5047761419673662,0.44,0.5
supermat,pond,Probe,50,intercept_fit,59,1.0,-2.0305486349104385,0.4,0.5
supermat,pond,Probe,50,intercept_fit,60,1.0,-1.9746941650905747,0.44,0.5
supermat,pond,Probe,50,intercept_fit,61,1.0,-2.861045400967344,0.44,0.5
supermat,pond,Probe,50,intercept_fit,62,1.0,-2.457183108286308,0.34,0.5
supermat,pond,Probe,50,intercept_fit,63,1.0,-1.4407248314760845,0.5,0.5
supermat,pond,Probe,50,intercept_fit,64,1.0,-1.985675290384123,0.42,0.5
supermat,pond,Probe,50,intercept_fit,65,1.0,-1.5445533402470797,0.42,0.5
supermat,pond,Probe,50,intercept_fit,66,1.0,-2.277838264826802,0.4,0.5
supermat,pond,Probe,50,intercept_fit,67,1.0,-1.9377118213828735,0.5,0.5
supermat,pond,Probe,50,intercept_fit,68,1.0,-2.4655311540718983,0.4,0.5
supermat,pond,Probe,50,intercept_fit,69,1.0,-1.9968895256650432,0.52,0.5
supermat,pond,Probe,50,intercept_fit,70,1.0,-2.2175421522063785,0.44,0.5
supermat,pond,Probe,50,intercept_fit,71,1.0,-1.7713728436437963,0.44,0.5
supermat,pond,Probe,50,intercept_fit,72,1.0,-1.1810427635066236,0.6,0.5
supermat,pond,Probe,50,intercept_fit,73,1.0,-3.5916972727811802,0.34,0.5
supermat,pond,Probe,50,intercept_fit,74,1.0,-2.030622198868617,0.48,0.5
supermat,pond,Probe,50,intercept_fit,75,1.0,-1.069119253914201,0.58,0.5
supermat,pond,Probe,50,intercept_fit,76,1.0,-1.9688359954898151,0.3,0.5
supermat,pond,Probe,50,intercept_fit,77,1.0,-2.4126214904271825,0.38,0.5
supermat,pond,Probe,50,intercept_fit,78,1.0,-1.6041249393364565,0.58,0.5
supermat,pond,Probe,50,intercept_fit,79,1.0,-1.765893256416821,0.36,0.5
supermat,pond,Probe,50,intercept_fit,80,1.0,-1.7495439374182158,0.52,0.5
supermat,pond,Probe,50,intercept_fit,81,1.0,-0.7837576141323954,0.62,0.5
supermat,pond,Probe,50,intercept_fit,82,1.0,-1.9103298914438345,0.4,0.5
supermat,pond,Probe,50,intercept_fit,83,1.0,-1.9161416549175951,0.44,0.5
supermat,pond,Probe,50,intercept_fit,84,1.0,-1.3190849205574597,0.48,0.5
supermat,pond,Probe,50,intercept_fit,85,1.0,0.18884798818289597,0.7,0.5
supermat,pond,Probe,50,intercept_fit,86,1.0,-2.0974188557852487,0.48,0.5
supermat,pond,Probe,50,intercept_fit,87,1.0,-1.6524588235968563,0.54,0.5
supermat,pond,Probe,50,intercept_fit,88,1.0,-1.5271394783451508,0.4,0.5
supermat,pond,Probe,50,intercept_fit,89,1.0,-2.0354594331091045,0.44,0.5
supermat,pond,Probe,50,intercept_fit,90,1.0,-3.597611817998214,0.3,0.5
supermat,pond,Probe,50,intercept_fit,91,1.0,-1.995838113665956,0.48,0.5
supermat,pond,Probe,50,intercept_fit,92,1.0,-1.9377477557391602,0.32,0.5
supermat,pond,Probe,50,intercept_fit,93,1.0,-2.326049423342667,0.38,0.5
supermat,pond,Probe,50,intercept_fit,94,1.0,-1.7112909060065158,0.48,0.5
supermat,pond,Probe,50,intercept_fit,95,1.0,-0.8866285428876416,0.58,0.5
supermat,pond,Probe,50,intercept_fit,96,1.0,-1.4511230871526226,0.54,0.5
supermat,pond,Probe,50,intercept_fit,97,1.0,-1.0294778382856329,0.52,0.5
supermat,pond,Probe,50,intercept_fit,98,1.0,-1.4308938604342065,0.48,0.5
supermat,pond,Probe,50,intercept_fit,99,1.0,-2.4047333791975056,0.48,0.5
supermat,pond,NTP,50,intercept_fit,0,1.0,-2.0761084962168406,0.34,0.5
supermat,pond,NTP,50,intercept_fit,1,1.0,-2.138755409762728,0.26,0.5
supermat,pond,NTP,50,intercept_fit,2,1.0,-0.8167817556436238,0.52,0.5
supermat,pond,NTP,50,intercept_fit,3,1.0,-1.694345779618795,0.38,0.5
supermat,pond,NTP,50,intercept_fit,4,1.0,-0.408413412175013,0.48,0.5
supermat,pond,NTP,50,intercept_fit,5,1.0,-2.2454424119635448,0.26,0.5
supermat,pond,NTP,50,intercept_fit,6,1.0,-9.517189823710746,0.26,0.5
supermat,pond,NTP,50,intercept_fit,7,1.0,-1.5569943018482082,0.46,0.5
supermat,pond,NTP,50,intercept_fit,8,1.0,-2.7250264815895324,0.32,0.5
supermat,pond,NTP,50,intercept_fit,9,1.0,-2.3186203744660774,0.36,0.5
supermat,pond,NTP,50,intercept_fit,10,1.0,-1.4251125096783375,0.38,0.5
supermat,pond,NTP,50,intercept_fit,11,1.0,-0.5150564430270476,0.46,0.5
supermat,pond,NTP,50,intercept_fit,12,1.0,-1.3574037516516184,0.28,0.5
supermat,pond,NTP,50,intercept_fit,13,1.0,-1.6042716046850964,0.4,0.5
supermat,pond,NTP,50,intercept_fit,14,1.0,-1.9389330723176623,0.32,0.5
supermat,pond,NTP,50,intercept_fit,15,1.0,-0.8773847538096408,0.46,0.5
supermat,pond,NTP,50,intercept_fit,16,1.0,-1.6941609455064977,0.38,0.5
supermat,pond,NTP,50,intercept_fit,17,1.0,-4.2028161671737685,0.24,0.5
supermat,pond,NTP,50,intercept_fit,18,1.0,-1.5002624753183147,0.3,0.5
supermat,pond,NTP,50,intercept_fit,19,1.0,-1.6822325192622107,0.44,0.5
supermat,pond,NTP,50,intercept_fit,20,1.0,-1.3901007759079314,0.44,0.5
supermat,pond,NTP,50,intercept_fit,21,1.0,-1.8197698716256259,0.32,0.5
supermat,pond,NTP,50,intercept_fit,22,1.0,-0.4420763103128509,0.54,0.5
supermat,pond,NTP,50,intercept_fit,23,1.0,-2.581874858686888,0.38,0.5
supermat,pond,NTP,50,intercept_fit,24,1.0,-0.7903108431231453,0.5,0.5
supermat,pond,NTP,50,intercept_fit,25,1.0,-1.6034860307797896,0.34,0.5
supermat,pond,NTP,50,intercept_fit,26,1.0,-1.71877353276627,0.38,0.5
supermat,pond,NTP,50,intercept_fit,27,1.0,-2.2867533554753936,0.36,0.5
supermat,pond,NTP,50,intercept_fit,28,1.0,-0.9225811449317153,0.48,0.5
supermat,pond,NTP,50,intercept_fit,29,1.0,-0.9198903722380004,0.48,0.5
supermat,pond,NTP,50,intercept_fit,30,1.0,-0.8354390251754246,0.48,0.5
supermat,pond,NTP,50,intercept_fit,31,1.0,-1.2391392224918083,0.36,0.5
supermat,pond,NTP,50,intercept_fit,32,1.0,0.5255873948395056,0.64,0.5
supermat,pond,NTP,50,intercept_fit,33,1.0,-0.7607185221295154,0.42,0.5
supermat,pond,NTP,50,intercept_fit,34,1.0,-0.6701994093877615,0.56,0.5
supermat,pond,NTP,50,intercept_fit,35,1.0,-1.165810123713617,0.48,0.5
supermat,pond,NTP,50,intercept_fit,36,1.0,-0.43054638435956727,0.54,0.5
supermat,pond,NTP,50,intercept_fit,37,1.0,-1.1890372771158497,0.36,0.5
supermat,pond,NTP,50,intercept_fit,38,1.0,-1.1722097119763926,0.5,0.5
supermat,pond,NTP,50,intercept_fit,39,1.0,-1.926503495326149,0.38,0.5
supermat,pond,NTP,50,intercept_fit,40,1.0,-0.549987208888959,0.6,0.5
supermat,pond,NTP,50,intercept_fit,41,1.0,-0.7740454205912257,0.4,0.5
supermat,pond,NTP,50,intercept_fit,42,1.0,-1.929483900353916,0.44,0.5
supermat,pond,NTP,50,intercept_fit,43,1.0,-0.21850233761745663,0.52,0.5
supermat,pond,NTP,50,intercept_fit,44,1.0,-1.4986056821870704,0.38,0.5
supermat,pond,NTP,50,intercept_fit,45,1.0,-0.09108190399471408,0.7,0.5
supermat,pond,NTP,50,intercept_fit,46,1.0,-1.1727794257796191,0.52,0.5
supermat,pond,NTP,50,intercept_fit,47,1.0,-1.71620082435417,0.4,0.5
supermat,pond,NTP,50,intercept_fit,48,1.0,-1.5612076233122631,0.4,0.5
supermat,pond,NTP,50,intercept_fit,49,1.0,-0.8649578523923144,0.38,0.5
supermat,pond,NTP,50,intercept_fit,50,1.0,-2.4915816354353377,0.42,0.5
supermat,pond,NTP,50,intercept_fit,51,1.0,-0.3251409422091564,0.5,0.5
supermat,pond,NTP,50,intercept_fit,52,1.0,-1.6042913656709674,0.54,0.5
supermat,pond,NTP,50,intercept_fit,53,1.0,-1.3114833632393141,0.36,0.5
supermat,pond,NTP,50,intercept_fit,54,1.0,-1.015215411110817,0.6,0.5
supermat,pond,NTP,50,intercept_fit,55,1.0,-1.8511092010358547,0.4,0.5
supermat,pond,NTP,50,intercept_fit,56,1.0,-3.0236283765862657,0.28,0.5
supermat,pond,NTP,50,intercept_fit,57,1.0,-1.5638215668501858,0.52,0.5
supermat,pond,NTP,50,intercept_fit,58,1.0,-0.568283838920183,0.44,0.5
supermat,pond,NTP,50,intercept_fit,59,1.0,-2.3630218994150414,0.4,0.5
supermat,pond,NTP,50,intercept_fit,60,1.0,-1.8552307570167716,0.44,0.5
supermat,pond,NTP,50,intercept_fit,61,1.0,-1.0152455561301645,0.44,0.5
supermat,pond,NTP,50,intercept_fit,62,1.0,-2.87044634976507,0.34,0.5
supermat,pond,NTP,50,intercept_fit,63,1.0,-0.7504515356547445,0.5,0.5
supermat,pond,NTP,50,intercept_fit,64,1.0,-1.4982725820292564,0.42,0.5
supermat,pond,NTP,50,intercept_fit,65,1.0,-0.6736619688904494,0.42,0.5
supermat,pond,NTP,50,intercept_fit,66,1.0,-1.3492871830601905,0.4,0.5
supermat,pond,NTP,50,intercept_fit,67,1.0,-1.097258314556066,0.5,0.5
supermat,pond,NTP,50,intercept_fit,68,1.0,-4.761533279289886,0.4,0.5
supermat,pond,NTP,50,intercept_fit,69,1.0,-0.3565757775870559,0.52,0.5
supermat,pond,NTP,50,intercept_fit,70,1.0,-0.4206724170504525,0.44,0.5
supermat,pond,NTP,50,intercept_fit,71,1.0,-0.9415729527916281,0.44,0.5
supermat,pond,NTP,50,intercept_fit,72,1.0,-0.7906266061594583,0.6,0.5
supermat,pond,NTP,50,intercept_fit,73,1.0,-9.31030908824217,0.34,0.5
supermat,pond,NTP,50,intercept_fit,74,1.0,-0.8223927429520124,0.48,0.5
supermat,pond,NTP,50,intercept_fit,75,1.0,-0.6692170236631652,0.58,0.5
supermat,pond,NTP,50,intercept_fit,76,1.0,-1.1603786520756196,0.3,0.5
supermat,pond,NTP,50,intercept_fit,77,1.0,-3.3844343539991577,0.38,0.5
supermat,pond,NTP,50,intercept_fit,78,1.0,-1.074745658460027,0.58,0.5
supermat,pond,NTP,50,intercept_fit,79,1.0,-1.043124856769379,0.36,0.5
supermat,pond,NTP,50,intercept_fit,80,1.0,-0.5561441363971033,0.52,0.5
supermat,pond,NTP,50,intercept_fit,81,1.0,-0.5027581847177159,0.62,0.5
supermat,pond,NTP,50,intercept_fit,82,1.0,-4.721799641549474,0.4,0.5
supermat,pond,NTP,50,intercept_fit,83,1.0,-1.1568514172861055,0.44,0.5
supermat,pond,NTP,50,intercept_fit,84,1.0,-0.7725431332254824,0.48,0.5
supermat,pond,NTP,50,intercept_fit,85,1.0,0.7081566497624421,0.7,0.5
supermat,pond,NTP,50,intercept_fit,86,1.0,-1.6065324628937334,0.48,0.5
supermat,pond,NTP,50,intercept_fit,87,1.0,-0.8672415757571519,0.54,0.5
supermat,pond,NTP,50,intercept_fit,88,1.0,-1.6453791600466694,0.4,0.5
supermat,pond,NTP,50,intercept_fit,89,1.0,-1.297385115585226,0.44,0.5
supermat,pond,NTP,50,intercept_fit,90,1.0,-8.039271158049793,0.3,0.5
supermat,pond,NTP,50,intercept_fit,91,1.0,-1.260383222852789,0.48,0.5
supermat,pond,NTP,50,intercept_fit,92,1.0,-1.3672182645845992,0.32,0.5
supermat,pond,NTP,50,intercept_fit,93,1.0,-2.192787118216626,0.38,0.5
supermat,pond,NTP,50,intercept_fit,94,1.0,-0.9260581358897696,0.48,0.5
supermat,pond,NTP,50,intercept_fit,95,1.0,-0.8138551507188388,0.58,0.5
supermat,pond,NTP,50,intercept_fit,96,1.0,-0.07662385171060865,0.54,0.5
supermat,pond,NTP,50,intercept_fit,97,1.0,-1.115885859662555,0.52,0.5
supermat,pond,NTP,50,intercept_fit,98,1.0,-0.5684780586194456,0.48,0.5
supermat,pond,NTP,50,intercept_fit,99,1.0,-1.867287446761346,0.48,0.5
supermat,pond,Probe,100,intercept_fit,0,1.0,-2.5249191863415286,0.41,0.5
supermat,pond,Probe,100,intercept_fit,1,1.0,-2.3272425215173627,0.39,0.5
supermat,pond,Probe,100,intercept_fit,2,1.0,-1.4637497895853868,0.51,0.5
supermat,pond,Probe,100,intercept_fit,3,1.0,-2.899854726200564,0.25,0.5
supermat,pond,Probe,100,intercept_fit,4,1.0,-1.274194695361241,0.55,0.5
supermat,pond,Probe,100,intercept_fit,5,1.0,-2.5428517941807764,0.32,0.5
supermat,pond,Probe,100,intercept_fit,6,1.0,-2.8464866774731292,0.38,0.5
supermat,pond,Probe,100,intercept_fit,7,1.0,-1.9678731212405025,0.47,0.5
supermat,pond,Probe,100,intercept_fit,8,1.0,-1.7214598577154319,0.46,0.5
supermat,pond,Probe,100,intercept_fit,9,1.0,-2.1262004729308126,0.37,0.5
supermat,pond,Probe,100,intercept_fit,10,1.0,-1.88431289159396,0.44,0.5
supermat,pond,Probe,100,intercept_fit,11,1.0,-1.24315637838231,0.51,0.5
supermat,pond,Probe,100,intercept_fit,12,1.0,-2.658496537159587,0.4,0.5
supermat,pond,Probe,100,intercept_fit,13,1.0,-1.3646328297518777,0.51,0.5
supermat,pond,Probe,100,intercept_fit,14,1.0,-2.6302791523218687,0.31,0.5
supermat,pond,Probe,100,intercept_fit,15,1.0,-1.233304466850175,0.49,0.5
supermat,pond,Probe,100,intercept_fit,16,1.0,-1.077596316574271,0.56,0.5
supermat,pond,Probe,100,intercept_fit,17,1.0,-2.4269857231687046,0.31,0.5
supermat,pond,Probe,100,intercept_fit,18,1.0,-2.352870986791111,0.41,0.5
supermat,pond,Probe,100,intercept_fit,19,1.0,-2.0945420727715804,0.39,0.5
supermat,pond,Probe,100,intercept_fit,20,1.0,-0.6649515982742286,0.47,0.5
supermat,pond,Probe,100,intercept_fit,21,1.0,-2.9042226189909313,0.3,0.5
supermat,pond,Probe,100,intercept_fit,22,1.0,-0.9286671995353043,0.59,0.5
supermat,pond,Probe,100,intercept_fit,23,1.0,-3.0398840825141744,0.32,0.5
supermat,pond,Probe,100,intercept_fit,24,1.0,-2.0704189806574553,0.51,0.5
supermat,pond,Probe,100,intercept_fit,25,1.0,-2.0138944034460304,0.36,0.5
supermat,pond,Probe,100,intercept_fit,26,1.0,-1.5799150882291275,0.47,0.5
supermat,pond,Probe,100,intercept_fit,27,1.0,-2.9004167647740045,0.3,0.5
supermat,pond,Probe,100,intercept_fit,28,1.0,-1.1835454844367135,0.53,0.5
supermat,pond,Probe,100,intercept_fit,29,1.0,-2.586623445537024,0.36,0.5
supermat,pond,Probe,100,intercept_fit,30,1.0,-0.0688838785896016,0.58,0.5
supermat,pond,Probe,100,intercept_fit,31,1.0,-2.2956793789213243,0.37,0.5
supermat,pond,Probe,100,intercept_fit,32,1.0,-2.074077087813339,0.43,0.5
supermat,pond,Probe,100,intercept_fit,33,1.0,-1.9573657568985132,0.42,0.5
supermat,pond,Probe,100,intercept_fit,34,1.0,-1.8980091980164662,0.46,0.5
supermat,pond,Probe,100,intercept_fit,35,1.0,-2.6341153188436777,0.31,0.5
supermat,pond,Probe,100,intercept_fit,36,1.0,-2.0383949498767797,0.48,0.5
supermat,pond,Probe,100,intercept_fit,37,1.0,-1.9579466885994412,0.4,0.5
supermat,pond,Probe,100,intercept_fit,38,1.0,-2.4869312702086743,0.36,0.5
supermat,pond,Probe,100,intercept_fit,39,1.0,-2.767057475475871,0.25,0.5
supermat,pond,Probe,100,intercept_fit,40,1.0,-1.8760456652084518,0.46,0.5
supermat,pond,Probe,100,intercept_fit,41,1.0,-1.4704963907532576,0.46,0.5
supermat,pond,Probe,100,intercept_fit,42,1.0,-1.83850432051154,0.42,0.5
supermat,pond,Probe,100,intercept_fit,43,1.0,-1.2437354286672677,0.53,0.5
supermat,pond,Probe,100,intercept_fit,44,1.0,-2.7177678756680086,0.36,0.5
supermat,pond,Probe,100,intercept_fit,45,1.0,-0.9594929147048008,0.62,0.5
supermat,pond,Probe,100,intercept_fit,46,1.0,-2.2031270259722544,0.37,0.5
supermat,pond,Probe,100,intercept_fit,47,1.0,-2.1846773465351585,0.38,0.5
supermat,pond,Probe,100,intercept_fit,48,1.0,-1.6761652564482907,0.41,0.5
supermat,pond,Probe,100,intercept_fit,49,1.0,-2.5991985956141788,0.27,0.5
supermat,pond,Probe,100,intercept_fit,50,1.0,-2.1168867309227815,0.41,0.5
supermat,pond,Probe,100,intercept_fit,51,1.0,-2.6972278028268737,0.41,0.5
supermat,pond,Probe,100,intercept_fit,52,1.0,-2.1040749144741495,0.47,0.5
supermat,pond,Probe,100,intercept_fit,53,1.0,-1.0988784551942339,0.47,0.5
supermat,pond,Probe,100,intercept_fit,54,1.0,-1.4095802492517338,0.5,0.5
supermat,pond,Probe,100,intercept_fit,55,1.0,-2.2714560549835188,0.4,0.5
supermat,pond,Probe,100,intercept_fit,56,1.0,-2.7220647182668336,0.33,0.5
supermat,pond,Probe,100,intercept_fit,57,1.0,-1.9199327245143218,0.42,0.5
supermat,pond,Probe,100,intercept_fit,58,1.0,-2.4783913828641313,0.36,0.5
supermat,pond,Probe,100,intercept_fit,59,1.0,-2.0658116067559122,0.44,0.5
supermat,pond,Probe,100,intercept_fit,60,1.0,-1.8458379485296557,0.46,0.5
supermat,pond,Probe,100,intercept_fit,61,1.0,-3.2494432038531755,0.33,0.5
supermat,pond,Probe,100,intercept_fit,62,1.0,-2.337797584597244,0.38,0.5
supermat,pond,Probe,100,intercept_fit,63,1.0,-1.2994273700796648,0.5,0.5
supermat,pond,Probe,100,intercept_fit,64,1.0,-1.122985890801171,0.54,0.5
supermat,pond,Probe,100,intercept_fit,65,1.0,-1.200333496342601,0.45,0.5
supermat,pond,Probe,100,intercept_fit,66,1.0,-1.9212403404648322,0.45,0.5
supermat,pond,Probe,100,intercept_fit,67,1.0,-1.701381606335783,0.43,0.5
supermat,pond,Probe,100,intercept_fit,68,1.0,-2.1623590234292753,0.42,0.5
supermat,pond,Probe,100,intercept_fit,69,1.0,-2.0857325617061453,0.49,0.5
supermat,pond,Probe,100,intercept_fit,70,1.0,-2.4918781568346278,0.4,0.5
supermat,pond,Probe,100,intercept_fit,71,1.0,-1.979572963266416,0.41,0.5
supermat,pond,Probe,100,intercept_fit,72,1.0,-1.3151014136542523,0.56,0.5
supermat,pond,Probe,100,intercept_fit,73,1.0,-2.118197086060265,0.45,0.5
supermat,pond,Probe,100,intercept_fit,74,1.0,-2.4146664832301883,0.41,0.5
supermat,pond,Probe,100,intercept_fit,75,1.0,-1.3676443633100672,0.53,0.5
supermat,pond,Probe,100,intercept_fit,76,1.0,-1.447518292358504,0.48,0.5
supermat,pond,Probe,100,intercept_fit,77,1.0,-2.160631892507175,0.39,0.5
supermat,pond,Probe,100,intercept_fit,78,1.0,-1.311014620084398,0.53,0.5
supermat,pond,Probe,100,intercept_fit,79,1.0,-1.8958876386561225,0.4,0.5
supermat,pond,Probe,100,intercept_fit,80,1.0,-1.645576330241325,0.46,0.5
supermat,pond,Probe,100,intercept_fit,81,1.0,-1.796365077975764,0.5,0.5
supermat,pond,Probe,100,intercept_fit,82,1.0,-2.768015676372877,0.31,0.5
supermat,pond,Probe,100,intercept_fit,83,1.0,-2.4278438623984426,0.33,0.5
supermat,pond,Probe,100,intercept_fit,84,1.0,-1.7682613033915957,0.39,0.5
supermat,pond,Probe,100,intercept_fit,85,1.0,-0.6557558429803146,0.62,0.5
supermat,pond,Probe,100,intercept_fit,86,1.0,-1.866830664704802,0.47,0.5
supermat,pond,Probe,100,intercept_fit,87,1.0,-1.871799556733944,0.58,0.5
supermat,pond,Probe,100,intercept_fit,88,1.0,-1.7441190154912944,0.43,0.5
supermat,pond,Probe,100,intercept_fit,89,1.0,-2.0457590535212624,0.42,0.5
supermat,pond,Probe,100,intercept_fit,90,1.0,-2.8261620005757044,0.33,0.5
supermat,pond,Probe,100,intercept_fit,91,1.0,-2.055222333097425,0.43,0.5
supermat,pond,Probe,100,intercept_fit,92,1.0,-2.1659008141411773,0.34,0.5
supermat,pond,Probe,100,intercept_fit,93,1.0,-2.125726254307417,0.32,0.5
supermat,pond,Probe,100,intercept_fit,94,1.0,-1.9851916403266021,0.48,0.5
supermat,pond,Probe,100,intercept_fit,95,1.0,-1.49190974191188,0.53,0.5
supermat,pond,Probe,100,intercept_fit,96,1.0,-0.7290354354040729,0.57,0.5
supermat,pond,Probe,100,intercept_fit,97,1.0,-1.5009239583903111,0.53,0.5
supermat,pond,Probe,100,intercept_fit,98,1.0,-1.9188108793861107,0.46,0.5
supermat,pond,Probe,100,intercept_fit,99,1.0,-2.495454543973339,0.46,0.5
supermat,pond,NTP,100,intercept_fit,0,1.0,-2.247844676114532,0.41,0.5
supermat,pond,NTP,100,intercept_fit,1,1.0,-1.4092278360492712,0.39,0.5
supermat,pond,NTP,100,intercept_fit,2,1.0,-0.8084881168092725,0.51,0.5
supermat,pond,NTP,100,intercept_fit,3,1.0,-3.9826524508708028,0.25,0.5
supermat,pond,NTP,100,intercept_fit,4,1.0,0.0306325787972157,0.55,0.5
supermat,pond,NTP,100,intercept_fit,5,1.0,-1.1843774766240736,0.32,0.5
supermat,pond,NTP,100,intercept_fit,6,1.0,-4.6153970673382,0.38,0.5
supermat,pond,NTP,100,intercept_fit,7,1.0,-0.9871384444230648,0.47,0.5
supermat,pond,NTP,100,intercept_fit,8,1.0,-0.815340509850224,0.46,0.5
supermat,pond,NTP,100,intercept_fit,9,1.0,-1.4317358396578725,0.37,0.5
supermat,pond,NTP,100,intercept_fit,10,1.0,-1.2231472206043268,0.44,0.5
supermat,pond,NTP,100,intercept_fit,11,1.0,-0.3389050976315951,0.51,0.5
supermat,pond,NTP,100,intercept_fit,12,1.0,-1.527210722051871,0.4,0.5
supermat,pond,NTP,100,intercept_fit,13,1.0,-0.7658179489978891,0.51,0.5
supermat,pond,NTP,100,intercept_fit,14,1.0,-4.866092946477641,0.31,0.5
supermat,pond,NTP,100,intercept_fit,15,1.0,-0.7311684570810486,0.49,0.5
supermat,pond,NTP,100,intercept_fit,16,1.0,-0.36818359748679935,0.56,0.5
supermat,pond,NTP,100,intercept_fit,17,1.0,-2.566082117434163,0.31,0.5
supermat,pond,NTP,100,intercept_fit,18,1.0,-1.3947667238040693,0.41,0.5
supermat,pond,NTP,100,intercept_fit,19,1.0,-2.5823764406126535,0.39,0.5
supermat,pond,NTP,100,intercept_fit,20,1.0,-0.9445976520209676,0.47,0.5
supermat,pond,NTP,100,intercept_fit,21,1.0,-3.1838882802239614,0.3,0.5
supermat,pond,NTP,100,intercept_fit,22,1.0,0.03805035166893149,0.59,0.5
supermat,pond,NTP,100,intercept_fit,23,1.0,-5.492001069079563,0.32,0.5
supermat,pond,NTP,100,intercept_fit,24,1.0,-0.593011698277911,0.51,0.5
supermat,pond,NTP,100,intercept_fit,25,1.0,-1.031965520931254,0.36,0.5
supermat,pond,NTP,100,intercept_fit,26,1.0,-0.9704276063868433,0.47,0.5
supermat,pond,NTP,100,intercept_fit,27,1.0,-3.485328223477157,0.3,0.5
supermat,pond,NTP,100,intercept_fit,28,1.0,-0.44095077476791555,0.53,0.5
supermat,pond,NTP,100,intercept_fit,29,1.0,-1.3934980186310415,0.36,0.5
supermat,pond,NTP,100,intercept_fit,30,1.0,-0.3776056719676291,0.58,0.5
supermat,pond,NTP,100,intercept_fit,31,1.0,-1.675628088749683,0.37,0.5
supermat,pond,NTP,100,intercept_fit,32,1.0,-0.896206993317343,0.43,0.5
supermat,pond,NTP,100,intercept_fit,33,1.0,-0.986585931536814,0.42,0.5
supermat,pond,NTP,100,intercept_fit,34,1.0,-1.1692222119728772,0.46,0.5
supermat,pond,NTP,100,intercept_fit,35,1.0,-4.313368232671524,0.31,0.5
supermat,pond,NTP,100,intercept_fit,36,1.0,-0.7061043515250807,0.48,0.5
supermat,pond,NTP,100,intercept_fit,37,1.0,-0.8323011252176112,0.4,0.5
supermat,pond,NTP,100,intercept_fit,38,1.0,-1.8254696257660998,0.36,0.5
supermat,pond,NTP,100,intercept_fit,39,1.0,-1.8119149640122667,0.25,0.5
supermat,pond,NTP,100,intercept_fit,40,1.0,-1.5195809972411836,0.46,0.5
supermat,pond,NTP,100,intercept_fit,41,1.0,-0.6690601460483383,0.46,0.5
supermat,pond,NTP,100,intercept_fit,42,1.0,-1.9974675181099535,0.42,0.5
supermat,pond,NTP,100,intercept_fit,43,1.0,-0.7165493695587313,0.53,0.5
supermat,pond,NTP,100,intercept_fit,44,1.0,-1.721749630967276,0.36,0.5
supermat,pond,NTP,100,intercept_fit,45,1.0,-0.19688131312269982,0.62,0.5
supermat,pond,NTP,100,intercept_fit,46,1.0,-6.166272549062594,0.37,0.5
supermat,pond,NTP,100,intercept_fit,47,1.0,-2.650460624590918,0.38,0.5
supermat,pond,NTP,100,intercept_fit,48,1.0,-1.3170542371429554,0.41,0.5
supermat,pond,NTP,100,intercept_fit,49,1.0,-2.196335874116658,0.27,0.5
supermat,pond,NTP,100,intercept_fit,50,1.0,-1.8369252532333904,0.41,0.5
supermat,pond,NTP,100,intercept_fit,51,1.0,-1.2435307286969732,0.41,0.5
supermat,pond,NTP,100,intercept_fit,52,1.0,-1.2757285109574936,0.47,0.5
supermat,pond,NTP,100,intercept_fit,53,1.0,-1.1618145966806286,0.47,0.5
supermat,pond,NTP,100,intercept_fit,54,1.0,-1.5068875009812865,0.5,0.5
supermat,pond,NTP,100,intercept_fit,55,1.0,-1.7266221390602647,0.4,0.5
supermat,pond,NTP,100,intercept_fit,56,1.0,-2.859164044804196,0.33,0.5
supermat,pond,NTP,100,intercept_fit,57,1.0,-1.9409687093020174,0.42,0.5
supermat,pond,NTP,100,intercept_fit,58,1.0,-1.3759789824338442,0.36,0.5
supermat,pond,NTP,100,intercept_fit,59,1.0,-1.4450774795602779,0.44,0.5
supermat,pond,NTP,100,intercept_fit,60,1.0,-0.9422349386142289,0.46,0.5
supermat,pond,NTP,100,intercept_fit,61,1.0,-1.7991723368624912,0.33,0.5
supermat,pond,NTP,100,intercept_fit,62,1.0,-2.7363229103117237,0.38,0.5
supermat,pond,NTP,100,intercept_fit,63,1.0,-0.7472157953668371,0.5,0.5
supermat,pond,NTP,100,intercept_fit,64,1.0,-1.1885330722143386,0.54,0.5
supermat,pond,NTP,100,intercept_fit,65,1.0,-0.7781340490847839,0.45,0.5
supermat,pond,NTP,100,intercept_fit,66,1.0,-0.7470720101674744,0.45,0.5
supermat,pond,NTP,100,intercept_fit,67,1.0,-0.8687964559831809,0.43,0.5
supermat,pond,NTP,100,intercept_fit,68,1.0,-1.7886258720290205,0.42,0.5
supermat,pond,NTP,100,intercept_fit,69,1.0,-0.5440571691052979,0.49,0.5
supermat,pond,NTP,100,intercept_fit,70,1.0,-1.120120830718158,0.4,0.5
supermat,pond,NTP,100,intercept_fit,71,1.0,-1.0079851351684102,0.41,0.5
supermat,pond,NTP,100,intercept_fit,72,1.0,-0.5167191193226858,0.56,0.5
supermat,pond,NTP,100,intercept_fit,73,1.0,-1.2612564517338227,0.45,0.5
supermat,pond,NTP,100,intercept_fit,74,1.0,-1.1889223379297826,0.41,0.5
supermat,pond,NTP,100,intercept_fit,75,1.0,-1.030358142079963,0.53,0.5
supermat,pond,NTP,100,intercept_fit,76,1.0,-0.6803198904036619,0.48,0.5
supermat,pond,NTP,100,intercept_fit,77,1.0,-2.0882997155528824,0.39,0.5
supermat,pond,NTP,100,intercept_fit,78,1.0,-0.9006055875457292,0.53,0.5
supermat,pond,NTP,100,intercept_fit,79,1.0,-1.3029289708419307,0.4,0.5
supermat,pond,NTP,100,intercept_fit,80,1.0,-0.9108508523569319,0.46,0.5
supermat,pond,NTP,100,intercept_fit,81,1.0,-1.9181568782809961,0.5,0.5
supermat,pond,NTP,100,intercept_fit,82,1.0,-6.874385799783434,0.31,0.5
supermat,pond,NTP,100,intercept_fit,83,1.0,-2.3181085851586234,0.33,0.5
supermat,pond,NTP,100,intercept_fit,84,1.0,-1.5546242362509366,0.39,0.5
supermat,pond,NTP,100,intercept_fit,85,1.0,-0.37937725390136445,0.62,0.5
supermat,pond,NTP,100,intercept_fit,86,1.0,-0.9070844906878527,0.47,0.5
supermat,pond,NTP,100,intercept_fit,87,1.0,-1.6499521084486417,0.58,0.5
supermat,pond,NTP,100,intercept_fit,88,1.0,-1.5754232004086146,0.43,0.5
supermat,pond,NTP,100,intercept_fit,89,1.0,-0.9366025853431124,0.42,0.5
supermat,pond,NTP,100,intercept_fit,90,1.0,-2.312162666102074,0.33,0.5
supermat,pond,NTP,100,intercept_fit,91,1.0,-2.2113907510092896,0.43,0.5
supermat,pond,NTP,100,intercept_fit,92,1.0,-1.672866448774077,0.34,0.5
supermat,pond,NTP,100,intercept_fit,93,1.0,-1.9194062548953792,0.32,0.5
supermat,pond,NTP,100,intercept_fit,94,1.0,-0.7945747908390854,0.48,0.5
supermat,pond,NTP,100,intercept_fit,95,1.0,-0.9060564148675264,0.53,0.5
supermat,pond,NTP,100,intercept_fit,96,1.0,-0.3602116514771833,0.57,0.5
supermat,pond,NTP,100,intercept_fit,97,1.0,-0.519255903469307,0.53,0.5
supermat,pond,NTP,100,intercept_fit,98,1.0,-1.1905691702423258,0.46,0.5
supermat,pond,NTP,100,intercept_fit,99,1.0,-1.503674687193192,0.46,0.5
supermat,pond,Probe,250,intercept_fit,0,1.0,-2.3728954044871635,0.42,0.5
supermat,pond,Probe,250,intercept_fit,1,1.0,-2.515556376603921,0.356,0.5
supermat,pond,Probe,250,intercept_fit,2,1.0,-1.2658827298734834,0.568,0.5
supermat,pond,Probe,250,intercept_fit,3,1.0,-2.63279029598621,0.308,0.5
supermat,pond,Probe,250,intercept_fit,4,1.0,-1.4637027425874956,0.6,0.5
supermat,pond,Probe,250,intercept_fit,5,1.0,-1.8277405300723406,0.432,0.5
supermat,pond,Probe,250,intercept_fit,6,1.0,-2.4404100109174793,0.436,0.5
supermat,pond,Probe,250,intercept_fit,7,1.0,-1.126800878002768,0.6,0.5
supermat,pond,Probe,250,intercept_fit,8,1.0,-1.5529325468030892,0.44,0.5
supermat,pond,Probe,250,intercept_fit,9,1.0,-2.1869939869797066,0.38,0.5
supermat,pond,Probe,250,intercept_fit,10,1.0,-1.812749070858544,0.428,0.5
supermat,pond,Probe,250,intercept_fit,11,1.0,-0.8782143884313955,0.524,0.5
supermat,pond,Probe,250,intercept_fit,12,1.0,-2.2794607660158497,0.384,0.5
supermat,pond,Probe,250,intercept_fit,13,1.0,-1.537052095708415,0.488,0.5
supermat,pond,Probe,250,intercept_fit,14,1.0,-2.1377046889358233,0.372,0.5
supermat,pond,Probe,250,intercept_fit,15,1.0,-0.5815708286405334,0.6,0.5
supermat,pond,Probe,250,intercept_fit,16,1.0,-1.600478756991682,0.508,0.5
supermat,pond,Probe,250,intercept_fit,17,1.0,-2.303640079066475,0.392,0.5
supermat,pond,Probe,250,intercept_fit,18,1.0,-2.04730181427539,0.428,0.5
supermat,pond,Probe,250,intercept_fit,19,1.0,-2.0055921194947994,0.4,0.5
supermat,pond,Probe,250,intercept_fit,20,1.0,-0.5031151473219108,0.516,0.5
supermat,pond,Probe,250,intercept_fit,21,1.0,-2.4561897298223148,0.332,0.5
supermat,pond,Probe,250,intercept_fit,22,1.0,-2.0405821045727954,0.452,0.5
supermat,pond,Probe,250,intercept_fit,23,1.0,-3.050523590831097,0.312,0.5
supermat,pond,Probe,250,intercept_fit,24,1.0,-1.9783089065850525,0.544,0.5
supermat,pond,Probe,250,intercept_fit,25,1.0,-1.7224969448564158,0.428,0.5
supermat,pond,Probe,250,intercept_fit,26,1.0,-2.0817274466612647,0.452,0.5
supermat,pond,Probe,250,intercept_fit,27,1.0,-2.583908242091865,0.324,0.5
supermat,pond,Probe,250,intercept_fit,28,1.0,-1.5477438480009151,0.492,0.5
supermat,pond,Probe,250,intercept_fit,29,1.0,-1.8030075864747246,0.54,0.5
supermat,pond,Probe,250,intercept_fit,30,1.0,-1.0592447698648817,0.5,0.5
supermat,pond,Probe,250,intercept_fit,31,1.0,-2.302045371931114,0.344,0.5
supermat,pond,Probe,250,intercept_fit,32,1.0,-1.755898190431952,0.464,0.5
supermat,pond,Probe,250,intercept_fit,33,1.0,-1.9076327940374507,0.416,0.5
supermat,pond,Probe,250,intercept_fit,34,1.0,-1.4938015201246448,0.512,0.5
supermat,pond,Probe,250,intercept_fit,35,1.0,-2.0811074173141635,0.456,0.5
supermat,pond,Probe,250,intercept_fit,36,1.0,-1.920854544808223,0.472,0.5
supermat,pond,Probe,250,intercept_fit,37,1.0,-2.1022133257250877,0.416,0.5
supermat,pond,Probe,250,intercept_fit,38,1.0,-2.1729934058860305,0.472,0.5
supermat,pond,Probe,250,intercept_fit,39,1.0,-2.6166881143207688,0.324,0.5
supermat,pond,Probe,250,intercept_fit,40,1.0,-1.757725163017765,0.496,0.5
supermat,pond,Probe,250,intercept_fit,41,1.0,-1.7578256976424365,0.396,0.5
supermat,pond,Probe,250,intercept_fit,42,1.0,-1.682983801172598,0.456,0.5
supermat,pond,Probe,250,intercept_fit,43,1.0,-0.6855016823367258,0.596,0.5
supermat,pond,Probe,250,intercept_fit,44,1.0,-2.720833547572294,0.304,0.5
supermat,pond,Probe,250,intercept_fit,45,1.0,-1.6944947883932464,0.508,0.5
supermat,pond,Probe,250,intercept_fit,46,1.0,-1.798602994951251,0.476,0.5
supermat,pond,Probe,250,intercept_fit,47,1.0,-2.150989613314212,0.388,0.5
supermat,pond,Probe,250,intercept_fit,48,1.0,-1.9826097251717012,0.376,0.5
supermat,pond,Probe,250,intercept_fit,49,1.0,-2.32446328105021,0.34,0.5
supermat,pond,Probe,250,intercept_fit,50,1.0,-2.304674067667786,0.416,0.5
supermat,pond,Probe,250,intercept_fit,51,1.0,-2.2533960084175497,0.508,0.5
supermat,pond,Probe,250,intercept_fit,52,1.0,-1.6858843133225976,0.524,0.5
supermat,pond,Probe,250,intercept_fit,53,1.0,-1.3178915787620755,0.5,0.5
supermat,pond,Probe,250,intercept_fit,54,1.0,-1.8605842470644087,0.452,0.5
supermat,pond,Probe,250,intercept_fit,55,1.0,-2.0559307549029198,0.452,0.5
supermat,pond,Probe,250,intercept_fit,56,1.0,-2.18195875329472,0.444,0.5
supermat,pond,Probe,250,intercept_fit,57,1.0,-1.0513526857024522,0.508,0.5
supermat,pond,Probe,250,intercept_fit,58,1.0,-2.3434417546685933,0.336,0.5
supermat,pond,Probe,250,intercept_fit,59,1.0,-1.9506764818910458,0.412,0.5
supermat,pond,Probe,250,intercept_fit,60,1.0,-2.3138036496065912,0.42,0.5
supermat,pond,Probe,250,intercept_fit,61,1.0,-2.0272426432666197,0.492,0.5
supermat,pond,Probe,250,intercept_fit,62,1.0,-2.4417066390888045,0.368,0.5
supermat,pond,Probe,250,intercept_fit,63,1.0,-1.6998642269348259,0.476,0.5
supermat,pond,Probe,250,intercept_fit,64,1.0,-1.3675450721159503,0.476,0.5
supermat,pond,Probe,250,intercept_fit,65,1.0,-0.9049284794995033,0.532,0.5
supermat,pond,Probe,250,intercept_fit,66,1.0,-2.3046662793822477,0.36,0.5
supermat,pond,Probe,250,intercept_fit,67,1.0,-1.8591090335413512,0.46,0.5
supermat,pond,Probe,250,intercept_fit,68,1.0,-2.5562284397294834,0.396,0.5
supermat,pond,Probe,250,intercept_fit,69,1.0,-2.0851511434923276,0.484,0.5
supermat,pond,Probe,250,intercept_fit,70,1.0,-2.2910557139307457,0.476,0.5
supermat,pond,Probe,250,intercept_fit,71,1.0,-1.9262938844577302,0.396,0.5
supermat,pond,Probe,250,intercept_fit,72,1.0,-1.3770525335347572,0.504,0.5
supermat,pond,Probe,250,intercept_fit,73,1.0,-2.011488963699362,0.44,0.5
supermat,pond,Probe,250,intercept_fit,74,1.0,-2.3387215668432217,0.412,0.5
supermat,pond,Probe,250,intercept_fit,75,1.0,-1.5613727306505756,0.472,0.5
supermat,pond,Probe,250,intercept_fit,76,1.0,-1.990423801472859,0.42,0.5
supermat,pond,Probe,250,intercept_fit,77,1.0,-1.7496997665063898,0.488,0.5
supermat,pond,Probe,250,intercept_fit,78,1.0,-1.4866490324472232,0.54,0.5
supermat,pond,Probe,250,intercept_fit,79,1.0,-2.05810528481412,0.34,0.5
supermat,pond,Probe,250,intercept_fit,80,1.0,-1.3380432146984556,0.536,0.5
supermat,pond,Probe,250,intercept_fit,81,1.0,-1.1043595821684067,0.584,0.5
supermat,pond,Probe,250,intercept_fit,82,1.0,-2.0233186351069454,0.432,0.5
supermat,pond,Probe,250,intercept_fit,83,1.0,-2.2701755336810274,0.392,0.5
supermat,pond,Probe,250,intercept_fit,84,1.0,-1.3543232483071463,0.488,0.5
supermat,pond,Probe,250,intercept_fit,85,1.0,-0.9596219241027294,0.588,0.5
supermat,pond,Probe,250,intercept_fit,86,1.0,-1.762844449043182,0.492,0.5
supermat,pond,Probe,250,intercept_fit,87,1.0,-2.0322588783270525,0.512,0.5
supermat,pond,Probe,250,intercept_fit,88,1.0,-2.0647683444105924,0.356,0.5
supermat,pond,Probe,250,intercept_fit,89,1.0,-2.2746406673974833,0.384,0.5
supermat,pond,Probe,250,intercept_fit,90,1.0,-2.900828392549587,0.3,0.5
supermat,pond,Probe,250,intercept_fit,91,1.0,-2.2452988235734805,0.416,0.5
supermat,pond,Probe,250,intercept_fit,92,1.0,-2.750744001372206,0.268,0.5
supermat,pond,Probe,250,intercept_fit,93,1.0,-1.8107029247068949,0.42,0.5
supermat,pond,Probe,250,intercept_fit,94,1.0,-2.0546883396889517,0.468,0.5
supermat,pond,Probe,250,intercept_fit,95,1.0,-1.404249168806035,0.58,0.5
supermat,pond,Probe,250,intercept_fit,96,1.0,-1.2693855577619637,0.52,0.5
supermat,pond,Probe,250,intercept_fit,97,1.0,-2.1410984377824986,0.432,0.5
supermat,pond,Probe,250,intercept_fit,98,1.0,-2.015906031977373,0.516,0.5
supermat,pond,Probe,250,intercept_fit,99,1.0,-2.2789325501382867,0.44,0.5
supermat,pond,NTP,250,intercept_fit,0,1.0,-1.9903171995734872,0.42,0.5
supermat,pond,NTP,250,intercept_fit,1,1.0,-1.3380003031838479,0.356,0.5
supermat,pond,NTP,250,intercept_fit,2,1.0,-1.3028413833204826,0.568,0.5
supermat,pond,NTP,250,intercept_fit,3,1.0,-2.738241642668653,0.308,0.5
supermat,pond,NTP,250,intercept_fit,4,1.0,-0.3829154291733129,0.6,0.5
supermat,pond,NTP,250,intercept_fit,5,1.0,-1.2974176614350434,0.432,0.5
supermat,pond,NTP,250,intercept_fit,6,1.0,-1.6937803851287359,0.436,0.5
supermat,pond,NTP,250,intercept_fit,7,1.0,-0.23638416654990282,0.6,0.5
supermat,pond,NTP,250,intercept_fit,8,1.0,-1.300248787256362,0.44,0.5
supermat,pond,NTP,250,intercept_fit,9,1.0,-1.9349858166426466,0.38,0.5
supermat,pond,NTP,250,intercept_fit,10,1.0,-1.2360077604062847,0.428,0.5
supermat,pond,NTP,250,intercept_fit,11,1.0,-0.2375242475054185,0.524,0.5
supermat,pond,NTP,250,intercept_fit,12,1.0,-1.3034546402962033,0.384,0.5
supermat,pond,NTP,250,intercept_fit,13,1.0,-1.0723286787385968,0.488,0.5
supermat,pond,NTP,250,intercept_fit,14,1.0,-1.8464525500576259,0.372,0.5
supermat,pond,NTP,250,intercept_fit,15,1.0,-0.10258437837143068,0.6,0.5
supermat,pond,NTP,250,intercept_fit,16,1.0,-0.6284963710249918,0.508,0.5
supermat,pond,NTP,250,intercept_fit,17,1.0,-2.6180919516947236,0.392,0.5
supermat,pond,NTP,250,intercept_fit,18,1.0,-1.0354019719470382,0.428,0.5
supermat,pond,NTP,250,intercept_fit,19,1.0,-2.164708233038028,0.4,0.5
supermat,pond,NTP,250,intercept_fit,20,1.0,-0.7641536051034239,0.516,0.5
supermat,pond,NTP,250,intercept_fit,21,1.0,-2.045100065511262,0.332,0.5
supermat,pond,NTP,250,intercept_fit,22,1.0,-1.4364894197607403,0.452,0.5
supermat,pond,NTP,250,intercept_fit,23,1.0,-2.739637151532586,0.312,0.5
supermat,pond,NTP,250,intercept_fit,24,1.0,-0.6173651701277848,0.544,0.5
supermat,pond,NTP,250,intercept_fit,25,1.0,-1.0950995593883117,0.428,0.5
supermat,pond,NTP,250,intercept_fit,26,1.0,-2.4636272120117986,0.452,0.5
supermat,pond,NTP,250,intercept_fit,27,1.0,-4.149507484110858,0.324,0.5
supermat,pond,NTP,250,intercept_fit,28,1.0,-0.9947627825579032,0.492,0.5
supermat,pond,NTP,250,intercept_fit,29,1.0,-0.4724373130279068,0.54,0.5
supermat,pond,NTP,250,intercept_fit,30,1.0,-0.7863850043407674,0.5,0.5
supermat,pond,NTP,250,intercept_fit,31,1.0,-1.4928729948616288,0.344,0.5
supermat,pond,NTP,250,intercept_fit,32,1.0,-0.8115522749545195,0.464,0.5
supermat,pond,NTP,250,intercept_fit,33,1.0,-1.1066251490589598,0.416,0.5
supermat,pond,NTP,250,intercept_fit,34,1.0,-0.5633278998264857,0.512,0.5
supermat,pond,NTP,250,intercept_fit,35,1.0,-1.547387336557281,0.456,0.5
supermat,pond,NTP,250,intercept_fit,36,1.0,-0.7327409369428514,0.472,0.5
supermat,pond,NTP,250,intercept_fit,37,1.0,-1.0265345204772303,0.416,0.5
supermat,pond,NTP,250,intercept_fit,38,1.0,-1.103050783427185,0.472,0.5
supermat,pond,NTP,250,intercept_fit,39,1.0,-2.2161146703066503,0.324,0.5
supermat,pond,NTP,250,intercept_fit,40,1.0,-2.537760143284693,0.496,0.5
supermat,pond,NTP,250,intercept_fit,41,1.0,-1.2979583023527395,0.396,0.5
supermat,pond,NTP,250,intercept_fit,42,1.0,-1.3890489075592232,0.456,0.5
supermat,pond,NTP,250,intercept_fit,43,1.0,-0.182350857216521,0.596,0.5
supermat,pond,NTP,250,intercept_fit,44,1.0,-1.9340481592997993,0.304,0.5
supermat,pond,NTP,250,intercept_fit,45,1.0,-1.1278134308225205,0.508,0.5
supermat,pond,NTP,250,intercept_fit,46,1.0,-1.4012338930826989,0.476,0.5
supermat,pond,NTP,250,intercept_fit,47,1.0,-1.4333601940800633,0.388,0.5
supermat,pond,NTP,250,intercept_fit,48,1.0,-1.3302810675758865,0.376,0.5
supermat,pond,NTP,250,intercept_fit,49,1.0,-1.4425096394403236,0.34,0.5
supermat,pond,NTP,250,intercept_fit,50,1.0,-1.7214202380753538,0.416,0.5
supermat,pond,NTP,250,intercept_fit,51,1.0,-0.863524683232333,0.508,0.5
supermat,pond,NTP,250,intercept_fit,52,1.0,-1.313511023804962,0.524,0.5
supermat,pond,NTP,250,intercept_fit,53,1.0,-1.1258847001403864,0.5,0.5
supermat,pond,NTP,250,intercept_fit,54,1.0,-1.405741022994597,0.452,0.5
supermat,pond,NTP,250,intercept_fit,55,1.0,-1.2983748492455995,0.452,0.5
supermat,pond,NTP,250,intercept_fit,56,1.0,-2.2391150087666807,0.444,0.5
supermat,pond,NTP,250,intercept_fit,57,1.0,-0.8764137165136631,0.508,0.5
supermat,pond,NTP,250,intercept_fit,58,1.0,-1.2154520856900435,0.336,0.5
supermat,pond,NTP,250,intercept_fit,59,1.0,-0.9223297987334518,0.412,0.5
supermat,pond,NTP,250,intercept_fit,60,1.0,-2.130635300888147,0.42,0.5
supermat,pond,NTP,250,intercept_fit,61,1.0,-0.9934549406640315,0.492,0.5
supermat,pond,NTP,250,intercept_fit,62,1.0,-2.2026127737852326,0.368,0.5
supermat,pond,NTP,250,intercept_fit,63,1.0,-1.2683540786203658,0.476,0.5
supermat,pond,NTP,250,intercept_fit,64,1.0,-2.098640694906273,0.476,0.5
supermat,pond,NTP,250,intercept_fit,65,1.0,-0.6804623766999297,0.532,0.5
supermat,pond,NTP,250,intercept_fit,66,1.0,-1.0927530644093961,0.36,0.5
supermat,pond,NTP,250,intercept_fit,67,1.0,-1.0904041701551412,0.46,0.5
supermat,pond,NTP,250,intercept_fit,68,1.0,-2.089117561128932,0.396,0.5
supermat,pond,NTP,250,intercept_fit,69,1.0,-0.6425923783616558,0.484,0.5
supermat,pond,NTP,250,intercept_fit,70,1.0,-0.5564891252964217,0.476,0.5
supermat,pond,NTP,250,intercept_fit,71,1.0,-1.0275401088171565,0.396,0.5
supermat,pond,NTP,250,intercept_fit,72,1.0,-0.5520954640630952,0.504,0.5
supermat,pond,NTP,250,intercept_fit,73,1.0,-1.2980795789945143,0.44,0.5
supermat,pond,NTP,250,intercept_fit,74,1.0,-1.2053633774745591,0.412,0.5
supermat,pond,NTP,250,intercept_fit,75,1.0,-2.4494564050176337,0.472,0.5
supermat,pond,NTP,250,intercept_fit,76,1.0,-1.0318968348322852,0.42,0.5
supermat,pond,NTP,250,intercept_fit,77,1.0,-1.4228085710889786,0.488,0.5
supermat,pond,NTP,250,intercept_fit,78,1.0,-0.6626844162948882,0.54,0.5
supermat,pond,NTP,250,intercept_fit,79,1.0,-1.700450202755672,0.34,0.5
supermat,pond,NTP,250,intercept_fit,80,1.0,-0.6492693947365079,0.536,0.5
supermat,pond,NTP,250,intercept_fit,81,1.0,-0.7328580955804193,0.584,0.5
supermat,pond,NTP,250,intercept_fit,82,1.0,-2.1612849727332315,0.432,0.5
supermat,pond,NTP,250,intercept_fit,83,1.0,-2.07641045883672,0.392,0.5
supermat,pond,NTP,250,intercept_fit,84,1.0,-1.0257041806305072,0.488,0.5
supermat,pond,NTP,250,intercept_fit,85,1.0,-0.27378403905095516,0.588,0.5
supermat,pond,NTP,250,intercept_fit,86,1.0,-1.3727066573980753,0.492,0.5
supermat,pond,NTP,250,intercept_fit,87,1.0,-1.6043155033889624,0.512,0.5
supermat,pond,NTP,250,intercept_fit,88,1.0,-2.066544745681428,0.356,0.5
supermat,pond,NTP,250,intercept_fit,89,1.0,-1.639807071778599,0.384,0.5
supermat,pond,NTP,250,intercept_fit,90,1.0,-2.7232952452176846,0.3,0.5
supermat,pond,NTP,250,intercept_fit,91,1.0,-1.7902374144042235,0.416,0.5
supermat,pond,NTP,250,intercept_fit,92,1.0,-2.452807165534134,0.268,0.5
supermat,pond,NTP,250,intercept_fit,93,1.0,-1.731599097937085,0.42,0.5
supermat,pond,NTP,250,intercept_fit,94,1.0,-1.337796844681312,0.468,0.5
supermat,pond,NTP,250,intercept_fit,95,1.0,-0.5752140884639253,0.58,0.5
supermat,pond,NTP,250,intercept_fit,96,1.0,-0.4329930499439103,0.52,0.5
supermat,pond,NTP,250,intercept_fit,97,1.0,-1.36414589696317,0.432,0.5
supermat,pond,NTP,250,intercept_fit,98,1.0,-1.1948988728612517,0.516,0.5
supermat,pond,NTP,250,intercept_fit,99,1.0,-1.2605805730506892,0.44,0.5
supermat,pond,Probe,500,intercept_fit,0,1.0,-2.227232393166971,0.434,0.5
supermat,pond,Probe,500,intercept_fit,1,1.0,-2.2526274648912983,0.39,0.5
supermat,pond,Probe,500,intercept_fit,2,1.0,-1.8259615409121284,0.47,0.5
supermat,pond,Probe,500,intercept_fit,3,1.0,-2.753437660217506,0.28,0.5
supermat,pond,Probe,500,intercept_fit,4,1.0,-1.1483773186051693,0.588,0.5
supermat,pond,Probe,500,intercept_fit,5,1.0,-2.1478518451214614,0.386,0.5
supermat,pond,Probe,500,intercept_fit,6,1.0,-2.524518810269756,0.406,0.5
supermat,pond,Probe,500,intercept_fit,7,1.0,-1.7221181283273028,0.502,0.5
supermat,pond,Probe,500,intercept_fit,8,1.0,-1.6829346038920032,0.466,0.5
supermat,pond,Probe,500,intercept_fit,9,1.0,-2.315711904660961,0.386,0.5
supermat,pond,Probe,500,intercept_fit,10,1.0,-1.9902759386545397,0.44,0.5
supermat,pond,Probe,500,intercept_fit,11,1.0,-1.0630078565305656,0.494,0.5
supermat,pond,Probe,500,intercept_fit,12,1.0,-2.4073567054647125,0.384,0.5
supermat,pond,Probe,500,intercept_fit,13,1.0,-1.7478305502569274,0.48,0.5
supermat,pond,Probe,500,intercept_fit,14,1.0,-2.235707318338115,0.36,0.5
supermat,pond,Probe,500,intercept_fit,15,1.0,-1.0422817448907005,0.546,0.5
supermat,pond,Probe,500,intercept_fit,16,1.0,-1.8866900148868166,0.49,0.5
supermat,pond,Probe,500,intercept_fit,17,1.0,-2.368147025326359,0.36,0.5
supermat,pond,Probe,500,intercept_fit,18,1.0,-2.2875174075776528,0.422,0.5
supermat,pond,Probe,500,intercept_fit,19,1.0,-1.9661261622173554,0.4,0.5
supermat,pond,Probe,500,intercept_fit,20,1.0,-0.8053089539189592,0.48,0.5
supermat,pond,Probe,500,intercept_fit,21,1.0,-2.5058348398215164,0.324,0.5
supermat,pond,Probe,500,intercept_fit,22,1.0,-1.7234834872467868,0.51,0.5
supermat,pond,Probe,500,intercept_fit,23,1.0,-2.6664221801406396,0.356,0.5
supermat,pond,Probe,500,intercept_fit,24,1.0,-2.387698230111211,0.482,0.5
supermat,pond,Probe,500,intercept_fit,25,1.0,-1.8386459754210112,0.422,0.5
supermat,pond,Probe,500,intercept_fit,26,1.0,-2.0615225175101966,0.422,0.5
supermat,pond,Probe,500,intercept_fit,27,1.0,-2.2565945753828736,0.36,0.5
supermat,pond,Probe,500,intercept_fit,28,1.0,-1.803857184585058,0.448,0.5
supermat,pond,Probe,500,intercept_fit,29,1.0,-2.1984692176776477,0.436,0.5
supermat,pond,Probe,500,intercept_fit,30,1.0,-0.6137136575067825,0.524,0.5
supermat,pond,Probe,500,intercept_fit,31,1.0,-2.4337551393006547,0.336,0.5
supermat,pond,Probe,500,intercept_fit,32,1.0,-1.84905308748489,0.424,0.5
supermat,pond,Probe,500,intercept_fit,33,1.0,-2.2172449402803354,0.392,0.5
supermat,pond,Probe,500,intercept_fit,34,1.0,-2.0045484797492805,0.434,0.5
supermat,pond,Probe,500,intercept_fit,35,1.0,-2.530429540253794,0.38,0.5
supermat,pond,Probe,500,intercept_fit,36,1.0,-1.625935889101489,0.526,0.5
supermat,pond,Probe,500,intercept_fit,37,1.0,-2.2283469697961937,0.394,0.5
supermat,pond,Probe,500,intercept_fit,38,1.0,-2.0997016972417417,0.452,0.5
supermat,pond,Probe,500,intercept_fit,39,1.0,-2.2750828082850676,0.348,0.5
supermat,pond,Probe,500,intercept_fit,40,1.0,-1.8894651371476243,0.468,0.5
supermat,pond,Probe,500,intercept_fit,41,1.0,-1.5673008862918656,0.434,0.5
supermat,pond,Probe,500,intercept_fit,42,1.0,-1.9069532131323799,0.42,0.5
supermat,pond,Probe,500,intercept_fit,43,1.0,-1.237901584962357,0.53,0.5
supermat,pond,Probe,500,intercept_fit,44,1.0,-2.54928651320304,0.372,0.5
supermat,pond,Probe,500,intercept_fit,45,1.0,-1.3742745917049275,0.564,0.5
supermat,pond,Probe,500,intercept_fit,46,1.0,-1.9572058347290573,0.436,0.5
supermat,pond,Probe,500,intercept_fit,47,1.0,-1.958181773222011,0.404,0.5
supermat,pond,Probe,500,intercept_fit,48,1.0,-1.8886490788094403,0.394,0.5
supermat,pond,Probe,500,intercept_fit,49,1.0,-2.3858352147950193,0.356,0.5
supermat,pond,Probe,500,intercept_fit,50,1.0,-2.256674242054717,0.408,0.5
supermat,pond,Probe,500,intercept_fit,51,1.0,-2.3066160085673078,0.462,0.5
supermat,pond,Probe,500,intercept_fit,52,1.0,-2.0350217075943617,0.452,0.5
supermat,pond,Probe,500,intercept_fit,53,1.0,-1.568261840301046,0.442,0.5
supermat,pond,Probe,500,intercept_fit,54,1.0,-1.9482528985549432,0.43,0.5
supermat,pond,Probe,500,intercept_fit,55,1.0,-2.140124558848213,0.406,0.5
supermat,pond,Probe,500,intercept_fit,56,1.0,-2.1340897300414823,0.424,0.5
supermat,pond,Probe,500,intercept_fit,57,1.0,-1.420781161717589,0.496,0.5
supermat,pond,Probe,500,intercept_fit,58,1.0,-2.311962482528504,0.386,0.5
supermat,pond,Probe,500,intercept_fit,59,1.0,-1.654466070836527,0.45,0.5
supermat,pond,Probe,500,intercept_fit,60,1.0,-2.2302661636306484,0.43,0.5
supermat,pond,Probe,500,intercept_fit,61,1.0,-2.1525192729711846,0.468,0.5
supermat,pond,Probe,500,intercept_fit,62,1.0,-2.3588852768959536,0.364,0.5
supermat,pond,Probe,500,intercept_fit,63,1.0,-1.7045337625087142,0.48,0.5
supermat,pond,Probe,500,intercept_fit,64,1.0,-1.288374647164754,0.488,0.5
supermat,pond,Probe,500,intercept_fit,65,1.0,-1.2474216560556781,0.454,0.5
supermat,pond,Probe,500,intercept_fit,66,1.0,-1.9326550673298732,0.426,0.5
supermat,pond,Probe,500,intercept_fit,67,1.0,-1.5734108104398945,0.518,0.5
supermat,pond,Probe,500,intercept_fit,68,1.0,-2.4838438194622867,0.398,0.5
supermat,pond,Probe,500,intercept_fit,69,1.0,-2.104963734480329,0.502,0.5
supermat,pond,Probe,500,intercept_fit,70,1.0,-2.4045486171270833,0.43,0.5
supermat,pond,Probe,500,intercept_fit,71,1.0,-2.3313092113761917,0.356,0.5
supermat,pond,Probe,500,intercept_fit,72,1.0,-1.191176870544648,0.504,0.5
supermat,pond,Probe,500,intercept_fit,73,1.0,-2.279611463594678,0.432,0.5
supermat,pond,Probe,500,intercept_fit,74,1.0,-2.3534111731044147,0.404,0.5
supermat,pond,Probe,500,intercept_fit,75,1.0,-1.345645951822227,0.53,0.5
supermat,pond,Probe,500,intercept_fit,76,1.0,-2.1693347037475945,0.402,0.5
supermat,pond,Probe,500,intercept_fit,77,1.0,-1.6497384692106074,0.49,0.5
supermat,pond,Probe,500,intercept_fit,78,1.0,-1.8557943146829756,0.482,0.5
supermat,pond,Probe,500,intercept_fit,79,1.0,-1.8777751129740268,0.408,0.5
supermat,pond,Probe,500,intercept_fit,80,1.0,-1.2280556408038694,0.538,0.5
supermat,pond,Probe,500,intercept_fit,81,1.0,-1.1293772621075675,0.578,0.5
supermat,pond,Probe,500,intercept_fit,82,1.0,-2.419354589802942,0.37,0.5
supermat,pond,Probe,500,intercept_fit,83,1.0,-2.0362419374101384,0.424,0.5
supermat,pond,Probe,500,intercept_fit,84,1.0,-1.5782831668011823,0.454,0.5
supermat,pond,Probe,500,intercept_fit,85,1.0,-0.9962114683959064,0.566,0.5
supermat,pond,Probe,500,intercept_fit,86,1.0,-1.6756629069678726,0.428,0.5
supermat,pond,Probe,500,intercept_fit,87,1.0,-2.340096831633561,0.442,0.5
supermat,pond,Probe,500,intercept_fit,88,1.0,-2.1004593404964162,0.358,0.5
supermat,pond,Probe,500,intercept_fit,89,1.0,-1.9355653122558951,0.418,0.5
supermat,pond,Probe,500,intercept_fit,90,1.0,-2.5611569388885265,0.388,0.5
supermat,pond,Probe,500,intercept_fit,91,1.0,-2.1551740803834987,0.448,0.5
supermat,pond,Probe,500,intercept_fit,92,1.0,-2.3330941936460325,0.336,0.5
supermat,pond,Probe,500,intercept_fit,93,1.0,-2.127668652748846,0.362,0.5
supermat,pond,Probe,500,intercept_fit,94,1.0,-2.112826109933065,0.454,0.5
supermat,pond,Probe,500,intercept_fit,95,1.0,-1.584158944866086,0.518,0.5
supermat,pond,Probe,500,intercept_fit,96,1.0,-1.006776940825014,0.552,0.5
supermat,pond,Probe,500,intercept_fit,97,1.0,-1.806693591079463,0.498,0.5
supermat,pond,Probe,500,intercept_fit,98,1.0,-1.8327791396489796,0.468,0.5
supermat,pond,Probe,500,intercept_fit,99,1.0,-2.442271155402373,0.428,0.5
supermat,pond,NTP,500,intercept_fit,0,1.0,-1.4030269992203632,0.434,0.5
supermat,pond,NTP,500,intercept_fit,1,1.0,-1.5330501209170677,0.39,0.5
supermat,pond,NTP,500,intercept_fit,2,1.0,-1.6922649784031212,0.47,0.5
supermat,pond,NTP,500,intercept_fit,3,1.0,-2.916872138554207,0.28,0.5
supermat,pond,NTP,500,intercept_fit,4,1.0,-0.09118661422465135,0.588,0.5
supermat,pond,NTP,500,intercept_fit,5,1.0,-1.4371832225295842,0.386,0.5
supermat,pond,NTP,500,intercept_fit,6,1.0,-1.6992328293744903,0.406,0.5
supermat,pond,NTP,500,intercept_fit,7,1.0,-0.6980406429097397,0.502,0.5
supermat,pond,NTP,500,intercept_fit,8,1.0,-1.0998188039500985,0.466,0.5
supermat,pond,NTP,500,intercept_fit,9,1.0,-2.1086052241453737,0.386,0.5
supermat,pond,NTP,500,intercept_fit,10,1.0,-1.3033244145585565,0.44,0.5
supermat,pond,NTP,500,intercept_fit,11,1.0,-0.5842829252653801,0.494,0.5
supermat,pond,NTP,500,intercept_fit,12,1.0,-1.5925452231877015,0.384,0.5
supermat,pond,NTP,500,intercept_fit,13,1.0,-1.0861766105167878,0.48,0.5
supermat,pond,NTP,500,intercept_fit,14,1.0,-2.4648195589576765,0.36,0.5
supermat,pond,NTP,500,intercept_fit,15,1.0,-0.48936883711083234,0.546,0.5
supermat,pond,NTP,500,intercept_fit,16,1.0,-0.8531386197829467,0.49,0.5
supermat,pond,NTP,500,intercept_fit,17,1.0,-2.124330923319473,0.36,0.5
supermat,pond,NTP,500,intercept_fit,18,1.0,-1.3690960392284142,0.422,0.5
supermat,pond,NTP,500,intercept_fit,19,1.0,-2.0306751623290236,0.4,0.5
supermat,pond,NTP,500,intercept_fit,20,1.0,-0.9968586884149375,0.48,0.5
supermat,pond,NTP,500,intercept_fit,21,1.0,-2.016883948389765,0.324,0.5
supermat,pond,NTP,500,intercept_fit,22,1.0,-0.8378609603261788,0.51,0.5
supermat,pond,NTP,500,intercept_fit,23,1.0,-2.2497940287939695,0.356,0.5
supermat,pond,NTP,500,intercept_fit,24,1.0,-1.075820923654325,0.482,0.5
supermat,pond,NTP,500,intercept_fit,25,1.0,-1.1534926895245952,0.422,0.5
supermat,pond,NTP,500,intercept_fit,26,1.0,-1.9504479522355327,0.422,0.5
supermat,pond,NTP,500,intercept_fit,27,1.0,-2.209258162595857,0.36,0.5
supermat,pond,NTP,500,intercept_fit,28,1.0,-1.341966167730836,0.448,0.5
supermat,pond,NTP,500,intercept_fit,29,1.0,-1.0958534936436797,0.436,0.5
supermat,pond,NTP,500,intercept_fit,30,1.0,-0.6228156901979108,0.524,0.5
supermat,pond,NTP,500,intercept_fit,31,1.0,-1.8519151581144047,0.336,0.5
supermat,pond,NTP,500,intercept_fit,32,1.0,-1.0553501563464824,0.424,0.5
supermat,pond,NTP,500,intercept_fit,33,1.0,-1.3900739527016561,0.392,0.5
supermat,pond,NTP,500,intercept_fit,34,1.0,-1.230354091225601,0.434,0.5
supermat,pond,NTP,500,intercept_fit,35,1.0,-2.6648150677860674,0.38,0.5
supermat,pond,NTP,500,intercept_fit,36,1.0,-0.5821127141272623,0.526,0.5
supermat,pond,NTP,500,intercept_fit,37,1.0,-1.2459222620128476,0.394,0.5
supermat,pond,NTP,500,intercept_fit,38,1.0,-1.0086462102314018,0.452,0.5
supermat,pond,NTP,500,intercept_fit,39,1.0,-1.867879049889861,0.348,0.5
supermat,pond,NTP,500,intercept_fit,40,1.0,-1.912831530145254,0.468,0.5
supermat,pond,NTP,500,intercept_fit,41,1.0,-1.0401696762344999,0.434,0.5
supermat,pond,NTP,500,intercept_fit,42,1.0,-1.4957655004637234,0.42,0.5
supermat,pond,NTP,500,intercept_fit,43,1.0,-0.5939635420371786,0.53,0.5
supermat,pond,NTP,500,intercept_fit,44,1.0,-1.6829113840038104,0.372,0.5
supermat,pond,NTP,500,intercept_fit,45,1.0,-0.9389156368913567,0.564,0.5
supermat,pond,NTP,500,intercept_fit,46,1.0,-1.7815025591827203,0.436,0.5
supermat,pond,NTP,500,intercept_fit,47,1.0,-1.576828247220929,0.404,0.5
supermat,pond,NTP,500,intercept_fit,48,1.0,-1.4831881937840552,0.394,0.5
supermat,pond,NTP,500,intercept_fit,49,1.0,-1.5276805204757171,0.356,0.5
supermat,pond,NTP,500,intercept_fit,50,1.0,-1.7088990992854103,0.408,0.5
supermat,pond,NTP,500,intercept_fit,51,1.0,-0.8270981039702475,0.462,0.5
supermat,pond,NTP,500,intercept_fit,52,1.0,-1.50408236647844,0.452,0.5
supermat,pond,NTP,500,intercept_fit,53,1.0,-1.3723561060005827,0.442,0.5
supermat,pond,NTP,500,intercept_fit,54,1.0,-1.8449956702765338,0.43,0.5
supermat,pond,NTP,500,intercept_fit,55,1.0,-1.4439373969289844,0.406,0.5
supermat,pond,NTP,500,intercept_fit,56,1.0,-2.0161875890429344,0.424,0.5
supermat,pond,NTP,500,intercept_fit,57,1.0,-1.2719690590847919,0.496,0.5
supermat,pond,NTP,500,intercept_fit,58,1.0,-1.1802888807953944,0.386,0.5
supermat,pond,NTP,500,intercept_fit,59,1.0,-0.8050404517305314,0.45,0.5
supermat,pond,NTP,500,intercept_fit,60,1.0,-2.0187459506339933,0.43,0.5
supermat,pond,NTP,500,intercept_fit,61,1.0,-0.9751143219998752,0.468,0.5
supermat,pond,NTP,500,intercept_fit,62,1.0,-2.0824609951740034,0.364,0.5
supermat,pond,NTP,500,intercept_fit,63,1.0,-0.9714666587071545,0.48,0.5
supermat,pond,NTP,500,intercept_fit,64,1.0,-1.245365677816176,0.488,0.5
supermat,pond,NTP,500,intercept_fit,65,1.0,-1.0609356455981644,0.454,0.5
supermat,pond,NTP,500,intercept_fit,66,1.0,-0.82174685313945,0.426,0.5
supermat,pond,NTP,500,intercept_fit,67,1.0,-0.5269424648847629,0.518,0.5
supermat,pond,NTP,500,intercept_fit,68,1.0,-2.342955853025019,0.398,0.5
supermat,pond,NTP,500,intercept_fit,69,1.0,-0.5327868083707937,0.502,0.5
supermat,pond,NTP,500,intercept_fit,70,1.0,-0.621737304766914,0.43,0.5
supermat,pond,NTP,500,intercept_fit,71,1.0,-1.5191138010297938,0.356,0.5
supermat,pond,NTP,500,intercept_fit,72,1.0,-0.6186268850680531,0.504,0.5
supermat,pond,NTP,500,intercept_fit,73,1.0,-1.5911824240831405,0.432,0.5
supermat,pond,NTP,500,intercept_fit,74,1.0,-1.1580074656390704,0.404,0.5
supermat,pond,NTP,500,intercept_fit,75,1.0,-1.5692356771857767,0.53,0.5
supermat,pond,NTP,500,intercept_fit,76,1.0,-1.4587434893223987,0.402,0.5
supermat,pond,NTP,500,intercept_fit,77,1.0,-1.460371683842147,0.49,0.5
supermat,pond,NTP,500,intercept_fit,78,1.0,-1.4063848814889301,0.482,0.5
supermat,pond,NTP,500,intercept_fit,79,1.0,-1.3810748135035198,0.408,0.5
supermat,pond,NTP,500,intercept_fit,80,1.0,-0.464323885725081,0.538,0.5
supermat,pond,NTP,500,intercept_fit,81,1.0,-0.6715899641159809,0.578,0.5
supermat,pond,NTP,500,intercept_fit,82,1.0,-3.203101533852021,0.37,0.5
supermat,pond,NTP,500,intercept_fit,83,1.0,-1.740031009982185,0.424,0.5
supermat,pond,NTP,500,intercept_fit,84,1.0,-1.161043488576193,0.454,0.5
supermat,pond,NTP,500,intercept_fit,85,1.0,-0.5947606849367042,0.566,0.5
supermat,pond,NTP,500,intercept_fit,86,1.0,-1.405908767596277,0.428,0.5
supermat,pond,NTP,500,intercept_fit,87,1.0,-1.7129999564412006,0.442,0.5
supermat,pond,NTP,500,intercept_fit,88,1.0,-1.9946172468084027,0.358,0.5
supermat,pond,NTP,500,intercept_fit,89,1.0,-1.0091676048139777,0.418,0.5
supermat,pond,NTP,500,intercept_fit,90,1.0,-2.115518782542671,0.388,0.5
supermat,pond,NTP,500,intercept_fit,91,1.0,-1.5196183590140742,0.448,0.5
supermat,pond,NTP,500,intercept_fit,92,1.0,-2.051287256628801,0.336,0.5
supermat,pond,NTP,500,intercept_fit,93,1.0,-2.075447835911138,0.362,0.5
supermat,pond,NTP,500,intercept_fit,94,1.0,-1.65246520972414,0.454,0.5
supermat,pond,NTP,500,intercept_fit,95,1.0,-0.9515371674299118,0.518,0.5
supermat,pond,NTP,500,intercept_fit,96,1.0,-0.3447584000776457,0.552,0.5
supermat,pond,NTP,500,intercept_fit,97,1.0,-0.7357485222803435,0.498,0.5
supermat,pond,NTP,500,intercept_fit,98,1.0,-1.0209657638083187,0.468,0.5
supermat,pond,NTP,500,intercept_fit,99,1.0,-1.4906052554367342,0.428,0.5
supermat,pond,Probe,1000,intercept_fit,0,1.0,-2.2099186695612274,0.418,0.5
supermat,pond,Probe,1000,intercept_fit,1,1.0,-2.316712137258359,0.389,0.5
supermat,pond,Probe,1000,intercept_fit,2,1.0,-1.6338827234791944,0.496,0.5
supermat,pond,Probe,1000,intercept_fit,3,1.0,-2.6467909547297603,0.295,0.5
supermat,pond,Probe,1000,intercept_fit,4,1.0,-1.2046036286462358,0.576,0.5
supermat,pond,Probe,1000,intercept_fit,5,1.0,-2.083377073032033,0.393,0.5
supermat,pond,Probe,1000,intercept_fit,6,1.0,-2.524809499171913,0.401,0.5
supermat,pond,Probe,1000,intercept_fit,7,1.0,-1.8482695013710904,0.508,0.5
supermat,pond,Probe,1000,intercept_fit,8,1.0,-1.6629106835454581,0.44,0.5
supermat,pond,Probe,1000,intercept_fit,9,1.0,-2.343698895250021,0.4,0.5
supermat,pond,Probe,1000,intercept_fit,10,1.0,-1.980650479654919,0.444,0.5
supermat,pond,Probe,1000,intercept_fit,11,1.0,-1.08295014535752,0.497,0.5
supermat,pond,Probe,1000,intercept_fit,12,1.0,-2.4371556659667246,0.376,0.5
supermat,pond,Probe,1000,intercept_fit,13,1.0,-1.4671966433943162,0.503,0.5
supermat,pond,Probe,1000,intercept_fit,14,1.0,-2.0321767341232904,0.377,0.5
supermat,pond,Probe,1000,intercept_fit,15,1.0,-1.1470169184239891,0.544,0.5
supermat,pond,Probe,1000,intercept_fit,16,1.0,-1.8532454679472676,0.46,0.5
supermat,pond,Probe,1000,intercept_fit,17,1.0,-2.397556885664823,0.355,0.5
supermat,pond,Probe,1000,intercept_fit,18,1.0,-2.2186530792658514,0.441,0.5
supermat,pond,Probe,1000,intercept_fit,19,1.0,-1.8276846035403354,0.413,0.5
supermat,pond,Probe,1000,intercept_fit,20,1.0,-0.43084893126436224,0.553,0.5
supermat,pond,Probe,1000,intercept_fit,21,1.0,-2.388697360298095,0.333,0.5
supermat,pond,Probe,1000,intercept_fit,22,1.0,-1.5721286139611117,0.534,0.5
supermat,pond,Probe,1000,intercept_fit,23,1.0,-2.798570786880476,0.331,0.5
supermat,pond,Probe,1000,intercept_fit,24,1.0,-2.0906895861998986,0.524,0.5
supermat,pond,Probe,1000,intercept_fit,25,1.0,-1.8040362281620919,0.41,0.5
supermat,pond,Probe,1000,intercept_fit,26,1.0,-1.7883542748976606,0.454,0.5
supermat,pond,Probe,1000,intercept_fit,27,1.0,-2.4169883356501707,0.373,0.5
supermat,pond,Probe,1000,intercept_fit,28,1.0,-1.8080038087631616,0.45,0.5
supermat,pond,Probe,1000,intercept_fit,29,1.0,-2.0370806547098077,0.461,0.5
supermat,pond,Probe,1000,intercept_fit,30,1.0,-0.33565100508737933,0.56,0.5
supermat,pond,Probe,1000,intercept_fit,31,1.0,-2.3223952955640508,0.374,0.5
supermat,pond,Probe,1000,intercept_fit,32,1.0,-1.7023982980955517,0.454,0.5
supermat,pond,Probe,1000,intercept_fit,33,1.0,-2.0022712777619702,0.43,0.5
supermat,pond,Probe,1000,intercept_fit,34,1.0,-1.8173888115153052,0.454,0.5
supermat,pond,Probe,1000,intercept_fit,35,1.0,-2.1024234861472775,0.448,0.5
supermat,pond,Probe,1000,intercept_fit,36,1.0,-1.995515511415281,0.474,0.5
supermat,pond,Probe,1000,intercept_fit,37,1.0,-2.1849599692437955,0.408,0.5
supermat,pond,Probe,1000,intercept_fit,38,1.0,-2.4847060183476084,0.407,0.5
supermat,pond,Probe,1000,intercept_fit,39,1.0,-2.3957630979097626,0.34,0.5
supermat,pond,Probe,1000,intercept_fit,40,1.0,-1.9873234448605286,0.469,0.5
supermat,pond,Probe,1000,intercept_fit,41,1.0,-1.453800739757452,0.45,0.5
supermat,pond,Probe,1000,intercept_fit,42,1.0,-1.7781457382120522,0.451,0.5
supermat,pond,Probe,1000,intercept_fit,43,1.0,-1.196163092132473,0.545,0.5
supermat,pond,Probe,1000,intercept_fit,44,1.0,-2.310316682290536,0.379,0.5
supermat,pond,Probe,1000,intercept_fit,45,1.0,-1.5881125052675698,0.527,0.5
supermat,pond,Probe,1000,intercept_fit,46,1.0,-2.0067132436389343,0.406,0.5
supermat,pond,Probe,1000,intercept_fit,47,1.0,-1.7911492197209056,0.435,0.5
supermat,pond,Probe,1000,intercept_fit,48,1.0,-1.8866894138172567,0.408,0.5
supermat,pond,Probe,1000,intercept_fit,49,1.0,-2.457569947166726,0.362,0.5
supermat,pond,Probe,1000,intercept_fit,50,1.0,-2.329192641422512,0.418,0.5
supermat,pond,Probe,1000,intercept_fit,51,1.0,-2.3269459180765146,0.475,0.5
supermat,pond,Probe,1000,intercept_fit,52,1.0,-1.8863142570548872,0.462,0.5
supermat,pond,Probe,1000,intercept_fit,53,1.0,-1.625020848282847,0.442,0.5
supermat,pond,Probe,1000,intercept_fit,54,1.0,-1.7266262653211315,0.427,0.5
supermat,pond,Probe,1000,intercept_fit,55,1.0,-1.815026937319102,0.456,0.5
supermat,pond,Probe,1000,intercept_fit,56,1.0,-2.0557537336908074,0.437,0.5
supermat,pond,Probe,1000,intercept_fit,57,1.0,-1.4314058719675662,0.478,0.5
supermat,pond,Probe,1000,intercept_fit,58,1.0,-2.3017978875508187,0.37,0.5
supermat,pond,Probe,1000,intercept_fit,59,1.0,-2.0386616732363048,0.409,0.5
supermat,pond,Probe,1000,intercept_fit,60,1.0,-2.3489384286071187,0.423,0.5
supermat,pond,Probe,1000,intercept_fit,61,1.0,-1.8810077095475664,0.51,0.5
supermat,pond,Probe,1000,intercept_fit,62,1.0,-2.4682263522650043,0.358,0.5
supermat,pond,Probe,1000,intercept_fit,63,1.0,-1.8357263540001503,0.476,0.5
supermat,pond,Probe,1000,intercept_fit,64,1.0,-1.3620568452053914,0.461,0.5
supermat,pond,Probe,1000,intercept_fit,65,1.0,-1.3854113486981956,0.443,0.5
supermat,pond,Probe,1000,intercept_fit,66,1.0,-1.9363460952760383,0.417,0.5
supermat,pond,Probe,1000,intercept_fit,67,1.0,-1.548629413081415,0.492,0.5
supermat,pond,Probe,1000,intercept_fit,68,1.0,-2.701554018131895,0.351,0.5
supermat,pond,Probe,1000,intercept_fit,69,1.0,-1.9543774986636748,0.512,0.5
supermat,pond,Probe,1000,intercept_fit,70,1.0,-2.2850927477575316,0.455,0.5
supermat,pond,Probe,1000,intercept_fit,71,1.0,-2.2808331315936763,0.375,0.5
supermat,pond,Probe,1000,intercept_fit,72,1.0,-1.3467643555095452,0.485,0.5
supermat,pond,Probe,1000,intercept_fit,73,1.0,-2.115848579173926,0.433,0.5
supermat,pond,Probe,1000,intercept_fit,74,1.0,-2.4008372268445806,0.404,0.5
supermat,pond,Probe,1000,intercept_fit,75,1.0,-1.1455889438418119,0.54,0.5
supermat,pond,Probe,1000,intercept_fit,76,1.0,-1.9870467798572053,0.415,0.5
supermat,pond,Probe,1000,intercept_fit,77,1.0,-1.898788725966361,0.466,0.5
supermat,pond,Probe,1000,intercept_fit,78,1.0,-1.6875131861702468,0.501,0.5
supermat,pond,Probe,1000,intercept_fit,79,1.0,-2.028325196422805,0.358,0.5
supermat,pond,Probe,1000,intercept_fit,80,1.0,-1.2872887523842231,0.541,0.5
supermat,pond,Probe,1000,intercept_fit,81,1.0,-1.280209541357504,0.56,0.5
supermat,pond,Probe,1000,intercept_fit,82,1.0,-2.3500480579086807,0.361,0.5
supermat,pond,Probe,1000,intercept_fit,83,1.0,-1.7600231271816722,0.453,0.5
supermat,pond,Probe,1000,intercept_fit,84,1.0,-1.4997089076123102,0.463,0.5
supermat,pond,Probe,1000,intercept_fit,85,1.0,-0.8905532287500594,0.562,0.5
supermat,pond,Probe,1000,intercept_fit,86,1.0,-2.095040220768681,0.413,0.5
supermat,pond,Probe,1000,intercept_fit,87,1.0,-2.2092319892125767,0.471,0.5
supermat,pond,Probe,1000,intercept_fit,88,1.0,-2.0388524796779066,0.382,0.5
supermat,pond,Probe,1000,intercept_fit,89,1.0,-2.3576828733213766,0.37,0.5
supermat,pond,Probe,1000,intercept_fit,90,1.0,-2.706751071906808,0.348,0.5
supermat,pond,Probe,1000,intercept_fit,91,1.0,-2.061580481638408,0.456,0.5
supermat,pond,Probe,1000,intercept_fit,92,1.0,-2.660346409855054,0.292,0.5
supermat,pond,Probe,1000,intercept_fit,93,1.0,-1.9089237402917638,0.381,0.5
supermat,pond,Probe,1000,intercept_fit,94,1.0,-1.97132525419931,0.471,0.5
supermat,pond,Probe,1000,intercept_fit,95,1.0,-1.5207001162106737,0.566,0.5
supermat,pond,Probe,1000,intercept_fit,96,1.0,-1.220460679228616,0.535,0.5
supermat,pond,Probe,1000,intercept_fit,97,1.0,-1.675612411831644,0.499,0.5
supermat,pond,Probe,1000,intercept_fit,98,1.0,-1.8242471001174005,0.484,0.5
supermat,pond,Probe,1000,intercept_fit,99,1.0,-2.4418076913264666,0.444,0.5
supermat,pond,NTP,1000,intercept_fit,0,1.0,-1.598516576865561,0.418,0.5
supermat,pond,NTP,1000,intercept_fit,1,1.0,-1.4932105096025834,0.389,0.5
supermat,pond,NTP,1000,intercept_fit,2,1.0,-1.2766108171403971,0.496,0.5
supermat,pond,NTP,1000,intercept_fit,3,1.0,-2.57242470062871,0.295,0.5
supermat,pond,NTP,1000,intercept_fit,4,1.0,-0.10703057804651238,0.576,0.5
supermat,pond,NTP,1000,intercept_fit,5,1.0,-1.4602939420679977,0.393,0.5
supermat,pond,NTP,1000,intercept_fit,6,1.0,-2.0762085704365667,0.401,0.5
supermat,pond,NTP,1000,intercept_fit,7,1.0,-0.8931576056179558,0.508,0.5
supermat,pond,NTP,1000,intercept_fit,8,1.0,-1.1717731448057345,0.44,0.5
supermat,pond,NTP,1000,intercept_fit,9,1.0,-1.7176208447752308,0.4,0.5
supermat,pond,NTP,1000,intercept_fit,10,1.0,-1.4605166270393966,0.444,0.5
supermat,pond,NTP,1000,intercept_fit,11,1.0,-0.6130039225410051,0.497,0.5
supermat,pond,NTP,1000,intercept_fit,12,1.0,-1.4868371310209823,0.376,0.5
supermat,pond,NTP,1000,intercept_fit,13,1.0,-0.8345612594714542,0.503,0.5
supermat,pond,NTP,1000,intercept_fit,14,1.0,-1.905300847838987,0.377,0.5
supermat,pond,NTP,1000,intercept_fit,15,1.0,-0.4526052667768864,0.544,0.5
supermat,pond,NTP,1000,intercept_fit,16,1.0,-0.8541823687554445,0.46,0.5
supermat,pond,NTP,1000,intercept_fit,17,1.0,-2.3529463366728107,0.355,0.5
supermat,pond,NTP,1000,intercept_fit,18,1.0,-1.1710689387429787,0.441,0.5
supermat,pond,NTP,1000,intercept_fit,19,1.0,-2.0227827719129707,0.413,0.5
supermat,pond,NTP,1000,intercept_fit,20,1.0,-0.6457443900384898,0.553,0.5
supermat,pond,NTP,1000,intercept_fit,21,1.0,-1.8923372388004207,0.333,0.5
supermat,pond,NTP,1000,intercept_fit,22,1.0,-0.7688419439423964,0.534,0.5
supermat,pond,NTP,1000,intercept_fit,23,1.0,-2.730549908544574,0.331,0.5
supermat,pond,NTP,1000,intercept_fit,24,1.0,-0.8367989641892967,0.524,0.5
supermat,pond,NTP,1000,intercept_fit,25,1.0,-1.1892557764041376,0.41,0.5
supermat,pond,NTP,1000,intercept_fit,26,1.0,-1.8017393790089722,0.454,0.5
supermat,pond,NTP,1000,intercept_fit,27,1.0,-2.6865556152600676,0.373,0.5
supermat,pond,NTP,1000,intercept_fit,28,1.0,-1.2540842406485855,0.45,0.5
supermat,pond,NTP,1000,intercept_fit,29,1.0,-0.8533607736122699,0.461,0.5
supermat,pond,NTP,1000,intercept_fit,30,1.0,-0.48544989183471854,0.56,0.5
supermat,pond,NTP,1000,intercept_fit,31,1.0,-1.7353243650386885,0.374,0.5
supermat,pond,NTP,1000,intercept_fit,32,1.0,-0.7531283337284536,0.454,0.5
supermat,pond,NTP,1000,intercept_fit,33,1.0,-1.086679105325546,0.43,0.5
supermat,pond,NTP,1000,intercept_fit,34,1.0,-1.0105934403375227,0.454,0.5
supermat,pond,NTP,1000,intercept_fit,35,1.0,-1.687767197232723,0.448,0.5
supermat,pond,NTP,1000,intercept_fit,36,1.0,-1.0997567378954485,0.474,0.5
supermat,pond,NTP,1000,intercept_fit,37,1.0,-1.0867140140279625,0.408,0.5
supermat,pond,NTP,1000,intercept_fit,38,1.0,-1.5112809014874888,0.407,0.5
supermat,pond,NTP,1000,intercept_fit,39,1.0,-2.294275976276596,0.34,0.5
supermat,pond,NTP,1000,intercept_fit,40,1.0,-2.072894455261177,0.469,0.5
supermat,pond,NTP,1000,intercept_fit,41,1.0,-0.9481142238368788,0.45,0.5
supermat,pond,NTP,1000,intercept_fit,42,1.0,-1.3524760539334313,0.451,0.5
supermat,pond,NTP,1000,intercept_fit,43,1.0,-0.511246637451538,0.545,0.5
supermat,pond,NTP,1000,intercept_fit,44,1.0,-1.249463534448422,0.379,0.5
supermat,pond,NTP,1000,intercept_fit,45,1.0,-1.2214347156791459,0.527,0.5
supermat,pond,NTP,1000,intercept_fit,46,1.0,-2.1794978263814584,0.406,0.5
supermat,pond,NTP,1000,intercept_fit,47,1.0,-1.3976952472611504,0.435,0.5
supermat,pond,NTP,1000,intercept_fit,48,1.0,-1.531777678518721,0.408,0.5
supermat,pond,NTP,1000,intercept_fit,49,1.0,-1.6833007681683219,0.362,0.5
supermat,pond,NTP,1000,intercept_fit,50,1.0,-1.9369633296029303,0.418,0.5
supermat,pond,NTP,1000,intercept_fit,51,1.0,-0.8954547728203006,0.475,0.5
supermat,pond,NTP,1000,intercept_fit,52,1.0,-1.4034619072545476,0.462,0.5
supermat,pond,NTP,1000,intercept_fit,53,1.0,-1.344923431432097,0.442,0.5
supermat,pond,NTP,1000,intercept_fit,54,1.0,-1.6293872352435876,0.427,0.5
supermat,pond,NTP,1000,intercept_fit,55,1.0,-1.1819231546525482,0.456,0.5
supermat,pond,NTP,1000,intercept_fit,56,1.0,-1.8183487421930098,0.437,0.5
supermat,pond,NTP,1000,intercept_fit,57,1.0,-1.071006770353974,0.478,0.5
supermat,pond,NTP,1000,intercept_fit,58,1.0,-1.4656315332848775,0.37,0.5
supermat,pond,NTP,1000,intercept_fit,59,1.0,-1.1457690668447424,0.409,0.5
supermat,pond,NTP,1000,intercept_fit,60,1.0,-1.861651923762811,0.423,0.5
supermat,pond,NTP,1000,intercept_fit,61,1.0,-0.6141294642611351,0.51,0.5
supermat,pond,NTP,1000,intercept_fit,62,1.0,-2.087069022734188,0.358,0.5
supermat,pond,NTP,1000,intercept_fit,63,1.0,-1.0294474250235377,0.476,0.5
supermat,pond,NTP,1000,intercept_fit,64,1.0,-1.3680135656024708,0.461,0.5
supermat,pond,NTP,1000,intercept_fit,65,1.0,-0.9058763431999851,0.443,0.5
supermat,pond,NTP,1000,intercept_fit,66,1.0,-0.8649567790191943,0.417,0.5
supermat,pond,NTP,1000,intercept_fit,67,1.0,-0.5013534129361314,0.492,0.5
supermat,pond,NTP,1000,intercept_fit,68,1.0,-2.209583473214613,0.351,0.5
supermat,pond,NTP,1000,intercept_fit,69,1.0,-0.4144969853688605,0.512,0.5
supermat,pond,NTP,1000,intercept_fit,70,1.0,-0.5045299220403628,0.455,0.5
supermat,pond,NTP,1000,intercept_fit,71,1.0,-1.536977929935328,0.375,0.5
supermat,pond,NTP,1000,intercept_fit,72,1.0,-0.5303815896600589,0.485,0.5
supermat,pond,NTP,1000,intercept_fit,73,1.0,-1.2906820603803792,0.433,0.5
supermat,pond,NTP,1000,intercept_fit,74,1.0,-1.2637136570538743,0.404,0.5
supermat,pond,NTP,1000,intercept_fit,75,1.0,-1.1761766727358678,0.54,0.5
supermat,pond,NTP,1000,intercept_fit,76,1.0,-1.0901907817213647,0.415,0.5
supermat,pond,NTP,1000,intercept_fit,77,1.0,-2.074118805049442,0.466,0.5
supermat,pond,NTP,1000,intercept_fit,78,1.0,-1.3739374174262016,0.501,0.5
supermat,pond,NTP,1000,intercept_fit,79,1.0,-1.3916480998864462,0.358,0.5
supermat,pond,NTP,1000,intercept_fit,80,1.0,-0.466538385314672,0.541,0.5
supermat,pond,NTP,1000,intercept_fit,81,1.0,-0.856442966671747,0.56,0.5
supermat,pond,NTP,1000,intercept_fit,82,1.0,-2.988042669369929,0.361,0.5
supermat,pond,NTP,1000,intercept_fit,83,1.0,-1.236096997752234,0.453,0.5
supermat,pond,NTP,1000,intercept_fit,84,1.0,-1.1074161040360384,0.463,0.5
supermat,pond,NTP,1000,intercept_fit,85,1.0,-0.4352095441241229,0.562,0.5
supermat,pond,NTP,1000,intercept_fit,86,1.0,-1.919126211710657,0.413,0.5
supermat,pond,NTP,1000,intercept_fit,87,1.0,-1.714729015348313,0.471,0.5
supermat,pond,NTP,1000,intercept_fit,88,1.0,-1.7980436732343887,0.382,0.5
supermat,pond,NTP,1000,intercept_fit,89,1.0,-1.3378159427283156,0.37,0.5
supermat,pond,NTP,1000,intercept_fit,90,1.0,-2.3785323799093523,0.348,0.5
supermat,pond,NTP,1000,intercept_fit,91,1.0,-1.516935432687979,0.456,0.5
supermat,pond,NTP,1000,intercept_fit,92,1.0,-2.554598408867607,0.292,0.5
supermat,pond,NTP,1000,intercept_fit,93,1.0,-1.7022364499913147,0.381,0.5
supermat,pond,NTP,1000,intercept_fit,94,1.0,-1.3457913026879862,0.471,0.5
supermat,pond,NTP,1000,intercept_fit,95,1.0,-0.7824739714247978,0.566,0.5
supermat,pond,NTP,1000,intercept_fit,96,1.0,-0.5355938241399242,0.535,0.5
supermat,pond,NTP,1000,intercept_fit,97,1.0,-0.6926891910077618,0.499,0.5
supermat,pond,NTP,1000,intercept_fit,98,1.0,-0.9326853775805148,0.484,0.5
supermat,pond,NTP,1000,intercept_fit,99,1.0,-1.6321840473002378,0.444,0.5
supermat,nfix,Probe,10,intercept_fit,0,1.0,-4.13005561965656,0.3,0.5
supermat,nfix,Probe,10,intercept_fit,1,1.0,-3.151731585559916,0.3,0.5
supermat,nfix,Probe,10,intercept_fit,2,1.0,-5.385615419857068,0.1,0.5
supermat,nfix,Probe,10,intercept_fit,3,1.0,-5.709633519499942,0.1,0.5
supermat,nfix,Probe,10,intercept_fit,4,1.0,-4.335091670010962,0.3,0.5
supermat,nfix,Probe,10,intercept_fit,5,1.0,-3.9365707442783706,0.3,0.5
supermat,nfix,Probe,10,intercept_fit,6,1.0,-4.26802219602976,0.2,0.5
supermat,nfix,Probe,10,intercept_fit,7,1.0,-5.201282317308525,0.3,0.5
supermat,nfix,Probe,10,intercept_fit,8,1.0,-5.545991766837013,0.1,0.5
supermat,nfix,Probe,10,intercept_fit,9,1.0,-3.7050152670206504,0.5,0.5
supermat,nfix,Probe,10,intercept_fit,10,1.0,-3.9266356280953034,0.3,0.5
supermat,nfix,Probe,10,intercept_fit,11,1.0,-3.5427466380850516,0.4,0.5
supermat,nfix,Probe,10,intercept_fit,12,1.0,-3.865023754166827,0.4,0.5
supermat,nfix,Probe,10,intercept_fit,13,1.0,-4.765128513912528,0.1,0.5
supermat,nfix,Probe,10,intercept_fit,14,1.0,-3.805265058533851,0.3,0.5
supermat,nfix,Probe,10,intercept_fit,15,1.0,-5.72798618932874,0.1,0.5
supermat,nfix,Probe,10,intercept_fit,16,1.0,-4.254553504481104,0.3,0.5
supermat,nfix,Probe,10,intercept_fit,17,1.0,-4.9562599274365375,0.2,0.5
supermat,nfix,Probe,10,intercept_fit,18,1.0,-4.223001358652765,0.4,0.5
supermat,nfix,Probe,10,intercept_fit,19,1.0,-4.746960055857748,0.2,0.5
supermat,nfix,Probe,10,intercept_fit,20,1.0,-3.1111684977622227,0.4,0.5
supermat,nfix,Probe,10,intercept_fit,22,1.0,-4.850839258572855,0.1,0.5
supermat,nfix,Probe,10,intercept_fit,23,1.0,-3.85663195232379,0.4,0.5
supermat,nfix,Probe,10,intercept_fit,24,1.0,-4.27705455316825,0.2,0.5
supermat,nfix,Probe,10,intercept_fit,25,1.0,-3.575255588407672,0.3,0.5
supermat,nfix,Probe,10,intercept_fit,26,1.0,-4.914646848501696,0.2,0.5
supermat,nfix,Probe,10,intercept_fit,27,1.0,-5.219160081930416,0.1,0.5
supermat,nfix,Probe,10,intercept_fit,28,1.0,-4.906267020846623,0.2,0.5
supermat,nfix,Probe,10,intercept_fit,29,1.0,-4.1611627597434495,0.3,0.5
supermat,nfix,Probe,10,intercept_fit,30,1.0,-5.310324640669298,0.2,0.5
supermat,nfix,Probe,10,intercept_fit,31,1.0,-4.299557232652411,0.3,0.5
supermat,nfix,Probe,10,intercept_fit,32,1.0,-5.052057407465457,0.2,0.5
supermat,nfix,Probe,10,intercept_fit,33,1.0,-4.453938145058682,0.4,0.5
supermat,nfix,Probe,10,intercept_fit,34,1.0,-4.537119372243465,0.3,0.5
supermat,nfix,Probe,10,intercept_fit,35,1.0,-3.4666585082483716,0.4,0.5
supermat,nfix,Probe,10,intercept_fit,36,1.0,-3.7899200572190055,0.4,0.5
supermat,nfix,Probe,10,intercept_fit,38,1.0,-4.329719632709719,0.3,0.5
supermat,nfix,Probe,10,intercept_fit,39,1.0,-3.1232221383812973,0.4,0.5
supermat,nfix,Probe,10,intercept_fit,40,1.0,-5.694494838874369,0.1,0.5
supermat,nfix,Probe,10,intercept_fit,41,1.0,-4.695026458159157,0.3,0.5
supermat,nfix,Probe,10,intercept_fit,42,1.0,-3.8098803554055536,0.3,0.5
supermat,nfix,Probe,10,intercept_fit,43,1.0,-3.3230044185027716,0.5,0.5
supermat,nfix,Probe,10,intercept_fit,44,1.0,-3.5283429158958084,0.4,0.5
supermat,nfix,Probe,10,intercept_fit,45,1.0,-5.15231163692954,0.1,0.5
supermat,nfix,Probe,10,intercept_fit,46,1.0,-4.294116927638392,0.3,0.5
supermat,nfix,Probe,10,intercept_fit,47,1.0,-5.160200392134192,0.2,0.5
supermat,nfix,Probe,10,intercept_fit,48,1.0,-4.272604727891224,0.2,0.5
supermat,nfix,Probe,10,intercept_fit,49,1.0,-5.1031746209806,0.1,0.5
supermat,nfix,Probe,10,intercept_fit,50,1.0,-2.988617176780575,0.5,0.5
supermat,nfix,Probe,10,intercept_fit,51,1.0,-3.30969058429687,0.4,0.5
supermat,nfix,Probe,10,intercept_fit,52,1.0,-4.689312658253112,0.2,0.5
supermat,nfix,Probe,10,intercept_fit,53,1.0,-1.1679372217345678,0.9,0.5
supermat,nfix,Probe,10,intercept_fit,54,1.0,-4.20786340432065,0.3,0.5
supermat,nfix,Probe,10,intercept_fit,55,1.0,-5.730722969031958,0.1,0.5
supermat,nfix,Probe,10,intercept_fit,56,1.0,-4.759158441344147,0.3,0.5
supermat,nfix,Probe,10,intercept_fit,57,1.0,-3.918752918197979,0.4,0.5
supermat,nfix,Probe,10,intercept_fit,58,1.0,-4.608569829624404,0.4,0.5
supermat,nfix,Probe,10,intercept_fit,59,1.0,-3.4309633464186478,0.6,0.5
supermat,nfix,Probe,10,intercept_fit,60,1.0,-5.171346680897155,0.3,0.5
supermat,nfix,Probe,10,intercept_fit,61,1.0,-3.9936866662007215,0.2,0.5
supermat,nfix,Probe,10,intercept_fit,62,1.0,-4.331858352314928,0.3,0.5
supermat,nfix,Probe,10,intercept_fit,63,1.0,-4.58964954021732,0.2,0.5
supermat,nfix,Probe,10,intercept_fit,64,1.0,-3.879475755946173,0.3,0.5
supermat,nfix,Probe,10,intercept_fit,65,1.0,-3.407280066932647,0.5,0.5
supermat,nfix,Probe,10,intercept_fit,67,1.0,-5.38407119971075,0.2,0.5
supermat,nfix,Probe,10,intercept_fit,68,1.0,-4.86186853087414,0.2,0.5
supermat,nfix,Probe,10,intercept_fit,69,1.0,-5.591678600540016,0.2,0.5
supermat,nfix,Probe,10,intercept_fit,70,1.0,-4.694539838823134,0.1,0.5
supermat,nfix,Probe,10,intercept_fit,71,1.0,-4.311523366882071,0.4,0.5
supermat,nfix,Probe,10,intercept_fit,72,1.0,-4.166653035397852,0.2,0.5
supermat,nfix,Probe,10,intercept_fit,73,1.0,-5.445168074742655,0.2,0.5
supermat,nfix,Probe,10,intercept_fit,74,1.0,-6.376036447981724,0.1,0.5
supermat,nfix,Probe,10,intercept_fit,75,1.0,-5.472520433562647,0.1,0.5
supermat,nfix,Probe,10,intercept_fit,76,1.0,-2.9625553859765312,0.4,0.5
supermat,nfix,Probe,10,intercept_fit,77,1.0,-5.076825574021406,0.2,0.5
supermat,nfix,Probe,10,intercept_fit,78,1.0,-4.11691257896513,0.3,0.5
supermat,nfix,Probe,10,intercept_fit,79,1.0,-3.9996319467260713,0.3,0.5
supermat,nfix,Probe,10,intercept_fit,80,1.0,-4.487803317386672,0.3,0.5
supermat,nfix,Probe,10,intercept_fit,81,1.0,-3.942180908351319,0.4,0.5
supermat,nfix,Probe,10,intercept_fit,82,1.0,-5.833176514736038,0.1,0.5
supermat,nfix,Probe,10,intercept_fit,83,1.0,-3.971705207525034,0.4,0.5
supermat,nfix,Probe,10,intercept_fit,84,1.0,-4.489484390384509,0.3,0.5
supermat,nfix,Probe,10,intercept_fit,85,1.0,-4.639054672806874,0.3,0.5
supermat,nfix,Probe,10,intercept_fit,86,1.0,-3.9584535656867876,0.2,0.5
supermat,nfix,Probe,10,intercept_fit,87,1.0,-5.96623463833688,0.2,0.5
supermat,nfix,Probe,10,intercept_fit,88,1.0,-3.657047920688095,0.4,0.5
supermat,nfix,Probe,10,intercept_fit,89,1.0,-3.799368823990239,0.4,0.5
supermat,nfix,Probe,10,intercept_fit,90,1.0,-4.289655572745904,0.3,0.5
supermat,nfix,Probe,10,intercept_fit,91,1.0,-3.630555045975171,0.2,0.5
supermat,nfix,Probe,10,intercept_fit,92,1.0,-3.2077085023012026,0.4,0.5
supermat,nfix,Probe,10,intercept_fit,93,1.0,-3.393322458034989,0.5,0.5
supermat,nfix,Probe,10,intercept_fit,94,1.0,-5.399706220853033,0.3,0.5
supermat,nfix,Probe,10,intercept_fit,95,1.0,-4.61696457254844,0.4,0.5
supermat,nfix,Probe,10,intercept_fit,96,1.0,-3.9050030791537376,0.3,0.5
supermat,nfix,Probe,10,intercept_fit,97,1.0,-4.229628241242457,0.4,0.5
supermat,nfix,Probe,10,intercept_fit,98,1.0,-4.401050928909377,0.2,0.5
supermat,nfix,Probe,10,intercept_fit,99,1.0,-6.1827591416938015,0.1,0.5
supermat,nfix,Probe,10,intercept_fit,100,1.0,-5.829849784417087,0.1,0.5
supermat,nfix,Probe,10,intercept_fit,101,1.0,-5.326529609311657,0.1,0.5
supermat,nfix,Probe,10,intercept_fit,102,1.0,-2.607389571624459,0.5,0.5
supermat,nfix,NTP,10,intercept_fit,0,1.0,-7.5255996451503755,0.3,0.5
supermat,nfix,NTP,10,intercept_fit,1,1.0,-7.645976469063068,0.3,0.5
supermat,nfix,NTP,10,intercept_fit,2,1.0,-9.64348048425831,0.1,0.5
supermat,nfix,NTP,10,intercept_fit,3,1.0,-10.291017905580103,0.1,0.5
supermat,nfix,NTP,10,intercept_fit,4,1.0,-11.271452402599941,0.3,0.5
supermat,nfix,NTP,10,intercept_fit,5,1.0,-6.6017187667014,0.3,0.5
supermat,nfix,NTP,10,intercept_fit,6,1.0,-13.369383880179903,0.2,0.5
supermat,nfix,NTP,10,intercept_fit,7,1.0,-13.777440926776942,0.3,0.5
supermat,nfix,NTP,10,intercept_fit,8,1.0,-13.791805338985286,0.1,0.5
supermat,nfix,NTP,10,intercept_fit,9,1.0,-7.5849137907620925,0.5,0.5
supermat,nfix,NTP,10,intercept_fit,10,1.0,-7.689896403008714,0.3,0.5
supermat,nfix,NTP,10,intercept_fit,11,1.0,-7.9937917169656725,0.4,0.5
supermat,nfix,NTP,10,intercept_fit,12,1.0,-6.2412455882688045,0.4,0.5
supermat,nfix,NTP,10,intercept_fit,13,1.0,-14.402289563499496,0.1,0.5
supermat,nfix,NTP,10,intercept_fit,14,1.0,-10.960248702280536,0.3,0.5
supermat,nfix,NTP,10,intercept_fit,15,1.0,-7.779105862020889,0.1,0.5
supermat,nfix,NTP,10,intercept_fit,16,1.0,-4.473922433386256,0.3,0.5
supermat,nfix,NTP,10,intercept_fit,17,1.0,-12.124676980950023,0.2,0.5
supermat,nfix,NTP,10,intercept_fit,18,1.0,-9.300657293383711,0.4,0.5
supermat,nfix,NTP,10,intercept_fit,19,1.0,-12.901308199443639,0.2,0.5
supermat,nfix,NTP,10,intercept_fit,20,1.0,-8.515190086827353,0.4,0.5
supermat,nfix,NTP,10,intercept_fit,22,1.0,-6.607403583335032,0.1,0.5
supermat,nfix,NTP,10,intercept_fit,23,1.0,-3.3810094044929744,0.4,0.5
supermat,nfix,NTP,10,intercept_fit,24,1.0,-4.4928351049238655,0.2,0.5
supermat,nfix,NTP,10,intercept_fit,25,1.0,-4.935239817328487,0.3,0.5
supermat,nfix,NTP,10,intercept_fit,26,1.0,-7.744250108128834,0.2,0.5
supermat,nfix,NTP,10,intercept_fit,27,1.0,-6.008643860319808,0.1,0.5
supermat,nfix,NTP,10,intercept_fit,28,1.0,-13.23467080807436,0.2,0.5
supermat,nfix,NTP,10,intercept_fit,29,1.0,-11.767171308450175,0.3,0.5
supermat,nfix,NTP,10,intercept_fit,30,1.0,-12.874995142177003,0.2,0.5
supermat,nfix,NTP,10,intercept_fit,31,1.0,-11.785623639041104,0.3,0.5
supermat,nfix,NTP,10,intercept_fit,32,1.0,-12.763299232856125,0.2,0.5
supermat,nfix,NTP,10,intercept_fit,33,1.0,-12.634567893949553,0.4,0.5
supermat,nfix,NTP,10,intercept_fit,34,1.0,-10.475630743608125,0.3,0.5
supermat,nfix,NTP,10,intercept_fit,35,1.0,-3.4128460998749763,0.4,0.5
supermat,nfix,NTP,10,intercept_fit,36,1.0,-8.625838371022821,0.4,0.5
supermat,nfix,NTP,10,intercept_fit,38,1.0,-7.291932378828796,0.3,0.5
supermat,nfix,NTP,10,intercept_fit,39,1.0,-2.445754999110319,0.4,0.5
supermat,nfix,NTP,10,intercept_fit,40,1.0,-13.247456350827758,0.1,0.5
supermat,nfix,NTP,10,intercept_fit,41,1.0,-7.049553391689379,0.3,0.5
supermat,nfix,NTP,10,intercept_fit,42,1.0,-1.9699448582340873,0.3,0.5
supermat,nfix,NTP,10,intercept_fit,43,1.0,-3.3601843652195176,0.5,0.5
supermat,nfix,NTP,10,intercept_fit,44,1.0,-8.016802757654283,0.4,0.5
supermat,nfix,NTP,10,intercept_fit,45,1.0,-13.689633296653723,0.1,0.5
supermat,nfix,NTP,10,intercept_fit,46,1.0,-9.545204010673222,0.3,0.5
supermat,nfix,NTP,10,intercept_fit,47,1.0,-13.788962714531683,0.2,0.5
supermat,nfix,NTP,10,intercept_fit,48,1.0,-1.8482931925534336,0.2,0.5
supermat,nfix,NTP,10,intercept_fit,49,1.0,-9.089818387171102,0.1,0.5
supermat,nfix,NTP,10,intercept_fit,50,1.0,-7.311217859794818,0.5,0.5
supermat,nfix,NTP,10,intercept_fit,51,1.0,-1.5010017234721593,0.4,0.5
supermat,nfix,NTP,10,intercept_fit,52,1.0,-11.418834995822301,0.2,0.5
supermat,nfix,NTP,10,intercept_fit,53,1.0,1.2506234385662651,0.9,0.5
supermat,nfix,NTP,10,intercept_fit,54,1.0,-3.1079456204370524,0.3,0.5
supermat,nfix,NTP,10,intercept_fit,55,1.0,-6.814644810843711,0.1,0.5
supermat,nfix,NTP,10,intercept_fit,56,1.0,-13.214591547790222,0.3,0.5
supermat,nfix,NTP,10,intercept_fit,57,1.0,-3.9131460801540174,0.4,0.5
supermat,nfix,NTP,10,intercept_fit,58,1.0,-12.851047644577214,0.4,0.5
supermat,nfix,NTP,10,intercept_fit,59,1.0,-11.750141203051431,0.6,0.5
supermat,nfix,NTP,10,intercept_fit,60,1.0,-2.032398154150604,0.3,0.5
supermat,nfix,NTP,10,intercept_fit,61,1.0,-2.3528182189372036,0.2,0.5
supermat,nfix,NTP,10,intercept_fit,62,1.0,-12.429708874230712,0.3,0.5
supermat,nfix,NTP,10,intercept_fit,63,1.0,-12.152045537830595,0.2,0.5
supermat,nfix,NTP,10,intercept_fit,64,1.0,-13.155815233496051,0.3,0.5
supermat,nfix,NTP,10,intercept_fit,65,1.0,-2.146157463720128,0.5,0.5
supermat,nfix,NTP,10,intercept_fit,67,1.0,-10.326134028726539,0.2,0.5
supermat,nfix,NTP,10,intercept_fit,68,1.0,-8.455292052340567,0.2,0.5
supermat,nfix,NTP,10,intercept_fit,69,1.0,-13.269035943131039,0.2,0.5
supermat,nfix,NTP,10,intercept_fit,70,1.0,-11.260267329594523,0.1,0.5
supermat,nfix,NTP,10,intercept_fit,71,1.0,-6.78140930696662,0.4,0.5
supermat,nfix,NTP,10,intercept_fit,72,1.0,-11.436133683712672,0.2,0.5
supermat,nfix,NTP,10,intercept_fit,73,1.0,-3.673231451389283,0.2,0.5
supermat,nfix,NTP,10,intercept_fit,74,1.0,-14.322646187770916,0.1,0.5
supermat,nfix,NTP,10,intercept_fit,75,1.0,-12.578381420941508,0.1,0.5
supermat,nfix,NTP,10,intercept_fit,76,1.0,-5.357519497977131,0.4,0.5
supermat,nfix,NTP,10,intercept_fit,77,1.0,-12.102000277410351,0.2,0.5
supermat,nfix,NTP,10,intercept_fit,78,1.0,-8.886599221391327,0.3,0.5
supermat,nfix,NTP,10,intercept_fit,79,1.0,-7.248062185894878,0.3,0.5
supermat,nfix,NTP,10,intercept_fit,80,1.0,-11.106012115266688,0.3,0.5
supermat,nfix,NTP,10,intercept_fit,81,1.0,-11.528948166027241,0.4,0.5
supermat,nfix,NTP,10,intercept_fit,82,1.0,-13.919821255492323,0.1,0.5
supermat,nfix,NTP,10,intercept_fit,83,1.0,-12.918341295245025,0.4,0.5
supermat,nfix,NTP,10,intercept_fit,84,1.0,-8.696240843486837,0.3,0.5
supermat,nfix,NTP,10,intercept_fit,85,1.0,-13.227728156164233,0.3,0.5
supermat,nfix,NTP,10,intercept_fit,86,1.0,-12.543657540093255,0.2,0.5
supermat,nfix,NTP,10,intercept_fit,87,1.0,-9.992218980955233,0.2,0.5
supermat,nfix,NTP,10,intercept_fit,88,1.0,-1.8165270320145481,0.4,0.5
supermat,nfix,NTP,10,intercept_fit,89,1.0,-5.279558608927789,0.4,0.5
supermat,nfix,NTP,10,intercept_fit,90,1.0,-9.08981668074725,0.3,0.5
supermat,nfix,NTP,10,intercept_fit,91,1.0,-8.001997820573136,0.2,0.5
supermat,nfix,NTP,10,intercept_fit,92,1.0,-6.820038409389974,0.4,0.5
supermat,nfix,NTP,10,intercept_fit,93,1.0,-3.7382678150817368,0.5,0.5
supermat,nfix,NTP,10,intercept_fit,94,1.0,-10.311864159125548,0.3,0.5
supermat,nfix,NTP,10,intercept_fit,95,1.0,-12.49275190424362,0.4,0.5
supermat,nfix,NTP,10,intercept_fit,96,1.0,-7.1155420280842785,0.3,0.5
supermat,nfix,NTP,10,intercept_fit,97,1.0,-5.494412078803532,0.4,0.5
supermat,nfix,NTP,10,intercept_fit,98,1.0,-6.597557266755556,0.2,0.5
supermat,nfix,NTP,10,intercept_fit,99,1.0,-13.650783506116714,0.1,0.5
supermat,nfix,NTP,10,intercept_fit,100,1.0,-1.9265451348787073,0.1,0.5
supermat,nfix,NTP,10,intercept_fit,101,1.0,-13.55584029138404,0.1,0.5
supermat,nfix,NTP,10,intercept_fit,102,1.0,-0.9284031912709105,0.5,0.5
supermat,nfix,Probe,50,intercept_fit,0,1.0,-5.105567772164051,0.22,0.5
supermat,nfix,Probe,50,intercept_fit,1,1.0,-4.412562138813591,0.34,0.5
supermat,nfix,Probe,50,intercept_fit,2,1.0,-4.158045538160805,0.26,0.5
supermat,nfix,Probe,50,intercept_fit,3,1.0,-4.357708695518002,0.28,0.5
supermat,nfix,Probe,50,intercept_fit,4,1.0,-4.346985485285187,0.36,0.5
supermat,nfix,Probe,50,intercept_fit,5,1.0,-4.731779748856917,0.22,0.5
supermat,nfix,Probe,50,intercept_fit,6,1.0,-3.9603642718748326,0.32,0.5
supermat,nfix,Probe,50,intercept_fit,7,1.0,-4.348811019385375,0.34,0.5
supermat,nfix,Probe,50,intercept_fit,8,1.0,-4.833880709004349,0.24,0.5
supermat,nfix,Probe,50,intercept_fit,9,1.0,-4.665706212706466,0.3,0.5
supermat,nfix,Probe,50,intercept_fit,10,1.0,-4.263854223874765,0.28,0.5
supermat,nfix,Probe,50,intercept_fit,11,1.0,-4.33583133910217,0.32,0.5
supermat,nfix,Probe,50,intercept_fit,12,1.0,-4.253232756814106,0.32,0.5
supermat,nfix,Probe,50,intercept_fit,13,1.0,-4.675231392817096,0.2,0.5
supermat,nfix,Probe,50,intercept_fit,14,1.0,-4.637440235818275,0.26,0.5
supermat,nfix,Probe,50,intercept_fit,15,1.0,-5.047768631583504,0.14,0.5
supermat,nfix,Probe,50,intercept_fit,16,1.0,-5.041159404007793,0.16,0.5
supermat,nfix,Probe,50,intercept_fit,17,1.0,-3.801726318211282,0.3,0.5
supermat,nfix,Probe,50,intercept_fit,18,1.0,-3.729015131992995,0.4,0.5
supermat,nfix,Probe,50,intercept_fit,19,1.0,-5.466513368448907,0.1,0.5
supermat,nfix,Probe,50,intercept_fit,20,1.0,-4.113366257019817,0.26,0.5
supermat,nfix,Probe,50,intercept_fit,21,1.0,-3.8702364767193003,0.34,0.5
supermat,nfix,Probe,50,intercept_fit,22,1.0,-4.382091652271992,0.22,0.5
supermat,nfix,Probe,50,intercept_fit,23,1.0,-4.604464224678898,0.24,0.5
supermat,nfix,Probe,50,intercept_fit,24,1.0,-4.672489657777647,0.24,0.5
supermat,nfix,Probe,50,intercept_fit,25,1.0,-3.7862715739567037,0.32,0.5
supermat,nfix,Probe,50,intercept_fit,26,1.0,-3.7857673655362136,0.3,0.5
supermat,nfix,Probe,50,intercept_fit,27,1.0,-4.732692768237739,0.22,0.5
supermat,nfix,Probe,50,intercept_fit,28,1.0,-5.170266909914178,0.24,0.5
supermat,nfix,Probe,50,intercept_fit,29,1.0,-3.629719247988476,0.34,0.5
supermat,nfix,Probe,50,intercept_fit,30,1.0,-4.344213451712525,0.32,0.5
supermat,nfix,Probe,50,intercept_fit,31,1.0,-4.258810875182385,0.28,0.5
supermat,nfix,Probe,50,intercept_fit,32,1.0,-5.536024492775954,0.16,0.5
supermat,nfix,Probe,50,intercept_fit,33,1.0,-4.919383014565122,0.24,0.5
supermat,nfix,Probe,50,intercept_fit,34,1.0,-4.75167429371611,0.24,0.5
supermat,nfix,Probe,50,intercept_fit,35,1.0,-4.319836029162065,0.24,0.5
supermat,nfix,Probe,50,intercept_fit,36,1.0,-4.413178331146696,0.28,0.5
supermat,nfix,Probe,50,intercept_fit,37,1.0,-4.507234378712909,0.26,0.5
supermat,nfix,Probe,50,intercept_fit,38,1.0,-4.210158349221121,0.24,0.5
supermat,nfix,Probe,50,intercept_fit,39,1.0,-3.978352244670704,0.34,0.5
supermat,nfix,Probe,50,intercept_fit,40,1.0,-5.488478204233176,0.14,0.5
supermat,nfix,Probe,50,intercept_fit,41,1.0,-4.9639981481412185,0.24,0.5
supermat,nfix,Probe,50,intercept_fit,42,1.0,-4.791010443324953,0.2,0.5
supermat,nfix,Probe,50,intercept_fit,43,1.0,-5.181962530763305,0.18,0.5
supermat,nfix,Probe,50,intercept_fit,44,1.0,-4.48116170974258,0.32,0.5
supermat,nfix,Probe,50,intercept_fit,45,1.0,-4.089269040093977,0.24,0.5
supermat,nfix,Probe,50,intercept_fit,46,1.0,-4.783819773627479,0.22,0.5
supermat,nfix,Probe,50,intercept_fit,47,1.0,-4.203441052463439,0.36,0.5
supermat,nfix,Probe,50,intercept_fit,48,1.0,-5.02580697274675,0.22,0.5
supermat,nfix,Probe,50,intercept_fit,49,1.0,-4.772258986669309,0.2,0.5
supermat,nfix,Probe,50,intercept_fit,50,1.0,-3.783288622804232,0.36,0.5
supermat,nfix,Probe,50,intercept_fit,51,1.0,-4.65327817606094,0.18,0.5
supermat,nfix,Probe,50,intercept_fit,52,1.0,-4.416153092514274,0.28,0.5
supermat,nfix,Probe,50,intercept_fit,53,1.0,-4.441061667879991,0.26,0.5
supermat,nfix,Probe,50,intercept_fit,54,1.0,-5.017344651369372,0.18,0.5
supermat,nfix,Probe,50,intercept_fit,55,1.0,-4.678484917418808,0.2,0.5
supermat,nfix,Probe,50,intercept_fit,56,1.0,-5.082080520581204,0.16,0.5
supermat,nfix,Probe,50,intercept_fit,57,1.0,-3.597774703343511,0.34,0.5
supermat,nfix,Probe,50,intercept_fit,58,1.0,-3.990573363436538,0.38,0.5
supermat,nfix,Probe,50,intercept_fit,59,1.0,-4.606199929013137,0.28,0.5
supermat,nfix,Probe,50,intercept_fit,60,1.0,-4.437464937327442,0.26,0.5
supermat,nfix,Probe,50,intercept_fit,61,1.0,-4.118852866114389,0.36,0.5
supermat,nfix,Probe,50,intercept_fit,62,1.0,-4.062181067632739,0.32,0.5
supermat,nfix,Probe,50,intercept_fit,63,1.0,-4.545658843823652,0.3,0.5
supermat,nfix,Probe,50,intercept_fit,64,1.0,-4.970987033509451,0.12,0.5
supermat,nfix,Probe,50,intercept_fit,65,1.0,-4.691950969271477,0.28,0.5
supermat,nfix,Probe,50,intercept_fit,66,1.0,-4.496414098205268,0.26,0.5
supermat,nfix,Probe,50,intercept_fit,67,1.0,-4.649432898234683,0.28,0.5
supermat,nfix,Probe,50,intercept_fit,68,1.0,-4.969136709414174,0.22,0.5
supermat,nfix,Probe,50,intercept_fit,69,1.0,-4.103124814992749,0.34,0.5
supermat,nfix,Probe,50,intercept_fit,70,1.0,-4.053780013905045,0.28,0.5
supermat,nfix,Probe,50,intercept_fit,71,1.0,-4.0525045977249565,0.32,0.5
supermat,nfix,Probe,50,intercept_fit,72,1.0,-4.206321782041729,0.26,0.5
supermat,nfix,Probe,50,intercept_fit,73,1.0,-3.971794285708434,0.28,0.5
supermat,nfix,Probe,50,intercept_fit,74,1.0,-5.887987373424323,0.12,0.5
supermat,nfix,Probe,50,intercept_fit,75,1.0,-4.616004312695381,0.22,0.5
supermat,nfix,Probe,50,intercept_fit,76,1.0,-4.055821152397848,0.32,0.5
supermat,nfix,Probe,50,intercept_fit,77,1.0,-4.838693692870149,0.18,0.5
supermat,nfix,Probe,50,intercept_fit,78,1.0,-4.164027632776249,0.32,0.5
supermat,nfix,Probe,50,intercept_fit,79,1.0,-4.297765300173929,0.3,0.5
supermat,nfix,Probe,50,intercept_fit,80,1.0,-4.344028465559749,0.28,0.5
supermat,nfix,Probe,50,intercept_fit,81,1.0,-4.0173238324512015,0.38,0.5
supermat,nfix,Probe,50,intercept_fit,82,1.0,-5.371961301219653,0.2,0.5
supermat,nfix,Probe,50,intercept_fit,83,1.0,-4.337052036384293,0.24,0.5
supermat,nfix,Probe,50,intercept_fit,84,1.0,-5.061675550521491,0.18,0.5
supermat,nfix,Probe,50,intercept_fit,85,1.0,-3.8841405651367387,0.34,0.5
supermat,nfix,Probe,50,intercept_fit,86,1.0,-4.58939743971787,0.26,0.5
supermat,nfix,Probe,50,intercept_fit,87,1.0,-4.917850823972845,0.22,0.5
supermat,nfix,Probe,50,intercept_fit,88,1.0,-4.4465567961291494,0.24,0.5
supermat,nfix,Probe,50,intercept_fit,89,1.0,-4.494798352582952,0.3,0.5
supermat,nfix,Probe,50,intercept_fit,90,1.0,-4.736647828869691,0.28,0.5
supermat,nfix,Probe,50,intercept_fit,91,1.0,-4.323180374204356,0.3,0.5
supermat,nfix,Probe,50,intercept_fit,92,1.0,-4.971756551420081,0.1,0.5
supermat,nfix,Probe,50,intercept_fit,93,1.0,-4.1675994012045345,0.28,0.5
supermat,nfix,Probe,50,intercept_fit,94,1.0,-4.6673022918746625,0.26,0.5
supermat,nfix,Probe,50,intercept_fit,95,1.0,-4.58445873061802,0.2,0.5
supermat,nfix,Probe,50,intercept_fit,96,1.0,-4.209614415720165,0.28,0.5
supermat,nfix,Probe,50,intercept_fit,97,1.0,-4.989421586986857,0.3,0.5
supermat,nfix,Probe,50,intercept_fit,98,1.0,-4.161513787367863,0.3,0.5
supermat,nfix,Probe,50,intercept_fit,99,1.0,-4.633682765493117,0.26,0.5
supermat,nfix,NTP,50,intercept_fit,0,1.0,-12.489751014386718,0.22,0.5
supermat,nfix,NTP,50,intercept_fit,1,1.0,-10.333512938047388,0.34,0.5
supermat,nfix,NTP,50,intercept_fit,2,1.0,-11.647997512836799,0.26,0.5
supermat,nfix,NTP,50,intercept_fit,3,1.0,-11.748199690421488,0.28,0.5
supermat,nfix,NTP,50,intercept_fit,4,1.0,-9.006822859430425,0.36,0.5
supermat,nfix,NTP,50,intercept_fit,5,1.0,-11.315962429629552,0.22,0.5
supermat,nfix,NTP,50,intercept_fit,6,1.0,-7.470366624671531,0.32,0.5
supermat,nfix,NTP,50,intercept_fit,7,1.0,-10.930188007790324,0.34,0.5
supermat,nfix,NTP,50,intercept_fit,8,1.0,-12.807575712307356,0.24,0.5
supermat,nfix,NTP,50,intercept_fit,9,1.0,-11.449457959694346,0.3,0.5
supermat,nfix,NTP,50,intercept_fit,10,1.0,-10.719519047323137,0.28,0.5
supermat,nfix,NTP,50,intercept_fit,11,1.0,-8.35995646435046,0.32,0.5
supermat,nfix,NTP,50,intercept_fit,12,1.0,-8.896077602335511,0.32,0.5
supermat,nfix,NTP,50,intercept_fit,13,1.0,-10.984712469487125,0.2,0.5
supermat,nfix,NTP,50,intercept_fit,14,1.0,-7.256609457493884,0.26,0.5
supermat,nfix,NTP,50,intercept_fit,15,1.0,-13.116155364707756,0.14,0.5
supermat,nfix,NTP,50,intercept_fit,16,1.0,-12.007628568819639,0.16,0.5
supermat,nfix,NTP,50,intercept_fit,17,1.0,-3.1886003727704444,0.3,0.5
supermat,nfix,NTP,50,intercept_fit,18,1.0,-3.2752114874741363,0.4,0.5
supermat,nfix,NTP,50,intercept_fit,19,1.0,-13.238742480364623,0.1,0.5
supermat,nfix,NTP,50,intercept_fit,20,1.0,-5.474467015837759,0.26,0.5
supermat,nfix,NTP,50,intercept_fit,21,1.0,-2.476745058372479,0.34,0.5
supermat,nfix,NTP,50,intercept_fit,22,1.0,-10.254154143165334,0.22,0.5
supermat,nfix,NTP,50,intercept_fit,23,1.0,-11.217752802825723,0.24,0.5
supermat,nfix,NTP,50,intercept_fit,24,1.0,-12.160681907644625,0.24,0.5
supermat,nfix,NTP,50,intercept_fit,25,1.0,-1.8823372414329198,0.32,0.5
supermat,nfix,NTP,50,intercept_fit,26,1.0,-3.7362848818498313,0.3,0.5
supermat,nfix,NTP,50,intercept_fit,27,1.0,-10.220680880119302,0.22,0.5
supermat,nfix,NTP,50,intercept_fit,28,1.0,-12.150967481931705,0.24,0.5
supermat,nfix,NTP,50,intercept_fit,29,1.0,-6.582736236667439,0.34,0.5
supermat,nfix,NTP,50,intercept_fit,30,1.0,-9.288484585444959,0.32,0.5
supermat,nfix,NTP,50,intercept_fit,31,1.0,-5.516028296298082,0.28,0.5
supermat,nfix,NTP,50,intercept_fit,32,1.0,-13.133018176347063,0.16,0.5
supermat,nfix,NTP,50,intercept_fit,33,1.0,-11.404716725216199,0.24,0.5
supermat,nfix,NTP,50,intercept_fit,34,1.0,-8.2471352473974,0.24,0.5
supermat,nfix,NTP,50,intercept_fit,35,1.0,-9.506851442026733,0.24,0.5
supermat,nfix,NTP,50,intercept_fit,36,1.0,-9.767677306798086,0.28,0.5
supermat,nfix,NTP,50,intercept_fit,37,1.0,-10.092708565775542,0.26,0.5
supermat,nfix,NTP,50,intercept_fit,38,1.0,-9.383397616885377,0.24,0.5
supermat,nfix,NTP,50,intercept_fit,39,1.0,-5.763266622893863,0.34,0.5
supermat,nfix,NTP,50,intercept_fit,40,1.0,-12.019630243625196,0.14,0.5
supermat,nfix,NTP,50,intercept_fit,41,1.0,-8.413264455843432,0.24,0.5
supermat,nfix,NTP,50,intercept_fit,42,1.0,-6.769407042059032,0.2,0.5
supermat,nfix,NTP,50,intercept_fit,43,1.0,-11.671833097641024,0.18,0.5
supermat,nfix,NTP,50,intercept_fit,44,1.0,-11.463529550159285,0.32,0.5
supermat,nfix,NTP,50,intercept_fit,45,1.0,-11.848120346114833,0.24,0.5
supermat,nfix,NTP,50,intercept_fit,46,1.0,-11.410988607017112,0.22,0.5
supermat,nfix,NTP,50,intercept_fit,47,1.0,-10.150995065230084,0.36,0.5
supermat,nfix,NTP,50,intercept_fit,48,1.0,-12.184899655005259,0.22,0.5
supermat,nfix,NTP,50,intercept_fit,49,1.0,-12.268434630805924,0.2,0.5
supermat,nfix,NTP,50,intercept_fit,50,1.0,-6.747865782075265,0.36,0.5
supermat,nfix,NTP,50,intercept_fit,51,1.0,-12.684179164998072,0.18,0.5
supermat,nfix,NTP,50,intercept_fit,52,1.0,-7.386782129856725,0.28,0.5
supermat,nfix,NTP,50,intercept_fit,53,1.0,-7.063772012672926,0.26,0.5
supermat,nfix,NTP,50,intercept_fit,54,1.0,-13.21199339246137,0.18,0.5
supermat,nfix,NTP,50,intercept_fit,55,1.0,-10.35875846136041,0.2,0.5
supermat,nfix,NTP,50,intercept_fit,56,1.0,-12.344648695263416,0.16,0.5
supermat,nfix,NTP,50,intercept_fit,57,1.0,-7.994230747982054,0.34,0.5
supermat,nfix,NTP,50,intercept_fit,58,1.0,-6.401038369260367,0.38,0.5
supermat,nfix,NTP,50,intercept_fit,59,1.0,-11.314675247457023,0.28,0.5
supermat,nfix,NTP,50,intercept_fit,60,1.0,-8.2749464363799,0.26,0.5
supermat,nfix,NTP,50,intercept_fit,61,1.0,-6.662144439173787,0.36,0.5
supermat,nfix,NTP,50,intercept_fit,62,1.0,-7.934546997185493,0.32,0.5
supermat,nfix,NTP,50,intercept_fit,63,1.0,-11.76745749858729,0.3,0.5
supermat,nfix,NTP,50,intercept_fit,64,1.0,-13.314088340605013,0.12,0.5
supermat,nfix,NTP,50,intercept_fit,65,1.0,-10.365270680216158,0.28,0.5
supermat,nfix,NTP,50,intercept_fit,66,1.0,-9.74225461183745,0.26,0.5
supermat,nfix,NTP,50,intercept_fit,67,1.0,-12.357678995421164,0.28,0.5
supermat,nfix,NTP,50,intercept_fit,68,1.0,-11.225177355219484,0.22,0.5
supermat,nfix,NTP,50,intercept_fit,69,1.0,-10.49403759637897,0.34,0.5
supermat,nfix,NTP,50,intercept_fit,70,1.0,-11.67609705315613,0.28,0.5
supermat,nfix,NTP,50,intercept_fit,71,1.0,-10.78447728965764,0.32,0.5
supermat,nfix,NTP,50,intercept_fit,72,1.0,-11.841701672272938,0.26,0.5
supermat,nfix,NTP,50,intercept_fit,73,1.0,-8.613297389594585,0.28,0.5
supermat,nfix,NTP,50,intercept_fit,74,1.0,-12.00625715057699,0.12,0.5
supermat,nfix,NTP,50,intercept_fit,75,1.0,-9.8874425039181,0.22,0.5
supermat,nfix,NTP,50,intercept_fit,76,1.0,-11.028789688620137,0.32,0.5
supermat,nfix,NTP,50,intercept_fit,77,1.0,-9.895020020856492,0.18,0.5
supermat,nfix,NTP,50,intercept_fit,78,1.0,-10.657752639227242,0.32,0.5
supermat,nfix,NTP,50,intercept_fit,79,1.0,-9.28919279468258,0.3,0.5
supermat,nfix,NTP,50,intercept_fit,80,1.0,-11.36575512523122,0.28,0.5
supermat,nfix,NTP,50,intercept_fit,81,1.0,-9.077371673976872,0.38,0.5
supermat,nfix,NTP,50,intercept_fit,82,1.0,-11.93882123337073,0.2,0.5
supermat,nfix,NTP,50,intercept_fit,83,1.0,-8.720773768953466,0.24,0.5
supermat,nfix,NTP,50,intercept_fit,84,1.0,-13.332760681633323,0.18,0.5
supermat,nfix,NTP,50,intercept_fit,85,1.0,-9.017159165756185,0.34,0.5
supermat,nfix,NTP,50,intercept_fit,86,1.0,-11.312534949607473,0.26,0.5
supermat,nfix,NTP,50,intercept_fit,87,1.0,-12.766061464922753,0.22,0.5
supermat,nfix,NTP,50,intercept_fit,88,1.0,-9.898145394432365,0.24,0.5
supermat,nfix,NTP,50,intercept_fit,89,1.0,-7.9854882813781645,0.3,0.5
supermat,nfix,NTP,50,intercept_fit,90,1.0,-12.552106863651117,0.28,0.5
supermat,nfix,NTP,50,intercept_fit,91,1.0,-10.633943012723117,0.3,0.5
supermat,nfix,NTP,50,intercept_fit,92,1.0,-12.452769747605425,0.1,0.5
supermat,nfix,NTP,50,intercept_fit,93,1.0,-8.787777574605823,0.28,0.5
supermat,nfix,NTP,50,intercept_fit,94,1.0,-10.990862104227972,0.26,0.5
supermat,nfix,NTP,50,intercept_fit,95,1.0,-9.801921715069026,0.2,0.5
supermat,nfix,NTP,50,intercept_fit,96,1.0,-7.3959308096497605,0.28,0.5
supermat,nfix,NTP,50,intercept_fit,97,1.0,-11.88850903769926,0.3,0.5
supermat,nfix,NTP,50,intercept_fit,98,1.0,-10.090775121538682,0.3,0.5
supermat,nfix,NTP,50,intercept_fit,99,1.0,-9.948403943446497,0.26,0.5
supermat,nfix,Probe,100,intercept_fit,0,1.0,-4.523512671342863,0.25,0.5
supermat,nfix,Probe,100,intercept_fit,1,1.0,-3.956343903887555,0.35,0.5
supermat,nfix,Probe,100,intercept_fit,2,1.0,-4.233919376621915,0.25,0.5
supermat,nfix,Probe,100,intercept_fit,3,1.0,-4.557848798564662,0.24,0.5
supermat,nfix,Probe,100,intercept_fit,4,1.0,-3.9308275231076557,0.36,0.5
supermat,nfix,Probe,100,intercept_fit,5,1.0,-3.8669919949785965,0.35,0.5
supermat,nfix,Probe,100,intercept_fit,6,1.0,-4.033659804523957,0.31,0.5
supermat,nfix,Probe,100,intercept_fit,7,1.0,-4.554591469548676,0.23,0.5
supermat,nfix,Probe,100,intercept_fit,8,1.0,-4.263668973545436,0.32,0.5
supermat,nfix,Probe,100,intercept_fit,9,1.0,-4.826724800772069,0.23,0.5
supermat,nfix,Probe,100,intercept_fit,10,1.0,-4.389906634184156,0.23,0.5
supermat,nfix,Probe,100,intercept_fit,11,1.0,-4.5361262967483365,0.26,0.5
supermat,nfix,Probe,100,intercept_fit,12,1.0,-4.251710110140723,0.29,0.5
supermat,nfix,Probe,100,intercept_fit,13,1.0,-4.220505137182962,0.27,0.5
supermat,nfix,Probe,100,intercept_fit,14,1.0,-4.911538020393854,0.25,0.5
supermat,nfix,Probe,100,intercept_fit,15,1.0,-4.3684483658179225,0.28,0.5
supermat,nfix,Probe,100,intercept_fit,16,1.0,-4.84018696091519,0.22,0.5
supermat,nfix,Probe,100,intercept_fit,17,1.0,-4.182925039400083,0.3,0.5
supermat,nfix,Probe,100,intercept_fit,18,1.0,-4.856890494619022,0.22,0.5
supermat,nfix,Probe,100,intercept_fit,19,1.0,-4.420707393560449,0.22,0.5
supermat,nfix,Probe,100,intercept_fit,20,1.0,-3.9462797751522327,0.35,0.5
supermat,nfix,Probe,100,intercept_fit,21,1.0,-4.310470787562076,0.28,0.5
supermat,nfix,Probe,100,intercept_fit,22,1.0,-4.985498708539062,0.17,0.5
supermat,nfix,Probe,100,intercept_fit,23,1.0,-4.378379803050412,0.31,0.5
supermat,nfix,Probe,100,intercept_fit,24,1.0,-4.582384312485206,0.26,0.5
supermat,nfix,Probe,100,intercept_fit,25,1.0,-4.358353308102049,0.24,0.5
supermat,nfix,Probe,100,intercept_fit,26,1.0,-4.981641557740855,0.17,0.5
supermat,nfix,Probe,100,intercept_fit,27,1.0,-4.7182762194868095,0.23,0.5
supermat,nfix,Probe,100,intercept_fit,28,1.0,-4.947107289662542,0.24,0.5
supermat,nfix,Probe,100,intercept_fit,29,1.0,-4.439880224839478,0.26,0.5
supermat,nfix,Probe,100,intercept_fit,30,1.0,-4.337218652197449,0.29,0.5
supermat,nfix,Probe,100,intercept_fit,31,1.0,-4.284673781084454,0.27,0.5
supermat,nfix,Probe,100,intercept_fit,32,1.0,-3.943829902494616,0.36,0.5
supermat,nfix,Probe,100,intercept_fit,33,1.0,-4.337037447004482,0.31,0.5
supermat,nfix,Probe,100,intercept_fit,34,1.0,-4.465722804459687,0.23,0.5
supermat,nfix,Probe,100,intercept_fit,35,1.0,-4.413172364241305,0.31,0.5
supermat,nfix,Probe,100,intercept_fit,36,1.0,-4.38568302002487,0.34,0.5
supermat,nfix,Probe,100,intercept_fit,37,1.0,-4.661825718446697,0.22,0.5
supermat,nfix,Probe,100,intercept_fit,38,1.0,-5.08747490675596,0.17,0.5
supermat,nfix,Probe,100,intercept_fit,39,1.0,-4.379346759870566,0.28,0.5
supermat,nfix,Probe,100,intercept_fit,40,1.0,-4.767067650953696,0.22,0.5
supermat,nfix,Probe,100,intercept_fit,41,1.0,-4.475577844323242,0.27,0.5
supermat,nfix,Probe,100,intercept_fit,42,1.0,-4.256076743856131,0.26,0.5
supermat,nfix,Probe,100,intercept_fit,43,1.0,-4.83416156223918,0.22,0.5
supermat,nfix,Probe,100,intercept_fit,44,1.0,-4.531068447652357,0.26,0.5
supermat,nfix,Probe,100,intercept_fit,45,1.0,-4.299600543756414,0.28,0.5
supermat,nfix,Probe,100,intercept_fit,46,1.0,-4.301771340605502,0.31,0.5
supermat,nfix,Probe,100,intercept_fit,47,1.0,-3.966268548813465,0.31,0.5
supermat,nfix,Probe,100,intercept_fit,48,1.0,-4.908631005803737,0.28,0.5
supermat,nfix,Probe,100,intercept_fit,49,1.0,-4.433428121629294,0.25,0.5
supermat,nfix,Probe,100,intercept_fit,50,1.0,-4.004544764738519,0.33,0.5
supermat,nfix,Probe,100,intercept_fit,51,1.0,-4.4895236554536,0.22,0.5
supermat,nfix,Probe,100,intercept_fit,52,1.0,-3.937494940234447,0.35,0.5
supermat,nfix,Probe,100,intercept_fit,53,1.0,-4.777421792036985,0.19,0.5
supermat,nfix,Probe,100,intercept_fit,54,1.0,-5.1967516979288835,0.21,0.5
supermat,nfix,Probe,100,intercept_fit,55,1.0,-3.9324448740069085,0.32,0.5
supermat,nfix,Probe,100,intercept_fit,56,1.0,-4.950784392455383,0.19,0.5
supermat,nfix,Probe,100,intercept_fit,57,1.0,-4.436345995614754,0.25,0.5
supermat,nfix,Probe,100,intercept_fit,58,1.0,-4.732966332887759,0.26,0.5
supermat,nfix,Probe,100,intercept_fit,59,1.0,-4.397190949073149,0.32,0.5
supermat,nfix,Probe,100,intercept_fit,60,1.0,-5.007503410677447,0.18,0.5
supermat,nfix,Probe,100,intercept_fit,61,1.0,-4.1644538861437175,0.3,0.5
supermat,nfix,Probe,100,intercept_fit,62,1.0,-4.628310838856133,0.21,0.5
supermat,nfix,Probe,100,intercept_fit,63,1.0,-5.398267014953986,0.17,0.5
supermat,nfix,Probe,100,intercept_fit,64,1.0,-4.123040400876219,0.25,0.5
supermat,nfix,Probe,100,intercept_fit,65,1.0,-4.807313787731863,0.27,0.5
supermat,nfix,Probe,100,intercept_fit,66,1.0,-4.601039104353975,0.26,0.5
supermat,nfix,Probe,100,intercept_fit,67,1.0,-4.453170915162934,0.29,0.5
supermat,nfix,Probe,100,intercept_fit,68,1.0,-4.613079493783764,0.25,0.5
supermat,nfix,Probe,100,intercept_fit,69,1.0,-4.3999673574652745,0.32,0.5
supermat,nfix,Probe,100,intercept_fit,70,1.0,-4.201795042515021,0.29,0.5
supermat,nfix,Probe,100,intercept_fit,71,1.0,-4.485796752614649,0.22,0.5
supermat,nfix,Probe,100,intercept_fit,72,1.0,-4.117835846167492,0.31,0.5
supermat,nfix,Probe,100,intercept_fit,73,1.0,-4.194830451516836,0.3,0.5
supermat,nfix,Probe,100,intercept_fit,74,1.0,-4.6832557388100975,0.24,0.5
supermat,nfix,Probe,100,intercept_fit,75,1.0,-4.024854288184852,0.32,0.5
supermat,nfix,Probe,100,intercept_fit,76,1.0,-4.8479686458936895,0.21,0.5
supermat,nfix,Probe,100,intercept_fit,77,1.0,-4.407527152325107,0.28,0.5
supermat,nfix,Probe,100,intercept_fit,78,1.0,-4.035935778697529,0.35,0.5
supermat,nfix,Probe,100,intercept_fit,79,1.0,-4.860486627916237,0.21,0.5
supermat,nfix,Probe,100,intercept_fit,80,1.0,-4.337109781948098,0.27,0.5
supermat,nfix,Probe,100,intercept_fit,81,1.0,-4.704833570527784,0.22,0.5
supermat,nfix,Probe,100,intercept_fit,82,1.0,-3.9834768411109707,0.38,0.5
supermat,nfix,Probe,100,intercept_fit,83,1.0,-5.141990877915842,0.18,0.5
supermat,nfix,Probe,100,intercept_fit,84,1.0,-4.6346012097954405,0.23,0.5
supermat,nfix,Probe,100,intercept_fit,85,1.0,-3.7691954052299126,0.34,0.5
supermat,nfix,Probe,100,intercept_fit,86,1.0,-4.704735749115988,0.22,0.5
supermat,nfix,Probe,100,intercept_fit,87,1.0,-4.892285309260188,0.21,0.5
supermat,nfix,Probe,100,intercept_fit,88,1.0,-4.3871299682436815,0.3,0.5
supermat,nfix,Probe,100,intercept_fit,89,1.0,-4.301549388567366,0.25,0.5
supermat,nfix,Probe,100,intercept_fit,90,1.0,-4.829832350391111,0.23,0.5
supermat,nfix,Probe,100,intercept_fit,91,1.0,-4.4586513437736,0.29,0.5
supermat,nfix,Probe,100,intercept_fit,92,1.0,-3.5766052814769047,0.35,0.5
supermat,nfix,Probe,100,intercept_fit,93,1.0,-4.3221809281432,0.26,0.5
supermat,nfix,Probe,100,intercept_fit,94,1.0,-4.334627463641914,0.25,0.5
supermat,nfix,Probe,100,intercept_fit,95,1.0,-4.0345223026751444,0.3,0.5
supermat,nfix,Probe,100,intercept_fit,96,1.0,-4.72021764691706,0.24,0.5
supermat,nfix,Probe,100,intercept_fit,97,1.0,-4.71020120478744,0.31,0.5
supermat,nfix,Probe,100,intercept_fit,98,1.0,-4.339297169047702,0.27,0.5
supermat,nfix,Probe,100,intercept_fit,99,1.0,-4.770528502942843,0.21,0.5
supermat,nfix,NTP,100,intercept_fit,0,1.0,-9.845736852372639,0.25,0.5
supermat,nfix,NTP,100,intercept_fit,1,1.0,-6.224268377083012,0.35,0.5
supermat,nfix,NTP,100,intercept_fit,2,1.0,-11.39838330518918,0.25,0.5
supermat,nfix,NTP,100,intercept_fit,3,1.0,-11.362871097310826,0.24,0.5
supermat,nfix,NTP,100,intercept_fit,4,1.0,-4.067695693434909,0.36,0.5
supermat,nfix,NTP,100,intercept_fit,5,1.0,-6.995429240432161,0.35,0.5
supermat,nfix,NTP,100,intercept_fit,6,1.0,-8.030897610802102,0.31,0.5
supermat,nfix,NTP,100,intercept_fit,7,1.0,-9.735150314647843,0.23,0.5
supermat,nfix,NTP,100,intercept_fit,8,1.0,-10.44968578524846,0.32,0.5
supermat,nfix,NTP,100,intercept_fit,9,1.0,-7.400480071537114,0.23,0.5
supermat,nfix,NTP,100,intercept_fit,10,1.0,-7.85205153973056,0.23,0.5
supermat,nfix,NTP,100,intercept_fit,11,1.0,-11.3803970249646,0.26,0.5
supermat,nfix,NTP,100,intercept_fit,12,1.0,-10.547307209254194,0.29,0.5
supermat,nfix,NTP,100,intercept_fit,13,1.0,-4.4750643552149825,0.27,0.5
supermat,nfix,NTP,100,intercept_fit,14,1.0,-12.31941351665525,0.25,0.5
supermat,nfix,NTP,100,intercept_fit,15,1.0,-9.237780900036942,0.28,0.5
supermat,nfix,NTP,100,intercept_fit,16,1.0,-9.472224817995281,0.22,0.5
supermat,nfix,NTP,100,intercept_fit,17,1.0,-8.50125405291162,0.3,0.5
supermat,nfix,NTP,100,intercept_fit,18,1.0,-12.043765029150478,0.22,0.5
supermat,nfix,NTP,100,intercept_fit,19,1.0,-10.70977833750616,0.22,0.5
supermat,nfix,NTP,100,intercept_fit,20,1.0,-4.8339341467449275,0.35,0.5
supermat,nfix,NTP,100,intercept_fit,21,1.0,-10.383790605300783,0.28,0.5
supermat,nfix,NTP,100,intercept_fit,22,1.0,-12.84294381930831,0.17,0.5
supermat,nfix,NTP,100,intercept_fit,23,1.0,-9.81608862137342,0.31,0.5
supermat,nfix,NTP,100,intercept_fit,24,1.0,-11.716350363764299,0.26,0.5
supermat,nfix,NTP,100,intercept_fit,25,1.0,-4.5334923692864955,0.24,0.5
supermat,nfix,NTP,100,intercept_fit,26,1.0,-11.173914034701854,0.17,0.5
supermat,nfix,NTP,100,intercept_fit,27,1.0,-11.086159503779859,0.23,0.5
supermat,nfix,NTP,100,intercept_fit,28,1.0,-12.328066912178974,0.24,0.5
supermat,nfix,NTP,100,intercept_fit,29,1.0,-10.819980478769903,0.26,0.5
supermat,nfix,NTP,100,intercept_fit,30,1.0,-9.998573395368037,0.29,0.5
supermat,nfix,NTP,100,intercept_fit,31,1.0,-5.413925111544264,0.27,0.5
supermat,nfix,NTP,100,intercept_fit,32,1.0,-9.834815773448584,0.36,0.5
supermat,nfix,NTP,100,intercept_fit,33,1.0,-9.90515338793068,0.31,0.5
supermat,nfix,NTP,100,intercept_fit,34,1.0,-7.945103169351377,0.23,0.5
supermat,nfix,NTP,100,intercept_fit,35,1.0,-10.890997778003369,0.31,0.5
supermat,nfix,NTP,100,intercept_fit,36,1.0,-7.921818641369923,0.34,0.5
supermat,nfix,NTP,100,intercept_fit,37,1.0,-10.614519094365807,0.22,0.5
supermat,nfix,NTP,100,intercept_fit,38,1.0,-12.09010394524126,0.17,0.5
supermat,nfix,NTP,100,intercept_fit,39,1.0,-9.651093143236132,0.28,0.5
supermat,nfix,NTP,100,intercept_fit,40,1.0,-10.80107261442537,0.22,0.5
supermat,nfix,NTP,100,intercept_fit,41,1.0,-11.017015940201556,0.27,0.5
supermat,nfix,NTP,100,intercept_fit,42,1.0,-6.642933939982407,0.26,0.5
supermat,nfix,NTP,100,intercept_fit,43,1.0,-10.93011116669994,0.22,0.5
supermat,nfix,NTP,100,intercept_fit,44,1.0,-11.256738688198352,0.26,0.5
supermat,nfix,NTP,100,intercept_fit,45,1.0,-8.65925002586905,0.28,0.5
supermat,nfix,NTP,100,intercept_fit,46,1.0,-10.635172917456261,0.31,0.5
supermat,nfix,NTP,100,intercept_fit,47,1.0,-10.523819631694645,0.31,0.5
supermat,nfix,NTP,100,intercept_fit,48,1.0,-10.273409850787067,0.28,0.5
supermat,nfix,NTP,100,intercept_fit,49,1.0,-11.54410422045254,0.25,0.5
supermat,nfix,NTP,100,intercept_fit,50,1.0,-10.228666170832762,0.33,0.5
supermat,nfix,NTP,100,intercept_fit,51,1.0,-11.51123707392284,0.22,0.5
supermat,nfix,NTP,100,intercept_fit,52,1.0,-8.800107135374779,0.35,0.5
supermat,nfix,NTP,100,intercept_fit,53,1.0,-11.997997737784722,0.19,0.5
supermat,nfix,NTP,100,intercept_fit,54,1.0,-12.315902414133038,0.21,0.5
supermat,nfix,NTP,100,intercept_fit,55,1.0,-6.4703771283583436,0.32,0.5
supermat,nfix,NTP,100,intercept_fit,56,1.0,-11.697906866040428,0.19,0.5
supermat,nfix,NTP,100,intercept_fit,57,1.0,-11.638458662042193,0.25,0.5
supermat,nfix,NTP,100,intercept_fit,58,1.0,-12.027343200240232,0.26,0.5
supermat,nfix,NTP,100,intercept_fit,59,1.0,-11.942491727274323,0.32,0.5
supermat,nfix,NTP,100,intercept_fit,60,1.0,-11.757863883998473,0.18,0.5
supermat,nfix,NTP,100,intercept_fit,61,1.0,-10.132016989788779,0.3,0.5
supermat,nfix,NTP,100,intercept_fit,62,1.0,-11.72837795337986,0.21,0.5
supermat,nfix,NTP,100,intercept_fit,63,1.0,-13.007248039577851,0.17,0.5
supermat,nfix,NTP,100,intercept_fit,64,1.0,-8.876580664539942,0.25,0.5
supermat,nfix,NTP,100,intercept_fit,65,1.0,-12.06642131048658,0.27,0.5
supermat,nfix,NTP,100,intercept_fit,66,1.0,-11.536034594504223,0.26,0.5
supermat,nfix,NTP,100,intercept_fit,67,1.0,-11.865552682602882,0.29,0.5
supermat,nfix,NTP,100,intercept_fit,68,1.0,-8.922447584050843,0.25,0.5
supermat,nfix,NTP,100,intercept_fit,69,1.0,-10.803721224890218,0.32,0.5
supermat,nfix,NTP,100,intercept_fit,70,1.0,-10.201172710121844,0.29,0.5
supermat,nfix,NTP,100,intercept_fit,71,1.0,-10.844849099085419,0.22,0.5
supermat,nfix,NTP,100,intercept_fit,72,1.0,-4.463269849800976,0.31,0.5
supermat,nfix,NTP,100,intercept_fit,73,1.0,-9.587586827019452,0.3,0.5
supermat,nfix,NTP,100,intercept_fit,74,1.0,-10.595814171898782,0.24,0.5
supermat,nfix,NTP,100,intercept_fit,75,1.0,-10.334399119263598,0.32,0.5
supermat,nfix,NTP,100,intercept_fit,76,1.0,-11.976727704575088,0.21,0.5
supermat,nfix,NTP,100,intercept_fit,77,1.0,-10.509137543365172,0.28,0.5
supermat,nfix,NTP,100,intercept_fit,78,1.0,-10.819290947747119,0.35,0.5
supermat,nfix,NTP,100,intercept_fit,79,1.0,-11.459829619609954,0.21,0.5
supermat,nfix,NTP,100,intercept_fit,80,1.0,-8.58084927603242,0.27,0.5
supermat,nfix,NTP,100,intercept_fit,81,1.0,-9.555874744448468,0.22,0.5
supermat,nfix,NTP,100,intercept_fit,82,1.0,-7.282086845093449,0.38,0.5
supermat,nfix,NTP,100,intercept_fit,83,1.0,-12.472273907921528,0.18,0.5
supermat,nfix,NTP,100,intercept_fit,84,1.0,-12.011782692079628,0.23,0.5
supermat,nfix,NTP,100,intercept_fit,85,1.0,-8.994959978448037,0.34,0.5
supermat,nfix,NTP,100,intercept_fit,86,1.0,-9.127007251601409,0.22,0.5
supermat,nfix,NTP,100,intercept_fit,87,1.0,-11.718852408237888,0.21,0.5
supermat,nfix,NTP,100,intercept_fit,88,1.0,-10.867047476097074,0.3,0.5
supermat,nfix,NTP,100,intercept_fit,89,1.0,-10.491503968371168,0.25,0.5
supermat,nfix,NTP,100,intercept_fit,90,1.0,-11.451780778283428,0.23,0.5
supermat,nfix,NTP,100,intercept_fit,91,1.0,-9.93707210371891,0.29,0.5
supermat,nfix,NTP,100,intercept_fit,92,1.0,-4.076359087634784,0.35,0.5
supermat,nfix,NTP,100,intercept_fit,93,1.0,-6.582553876240599,0.26,0.5
supermat,nfix,NTP,100,intercept_fit,94,1.0,-9.470425425598174,0.25,0.5
supermat,nfix,NTP,100,intercept_fit,95,1.0,-6.052355215917001,0.3,0.5
supermat,nfix,NTP,100,intercept_fit,96,1.0,-12.410227659911902,0.24,0.5
supermat,nfix,NTP,100,intercept_fit,97,1.0,-12.169868660196467,0.31,0.5
supermat,nfix,NTP,100,intercept_fit,98,1.0,-11.941494886747142,0.27,0.5
supermat,nfix,NTP,100,intercept_fit,99,1.0,-12.005477969232507,0.21,0.5
supermat,nfix,Probe,250,intercept_fit,0,1.0,-4.757923713489836,0.212,0.5
supermat,nfix,Probe,250,intercept_fit,1,1.0,-4.202669621373639,0.312,0.5
supermat,nfix,Probe,250,intercept_fit,2,1.0,-4.149356338524113,0.28,0.5
supermat,nfix,Probe,250,intercept_fit,3,1.0,-4.324695135228892,0.28,0.5
supermat,nfix,Probe,250,intercept_fit,4,1.0,-4.475364995555505,0.292,0.5
supermat,nfix,Probe,250,intercept_fit,5,1.0,-4.318060863292292,0.284,0.5
supermat,nfix,Probe,250,intercept_fit,6,1.0,-4.271035519724097,0.288,0.5
supermat,nfix,Probe,250,intercept_fit,7,1.0,-4.333974116120289,0.276,0.5
supermat,nfix,Probe,250,intercept_fit,8,1.0,-4.368612348158515,0.308,0.5
supermat,nfix,Probe,250,intercept_fit,9,1.0,-4.516595896829333,0.268,0.5
supermat,nfix,Probe,250,intercept_fit,10,1.0,-4.76926871923021,0.216,0.5
supermat,nfix,Probe,250,intercept_fit,11,1.0,-4.013279826920836,0.352,0.5
supermat,nfix,Probe,250,intercept_fit,12,1.0,-4.577000067314475,0.252,0.5
supermat,nfix,Probe,250,intercept_fit,13,1.0,-4.583278388213037,0.236,0.5
supermat,nfix,Probe,250,intercept_fit,14,1.0,-4.379049182330649,0.284,0.5
supermat,nfix,Probe,250,intercept_fit,15,1.0,-4.707114172150915,0.212,0.5
supermat,nfix,Probe,250,intercept_fit,16,1.0,-4.434388367161547,0.272,0.5
supermat,nfix,Probe,250,intercept_fit,17,1.0,-4.356655524442329,0.248,0.5
supermat,nfix,Probe,250,intercept_fit,18,1.0,-4.427490282505117,0.276,0.5
supermat,nfix,Probe,250,intercept_fit,19,1.0,-4.307518059217589,0.232,0.5
supermat,nfix,Probe,250,intercept_fit,20,1.0,-4.303130785939528,0.28,0.5
supermat,nfix,Probe,250,intercept_fit,21,1.0,-4.2982689056349015,0.296,0.5
supermat,nfix,Probe,250,intercept_fit,22,1.0,-4.17815605363562,0.292,0.5
supermat,nfix,Probe,250,intercept_fit,23,1.0,-4.143872561465483,0.312,0.5
supermat,nfix,Probe,250,intercept_fit,24,1.0,-4.5259966436824355,0.276,0.5
supermat,nfix,Probe,250,intercept_fit,25,1.0,-4.673001905919905,0.244,0.5
supermat,nfix,Probe,250,intercept_fit,26,1.0,-4.636862452376238,0.228,0.5
supermat,nfix,Probe,250,intercept_fit,27,1.0,-4.549207518776464,0.232,0.5
supermat,nfix,Probe,250,intercept_fit,28,1.0,-4.705123414622304,0.264,0.5
supermat,nfix,Probe,250,intercept_fit,29,1.0,-4.1613493064848255,0.288,0.5
supermat,nfix,Probe,250,intercept_fit,30,1.0,-4.593844614351436,0.296,0.5
supermat,nfix,Probe,250,intercept_fit,31,1.0,-4.268607294875892,0.304,0.5
supermat,nfix,Probe,250,intercept_fit,32,1.0,-4.470442662753859,0.284,0.5
supermat,nfix,Probe,250,intercept_fit,33,1.0,-4.79769826159967,0.24,0.5
supermat,nfix,Probe,250,intercept_fit,34,1.0,-4.539054693367223,0.244,0.5
supermat,nfix,Probe,250,intercept_fit,35,1.0,-4.51504099976617,0.272,0.5
supermat,nfix,Probe,250,intercept_fit,36,1.0,-4.2412191744793875,0.292,0.5
supermat,nfix,Probe,250,intercept_fit,37,1.0,-4.265677660605762,0.316,0.5
supermat,nfix,Probe,250,intercept_fit,38,1.0,-4.509086834629154,0.268,0.5
supermat,nfix,Probe,250,intercept_fit,39,1.0,-4.110415997945945,0.3,0.5
supermat,nfix,Probe,250,intercept_fit,40,1.0,-4.547658223108699,0.232,0.5
supermat,nfix,Probe,250,intercept_fit,41,1.0,-4.574133237566352,0.236,0.5
supermat,nfix,Probe,250,intercept_fit,42,1.0,-4.36885683151797,0.244,0.5
supermat,nfix,Probe,250,intercept_fit,43,1.0,-4.573335496964211,0.268,0.5
supermat,nfix,Probe,250,intercept_fit,44,1.0,-4.241062067168279,0.328,0.5
supermat,nfix,Probe,250,intercept_fit,45,1.0,-4.313530920002073,0.272,0.5
supermat,nfix,Probe,250,intercept_fit,46,1.0,-4.586042673417737,0.252,0.5
supermat,nfix,Probe,250,intercept_fit,47,1.0,-4.014074473335223,0.348,0.5
supermat,nfix,Probe,250,intercept_fit,48,1.0,-4.652712379901053,0.312,0.5
supermat,nfix,Probe,250,intercept_fit,49,1.0,-4.058565886605443,0.284,0.5
supermat,nfix,Probe,250,intercept_fit,50,1.0,-4.307317022140026,0.3,0.5
supermat,nfix,Probe,250,intercept_fit,51,1.0,-4.3641820809518155,0.26,0.5
supermat,nfix,Probe,250,intercept_fit,52,1.0,-4.5396993878373175,0.244,0.5
supermat,nfix,Probe,250,intercept_fit,53,1.0,-4.460375037064056,0.276,0.5
supermat,nfix,Probe,250,intercept_fit,54,1.0,-4.674379172456479,0.256,0.5
supermat,nfix,Probe,250,intercept_fit,55,1.0,-4.321133868056282,0.26,0.5
supermat,nfix,Probe,250,intercept_fit,56,1.0,-4.490817555809507,0.256,0.5
supermat,nfix,Probe,250,intercept_fit,57,1.0,-4.527447908254608,0.256,0.5
supermat,nfix,Probe,250,intercept_fit,58,1.0,-4.566940421045265,0.288,0.5
supermat,nfix,Probe,250,intercept_fit,59,1.0,-4.7147046485430035,0.292,0.5
supermat,nfix,Probe,250,intercept_fit,60,1.0,-4.68201900156696,0.216,0.5
supermat,nfix,Probe,250,intercept_fit,61,1.0,-4.776325286486978,0.208,0.5
supermat,nfix,Probe,250,intercept_fit,62,1.0,-4.252058506333388,0.272,0.5
supermat,nfix,Probe,250,intercept_fit,63,1.0,-4.196015692027695,0.304,0.5
supermat,nfix,Probe,250,intercept_fit,64,1.0,-4.297564892991011,0.228,0.5
supermat,nfix,Probe,250,intercept_fit,65,1.0,-4.670087802509207,0.264,0.5
supermat,nfix,Probe,250,intercept_fit,66,1.0,-4.28646025756692,0.288,0.5
supermat,nfix,Probe,250,intercept_fit,67,1.0,-4.510508923286021,0.296,0.5
supermat,nfix,Probe,250,intercept_fit,68,1.0,-4.386091851634588,0.288,0.5
supermat,nfix,Probe,250,intercept_fit,69,1.0,-4.314304779313915,0.292,0.5
supermat,nfix,Probe,250,intercept_fit,70,1.0,-4.503590582964134,0.224,0.5
supermat,nfix,Probe,250,intercept_fit,71,1.0,-4.435660408863588,0.26,0.5
supermat,nfix,Probe,250,intercept_fit,72,1.0,-4.650693227471302,0.216,0.5
supermat,nfix,Probe,250,intercept_fit,73,1.0,-4.770179074478927,0.24,0.5
supermat,nfix,Probe,250,intercept_fit,74,1.0,-4.936570833727786,0.204,0.5
supermat,nfix,Probe,250,intercept_fit,75,1.0,-4.621540606514133,0.22,0.5
supermat,nfix,Probe,250,intercept_fit,76,1.0,-4.4680488226236275,0.264,0.5
supermat,nfix,Probe,250,intercept_fit,77,1.0,-4.382085516542419,0.26,0.5
supermat,nfix,Probe,250,intercept_fit,78,1.0,-4.076661282579845,0.316,0.5
supermat,nfix,Probe,250,intercept_fit,79,1.0,-4.565260024948499,0.268,0.5
supermat,nfix,Probe,250,intercept_fit,80,1.0,-4.476336142347083,0.268,0.5
supermat,nfix,Probe,250,intercept_fit,81,1.0,-4.350344292743668,0.32,0.5
supermat,nfix,Probe,250,intercept_fit,82,1.0,-4.413584666453764,0.268,0.5
supermat,nfix,Probe,250,intercept_fit,83,1.0,-4.693023660265606,0.22,0.5
supermat,nfix,Probe,250,intercept_fit,84,1.0,-4.555907778521921,0.272,0.5
supermat,nfix,Probe,250,intercept_fit,85,1.0,-4.557810185467441,0.228,0.5
supermat,nfix,Probe,250,intercept_fit,86,1.0,-4.240253280750622,0.288,0.5
supermat,nfix,Probe,250,intercept_fit,87,1.0,-4.823036208778901,0.216,0.5
supermat,nfix,Probe,250,intercept_fit,88,1.0,-4.3785803863084745,0.252,0.5
supermat,nfix,Probe,250,intercept_fit,89,1.0,-4.116683124409639,0.324,0.5
supermat,nfix,Probe,250,intercept_fit,90,1.0,-4.762825945553909,0.252,0.5
supermat,nfix,Probe,250,intercept_fit,91,1.0,-4.106278351480378,0.324,0.5
supermat,nfix,Probe,250,intercept_fit,92,1.0,-4.1309124909252395,0.252,0.5
supermat,nfix,Probe,250,intercept_fit,93,1.0,-4.4180836109394575,0.26,0.5
supermat,nfix,Probe,250,intercept_fit,94,1.0,-4.477232653754011,0.228,0.5
supermat,nfix,Probe,250,intercept_fit,95,1.0,-4.510314442522907,0.272,0.5
supermat,nfix,Probe,250,intercept_fit,96,1.0,-4.4274859169887835,0.292,0.5
supermat,nfix,Probe,250,intercept_fit,97,1.0,-4.6023059216360585,0.296,0.5
supermat,nfix,Probe,250,intercept_fit,98,1.0,-4.31728783202416,0.24,0.5
supermat,nfix,Probe,250,intercept_fit,99,1.0,-4.2493166292101305,0.312,0.5
supermat,nfix,NTP,250,intercept_fit,0,1.0,-11.662339221846599,0.212,0.5
supermat,nfix,NTP,250,intercept_fit,1,1.0,-10.779609001015906,0.312,0.5
supermat,nfix,NTP,250,intercept_fit,2,1.0,-9.38803611194799,0.28,0.5
supermat,nfix,NTP,250,intercept_fit,3,1.0,-10.038566194945021,0.28,0.5
supermat,nfix,NTP,250,intercept_fit,4,1.0,-10.48943582995186,0.292,0.5
supermat,nfix,NTP,250,intercept_fit,5,1.0,-9.949290934074677,0.284,0.5
supermat,nfix,NTP,250,intercept_fit,6,1.0,-11.501267314333436,0.288,0.5
supermat,nfix,NTP,250,intercept_fit,7,1.0,-4.745162029667448,0.276,0.5
supermat,nfix,NTP,250,intercept_fit,8,1.0,-11.175850427593957,0.308,0.5
supermat,nfix,NTP,250,intercept_fit,9,1.0,-10.791421812566401,0.268,0.5
supermat,nfix,NTP,250,intercept_fit,10,1.0,-10.900626047552702,0.216,0.5
supermat,nfix,NTP,250,intercept_fit,11,1.0,-10.855550865825855,0.352,0.5
supermat,nfix,NTP,250,intercept_fit,12,1.0,-11.996578599518982,0.252,0.5
supermat,nfix,NTP,250,intercept_fit,13,1.0,-10.708762468490113,0.236,0.5
supermat,nfix,NTP,250,intercept_fit,14,1.0,-10.251353843768959,0.284,0.5
supermat,nfix,NTP,250,intercept_fit,15,1.0,-11.762184789487097,0.212,0.5
supermat,nfix,NTP,250,intercept_fit,16,1.0,-10.77197986597394,0.272,0.5
supermat,nfix,NTP,250,intercept_fit,17,1.0,-7.939074837624886,0.248,0.5
supermat,nfix,NTP,250,intercept_fit,18,1.0,-11.530884831839183,0.276,0.5
supermat,nfix,NTP,250,intercept_fit,19,1.0,-10.034933420873372,0.232,0.5
supermat,nfix,NTP,250,intercept_fit,20,1.0,-7.011279196144158,0.28,0.5
supermat,nfix,NTP,250,intercept_fit,21,1.0,-6.667086738114773,0.296,0.5
supermat,nfix,NTP,250,intercept_fit,22,1.0,-7.614022168552201,0.292,0.5
supermat,nfix,NTP,250,intercept_fit,23,1.0,-6.914623301230797,0.312,0.5
supermat,nfix,NTP,250,intercept_fit,24,1.0,-11.535298408977425,0.276,0.5
supermat,nfix,NTP,250,intercept_fit,25,1.0,-11.113892220287779,0.244,0.5
supermat,nfix,NTP,250,intercept_fit,26,1.0,-10.739281228335852,0.228,0.5
supermat,nfix,NTP,250,intercept_fit,27,1.0,-10.677641958795473,0.232,0.5
supermat,nfix,NTP,250,intercept_fit,28,1.0,-11.30893137597745,0.264,0.5
supermat,nfix,NTP,250,intercept_fit,29,1.0,-8.759172430271128,0.288,0.5
supermat,nfix,NTP,250,intercept_fit,30,1.0,-10.093920483438673,0.296,0.5
supermat,nfix,NTP,250,intercept_fit,31,1.0,-9.451564169451467,0.304,0.5
supermat,nfix,NTP,250,intercept_fit,32,1.0,-11.711088313347343,0.284,0.5
supermat,nfix,NTP,250,intercept_fit,33,1.0,-10.635179938077274,0.24,0.5
supermat,nfix,NTP,250,intercept_fit,34,1.0,-10.433307296858757,0.244,0.5
supermat,nfix,NTP,250,intercept_fit,35,1.0,-10.928164711744753,0.272,0.5
supermat,nfix,NTP,250,intercept_fit,36,1.0,-5.571869434174305,0.292,0.5
supermat,nfix,NTP,250,intercept_fit,37,1.0,-10.504436859087713,0.316,0.5
supermat,nfix,NTP,250,intercept_fit,38,1.0,-10.446586980069418,0.268,0.5
supermat,nfix,NTP,250,intercept_fit,39,1.0,-10.99517799238195,0.3,0.5
supermat,nfix,NTP,250,intercept_fit,40,1.0,-11.196457523814649,0.232,0.5
supermat,nfix,NTP,250,intercept_fit,41,1.0,-9.810735652302363,0.236,0.5
supermat,nfix,NTP,250,intercept_fit,42,1.0,-8.40190341976554,0.244,0.5
supermat,nfix,NTP,250,intercept_fit,43,1.0,-9.477539028732565,0.268,0.5
supermat,nfix,NTP,250,intercept_fit,44,1.0,-10.866126771059633,0.328,0.5
supermat,nfix,NTP,250,intercept_fit,45,1.0,-10.50419445293749,0.272,0.5
supermat,nfix,NTP,250,intercept_fit,46,1.0,-10.724055509134587,0.252,0.5
supermat,nfix,NTP,250,intercept_fit,47,1.0,-11.047290559412655,0.348,0.5
supermat,nfix,NTP,250,intercept_fit,48,1.0,-11.278534872550932,0.312,0.5
supermat,nfix,NTP,250,intercept_fit,49,1.0,-7.301497587693705,0.284,0.5
supermat,nfix,NTP,250,intercept_fit,50,1.0,-8.633232956890932,0.3,0.5
supermat,nfix,NTP,250,intercept_fit,51,1.0,-10.624509723754295,0.26,0.5
supermat,nfix,NTP,250,intercept_fit,52,1.0,-10.230963394972973,0.244,0.5
supermat,nfix,NTP,250,intercept_fit,53,1.0,-11.659402931432208,0.276,0.5
supermat,nfix,NTP,250,intercept_fit,54,1.0,-11.742555734517635,0.256,0.5
supermat,nfix,NTP,250,intercept_fit,55,1.0,-9.924007493605616,0.26,0.5
supermat,nfix,NTP,250,intercept_fit,56,1.0,-11.354495869328831,0.256,0.5
supermat,nfix,NTP,250,intercept_fit,57,1.0,-11.515295485712985,0.256,0.5
supermat,nfix,NTP,250,intercept_fit,58,1.0,-11.047465081033783,0.288,0.5
supermat,nfix,NTP,250,intercept_fit,59,1.0,-11.090839182628407,0.292,0.5
supermat,nfix,NTP,250,intercept_fit,60,1.0,-8.50129737824969,0.216,0.5
supermat,nfix,NTP,250,intercept_fit,61,1.0,-11.480111371965808,0.208,0.5
supermat,nfix,NTP,250,intercept_fit,62,1.0,-9.981767169376088,0.272,0.5
supermat,nfix,NTP,250,intercept_fit,63,1.0,-8.914880388930387,0.304,0.5
supermat,nfix,NTP,250,intercept_fit,64,1.0,-11.667029880577676,0.228,0.5
supermat,nfix,NTP,250,intercept_fit,65,1.0,-12.088524902118758,0.264,0.5
supermat,nfix,NTP,250,intercept_fit,66,1.0,-9.082410174809974,0.288,0.5
supermat,nfix,NTP,250,intercept_fit,67,1.0,-10.84842386975065,0.296,0.5
supermat,nfix,NTP,250,intercept_fit,68,1.0,-10.432998947626324,0.288,0.5
supermat,nfix,NTP,250,intercept_fit,69,1.0,-11.252215493862955,0.292,0.5
supermat,nfix,NTP,250,intercept_fit,70,1.0,-12.332457017325618,0.224,0.5
supermat,nfix,NTP,250,intercept_fit,71,1.0,-10.70650321384091,0.26,0.5
supermat,nfix,NTP,250,intercept_fit,72,1.0,-11.702478442079856,0.216,0.5
supermat,nfix,NTP,250,intercept_fit,73,1.0,-11.866743336560466,0.24,0.5
supermat,nfix,NTP,250,intercept_fit,74,1.0,-9.701749655323324,0.204,0.5
supermat,nfix,NTP,250,intercept_fit,75,1.0,-10.839254244299703,0.22,0.5
supermat,nfix,NTP,250,intercept_fit,76,1.0,-10.975708648577484,0.264,0.5
supermat,nfix,NTP,250,intercept_fit,77,1.0,-10.85265400995786,0.26,0.5
supermat,nfix,NTP,250,intercept_fit,78,1.0,-7.713993017418453,0.316,0.5
supermat,nfix,NTP,250,intercept_fit,79,1.0,-11.883460224841306,0.268,0.5
supermat,nfix,NTP,250,intercept_fit,80,1.0,-10.846023005580841,0.268,0.5
supermat,nfix,NTP,250,intercept_fit,81,1.0,-10.021176749991913,0.32,0.5
supermat,nfix,NTP,250,intercept_fit,82,1.0,-10.274484346939948,0.268,0.5
supermat,nfix,NTP,250,intercept_fit,83,1.0,-11.602414414490738,0.22,0.5
supermat,nfix,NTP,250,intercept_fit,84,1.0,-10.712612227287943,0.272,0.5
supermat,nfix,NTP,250,intercept_fit,85,1.0,-12.16467261738837,0.228,0.5
supermat,nfix,NTP,250,intercept_fit,86,1.0,-10.464656454909715,0.288,0.5
supermat,nfix,NTP,250,intercept_fit,87,1.0,-10.677732536491451,0.216,0.5
supermat,nfix,NTP,250,intercept_fit,88,1.0,-7.074745261302288,0.252,0.5
supermat,nfix,NTP,250,intercept_fit,89,1.0,-10.504433997316692,0.324,0.5
supermat,nfix,NTP,250,intercept_fit,90,1.0,-10.962853122851826,0.252,0.5
supermat,nfix,NTP,250,intercept_fit,91,1.0,-8.87137862659875,0.324,0.5
supermat,nfix,NTP,250,intercept_fit,92,1.0,-9.542367411808984,0.252,0.5
supermat,nfix,NTP,250,intercept_fit,93,1.0,-10.214751530258336,0.26,0.5
supermat,nfix,NTP,250,intercept_fit,94,1.0,-10.485717484012834,0.228,0.5
supermat,nfix,NTP,250,intercept_fit,95,1.0,-8.725388416361755,0.272,0.5
supermat,nfix,NTP,250,intercept_fit,96,1.0,-11.280794669123882,0.292,0.5
supermat,nfix,NTP,250,intercept_fit,97,1.0,-10.67659718034522,0.296,0.5
supermat,nfix,NTP,250,intercept_fit,98,1.0,-11.279337358462566,0.24,0.5
supermat,nfix,NTP,250,intercept_fit,99,1.0,-10.51844204248493,0.312,0.5
supermat,nfix,Probe,500,intercept_fit,0,1.0,-4.478502074824283,0.252,0.5
supermat,nfix,Probe,500,intercept_fit,1,1.0,-4.431512841430526,0.268,0.5
supermat,nfix,Probe,500,intercept_fit,2,1.0,-4.275150170813237,0.236,0.5
supermat,nfix,Probe,500,intercept_fit,3,1.0,-4.335655399750355,0.256,0.5
supermat,nfix,Probe,500,intercept_fit,4,1.0,-4.31630908236948,0.32,0.5
supermat,nfix,Probe,500,intercept_fit,5,1.0,-4.262623586162957,0.3,0.5
supermat,nfix,Probe,500,intercept_fit,6,1.0,-4.429646573296392,0.28,0.5
supermat,nfix,Probe,500,intercept_fit,7,1.0,-4.447714093053641,0.266,0.5
supermat,nfix,Probe,500,intercept_fit,8,1.0,-4.283390776572921,0.338,0.5
supermat,nfix,Probe,500,intercept_fit,9,1.0,-4.561221803681072,0.254,0.5
supermat,nfix,Probe,500,intercept_fit,10,1.0,-4.712277117681965,0.236,0.5
supermat,nfix,Probe,500,intercept_fit,11,1.0,-4.225640881302058,0.326,0.5
supermat,nfix,Probe,500,intercept_fit,12,1.0,-4.385051728684477,0.27,0.5
supermat,nfix,Probe,500,intercept_fit,13,1.0,-4.485044424106178,0.252,0.5
supermat,nfix,Probe,500,intercept_fit,14,1.0,-4.45458924663375,0.274,0.5
supermat,nfix,Probe,500,intercept_fit,15,1.0,-4.553555217097814,0.234,0.5
supermat,nfix,Probe,500,intercept_fit,16,1.0,-4.343439930166613,0.302,0.5
supermat,nfix,Probe,500,intercept_fit,17,1.0,-4.548263161750503,0.222,0.5
supermat,nfix,Probe,500,intercept_fit,18,1.0,-4.496080284766749,0.252,0.5
supermat,nfix,Probe,500,intercept_fit,19,1.0,-4.296409715585981,0.254,0.5
supermat,nfix,Probe,500,intercept_fit,20,1.0,-4.460470547821407,0.248,0.5
supermat,nfix,Probe,500,intercept_fit,21,1.0,-4.21871096029678,0.298,0.5
supermat,nfix,Probe,500,intercept_fit,22,1.0,-4.4756943286916755,0.252,0.5
supermat,nfix,Probe,500,intercept_fit,23,1.0,-4.38278953955029,0.268,0.5
supermat,nfix,Probe,500,intercept_fit,24,1.0,-4.220985366210445,0.32,0.5
supermat,nfix,Probe,500,intercept_fit,25,1.0,-4.386679103462581,0.256,0.5
supermat,nfix,Probe,500,intercept_fit,26,1.0,-4.5336758031356315,0.226,0.5
supermat,nfix,Probe,500,intercept_fit,27,1.0,-4.667630109211835,0.242,0.5
supermat,nfix,Probe,500,intercept_fit,28,1.0,-4.522132862167695,0.282,0.5
supermat,nfix,Probe,500,intercept_fit,29,1.0,-4.054428506252314,0.318,0.5
supermat,nfix,Probe,500,intercept_fit,30,1.0,-4.451516907298471,0.32,0.5
supermat,nfix,Probe,500,intercept_fit,31,1.0,-4.457094724314812,0.284,0.5
supermat,nfix,Probe,500,intercept_fit,32,1.0,-4.292870269267058,0.314,0.5
supermat,nfix,Probe,500,intercept_fit,33,1.0,-4.537762131884674,0.26,0.5
supermat,nfix,Probe,500,intercept_fit,34,1.0,-4.297931909475195,0.282,0.5
supermat,nfix,Probe,500,intercept_fit,35,1.0,-4.580787942861762,0.246,0.5
supermat,nfix,Probe,500,intercept_fit,36,1.0,-4.444264844169855,0.252,0.5
supermat,nfix,Probe,500,intercept_fit,37,1.0,-4.412663649809776,0.292,0.5
supermat,nfix,Probe,500,intercept_fit,38,1.0,-4.773813064019405,0.226,0.5
supermat,nfix,Probe,500,intercept_fit,39,1.0,-4.20306541721471,0.278,0.5
supermat,nfix,Probe,500,intercept_fit,40,1.0,-4.5200046394251325,0.238,0.5
supermat,nfix,Probe,500,intercept_fit,41,1.0,-4.540716515623372,0.254,0.5
supermat,nfix,Probe,500,intercept_fit,42,1.0,-4.1977459350740585,0.284,0.5
supermat,nfix,Probe,500,intercept_fit,43,1.0,-4.485532529966696,0.286,0.5
supermat,nfix,Probe,500,intercept_fit,44,1.0,-4.191446294806746,0.326,0.5
supermat,nfix,Probe,500,intercept_fit,45,1.0,-4.507597801962283,0.226,0.5
supermat,nfix,Probe,500,intercept_fit,46,1.0,-4.741610473869993,0.234,0.5
supermat,nfix,Probe,500,intercept_fit,47,1.0,-4.149271929478581,0.322,0.5
supermat,nfix,Probe,500,intercept_fit,48,1.0,-4.620171767453402,0.304,0.5
supermat,nfix,Probe,500,intercept_fit,49,1.0,-4.2858904508469955,0.282,0.5
supermat,nfix,Probe,500,intercept_fit,50,1.0,-4.234833876788085,0.316,0.5
supermat,nfix,Probe,500,intercept_fit,51,1.0,-4.316610696025562,0.26,0.5
supermat,nfix,Probe,500,intercept_fit,52,1.0,-4.30677740882529,0.276,0.5
supermat,nfix,Probe,500,intercept_fit,53,1.0,-4.180314017158911,0.304,0.5
supermat,nfix,Probe,500,intercept_fit,54,1.0,-4.720202163432595,0.256,0.5
supermat,nfix,Probe,500,intercept_fit,55,1.0,-4.22574822108648,0.272,0.5
supermat,nfix,Probe,500,intercept_fit,56,1.0,-4.614470734206807,0.254,0.5
supermat,nfix,Probe,500,intercept_fit,57,1.0,-4.468741751348323,0.252,0.5
supermat,nfix,Probe,500,intercept_fit,58,1.0,-4.6397448486225645,0.282,0.5
supermat,nfix,Probe,500,intercept_fit,59,1.0,-4.563923874974347,0.294,0.5
supermat,nfix,Probe,500,intercept_fit,60,1.0,-4.7171083616056855,0.22,0.5
supermat,nfix,Probe,500,intercept_fit,61,1.0,-4.352564610911536,0.268,0.5
supermat,nfix,Probe,500,intercept_fit,62,1.0,-4.266665333630611,0.276,0.5
supermat,nfix,Probe,500,intercept_fit,63,1.0,-4.662264137172293,0.256,0.5
supermat,nfix,Probe,500,intercept_fit,64,1.0,-4.402847286709892,0.242,0.5
supermat,nfix,Probe,500,intercept_fit,65,1.0,-4.269248042578993,0.36,0.5
supermat,nfix,Probe,500,intercept_fit,66,1.0,-4.610510307949281,0.278,0.5
supermat,nfix,Probe,500,intercept_fit,67,1.0,-4.641191537866021,0.27,0.5
supermat,nfix,Probe,500,intercept_fit,68,1.0,-4.257110140252695,0.3,0.5
supermat,nfix,Probe,500,intercept_fit,69,1.0,-4.498835915253842,0.256,0.5
supermat,nfix,Probe,500,intercept_fit,70,1.0,-4.165651429825124,0.28,0.5
supermat,nfix,Probe,500,intercept_fit,71,1.0,-4.612245965829609,0.226,0.5
supermat,nfix,Probe,500,intercept_fit,72,1.0,-4.515575669557156,0.234,0.5
supermat,nfix,Probe,500,intercept_fit,73,1.0,-4.596168416102216,0.25,0.5
supermat,nfix,Probe,500,intercept_fit,74,1.0,-4.723108747289883,0.254,0.5
supermat,nfix,Probe,500,intercept_fit,75,1.0,-4.241155902034088,0.274,0.5
supermat,nfix,Probe,500,intercept_fit,76,1.0,-4.503416534130336,0.258,0.5
supermat,nfix,Probe,500,intercept_fit,77,1.0,-4.68337783388928,0.21,0.5
supermat,nfix,Probe,500,intercept_fit,78,1.0,-4.219943351421969,0.288,0.5
supermat,nfix,Probe,500,intercept_fit,79,1.0,-4.5804959737262125,0.242,0.5
supermat,nfix,Probe,500,intercept_fit,80,1.0,-4.695104457496111,0.242,0.5
supermat,nfix,Probe,500,intercept_fit,81,1.0,-4.405627617807094,0.282,0.5
supermat,nfix,Probe,500,intercept_fit,82,1.0,-4.348212817563886,0.296,0.5
supermat,nfix,Probe,500,intercept_fit,83,1.0,-4.514046873149805,0.254,0.5
supermat,nfix,Probe,500,intercept_fit,84,1.0,-4.602150005638366,0.274,0.5
supermat,nfix,Probe,500,intercept_fit,85,1.0,-4.292609190875058,0.286,0.5
supermat,nfix,Probe,500,intercept_fit,86,1.0,-4.405186264225695,0.256,0.5
supermat,nfix,Probe,500,intercept_fit,87,1.0,-4.617520847399279,0.248,0.5
supermat,nfix,Probe,500,intercept_fit,88,1.0,-4.520607357379669,0.236,0.5
supermat,nfix,Probe,500,intercept_fit,89,1.0,-4.272387646986874,0.29,0.5
supermat,nfix,Probe,500,intercept_fit,90,1.0,-4.644123134476405,0.248,0.5
supermat,nfix,Probe,500,intercept_fit,91,1.0,-4.53640836769084,0.288,0.5
supermat,nfix,Probe,500,intercept_fit,92,1.0,-3.9647374833715645,0.294,0.5
supermat,nfix,Probe,500,intercept_fit,93,1.0,-4.273503588881771,0.282,0.5
supermat,nfix,Probe,500,intercept_fit,94,1.0,-4.378204144687326,0.248,0.5
supermat,nfix,Probe,500,intercept_fit,95,1.0,-4.4758014261908246,0.272,0.5
supermat,nfix,Probe,500,intercept_fit,96,1.0,-4.1308440486602445,0.308,0.5
supermat,nfix,Probe,500,intercept_fit,97,1.0,-4.599202290868809,0.334,0.5
supermat,nfix,Probe,500,intercept_fit,98,1.0,-4.438744347833382,0.246,0.5
supermat,nfix,Probe,500,intercept_fit,99,1.0,-4.269115345333853,0.294,0.5
supermat,nfix,NTP,500,intercept_fit,0,1.0,-10.702630663062388,0.252,0.5
supermat,nfix,NTP,500,intercept_fit,1,1.0,-11.871231899560321,0.268,0.5
supermat,nfix,NTP,500,intercept_fit,2,1.0,-10.201920357133476,0.236,0.5
supermat,nfix,NTP,500,intercept_fit,3,1.0,-10.61914361017131,0.256,0.5
supermat,nfix,NTP,500,intercept_fit,4,1.0,-8.222978074308653,0.32,0.5
supermat,nfix,NTP,500,intercept_fit,5,1.0,-9.284900974086499,0.3,0.5
supermat,nfix,NTP,500,intercept_fit,6,1.0,-11.610170495037734,0.28,0.5
supermat,nfix,NTP,500,intercept_fit,7,1.0,-10.458266615144428,0.266,0.5
supermat,nfix,NTP,500,intercept_fit,8,1.0,-10.368631857937093,0.338,0.5
supermat,nfix,NTP,500,intercept_fit,9,1.0,-11.204641761438136,0.254,0.5
supermat,nfix,NTP,500,intercept_fit,10,1.0,-9.714155688900645,0.236,0.5
supermat,nfix,NTP,500,intercept_fit,11,1.0,-11.309916069703787,0.326,0.5
supermat,nfix,NTP,500,intercept_fit,12,1.0,-11.049726870781457,0.27,0.5
supermat,nfix,NTP,500,intercept_fit,13,1.0,-10.15080203206348,0.252,0.5
supermat,nfix,NTP,500,intercept_fit,14,1.0,-10.942424491339912,0.274,0.5
supermat,nfix,NTP,500,intercept_fit,15,1.0,-11.540258681380992,0.234,0.5
supermat,nfix,NTP,500,intercept_fit,16,1.0,-10.676291429067279,0.302,0.5
supermat,nfix,NTP,500,intercept_fit,17,1.0,-10.853831251006564,0.222,0.5
supermat,nfix,NTP,500,intercept_fit,18,1.0,-11.058171523729209,0.252,0.5
supermat,nfix,NTP,500,intercept_fit,19,1.0,-10.607945207126003,0.254,0.5
supermat,nfix,NTP,500,intercept_fit,20,1.0,-10.293709750040003,0.248,0.5
supermat,nfix,NTP,500,intercept_fit,21,1.0,-6.837255331968899,0.298,0.5
supermat,nfix,NTP,500,intercept_fit,22,1.0,-10.047382974410064,0.252,0.5
supermat,nfix,NTP,500,intercept_fit,23,1.0,-8.364342596047187,0.268,0.5
supermat,nfix,NTP,500,intercept_fit,24,1.0,-11.317945280910088,0.32,0.5
supermat,nfix,NTP,500,intercept_fit,25,1.0,-8.123660136079872,0.256,0.5
supermat,nfix,NTP,500,intercept_fit,26,1.0,-10.650605493077478,0.226,0.5
supermat,nfix,NTP,500,intercept_fit,27,1.0,-11.224585372082185,0.242,0.5
supermat,nfix,NTP,500,intercept_fit,28,1.0,-11.025112874711084,0.282,0.5
supermat,nfix,NTP,500,intercept_fit,29,1.0,-8.553133443494614,0.318,0.5
supermat,nfix,NTP,500,intercept_fit,30,1.0,-9.71984454515802,0.32,0.5
supermat,nfix,NTP,500,intercept_fit,31,1.0,-8.561429345561502,0.284,0.5
supermat,nfix,NTP,500,intercept_fit,32,1.0,-10.808854576550816,0.314,0.5
supermat,nfix,NTP,500,intercept_fit,33,1.0,-10.393712869912832,0.26,0.5
supermat,nfix,NTP,500,intercept_fit,34,1.0,-10.669594851842096,0.282,0.5
supermat,nfix,NTP,500,intercept_fit,35,1.0,-9.538627409263373,0.246,0.5
supermat,nfix,NTP,500,intercept_fit,36,1.0,-10.142599158330274,0.252,0.5
supermat,nfix,NTP,500,intercept_fit,37,1.0,-10.460996567644704,0.292,0.5
supermat,nfix,NTP,500,intercept_fit,38,1.0,-11.696919782586683,0.226,0.5
supermat,nfix,NTP,500,intercept_fit,39,1.0,-10.770577537192587,0.278,0.5
supermat,nfix,NTP,500,intercept_fit,40,1.0,-11.065421445194449,0.238,0.5
supermat,nfix,NTP,500,intercept_fit,41,1.0,-11.035939393072896,0.254,0.5
supermat,nfix,NTP,500,intercept_fit,42,1.0,-6.30448873979157,0.284,0.5
supermat,nfix,NTP,500,intercept_fit,43,1.0,-9.884453293232658,0.286,0.5
supermat,nfix,NTP,500,intercept_fit,44,1.0,-10.168958254277925,0.326,0.5
supermat,nfix,NTP,500,intercept_fit,45,1.0,-11.271714536460063,0.226,0.5
supermat,nfix,NTP,500,intercept_fit,46,1.0,-10.982787662495022,0.234,0.5
supermat,nfix,NTP,500,intercept_fit,47,1.0,-10.770135652808422,0.322,0.5
supermat,nfix,NTP,500,intercept_fit,48,1.0,-10.944987545669834,0.304,0.5
supermat,nfix,NTP,500,intercept_fit,49,1.0,-8.635097115744518,0.282,0.5
supermat,nfix,NTP,500,intercept_fit,50,1.0,-9.676065053528148,0.316,0.5
supermat,nfix,NTP,500,intercept_fit,51,1.0,-11.56817443320911,0.26,0.5
supermat,nfix,NTP,500,intercept_fit,52,1.0,-8.585982633356045,0.276,0.5
supermat,nfix,NTP,500,intercept_fit,53,1.0,-10.066041176200162,0.304,0.5
supermat,nfix,NTP,500,intercept_fit,54,1.0,-12.013651932486184,0.256,0.5
supermat,nfix,NTP,500,intercept_fit,55,1.0,-9.540830316123092,0.272,0.5
supermat,nfix,NTP,500,intercept_fit,56,1.0,-11.1512178960253,0.254,0.5
supermat,nfix,NTP,500,intercept_fit,57,1.0,-9.867373987370515,0.252,0.5
supermat,nfix,NTP,500,intercept_fit,58,1.0,-11.412379096502573,0.282,0.5
supermat,nfix,NTP,500,intercept_fit,59,1.0,-11.122272546803657,0.294,0.5
supermat,nfix,NTP,500,intercept_fit,60,1.0,-10.247265824726096,0.22,0.5
supermat,nfix,NTP,500,intercept_fit,61,1.0,-9.932482704358334,0.268,0.5
supermat,nfix,NTP,500,intercept_fit,62,1.0,-10.51872434961955,0.276,0.5
supermat,nfix,NTP,500,intercept_fit,63,1.0,-11.46951195323879,0.256,0.5
supermat,nfix,NTP,500,intercept_fit,64,1.0,-10.896117953554917,0.242,0.5
supermat,nfix,NTP,500,intercept_fit,65,1.0,-10.744677756522869,0.36,0.5
supermat,nfix,NTP,500,intercept_fit,66,1.0,-10.433553116801974,0.278,0.5
supermat,nfix,NTP,500,intercept_fit,67,1.0,-11.737905642974086,0.27,0.5
supermat,nfix,NTP,500,intercept_fit,68,1.0,-9.267099381979333,0.3,0.5
supermat,nfix,NTP,500,intercept_fit,69,1.0,-10.258773074694762,0.256,0.5
supermat,nfix,NTP,500,intercept_fit,70,1.0,-11.160425774351447,0.28,0.5
supermat,nfix,NTP,500,intercept_fit,71,1.0,-11.393573885380057,0.226,0.5
supermat,nfix,NTP,500,intercept_fit,72,1.0,-10.731646806253583,0.234,0.5
supermat,nfix,NTP,500,intercept_fit,73,1.0,-11.628646700924975,0.25,0.5
supermat,nfix,NTP,500,intercept_fit,74,1.0,-9.852299804369558,0.254,0.5
supermat,nfix,NTP,500,intercept_fit,75,1.0,-9.565436495550241,0.274,0.5
supermat,nfix,NTP,500,intercept_fit,76,1.0,-11.196580909200557,0.258,0.5
supermat,nfix,NTP,500,intercept_fit,77,1.0,-10.442435965698285,0.21,0.5
supermat,nfix,NTP,500,intercept_fit,78,1.0,-10.424678875792202,0.288,0.5
supermat,nfix,NTP,500,intercept_fit,79,1.0,-11.163396332415717,0.242,0.5
supermat,nfix,NTP,500,intercept_fit,80,1.0,-10.968045546466435,0.242,0.5
supermat,nfix,NTP,500,intercept_fit,81,1.0,-9.72605713891164,0.282,0.5
supermat,nfix,NTP,500,intercept_fit,82,1.0,-9.370361858623143,0.296,0.5
supermat,nfix,NTP,500,intercept_fit,83,1.0,-10.796303183836145,0.254,0.5
supermat,nfix,NTP,500,intercept_fit,84,1.0,-10.691859086224513,0.274,0.5
supermat,nfix,NTP,500,intercept_fit,85,1.0,-11.100466141396689,0.286,0.5
supermat,nfix,NTP,500,intercept_fit,86,1.0,-10.44155357727499,0.256,0.5
supermat,nfix,NTP,500,intercept_fit,87,1.0,-11.45516933486061,0.248,0.5
supermat,nfix,NTP,500,intercept_fit,88,1.0,-9.815483701401952,0.236,0.5
supermat,nfix,NTP,500,intercept_fit,89,1.0,-10.732238500028393,0.29,0.5
supermat,nfix,NTP,500,intercept_fit,90,1.0,-11.350013817129962,0.248,0.5
supermat,nfix,NTP,500,intercept_fit,91,1.0,-10.454536802915017,0.288,0.5
supermat,nfix,NTP,500,intercept_fit,92,1.0,-8.985384283516439,0.294,0.5
supermat,nfix,NTP,500,intercept_fit,93,1.0,-8.268949897005724,0.282,0.5
supermat,nfix,NTP,500,intercept_fit,94,1.0,-8.601710894999334,0.248,0.5
supermat,nfix,NTP,500,intercept_fit,95,1.0,-10.267986125019508,0.272,0.5
supermat,nfix,NTP,500,intercept_fit,96,1.0,-10.325590807905057,0.308,0.5
supermat,nfix,NTP,500,intercept_fit,97,1.0,-11.061585971139527,0.334,0.5
supermat,nfix,NTP,500,intercept_fit,98,1.0,-11.24901174132792,0.246,0.5
supermat,nfix,NTP,500,intercept_fit,99,1.0,-10.179040664721711,0.294,0.5
supermat,nfix,Probe,1000,intercept_fit,0,1.0,-4.654867946565488,0.24,0.5
supermat,nfix,Probe,1000,intercept_fit,1,1.0,-4.28330294164656,0.285,0.5
supermat,nfix,Probe,1000,intercept_fit,2,1.0,-4.302478221782299,0.237,0.5
supermat,nfix,Probe,1000,intercept_fit,3,1.0,-4.287570925137279,0.275,0.5
supermat,nfix,Probe,1000,intercept_fit,4,1.0,-4.36841058695407,0.317,0.5
supermat,nfix,Probe,1000,intercept_fit,5,1.0,-4.493876469481006,0.268,0.5
supermat,nfix,Probe,1000,intercept_fit,6,1.0,-4.364981632275806,0.274,0.5
supermat,nfix,Probe,1000,intercept_fit,7,1.0,-4.342816327098028,0.27,0.5
supermat,nfix,Probe,1000,intercept_fit,8,1.0,-4.455452884334312,0.304,0.5
supermat,nfix,Probe,1000,intercept_fit,9,1.0,-4.640669773383653,0.251,0.5
supermat,nfix,Probe,1000,intercept_fit,10,1.0,-4.540041498965665,0.258,0.5
supermat,nfix,Probe,1000,intercept_fit,11,1.0,-4.101350910982098,0.349,0.5
supermat,nfix,Probe,1000,intercept_fit,12,1.0,-4.416111809827668,0.275,0.5
supermat,nfix,Probe,1000,intercept_fit,13,1.0,-4.532520868460465,0.24,0.5
supermat,nfix,Probe,1000,intercept_fit,14,1.0,-4.464291429775233,0.276,0.5
supermat,nfix,Probe,1000,intercept_fit,15,1.0,-4.516282942632078,0.239,0.5
supermat,nfix,Probe,1000,intercept_fit,16,1.0,-4.432447371613825,0.291,0.5
supermat,nfix,Probe,1000,intercept_fit,17,1.0,-4.322407347912057,0.249,0.5
supermat,nfix,Probe,1000,intercept_fit,18,1.0,-4.56787842006939,0.244,0.5
supermat,nfix,Probe,1000,intercept_fit,19,1.0,-4.434818646687625,0.234,0.5
supermat,nfix,Probe,1000,intercept_fit,20,1.0,-4.399893413917045,0.272,0.5
supermat,nfix,Probe,1000,intercept_fit,21,1.0,-4.519083635444671,0.254,0.5
supermat,nfix,Probe,1000,intercept_fit,22,1.0,-4.573625554704917,0.241,0.5
supermat,nfix,Probe,1000,intercept_fit,23,1.0,-4.404272444228477,0.261,0.5
supermat,nfix,Probe,1000,intercept_fit,24,1.0,-4.313953200467636,0.305,0.5
supermat,nfix,Probe,1000,intercept_fit,25,1.0,-4.2624519837969554,0.276,0.5
supermat,nfix,Probe,1000,intercept_fit,26,1.0,-4.485403930133032,0.238,0.5
supermat,nfix,Probe,1000,intercept_fit,27,1.0,-4.580142706741454,0.231,0.5
supermat,nfix,Probe,1000,intercept_fit,28,1.0,-4.51952428428338,0.282,0.5
supermat,nfix,Probe,1000,intercept_fit,29,1.0,-4.492610763754228,0.246,0.5
supermat,nfix,Probe,1000,intercept_fit,30,1.0,-4.59419120369788,0.295,0.5
supermat,nfix,Probe,1000,intercept_fit,31,1.0,-4.419217961089737,0.294,0.5
supermat,nfix,Probe,1000,intercept_fit,32,1.0,-4.326516522695062,0.309,0.5
supermat,nfix,Probe,1000,intercept_fit,33,1.0,-4.69436828487129,0.252,0.5
supermat,nfix,Probe,1000,intercept_fit,34,1.0,-4.351317154966301,0.278,0.5
supermat,nfix,Probe,1000,intercept_fit,35,1.0,-4.5755997205098335,0.26,0.5
supermat,nfix,Probe,1000,intercept_fit,36,1.0,-4.419219679948783,0.265,0.5
supermat,nfix,Probe,1000,intercept_fit,37,1.0,-4.402850081772198,0.275,0.5
supermat,nfix,Probe,1000,intercept_fit,38,1.0,-4.654283426232776,0.248,0.5
supermat,nfix,Probe,1000,intercept_fit,39,1.0,-4.315830013132569,0.264,0.5
supermat,nfix,Probe,1000,intercept_fit,40,1.0,-4.429230071296488,0.246,0.5
supermat,nfix,Probe,1000,intercept_fit,41,1.0,-4.381549659173237,0.267,0.5
supermat,nfix,Probe,1000,intercept_fit,42,1.0,-4.22561524532722,0.275,0.5
supermat,nfix,Probe,1000,intercept_fit,43,1.0,-4.563676478241512,0.28,0.5
supermat,nfix,Probe,1000,intercept_fit,44,1.0,-4.116797391065178,0.333,0.5
supermat,nfix,Probe,1000,intercept_fit,45,1.0,-4.243714492735824,0.265,0.5
supermat,nfix,Probe,1000,intercept_fit,46,1.0,-4.550086605185054,0.275,0.5
supermat,nfix,Probe,1000,intercept_fit,47,1.0,-4.200989192361026,0.313,0.5
supermat,nfix,Probe,1000,intercept_fit,48,1.0,-4.615372497492427,0.291,0.5
supermat,nfix,Probe,1000,intercept_fit,49,1.0,-4.181483251211067,0.27,0.5
supermat,nfix,Probe,1000,intercept_fit,50,1.0,-4.205061156885667,0.32,0.5
supermat,nfix,Probe,1000,intercept_fit,51,1.0,-4.410726834598117,0.251,0.5
supermat,nfix,Probe,1000,intercept_fit,52,1.0,-4.524028757792385,0.256,0.5
supermat,nfix,Probe,1000,intercept_fit,53,1.0,-4.471402927003991,0.263,0.5
supermat,nfix,Probe,1000,intercept_fit,54,1.0,-4.809348357214603,0.25,0.5
supermat,nfix,Probe,1000,intercept_fit,55,1.0,-4.526093153315812,0.23,0.5
supermat,nfix,Probe,1000,intercept_fit,56,1.0,-4.589413800843984,0.242,0.5
supermat,nfix,Probe,1000,intercept_fit,57,1.0,-4.539769201168198,0.264,0.5
supermat,nfix,Probe,1000,intercept_fit,58,1.0,-4.71102140221534,0.26,0.5
supermat,nfix,Probe,1000,intercept_fit,59,1.0,-4.584488965434044,0.297,0.5
supermat,nfix,Probe,1000,intercept_fit,60,1.0,-4.572381397473183,0.239,0.5
supermat,nfix,Probe,1000,intercept_fit,61,1.0,-4.412263276822375,0.274,0.5
supermat,nfix,Probe,1000,intercept_fit,62,1.0,-4.253628186750577,0.285,0.5
supermat,nfix,Probe,1000,intercept_fit,63,1.0,-4.568261264956819,0.273,0.5
supermat,nfix,Probe,1000,intercept_fit,64,1.0,-4.204583665228439,0.252,0.5
supermat,nfix,Probe,1000,intercept_fit,65,1.0,-4.411561026428815,0.336,0.5
supermat,nfix,Probe,1000,intercept_fit,66,1.0,-4.566769182191473,0.266,0.5
supermat,nfix,Probe,1000,intercept_fit,67,1.0,-4.570649367185002,0.281,0.5
supermat,nfix,Probe,1000,intercept_fit,68,1.0,-4.3190776014916805,0.292,0.5
supermat,nfix,Probe,1000,intercept_fit,69,1.0,-4.602960195368414,0.263,0.5
supermat,nfix,Probe,1000,intercept_fit,70,1.0,-4.0724581291062165,0.308,0.5
supermat,nfix,Probe,1000,intercept_fit,71,1.0,-4.415953183044854,0.257,0.5
supermat,nfix,Probe,1000,intercept_fit,72,1.0,-4.46800198761184,0.225,0.5
supermat,nfix,Probe,1000,intercept_fit,73,1.0,-4.607778286014732,0.257,0.5
supermat,nfix,Probe,1000,intercept_fit,74,1.0,-4.364416262249945,0.289,0.5
supermat,nfix,Probe,1000,intercept_fit,75,1.0,-4.4346806304416,0.247,0.5
supermat,nfix,Probe,1000,intercept_fit,76,1.0,-4.291966600174275,0.301,0.5
supermat,nfix,Probe,1000,intercept_fit,77,1.0,-4.55383997073628,0.229,0.5
supermat,nfix,Probe,1000,intercept_fit,78,1.0,-4.091889041297088,0.302,0.5
supermat,nfix,Probe,1000,intercept_fit,79,1.0,-4.431507536020185,0.263,0.5
supermat,nfix,Probe,1000,intercept_fit,80,1.0,-4.665502042209009,0.24,0.5
supermat,nfix,Probe,1000,intercept_fit,81,1.0,-4.463137585793388,0.278,0.5
supermat,nfix,Probe,1000,intercept_fit,82,1.0,-4.434427046618157,0.284,0.5
supermat,nfix,Probe,1000,intercept_fit,83,1.0,-4.357729596590705,0.266,0.5
supermat,nfix,Probe,1000,intercept_fit,84,1.0,-4.74677161727495,0.24,0.5
supermat,nfix,Probe,1000,intercept_fit,85,1.0,-4.412587372901635,0.267,0.5
supermat,nfix,Probe,1000,intercept_fit,86,1.0,-4.448009962578856,0.25,0.5
supermat,nfix,Probe,1000,intercept_fit,87,1.0,-4.705803676176569,0.232,0.5
supermat,nfix,Probe,1000,intercept_fit,88,1.0,-4.36525090810735,0.269,0.5
supermat,nfix,Probe,1000,intercept_fit,89,1.0,-4.141676654179809,0.29,0.5
supermat,nfix,Probe,1000,intercept_fit,90,1.0,-4.54730062153738,0.267,0.5
supermat,nfix,Probe,1000,intercept_fit,91,1.0,-4.569169212592408,0.28,0.5
supermat,nfix,Probe,1000,intercept_fit,92,1.0,-3.9786194492639306,0.282,0.5
supermat,nfix,Probe,1000,intercept_fit,93,1.0,-4.232548024899617,0.279,0.5
supermat,nfix,Probe,1000,intercept_fit,94,1.0,-4.403812985444257,0.244,0.5
supermat,nfix,Probe,1000,intercept_fit,95,1.0,-4.359869199843229,0.281,0.5
supermat,nfix,Probe,1000,intercept_fit,96,1.0,-4.341479700505598,0.271,0.5
supermat,nfix,Probe,1000,intercept_fit,97,1.0,-4.807373416532575,0.293,0.5
supermat,nfix,Probe,1000,intercept_fit,98,1.0,-4.490228836769006,0.254,0.5
supermat,nfix,Probe,1000,intercept_fit,99,1.0,-4.3037231633719,0.294,0.5
supermat,nfix,NTP,1000,intercept_fit,0,1.0,-10.829005130324674,0.24,0.5
supermat,nfix,NTP,1000,intercept_fit,1,1.0,-11.390939843824121,0.285,0.5
supermat,nfix,NTP,1000,intercept_fit,2,1.0,-9.644325204985199,0.237,0.5
supermat,nfix,NTP,1000,intercept_fit,3,1.0,-10.368512558058658,0.275,0.5
supermat,nfix,NTP,1000,intercept_fit,4,1.0,-7.821125572175734,0.317,0.5
supermat,nfix,NTP,1000,intercept_fit,5,1.0,-10.24151049332104,0.268,0.5
supermat,nfix,NTP,1000,intercept_fit,6,1.0,-11.008748403879968,0.274,0.5
supermat,nfix,NTP,1000,intercept_fit,7,1.0,-10.175868763617126,0.27,0.5
supermat,nfix,NTP,1000,intercept_fit,8,1.0,-11.25213904289643,0.304,0.5
supermat,nfix,NTP,1000,intercept_fit,9,1.0,-11.378936882164977,0.251,0.5
supermat,nfix,NTP,1000,intercept_fit,10,1.0,-8.741837679483819,0.258,0.5
supermat,nfix,NTP,1000,intercept_fit,11,1.0,-11.043885865904043,0.349,0.5
supermat,nfix,NTP,1000,intercept_fit,12,1.0,-11.590803635962647,0.275,0.5
supermat,nfix,NTP,1000,intercept_fit,13,1.0,-11.029663944656438,0.24,0.5
supermat,nfix,NTP,1000,intercept_fit,14,1.0,-10.748960079432514,0.276,0.5
supermat,nfix,NTP,1000,intercept_fit,15,1.0,-11.446166889080782,0.239,0.5
supermat,nfix,NTP,1000,intercept_fit,16,1.0,-11.594551253802763,0.291,0.5
supermat,nfix,NTP,1000,intercept_fit,17,1.0,-9.434637126583288,0.249,0.5
supermat,nfix,NTP,1000,intercept_fit,18,1.0,-11.427613883835756,0.244,0.5
supermat,nfix,NTP,1000,intercept_fit,19,1.0,-10.182161938425681,0.234,0.5
supermat,nfix,NTP,1000,intercept_fit,20,1.0,-10.424442632590186,0.272,0.5
supermat,nfix,NTP,1000,intercept_fit,21,1.0,-9.465287852144018,0.254,0.5
supermat,nfix,NTP,1000,intercept_fit,22,1.0,-10.004671648353584,0.241,0.5
supermat,nfix,NTP,1000,intercept_fit,23,1.0,-9.136056214768185,0.261,0.5
supermat,nfix,NTP,1000,intercept_fit,24,1.0,-11.503484225347766,0.305,0.5
supermat,nfix,NTP,1000,intercept_fit,25,1.0,-6.482214650872132,0.276,0.5
supermat,nfix,NTP,1000,intercept_fit,26,1.0,-9.908426305038468,0.238,0.5
supermat,nfix,NTP,1000,intercept_fit,27,1.0,-10.90819849767977,0.231,0.5
supermat,nfix,NTP,1000,intercept_fit,28,1.0,-11.297968319057226,0.282,0.5
supermat,nfix,NTP,1000,intercept_fit,29,1.0,-10.381827703221843,0.246,0.5
supermat,nfix,NTP,1000,intercept_fit,30,1.0,-10.546897179503546,0.295,0.5
supermat,nfix,NTP,1000,intercept_fit,31,1.0,-8.945766288718643,0.294,0.5
supermat,nfix,NTP,1000,intercept_fit,32,1.0,-11.162528487231947,0.309,0.5
supermat,nfix,NTP,1000,intercept_fit,33,1.0,-10.792208682518954,0.252,0.5
supermat,nfix,NTP,1000,intercept_fit,34,1.0,-10.051333484390488,0.278,0.5
supermat,nfix,NTP,1000,intercept_fit,35,1.0,-9.89001060406049,0.26,0.5
supermat,nfix,NTP,1000,intercept_fit,36,1.0,-8.640569072728965,0.265,0.5
supermat,nfix,NTP,1000,intercept_fit,37,1.0,-10.42706972193949,0.275,0.5
supermat,nfix,NTP,1000,intercept_fit,38,1.0,-11.545222587515562,0.248,0.5
supermat,nfix,NTP,1000,intercept_fit,39,1.0,-11.22364641481745,0.264,0.5
supermat,nfix,NTP,1000,intercept_fit,40,1.0,-10.047357613362117,0.246,0.5
supermat,nfix,NTP,1000,intercept_fit,41,1.0,-9.885913996440923,0.267,0.5
supermat,nfix,NTP,1000,intercept_fit,42,1.0,-7.932169114360459,0.275,0.5
supermat,nfix,NTP,1000,intercept_fit,43,1.0,-10.651735748320764,0.28,0.5
supermat,nfix,NTP,1000,intercept_fit,44,1.0,-10.89322215225297,0.333,0.5
supermat,nfix,NTP,1000,intercept_fit,45,1.0,-10.409398197750608,0.265,0.5
supermat,nfix,NTP,1000,intercept_fit,46,1.0,-10.896678070020117,0.275,0.5
supermat,nfix,NTP,1000,intercept_fit,47,1.0,-10.94619623838035,0.313,0.5
supermat,nfix,NTP,1000,intercept_fit,48,1.0,-10.485289674457396,0.291,0.5
supermat,nfix,NTP,1000,intercept_fit,49,1.0,-7.986623768391005,0.27,0.5
supermat,nfix,NTP,1000,intercept_fit,50,1.0,-8.638982701155658,0.32,0.5
supermat,nfix,NTP,1000,intercept_fit,51,1.0,-11.477236812617313,0.251,0.5
supermat,nfix,NTP,1000,intercept_fit,52,1.0,-9.78189369525241,0.256,0.5
supermat,nfix,NTP,1000,intercept_fit,53,1.0,-11.276543891696145,0.263,0.5
supermat,nfix,NTP,1000,intercept_fit,54,1.0,-12.189843905861347,0.25,0.5
supermat,nfix,NTP,1000,intercept_fit,55,1.0,-10.023524545719077,0.23,0.5
supermat,nfix,NTP,1000,intercept_fit,56,1.0,-11.054878733687975,0.242,0.5
supermat,nfix,NTP,1000,intercept_fit,57,1.0,-10.726464742591919,0.264,0.5
supermat,nfix,NTP,1000,intercept_fit,58,1.0,-11.496460093909088,0.26,0.5
supermat,nfix,NTP,1000,intercept_fit,59,1.0,-11.21317951593611,0.297,0.5
supermat,nfix,NTP,1000,intercept_fit,60,1.0,-9.951163896167612,0.239,0.5
supermat,nfix,NTP,1000,intercept_fit,61,1.0,-9.778752665966627,0.274,0.5
supermat,nfix,NTP,1000,intercept_fit,62,1.0,-11.029376642613547,0.285,0.5
supermat,nfix,NTP,1000,intercept_fit,63,1.0,-10.931802926520113,0.273,0.5
supermat,nfix,NTP,1000,intercept_fit,64,1.0,-10.946698812169455,0.252,0.5
supermat,nfix,NTP,1000,intercept_fit,65,1.0,-11.02812273307115,0.336,0.5
supermat,nfix,NTP,1000,intercept_fit,66,1.0,-10.364511424923544,0.266,0.5
supermat,nfix,NTP,1000,intercept_fit,67,1.0,-11.447198716119699,0.281,0.5
supermat,nfix,NTP,1000,intercept_fit,68,1.0,-9.533736476872066,0.292,0.5
supermat,nfix,NTP,1000,intercept_fit,69,1.0,-11.167825233312117,0.263,0.5
supermat,nfix,NTP,1000,intercept_fit,70,1.0,-10.708815532368414,0.308,0.5
supermat,nfix,NTP,1000,intercept_fit,71,1.0,-11.59775648245816,0.257,0.5
supermat,nfix,NTP,1000,intercept_fit,72,1.0,-10.47671653927448,0.225,0.5
supermat,nfix,NTP,1000,intercept_fit,73,1.0,-11.177804377848043,0.257,0.5
supermat,nfix,NTP,1000,intercept_fit,74,1.0,-7.981120230266695,0.289,0.5
supermat,nfix,NTP,1000,intercept_fit,75,1.0,-10.758069575138395,0.247,0.5
supermat,nfix,NTP,1000,intercept_fit,76,1.0,-9.879474073372778,0.301,0.5
supermat,nfix,NTP,1000,intercept_fit,77,1.0,-10.385461204190364,0.229,0.5
supermat,nfix,NTP,1000,intercept_fit,78,1.0,-9.26368368118688,0.302,0.5
supermat,nfix,NTP,1000,intercept_fit,79,1.0,-10.814965727762555,0.263,0.5
supermat,nfix,NTP,1000,intercept_fit,80,1.0,-11.508011638211936,0.24,0.5
supermat,nfix,NTP,1000,intercept_fit,81,1.0,-9.86687855808375,0.278,0.5
supermat,nfix,NTP,1000,intercept_fit,82,1.0,-10.546763509868994,0.284,0.5
supermat,nfix,NTP,1000,intercept_fit,83,1.0,-10.825178006694275,0.266,0.5
supermat,nfix,NTP,1000,intercept_fit,84,1.0,-11.289298012621755,0.24,0.5
supermat,nfix,NTP,1000,intercept_fit,85,1.0,-11.419153947345677,0.267,0.5
supermat,nfix,NTP,1000,intercept_fit,86,1.0,-10.927294468405734,0.25,0.5
supermat,nfix,NTP,1000,intercept_fit,87,1.0,-11.610655106130874,0.232,0.5
supermat,nfix,NTP,1000,intercept_fit,88,1.0,-10.336421493872576,0.269,0.5
supermat,nfix,NTP,1000,intercept_fit,89,1.0,-10.258352587380298,0.29,0.5
supermat,nfix,NTP,1000,intercept_fit,90,1.0,-10.862924621012326,0.267,0.5
supermat,nfix,NTP,1000,intercept_fit,91,1.0,-9.978433634592038,0.28,0.5
supermat,nfix,NTP,1000,intercept_fit,92,1.0,-9.409594377897452,0.282,0.5
supermat,nfix,NTP,1000,intercept_fit,93,1.0,-9.98265151219308,0.279,0.5
supermat,nfix,NTP,1000,intercept_fit,94,1.0,-9.291397081677275,0.244,0.5
supermat,nfix,NTP,1000,intercept_fit,95,1.0,-10.131221612940518,0.281,0.5
supermat,nfix,NTP,1000,intercept_fit,96,1.0,-10.448111812615668,0.271,0.5
supermat,nfix,NTP,1000,intercept_fit,97,1.0,-11.406797143897192,0.293,0.5
supermat,nfix,NTP,1000,intercept_fit,98,1.0,-11.537344358542432,0.254,0.5
supermat,nfix,NTP,1000,intercept_fit,99,1.0,-10.208127014591476,0.294,0.5
supermat,supermat,Probe,10,intercept_fit,0,1.0,-4.9489589480204685,0.1,0.5
supermat,supermat,Probe,10,intercept_fit,1,1.0,-4.042967848446248,0.2,0.5
supermat,supermat,Probe,10,intercept_fit,2,1.0,-3.301826205866433,0.5,0.5
supermat,supermat,Probe,10,intercept_fit,3,1.0,-3.4375876490169763,0.5,0.5
supermat,supermat,Probe,10,intercept_fit,4,1.0,-3.6730800186092685,0.4,0.5
supermat,supermat,Probe,10,intercept_fit,5,1.0,-4.7301752072072745,0.2,0.5
supermat,supermat,Probe,10,intercept_fit,6,1.0,-4.508183601741594,0.2,0.5
supermat,supermat,Probe,10,intercept_fit,7,1.0,-1.284843463525202,0.7,0.5
supermat,supermat,Probe,10,intercept_fit,8,1.0,-3.5653608226848204,0.3,0.5
supermat,supermat,Probe,10,intercept_fit,9,1.0,-3.9357083121570455,0.3,0.5
supermat,supermat,Probe,10,intercept_fit,10,1.0,-4.056462692335357,0.2,0.5
supermat,supermat,Probe,10,intercept_fit,11,1.0,-3.383050550727413,0.4,0.5
supermat,supermat,Probe,10,intercept_fit,12,1.0,-3.265364334182833,0.5,0.5
supermat,supermat,Probe,10,intercept_fit,13,1.0,-5.224316389559424,0.2,0.5
supermat,supermat,Probe,10,intercept_fit,14,1.0,-2.987467003420446,0.5,0.5
supermat,supermat,Probe,10,intercept_fit,15,1.0,-2.7511734140334476,0.6,0.5
supermat,supermat,Probe,10,intercept_fit,16,1.0,-2.594243443561843,0.5,0.5
supermat,supermat,Probe,10,intercept_fit,17,1.0,-3.5500218557148835,0.3,0.5
supermat,supermat,Probe,10,intercept_fit,18,1.0,-4.306056782697219,0.3,0.5
supermat,supermat,Probe,10,intercept_fit,19,1.0,-5.373118060675986,0.2,0.5
supermat,supermat,Probe,10,intercept_fit,20,1.0,-3.886282637975008,0.5,0.5
supermat,supermat,Probe,10,intercept_fit,21,1.0,-5.497482441240242,0.1,0.5
supermat,supermat,Probe,10,intercept_fit,22,1.0,-3.169856485483547,0.2,0.5
supermat,supermat,Probe,10,intercept_fit,23,1.0,-3.7738077273464583,0.4,0.5
supermat,supermat,Probe,10,intercept_fit,24,1.0,-5.082606548353602,0.1,0.5
supermat,supermat,Probe,10,intercept_fit,25,1.0,-3.628335248753176,0.3,0.5
supermat,supermat,Probe,10,intercept_fit,26,1.0,-1.9993296414774149,0.5,0.5
supermat,supermat,Probe,10,intercept_fit,27,1.0,-4.259449447827565,0.2,0.5
supermat,supermat,Probe,10,intercept_fit,28,1.0,-4.145948160171151,0.3,0.5
supermat,supermat,Probe,10,intercept_fit,29,1.0,-5.0458119574542515,0.2,0.5
supermat,supermat,Probe,10,intercept_fit,30,1.0,-2.8138985271250676,0.2,0.5
supermat,supermat,Probe,10,intercept_fit,31,1.0,-4.549657535972094,0.3,0.5
supermat,supermat,Probe,10,intercept_fit,32,1.0,-3.5902467347128337,0.3,0.5
supermat,supermat,Probe,10,intercept_fit,33,1.0,-4.844770219924794,0.1,0.5
supermat,supermat,Probe,10,intercept_fit,34,1.0,-1.7059617433428007,0.6,0.5
supermat,supermat,Probe,10,intercept_fit,35,1.0,-5.1427002732057145,0.3,0.5
supermat,supermat,Probe,10,intercept_fit,36,1.0,-2.388104168624934,0.5,0.5
supermat,supermat,Probe,10,intercept_fit,37,1.0,-5.024392172614612,0.2,0.5
supermat,supermat,Probe,10,intercept_fit,38,1.0,-2.871680112306281,0.4,0.5
supermat,supermat,Probe,10,intercept_fit,39,1.0,-4.9888793869901376,0.2,0.5
supermat,supermat,Probe,10,intercept_fit,40,1.0,-2.0845354036535397,0.6,0.5
supermat,supermat,Probe,10,intercept_fit,41,1.0,-2.854741464098343,0.4,0.5
supermat,supermat,Probe,10,intercept_fit,42,1.0,-3.792052664358287,0.3,0.5
supermat,supermat,Probe,10,intercept_fit,43,1.0,-2.267703277857067,0.5,0.5
supermat,supermat,Probe,10,intercept_fit,44,1.0,-1.9759376964576143,0.5,0.5
supermat,supermat,Probe,10,intercept_fit,45,1.0,-5.373853981917335,0.2,0.5
supermat,supermat,Probe,10,intercept_fit,46,1.0,-4.114433514447921,0.2,0.5
supermat,supermat,Probe,10,intercept_fit,47,1.0,-2.063602714312815,0.6,0.5
supermat,supermat,Probe,10,intercept_fit,48,1.0,-1.71158763687882,0.5,0.5
supermat,supermat,Probe,10,intercept_fit,50,1.0,-3.6700739787581966,0.2,0.5
supermat,supermat,Probe,10,intercept_fit,51,1.0,-4.861112155267714,0.4,0.5
supermat,supermat,Probe,10,intercept_fit,52,1.0,-2.824117112522939,0.4,0.5
supermat,supermat,Probe,10,intercept_fit,53,1.0,-3.288179599338711,0.2,0.5
supermat,supermat,Probe,10,intercept_fit,54,1.0,-3.3796672950908855,0.5,0.5
supermat,supermat,Probe,10,intercept_fit,55,1.0,-2.9079491193009757,0.5,0.5
supermat,supermat,Probe,10,intercept_fit,56,1.0,-4.591916347559721,0.2,0.5
supermat,supermat,Probe,10,intercept_fit,57,1.0,-3.660440700317544,0.3,0.5
supermat,supermat,Probe,10,intercept_fit,58,1.0,-3.879659785009415,0.4,0.5
supermat,supermat,Probe,10,intercept_fit,59,1.0,-3.79627956846441,0.2,0.5
supermat,supermat,Probe,10,intercept_fit,60,1.0,-4.341342530967,0.2,0.5
supermat,supermat,Probe,10,intercept_fit,61,1.0,-1.1150824373960084,0.8,0.5
supermat,supermat,Probe,10,intercept_fit,62,1.0,-4.725794004902464,0.3,0.5
supermat,supermat,Probe,10,intercept_fit,63,1.0,-4.215944170464867,0.3,0.5
supermat,supermat,Probe,10,intercept_fit,64,1.0,-3.046924314203741,0.3,0.5
supermat,supermat,Probe,10,intercept_fit,65,1.0,-3.727452449997266,0.4,0.5
supermat,supermat,Probe,10,intercept_fit,66,1.0,-4.706909684085361,0.1,0.5
supermat,supermat,Probe,10,intercept_fit,67,1.0,-2.7191488057272983,0.6,0.5
supermat,supermat,Probe,10,intercept_fit,68,1.0,-3.926135152545883,0.2,0.5
supermat,supermat,Probe,10,intercept_fit,69,1.0,-3.706620734701053,0.3,0.5
supermat,supermat,Probe,10,intercept_fit,70,1.0,-3.920139949641583,0.2,0.5
supermat,supermat,Probe,10,intercept_fit,71,1.0,-3.7230130100988625,0.4,0.5
supermat,supermat,Probe,10,intercept_fit,72,1.0,-3.4131942515690645,0.3,0.5
supermat,supermat,Probe,10,intercept_fit,73,1.0,-3.4750300702502375,0.5,0.5
supermat,supermat,Probe,10,intercept_fit,74,1.0,-4.2238531801247685,0.3,0.5
supermat,supermat,Probe,10,intercept_fit,75,1.0,-2.92586802595652,0.2,0.5
supermat,supermat,Probe,10,intercept_fit,76,1.0,-4.02654111833163,0.3,0.5
supermat,supermat,Probe,10,intercept_fit,77,1.0,-2.8226489287376455,0.5,0.5
supermat,supermat,Probe,10,intercept_fit,78,1.0,-3.2335930076370984,0.3,0.5
supermat,supermat,Probe,10,intercept_fit,79,1.0,-2.949996837767514,0.4,0.5
supermat,supermat,Probe,10,intercept_fit,80,1.0,-3.285749876800486,0.4,0.5
supermat,supermat,Probe,10,intercept_fit,81,1.0,-3.619667009599222,0.5,0.5
supermat,supermat,Probe,10,intercept_fit,82,1.0,-2.4609722324379253,0.5,0.5
supermat,supermat,Probe,10,intercept_fit,83,1.0,-3.0497869055637588,0.5,0.5
supermat,supermat,Probe,10,intercept_fit,84,1.0,-3.0729321777754217,0.4,0.5
supermat,supermat,Probe,10,intercept_fit,85,1.0,-1.9086513797915146,0.5,0.5
supermat,supermat,Probe,10,intercept_fit,86,1.0,-2.637683703036457,0.4,0.5
supermat,supermat,Probe,10,intercept_fit,87,1.0,-2.9765606881801365,0.5,0.5
supermat,supermat,Probe,10,intercept_fit,88,1.0,-3.353538313291272,0.4,0.5
supermat,supermat,Probe,10,intercept_fit,89,1.0,-2.398098893662402,0.6,0.5
supermat,supermat,Probe,10,intercept_fit,90,1.0,-2.7928647942210496,0.4,0.5
supermat,supermat,Probe,10,intercept_fit,91,1.0,-4.213399075241438,0.2,0.5
supermat,supermat,Probe,10,intercept_fit,92,1.0,-3.4845703699113137,0.4,0.5
supermat,supermat,Probe,10,intercept_fit,93,1.0,-2.226358769504329,0.5,0.5
supermat,supermat,Probe,10,intercept_fit,94,1.0,-4.008697190343211,0.4,0.5
supermat,supermat,Probe,10,intercept_fit,95,1.0,-5.086200710497882,0.1,0.5
supermat,supermat,Probe,10,intercept_fit,96,1.0,-5.5799361296726255,0.2,0.5
supermat,supermat,Probe,10,intercept_fit,97,1.0,-2.985180515231177,0.4,0.5
supermat,supermat,Probe,10,intercept_fit,98,1.0,-3.9666933708612637,0.1,0.5
supermat,supermat,Probe,10,intercept_fit,99,1.0,-2.1643680500107596,0.6,0.5
supermat,supermat,Probe,10,intercept_fit,100,1.0,-4.439161107965246,0.3,0.5
supermat,supermat,NTP,10,intercept_fit,0,1.0,-7.704066656029513,0.1,0.5
supermat,supermat,NTP,10,intercept_fit,1,1.0,-2.556365567212456,0.2,0.5
supermat,supermat,NTP,10,intercept_fit,2,1.0,-1.2693376957126001,0.5,0.5
supermat,supermat,NTP,10,intercept_fit,3,1.0,-0.5088071244205791,0.5,0.5
supermat,supermat,NTP,10,intercept_fit,4,1.0,-1.0084793556585245,0.4,0.5
supermat,supermat,NTP,10,intercept_fit,5,1.0,-5.102056251894451,0.2,0.5
supermat,supermat,NTP,10,intercept_fit,6,1.0,-1.5979487169365725,0.2,0.5
supermat,supermat,NTP,10,intercept_fit,7,1.0,0.7736014166322166,0.7,0.5
supermat,supermat,NTP,10,intercept_fit,8,1.0,-0.7796679133130219,0.3,0.5
supermat,supermat,NTP,10,intercept_fit,9,1.0,-0.36326870794831223,0.3,0.5
supermat,supermat,NTP,10,intercept_fit,10,1.0,-1.593997506139322,0.2,0.5
supermat,supermat,NTP,10,intercept_fit,11,1.0,-0.5305846094062167,0.4,0.5
supermat,supermat,NTP,10,intercept_fit,12,1.0,0.2358069967818815,0.5,0.5
supermat,supermat,NTP,10,intercept_fit,13,1.0,-10.28427219696438,0.2,0.5
supermat,supermat,NTP,10,intercept_fit,14,1.0,-0.5207497573169344,0.5,0.5
supermat,supermat,NTP,10,intercept_fit,15,1.0,-0.2768863658438768,0.6,0.5
supermat,supermat,NTP,10,intercept_fit,16,1.0,0.22289534797940352,0.5,0.5
supermat,supermat,NTP,10,intercept_fit,17,1.0,-1.4601127708085369,0.3,0.5
supermat,supermat,NTP,10,intercept_fit,18,1.0,-1.7276979116654305,0.3,0.5
supermat,supermat,NTP,10,intercept_fit,19,1.0,-2.008941264886977,0.2,0.5
supermat,supermat,NTP,10,intercept_fit,20,1.0,-1.9830797030945087,0.5,0.5
supermat,supermat,NTP,10,intercept_fit,21,1.0,-7.972515896073995,0.1,0.5
supermat,supermat,NTP,10,intercept_fit,22,1.0,-1.5971680190659026,0.2,0.5
supermat,supermat,NTP,10,intercept_fit,23,1.0,-5.670224577812108,0.4,0.5
supermat,supermat,NTP,10,intercept_fit,24,1.0,-7.450905036580884,0.1,0.5
supermat,supermat,NTP,10,intercept_fit,25,1.0,-3.6872840889689305,0.3,0.5
supermat,supermat,NTP,10,intercept_fit,26,1.0,0.27906295846525697,0.5,0.5
supermat,supermat,NTP,10,intercept_fit,27,1.0,-12.721313331927748,0.2,0.5
supermat,supermat,NTP,10,intercept_fit,28,1.0,-0.821419356394125,0.3,0.5
supermat,supermat,NTP,10,intercept_fit,29,1.0,-7.551799634186812,0.2,0.5
supermat,supermat,NTP,10,intercept_fit,30,1.0,-1.032965105875822,0.2,0.5
supermat,supermat,NTP,10,intercept_fit,31,1.0,-1.908091586740782,0.3,0.5
supermat,supermat,NTP,10,intercept_fit,32,1.0,-0.5635567497377931,0.3,0.5
supermat,supermat,NTP,10,intercept_fit,33,1.0,-7.563412435711906,0.1,0.5
supermat,supermat,NTP,10,intercept_fit,34,1.0,0.1950376003539816,0.6,0.5
supermat,supermat,NTP,10,intercept_fit,35,1.0,-7.767492066331587,0.3,0.5
supermat,supermat,NTP,10,intercept_fit,36,1.0,-0.18059448268357223,0.5,0.5
supermat,supermat,NTP,10,intercept_fit,37,1.0,-7.655764300738336,0.2,0.5
supermat,supermat,NTP,10,intercept_fit,38,1.0,-1.5631345599585555,0.4,0.5
supermat,supermat,NTP,10,intercept_fit,39,1.0,-10.919473239872698,0.2,0.5
supermat,supermat,NTP,10,intercept_fit,40,1.0,0.48564689482920637,0.6,0.5
supermat,supermat,NTP,10,intercept_fit,41,1.0,-0.9664795523816158,0.4,0.5
supermat,supermat,NTP,10,intercept_fit,42,1.0,-0.7670900366708873,0.3,0.5
supermat,supermat,NTP,10,intercept_fit,43,1.0,-1.1630441319045866,0.5,0.5
supermat,supermat,NTP,10,intercept_fit,44,1.0,-0.02508067195715554,0.5,0.5
supermat,supermat,NTP,10,intercept_fit,45,1.0,-1.6693170379007682,0.2,0.5
supermat,supermat,NTP,10,intercept_fit,46,1.0,-1.4265584593838614,0.2,0.5
supermat,supermat,NTP,10,intercept_fit,47,1.0,0.16137962874185718,0.6,0.5
supermat,supermat,NTP,10,intercept_fit,48,1.0,-0.1719087974784914,0.5,0.5
supermat,supermat,NTP,10,intercept_fit,50,1.0,-1.5983133217223873,0.2,0.5
supermat,supermat,NTP,10,intercept_fit,51,1.0,-6.749957440087412,0.4,0.5
supermat,supermat,NTP,10,intercept_fit,52,1.0,-0.09853805231016442,0.4,0.5
supermat,supermat,NTP,10,intercept_fit,53,1.0,-3.368565959028234,0.2,0.5
supermat,supermat,NTP,10,intercept_fit,54,1.0,-4.816919840661678,0.5,0.5
supermat,supermat,NTP,10,intercept_fit,55,1.0,-1.085058278486041,0.5,0.5
supermat,supermat,NTP,10,intercept_fit,56,1.0,-3.8788014327065006,0.2,0.5
supermat,supermat,NTP,10,intercept_fit,57,1.0,-0.8223828309140555,0.3,0.5
supermat,supermat,NTP,10,intercept_fit,58,1.0,-3.3120909926711146,0.4,0.5
supermat,supermat,NTP,10,intercept_fit,59,1.0,-7.161226239046299,0.2,0.5
supermat,supermat,NTP,10,intercept_fit,60,1.0,-0.9123071987015418,0.2,0.5
supermat,supermat,NTP,10,intercept_fit,61,1.0,0.8931329116282521,0.8,0.5
supermat,supermat,NTP,10,intercept_fit,62,1.0,-0.8597895047899868,0.3,0.5
supermat,supermat,NTP,10,intercept_fit,63,1.0,-3.4558371159417254,0.3,0.5
supermat,supermat,NTP,10,intercept_fit,64,1.0,-0.8062979903014355,0.3,0.5
supermat,supermat,NTP,10,intercept_fit,65,1.0,-0.6538325409336214,0.4,0.5
supermat,supermat,NTP,10,intercept_fit,66,1.0,-6.747961418599701,0.1,0.5
supermat,supermat,NTP,10,intercept_fit,67,1.0,-3.4886036313838704,0.6,0.5
supermat,supermat,NTP,10,intercept_fit,68,1.0,-1.597037816237365,0.2,0.5
supermat,supermat,NTP,10,intercept_fit,69,1.0,-0.768989698755235,0.3,0.5
supermat,supermat,NTP,10,intercept_fit,70,1.0,-7.244524475461176,0.2,0.5
supermat,supermat,NTP,10,intercept_fit,71,1.0,-0.7812392543153107,0.4,0.5
supermat,supermat,NTP,10,intercept_fit,72,1.0,-0.8670419335944825,0.3,0.5
supermat,supermat,NTP,10,intercept_fit,73,1.0,-2.4973816800769497,0.5,0.5
supermat,supermat,NTP,10,intercept_fit,74,1.0,-0.7887656484359236,0.3,0.5
supermat,supermat,NTP,10,intercept_fit,75,1.0,-1.5935410561377865,0.2,0.5
supermat,supermat,NTP,10,intercept_fit,76,1.0,-6.9995398158796345,0.3,0.5
supermat,supermat,NTP,10,intercept_fit,77,1.0,0.0007994256934772864,0.5,0.5
supermat,supermat,NTP,10,intercept_fit,78,1.0,-1.7063758169593815,0.3,0.5
supermat,supermat,NTP,10,intercept_fit,79,1.0,-1.3048949501896043,0.4,0.5
supermat,supermat,NTP,10,intercept_fit,80,1.0,-1.2876132846195414,0.4,0.5
supermat,supermat,NTP,10,intercept_fit,81,1.0,-5.34685758402065,0.5,0.5
supermat,supermat,NTP,10,intercept_fit,82,1.0,-0.4308640555932337,0.5,0.5
supermat,supermat,NTP,10,intercept_fit,83,1.0,-1.0041109051169972,0.5,0.5
supermat,supermat,NTP,10,intercept_fit,84,1.0,-2.1036573747131433,0.4,0.5
supermat,supermat,NTP,10,intercept_fit,85,1.0,-0.2813229003488371,0.5,0.5
supermat,supermat,NTP,10,intercept_fit,86,1.0,-1.307684326408346,0.4,0.5
supermat,supermat,NTP,10,intercept_fit,87,1.0,-1.859460106387381,0.5,0.5
supermat,supermat,NTP,10,intercept_fit,88,1.0,-0.5100201768385878,0.4,0.5
supermat,supermat,NTP,10,intercept_fit,89,1.0,-1.0448453146689598,0.6,0.5
supermat,supermat,NTP,10,intercept_fit,90,1.0,-0.6132618606243951,0.4,0.5
supermat,supermat,NTP,10,intercept_fit,91,1.0,-1.1340235129727172,0.2,0.5
supermat,supermat,NTP,10,intercept_fit,92,1.0,-1.7833312052781394,0.4,0.5
supermat,supermat,NTP,10,intercept_fit,93,1.0,-0.4304443141658989,0.5,0.5
supermat,supermat,NTP,10,intercept_fit,94,1.0,-0.7532712652617086,0.4,0.5
supermat,supermat,NTP,10,intercept_fit,95,1.0,-1.7117066608998264,0.1,0.5
supermat,supermat,NTP,10,intercept_fit,96,1.0,-10.342694506439686,0.2,0.5
supermat,supermat,NTP,10,intercept_fit,97,1.0,-2.100697582672371,0.4,0.5
supermat,supermat,NTP,10,intercept_fit,98,1.0,-1.73259486403724,0.1,0.5
supermat,supermat,NTP,10,intercept_fit,99,1.0,0.06281860785688832,0.6,0.5
supermat,supermat,NTP,10,intercept_fit,100,1.0,-2.4253668313813113,0.3,0.5
supermat,supermat,Probe,50,intercept_fit,0,1.0,-3.861062578469069,0.26,0.5
supermat,supermat,Probe,50,intercept_fit,1,1.0,-4.262350471289757,0.18,0.5
supermat,supermat,Probe,50,intercept_fit,2,1.0,-3.5038517698424934,0.44,0.5
supermat,supermat,Probe,50,intercept_fit,3,1.0,-3.0782538378067064,0.42,0.5
supermat,supermat,Probe,50,intercept_fit,4,1.0,-3.2940856854592617,0.36,0.5
supermat,supermat,Probe,50,intercept_fit,5,1.0,-3.847811599464337,0.32,0.5
supermat,supermat,Probe,50,intercept_fit,6,1.0,-3.46169887222308,0.34,0.5
supermat,supermat,Probe,50,intercept_fit,7,1.0,-2.986768707827162,0.48,0.5
supermat,supermat,Probe,50,intercept_fit,8,1.0,-4.0634280370993725,0.28,0.5
supermat,supermat,Probe,50,intercept_fit,9,1.0,-3.9904179183778243,0.26,0.5
supermat,supermat,Probe,50,intercept_fit,10,1.0,-3.8597989763671907,0.26,0.5
supermat,supermat,Probe,50,intercept_fit,11,1.0,-3.243690457744429,0.4,0.5
supermat,supermat,Probe,50,intercept_fit,12,1.0,-3.388864814087661,0.3,0.5
supermat,supermat,Probe,50,intercept_fit,13,1.0,-3.1617753894815084,0.4,0.5
supermat,supermat,Probe,50,intercept_fit,14,1.0,-4.2430115859915665,0.22,0.5
supermat,supermat,Probe,50,intercept_fit,15,1.0,-2.7527743163602563,0.6,0.5
supermat,supermat,Probe,50,intercept_fit,16,1.0,-2.71203475802947,0.42,0.5
supermat,supermat,Probe,50,intercept_fit,17,1.0,-4.444731553151753,0.16,0.5
supermat,supermat,Probe,50,intercept_fit,18,1.0,-3.6689603438496547,0.32,0.5
supermat,supermat,Probe,50,intercept_fit,19,1.0,-3.4845552131060087,0.44,0.5
supermat,supermat,Probe,50,intercept_fit,20,1.0,-3.6502648902020565,0.4,0.5
supermat,supermat,Probe,50,intercept_fit,21,1.0,-3.9413614838848163,0.28,0.5
supermat,supermat,Probe,50,intercept_fit,22,1.0,-3.594627146838442,0.24,0.5
supermat,supermat,Probe,50,intercept_fit,23,1.0,-4.0092470750529925,0.22,0.5
supermat,supermat,Probe,50,intercept_fit,24,1.0,-3.630200635571439,0.3,0.5
supermat,supermat,Probe,50,intercept_fit,25,1.0,-2.8869317067685234,0.52,0.5
supermat,supermat,Probe,50,intercept_fit,26,1.0,-2.7414823363024032,0.4,0.5
supermat,supermat,Probe,50,intercept_fit,27,1.0,-3.367153691453762,0.36,0.5
supermat,supermat,Probe,50,intercept_fit,28,1.0,-3.4980485486970574,0.34,0.5
supermat,supermat,Probe,50,intercept_fit,29,1.0,-3.8681609886299353,0.24,0.5
supermat,supermat,Probe,50,intercept_fit,30,1.0,-3.40527795131513,0.36,0.5
supermat,supermat,Probe,50,intercept_fit,31,1.0,-3.9759954522811305,0.3,0.5
supermat,supermat,Probe,50,intercept_fit,32,1.0,-3.3950066962414573,0.38,0.5
supermat,supermat,Probe,50,intercept_fit,33,1.0,-4.7965922361118745,0.28,0.5
supermat,supermat,Probe,50,intercept_fit,34,1.0,-3.39996779403857,0.34,0.5
supermat,supermat,Probe,50,intercept_fit,35,1.0,-3.974288830880197,0.38,0.5
supermat,supermat,Probe,50,intercept_fit,36,1.0,-4.162557931612487,0.22,0.5
supermat,supermat,Probe,50,intercept_fit,37,1.0,-3.93737631073538,0.26,0.5
supermat,supermat,Probe,50,intercept_fit,38,1.0,-4.235515223143365,0.2,0.5
supermat,supermat,Probe,50,intercept_fit,39,1.0,-3.9124639778613286,0.3,0.5
supermat,supermat,Probe,50,intercept_fit,40,1.0,-3.5891941846627082,0.42,0.5
supermat,supermat,Probe,50,intercept_fit,41,1.0,-3.3763919180965423,0.46,0.5
supermat,supermat,Probe,50,intercept_fit,42,1.0,-3.2364142003580714,0.28,0.5
supermat,supermat,Probe,50,intercept_fit,43,1.0,-3.3536944218141187,0.3,0.5
supermat,supermat,Probe,50,intercept_fit,44,1.0,-2.8824532056505134,0.56,0.5
supermat,supermat,Probe,50,intercept_fit,45,1.0,-3.831596202012607,0.26,0.5
supermat,supermat,Probe,50,intercept_fit,46,1.0,-4.627688183348649,0.26,0.5
supermat,supermat,Probe,50,intercept_fit,47,1.0,-3.1629480864792634,0.5,0.5
supermat,supermat,Probe,50,intercept_fit,48,1.0,-3.3091483755007296,0.36,0.5
supermat,supermat,Probe,50,intercept_fit,49,1.0,-3.426539086029911,0.34,0.5
supermat,supermat,Probe,50,intercept_fit,50,1.0,-3.716242858776349,0.28,0.5
supermat,supermat,Probe,50,intercept_fit,51,1.0,-3.681194749227159,0.36,0.5
supermat,supermat,Probe,50,intercept_fit,52,1.0,-4.311290796427334,0.26,0.5
supermat,supermat,Probe,50,intercept_fit,53,1.0,-3.535528208070906,0.18,0.5
supermat,supermat,Probe,50,intercept_fit,54,1.0,-3.495351709244089,0.44,0.5
supermat,supermat,Probe,50,intercept_fit,55,1.0,-3.19841161892374,0.38,0.5
supermat,supermat,Probe,50,intercept_fit,56,1.0,-3.213718459175103,0.4,0.5
supermat,supermat,Probe,50,intercept_fit,57,1.0,-3.5393473978243124,0.3,0.5
supermat,supermat,Probe,50,intercept_fit,58,1.0,-3.7211643088611415,0.26,0.5
supermat,supermat,Probe,50,intercept_fit,59,1.0,-3.3094947417787,0.32,0.5
supermat,supermat,Probe,50,intercept_fit,60,1.0,-4.660909889826238,0.2,0.5
supermat,supermat,Probe,50,intercept_fit,61,1.0,-3.1613402170477416,0.38,0.5
supermat,supermat,Probe,50,intercept_fit,62,1.0,-3.5112533654139275,0.38,0.5
supermat,supermat,Probe,50,intercept_fit,63,1.0,-3.329864254361039,0.44,0.5
supermat,supermat,Probe,50,intercept_fit,64,1.0,-3.593211634499237,0.36,0.5
supermat,supermat,Probe,50,intercept_fit,65,1.0,-3.7997071159989524,0.44,0.5
supermat,supermat,Probe,50,intercept_fit,66,1.0,-3.445548504570218,0.28,0.5
supermat,supermat,Probe,50,intercept_fit,67,1.0,-3.634446411981529,0.48,0.5
supermat,supermat,Probe,50,intercept_fit,68,1.0,-4.411980244832188,0.18,0.5
supermat,supermat,Probe,50,intercept_fit,69,1.0,-3.1627887358831357,0.26,0.5
supermat,supermat,Probe,50,intercept_fit,70,1.0,-3.702410161025278,0.18,0.5
supermat,supermat,Probe,50,intercept_fit,71,1.0,-4.2757878269364875,0.34,0.5
supermat,supermat,Probe,50,intercept_fit,72,1.0,-2.420734507299478,0.52,0.5
supermat,supermat,Probe,50,intercept_fit,73,1.0,-3.8330206768522777,0.42,0.5
supermat,supermat,Probe,50,intercept_fit,74,1.0,-4.363799657210211,0.26,0.5
supermat,supermat,Probe,50,intercept_fit,75,1.0,-3.04458552005145,0.34,0.5
supermat,supermat,Probe,50,intercept_fit,76,1.0,-4.49447452864604,0.24,0.5
supermat,supermat,Probe,50,intercept_fit,77,1.0,-3.726819073061195,0.22,0.5
supermat,supermat,Probe,50,intercept_fit,78,1.0,-4.119691065902042,0.26,0.5
supermat,supermat,Probe,50,intercept_fit,79,1.0,-3.341309173138456,0.42,0.5
supermat,supermat,Probe,50,intercept_fit,80,1.0,-3.6252359262499403,0.34,0.5
supermat,supermat,Probe,50,intercept_fit,81,1.0,-2.9123635207040786,0.52,0.5
supermat,supermat,Probe,50,intercept_fit,82,1.0,-3.396931241668912,0.38,0.5
supermat,supermat,Probe,50,intercept_fit,83,1.0,-2.8670592787296334,0.52,0.5
supermat,supermat,Probe,50,intercept_fit,84,1.0,-3.602235968956247,0.34,0.5
supermat,supermat,Probe,50,intercept_fit,85,1.0,-3.1561163304345055,0.42,0.5
supermat,supermat,Probe,50,intercept_fit,86,1.0,-4.079168882581068,0.26,0.5
supermat,supermat,Probe,50,intercept_fit,87,1.0,-3.1504160281045808,0.42,0.5
supermat,supermat,Probe,50,intercept_fit,88,1.0,-3.0640152061596786,0.42,0.5
supermat,supermat,Probe,50,intercept_fit,89,1.0,-3.1103467425236637,0.46,0.5
supermat,supermat,Probe,50,intercept_fit,90,1.0,-3.4657301738265067,0.28,0.5
supermat,supermat,Probe,50,intercept_fit,91,1.0,-3.6270860371200446,0.42,0.5
supermat,supermat,Probe,50,intercept_fit,92,1.0,-3.88324445027574,0.46,0.5
supermat,supermat,Probe,50,intercept_fit,93,1.0,-3.3853821388172483,0.36,0.5
supermat,supermat,Probe,50,intercept_fit,94,1.0,-3.470958044046156,0.34,0.5
supermat,supermat,Probe,50,intercept_fit,95,1.0,-3.7690383415719553,0.28,0.5
supermat,supermat,Probe,50,intercept_fit,96,1.0,-2.8986978995473294,0.4,0.5
supermat,supermat,Probe,50,intercept_fit,97,1.0,-3.747593752306034,0.22,0.5
supermat,supermat,Probe,50,intercept_fit,98,1.0,-3.4767639540761155,0.22,0.5
supermat,supermat,Probe,50,intercept_fit,99,1.0,-3.12527049282952,0.48,0.5
supermat,supermat,NTP,50,intercept_fit,0,1.0,-2.5853616318708066,0.26,0.5
supermat,supermat,NTP,50,intercept_fit,1,1.0,-2.6390734329507537,0.18,0.5
supermat,supermat,NTP,50,intercept_fit,2,1.0,-0.7523060843217553,0.44,0.5
supermat,supermat,NTP,50,intercept_fit,3,1.0,-0.884358202224614,0.42,0.5
supermat,supermat,NTP,50,intercept_fit,4,1.0,-0.6009234109575774,0.36,0.5
supermat,supermat,NTP,50,intercept_fit,5,1.0,-2.260490920708948,0.32,0.5
supermat,supermat,NTP,50,intercept_fit,6,1.0,-2.256364050978061,0.34,0.5
supermat,supermat,NTP,50,intercept_fit,7,1.0,-0.9523838465271818,0.48,0.5
supermat,supermat,NTP,50,intercept_fit,8,1.0,-2.0052374162482023,0.28,0.5
supermat,supermat,NTP,50,intercept_fit,9,1.0,-2.1008570711789822,0.26,0.5
supermat,supermat,NTP,50,intercept_fit,10,1.0,-1.901378672280669,0.26,0.5
supermat,supermat,NTP,50,intercept_fit,11,1.0,-0.9118155391695508,0.4,0.5
supermat,supermat,NTP,50,intercept_fit,12,1.0,-1.105759353423017,0.3,0.5
supermat,supermat,NTP,50,intercept_fit,13,1.0,-1.0065961149790907,0.4,0.5
supermat,supermat,NTP,50,intercept_fit,14,1.0,-8.582971720302234,0.22,0.5
supermat,supermat,NTP,50,intercept_fit,15,1.0,0.05816929626835469,0.6,0.5
supermat,supermat,NTP,50,intercept_fit,16,1.0,-0.8518412273082392,0.42,0.5
supermat,supermat,NTP,50,intercept_fit,17,1.0,-2.050219621558856,0.16,0.5
supermat,supermat,NTP,50,intercept_fit,18,1.0,-2.450330454182507,0.32,0.5
supermat,supermat,NTP,50,intercept_fit,19,1.0,-1.1777363062026565,0.44,0.5
supermat,supermat,NTP,50,intercept_fit,20,1.0,-0.8546173144215952,0.4,0.5
supermat,supermat,NTP,50,intercept_fit,21,1.0,-1.341712120810113,0.28,0.5
supermat,supermat,NTP,50,intercept_fit,22,1.0,-3.0597111359108458,0.24,0.5
supermat,supermat,NTP,50,intercept_fit,23,1.0,-2.2695349039519845,0.22,0.5
supermat,supermat,NTP,50,intercept_fit,24,1.0,-1.0120443587364352,0.3,0.5
supermat,supermat,NTP,50,intercept_fit,25,1.0,-1.2123776644150186,0.52,0.5
supermat,supermat,NTP,50,intercept_fit,26,1.0,-0.6425717625787419,0.4,0.5
supermat,supermat,NTP,50,intercept_fit,27,1.0,-2.0015376791346897,0.36,0.5
supermat,supermat,NTP,50,intercept_fit,28,1.0,-0.9299363381280634,0.34,0.5
supermat,supermat,NTP,50,intercept_fit,29,1.0,-2.3038662339163434,0.24,0.5
supermat,supermat,NTP,50,intercept_fit,30,1.0,-1.6886807506124015,0.36,0.5
supermat,supermat,NTP,50,intercept_fit,31,1.0,-1.5077401015979397,0.3,0.5
supermat,supermat,NTP,50,intercept_fit,32,1.0,-1.2538385206383291,0.38,0.5
supermat,supermat,NTP,50,intercept_fit,33,1.0,-3.355942376470192,0.28,0.5
supermat,supermat,NTP,50,intercept_fit,34,1.0,-1.4377752765059737,0.34,0.5
supermat,supermat,NTP,50,intercept_fit,35,1.0,-1.8554175371190944,0.38,0.5
supermat,supermat,NTP,50,intercept_fit,36,1.0,-2.224571092618418,0.22,0.5
supermat,supermat,NTP,50,intercept_fit,37,1.0,-3.083865529934847,0.26,0.5
supermat,supermat,NTP,50,intercept_fit,38,1.0,-1.8917029810491304,0.2,0.5
supermat,supermat,NTP,50,intercept_fit,39,1.0,-2.1750959056834924,0.3,0.5
supermat,supermat,NTP,50,intercept_fit,40,1.0,-1.3404744488778517,0.42,0.5
supermat,supermat,NTP,50,intercept_fit,41,1.0,-0.7310504557433629,0.46,0.5
supermat,supermat,NTP,50,intercept_fit,42,1.0,-1.6002845093909257,0.28,0.5
supermat,supermat,NTP,50,intercept_fit,43,1.0,-1.58064607858627,0.3,0.5
supermat,supermat,NTP,50,intercept_fit,44,1.0,-0.8548863809754833,0.56,0.5
supermat,supermat,NTP,50,intercept_fit,45,1.0,-1.9875341805720441,0.26,0.5
supermat,supermat,NTP,50,intercept_fit,46,1.0,-1.5296408829573174,0.26,0.5
supermat,supermat,NTP,50,intercept_fit,47,1.0,-0.6326537245309053,0.5,0.5
supermat,supermat,NTP,50,intercept_fit,48,1.0,-1.7606487138167202,0.36,0.5
supermat,supermat,NTP,50,intercept_fit,49,1.0,-0.7667137246623532,0.34,0.5
supermat,supermat,NTP,50,intercept_fit,50,1.0,-1.6062958406990442,0.28,0.5
supermat,supermat,NTP,50,intercept_fit,51,1.0,-0.8831165273383712,0.36,0.5
supermat,supermat,NTP,50,intercept_fit,52,1.0,-1.4037010333784599,0.26,0.5
supermat,supermat,NTP,50,intercept_fit,53,1.0,-1.752005143987127,0.18,0.5
supermat,supermat,NTP,50,intercept_fit,54,1.0,-0.9797051707609524,0.44,0.5
supermat,supermat,NTP,50,intercept_fit,55,1.0,-0.9226305753481739,0.38,0.5
supermat,supermat,NTP,50,intercept_fit,56,1.0,-1.0400693324850026,0.4,0.5
supermat,supermat,NTP,50,intercept_fit,57,1.0,-2.0342162491115254,0.3,0.5
supermat,supermat,NTP,50,intercept_fit,58,1.0,-1.6458965815807722,0.26,0.5
supermat,supermat,NTP,50,intercept_fit,59,1.0,-1.0515615995291843,0.32,0.5
supermat,supermat,NTP,50,intercept_fit,60,1.0,-3.162578880140004,0.2,0.5
supermat,supermat,NTP,50,intercept_fit,61,1.0,-1.155721082606624,0.38,0.5
supermat,supermat,NTP,50,intercept_fit,62,1.0,-0.9457410558449788,0.38,0.5
supermat,supermat,NTP,50,intercept_fit,63,1.0,-0.805176718795601,0.44,0.5
supermat,supermat,NTP,50,intercept_fit,64,1.0,-1.719790791214719,0.36,0.5
supermat,supermat,NTP,50,intercept_fit,65,1.0,-0.750586311430606,0.44,0.5
supermat,supermat,NTP,50,intercept_fit,66,1.0,-1.3576905872658354,0.28,0.5
supermat,supermat,NTP,50,intercept_fit,67,1.0,-0.8873938084039481,0.48,0.5
supermat,supermat,NTP,50,intercept_fit,68,1.0,-2.177866968215928,0.18,0.5
supermat,supermat,NTP,50,intercept_fit,69,1.0,-1.6300651697302109,0.26,0.5
supermat,supermat,NTP,50,intercept_fit,70,1.0,-2.4940628082790766,0.18,0.5
supermat,supermat,NTP,50,intercept_fit,71,1.0,-1.1000248613923354,0.34,0.5
supermat,supermat,NTP,50,intercept_fit,72,1.0,-0.47648929626682196,0.52,0.5
supermat,supermat,NTP,50,intercept_fit,73,1.0,-1.1016770897060255,0.42,0.5
supermat,supermat,NTP,50,intercept_fit,74,1.0,-4.6787638054973275,0.26,0.5
supermat,supermat,NTP,50,intercept_fit,75,1.0,-1.4098053388130691,0.34,0.5
supermat,supermat,NTP,50,intercept_fit,76,1.0,-2.4398950499708243,0.24,0.5
supermat,supermat,NTP,50,intercept_fit,77,1.0,-1.4428872796133176,0.22,0.5
supermat,supermat,NTP,50,intercept_fit,78,1.0,-1.7060672946608875,0.26,0.5
supermat,supermat,NTP,50,intercept_fit,79,1.0,-1.1703680529401417,0.42,0.5
supermat,supermat,NTP,50,intercept_fit,80,1.0,-1.2276057810822774,0.34,0.5
supermat,supermat,NTP,50,intercept_fit,81,1.0,-0.6039049123436885,0.52,0.5
supermat,supermat,NTP,50,intercept_fit,82,1.0,-0.88404562896542,0.38,0.5
supermat,supermat,NTP,50,intercept_fit,83,1.0,-0.07649212567380363,0.52,0.5
supermat,supermat,NTP,50,intercept_fit,84,1.0,-1.6925205394572422,0.34,0.5
supermat,supermat,NTP,50,intercept_fit,85,1.0,-0.6552194308915208,0.42,0.5
supermat,supermat,NTP,50,intercept_fit,86,1.0,-2.457857368342648,0.26,0.5
supermat,supermat,NTP,50,intercept_fit,87,1.0,-0.6745150196866729,0.42,0.5
supermat,supermat,NTP,50,intercept_fit,88,1.0,-0.9272507693688397,0.42,0.5
supermat,supermat,NTP,50,intercept_fit,89,1.0,-0.90209800748093,0.46,0.5
supermat,supermat,NTP,50,intercept_fit,90,1.0,-1.5212624460551685,0.28,0.5
supermat,supermat,NTP,50,intercept_fit,91,1.0,-1.3302420916379079,0.42,0.5
supermat,supermat,NTP,50,intercept_fit,92,1.0,-1.5497786193330956,0.46,0.5
supermat,supermat,NTP,50,intercept_fit,93,1.0,-1.3862618543080247,0.36,0.5
supermat,supermat,NTP,50,intercept_fit,94,1.0,-1.3885205910618261,0.34,0.5
supermat,supermat,NTP,50,intercept_fit,95,1.0,-2.1296081077524156,0.28,0.5
supermat,supermat,NTP,50,intercept_fit,96,1.0,-0.4841595532746488,0.4,0.5
supermat,supermat,NTP,50,intercept_fit,97,1.0,-1.2535369253460757,0.22,0.5
supermat,supermat,NTP,50,intercept_fit,98,1.0,-1.8103648974980107,0.22,0.5
supermat,supermat,NTP,50,intercept_fit,99,1.0,-0.6175843691916638,0.48,0.5
supermat,supermat,Probe,100,intercept_fit,0,1.0,-3.681633510560441,0.26,0.5
supermat,supermat,Probe,100,intercept_fit,1,1.0,-3.4307692647458756,0.26,0.5
supermat,supermat,Probe,100,intercept_fit,2,1.0,-3.1746057601847353,0.39,0.5
supermat,supermat,Probe,100,intercept_fit,3,1.0,-3.5290987784785086,0.35,0.5
supermat,supermat,Probe,100,intercept_fit,4,1.0,-3.549941868423001,0.36,0.5
supermat,supermat,Probe,100,intercept_fit,5,1.0,-3.049513489241028,0.42,0.5
supermat,supermat,Probe,100,intercept_fit,6,1.0,-3.9761961200332854,0.25,0.5
supermat,supermat,Probe,100,intercept_fit,7,1.0,-3.6625885857143774,0.38,0.5
supermat,supermat,Probe,100,intercept_fit,8,1.0,-3.765947936452498,0.24,0.5
supermat,supermat,Probe,100,intercept_fit,9,1.0,-3.137948963811733,0.4,0.5
supermat,supermat,Probe,100,intercept_fit,10,1.0,-3.5094155387779913,0.34,0.5
supermat,supermat,Probe,100,intercept_fit,11,1.0,-3.026980285336568,0.44,0.5
supermat,supermat,Probe,100,intercept_fit,12,1.0,-3.1906944339670726,0.32,0.5
supermat,supermat,Probe,100,intercept_fit,13,1.0,-3.338509314988126,0.46,0.5
supermat,supermat,Probe,100,intercept_fit,14,1.0,-3.8178801545675087,0.31,0.5
supermat,supermat,Probe,100,intercept_fit,15,1.0,-2.9917202462196055,0.53,0.5
supermat,supermat,Probe,100,intercept_fit,16,1.0,-3.644484175359704,0.29,0.5
supermat,supermat,Probe,100,intercept_fit,17,1.0,-4.16503019484102,0.23,0.5
supermat,supermat,Probe,100,intercept_fit,18,1.0,-3.5339292767303845,0.29,0.5
supermat,supermat,Probe,100,intercept_fit,19,1.0,-3.6227249913815966,0.38,0.5
supermat,supermat,Probe,100,intercept_fit,20,1.0,-3.966999223275336,0.34,0.5
supermat,supermat,Probe,100,intercept_fit,21,1.0,-3.5241263907535343,0.3,0.5
supermat,supermat,Probe,100,intercept_fit,22,1.0,-3.7132934844007743,0.24,0.5
supermat,supermat,Probe,100,intercept_fit,23,1.0,-3.51191008001566,0.34,0.5
supermat,supermat,Probe,100,intercept_fit,24,1.0,-3.6070468167949814,0.34,0.5
supermat,supermat,Probe,100,intercept_fit,25,1.0,-3.261848391945599,0.39,0.5
supermat,supermat,Probe,100,intercept_fit,26,1.0,-3.0502121184237287,0.33,0.5
supermat,supermat,Probe,100,intercept_fit,27,1.0,-2.997084760932548,0.46,0.5
supermat,supermat,Probe,100,intercept_fit,28,1.0,-3.2524418677012226,0.43,0.5
supermat,supermat,Probe,100,intercept_fit,29,1.0,-3.6169309287463203,0.26,0.5
supermat,supermat,Probe,100,intercept_fit,30,1.0,-3.295895442193505,0.36,0.5
supermat,supermat,Probe,100,intercept_fit,31,1.0,-3.648318566911626,0.35,0.5
supermat,supermat,Probe,100,intercept_fit,32,1.0,-3.587395009525838,0.28,0.5
supermat,supermat,Probe,100,intercept_fit,33,1.0,-3.7817374873313527,0.43,0.5
supermat,supermat,Probe,100,intercept_fit,34,1.0,-3.193689292174908,0.36,0.5
supermat,supermat,Probe,100,intercept_fit,35,1.0,-4.035526745771413,0.4,0.5
supermat,supermat,Probe,100,intercept_fit,36,1.0,-4.021581106343862,0.22,0.5
supermat,supermat,Probe,100,intercept_fit,37,1.0,-3.065941059594306,0.4,0.5
supermat,supermat,Probe,100,intercept_fit,38,1.0,-4.121542660726654,0.24,0.5
supermat,supermat,Probe,100,intercept_fit,39,1.0,-3.59763949722943,0.35,0.5
supermat,supermat,Probe,100,intercept_fit,40,1.0,-3.9117064038005336,0.35,0.5
supermat,supermat,Probe,100,intercept_fit,41,1.0,-3.4698157928119064,0.42,0.5
supermat,supermat,Probe,100,intercept_fit,42,1.0,-3.51752222559229,0.3,0.5
supermat,supermat,Probe,100,intercept_fit,43,1.0,-3.1738585016647822,0.38,0.5
supermat,supermat,Probe,100,intercept_fit,44,1.0,-3.5512341116910227,0.45,0.5
supermat,supermat,Probe,100,intercept_fit,45,1.0,-4.326639616776392,0.23,0.5
supermat,supermat,Probe,100,intercept_fit,46,1.0,-3.9653364262208655,0.26,0.5
supermat,supermat,Probe,100,intercept_fit,47,1.0,-3.209132164073969,0.41,0.5
supermat,supermat,Probe,100,intercept_fit,48,1.0,-3.7534008173518347,0.35,0.5
supermat,supermat,Probe,100,intercept_fit,49,1.0,-3.44675649023705,0.29,0.5
supermat,supermat,Probe,100,intercept_fit,50,1.0,-3.621787333004988,0.26,0.5
supermat,supermat,Probe,100,intercept_fit,51,1.0,-4.048733749882893,0.25,0.5
supermat,supermat,Probe,100,intercept_fit,52,1.0,-4.343156132125504,0.24,0.5
supermat,supermat,Probe,100,intercept_fit,53,1.0,-3.308731354722871,0.24,0.5
supermat,supermat,Probe,100,intercept_fit,54,1.0,-3.3667503511452233,0.45,0.5
supermat,supermat,Probe,100,intercept_fit,55,1.0,-3.44034001448985,0.37,0.5
supermat,supermat,Probe,100,intercept_fit,56,1.0,-3.90569545823989,0.27,0.5
supermat,supermat,Probe,100,intercept_fit,57,1.0,-3.7281341369675585,0.25,0.5
supermat,supermat,Probe,100,intercept_fit,58,1.0,-3.2045600985443476,0.3,0.5
supermat,supermat,Probe,100,intercept_fit,59,1.0,-3.53104220062749,0.29,0.5
supermat,supermat,Probe,100,intercept_fit,60,1.0,-3.506634526234552,0.37,0.5
supermat,supermat,Probe,100,intercept_fit,61,1.0,-3.5631072837860884,0.34,0.5
supermat,supermat,Probe,100,intercept_fit,62,1.0,-3.897932960817299,0.32,0.5
supermat,supermat,Probe,100,intercept_fit,63,1.0,-2.7347129489980744,0.48,0.5
supermat,supermat,Probe,100,intercept_fit,64,1.0,-3.859995098865808,0.33,0.5
supermat,supermat,Probe,100,intercept_fit,65,1.0,-3.1742796745064044,0.56,0.5
supermat,supermat,Probe,100,intercept_fit,66,1.0,-3.826313858985407,0.23,0.5
supermat,supermat,Probe,100,intercept_fit,67,1.0,-3.7565212262984793,0.34,0.5
supermat,supermat,Probe,100,intercept_fit,68,1.0,-4.512103537110638,0.22,0.5
supermat,supermat,Probe,100,intercept_fit,69,1.0,-3.8193791488217657,0.26,0.5
supermat,supermat,Probe,100,intercept_fit,70,1.0,-3.837301421161672,0.17,0.5
supermat,supermat,Probe,100,intercept_fit,71,1.0,-3.6609925760038386,0.46,0.5
supermat,supermat,Probe,100,intercept_fit,72,1.0,-2.5938162252722723,0.48,0.5
supermat,supermat,Probe,100,intercept_fit,73,1.0,-4.304133011940348,0.33,0.5
supermat,supermat,Probe,100,intercept_fit,74,1.0,-3.985355891390258,0.35,0.5
supermat,supermat,Probe,100,intercept_fit,75,1.0,-3.9909139699222598,0.2,0.5
supermat,supermat,Probe,100,intercept_fit,76,1.0,-4.222773233701057,0.31,0.5
supermat,supermat,Probe,100,intercept_fit,77,1.0,-3.3684719683551063,0.31,0.5
supermat,supermat,Probe,100,intercept_fit,78,1.0,-3.7867870540448236,0.32,0.5
supermat,supermat,Probe,100,intercept_fit,79,1.0,-3.6620443794124364,0.32,0.5
supermat,supermat,Probe,100,intercept_fit,80,1.0,-3.528832979072034,0.34,0.5
supermat,supermat,Probe,100,intercept_fit,81,1.0,-3.6272377323361638,0.34,0.5
supermat,supermat,Probe,100,intercept_fit,82,1.0,-3.8693684649417617,0.33,0.5
supermat,supermat,Probe,100,intercept_fit,83,1.0,-3.1398343931994455,0.42,0.5
supermat,supermat,Probe,100,intercept_fit,84,1.0,-3.701238332249823,0.38,0.5
supermat,supermat,Probe,100,intercept_fit,85,1.0,-3.4231779628198655,0.36,0.5
supermat,supermat,Probe,100,intercept_fit,86,1.0,-3.6729679851954216,0.29,0.5
supermat,supermat,Probe,100,intercept_fit,87,1.0,-3.552236428558978,0.37,0.5
supermat,supermat,Probe,100,intercept_fit,88,1.0,-2.7053749425356854,0.49,0.5
supermat,supermat,Probe,100,intercept_fit,89,1.0,-2.7308162691332933,0.54,0.5
supermat,supermat,Probe,100,intercept_fit,90,1.0,-3.7016257239085752,0.27,0.5
supermat,supermat,Probe,100,intercept_fit,91,1.0,-4.041254445410314,0.4,0.5
supermat,supermat,Probe,100,intercept_fit,92,1.0,-3.8522173097302392,0.42,0.5
supermat,supermat,Probe,100,intercept_fit,93,1.0,-3.650232484996271,0.29,0.5
supermat,supermat,Probe,100,intercept_fit,94,1.0,-3.078547297250618,0.34,0.5
supermat,supermat,Probe,100,intercept_fit,95,1.0,-3.9990918820992944,0.28,0.5
supermat,supermat,Probe,100,intercept_fit,96,1.0,-2.9980562505559836,0.4,0.5
supermat,supermat,Probe,100,intercept_fit,97,1.0,-3.7965678697311867,0.28,0.5
supermat,supermat,Probe,100,intercept_fit,98,1.0,-3.743473136540371,0.24,0.5
supermat,supermat,Probe,100,intercept_fit,99,1.0,-3.251218996409808,0.46,0.5
supermat,supermat,NTP,100,intercept_fit,0,1.0,-1.3601420735731495,0.26,0.5
supermat,supermat,NTP,100,intercept_fit,1,1.0,-1.5742118572679984,0.26,0.5
supermat,supermat,NTP,100,intercept_fit,2,1.0,-0.8446442649634442,0.39,0.5
supermat,supermat,NTP,100,intercept_fit,3,1.0,-1.237176352506197,0.35,0.5
supermat,supermat,NTP,100,intercept_fit,4,1.0,-0.9948787693795168,0.36,0.5
supermat,supermat,NTP,100,intercept_fit,5,1.0,-0.574316167212211,0.42,0.5
supermat,supermat,NTP,100,intercept_fit,6,1.0,-2.040932499364498,0.25,0.5
supermat,supermat,NTP,100,intercept_fit,7,1.0,-0.878239361603422,0.38,0.5
supermat,supermat,NTP,100,intercept_fit,8,1.0,-1.290451550807884,0.24,0.5
supermat,supermat,NTP,100,intercept_fit,9,1.0,-1.047754733020798,0.4,0.5
supermat,supermat,NTP,100,intercept_fit,10,1.0,-2.285985300687988,0.34,0.5
supermat,supermat,NTP,100,intercept_fit,11,1.0,-0.6218149945825101,0.44,0.5
supermat,supermat,NTP,100,intercept_fit,12,1.0,-1.029454255931957,0.32,0.5
supermat,supermat,NTP,100,intercept_fit,13,1.0,-0.5759322179443497,0.46,0.5
supermat,supermat,NTP,100,intercept_fit,14,1.0,-2.133147180944391,0.31,0.5
supermat,supermat,NTP,100,intercept_fit,15,1.0,-0.27966444226833137,0.53,0.5
supermat,supermat,NTP,100,intercept_fit,16,1.0,-1.574155544892674,0.29,0.5
supermat,supermat,NTP,100,intercept_fit,17,1.0,-1.8396323456230324,0.23,0.5
supermat,supermat,NTP,100,intercept_fit,18,1.0,-1.8224050353081997,0.29,0.5
supermat,supermat,NTP,100,intercept_fit,19,1.0,-1.3856582366189667,0.38,0.5
supermat,supermat,NTP,100,intercept_fit,20,1.0,-2.074842984529446,0.34,0.5
supermat,supermat,NTP,100,intercept_fit,21,1.0,-1.1795972966201302,0.3,0.5
supermat,supermat,NTP,100,intercept_fit,22,1.0,-2.6461862033770616,0.24,0.5
supermat,supermat,NTP,100,intercept_fit,23,1.0,-0.8113384640011863,0.34,0.5
supermat,supermat,NTP,100,intercept_fit,24,1.0,-1.400523727771135,0.34,0.5
supermat,supermat,NTP,100,intercept_fit,25,1.0,-0.9434387540997029,0.39,0.5
supermat,supermat,NTP,100,intercept_fit,26,1.0,-0.8104256740894433,0.33,0.5
supermat,supermat,NTP,100,intercept_fit,27,1.0,-0.7576541375577878,0.46,0.5
supermat,supermat,NTP,100,intercept_fit,28,1.0,-0.6426625801985222,0.43,0.5
supermat,supermat,NTP,100,intercept_fit,29,1.0,-1.5281823489511492,0.26,0.5
supermat,supermat,NTP,100,intercept_fit,30,1.0,-1.1773150120032343,0.36,0.5
supermat,supermat,NTP,100,intercept_fit,31,1.0,-0.8810353838733583,0.35,0.5
supermat,supermat,NTP,100,intercept_fit,32,1.0,-1.200847092948126,0.28,0.5
supermat,supermat,NTP,100,intercept_fit,33,1.0,-1.0172089563392892,0.43,0.5
supermat,supermat,NTP,100,intercept_fit,34,1.0,-1.3231373213838495,0.36,0.5
supermat,supermat,NTP,100,intercept_fit,35,1.0,-2.2134511278865245,0.4,0.5
supermat,supermat,NTP,100,intercept_fit,36,1.0,-1.653225049863824,0.22,0.5
supermat,supermat,NTP,100,intercept_fit,37,1.0,-0.9598811773944033,0.4,0.5
supermat,supermat,NTP,100,intercept_fit,38,1.0,-3.1714168702968712,0.24,0.5
supermat,supermat,NTP,100,intercept_fit,39,1.0,-1.639495239145637,0.35,0.5
supermat,supermat,NTP,100,intercept_fit,40,1.0,-1.5259159224700294,0.35,0.5
supermat,supermat,NTP,100,intercept_fit,41,1.0,-0.7215194851595006,0.42,0.5
supermat,supermat,NTP,100,intercept_fit,42,1.0,-1.0402630701210336,0.3,0.5
supermat,supermat,NTP,100,intercept_fit,43,1.0,-1.213889413057335,0.38,0.5
supermat,supermat,NTP,100,intercept_fit,44,1.0,-0.5152568979313734,0.45,0.5
supermat,supermat,NTP,100,intercept_fit,45,1.0,-1.9079538049616624,0.23,0.5
supermat,supermat,NTP,100,intercept_fit,46,1.0,-1.6441192758126821,0.26,0.5
supermat,supermat,NTP,100,intercept_fit,47,1.0,-0.6968467403286286,0.41,0.5
supermat,supermat,NTP,100,intercept_fit,48,1.0,-1.7938431875526237,0.35,0.5
supermat,supermat,NTP,100,intercept_fit,49,1.0,-1.1745436893233259,0.29,0.5
supermat,supermat,NTP,100,intercept_fit,50,1.0,-2.1398016558606856,0.26,0.5
supermat,supermat,NTP,100,intercept_fit,51,1.0,-1.676434689944303,0.25,0.5
supermat,supermat,NTP,100,intercept_fit,52,1.0,-1.5716471883633394,0.24,0.5
supermat,supermat,NTP,100,intercept_fit,53,1.0,-1.5879831325236675,0.24,0.5
supermat,supermat,NTP,100,intercept_fit,54,1.0,-1.7076923801184145,0.45,0.5
supermat,supermat,NTP,100,intercept_fit,55,1.0,-1.3377060719367377,0.37,0.5
supermat,supermat,NTP,100,intercept_fit,56,1.0,-2.7096944857583805,0.27,0.5
supermat,supermat,NTP,100,intercept_fit,57,1.0,-2.1483409851762647,0.25,0.5
supermat,supermat,NTP,100,intercept_fit,58,1.0,-1.492375467457141,0.3,0.5
supermat,supermat,NTP,100,intercept_fit,59,1.0,-1.45476450724341,0.29,0.5
supermat,supermat,NTP,100,intercept_fit,60,1.0,-1.06701927517884,0.37,0.5
supermat,supermat,NTP,100,intercept_fit,61,1.0,-1.2712652032044531,0.34,0.5
supermat,supermat,NTP,100,intercept_fit,62,1.0,-1.7464957830014163,0.32,0.5
supermat,supermat,NTP,100,intercept_fit,63,1.0,-0.6317576692175771,0.48,0.5
supermat,supermat,NTP,100,intercept_fit,64,1.0,-1.1854000989117954,0.33,0.5
supermat,supermat,NTP,100,intercept_fit,65,1.0,-0.41434005617079506,0.56,0.5
supermat,supermat,NTP,100,intercept_fit,66,1.0,-1.7697421986600868,0.23,0.5
supermat,supermat,NTP,100,intercept_fit,67,1.0,-1.4528700241454828,0.34,0.5
supermat,supermat,NTP,100,intercept_fit,68,1.0,-2.183563880870245,0.22,0.5
supermat,supermat,NTP,100,intercept_fit,69,1.0,-1.363715573859838,0.26,0.5
supermat,supermat,NTP,100,intercept_fit,70,1.0,-2.4775247040852353,0.17,0.5
supermat,supermat,NTP,100,intercept_fit,71,1.0,-1.1104044445103203,0.46,0.5
supermat,supermat,NTP,100,intercept_fit,72,1.0,-0.6051118933740746,0.48,0.5
supermat,supermat,NTP,100,intercept_fit,73,1.0,-1.9639045787284215,0.33,0.5
supermat,supermat,NTP,100,intercept_fit,74,1.0,-2.013022595724594,0.35,0.5
supermat,supermat,NTP,100,intercept_fit,75,1.0,-2.8606051674443482,0.2,0.5
supermat,supermat,NTP,100,intercept_fit,76,1.0,-2.317734757293109,0.31,0.5
supermat,supermat,NTP,100,intercept_fit,77,1.0,-1.2372742933293588,0.31,0.5
supermat,supermat,NTP,100,intercept_fit,78,1.0,-1.6116517422303607,0.32,0.5
supermat,supermat,NTP,100,intercept_fit,79,1.0,-1.3097655667925026,0.32,0.5
supermat,supermat,NTP,100,intercept_fit,80,1.0,-1.0572336556372002,0.34,0.5
supermat,supermat,NTP,100,intercept_fit,81,1.0,-1.3552581668385184,0.34,0.5
supermat,supermat,NTP,100,intercept_fit,82,1.0,-1.556221427681443,0.33,0.5
supermat,supermat,NTP,100,intercept_fit,83,1.0,-1.0130228235138556,0.42,0.5
supermat,supermat,NTP,100,intercept_fit,84,1.0,-1.3316500067981554,0.38,0.5
supermat,supermat,NTP,100,intercept_fit,85,1.0,-1.3800966851389525,0.36,0.5
supermat,supermat,NTP,100,intercept_fit,86,1.0,-1.3401200696646172,0.29,0.5
supermat,supermat,NTP,100,intercept_fit,87,1.0,-1.3173746511762083,0.37,0.5
supermat,supermat,NTP,100,intercept_fit,88,1.0,-0.24772463091287147,0.49,0.5
supermat,supermat,NTP,100,intercept_fit,89,1.0,-0.518202229985223,0.54,0.5
supermat,supermat,NTP,100,intercept_fit,90,1.0,-1.3642346853908436,0.27,0.5
supermat,supermat,NTP,100,intercept_fit,91,1.0,-1.4005599693174156,0.4,0.5
supermat,supermat,NTP,100,intercept_fit,92,1.0,-1.1772436594972175,0.42,0.5
supermat,supermat,NTP,100,intercept_fit,93,1.0,-1.4341233442368286,0.29,0.5
supermat,supermat,NTP,100,intercept_fit,94,1.0,-1.0046669265251895,0.34,0.5
supermat,supermat,NTP,100,intercept_fit,95,1.0,-1.7088377772929533,0.28,0.5
supermat,supermat,NTP,100,intercept_fit,96,1.0,-0.4766192021782457,0.4,0.5
supermat,supermat,NTP,100,intercept_fit,97,1.0,-1.7450008487052007,0.28,0.5
supermat,supermat,NTP,100,intercept_fit,98,1.0,-1.4802735305860557,0.24,0.5
supermat,supermat,NTP,100,intercept_fit,99,1.0,-0.7686668242082096,0.46,0.5
supermat,supermat,Probe,250,intercept_fit,0,1.0,-3.6898168092970964,0.228,0.5
supermat,supermat,Probe,250,intercept_fit,1,1.0,-3.680960425221984,0.24,0.5
supermat,supermat,Probe,250,intercept_fit,2,1.0,-3.436413033683406,0.36,0.5
supermat,supermat,Probe,250,intercept_fit,3,1.0,-2.8387298437533945,0.46,0.5
supermat,supermat,Probe,250,intercept_fit,4,1.0,-3.7470482741091993,0.328,0.5
supermat,supermat,Probe,250,intercept_fit,5,1.0,-3.2744337649915165,0.38,0.5
supermat,supermat,Probe,250,intercept_fit,6,1.0,-3.5423661620404077,0.3,0.5
supermat,supermat,Probe,250,intercept_fit,7,1.0,-3.4751475339588898,0.392,0.5
supermat,supermat,Probe,250,intercept_fit,8,1.0,-3.939611047284673,0.264,0.5
supermat,supermat,Probe,250,intercept_fit,9,1.0,-3.038008043159487,0.384,0.5
supermat,supermat,Probe,250,intercept_fit,10,1.0,-3.759495260799394,0.24,0.5
supermat,supermat,Probe,250,intercept_fit,11,1.0,-3.0322955726536156,0.444,0.5
supermat,supermat,Probe,250,intercept_fit,12,1.0,-3.5061244855771565,0.34,0.5
supermat,supermat,Probe,250,intercept_fit,13,1.0,-3.9787536538212134,0.356,0.5
supermat,supermat,Probe,250,intercept_fit,14,1.0,-3.9245626873987067,0.28,0.5
supermat,supermat,Probe,250,intercept_fit,15,1.0,-3.0982106727718524,0.504,0.5
supermat,supermat,Probe,250,intercept_fit,16,1.0,-3.357751070046419,0.356,0.5
supermat,supermat,Probe,250,intercept_fit,17,1.0,-3.6884487879072667,0.28,0.5
supermat,supermat,Probe,250,intercept_fit,18,1.0,-3.781703975314989,0.292,0.5
supermat,supermat,Probe,250,intercept_fit,19,1.0,-3.8179485479580824,0.356,0.5
supermat,supermat,Probe,250,intercept_fit,20,1.0,-3.6732184108589268,0.364,0.5
supermat,supermat,Probe,250,intercept_fit,21,1.0,-3.9510885505905082,0.256,0.5
supermat,supermat,Probe,250,intercept_fit,22,1.0,-3.489730056518203,0.312,0.5
supermat,supermat,Probe,250,intercept_fit,23,1.0,-3.731534330197805,0.296,0.5
supermat,supermat,Probe,250,intercept_fit,24,1.0,-3.310378491420745,0.368,0.5
supermat,supermat,Probe,250,intercept_fit,25,1.0,-3.1861571246045637,0.416,0.5
supermat,supermat,Probe,250,intercept_fit,26,1.0,-3.438967247806532,0.292,0.5
supermat,supermat,Probe,250,intercept_fit,27,1.0,-3.0573320444503453,0.424,0.5
supermat,supermat,Probe,250,intercept_fit,28,1.0,-3.640030563070319,0.34,0.5
supermat,supermat,Probe,250,intercept_fit,29,1.0,-3.4945645236543075,0.28,0.5
supermat,supermat,Probe,250,intercept_fit,30,1.0,-3.1593660129229906,0.4,0.5
supermat,supermat,Probe,250,intercept_fit,31,1.0,-3.409322036813249,0.384,0.5
supermat,supermat,Probe,250,intercept_fit,32,1.0,-3.86294812892431,0.26,0.5
supermat,supermat,Probe,250,intercept_fit,33,1.0,-3.774972945253086,0.432,0.5
supermat,supermat,Probe,250,intercept_fit,34,1.0,-3.112370321537427,0.392,0.5
supermat,supermat,Probe,250,intercept_fit,35,1.0,-3.991126910794745,0.42,0.5
supermat,supermat,Probe,250,intercept_fit,36,1.0,-3.94536209043913,0.256,0.5
supermat,supermat,Probe,250,intercept_fit,37,1.0,-3.3073962772657763,0.324,0.5
supermat,supermat,Probe,250,intercept_fit,38,1.0,-3.6781848716275585,0.252,0.5
supermat,supermat,Probe,250,intercept_fit,39,1.0,-3.60953961078328,0.344,0.5
supermat,supermat,Probe,250,intercept_fit,40,1.0,-3.4326815656157335,0.388,0.5
supermat,supermat,Probe,250,intercept_fit,41,1.0,-3.226214819934807,0.468,0.5
supermat,supermat,Probe,250,intercept_fit,42,1.0,-3.7919931386461476,0.272,0.5
supermat,supermat,Probe,250,intercept_fit,43,1.0,-3.3547091547597114,0.324,0.5
supermat,supermat,Probe,250,intercept_fit,44,1.0,-3.373899406704966,0.488,0.5
supermat,supermat,Probe,250,intercept_fit,45,1.0,-3.930248563014065,0.256,0.5
supermat,supermat,Probe,250,intercept_fit,46,1.0,-3.8498801349479184,0.284,0.5
supermat,supermat,Probe,250,intercept_fit,47,1.0,-3.362934259327419,0.416,0.5
supermat,supermat,Probe,250,intercept_fit,48,1.0,-3.3201478024849274,0.384,0.5
supermat,supermat,Probe,250,intercept_fit,49,1.0,-3.6866827782117393,0.272,0.5
supermat,supermat,Probe,250,intercept_fit,50,1.0,-3.6745471470376248,0.264,0.5
supermat,supermat,Probe,250,intercept_fit,51,1.0,-3.509847409324438,0.372,0.5
supermat,supermat,Probe,250,intercept_fit,52,1.0,-4.0576384188239105,0.288,0.5
supermat,supermat,Probe,250,intercept_fit,53,1.0,-3.9461436712438713,0.18,0.5
supermat,supermat,Probe,250,intercept_fit,54,1.0,-3.7610377094333614,0.372,0.5
supermat,supermat,Probe,250,intercept_fit,55,1.0,-3.30630029970615,0.368,0.5
supermat,supermat,Probe,250,intercept_fit,56,1.0,-3.764077412593107,0.336,0.5
supermat,supermat,Probe,250,intercept_fit,57,1.0,-3.6457342513149777,0.296,0.5
supermat,supermat,Probe,250,intercept_fit,58,1.0,-3.7553609666454704,0.268,0.5
supermat,supermat,Probe,250,intercept_fit,59,1.0,-3.5706255642999625,0.288,0.5
supermat,supermat,Probe,250,intercept_fit,60,1.0,-3.8968329513493445,0.264,0.5
supermat,supermat,Probe,250,intercept_fit,61,1.0,-3.213988853257279,0.332,0.5
supermat,supermat,Probe,250,intercept_fit,62,1.0,-3.572764608382679,0.352,0.5
supermat,supermat,Probe,250,intercept_fit,63,1.0,-3.1934108056406814,0.424,0.5
supermat,supermat,Probe,250,intercept_fit,64,1.0,-3.839196940617967,0.316,0.5
supermat,supermat,Probe,250,intercept_fit,65,1.0,-3.0344220285264147,0.508,0.5
supermat,supermat,Probe,250,intercept_fit,66,1.0,-3.466423523094038,0.316,0.5
supermat,supermat,Probe,250,intercept_fit,67,1.0,-3.316898431659091,0.424,0.5
supermat,supermat,Probe,250,intercept_fit,68,1.0,-3.7821929430495937,0.3,0.5
supermat,supermat,Probe,250,intercept_fit,69,1.0,-3.6571725717257504,0.236,0.5
supermat,supermat,Probe,250,intercept_fit,70,1.0,-3.8141403150981965,0.208,0.5
supermat,supermat,Probe,250,intercept_fit,71,1.0,-3.3983608633295797,0.496,0.5
supermat,supermat,Probe,250,intercept_fit,72,1.0,-2.8838986479781017,0.408,0.5
supermat,supermat,Probe,250,intercept_fit,73,1.0,-3.3834798538221533,0.476,0.5
supermat,supermat,Probe,250,intercept_fit,74,1.0,-3.5910808833714363,0.424,0.5
supermat,supermat,Probe,250,intercept_fit,75,1.0,-3.6123818471189897,0.228,0.5
supermat,supermat,Probe,250,intercept_fit,76,1.0,-3.8501326424175146,0.324,0.5
supermat,supermat,Probe,250,intercept_fit,77,1.0,-3.6419414092793927,0.268,0.5
supermat,supermat,Probe,250,intercept_fit,78,1.0,-3.9791080777979997,0.272,0.5
supermat,supermat,Probe,250,intercept_fit,79,1.0,-3.5645874729068017,0.328,0.5
supermat,supermat,Probe,250,intercept_fit,80,1.0,-3.6536872977455315,0.328,0.5
supermat,supermat,Probe,250,intercept_fit,81,1.0,-3.0687035298700436,0.492,0.5
supermat,supermat,Probe,250,intercept_fit,82,1.0,-3.9672742997933783,0.34,0.5
supermat,supermat,Probe,250,intercept_fit,83,1.0,-3.2778182117634835,0.404,0.5
supermat,supermat,Probe,250,intercept_fit,84,1.0,-3.5851271506874123,0.392,0.5
supermat,supermat,Probe,250,intercept_fit,85,1.0,-2.897605422033356,0.444,0.5
supermat,supermat,Probe,250,intercept_fit,86,1.0,-3.6725399816020476,0.284,0.5
supermat,supermat,Probe,250,intercept_fit,87,1.0,-3.315718659355169,0.424,0.5
supermat,supermat,Probe,250,intercept_fit,88,1.0,-3.348254756190471,0.38,0.5
supermat,supermat,Probe,250,intercept_fit,89,1.0,-3.2904590678766352,0.428,0.5
supermat,supermat,Probe,250,intercept_fit,90,1.0,-3.764095082572118,0.292,0.5
supermat,supermat,Probe,250,intercept_fit,91,1.0,-3.642043143329485,0.396,0.5
supermat,supermat,Probe,250,intercept_fit,92,1.0,-3.7532907073671,0.42,0.5
supermat,supermat,Probe,250,intercept_fit,93,1.0,-3.5226366498158557,0.336,0.5
supermat,supermat,Probe,250,intercept_fit,94,1.0,-3.2387066489291443,0.32,0.5
supermat,supermat,Probe,250,intercept_fit,95,1.0,-4.127863094909761,0.252,0.5
supermat,supermat,Probe,250,intercept_fit,96,1.0,-3.222018293645539,0.384,0.5
supermat,supermat,Probe,250,intercept_fit,97,1.0,-3.497157954486193,0.316,0.5
supermat,supermat,Probe,250,intercept_fit,98,1.0,-3.849609195133976,0.22,0.5
supermat,supermat,Probe,250,intercept_fit,99,1.0,-3.0587280200734464,0.508,0.5
supermat,supermat,NTP,250,intercept_fit,0,1.0,-1.8000852126015583,0.228,0.5
supermat,supermat,NTP,250,intercept_fit,1,1.0,-1.6041403697798253,0.24,0.5
supermat,supermat,NTP,250,intercept_fit,2,1.0,-1.2763839522798046,0.36,0.5
supermat,supermat,NTP,250,intercept_fit,3,1.0,-0.5215175962978252,0.46,0.5
supermat,supermat,NTP,250,intercept_fit,4,1.0,-1.3114593461443909,0.328,0.5
supermat,supermat,NTP,250,intercept_fit,5,1.0,-1.1254557961185432,0.38,0.5
supermat,supermat,NTP,250,intercept_fit,6,1.0,-1.3968855563038172,0.3,0.5
supermat,supermat,NTP,250,intercept_fit,7,1.0,-0.9125841043640729,0.392,0.5
supermat,supermat,NTP,250,intercept_fit,8,1.0,-1.595709093809294,0.264,0.5
supermat,supermat,NTP,250,intercept_fit,9,1.0,-0.7970209811003992,0.384,0.5
supermat,supermat,NTP,250,intercept_fit,10,1.0,-1.7096859846391217,0.24,0.5
supermat,supermat,NTP,250,intercept_fit,11,1.0,-0.7651874013608085,0.444,0.5
supermat,supermat,NTP,250,intercept_fit,12,1.0,-1.3049398105938181,0.34,0.5
supermat,supermat,NTP,250,intercept_fit,13,1.0,-1.9428219396594837,0.356,0.5
supermat,supermat,NTP,250,intercept_fit,14,1.0,-1.9406252851512393,0.28,0.5
supermat,supermat,NTP,250,intercept_fit,15,1.0,-0.49002562456116167,0.504,0.5
supermat,supermat,NTP,250,intercept_fit,16,1.0,-0.9831892594722847,0.356,0.5
supermat,supermat,NTP,250,intercept_fit,17,1.0,-1.8457973910673577,0.28,0.5
supermat,supermat,NTP,250,intercept_fit,18,1.0,-1.8389250411716604,0.292,0.5
supermat,supermat,NTP,250,intercept_fit,19,1.0,-1.7780822170316932,0.356,0.5
supermat,supermat,NTP,250,intercept_fit,20,1.0,-1.6137987419882103,0.364,0.5
supermat,supermat,NTP,250,intercept_fit,21,1.0,-1.6748245481020332,0.256,0.5
supermat,supermat,NTP,250,intercept_fit,22,1.0,-1.7079055027413577,0.312,0.5
supermat,supermat,NTP,250,intercept_fit,23,1.0,-1.3539822255458225,0.296,0.5
supermat,supermat,NTP,250,intercept_fit,24,1.0,-0.9371617511729545,0.368,0.5
supermat,supermat,NTP,250,intercept_fit,25,1.0,-0.9787897097906811,0.416,0.5
supermat,supermat,NTP,250,intercept_fit,26,1.0,-1.3303137601314565,0.292,0.5
supermat,supermat,NTP,250,intercept_fit,27,1.0,-1.095146847722055,0.424,0.5
supermat,supermat,NTP,250,intercept_fit,28,1.0,-1.1985121035084285,0.34,0.5
supermat,supermat,NTP,250,intercept_fit,29,1.0,-1.721865691195919,0.28,0.5
supermat,supermat,NTP,250,intercept_fit,30,1.0,-0.9046988911000109,0.4,0.5
supermat,supermat,NTP,250,intercept_fit,31,1.0,-0.9148864675371146,0.384,0.5
supermat,supermat,NTP,250,intercept_fit,32,1.0,-1.8630074308548759,0.26,0.5
supermat,supermat,NTP,250,intercept_fit,33,1.0,-1.403550789300736,0.432,0.5
supermat,supermat,NTP,250,intercept_fit,34,1.0,-0.8723618219115212,0.392,0.5
supermat,supermat,NTP,250,intercept_fit,35,1.0,-1.1919963003984737,0.42,0.5
supermat,supermat,NTP,250,intercept_fit,36,1.0,-1.7485474108755799,0.256,0.5
supermat,supermat,NTP,250,intercept_fit,37,1.0,-1.5417349398068043,0.324,0.5
supermat,supermat,NTP,250,intercept_fit,38,1.0,-1.9057580854658125,0.252,0.5
supermat,supermat,NTP,250,intercept_fit,39,1.0,-1.3595044497922142,0.344,0.5
supermat,supermat,NTP,250,intercept_fit,40,1.0,-0.871568307130588,0.388,0.5
supermat,supermat,NTP,250,intercept_fit,41,1.0,-0.6502317493815509,0.468,0.5
supermat,supermat,NTP,250,intercept_fit,42,1.0,-1.6194094565864137,0.272,0.5
supermat,supermat,NTP,250,intercept_fit,43,1.0,-1.5564309071362425,0.324,0.5
supermat,supermat,NTP,250,intercept_fit,44,1.0,-0.6958324361063977,0.488,0.5
supermat,supermat,NTP,250,intercept_fit,45,1.0,-2.2642596051654333,0.256,0.5
supermat,supermat,NTP,250,intercept_fit,46,1.0,-1.4812138166069964,0.284,0.5
supermat,supermat,NTP,250,intercept_fit,47,1.0,-0.8930605418693323,0.416,0.5
supermat,supermat,NTP,250,intercept_fit,48,1.0,-1.1420170031420886,0.384,0.5
supermat,supermat,NTP,250,intercept_fit,49,1.0,-1.5477052596243945,0.272,0.5
supermat,supermat,NTP,250,intercept_fit,50,1.0,-1.8775478837335495,0.264,0.5
supermat,supermat,NTP,250,intercept_fit,51,1.0,-1.1397684486428552,0.372,0.5
supermat,supermat,NTP,250,intercept_fit,52,1.0,-2.1403486588891307,0.288,0.5
supermat,supermat,NTP,250,intercept_fit,53,1.0,-1.957758100308972,0.18,0.5
supermat,supermat,NTP,250,intercept_fit,54,1.0,-1.6099440810609207,0.372,0.5
supermat,supermat,NTP,250,intercept_fit,55,1.0,-1.0369886761347282,0.368,0.5
supermat,supermat,NTP,250,intercept_fit,56,1.0,-1.4592830414450841,0.336,0.5
supermat,supermat,NTP,250,intercept_fit,57,1.0,-1.9847569037613368,0.296,0.5
supermat,supermat,NTP,250,intercept_fit,58,1.0,-2.0979006718848803,0.268,0.5
supermat,supermat,NTP,250,intercept_fit,59,1.0,-1.412712929955279,0.288,0.5
supermat,supermat,NTP,250,intercept_fit,60,1.0,-1.9723744665007374,0.264,0.5
supermat,supermat,NTP,250,intercept_fit,61,1.0,-1.4154219430684574,0.332,0.5
supermat,supermat,NTP,250,intercept_fit,62,1.0,-1.5261744940832802,0.352,0.5
supermat,supermat,NTP,250,intercept_fit,63,1.0,-0.874088128113072,0.424,0.5
supermat,supermat,NTP,250,intercept_fit,64,1.0,-1.150034803259435,0.316,0.5
supermat,supermat,NTP,250,intercept_fit,65,1.0,-0.5342482070543622,0.508,0.5
supermat,supermat,NTP,250,intercept_fit,66,1.0,-1.316507831846845,0.316,0.5
supermat,supermat,NTP,250,intercept_fit,67,1.0,-0.8118656690978292,0.424,0.5
supermat,supermat,NTP,250,intercept_fit,68,1.0,-1.5590329095989135,0.3,0.5
supermat,supermat,NTP,250,intercept_fit,69,1.0,-1.4685254887841765,0.236,0.5
supermat,supermat,NTP,250,intercept_fit,70,1.0,-2.153187684872417,0.208,0.5
supermat,supermat,NTP,250,intercept_fit,71,1.0,-0.6286948508309217,0.496,0.5
supermat,supermat,NTP,250,intercept_fit,72,1.0,-0.6438889303053194,0.408,0.5
supermat,supermat,NTP,250,intercept_fit,73,1.0,-0.8050157564248771,0.476,0.5
supermat,supermat,NTP,250,intercept_fit,74,1.0,-1.0344289294015174,0.424,0.5
supermat,supermat,NTP,250,intercept_fit,75,1.0,-1.5400816521919065,0.228,0.5
supermat,supermat,NTP,250,intercept_fit,76,1.0,-1.4451122854165883,0.324,0.5
supermat,supermat,NTP,250,intercept_fit,77,1.0,-1.5020367408083464,0.268,0.5
supermat,supermat,NTP,250,intercept_fit,78,1.0,-2.272202640670798,0.272,0.5
supermat,supermat,NTP,250,intercept_fit,79,1.0,-1.6672064472688222,0.328,0.5
supermat,supermat,NTP,250,intercept_fit,80,1.0,-1.0678562458061707,0.328,0.5
supermat,supermat,NTP,250,intercept_fit,81,1.0,-0.5693560810362519,0.492,0.5
supermat,supermat,NTP,250,intercept_fit,82,1.0,-1.444254377576291,0.34,0.5
supermat,supermat,NTP,250,intercept_fit,83,1.0,-0.9961337804765726,0.404,0.5
supermat,supermat,NTP,250,intercept_fit,84,1.0,-1.5220624899278057,0.392,0.5
supermat,supermat,NTP,250,intercept_fit,85,1.0,-0.6838915943040977,0.444,0.5
supermat,supermat,NTP,250,intercept_fit,86,1.0,-1.3927740319533823,0.284,0.5
supermat,supermat,NTP,250,intercept_fit,87,1.0,-0.9747748969736869,0.424,0.5
supermat,supermat,NTP,250,intercept_fit,88,1.0,-0.9754772585126626,0.38,0.5
supermat,supermat,NTP,250,intercept_fit,89,1.0,-0.8182400267751861,0.428,0.5
supermat,supermat,NTP,250,intercept_fit,90,1.0,-1.3943292555053293,0.292,0.5
supermat,supermat,NTP,250,intercept_fit,91,1.0,-1.20057764490775,0.396,0.5
supermat,supermat,NTP,250,intercept_fit,92,1.0,-1.2508256654612986,0.42,0.5
supermat,supermat,NTP,250,intercept_fit,93,1.0,-1.4144038190153192,0.336,0.5
supermat,supermat,NTP,250,intercept_fit,94,1.0,-1.2810878975992321,0.32,0.5
supermat,supermat,NTP,250,intercept_fit,95,1.0,-1.9422014724481933,0.252,0.5
supermat,supermat,NTP,250,intercept_fit,96,1.0,-0.9193449167711563,0.384,0.5
supermat,supermat,NTP,250,intercept_fit,97,1.0,-1.0625017191945227,0.316,0.5
supermat,supermat,NTP,250,intercept_fit,98,1.0,-2.5406167949300973,0.22,0.5
supermat,supermat,NTP,250,intercept_fit,99,1.0,-0.8276085749473288,0.508,0.5
supermat,supermat,Probe,500,intercept_fit,0,1.0,-3.9892145261434275,0.204,0.5
supermat,supermat,Probe,500,intercept_fit,1,1.0,-3.7468725155747165,0.236,0.5
supermat,supermat,Probe,500,intercept_fit,2,1.0,-3.600678049995665,0.326,0.5
supermat,supermat,Probe,500,intercept_fit,3,1.0,-3.360610973147389,0.368,0.5
supermat,supermat,Probe,500,intercept_fit,4,1.0,-3.753480783861795,0.334,0.5
supermat,supermat,Probe,500,intercept_fit,5,1.0,-3.441202232684554,0.342,0.5
supermat,supermat,Probe,500,intercept_fit,6,1.0,-3.7146917611334693,0.254,0.5
supermat,supermat,Probe,500,intercept_fit,7,1.0,-3.552906015420463,0.366,0.5
supermat,supermat,Probe,500,intercept_fit,8,1.0,-3.766392644964704,0.246,0.5
supermat,supermat,Probe,500,intercept_fit,9,1.0,-3.4713924537977703,0.364,0.5
supermat,supermat,Probe,500,intercept_fit,10,1.0,-3.786435950337458,0.242,0.5
supermat,supermat,Probe,500,intercept_fit,11,1.0,-3.3773744990740586,0.404,0.5
supermat,supermat,Probe,500,intercept_fit,12,1.0,-3.040498569256509,0.41,0.5
supermat,supermat,Probe,500,intercept_fit,13,1.0,-3.8646844904355473,0.372,0.5
supermat,supermat,Probe,500,intercept_fit,14,1.0,-3.850305630439392,0.262,0.5
supermat,supermat,Probe,500,intercept_fit,15,1.0,-3.1141109763407355,0.52,0.5
supermat,supermat,Probe,500,intercept_fit,16,1.0,-3.429139633192912,0.342,0.5
supermat,supermat,Probe,500,intercept_fit,17,1.0,-3.792912795056535,0.28,0.5
supermat,supermat,Probe,500,intercept_fit,18,1.0,-3.566247742988475,0.324,0.5
supermat,supermat,Probe,500,intercept_fit,19,1.0,-3.4416612243278566,0.406,0.5
supermat,supermat,Probe,500,intercept_fit,20,1.0,-3.5339319289774354,0.388,0.5
supermat,supermat,Probe,500,intercept_fit,21,1.0,-3.750369800062352,0.286,0.5
supermat,supermat,Probe,500,intercept_fit,22,1.0,-3.9806029009076993,0.226,0.5
supermat,supermat,Probe,500,intercept_fit,23,1.0,-3.5224034796772212,0.344,0.5
supermat,supermat,Probe,500,intercept_fit,24,1.0,-3.608295637969332,0.33,0.5
supermat,supermat,Probe,500,intercept_fit,25,1.0,-3.2069629130552473,0.402,0.5
supermat,supermat,Probe,500,intercept_fit,26,1.0,-3.334916830164302,0.34,0.5
supermat,supermat,Probe,500,intercept_fit,27,1.0,-3.0556431987874024,0.426,0.5
supermat,supermat,Probe,500,intercept_fit,28,1.0,-3.564366554032452,0.378,0.5
supermat,supermat,Probe,500,intercept_fit,29,1.0,-3.7431416305720946,0.238,0.5
supermat,supermat,Probe,500,intercept_fit,30,1.0,-3.3776977341302263,0.328,0.5
supermat,supermat,Probe,500,intercept_fit,31,1.0,-3.6474491138690692,0.32,0.5
supermat,supermat,Probe,500,intercept_fit,32,1.0,-3.4547295565580667,0.298,0.5
supermat,supermat,Probe,500,intercept_fit,33,1.0,-3.669976605748203,0.428,0.5
supermat,supermat,Probe,500,intercept_fit,34,1.0,-3.3071069315939887,0.37,0.5
supermat,supermat,Probe,500,intercept_fit,35,1.0,-3.9989269761305035,0.402,0.5
supermat,supermat,Probe,500,intercept_fit,36,1.0,-3.5679636545258298,0.27,0.5
supermat,supermat,Probe,500,intercept_fit,37,1.0,-3.3694669822224994,0.334,0.5
supermat,supermat,Probe,500,intercept_fit,38,1.0,-3.997751519541413,0.2,0.5
supermat,supermat,Probe,500,intercept_fit,39,1.0,-3.5406829677680323,0.342,0.5
supermat,supermat,Probe,500,intercept_fit,40,1.0,-3.45391561143838,0.374,0.5
supermat,supermat,Probe,500,intercept_fit,41,1.0,-3.2042645124638005,0.478,0.5
supermat,supermat,Probe,500,intercept_fit,42,1.0,-3.604834962701191,0.298,0.5
supermat,supermat,Probe,500,intercept_fit,43,1.0,-3.5908824535008055,0.28,0.5
supermat,supermat,Probe,500,intercept_fit,44,1.0,-3.45038220506235,0.442,0.5
supermat,supermat,Probe,500,intercept_fit,45,1.0,-4.052443148058571,0.248,0.5
supermat,supermat,Probe,500,intercept_fit,46,1.0,-3.946685799289394,0.266,0.5
supermat,supermat,Probe,500,intercept_fit,47,1.0,-3.085678212566317,0.458,0.5
supermat,supermat,Probe,500,intercept_fit,48,1.0,-3.556539247585704,0.364,0.5
supermat,supermat,Probe,500,intercept_fit,49,1.0,-3.5394562192302517,0.292,0.5
supermat,supermat,Probe,500,intercept_fit,50,1.0,-3.9629643375945016,0.252,0.5
supermat,supermat,Probe,500,intercept_fit,51,1.0,-3.5478759613940722,0.354,0.5
supermat,supermat,Probe,500,intercept_fit,52,1.0,-4.11308223611178,0.288,0.5
supermat,supermat,Probe,500,intercept_fit,53,1.0,-3.632399815688741,0.25,0.5
supermat,supermat,Probe,500,intercept_fit,54,1.0,-3.7256474281755696,0.406,0.5
supermat,supermat,Probe,500,intercept_fit,55,1.0,-3.6418738328453077,0.314,0.5
supermat,supermat,Probe,500,intercept_fit,56,1.0,-3.7210353244300363,0.308,0.5
supermat,supermat,Probe,500,intercept_fit,57,1.0,-3.831485236954104,0.266,0.5
supermat,supermat,Probe,500,intercept_fit,58,1.0,-3.4166196812599052,0.316,0.5
supermat,supermat,Probe,500,intercept_fit,59,1.0,-3.6050780893018457,0.294,0.5
supermat,supermat,Probe,500,intercept_fit,60,1.0,-3.87190598073939,0.25,0.5
supermat,supermat,Probe,500,intercept_fit,61,1.0,-3.393736543398971,0.324,0.5
supermat,supermat,Probe,500,intercept_fit,62,1.0,-3.8463432203227015,0.32,0.5
supermat,supermat,Probe,500,intercept_fit,63,1.0,-3.103009611179896,0.44,0.5
supermat,supermat,Probe,500,intercept_fit,64,1.0,-3.5610000476164445,0.362,0.5
supermat,supermat,Probe,500,intercept_fit,65,1.0,-3.2175995571270164,0.486,0.5
supermat,supermat,Probe,500,intercept_fit,66,1.0,-3.405742975096077,0.302,0.5
supermat,supermat,Probe,500,intercept_fit,67,1.0,-3.5046555292409174,0.434,0.5
supermat,supermat,Probe,500,intercept_fit,68,1.0,-4.147624450214328,0.292,0.5
supermat,supermat,Probe,500,intercept_fit,69,1.0,-3.6152629963567655,0.25,0.5
supermat,supermat,Probe,500,intercept_fit,70,1.0,-3.6761341794312807,0.222,0.5
supermat,supermat,Probe,500,intercept_fit,71,1.0,-3.432063011867459,0.518,0.5
supermat,supermat,Probe,500,intercept_fit,72,1.0,-3.074270306217015,0.372,0.5
supermat,supermat,Probe,500,intercept_fit,73,1.0,-3.3995334975521603,0.468,0.5
supermat,supermat,Probe,500,intercept_fit,74,1.0,-4.157007968104808,0.312,0.5
supermat,supermat,Probe,500,intercept_fit,75,1.0,-3.7171677976744837,0.212,0.5
supermat,supermat,Probe,500,intercept_fit,76,1.0,-3.8227581228405336,0.332,0.5
supermat,supermat,Probe,500,intercept_fit,77,1.0,-3.8660558567853593,0.244,0.5
supermat,supermat,Probe,500,intercept_fit,78,1.0,-3.935901710360954,0.316,0.5
supermat,supermat,Probe,500,intercept_fit,79,1.0,-3.5803102483104468,0.33,0.5
supermat,supermat,Probe,500,intercept_fit,80,1.0,-3.519483445422245,0.33,0.5
supermat,supermat,Probe,500,intercept_fit,81,1.0,-3.3035382391551815,0.414,0.5
supermat,supermat,Probe,500,intercept_fit,82,1.0,-3.7897372206884943,0.322,0.5
supermat,supermat,Probe,500,intercept_fit,83,1.0,-3.3694861877764937,0.426,0.5
supermat,supermat,Probe,500,intercept_fit,84,1.0,-3.606778245215412,0.386,0.5
supermat,supermat,Probe,500,intercept_fit,85,1.0,-3.3116621062515086,0.378,0.5
supermat,supermat,Probe,500,intercept_fit,86,1.0,-3.548793246644292,0.312,0.5
supermat,supermat,Probe,500,intercept_fit,87,1.0,-3.4352555420542585,0.432,0.5
supermat,supermat,Probe,500,intercept_fit,88,1.0,-3.3961760319719128,0.406,0.5
supermat,supermat,Probe,500,intercept_fit,89,1.0,-3.024819717107537,0.46,0.5
supermat,supermat,Probe,500,intercept_fit,90,1.0,-3.4179232058905935,0.314,0.5
supermat,supermat,Probe,500,intercept_fit,91,1.0,-3.7107722284332514,0.428,0.5
supermat,supermat,Probe,500,intercept_fit,92,1.0,-3.5518420810543434,0.442,0.5
supermat,supermat,Probe,500,intercept_fit,93,1.0,-3.6884310611435107,0.32,0.5
supermat,supermat,Probe,500,intercept_fit,94,1.0,-3.441172369949901,0.29,0.5
supermat,supermat,Probe,500,intercept_fit,95,1.0,-3.9017120554932023,0.25,0.5
supermat,supermat,Probe,500,intercept_fit,96,1.0,-3.277883791015066,0.376,0.5
supermat,supermat,Probe,500,intercept_fit,97,1.0,-3.659571797130174,0.316,0.5
supermat,supermat,Probe,500,intercept_fit,98,1.0,-3.5161272513901745,0.276,0.5
supermat,supermat,Probe,500,intercept_fit,99,1.0,-3.008625319668877,0.494,0.5
supermat,supermat,NTP,500,intercept_fit,0,1.0,-2.8441117533504663,0.204,0.5
supermat,supermat,NTP,500,intercept_fit,1,1.0,-1.7220215969277581,0.236,0.5
supermat,supermat,NTP,500,intercept_fit,2,1.0,-1.324242352934744,0.326,0.5
supermat,supermat,NTP,500,intercept_fit,3,1.0,-1.1115297785958524,0.368,0.5
supermat,supermat,NTP,500,intercept_fit,4,1.0,-1.3863471423073144,0.334,0.5
supermat,supermat,NTP,500,intercept_fit,5,1.0,-1.2727795151589343,0.342,0.5
supermat,supermat,NTP,500,intercept_fit,6,1.0,-1.3544169025107775,0.254,0.5
supermat,supermat,NTP,500,intercept_fit,7,1.0,-1.0914956533373872,0.366,0.5
supermat,supermat,NTP,500,intercept_fit,8,1.0,-1.823964334924075,0.246,0.5
supermat,supermat,NTP,500,intercept_fit,9,1.0,-1.07248301543576,0.364,0.5
supermat,supermat,NTP,500,intercept_fit,10,1.0,-1.6668414840211487,0.242,0.5
supermat,supermat,NTP,500,intercept_fit,11,1.0,-1.3072433216871238,0.404,0.5
supermat,supermat,NTP,500,intercept_fit,12,1.0,-0.6577448418016518,0.41,0.5
supermat,supermat,NTP,500,intercept_fit,13,1.0,-1.5938344789224526,0.372,0.5
supermat,supermat,NTP,500,intercept_fit,14,1.0,-1.7008142693181592,0.262,0.5
supermat,supermat,NTP,500,intercept_fit,15,1.0,-0.48738649405454065,0.52,0.5
supermat,supermat,NTP,500,intercept_fit,16,1.0,-1.1232558246974509,0.342,0.5
supermat,supermat,NTP,500,intercept_fit,17,1.0,-1.4793015304524237,0.28,0.5
supermat,supermat,NTP,500,intercept_fit,18,1.0,-1.4396393098825213,0.324,0.5
supermat,supermat,NTP,500,intercept_fit,19,1.0,-1.112912286345938,0.406,0.5
supermat,supermat,NTP,500,intercept_fit,20,1.0,-1.3503926620199227,0.388,0.5
supermat,supermat,NTP,500,intercept_fit,21,1.0,-1.3054971326798235,0.286,0.5
supermat,supermat,NTP,500,intercept_fit,22,1.0,-2.416518766592832,0.226,0.5
supermat,supermat,NTP,500,intercept_fit,23,1.0,-1.1287632785434498,0.344,0.5
supermat,supermat,NTP,500,intercept_fit,24,1.0,-1.3134118641390287,0.33,0.5
supermat,supermat,NTP,500,intercept_fit,25,1.0,-1.0555228913354169,0.402,0.5
supermat,supermat,NTP,500,intercept_fit,26,1.0,-1.0467503851349242,0.34,0.5
supermat,supermat,NTP,500,intercept_fit,27,1.0,-0.73602370145442,0.426,0.5
supermat,supermat,NTP,500,intercept_fit,28,1.0,-0.9688066041891458,0.378,0.5
supermat,supermat,NTP,500,intercept_fit,29,1.0,-1.766130754579416,0.238,0.5
supermat,supermat,NTP,500,intercept_fit,30,1.0,-1.1818871885521187,0.328,0.5
supermat,supermat,NTP,500,intercept_fit,31,1.0,-1.4901468498188444,0.32,0.5
supermat,supermat,NTP,500,intercept_fit,32,1.0,-1.558121477411228,0.298,0.5
supermat,supermat,NTP,500,intercept_fit,33,1.0,-1.2046572512238174,0.428,0.5
supermat,supermat,NTP,500,intercept_fit,34,1.0,-1.1630421935844044,0.37,0.5
supermat,supermat,NTP,500,intercept_fit,35,1.0,-1.5283720104095648,0.402,0.5
supermat,supermat,NTP,500,intercept_fit,36,1.0,-1.681206874589757,0.27,0.5
supermat,supermat,NTP,500,intercept_fit,37,1.0,-1.1939250594004678,0.334,0.5
supermat,supermat,NTP,500,intercept_fit,38,1.0,-2.1734152916401683,0.2,0.5
supermat,supermat,NTP,500,intercept_fit,39,1.0,-1.5450900644989798,0.342,0.5
supermat,supermat,NTP,500,intercept_fit,40,1.0,-0.9078116718924587,0.374,0.5
supermat,supermat,NTP,500,intercept_fit,41,1.0,-0.6680336134531443,0.478,0.5
supermat,supermat,NTP,500,intercept_fit,42,1.0,-1.4946067805620298,0.298,0.5
supermat,supermat,NTP,500,intercept_fit,43,1.0,-1.734204382947566,0.28,0.5
supermat,supermat,NTP,500,intercept_fit,44,1.0,-0.8115304722449136,0.442,0.5
supermat,supermat,NTP,500,intercept_fit,45,1.0,-2.325245247348133,0.248,0.5
supermat,supermat,NTP,500,intercept_fit,46,1.0,-1.9229720255014118,0.266,0.5
supermat,supermat,NTP,500,intercept_fit,47,1.0,-0.7730595435282258,0.458,0.5
supermat,supermat,NTP,500,intercept_fit,48,1.0,-1.2496004626497117,0.364,0.5
supermat,supermat,NTP,500,intercept_fit,49,1.0,-1.5449692995821134,0.292,0.5
supermat,supermat,NTP,500,intercept_fit,50,1.0,-1.7443799495191248,0.252,0.5
supermat,supermat,NTP,500,intercept_fit,51,1.0,-1.1612616002654221,0.354,0.5
supermat,supermat,NTP,500,intercept_fit,52,1.0,-1.7105250280186002,0.288,0.5
supermat,supermat,NTP,500,intercept_fit,53,1.0,-1.8834072986241797,0.25,0.5
supermat,supermat,NTP,500,intercept_fit,54,1.0,-1.496281844149653,0.406,0.5
supermat,supermat,NTP,500,intercept_fit,55,1.0,-1.5195741394058593,0.314,0.5
supermat,supermat,NTP,500,intercept_fit,56,1.0,-1.692205702705831,0.308,0.5
supermat,supermat,NTP,500,intercept_fit,57,1.0,-1.5270326370930223,0.266,0.5
supermat,supermat,NTP,500,intercept_fit,58,1.0,-1.4148053597806438,0.316,0.5
supermat,supermat,NTP,500,intercept_fit,59,1.0,-1.6654938189745316,0.294,0.5
supermat,supermat,NTP,500,intercept_fit,60,1.0,-1.7947208594404844,0.25,0.5
supermat,supermat,NTP,500,intercept_fit,61,1.0,-1.4854040946389802,0.324,0.5
supermat,supermat,NTP,500,intercept_fit,62,1.0,-1.4036626654567808,0.32,0.5
supermat,supermat,NTP,500,intercept_fit,63,1.0,-0.7355037203833361,0.44,0.5
supermat,supermat,NTP,500,intercept_fit,64,1.0,-1.1058912528747087,0.362,0.5
supermat,supermat,NTP,500,intercept_fit,65,1.0,-0.6767345640571177,0.486,0.5
supermat,supermat,NTP,500,intercept_fit,66,1.0,-1.2893234959102013,0.302,0.5
supermat,supermat,NTP,500,intercept_fit,67,1.0,-0.9742911328382227,0.434,0.5
supermat,supermat,NTP,500,intercept_fit,68,1.0,-1.6726056515555627,0.292,0.5
supermat,supermat,NTP,500,intercept_fit,69,1.0,-1.881354071673233,0.25,0.5
supermat,supermat,NTP,500,intercept_fit,70,1.0,-2.063569043347821,0.222,0.5
supermat,supermat,NTP,500,intercept_fit,71,1.0,-0.7519826006046114,0.518,0.5
supermat,supermat,NTP,500,intercept_fit,72,1.0,-0.9536776064181274,0.372,0.5
supermat,supermat,NTP,500,intercept_fit,73,1.0,-0.8648847305342439,0.468,0.5
supermat,supermat,NTP,500,intercept_fit,74,1.0,-1.5061955340347526,0.312,0.5
supermat,supermat,NTP,500,intercept_fit,75,1.0,-2.060523187413602,0.212,0.5
supermat,supermat,NTP,500,intercept_fit,76,1.0,-1.3132705476524673,0.332,0.5
supermat,supermat,NTP,500,intercept_fit,77,1.0,-1.697578663949063,0.244,0.5
supermat,supermat,NTP,500,intercept_fit,78,1.0,-1.5918260071291037,0.316,0.5
supermat,supermat,NTP,500,intercept_fit,79,1.0,-1.3883333902412782,0.33,0.5
supermat,supermat,NTP,500,intercept_fit,80,1.0,-1.232757646154604,0.33,0.5
supermat,supermat,NTP,500,intercept_fit,81,1.0,-0.9754862626992883,0.414,0.5
supermat,supermat,NTP,500,intercept_fit,82,1.0,-1.378674748159563,0.322,0.5
supermat,supermat,NTP,500,intercept_fit,83,1.0,-0.8743676789901226,0.426,0.5
supermat,supermat,NTP,500,intercept_fit,84,1.0,-1.7043797846997963,0.386,0.5
supermat,supermat,NTP,500,intercept_fit,85,1.0,-1.0600864107559473,0.378,0.5
supermat,supermat,NTP,500,intercept_fit,86,1.0,-1.2863462024037522,0.312,0.5
supermat,supermat,NTP,500,intercept_fit,87,1.0,-1.1277579492755905,0.432,0.5
supermat,supermat,NTP,500,intercept_fit,88,1.0,-0.8606692460555386,0.406,0.5
supermat,supermat,NTP,500,intercept_fit,89,1.0,-0.4928282268112321,0.46,0.5
supermat,supermat,NTP,500,intercept_fit,90,1.0,-1.2447147492850468,0.314,0.5
supermat,supermat,NTP,500,intercept_fit,91,1.0,-1.1071543393620105,0.428,0.5
supermat,supermat,NTP,500,intercept_fit,92,1.0,-0.9211767467889223,0.442,0.5
supermat,supermat,NTP,500,intercept_fit,93,1.0,-1.3618190214492714,0.32,0.5
supermat,supermat,NTP,500,intercept_fit,94,1.0,-1.2570670216750146,0.29,0.5
supermat,supermat,NTP,500,intercept_fit,95,1.0,-1.798250155401424,0.25,0.5
supermat,supermat,NTP,500,intercept_fit,96,1.0,-0.9087617506735656,0.376,0.5
supermat,supermat,NTP,500,intercept_fit,97,1.0,-1.4287620307393318,0.316,0.5
supermat,supermat,NTP,500,intercept_fit,98,1.0,-1.4618548960505136,0.276,0.5
supermat,supermat,NTP,500,intercept_fit,99,1.0,-0.7759696261795084,0.494,0.5
supermat,supermat,Probe,1000,intercept_fit,0,1.0,-3.936504814901877,0.211,0.5
supermat,supermat,Probe,1000,intercept_fit,1,1.0,-3.967830810364742,0.215,0.5
supermat,supermat,Probe,1000,intercept_fit,2,1.0,-3.563246180485018,0.36,0.5
supermat,supermat,Probe,1000,intercept_fit,3,1.0,-3.2908821317641683,0.401,0.5
supermat,supermat,Probe,1000,intercept_fit,4,1.0,-3.8482642319511746,0.305,0.5
supermat,supermat,Probe,1000,intercept_fit,5,1.0,-3.505032020014967,0.305,0.5
supermat,supermat,Probe,1000,intercept_fit,6,1.0,-3.7747000692771007,0.294,0.5
supermat,supermat,Probe,1000,intercept_fit,7,1.0,-3.4553411085079326,0.401,0.5
supermat,supermat,Probe,1000,intercept_fit,8,1.0,-3.776910070290078,0.252,0.5
supermat,supermat,Probe,1000,intercept_fit,9,1.0,-3.4422167740558174,0.361,0.5
supermat,supermat,Probe,1000,intercept_fit,10,1.0,-3.736932717452986,0.259,0.5
supermat,supermat,Probe,1000,intercept_fit,11,1.0,-3.2731137782438453,0.429,0.5
supermat,supermat,Probe,1000,intercept_fit,12,1.0,-3.1968526252128218,0.359,0.5
supermat,supermat,Probe,1000,intercept_fit,13,1.0,-3.8240839816272936,0.377,0.5
supermat,supermat,Probe,1000,intercept_fit,14,1.0,-3.9481665620294204,0.293,0.5
supermat,supermat,Probe,1000,intercept_fit,15,1.0,-3.0194469669661785,0.525,0.5
supermat,supermat,Probe,1000,intercept_fit,16,1.0,-3.433262059287234,0.345,0.5
supermat,supermat,Probe,1000,intercept_fit,17,1.0,-3.8156932378883135,0.262,0.5
supermat,supermat,Probe,1000,intercept_fit,18,1.0,-3.498258220926342,0.307,0.5
supermat,supermat,Probe,1000,intercept_fit,19,1.0,-3.4158132306251185,0.406,0.5
supermat,supermat,Probe,1000,intercept_fit,20,1.0,-3.440835365528859,0.392,0.5
supermat,supermat,Probe,1000,intercept_fit,21,1.0,-3.866528411256658,0.282,0.5
supermat,supermat,Probe,1000,intercept_fit,22,1.0,-3.984499744916185,0.221,0.5
supermat,supermat,Probe,1000,intercept_fit,23,1.0,-3.704464984861839,0.309,0.5
supermat,supermat,Probe,1000,intercept_fit,24,1.0,-3.5676377533885404,0.337,0.5
supermat,supermat,Probe,1000,intercept_fit,25,1.0,-3.3440095637728486,0.376,0.5
supermat,supermat,Probe,1000,intercept_fit,26,1.0,-3.30594713656074,0.328,0.5
supermat,supermat,Probe,1000,intercept_fit,27,1.0,-2.9856968381447175,0.466,0.5
supermat,supermat,Probe,1000,intercept_fit,28,1.0,-3.5431883358437317,0.386,0.5
supermat,supermat,Probe,1000,intercept_fit,29,1.0,-3.6578316100282064,0.26,0.5
supermat,supermat,Probe,1000,intercept_fit,30,1.0,-3.376049567942594,0.339,0.5
supermat,supermat,Probe,1000,intercept_fit,31,1.0,-3.450148762528621,0.353,0.5
supermat,supermat,Probe,1000,intercept_fit,32,1.0,-3.6333347418946946,0.275,0.5
supermat,supermat,Probe,1000,intercept_fit,33,1.0,-3.8211080146511134,0.423,0.5
supermat,supermat,Probe,1000,intercept_fit,34,1.0,-3.208728763497114,0.377,0.5
supermat,supermat,Probe,1000,intercept_fit,35,1.0,-3.918612671636842,0.399,0.5
supermat,supermat,Probe,1000,intercept_fit,36,1.0,-3.481853417868094,0.292,0.5
supermat,supermat,Probe,1000,intercept_fit,37,1.0,-3.443484105187157,0.32,0.5
supermat,supermat,Probe,1000,intercept_fit,38,1.0,-3.8698254551696163,0.235,0.5
supermat,supermat,Probe,1000,intercept_fit,39,1.0,-3.6240705653573086,0.326,0.5
supermat,supermat,Probe,1000,intercept_fit,40,1.0,-3.427336154878725,0.371,0.5
supermat,supermat,Probe,1000,intercept_fit,41,1.0,-3.192788658880021,0.477,0.5
supermat,supermat,Probe,1000,intercept_fit,42,1.0,-3.577721610022628,0.313,0.5
supermat,supermat,Probe,1000,intercept_fit,43,1.0,-3.4504952910982976,0.298,0.5
supermat,supermat,Probe,1000,intercept_fit,44,1.0,-3.497852632402731,0.43,0.5
supermat,supermat,Probe,1000,intercept_fit,45,1.0,-4.042104772667653,0.241,0.5
supermat,supermat,Probe,1000,intercept_fit,46,1.0,-3.8673452854626595,0.279,0.5
supermat,supermat,Probe,1000,intercept_fit,47,1.0,-3.0908007363679095,0.458,0.5
supermat,supermat,Probe,1000,intercept_fit,48,1.0,-3.413375646466437,0.38,0.5
supermat,supermat,Probe,1000,intercept_fit,49,1.0,-3.4776780377756946,0.309,0.5
supermat,supermat,Probe,1000,intercept_fit,50,1.0,-3.899189721968846,0.254,0.5
supermat,supermat,Probe,1000,intercept_fit,51,1.0,-3.553646722509461,0.365,0.5
supermat,supermat,Probe,1000,intercept_fit,52,1.0,-4.220718147050751,0.257,0.5
supermat,supermat,Probe,1000,intercept_fit,53,1.0,-3.7669170724030914,0.223,0.5
supermat,supermat,Probe,1000,intercept_fit,54,1.0,-3.705074894522786,0.404,0.5
supermat,supermat,Probe,1000,intercept_fit,55,1.0,-3.7258589110543485,0.315,0.5
supermat,supermat,Probe,1000,intercept_fit,56,1.0,-3.646578242306389,0.321,0.5
supermat,supermat,Probe,1000,intercept_fit,57,1.0,-3.680556882169674,0.271,0.5
supermat,supermat,Probe,1000,intercept_fit,58,1.0,-3.518136889488679,0.299,0.5
supermat,supermat,Probe,1000,intercept_fit,59,1.0,-3.537165626060597,0.292,0.5
supermat,supermat,Probe,1000,intercept_fit,60,1.0,-3.719118400736838,0.289,0.5
supermat,supermat,Probe,1000,intercept_fit,61,1.0,-3.288381789020319,0.348,0.5
supermat,supermat,Probe,1000,intercept_fit,62,1.0,-3.582033654720399,0.335,0.5
supermat,supermat,Probe,1000,intercept_fit,63,1.0,-3.0252415918197157,0.462,0.5
supermat,supermat,Probe,1000,intercept_fit,64,1.0,-3.7216964887860176,0.323,0.5
supermat,supermat,Probe,1000,intercept_fit,65,1.0,-3.2513570330781163,0.476,0.5
supermat,supermat,Probe,1000,intercept_fit,66,1.0,-3.559924136332312,0.3,0.5
supermat,supermat,Probe,1000,intercept_fit,67,1.0,-3.436643760910341,0.437,0.5
supermat,supermat,Probe,1000,intercept_fit,68,1.0,-4.112738000491094,0.306,0.5
supermat,supermat,Probe,1000,intercept_fit,69,1.0,-3.7067668684396193,0.247,0.5
supermat,supermat,Probe,1000,intercept_fit,70,1.0,-3.676058801045501,0.212,0.5
supermat,supermat,Probe,1000,intercept_fit,71,1.0,-3.4984334662346157,0.491,0.5
supermat,supermat,Probe,1000,intercept_fit,72,1.0,-2.9437031116751595,0.419,0.5
supermat,supermat,Probe,1000,intercept_fit,73,1.0,-3.4609920749339604,0.473,0.5
supermat,supermat,Probe,1000,intercept_fit,74,1.0,-3.8705511469863296,0.363,0.5
supermat,supermat,Probe,1000,intercept_fit,75,1.0,-3.5990333000459342,0.233,0.5
supermat,supermat,Probe,1000,intercept_fit,76,1.0,-3.948627571283539,0.305,0.5
supermat,supermat,Probe,1000,intercept_fit,77,1.0,-3.827458447937213,0.26,0.5
supermat,supermat,Probe,1000,intercept_fit,78,1.0,-3.9831650310382782,0.287,0.5
supermat,supermat,Probe,1000,intercept_fit,79,1.0,-3.5768581416872856,0.334,0.5
supermat,supermat,Probe,1000,intercept_fit,80,1.0,-3.5413220999088266,0.332,0.5
supermat,supermat,Probe,1000,intercept_fit,81,1.0,-3.3047735164001284,0.438,0.5
supermat,supermat,Probe,1000,intercept_fit,82,1.0,-3.6043909799699225,0.357,0.5
supermat,supermat,Probe,1000,intercept_fit,83,1.0,-3.2769694384150845,0.43,0.5
supermat,supermat,Probe,1000,intercept_fit,84,1.0,-3.59917662781554,0.384,0.5
supermat,supermat,Probe,1000,intercept_fit,85,1.0,-3.2286461242834834,0.366,0.5
supermat,supermat,Probe,1000,intercept_fit,86,1.0,-3.6301202271003246,0.306,0.5
supermat,supermat,Probe,1000,intercept_fit,87,1.0,-3.447254802669667,0.425,0.5
supermat,supermat,Probe,1000,intercept_fit,88,1.0,-3.368980817040877,0.402,0.5
supermat,supermat,Probe,1000,intercept_fit,89,1.0,-3.084531400930048,0.429,0.5
supermat,supermat,Probe,1000,intercept_fit,90,1.0,-3.600437067391628,0.308,0.5
supermat,supermat,Probe,1000,intercept_fit,91,1.0,-3.7639790009353655,0.405,0.5
supermat,supermat,Probe,1000,intercept_fit,92,1.0,-3.574906480854257,0.453,0.5
supermat,supermat,Probe,1000,intercept_fit,93,1.0,-3.707076875850906,0.313,0.5
supermat,supermat,Probe,1000,intercept_fit,94,1.0,-3.5412670228351555,0.284,0.5
supermat,supermat,Probe,1000,intercept_fit,95,1.0,-4.136149914518367,0.237,0.5
supermat,supermat,Probe,1000,intercept_fit,96,1.0,-3.2802106988126285,0.375,0.5
supermat,supermat,Probe,1000,intercept_fit,97,1.0,-3.6465341451498086,0.314,0.5
supermat,supermat,Probe,1000,intercept_fit,98,1.0,-3.711819882069768,0.231,0.5
supermat,supermat,Probe,1000,intercept_fit,99,1.0,-2.8862951073804526,0.51,0.5
supermat,supermat,NTP,1000,intercept_fit,0,1.0,-2.120515124733284,0.211,0.5
supermat,supermat,NTP,1000,intercept_fit,1,1.0,-1.9648300674193615,0.215,0.5
supermat,supermat,NTP,1000,intercept_fit,2,1.0,-1.128473350920339,0.36,0.5
supermat,supermat,NTP,1000,intercept_fit,3,1.0,-0.990402846177655,0.401,0.5
supermat,supermat,NTP,1000,intercept_fit,4,1.0,-1.3760083978351356,0.305,0.5
supermat,supermat,NTP,1000,intercept_fit,5,1.0,-1.2770964240139893,0.305,0.5
supermat,supermat,NTP,1000,intercept_fit,6,1.0,-1.386098011080502,0.294,0.5
supermat,supermat,NTP,1000,intercept_fit,7,1.0,-0.9390512060409832,0.401,0.5
supermat,supermat,NTP,1000,intercept_fit,8,1.0,-1.851193649315123,0.252,0.5
supermat,supermat,NTP,1000,intercept_fit,9,1.0,-1.074291929193323,0.361,0.5
supermat,supermat,NTP,1000,intercept_fit,10,1.0,-1.6939706487689599,0.259,0.5
supermat,supermat,NTP,1000,intercept_fit,11,1.0,-1.0087937018176438,0.429,0.5
supermat,supermat,NTP,1000,intercept_fit,12,1.0,-0.8690616181193977,0.359,0.5
supermat,supermat,NTP,1000,intercept_fit,13,1.0,-1.3646120071355785,0.377,0.5
supermat,supermat,NTP,1000,intercept_fit,14,1.0,-1.723918863452617,0.293,0.5
supermat,supermat,NTP,1000,intercept_fit,15,1.0,-0.44553457142625225,0.525,0.5
supermat,supermat,NTP,1000,intercept_fit,16,1.0,-1.0170515627531753,0.345,0.5
supermat,supermat,NTP,1000,intercept_fit,17,1.0,-1.6279608641758774,0.262,0.5
supermat,supermat,NTP,1000,intercept_fit,18,1.0,-1.6129393594511818,0.307,0.5
supermat,supermat,NTP,1000,intercept_fit,19,1.0,-1.1298223013174713,0.406,0.5
supermat,supermat,NTP,1000,intercept_fit,20,1.0,-1.2468071551952875,0.392,0.5
supermat,supermat,NTP,1000,intercept_fit,21,1.0,-1.5830181262491532,0.282,0.5
supermat,supermat,NTP,1000,intercept_fit,22,1.0,-2.4917746167616674,0.221,0.5
supermat,supermat,NTP,1000,intercept_fit,23,1.0,-1.200382355549754,0.309,0.5
supermat,supermat,NTP,1000,intercept_fit,24,1.0,-1.1665489887139364,0.337,0.5
supermat,supermat,NTP,1000,intercept_fit,25,1.0,-1.1233889951881417,0.376,0.5
supermat,supermat,NTP,1000,intercept_fit,26,1.0,-1.0912933823187516,0.328,0.5
supermat,supermat,NTP,1000,intercept_fit,27,1.0,-0.7534802407487369,0.466,0.5
supermat,supermat,NTP,1000,intercept_fit,28,1.0,-1.037696257616502,0.386,0.5
supermat,supermat,NTP,1000,intercept_fit,29,1.0,-1.7266739668168734,0.26,0.5
supermat,supermat,NTP,1000,intercept_fit,30,1.0,-1.2776777531375056,0.339,0.5
supermat,supermat,NTP,1000,intercept_fit,31,1.0,-1.0698189611991338,0.353,0.5
supermat,supermat,NTP,1000,intercept_fit,32,1.0,-1.7406118719213044,0.275,0.5
supermat,supermat,NTP,1000,intercept_fit,33,1.0,-1.2743655350039815,0.423,0.5
supermat,supermat,NTP,1000,intercept_fit,34,1.0,-1.0338287735590512,0.377,0.5
supermat,supermat,NTP,1000,intercept_fit,35,1.0,-1.4723529596991036,0.399,0.5
supermat,supermat,NTP,1000,intercept_fit,36,1.0,-1.3650171951137104,0.292,0.5
supermat,supermat,NTP,1000,intercept_fit,37,1.0,-1.3718712935799537,0.32,0.5
supermat,supermat,NTP,1000,intercept_fit,38,1.0,-1.9139157611272066,0.235,0.5
supermat,supermat,NTP,1000,intercept_fit,39,1.0,-1.5160096650896673,0.326,0.5
supermat,supermat,NTP,1000,intercept_fit,40,1.0,-0.9631514818228628,0.371,0.5
supermat,supermat,NTP,1000,intercept_fit,41,1.0,-0.7334957069698944,0.477,0.5
supermat,supermat,NTP,1000,intercept_fit,42,1.0,-1.420838982419651,0.313,0.5
supermat,supermat,NTP,1000,intercept_fit,43,1.0,-1.35296839572162,0.298,0.5
supermat,supermat,NTP,1000,intercept_fit,44,1.0,-0.7509482339016487,0.43,0.5
supermat,supermat,NTP,1000,intercept_fit,45,1.0,-2.0494328165584346,0.241,0.5
supermat,supermat,NTP,1000,intercept_fit,46,1.0,-1.5939882145538833,0.279,0.5
supermat,supermat,NTP,1000,intercept_fit,47,1.0,-0.6523299877771049,0.458,0.5
supermat,supermat,NTP,1000,intercept_fit,48,1.0,-1.214598521795517,0.38,0.5
supermat,supermat,NTP,1000,intercept_fit,49,1.0,-1.2593341779060812,0.309,0.5
supermat,supermat,NTP,1000,intercept_fit,50,1.0,-1.8738583822460886,0.254,0.5
supermat,supermat,NTP,1000,intercept_fit,51,1.0,-1.0627808449294665,0.365,0.5
supermat,supermat,NTP,1000,intercept_fit,52,1.0,-2.1067090317614587,0.257,0.5
supermat,supermat,NTP,1000,intercept_fit,53,1.0,-2.0147810104721025,0.223,0.5
supermat,supermat,NTP,1000,intercept_fit,54,1.0,-1.540631417363745,0.404,0.5
supermat,supermat,NTP,1000,intercept_fit,55,1.0,-1.4471730172466615,0.315,0.5
supermat,supermat,NTP,1000,intercept_fit,56,1.0,-1.6432061538745106,0.321,0.5
supermat,supermat,NTP,1000,intercept_fit,57,1.0,-1.7377353638042972,0.271,0.5
supermat,supermat,NTP,1000,intercept_fit,58,1.0,-1.7061939017756078,0.299,0.5
supermat,supermat,NTP,1000,intercept_fit,59,1.0,-1.5105148281564573,0.292,0.5
supermat,supermat,NTP,1000,intercept_fit,60,1.0,-1.5143537136741614,0.289,0.5
supermat,supermat,NTP,1000,intercept_fit,61,1.0,-1.3821181773020714,0.348,0.5
supermat,supermat,NTP,1000,intercept_fit,62,1.0,-1.3662646594769894,0.335,0.5
supermat,supermat,NTP,1000,intercept_fit,63,1.0,-0.6867684031708174,0.462,0.5
supermat,supermat,NTP,1000,intercept_fit,64,1.0,-1.3347100896496653,0.323,0.5
supermat,supermat,NTP,1000,intercept_fit,65,1.0,-0.7374209364368942,0.476,0.5
supermat,supermat,NTP,1000,intercept_fit,66,1.0,-1.3653767014126648,0.3,0.5
supermat,supermat,NTP,1000,intercept_fit,67,1.0,-0.9129849886614906,0.437,0.5
supermat,supermat,NTP,1000,intercept_fit,68,1.0,-1.8946228286151756,0.306,0.5
supermat,supermat,NTP,1000,intercept_fit,69,1.0,-1.8165445039202586,0.247,0.5
supermat,supermat,NTP,1000,intercept_fit,70,1.0,-2.045206553732959,0.212,0.5
supermat,supermat,NTP,1000,intercept_fit,71,1.0,-0.9274980566833343,0.491,0.5
supermat,supermat,NTP,1000,intercept_fit,72,1.0,-0.7228545195266364,0.419,0.5
supermat,supermat,NTP,1000,intercept_fit,73,1.0,-0.7955673823498908,0.473,0.5
supermat,supermat,NTP,1000,intercept_fit,74,1.0,-1.5508046327090637,0.363,0.5
supermat,supermat,NTP,1000,intercept_fit,75,1.0,-1.7555891863890711,0.233,0.5
supermat,supermat,NTP,1000,intercept_fit,76,1.0,-1.717794875095037,0.305,0.5
supermat,supermat,NTP,1000,intercept_fit,77,1.0,-1.551569071394759,0.26,0.5
supermat,supermat,NTP,1000,intercept_fit,78,1.0,-1.8557491421441572,0.287,0.5
supermat,supermat,NTP,1000,intercept_fit,79,1.0,-1.4829141853853758,0.334,0.5
supermat,supermat,NTP,1000,intercept_fit,80,1.0,-1.286021850091113,0.332,0.5
supermat,supermat,NTP,1000,intercept_fit,81,1.0,-0.9307243142895343,0.438,0.5
supermat,supermat,NTP,1000,intercept_fit,82,1.0,-1.1357075163669506,0.357,0.5
supermat,supermat,NTP,1000,intercept_fit,83,1.0,-0.7093567515302016,0.43,0.5
supermat,supermat,NTP,1000,intercept_fit,84,1.0,-1.513106330060971,0.384,0.5
supermat,supermat,NTP,1000,intercept_fit,85,1.0,-1.054888186457452,0.366,0.5
supermat,supermat,NTP,1000,intercept_fit,86,1.0,-1.3728597708545236,0.306,0.5
supermat,supermat,NTP,1000,intercept_fit,87,1.0,-1.0586311777316628,0.425,0.5
supermat,supermat,NTP,1000,intercept_fit,88,1.0,-0.9278570421347463,0.402,0.5
supermat,supermat,NTP,1000,intercept_fit,89,1.0,-0.6613364004948752,0.429,0.5
supermat,supermat,NTP,1000,intercept_fit,90,1.0,-1.476578722528593,0.308,0.5
supermat,supermat,NTP,1000,intercept_fit,91,1.0,-1.2323088377341163,0.405,0.5
supermat,supermat,NTP,1000,intercept_fit,92,1.0,-1.0333457500873204,0.453,0.5
supermat,supermat,NTP,1000,intercept_fit,93,1.0,-1.3460272593074996,0.313,0.5
supermat,supermat,NTP,1000,intercept_fit,94,1.0,-1.620144610253244,0.284,0.5
supermat,supermat,NTP,1000,intercept_fit,95,1.0,-1.9841170332732248,0.237,0.5
supermat,supermat,NTP,1000,intercept_fit,96,1.0,-0.9273038923057434,0.375,0.5
supermat,supermat,NTP,1000,intercept_fit,97,1.0,-1.4112420452192385,0.314,0.5
supermat,supermat,NTP,1000,intercept_fit,98,1.0,-1.5469742478072293,0.231,0.5
supermat,supermat,NTP,1000,intercept_fit,99,1.0,-0.6152106600308099,0.51,0.5
