Train dataset,Test dataset,Type,Platt N,Recalibration,Fit sample,coef,intercept,Label rate,Train prevalence,SmECE
pond,pond,Probe,50,intercept_fit,0,1.0,-0.7564834167941084,0.42,0.4985203973789896,0.056281195457533545
pond,pond,Probe,50,intercept_fit,1,1.0,-1.1729005503915118,0.36,0.4985203973789896,0.12434109211905764
pond,pond,Probe,50,intercept_fit,2,1.0,-1.3229465186561737,0.44,0.4985203973789896,0.1493606802356282
pond,pond,Probe,50,intercept_fit,3,1.0,-0.5555460294332691,0.48,0.4985203973789896,0.04454261460789807
pond,pond,Probe,50,intercept_fit,4,1.0,-0.29894258531661577,0.52,0.4985203973789896,0.05086870320922275
pond,pond,Probe,50,intercept_fit,5,1.0,-1.6749890845218822,0.28,0.4985203973789896,0.20653536514628076
pond,pond,Probe,50,intercept_fit,6,1.0,-0.9659885572430762,0.42,0.4985203973789896,0.08948049741728317
pond,pond,Probe,50,intercept_fit,7,1.0,-0.3979714047953337,0.5,0.4985203973789896,0.04671516315476974
pond,pond,Probe,50,intercept_fit,8,1.0,-1.0358966319412717,0.48,0.4985203973789896,0.10129081664601478
pond,pond,Probe,50,intercept_fit,9,1.0,-1.7744226585380103,0.26,0.4985203973789896,0.22215380519453262
pond,pond,Probe,50,intercept_fit,10,1.0,-1.3543477483921085,0.38,0.4985203973789896,0.1545580386483403
pond,pond,Probe,50,intercept_fit,11,1.0,0.1578384999067454,0.6,0.4985203973789896,0.09727854414687646
pond,pond,Probe,50,intercept_fit,12,1.0,-1.37335035006314,0.34,0.4985203973789896,0.15769497611354585
pond,pond,Probe,50,intercept_fit,13,1.0,-0.5973115122529141,0.4,0.4985203973789896,0.04553006733403781
pond,pond,Probe,50,intercept_fit,14,1.0,-0.8345147354385538,0.4,0.4985203973789896,0.06756876662537495
pond,pond,Probe,50,intercept_fit,15,1.0,-0.6552280885057182,0.48,0.4985203973789896,0.04796598119990199
pond,pond,Probe,50,intercept_fit,16,1.0,-1.1876844376031057,0.52,0.4985203973789896,0.12681784530727563
pond,pond,Probe,50,intercept_fit,17,1.0,-1.6026402945069083,0.32,0.4985203973789896,0.1950061116290082
pond,pond,Probe,50,intercept_fit,18,1.0,-1.8295825255480558,0.32,0.4985203973789896,0.23069584729961068
pond,pond,Probe,50,intercept_fit,19,1.0,-1.1659275323398473,0.42,0.4985203973789896,0.12317210881673171
pond,pond,Probe,50,intercept_fit,20,1.0,-1.7404400350432667,0.32,0.4985203973789896,0.2168461122341372
pond,pond,Probe,50,intercept_fit,21,1.0,-0.9865478065406237,0.4,0.4985203973789896,0.09295676016868279
pond,pond,Probe,50,intercept_fit,22,1.0,-0.2294178198987159,0.52,0.4985203973789896,0.05609159176320166
pond,pond,Probe,50,intercept_fit,23,1.0,-1.6249009845405886,0.34,0.4985203973789896,0.19856693454195545
pond,pond,Probe,50,intercept_fit,24,1.0,-1.6802998342972852,0.36,0.4985203973789896,0.20737735592424908
pond,pond,Probe,50,intercept_fit,25,1.0,-1.0049019469632607,0.42,0.4985203973789896,0.0960578999617179
pond,pond,Probe,50,intercept_fit,26,1.0,-1.3905652490203169,0.42,0.4985203973789896,0.16053169603318967
pond,pond,Probe,50,intercept_fit,27,1.0,-1.8409995407236917,0.32,0.4985203973789896,0.23245519707537782
pond,pond,Probe,50,intercept_fit,28,1.0,-0.7253025205972458,0.54,0.4985203973789896,0.053209327051711816
pond,pond,Probe,50,intercept_fit,29,1.0,-0.7816073602055359,0.54,0.4985203973789896,0.05923559826395321
pond,pond,Probe,50,intercept_fit,30,1.0,-0.49133286910104723,0.44,0.4985203973789896,0.04451432748140329
pond,pond,Probe,50,intercept_fit,31,1.0,-0.5621179944943273,0.44,0.4985203973789896,0.044671274054340085
pond,pond,Probe,50,intercept_fit,32,1.0,-0.7975813216509018,0.48,0.4985203973789896,0.06161219855311556
pond,pond,Probe,50,intercept_fit,33,1.0,-0.38788341947613764,0.46,0.4985203973789896,0.047061872057440626
pond,pond,Probe,50,intercept_fit,34,1.0,-1.2382843503095484,0.44,0.4985203973789896,0.1352783895450404
pond,pond,Probe,50,intercept_fit,35,1.0,-1.3189280637296783,0.44,0.4985203973789896,0.14869517386259432
pond,pond,Probe,50,intercept_fit,36,1.0,-1.4203641264208153,0.36,0.4985203973789896,0.1654301672415922
pond,pond,Probe,50,intercept_fit,37,1.0,-1.4954015900722029,0.38,0.4985203973789896,0.17769018785506
pond,pond,Probe,50,intercept_fit,38,1.0,-0.8357475808523172,0.48,0.4985203973789896,0.06777402556130734
pond,pond,Probe,50,intercept_fit,39,1.0,-1.402684248544489,0.38,0.4985203973789896,0.16252591301629324
pond,pond,Probe,50,intercept_fit,40,1.0,-0.5968401209265357,0.46,0.4985203973789896,0.04551391819534315
pond,pond,Probe,50,intercept_fit,41,1.0,-0.44746591711196154,0.6,0.4985203973789896,0.04516494559063806
pond,pond,Probe,50,intercept_fit,42,1.0,-0.6430379238873035,0.42,0.4985203973789896,0.04735009459867645
pond,pond,Probe,50,intercept_fit,43,1.0,-0.0044030100600906535,0.54,0.4985203973789896,0.0786088361272898
pond,pond,Probe,50,intercept_fit,44,1.0,-0.5347622810455799,0.52,0.4985203973789896,0.04427275075739335
pond,pond,Probe,50,intercept_fit,45,1.0,-1.0701662870661877,0.52,0.4985203973789896,0.10707029276614957
pond,pond,Probe,50,intercept_fit,46,1.0,-1.4158843267048309,0.32,0.4985203973789896,0.16469480184553098
pond,pond,Probe,50,intercept_fit,47,1.0,-0.44311139313562764,0.48,0.4985203973789896,0.045270183351988666
pond,pond,Probe,50,intercept_fit,48,1.0,-1.0897301642301123,0.42,0.4985203973789896,0.1103664658460647
pond,pond,Probe,50,intercept_fit,49,1.0,-0.9534024323503401,0.42,0.4985203973789896,0.08735189172254487
pond,pond,Probe,50,intercept_fit,50,1.0,-1.3068907713662548,0.4,0.4985203973789896,0.14669834485994454
pond,pond,Probe,50,intercept_fit,51,1.0,-1.1601325452478768,0.4,0.4985203973789896,0.12220006084595002
pond,pond,Probe,50,intercept_fit,52,1.0,-0.44585349233422933,0.58,0.4985203973789896,0.045203239982372724
pond,pond,Probe,50,intercept_fit,53,1.0,-0.2845585058107946,0.5,0.4985203973789896,0.05162625178051038
pond,pond,Probe,50,intercept_fit,54,1.0,-0.8011369758653218,0.54,0.4985203973789896,0.06219993733057993
pond,pond,Probe,50,intercept_fit,55,1.0,-0.7316076601689274,0.5,0.4985203973789896,0.053733597954411814
pond,pond,Probe,50,intercept_fit,56,1.0,-1.513376793401573,0.36,0.4985203973789896,0.18061081457504125
pond,pond,Probe,50,intercept_fit,57,1.0,-0.7669332683375922,0.54,0.4985203973789896,0.057459252955249764
pond,pond,Probe,50,intercept_fit,58,1.0,-0.8000407084483282,0.44,0.4985203973789896,0.06201871134094248
pond,pond,Probe,50,intercept_fit,59,1.0,-1.233076348695347,0.4,0.4985203973789896,0.1344089083534119
pond,pond,Probe,50,intercept_fit,60,1.0,-0.4999678038732917,0.48,0.4985203973789896,0.04443198092257563
pond,pond,Probe,50,intercept_fit,61,1.0,-0.5027880959955324,0.58,0.4985203973789896,0.04440674111491799
pond,pond,Probe,50,intercept_fit,62,1.0,-0.538025590259881,0.52,0.4985203973789896,0.04429821187618825
pond,pond,Probe,50,intercept_fit,63,1.0,-2.0975122228463547,0.26,0.4985203973789896,0.2707965330991243
pond,pond,Probe,50,intercept_fit,64,1.0,-1.6127702784644005,0.28,0.4985203973789896,0.19662793765575312
pond,pond,Probe,50,intercept_fit,65,1.0,0.412210345974242,0.72,0.4985203973789896,0.13422648027122974
pond,pond,Probe,50,intercept_fit,66,1.0,-1.4206127522770484,0.42,0.4985203973789896,0.16547090230440437
pond,pond,Probe,50,intercept_fit,67,1.0,-1.184294395596526,0.48,0.4985203973789896,0.1262504703162383
pond,pond,Probe,50,intercept_fit,68,1.0,0.07029831055376282,0.7,0.4985203973789896,0.0868618923657754
pond,pond,Probe,50,intercept_fit,69,1.0,-1.724112965007,0.38,0.4985203973789896,0.2142856590247681
pond,pond,Probe,50,intercept_fit,70,1.0,-1.3200896893358094,0.54,0.4985203973789896,0.14888756255250904
pond,pond,Probe,50,intercept_fit,71,1.0,-0.7568931536599625,0.48,0.4985203973789896,0.056329996821960805
pond,pond,Probe,50,intercept_fit,72,1.0,-0.4194880156184551,0.44,0.4985203973789896,0.045951653872414754
pond,pond,Probe,50,intercept_fit,73,1.0,-0.6823098199991485,0.48,0.4985203973789896,0.04967842016309154
pond,pond,Probe,50,intercept_fit,74,1.0,-1.5269713630811284,0.34,0.4985203973789896,0.18281490663987787
pond,pond,Probe,50,intercept_fit,75,1.0,-0.5185420529974571,0.52,0.4985203973789896,0.04427942509520658
pond,pond,Probe,50,intercept_fit,76,1.0,-0.9277570919673903,0.34,0.4985203973789896,0.08301289449048832
pond,pond,Probe,50,intercept_fit,77,1.0,-1.3453483997237683,0.42,0.4985203973789896,0.15306957185311634
pond,pond,Probe,50,intercept_fit,78,1.0,-1.3820522467978356,0.42,0.4985203973789896,0.1591295917069032
pond,pond,Probe,50,intercept_fit,79,1.0,-1.3162686351225874,0.26,0.4985203973789896,0.1482538416080737
pond,pond,Probe,50,intercept_fit,80,1.0,-1.0130116798394704,0.52,0.4985203973789896,0.09742728396141906
pond,pond,Probe,50,intercept_fit,81,1.0,-1.7187702331721655,0.26,0.4985203973789896,0.21344359835687934
pond,pond,Probe,50,intercept_fit,82,1.0,-0.4016034262990031,0.52,0.4985203973789896,0.046580716561356976
pond,pond,Probe,50,intercept_fit,83,1.0,-0.318319267271778,0.34,0.4985203973789896,0.049944174349366086
pond,pond,Probe,50,intercept_fit,84,1.0,-0.13386767019768575,0.6,0.4985203973789896,0.06532748019133866
pond,pond,Probe,50,intercept_fit,85,1.0,-1.016060995639231,0.36,0.4985203973789896,0.09794264151681104
pond,pond,Probe,50,intercept_fit,86,1.0,-0.7459226184146821,0.46,0.4985203973789896,0.055168430459581294
pond,pond,Probe,50,intercept_fit,87,1.0,-0.302995534076404,0.6,0.4985203973789896,0.05069429173106407
pond,pond,Probe,50,intercept_fit,88,1.0,-0.4096408529159894,0.58,0.4985203973789896,0.04628968569555535
pond,pond,Probe,50,intercept_fit,89,1.0,-1.0616979886094886,0.4,0.4985203973789896,0.10564327091398099
pond,pond,Probe,50,intercept_fit,90,1.0,-1.32535583742761,0.32,0.4985203973789896,0.149760415389376
pond,pond,Probe,50,intercept_fit,91,1.0,-0.24221589575837396,0.56,0.4985203973789896,0.0548905952682542
pond,pond,Probe,50,intercept_fit,92,1.0,-1.1810000379144097,0.34,0.4985203973789896,0.12569819344880018
pond,pond,Probe,50,intercept_fit,93,1.0,-2.0352796570829335,0.32,0.4985203973789896,0.26169600753300404
pond,pond,Probe,50,intercept_fit,94,1.0,-0.944157041398464,0.46,0.4985203973789896,0.08578732003280339
pond,pond,Probe,50,intercept_fit,95,1.0,-1.3707426538654817,0.38,0.4985203973789896,0.15726493209209744
pond,pond,Probe,50,intercept_fit,96,1.0,-0.4003443626285408,0.54,0.4985203973789896,0.0466273222928827
pond,pond,Probe,50,intercept_fit,97,1.0,-1.9177634387416145,0.34,0.4985203973789896,0.24415780731739548
pond,pond,Probe,50,intercept_fit,98,1.0,-1.1186374230975837,0.3,0.4985203973789896,0.11522983604609972
pond,pond,Probe,50,intercept_fit,99,1.0,-1.384230829652498,0.36,0.4985203973789896,0.15948876551186347
pond,pond,NTP,50,intercept_fit,0,1.0,-0.5767718719013312,0.42,0.4985203973789896,0.1229401237110391
pond,pond,NTP,50,intercept_fit,1,1.0,-1.2263631896400702,0.36,0.4985203973789896,0.17705112234529283
pond,pond,NTP,50,intercept_fit,2,1.0,-1.103325565030117,0.44,0.4985203973789896,0.16830230353798556
pond,pond,NTP,50,intercept_fit,3,1.0,-1.2031845522100981,0.48,0.4985203973789896,0.17550611418158366
pond,pond,NTP,50,intercept_fit,4,1.0,-0.3544793346701275,0.52,0.4985203973789896,0.09951478533131788
pond,pond,NTP,50,intercept_fit,5,1.0,-1.4294692242997127,0.28,0.4985203973789896,0.19013866630452816
pond,pond,NTP,50,intercept_fit,6,1.0,-1.1598716933755469,0.42,0.4985203973789896,0.17243784211760985
pond,pond,NTP,50,intercept_fit,7,1.0,-0.40204468704345914,0.5,0.4985203973789896,0.10470624593783959
pond,pond,NTP,50,intercept_fit,8,1.0,-0.47025461353945364,0.48,0.4985203973789896,0.11202272821225516
pond,pond,NTP,50,intercept_fit,9,1.0,-1.9959561581719565,0.26,0.4985203973789896,0.21754756707496992
pond,pond,NTP,50,intercept_fit,10,1.0,-1.1940052218961807,0.38,0.4985203973789896,0.1747857584648325
pond,pond,NTP,50,intercept_fit,11,1.0,0.21987158070211102,0.6,0.4985203973789896,0.11543543712931922
pond,pond,NTP,50,intercept_fit,12,1.0,-1.4312972026360562,0.34,0.4985203973789896,0.1902594654784765
pond,pond,NTP,50,intercept_fit,13,1.0,-0.7339412231165036,0.4,0.4985203973789896,0.137878491420958
pond,pond,NTP,50,intercept_fit,14,1.0,-0.6948182568196687,0.4,0.4985203973789896,0.1342946893798245
pond,pond,NTP,50,intercept_fit,15,1.0,-0.49489567860991035,0.48,0.4985203973789896,0.11457595395277059
pond,pond,NTP,50,intercept_fit,16,1.0,-0.8404991257638923,0.52,0.4985203973789896,0.14739302257484124
pond,pond,NTP,50,intercept_fit,17,1.0,-1.6634083057008784,0.32,0.4985203973789896,0.20306185515476277
pond,pond,NTP,50,intercept_fit,18,1.0,-1.9450502960297436,0.32,0.4985203973789896,0.21565852447855324
pond,pond,NTP,50,intercept_fit,19,1.0,-0.8355658864315655,0.42,0.4985203973789896,0.1469201399530434
pond,pond,NTP,50,intercept_fit,20,1.0,-3.8361219666286983,0.32,0.4985203973789896,0.27474945338359646
pond,pond,NTP,50,intercept_fit,21,1.0,-1.1339307318154925,0.4,0.4985203973789896,0.17057915695971526
pond,pond,NTP,50,intercept_fit,22,1.0,-0.04026480875825614,0.52,0.4985203973789896,0.08094683150226827
pond,pond,NTP,50,intercept_fit,23,1.0,-3.1308827488508277,0.34,0.4985203973789896,0.23556522457140777
pond,pond,NTP,50,intercept_fit,24,1.0,-1.6559101126832307,0.36,0.4985203973789896,0.20274607722300558
pond,pond,NTP,50,intercept_fit,25,1.0,-0.627976669893422,0.42,0.4985203973789896,0.12789748373285076
pond,pond,NTP,50,intercept_fit,26,1.0,-1.1698883917225422,0.42,0.4985203973789896,0.1731133263875903
pond,pond,NTP,50,intercept_fit,27,1.0,-2.8172458234525135,0.32,0.4985203973789896,0.2341447788897787
pond,pond,NTP,50,intercept_fit,28,1.0,-0.5635185877904636,0.54,0.4985203973789896,0.12158931909398706
pond,pond,NTP,50,intercept_fit,29,1.0,-0.1349231476055512,0.54,0.4985203973789896,0.077481203465351
pond,pond,NTP,50,intercept_fit,30,1.0,-0.9323770175196301,0.44,0.4985203973789896,0.15507986313087893
pond,pond,NTP,50,intercept_fit,31,1.0,-1.081863889149978,0.44,0.4985203973789896,0.16675996350740604
pond,pond,NTP,50,intercept_fit,32,1.0,-0.8710930209106741,0.48,0.4985203973789896,0.14996554200922727
pond,pond,NTP,50,intercept_fit,33,1.0,-0.3197428993360139,0.46,0.4985203973789896,0.09563317546011202
pond,pond,NTP,50,intercept_fit,34,1.0,-1.479283356499964,0.44,0.4985203973789896,0.19308581839016214
pond,pond,NTP,50,intercept_fit,35,1.0,-0.7675214865939122,0.44,0.4985203973789896,0.14092504641555795
pond,pond,NTP,50,intercept_fit,36,1.0,-1.1204458942152626,0.36,0.4985203973789896,0.1696029733518894
pond,pond,NTP,50,intercept_fit,37,1.0,-1.1951057873775885,0.38,0.4985203973789896,0.17487262328589034
pond,pond,NTP,50,intercept_fit,38,1.0,-0.7733641567297448,0.48,0.4985203973789896,0.14150202829726816
pond,pond,NTP,50,intercept_fit,39,1.0,-1.55096696321542,0.38,0.4985203973789896,0.19717841914280523
pond,pond,NTP,50,intercept_fit,40,1.0,-0.774847680351872,0.46,0.4985203973789896,0.14154574502292208
pond,pond,NTP,50,intercept_fit,41,1.0,-0.14605498813220824,0.6,0.4985203973789896,0.077823728794555
pond,pond,NTP,50,intercept_fit,42,1.0,-0.6489471717138265,0.42,0.4985203973789896,0.12992123716915327
pond,pond,NTP,50,intercept_fit,43,1.0,-0.39365517280577944,0.54,0.4985203973789896,0.10379648065448945
pond,pond,NTP,50,intercept_fit,44,1.0,-0.744548264070533,0.52,0.4985203973789896,0.1388415081938894
pond,pond,NTP,50,intercept_fit,45,1.0,-0.986945749165846,0.52,0.4985203973789896,0.1594047273887049
pond,pond,NTP,50,intercept_fit,46,1.0,-1.2284103021259927,0.32,0.4985203973789896,0.17721192014726614
pond,pond,NTP,50,intercept_fit,47,1.0,-0.38902043909945233,0.48,0.4985203973789896,0.10331421018881055
pond,pond,NTP,50,intercept_fit,48,1.0,-1.7042669146159863,0.42,0.4985203973789896,0.2051236704349247
pond,pond,NTP,50,intercept_fit,49,1.0,-1.7256291204021583,0.42,0.4985203973789896,0.20615538884382306
pond,pond,NTP,50,intercept_fit,50,1.0,-1.9303998567208116,0.4,0.4985203973789896,0.21504439684787563
pond,pond,NTP,50,intercept_fit,51,1.0,-1.0255308102691758,0.4,0.4985203973789896,0.16243007186286587
pond,pond,NTP,50,intercept_fit,52,1.0,0.15767409775733163,0.58,0.4985203973789896,0.10590668139455454
pond,pond,NTP,50,intercept_fit,53,1.0,-0.47851096099617507,0.5,0.4985203973789896,0.11288281496625342
pond,pond,NTP,50,intercept_fit,54,1.0,-0.5375775573715716,0.54,0.4985203973789896,0.11899239747723152
pond,pond,NTP,50,intercept_fit,55,1.0,-0.21240088448421712,0.5,0.4985203973789896,0.08332244018348063
pond,pond,NTP,50,intercept_fit,56,1.0,-1.5979050723844979,0.36,0.4985203973789896,0.19968872727546563
pond,pond,NTP,50,intercept_fit,57,1.0,-0.36434949275814266,0.54,0.4985203973789896,0.1005661561812119
pond,pond,NTP,50,intercept_fit,58,1.0,-0.6585874760478148,0.44,0.4985203973789896,0.130835161811182
pond,pond,NTP,50,intercept_fit,59,1.0,-1.5999907690231239,0.4,0.4985203973789896,0.19981066711821
pond,pond,NTP,50,intercept_fit,60,1.0,-0.5734226037222215,0.48,0.4985203973789896,0.12258045849144024
pond,pond,NTP,50,intercept_fit,61,1.0,-0.061968948161756,0.58,0.4985203973789896,0.07935508222731667
pond,pond,NTP,50,intercept_fit,62,1.0,-0.49937239773093894,0.52,0.4985203973789896,0.11507117563430475
pond,pond,NTP,50,intercept_fit,63,1.0,-1.6789000865470756,0.26,0.4985203973789896,0.2038925888823339
pond,pond,NTP,50,intercept_fit,64,1.0,-1.5327157947247314,0.28,0.4985203973789896,0.19613201576059713
pond,pond,NTP,50,intercept_fit,65,1.0,0.6437721500135168,0.72,0.4985203973789896,0.18080730646483023
pond,pond,NTP,50,intercept_fit,66,1.0,-1.248810256356491,0.42,0.4985203973789896,0.17865087777895058
pond,pond,NTP,50,intercept_fit,67,1.0,-1.877087635328496,0.48,0.4985203973789896,0.21289260040621125
pond,pond,NTP,50,intercept_fit,68,1.0,0.41843333696404816,0.7,0.4985203973789896,0.14610766743948395
pond,pond,NTP,50,intercept_fit,69,1.0,-1.7184784938823332,0.38,0.4985203973789896,0.20587648809801978
pond,pond,NTP,50,intercept_fit,70,1.0,-2.2753799396448255,0.54,0.4985203973789896,0.22592137606476012
pond,pond,NTP,50,intercept_fit,71,1.0,-1.0358267113014858,0.48,0.4985203973789896,0.1631982794440449
pond,pond,NTP,50,intercept_fit,72,1.0,-0.15207508250073173,0.44,0.4985203973789896,0.07809509859469582
pond,pond,NTP,50,intercept_fit,73,1.0,-0.36116892540480866,0.48,0.4985203973789896,0.10024484375352558
pond,pond,NTP,50,intercept_fit,74,1.0,-1.5907798712373968,0.34,0.4985203973789896,0.19924893277597006
pond,pond,NTP,50,intercept_fit,75,1.0,-0.11132910865375589,0.52,0.4985203973789896,0.07740840777673585
pond,pond,NTP,50,intercept_fit,76,1.0,-1.5259837427288014,0.34,0.4985203973789896,0.19572229056274892
pond,pond,NTP,50,intercept_fit,77,1.0,-1.142285373394856,0.42,0.4985203973789896,0.17113252982317764
pond,pond,NTP,50,intercept_fit,78,1.0,-1.7259030807806306,0.42,0.4985203973789896,0.20616952113246326
pond,pond,NTP,50,intercept_fit,79,1.0,-1.022298483451112,0.26,0.4985203973789896,0.16215033418278493
pond,pond,NTP,50,intercept_fit,80,1.0,-0.8059334866299326,0.52,0.4985203973789896,0.14438242906295734
pond,pond,NTP,50,intercept_fit,81,1.0,-2.0927086868088454,0.26,0.4985203973789896,0.22078550728420834
pond,pond,NTP,50,intercept_fit,82,1.0,-0.13676586338046084,0.52,0.4985203973789896,0.07752237868891484
pond,pond,NTP,50,intercept_fit,83,1.0,-1.3817868401343845,0.34,0.4985203973789896,0.1872328068611003
pond,pond,NTP,50,intercept_fit,84,1.0,-0.16981531032256822,0.6,0.4985203973789896,0.0791042838634446
pond,pond,NTP,50,intercept_fit,85,1.0,-1.2238596822437586,0.36,0.4985203973789896,0.1768546256564687
pond,pond,NTP,50,intercept_fit,86,1.0,-1.2034725644151838,0.46,0.4985203973789896,0.17552855357175892
pond,pond,NTP,50,intercept_fit,87,1.0,0.2852302331284391,0.6,0.4985203973789896,0.12550395892316782
pond,pond,NTP,50,intercept_fit,88,1.0,-0.1628662083012945,0.58,0.4985203973789896,0.07865670146081914
pond,pond,NTP,50,intercept_fit,89,1.0,-1.1843022960380465,0.4,0.4985203973789896,0.17413250369149572
pond,pond,NTP,50,intercept_fit,90,1.0,-1.3741338480652585,0.32,0.4985203973789896,0.18670769842278856
pond,pond,NTP,50,intercept_fit,91,1.0,0.18720717827233357,0.56,0.4985203973789896,0.11042284838196645
pond,pond,NTP,50,intercept_fit,92,1.0,-1.2061050754074467,0.34,0.4985203973789896,0.17573336684206942
pond,pond,NTP,50,intercept_fit,93,1.0,-2.355544146477213,0.32,0.4985203973789896,0.2277591793227139
pond,pond,NTP,50,intercept_fit,94,1.0,-1.12714212912556,0.46,0.4985203973789896,0.17002691774260414
pond,pond,NTP,50,intercept_fit,95,1.0,-1.5222499340726139,0.38,0.4985203973789896,0.1954963417625202
pond,pond,NTP,50,intercept_fit,96,1.0,-0.8100686342985486,0.54,0.4985203973789896,0.1446777808259652
pond,pond,NTP,50,intercept_fit,97,1.0,-1.984677471754052,0.34,0.4985203973789896,0.21710888038274442
pond,pond,NTP,50,intercept_fit,98,1.0,-1.7193507075072711,0.3,0.4985203973789896,0.20592168632517985
pond,pond,NTP,50,intercept_fit,99,1.0,-1.5338920944392893,0.36,0.4985203973789896,0.19620589703476954
pond,pond,Probe,1000,intercept_fit,0,1.0,-0.7650037380663903,0.441,0.4985203973789896,0.05721564921757646
pond,pond,Probe,1000,intercept_fit,1,1.0,-1.1531934856241004,0.363,0.4985203973789896,0.12103506588894719
pond,pond,Probe,1000,intercept_fit,2,1.0,-1.3207362080084504,0.42,0.4985203973789896,0.14899463551548592
pond,pond,Probe,1000,intercept_fit,3,1.0,-0.9309436217850952,0.387,0.4985203973789896,0.08355160598283656
pond,pond,Probe,1000,intercept_fit,4,1.0,-0.16979450780354116,0.587,0.4985203973789896,0.061776549905902436
pond,pond,Probe,1000,intercept_fit,5,1.0,-1.805506711677959,0.299,0.4985203973789896,0.226976324238264
pond,pond,Probe,1000,intercept_fit,6,1.0,-0.9951559700042639,0.404,0.4985203973789896,0.09441104439332298
pond,pond,Probe,1000,intercept_fit,7,1.0,-0.9628845896866083,0.447,0.4985203973789896,0.0889560967186816
pond,pond,Probe,1000,intercept_fit,8,1.0,-1.1241253518586816,0.461,0.4985203973789896,0.11615252359727404
pond,pond,Probe,1000,intercept_fit,9,1.0,-1.3398995805770364,0.298,0.4985203973789896,0.15216814060891934
pond,pond,Probe,1000,intercept_fit,10,1.0,-1.154617280981031,0.452,0.4985203973789896,0.12127461522044294
pond,pond,Probe,1000,intercept_fit,11,1.0,-0.37729706909831595,0.534,0.4985203973789896,0.04748053590652487
pond,pond,Probe,1000,intercept_fit,12,1.0,-1.1115540265582788,0.388,0.4985203973789896,0.11403874035259742
pond,pond,Probe,1000,intercept_fit,13,1.0,-1.3535164955474093,0.358,0.4985203973789896,0.1544207290348213
pond,pond,Probe,1000,intercept_fit,14,1.0,-0.9388656372638623,0.446,0.4985203973789896,0.08489186895538803
pond,pond,Probe,1000,intercept_fit,15,1.0,-0.9300978191277781,0.475,0.4985203973789896,0.08340861811277467
pond,pond,Probe,1000,intercept_fit,16,1.0,-1.079141527491454,0.507,0.4985203973789896,0.1085829519856063
pond,pond,Probe,1000,intercept_fit,17,1.0,-0.9468584557755421,0.437,0.4985203973789896,0.08624494697993165
pond,pond,Probe,1000,intercept_fit,18,1.0,-1.148672152214083,0.414,0.4985203973789896,0.12027674692594012
pond,pond,Probe,1000,intercept_fit,19,1.0,-1.3331489084823287,0.407,0.4985203973789896,0.15105114378420592
pond,pond,Probe,1000,intercept_fit,20,1.0,-0.4978923186131725,0.524,0.4985203973789896,0.04445128319069694
pond,pond,Probe,1000,intercept_fit,21,1.0,-0.9879167717405011,0.448,0.4985203973789896,0.0931879115079595
pond,pond,Probe,1000,intercept_fit,22,1.0,-0.7145429519940464,0.528,0.4985203973789896,0.05227500985303013
pond,pond,Probe,1000,intercept_fit,23,1.0,-0.9602946593729984,0.404,0.4985203973789896,0.08851751111464531
pond,pond,Probe,1000,intercept_fit,24,1.0,-1.309407352901379,0.414,0.4985203973789896,0.14711573548905837
pond,pond,Probe,1000,intercept_fit,25,1.0,-1.4177426744092376,0.365,0.4985203973789896,0.16499977775437277
pond,pond,Probe,1000,intercept_fit,26,1.0,-1.472583655350645,0.376,0.4985203973789896,0.17397459828220546
pond,pond,Probe,1000,intercept_fit,27,1.0,-1.0003042431862805,0.42,0.4985203973789896,0.09528100129066813
pond,pond,Probe,1000,intercept_fit,28,1.0,-1.228678008045923,0.483,0.4985203973789896,0.13367424202420122
pond,pond,Probe,1000,intercept_fit,29,1.0,-1.2959097000973492,0.451,0.4985203973789896,0.14487478957552483
pond,pond,Probe,1000,intercept_fit,30,1.0,-0.5961479712440242,0.448,0.4985203973789896,0.04549018254993373
pond,pond,Probe,1000,intercept_fit,31,1.0,-0.5588723200339135,0.456,0.4985203973789896,0.04460590861069497
pond,pond,Probe,1000,intercept_fit,32,1.0,-1.0068482883811631,0.464,0.4985203973789896,0.09638636938008448
pond,pond,Probe,1000,intercept_fit,33,1.0,-0.7102552991565035,0.464,0.4985203973789896,0.051862723623996805
pond,pond,Probe,1000,intercept_fit,34,1.0,-1.338275659796646,0.402,0.4985203973789896,0.15189974332045192
pond,pond,Probe,1000,intercept_fit,35,1.0,-1.0888031340822555,0.468,0.4985203973789896,0.11020968606577501
pond,pond,Probe,1000,intercept_fit,36,1.0,-1.0392542916756033,0.46,0.4985203973789896,0.10185776320763495
pond,pond,Probe,1000,intercept_fit,37,1.0,-1.2999983282582066,0.448,0.4985203973789896,0.14555394352370973
pond,pond,Probe,1000,intercept_fit,38,1.0,-0.5208159491939214,0.496,0.4985203973789896,0.04426402625691739
pond,pond,Probe,1000,intercept_fit,39,1.0,-1.1925102197804496,0.448,0.4985203973789896,0.12762606492195996
pond,pond,Probe,1000,intercept_fit,40,1.0,-1.0488587046664561,0.381,0.4985203973789896,0.10347751605473153
pond,pond,Probe,1000,intercept_fit,41,1.0,-0.8160003624355594,0.532,0.4985203973789896,0.06457531554239335
pond,pond,Probe,1000,intercept_fit,42,1.0,-1.1252662368367257,0.345,0.4985203973789896,0.1163449371020558
pond,pond,Probe,1000,intercept_fit,43,1.0,-0.8905676242930066,0.473,0.4985203973789896,0.07674994099717272
pond,pond,Probe,1000,intercept_fit,44,1.0,-0.5994768741977546,0.513,0.4985203973789896,0.04560721883938402
pond,pond,Probe,1000,intercept_fit,45,1.0,-0.7660476565746951,0.432,0.4985203973789896,0.05734758945295959
pond,pond,Probe,1000,intercept_fit,46,1.0,-1.6386292248404182,0.346,0.4985203973789896,0.20075920601283004
pond,pond,Probe,1000,intercept_fit,47,1.0,-0.9337776995540726,0.425,0.4985203973789896,0.08403180742128154
pond,pond,Probe,1000,intercept_fit,48,1.0,-0.9283380144732168,0.424,0.4985203973789896,0.08311110664205738
pond,pond,Probe,1000,intercept_fit,49,1.0,-0.8366144634740393,0.405,0.4985203973789896,0.06791835998857243
pond,pond,Probe,1000,intercept_fit,50,1.0,-1.262390647431905,0.33,0.4985203973789896,0.13929805251583216
pond,pond,Probe,1000,intercept_fit,51,1.0,0.0855138476519513,0.599,0.4985203973789896,0.08859570206180814
pond,pond,Probe,1000,intercept_fit,52,1.0,-0.837273313315112,0.501,0.4985203973789896,0.0680280620607216
pond,pond,Probe,1000,intercept_fit,53,1.0,-0.730740908400178,0.417,0.4985203973789896,0.05364157937225309
pond,pond,Probe,1000,intercept_fit,54,1.0,-1.3213762697467388,0.45,0.4985203973789896,0.1491006457425621
pond,pond,Probe,1000,intercept_fit,55,1.0,-0.9535775886560102,0.481,0.4985203973789896,0.08738149040445214
pond,pond,Probe,1000,intercept_fit,56,1.0,-0.7228046349144297,0.515,0.4985203973789896,0.052951634553934895
pond,pond,Probe,1000,intercept_fit,57,1.0,-0.7501881584791068,0.478,0.4985203973789896,0.05566144918334729
pond,pond,Probe,1000,intercept_fit,58,1.0,-0.7010021683070539,0.475,0.4985203973789896,0.05114467285256298
pond,pond,Probe,1000,intercept_fit,59,1.0,-0.9480847421995855,0.393,0.4985203973789896,0.08645219521150188
pond,pond,Probe,1000,intercept_fit,60,1.0,-0.8123403657293077,0.477,0.4985203973789896,0.06399701345270728
pond,pond,Probe,1000,intercept_fit,61,1.0,-0.588829149552887,0.512,0.4985203973789896,0.04524725182631714
pond,pond,Probe,1000,intercept_fit,62,1.0,-1.1968107110854518,0.382,0.4985203973789896,0.12834619783541332
pond,pond,Probe,1000,intercept_fit,63,1.0,-1.2584813396606267,0.427,0.4985203973789896,0.13864640503053555
pond,pond,Probe,1000,intercept_fit,64,1.0,-1.5625336545236066,0.304,0.4985203973789896,0.1885618222042571
pond,pond,Probe,1000,intercept_fit,65,1.0,-0.6415298123520666,0.525,0.4985203973789896,0.04726414957849484
pond,pond,Probe,1000,intercept_fit,66,1.0,-0.9353570445421565,0.489,0.4985203973789896,0.08429878683777048
pond,pond,Probe,1000,intercept_fit,67,1.0,-1.1744790044251592,0.45,0.4985203973789896,0.12460547914685823
pond,pond,Probe,1000,intercept_fit,68,1.0,-0.5301661030839151,0.58,0.4985203973789896,0.04424695659486013
pond,pond,Probe,1000,intercept_fit,69,1.0,-1.4899672861755429,0.38,0.4985203973789896,0.17680641943842373
pond,pond,Probe,1000,intercept_fit,70,1.0,-0.8004812494129548,0.537,0.4985203973789896,0.062091537436462285
pond,pond,Probe,1000,intercept_fit,71,1.0,-0.755917617481248,0.433,0.4985203973789896,0.05621380558745894
pond,pond,Probe,1000,intercept_fit,72,1.0,-0.7733574980681815,0.432,0.4985203973789896,0.05819231440815903
pond,pond,Probe,1000,intercept_fit,73,1.0,-0.8358086002033118,0.43,0.4985203973789896,0.06778418483106768
pond,pond,Probe,1000,intercept_fit,74,1.0,-1.1493874932634114,0.396,0.4985203973789896,0.12039673675952307
pond,pond,Probe,1000,intercept_fit,75,1.0,-0.5778182605793186,0.528,0.4985203973789896,0.04491905095745468
pond,pond,Probe,1000,intercept_fit,76,1.0,-1.2062743094651223,0.343,0.4985203973789896,0.1299300152894298
pond,pond,Probe,1000,intercept_fit,77,1.0,-1.4731052954945738,0.368,0.4985203973789896,0.17405968058779522
pond,pond,Probe,1000,intercept_fit,78,1.0,-1.551739133887994,0.36,0.4985203973789896,0.1868193659385572
pond,pond,Probe,1000,intercept_fit,79,1.0,-1.0654274200580176,0.358,0.4985203973789896,0.1062714282216379
pond,pond,Probe,1000,intercept_fit,80,1.0,-0.9987206968693141,0.528,0.4985203973789896,0.09501370844649219
pond,pond,Probe,1000,intercept_fit,81,1.0,-1.2759444920191532,0.33,0.4985203973789896,0.14155456376433576
pond,pond,Probe,1000,intercept_fit,82,1.0,-0.9957637132989128,0.462,0.4985203973789896,0.09451363930639227
pond,pond,Probe,1000,intercept_fit,83,1.0,-1.201902141903903,0.331,0.4985203973789896,0.12919832627590488
pond,pond,Probe,1000,intercept_fit,84,1.0,-0.7821132915195077,0.503,0.4985203973789896,0.059307283145268674
pond,pond,Probe,1000,intercept_fit,85,1.0,-0.9991953436462451,0.376,0.4985203973789896,0.0950938272109721
pond,pond,Probe,1000,intercept_fit,86,1.0,-0.7013094113383884,0.443,0.4985203973789896,0.05117249669308127
pond,pond,Probe,1000,intercept_fit,87,1.0,-0.6703125087293865,0.51,0.4985203973789896,0.04888426468736451
pond,pond,Probe,1000,intercept_fit,88,1.0,-0.7256375401084889,0.495,0.4985203973789896,0.05324385122903441
pond,pond,Probe,1000,intercept_fit,89,1.0,-1.1410647366572,0.4,0.4985203973789896,0.11899883941844501
pond,pond,Probe,1000,intercept_fit,90,1.0,-1.1477986978451231,0.376,0.4985203973789896,0.12013023147295615
pond,pond,Probe,1000,intercept_fit,91,1.0,-0.35675596455197517,0.533,0.4985203973789896,0.048290620571448846
pond,pond,Probe,1000,intercept_fit,92,1.0,-1.3430098307437033,0.414,0.4985203973789896,0.15268299584925338
pond,pond,Probe,1000,intercept_fit,93,1.0,-1.5431586521692486,0.378,0.4985203973789896,0.18543214601426017
pond,pond,Probe,1000,intercept_fit,94,1.0,-1.1415681088025178,0.356,0.4985203973789896,0.11908331059062068
pond,pond,Probe,1000,intercept_fit,95,1.0,-1.566374324356469,0.404,0.4985203973789896,0.1891789640003234
pond,pond,Probe,1000,intercept_fit,96,1.0,-0.3750553937986029,0.542,0.4985203973789896,0.04757043664657303
pond,pond,Probe,1000,intercept_fit,97,1.0,-1.1810555621884524,0.486,0.4985203973789896,0.12570748948936106
pond,pond,Probe,1000,intercept_fit,98,1.0,-1.176244307777266,0.361,0.4985203973789896,0.12490112629184275
pond,pond,Probe,1000,intercept_fit,99,1.0,-0.6790489170249572,0.441,0.4985203973789896,0.04955542835048495
pond,pond,NTP,1000,intercept_fit,0,1.0,-0.49876190608546067,0.441,0.4985203973789896,0.11500368424483651
pond,pond,NTP,1000,intercept_fit,1,1.0,-1.1545608951391562,0.363,0.4985203973789896,0.17201241297374847
pond,pond,NTP,1000,intercept_fit,2,1.0,-1.2348561667161344,0.42,0.4985203973789896,0.17771274794361208
pond,pond,NTP,1000,intercept_fit,3,1.0,-1.0483877294663626,0.387,0.4985203973789896,0.16416285834444064
pond,pond,NTP,1000,intercept_fit,4,1.0,0.017999700116473477,0.587,0.4985203973789896,0.08635080018986045
pond,pond,NTP,1000,intercept_fit,5,1.0,-2.071906674337994,0.299,0.4985203973789896,0.2201166176899076
pond,pond,NTP,1000,intercept_fit,6,1.0,-0.8579688956277942,0.404,0.4985203973789896,0.14883667239451975
pond,pond,NTP,1000,intercept_fit,7,1.0,-0.8320319987303246,0.447,0.4985203973789896,0.1465815425299765
pond,pond,NTP,1000,intercept_fit,8,1.0,-0.8067490270770812,0.461,0.4985203973789896,0.14446177476795383
pond,pond,NTP,1000,intercept_fit,9,1.0,-1.3410754746688378,0.298,0.4985203973789896,0.1846009023784232
pond,pond,NTP,1000,intercept_fit,10,1.0,-0.9828645755585994,0.452,0.4985203973789896,0.15916248330380725
pond,pond,NTP,1000,intercept_fit,11,1.0,-0.3004879295776921,0.534,0.4985203973789896,0.09344859761027366
pond,pond,NTP,1000,intercept_fit,12,1.0,-1.2757093233341008,0.388,0.4985203973789896,0.18044304718009382
pond,pond,NTP,1000,intercept_fit,13,1.0,-1.4717167239645155,0.358,0.4985203973789896,0.192601786132238
pond,pond,NTP,1000,intercept_fit,14,1.0,-0.7754476962571236,0.446,0.4985203973789896,0.14160496961540994
pond,pond,NTP,1000,intercept_fit,15,1.0,-0.8305348282807045,0.475,0.4985203973789896,0.14643798979810757
pond,pond,NTP,1000,intercept_fit,16,1.0,-0.7650812805820449,0.507,0.4985203973789896,0.14068320790975877
pond,pond,NTP,1000,intercept_fit,17,1.0,-0.8275026396338977,0.437,0.4985203973789896,0.1462564156342389
pond,pond,NTP,1000,intercept_fit,18,1.0,-1.0907529215181466,0.414,0.4985203973789896,0.1673815364983337
pond,pond,NTP,1000,intercept_fit,19,1.0,-1.052154816517701,0.407,0.4985203973789896,0.16448458582072967
pond,pond,NTP,1000,intercept_fit,20,1.0,-0.3756306243110614,0.524,0.4985203973789896,0.10182171081995837
pond,pond,NTP,1000,intercept_fit,21,1.0,-0.9552380749375082,0.448,0.4985203973789896,0.15692191055380217
pond,pond,NTP,1000,intercept_fit,22,1.0,-0.2703649186823156,0.528,0.4985203973789896,0.08999526425494055
pond,pond,NTP,1000,intercept_fit,23,1.0,-1.096746210578289,0.404,0.4985203973789896,0.16788036218739144
pond,pond,NTP,1000,intercept_fit,24,1.0,-1.3810322382783524,0.414,0.4985203973789896,0.18718123741427783
pond,pond,NTP,1000,intercept_fit,25,1.0,-1.6845906460631805,0.365,0.4985203973789896,0.20409819844574742
pond,pond,NTP,1000,intercept_fit,26,1.0,-1.402119225246192,0.376,0.4985203973789896,0.18841705767823966
pond,pond,NTP,1000,intercept_fit,27,1.0,-1.3145551184491153,0.42,0.4985203973789896,0.18294606731696708
pond,pond,NTP,1000,intercept_fit,28,1.0,-0.9859859737785858,0.483,0.4985203973789896,0.15931971324471556
pond,pond,NTP,1000,intercept_fit,29,1.0,-1.065985376004588,0.451,0.4985203973789896,0.1655358709502972
pond,pond,NTP,1000,intercept_fit,30,1.0,-0.9413969867306893,0.448,0.4985203973789896,0.15578771847104128
pond,pond,NTP,1000,intercept_fit,31,1.0,-0.7615023022811873,0.456,0.4985203973789896,0.14043033659935622
pond,pond,NTP,1000,intercept_fit,32,1.0,-0.7397464408972726,0.464,0.4985203973789896,0.13846105072612108
pond,pond,NTP,1000,intercept_fit,33,1.0,-0.4735458785066124,0.464,0.4985203973789896,0.11232927984897971
pond,pond,NTP,1000,intercept_fit,34,1.0,-1.1531207979419082,0.402,0.4985203973789896,0.17189568465548657
pond,pond,NTP,1000,intercept_fit,35,1.0,-0.8384189976154045,0.468,0.4985203973789896,0.14719373764481722
pond,pond,NTP,1000,intercept_fit,36,1.0,-0.7966705050721211,0.46,0.4985203973789896,0.1434807367576895
pond,pond,NTP,1000,intercept_fit,37,1.0,-1.0839337724790068,0.448,0.4985203973789896,0.16693371756219905
pond,pond,NTP,1000,intercept_fit,38,1.0,-0.5357517628734266,0.496,0.4985203973789896,0.11879337816673256
pond,pond,NTP,1000,intercept_fit,39,1.0,-1.0200174290933641,0.448,0.4985203973789896,0.16207402815445301
pond,pond,NTP,1000,intercept_fit,40,1.0,-1.1071268121637063,0.381,0.4985203973789896,0.16861737417768444
pond,pond,NTP,1000,intercept_fit,41,1.0,-0.2188381822408607,0.532,0.4985203973789896,0.08404989756254803
pond,pond,NTP,1000,intercept_fit,42,1.0,-1.1944992011306985,0.345,0.4985203973789896,0.17482475171769415
pond,pond,NTP,1000,intercept_fit,43,1.0,-0.9360365855719152,0.473,0.4985203973789896,0.1552969246123344
pond,pond,NTP,1000,intercept_fit,44,1.0,-0.6184491055479594,0.513,0.4985203973789896,0.12697738362154337
pond,pond,NTP,1000,intercept_fit,45,1.0,-0.7893801334917174,0.432,0.4985203973789896,0.1428727828056243
pond,pond,NTP,1000,intercept_fit,46,1.0,-1.8383000703251755,0.346,0.4985203973789896,0.21131284709117062
pond,pond,NTP,1000,intercept_fit,47,1.0,-1.2540153484946261,0.425,0.4985203973789896,0.1789201575562316
pond,pond,NTP,1000,intercept_fit,48,1.0,-1.0113035086206623,0.424,0.4985203973789896,0.16131391069590353
pond,pond,NTP,1000,intercept_fit,49,1.0,-1.1395207787737451,0.405,0.4985203973789896,0.17090823291885734
pond,pond,NTP,1000,intercept_fit,50,1.0,-1.4917117844710341,0.33,0.4985203973789896,0.19379207748991178
pond,pond,NTP,1000,intercept_fit,51,1.0,0.09336660578033466,0.599,0.4985203973789896,0.09612557279614704
pond,pond,NTP,1000,intercept_fit,52,1.0,-0.4527117456576831,0.501,0.4985203973789896,0.11017603076816371
pond,pond,NTP,1000,intercept_fit,53,1.0,-0.7416379837475089,0.417,0.4985203973789896,0.13865035719742808
pond,pond,NTP,1000,intercept_fit,54,1.0,-1.1549437857051164,0.45,0.4985203973789896,0.17204328216226075
pond,pond,NTP,1000,intercept_fit,55,1.0,-0.5363372048735868,0.481,0.4985203973789896,0.11885720804201294
pond,pond,NTP,1000,intercept_fit,56,1.0,-0.6402817353784033,0.515,0.4985203973789896,0.12910323101219967
pond,pond,NTP,1000,intercept_fit,57,1.0,-0.5861826004407533,0.478,0.4985203973789896,0.12387143244082117
pond,pond,NTP,1000,intercept_fit,58,1.0,-0.691703765430355,0.475,0.4985203973789896,0.13397572781029496
pond,pond,NTP,1000,intercept_fit,59,1.0,-1.0263490069593242,0.393,0.4985203973789896,0.16250085921670412
pond,pond,NTP,1000,intercept_fit,60,1.0,-0.7141613563755622,0.477,0.4985203973789896,0.13607588523609834
pond,pond,NTP,1000,intercept_fit,61,1.0,-0.34152517314105985,0.512,0.4985203973789896,0.09805253924595972
pond,pond,NTP,1000,intercept_fit,62,1.0,-1.272174483656455,0.382,0.4985203973789896,0.18017874932869124
pond,pond,NTP,1000,intercept_fit,63,1.0,-1.103847832772512,0.427,0.4985203973789896,0.1683456125989527
pond,pond,NTP,1000,intercept_fit,64,1.0,-2.015682331558031,0.304,0.4985203973789896,0.21821605179743211
pond,pond,NTP,1000,intercept_fit,65,1.0,-0.3643242014801846,0.525,0.4985203973789896,0.10056322843023147
pond,pond,NTP,1000,intercept_fit,66,1.0,-0.46192207145467584,0.489,0.4985203973789896,0.11115023242464486
pond,pond,NTP,1000,intercept_fit,67,1.0,-1.1034544551734098,0.45,0.4985203973789896,0.1683129929742949
pond,pond,NTP,1000,intercept_fit,68,1.0,-0.4461918492762919,0.58,0.4985203973789896,0.10944235854549524
pond,pond,NTP,1000,intercept_fit,69,1.0,-1.6324145492151858,0.38,0.4985203973789896,0.20145779563469465
pond,pond,NTP,1000,intercept_fit,70,1.0,-0.559886379267241,0.537,0.4985203973789896,0.12119705240576675
pond,pond,NTP,1000,intercept_fit,71,1.0,-0.9484739440826503,0.433,0.4985203973789896,0.15631129931839244
pond,pond,NTP,1000,intercept_fit,72,1.0,-0.8697810099339327,0.432,0.4985203973789896,0.14984163715047624
pond,pond,NTP,1000,intercept_fit,73,1.0,-0.9618362742082427,0.43,0.4985203973789896,0.15739561547750094
pond,pond,NTP,1000,intercept_fit,74,1.0,-1.263663694255022,0.396,0.4985203973789896,0.17964616383391935
pond,pond,NTP,1000,intercept_fit,75,1.0,-0.27885070526201733,0.528,0.4985203973789896,0.0909658790143111
pond,pond,NTP,1000,intercept_fit,76,1.0,-1.8635948565315743,0.343,0.4985203973789896,0.21237951655665896
pond,pond,NTP,1000,intercept_fit,77,1.0,-1.5525816179660659,0.368,0.4985203973789896,0.19717029184026452
pond,pond,NTP,1000,intercept_fit,78,1.0,-1.4505628424552692,0.36,0.4985203973789896,0.19134322821882407
pond,pond,NTP,1000,intercept_fit,79,1.0,-1.0575535811874075,0.358,0.4985203973789896,0.16494446537451493
pond,pond,NTP,1000,intercept_fit,80,1.0,-0.7098723765238224,0.528,0.4985203973789896,0.13573604424319297
pond,pond,NTP,1000,intercept_fit,81,1.0,-1.5285538551170819,0.33,0.4985203973789896,0.1958789449150092
pond,pond,NTP,1000,intercept_fit,82,1.0,-0.9128339238392981,0.462,0.4985203973789896,0.15340582374839648
pond,pond,NTP,1000,intercept_fit,83,1.0,-1.5276118940783512,0.331,0.4985203973789896,0.19582125752978907
pond,pond,NTP,1000,intercept_fit,84,1.0,-0.5279002809038612,0.503,0.4985203973789896,0.11800640566644828
pond,pond,NTP,1000,intercept_fit,85,1.0,-0.9805590871248597,0.376,0.4985203973789896,0.15895784001255372
pond,pond,NTP,1000,intercept_fit,86,1.0,-0.9627218870947034,0.443,0.4985203973789896,0.15747506584785378
pond,pond,NTP,1000,intercept_fit,87,1.0,-0.4009565096023792,0.51,0.4985203973789896,0.1045818024734094
pond,pond,NTP,1000,intercept_fit,88,1.0,-0.738268351122636,0.495,0.4985203973789896,0.13831299136047995
pond,pond,NTP,1000,intercept_fit,89,1.0,-1.3068833826655388,0.4,0.4985203973789896,0.18248956913183104
pond,pond,NTP,1000,intercept_fit,90,1.0,-1.1351742087741348,0.376,0.4985203973789896,0.17068006475614692
pond,pond,NTP,1000,intercept_fit,91,1.0,-0.18415975421199232,0.533,0.4985203973789896,0.0803324522104876
pond,pond,NTP,1000,intercept_fit,92,1.0,-1.3688011487538236,0.414,0.4985203973789896,0.18645673907305715
pond,pond,NTP,1000,intercept_fit,93,1.0,-1.605722737134495,0.378,0.4985203973789896,0.20014530313227566
pond,pond,NTP,1000,intercept_fit,94,1.0,-1.4740964567160422,0.356,0.4985203973789896,0.19275384025238043
pond,pond,NTP,1000,intercept_fit,95,1.0,-1.2715762740118761,0.404,0.4985203973789896,0.180133634252467
pond,pond,NTP,1000,intercept_fit,96,1.0,-0.28296548608992883,0.542,0.4985203973789896,0.09145381567707409
pond,pond,NTP,1000,intercept_fit,97,1.0,-0.7185160183617537,0.486,0.4985203973789896,0.13651694904402903
pond,pond,NTP,1000,intercept_fit,98,1.0,-1.6700016849648895,0.361,0.4985203973789896,0.20341892656064792
pond,pond,NTP,1000,intercept_fit,99,1.0,-1.1818803722286928,0.441,0.4985203973789896,0.17394174568842335
pond,nfix,Probe,50,intercept_fit,0,1.0,-2.152745180248796,0.18,0.4985203973789896,0.08704303731004914
pond,nfix,Probe,50,intercept_fit,1,1.0,-2.1607945300006053,0.28,0.4985203973789896,0.08826785492523344
pond,nfix,Probe,50,intercept_fit,2,1.0,-2.380704255437767,0.28,0.4985203973789896,0.12010185448156102
pond,nfix,Probe,50,intercept_fit,3,1.0,-1.7247489226606054,0.28,0.4985203973789896,0.0471503767451379
pond,nfix,Probe,50,intercept_fit,4,1.0,-3.065606268225329,0.18,0.4985203973789896,0.1993254443443307
pond,nfix,Probe,50,intercept_fit,5,1.0,-1.1483129266575,0.38,0.4985203973789896,0.10442354140572437
pond,nfix,Probe,50,intercept_fit,6,1.0,-2.0564127421732263,0.24,0.4985203973789896,0.07206381632945372
pond,nfix,Probe,50,intercept_fit,7,1.0,-1.4879935105405828,0.34,0.4985203973789896,0.06265981298499858
pond,nfix,Probe,50,intercept_fit,8,1.0,-2.428440775856542,0.2,0.4985203973789896,0.12659620882890427
pond,nfix,Probe,50,intercept_fit,9,1.0,-1.6340181102709104,0.24,0.4985203973789896,0.05073418269808418
pond,nfix,Probe,50,intercept_fit,10,1.0,-1.4955078752670832,0.34,0.4985203973789896,0.06201125984449017
pond,nfix,Probe,50,intercept_fit,11,1.0,-1.8772108530001683,0.22,0.4985203973789896,0.048944840304147495
pond,nfix,Probe,50,intercept_fit,12,1.0,-2.009443012479536,0.24,0.4985203973789896,0.06455348430573475
pond,nfix,Probe,50,intercept_fit,13,1.0,-1.4612503390628313,0.38,0.4985203973789896,0.06532845707766581
pond,nfix,Probe,50,intercept_fit,14,1.0,-1.905591440402239,0.28,0.4985203973789896,0.05066621962423307
pond,nfix,Probe,50,intercept_fit,15,1.0,-2.2053776941606866,0.3,0.4985203973789896,0.0949761098347148
pond,nfix,Probe,50,intercept_fit,16,1.0,-2.460173936782759,0.24,0.4985203973789896,0.13083165916882059
pond,nfix,Probe,50,intercept_fit,17,1.0,-1.7595203868281721,0.26,0.4985203973789896,0.0468133258739171
pond,nfix,Probe,50,intercept_fit,18,1.0,-1.0928518445796442,0.3,0.4985203973789896,0.112994714151744
pond,nfix,Probe,50,intercept_fit,19,1.0,-2.1825710387340362,0.24,0.4985203973789896,0.09156060077168476
pond,nfix,Probe,50,intercept_fit,20,1.0,-1.4761576484714805,0.32,0.4985203973789896,0.06380781852599832
pond,nfix,Probe,50,intercept_fit,21,1.0,-2.28362708693195,0.22,0.4985203973789896,0.10643758232634531
pond,nfix,Probe,50,intercept_fit,22,1.0,-2.4030797152857413,0.22,0.4985203973789896,0.12316407848245424
pond,nfix,Probe,50,intercept_fit,23,1.0,-1.2167124205608444,0.32,0.4985203973789896,0.09451600736613194
pond,nfix,Probe,50,intercept_fit,24,1.0,-3.656838874322627,0.12,0.4985203973789896,0.2455583316010812
pond,nfix,Probe,50,intercept_fit,25,1.0,-2.619702804247157,0.22,0.4985203973789896,0.15113763681069334
pond,nfix,Probe,50,intercept_fit,26,1.0,-0.8140344928946643,0.36,0.4985203973789896,0.1601158286781625
pond,nfix,Probe,50,intercept_fit,27,1.0,-1.8202830189815824,0.26,0.4985203973789896,0.04708135525682466
pond,nfix,Probe,50,intercept_fit,28,1.0,-2.0116686742666543,0.24,0.4985203973789896,0.0649120391746787
pond,nfix,Probe,50,intercept_fit,29,1.0,-2.2008324015460627,0.3,0.4985203973789896,0.09429815000316034
pond,nfix,Probe,50,intercept_fit,30,1.0,-0.8193995072552646,0.32,0.4985203973789896,0.1591344977967291
pond,nfix,Probe,50,intercept_fit,31,1.0,-1.4059953214568164,0.24,0.4985203973789896,0.07094115369732852
pond,nfix,Probe,50,intercept_fit,32,1.0,-2.1010081575265307,0.34,0.4985203973789896,0.07907067239287709
pond,nfix,Probe,50,intercept_fit,33,1.0,-2.4504492782037643,0.2,0.4985203973789896,0.12954060864034325
pond,nfix,Probe,50,intercept_fit,34,1.0,-2.2159351777008895,0.24,0.4985203973789896,0.09654588096754689
pond,nfix,Probe,50,intercept_fit,35,1.0,-1.884769129445406,0.22,0.4985203973789896,0.04940997297449788
pond,nfix,Probe,50,intercept_fit,36,1.0,-1.0105970295446385,0.36,0.4985203973789896,0.12609009558941184
pond,nfix,Probe,50,intercept_fit,37,1.0,-1.4813267677181525,0.36,0.4985203973789896,0.06339840173819865
pond,nfix,Probe,50,intercept_fit,38,1.0,-2.591164575462264,0.2,0.4985203973789896,0.14762539802634717
pond,nfix,Probe,50,intercept_fit,39,1.0,-2.0903961103796074,0.26,0.4985203973789896,0.07741496869536114
pond,nfix,Probe,50,intercept_fit,40,1.0,-0.6641325623189036,0.38,0.4985203973789896,0.18924685676906766
pond,nfix,Probe,50,intercept_fit,41,1.0,-2.3013520427622387,0.24,0.4985203973789896,0.10897809302463445
pond,nfix,Probe,50,intercept_fit,42,1.0,-1.2053519600773084,0.38,0.4985203973789896,0.09609795017303184
pond,nfix,Probe,50,intercept_fit,43,1.0,-2.49145816653797,0.22,0.4985203973789896,0.13494309687139677
pond,nfix,Probe,50,intercept_fit,44,1.0,-1.3754337684744238,0.28,0.4985203973789896,0.07421192034362378
pond,nfix,Probe,50,intercept_fit,45,1.0,-1.0501370122474485,0.28,0.4985203973789896,0.1197388091310327
pond,nfix,Probe,50,intercept_fit,46,1.0,-2.2434340089754934,0.2,0.4985203973789896,0.10059993744479044
pond,nfix,Probe,50,intercept_fit,47,1.0,-1.1284175565709647,0.24,0.4985203973789896,0.10744441339717187
pond,nfix,Probe,50,intercept_fit,48,1.0,-2.4273336623814714,0.18,0.4985203973789896,0.1264472045735056
pond,nfix,Probe,50,intercept_fit,49,1.0,-1.9833304462638603,0.2,0.4985203973789896,0.060321446363649174
pond,nfix,Probe,50,intercept_fit,50,1.0,-1.3046639425216373,0.24,0.4985203973789896,0.08273149150006803
pond,nfix,Probe,50,intercept_fit,51,1.0,-2.4221116021733344,0.2,0.4985203973789896,0.12574363856654458
pond,nfix,Probe,50,intercept_fit,52,1.0,-1.4186905706679311,0.26,0.4985203973789896,0.06954370876437256
pond,nfix,Probe,50,intercept_fit,53,1.0,-1.9845883499813377,0.22,0.4985203973789896,0.06052604828728479
pond,nfix,Probe,50,intercept_fit,54,1.0,-1.8182680551614263,0.28,0.4985203973789896,0.04703010917979831
pond,nfix,Probe,50,intercept_fit,55,1.0,-1.3551980767207799,0.32,0.4985203973789896,0.07658212956441054
pond,nfix,Probe,50,intercept_fit,56,1.0,-1.229463105054044,0.38,0.4985203973789896,0.09274626976278409
pond,nfix,Probe,50,intercept_fit,57,1.0,-2.2449951099084395,0.28,0.4985203973789896,0.10082871168138023
pond,nfix,Probe,50,intercept_fit,58,1.0,-2.966476029198031,0.2,0.4985203973789896,0.18967998935729763
pond,nfix,Probe,50,intercept_fit,59,1.0,0.009154054020860624,0.48,0.4985203973789896,0.3181293589668667
pond,nfix,Probe,50,intercept_fit,60,1.0,-1.0831691438353204,0.28,0.4985203973789896,0.11446609295250676
pond,nfix,Probe,50,intercept_fit,61,1.0,-0.8254503432015428,0.36,0.4985203973789896,0.15802594563572406
pond,nfix,Probe,50,intercept_fit,62,1.0,-2.430226547250898,0.2,0.4985203973789896,0.12683637993013655
pond,nfix,Probe,50,intercept_fit,63,1.0,-1.9409341372816589,0.22,0.4985203973789896,0.053689418379184964
pond,nfix,Probe,50,intercept_fit,64,1.0,-1.3014619288463045,0.3,0.4985203973789896,0.0830709447912117
pond,nfix,Probe,50,intercept_fit,65,1.0,-1.4446574501492087,0.28,0.4985203973789896,0.06691668991279794
pond,nfix,Probe,50,intercept_fit,66,1.0,-2.7081721124392772,0.18,0.4985203973789896,0.16169255730295398
pond,nfix,Probe,50,intercept_fit,67,1.0,-0.7671711126663714,0.34,0.4985203973789896,0.1688431790707179
pond,nfix,Probe,50,intercept_fit,68,1.0,-2.1157847758916963,0.22,0.4985203973789896,0.08136533978518458
pond,nfix,Probe,50,intercept_fit,69,1.0,-2.1339105018188467,0.3,0.4985203973789896,0.08416069198181116
pond,nfix,Probe,50,intercept_fit,70,1.0,-1.5479717274637825,0.24,0.4985203973789896,0.057409098618047265
pond,nfix,Probe,50,intercept_fit,71,1.0,-2.1934660506773587,0.32,0.4985203973789896,0.09319646118242035
pond,nfix,Probe,50,intercept_fit,72,1.0,-2.59010764563368,0.26,0.4985203973789896,0.1474943968833786
pond,nfix,Probe,50,intercept_fit,73,1.0,-1.585859238073945,0.2,0.4985203973789896,0.05426960433431415
pond,nfix,Probe,50,intercept_fit,74,1.0,-2.1683641620168235,0.22,0.4985203973789896,0.08941589262929431
pond,nfix,Probe,50,intercept_fit,75,1.0,-2.507127362056506,0.28,0.4985203973789896,0.13697863291645596
pond,nfix,Probe,50,intercept_fit,76,1.0,-2.1933302210602,0.24,0.4985203973789896,0.09317611221985884
pond,nfix,Probe,50,intercept_fit,77,1.0,-1.7611170599388823,0.3,0.4985203973789896,0.04679905411843142
pond,nfix,Probe,50,intercept_fit,78,1.0,-1.9962348861939747,0.22,0.4985203973789896,0.062417362205001194
pond,nfix,Probe,50,intercept_fit,79,1.0,-3.4742662451871187,0.12,0.4985203973789896,0.23320061942909662
pond,nfix,Probe,50,intercept_fit,80,1.0,-1.9082355026250177,0.34,0.4985203973789896,0.050676578607203294
pond,nfix,Probe,50,intercept_fit,81,1.0,-1.7889260663169653,0.24,0.4985203973789896,0.04679988080984754
pond,nfix,Probe,50,intercept_fit,82,1.0,-1.6864750049180706,0.36,0.4985203973789896,0.0481954659615691
pond,nfix,Probe,50,intercept_fit,83,1.0,-1.4681713357120587,0.32,0.4985203973789896,0.06454061580675242
pond,nfix,Probe,50,intercept_fit,84,1.0,-1.2054700523183168,0.32,0.4985203973789896,0.09607933226060078
pond,nfix,Probe,50,intercept_fit,85,1.0,-1.9485773914061093,0.26,0.4985203973789896,0.05470018491382531
pond,nfix,Probe,50,intercept_fit,86,1.0,-2.1185283598690203,0.24,0.4985203973789896,0.08178957412391384
pond,nfix,Probe,50,intercept_fit,87,1.0,-1.7542740818028753,0.32,0.4985203973789896,0.04686437634564296
pond,nfix,Probe,50,intercept_fit,88,1.0,-2.3700043876146784,0.22,0.4985203973789896,0.11862560778487617
pond,nfix,Probe,50,intercept_fit,89,1.0,-2.487784364360146,0.24,0.4985203973789896,0.13446360799947807
pond,nfix,Probe,50,intercept_fit,90,1.0,-3.4040700893295144,0.12,0.4985203973789896,0.22802249150483253
pond,nfix,Probe,50,intercept_fit,91,1.0,-2.7532175119866005,0.16,0.4985203973789896,0.16687435071205323
pond,nfix,Probe,50,intercept_fit,92,1.0,-2.640382088990653,0.16,0.4985203973789896,0.15365032119698516
pond,nfix,Probe,50,intercept_fit,93,1.0,-2.2632818250270743,0.26,0.4985203973789896,0.10349599202005962
pond,nfix,Probe,50,intercept_fit,94,1.0,-1.3973690485810124,0.28,0.4985203973789896,0.07186458259209401
pond,nfix,Probe,50,intercept_fit,95,1.0,-1.6351290486230263,0.26,0.4985203973789896,0.05065261043662653
pond,nfix,Probe,50,intercept_fit,96,1.0,-2.572050762406545,0.22,0.4985203973789896,0.145243166466257
pond,nfix,Probe,50,intercept_fit,97,1.0,-1.0323182360294687,0.38,0.4985203973789896,0.1225974646274146
pond,nfix,Probe,50,intercept_fit,98,1.0,-1.4376797333215994,0.28,0.4985203973789896,0.06757703605691777
pond,nfix,Probe,50,intercept_fit,99,1.0,-1.021247684484571,0.42,0.4985203973789896,0.12437411086949221
pond,nfix,NTP,50,intercept_fit,0,1.0,-4.179274785681647,0.18,0.4985203973789896,0.18715103718714188
pond,nfix,NTP,50,intercept_fit,1,1.0,-3.6198655799268575,0.28,0.4985203973789896,0.18023000133817108
pond,nfix,NTP,50,intercept_fit,2,1.0,-4.098726130065448,0.28,0.4985203973789896,0.1836071350906756
pond,nfix,NTP,50,intercept_fit,3,1.0,-3.9425445922681615,0.28,0.4985203973789896,0.18123743013357424
pond,nfix,NTP,50,intercept_fit,4,1.0,-4.8281092120791325,0.18,0.4985203973789896,0.22046146177574297
pond,nfix,NTP,50,intercept_fit,5,1.0,-4.28455899735226,0.38,0.4985203973789896,0.1926422053667171
pond,nfix,NTP,50,intercept_fit,6,1.0,-4.527444354422849,0.24,0.4985203973789896,0.20522349030669035
pond,nfix,NTP,50,intercept_fit,7,1.0,-3.7827993957399473,0.34,0.4985203973789896,0.18056603197189242
pond,nfix,NTP,50,intercept_fit,8,1.0,-3.4805299629638204,0.2,0.4985203973789896,0.17988131309475203
pond,nfix,NTP,50,intercept_fit,9,1.0,-4.093214562981964,0.24,0.4985203973789896,0.18345526441186108
pond,nfix,NTP,50,intercept_fit,10,1.0,-2.6629421940274693,0.34,0.4985203973789896,0.1718213699768883
pond,nfix,NTP,50,intercept_fit,11,1.0,-3.9981606516521735,0.22,0.4985203973789896,0.18172886937650512
pond,nfix,NTP,50,intercept_fit,12,1.0,-4.602937423575067,0.24,0.4985203973789896,0.2090930244297577
pond,nfix,NTP,50,intercept_fit,13,1.0,-3.7164522779015914,0.38,0.4985203973789896,0.18041859676156682
pond,nfix,NTP,50,intercept_fit,14,1.0,-4.314518522080286,0.28,0.4985203973789896,0.19420545829016392
pond,nfix,NTP,50,intercept_fit,15,1.0,-2.929575586736227,0.3,0.4985203973789896,0.17588868087128898
pond,nfix,NTP,50,intercept_fit,16,1.0,-3.9067295804333457,0.24,0.4985203973789896,0.1810049813019063
pond,nfix,NTP,50,intercept_fit,17,1.0,-3.627799903117447,0.26,0.4985203973789896,0.18024432502082127
pond,nfix,NTP,50,intercept_fit,18,1.0,-3.187547291796885,0.3,0.4985203973789896,0.17844827767525065
pond,nfix,NTP,50,intercept_fit,19,1.0,-4.215809889562998,0.24,0.4985203973789896,0.18905813438976626
pond,nfix,NTP,50,intercept_fit,20,1.0,-3.92992982965448,0.32,0.4985203973789896,0.1811496452299974
pond,nfix,NTP,50,intercept_fit,21,1.0,-4.572911259937062,0.22,0.4985203973789896,0.20755758385143103
pond,nfix,NTP,50,intercept_fit,22,1.0,-3.0343808004108865,0.22,0.4985203973789896,0.17707351458676596
pond,nfix,NTP,50,intercept_fit,23,1.0,-3.5671335218868183,0.32,0.4985203973789896,0.18011369656422982
pond,nfix,NTP,50,intercept_fit,24,1.0,-4.646760401053042,0.12,0.4985203973789896,0.21132700155456374
pond,nfix,NTP,50,intercept_fit,25,1.0,-3.3644248509082115,0.22,0.4985203973789896,0.17947964634336658
pond,nfix,NTP,50,intercept_fit,26,1.0,-3.9432066823643503,0.36,0.4985203973789896,0.18124261096797506
pond,nfix,NTP,50,intercept_fit,27,1.0,-3.551423078033168,0.26,0.4985203973789896,0.1800768974342188
pond,nfix,NTP,50,intercept_fit,28,1.0,-2.793391079244691,0.24,0.4985203973789896,0.17399954636105222
pond,nfix,NTP,50,intercept_fit,29,1.0,-3.446027573190241,0.3,0.4985203973789896,0.17976692218543022
pond,nfix,NTP,50,intercept_fit,30,1.0,-2.94534581101554,0.32,0.4985203973789896,0.17608757278150566
pond,nfix,NTP,50,intercept_fit,31,1.0,-2.3352138070996227,0.24,0.4985203973789896,0.16417378969529864
pond,nfix,NTP,50,intercept_fit,32,1.0,-2.987779299238767,0.34,0.4985203973789896,0.17659342494816882
pond,nfix,NTP,50,intercept_fit,33,1.0,-4.375643603058386,0.2,0.4985203973789896,0.1973786304904584
pond,nfix,NTP,50,intercept_fit,34,1.0,-3.4848727131174493,0.24,0.4985203973789896,0.17989339571140392
pond,nfix,NTP,50,intercept_fit,35,1.0,-3.6381186317831378,0.22,0.4985203973789896,0.18026559660357597
pond,nfix,NTP,50,intercept_fit,36,1.0,-4.0942584080559525,0.36,0.4985203973789896,0.1834844047668977
pond,nfix,NTP,50,intercept_fit,37,1.0,-2.2569623369792318,0.36,0.4985203973789896,0.16190538951129022
pond,nfix,NTP,50,intercept_fit,38,1.0,-4.640762572019558,0.2,0.4985203973789896,0.211022347532124
pond,nfix,NTP,50,intercept_fit,39,1.0,-3.789202229581513,0.26,0.4985203973789896,0.1805828305453829
pond,nfix,NTP,50,intercept_fit,40,1.0,-2.582533119866649,0.38,0.4985203973789896,0.1701999122889853
pond,nfix,NTP,50,intercept_fit,41,1.0,-3.489820218623133,0.24,0.4985203973789896,0.17990748026989753
pond,nfix,NTP,50,intercept_fit,42,1.0,-3.3629341228254797,0.38,0.4985203973789896,0.1794731857409736
pond,nfix,NTP,50,intercept_fit,43,1.0,-3.6006645251269433,0.22,0.4985203973789896,0.1801872203764861
pond,nfix,NTP,50,intercept_fit,44,1.0,-4.158106547346471,0.28,0.4985203973789896,0.1860437302955057
pond,nfix,NTP,50,intercept_fit,45,1.0,-3.4673454673939554,0.28,0.4985203973789896,0.17983904317177263
pond,nfix,NTP,50,intercept_fit,46,1.0,-4.649326344793422,0.2,0.4985203973789896,0.2114582028308292
pond,nfix,NTP,50,intercept_fit,47,1.0,-2.298590526284331,0.24,0.4985203973789896,0.16311806413396382
pond,nfix,NTP,50,intercept_fit,48,1.0,-3.860269624150905,0.18,0.4985203973789896,0.1807803749763765
pond,nfix,NTP,50,intercept_fit,49,1.0,-4.308462977191321,0.2,0.4985203973789896,0.1938863196976118
pond,nfix,NTP,50,intercept_fit,50,1.0,-2.231810468587712,0.24,0.4985203973789896,0.16107602941010685
pond,nfix,NTP,50,intercept_fit,51,1.0,-3.538007654434262,0.2,0.4985203973789896,0.18004295279382948
pond,nfix,NTP,50,intercept_fit,52,1.0,-3.4285297628603995,0.26,0.4985203973789896,0.17970543145391527
pond,nfix,NTP,50,intercept_fit,53,1.0,-4.524939822990728,0.22,0.4985203973789896,0.20509497407196312
pond,nfix,NTP,50,intercept_fit,54,1.0,-3.9410642246363414,0.28,0.4985203973789896,0.18122580226211724
pond,nfix,NTP,50,intercept_fit,55,1.0,-3.7791035517891065,0.32,0.4985203973789896,0.18055674507011082
pond,nfix,NTP,50,intercept_fit,56,1.0,-1.9246758346297554,0.38,0.4985203973789896,0.14972963872738607
pond,nfix,NTP,50,intercept_fit,57,1.0,-4.309653752825758,0.28,0.4985203973789896,0.19394882642634106
pond,nfix,NTP,50,intercept_fit,58,1.0,-4.502400036763713,0.2,0.4985203973789896,0.20393619920339812
pond,nfix,NTP,50,intercept_fit,59,1.0,-1.5191719955859617,0.48,0.4985203973789896,0.12915116475288146
pond,nfix,NTP,50,intercept_fit,60,1.0,-1.716018198894395,0.28,0.4985203973789896,0.13999119642488708
pond,nfix,NTP,50,intercept_fit,61,1.0,-3.742882851882793,0.36,0.4985203973789896,0.1804739201431444
pond,nfix,NTP,50,intercept_fit,62,1.0,-4.238305552680378,0.2,0.4985203973789896,0.19023280290255576
pond,nfix,NTP,50,intercept_fit,63,1.0,-4.889774563270259,0.22,0.4985203973789896,0.223517501311761
pond,nfix,NTP,50,intercept_fit,64,1.0,-2.7260994194684858,0.3,0.4985203973789896,0.17289953449095988
pond,nfix,NTP,50,intercept_fit,65,1.0,-3.0697682048021875,0.28,0.4985203973789896,0.17745229967000992
pond,nfix,NTP,50,intercept_fit,66,1.0,-4.616344863835143,0.18,0.4985203973789896,0.2097777724970551
pond,nfix,NTP,50,intercept_fit,67,1.0,-3.091848321496264,0.34,0.4985203973789896,0.17767289377156809
pond,nfix,NTP,50,intercept_fit,68,1.0,-4.211885436138113,0.22,0.4985203973789896,0.18885394721951418
pond,nfix,NTP,50,intercept_fit,69,1.0,-3.074694052614855,0.3,0.4985203973789896,0.17750245756251526
pond,nfix,NTP,50,intercept_fit,70,1.0,-4.022850756036179,0.24,0.4985203973789896,0.18204673334025173
pond,nfix,NTP,50,intercept_fit,71,1.0,-4.324396025400127,0.32,0.4985203973789896,0.1947178522641198
pond,nfix,NTP,50,intercept_fit,72,1.0,-3.5264104793647486,0.26,0.4985203973789896,0.18001031343232932
pond,nfix,NTP,50,intercept_fit,73,1.0,-4.150348696797372,0.2,0.4985203973789896,0.18563744662797954
pond,nfix,NTP,50,intercept_fit,74,1.0,-4.686443954745051,0.22,0.4985203973789896,0.21334116702380063
pond,nfix,NTP,50,intercept_fit,75,1.0,-2.9427284765626487,0.28,0.4985203973789896,0.17605486709440574
pond,nfix,NTP,50,intercept_fit,76,1.0,-4.155496676066882,0.24,0.4985203973789896,0.18590725958996132
pond,nfix,NTP,50,intercept_fit,77,1.0,-3.028868519482292,0.3,0.4985203973789896,0.1770119201139415
pond,nfix,NTP,50,intercept_fit,78,1.0,-3.8557724119006025,0.22,0.4985203973789896,0.1807614041175905
pond,nfix,NTP,50,intercept_fit,79,1.0,-5.275491421911494,0.12,0.4985203973789896,0.24185247722669848
pond,nfix,NTP,50,intercept_fit,80,1.0,-2.66239848645716,0.34,0.4985203973789896,0.17181097667311113
pond,nfix,NTP,50,intercept_fit,81,1.0,-4.229983461100099,0.24,0.4985203973789896,0.18979800519872153
pond,nfix,NTP,50,intercept_fit,82,1.0,-3.67361230859178,0.36,0.4985203973789896,0.18033479201766953
pond,nfix,NTP,50,intercept_fit,83,1.0,-1.9073069092801047,0.32,0.4985203973789896,0.14900054099247892
pond,nfix,NTP,50,intercept_fit,84,1.0,-4.265077192485743,0.32,0.4985203973789896,0.19162764738360208
pond,nfix,NTP,50,intercept_fit,85,1.0,-2.911901443355911,0.26,0.4985203973789896,0.17569968567676603
pond,nfix,NTP,50,intercept_fit,86,1.0,-4.26098055846087,0.24,0.4985203973789896,0.19141389080286983
pond,nfix,NTP,50,intercept_fit,87,1.0,-3.8483042272064836,0.32,0.4985203973789896,0.18073294594566086
pond,nfix,NTP,50,intercept_fit,88,1.0,-3.139618952543022,0.22,0.4985203973789896,0.1780649821307436
pond,nfix,NTP,50,intercept_fit,89,1.0,-3.308761428624192,0.24,0.4985203973789896,0.17919933505353983
pond,nfix,NTP,50,intercept_fit,90,1.0,-4.877982989847273,0.12,0.4985203973789896,0.2229372961745553
pond,nfix,NTP,50,intercept_fit,91,1.0,-5.298033208928732,0.16,0.4985203973789896,0.24287489547976737
pond,nfix,NTP,50,intercept_fit,92,1.0,-4.327900346427039,0.16,0.4985203973789896,0.1948987077834555
pond,nfix,NTP,50,intercept_fit,93,1.0,-3.914007427280382,0.26,0.4985203973789896,0.1810448093222747
pond,nfix,NTP,50,intercept_fit,94,1.0,-2.7717727507228394,0.28,0.4985203973789896,0.17369105629083667
pond,nfix,NTP,50,intercept_fit,95,1.0,-3.6569319867036785,0.26,0.4985203973789896,0.18030185544861235
pond,nfix,NTP,50,intercept_fit,96,1.0,-4.545789860089689,0.22,0.4985203973789896,0.20616746483340792
pond,nfix,NTP,50,intercept_fit,97,1.0,-3.013414690588162,0.38,0.4985203973789896,0.17684015992066365
pond,nfix,NTP,50,intercept_fit,98,1.0,-3.2464937988832685,0.28,0.4985203973789896,0.17882187991556386
pond,nfix,NTP,50,intercept_fit,99,1.0,-3.5267782768585274,0.42,0.4985203973789896,0.1800112369281074
pond,nfix,Probe,1000,intercept_fit,0,1.0,-1.3513890906876742,0.335,0.4985203973789896,0.07708523546702105
pond,nfix,Probe,1000,intercept_fit,1,1.0,-2.1395020749606344,0.262,0.4985203973789896,0.08501880400455458
pond,nfix,Probe,1000,intercept_fit,2,1.0,-2.358873464099563,0.255,0.4985203973789896,0.11708244715522345
pond,nfix,Probe,1000,intercept_fit,3,1.0,-2.221703953824989,0.215,0.4985203973789896,0.09740047407288677
pond,nfix,Probe,1000,intercept_fit,4,1.0,-2.094797171135502,0.294,0.4985203973789896,0.0781021942863514
pond,nfix,Probe,1000,intercept_fit,5,1.0,-1.480192653493089,0.308,0.4985203973789896,0.0633566063075782
pond,nfix,Probe,1000,intercept_fit,6,1.0,-1.8075837668382209,0.274,0.4985203973789896,0.04680055000901281
pond,nfix,Probe,1000,intercept_fit,7,1.0,-1.4368129081155203,0.279,0.4985203973789896,0.06767985067745015
pond,nfix,Probe,1000,intercept_fit,8,1.0,-2.43806976974578,0.23,0.4985203973789896,0.1278883732733075
pond,nfix,Probe,1000,intercept_fit,9,1.0,-1.4466615851512594,0.264,0.4985203973789896,0.0666827426235486
pond,nfix,Probe,1000,intercept_fit,10,1.0,-1.842800282867777,0.259,0.4985203973789896,0.047793510162506145
pond,nfix,Probe,1000,intercept_fit,11,1.0,-1.7471093259870225,0.321,0.4985203973789896,0.046706912526512635
pond,nfix,Probe,1000,intercept_fit,12,1.0,-1.9141293242338522,0.245,0.4985203973789896,0.05118009586772158
pond,nfix,Probe,1000,intercept_fit,13,1.0,-1.6912204346290225,0.294,0.4985203973789896,0.04799762670874727
pond,nfix,Probe,1000,intercept_fit,14,1.0,-1.7954300598578592,0.304,0.4985203973789896,0.046866517115181666
pond,nfix,Probe,1000,intercept_fit,15,1.0,-2.4219944318526365,0.257,0.4985203973789896,0.12572782437898722
pond,nfix,Probe,1000,intercept_fit,16,1.0,-2.1152286240922566,0.261,0.4985203973789896,0.0812792858382325
pond,nfix,Probe,1000,intercept_fit,17,1.0,-1.971031807485256,0.239,0.4985203973789896,0.05831511667440981
pond,nfix,Probe,1000,intercept_fit,18,1.0,-1.407440566586733,0.263,0.4985203973789896,0.07076336369101661
pond,nfix,Probe,1000,intercept_fit,19,1.0,-1.6804869333470276,0.281,0.4985203973789896,0.04845883829529705
pond,nfix,Probe,1000,intercept_fit,20,1.0,-1.5168493557308163,0.333,0.4985203973789896,0.06008073328711404
pond,nfix,Probe,1000,intercept_fit,21,1.0,-1.9881150237514251,0.243,0.4985203973789896,0.06109982417222544
pond,nfix,Probe,1000,intercept_fit,22,1.0,-2.260556854552161,0.262,0.4985203973789896,0.10309977704943067
pond,nfix,Probe,1000,intercept_fit,23,1.0,-1.2553447369951818,0.303,0.4985203973789896,0.08912768125085219
pond,nfix,Probe,1000,intercept_fit,24,1.0,-2.7437133505892763,0.238,0.4985203973789896,0.16579090245778513
pond,nfix,Probe,1000,intercept_fit,25,1.0,-2.621256685663003,0.233,0.4985203973789896,0.151327223499411
pond,nfix,Probe,1000,intercept_fit,26,1.0,-1.1991770463329592,0.287,0.4985203973789896,0.09697285977553831
pond,nfix,Probe,1000,intercept_fit,27,1.0,-1.9399819484466096,0.289,0.4985203973789896,0.05357045324868074
pond,nfix,Probe,1000,intercept_fit,28,1.0,-1.753044393666763,0.246,0.4985203973789896,0.04662997789172761
pond,nfix,Probe,1000,intercept_fit,29,1.0,-2.417782119208675,0.246,0.4985203973789896,0.12515873424412852
pond,nfix,Probe,1000,intercept_fit,30,1.0,-1.4131496292327093,0.224,0.4985203973789896,0.07021789274138973
pond,nfix,Probe,1000,intercept_fit,31,1.0,-1.756348551799101,0.247,0.4985203973789896,0.04684078281157103
pond,nfix,Probe,1000,intercept_fit,32,1.0,-2.5153076442555427,0.259,0.4985203973789896,0.13803501329192597
pond,nfix,Probe,1000,intercept_fit,33,1.0,-2.0353698943521135,0.255,0.4985203973789896,0.06871551867422539
pond,nfix,Probe,1000,intercept_fit,34,1.0,-1.9892849487414734,0.272,0.4985203973789896,0.061289794713218534
pond,nfix,Probe,1000,intercept_fit,35,1.0,-1.8976300486846924,0.236,0.4985203973789896,0.0500601098896964
pond,nfix,Probe,1000,intercept_fit,36,1.0,-1.2262362308971517,0.315,0.4985203973789896,0.09314229109673294
pond,nfix,Probe,1000,intercept_fit,37,1.0,-2.3499750326531053,0.237,0.4985203973789896,0.1158426923239092
pond,nfix,Probe,1000,intercept_fit,38,1.0,-1.9225450139429976,0.28,0.4985203973789896,0.05178617304355733
pond,nfix,Probe,1000,intercept_fit,39,1.0,-2.0019958286059834,0.255,0.4985203973789896,0.06335004831977886
pond,nfix,Probe,1000,intercept_fit,40,1.0,-1.3874725415610145,0.257,0.4985203973789896,0.07296512135700177
pond,nfix,Probe,1000,intercept_fit,41,1.0,-1.9289738626608746,0.264,0.4985203973789896,0.052437433716985664
pond,nfix,Probe,1000,intercept_fit,42,1.0,-1.7463794918063331,0.263,0.4985203973789896,0.04671714906546784
pond,nfix,Probe,1000,intercept_fit,43,1.0,-2.0783160626271586,0.287,0.4985203973789896,0.075521102906234
pond,nfix,Probe,1000,intercept_fit,44,1.0,-1.380135938402796,0.288,0.4985203973789896,0.07375318508962196
pond,nfix,Probe,1000,intercept_fit,45,1.0,-1.1500461312687174,0.269,0.4985203973789896,0.10423963224935827
pond,nfix,Probe,1000,intercept_fit,46,1.0,-2.022641780523042,0.251,0.4985203973789896,0.06667720768600609
pond,nfix,Probe,1000,intercept_fit,47,1.0,-1.260709451361002,0.264,0.4985203973789896,0.08843536734021351
pond,nfix,Probe,1000,intercept_fit,48,1.0,-1.9671783238641525,0.253,0.4985203973789896,0.05768501843612162
pond,nfix,Probe,1000,intercept_fit,49,1.0,-1.3740019740923906,0.276,0.4985203973789896,0.07439688106091061
pond,nfix,Probe,1000,intercept_fit,50,1.0,-1.393464614281801,0.277,0.4985203973789896,0.07220949156589446
pond,nfix,Probe,1000,intercept_fit,51,1.0,-1.8911134169130492,0.263,0.4985203973789896,0.04959883808452154
pond,nfix,Probe,1000,intercept_fit,52,1.0,-1.4973934019808255,0.232,0.4985203973789896,0.061806698953524676
pond,nfix,Probe,1000,intercept_fit,53,1.0,-1.6642969133965821,0.259,0.4985203973789896,0.049027500006318815
pond,nfix,Probe,1000,intercept_fit,54,1.0,-2.3742557551004166,0.225,0.4985203973789896,0.11921276992267092
pond,nfix,Probe,1000,intercept_fit,55,1.0,-1.5673015607198502,0.268,0.4985203973789896,0.05567519355327631
pond,nfix,Probe,1000,intercept_fit,56,1.0,-1.7883735298572507,0.299,0.4985203973789896,0.046794962228862175
pond,nfix,Probe,1000,intercept_fit,57,1.0,-2.1159156031155395,0.296,0.4985203973789896,0.08138557998377882
pond,nfix,Probe,1000,intercept_fit,58,1.0,-2.4221439845448867,0.238,0.4985203973789896,0.12574800898694807
pond,nfix,Probe,1000,intercept_fit,59,1.0,-0.5925150527917192,0.413,0.4985203973789896,0.20351621720566945
pond,nfix,Probe,1000,intercept_fit,60,1.0,-1.1168535972848987,0.338,0.4985203973789896,0.109299648178682
pond,nfix,Probe,1000,intercept_fit,61,1.0,-1.1424525929356693,0.273,0.4985203973789896,0.10540033948605991
pond,nfix,Probe,1000,intercept_fit,62,1.0,-1.7524414469465275,0.271,0.4985203973789896,0.04663668469893665
pond,nfix,Probe,1000,intercept_fit,63,1.0,-1.2098239093205392,0.318,0.4985203973789896,0.09549596437459185
pond,nfix,Probe,1000,intercept_fit,64,1.0,-1.7365113228710671,0.259,0.4985203973789896,0.04688771077099303
pond,nfix,Probe,1000,intercept_fit,65,1.0,-1.4032062514117265,0.273,0.4985203973789896,0.07128495684150936
pond,nfix,Probe,1000,intercept_fit,66,1.0,-2.0654297714841294,0.254,0.4985203973789896,0.07349096204066514
pond,nfix,Probe,1000,intercept_fit,67,1.0,-1.0159208422335577,0.281,0.4985203973789896,0.12523107940416098
pond,nfix,Probe,1000,intercept_fit,68,1.0,-2.0555875499617415,0.243,0.4985203973789896,0.07193311847172076
pond,nfix,Probe,1000,intercept_fit,69,1.0,-2.5223396853259565,0.255,0.4985203973789896,0.13893945723625817
pond,nfix,Probe,1000,intercept_fit,70,1.0,-1.3840016869864566,0.285,0.4985203973789896,0.07326103841826538
pond,nfix,Probe,1000,intercept_fit,71,1.0,-2.2321501725318824,0.31,0.4985203973789896,0.09894238180390041
pond,nfix,Probe,1000,intercept_fit,72,1.0,-2.5307468207992443,0.267,0.4985203973789896,0.14001677216106037
pond,nfix,Probe,1000,intercept_fit,73,1.0,-1.1769822573786966,0.254,0.4985203973789896,0.10023162660194102
pond,nfix,Probe,1000,intercept_fit,74,1.0,-2.0331602703414347,0.257,0.4985203973789896,0.06836265697347393
pond,nfix,Probe,1000,intercept_fit,75,1.0,-2.2885841869483463,0.292,0.4985203973789896,0.10715006785214444
pond,nfix,Probe,1000,intercept_fit,76,1.0,-2.0717835031267926,0.253,0.4985203973789896,0.07449323600675392
pond,nfix,Probe,1000,intercept_fit,77,1.0,-1.7924500608761456,0.298,0.4985203973789896,0.046831276792095415
pond,nfix,Probe,1000,intercept_fit,78,1.0,-2.2253578862189607,0.263,0.4985203973789896,0.09794053791889114
pond,nfix,Probe,1000,intercept_fit,79,1.0,-2.24163582380684,0.285,0.4985203973789896,0.10033660412089385
pond,nfix,Probe,1000,intercept_fit,80,1.0,-2.415044258972785,0.27,0.4985203973789896,0.12478859413224838
pond,nfix,Probe,1000,intercept_fit,81,1.0,-1.2096289747788893,0.321,0.4985203973789896,0.09552660516978866
pond,nfix,Probe,1000,intercept_fit,82,1.0,-1.7315159366100537,0.322,0.4985203973789896,0.046991165323229896
pond,nfix,Probe,1000,intercept_fit,83,1.0,-2.165183153495498,0.255,0.4985203973789896,0.0889339457926884
pond,nfix,Probe,1000,intercept_fit,84,1.0,-1.3134392802133257,0.282,0.4985203973789896,0.08162254859038491
pond,nfix,Probe,1000,intercept_fit,85,1.0,-2.120455036666758,0.239,0.4985203973789896,0.08208769909544113
pond,nfix,Probe,1000,intercept_fit,86,1.0,-2.1244530731537448,0.233,0.4985203973789896,0.0827045873314421
pond,nfix,Probe,1000,intercept_fit,87,1.0,-1.9235401119105615,0.254,0.4985203973789896,0.05188398796770324
pond,nfix,Probe,1000,intercept_fit,88,1.0,-1.995241599947196,0.254,0.4985203973789896,0.06225648233079027
pond,nfix,Probe,1000,intercept_fit,89,1.0,-2.0275984084553125,0.245,0.4985203973789896,0.06747230839404846
pond,nfix,Probe,1000,intercept_fit,90,1.0,-2.334444482709651,0.25,0.4985203973789896,0.11366669700018131
pond,nfix,Probe,1000,intercept_fit,91,1.0,-2.266218705370986,0.212,0.4985203973789896,0.10392202408572308
pond,nfix,Probe,1000,intercept_fit,92,1.0,-1.8488510693847608,0.254,0.4985203973789896,0.04778161133127925
pond,nfix,Probe,1000,intercept_fit,93,1.0,-2.171088910963222,0.277,0.4985203973789896,0.0898282021636111
pond,nfix,Probe,1000,intercept_fit,94,1.0,-2.05541795373297,0.233,0.4985203973789896,0.07190625185524208
pond,nfix,Probe,1000,intercept_fit,95,1.0,-1.5191303424608473,0.311,0.4985203973789896,0.05984072455339249
pond,nfix,Probe,1000,intercept_fit,96,1.0,-2.480203500418741,0.225,0.4985203973789896,0.13347131902497167
pond,nfix,Probe,1000,intercept_fit,97,1.0,-0.9401509991442369,0.39,0.4985203973789896,0.13783549398525335
pond,nfix,Probe,1000,intercept_fit,98,1.0,-1.0618084093950977,0.311,0.4985203973789896,0.11788748346189815
pond,nfix,Probe,1000,intercept_fit,99,1.0,-1.6973416939242294,0.278,0.4985203973789896,0.047758377035736356
pond,nfix,NTP,1000,intercept_fit,0,1.0,-3.581703377360017,0.335,0.4985203973789896,0.18014715905156573
pond,nfix,NTP,1000,intercept_fit,1,1.0,-3.47908496729336,0.262,0.4985203973789896,0.1798769512132744
pond,nfix,NTP,1000,intercept_fit,2,1.0,-3.9920555312348265,0.255,0.4985203973789896,0.18166019312545378
pond,nfix,NTP,1000,intercept_fit,3,1.0,-3.8392949218135586,0.215,0.4985203973789896,0.18070098311226246
pond,nfix,NTP,1000,intercept_fit,4,1.0,-3.5243791866200707,0.294,0.4985203973789896,0.18000526349225965
pond,nfix,NTP,1000,intercept_fit,5,1.0,-4.3756002341579325,0.308,0.4985203973789896,0.1973763904219083
pond,nfix,NTP,1000,intercept_fit,6,1.0,-4.129321985100999,0.274,0.4985203973789896,0.18466535580619262
pond,nfix,NTP,1000,intercept_fit,7,1.0,-3.287245396189753,0.279,0.4985203973789896,0.17907407480960746
pond,nfix,NTP,1000,intercept_fit,8,1.0,-3.727727338212045,0.23,0.4985203973789896,0.18044067409594397
pond,nfix,NTP,1000,intercept_fit,9,1.0,-4.103898859907825,0.264,0.4985203973789896,0.1837657300869436
pond,nfix,NTP,1000,intercept_fit,10,1.0,-3.4999319112883205,0.259,0.4985203973789896,0.17993895562612025
pond,nfix,NTP,1000,intercept_fit,11,1.0,-3.551359371105572,0.321,0.4985203973789896,0.1800767492108903
pond,nfix,NTP,1000,intercept_fit,12,1.0,-3.808700272923476,0.245,0.4985203973789896,0.18063894135711386
pond,nfix,NTP,1000,intercept_fit,13,1.0,-3.669253046035036,0.294,0.4985203973789896,0.1803256463053884
pond,nfix,NTP,1000,intercept_fit,14,1.0,-3.832609000996879,0.304,0.4985203973789896,0.18067616064681952
pond,nfix,NTP,1000,intercept_fit,15,1.0,-3.6533073878599778,0.257,0.4985203973789896,0.1802949282550898
pond,nfix,NTP,1000,intercept_fit,16,1.0,-3.1912171470356077,0.261,0.4985203973789896,0.17847498152451474
pond,nfix,NTP,1000,intercept_fit,17,1.0,-3.4312047890184,0.239,0.4985203973789896,0.17971593823021398
pond,nfix,NTP,1000,intercept_fit,18,1.0,-3.7752622717527493,0.263,0.4985203973789896,0.18054768297231108
pond,nfix,NTP,1000,intercept_fit,19,1.0,-3.4486210271950264,0.281,0.4985203973789896,0.17977498663564695
pond,nfix,NTP,1000,intercept_fit,20,1.0,-3.806029931969418,0.333,0.4985203973789896,0.18063050596575497
pond,nfix,NTP,1000,intercept_fit,21,1.0,-3.8061574131258022,0.243,0.4985203973789896,0.18063087251038212
pond,nfix,NTP,1000,intercept_fit,22,1.0,-3.831572437223812,0.262,0.4985203973789896,0.18067205242715856
pond,nfix,NTP,1000,intercept_fit,23,1.0,-3.7941127138620847,0.303,0.4985203973789896,0.18059611541723947
pond,nfix,NTP,1000,intercept_fit,24,1.0,-3.3741562521810895,0.238,0.4985203973789896,0.17952378409573283
pond,nfix,NTP,1000,intercept_fit,25,1.0,-3.47288155171518,0.233,0.4985203973789896,0.17985721290543208
pond,nfix,NTP,1000,intercept_fit,26,1.0,-4.337944165030144,0.287,0.4985203973789896,0.19542310052189418
pond,nfix,NTP,1000,intercept_fit,27,1.0,-3.046688539095494,0.289,0.4985203973789896,0.17720662744765964
pond,nfix,NTP,1000,intercept_fit,28,1.0,-3.470258395706026,0.246,0.4985203973789896,0.17984837618687563
pond,nfix,NTP,1000,intercept_fit,29,1.0,-3.8420504541242044,0.246,0.4985203973789896,0.18071087023587082
pond,nfix,NTP,1000,intercept_fit,30,1.0,-3.616431119680388,0.224,0.4985203973789896,0.1802226444739986
pond,nfix,NTP,1000,intercept_fit,31,1.0,-3.485261559865986,0.247,0.4985203973789896,0.17989442056562943
pond,nfix,NTP,1000,intercept_fit,32,1.0,-3.8712147701467585,0.259,0.4985203973789896,0.18082651657461746
pond,nfix,NTP,1000,intercept_fit,33,1.0,-3.4127165222571567,0.255,0.4985203973789896,0.1796865667656456
pond,nfix,NTP,1000,intercept_fit,34,1.0,-3.8640079064305297,0.272,0.4985203973789896,0.18079649603255007
pond,nfix,NTP,1000,intercept_fit,35,1.0,-4.075833841359391,0.236,0.4985203973789896,0.18300633529341154
pond,nfix,NTP,1000,intercept_fit,36,1.0,-3.65894597828674,0.315,0.4985203973789896,0.18030576603747414
pond,nfix,NTP,1000,intercept_fit,37,1.0,-3.5672502470976917,0.237,0.4985203973789896,0.18011396067783914
pond,nfix,NTP,1000,intercept_fit,38,1.0,-3.6505425992630185,0.28,0.4985203973789896,0.180289544022958
pond,nfix,NTP,1000,intercept_fit,39,1.0,-4.07811376929515,0.255,0.4985203973789896,0.18306016566545663
pond,nfix,NTP,1000,intercept_fit,40,1.0,-3.5667447572543765,0.257,0.4985203973789896,0.18011280045568387
pond,nfix,NTP,1000,intercept_fit,41,1.0,-3.8555880589060423,0.264,0.4985203973789896,0.18076062030205758
pond,nfix,NTP,1000,intercept_fit,42,1.0,-3.190806215756495,0.263,0.4985203973789896,0.17847202835557033
pond,nfix,NTP,1000,intercept_fit,43,1.0,-3.69732542773049,0.287,0.4985203973789896,0.18037835163411256
pond,nfix,NTP,1000,intercept_fit,44,1.0,-3.7698274909523586,0.288,0.4985203973789896,0.1805342137777998
pond,nfix,NTP,1000,intercept_fit,45,1.0,-3.803118315199321,0.269,0.4985203973789896,0.18062150498440868
pond,nfix,NTP,1000,intercept_fit,46,1.0,-3.606498412333227,0.251,0.4985203973789896,0.18020093127007122
pond,nfix,NTP,1000,intercept_fit,47,1.0,-3.1361186069347964,0.264,0.4985203973789896,0.17803474906884376
pond,nfix,NTP,1000,intercept_fit,48,1.0,-3.710003207439086,0.253,0.4985203973789896,0.18040577246610962
pond,nfix,NTP,1000,intercept_fit,49,1.0,-3.2198972439757605,0.276,0.4985203973789896,0.1786854858839689
pond,nfix,NTP,1000,intercept_fit,50,1.0,-3.4281286038058223,0.277,0.4985203973789896,0.17970388818810695
pond,nfix,NTP,1000,intercept_fit,51,1.0,-3.7497553541438364,0.263,0.4985203973789896,0.18048878108611716
pond,nfix,NTP,1000,intercept_fit,52,1.0,-3.8013586150575827,0.232,0.4985203973789896,0.18061579108761333
pond,nfix,NTP,1000,intercept_fit,53,1.0,-3.7040996124627084,0.259,0.4985203973789896,0.18039257790696758
pond,nfix,NTP,1000,intercept_fit,54,1.0,-4.120349713988595,0.225,0.4985203973789896,0.18431824032105407
pond,nfix,NTP,1000,intercept_fit,55,1.0,-3.7513145288197243,0.268,0.4985203973789896,0.18049191311989854
pond,nfix,NTP,1000,intercept_fit,56,1.0,-2.9381646292605654,0.299,0.4985203973789896,0.17599778514549536
pond,nfix,NTP,1000,intercept_fit,57,1.0,-3.722238678011099,0.296,0.4985203973789896,0.18042999315997482
pond,nfix,NTP,1000,intercept_fit,58,1.0,-3.9466130571158984,0.238,0.4985203973789896,0.1812692063555556
pond,nfix,NTP,1000,intercept_fit,59,1.0,-2.5716724638590946,0.413,0.4985203973789896,0.169960758616567
pond,nfix,NTP,1000,intercept_fit,60,1.0,-2.153167273174833,0.338,0.4985203973789896,0.15850522709885742
pond,nfix,NTP,1000,intercept_fit,61,1.0,-3.468325566879496,0.273,0.4985203973789896,0.17984212610048
pond,nfix,NTP,1000,intercept_fit,62,1.0,-3.266629613147793,0.271,0.4985203973789896,0.17895160841230404
pond,nfix,NTP,1000,intercept_fit,63,1.0,-3.7541897295087523,0.318,0.4985203973789896,0.18049796246452296
pond,nfix,NTP,1000,intercept_fit,64,1.0,-3.5044283195244774,0.259,0.4985203973789896,0.17995137055374621
pond,nfix,NTP,1000,intercept_fit,65,1.0,-3.2402870459136857,0.273,0.4985203973789896,0.1787814481439563
pond,nfix,NTP,1000,intercept_fit,66,1.0,-3.538163296398103,0.254,0.4985203973789896,0.1800433743363061
pond,nfix,NTP,1000,intercept_fit,67,1.0,-3.09174203339495,0.281,0.4985203973789896,0.1776718416688587
pond,nfix,NTP,1000,intercept_fit,68,1.0,-3.797763728449631,0.243,0.4985203973789896,0.18060560297845712
pond,nfix,NTP,1000,intercept_fit,69,1.0,-3.72797457495739,0.255,0.4985203973789896,0.18044121821745554
pond,nfix,NTP,1000,intercept_fit,70,1.0,-3.121390170071641,0.285,0.4985203973789896,0.17790354046899656
pond,nfix,NTP,1000,intercept_fit,71,1.0,-3.327543544308034,0.31,0.4985203973789896,0.17929954052607072
pond,nfix,NTP,1000,intercept_fit,72,1.0,-3.4185925772741013,0.267,0.4985203973789896,0.17966722753837439
pond,nfix,NTP,1000,intercept_fit,73,1.0,-3.672015753292583,0.254,0.4985203973789896,0.18033130120002108
pond,nfix,NTP,1000,intercept_fit,74,1.0,-3.950861237652406,0.257,0.4985203973789896,0.18130469800019325
pond,nfix,NTP,1000,intercept_fit,75,1.0,-3.4363341702526977,0.292,0.4985203973789896,0.17973596553859816
pond,nfix,NTP,1000,intercept_fit,76,1.0,-3.9559726816876837,0.253,0.4985203973789896,0.18134504496383005
pond,nfix,NTP,1000,intercept_fit,77,1.0,-3.536562310471112,0.298,0.4985203973789896,0.18003897866685908
pond,nfix,NTP,1000,intercept_fit,78,1.0,-3.8684167194121724,0.263,0.4985203973789896,0.1808147044736431
pond,nfix,NTP,1000,intercept_fit,79,1.0,-3.748456457303162,0.285,0.4985203973789896,0.18048628929416288
pond,nfix,NTP,1000,intercept_fit,80,1.0,-3.683882441323397,0.27,0.4985203973789896,0.18035580714011057
pond,nfix,NTP,1000,intercept_fit,81,1.0,-3.2308624169871094,0.321,0.4985203973789896,0.1787201306538502
pond,nfix,NTP,1000,intercept_fit,82,1.0,-3.485323144100568,0.322,0.4985203973789896,0.17989458273747327
pond,nfix,NTP,1000,intercept_fit,83,1.0,-3.841685279017601,0.255,0.4985203973789896,0.18070946939986685
pond,nfix,NTP,1000,intercept_fit,84,1.0,-4.107855563814189,0.282,0.4985203973789896,0.1838927659988483
pond,nfix,NTP,1000,intercept_fit,85,1.0,-3.2836318831107323,0.239,0.4985203973789896,0.17905333956469607
pond,nfix,NTP,1000,intercept_fit,86,1.0,-3.9313764619167024,0.233,0.4985203973789896,0.1811589504988882
pond,nfix,NTP,1000,intercept_fit,87,1.0,-4.080360946026517,0.254,0.4985203973789896,0.1831145568815161
pond,nfix,NTP,1000,intercept_fit,88,1.0,-3.2946414583121966,0.254,0.4985203973789896,0.17911937026155286
pond,nfix,NTP,1000,intercept_fit,89,1.0,-3.6971506609966673,0.245,0.4985203973789896,0.1803780434800912
pond,nfix,NTP,1000,intercept_fit,90,1.0,-3.6578450315816053,0.25,0.4985203973789896,0.18030361187224558
pond,nfix,NTP,1000,intercept_fit,91,1.0,-4.218803720784229,0.212,0.4985203973789896,0.1892157373793017
pond,nfix,NTP,1000,intercept_fit,92,1.0,-3.384837172341773,0.254,0.4985203973789896,0.17957113059158236
pond,nfix,NTP,1000,intercept_fit,93,1.0,-3.7592178313497455,0.277,0.4985203973789896,0.18050815558628555
pond,nfix,NTP,1000,intercept_fit,94,1.0,-4.11754673763443,0.233,0.4985203973789896,0.18421750170994555
pond,nfix,NTP,1000,intercept_fit,95,1.0,-3.5778276504857045,0.311,0.4985203973789896,0.18013794759401272
pond,nfix,NTP,1000,intercept_fit,96,1.0,-3.903687956247638,0.225,0.4985203973789896,0.18098877547250222
pond,nfix,NTP,1000,intercept_fit,97,1.0,-2.67509813409515,0.39,0.4985203973789896,0.17200256976134767
pond,nfix,NTP,1000,intercept_fit,98,1.0,-3.1359896055698435,0.311,0.4985203973789896,0.17803362902180464
pond,nfix,NTP,1000,intercept_fit,99,1.0,-3.7548269949374364,0.278,0.4985203973789896,0.18049918024935163
pond,supermat,Probe,50,intercept_fit,0,1.0,-3.1761390130004883,0.38,0.4985203973789896,0.21028250098028342
pond,supermat,Probe,50,intercept_fit,1,1.0,-2.0678991179981487,0.38,0.4985203973789896,0.04312496601930788
pond,supermat,Probe,50,intercept_fit,2,1.0,-3.1497461918779606,0.38,0.4985203973789896,0.20654658088966996
pond,supermat,Probe,50,intercept_fit,3,1.0,-2.6095432036802166,0.3,0.4985203973789896,0.1251600775495506
pond,supermat,Probe,50,intercept_fit,4,1.0,-2.7413424791077263,0.18,0.4985203973789896,0.14576875339075326
pond,supermat,Probe,50,intercept_fit,5,1.0,-2.411299279221547,0.36,0.4985203973789896,0.09474655610193125
pond,supermat,Probe,50,intercept_fit,6,1.0,-2.185534860576738,0.36,0.4985203973789896,0.0608110569941609
pond,supermat,Probe,50,intercept_fit,7,1.0,-2.716809413529382,0.44,0.4985203973789896,0.1419637793613509
pond,supermat,Probe,50,intercept_fit,8,1.0,-2.6671312642696483,0.5,0.4985203973789896,0.13421432215545526
pond,supermat,Probe,50,intercept_fit,9,1.0,-3.5191482847552056,0.32,0.4985203973789896,0.2564699821845315
pond,supermat,Probe,50,intercept_fit,10,1.0,-2.7324936871072745,0.16,0.4985203973789896,0.14439666493606942
pond,supermat,Probe,50,intercept_fit,11,1.0,-4.035151109889403,0.1,0.4985203973789896,0.316581386428487
pond,supermat,Probe,50,intercept_fit,12,1.0,-2.650108951663669,0.34,0.4985203973789896,0.13154507302403107
pond,supermat,Probe,50,intercept_fit,13,1.0,-2.599446508806097,0.52,0.4985203973789896,0.12356427681985713
pond,supermat,Probe,50,intercept_fit,14,1.0,-3.387274387921689,0.18,0.4985203973789896,0.23926221371554818
pond,supermat,Probe,50,intercept_fit,15,1.0,-2.3388533039783255,0.4,0.4985203973789896,0.08386709930780734
pond,supermat,Probe,50,intercept_fit,16,1.0,-3.1394306839670247,0.32,0.4985203973789896,0.20507632043129312
pond,supermat,Probe,50,intercept_fit,17,1.0,-3.0541713495124942,0.36,0.4985203973789896,0.19279603264240247
pond,supermat,Probe,50,intercept_fit,18,1.0,-3.136653591760685,0.42,0.4985203973789896,0.20468251348375185
pond,supermat,Probe,50,intercept_fit,19,1.0,-2.325979887639556,0.44,0.4985203973789896,0.08193306387201599
pond,supermat,Probe,50,intercept_fit,20,1.0,-3.372944189239975,0.24,0.4985203973789896,0.23734244538307553
pond,supermat,Probe,50,intercept_fit,21,1.0,-2.713684165574757,0.32,0.4985203973789896,0.1414767420397755
pond,supermat,Probe,50,intercept_fit,22,1.0,-2.7556707985032456,0.36,0.4985203973789896,0.14798292799792226
pond,supermat,Probe,50,intercept_fit,23,1.0,-3.0628111389401016,0.36,0.4985203973789896,0.19405538288691554
pond,supermat,Probe,50,intercept_fit,24,1.0,-2.804882857523897,0.22,0.4985203973789896,0.1555506541141191
pond,supermat,Probe,50,intercept_fit,25,1.0,-2.6682236946026334,0.44,0.4985203973789896,0.1343849764301567
pond,supermat,Probe,50,intercept_fit,26,1.0,-3.4868715843843434,0.24,0.4985203973789896,0.2523174735895615
pond,supermat,Probe,50,intercept_fit,27,1.0,-1.8863972400526907,0.5,0.4985203973789896,0.03128527324670886
pond,supermat,Probe,50,intercept_fit,28,1.0,-2.571325689408341,0.3,0.4985203973789896,0.11915321884348398
pond,supermat,Probe,50,intercept_fit,29,1.0,-2.132467429524187,0.44,0.4985203973789896,0.052838338641964244
pond,supermat,Probe,50,intercept_fit,30,1.0,-2.6919912757742868,0.42,0.4985203973789896,0.13809961031143092
pond,supermat,Probe,50,intercept_fit,31,1.0,-2.668520108755153,0.38,0.4985203973789896,0.1344312767921712
pond,supermat,Probe,50,intercept_fit,32,1.0,-2.8297203689906105,0.3,0.4985203973789896,0.15934480836400816
pond,supermat,Probe,50,intercept_fit,33,1.0,-3.3660513601344855,0.36,0.4985203973789896,0.2364206838465715
pond,supermat,Probe,50,intercept_fit,34,1.0,-1.9199369328448412,0.36,0.4985203973789896,0.03212416756055912
pond,supermat,Probe,50,intercept_fit,35,1.0,-2.9958646314168416,0.18,0.4985203973789896,0.18426001910285525
pond,supermat,Probe,50,intercept_fit,36,1.0,-2.4764776205579286,0.46,0.4985203973789896,0.10462695074646053
pond,supermat,Probe,50,intercept_fit,37,1.0,-2.317730254094824,0.34,0.4985203973789896,0.08067754653076392
pond,supermat,Probe,50,intercept_fit,38,1.0,-2.3962749841574826,0.44,0.4985203973789896,0.09251221510482557
pond,supermat,Probe,50,intercept_fit,39,1.0,-2.2159616081781954,0.52,0.4985203973789896,0.06541345922716399
pond,supermat,Probe,50,intercept_fit,40,1.0,-3.5973176001448794,0.3,0.4985203973789896,0.2663309210999821
pond,supermat,Probe,50,intercept_fit,41,1.0,-2.3592254649497195,0.3,0.4985203973789896,0.08688813110134645
pond,supermat,Probe,50,intercept_fit,42,1.0,-2.459278148756655,0.3,0.4985203973789896,0.10203033886014953
pond,supermat,Probe,50,intercept_fit,43,1.0,-3.3743746007273505,0.26,0.4985203973789896,0.23753604893099822
pond,supermat,Probe,50,intercept_fit,44,1.0,-3.219836708600395,0.32,0.4985203973789896,0.21641924563601067
pond,supermat,Probe,50,intercept_fit,45,1.0,-2.580638232890228,0.36,0.4985203973789896,0.12060796398462899
pond,supermat,Probe,50,intercept_fit,46,1.0,-3.081570076694601,0.26,0.4985203973789896,0.19676986122869877
pond,supermat,Probe,50,intercept_fit,47,1.0,-3.0614734576180935,0.26,0.4985203973789896,0.19385998978750438
pond,supermat,Probe,50,intercept_fit,48,1.0,-2.7674024846491725,0.36,0.4985203973789896,0.14979332061037304
pond,supermat,Probe,50,intercept_fit,49,1.0,-3.105548377487488,0.32,0.4985203973789896,0.20022886747708368
pond,supermat,Probe,50,intercept_fit,50,1.0,-2.973860225085556,0.32,0.4985203973789896,0.18100874114667684
pond,supermat,Probe,50,intercept_fit,51,1.0,-1.804936602051465,0.38,0.4985203973789896,0.0313415031770259
pond,supermat,Probe,50,intercept_fit,52,1.0,-2.3827996815717136,0.4,0.4985203973789896,0.09047635587234776
pond,supermat,Probe,50,intercept_fit,53,1.0,-2.4767431677667275,0.38,0.4985203973789896,0.10466910860889468
pond,supermat,Probe,50,intercept_fit,54,1.0,-3.0470227360471553,0.28,0.4985203973789896,0.19175940670236027
pond,supermat,Probe,50,intercept_fit,55,1.0,-2.9871681806572425,0.38,0.4985203973789896,0.1829801783501372
pond,supermat,Probe,50,intercept_fit,56,1.0,-3.132276456344548,0.34,0.4985203973789896,0.204058829108585
pond,supermat,Probe,50,intercept_fit,57,1.0,-1.6113182923023575,0.6,0.4985203973789896,0.04313948426530255
pond,supermat,Probe,50,intercept_fit,58,1.0,-2.888895251402669,0.36,0.4985203973789896,0.16831357543978084
pond,supermat,Probe,50,intercept_fit,59,1.0,-2.98860409828289,0.42,0.4985203973789896,0.18319160451846123
pond,supermat,Probe,50,intercept_fit,60,1.0,-4.186754032061835,0.14,0.4985203973789896,0.3319964730303925
pond,supermat,Probe,50,intercept_fit,61,1.0,-2.371000846032691,0.3,0.4985203973789896,0.08870628064586218
pond,supermat,Probe,50,intercept_fit,62,1.0,-2.517664031634293,0.5,0.4985203973789896,0.11091938404946092
pond,supermat,Probe,50,intercept_fit,63,1.0,-2.3770776761643786,0.34,0.4985203973789896,0.0896197455267352
pond,supermat,Probe,50,intercept_fit,64,1.0,-2.395837939794963,0.4,0.4985203973789896,0.09244269908748519
pond,supermat,Probe,50,intercept_fit,65,1.0,-3.00887619175749,0.4,0.4985203973789896,0.186176075130533
pond,supermat,Probe,50,intercept_fit,66,1.0,-3.3087375791617433,0.3,0.4985203973789896,0.2286834845450129
pond,supermat,Probe,50,intercept_fit,67,1.0,-2.948463680958219,0.3,0.4985203973789896,0.17723888108131816
pond,supermat,Probe,50,intercept_fit,68,1.0,-2.192146969623309,0.46,0.4985203973789896,0.06180484173941795
pond,supermat,Probe,50,intercept_fit,69,1.0,-2.5190835618634235,0.48,0.4985203973789896,0.1111444245407056
pond,supermat,Probe,50,intercept_fit,70,1.0,-2.7817448166944394,0.26,0.4985203973789896,0.15199973428469032
pond,supermat,Probe,50,intercept_fit,71,1.0,-2.080055156996508,0.56,0.4985203973789896,0.044954358635829215
pond,supermat,Probe,50,intercept_fit,72,1.0,-2.3686623431949294,0.46,0.4985203973789896,0.08833427704796315
pond,supermat,Probe,50,intercept_fit,73,1.0,-3.0120253459646866,0.42,0.4985203973789896,0.18664042744896012
pond,supermat,Probe,50,intercept_fit,74,1.0,-2.801270923697559,0.28,0.4985203973789896,0.1549961613214227
pond,supermat,Probe,50,intercept_fit,75,1.0,-2.682208520916473,0.42,0.4985203973789896,0.1365715827716329
pond,supermat,Probe,50,intercept_fit,76,1.0,-2.066346629630366,0.4,0.4985203973789896,0.04291978718273056
pond,supermat,Probe,50,intercept_fit,77,1.0,-3.1343078261273596,0.18,0.4985203973789896,0.2043485628469
pond,supermat,Probe,50,intercept_fit,78,1.0,-2.3226875992890434,0.36,0.4985203973789896,0.08140991270186593
pond,supermat,Probe,50,intercept_fit,79,1.0,-3.1813202567001007,0.38,0.4985203973789896,0.21101050504195437
pond,supermat,Probe,50,intercept_fit,80,1.0,-3.9062279565706004,0.24,0.4985203973789896,0.30267132062084257
pond,supermat,Probe,50,intercept_fit,81,1.0,-2.825275034954214,0.42,0.4985203973789896,0.15866648632515573
pond,supermat,Probe,50,intercept_fit,82,1.0,-2.9623278262292945,0.34,0.4985203973789896,0.17929929158007898
pond,supermat,Probe,50,intercept_fit,83,1.0,-2.4520598718714797,0.46,0.4985203973789896,0.10093109652855345
pond,supermat,Probe,50,intercept_fit,84,1.0,-3.3617709983613127,0.2,0.4985203973789896,0.2358502957825848
pond,supermat,Probe,50,intercept_fit,85,1.0,-3.6785622489506964,0.18,0.4985203973789896,0.2762911791507254
pond,supermat,Probe,50,intercept_fit,86,1.0,-3.099691669264649,0.18,0.4985203973789896,0.1993825774480608
pond,supermat,Probe,50,intercept_fit,87,1.0,-3.175135689826224,0.38,0.4985203973789896,0.21014115664548338
pond,supermat,Probe,50,intercept_fit,88,1.0,-3.2729270846103757,0.24,0.4985203973789896,0.2237831166344152
pond,supermat,Probe,50,intercept_fit,89,1.0,-2.5225873596440382,0.22,0.4985203973789896,0.1116637270879188
pond,supermat,Probe,50,intercept_fit,90,1.0,-1.6305002875954866,0.44,0.4985203973789896,0.04154996429523876
pond,supermat,Probe,50,intercept_fit,91,1.0,-2.8979252959729105,0.42,0.4985203973789896,0.1696714835019425
pond,supermat,Probe,50,intercept_fit,92,1.0,-3.183887623888949,0.4,0.4985203973789896,0.2113725726398314
pond,supermat,Probe,50,intercept_fit,93,1.0,-3.0690043635003637,0.32,0.4985203973789896,0.19495643404233018
pond,supermat,Probe,50,intercept_fit,94,1.0,-2.855567846874453,0.32,0.4985203973789896,0.16327507074561948
pond,supermat,Probe,50,intercept_fit,95,1.0,-1.5943008938986547,0.44,0.4985203973789896,0.04489919353226625
pond,supermat,Probe,50,intercept_fit,96,1.0,-2.907638757290761,0.5,0.4985203973789896,0.17113326429622003
pond,supermat,Probe,50,intercept_fit,97,1.0,-2.787056034857912,0.42,0.4985203973789896,0.15281677186842132
pond,supermat,Probe,50,intercept_fit,98,1.0,-3.0161993750586404,0.36,0.4985203973789896,0.18725069257157204
pond,supermat,Probe,50,intercept_fit,99,1.0,-2.1112329159385648,0.34,0.4985203973789896,0.04967872655443767
pond,supermat,NTP,50,intercept_fit,0,1.0,-0.8076454427237824,0.38,0.4985203973789896,0.09598677533440647
pond,supermat,NTP,50,intercept_fit,1,1.0,-0.7054698699119339,0.38,0.4985203973789896,0.08404816890787971
pond,supermat,NTP,50,intercept_fit,2,1.0,-1.0112425245862422,0.38,0.4985203973789896,0.11781494857713068
pond,supermat,NTP,50,intercept_fit,3,1.0,-0.7989613796914001,0.3,0.4985203973789896,0.09499858994653013
pond,supermat,NTP,50,intercept_fit,4,1.0,-1.7063628630017886,0.18,0.4985203973789896,0.17550383251778318
pond,supermat,NTP,50,intercept_fit,5,1.0,-0.6117844982215747,0.36,0.4985203973789896,0.07249239121230093
pond,supermat,NTP,50,intercept_fit,6,1.0,-1.18769842771577,0.36,0.4985203973789896,0.134754234939444
pond,supermat,NTP,50,intercept_fit,7,1.0,-1.268301838455383,0.44,0.4985203973789896,0.1419391768004856
pond,supermat,NTP,50,intercept_fit,8,1.0,-0.28591420989890987,0.5,0.4985203973789896,0.03588738998623848
pond,supermat,NTP,50,intercept_fit,9,1.0,-1.2931972484975731,0.32,0.4985203973789896,0.1440909858837937
pond,supermat,NTP,50,intercept_fit,10,1.0,-2.575322691301984,0.16,0.4985203973789896,0.23075052679570016
pond,supermat,NTP,50,intercept_fit,11,1.0,-2.816520024595559,0.1,0.4985203973789896,0.24546185581133384
pond,supermat,NTP,50,intercept_fit,12,1.0,-1.0410539534069987,0.34,0.4985203973789896,0.12080346689893208
pond,supermat,NTP,50,intercept_fit,13,1.0,-0.3082478845060138,0.52,0.4985203973789896,0.03558497712469283
pond,supermat,NTP,50,intercept_fit,14,1.0,-1.6267474533424082,0.18,0.4985203973789896,0.16999559388465846
pond,supermat,NTP,50,intercept_fit,15,1.0,-0.8190408738112573,0.4,0.4985203973789896,0.09728285478387196
pond,supermat,NTP,50,intercept_fit,16,1.0,-0.6671107921091047,0.32,0.4985203973789896,0.07939378265181114
pond,supermat,NTP,50,intercept_fit,17,1.0,-0.5968365399616049,0.36,0.4985203973789896,0.07059287068950658
pond,supermat,NTP,50,intercept_fit,18,1.0,-0.5879337288979577,0.42,0.4985203973789896,0.06945037167950009
pond,supermat,NTP,50,intercept_fit,19,1.0,-0.3237403965653855,0.44,0.4985203973789896,0.03591319518441803
pond,supermat,NTP,50,intercept_fit,20,1.0,-1.6344850548177108,0.24,0.4985203973789896,0.17055711567515985
pond,supermat,NTP,50,intercept_fit,21,1.0,-1.0795279431455738,0.32,0.4985203973789896,0.12458163059896643
pond,supermat,NTP,50,intercept_fit,22,1.0,-1.5513364421341922,0.36,0.4985203973789896,0.1645839043081848
pond,supermat,NTP,50,intercept_fit,23,1.0,-0.9271991409602873,0.36,0.4985203973789896,0.10911422209657623
pond,supermat,NTP,50,intercept_fit,24,1.0,-1.4259976810735395,0.22,0.4985203973789896,0.1550296595466298
pond,supermat,NTP,50,intercept_fit,25,1.0,-0.9021517092481206,0.44,0.4985203973789896,0.10644480737379508
pond,supermat,NTP,50,intercept_fit,26,1.0,-1.8402362969703627,0.24,0.4985203973789896,0.1842222062924612
pond,supermat,NTP,50,intercept_fit,27,1.0,-0.2936461863522943,0.5,0.4985203973789896,0.03569408658723344
pond,supermat,NTP,50,intercept_fit,28,1.0,-1.214189057805688,0.3,0.4985203973789896,0.13716185174335555
pond,supermat,NTP,50,intercept_fit,29,1.0,-0.49244915666540245,0.44,0.4985203973789896,0.05688019304115403
pond,supermat,NTP,50,intercept_fit,30,1.0,-0.5540929953989709,0.42,0.4985203973789896,0.0650771724800672
pond,supermat,NTP,50,intercept_fit,31,1.0,-0.5834984362297013,0.38,0.4985203973789896,0.06888836846280373
pond,supermat,NTP,50,intercept_fit,32,1.0,-0.9033757493601072,0.3,0.4985203973789896,0.10655781798621854
pond,supermat,NTP,50,intercept_fit,33,1.0,-1.0790504301329529,0.36,0.4985203973789896,0.12453417376651436
pond,supermat,NTP,50,intercept_fit,34,1.0,-0.8702023958714776,0.36,0.4985203973789896,0.10296494627139822
pond,supermat,NTP,50,intercept_fit,35,1.0,-1.6467469349130925,0.18,0.4985203973789896,0.1714132110931928
pond,supermat,NTP,50,intercept_fit,36,1.0,-0.12601219710397282,0.46,0.4985203973789896,0.04877973185216737
pond,supermat,NTP,50,intercept_fit,37,1.0,-0.6099559786814086,0.34,0.4985203973789896,0.07225599651648802
pond,supermat,NTP,50,intercept_fit,38,1.0,-0.8019352704950751,0.44,0.4985203973789896,0.09534508881215255
pond,supermat,NTP,50,intercept_fit,39,1.0,-0.2849412169570971,0.52,0.4985203973789896,0.03592373788871965
pond,supermat,NTP,50,intercept_fit,40,1.0,-1.6136001091755665,0.3,0.4985203973789896,0.1690669482088797
pond,supermat,NTP,50,intercept_fit,41,1.0,-1.027224873443843,0.3,0.4985203973789896,0.11941484397582461
pond,supermat,NTP,50,intercept_fit,42,1.0,-1.205674521317745,0.3,0.4985203973789896,0.13640098653119107
pond,supermat,NTP,50,intercept_fit,43,1.0,-1.6408194718910476,0.26,0.4985203973789896,0.17098573768282604
pond,supermat,NTP,50,intercept_fit,44,1.0,-1.7088500410749374,0.32,0.4985203973789896,0.17567662743202975
pond,supermat,NTP,50,intercept_fit,45,1.0,-0.7925760544564217,0.36,0.4985203973789896,0.09427462453230741
pond,supermat,NTP,50,intercept_fit,46,1.0,-1.5636116104463296,0.26,0.4985203973789896,0.16548153604143778
pond,supermat,NTP,50,intercept_fit,47,1.0,-1.1888041657183057,0.26,0.4985203973789896,0.13485753046436447
pond,supermat,NTP,50,intercept_fit,48,1.0,-0.7623814538375561,0.36,0.4985203973789896,0.09079952315723526
pond,supermat,NTP,50,intercept_fit,49,1.0,-1.6523839772138218,0.32,0.4985203973789896,0.17181697765556872
pond,supermat,NTP,50,intercept_fit,50,1.0,-1.2953208634849591,0.32,0.4985203973789896,0.14427763039105282
pond,supermat,NTP,50,intercept_fit,51,1.0,-0.9235359984311118,0.38,0.4985203973789896,0.108716866720447
pond,supermat,NTP,50,intercept_fit,52,1.0,-1.197830985244249,0.4,0.4985203973789896,0.1356979699900251
pond,supermat,NTP,50,intercept_fit,53,1.0,-0.9428831059693158,0.38,0.4985203973789896,0.11076358664401
pond,supermat,NTP,50,intercept_fit,54,1.0,-1.585152049137095,0.28,0.4985203973789896,0.16702956356724727
pond,supermat,NTP,50,intercept_fit,55,1.0,-0.39196979536703785,0.38,0.4985203973789896,0.04294727207525811
pond,supermat,NTP,50,intercept_fit,56,1.0,-1.6854000565410607,0.34,0.4985203973789896,0.17406386590440237
pond,supermat,NTP,50,intercept_fit,57,1.0,-0.20348248500109442,0.6,0.4985203973789896,0.04084250039715939
pond,supermat,NTP,50,intercept_fit,58,1.0,-1.1726963188953694,0.36,0.4985203973789896,0.13339374684038752
pond,supermat,NTP,50,intercept_fit,59,1.0,-0.6975104200833018,0.42,0.4985203973789896,0.08308980494611141
pond,supermat,NTP,50,intercept_fit,60,1.0,-1.7279051636140523,0.14,0.4985203973789896,0.17692943756458568
pond,supermat,NTP,50,intercept_fit,61,1.0,-0.8343278002958373,0.3,0.4985203973789896,0.0989937744786956
pond,supermat,NTP,50,intercept_fit,62,1.0,-0.30572803594297826,0.5,0.4985203973789896,0.035567482641556326
pond,supermat,NTP,50,intercept_fit,63,1.0,-0.9330111929424555,0.34,0.4985203973789896,0.10972154545787348
pond,supermat,NTP,50,intercept_fit,64,1.0,-0.606290723889158,0.4,0.4985203973789896,0.07180086955101175
pond,supermat,NTP,50,intercept_fit,65,1.0,-0.8493507013271149,0.4,0.4985203973789896,0.10065968360893553
pond,supermat,NTP,50,intercept_fit,66,1.0,-1.2139904549547507,0.3,0.4985203973789896,0.13714359111149219
pond,supermat,NTP,50,intercept_fit,67,1.0,-1.290699882565666,0.3,0.4985203973789896,0.1438712736492009
pond,supermat,NTP,50,intercept_fit,68,1.0,-0.3161523006553627,0.46,0.4985203973789896,0.03569114684141654
pond,supermat,NTP,50,intercept_fit,69,1.0,-0.7315676537153051,0.48,0.4985203973789896,0.08716639679767654
pond,supermat,NTP,50,intercept_fit,70,1.0,-0.9953794489023173,0.26,0.4985203973789896,0.11619048431875485
pond,supermat,NTP,50,intercept_fit,71,1.0,-0.20711189240826638,0.56,0.4985203973789896,0.04043511882148754
pond,supermat,NTP,50,intercept_fit,72,1.0,-0.22946157808452028,0.46,0.4985203973789896,0.038750720434180035
pond,supermat,NTP,50,intercept_fit,73,1.0,-0.607455001523799,0.42,0.4985203973789896,0.07195162480841623
pond,supermat,NTP,50,intercept_fit,74,1.0,-0.7408091427366024,0.28,0.4985203973789896,0.08826063036377328
pond,supermat,NTP,50,intercept_fit,75,1.0,-0.3044551901957072,0.42,0.4985203973789896,0.03557462116271889
pond,supermat,NTP,50,intercept_fit,76,1.0,-0.46602640547823526,0.4,0.4985203973789896,0.05329278441699239
pond,supermat,NTP,50,intercept_fit,77,1.0,-1.915526832737323,0.18,0.4985203973789896,0.18887635247385628
pond,supermat,NTP,50,intercept_fit,78,1.0,-0.7039746448626437,0.36,0.4985203973789896,0.08388590480275411
pond,supermat,NTP,50,intercept_fit,79,1.0,-1.1307029407272273,0.38,0.4985203973789896,0.1294826050472736
pond,supermat,NTP,50,intercept_fit,80,1.0,-1.5752082945195383,0.24,0.4985203973789896,0.16631834102415605
pond,supermat,NTP,50,intercept_fit,81,1.0,-0.4306143280075175,0.42,0.4985203973789896,0.048399218238903446
pond,supermat,NTP,50,intercept_fit,82,1.0,-0.7176873432736155,0.34,0.4985203973789896,0.08552269460359421
pond,supermat,NTP,50,intercept_fit,83,1.0,-0.5034761621358338,0.46,0.4985203973789896,0.05837284207157147
pond,supermat,NTP,50,intercept_fit,84,1.0,-1.9185237876877816,0.2,0.4985203973789896,0.1890646444332172
pond,supermat,NTP,50,intercept_fit,85,1.0,-2.1959229111635934,0.18,0.4985203973789896,0.20566689586796727
pond,supermat,NTP,50,intercept_fit,86,1.0,-1.9191750369686453,0.18,0.4985203973789896,0.18910564223344953
pond,supermat,NTP,50,intercept_fit,87,1.0,-0.6788399911473606,0.38,0.4985203973789896,0.08083935450223781
pond,supermat,NTP,50,intercept_fit,88,1.0,-1.1870697688679568,0.24,0.4985203973789896,0.13471900297197806
pond,supermat,NTP,50,intercept_fit,89,1.0,-1.5053903280128216,0.22,0.4985203973789896,0.1611457504725956
pond,supermat,NTP,50,intercept_fit,90,1.0,-0.6721101486656438,0.44,0.4985203973789896,0.0800201198339662
pond,supermat,NTP,50,intercept_fit,91,1.0,-0.3702445416991115,0.42,0.4985203973789896,0.039903891781133266
pond,supermat,NTP,50,intercept_fit,92,1.0,-1.1176625123357058,0.4,0.4985203973789896,0.12824190679462694
pond,supermat,NTP,50,intercept_fit,93,1.0,-0.7741730029809725,0.32,0.4985203973789896,0.092154068334958
pond,supermat,NTP,50,intercept_fit,94,1.0,-0.8599575035869041,0.32,0.4985203973789896,0.10183617864117059
pond,supermat,NTP,50,intercept_fit,95,1.0,-0.4426528821914753,0.44,0.4985203973789896,0.05007094501467269
pond,supermat,NTP,50,intercept_fit,96,1.0,-0.31944869203995535,0.5,0.4985203973789896,0.03577025514188244
pond,supermat,NTP,50,intercept_fit,97,1.0,-1.147255141831849,0.42,0.4985203973789896,0.13102671796639523
pond,supermat,NTP,50,intercept_fit,98,1.0,-1.2449901574701372,0.36,0.4985203973789896,0.1398963445290871
pond,supermat,NTP,50,intercept_fit,99,1.0,-1.0197525739287074,0.34,0.4985203973789896,0.11867017005592996
pond,supermat,Probe,1000,intercept_fit,0,1.0,-3.128049118930765,0.373,0.4985203973789896,0.20345646772073717
pond,supermat,Probe,1000,intercept_fit,1,1.0,-2.617301812162721,0.35,0.4985203973789896,0.126383792461154
pond,supermat,Probe,1000,intercept_fit,2,1.0,-3.1290196438423936,0.352,0.4985203973789896,0.2035957359884035
pond,supermat,Probe,1000,intercept_fit,3,1.0,-3.066288142320936,0.293,0.4985203973789896,0.19456352474299154
pond,supermat,Probe,1000,intercept_fit,4,1.0,-2.4634988557734463,0.267,0.4985203973789896,0.10265513513215403
pond,supermat,Probe,1000,intercept_fit,5,1.0,-2.565747295403566,0.349,0.4985203973789896,0.1182912724538131
pond,supermat,Probe,1000,intercept_fit,6,1.0,-2.5390950576440963,0.337,0.4985203973789896,0.11421108709976406
pond,supermat,Probe,1000,intercept_fit,7,1.0,-2.3125742696703555,0.448,0.4985203973789896,0.07991320902683806
pond,supermat,Probe,1000,intercept_fit,8,1.0,-2.945332725034051,0.357,0.4985203973789896,0.17677396667019477
pond,supermat,Probe,1000,intercept_fit,9,1.0,-3.1819634197158755,0.394,0.4985203973789896,0.21110091984619153
pond,supermat,Probe,1000,intercept_fit,10,1.0,-2.3062540403470324,0.274,0.4985203973789896,0.07896340969638065
pond,supermat,Probe,1000,intercept_fit,11,1.0,-3.0697434903904024,0.241,0.4985203973789896,0.19506303140153203
pond,supermat,Probe,1000,intercept_fit,12,1.0,-2.526052083797012,0.294,0.4985203973789896,0.1122127182817214
pond,supermat,Probe,1000,intercept_fit,13,1.0,-2.6851476184007685,0.445,0.4985203973789896,0.13703186617319477
pond,supermat,Probe,1000,intercept_fit,14,1.0,-3.2912279474701354,0.246,0.4985203973789896,0.226291470540328
pond,supermat,Probe,1000,intercept_fit,15,1.0,-2.777783376301903,0.313,0.4985203973789896,0.15139181133074534
pond,supermat,Probe,1000,intercept_fit,16,1.0,-2.949815521776795,0.367,0.4985203973789896,0.17743907001705067
pond,supermat,Probe,1000,intercept_fit,17,1.0,-3.394854476494416,0.3,0.4985203973789896,0.24027233557876265
pond,supermat,Probe,1000,intercept_fit,18,1.0,-3.08666440864242,0.387,0.4985203973789896,0.19751068462909838
pond,supermat,Probe,1000,intercept_fit,19,1.0,-2.673599180902704,0.369,0.4985203973789896,0.13522654070582463
pond,supermat,Probe,1000,intercept_fit,20,1.0,-3.311611797173358,0.285,0.4985203973789896,0.2290731885899244
pond,supermat,Probe,1000,intercept_fit,21,1.0,-2.4839442492165538,0.336,0.4985203973789896,0.10576954782515804
pond,supermat,Probe,1000,intercept_fit,22,1.0,-3.057536336871131,0.299,0.4985203973789896,0.1932853088867667
pond,supermat,Probe,1000,intercept_fit,23,1.0,-2.6502642255369264,0.422,0.4985203973789896,0.1315693910736101
pond,supermat,Probe,1000,intercept_fit,24,1.0,-2.4823204350855166,0.279,0.4985203973789896,0.10551168880370952
pond,supermat,Probe,1000,intercept_fit,25,1.0,-2.8020101252626604,0.403,0.4985203973789896,0.1551091255914271
pond,supermat,Probe,1000,intercept_fit,26,1.0,-2.8306675773655785,0.334,0.4985203973789896,0.15948875029678322
pond,supermat,Probe,1000,intercept_fit,27,1.0,-2.584304150404609,0.394,0.4985203973789896,0.12117498704090339
pond,supermat,Probe,1000,intercept_fit,28,1.0,-2.4000203092529837,0.35,0.4985203973789896,0.0930565565461368
pond,supermat,Probe,1000,intercept_fit,29,1.0,-2.349391372838035,0.426,0.4985203973789896,0.08543436529254417
pond,supermat,Probe,1000,intercept_fit,30,1.0,-2.820557720501113,0.378,0.4985203973789896,0.1579459126537552
pond,supermat,Probe,1000,intercept_fit,31,1.0,-2.942683145283919,0.328,0.4985203973789896,0.17637703322269954
pond,supermat,Probe,1000,intercept_fit,32,1.0,-2.530002600569912,0.316,0.4985203973789896,0.11280385034814959
pond,supermat,Probe,1000,intercept_fit,33,1.0,-3.0659350394211713,0.321,0.4985203973789896,0.1945123840366869
pond,supermat,Probe,1000,intercept_fit,34,1.0,-2.6603588496264816,0.242,0.4985203973789896,0.13315361166370937
pond,supermat,Probe,1000,intercept_fit,35,1.0,-2.815690476233054,0.202,0.4985203973789896,0.157201418607106
pond,supermat,Probe,1000,intercept_fit,36,1.0,-2.6718056401498993,0.433,0.4985203973789896,0.13494655711338216
pond,supermat,Probe,1000,intercept_fit,37,1.0,-2.4480870769581173,0.36,0.4985203973789896,0.10034704936039246
pond,supermat,Probe,1000,intercept_fit,38,1.0,-2.4287942303421604,0.443,0.4985203973789896,0.0974276571059883
pond,supermat,Probe,1000,intercept_fit,39,1.0,-2.2501221314837747,0.529,0.4985203973789896,0.07049960727393326
pond,supermat,Probe,1000,intercept_fit,40,1.0,-2.8784149423240923,0.335,0.4985203973789896,0.1667317404859797
pond,supermat,Probe,1000,intercept_fit,41,1.0,-2.8018871249994906,0.299,0.4985203973789896,0.15509033140834833
pond,supermat,Probe,1000,intercept_fit,42,1.0,-2.7349807501863284,0.269,0.4985203973789896,0.14478339275252827
pond,supermat,Probe,1000,intercept_fit,43,1.0,-2.756019150101996,0.348,0.4985203973789896,0.14803658922677562
pond,supermat,Probe,1000,intercept_fit,44,1.0,-2.7924419417359068,0.328,0.4985203973789896,0.15364383342524826
pond,supermat,Probe,1000,intercept_fit,45,1.0,-2.802750156341295,0.317,0.4985203973789896,0.15522221696089955
pond,supermat,Probe,1000,intercept_fit,46,1.0,-2.6873988558765984,0.341,0.4985203973789896,0.13738246427157877
pond,supermat,Probe,1000,intercept_fit,47,1.0,-3.0625857425889125,0.303,0.4985203973789896,0.19402247316941967
pond,supermat,Probe,1000,intercept_fit,48,1.0,-2.626959674731192,0.449,0.4985203973789896,0.12790472674134049
pond,supermat,Probe,1000,intercept_fit,49,1.0,-3.3218050189925816,0.278,0.4985203973789896,0.23045647545468123
pond,supermat,Probe,1000,intercept_fit,50,1.0,-2.883655289783295,0.322,0.4985203973789896,0.1675238704306607
pond,supermat,Probe,1000,intercept_fit,51,1.0,-2.288726384376748,0.333,0.4985203973789896,0.07629267661508911
pond,supermat,Probe,1000,intercept_fit,52,1.0,-2.7854835649893657,0.303,0.4985203973789896,0.1525758299385288
pond,supermat,Probe,1000,intercept_fit,53,1.0,-2.7050154623134968,0.349,0.4985203973789896,0.14012928473160732
pond,supermat,Probe,1000,intercept_fit,54,1.0,-3.424480122711307,0.234,0.4985203973789896,0.2441904935031616
pond,supermat,Probe,1000,intercept_fit,55,1.0,-3.2793890517166395,0.334,0.4985203973789896,0.2246740276288106
pond,supermat,Probe,1000,intercept_fit,56,1.0,-3.130944817557259,0.354,0.4985203973789896,0.20387037195694468
pond,supermat,Probe,1000,intercept_fit,57,1.0,-2.0975778556019664,0.433,0.4985203973789896,0.04762158880775848
pond,supermat,Probe,1000,intercept_fit,58,1.0,-2.6207210324711068,0.387,0.4985203973789896,0.12692177176817332
pond,supermat,Probe,1000,intercept_fit,59,1.0,-3.2863146549190327,0.315,0.4985203973789896,0.22562059135867746
pond,supermat,Probe,1000,intercept_fit,60,1.0,-3.3484273253919823,0.248,0.4985203973789896,0.23405239886414153
pond,supermat,Probe,1000,intercept_fit,61,1.0,-2.6598814590431235,0.34,0.4985203973789896,0.1330789486165551
pond,supermat,Probe,1000,intercept_fit,62,1.0,-2.743779966718972,0.414,0.4985203973789896,0.1461450821330992
pond,supermat,Probe,1000,intercept_fit,63,1.0,-2.2699548552115463,0.341,0.4985203973789896,0.07347804069418376
pond,supermat,Probe,1000,intercept_fit,64,1.0,-2.554341820734996,0.315,0.4985203973789896,0.11653601147560318
pond,supermat,Probe,1000,intercept_fit,65,1.0,-2.5766208465176836,0.464,0.4985203973789896,0.11998988421482498
pond,supermat,Probe,1000,intercept_fit,66,1.0,-2.973826291240066,0.296,0.4985203973789896,0.18100372986692984
pond,supermat,Probe,1000,intercept_fit,67,1.0,-3.058563695300687,0.285,0.4985203973789896,0.19343686021795012
pond,supermat,Probe,1000,intercept_fit,68,1.0,-2.6407808072109513,0.338,0.4985203973789896,0.13008092044279904
pond,supermat,Probe,1000,intercept_fit,69,1.0,-3.112970318351475,0.4,0.4985203973789896,0.20129778166708429
pond,supermat,Probe,1000,intercept_fit,70,1.0,-2.9144110635160447,0.202,0.4985203973789896,0.17215016889764806
pond,supermat,Probe,1000,intercept_fit,71,1.0,-3.2206414949738496,0.361,0.4985203973789896,0.21653005755491397
pond,supermat,Probe,1000,intercept_fit,72,1.0,-1.9539785805066565,0.497,0.4985203973789896,0.03313773950919389
pond,supermat,Probe,1000,intercept_fit,73,1.0,-3.2312753358187924,0.383,0.4985203973789896,0.21801812010128688
pond,supermat,Probe,1000,intercept_fit,74,1.0,-2.9173223552348166,0.351,0.4985203973789896,0.17258537562227944
pond,supermat,Probe,1000,intercept_fit,75,1.0,-2.727938054371679,0.417,0.4985203973789896,0.14369228167061188
pond,supermat,Probe,1000,intercept_fit,76,1.0,-2.6200643228598746,0.356,0.4985203973789896,0.12681846305018818
pond,supermat,Probe,1000,intercept_fit,77,1.0,-2.6189037932559582,0.297,0.4985203973789896,0.1266358754340741
pond,supermat,Probe,1000,intercept_fit,78,1.0,-3.182610856341265,0.277,0.4985203973789896,0.21119215927331195
pond,supermat,Probe,1000,intercept_fit,79,1.0,-2.8461472881273835,0.365,0.4985203973789896,0.16184386136367993
pond,supermat,Probe,1000,intercept_fit,80,1.0,-2.9966021741772395,0.315,0.4985203973789896,0.1843682818301459
pond,supermat,Probe,1000,intercept_fit,81,1.0,-2.8264399114429044,0.397,0.4985203973789896,0.1588435295989995
pond,supermat,Probe,1000,intercept_fit,82,1.0,-2.449362685127428,0.423,0.4985203973789896,0.10054976805476645
pond,supermat,Probe,1000,intercept_fit,83,1.0,-2.8324729482891486,0.367,0.4985203973789896,0.15976299719387957
pond,supermat,Probe,1000,intercept_fit,84,1.0,-3.517127594927944,0.271,0.4985203973789896,0.25620861111139204
pond,supermat,Probe,1000,intercept_fit,85,1.0,-3.118350978012981,0.243,0.4985203973789896,0.202066138434167
pond,supermat,Probe,1000,intercept_fit,86,1.0,-3.170213014563153,0.218,0.4985203973789896,0.20944652366206842
pond,supermat,Probe,1000,intercept_fit,87,1.0,-2.945307728859897,0.357,0.4985203973789896,0.17677024720071088
pond,supermat,Probe,1000,intercept_fit,88,1.0,-2.934558729449176,0.301,0.4985203973789896,0.17516309431388777
pond,supermat,Probe,1000,intercept_fit,89,1.0,-2.9687029562006164,0.231,0.4985203973789896,0.18024594980404973
pond,supermat,Probe,1000,intercept_fit,90,1.0,-2.106608472580492,0.361,0.4985203973789896,0.04895201642965757
pond,supermat,Probe,1000,intercept_fit,91,1.0,-2.609314343051191,0.494,0.4985203973789896,0.12512401963229114
pond,supermat,Probe,1000,intercept_fit,92,1.0,-3.097322074292636,0.398,0.4985203973789896,0.19904127565092974
pond,supermat,Probe,1000,intercept_fit,93,1.0,-2.808656929103171,0.409,0.4985203973789896,0.15612669192549175
pond,supermat,Probe,1000,intercept_fit,94,1.0,-3.179951302726379,0.248,0.4985203973789896,0.21081704207545374
pond,supermat,Probe,1000,intercept_fit,95,1.0,-2.3308885646728688,0.363,0.4985203973789896,0.08265723601308936
pond,supermat,Probe,1000,intercept_fit,96,1.0,-3.133113515488616,0.347,0.4985203973789896,0.2041792678102352
pond,supermat,Probe,1000,intercept_fit,97,1.0,-2.417084285756161,0.492,0.4985203973789896,0.09566606861858482
pond,supermat,Probe,1000,intercept_fit,98,1.0,-3.024195479210847,0.333,0.4985203973789896,0.18842094373634602
pond,supermat,Probe,1000,intercept_fit,99,1.0,-2.361650843073978,0.348,0.4985203973789896,0.08727361703230904
pond,supermat,NTP,1000,intercept_fit,0,1.0,-0.8114565387942261,0.373,0.4985203973789896,0.09642853024566213
pond,supermat,NTP,1000,intercept_fit,1,1.0,-0.9353837507722497,0.35,0.4985203973789896,0.10997761900864847
pond,supermat,NTP,1000,intercept_fit,2,1.0,-0.9394784375690924,0.352,0.4985203973789896,0.1103974970034537
pond,supermat,NTP,1000,intercept_fit,3,1.0,-1.3632072882326298,0.293,0.4985203973789896,0.1499631672651605
pond,supermat,NTP,1000,intercept_fit,4,1.0,-1.2435930419265318,0.267,0.4985203973789896,0.13977000751207963
pond,supermat,NTP,1000,intercept_fit,5,1.0,-1.0493440619820165,0.349,0.4985203973789896,0.1216220307015438
pond,supermat,NTP,1000,intercept_fit,6,1.0,-0.9724661972890806,0.337,0.4985203973789896,0.11385059691210508
pond,supermat,NTP,1000,intercept_fit,7,1.0,-0.9440411755724647,0.448,0.4985203973789896,0.11088792014973183
pond,supermat,NTP,1000,intercept_fit,8,1.0,-1.0215192618101874,0.357,0.4985203973789896,0.11885160759189088
pond,supermat,NTP,1000,intercept_fit,9,1.0,-0.597764001724686,0.394,0.4985203973789896,0.07071360088191463
pond,supermat,NTP,1000,intercept_fit,10,1.0,-1.3295896942104164,0.274,0.4985203973789896,0.14717812781506268
pond,supermat,NTP,1000,intercept_fit,11,1.0,-1.4994681939474979,0.241,0.4985203973789896,0.16071387407546553
pond,supermat,NTP,1000,intercept_fit,12,1.0,-1.2199209215390356,0.294,0.4985203973789896,0.13768778203814205
pond,supermat,NTP,1000,intercept_fit,13,1.0,-0.4672845303816258,0.445,0.4985203973789896,0.05346742190834106
pond,supermat,NTP,1000,intercept_fit,14,1.0,-1.3027829559703548,0.246,0.4985203973789896,0.1449052197721772
pond,supermat,NTP,1000,intercept_fit,15,1.0,-1.3643834395597605,0.313,0.4985203973789896,0.15006255626125298
pond,supermat,NTP,1000,intercept_fit,16,1.0,-0.9006560657170919,0.367,0.4985203973789896,0.10628032841240817
pond,supermat,NTP,1000,intercept_fit,17,1.0,-1.0849544859314342,0.3,0.4985203973789896,0.12509790293265943
pond,supermat,NTP,1000,intercept_fit,18,1.0,-0.8290567066494099,0.387,0.4985203973789896,0.09841233023324203
pond,supermat,NTP,1000,intercept_fit,19,1.0,-0.7409346468384422,0.369,0.4985203973789896,0.08827574763605361
pond,supermat,NTP,1000,intercept_fit,20,1.0,-1.3113233947816647,0.285,0.4985203973789896,0.14562468418500873
pond,supermat,NTP,1000,intercept_fit,21,1.0,-1.0026272587386527,0.336,0.4985203973789896,0.11694429014794398
pond,supermat,NTP,1000,intercept_fit,22,1.0,-1.2364614029306662,0.299,0.4985203973789896,0.13914818631245135
pond,supermat,NTP,1000,intercept_fit,23,1.0,-0.7166082852385357,0.422,0.4985203973789896,0.08539094844071353
pond,supermat,NTP,1000,intercept_fit,24,1.0,-1.2836082733586698,0.279,0.4985203973789896,0.1432718507685548
pond,supermat,NTP,1000,intercept_fit,25,1.0,-0.7886630753756939,0.403,0.4985203973789896,0.09381611898691707
pond,supermat,NTP,1000,intercept_fit,26,1.0,-1.142188020430397,0.334,0.4985203973789896,0.1305644342668225
pond,supermat,NTP,1000,intercept_fit,27,1.0,-0.8079466932518479,0.394,0.4985203973789896,0.09602173270549759
pond,supermat,NTP,1000,intercept_fit,28,1.0,-0.8629530563572235,0.35,0.4985203973789896,0.10217325810176979
pond,supermat,NTP,1000,intercept_fit,29,1.0,-0.6815621078264138,0.426,0.4985203973789896,0.08115698310150564
pond,supermat,NTP,1000,intercept_fit,30,1.0,-0.7715567841382959,0.378,0.4985203973789896,0.09184456932138932
pond,supermat,NTP,1000,intercept_fit,31,1.0,-1.0817404466118223,0.328,0.4985203973789896,0.12480123364761729
pond,supermat,NTP,1000,intercept_fit,32,1.0,-0.9611470327763743,0.316,0.4985203973789896,0.11267259269554343
pond,supermat,NTP,1000,intercept_fit,33,1.0,-1.2283773642660323,0.321,0.4985203973789896,0.13843679024124145
pond,supermat,NTP,1000,intercept_fit,34,1.0,-1.4667529698838624,0.242,0.4985203973789896,0.15819415483137564
pond,supermat,NTP,1000,intercept_fit,35,1.0,-1.847077060512791,0.202,0.4985203973789896,0.18463512986481964
pond,supermat,NTP,1000,intercept_fit,36,1.0,-0.5461995874001904,0.433,0.4985203973789896,0.06404195263986301
pond,supermat,NTP,1000,intercept_fit,37,1.0,-0.818292880045986,0.36,0.4985203973789896,0.09719659592900486
pond,supermat,NTP,1000,intercept_fit,38,1.0,-0.5467312819055593,0.443,0.4985203973789896,0.06411299278267671
pond,supermat,NTP,1000,intercept_fit,39,1.0,0.00128227464314774,0.529,0.4985203973789896,0.06556653732090094
pond,supermat,NTP,1000,intercept_fit,40,1.0,-0.9994317115929882,0.335,0.4985203973789896,0.11661235006088257
pond,supermat,NTP,1000,intercept_fit,41,1.0,-1.1775658528234716,0.299,0.4985203973789896,0.13382853512279108
pond,supermat,NTP,1000,intercept_fit,42,1.0,-1.49012820171231,0.269,0.4985203973789896,0.16001246314686843
pond,supermat,NTP,1000,intercept_fit,43,1.0,-0.9761514871163183,0.348,0.4985203973789896,0.11423932988382635
pond,supermat,NTP,1000,intercept_fit,44,1.0,-0.9857017136724692,0.328,0.4985203973789896,0.11522168108201039
pond,supermat,NTP,1000,intercept_fit,45,1.0,-1.1511483458571128,0.317,0.4985203973789896,0.13139835222266436
pond,supermat,NTP,1000,intercept_fit,46,1.0,-1.0257179954521345,0.341,0.4985203973789896,0.11926059368245595
pond,supermat,NTP,1000,intercept_fit,47,1.0,-1.287981546381254,0.303,0.4985203973789896,0.14363208374531827
pond,supermat,NTP,1000,intercept_fit,48,1.0,-0.5973962291075885,0.449,0.4985203973789896,0.07066573448590718
pond,supermat,NTP,1000,intercept_fit,49,1.0,-1.0691453819183057,0.278,0.4985203973789896,0.12356868026101188
pond,supermat,NTP,1000,intercept_fit,50,1.0,-1.1422913703079642,0.322,0.4985203973789896,0.13057433548723593
pond,supermat,NTP,1000,intercept_fit,51,1.0,-1.3233254891436228,0.333,0.4985203973789896,0.1466379837092401
pond,supermat,NTP,1000,intercept_fit,52,1.0,-1.0731750074871158,0.303,0.4985203973789896,0.12397087511722281
pond,supermat,NTP,1000,intercept_fit,53,1.0,-1.0249536226299023,0.349,0.4985203973789896,0.11918229426559729
pond,supermat,NTP,1000,intercept_fit,54,1.0,-1.603555679805638,0.234,0.4985203973789896,0.16836225884864772
pond,supermat,NTP,1000,intercept_fit,55,1.0,-0.9613479908096577,0.334,0.4985203973789896,0.11269394821670305
pond,supermat,NTP,1000,intercept_fit,56,1.0,-0.9227229614106507,0.354,0.4985203973789896,0.10862855392505515
pond,supermat,NTP,1000,intercept_fit,57,1.0,-0.659810539735576,0.433,0.4985203973789896,0.07849699270474474
pond,supermat,NTP,1000,intercept_fit,58,1.0,-0.8861660217895438,0.387,0.4985203973789896,0.10470094394469684
pond,supermat,NTP,1000,intercept_fit,59,1.0,-1.0636998307665944,0.315,0.4985203973789896,0.12304529923066365
pond,supermat,NTP,1000,intercept_fit,60,1.0,-1.4404562864996082,0.248,0.4985203973789896,0.1561733199845613
pond,supermat,NTP,1000,intercept_fit,61,1.0,-1.0453776774182815,0.34,0.4985203973789896,0.12122066700478684
pond,supermat,NTP,1000,intercept_fit,62,1.0,-0.840507665637117,0.414,0.4985203973789896,0.09967695069948414
pond,supermat,NTP,1000,intercept_fit,63,1.0,-0.9213655217949284,0.341,0.4985203973789896,0.10848100903037741
pond,supermat,NTP,1000,intercept_fit,64,1.0,-1.0712782511222294,0.315,0.4985203973789896,0.12378168862575069
pond,supermat,NTP,1000,intercept_fit,65,1.0,-0.29138810873961324,0.464,0.4985203973789896,0.03573613632085954
pond,supermat,NTP,1000,intercept_fit,66,1.0,-1.2061704523183967,0.296,0.4985203973789896,0.13644681177081067
pond,supermat,NTP,1000,intercept_fit,67,1.0,-1.2092794320753724,0.285,0.4985203973789896,0.13670982538301715
pond,supermat,NTP,1000,intercept_fit,68,1.0,-1.101624905350437,0.338,0.4985203973789896,0.1267188093173713
pond,supermat,NTP,1000,intercept_fit,69,1.0,-0.8069353575741872,0.4,0.4985203973789896,0.09590435243594567
pond,supermat,NTP,1000,intercept_fit,70,1.0,-1.5524469927101496,0.202,0.4985203973789896,0.16466830191823992
pond,supermat,NTP,1000,intercept_fit,71,1.0,-0.8893106307563234,0.361,0.4985203973789896,0.10504951621655438
pond,supermat,NTP,1000,intercept_fit,72,1.0,-0.13305693207461083,0.497,0.4985203973789896,0.047797579604287134
pond,supermat,NTP,1000,intercept_fit,73,1.0,-0.9263011282150968,0.383,0.4985203973789896,0.10901689872657414
pond,supermat,NTP,1000,intercept_fit,74,1.0,-0.8451727423439337,0.351,0.4985203973789896,0.10020754110507597
pond,supermat,NTP,1000,intercept_fit,75,1.0,-0.6606981085724194,0.417,0.4985203973789896,0.0786087708694937
pond,supermat,NTP,1000,intercept_fit,76,1.0,-0.8419770230851031,0.356,0.4985203973789896,0.09984421702053493
pond,supermat,NTP,1000,intercept_fit,77,1.0,-1.2297965560049224,0.297,0.4985203973789896,0.13856613158551945
pond,supermat,NTP,1000,intercept_fit,78,1.0,-1.3714442465401562,0.277,0.4985203973789896,0.15062945874780634
pond,supermat,NTP,1000,intercept_fit,79,1.0,-0.9732056392352249,0.365,0.4985203973789896,0.11392866311586122
pond,supermat,NTP,1000,intercept_fit,80,1.0,-1.0820620352511523,0.315,0.4985203973789896,0.12483312500902688
pond,supermat,NTP,1000,intercept_fit,81,1.0,-0.7478103609565844,0.397,0.4985203973789896,0.08908035467019793
pond,supermat,NTP,1000,intercept_fit,82,1.0,-0.7364594004574302,0.423,0.4985203973789896,0.0877579299870445
pond,supermat,NTP,1000,intercept_fit,83,1.0,-0.814497246662565,0.367,0.4985203973789896,0.09675833877463914
pond,supermat,NTP,1000,intercept_fit,84,1.0,-1.3187976324957027,0.271,0.4985203973789896,0.14627320012157838
pond,supermat,NTP,1000,intercept_fit,85,1.0,-1.433057579482184,0.243,0.4985203973789896,0.15557389273942007
pond,supermat,NTP,1000,intercept_fit,86,1.0,-1.8085946248042832,0.218,0.4985203973789896,0.18220827371725487
pond,supermat,NTP,1000,intercept_fit,87,1.0,-0.9315324523257971,0.357,0.4985203973789896,0.10956176992361698
pond,supermat,NTP,1000,intercept_fit,88,1.0,-1.3019185261087127,0.301,0.4985203973789896,0.1448295963864623
pond,supermat,NTP,1000,intercept_fit,89,1.0,-1.6452469455070289,0.231,0.4985203973789896,0.17130538545022872
pond,supermat,NTP,1000,intercept_fit,90,1.0,-0.9704246363998082,0.361,0.4985203973789896,0.11363487436094802
pond,supermat,NTP,1000,intercept_fit,91,1.0,-0.2172798702469997,0.494,0.4985203973789896,0.039655645810334796
pond,supermat,NTP,1000,intercept_fit,92,1.0,-0.7609205484703554,0.398,0.4985203973789896,0.09062561694151339
pond,supermat,NTP,1000,intercept_fit,93,1.0,-0.5279133733525911,0.409,0.4985203973789896,0.061622137077963636
pond,supermat,NTP,1000,intercept_fit,94,1.0,-1.4984593996633273,0.248,0.4985203973789896,0.16063491700463337
pond,supermat,NTP,1000,intercept_fit,95,1.0,-0.9567334336466622,0.363,0.4985203973789896,0.11222404214043304
pond,supermat,NTP,1000,intercept_fit,96,1.0,-1.259176455294907,0.347,0.4985203973789896,0.1411479795658698
pond,supermat,NTP,1000,intercept_fit,97,1.0,-0.46208629630686004,0.492,0.4985203973789896,0.052745238586752924
pond,supermat,NTP,1000,intercept_fit,98,1.0,-0.8630834941322327,0.333,0.4985203973789896,0.10218792243420187
pond,supermat,NTP,1000,intercept_fit,99,1.0,-1.1192994074236282,0.348,0.4985203973789896,0.12840098344768688
nfix,pond,Probe,50,intercept_fit,0,1.0,-0.26336571364297995,0.42,0.4962228517469311,0.08193825237387088
nfix,pond,Probe,50,intercept_fit,1,1.0,-0.36994073837770014,0.36,0.4962228517469311,0.09862495322299455
nfix,pond,Probe,50,intercept_fit,2,1.0,-0.23440199890334512,0.44,0.4962228517469311,0.0776444298678508
nfix,pond,Probe,50,intercept_fit,3,1.0,0.0975850746380922,0.48,0.4962228517469311,0.03969726040716397
nfix,pond,Probe,50,intercept_fit,4,1.0,0.4243726911565206,0.52,0.4962228517469311,0.05298282279299095
nfix,pond,Probe,50,intercept_fit,5,1.0,-0.8419141726215661,0.28,0.4962228517469311,0.18276347297850495
nfix,pond,Probe,50,intercept_fit,6,1.0,0.06279802711677006,0.42,0.4962228517469311,0.04187874372986329
nfix,pond,Probe,50,intercept_fit,7,1.0,0.6251627771063644,0.5,0.4962228517469311,0.08501434299235501
nfix,pond,Probe,50,intercept_fit,8,1.0,-0.5436342460376257,0.48,0.4962228517469311,0.1294651651178303
nfix,pond,Probe,50,intercept_fit,9,1.0,-0.7001656905960238,0.26,0.4962228517469311,0.15772353392192817
nfix,pond,Probe,50,intercept_fit,10,1.0,-0.8504217347921214,0.38,0.4962228517469311,0.18424594338990966
nfix,pond,Probe,50,intercept_fit,11,1.0,0.9099737634648153,0.6,0.4962228517469311,0.133437200060343
nfix,pond,Probe,50,intercept_fit,12,1.0,-0.37127764754791653,0.34,0.4962228517469311,0.09882536081071884
nfix,pond,Probe,50,intercept_fit,13,1.0,0.2661793048213456,0.4,0.4962228517469311,0.03806828955765536
nfix,pond,Probe,50,intercept_fit,14,1.0,0.12132126396804796,0.4,0.4962228517469311,0.03822271645622293
nfix,pond,Probe,50,intercept_fit,15,1.0,-0.09354414744882007,0.48,0.4962228517469311,0.05808682738280759
nfix,pond,Probe,50,intercept_fit,16,1.0,-0.6562624253500838,0.52,0.4962228517469311,0.1498559474294637
nfix,pond,Probe,50,intercept_fit,17,1.0,-1.0388228006425235,0.32,0.4962228517469311,0.21646399409995987
nfix,pond,Probe,50,intercept_fit,18,1.0,-0.9643108718852302,0.32,0.4962228517469311,0.20387563693750563
nfix,pond,Probe,50,intercept_fit,19,1.0,-0.7216215434952388,0.42,0.4962228517469311,0.1615504972310778
nfix,pond,Probe,50,intercept_fit,20,1.0,-1.0557618833636842,0.32,0.4962228517469311,0.2192979553151334
nfix,pond,Probe,50,intercept_fit,21,1.0,-0.36194415289544385,0.4,0.4962228517469311,0.09730583704373924
nfix,pond,Probe,50,intercept_fit,22,1.0,0.3401184583791992,0.52,0.4962228517469311,0.0424840931802618
nfix,pond,Probe,50,intercept_fit,23,1.0,-0.6287632032568805,0.34,0.4962228517469311,0.14490391270701405
nfix,pond,Probe,50,intercept_fit,24,1.0,-1.1303985244795083,0.36,0.4962228517469311,0.23164138871891848
nfix,pond,Probe,50,intercept_fit,25,1.0,-0.18035810359701537,0.42,0.4962228517469311,0.06992528355115546
nfix,pond,Probe,50,intercept_fit,26,1.0,-0.7269051292694282,0.42,0.4962228517469311,0.16249064850153735
nfix,pond,Probe,50,intercept_fit,27,1.0,-1.333436771031537,0.32,0.4962228517469311,0.26403288844683326
nfix,pond,Probe,50,intercept_fit,28,1.0,-0.27625489496795796,0.54,0.4962228517469311,0.08387168968687947
nfix,pond,Probe,50,intercept_fit,29,1.0,-0.18738618531392542,0.54,0.4962228517469311,0.07091266680999656
nfix,pond,Probe,50,intercept_fit,30,1.0,0.5428530687352416,0.44,0.4962228517469311,0.07051559772071808
nfix,pond,Probe,50,intercept_fit,31,1.0,0.4442911616901755,0.44,0.4962228517469311,0.05558846572443938
nfix,pond,Probe,50,intercept_fit,32,1.0,0.08443214846561205,0.48,0.4962228517469311,0.04051133277562976
nfix,pond,Probe,50,intercept_fit,33,1.0,0.0022892090613516928,0.46,0.4962228517469311,0.04656771710307034
nfix,pond,Probe,50,intercept_fit,34,1.0,-0.8104241370137371,0.44,0.4962228517469311,0.17725170491874503
nfix,pond,Probe,50,intercept_fit,35,1.0,-0.7861640493994412,0.44,0.4962228517469311,0.17298539897281814
nfix,pond,Probe,50,intercept_fit,36,1.0,-0.7122494093515701,0.36,0.4962228517469311,0.15988017605675545
nfix,pond,Probe,50,intercept_fit,37,1.0,-1.0357062582103693,0.38,0.4962228517469311,0.21594072152980362
nfix,pond,Probe,50,intercept_fit,38,1.0,0.41218169016436035,0.48,0.4962228517469311,0.051434359866683446
nfix,pond,Probe,50,intercept_fit,39,1.0,-0.9235601636354928,0.38,0.4962228517469311,0.19690259128538545
nfix,pond,Probe,50,intercept_fit,40,1.0,0.232987999738427,0.46,0.4962228517469311,0.03712534888612431
nfix,pond,Probe,50,intercept_fit,41,1.0,0.28526288897189517,0.6,0.4962228517469311,0.038647691992166514
nfix,pond,Probe,50,intercept_fit,42,1.0,0.2096780464462725,0.42,0.4962228517469311,0.03710082352653114
nfix,pond,Probe,50,intercept_fit,43,1.0,1.180635216542292,0.54,0.4962228517469311,0.17653029612885832
nfix,pond,Probe,50,intercept_fit,44,1.0,0.2893905937807842,0.52,0.4962228517469311,0.038860954996090144
nfix,pond,Probe,50,intercept_fit,45,1.0,0.29920064684973136,0.52,0.4962228517469311,0.03920811486151583
nfix,pond,Probe,50,intercept_fit,46,1.0,-0.5385024995502167,0.32,0.4962228517469311,0.12852957212993246
nfix,pond,Probe,50,intercept_fit,47,1.0,0.2938246992624358,0.48,0.4962228517469311,0.038884760209728184
nfix,pond,Probe,50,intercept_fit,48,1.0,-0.2242504785563003,0.42,0.4962228517469311,0.07613929944725073
nfix,pond,Probe,50,intercept_fit,49,1.0,0.21602037247516123,0.42,0.4962228517469311,0.03686917623900275
nfix,pond,Probe,50,intercept_fit,50,1.0,0.009163832261738248,0.4,0.4962228517469311,0.04593901512398386
nfix,pond,Probe,50,intercept_fit,51,1.0,0.24130563756820705,0.4,0.4962228517469311,0.03730852670369517
nfix,pond,Probe,50,intercept_fit,52,1.0,0.4207487124620091,0.58,0.4962228517469311,0.052552970147863684
nfix,pond,Probe,50,intercept_fit,53,1.0,0.6187350942360276,0.5,0.4962228517469311,0.08388901062872922
nfix,pond,Probe,50,intercept_fit,54,1.0,-0.2897540880075733,0.54,0.4962228517469311,0.08592563191004676
nfix,pond,Probe,50,intercept_fit,55,1.0,-0.19572137636993653,0.5,0.4962228517469311,0.07210210864361127
nfix,pond,Probe,50,intercept_fit,56,1.0,-1.1626621371550119,0.36,0.4962228517469311,0.23691134131371305
nfix,pond,Probe,50,intercept_fit,57,1.0,0.11546451103450768,0.54,0.4962228517469311,0.03858190734036037
nfix,pond,Probe,50,intercept_fit,58,1.0,-0.10840649442537452,0.44,0.4962228517469311,0.06007064310488618
nfix,pond,Probe,50,intercept_fit,59,1.0,-0.3697533182907945,0.4,0.4962228517469311,0.0985933531543299
nfix,pond,Probe,50,intercept_fit,60,1.0,-0.11025227627524453,0.48,0.4962228517469311,0.060332048359730155
nfix,pond,Probe,50,intercept_fit,61,1.0,0.4957828760735566,0.58,0.4962228517469311,0.06279693478495858
nfix,pond,Probe,50,intercept_fit,62,1.0,0.4124950119709615,0.52,0.4962228517469311,0.051478217792968205
nfix,pond,Probe,50,intercept_fit,63,1.0,-1.7061320666274482,0.26,0.4962228517469311,0.3184113267015844
nfix,pond,Probe,50,intercept_fit,64,1.0,-1.0227761096945434,0.28,0.4962228517469311,0.21377180798962975
nfix,pond,Probe,50,intercept_fit,65,1.0,1.4543944092124557,0.72,0.4962228517469311,0.21675339752197106
nfix,pond,Probe,50,intercept_fit,66,1.0,-0.9199084371217583,0.42,0.4962228517469311,0.19627498667066323
nfix,pond,Probe,50,intercept_fit,67,1.0,-0.8108741857367656,0.48,0.4962228517469311,0.1773305460815795
nfix,pond,Probe,50,intercept_fit,68,1.0,0.674919317062427,0.7,0.4962228517469311,0.09367616170598546
nfix,pond,Probe,50,intercept_fit,69,1.0,-0.9569164562981822,0.38,0.4962228517469311,0.2026102459254044
nfix,pond,Probe,50,intercept_fit,70,1.0,-0.6227407780826906,0.54,0.4962228517469311,0.1438170964938655
nfix,pond,Probe,50,intercept_fit,71,1.0,-0.032437842896807796,0.48,0.4962228517469311,0.05024125223753699
nfix,pond,Probe,50,intercept_fit,72,1.0,0.481652788260072,0.44,0.4962228517469311,0.060746796114145116
nfix,pond,Probe,50,intercept_fit,73,1.0,0.3839600292312811,0.48,0.4962228517469311,0.04778864954029795
nfix,pond,Probe,50,intercept_fit,74,1.0,-0.23203545298687867,0.34,0.4962228517469311,0.07727893098776979
nfix,pond,Probe,50,intercept_fit,75,1.0,0.5191021451620806,0.52,0.4962228517469311,0.06639446083138874
nfix,pond,Probe,50,intercept_fit,76,1.0,0.2874833345555999,0.34,0.4962228517469311,0.03876230454867884
nfix,pond,Probe,50,intercept_fit,77,1.0,-0.5626759450577877,0.42,0.4962228517469311,0.13293227914472328
nfix,pond,Probe,50,intercept_fit,78,1.0,-0.7256919735385001,0.42,0.4962228517469311,0.16227484989896762
nfix,pond,Probe,50,intercept_fit,79,1.0,-0.21553162846536775,0.26,0.4962228517469311,0.07492303379765326
nfix,pond,Probe,50,intercept_fit,80,1.0,-0.5678456200879969,0.52,0.4962228517469311,0.13387220931199173
nfix,pond,Probe,50,intercept_fit,81,1.0,-0.5743228154691747,0.26,0.4962228517469311,0.13504878783096727
nfix,pond,Probe,50,intercept_fit,82,1.0,0.16459111547462843,0.52,0.4962228517469311,0.03702986708113415
nfix,pond,Probe,50,intercept_fit,83,1.0,0.6221327556856188,0.34,0.4962228517469311,0.08448398958452265
nfix,pond,Probe,50,intercept_fit,84,1.0,0.49120590100489914,0.6,0.4962228517469311,0.06214698638183109
nfix,pond,Probe,50,intercept_fit,85,1.0,0.004810939495667069,0.36,0.4962228517469311,0.046336092547629326
nfix,pond,Probe,50,intercept_fit,86,1.0,0.24006117660976722,0.46,0.4962228517469311,0.03727821464455856
nfix,pond,Probe,50,intercept_fit,87,1.0,0.661022383036152,0.6,0.4962228517469311,0.09126507900571852
nfix,pond,Probe,50,intercept_fit,88,1.0,0.29980136201102553,0.58,0.4962228517469311,0.039246244487805663
nfix,pond,Probe,50,intercept_fit,89,1.0,-0.2569427644605966,0.4,0.4962228517469311,0.08098341740797764
nfix,pond,Probe,50,intercept_fit,90,1.0,-0.8322457193235954,0.32,0.4962228517469311,0.1810735862391339
nfix,pond,Probe,50,intercept_fit,91,1.0,0.5500505193699691,0.56,0.4962228517469311,0.07179119581445083
nfix,pond,Probe,50,intercept_fit,92,1.0,-0.9846021458223313,0.34,0.4962228517469311,0.20732507905304204
nfix,pond,Probe,50,intercept_fit,93,1.0,-1.6307772994968195,0.32,0.4962228517469311,0.3079973498839327
nfix,pond,Probe,50,intercept_fit,94,1.0,-0.377339918469861,0.46,0.4962228517469311,0.09982842501258657
nfix,pond,Probe,50,intercept_fit,95,1.0,-0.7746816908932059,0.38,0.4962228517469311,0.17095953815894513
nfix,pond,Probe,50,intercept_fit,96,1.0,0.39580337250628933,0.54,0.4962228517469311,0.04932634832810594
nfix,pond,Probe,50,intercept_fit,97,1.0,-1.6373092129041713,0.34,0.4962228517469311,0.3089115261952881
nfix,pond,Probe,50,intercept_fit,98,1.0,0.029240828311162956,0.3,0.4962228517469311,0.04435180388008998
nfix,pond,Probe,50,intercept_fit,99,1.0,-0.00023972983503463413,0.36,0.4962228517469311,0.04680068991364382
nfix,pond,NTP,50,intercept_fit,0,1.0,-0.5479747402969118,0.42,0.4962228517469311,0.046722830249131646
nfix,pond,NTP,50,intercept_fit,1,1.0,-0.9471588467563441,0.36,0.4962228517469311,0.12413301133372237
nfix,pond,NTP,50,intercept_fit,2,1.0,-0.7200658924796942,0.44,0.4962228517469311,0.07972937357392533
nfix,pond,NTP,50,intercept_fit,3,1.0,-0.6773203332026247,0.48,0.4962228517469311,0.07123577819350543
nfix,pond,NTP,50,intercept_fit,4,1.0,-0.2579953289079755,0.52,0.4962228517469311,0.0331404286728203
nfix,pond,NTP,50,intercept_fit,5,1.0,-1.1978036750529424,0.28,0.4962228517469311,0.17143016514874931
nfix,pond,NTP,50,intercept_fit,6,1.0,-0.7749880782156316,0.42,0.4962228517469311,0.09058464292541323
nfix,pond,NTP,50,intercept_fit,7,1.0,-0.3560009300350039,0.5,0.4962228517469311,0.0298780526252542
nfix,pond,NTP,50,intercept_fit,8,1.0,-0.38714927900390966,0.48,0.4962228517469311,0.030002049180602664
nfix,pond,NTP,50,intercept_fit,9,1.0,-1.3996048414349054,0.26,0.4962228517469311,0.20789427647891742
nfix,pond,NTP,50,intercept_fit,10,1.0,-0.8717005550548376,0.38,0.4962228517469311,0.10952406358951046
nfix,pond,NTP,50,intercept_fit,11,1.0,0.14793771959727586,0.6,0.4962228517469311,0.094700466230453
nfix,pond,NTP,50,intercept_fit,12,1.0,-0.9964035928375774,0.34,0.4962228517469311,0.13358105151839494
nfix,pond,NTP,50,intercept_fit,13,1.0,-0.6575356139885681,0.4,0.4962228517469311,0.06729234436446437
nfix,pond,NTP,50,intercept_fit,14,1.0,-0.6520634901580765,0.4,0.4962228517469311,0.06620038222556565
nfix,pond,NTP,50,intercept_fit,15,1.0,-0.418278111234344,0.48,0.4962228517469311,0.030909959014001464
nfix,pond,NTP,50,intercept_fit,16,1.0,-0.4416036777663278,0.52,0.4962228517469311,0.03218846005668808
nfix,pond,NTP,50,intercept_fit,17,1.0,-1.1668027272415138,0.32,0.4962228517469311,0.16569385824997887
nfix,pond,NTP,50,intercept_fit,18,1.0,-1.2233143148727752,0.32,0.4962228517469311,0.17612603754980757
nfix,pond,NTP,50,intercept_fit,19,1.0,-0.6555957374599587,0.42,0.4962228517469311,0.06690532937960418
nfix,pond,NTP,50,intercept_fit,20,1.0,-1.6368264271792694,0.32,0.4962228517469311,0.2486102725375745
nfix,pond,NTP,50,intercept_fit,21,1.0,-0.8017050337023368,0.4,0.4962228517469311,0.09583966304809027
nfix,pond,NTP,50,intercept_fit,22,1.0,-0.08943185074437796,0.52,0.4962228517469311,0.051599482833673764
nfix,pond,NTP,50,intercept_fit,23,1.0,-1.4337780589028115,0.34,0.4962228517469311,0.21391155199674514
nfix,pond,NTP,50,intercept_fit,24,1.0,-1.058181754161248,0.36,0.4962228517469311,0.1453314577523807
nfix,pond,NTP,50,intercept_fit,25,1.0,-0.5848812786014407,0.42,0.4962228517469311,0.05285481182742002
nfix,pond,NTP,50,intercept_fit,26,1.0,-0.8096941993838571,0.42,0.4962228517469311,0.09740796806540461
nfix,pond,NTP,50,intercept_fit,27,1.0,-1.4234277730103835,0.32,0.4962228517469311,0.21208988007080792
nfix,pond,NTP,50,intercept_fit,28,1.0,-0.2961362987563111,0.54,0.4962228517469311,0.031179387606264538
nfix,pond,NTP,50,intercept_fit,29,1.0,-0.11699841560796899,0.54,0.4962228517469311,0.04773528332451754
nfix,pond,NTP,50,intercept_fit,30,1.0,-0.6723074944437892,0.44,0.4962228517469311,0.0702373335509756
nfix,pond,NTP,50,intercept_fit,31,1.0,-0.7333506506934125,0.44,0.4962228517469311,0.08236123783968863
nfix,pond,NTP,50,intercept_fit,32,1.0,-0.542134665957318,0.48,0.4962228517469311,0.045801344292065636
nfix,pond,NTP,50,intercept_fit,33,1.0,-0.3638201756780709,0.46,0.4962228517469311,0.029803296206546127
nfix,pond,NTP,50,intercept_fit,34,1.0,-0.8406383041495025,0.44,0.4962228517469311,0.10346683150109423
nfix,pond,NTP,50,intercept_fit,35,1.0,-0.6269418331847179,0.44,0.4962228517469311,0.06118052677679157
nfix,pond,NTP,50,intercept_fit,36,1.0,-0.9137741790980815,0.36,0.4962228517469311,0.11768874872555203
nfix,pond,NTP,50,intercept_fit,37,1.0,-0.8460307796483538,0.38,0.4962228517469311,0.10451985976744958
nfix,pond,NTP,50,intercept_fit,38,1.0,-0.5396924663917579,0.48,0.4962228517469311,0.045353500489562014
nfix,pond,NTP,50,intercept_fit,39,1.0,-0.9850897226975929,0.38,0.4962228517469311,0.13141691435502614
nfix,pond,NTP,50,intercept_fit,40,1.0,-0.5340212912019544,0.46,0.4962228517469311,0.04449116302604591
nfix,pond,NTP,50,intercept_fit,41,1.0,-0.051128469967578624,0.6,0.4962228517469311,0.05741742298021987
nfix,pond,NTP,50,intercept_fit,42,1.0,-0.5829504669372604,0.42,0.4962228517469311,0.05255674987864149
nfix,pond,NTP,50,intercept_fit,43,1.0,-0.24973696020337896,0.54,0.4962228517469311,0.0339090199443146
nfix,pond,NTP,50,intercept_fit,44,1.0,-0.4475400950660203,0.52,0.4962228517469311,0.03290683141491318
nfix,pond,NTP,50,intercept_fit,45,1.0,-0.5077131044367418,0.52,0.4962228517469311,0.04049060999121553
nfix,pond,NTP,50,intercept_fit,46,1.0,-1.0202947280164998,0.32,0.4962228517469311,0.13813929466233793
nfix,pond,NTP,50,intercept_fit,47,1.0,-0.3677907244236432,0.48,0.4962228517469311,0.029786820820819855
nfix,pond,NTP,50,intercept_fit,48,1.0,-0.9172562319197116,0.42,0.4962228517469311,0.11836226451695539
nfix,pond,NTP,50,intercept_fit,49,1.0,-0.9310721109269278,0.42,0.4962228517469311,0.12103183783139111
nfix,pond,NTP,50,intercept_fit,50,1.0,-1.051316884928832,0.4,0.4962228517469311,0.14403151008623552
nfix,pond,NTP,50,intercept_fit,51,1.0,-0.7271468202461702,0.4,0.4962228517469311,0.08113263518883038
nfix,pond,NTP,50,intercept_fit,52,1.0,0.0873320399725816,0.58,0.4962228517469311,0.0827501215430457
nfix,pond,NTP,50,intercept_fit,53,1.0,-0.34736643652814125,0.5,0.4962228517469311,0.030031490606841783
nfix,pond,NTP,50,intercept_fit,54,1.0,-0.3227804579956815,0.54,0.4962228517469311,0.030277463632999223
nfix,pond,NTP,50,intercept_fit,55,1.0,-0.23228503654031213,0.5,0.4962228517469311,0.03481429389581291
nfix,pond,NTP,50,intercept_fit,56,1.0,-1.012298310861931,0.36,0.4962228517469311,0.1366157988536797
nfix,pond,NTP,50,intercept_fit,57,1.0,-0.2263524036755193,0.54,0.4962228517469311,0.03548024151266466
nfix,pond,NTP,50,intercept_fit,58,1.0,-0.5782719822909812,0.44,0.4962228517469311,0.051752084356201704
nfix,pond,NTP,50,intercept_fit,59,1.0,-0.9237017769598294,0.4,0.4962228517469311,0.11960836093127966
nfix,pond,NTP,50,intercept_fit,60,1.0,-0.40631978082759124,0.48,0.4962228517469311,0.030172849706921974
nfix,pond,NTP,50,intercept_fit,61,1.0,0.01397267374518839,0.58,0.4962228517469311,0.06819524617936865
nfix,pond,NTP,50,intercept_fit,62,1.0,-0.3484584946721665,0.52,0.4962228517469311,0.0300125482625598
nfix,pond,NTP,50,intercept_fit,63,1.0,-1.305407662490193,0.26,0.4962228517469311,0.19106465433885508
nfix,pond,NTP,50,intercept_fit,64,1.0,-1.2460106200402516,0.28,0.4962228517469311,0.18027801661284149
nfix,pond,NTP,50,intercept_fit,65,1.0,0.5816025567569754,0.72,0.4962228517469311,0.1764772949328564
nfix,pond,NTP,50,intercept_fit,66,1.0,-0.81041003690447,0.42,0.4962228517469311,0.09754844368899494
nfix,pond,NTP,50,intercept_fit,67,1.0,-0.8040582791482402,0.48,0.4962228517469311,0.09630187057844417
nfix,pond,NTP,50,intercept_fit,68,1.0,0.42081380573917454,0.7,0.4962228517469311,0.14706958699556646
nfix,pond,NTP,50,intercept_fit,69,1.0,-0.9837966238511168,0.38,0.4962228517469311,0.13116928412947218
nfix,pond,NTP,50,intercept_fit,70,1.0,-0.7703529471336704,0.54,0.4962228517469311,0.0896711984977607
nfix,pond,NTP,50,intercept_fit,71,1.0,-0.6392939815642636,0.48,0.4962228517469311,0.06365016907564977
nfix,pond,NTP,50,intercept_fit,72,1.0,-0.31218611576428434,0.44,0.4962228517469311,0.03079138774490536
nfix,pond,NTP,50,intercept_fit,73,1.0,-0.3377727742540019,0.48,0.4962228517469311,0.029717237258009992
nfix,pond,NTP,50,intercept_fit,74,1.0,-1.0689881364391678,0.34,0.4962228517469311,0.14737519179508657
nfix,pond,NTP,50,intercept_fit,75,1.0,-0.1411794664572424,0.52,0.4962228517469311,0.04469134997267414
nfix,pond,NTP,50,intercept_fit,76,1.0,-1.069145030653527,0.34,0.4962228517469311,0.1474048256709225
nfix,pond,NTP,50,intercept_fit,77,1.0,-0.7576562461285787,0.42,0.4962228517469311,0.08716634682671053
nfix,pond,NTP,50,intercept_fit,78,1.0,-0.9501971319366039,0.42,0.4962228517469311,0.12471811971827282
nfix,pond,NTP,50,intercept_fit,79,1.0,-1.115076448172356,0.26,0.4962228517469311,0.15604538603440318
nfix,pond,NTP,50,intercept_fit,80,1.0,-0.42540634194435883,0.52,0.4962228517469311,0.03099787653623275
nfix,pond,NTP,50,intercept_fit,81,1.0,-1.4304598730435507,0.26,0.4962228517469311,0.2133319519955073
nfix,pond,NTP,50,intercept_fit,82,1.0,-0.14451879274323473,0.52,0.4962228517469311,0.04414891450850124
nfix,pond,NTP,50,intercept_fit,83,1.0,-1.0311881815154202,0.34,0.4962228517469311,0.1402117615937796
nfix,pond,NTP,50,intercept_fit,84,1.0,-0.0023747530358753364,0.6,0.4962228517469311,0.06527490157450942
nfix,pond,NTP,50,intercept_fit,85,1.0,-0.9341580695728179,0.36,0.4962228517469311,0.12162723089947856
nfix,pond,NTP,50,intercept_fit,86,1.0,-0.7028982448149996,0.46,0.4962228517469311,0.07632263578521002
nfix,pond,NTP,50,intercept_fit,87,1.0,0.19778598047739035,0.6,0.4962228517469311,0.10445670064208401
nfix,pond,NTP,50,intercept_fit,88,1.0,-0.06979085481476323,0.58,0.4962228517469311,0.0546379184306177
nfix,pond,NTP,50,intercept_fit,89,1.0,-0.86180843399899,0.4,0.4962228517469311,0.10759766700277928
nfix,pond,NTP,50,intercept_fit,90,1.0,-1.0665482619427773,0.32,0.4962228517469311,0.1469142277057539
nfix,pond,NTP,50,intercept_fit,91,1.0,0.08080293622696529,0.56,0.4962228517469311,0.08145735289904515
nfix,pond,NTP,50,intercept_fit,92,1.0,-0.97051123036177,0.34,0.4962228517469311,0.1286221784472584
nfix,pond,NTP,50,intercept_fit,93,1.0,-1.323409615421258,0.32,0.4962228517469311,0.19431514491819868
nfix,pond,NTP,50,intercept_fit,94,1.0,-0.717075106475493,0.46,0.4962228517469311,0.07913630153059678
nfix,pond,NTP,50,intercept_fit,95,1.0,-0.9484002315509535,0.38,0.4962228517469311,0.12437210878374441
nfix,pond,NTP,50,intercept_fit,96,1.0,-0.3610779834413543,0.54,0.4962228517469311,0.029827911878969014
nfix,pond,NTP,50,intercept_fit,97,1.0,-1.169683299507861,0.34,0.4962228517469311,0.1662280058864445
nfix,pond,NTP,50,intercept_fit,98,1.0,-1.2126635401901296,0.3,0.4962228517469311,0.17416489082355927
nfix,pond,NTP,50,intercept_fit,99,1.0,-0.9894251204933487,0.36,0.4962228517469311,0.13224671274401956
nfix,pond,Probe,1000,intercept_fit,0,1.0,-0.0452839437240431,0.441,0.4962228517469311,0.05181106483153984
nfix,pond,Probe,1000,intercept_fit,1,1.0,-0.4510737173144861,0.363,0.4962228517469311,0.1125323763385955
nfix,pond,Probe,1000,intercept_fit,2,1.0,-0.6780944086170285,0.42,0.4962228517469311,0.15377436811831266
nfix,pond,Probe,1000,intercept_fit,3,1.0,0.08746000547427642,0.387,0.4962228517469311,0.04028888229620702
nfix,pond,Probe,1000,intercept_fit,4,1.0,0.7795671144626679,0.587,0.4962228517469311,0.11162424811622317
nfix,pond,Probe,1000,intercept_fit,5,1.0,-1.0201320894359667,0.299,0.4962228517469311,0.21332711437150118
nfix,pond,Probe,1000,intercept_fit,6,1.0,-0.05034811441533599,0.404,0.4962228517469311,0.052472194499115755
nfix,pond,Probe,1000,intercept_fit,7,1.0,-0.08112165774315289,0.447,0.4962228517469311,0.056463823587051556
nfix,pond,Probe,1000,intercept_fit,8,1.0,-0.5762856452462415,0.461,0.4962228517469311,0.13540491838593172
nfix,pond,Probe,1000,intercept_fit,9,1.0,-0.35867918865775206,0.298,0.4962228517469311,0.09675803535599958
nfix,pond,Probe,1000,intercept_fit,10,1.0,-0.460586747676499,0.452,0.4962228517469311,0.11426589449342403
nfix,pond,Probe,1000,intercept_fit,11,1.0,0.45983565635575174,0.534,0.4962228517469311,0.05770100229936927
nfix,pond,Probe,1000,intercept_fit,12,1.0,-0.274895254515936,0.388,0.4962228517469311,0.08365586010041122
nfix,pond,Probe,1000,intercept_fit,13,1.0,-0.4289944865287561,0.358,0.4962228517469311,0.10862132002825775
nfix,pond,Probe,1000,intercept_fit,14,1.0,-0.19196691096047236,0.446,0.4962228517469311,0.07153626849032467
nfix,pond,Probe,1000,intercept_fit,15,1.0,-0.1987819102717064,0.475,0.4962228517469311,0.07250348337382952
nfix,pond,Probe,1000,intercept_fit,16,1.0,-0.4883914484715851,0.507,0.4962228517469311,0.1193683527385138
nfix,pond,Probe,1000,intercept_fit,17,1.0,-0.32772582536712264,0.437,0.4962228517469311,0.09178627073185018
nfix,pond,Probe,1000,intercept_fit,18,1.0,-0.4028512768615094,0.414,0.4962228517469311,0.10411989640904262
nfix,pond,Probe,1000,intercept_fit,19,1.0,-0.7100091570117688,0.407,0.4962228517469311,0.15948112581491364
nfix,pond,Probe,1000,intercept_fit,20,1.0,0.1458022016706002,0.524,0.4962228517469311,0.037467088065182716
nfix,pond,Probe,1000,intercept_fit,21,1.0,-0.209807501441396,0.448,0.4962228517469311,0.07411100560975152
nfix,pond,Probe,1000,intercept_fit,22,1.0,0.1472777742337786,0.528,0.4962228517469311,0.03742412057387434
nfix,pond,Probe,1000,intercept_fit,23,1.0,-0.006082839931161809,0.404,0.4962228517469311,0.04731416701315286
nfix,pond,Probe,1000,intercept_fit,24,1.0,-0.780752706331836,0.414,0.4962228517469311,0.17203070544305224
nfix,pond,Probe,1000,intercept_fit,25,1.0,-0.4645473375424486,0.365,0.4962228517469311,0.11499281774842281
nfix,pond,Probe,1000,intercept_fit,26,1.0,-1.0146678506733662,0.376,0.4962228517469311,0.21240731709509603
nfix,pond,Probe,1000,intercept_fit,27,1.0,-0.42570316851353013,0.42,0.4962228517469311,0.10805093140896214
nfix,pond,Probe,1000,intercept_fit,28,1.0,-0.6781361917168782,0.483,0.4962228517469311,0.15378184988175914
nfix,pond,Probe,1000,intercept_fit,29,1.0,-0.7528454129645525,0.451,0.4962228517469311,0.1670966972451945
nfix,pond,Probe,1000,intercept_fit,30,1.0,0.270535547062799,0.448,0.4962228517469311,0.037986120469844196
nfix,pond,Probe,1000,intercept_fit,31,1.0,0.5797148570401434,0.456,0.4962228517469311,0.07703342390402447
nfix,pond,Probe,1000,intercept_fit,32,1.0,-0.20053585659892495,0.464,0.4962228517469311,0.07276838433447966
nfix,pond,Probe,1000,intercept_fit,33,1.0,0.0371062988031271,0.464,0.4962228517469311,0.043800502210938064
nfix,pond,Probe,1000,intercept_fit,34,1.0,-0.5038741222784728,0.402,0.4962228517469311,0.12220400463120122
nfix,pond,Probe,1000,intercept_fit,35,1.0,-0.5625626131608031,0.468,0.4962228517469311,0.1329116882527963
nfix,pond,Probe,1000,intercept_fit,36,1.0,-0.4267388778986687,0.46,0.4962228517469311,0.10823307242984956
nfix,pond,Probe,1000,intercept_fit,37,1.0,-0.8780474025957686,0.448,0.4962228517469311,0.18904771373447912
nfix,pond,Probe,1000,intercept_fit,38,1.0,0.4939126286373661,0.496,0.4962228517469311,0.06250428326412492
nfix,pond,Probe,1000,intercept_fit,39,1.0,-0.7100917802803741,0.448,0.4962228517469311,0.15949584391375005
nfix,pond,Probe,1000,intercept_fit,40,1.0,-0.16339391050346672,0.381,0.4962228517469311,0.06753502071118236
nfix,pond,Probe,1000,intercept_fit,41,1.0,-0.08724374982829547,0.532,0.4962228517469311,0.05726216193613925
nfix,pond,Probe,1000,intercept_fit,42,1.0,-0.21559476475416592,0.345,0.4962228517469311,0.07493267553637467
nfix,pond,Probe,1000,intercept_fit,43,1.0,-0.07800982368730124,0.473,0.4962228517469311,0.05603372457324723
nfix,pond,Probe,1000,intercept_fit,44,1.0,0.2126858146496705,0.513,0.4962228517469311,0.036838480840920826
nfix,pond,Probe,1000,intercept_fit,45,1.0,0.36616581107463797,0.432,0.4962228517469311,0.045618001741045994
nfix,pond,Probe,1000,intercept_fit,46,1.0,-0.9265085606867204,0.346,0.4962228517469311,0.19740801375571196
nfix,pond,Probe,1000,intercept_fit,47,1.0,-0.10402663860227794,0.425,0.4962228517469311,0.05950741132025433
nfix,pond,Probe,1000,intercept_fit,48,1.0,-0.2265307188488903,0.424,0.4962228517469311,0.07648871848114518
nfix,pond,Probe,1000,intercept_fit,49,1.0,0.10717165949073462,0.405,0.4962228517469311,0.03901104970587286
nfix,pond,Probe,1000,intercept_fit,50,1.0,-0.03552943692518323,0.33,0.4962228517469311,0.05063326019897557
nfix,pond,Probe,1000,intercept_fit,51,1.0,1.1607603462593403,0.599,0.4962228517469311,0.1734742747430077
nfix,pond,Probe,1000,intercept_fit,52,1.0,-0.18922052594435848,0.501,0.4962228517469311,0.07118696496073385
nfix,pond,Probe,1000,intercept_fit,53,1.0,0.32439299656654486,0.417,0.4962228517469311,0.04098444803192488
nfix,pond,Probe,1000,intercept_fit,54,1.0,-0.7829394865174334,0.45,0.4962228517469311,0.17241613935753153
nfix,pond,Probe,1000,intercept_fit,55,1.0,-0.1890702157860225,0.481,0.4962228517469311,0.07116447881029415
nfix,pond,Probe,1000,intercept_fit,56,1.0,-0.23564117516327257,0.515,0.4962228517469311,0.07783594448158423
nfix,pond,Probe,1000,intercept_fit,57,1.0,0.1642673362646186,0.478,0.4962228517469311,0.03703559394590811
nfix,pond,Probe,1000,intercept_fit,58,1.0,0.0288222776631356,0.475,0.4962228517469311,0.044386793204058396
nfix,pond,Probe,1000,intercept_fit,59,1.0,-0.08868469976266904,0.393,0.4962228517469311,0.05746230666763768
nfix,pond,Probe,1000,intercept_fit,60,1.0,-0.2940924961817945,0.477,0.4962228517469311,0.08657476018215181
nfix,pond,Probe,1000,intercept_fit,61,1.0,0.27366306506873334,0.512,0.4962228517469311,0.0381146510748778
nfix,pond,Probe,1000,intercept_fit,62,1.0,-0.3780739606949967,0.382,0.4962228517469311,0.09995319777011198
nfix,pond,Probe,1000,intercept_fit,63,1.0,-0.6653661557655637,0.427,0.4962228517469311,0.15149195237123525
nfix,pond,Probe,1000,intercept_fit,64,1.0,-0.8894381263902655,0.304,0.4962228517469311,0.19101851699054567
nfix,pond,Probe,1000,intercept_fit,65,1.0,0.2956422309965733,0.525,0.4962228517469311,0.038993729168913756
nfix,pond,Probe,1000,intercept_fit,66,1.0,-0.23451442194917238,0.489,0.4962228517469311,0.07766179938800091
nfix,pond,Probe,1000,intercept_fit,67,1.0,-0.5772950816662588,0.45,0.4962228517469311,0.1355880367757239
nfix,pond,Probe,1000,intercept_fit,68,1.0,0.19463374552355459,0.58,0.4962228517469311,0.03704924071999182
nfix,pond,Probe,1000,intercept_fit,69,1.0,-0.9002476859387487,0.38,0.4962228517469311,0.1928888974426008
nfix,pond,Probe,1000,intercept_fit,70,1.0,-0.22475354732854672,0.537,0.4962228517469311,0.07621635806146582
nfix,pond,Probe,1000,intercept_fit,71,1.0,0.035987754208404416,0.433,0.4962228517469311,0.043891102861281714
nfix,pond,Probe,1000,intercept_fit,72,1.0,0.08157901539081841,0.432,0.4962228517469311,0.0407212453580575
nfix,pond,Probe,1000,intercept_fit,73,1.0,0.18869294667713296,0.43,0.4962228517469311,0.03706095579382394
nfix,pond,Probe,1000,intercept_fit,74,1.0,-0.28856557290703266,0.396,0.4962228517469311,0.08573541398769755
nfix,pond,Probe,1000,intercept_fit,75,1.0,0.1471361566537692,0.528,0.4962228517469311,0.037427948294487125
nfix,pond,Probe,1000,intercept_fit,76,1.0,-0.09425994956508525,0.343,0.4962228517469311,0.058186539601002264
nfix,pond,Probe,1000,intercept_fit,77,1.0,-0.7919187361898009,0.368,0.4962228517469311,0.17399923265686126
nfix,pond,Probe,1000,intercept_fit,78,1.0,-0.8216240774591632,0.36,0.4962228517469311,0.17921546034918298
nfix,pond,Probe,1000,intercept_fit,79,1.0,-0.14413814391027757,0.358,0.4962228517469311,0.06490029160361022
nfix,pond,Probe,1000,intercept_fit,80,1.0,-0.40153990881068574,0.528,0.4962228517469311,0.10389355480552902
nfix,pond,Probe,1000,intercept_fit,81,1.0,-0.35231213843213266,0.33,0.4962228517469311,0.09572252336519485
nfix,pond,Probe,1000,intercept_fit,82,1.0,-0.3273362102186495,0.462,0.4962228517469311,0.09175826951178923
nfix,pond,Probe,1000,intercept_fit,83,1.0,0.041260951036323254,0.331,0.4962228517469311,0.04346477317733637
nfix,pond,Probe,1000,intercept_fit,84,1.0,-0.043744834179127806,0.503,0.4962228517469311,0.051653143049890264
nfix,pond,Probe,1000,intercept_fit,85,1.0,0.1068521113774221,0.376,0.4962228517469311,0.039033896700121626
nfix,pond,Probe,1000,intercept_fit,86,1.0,0.14478869562058072,0.443,0.4962228517469311,0.037498507870566695
nfix,pond,Probe,1000,intercept_fit,87,1.0,0.01155488719688977,0.51,0.4962228517469311,0.04579292973478594
nfix,pond,Probe,1000,intercept_fit,88,1.0,-0.25059700566015763,0.495,0.4962228517469311,0.0800457762585684
nfix,pond,Probe,1000,intercept_fit,89,1.0,-0.2974080860489705,0.4,0.4962228517469311,0.08706193521555462
nfix,pond,Probe,1000,intercept_fit,90,1.0,-0.3802842933373843,0.376,0.4962228517469311,0.10032894748351713
nfix,pond,Probe,1000,intercept_fit,91,1.0,0.4536503508125252,0.533,0.4962228517469311,0.056869990084939155
nfix,pond,Probe,1000,intercept_fit,92,1.0,-0.8565266110742684,0.414,0.4962228517469311,0.18530843450479983
nfix,pond,Probe,1000,intercept_fit,93,1.0,-1.0411350491562232,0.378,0.4962228517469311,0.21685359112000066
nfix,pond,Probe,1000,intercept_fit,94,1.0,-0.21791564467014096,0.356,0.4962228517469311,0.07522864713759972
nfix,pond,Probe,1000,intercept_fit,95,1.0,-1.0870665022534176,0.404,0.4962228517469311,0.22450389483842836
nfix,pond,Probe,1000,intercept_fit,96,1.0,0.49043650723516796,0.542,0.4962228517469311,0.06202847552364802
nfix,pond,Probe,1000,intercept_fit,97,1.0,-0.8036061706305414,0.486,0.4962228517469311,0.1760537617442714
nfix,pond,Probe,1000,intercept_fit,98,1.0,-0.20966625511668266,0.361,0.4962228517469311,0.07408959129085747
nfix,pond,Probe,1000,intercept_fit,99,1.0,0.234969844010291,0.441,0.4962228517469311,0.037166309011238456
nfix,pond,NTP,1000,intercept_fit,0,1.0,-0.4700400977685661,0.441,0.4962228517469311,0.035156643560042625
nfix,pond,NTP,1000,intercept_fit,1,1.0,-0.9088268269419293,0.363,0.4962228517469311,0.11673119032374307
nfix,pond,NTP,1000,intercept_fit,2,1.0,-0.7986122833151342,0.42,0.4962228517469311,0.09523232292403208
nfix,pond,NTP,1000,intercept_fit,3,1.0,-0.8220143844892307,0.387,0.4962228517469311,0.09982290683915458
nfix,pond,NTP,1000,intercept_fit,4,1.0,0.058434819226282325,0.587,0.4962228517469311,0.07702245906757392
nfix,pond,NTP,1000,intercept_fit,5,1.0,-1.320636575219001,0.299,0.4962228517469311,0.19381710210053568
nfix,pond,NTP,1000,intercept_fit,6,1.0,-0.7158038914246275,0.404,0.4962228517469311,0.07888421140420755
nfix,pond,NTP,1000,intercept_fit,7,1.0,-0.5938743409109437,0.447,0.4962228517469311,0.054563640852289604
nfix,pond,NTP,1000,intercept_fit,8,1.0,-0.5370337914603369,0.461,0.4962228517469311,0.04486524661307496
nfix,pond,NTP,1000,intercept_fit,9,1.0,-1.1215119941546474,0.298,0.4962228517469311,0.15725112039972156
nfix,pond,NTP,1000,intercept_fit,10,1.0,-0.6554696651007338,0.452,0.4962228517469311,0.06688017494552023
nfix,pond,NTP,1000,intercept_fit,11,1.0,-0.21836579368815642,0.534,0.4962228517469311,0.036011805736531954
nfix,pond,NTP,1000,intercept_fit,12,1.0,-0.8875631804089217,0.388,0.4962228517469311,0.11260784644952421
nfix,pond,NTP,1000,intercept_fit,13,1.0,-1.0273602077087505,0.358,0.4962228517469311,0.13948371036048277
nfix,pond,NTP,1000,intercept_fit,14,1.0,-0.5836261999904179,0.446,0.4962228517469311,0.05268640881782844
nfix,pond,NTP,1000,intercept_fit,15,1.0,-0.5335779068149062,0.475,0.4962228517469311,0.04440935594455639
nfix,pond,NTP,1000,intercept_fit,16,1.0,-0.46028622134937625,0.507,0.4962228517469311,0.033949810533091915
nfix,pond,NTP,1000,intercept_fit,17,1.0,-0.6278490401736949,0.437,0.4962228517469311,0.06136198236677884
nfix,pond,NTP,1000,intercept_fit,18,1.0,-0.7559339755002806,0.414,0.4962228517469311,0.08682641850488237
nfix,pond,NTP,1000,intercept_fit,19,1.0,-0.7658518975430169,0.407,0.4962228517469311,0.08878369982831268
nfix,pond,NTP,1000,intercept_fit,20,1.0,-0.28142416356337,0.524,0.4962228517469311,0.032195187623160405
nfix,pond,NTP,1000,intercept_fit,21,1.0,-0.6465746277758194,0.448,0.4962228517469311,0.06510453855531008
nfix,pond,NTP,1000,intercept_fit,22,1.0,-0.20425045965700522,0.528,0.4962228517469311,0.03738858976452716
nfix,pond,NTP,1000,intercept_fit,23,1.0,-0.7955601468184076,0.404,0.4962228517469311,0.09463272723134969
nfix,pond,NTP,1000,intercept_fit,24,1.0,-0.8482633831076166,0.414,0.4962228517469311,0.10495593185858158
nfix,pond,NTP,1000,intercept_fit,25,1.0,-1.04206447610883,0.365,0.4962228517469311,0.14227763953726016
nfix,pond,NTP,1000,intercept_fit,26,1.0,-0.9440726097287577,0.376,0.4962228517469311,0.12353860777691798
nfix,pond,NTP,1000,intercept_fit,27,1.0,-0.8333612981020753,0.42,0.4962228517469311,0.10204399324631748
nfix,pond,NTP,1000,intercept_fit,28,1.0,-0.5685670796004678,0.483,0.4962228517469311,0.05001562786790968
nfix,pond,NTP,1000,intercept_fit,29,1.0,-0.6656513538113965,0.451,0.4962228517469311,0.06891086135960234
nfix,pond,NTP,1000,intercept_fit,30,1.0,-0.6506924028676166,0.448,0.4962228517469311,0.06592671561750811
nfix,pond,NTP,1000,intercept_fit,31,1.0,-0.5587624083535124,0.456,0.4962228517469311,0.0484238665335353
nfix,pond,NTP,1000,intercept_fit,32,1.0,-0.5372375136847205,0.464,0.4962228517469311,0.044902791478903005
nfix,pond,NTP,1000,intercept_fit,33,1.0,-0.4292954869879518,0.464,0.4962228517469311,0.0313423006174634
nfix,pond,NTP,1000,intercept_fit,34,1.0,-0.8109976649190976,0.402,0.4962228517469311,0.09766341243443015
nfix,pond,NTP,1000,intercept_fit,35,1.0,-0.5608880111824778,0.468,0.4962228517469311,0.048824838492574886
nfix,pond,NTP,1000,intercept_fit,36,1.0,-0.5577381661817169,0.46,0.4962228517469311,0.04823272478113254
nfix,pond,NTP,1000,intercept_fit,37,1.0,-0.6891583016333016,0.448,0.4962228517469311,0.07359171626040198
nfix,pond,NTP,1000,intercept_fit,38,1.0,-0.3856779588655062,0.496,0.4962228517469311,0.029963595848268756
nfix,pond,NTP,1000,intercept_fit,39,1.0,-0.6725443109062794,0.448,0.4962228517469311,0.07028451040303141
nfix,pond,NTP,1000,intercept_fit,40,1.0,-0.850291961924331,0.381,0.4962228517469311,0.10535204231533778
nfix,pond,NTP,1000,intercept_fit,41,1.0,-0.17789952014232685,0.532,0.4962228517469311,0.04009128720139235
nfix,pond,NTP,1000,intercept_fit,42,1.0,-0.970556542917063,0.345,0.4962228517469311,0.12863087646927993
nfix,pond,NTP,1000,intercept_fit,43,1.0,-0.5860850798281708,0.473,0.4962228517469311,0.053087838811543886
nfix,pond,NTP,1000,intercept_fit,44,1.0,-0.4159226939965046,0.513,0.4962228517469311,0.03074058456351822
nfix,pond,NTP,1000,intercept_fit,45,1.0,-0.6208837268871261,0.432,0.4962228517469311,0.05996838392514792
nfix,pond,NTP,1000,intercept_fit,46,1.0,-1.1420546769840536,0.346,0.4962228517469311,0.16108858788553773
nfix,pond,NTP,1000,intercept_fit,47,1.0,-0.7954567628986448,0.425,0.4962228517469311,0.09461240306315821
nfix,pond,NTP,1000,intercept_fit,48,1.0,-0.7137435350659828,0.424,0.4962228517469311,0.07847548101465478
nfix,pond,NTP,1000,intercept_fit,49,1.0,-0.8099387065577716,0.405,0.4962228517469311,0.09745595142556525
nfix,pond,NTP,1000,intercept_fit,50,1.0,-1.0964195927395184,0.33,0.4962228517469311,0.1525451224867207
nfix,pond,NTP,1000,intercept_fit,51,1.0,0.11014885480424008,0.599,0.4962228517469311,0.08725959705405592
nfix,pond,NTP,1000,intercept_fit,52,1.0,-0.34080452245824217,0.501,0.4962228517469311,0.03020775294182906
nfix,pond,NTP,1000,intercept_fit,53,1.0,-0.6317845758048293,0.417,0.4962228517469311,0.062149063974782634
nfix,pond,NTP,1000,intercept_fit,54,1.0,-0.708501393258563,0.45,0.4962228517469311,0.07743519538778787
nfix,pond,NTP,1000,intercept_fit,55,1.0,-0.41737631157360616,0.481,0.4962228517469311,0.03084546789597142
nfix,pond,NTP,1000,intercept_fit,56,1.0,-0.3911289322990546,0.515,0.4962228517469311,0.030092049421748313
nfix,pond,NTP,1000,intercept_fit,57,1.0,-0.4391771151457578,0.478,0.4962228517469311,0.03192417177376078
nfix,pond,NTP,1000,intercept_fit,58,1.0,-0.49319874087617543,0.475,0.4962228517469311,0.038338302280651916
nfix,pond,NTP,1000,intercept_fit,59,1.0,-0.7831978293259588,0.393,0.4962228517469311,0.09220122416806091
nfix,pond,NTP,1000,intercept_fit,60,1.0,-0.49003855792841133,0.477,0.4962228517469311,0.03801845086794181
nfix,pond,NTP,1000,intercept_fit,61,1.0,-0.2663644101685564,0.512,0.4962228517469311,0.03288878022728941
nfix,pond,NTP,1000,intercept_fit,62,1.0,-0.8954905827793779,0.382,0.4962228517469311,0.11414669512053263
nfix,pond,NTP,1000,intercept_fit,63,1.0,-0.7243721603187039,0.427,0.4962228517469311,0.08058291480330852
nfix,pond,NTP,1000,intercept_fit,64,1.0,-1.2928438534211404,0.304,0.4962228517469311,0.18880084241588746
nfix,pond,NTP,1000,intercept_fit,65,1.0,-0.2659724163136069,0.525,0.4962228517469311,0.03292315846123301
nfix,pond,NTP,1000,intercept_fit,66,1.0,-0.36587703700010993,0.489,0.4962228517469311,0.029800043498440513
nfix,pond,NTP,1000,intercept_fit,67,1.0,-0.6879737807261951,0.45,0.4962228517469311,0.07335611198818102
nfix,pond,NTP,1000,intercept_fit,68,1.0,-0.22093551236182693,0.58,0.4962228517469311,0.03610466729341998
nfix,pond,NTP,1000,intercept_fit,69,1.0,-1.0007000998469255,0.38,0.4962228517469311,0.13440212398422666
nfix,pond,NTP,1000,intercept_fit,70,1.0,-0.3163455047812707,0.537,0.4962228517469311,0.030581044340580472
nfix,pond,NTP,1000,intercept_fit,71,1.0,-0.6797046625539364,0.433,0.4962228517469311,0.07171053653271914
nfix,pond,NTP,1000,intercept_fit,72,1.0,-0.6631164324522989,0.432,0.4962228517469311,0.06840549514932853
nfix,pond,NTP,1000,intercept_fit,73,1.0,-0.6955176254576129,0.43,0.4962228517469311,0.07485615402185701
nfix,pond,NTP,1000,intercept_fit,74,1.0,-0.8696772408402601,0.396,0.4962228517469311,0.10913046731442272
nfix,pond,NTP,1000,intercept_fit,75,1.0,-0.21190749589334132,0.528,0.4962228517469311,0.0367874703847302
nfix,pond,NTP,1000,intercept_fit,76,1.0,-1.1587451089157013,0.343,0.4962228517469311,0.16419772293382343
nfix,pond,NTP,1000,intercept_fit,77,1.0,-1.0000446038484658,0.368,0.4962228517469311,0.1342768666118477
nfix,pond,NTP,1000,intercept_fit,78,1.0,-0.9939708672686116,0.36,0.4962228517469311,0.13311605778843885
nfix,pond,NTP,1000,intercept_fit,79,1.0,-0.8795601487418692,0.358,0.4962228517469311,0.1110530235929374
nfix,pond,NTP,1000,intercept_fit,80,1.0,-0.3924243942475725,0.528,0.4962228517469311,0.0301387886393576
nfix,pond,NTP,1000,intercept_fit,81,1.0,-1.1085927107148927,0.33,0.4962228517469311,0.15483060987692235
nfix,pond,NTP,1000,intercept_fit,82,1.0,-0.5941198633875491,0.462,0.4962228517469311,0.054612372528465944
nfix,pond,NTP,1000,intercept_fit,83,1.0,-1.098553220172717,0.331,0.4962228517469311,0.15294583050496502
nfix,pond,NTP,1000,intercept_fit,84,1.0,-0.37246641596202584,0.503,0.4962228517469311,0.0298034167302437
nfix,pond,NTP,1000,intercept_fit,85,1.0,-0.8159676197782842,0.376,0.4962228517469311,0.09863795837953489
nfix,pond,NTP,1000,intercept_fit,86,1.0,-0.660115073526025,0.443,0.4962228517469311,0.06780692119350624
nfix,pond,NTP,1000,intercept_fit,87,1.0,-0.3150590267508473,0.51,0.4962228517469311,0.030638159363286496
nfix,pond,NTP,1000,intercept_fit,88,1.0,-0.49304915760607193,0.495,0.4962228517469311,0.03831163505945809
nfix,pond,NTP,1000,intercept_fit,89,1.0,-0.8782119526292896,0.4,0.4962228517469311,0.1107908087430577
nfix,pond,NTP,1000,intercept_fit,90,1.0,-0.8728651254043679,0.376,0.4962228517469311,0.10975076971862369
nfix,pond,NTP,1000,intercept_fit,91,1.0,-0.17789127396946453,0.533,0.4962228517469311,0.04009247523531293
nfix,pond,NTP,1000,intercept_fit,92,1.0,-0.8542221564312663,0.414,0.4962228517469311,0.10611879467665872
nfix,pond,NTP,1000,intercept_fit,93,1.0,-0.9957357446381714,0.378,0.4962228517469311,0.1334534190871527
nfix,pond,NTP,1000,intercept_fit,94,1.0,-1.020250537324197,0.356,0.4962228517469311,0.13813088435455728
nfix,pond,NTP,1000,intercept_fit,95,1.0,-0.8361030265660381,0.404,0.4962228517469311,0.10257999398545756
nfix,pond,NTP,1000,intercept_fit,96,1.0,-0.19050665876606895,0.542,0.4962228517469311,0.03889272088379575
nfix,pond,NTP,1000,intercept_fit,97,1.0,-0.46811747370519796,0.486,0.4962228517469311,0.03514020928567271
nfix,pond,NTP,1000,intercept_fit,98,1.0,-1.0659059329124783,0.361,0.4962228517469311,0.1467928105001248
nfix,pond,NTP,1000,intercept_fit,99,1.0,-0.7273832372578237,0.441,0.4962228517469311,0.08117947355058114
nfix,nfix,Probe,50,intercept_fit,0,1.0,-1.869322781598415,0.18,0.4962228517469311,0.13464811150797973
nfix,nfix,Probe,50,intercept_fit,1,1.0,-1.856570436386987,0.28,0.4962228517469311,0.13326614257822705
nfix,nfix,Probe,50,intercept_fit,2,1.0,-2.242130649910011,0.28,0.4962228517469311,0.17406199312909965
nfix,nfix,Probe,50,intercept_fit,3,1.0,-1.9437186581206916,0.28,0.4962228517469311,0.1425747345237282
nfix,nfix,Probe,50,intercept_fit,4,1.0,-2.92989709633872,0.18,0.4962228517469311,0.23321132552231696
nfix,nfix,Probe,50,intercept_fit,5,1.0,-1.1602031148852392,0.38,0.4962228517469311,0.05998903165451885
nfix,nfix,Probe,50,intercept_fit,6,1.0,-1.8335649905319917,0.24,0.4962228517469311,0.13078781051106672
nfix,nfix,Probe,50,intercept_fit,7,1.0,-1.1029271488902253,0.34,0.4962228517469311,0.05474431705188008
nfix,nfix,Probe,50,intercept_fit,8,1.0,-2.2557947722399025,0.2,0.4962228517469311,0.1754615423810526
nfix,nfix,Probe,50,intercept_fit,9,1.0,-1.5306391616757578,0.24,0.4962228517469311,0.09899972750344743
nfix,nfix,Probe,50,intercept_fit,10,1.0,-1.337347029803603,0.34,0.4962228517469311,0.07873829295558976
nfix,nfix,Probe,50,intercept_fit,11,1.0,-2.0302397409430615,0.22,0.4962228517469311,0.15178920462680515
nfix,nfix,Probe,50,intercept_fit,12,1.0,-1.843135614972688,0.24,0.4962228517469311,0.1318063645800032
nfix,nfix,Probe,50,intercept_fit,13,1.0,-1.3019586977204267,0.38,0.4962228517469311,0.07500945890302893
nfix,nfix,Probe,50,intercept_fit,14,1.0,-1.9581531698032149,0.28,0.4962228517469311,0.14409379363244365
nfix,nfix,Probe,50,intercept_fit,15,1.0,-2.1532446320972305,0.3,0.4962228517469311,0.16484096869324372
nfix,nfix,Probe,50,intercept_fit,16,1.0,-2.406320810510206,0.24,0.4962228517469311,0.19031401751122978
nfix,nfix,Probe,50,intercept_fit,17,1.0,-1.8472215808831314,0.26,0.4962228517469311,0.13227216545389534
nfix,nfix,Probe,50,intercept_fit,18,1.0,-0.9935713409946506,0.3,0.4962228517469311,0.04675193857385299
nfix,nfix,Probe,50,intercept_fit,19,1.0,-1.8609741535610822,0.24,0.4962228517469311,0.13376715302531794
nfix,nfix,Probe,50,intercept_fit,20,1.0,-1.2922544369776083,0.32,0.4962228517469311,0.07397251176740269
nfix,nfix,Probe,50,intercept_fit,21,1.0,-2.0801824755954232,0.22,0.4962228517469311,0.15712171505895647
nfix,nfix,Probe,50,intercept_fit,22,1.0,-2.078371267818535,0.22,0.4962228517469311,0.1569241963966454
nfix,nfix,Probe,50,intercept_fit,23,1.0,-1.245170686079253,0.32,0.4962228517469311,0.06893961892142096
nfix,nfix,Probe,50,intercept_fit,24,1.0,-3.3457818491734614,0.12,0.4962228517469311,0.2581789717195973
nfix,nfix,Probe,50,intercept_fit,25,1.0,-2.2490578053593846,0.22,0.4962228517469311,0.17477566128812758
nfix,nfix,Probe,50,intercept_fit,26,1.0,-0.8363916098064079,0.36,0.4962228517469311,0.050420509184395286
nfix,nfix,Probe,50,intercept_fit,27,1.0,-1.7037397780187093,0.26,0.4962228517469311,0.11717018914076396
nfix,nfix,Probe,50,intercept_fit,28,1.0,-2.0389109685794415,0.24,0.4962228517469311,0.1527125444276359
nfix,nfix,Probe,50,intercept_fit,29,1.0,-2.0872687388927083,0.3,0.4962228517469311,0.15786856229118587
nfix,nfix,Probe,50,intercept_fit,30,1.0,-1.1340501502841724,0.32,0.4962228517469311,0.05749009173155161
nfix,nfix,Probe,50,intercept_fit,31,1.0,-1.1601982640134114,0.24,0.4962228517469311,0.05998850821170514
nfix,nfix,Probe,50,intercept_fit,32,1.0,-1.8341562916030565,0.34,0.4962228517469311,0.13085534655079079
nfix,nfix,Probe,50,intercept_fit,33,1.0,-2.4934701546162494,0.2,0.4962228517469311,0.19841676054023205
nfix,nfix,Probe,50,intercept_fit,34,1.0,-1.9880439121434494,0.24,0.4962228517469311,0.14729835306355382
nfix,nfix,Probe,50,intercept_fit,35,1.0,-2.0078439724360333,0.22,0.4962228517469311,0.14938014136394656
nfix,nfix,Probe,50,intercept_fit,36,1.0,-1.0939225076690229,0.36,0.4962228517469311,0.053992995639142505
nfix,nfix,Probe,50,intercept_fit,37,1.0,-1.3635249234290097,0.36,0.4962228517469311,0.0814807587176517
nfix,nfix,Probe,50,intercept_fit,38,1.0,-2.487464253462385,0.2,0.4962228517469311,0.19787190153263465
nfix,nfix,Probe,50,intercept_fit,39,1.0,-1.8194123215557936,0.26,0.4962228517469311,0.1293218504523501
nfix,nfix,Probe,50,intercept_fit,40,1.0,-0.9351547150575147,0.38,0.4962228517469311,0.04582299253885281
nfix,nfix,Probe,50,intercept_fit,41,1.0,-2.052619121434046,0.24,0.4962228517469311,0.1541898925190198
nfix,nfix,Probe,50,intercept_fit,42,1.0,-0.8452809000336329,0.38,0.4962228517469311,0.04969187555601925
nfix,nfix,Probe,50,intercept_fit,43,1.0,-2.2635507221502498,0.22,0.4962228517469311,0.1762488271562162
nfix,nfix,Probe,50,intercept_fit,44,1.0,-1.1913516907013975,0.28,0.4962228517469311,0.06317754464802519
nfix,nfix,Probe,50,intercept_fit,45,1.0,-1.1077200592017808,0.28,0.4962228517469311,0.05522328197019604
nfix,nfix,Probe,50,intercept_fit,46,1.0,-2.0907660638972576,0.2,0.4962228517469311,0.1582250102192423
nfix,nfix,Probe,50,intercept_fit,47,1.0,-1.3785954761775705,0.24,0.4962228517469311,0.0830223092334996
nfix,nfix,Probe,50,intercept_fit,48,1.0,-2.2242531551151266,0.18,0.4962228517469311,0.17222744371634743
nfix,nfix,Probe,50,intercept_fit,49,1.0,-1.804488979709653,0.2,0.4962228517469311,0.12777123560310735
nfix,nfix,Probe,50,intercept_fit,50,1.0,-1.4028301026128933,0.24,0.4962228517469311,0.08564678914569894
nfix,nfix,Probe,50,intercept_fit,51,1.0,-2.323136738642924,0.2,0.4962228517469311,0.18222864303657452
nfix,nfix,Probe,50,intercept_fit,52,1.0,-1.36616839118064,0.26,0.4962228517469311,0.08179430760090593
nfix,nfix,Probe,50,intercept_fit,53,1.0,-1.7548577365134383,0.22,0.4962228517469311,0.12250184427137205
nfix,nfix,Probe,50,intercept_fit,54,1.0,-1.7982561226946798,0.28,0.4962228517469311,0.12705694492393266
nfix,nfix,Probe,50,intercept_fit,55,1.0,-1.0840837010061994,0.32,0.4962228517469311,0.053171145255654334
nfix,nfix,Probe,50,intercept_fit,56,1.0,-1.1467364659732535,0.38,0.4962228517469311,0.058683802238401195
nfix,nfix,Probe,50,intercept_fit,57,1.0,-2.1774036642359853,0.28,0.4962228517469311,0.1673655590812353
nfix,nfix,Probe,50,intercept_fit,58,1.0,-2.6925744710681205,0.2,0.4962228517469311,0.21546857613039175
nfix,nfix,Probe,50,intercept_fit,59,1.0,-0.2312995403578275,0.48,0.4962228517469311,0.14610798401423838
nfix,nfix,Probe,50,intercept_fit,60,1.0,-0.850800207960372,0.28,0.4962228517469311,0.04941464196722086
nfix,nfix,Probe,50,intercept_fit,61,1.0,-1.0221960533319179,0.36,0.4962228517469311,0.04837501588712948
nfix,nfix,Probe,50,intercept_fit,62,1.0,-2.222262443815416,0.2,0.4962228517469311,0.17202050504938624
nfix,nfix,Probe,50,intercept_fit,63,1.0,-1.8091043511286349,0.22,0.4962228517469311,0.12822108765801074
nfix,nfix,Probe,50,intercept_fit,64,1.0,-1.479773815641228,0.3,0.4962228517469311,0.09374798423074415
nfix,nfix,Probe,50,intercept_fit,65,1.0,-1.209263369983717,0.28,0.4962228517469311,0.06509954980970448
nfix,nfix,Probe,50,intercept_fit,66,1.0,-2.559952699757797,0.18,0.4962228517469311,0.20433821509981012
nfix,nfix,Probe,50,intercept_fit,67,1.0,-0.8257930283427026,0.34,0.4962228517469311,0.051184607636300505
nfix,nfix,Probe,50,intercept_fit,68,1.0,-2.142648360705696,0.22,0.4962228517469311,0.16372452628832815
nfix,nfix,Probe,50,intercept_fit,69,1.0,-2.0552925712405363,0.3,0.4962228517469311,0.15445278854000513
nfix,nfix,Probe,50,intercept_fit,70,1.0,-1.4742949717173506,0.24,0.4962228517469311,0.09310157900528805
nfix,nfix,Probe,50,intercept_fit,71,1.0,-1.9742629168372403,0.32,0.4962228517469311,0.14580356058232957
nfix,nfix,Probe,50,intercept_fit,72,1.0,-2.4749479771406886,0.26,0.4962228517469311,0.1967219776143667
nfix,nfix,Probe,50,intercept_fit,73,1.0,-1.7653271065457679,0.2,0.4962228517469311,0.12361650342061099
nfix,nfix,Probe,50,intercept_fit,74,1.0,-1.9735894230734652,0.22,0.4962228517469311,0.14572828056520631
nfix,nfix,Probe,50,intercept_fit,75,1.0,-2.2129761373022165,0.28,0.4962228517469311,0.1710623359160664
nfix,nfix,Probe,50,intercept_fit,76,1.0,-1.9043002195871817,0.24,0.4962228517469311,0.1383569761537051
nfix,nfix,Probe,50,intercept_fit,77,1.0,-1.8366186761758567,0.3,0.4962228517469311,0.1311364607408354
nfix,nfix,Probe,50,intercept_fit,78,1.0,-1.7664358149006718,0.22,0.4962228517469311,0.12374407429583117
nfix,nfix,Probe,50,intercept_fit,79,1.0,-3.290595444737892,0.12,0.4962228517469311,0.25528408600645847
nfix,nfix,Probe,50,intercept_fit,80,1.0,-1.7525634844004028,0.34,0.4962228517469311,0.12223745073883338
nfix,nfix,Probe,50,intercept_fit,81,1.0,-1.5924886049046496,0.24,0.4962228517469311,0.10541765981976975
nfix,nfix,Probe,50,intercept_fit,82,1.0,-1.5830187549751191,0.36,0.4962228517469311,0.10442442980620296
nfix,nfix,Probe,50,intercept_fit,83,1.0,-1.7118046291097144,0.32,0.4962228517469311,0.11800560287633888
nfix,nfix,Probe,50,intercept_fit,84,1.0,-1.2344350091624074,0.32,0.4962228517469311,0.0677731721738017
nfix,nfix,Probe,50,intercept_fit,85,1.0,-2.0764518278582726,0.26,0.4962228517469311,0.15671478217573548
nfix,nfix,Probe,50,intercept_fit,86,1.0,-1.9722955961581972,0.24,0.4962228517469311,0.1455836217898695
nfix,nfix,Probe,50,intercept_fit,87,1.0,-1.4039948161327775,0.32,0.4962228517469311,0.08578493177864187
nfix,nfix,Probe,50,intercept_fit,88,1.0,-2.073110241655237,0.22,0.4962228517469311,0.156349942902163
nfix,nfix,Probe,50,intercept_fit,89,1.0,-2.4806956617228146,0.24,0.4962228517469311,0.19725175007606605
nfix,nfix,Probe,50,intercept_fit,90,1.0,-3.113087364394452,0.12,0.4962228517469311,0.24512413559057036
nfix,nfix,Probe,50,intercept_fit,91,1.0,-2.549615652367362,0.16,0.4962228517469311,0.2034295724065621
nfix,nfix,Probe,50,intercept_fit,92,1.0,-2.3228402539372355,0.16,0.4962228517469311,0.18219928855119005
nfix,nfix,Probe,50,intercept_fit,93,1.0,-2.2813847190793304,0.26,0.4962228517469311,0.17805211483989347
nfix,nfix,Probe,50,intercept_fit,94,1.0,-1.333383359408245,0.28,0.4962228517469311,0.0782677839516508
nfix,nfix,Probe,50,intercept_fit,95,1.0,-1.4670413697776226,0.26,0.4962228517469311,0.09236960500878709
nfix,nfix,Probe,50,intercept_fit,96,1.0,-2.4529325137471707,0.22,0.4962228517469311,0.194693693754634
nfix,nfix,Probe,50,intercept_fit,97,1.0,-1.1376618380424024,0.38,0.4962228517469311,0.05786834132467604
nfix,nfix,Probe,50,intercept_fit,98,1.0,-1.6006655223455029,0.28,0.4962228517469311,0.10637382814402757
nfix,nfix,Probe,50,intercept_fit,99,1.0,-1.2068284747186355,0.42,0.4962228517469311,0.0648120398732771
nfix,nfix,NTP,50,intercept_fit,0,1.0,-2.210525678302023,0.18,0.4962228517469311,0.16676754197354818
nfix,nfix,NTP,50,intercept_fit,1,1.0,-1.7143177779005272,0.28,0.4962228517469311,0.10404990772687059
nfix,nfix,NTP,50,intercept_fit,2,1.0,-1.8829963580660363,0.28,0.4962228517469311,0.1271364202063699
nfix,nfix,NTP,50,intercept_fit,3,1.0,-1.830223190551649,0.28,0.4962228517469311,0.12011225035919315
nfix,nfix,NTP,50,intercept_fit,4,1.0,-2.425738654694721,0.18,0.4962228517469311,0.18922434736927882
nfix,nfix,NTP,50,intercept_fit,5,1.0,-1.7535176826562093,0.38,0.4962228517469311,0.10958060763824723
nfix,nfix,NTP,50,intercept_fit,6,1.0,-2.127272427121732,0.24,0.4962228517469311,0.1573296959752913
nfix,nfix,NTP,50,intercept_fit,7,1.0,-1.6153122747772208,0.34,0.4962228517469311,0.08963152859791206
nfix,nfix,NTP,50,intercept_fit,8,1.0,-1.9469783315919318,0.2,0.4962228517469311,0.13541064645477918
nfix,nfix,NTP,50,intercept_fit,9,1.0,-1.9507234153671764,0.24,0.4962228517469311,0.13588741010862146
nfix,nfix,NTP,50,intercept_fit,10,1.0,-1.3295675054601919,0.34,0.4962228517469311,0.044360039332700905
nfix,nfix,NTP,50,intercept_fit,11,1.0,-1.982184250797766,0.22,0.4962228517469311,0.13985286111686906
nfix,nfix,NTP,50,intercept_fit,12,1.0,-2.1383917129569454,0.24,0.4962228517469311,0.15861540198858307
nfix,nfix,NTP,50,intercept_fit,13,1.0,-1.4820045191697688,0.38,0.4962228517469311,0.06919303809071557
nfix,nfix,NTP,50,intercept_fit,14,1.0,-1.9616618242877184,0.28,0.4962228517469311,0.13727323390689322
nfix,nfix,NTP,50,intercept_fit,15,1.0,-1.504748928693421,0.3,0.4962228517469311,0.07276355512285572
nfix,nfix,NTP,50,intercept_fit,16,1.0,-1.931977619420855,0.24,0.4962228517469311,0.13349457417826796
nfix,nfix,NTP,50,intercept_fit,17,1.0,-1.7653786358141939,0.26,0.4962228517469311,0.11123419972231285
nfix,nfix,NTP,50,intercept_fit,18,1.0,-1.5490692358886078,0.3,0.4962228517469311,0.07962264825158358
nfix,nfix,NTP,50,intercept_fit,19,1.0,-1.9838360469374239,0.24,0.4962228517469311,0.14005917281383573
nfix,nfix,NTP,50,intercept_fit,20,1.0,-1.7411861378916784,0.32,0.4962228517469311,0.10785159946538968
nfix,nfix,NTP,50,intercept_fit,21,1.0,-2.1999010373443957,0.22,0.4962228517469311,0.1655868105329616
nfix,nfix,NTP,50,intercept_fit,22,1.0,-1.769717735020799,0.22,0.4962228517469311,0.111836874805947
nfix,nfix,NTP,50,intercept_fit,23,1.0,-1.5895260951537737,0.32,0.4962228517469311,0.08577007026537901
nfix,nfix,NTP,50,intercept_fit,24,1.0,-2.654093281519398,0.12,0.4962228517469311,0.21011701378626457
nfix,nfix,NTP,50,intercept_fit,25,1.0,-1.8578907660788093,0.22,0.4962228517469311,0.1238172093113342
nfix,nfix,NTP,50,intercept_fit,26,1.0,-1.6286537065395823,0.36,0.4962228517469311,0.09161216914439367
nfix,nfix,NTP,50,intercept_fit,27,1.0,-1.749617470533504,0.26,0.4962228517469311,0.10903482174312135
nfix,nfix,NTP,50,intercept_fit,28,1.0,-1.661968565724736,0.24,0.4962228517469311,0.09650668598995829
nfix,nfix,NTP,50,intercept_fit,29,1.0,-1.625752934610083,0.3,0.4962228517469311,0.09118230109815431
nfix,nfix,NTP,50,intercept_fit,30,1.0,-1.4314916870401415,0.32,0.4962228517469311,0.061137984616061194
nfix,nfix,NTP,50,intercept_fit,31,1.0,-1.5277829597228734,0.24,0.4962228517469311,0.07634435372270629
nfix,nfix,NTP,50,intercept_fit,32,1.0,-1.4014547468283567,0.34,0.4962228517469311,0.0562664603961
nfix,nfix,NTP,50,intercept_fit,33,1.0,-2.2215878010538384,0.2,0.4962228517469311,0.16799002440617222
nfix,nfix,NTP,50,intercept_fit,34,1.0,-1.8248623384981517,0.24,0.4962228517469311,0.11938888151909816
nfix,nfix,NTP,50,intercept_fit,35,1.0,-1.922767170556715,0.22,0.4962228517469311,0.13231082547765474
nfix,nfix,NTP,50,intercept_fit,36,1.0,-1.6679900160116177,0.36,0.4962228517469311,0.09738349469665597
nfix,nfix,NTP,50,intercept_fit,37,1.0,-1.190161684003099,0.36,0.4962228517469311,0.023916020027465283
nfix,nfix,NTP,50,intercept_fit,38,1.0,-2.2934649942501912,0.2,0.4962228517469311,0.17574881386764934
nfix,nfix,NTP,50,intercept_fit,39,1.0,-1.8248088554430322,0.26,0.4962228517469311,0.11938165515395922
nfix,nfix,NTP,50,intercept_fit,40,1.0,-1.2122044955816504,0.38,0.4962228517469311,0.026595738092783545
nfix,nfix,NTP,50,intercept_fit,41,1.0,-1.835428309501778,0.24,0.4962228517469311,0.12081310899665128
nfix,nfix,NTP,50,intercept_fit,42,1.0,-1.390897597952153,0.38,0.4962228517469311,0.05453983535945439
nfix,nfix,NTP,50,intercept_fit,43,1.0,-1.886239133736973,0.22,0.4962228517469311,0.12756191066929243
nfix,nfix,NTP,50,intercept_fit,44,1.0,-1.879947446716982,0.28,0.4962228517469311,0.12673522926407202
nfix,nfix,NTP,50,intercept_fit,45,1.0,-1.6774828623740916,0.28,0.4962228517469311,0.09876082341663761
nfix,nfix,NTP,50,intercept_fit,46,1.0,-2.2656327353416374,0.2,0.4962228517469311,0.17278022716960492
nfix,nfix,NTP,50,intercept_fit,47,1.0,-1.5314193495039936,0.24,0.4962228517469311,0.07690699356848654
nfix,nfix,NTP,50,intercept_fit,48,1.0,-2.088767520699097,0.18,0.4962228517469311,0.15282066583899975
nfix,nfix,NTP,50,intercept_fit,49,1.0,-2.148069642629141,0.2,0.4962228517469311,0.15972802590876606
nfix,nfix,NTP,50,intercept_fit,50,1.0,-1.5308413001764167,0.24,0.4962228517469311,0.07681761306100884
nfix,nfix,NTP,50,intercept_fit,51,1.0,-1.9513671326542494,0.2,0.4962228517469311,0.1359691425035167
nfix,nfix,NTP,50,intercept_fit,52,1.0,-1.7350426691448158,0.26,0.4962228517469311,0.10698651974394884
nfix,nfix,NTP,50,intercept_fit,53,1.0,-2.151817126707055,0.22,0.4962228517469311,0.16015769223575543
nfix,nfix,NTP,50,intercept_fit,54,1.0,-1.8132415633351253,0.28,0.4962228517469311,0.11781380697752464
nfix,nfix,NTP,50,intercept_fit,55,1.0,-1.6266980337041475,0.32,0.4962228517469311,0.09132241720651973
nfix,nfix,NTP,50,intercept_fit,56,1.0,-1.0540323693729416,0.38,0.4962228517469311,0.01734526941240736
nfix,nfix,NTP,50,intercept_fit,57,1.0,-1.9251426572242216,0.28,0.4962228517469311,0.13261649756035734
nfix,nfix,NTP,50,intercept_fit,58,1.0,-2.2230783566183976,0.2,0.4962228517469311,0.16815382786497224
nfix,nfix,NTP,50,intercept_fit,59,1.0,-0.764428100966225,0.48,0.4962228517469311,0.060511183705947734
nfix,nfix,NTP,50,intercept_fit,60,1.0,-1.2655376059140755,0.28,0.4962228517469311,0.03412556916717267
nfix,nfix,NTP,50,intercept_fit,61,1.0,-1.5867263697844398,0.36,0.4962228517469311,0.08534785670507702
nfix,nfix,NTP,50,intercept_fit,62,1.0,-2.1220687438687524,0.2,0.4962228517469311,0.15672348835102926
nfix,nfix,NTP,50,intercept_fit,63,1.0,-2.3277769225035025,0.22,0.4962228517469311,0.17933795269630845
nfix,nfix,NTP,50,intercept_fit,64,1.0,-1.4529678294663173,0.3,0.4962228517469311,0.06458318755477456
nfix,nfix,NTP,50,intercept_fit,65,1.0,-1.5971638190587552,0.28,0.4962228517469311,0.08691787392011803
nfix,nfix,NTP,50,intercept_fit,66,1.0,-2.311788140540792,0.18,0.4962228517469311,0.1776771668632841
nfix,nfix,NTP,50,intercept_fit,67,1.0,-1.4270955803843457,0.34,0.4962228517469311,0.060429040113737294
nfix,nfix,NTP,50,intercept_fit,68,1.0,-2.078197468257296,0.22,0.4962228517469311,0.15156673108781302
nfix,nfix,NTP,50,intercept_fit,69,1.0,-1.5337304627041395,0.3,0.4962228517469311,0.07726322723617798
nfix,nfix,NTP,50,intercept_fit,70,1.0,-1.9270932209665688,0.24,0.4962228517469311,0.1328678890543684
nfix,nfix,NTP,50,intercept_fit,71,1.0,-1.861434657854812,0.32,0.4962228517469311,0.12428839884253502
nfix,nfix,NTP,50,intercept_fit,72,1.0,-1.777551231703615,0.26,0.4962228517469311,0.11292171909902247
nfix,nfix,NTP,50,intercept_fit,73,1.0,-2.131061879250456,0.2,0.4962228517469311,0.1577686782798201
nfix,nfix,NTP,50,intercept_fit,74,1.0,-2.266081919782052,0.22,0.4962228517469311,0.17282865825159618
nfix,nfix,NTP,50,intercept_fit,75,1.0,-1.5607048724027437,0.28,0.4962228517469311,0.08140159648720137
nfix,nfix,NTP,50,intercept_fit,76,1.0,-2.005251037269355,0.24,0.4962228517469311,0.1427196447574604
nfix,nfix,NTP,50,intercept_fit,77,1.0,-1.5241165150196208,0.3,0.4962228517469311,0.07577708165628722
nfix,nfix,NTP,50,intercept_fit,78,1.0,-1.9491213742637343,0.22,0.4962228517469311,0.1356832067055766
nfix,nfix,NTP,50,intercept_fit,79,1.0,-2.812395161628456,0.12,0.4962228517469311,0.22294285578473771
nfix,nfix,NTP,50,intercept_fit,80,1.0,-1.3248966978995773,0.34,0.4962228517469311,0.043574502557112885
nfix,nfix,NTP,50,intercept_fit,81,1.0,-2.0174922631047365,0.24,0.4962228517469311,0.14422779141485573
nfix,nfix,NTP,50,intercept_fit,82,1.0,-1.5577755092756589,0.36,0.4962228517469311,0.08095498597952534
nfix,nfix,NTP,50,intercept_fit,83,1.0,-1.1857026853080188,0.32,0.4962228517469311,0.023265807914135846
nfix,nfix,NTP,50,intercept_fit,84,1.0,-1.8316283482546678,0.32,0.4962228517469311,0.12030185752437589
nfix,nfix,NTP,50,intercept_fit,85,1.0,-1.6177484729259282,0.26,0.4962228517469311,0.08999372608387758
nfix,nfix,NTP,50,intercept_fit,86,1.0,-2.015026993221717,0.24,0.4962228517469311,0.14392519744985272
nfix,nfix,NTP,50,intercept_fit,87,1.0,-1.712149738885465,0.32,0.4962228517469311,0.10374103512582432
nfix,nfix,NTP,50,intercept_fit,88,1.0,-1.795007311557608,0.22,0.4962228517469311,0.11532486213313452
nfix,nfix,NTP,50,intercept_fit,89,1.0,-1.7703782847015728,0.24,0.4962228517469311,0.11192850034041567
nfix,nfix,NTP,50,intercept_fit,90,1.0,-2.6870329188073443,0.12,0.4962228517469311,0.21289697130108348
nfix,nfix,NTP,50,intercept_fit,91,1.0,-2.6786842671441526,0.16,0.4962228517469311,0.21219080168930907
nfix,nfix,NTP,50,intercept_fit,92,1.0,-2.33120704022364,0.16,0.4962228517469311,0.1796965164217016
nfix,nfix,NTP,50,intercept_fit,93,1.0,-1.866308879041657,0.26,0.4962228517469311,0.12493457097590865
nfix,nfix,NTP,50,intercept_fit,94,1.0,-1.525709565684986,0.28,0.4962228517469311,0.07602406845604325
nfix,nfix,NTP,50,intercept_fit,95,1.0,-1.8083344892850535,0.26,0.4962228517469311,0.11714604304505515
nfix,nfix,NTP,50,intercept_fit,96,1.0,-2.1825753420211846,0.22,0.4962228517469311,0.16364348101017623
nfix,nfix,NTP,50,intercept_fit,97,1.0,-1.3198929957187082,0.38,0.4962228517469311,0.04273139148099838
nfix,nfix,NTP,50,intercept_fit,98,1.0,-1.630358082933507,0.28,0.4962228517469311,0.0918639824009841
nfix,nfix,NTP,50,intercept_fit,99,1.0,-1.3774292794397245,0.42,0.4962228517469311,0.052325853716413094
nfix,nfix,Probe,1000,intercept_fit,0,1.0,-1.2382757798851178,0.335,0.4962228517469311,0.06822817927346589
nfix,nfix,Probe,1000,intercept_fit,1,1.0,-1.9262726579512512,0.262,0.4962228517469311,0.14066603063206423
nfix,nfix,Probe,1000,intercept_fit,2,1.0,-2.184757052744618,0.255,0.4962228517469311,0.16813096327821866
nfix,nfix,Probe,1000,intercept_fit,3,1.0,-2.284121082879076,0.215,0.4962228517469311,0.17832879277926458
nfix,nfix,Probe,1000,intercept_fit,4,1.0,-1.9409974042295064,0.294,0.4962228517469311,0.14226894841222232
nfix,nfix,Probe,1000,intercept_fit,5,1.0,-1.419574852007456,0.308,0.4962228517469311,0.08738091631618466
nfix,nfix,Probe,1000,intercept_fit,6,1.0,-1.7479642990917008,0.274,0.4962228517469311,0.12179839080105608
nfix,nfix,Probe,1000,intercept_fit,7,1.0,-1.3420514784598763,0.279,0.4962228517469311,0.07917612880242036
nfix,nfix,Probe,1000,intercept_fit,8,1.0,-2.274883340258723,0.23,0.4962228517469311,0.1773976972138922
nfix,nfix,Probe,1000,intercept_fit,9,1.0,-1.371285052271394,0.264,0.4962228517469311,0.08227856080106621
nfix,nfix,Probe,1000,intercept_fit,10,1.0,-1.8315908718292189,0.259,0.4962228517469311,0.1306357692890845
nfix,nfix,Probe,1000,intercept_fit,11,1.0,-1.6933369180777469,0.321,0.4962228517469311,0.11606800967895337
nfix,nfix,Probe,1000,intercept_fit,12,1.0,-1.782681599459942,0.245,0.4962228517469311,0.12543830996925792
nfix,nfix,Probe,1000,intercept_fit,13,1.0,-1.6478374658071349,0.294,0.4962228517469311,0.11131269667520043
nfix,nfix,Probe,1000,intercept_fit,14,1.0,-1.6471041608115293,0.304,0.4962228517469311,0.11122728322412952
nfix,nfix,Probe,1000,intercept_fit,15,1.0,-2.385716548259,0.257,0.4962228517469311,0.1883438024394018
nfix,nfix,Probe,1000,intercept_fit,16,1.0,-1.920828179695731,0.261,0.4962228517469311,0.14010659373109405
nfix,nfix,Probe,1000,intercept_fit,17,1.0,-2.0220283242840265,0.239,0.4962228517469311,0.150915670620933
nfix,nfix,Probe,1000,intercept_fit,18,1.0,-1.3213513410070938,0.263,0.4962228517469311,0.07707784437923612
nfix,nfix,Probe,1000,intercept_fit,19,1.0,-1.5937004981808387,0.281,0.4962228517469311,0.10555945855681398
nfix,nfix,Probe,1000,intercept_fit,20,1.0,-1.2919854626191747,0.333,0.4962228517469311,0.07394056989053303
nfix,nfix,Probe,1000,intercept_fit,21,1.0,-1.8877932803631645,0.243,0.4962228517469311,0.13661245837434668
nfix,nfix,Probe,1000,intercept_fit,22,1.0,-2.029076104521821,0.262,0.4962228517469311,0.1516605793756031
nfix,nfix,Probe,1000,intercept_fit,23,1.0,-1.3026955510248133,0.303,0.4962228517469311,0.07509698454081037
nfix,nfix,Probe,1000,intercept_fit,24,1.0,-2.497558795853569,0.238,0.4962228517469311,0.19878598642620063
nfix,nfix,Probe,1000,intercept_fit,25,1.0,-2.367505085805138,0.233,0.4962228517469311,0.18658093140564794
nfix,nfix,Probe,1000,intercept_fit,26,1.0,-1.3283937204968261,0.287,0.4962228517469311,0.07779516584693207
nfix,nfix,Probe,1000,intercept_fit,27,1.0,-1.7162354001259548,0.289,0.4962228517469311,0.11842036326654748
nfix,nfix,Probe,1000,intercept_fit,28,1.0,-1.9003822928286036,0.246,0.4962228517469311,0.1379137511416903
nfix,nfix,Probe,1000,intercept_fit,29,1.0,-2.271985919611662,0.246,0.4962228517469311,0.17710251865936388
nfix,nfix,Probe,1000,intercept_fit,30,1.0,-1.5673067548972326,0.224,0.4962228517469311,0.10282064996043686
nfix,nfix,Probe,1000,intercept_fit,31,1.0,-1.7726598420886661,0.247,0.4962228517469311,0.12437142053566048
nfix,nfix,Probe,1000,intercept_fit,32,1.0,-2.2896054017090863,0.259,0.4962228517469311,0.17887850758033524
nfix,nfix,Probe,1000,intercept_fit,33,1.0,-1.937880579694481,0.255,0.4962228517469311,0.14191846141048509
nfix,nfix,Probe,1000,intercept_fit,34,1.0,-1.7607423982284274,0.272,0.4962228517469311,0.12308867112042178
nfix,nfix,Probe,1000,intercept_fit,35,1.0,-1.9632434164207067,0.236,0.4962228517469311,0.14461739384552563
nfix,nfix,Probe,1000,intercept_fit,36,1.0,-1.1919835670063124,0.315,0.4962228517469311,0.06325198947535829
nfix,nfix,Probe,1000,intercept_fit,37,1.0,-2.2237749906462763,0.237,0.4962228517469311,0.17217771850362373
nfix,nfix,Probe,1000,intercept_fit,38,1.0,-1.8332565846348043,0.28,0.4962228517469311,0.13082588109278465
nfix,nfix,Probe,1000,intercept_fit,39,1.0,-1.7698736701991016,0.255,0.4962228517469311,0.12405095155294343
nfix,nfix,Probe,1000,intercept_fit,40,1.0,-1.4741240991886562,0.257,0.4962228517469311,0.09308141274031863
nfix,nfix,Probe,1000,intercept_fit,41,1.0,-1.7999261891746674,0.264,0.4962228517469311,0.12724844353319856
nfix,nfix,Probe,1000,intercept_fit,42,1.0,-1.3786532002350622,0.263,0.4962228517469311,0.08302915255785437
nfix,nfix,Probe,1000,intercept_fit,43,1.0,-1.8734411043106243,0.287,0.4962228517469311,0.13504763930235028
nfix,nfix,Probe,1000,intercept_fit,44,1.0,-1.2797393994641484,0.288,0.4962228517469311,0.07260061149313017
nfix,nfix,Probe,1000,intercept_fit,45,1.0,-1.3723437798974827,0.269,0.4962228517469311,0.08240411670740908
nfix,nfix,Probe,1000,intercept_fit,46,1.0,-1.8741025354506455,0.251,0.4962228517469311,0.13512274261279988
nfix,nfix,Probe,1000,intercept_fit,47,1.0,-1.3451327316386483,0.264,0.4962228517469311,0.07954181131985094
nfix,nfix,Probe,1000,intercept_fit,48,1.0,-1.7168889413720791,0.253,0.4962228517469311,0.11849597439126361
nfix,nfix,Probe,1000,intercept_fit,49,1.0,-1.2867696602766192,0.276,0.4962228517469311,0.07332132233643167
nfix,nfix,Probe,1000,intercept_fit,50,1.0,-1.2228662220153945,0.277,0.4962228517469311,0.06650735000539218
nfix,nfix,Probe,1000,intercept_fit,51,1.0,-1.7417294796282508,0.263,0.4962228517469311,0.12107935316805084
nfix,nfix,Probe,1000,intercept_fit,52,1.0,-1.5021611754639443,0.232,0.4962228517469311,0.09601610254957552
nfix,nfix,Probe,1000,intercept_fit,53,1.0,-1.3996837994264426,0.259,0.4962228517469311,0.08527412496540027
nfix,nfix,Probe,1000,intercept_fit,54,1.0,-2.3142037897700485,0.225,0.4962228517469311,0.1813415301493507
nfix,nfix,Probe,1000,intercept_fit,55,1.0,-1.336219106335832,0.268,0.4962228517469311,0.07860440199993765
nfix,nfix,Probe,1000,intercept_fit,56,1.0,-1.658835711562412,0.299,0.4962228517469311,0.11237649694929629
nfix,nfix,Probe,1000,intercept_fit,57,1.0,-1.9558176691404956,0.296,0.4962228517469311,0.14383190846206492
nfix,nfix,Probe,1000,intercept_fit,58,1.0,-2.347605190584277,0.238,0.4962228517469311,0.1846393244702386
nfix,nfix,Probe,1000,intercept_fit,59,1.0,-0.7271023848263068,0.413,0.4962228517469311,0.05993163679189468
nfix,nfix,Probe,1000,intercept_fit,60,1.0,-1.062126060039426,0.338,0.4962228517469311,0.051370706180777756
nfix,nfix,Probe,1000,intercept_fit,61,1.0,-1.3363670964685426,0.273,0.4962228517469311,0.07862197213014274
nfix,nfix,Probe,1000,intercept_fit,62,1.0,-1.7395799848927482,0.271,0.4962228517469311,0.12092287063924693
nfix,nfix,Probe,1000,intercept_fit,63,1.0,-1.1705866756387069,0.318,0.4962228517469311,0.06099591977739458
nfix,nfix,Probe,1000,intercept_fit,64,1.0,-1.6962554178870535,0.259,0.4962228517469311,0.11630341098462826
nfix,nfix,Probe,1000,intercept_fit,65,1.0,-1.3858508813072994,0.273,0.4962228517469311,0.08388237335312332
nfix,nfix,Probe,1000,intercept_fit,66,1.0,-2.048797565129988,0.254,0.4962228517469311,0.15377002881574198
nfix,nfix,Probe,1000,intercept_fit,67,1.0,-1.210723158739724,0.281,0.4962228517469311,0.0652720758294001
nfix,nfix,Probe,1000,intercept_fit,68,1.0,-1.9505971726425069,0.243,0.4962228517469311,0.14329670330045324
nfix,nfix,Probe,1000,intercept_fit,69,1.0,-2.3602418799627523,0.255,0.4962228517469311,0.18587552493249038
nfix,nfix,Probe,1000,intercept_fit,70,1.0,-1.209869966310138,0.285,0.4962228517469311,0.06517123511739316
nfix,nfix,Probe,1000,intercept_fit,71,1.0,-2.0741308975355293,0.31,0.4962228517469311,0.1564613959622997
nfix,nfix,Probe,1000,intercept_fit,72,1.0,-2.481516259554355,0.267,0.4962228517469311,0.19732707893965143
nfix,nfix,Probe,1000,intercept_fit,73,1.0,-1.4251871317685474,0.254,0.4962228517469311,0.0879205847859807
nfix,nfix,Probe,1000,intercept_fit,74,1.0,-1.7600360168063065,0.257,0.4962228517469311,0.12300730100788414
nfix,nfix,Probe,1000,intercept_fit,75,1.0,-2.2054514045370537,0.292,0.4962228517469311,0.17028578212409282
nfix,nfix,Probe,1000,intercept_fit,76,1.0,-2.0367416798928253,0.253,0.4962228517469311,0.15247337690959473
nfix,nfix,Probe,1000,intercept_fit,77,1.0,-1.7544536553177306,0.298,0.4962228517469311,0.12245528541651207
nfix,nfix,Probe,1000,intercept_fit,78,1.0,-1.8873508998789135,0.263,0.4962228517469311,0.13656234785377333
nfix,nfix,Probe,1000,intercept_fit,79,1.0,-2.013575968559771,0.285,0.4962228517469311,0.15001618461416658
nfix,nfix,Probe,1000,intercept_fit,80,1.0,-2.1556647985348025,0.27,0.4962228517469311,0.16508407659340824
nfix,nfix,Probe,1000,intercept_fit,81,1.0,-1.149416511208163,0.321,0.4962228517469311,0.058968721748595625
nfix,nfix,Probe,1000,intercept_fit,82,1.0,-1.5660616657825672,0.322,0.4962228517469311,0.10267447155389058
nfix,nfix,Probe,1000,intercept_fit,83,1.0,-2.0899235493334722,0.255,0.4962228517469311,0.15815763107193226
nfix,nfix,Probe,1000,intercept_fit,84,1.0,-1.2937039335646217,0.282,0.4962228517469311,0.07414463409721388
nfix,nfix,Probe,1000,intercept_fit,85,1.0,-2.068578550001674,0.239,0.4962228517469311,0.15588222714651875
nfix,nfix,Probe,1000,intercept_fit,86,1.0,-2.1238816368691458,0.233,0.4962228517469311,0.16174556766174644
nfix,nfix,Probe,1000,intercept_fit,87,1.0,-1.8214094180941165,0.254,0.4962228517469311,0.12955019735073695
nfix,nfix,Probe,1000,intercept_fit,88,1.0,-1.881418002797964,0.254,0.4962228517469311,0.13588970962789382
nfix,nfix,Probe,1000,intercept_fit,89,1.0,-1.9642838050649254,0.245,0.4962228517469311,0.14473394749827037
nfix,nfix,Probe,1000,intercept_fit,90,1.0,-2.1443816440497585,0.25,0.4962228517469311,0.16391003070135493
nfix,nfix,Probe,1000,intercept_fit,91,1.0,-2.2174710739929333,0.212,0.4962228517469311,0.171530661926392
nfix,nfix,Probe,1000,intercept_fit,92,1.0,-1.68285611548854,0.254,0.4962228517469311,0.11495673414538526
nfix,nfix,Probe,1000,intercept_fit,93,1.0,-2.041831538104029,0.277,0.4962228517469311,0.1530341886687845
nfix,nfix,Probe,1000,intercept_fit,94,1.0,-1.8267903658616,0.233,0.4962228517469311,0.13008741715268457
nfix,nfix,Probe,1000,intercept_fit,95,1.0,-1.2322497235205299,0.311,0.4962228517469311,0.06751443952366512
nfix,nfix,Probe,1000,intercept_fit,96,1.0,-2.3843182642488383,0.225,0.4962228517469311,0.1882089251667474
nfix,nfix,Probe,1000,intercept_fit,97,1.0,-1.0223315687203347,0.39,0.4962228517469311,0.04838515973350355
nfix,nfix,Probe,1000,intercept_fit,98,1.0,-1.1770577642098186,0.311,0.4962228517469311,0.06159971048972745
nfix,nfix,Probe,1000,intercept_fit,99,1.0,-1.8087815741897373,0.278,0.4962228517469311,0.12818412777861282
nfix,nfix,NTP,1000,intercept_fit,0,1.0,-1.5681405070036347,0.335,0.4962228517469311,0.08253393387573639
nfix,nfix,NTP,1000,intercept_fit,1,1.0,-1.737745577656815,0.262,0.4962228517469311,0.10736744789170952
nfix,nfix,NTP,1000,intercept_fit,2,1.0,-1.9037829419630607,0.255,0.4962228517469311,0.12985325228653477
nfix,nfix,NTP,1000,intercept_fit,3,1.0,-1.9683147713770897,0.215,0.4962228517469311,0.13811254647599533
nfix,nfix,NTP,1000,intercept_fit,4,1.0,-1.6624531874928128,0.294,0.4962228517469311,0.09657737147666957
nfix,nfix,NTP,1000,intercept_fit,5,1.0,-1.911313462682204,0.308,0.4962228517469311,0.13083078716704888
nfix,nfix,NTP,1000,intercept_fit,6,1.0,-1.8933088371445084,0.274,0.4962228517469311,0.12848755171686435
nfix,nfix,NTP,1000,intercept_fit,7,1.0,-1.6244285819231783,0.279,0.4962228517469311,0.0909858584925201
nfix,nfix,NTP,1000,intercept_fit,8,1.0,-1.8975497326022852,0.23,0.4962228517469311,0.12904167306544279
nfix,nfix,NTP,1000,intercept_fit,9,1.0,-1.8997229994324112,0.264,0.4962228517469311,0.12932492096115789
nfix,nfix,NTP,1000,intercept_fit,10,1.0,-1.7470728344192352,0.259,0.4962228517469311,0.1086782051653212
nfix,nfix,NTP,1000,intercept_fit,11,1.0,-1.5987707855809137,0.321,0.4962228517469311,0.08715915105032558
nfix,nfix,NTP,1000,intercept_fit,12,1.0,-1.8719044068583393,0.245,0.4962228517469311,0.1256748594874756
nfix,nfix,NTP,1000,intercept_fit,13,1.0,-1.6915345152001162,0.294,0.4962228517469311,0.10078900915132624
nfix,nfix,NTP,1000,intercept_fit,14,1.0,-1.7350513560056235,0.304,0.4962228517469311,0.10698774477929825
nfix,nfix,NTP,1000,intercept_fit,15,1.0,-1.8012961014053357,0.257,0.4962228517469311,0.11618559981629277
nfix,nfix,NTP,1000,intercept_fit,16,1.0,-1.6753300746120041,0.261,0.4962228517469311,0.09844915360012467
nfix,nfix,NTP,1000,intercept_fit,17,1.0,-1.7894035089701767,0.239,0.4962228517469311,0.11455555726604949
nfix,nfix,NTP,1000,intercept_fit,18,1.0,-1.7987281010816025,0.263,0.4962228517469311,0.1158344350201886
nfix,nfix,NTP,1000,intercept_fit,19,1.0,-1.6772843254135108,0.281,0.4962228517469311,0.0987320660888424
nfix,nfix,NTP,1000,intercept_fit,20,1.0,-1.6501131338776467,0.333,0.4962228517469311,0.09477300250333778
nfix,nfix,NTP,1000,intercept_fit,21,1.0,-1.8689637372490424,0.243,0.4962228517469311,0.12528630719755632
nfix,nfix,NTP,1000,intercept_fit,22,1.0,-1.836363396788836,0.262,0.4962228517469311,0.12093876751152213
nfix,nfix,NTP,1000,intercept_fit,23,1.0,-1.6991052057728253,0.303,0.4962228517469311,0.10187636813955323
nfix,nfix,NTP,1000,intercept_fit,24,1.0,-1.7982749022606306,0.238,0.4962228517469311,0.11577241697602701
nfix,nfix,NTP,1000,intercept_fit,25,1.0,-1.8284815857870027,0.233,0.4962228517469311,0.11987745790832977
nfix,nfix,NTP,1000,intercept_fit,26,1.0,-1.9304200268187734,0.287,0.4962228517469311,0.13329489650568382
nfix,nfix,NTP,1000,intercept_fit,27,1.0,-1.5617269056355105,0.289,0.4962228517469311,0.08155756410941291
nfix,nfix,NTP,1000,intercept_fit,28,1.0,-1.7784909395465012,0.246,0.4962228517469311,0.11305157239378723
nfix,nfix,NTP,1000,intercept_fit,29,1.0,-1.8873310326329955,0.246,0.4962228517469311,0.12770502239516404
nfix,nfix,NTP,1000,intercept_fit,30,1.0,-1.873754050938787,0.224,0.4962228517469311,0.12591897780366743
nfix,nfix,NTP,1000,intercept_fit,31,1.0,-1.7721556504497273,0.247,0.4962228517469311,0.11217489781837456
nfix,nfix,NTP,1000,intercept_fit,32,1.0,-1.8640921344741328,0.259,0.4962228517469311,0.12464088756837494
nfix,nfix,NTP,1000,intercept_fit,33,1.0,-1.739537337733848,0.255,0.4962228517469311,0.10761966306592229
nfix,nfix,NTP,1000,intercept_fit,34,1.0,-1.8128492872922701,0.272,0.4962228517469311,0.1177605012798142
nfix,nfix,NTP,1000,intercept_fit,35,1.0,-1.9780597390211723,0.236,0.4962228517469311,0.13933626066567684
nfix,nfix,NTP,1000,intercept_fit,36,1.0,-1.6339839031354162,0.315,0.4962228517469311,0.09240009315913976
nfix,nfix,NTP,1000,intercept_fit,37,1.0,-1.8377534395253796,0.237,0.4962228517469311,0.12112579140486336
nfix,nfix,NTP,1000,intercept_fit,38,1.0,-1.7393509722679286,0.28,0.4962228517469311,0.10759343574199753
nfix,nfix,NTP,1000,intercept_fit,39,1.0,-1.9214549863216868,0.255,0.4962228517469311,0.13214184881848104
nfix,nfix,NTP,1000,intercept_fit,40,1.0,-1.7693971120642047,0.257,0.4962228517469311,0.11179239054294628
nfix,nfix,NTP,1000,intercept_fit,41,1.0,-1.8356572305805892,0.264,0.4962228517469311,0.12084387712118595
nfix,nfix,NTP,1000,intercept_fit,42,1.0,-1.6568334206472464,0.263,0.4962228517469311,0.09575673240000841
nfix,nfix,NTP,1000,intercept_fit,43,1.0,-1.7365681471159111,0.287,0.4962228517469311,0.10720156867561365
nfix,nfix,NTP,1000,intercept_fit,44,1.0,-1.7420771694498753,0.288,0.4962228517469311,0.1079768659626971
nfix,nfix,NTP,1000,intercept_fit,45,1.0,-1.7901031982179052,0.269,0.4962228517469311,0.11465170180999307
nfix,nfix,NTP,1000,intercept_fit,46,1.0,-1.801613132136833,0.251,0.4962228517469311,0.11622913264480453
nfix,nfix,NTP,1000,intercept_fit,47,1.0,-1.6393045093332006,0.264,0.4962228517469311,0.09318473838876265
nfix,nfix,NTP,1000,intercept_fit,48,1.0,-1.8295196483631475,0.253,0.4962228517469311,0.12001742798510709
nfix,nfix,NTP,1000,intercept_fit,49,1.0,-1.6226051456723587,0.276,0.4962228517469311,0.09071572358699302
nfix,nfix,NTP,1000,intercept_fit,50,1.0,-1.6757891913158092,0.277,0.4962228517469311,0.0985157102881735
nfix,nfix,NTP,1000,intercept_fit,51,1.0,-1.80301676538384,0.263,0.4962228517469311,0.11642086456141817
nfix,nfix,NTP,1000,intercept_fit,52,1.0,-1.8989240144036155,0.232,0.4962228517469311,0.12922082310976962
nfix,nfix,NTP,1000,intercept_fit,53,1.0,-1.7959534386516487,0.259,0.4962228517469311,0.115454523955793
nfix,nfix,NTP,1000,intercept_fit,54,1.0,-2.034141094430675,0.225,0.4962228517469311,0.14626336971743864
nfix,nfix,NTP,1000,intercept_fit,55,1.0,-1.7852841140337161,0.268,0.4962228517469311,0.11398869701525927
nfix,nfix,NTP,1000,intercept_fit,56,1.0,-1.5023887199358916,0.299,0.4962228517469311,0.0723942591605572
nfix,nfix,NTP,1000,intercept_fit,57,1.0,-1.7135546967366615,0.296,0.4962228517469311,0.1039412299818463
nfix,nfix,NTP,1000,intercept_fit,58,1.0,-1.939589940317859,0.238,0.4962228517469311,0.13446877642482033
nfix,nfix,NTP,1000,intercept_fit,59,1.0,-1.1360515199681245,0.413,0.4962228517469311,0.018988279232903357
nfix,nfix,NTP,1000,intercept_fit,60,1.0,-1.2263132946222344,0.338,0.4962228517469311,0.02846422286806001
nfix,nfix,NTP,1000,intercept_fit,61,1.0,-1.6942698127921643,0.273,0.4962228517469311,0.10118238568484039
nfix,nfix,NTP,1000,intercept_fit,62,1.0,-1.6559572325308534,0.271,0.4962228517469311,0.09562897538879754
nfix,nfix,NTP,1000,intercept_fit,63,1.0,-1.6506254317271278,0.318,0.4962228517469311,0.09484812815051492
nfix,nfix,NTP,1000,intercept_fit,64,1.0,-1.745110930920893,0.259,0.4962228517469311,0.10840296731853108
nfix,nfix,NTP,1000,intercept_fit,65,1.0,-1.6356985654235328,0.273,0.4962228517469311,0.09265331525262137
nfix,nfix,NTP,1000,intercept_fit,66,1.0,-1.775301620526937,0.254,0.4962228517469311,0.11261062039166746
nfix,nfix,NTP,1000,intercept_fit,67,1.0,-1.5791579994674199,0.281,0.4962228517469311,0.08420459912845404
nfix,nfix,NTP,1000,intercept_fit,68,1.0,-1.8751639742661117,0.243,0.4962228517469311,0.12610537559183166
nfix,nfix,NTP,1000,intercept_fit,69,1.0,-1.8240973860618375,0.255,0.4962228517469311,0.11928550716849111
nfix,nfix,NTP,1000,intercept_fit,70,1.0,-1.5761945195677523,0.285,0.4962228517469311,0.0837563535140863
nfix,nfix,NTP,1000,intercept_fit,71,1.0,-1.5758948606547094,0.31,0.4962228517469311,0.08371092189120492
nfix,nfix,NTP,1000,intercept_fit,72,1.0,-1.7173721389005574,0.267,0.4962228517469311,0.1044845216013634
nfix,nfix,NTP,1000,intercept_fit,73,1.0,-1.7977795942047572,0.254,0.4962228517469311,0.1157046210541388
nfix,nfix,NTP,1000,intercept_fit,74,1.0,-1.8886320984013427,0.257,0.4962228517469311,0.12787542904756907
nfix,nfix,NTP,1000,intercept_fit,75,1.0,-1.6512541371616118,0.292,0.4962228517469311,0.09494030049342703
nfix,nfix,NTP,1000,intercept_fit,76,1.0,-1.8979068009733315,0.253,0.4962228517469311,0.12908823322931853
nfix,nfix,NTP,1000,intercept_fit,77,1.0,-1.6574531563592718,0.298,0.4962228517469311,0.09584733486629028
nfix,nfix,NTP,1000,intercept_fit,78,1.0,-1.84721549557598,0.263,0.4962228517469311,0.122393713277303
nfix,nfix,NTP,1000,intercept_fit,79,1.0,-1.7547119994176068,0.285,0.4962228517469311,0.10974753075105625
nfix,nfix,NTP,1000,intercept_fit,80,1.0,-1.7713289971034496,0.27,0.4962228517469311,0.1120603242517809
nfix,nfix,NTP,1000,intercept_fit,81,1.0,-1.5097414266006202,0.321,0.4962228517469311,0.0735425583067884
nfix,nfix,NTP,1000,intercept_fit,82,1.0,-1.5790863966206752,0.322,0.4962228517469311,0.0841937579761979
nfix,nfix,NTP,1000,intercept_fit,83,1.0,-1.8510472307757662,0.255,0.4962228517469311,0.12290539337555782
nfix,nfix,NTP,1000,intercept_fit,84,1.0,-1.858550779342765,0.282,0.4962228517469311,0.1239049462302234
nfix,nfix,NTP,1000,intercept_fit,85,1.0,-1.7582068471228476,0.239,0.4962228517469311,0.11023543852843835
nfix,nfix,NTP,1000,intercept_fit,86,1.0,-1.945922684675842,0.233,0.4962228517469311,0.13527635503201166
nfix,nfix,NTP,1000,intercept_fit,87,1.0,-1.9303945345075173,0.254,0.4962228517469311,0.13329162748305284
nfix,nfix,NTP,1000,intercept_fit,88,1.0,-1.7150936977002533,0.254,0.4962228517469311,0.10416037430544071
nfix,nfix,NTP,1000,intercept_fit,89,1.0,-1.8401055922127145,0.245,0.4962228517469311,0.1214414087610421
nfix,nfix,NTP,1000,intercept_fit,90,1.0,-1.8167614009238786,0.25,0.4962228517469311,0.11829191645720635
nfix,nfix,NTP,1000,intercept_fit,91,1.0,-2.0948443021789926,0.212,0.4962228517469311,0.1535385854637391
nfix,nfix,NTP,1000,intercept_fit,92,1.0,-1.735095583037176,0.254,0.4962228517469311,0.10699398167035222
nfix,nfix,NTP,1000,intercept_fit,93,1.0,-1.78030190692819,0.277,0.4962228517469311,0.11330178718120237
nfix,nfix,NTP,1000,intercept_fit,94,1.0,-1.996968261094816,0.233,0.4962228517469311,0.14169413320909144
nfix,nfix,NTP,1000,intercept_fit,95,1.0,-1.6273608713141496,0.311,0.4962228517469311,0.09142065135831678
nfix,nfix,NTP,1000,intercept_fit,96,1.0,-1.9728382558973676,0.225,0.4962228517469311,0.13868171505179502
nfix,nfix,NTP,1000,intercept_fit,97,1.0,-1.2161378348405942,0.39,0.4962228517469311,0.027197536679223432
nfix,nfix,NTP,1000,intercept_fit,98,1.0,-1.5102215181666634,0.311,0.4962228517469311,0.07361746931067202
nfix,nfix,NTP,1000,intercept_fit,99,1.0,-1.762833424663216,0.278,0.4962228517469311,0.11088015172758271
nfix,supermat,Probe,50,intercept_fit,0,1.0,-1.6180252995726394,0.38,0.4962228517469311,0.23288804955571527
nfix,supermat,Probe,50,intercept_fit,1,1.0,-1.6197521718733032,0.38,0.4962228517469311,0.2331457652901125
nfix,supermat,Probe,50,intercept_fit,2,1.0,-0.89170056896176,0.38,0.4962228517469311,0.11738765791450155
nfix,supermat,Probe,50,intercept_fit,3,1.0,-1.6071356131645662,0.3,0.4962228517469311,0.2312720912872577
nfix,supermat,Probe,50,intercept_fit,4,1.0,-3.045003140448814,0.18,0.4962228517469311,0.38834831443995926
nfix,supermat,Probe,50,intercept_fit,5,1.0,-1.6679959771018633,0.36,0.4962228517469311,0.2402264030541577
nfix,supermat,Probe,50,intercept_fit,6,1.0,-1.192874273859777,0.36,0.4962228517469311,0.16544696661816888
nfix,supermat,Probe,50,intercept_fit,7,1.0,-0.702789373496408,0.44,0.4962228517469311,0.09331151253678595
nfix,supermat,Probe,50,intercept_fit,8,1.0,-0.5945045669665411,0.5,0.4962228517469311,0.08189347566689453
nfix,supermat,Probe,50,intercept_fit,9,1.0,-1.7167364080766727,0.32,0.4962228517469311,0.24725420124447978
nfix,supermat,Probe,50,intercept_fit,10,1.0,-2.9126320186035275,0.16,0.4962228517469311,0.3785058287443256
nfix,supermat,Probe,50,intercept_fit,11,1.0,-3.246023194892128,0.1,0.4962228517469311,0.4017057884984137
nfix,supermat,Probe,50,intercept_fit,12,1.0,-1.3482053370763956,0.34,0.4962228517469311,0.19108345325076032
nfix,supermat,Probe,50,intercept_fit,13,1.0,-0.9939320701068345,0.52,0.4962228517469311,0.13280924511970693
nfix,supermat,Probe,50,intercept_fit,14,1.0,-2.8704999994699723,0.18,0.4962228517469311,0.37519930180734745
nfix,supermat,Probe,50,intercept_fit,15,1.0,-0.9890337653404281,0.4,0.4962228517469311,0.13204426332629557
nfix,supermat,Probe,50,intercept_fit,16,1.0,-1.5644702200515148,0.32,0.4962228517469311,0.22488595642783832
nfix,supermat,Probe,50,intercept_fit,17,1.0,-1.2388876747749245,0.36,0.4962228517469311,0.17315255014675496
nfix,supermat,Probe,50,intercept_fit,18,1.0,-0.7328534874676284,0.42,0.4962228517469311,0.09672063197778528
nfix,supermat,Probe,50,intercept_fit,19,1.0,-1.116039728508121,0.44,0.4962228517469311,0.15261108904855475
nfix,supermat,Probe,50,intercept_fit,20,1.0,-2.226949318822552,0.24,0.4962228517469311,0.31295795185731545
nfix,supermat,Probe,50,intercept_fit,21,1.0,-2.0037331363392745,0.32,0.4962228517469311,0.2860183498757743
nfix,supermat,Probe,50,intercept_fit,22,1.0,-1.3912039925989408,0.36,0.4962228517469311,0.19798659738299612
nfix,supermat,Probe,50,intercept_fit,23,1.0,-1.272725819986647,0.36,0.4962228517469311,0.17875883649205007
nfix,supermat,Probe,50,intercept_fit,24,1.0,-2.51039797557429,0.22,0.4962228517469311,0.34310840770646345
nfix,supermat,Probe,50,intercept_fit,25,1.0,-0.43660938993353504,0.44,0.4962228517469311,0.06717668588704556
nfix,supermat,Probe,50,intercept_fit,26,1.0,-2.1554793639308856,0.24,0.4962228517469311,0.30463800783908174
nfix,supermat,Probe,50,intercept_fit,27,1.0,-0.5274322522410899,0.5,0.4962228517469311,0.0753371218040091
nfix,supermat,Probe,50,intercept_fit,28,1.0,-1.773156375890917,0.3,0.4962228517469311,0.255231850861229
nfix,supermat,Probe,50,intercept_fit,29,1.0,-0.7117691053140403,0.44,0.4962228517469311,0.09433420981490986
nfix,supermat,Probe,50,intercept_fit,30,1.0,-1.403550030212641,0.42,0.4962228517469311,0.1999522778877508
nfix,supermat,Probe,50,intercept_fit,31,1.0,-1.1265196018020547,0.38,0.4962228517469311,0.15434514521999806
nfix,supermat,Probe,50,intercept_fit,32,1.0,-1.732997227280032,0.3,0.4962228517469311,0.24956597158359517
nfix,supermat,Probe,50,intercept_fit,33,1.0,-1.1582976927783806,0.36,0.4962228517469311,0.15963430362670378
nfix,supermat,Probe,50,intercept_fit,34,1.0,-1.8203843431552587,0.36,0.4962228517469311,0.26176441034269504
nfix,supermat,Probe,50,intercept_fit,35,1.0,-2.9094333420007517,0.18,0.4962228517469311,0.3782504749682355
nfix,supermat,Probe,50,intercept_fit,36,1.0,-0.7149788188516415,0.46,0.4962228517469311,0.0946392557425759
nfix,supermat,Probe,50,intercept_fit,37,1.0,-1.9577437680767293,0.34,0.4962228517469311,0.28009484687947883
nfix,supermat,Probe,50,intercept_fit,38,1.0,-0.8695454234403512,0.44,0.4962228517469311,0.11424110284936173
nfix,supermat,Probe,50,intercept_fit,39,1.0,-1.0584662356514125,0.52,0.4962228517469311,0.14316745771520348
nfix,supermat,Probe,50,intercept_fit,40,1.0,-2.0020480621872347,0.3,0.4962228517469311,0.2858022758343906
nfix,supermat,Probe,50,intercept_fit,41,1.0,-2.1541472574501697,0.3,0.4962228517469311,0.30447539056659584
nfix,supermat,Probe,50,intercept_fit,42,1.0,-1.9835783796966413,0.3,0.4962228517469311,0.283427881554762
nfix,supermat,Probe,50,intercept_fit,43,1.0,-1.903665925064155,0.26,0.4962228517469311,0.27301750172708034
nfix,supermat,Probe,50,intercept_fit,44,1.0,-1.6194472244254738,0.32,0.4962228517469311,0.23310004976435902
nfix,supermat,Probe,50,intercept_fit,45,1.0,-1.300235504122576,0.36,0.4962228517469311,0.18328152230220165
nfix,supermat,Probe,50,intercept_fit,46,1.0,-1.8167681544359806,0.26,0.4962228517469311,0.261270004745226
nfix,supermat,Probe,50,intercept_fit,47,1.0,-2.18400731978846,0.26,0.4962228517469311,0.3079957304081126
nfix,supermat,Probe,50,intercept_fit,48,1.0,-1.1624155700884842,0.36,0.4962228517469311,0.16032116121468198
nfix,supermat,Probe,50,intercept_fit,49,1.0,-1.7443974952356756,0.32,0.4962228517469311,0.25117568647405253
nfix,supermat,Probe,50,intercept_fit,50,1.0,-1.012580533031782,0.32,0.4962228517469311,0.1357645028930856
nfix,supermat,Probe,50,intercept_fit,51,1.0,-1.310508440545369,0.38,0.4962228517469311,0.18496135664752894
nfix,supermat,Probe,50,intercept_fit,52,1.0,-1.2499006776110027,0.4,0.4962228517469311,0.17498474313916415
nfix,supermat,Probe,50,intercept_fit,53,1.0,-1.7854830094972194,0.38,0.4962228517469311,0.25694622525394134
nfix,supermat,Probe,50,intercept_fit,54,1.0,-1.6060980725073368,0.28,0.4962228517469311,0.2311178594001463
nfix,supermat,Probe,50,intercept_fit,55,1.0,-1.2465110225407585,0.38,0.4962228517469311,0.17442121735495797
nfix,supermat,Probe,50,intercept_fit,56,1.0,-1.3095325048272402,0.34,0.4962228517469311,0.18480227586781042
nfix,supermat,Probe,50,intercept_fit,57,1.0,-0.02065651605736771,0.6,0.4962228517469311,0.06811933559773418
nfix,supermat,Probe,50,intercept_fit,58,1.0,-1.3692692537318707,0.36,0.4962228517469311,0.19447804742212907
nfix,supermat,Probe,50,intercept_fit,59,1.0,-1.505235670480567,0.42,0.4962228517469311,0.2158520826067981
nfix,supermat,Probe,50,intercept_fit,60,1.0,-2.930900890994572,0.14,0.4962228517469311,0.379932565815787
nfix,supermat,Probe,50,intercept_fit,61,1.0,-1.9836333622435285,0.3,0.4962228517469311,0.2834350450300149
nfix,supermat,Probe,50,intercept_fit,62,1.0,-0.5961730344057543,0.5,0.4962228517469311,0.08196142380684827
nfix,supermat,Probe,50,intercept_fit,63,1.0,-1.5846799304840835,0.34,0.4962228517469311,0.2279196797371516
nfix,supermat,Probe,50,intercept_fit,64,1.0,-1.4987348164350085,0.4,0.4962228517469311,0.21485735268173894
nfix,supermat,Probe,50,intercept_fit,65,1.0,-1.0174371088743963,0.4,0.4962228517469311,0.1365559560322612
nfix,supermat,Probe,50,intercept_fit,66,1.0,-1.6921838279162982,0.3,0.4962228517469311,0.24373039111397246
nfix,supermat,Probe,50,intercept_fit,67,1.0,-1.5633918263999476,0.3,0.4962228517469311,0.224723451073384
nfix,supermat,Probe,50,intercept_fit,68,1.0,-0.8368918194700347,0.46,0.4962228517469311,0.10979605986900125
nfix,supermat,Probe,50,intercept_fit,69,1.0,-0.7930505159467064,0.48,0.4962228517469311,0.10409312271766524
nfix,supermat,Probe,50,intercept_fit,70,1.0,-2.534513396520733,0.26,0.4962228517469311,0.3454970498943465
nfix,supermat,Probe,50,intercept_fit,71,1.0,-0.3171590186783445,0.56,0.4962228517469311,0.06092789622989295
nfix,supermat,Probe,50,intercept_fit,72,1.0,-1.2744616376051061,0.46,0.4962228517469311,0.17904450776533748
nfix,supermat,Probe,50,intercept_fit,73,1.0,-0.8568877433870156,0.42,0.4962228517469311,0.11249808625587927
nfix,supermat,Probe,50,intercept_fit,74,1.0,-1.9725801189887777,0.28,0.4962228517469311,0.28202022684990896
nfix,supermat,Probe,50,intercept_fit,75,1.0,-1.0445832325142983,0.42,0.4962228517469311,0.14091048438687975
nfix,supermat,Probe,50,intercept_fit,76,1.0,-1.252492351021834,0.4,0.4962228517469311,0.17541297829477212
nfix,supermat,Probe,50,intercept_fit,77,1.0,-2.562889949784801,0.18,0.4962228517469311,0.3482439419436297
nfix,supermat,Probe,50,intercept_fit,78,1.0,-1.5922866326488092,0.36,0.4962228517469311,0.22906153825045403
nfix,supermat,Probe,50,intercept_fit,79,1.0,-1.611918663847214,0.38,0.4962228517469311,0.23198419870610218
nfix,supermat,Probe,50,intercept_fit,80,1.0,-2.1806263729321174,0.24,0.4962228517469311,0.30759973141595603
nfix,supermat,Probe,50,intercept_fit,81,1.0,-0.8035077633770952,0.42,0.4962228517469311,0.10545264492877612
nfix,supermat,Probe,50,intercept_fit,82,1.0,-1.1373033691213845,0.34,0.4962228517469311,0.15614067910905235
nfix,supermat,Probe,50,intercept_fit,83,1.0,-0.8624322600513437,0.46,0.4962228517469311,0.11325160984988646
nfix,supermat,Probe,50,intercept_fit,84,1.0,-2.186734505664761,0.2,0.4962228517469311,0.3083074673540328
nfix,supermat,Probe,50,intercept_fit,85,1.0,-2.626632199504188,0.18,0.4962228517469311,0.3542508336808388
nfix,supermat,Probe,50,intercept_fit,86,1.0,-2.9934701186981694,0.18,0.4962228517469311,0.38460578316290217
nfix,supermat,Probe,50,intercept_fit,87,1.0,-0.7810702327019035,0.38,0.4962228517469311,0.10254549963925198
nfix,supermat,Probe,50,intercept_fit,88,1.0,-1.866910094855729,0.24,0.4962228517469311,0.2680836454792787
nfix,supermat,Probe,50,intercept_fit,89,1.0,-2.663796360884602,0.22,0.4962228517469311,0.3576257825189243
nfix,supermat,Probe,50,intercept_fit,90,1.0,-0.973321805444703,0.44,0.4962228517469311,0.12960650364715287
nfix,supermat,Probe,50,intercept_fit,91,1.0,-1.159428441202191,0.42,0.4962228517469311,0.15982412022909923
nfix,supermat,Probe,50,intercept_fit,92,1.0,-1.0521456242235612,0.4,0.4962228517469311,0.1421401356534057
nfix,supermat,Probe,50,intercept_fit,93,1.0,-1.6305806854032032,0.32,0.4962228517469311,0.23474352766508938
nfix,supermat,Probe,50,intercept_fit,94,1.0,-1.915497306551761,0.32,0.4962228517469311,0.27456985963432773
nfix,supermat,Probe,50,intercept_fit,95,1.0,-1.463482151510788,0.44,0.4962228517469311,0.20938717486758116
nfix,supermat,Probe,50,intercept_fit,96,1.0,-0.5121893991094343,0.5,0.4962228517469311,0.07398793302055878
nfix,supermat,Probe,50,intercept_fit,97,1.0,-0.6825550593013702,0.42,0.4962228517469311,0.09103026154486175
nfix,supermat,Probe,50,intercept_fit,98,1.0,-1.7778138946406299,0.36,0.4962228517469311,0.2558756864504037
nfix,supermat,Probe,50,intercept_fit,99,1.0,-1.5541467976051038,0.34,0.4962228517469311,0.22332592971023088
nfix,supermat,NTP,50,intercept_fit,0,1.0,-0.7146472391702574,0.38,0.4962228517469311,0.07673169101604425
nfix,supermat,NTP,50,intercept_fit,1,1.0,-0.6625034847369569,0.38,0.4962228517469311,0.0661755120306473
nfix,supermat,NTP,50,intercept_fit,2,1.0,-0.8239944205961999,0.38,0.4962228517469311,0.09845660446771227
nfix,supermat,NTP,50,intercept_fit,3,1.0,-0.8867244187627863,0.3,0.4962228517469311,0.11064596272554293
nfix,supermat,NTP,50,intercept_fit,4,1.0,-1.6049021239621626,0.18,0.4962228517469311,0.23479214797372366
nfix,supermat,NTP,50,intercept_fit,5,1.0,-0.6814655227338449,0.36,0.4962228517469311,0.07002780291547135
nfix,supermat,NTP,50,intercept_fit,6,1.0,-0.924918074646688,0.36,0.4962228517469311,0.11796811860492348
nfix,supermat,NTP,50,intercept_fit,7,1.0,-0.7523580317701312,0.44,0.4962228517469311,0.08428987271133492
nfix,supermat,NTP,50,intercept_fit,8,1.0,-0.2619180078184491,0.5,0.4962228517469311,0.06637066235451386
nfix,supermat,NTP,50,intercept_fit,9,1.0,-1.0575464401175978,0.32,0.4962228517469311,0.14279782822660114
nfix,supermat,NTP,50,intercept_fit,10,1.0,-1.9039925744122153,0.16,0.4962228517469311,0.27747584091383876
nfix,supermat,NTP,50,intercept_fit,11,1.0,-2.292522199236078,0.1,0.4962228517469311,0.3248533817088009
nfix,supermat,NTP,50,intercept_fit,12,1.0,-0.8373274254313728,0.34,0.4962228517469311,0.10106434988876702
nfix,supermat,NTP,50,intercept_fit,13,1.0,-0.21213853154821705,0.52,0.4962228517469311,0.07205448224534768
nfix,supermat,NTP,50,intercept_fit,14,1.0,-1.58681356656032,0.18,0.4962228517469311,0.23204524751122246
nfix,supermat,NTP,50,intercept_fit,15,1.0,-0.6694040305201937,0.4,0.4962228517469311,0.06757933705471005
nfix,supermat,NTP,50,intercept_fit,16,1.0,-0.77250347486664,0.32,0.4962228517469311,0.08829963960526771
nfix,supermat,NTP,50,intercept_fit,17,1.0,-0.6903280586152567,0.36,0.4962228517469311,0.07182311227027087
nfix,supermat,NTP,50,intercept_fit,18,1.0,-0.5397633388608845,0.42,0.4962228517469311,0.04731346222330446
nfix,supermat,NTP,50,intercept_fit,19,1.0,-0.3906322404937448,0.44,0.4962228517469311,0.05382894396842084
nfix,supermat,NTP,50,intercept_fit,20,1.0,-1.3843065920511548,0.24,0.4962228517469311,0.19983121489189432
nfix,supermat,NTP,50,intercept_fit,21,1.0,-0.9827669341071532,0.32,0.4962228517469311,0.1289119577871063
nfix,supermat,NTP,50,intercept_fit,22,1.0,-1.0077956698969395,0.36,0.4962228517469311,0.13359332150319936
nfix,supermat,NTP,50,intercept_fit,23,1.0,-0.7797491584058875,0.36,0.4962228517469311,0.08973700617280835
nfix,supermat,NTP,50,intercept_fit,24,1.0,-1.374836723961233,0.22,0.4962228517469311,0.19826632980702355
nfix,supermat,NTP,50,intercept_fit,25,1.0,-0.6704901207311523,0.44,0.4962228517469311,0.06780000360690176
nfix,supermat,NTP,50,intercept_fit,26,1.0,-1.434070619325387,0.24,0.4962228517469311,0.20798240797311845
nfix,supermat,NTP,50,intercept_fit,27,1.0,-0.23135961904023386,0.5,0.4962228517469311,0.06977158620384265
nfix,supermat,NTP,50,intercept_fit,28,1.0,-1.0519656478165644,0.3,0.4962228517469311,0.14177162368446805
nfix,supermat,NTP,50,intercept_fit,29,1.0,-0.48090588220526465,0.44,0.4962228517469311,0.048089448448884554
nfix,supermat,NTP,50,intercept_fit,30,1.0,-0.5291441915180365,0.42,0.4962228517469311,0.04711128358557813
nfix,supermat,NTP,50,intercept_fit,31,1.0,-0.6263125707810677,0.38,0.4962228517469311,0.058782663576153776
nfix,supermat,NTP,50,intercept_fit,32,1.0,-0.9605877333550235,0.3,0.4962228517469311,0.12473710150912651
nfix,supermat,NTP,50,intercept_fit,33,1.0,-0.8728862193296586,0.36,0.4962228517469311,0.10797473562886128
nfix,supermat,NTP,50,intercept_fit,34,1.0,-0.7971731701731456,0.36,0.4962228517469311,0.09318255542263663
nfix,supermat,NTP,50,intercept_fit,35,1.0,-1.5827404794844409,0.18,0.4962228517469311,0.2314281518905915
nfix,supermat,NTP,50,intercept_fit,36,1.0,-0.23542859035206093,0.46,0.4962228517469311,0.06924343221131873
nfix,supermat,NTP,50,intercept_fit,37,1.0,-0.7018218757277406,0.34,0.4962228517469311,0.07414616150321406
nfix,supermat,NTP,50,intercept_fit,38,1.0,-0.606973634878827,0.44,0.4962228517469311,0.05485970199950031
nfix,supermat,NTP,50,intercept_fit,39,1.0,-0.23988709295489774,0.52,0.4962228517469311,0.06878965478953152
nfix,supermat,NTP,50,intercept_fit,40,1.0,-1.212386039102436,0.3,0.4962228517469311,0.17058037746992133
nfix,supermat,NTP,50,intercept_fit,41,1.0,-0.9863324987802177,0.3,0.4962228517469311,0.12958127823942886
nfix,supermat,NTP,50,intercept_fit,42,1.0,-1.0867676413812988,0.3,0.4962228517469311,0.1481423699967991
nfix,supermat,NTP,50,intercept_fit,43,1.0,-1.288372721532544,0.26,0.4962228517469311,0.18373047595055866
nfix,supermat,NTP,50,intercept_fit,44,1.0,-1.177399829409978,0.32,0.4962228517469311,0.16442118339978512
nfix,supermat,NTP,50,intercept_fit,45,1.0,-0.7404741225253697,0.36,0.4962228517469311,0.0819151692679549
nfix,supermat,NTP,50,intercept_fit,46,1.0,-1.2596335197638733,0.26,0.4962228517469311,0.17879790335136947
nfix,supermat,NTP,50,intercept_fit,47,1.0,-1.1423597675504449,0.26,0.4962228517469311,0.15818179093866913
nfix,supermat,NTP,50,intercept_fit,48,1.0,-0.7549753651709333,0.36,0.4962228517469311,0.0848118954158567
nfix,supermat,NTP,50,intercept_fit,49,1.0,-1.1454488892699022,0.32,0.4962228517469311,0.15873378540168967
nfix,supermat,NTP,50,intercept_fit,50,1.0,-1.0428437304134204,0.32,0.4962228517469311,0.14009172229900002
nfix,supermat,NTP,50,intercept_fit,51,1.0,-0.76089880623761,0.38,0.4962228517469311,0.08599226245955693
nfix,supermat,NTP,50,intercept_fit,52,1.0,-0.867210707028036,0.4,0.4962228517469311,0.10687607189611395
nfix,supermat,NTP,50,intercept_fit,53,1.0,-0.8170069813804826,0.38,0.4962228517469311,0.09708599199451418
nfix,supermat,NTP,50,intercept_fit,54,1.0,-1.2608583737143406,0.28,0.4962228517469311,0.17900890318773455
nfix,supermat,NTP,50,intercept_fit,55,1.0,-0.5139198200445553,0.38,0.4962228517469311,0.04715718068123957
nfix,supermat,NTP,50,intercept_fit,56,1.0,-1.0908774885324457,0.34,0.4962228517469311,0.148890663705425
nfix,supermat,NTP,50,intercept_fit,57,1.0,-0.0515288522503044,0.6,0.4962228517469311,0.09244897657920398
nfix,supermat,NTP,50,intercept_fit,58,1.0,-0.8891995860847229,0.36,0.4962228517469311,0.11112321222247394
nfix,supermat,NTP,50,intercept_fit,59,1.0,-0.6379079937155682,0.42,0.4962228517469311,0.06115668368866539
nfix,supermat,NTP,50,intercept_fit,60,1.0,-1.7782988064079797,0.14,0.4962228517469311,0.2601992004426553
nfix,supermat,NTP,50,intercept_fit,61,1.0,-0.906734361111777,0.3,0.4962228517469311,0.11449127446599333
nfix,supermat,NTP,50,intercept_fit,62,1.0,-0.2973803452104961,0.5,0.4962228517469311,0.06246337274813805
nfix,supermat,NTP,50,intercept_fit,63,1.0,-0.8680893909173821,0.34,0.4962228517469311,0.10704640949265083
nfix,supermat,NTP,50,intercept_fit,64,1.0,-0.592837939315611,0.4,0.4962228517469311,0.05223874692979463
nfix,supermat,NTP,50,intercept_fit,65,1.0,-0.699484473309085,0.4,0.4962228517469311,0.07367435317302001
nfix,supermat,NTP,50,intercept_fit,66,1.0,-1.0781747882938961,0.3,0.4962228517469311,0.1465762613987346
nfix,supermat,NTP,50,intercept_fit,67,1.0,-1.0992949214691343,0.3,0.4962228517469311,0.15042069045791534
nfix,supermat,NTP,50,intercept_fit,68,1.0,-0.3633784367058255,0.46,0.4962228517469311,0.056199950591092535
nfix,supermat,NTP,50,intercept_fit,69,1.0,-0.5233841598739138,0.48,0.4962228517469311,0.04708755587565942
nfix,supermat,NTP,50,intercept_fit,70,1.0,-1.079893749899406,0.26,0.4962228517469311,0.14688973005528613
nfix,supermat,NTP,50,intercept_fit,71,1.0,-0.06760753565465163,0.56,0.4962228517469311,0.09030347201483709
nfix,supermat,NTP,50,intercept_fit,72,1.0,-0.33418418084861196,0.46,0.4962228517469311,0.05882938575675021
nfix,supermat,NTP,50,intercept_fit,73,1.0,-0.5712675061943525,0.42,0.4962228517469311,0.04925673920017539
nfix,supermat,NTP,50,intercept_fit,74,1.0,-0.890343588633721,0.28,0.4962228517469311,0.11134274583372991
nfix,supermat,NTP,50,intercept_fit,75,1.0,-0.44032427222329434,0.42,0.4962228517469311,0.05028777567976804
nfix,supermat,NTP,50,intercept_fit,76,1.0,-0.5635002745802535,0.4,0.4962228517469311,0.048561101665115465
nfix,supermat,NTP,50,intercept_fit,77,1.0,-1.634374221128308,0.18,0.4962228517469311,0.239247850503596
nfix,supermat,NTP,50,intercept_fit,78,1.0,-0.6980849332619299,0.36,0.4962228517469311,0.07339174132197615
nfix,supermat,NTP,50,intercept_fit,79,1.0,-0.8356622249527615,0.38,0.4962228517469311,0.10073891934539647
nfix,supermat,NTP,50,intercept_fit,80,1.0,-1.3349792817871564,0.24,0.4962228517469311,0.19162003816433762
nfix,supermat,NTP,50,intercept_fit,81,1.0,-0.47968173897806077,0.42,0.4962228517469311,0.048146765498999926
nfix,supermat,NTP,50,intercept_fit,82,1.0,-0.753337122678025,0.34,0.4962228517469311,0.08448518664403451
nfix,supermat,NTP,50,intercept_fit,83,1.0,-0.43593896859881026,0.46,0.4962228517469311,0.05063925787056264
nfix,supermat,NTP,50,intercept_fit,84,1.0,-1.5822078082762927,0.2,0.4962228517469311,0.23134818633258797
nfix,supermat,NTP,50,intercept_fit,85,1.0,-1.7505994790845225,0.18,0.4962228517469311,0.2562318958838865
nfix,supermat,NTP,50,intercept_fit,86,1.0,-1.6408842008354243,0.18,0.4962228517469311,0.2402298151125073
nfix,supermat,NTP,50,intercept_fit,87,1.0,-0.6324247417700766,0.38,0.4962228517469311,0.0600345425759515
nfix,supermat,NTP,50,intercept_fit,88,1.0,-1.2116860598084025,0.24,0.4962228517469311,0.17045782102073642
nfix,supermat,NTP,50,intercept_fit,89,1.0,-1.4052762859022396,0.22,0.4962228517469311,0.20329049979821004
nfix,supermat,NTP,50,intercept_fit,90,1.0,-0.5491436994238418,0.44,0.4962228517469311,0.0476861567291585
nfix,supermat,NTP,50,intercept_fit,91,1.0,-0.4840387354285164,0.42,0.4962228517469311,0.0479344015383102
nfix,supermat,NTP,50,intercept_fit,92,1.0,-0.8288531711813277,0.4,0.4962228517469311,0.09940803422610177
nfix,supermat,NTP,50,intercept_fit,93,1.0,-0.8558532239106038,0.32,0.4962228517469311,0.10467249889670548
nfix,supermat,NTP,50,intercept_fit,94,1.0,-0.8652572610607073,0.32,0.4962228517469311,0.10649725049359729
nfix,supermat,NTP,50,intercept_fit,95,1.0,-0.4406009516860695,0.44,0.4962228517469311,0.05026832310506633
nfix,supermat,NTP,50,intercept_fit,96,1.0,-0.2865824503024066,0.5,0.4962228517469311,0.06361242216608014
nfix,supermat,NTP,50,intercept_fit,97,1.0,-0.7604296808473827,0.42,0.4962228517469311,0.0858988056825222
nfix,supermat,NTP,50,intercept_fit,98,1.0,-0.9313063796323042,0.36,0.4962228517469311,0.11918461069703552
nfix,supermat,NTP,50,intercept_fit,99,1.0,-0.8839055967469455,0.34,0.4962228517469311,0.11010301626284268
nfix,supermat,Probe,1000,intercept_fit,0,1.0,-1.4190075818395453,0.373,0.4962228517469311,0.2023987105595252
nfix,supermat,Probe,1000,intercept_fit,1,1.0,-1.7247498114703301,0.35,0.4962228517469311,0.24839099957334934
nfix,supermat,Probe,1000,intercept_fit,2,1.0,-1.1763010305457344,0.352,0.4962228517469311,0.16265079696799314
nfix,supermat,Probe,1000,intercept_fit,3,1.0,-1.668056773680408,0.293,0.4962228517469311,0.24023575229996746
nfix,supermat,Probe,1000,intercept_fit,4,1.0,-2.486471548920436,0.267,0.4962228517469311,0.34074186595515793
nfix,supermat,Probe,1000,intercept_fit,5,1.0,-1.6486031729264918,0.349,0.4962228517469311,0.23740174839834033
nfix,supermat,Probe,1000,intercept_fit,6,1.0,-1.447474258129978,0.337,0.4962228517469311,0.2068836730097017
nfix,supermat,Probe,1000,intercept_fit,7,1.0,-0.679257304747363,0.448,0.4962228517469311,0.09073170762754604
nfix,supermat,Probe,1000,intercept_fit,8,1.0,-1.3302275902074088,0.357,0.4962228517469311,0.1881729655571164
nfix,supermat,Probe,1000,intercept_fit,9,1.0,-1.4016537106735012,0.394,0.4962228517469311,0.19965250963633
nfix,supermat,Probe,1000,intercept_fit,10,1.0,-2.245685704720129,0.274,0.4962228517469311,0.3150869565224895
nfix,supermat,Probe,1000,intercept_fit,11,1.0,-2.1573554047040266,0.241,0.4962228517469311,0.30486626629567615
nfix,supermat,Probe,1000,intercept_fit,12,1.0,-1.9996560901344227,0.294,0.4962228517469311,0.28549523198072524
nfix,supermat,Probe,1000,intercept_fit,13,1.0,-1.1339858689213755,0.445,0.4962228517469311,0.1555852180028317
nfix,supermat,Probe,1000,intercept_fit,14,1.0,-2.2046284011774993,0.246,0.4962228517469311,0.3104004764064805
nfix,supermat,Probe,1000,intercept_fit,15,1.0,-1.6583620803951284,0.313,0.4962228517469311,0.23882258077076207
nfix,supermat,Probe,1000,intercept_fit,16,1.0,-1.2745535575403417,0.367,0.4962228517469311,0.1790596526469567
nfix,supermat,Probe,1000,intercept_fit,17,1.0,-1.5206499031122684,0.3,0.4962228517469311,0.21822625959447453
nfix,supermat,Probe,1000,intercept_fit,18,1.0,-1.1526989548641726,0.387,0.4962228517469311,0.15869993687199682
nfix,supermat,Probe,1000,intercept_fit,19,1.0,-1.528105949516298,0.369,0.4962228517469311,0.21936174425062396
nfix,supermat,Probe,1000,intercept_fit,20,1.0,-1.6896825153896222,0.285,0.4962228517469311,0.2433653564163173
nfix,supermat,Probe,1000,intercept_fit,21,1.0,-1.7086058191584415,0.336,0.4962228517469311,0.24609936791899864
nfix,supermat,Probe,1000,intercept_fit,22,1.0,-1.5878391239173082,0.299,0.4962228517469311,0.22839518893987687
nfix,supermat,Probe,1000,intercept_fit,23,1.0,-1.0151911356183962,0.422,0.4962228517469311,0.13618939257194132
nfix,supermat,Probe,1000,intercept_fit,24,1.0,-2.030040076492597,0.279,0.4962228517469311,0.28933612643258494
nfix,supermat,Probe,1000,intercept_fit,25,1.0,-0.8424995620464971,0.403,0.4962228517469311,0.11053666716877797
nfix,supermat,Probe,1000,intercept_fit,26,1.0,-1.6603334072761915,0.334,0.4962228517469311,0.23911278124784016
nfix,supermat,Probe,1000,intercept_fit,27,1.0,-0.9125841227688223,0.394,0.4962228517469311,0.12041964882150594
nfix,supermat,Probe,1000,intercept_fit,28,1.0,-1.7027622386231687,0.35,0.4962228517469311,0.2452585853013142
nfix,supermat,Probe,1000,intercept_fit,29,1.0,-0.8660004449688077,0.426,0.4962228517469311,0.11377386296133854
nfix,supermat,Probe,1000,intercept_fit,30,1.0,-1.7199189804799477,0.378,0.4962228517469311,0.24770612041349566
nfix,supermat,Probe,1000,intercept_fit,31,1.0,-1.5413376172659532,0.328,0.4962228517469311,0.22137467154962515
nfix,supermat,Probe,1000,intercept_fit,32,1.0,-1.8708352852274603,0.316,0.4962228517469311,0.26861678149430135
nfix,supermat,Probe,1000,intercept_fit,33,1.0,-1.6187537370215634,0.321,0.4962228517469311,0.2329964515434221
nfix,supermat,Probe,1000,intercept_fit,34,1.0,-2.5292149411302707,0.242,0.4962228517469311,0.344981511218302
nfix,supermat,Probe,1000,intercept_fit,35,1.0,-2.639882850668492,0.202,0.4962228517469311,0.3554809418494798
nfix,supermat,Probe,1000,intercept_fit,36,1.0,-0.9255381930332734,0.433,0.4962228517469311,0.122330650657904
nfix,supermat,Probe,1000,intercept_fit,37,1.0,-1.7287463044110123,0.36,0.4962228517469311,0.24895998196470825
nfix,supermat,Probe,1000,intercept_fit,38,1.0,-1.0116106321674878,0.443,0.4962228517469311,0.13562847031531222
nfix,supermat,Probe,1000,intercept_fit,39,1.0,-1.0538949426524649,0.529,0.4962228517469311,0.14242867823928812
nfix,supermat,Probe,1000,intercept_fit,40,1.0,-1.7685423980448998,0.335,0.4962228517469311,0.25458684499623047
nfix,supermat,Probe,1000,intercept_fit,41,1.0,-2.06669618239311,0.299,0.4962228517469311,0.2938767628619287
nfix,supermat,Probe,1000,intercept_fit,42,1.0,-2.1379720258834563,0.269,0.4962228517469311,0.3025560938175413
nfix,supermat,Probe,1000,intercept_fit,43,1.0,-1.426029481116775,0.348,0.4962228517469311,0.20351307322076634
nfix,supermat,Probe,1000,intercept_fit,44,1.0,-1.5812649924165716,0.328,0.4962228517469311,0.22741066093954648
nfix,supermat,Probe,1000,intercept_fit,45,1.0,-1.5351494597417628,0.317,0.4962228517469311,0.2204358474009177
nfix,supermat,Probe,1000,intercept_fit,46,1.0,-1.5457609873496474,0.341,0.4962228517469311,0.22204697249228353
nfix,supermat,Probe,1000,intercept_fit,47,1.0,-1.766628647075355,0.303,0.4962228517469311,0.2543198021961349
nfix,supermat,Probe,1000,intercept_fit,48,1.0,-0.810110610149239,0.449,0.4962228517469311,0.10629322536876513
nfix,supermat,Probe,1000,intercept_fit,49,1.0,-1.7429865104552453,0.278,0.4962228517469311,0.2509757156843986
nfix,supermat,Probe,1000,intercept_fit,50,1.0,-1.5580039203126401,0.322,0.4962228517469311,0.2239104829959859
nfix,supermat,Probe,1000,intercept_fit,51,1.0,-1.55168404408201,0.333,0.4962228517469311,0.22295304047211947
nfix,supermat,Probe,1000,intercept_fit,52,1.0,-1.6503170996743706,0.303,0.4962228517469311,0.23765365035516844
nfix,supermat,Probe,1000,intercept_fit,53,1.0,-1.6971040232092887,0.349,0.4962228517469311,0.24444620868473915
nfix,supermat,Probe,1000,intercept_fit,54,1.0,-2.03941260215674,0.234,0.4962228517469311,0.2905043475758987
nfix,supermat,Probe,1000,intercept_fit,55,1.0,-1.4202152418239227,0.334,0.4962228517469311,0.20258919623697194
nfix,supermat,Probe,1000,intercept_fit,56,1.0,-1.2143025097778857,0.354,0.4962228517469311,0.16904701138061934
nfix,supermat,Probe,1000,intercept_fit,57,1.0,-0.8020183559290186,0.433,0.4962228517469311,0.10524800622161914
nfix,supermat,Probe,1000,intercept_fit,58,1.0,-1.2162956704277381,0.387,0.4962228517469311,0.1693801389412702
nfix,supermat,Probe,1000,intercept_fit,59,1.0,-1.8674757717525912,0.315,0.4962228517469311,0.2681590018669119
nfix,supermat,Probe,1000,intercept_fit,60,1.0,-2.033458669812903,0.248,0.4962228517469311,0.28976195780417263
nfix,supermat,Probe,1000,intercept_fit,61,1.0,-1.6593564957162525,0.34,0.4962228517469311,0.2389684158306623
nfix,supermat,Probe,1000,intercept_fit,62,1.0,-0.9520028797380213,0.414,0.4962228517469311,0.1263181699792515
nfix,supermat,Probe,1000,intercept_fit,63,1.0,-1.7743784707197914,0.341,0.4962228517469311,0.2554010886219638
nfix,supermat,Probe,1000,intercept_fit,64,1.0,-2.0262860288033737,0.315,0.4962228517469311,0.2888685358378981
nfix,supermat,Probe,1000,intercept_fit,65,1.0,-0.8418570577880362,0.464,0.4962228517469311,0.11044447526792346
nfix,supermat,Probe,1000,intercept_fit,66,1.0,-1.6885999017496338,0.296,0.4962228517469311,0.24320864142847445
nfix,supermat,Probe,1000,intercept_fit,67,1.0,-1.6676741744658925,0.285,0.4962228517469311,0.24017961726755252
nfix,supermat,Probe,1000,intercept_fit,68,1.0,-1.584866372375461,0.338,0.4962228517469311,0.227947689943301
nfix,supermat,Probe,1000,intercept_fit,69,1.0,-1.2871099008377065,0.4,0.4962228517469311,0.18113003035501962
nfix,supermat,Probe,1000,intercept_fit,70,1.0,-2.684686200173244,0.202,0.4962228517469311,0.35952531586938263
nfix,supermat,Probe,1000,intercept_fit,71,1.0,-1.350197157103067,0.361,0.4962228517469311,0.19140395824564915
nfix,supermat,Probe,1000,intercept_fit,72,1.0,-1.0291347581905472,0.497,0.4962228517469311,0.13842784745753928
nfix,supermat,Probe,1000,intercept_fit,73,1.0,-1.0295642354949288,0.383,0.4962228517469311,0.13849825985162115
nfix,supermat,Probe,1000,intercept_fit,74,1.0,-1.631805585815218,0.351,0.4962228517469311,0.23492343679019514
nfix,supermat,Probe,1000,intercept_fit,75,1.0,-1.2457983157735735,0.417,0.4962228517469311,0.1743029278807404
nfix,supermat,Probe,1000,intercept_fit,76,1.0,-1.4669417468606016,0.356,0.4962228517469311,0.2099321486701293
nfix,supermat,Probe,1000,intercept_fit,77,1.0,-2.0646139542296913,0.297,0.4962228517469311,0.2936203095085464
nfix,supermat,Probe,1000,intercept_fit,78,1.0,-2.198099273576658,0.277,0.4962228517469311,0.30963957655461344
nfix,supermat,Probe,1000,intercept_fit,79,1.0,-1.5832604127930996,0.365,0.4962228517469311,0.22770820914290027
nfix,supermat,Probe,1000,intercept_fit,80,1.0,-1.838945926539302,0.315,0.4962228517469311,0.26431221341366146
nfix,supermat,Probe,1000,intercept_fit,81,1.0,-1.0980061655058455,0.397,0.4962228517469311,0.14963499320495072
nfix,supermat,Probe,1000,intercept_fit,82,1.0,-0.9919097569514395,0.423,0.4962228517469311,0.13250799431387889
nfix,supermat,Probe,1000,intercept_fit,83,1.0,-1.1324638882776041,0.367,0.4962228517469311,0.15533068551481527
nfix,supermat,Probe,1000,intercept_fit,84,1.0,-1.8767806434310104,0.271,0.4962228517469311,0.26942144798495976
nfix,supermat,Probe,1000,intercept_fit,85,1.0,-2.2985691079993695,0.243,0.4962228517469311,0.3210228912389767
nfix,supermat,Probe,1000,intercept_fit,86,1.0,-2.4752643406020813,0.218,0.4962228517469311,0.3396518023211887
nfix,supermat,Probe,1000,intercept_fit,87,1.0,-1.0651448892205815,0.357,0.4962228517469311,0.14425733407419652
nfix,supermat,Probe,1000,intercept_fit,88,1.0,-1.5069016762056016,0.301,0.4962228517469311,0.21611055650952204
nfix,supermat,Probe,1000,intercept_fit,89,1.0,-2.336501382608079,0.231,0.4962228517469311,0.3251569782505757
nfix,supermat,Probe,1000,intercept_fit,90,1.0,-1.5545497151509962,0.361,0.4962228517469311,0.22338697767621518
nfix,supermat,Probe,1000,intercept_fit,91,1.0,-1.1510813470511807,0.494,0.4962228517469311,0.1584289459047137
nfix,supermat,Probe,1000,intercept_fit,92,1.0,-1.08079475739292,0.398,0.4962228517469311,0.14681047099481945
nfix,supermat,Probe,1000,intercept_fit,93,1.0,-1.2948349334021092,0.409,0.4962228517469311,0.18239686526301246
nfix,supermat,Probe,1000,intercept_fit,94,1.0,-2.0553387201332747,0.248,0.4962228517469311,0.2924782827302484
nfix,supermat,Probe,1000,intercept_fit,95,1.0,-1.588920521635794,0.363,0.4962228517469311,0.228559371218428
nfix,supermat,Probe,1000,intercept_fit,96,1.0,-1.0291282880822017,0.347,0.4962228517469311,0.1384267866595411
nfix,supermat,Probe,1000,intercept_fit,97,1.0,-0.4858435152416854,0.492,0.4962228517469311,0.07151624077785951
nfix,supermat,Probe,1000,intercept_fit,98,1.0,-1.6014919389737199,0.333,0.4962228517469311,0.2304379539505164
nfix,supermat,Probe,1000,intercept_fit,99,1.0,-1.5836483006872464,0.348,0.4962228517469311,0.22776583525332278
nfix,supermat,NTP,1000,intercept_fit,0,1.0,-0.7455578653304457,0.373,0.4962228517469311,0.08293181917126251
nfix,supermat,NTP,1000,intercept_fit,1,1.0,-0.8388497220169198,0.35,0.4962228517469311,0.1013617354535416
nfix,supermat,NTP,1000,intercept_fit,2,1.0,-0.8406735370306884,0.352,0.4962228517469311,0.10171717979125587
nfix,supermat,NTP,1000,intercept_fit,3,1.0,-1.135447863748954,0.293,0.4962228517469311,0.1569445598711924
nfix,supermat,NTP,1000,intercept_fit,4,1.0,-1.1564355759449483,0.267,0.4962228517469311,0.16069954766544894
nfix,supermat,NTP,1000,intercept_fit,5,1.0,-0.8975490375018236,0.349,0.4962228517469311,0.11272889219022868
nfix,supermat,NTP,1000,intercept_fit,6,1.0,-0.8855571966861281,0.337,0.4962228517469311,0.11042080446053361
nfix,supermat,NTP,1000,intercept_fit,7,1.0,-0.6479886593396726,0.448,0.4962228517469311,0.06321664870771415
nfix,supermat,NTP,1000,intercept_fit,8,1.0,-0.866723487090984,0.357,0.4962228517469311,0.10678160535283167
nfix,supermat,NTP,1000,intercept_fit,9,1.0,-0.6094185492539154,0.394,0.4962228517469311,0.05534755316324301
nfix,supermat,NTP,1000,intercept_fit,10,1.0,-1.1648930602521224,0.274,0.4962228517469311,0.16220445810985168
nfix,supermat,NTP,1000,intercept_fit,11,1.0,-1.3196037095459043,0.241,0.4962228517469311,0.1890362773752354
nfix,supermat,NTP,1000,intercept_fit,12,1.0,-1.0774488704765897,0.294,0.4962228517469311,0.14644398629763614
nfix,supermat,NTP,1000,intercept_fit,13,1.0,-0.45260267506974633,0.445,0.4962228517469311,0.04960066557153848
nfix,supermat,NTP,1000,intercept_fit,14,1.0,-1.2306264804725304,0.246,0.4962228517469311,0.17377058850909216
nfix,supermat,NTP,1000,intercept_fit,15,1.0,-1.0744580171726987,0.313,0.4962228517469311,0.1458973557935864
nfix,supermat,NTP,1000,intercept_fit,16,1.0,-0.7938747761116599,0.367,0.4962228517469311,0.09253155635986432
nfix,supermat,NTP,1000,intercept_fit,17,1.0,-1.0167545189217069,0.3,0.4962228517469311,0.13526044801552198
nfix,supermat,NTP,1000,intercept_fit,18,1.0,-0.7166354280368871,0.387,0.4962228517469311,0.07713169022217822
nfix,supermat,NTP,1000,intercept_fit,19,1.0,-0.7227762601832094,0.369,0.4962228517469311,0.07836663162096763
nfix,supermat,NTP,1000,intercept_fit,20,1.0,-1.1377413549440858,0.285,0.4962228517469311,0.15735611996839985
nfix,supermat,NTP,1000,intercept_fit,21,1.0,-0.9021480343580112,0.336,0.4962228517469311,0.11361185183346616
nfix,supermat,NTP,1000,intercept_fit,22,1.0,-1.077012743206592,0.299,0.4962228517469311,0.14636430587364416
nfix,supermat,NTP,1000,intercept_fit,23,1.0,-0.6101778862016728,0.422,0.4962228517469311,0.05549960652904868
nfix,supermat,NTP,1000,intercept_fit,24,1.0,-1.13510761592087,0.279,0.4962228517469311,0.15688352776614378
nfix,supermat,NTP,1000,intercept_fit,25,1.0,-0.685986893779896,0.403,0.4962228517469311,0.07094412493046551
nfix,supermat,NTP,1000,intercept_fit,26,1.0,-0.9707059217511772,0.334,0.4962228517469311,0.12664486697153884
nfix,supermat,NTP,1000,intercept_fit,27,1.0,-0.6953949561446524,0.394,0.4962228517469311,0.07284795122567955
nfix,supermat,NTP,1000,intercept_fit,28,1.0,-0.8033646663212884,0.35,0.4962228517469311,0.09440332773932639
nfix,supermat,NTP,1000,intercept_fit,29,1.0,-0.6001649726529146,0.426,0.4962228517469311,0.05355581267484659
nfix,supermat,NTP,1000,intercept_fit,30,1.0,-0.7159921672785393,0.378,0.4962228517469311,0.077002293037493
nfix,supermat,NTP,1000,intercept_fit,31,1.0,-0.947777247679239,0.328,0.4962228517469311,0.12231322072892703
nfix,supermat,NTP,1000,intercept_fit,32,1.0,-0.9211169817919285,0.316,0.4962228517469311,0.11724212426856442
nfix,supermat,NTP,1000,intercept_fit,33,1.0,-1.015392771694712,0.321,0.4962228517469311,0.13500711642873017
nfix,supermat,NTP,1000,intercept_fit,34,1.0,-1.3136663767735275,0.242,0.4962228517469311,0.18801999250912216
nfix,supermat,NTP,1000,intercept_fit,35,1.0,-1.5500175607705022,0.202,0.4962228517469311,0.22637972121972202
nfix,supermat,NTP,1000,intercept_fit,36,1.0,-0.5031424403639494,0.433,0.4962228517469311,0.047391787518716255
nfix,supermat,NTP,1000,intercept_fit,37,1.0,-0.7808449268691265,0.36,0.4962228517469311,0.08995403882356272
nfix,supermat,NTP,1000,intercept_fit,38,1.0,-0.48556686411857775,0.443,0.4962228517469311,0.04785602877893568
nfix,supermat,NTP,1000,intercept_fit,39,1.0,-0.08344298243991732,0.529,0.4962228517469311,0.08820644142376408
nfix,supermat,NTP,1000,intercept_fit,40,1.0,-0.9024530264011627,0.335,0.4962228517469311,0.11367043323144783
nfix,supermat,NTP,1000,intercept_fit,41,1.0,-1.0566556051899199,0.299,0.4962228517469311,0.1426339768283932
nfix,supermat,NTP,1000,intercept_fit,42,1.0,-1.2490689973960056,0.269,0.4962228517469311,0.1769708962444517
nfix,supermat,NTP,1000,intercept_fit,43,1.0,-0.8594073268997697,0.348,0.4962228517469311,0.1053632855504577
nfix,supermat,NTP,1000,intercept_fit,44,1.0,-0.9101865427485345,0.328,0.4962228517469311,0.11515320295698174
nfix,supermat,NTP,1000,intercept_fit,45,1.0,-0.9975407134792309,0.317,0.4962228517469311,0.1316790841022255
nfix,supermat,NTP,1000,intercept_fit,46,1.0,-0.901135897852759,0.341,0.4962228517469311,0.11341741254314137
nfix,supermat,NTP,1000,intercept_fit,47,1.0,-1.089063261948902,0.303,0.4962228517469311,0.14856026425308494
nfix,supermat,NTP,1000,intercept_fit,48,1.0,-0.518937718703241,0.449,0.4962228517469311,0.04710400080577803
nfix,supermat,NTP,1000,intercept_fit,49,1.0,-1.0526878114216565,0.278,0.4962228517469311,0.14190442949306428
nfix,supermat,NTP,1000,intercept_fit,50,1.0,-0.9854222478056178,0.322,0.4962228517469311,0.1294104769582307
nfix,supermat,NTP,1000,intercept_fit,51,1.0,-1.0280173045306875,0.333,0.4962228517469311,0.13735014670572107
nfix,supermat,NTP,1000,intercept_fit,52,1.0,-1.0018167166120915,0.303,0.4962228517469311,0.13247776539514852
nfix,supermat,NTP,1000,intercept_fit,53,1.0,-0.8856702993598251,0.349,0.4962228517469311,0.11044262509028442
nfix,supermat,NTP,1000,intercept_fit,54,1.0,-1.377973531759833,0.234,0.4962228517469311,0.19878078731565677
nfix,supermat,NTP,1000,intercept_fit,55,1.0,-0.8870925886319055,0.334,0.4962228517469311,0.11071697062774848
nfix,supermat,NTP,1000,intercept_fit,56,1.0,-0.8277655528933746,0.354,0.4962228517469311,0.09919503302257429
nfix,supermat,NTP,1000,intercept_fit,57,1.0,-0.5590437113192459,0.433,0.4962228517469311,0.04819207490304585
nfix,supermat,NTP,1000,intercept_fit,58,1.0,-0.7536615612437181,0.387,0.4962228517469311,0.08454989767804688
nfix,supermat,NTP,1000,intercept_fit,59,1.0,-0.9803512053154894,0.315,0.4962228517469311,0.12845883063751673
nfix,supermat,NTP,1000,intercept_fit,60,1.0,-1.2864323057880906,0.248,0.4962228517469311,0.18339839318208795
nfix,supermat,NTP,1000,intercept_fit,61,1.0,-0.9125911428441075,0.34,0.4962228517469311,0.11561291589978481
nfix,supermat,NTP,1000,intercept_fit,62,1.0,-0.6812183735862826,0.414,0.4962228517469311,0.06997770818043361
nfix,supermat,NTP,1000,intercept_fit,63,1.0,-0.8459096454208014,0.341,0.4962228517469311,0.10273796704424609
nfix,supermat,NTP,1000,intercept_fit,64,1.0,-0.9714478540816472,0.315,0.4962228517469311,0.1267847052834539
nfix,supermat,NTP,1000,intercept_fit,65,1.0,-0.3359054959760423,0.464,0.4962228517469311,0.05864367000620763
nfix,supermat,NTP,1000,intercept_fit,66,1.0,-1.0714345053366343,0.296,0.4962228517469311,0.1453446415949899
nfix,supermat,NTP,1000,intercept_fit,67,1.0,-1.0986022512093006,0.285,0.4962228517469311,0.15029512039191525
nfix,supermat,NTP,1000,intercept_fit,68,1.0,-0.9360874536758498,0.338,0.4962228517469311,0.12009504191660172
nfix,supermat,NTP,1000,intercept_fit,69,1.0,-0.703796664087583,0.4,0.4962228517469311,0.07454493373995716
nfix,supermat,NTP,1000,intercept_fit,70,1.0,-1.4727557656266763,0.202,0.4962228517469311,0.21421554763575623
nfix,supermat,NTP,1000,intercept_fit,71,1.0,-0.7988425508241571,0.361,0.4962228517469311,0.09351197834317386
nfix,supermat,NTP,1000,intercept_fit,72,1.0,-0.18659204280850475,0.497,0.4962228517469311,0.07514188547743941
nfix,supermat,NTP,1000,intercept_fit,73,1.0,-0.7747227244396271,0.383,0.4962228517469311,0.08874017817202792
nfix,supermat,NTP,1000,intercept_fit,74,1.0,-0.8061024259896437,0.351,0.4962228517469311,0.09494229877672898
nfix,supermat,NTP,1000,intercept_fit,75,1.0,-0.6050345830408829,0.417,0.4962228517469311,0.05448414500874453
nfix,supermat,NTP,1000,intercept_fit,76,1.0,-0.7901188124784149,0.356,0.4962228517469311,0.09178952051715392
nfix,supermat,NTP,1000,intercept_fit,77,1.0,-1.0812664488725172,0.297,0.4962228517469311,0.1471400015305104
nfix,supermat,NTP,1000,intercept_fit,78,1.0,-1.1800031755251654,0.277,0.4962228517469311,0.16488226548851115
nfix,supermat,NTP,1000,intercept_fit,79,1.0,-0.8332452017269433,0.365,0.4962228517469311,0.10026695721486525
nfix,supermat,NTP,1000,intercept_fit,80,1.0,-0.9695784910905806,0.315,0.4962228517469311,0.12643232079332625
nfix,supermat,NTP,1000,intercept_fit,81,1.0,-0.6788834858408366,0.397,0.4962228517469311,0.06950432140744735
nfix,supermat,NTP,1000,intercept_fit,82,1.0,-0.6194147083000033,0.423,0.4962228517469311,0.057370972890361756
nfix,supermat,NTP,1000,intercept_fit,83,1.0,-0.7515441544021038,0.367,0.4962228517469311,0.08412748226887307
nfix,supermat,NTP,1000,intercept_fit,84,1.0,-1.1738392354200071,0.271,0.4962228517469311,0.16379003521260882
nfix,supermat,NTP,1000,intercept_fit,85,1.0,-1.2951058628897065,0.243,0.4962228517469311,0.1848782670980743
nfix,supermat,NTP,1000,intercept_fit,86,1.0,-1.4876672672798723,0.218,0.4962228517469311,0.21657182912310213
nfix,supermat,NTP,1000,intercept_fit,87,1.0,-0.8282266450253986,0.357,0.4962228517469311,0.09928534146943577
nfix,supermat,NTP,1000,intercept_fit,88,1.0,-1.0957893262020284,0.301,0.4962228517469311,0.14978450516205027
nfix,supermat,NTP,1000,intercept_fit,89,1.0,-1.404830753772092,0.231,0.4962228517469311,0.20321786676923984
nfix,supermat,NTP,1000,intercept_fit,90,1.0,-0.8345556489920913,0.361,0.4962228517469311,0.1005232312080222
nfix,supermat,NTP,1000,intercept_fit,91,1.0,-0.24901664913234214,0.494,0.4962228517469311,0.06774349063452066
nfix,supermat,NTP,1000,intercept_fit,92,1.0,-0.6748932204621853,0.398,0.4962228517469311,0.06869442986931505
nfix,supermat,NTP,1000,intercept_fit,93,1.0,-0.544953859985217,0.409,0.4962228517469311,0.04749406786569567
nfix,supermat,NTP,1000,intercept_fit,94,1.0,-1.3013670647106677,0.248,0.4962228517469311,0.18593996248532152
nfix,supermat,NTP,1000,intercept_fit,95,1.0,-0.8241505500935979,0.363,0.4962228517469311,0.09848721368887865
nfix,supermat,NTP,1000,intercept_fit,96,1.0,-0.9751854534537876,0.347,0.4962228517469311,0.12748790367762364
nfix,supermat,NTP,1000,intercept_fit,97,1.0,-0.361440242198815,0.492,0.4962228517469311,0.05640324794788729
nfix,supermat,NTP,1000,intercept_fit,98,1.0,-0.8461717997806455,0.333,0.4962228517469311,0.10278907374358148
nfix,supermat,NTP,1000,intercept_fit,99,1.0,-0.9224097886037815,0.348,0.4962228517469311,0.11748913036207968
supermat,pond,Probe,50,intercept_fit,0,1.0,-2.612040362801997,0.42,0.5,0.1536267559099863
supermat,pond,Probe,50,intercept_fit,1,1.0,-2.483693410244797,0.36,0.5,0.148727966810633
supermat,pond,Probe,50,intercept_fit,2,1.0,-2.2953622095337955,0.44,0.5,0.14318387012124312
supermat,pond,Probe,50,intercept_fit,3,1.0,-2.0237471894159844,0.48,0.5,0.1376592629995154
supermat,pond,Probe,50,intercept_fit,4,1.0,-1.4534760926782082,0.52,0.5,0.13473743717164302
supermat,pond,Probe,50,intercept_fit,5,1.0,-2.7728808519571544,0.28,0.5,0.16128308275737735
supermat,pond,Probe,50,intercept_fit,6,1.0,-1.8969888078106112,0.42,0.5,0.13569901264860915
supermat,pond,Probe,50,intercept_fit,7,1.0,-1.421696712981662,0.5,0.5,0.13508711132669457
supermat,pond,Probe,50,intercept_fit,8,1.0,-1.9372035327407855,0.48,0.5,0.13631927468154445
supermat,pond,Probe,50,intercept_fit,9,1.0,-3.311334542991358,0.26,0.5,0.20264263840477112
supermat,pond,Probe,50,intercept_fit,10,1.0,-2.3742566737258426,0.38,0.5,0.14535828429171335
supermat,pond,Probe,50,intercept_fit,11,1.0,-0.8190501328239054,0.6,0.5,0.1695241432419235
supermat,pond,Probe,50,intercept_fit,12,1.0,-2.0955768962388124,0.34,0.5,0.13874851820239717
supermat,pond,Probe,50,intercept_fit,13,1.0,-2.0457642707980335,0.4,0.5,0.13789555547069648
supermat,pond,Probe,50,intercept_fit,14,1.0,-1.7579936336575754,0.4,0.5,0.13445520568878863
supermat,pond,Probe,50,intercept_fit,15,1.0,-0.809930601558807,0.48,0.5,0.17036371222555588
supermat,pond,Probe,50,intercept_fit,16,1.0,-1.3407975599004818,0.52,0.5,0.1366287403772929
supermat,pond,Probe,50,intercept_fit,17,1.0,-2.6420197725782186,0.32,0.5,0.15497009156297764
supermat,pond,Probe,50,intercept_fit,18,1.0,-2.727085464894897,0.32,0.5,0.1589850696278261
supermat,pond,Probe,50,intercept_fit,19,1.0,-2.039510026416749,0.42,0.5,0.137769465845869
supermat,pond,Probe,50,intercept_fit,20,1.0,-3.4658049290261275,0.32,0.5,0.21930717772809138
supermat,pond,Probe,50,intercept_fit,21,1.0,-2.229140497612949,0.4,0.5,0.14145728702186838
supermat,pond,Probe,50,intercept_fit,22,1.0,-0.7152275760053899,0.52,0.5,0.17950030893019012
supermat,pond,Probe,50,intercept_fit,23,1.0,-3.0750796011641257,0.34,0.5,0.1813562709768225
supermat,pond,Probe,50,intercept_fit,24,1.0,-2.309467039308474,0.36,0.5,0.14342525108931878
supermat,pond,Probe,50,intercept_fit,25,1.0,-1.6269838562888854,0.42,0.5,0.13379277541337684
supermat,pond,Probe,50,intercept_fit,26,1.0,-2.139741958512712,0.42,0.5,0.1395611993457345
supermat,pond,Probe,50,intercept_fit,27,1.0,-3.705822310629192,0.32,0.5,0.24940001333215178
supermat,pond,Probe,50,intercept_fit,28,1.0,-0.40346730908014333,0.54,0.5,0.21345366236688906
supermat,pond,Probe,50,intercept_fit,29,1.0,-0.9966295942326002,0.54,0.5,0.15437938698338463
supermat,pond,Probe,50,intercept_fit,30,1.0,-1.70813307470532,0.44,0.5,0.134091930310732
supermat,pond,Probe,50,intercept_fit,31,1.0,-1.7297436457037905,0.44,0.5,0.1342338608643581
supermat,pond,Probe,50,intercept_fit,32,1.0,-1.4394993675550372,0.48,0.5,0.13480484778871524
supermat,pond,Probe,50,intercept_fit,33,1.0,-2.2525960586961236,0.46,0.5,0.14211617874943225
supermat,pond,Probe,50,intercept_fit,34,1.0,-2.143795174286296,0.44,0.5,0.13965860430025043
supermat,pond,Probe,50,intercept_fit,35,1.0,-2.5638267080404398,0.44,0.5,0.15167007018753878
supermat,pond,Probe,50,intercept_fit,36,1.0,-2.840373891446832,0.36,0.5,0.16507176473220628
supermat,pond,Probe,50,intercept_fit,37,1.0,-2.78390856168592,0.38,0.5,0.16196253045852904
supermat,pond,Probe,50,intercept_fit,38,1.0,-2.020461096448122,0.48,0.5,0.13759535824071395
supermat,pond,Probe,50,intercept_fit,39,1.0,-2.4689938973841237,0.38,0.5,0.14831447992454164
supermat,pond,Probe,50,intercept_fit,40,1.0,-1.9198230777905396,0.46,0.5,0.13604397345930408
supermat,pond,Probe,50,intercept_fit,41,1.0,-1.443069086634827,0.6,0.5,0.1347542412004883
supermat,pond,Probe,50,intercept_fit,42,1.0,-1.8651977125009593,0.42,0.5,0.13544898190395918
supermat,pond,Probe,50,intercept_fit,43,1.0,-0.8328391209748972,0.54,0.5,0.16824028283400783
supermat,pond,Probe,50,intercept_fit,44,1.0,-2.084043305614576,0.52,0.5,0.13849675415059587
supermat,pond,Probe,50,intercept_fit,45,1.0,-1.7171645932890895,0.52,0.5,0.13414850194097616
supermat,pond,Probe,50,intercept_fit,46,1.0,-2.063996792416087,0.32,0.5,0.13827132745534718
supermat,pond,Probe,50,intercept_fit,47,1.0,-1.807391041631044,0.48,0.5,0.13475131043324462
supermat,pond,Probe,50,intercept_fit,48,1.0,-1.9726469809964164,0.42,0.5,0.13671432028945546
supermat,pond,Probe,50,intercept_fit,49,1.0,-1.8999335406848585,0.42,0.5,0.1357423437828133
supermat,pond,Probe,50,intercept_fit,50,1.0,-2.350987799092504,0.4,0.5,0.14457477520034206
supermat,pond,Probe,50,intercept_fit,51,1.0,-1.6619745608322163,0.4,0.5,0.13387289019506085
supermat,pond,Probe,50,intercept_fit,52,1.0,-1.5047018599596704,0.58,0.5,0.13419604835614496
supermat,pond,Probe,50,intercept_fit,53,1.0,-1.1609873505726818,0.5,0.5,0.1435570538349057
supermat,pond,Probe,50,intercept_fit,54,1.0,-1.4190679780966116,0.54,0.5,0.1351307483970325
supermat,pond,Probe,50,intercept_fit,55,1.0,-1.7875706782721927,0.5,0.5,0.13473423674389806
supermat,pond,Probe,50,intercept_fit,56,1.0,-2.655853183322993,0.36,0.5,0.15552760580669892
supermat,pond,Probe,50,intercept_fit,57,1.0,-1.3541956139507658,0.54,0.5,0.13637734282891123
supermat,pond,Probe,50,intercept_fit,58,1.0,-2.3391878493276526,0.44,0.5,0.14437320276685034
supermat,pond,Probe,50,intercept_fit,59,1.0,-1.5554266433351827,0.4,0.5,0.13388932607294707
supermat,pond,Probe,50,intercept_fit,60,1.0,-1.7036312006054783,0.48,0.5,0.1340651967786006
supermat,pond,Probe,50,intercept_fit,61,1.0,-1.2787795152524744,0.58,0.5,0.13850227862423692
supermat,pond,Probe,50,intercept_fit,62,1.0,-1.601349490991528,0.52,0.5,0.13378633035223417
supermat,pond,Probe,50,intercept_fit,63,1.0,-2.859014938571471,0.26,0.5,0.16620696232652712
supermat,pond,Probe,50,intercept_fit,64,1.0,-2.8659716186859843,0.28,0.5,0.16668298577226728
supermat,pond,Probe,50,intercept_fit,65,1.0,-0.5664964334939147,0.72,0.5,0.194918802093529
supermat,pond,Probe,50,intercept_fit,66,1.0,-1.897177972718773,0.42,0.5,0.1357017813285805
supermat,pond,Probe,50,intercept_fit,67,1.0,-1.5544444135225288,0.48,0.5,0.1338933891287772
supermat,pond,Probe,50,intercept_fit,68,1.0,-1.3030828145973945,0.7,0.5,0.13766539384613122
supermat,pond,Probe,50,intercept_fit,69,1.0,-1.9508607674618106,0.38,0.5,0.13654334323978431
supermat,pond,Probe,50,intercept_fit,70,1.0,-2.2137721549544476,0.54,0.5,0.14123777557297587
supermat,pond,Probe,50,intercept_fit,71,1.0,-2.5123098418398047,0.48,0.5,0.1497407739483595
supermat,pond,Probe,50,intercept_fit,72,1.0,-1.4057168698008988,0.44,0.5,0.1353680174281748
supermat,pond,Probe,50,intercept_fit,73,1.0,-1.4719819468856612,0.48,0.5,0.13451306823880738
supermat,pond,Probe,50,intercept_fit,74,1.0,-2.2625459942695394,0.34,0.5,0.142402191643845
supermat,pond,Probe,50,intercept_fit,75,1.0,-1.2128822861351407,0.52,0.5,0.1410429610548854
supermat,pond,Probe,50,intercept_fit,76,1.0,-2.0327145176270807,0.34,0.5,0.1376339342453933
supermat,pond,Probe,50,intercept_fit,77,1.0,-2.3315486967460517,0.42,0.5,0.1441252272957853
supermat,pond,Probe,50,intercept_fit,78,1.0,-2.0756844786291118,0.42,0.5,0.13851832170186895
supermat,pond,Probe,50,intercept_fit,79,1.0,-2.7737611405644085,0.26,0.5,0.16133712796831384
supermat,pond,Probe,50,intercept_fit,80,1.0,-1.6798049739644334,0.52,0.5,0.1339402435050955
supermat,pond,Probe,50,intercept_fit,81,1.0,-3.160281008208304,0.26,0.5,0.18847134923515524
supermat,pond,Probe,50,intercept_fit,82,1.0,-1.6269319200962034,0.52,0.5,0.13379270426162063
supermat,pond,Probe,50,intercept_fit,83,1.0,-1.7610530486560019,0.34,0.5,0.13448225885998927
supermat,pond,Probe,50,intercept_fit,84,1.0,-0.6908656352146725,0.6,0.5,0.18191894542004255
supermat,pond,Probe,50,intercept_fit,85,1.0,-2.313049131917285,0.36,0.5,0.1435364019173108
supermat,pond,Probe,50,intercept_fit,86,1.0,-1.5078366846523839,0.46,0.5,0.13417102314791596
supermat,pond,Probe,50,intercept_fit,87,1.0,-1.1315916960558372,0.6,0.5,0.1452380297834593
supermat,pond,Probe,50,intercept_fit,88,1.0,-1.939571753235829,0.58,0.5,0.13635764526686533
supermat,pond,Probe,50,intercept_fit,89,1.0,-1.9094860238164086,0.4,0.5,0.13588550422610002
supermat,pond,Probe,50,intercept_fit,90,1.0,-2.6500909156938106,0.32,0.5,0.1552288152643169
supermat,pond,Probe,50,intercept_fit,91,1.0,-1.3906827290181238,0.56,0.5,0.13565663962846988
supermat,pond,Probe,50,intercept_fit,92,1.0,-2.2704469764017214,0.34,0.5,0.14244004461274615
supermat,pond,Probe,50,intercept_fit,93,1.0,-3.3770403610223347,0.32,0.5,0.20949122523254368
supermat,pond,Probe,50,intercept_fit,94,1.0,-2.3326061822452155,0.46,0.5,0.14415936022620957
supermat,pond,Probe,50,intercept_fit,95,1.0,-2.4910232864006194,0.38,0.5,0.14902536711357134
supermat,pond,Probe,50,intercept_fit,96,1.0,-1.847584293451744,0.54,0.5,0.13522027516637702
supermat,pond,Probe,50,intercept_fit,97,1.0,-2.1628635211054728,0.34,0.5,0.14012491787396084
supermat,pond,Probe,50,intercept_fit,98,1.0,-2.627440836375845,0.3,0.5,0.15422897308356281
supermat,pond,Probe,50,intercept_fit,99,1.0,-2.2373338129856695,0.36,0.5,0.14168392271635843
supermat,pond,NTP,50,intercept_fit,0,1.0,-0.7819097566698663,0.42,0.5,0.13947477178393375
supermat,pond,NTP,50,intercept_fit,1,1.0,-1.5513138840185283,0.36,0.5,0.20753378700396116
supermat,pond,NTP,50,intercept_fit,2,1.0,-1.672634824768799,0.44,0.5,0.21595672193418095
supermat,pond,NTP,50,intercept_fit,3,1.0,-1.7296103895103658,0.48,0.5,0.21975153882985937
supermat,pond,NTP,50,intercept_fit,4,1.0,-0.6499094902006316,0.52,0.5,0.12467144646207184
supermat,pond,NTP,50,intercept_fit,5,1.0,-1.8772433448376078,0.28,0.5,0.22926529471115908
supermat,pond,NTP,50,intercept_fit,6,1.0,-1.5031632356413946,0.42,0.5,0.20404926164505477
supermat,pond,NTP,50,intercept_fit,7,1.0,-0.5999764678256025,0.5,0.5,0.11878814000036785
supermat,pond,NTP,50,intercept_fit,8,1.0,-0.720158055407964,0.48,0.5,0.13269577094087753
supermat,pond,NTP,50,intercept_fit,9,1.0,-2.836094813219669,0.26,0.5,0.2728100896640644
supermat,pond,NTP,50,intercept_fit,10,1.0,-1.7382455628447122,0.38,0.5,0.2203899516753076
supermat,pond,NTP,50,intercept_fit,11,1.0,0.07800505670616535,0.6,0.5,0.11462026592697896
supermat,pond,NTP,50,intercept_fit,12,1.0,-2.1779316483246327,0.34,0.5,0.24594385603142543
supermat,pond,NTP,50,intercept_fit,13,1.0,-0.9469887522477762,0.4,0.5,0.15641760021130494
supermat,pond,NTP,50,intercept_fit,14,1.0,-0.8576041744296727,0.4,0.5,0.14738909353510854
supermat,pond,NTP,50,intercept_fit,15,1.0,-0.6919551838013785,0.48,0.5,0.12949496456114348
supermat,pond,NTP,50,intercept_fit,16,1.0,-1.5069823179010555,0.52,0.5,0.20424305290125686
supermat,pond,NTP,50,intercept_fit,17,1.0,-2.4743806234805583,0.32,0.5,0.25947620657686155
supermat,pond,NTP,50,intercept_fit,18,1.0,-3.2866411351917044,0.32,0.5,0.285707595212978
supermat,pond,NTP,50,intercept_fit,19,1.0,-1.1573308062718797,0.42,0.5,0.17599987323722693
supermat,pond,NTP,50,intercept_fit,20,1.0,-11.871877881166863,0.32,0.5,0.25538883461623463
supermat,pond,NTP,50,intercept_fit,21,1.0,-1.687348492976761,0.4,0.5,0.21699042466919213
supermat,pond,NTP,50,intercept_fit,22,1.0,-0.2658795158467788,0.52,0.5,0.08006327898693241
supermat,pond,NTP,50,intercept_fit,23,1.0,-9.135396022744661,0.34,0.5,0.2824271499756655
supermat,pond,NTP,50,intercept_fit,24,1.0,-2.5883051489601354,0.36,0.5,0.2639930967414113
supermat,pond,NTP,50,intercept_fit,25,1.0,-0.9206894771334009,0.42,0.5,0.15385858710641123
supermat,pond,NTP,50,intercept_fit,26,1.0,-1.3988282134775245,0.42,0.5,0.19610791078101944
supermat,pond,NTP,50,intercept_fit,27,1.0,-7.535093786689536,0.32,0.5,0.29369367236055727
supermat,pond,NTP,50,intercept_fit,28,1.0,-1.0024339854988038,0.54,0.5,0.16185104140304515
supermat,pond,NTP,50,intercept_fit,29,1.0,-0.39422234989097116,0.54,0.5,0.09292649649728749
supermat,pond,NTP,50,intercept_fit,30,1.0,-1.2234969933131488,0.44,0.5,0.18169883492342437
supermat,pond,NTP,50,intercept_fit,31,1.0,-1.3953971642943173,0.44,0.5,0.19579428053874504
supermat,pond,NTP,50,intercept_fit,32,1.0,-1.3195661613283682,0.48,0.5,0.18973967900389188
supermat,pond,NTP,50,intercept_fit,33,1.0,-0.520254626553799,0.46,0.5,0.10907574500058646
supermat,pond,NTP,50,intercept_fit,34,1.0,-2.00463178838393,0.44,0.5,0.236689803171435
supermat,pond,NTP,50,intercept_fit,35,1.0,-1.0231143563246534,0.44,0.5,0.16382084165907312
supermat,pond,NTP,50,intercept_fit,36,1.0,-1.5170287666749265,0.36,0.5,0.20506398880422397
supermat,pond,NTP,50,intercept_fit,37,1.0,-1.7681885210472903,0.38,0.5,0.2223775280893494
supermat,pond,NTP,50,intercept_fit,38,1.0,-1.0620411063024275,0.48,0.5,0.16742061034929864
supermat,pond,NTP,50,intercept_fit,39,1.0,-2.4710460867995394,0.38,0.5,0.2593304185545025
supermat,pond,NTP,50,intercept_fit,40,1.0,-1.2298270799138564,0.46,0.5,0.18232219747028547
supermat,pond,NTP,50,intercept_fit,41,1.0,-0.2822600621691047,0.6,0.5,0.08063673880704719
supermat,pond,NTP,50,intercept_fit,42,1.0,-0.9074931759103378,0.42,0.5,0.15249201663650663
supermat,pond,NTP,50,intercept_fit,43,1.0,-0.7376917097275694,0.54,0.5,0.13464676629644895
supermat,pond,NTP,50,intercept_fit,44,1.0,-0.9063060178674182,0.52,0.5,0.15235805344538117
supermat,pond,NTP,50,intercept_fit,45,1.0,-1.4682059634477704,0.52,0.5,0.20134065999662715
supermat,pond,NTP,50,intercept_fit,46,1.0,-1.6854264861896584,0.32,0.5,0.21683199893372268
supermat,pond,NTP,50,intercept_fit,47,1.0,-0.6162830043805283,0.48,0.5,0.12072421229961973
supermat,pond,NTP,50,intercept_fit,48,1.0,-3.158106943379051,0.42,0.5,0.2823805277096871
supermat,pond,NTP,50,intercept_fit,49,1.0,-2.915938383060713,0.42,0.5,0.2753828589648963
supermat,pond,NTP,50,intercept_fit,50,1.0,-2.881147858057807,0.4,0.5,0.2742714860058086
supermat,pond,NTP,50,intercept_fit,51,1.0,-1.7143145561356614,0.4,0.5,0.21878021993162255
supermat,pond,NTP,50,intercept_fit,52,1.0,-0.007650287922668774,0.58,0.5,0.10039693363325328
supermat,pond,NTP,50,intercept_fit,53,1.0,-0.7751819029121165,0.5,0.5,0.13867140565192104
supermat,pond,NTP,50,intercept_fit,54,1.0,-0.799046794390626,0.54,0.5,0.1413064192646913
supermat,pond,NTP,50,intercept_fit,55,1.0,-0.4349729490320639,0.5,0.5,0.09825388017340678
supermat,pond,NTP,50,intercept_fit,56,1.0,-2.844810792404415,0.36,0.5,0.2731158432501212
supermat,pond,NTP,50,intercept_fit,57,1.0,-0.6434124419265863,0.54,0.5,0.12393279381289392
supermat,pond,NTP,50,intercept_fit,58,1.0,-0.8595142327423623,0.44,0.5,0.14760992450978636
supermat,pond,NTP,50,intercept_fit,59,1.0,-2.596362231506694,0.4,0.5,0.26430824184144913
supermat,pond,NTP,50,intercept_fit,60,1.0,-1.0318490857420142,0.48,0.5,0.1646200840968393
supermat,pond,NTP,50,intercept_fit,61,1.0,-0.4002914603624445,0.58,0.5,0.0937143063229354
supermat,pond,NTP,50,intercept_fit,62,1.0,-0.7300168143333882,0.52,0.5,0.13371217328177382
supermat,pond,NTP,50,intercept_fit,63,1.0,-2.330727299765741,0.26,0.5,0.25318033206869445
supermat,pond,NTP,50,intercept_fit,64,1.0,-1.9580526310258104,0.28,0.5,0.23404329635572807
supermat,pond,NTP,50,intercept_fit,65,1.0,0.49126964752354074,0.72,0.5,0.1853013835565622
supermat,pond,NTP,50,intercept_fit,66,1.0,-1.7264667320861995,0.42,0.5,0.2196419585834113
supermat,pond,NTP,50,intercept_fit,67,1.0,-4.657972092173277,0.48,0.5,0.30713654248709255
supermat,pond,NTP,50,intercept_fit,68,1.0,0.2831997468226486,0.7,0.5,0.14947750547420094
supermat,pond,NTP,50,intercept_fit,69,1.0,-3.4811337171488685,0.38,0.5,0.2902431914980133
supermat,pond,NTP,50,intercept_fit,70,1.0,-7.0905583552069595,0.54,0.5,0.2970624739862373
supermat,pond,NTP,50,intercept_fit,71,1.0,-1.2608369411742162,0.48,0.5,0.18488275447237568
supermat,pond,NTP,50,intercept_fit,72,1.0,-0.30856073654160093,0.44,0.5,0.08246231553008836
supermat,pond,NTP,50,intercept_fit,73,1.0,-0.6028044602944189,0.48,0.5,0.11907804114086273
supermat,pond,NTP,50,intercept_fit,74,1.0,-2.502882231288363,0.34,0.5,0.26061457286031325
supermat,pond,NTP,50,intercept_fit,75,1.0,-0.3399103574917172,0.52,0.5,0.08588391638649447
supermat,pond,NTP,50,intercept_fit,76,1.0,-2.0973989549527885,0.34,0.5,0.24175475659839424
supermat,pond,NTP,50,intercept_fit,77,1.0,-1.7158705438220445,0.42,0.5,0.21889135075697888
supermat,pond,NTP,50,intercept_fit,78,1.0,-2.4806224148743463,0.42,0.5,0.25974051253224745
supermat,pond,NTP,50,intercept_fit,79,1.0,-1.143724562856525,0.26,0.5,0.17475863509380538
supermat,pond,NTP,50,intercept_fit,80,1.0,-1.462481308811201,0.52,0.5,0.20098340597368677
supermat,pond,NTP,50,intercept_fit,81,1.0,-2.820193240915629,0.26,0.5,0.2722884376047249
supermat,pond,NTP,50,intercept_fit,82,1.0,-0.383541696642148,0.52,0.5,0.09154487821726547
supermat,pond,NTP,50,intercept_fit,83,1.0,-1.7799362291794958,0.34,0.5,0.22309149802395453
supermat,pond,NTP,50,intercept_fit,84,1.0,-0.4953334615335664,0.6,0.5,0.10594721641317346
supermat,pond,NTP,50,intercept_fit,85,1.0,-1.5438831769493269,0.36,0.5,0.20693174810813064
supermat,pond,NTP,50,intercept_fit,86,1.0,-1.8549709099585727,0.46,0.5,0.22777049990986256
supermat,pond,NTP,50,intercept_fit,87,1.0,0.09266610990249154,0.6,0.5,0.11708055208952985
supermat,pond,NTP,50,intercept_fit,88,1.0,-0.41604576667536036,0.58,0.5,0.0957759759631806
supermat,pond,NTP,50,intercept_fit,89,1.0,-1.5098775972584435,0.4,0.5,0.20448292297623474
supermat,pond,NTP,50,intercept_fit,90,1.0,-1.8357734556621228,0.32,0.5,0.22661090968395917
supermat,pond,NTP,50,intercept_fit,91,1.0,0.05131244173103912,0.56,0.5,0.11016303748021392
supermat,pond,NTP,50,intercept_fit,92,1.0,-1.5936252043453656,0.34,0.5,0.210574280707828
supermat,pond,NTP,50,intercept_fit,93,1.0,-4.457508972549224,0.32,0.5,0.3054074405721971
supermat,pond,NTP,50,intercept_fit,94,1.0,-1.4375173232812553,0.46,0.5,0.19908051773224178
supermat,pond,NTP,50,intercept_fit,95,1.0,-2.3185385965901215,0.38,0.5,0.25266743516204865
supermat,pond,NTP,50,intercept_fit,96,1.0,-1.5318192240530868,0.54,0.5,0.20603828252452402
supermat,pond,NTP,50,intercept_fit,97,1.0,-3.8653287179696703,0.34,0.5,0.29771468504051807
supermat,pond,NTP,50,intercept_fit,98,1.0,-2.2616887809272,0.3,0.5,0.25000056146141364
supermat,pond,NTP,50,intercept_fit,99,1.0,-2.7131558525309534,0.36,0.5,0.2686022855047842
supermat,pond,Probe,1000,intercept_fit,0,1.0,-2.4069657372803297,0.441,0.5,0.146326811186239
supermat,pond,Probe,1000,intercept_fit,1,1.0,-2.270130998059423,0.363,0.5,0.14243074800811553
supermat,pond,Probe,1000,intercept_fit,2,1.0,-2.221946335087078,0.42,0.5,0.1414573175532288
supermat,pond,Probe,1000,intercept_fit,3,1.0,-2.0413901754737473,0.387,0.5,0.13780722036464454
supermat,pond,Probe,1000,intercept_fit,4,1.0,-0.8128257539743143,0.587,0.5,0.1700810213474041
supermat,pond,Probe,1000,intercept_fit,5,1.0,-2.9062571767766032,0.299,0.5,0.16916642710574895
supermat,pond,Probe,1000,intercept_fit,6,1.0,-2.270724857522606,0.404,0.5,0.1424482183100283
supermat,pond,Probe,1000,intercept_fit,7,1.0,-1.5408845252602532,0.447,0.5,0.1339555862974653
supermat,pond,Probe,1000,intercept_fit,8,1.0,-1.8071106789182432,0.461,0.5,0.134748270497621
supermat,pond,Probe,1000,intercept_fit,9,1.0,-2.9220295337630087,0.298,0.5,0.17020162321676535
supermat,pond,Probe,1000,intercept_fit,10,1.0,-1.8022335814458987,0.452,0.5,0.13469588863683388
supermat,pond,Probe,1000,intercept_fit,11,1.0,-1.544858063721002,0.534,0.5,0.13393619018128114
supermat,pond,Probe,1000,intercept_fit,12,1.0,-2.0508866843837046,0.388,0.5,0.13799990356368866
supermat,pond,Probe,1000,intercept_fit,13,1.0,-2.8354364297235817,0.358,0.5,0.16487480375561656
supermat,pond,Probe,1000,intercept_fit,14,1.0,-1.8366555718700446,0.446,0.5,0.13508613165818917
supermat,pond,Probe,1000,intercept_fit,15,1.0,-1.1048241881839753,0.475,0.5,0.14683240614403842
supermat,pond,Probe,1000,intercept_fit,16,1.0,-1.7769887746169373,0.507,0.5,0.13462999074636697
supermat,pond,Probe,1000,intercept_fit,17,1.0,-2.069085996934055,0.437,0.5,0.138378262103822
supermat,pond,Probe,1000,intercept_fit,18,1.0,-2.07547369314281,0.414,0.5,0.13851382465483106
supermat,pond,Probe,1000,intercept_fit,19,1.0,-2.294269146301537,0.407,0.5,0.1431507001733739
supermat,pond,Probe,1000,intercept_fit,20,1.0,-2.2522026434890323,0.524,0.5,0.14210493578542255
supermat,pond,Probe,1000,intercept_fit,21,1.0,-1.9386474716831137,0.448,0.5,0.13634265742651225
supermat,pond,Probe,1000,intercept_fit,22,1.0,-1.132578194202501,0.528,0.5,0.1451774133879326
supermat,pond,Probe,1000,intercept_fit,23,1.0,-2.2013632992458882,0.404,0.5,0.1409092781886646
supermat,pond,Probe,1000,intercept_fit,24,1.0,-2.2795841047773404,0.414,0.5,0.14271013751560285
supermat,pond,Probe,1000,intercept_fit,25,1.0,-2.1183688044402613,0.365,0.5,0.13926034679330432
supermat,pond,Probe,1000,intercept_fit,26,1.0,-2.465267923079869,0.376,0.5,0.14816699463508365
supermat,pond,Probe,1000,intercept_fit,27,1.0,-2.7557793784598936,0.42,0.5,0.16038431452120389
supermat,pond,Probe,1000,intercept_fit,28,1.0,-1.6142054570225144,0.483,0.5,0.13378192431624145
supermat,pond,Probe,1000,intercept_fit,29,1.0,-1.8889610913243626,0.451,0.5,0.13558262139226962
supermat,pond,Probe,1000,intercept_fit,30,1.0,-1.6752530934157805,0.448,0.5,0.13392002662148175
supermat,pond,Probe,1000,intercept_fit,31,1.0,-1.4209881488378604,0.456,0.5,0.13509881711348756
supermat,pond,Probe,1000,intercept_fit,32,1.0,-1.598201846147127,0.464,0.5,0.1337888376591922
supermat,pond,Probe,1000,intercept_fit,33,1.0,-2.182334079437855,0.464,0.5,0.1406146728172236
supermat,pond,Probe,1000,intercept_fit,34,1.0,-2.3254156317170724,0.402,0.5,0.14392805517812396
supermat,pond,Probe,1000,intercept_fit,35,1.0,-2.3328800243843526,0.468,0.5,0.1441682100274024
supermat,pond,Probe,1000,intercept_fit,36,1.0,-1.8410636682462402,0.46,0.5,0.1351397023410186
supermat,pond,Probe,1000,intercept_fit,37,1.0,-2.2778233535263985,0.448,0.5,0.14265789002342985
supermat,pond,Probe,1000,intercept_fit,38,1.0,-1.5172930841618197,0.496,0.5,0.13409945963519232
supermat,pond,Probe,1000,intercept_fit,39,1.0,-2.0336574937689087,0.448,0.5,0.13765267608932205
supermat,pond,Probe,1000,intercept_fit,40,1.0,-2.4966188291437166,0.381,0.5,0.1492542629755501
supermat,pond,Probe,1000,intercept_fit,41,1.0,-1.1839055734742114,0.532,0.5,0.14242940520428363
supermat,pond,Probe,1000,intercept_fit,42,1.0,-2.3721653036803216,0.345,0.5,0.14528698609764137
supermat,pond,Probe,1000,intercept_fit,43,1.0,-1.5419083071421946,0.473,0.5,0.1339504984970501
supermat,pond,Probe,1000,intercept_fit,44,1.0,-2.017625948314586,0.513,0.5,0.1375405032664359
supermat,pond,Probe,1000,intercept_fit,45,1.0,-1.9614080769943403,0.432,0.5,0.13652074937774353
supermat,pond,Probe,1000,intercept_fit,46,1.0,-2.55146353465983,0.346,0.5,0.15127519188230412
supermat,pond,Probe,1000,intercept_fit,47,1.0,-2.1909503634572043,0.425,0.5,0.14063798507970707
supermat,pond,Probe,1000,intercept_fit,48,1.0,-1.8102490520130718,0.424,0.5,0.13478241502103055
supermat,pond,Probe,1000,intercept_fit,49,1.0,-2.0993722229358895,0.405,0.5,0.13883255850231038
supermat,pond,Probe,1000,intercept_fit,50,1.0,-2.57879796629128,0.33,0.5,0.15219556907048326
supermat,pond,Probe,1000,intercept_fit,51,1.0,-0.2397404188288879,0.599,0.5,0.23218852327901693
supermat,pond,Probe,1000,intercept_fit,52,1.0,-1.914845984605174,0.501,0.5,0.13596726005433935
supermat,pond,Probe,1000,intercept_fit,53,1.0,-1.7290069222917703,0.417,0.5,0.13422867110261222
supermat,pond,Probe,1000,intercept_fit,54,1.0,-2.023684415828649,0.45,0.5,0.13765803711892133
supermat,pond,Probe,1000,intercept_fit,55,1.0,-1.8234632523345307,0.481,0.5,0.1349308252177824
supermat,pond,Probe,1000,intercept_fit,56,1.0,-1.7443414490065907,0.515,0.5,0.13434191741211324
supermat,pond,Probe,1000,intercept_fit,57,1.0,-1.2298672762294696,0.478,0.5,0.140329522438902
supermat,pond,Probe,1000,intercept_fit,58,1.0,-2.1869946411540835,0.475,0.5,0.1405362022634925
supermat,pond,Probe,1000,intercept_fit,59,1.0,-1.8706216077087743,0.393,0.5,0.13552275423761068
supermat,pond,Probe,1000,intercept_fit,60,1.0,-1.9138479110032394,0.477,0.5,0.1359519759051684
supermat,pond,Probe,1000,intercept_fit,61,1.0,-1.6566219799591515,0.512,0.5,0.13385639870134494
supermat,pond,Probe,1000,intercept_fit,62,1.0,-1.9808249877914126,0.382,0.5,0.13685796708820044
supermat,pond,Probe,1000,intercept_fit,63,1.0,-1.6931763035158556,0.427,0.5,0.13400713064372038
supermat,pond,Probe,1000,intercept_fit,64,1.0,-3.0036995622167884,0.304,0.5,0.17585756404949762
supermat,pond,Probe,1000,intercept_fit,65,1.0,-1.681013626699914,0.525,0.5,0.133945925080965
supermat,pond,Probe,1000,intercept_fit,66,1.0,-1.6932146885888333,0.489,0.5,0.13400733417667032
supermat,pond,Probe,1000,intercept_fit,67,1.0,-1.6573172597644295,0.45,0.5,0.13385844780456538
supermat,pond,Probe,1000,intercept_fit,68,1.0,-2.1148242178543195,0.58,0.5,0.1391796426729058
supermat,pond,Probe,1000,intercept_fit,69,1.0,-2.282333925087281,0.38,0.5,0.14279185378299603
supermat,pond,Probe,1000,intercept_fit,70,1.0,-1.5588259084797873,0.537,0.5,0.13387571777181678
supermat,pond,Probe,1000,intercept_fit,71,1.0,-2.1752237191315102,0.433,0.5,0.14043413708001565
supermat,pond,Probe,1000,intercept_fit,72,1.0,-2.152097714961133,0.432,0.5,0.13985988792436277
supermat,pond,Probe,1000,intercept_fit,73,1.0,-1.9224620236949495,0.43,0.5,0.13608501694352276
supermat,pond,Probe,1000,intercept_fit,74,1.0,-2.256669500588068,0.396,0.5,0.14223285832746338
supermat,pond,Probe,1000,intercept_fit,75,1.0,-1.1699439295808176,0.528,0.5,0.14311785982403297
supermat,pond,Probe,1000,intercept_fit,76,1.0,-2.533460772996712,0.343,0.5,0.15047949898891838
supermat,pond,Probe,1000,intercept_fit,77,1.0,-2.3481361754403474,0.368,0.5,0.14448032117487872
supermat,pond,Probe,1000,intercept_fit,78,1.0,-2.243723458442836,0.36,0.5,0.141863723510792
supermat,pond,Probe,1000,intercept_fit,79,1.0,-2.662093412999918,0.358,0.5,0.15585320736637165
supermat,pond,Probe,1000,intercept_fit,80,1.0,-1.8204731529295675,0.528,0.5,0.13489659483114333
supermat,pond,Probe,1000,intercept_fit,81,1.0,-2.704372190922265,0.33,0.5,0.1578459568559195
supermat,pond,Probe,1000,intercept_fit,82,1.0,-1.6175313168063088,0.462,0.5,0.1337824981826619
supermat,pond,Probe,1000,intercept_fit,83,1.0,-2.3947978174455073,0.331,0.5,0.14588988150517915
supermat,pond,Probe,1000,intercept_fit,84,1.0,-1.389234817097576,0.503,0.5,0.13568669090082244
supermat,pond,Probe,1000,intercept_fit,85,1.0,-2.3055580195463925,0.376,0.5,0.1434952206545738
supermat,pond,Probe,1000,intercept_fit,86,1.0,-1.822554744367667,0.443,0.5,0.1349203861657333
supermat,pond,Probe,1000,intercept_fit,87,1.0,-1.8320255846291045,0.51,0.5,0.13503077702321634
supermat,pond,Probe,1000,intercept_fit,88,1.0,-2.2613213274084365,0.495,0.5,0.14236675539775515
supermat,pond,Probe,1000,intercept_fit,89,1.0,-2.2222216299021222,0.4,0.5,0.14146477902423138
supermat,pond,Probe,1000,intercept_fit,90,1.0,-2.428452411029516,0.376,0.5,0.14693386449469703
supermat,pond,Probe,1000,intercept_fit,91,1.0,-1.4851807652138584,0.533,0.5,0.1343727273898775
supermat,pond,Probe,1000,intercept_fit,92,1.0,-2.298453613722469,0.414,0.5,0.14327795165132198
supermat,pond,Probe,1000,intercept_fit,93,1.0,-2.450643604964475,0.378,0.5,0.14759489672940168
supermat,pond,Probe,1000,intercept_fit,94,1.0,-2.4350058843354945,0.356,0.5,0.14717834773820243
supermat,pond,Probe,1000,intercept_fit,95,1.0,-2.3573546372720355,0.404,0.5,0.1447868277444853
supermat,pond,Probe,1000,intercept_fit,96,1.0,-1.6632888991273338,0.542,0.5,0.13387717238667662
supermat,pond,Probe,1000,intercept_fit,97,1.0,-1.7501748886260997,0.486,0.5,0.1343879507480952
supermat,pond,Probe,1000,intercept_fit,98,1.0,-2.435859505289863,0.361,0.5,0.14721035329367385
supermat,pond,Probe,1000,intercept_fit,99,1.0,-1.7277183283211994,0.441,0.5,0.13421962291825876
supermat,pond,NTP,1000,intercept_fit,0,1.0,-0.7408448151558117,0.441,0.5,0.13493390764385177
supermat,pond,NTP,1000,intercept_fit,1,1.0,-1.4956614131964279,0.363,0.5,0.20342673126558974
supermat,pond,NTP,1000,intercept_fit,2,1.0,-1.791614222867896,0.42,0.5,0.22377148423318513
supermat,pond,NTP,1000,intercept_fit,3,1.0,-1.3359660660066623,0.387,0.5,0.19109736447967424
supermat,pond,NTP,1000,intercept_fit,4,1.0,-0.27777541225421415,0.587,0.5,0.08040480955087166
supermat,pond,NTP,1000,intercept_fit,5,1.0,-3.082296077699469,0.299,0.5,0.28029810464376986
supermat,pond,NTP,1000,intercept_fit,6,1.0,-1.1123907168411087,0.404,0.5,0.17197204756568324
supermat,pond,NTP,1000,intercept_fit,7,1.0,-1.251891484471846,0.447,0.5,0.18417579480074286
supermat,pond,NTP,1000,intercept_fit,8,1.0,-1.3049418523623546,0.461,0.5,0.18849208588637936
supermat,pond,NTP,1000,intercept_fit,9,1.0,-1.6586720047840862,0.298,0.5,0.2150407039232548
supermat,pond,NTP,1000,intercept_fit,10,1.0,-1.349500362002919,0.452,0.5,0.19219717674240475
supermat,pond,NTP,1000,intercept_fit,11,1.0,-0.552411358239836,0.534,0.5,0.11304716794345131
supermat,pond,NTP,1000,intercept_fit,12,1.0,-1.7391519824343233,0.388,0.5,0.22046228502470921
supermat,pond,NTP,1000,intercept_fit,13,1.0,-1.9247747232017485,0.358,0.5,0.23204453070260345
supermat,pond,NTP,1000,intercept_fit,14,1.0,-1.1327166569289746,0.446,0.5,0.17378741322747057
supermat,pond,NTP,1000,intercept_fit,15,1.0,-1.2964889163735105,0.475,0.5,0.18784795740193333
supermat,pond,NTP,1000,intercept_fit,16,1.0,-1.190131572489538,0.507,0.5,0.17884839237289346
supermat,pond,NTP,1000,intercept_fit,17,1.0,-1.1698970723011697,0.437,0.5,0.17712294273753812
supermat,pond,NTP,1000,intercept_fit,18,1.0,-1.5935373372189563,0.414,0.5,0.2105674025227804
supermat,pond,NTP,1000,intercept_fit,19,1.0,-1.4774858961101343,0.407,0.5,0.2021108658537721
supermat,pond,NTP,1000,intercept_fit,20,1.0,-0.6178512037639164,0.524,0.5,0.12092372071148672
supermat,pond,NTP,1000,intercept_fit,21,1.0,-1.3848769542772068,0.448,0.5,0.19497551919508144
supermat,pond,NTP,1000,intercept_fit,22,1.0,-0.5503290162312622,0.528,0.5,0.11277597444200774
supermat,pond,NTP,1000,intercept_fit,23,1.0,-1.477614042720356,0.404,0.5,0.2021214185032403
supermat,pond,NTP,1000,intercept_fit,24,1.0,-2.0804417483303097,0.414,0.5,0.2408642487370304
supermat,pond,NTP,1000,intercept_fit,25,1.0,-2.6350658776998332,0.365,0.5,0.26576383575999524
supermat,pond,NTP,1000,intercept_fit,26,1.0,-2.0281193698616664,0.376,0.5,0.23801591694964597
supermat,pond,NTP,1000,intercept_fit,27,1.0,-1.9175428140826494,0.42,0.5,0.23154663533449543
supermat,pond,NTP,1000,intercept_fit,28,1.0,-1.6149479127657644,0.483,0.5,0.21198107083400156
supermat,pond,NTP,1000,intercept_fit,29,1.0,-1.6625797458764326,0.451,0.5,0.215331192248537
supermat,pond,NTP,1000,intercept_fit,30,1.0,-1.312112468888296,0.448,0.5,0.18917823110051019
supermat,pond,NTP,1000,intercept_fit,31,1.0,-1.108259379965336,0.456,0.5,0.1716852905233329
supermat,pond,NTP,1000,intercept_fit,32,1.0,-1.0752029601708317,0.464,0.5,0.16866247599510736
supermat,pond,NTP,1000,intercept_fit,33,1.0,-0.7106507537739897,0.464,0.5,0.13162111891283967
supermat,pond,NTP,1000,intercept_fit,34,1.0,-1.597157471904524,0.402,0.5,0.21085209252316145
supermat,pond,NTP,1000,intercept_fit,35,1.0,-1.2548811357960994,0.468,0.5,0.18445759219753163
supermat,pond,NTP,1000,intercept_fit,36,1.0,-1.184527215024849,0.46,0.5,0.17842531238699844
supermat,pond,NTP,1000,intercept_fit,37,1.0,-1.5928514340546573,0.448,0.5,0.21051377550918068
supermat,pond,NTP,1000,intercept_fit,38,1.0,-0.8506648173860313,0.496,0.5,0.1466992301088698
supermat,pond,NTP,1000,intercept_fit,39,1.0,-1.4511106637196307,0.448,0.5,0.20014979250495846
supermat,pond,NTP,1000,intercept_fit,40,1.0,-1.455574573354861,0.381,0.5,0.2004014451307211
supermat,pond,NTP,1000,intercept_fit,41,1.0,-0.4570626205416583,0.532,0.5,0.10109120861382452
supermat,pond,NTP,1000,intercept_fit,42,1.0,-1.4613948760893087,0.345,0.5,0.20089185385713715
supermat,pond,NTP,1000,intercept_fit,43,1.0,-1.4023632479949297,0.473,0.5,0.19629100501828323
supermat,pond,NTP,1000,intercept_fit,44,1.0,-0.8646008774273535,0.513,0.5,0.14819666624398806
supermat,pond,NTP,1000,intercept_fit,45,1.0,-1.1099563187617743,0.432,0.5,0.17185870201658132
supermat,pond,NTP,1000,intercept_fit,46,1.0,-2.7141219702718167,0.346,0.5,0.26863999817606615
supermat,pond,NTP,1000,intercept_fit,47,1.0,-1.7841911071044165,0.425,0.5,0.22337454329920567
supermat,pond,NTP,1000,intercept_fit,48,1.0,-1.4856045874938242,0.424,0.5,0.20269581173702456
supermat,pond,NTP,1000,intercept_fit,49,1.0,-1.5612288433725596,0.405,0.5,0.20819661420672442
supermat,pond,NTP,1000,intercept_fit,50,1.0,-1.9234287737547833,0.33,0.5,0.23194489705726049
supermat,pond,NTP,1000,intercept_fit,51,1.0,-0.17514928785162304,0.599,0.5,0.0820370932367186
supermat,pond,NTP,1000,intercept_fit,52,1.0,-0.7741193369285231,0.501,0.5,0.13864668874815755
supermat,pond,NTP,1000,intercept_fit,53,1.0,-1.0139935827638562,0.417,0.5,0.16296954113183476
supermat,pond,NTP,1000,intercept_fit,54,1.0,-1.7295466082321411,0.45,0.5,0.2197471860137909
supermat,pond,NTP,1000,intercept_fit,55,1.0,-0.8341898082011838,0.481,0.5,0.14500879878239478
supermat,pond,NTP,1000,intercept_fit,56,1.0,-1.0609890053835271,0.515,0.5,0.167310202391286
supermat,pond,NTP,1000,intercept_fit,57,1.0,-0.9022352077085363,0.478,0.5,0.15201957215248274
supermat,pond,NTP,1000,intercept_fit,58,1.0,-1.0358595523837144,0.475,0.5,0.16491334001347055
supermat,pond,NTP,1000,intercept_fit,59,1.0,-1.4052432828564032,0.393,0.5,0.19654352680082374
supermat,pond,NTP,1000,intercept_fit,60,1.0,-1.0912401057096566,0.477,0.5,0.17006727404428312
supermat,pond,NTP,1000,intercept_fit,61,1.0,-0.6308111420547211,0.512,0.5,0.12241860573634059
supermat,pond,NTP,1000,intercept_fit,62,1.0,-1.7378599973181805,0.382,0.5,0.22035942698131603
supermat,pond,NTP,1000,intercept_fit,63,1.0,-1.7040143462007262,0.427,0.5,0.21814096688881968
supermat,pond,NTP,1000,intercept_fit,64,1.0,-2.9487314183483533,0.304,0.5,0.27637088252181075
supermat,pond,NTP,1000,intercept_fit,65,1.0,-0.6218190032281284,0.525,0.5,0.12135388852751328
supermat,pond,NTP,1000,intercept_fit,66,1.0,-0.7585616019353191,0.489,0.5,0.13687840129079656
supermat,pond,NTP,1000,intercept_fit,67,1.0,-1.637523235877778,0.45,0.5,0.21366357929118826
supermat,pond,NTP,1000,intercept_fit,68,1.0,-0.7104523713977259,0.58,0.5,0.13159673855854484
supermat,pond,NTP,1000,intercept_fit,69,1.0,-2.5184840816543748,0.38,0.5,0.26123527532060903
supermat,pond,NTP,1000,intercept_fit,70,1.0,-0.9245196508201317,0.537,0.5,0.15428760626792978
supermat,pond,NTP,1000,intercept_fit,71,1.0,-1.3389881280901026,0.433,0.5,0.19137076533700767
supermat,pond,NTP,1000,intercept_fit,72,1.0,-1.1794161886511827,0.432,0.5,0.1779230278882755
supermat,pond,NTP,1000,intercept_fit,73,1.0,-1.3202510926220028,0.43,0.5,0.18980278172853768
supermat,pond,NTP,1000,intercept_fit,74,1.0,-1.7023636819118966,0.396,0.5,0.2180209785594099
supermat,pond,NTP,1000,intercept_fit,75,1.0,-0.5428675779032638,0.528,0.5,0.11186416140727615
supermat,pond,NTP,1000,intercept_fit,76,1.0,-2.7259701540939574,0.343,0.5,0.2690688383461978
supermat,pond,NTP,1000,intercept_fit,77,1.0,-2.2869159853097214,0.368,0.5,0.2511646661384476
supermat,pond,NTP,1000,intercept_fit,78,1.0,-2.1003228458861085,0.36,0.5,0.24192290053161988
supermat,pond,NTP,1000,intercept_fit,79,1.0,-1.3669254628907408,0.358,0.5,0.19352202896119833
supermat,pond,NTP,1000,intercept_fit,80,1.0,-1.1760253065846673,0.528,0.5,0.1777270174203149
supermat,pond,NTP,1000,intercept_fit,81,1.0,-1.9593636298095358,0.33,0.5,0.23412289300545508
supermat,pond,NTP,1000,intercept_fit,82,1.0,-1.3562699697737557,0.462,0.5,0.1926970744125772
supermat,pond,NTP,1000,intercept_fit,83,1.0,-2.0237956601146854,0.331,0.5,0.23776200407750586
supermat,pond,NTP,1000,intercept_fit,84,1.0,-0.8463865362466663,0.503,0.5,0.14631589118643062
supermat,pond,NTP,1000,intercept_fit,85,1.0,-1.2772858492730652,0.376,0.5,0.18632992579265353
supermat,pond,NTP,1000,intercept_fit,86,1.0,-1.403892665735544,0.443,0.5,0.19642530290821836
supermat,pond,NTP,1000,intercept_fit,87,1.0,-0.636557670916868,0.51,0.5,0.12306804985672674
supermat,pond,NTP,1000,intercept_fit,88,1.0,-1.0452308500528902,0.495,0.5,0.16590914884156352
supermat,pond,NTP,1000,intercept_fit,89,1.0,-1.8140063792247552,0.4,0.5,0.22533177363275642
supermat,pond,NTP,1000,intercept_fit,90,1.0,-1.4755551853359932,0.376,0.5,0.20195056930145713
supermat,pond,NTP,1000,intercept_fit,91,1.0,-0.3454099572150984,0.533,0.5,0.08655725871824566
supermat,pond,NTP,1000,intercept_fit,92,1.0,-1.9582665252947553,0.414,0.5,0.23405628861520325
supermat,pond,NTP,1000,intercept_fit,93,1.0,-2.4436228511582256,0.378,0.5,0.25814771027623173
supermat,pond,NTP,1000,intercept_fit,94,1.0,-2.023275036006816,0.356,0.5,0.2377314131967782
supermat,pond,NTP,1000,intercept_fit,95,1.0,-1.9106893656561659,0.404,0.5,0.23120838349456257
supermat,pond,NTP,1000,intercept_fit,96,1.0,-0.5692472183510122,0.542,0.5,0.11510518822147091
supermat,pond,NTP,1000,intercept_fit,97,1.0,-1.1153648434861372,0.486,0.5,0.17227733077433902
supermat,pond,NTP,1000,intercept_fit,98,1.0,-2.3583140722474134,0.361,0.5,0.2544799029390593
supermat,pond,NTP,1000,intercept_fit,99,1.0,-1.8050415455284732,0.441,0.5,0.2247026071140745
supermat,nfix,Probe,50,intercept_fit,0,1.0,-4.76778450629212,0.18,0.5,0.12147636581082762
supermat,nfix,Probe,50,intercept_fit,1,1.0,-4.349401308757871,0.28,0.5,0.13662158542958086
supermat,nfix,Probe,50,intercept_fit,2,1.0,-4.730816459732759,0.28,0.5,0.122302550152118
supermat,nfix,Probe,50,intercept_fit,3,1.0,-4.638641315538775,0.28,0.5,0.12479783620050286
supermat,nfix,Probe,50,intercept_fit,4,1.0,-5.18096334384392,0.18,0.5,0.12183892047404181
supermat,nfix,Probe,50,intercept_fit,5,1.0,-3.766593533925414,0.38,0.5,0.17870678916801527
supermat,nfix,Probe,50,intercept_fit,6,1.0,-4.8613203587758465,0.24,0.5,0.11991390997511679
supermat,nfix,Probe,50,intercept_fit,7,1.0,-4.598958441091595,0.34,0.5,0.12617904420887321
supermat,nfix,Probe,50,intercept_fit,8,1.0,-4.687859924660191,0.2,0.5,0.1234641770685353
supermat,nfix,Probe,50,intercept_fit,9,1.0,-4.745843811802553,0.24,0.5,0.12185092961608124
supermat,nfix,Probe,50,intercept_fit,10,1.0,-3.855550450085718,0.34,0.5,0.17033298715707232
supermat,nfix,Probe,50,intercept_fit,11,1.0,-4.574180355727648,0.22,0.5,0.12701186989652807
supermat,nfix,Probe,50,intercept_fit,12,1.0,-5.032319320910581,0.24,0.5,0.1192094541099806
supermat,nfix,Probe,50,intercept_fit,13,1.0,-3.9107518639193586,0.38,0.5,0.16561648411505797
supermat,nfix,Probe,50,intercept_fit,14,1.0,-4.2693247680970545,0.28,0.5,0.14092775415703548
supermat,nfix,Probe,50,intercept_fit,15,1.0,-4.540644768471394,0.3,0.5,0.12832216819439007
supermat,nfix,Probe,50,intercept_fit,16,1.0,-5.039406756851325,0.24,0.5,0.11927405051046117
supermat,nfix,Probe,50,intercept_fit,17,1.0,-4.222103337589292,0.26,0.5,0.14355544718748217
supermat,nfix,Probe,50,intercept_fit,18,1.0,-4.252490204203649,0.3,0.5,0.1418629852448829
supermat,nfix,Probe,50,intercept_fit,19,1.0,-4.7771370189970535,0.24,0.5,0.12123366379194854
supermat,nfix,Probe,50,intercept_fit,20,1.0,-4.1985184610529975,0.32,0.5,0.14507236923775652
supermat,nfix,Probe,50,intercept_fit,21,1.0,-4.643946857697776,0.22,0.5,0.12484653668223661
supermat,nfix,Probe,50,intercept_fit,22,1.0,-4.508576367775837,0.22,0.5,0.1296462238545027
supermat,nfix,Probe,50,intercept_fit,23,1.0,-4.536101340188175,0.32,0.5,0.12854343684620875
supermat,nfix,Probe,50,intercept_fit,24,1.0,-5.824581682158836,0.12,0.5,0.16529914765171672
supermat,nfix,Probe,50,intercept_fit,25,1.0,-4.622529821043754,0.22,0.5,0.12544863862226358
supermat,nfix,Probe,50,intercept_fit,26,1.0,-4.149989092741837,0.36,0.5,0.14810514416825443
supermat,nfix,Probe,50,intercept_fit,27,1.0,-4.858365165498727,0.26,0.5,0.11996232495613342
supermat,nfix,Probe,50,intercept_fit,28,1.0,-4.771740185545493,0.24,0.5,0.12137269058275846
supermat,nfix,Probe,50,intercept_fit,29,1.0,-4.4041756231780935,0.3,0.5,0.13406032653812128
supermat,nfix,Probe,50,intercept_fit,30,1.0,-3.7802506938245783,0.32,0.5,0.17731594608606388
supermat,nfix,Probe,50,intercept_fit,31,1.0,-4.285340371654968,0.24,0.5,0.14008152662879392
supermat,nfix,Probe,50,intercept_fit,32,1.0,-4.153247024977703,0.34,0.5,0.14784076805894297
supermat,nfix,Probe,50,intercept_fit,33,1.0,-5.247801934562108,0.2,0.5,0.12397215958014197
supermat,nfix,Probe,50,intercept_fit,34,1.0,-4.808336574918814,0.24,0.5,0.12071021391977015
supermat,nfix,Probe,50,intercept_fit,35,1.0,-4.889341977785298,0.22,0.5,0.11952340383217436
supermat,nfix,Probe,50,intercept_fit,36,1.0,-4.0901488514368225,0.36,0.5,0.1520655087739097
supermat,nfix,Probe,50,intercept_fit,37,1.0,-3.89118995821516,0.36,0.5,0.16719272610442834
supermat,nfix,Probe,50,intercept_fit,38,1.0,-5.454376187172782,0.2,0.5,0.1341039757826681
supermat,nfix,Probe,50,intercept_fit,39,1.0,-4.623471850229286,0.26,0.5,0.12540997656802239
supermat,nfix,Probe,50,intercept_fit,40,1.0,-3.6219040730153536,0.38,0.5,0.19385126772496977
supermat,nfix,Probe,50,intercept_fit,41,1.0,-4.911842928873531,0.24,0.5,0.11928078898353384
supermat,nfix,Probe,50,intercept_fit,42,1.0,-4.133060053656737,0.38,0.5,0.14922333727399922
supermat,nfix,Probe,50,intercept_fit,43,1.0,-4.952187118164307,0.22,0.5,0.11902623361568093
supermat,nfix,Probe,50,intercept_fit,44,1.0,-4.650767965984918,0.28,0.5,0.12458062421268651
supermat,nfix,Probe,50,intercept_fit,45,1.0,-4.163867610266693,0.28,0.5,0.14725581492392018
supermat,nfix,Probe,50,intercept_fit,46,1.0,-4.953576254175567,0.2,0.5,0.11902176082606826
supermat,nfix,Probe,50,intercept_fit,47,1.0,-4.037382182022478,0.24,0.5,0.1557287490195664
supermat,nfix,Probe,50,intercept_fit,48,1.0,-5.130028227714897,0.18,0.5,0.12059900120954058
supermat,nfix,Probe,50,intercept_fit,49,1.0,-4.6863073227292995,0.2,0.5,0.12351807656579991
supermat,nfix,Probe,50,intercept_fit,50,1.0,-4.900032123145499,0.24,0.5,0.11939840922458138
supermat,nfix,Probe,50,intercept_fit,51,1.0,-4.974204618292198,0.2,0.5,0.11897961597904165
supermat,nfix,Probe,50,intercept_fit,52,1.0,-4.408113645777833,0.26,0.5,0.13382526435896067
supermat,nfix,Probe,50,intercept_fit,53,1.0,-4.833072658894904,0.22,0.5,0.12020051644090551
supermat,nfix,Probe,50,intercept_fit,54,1.0,-4.346082596438843,0.28,0.5,0.13683673601022148
supermat,nfix,Probe,50,intercept_fit,55,1.0,-4.333933167363245,0.32,0.5,0.13763149594918378
supermat,nfix,Probe,50,intercept_fit,56,1.0,-3.625930423663988,0.38,0.5,0.19332371407980187
supermat,nfix,Probe,50,intercept_fit,57,1.0,-4.385813305289373,0.28,0.5,0.13489221264621445
supermat,nfix,Probe,50,intercept_fit,58,1.0,-5.108389715975748,0.2,0.5,0.12012952549233671
supermat,nfix,Probe,50,intercept_fit,59,1.0,-3.24392066300672,0.48,0.5,0.24433388426742922
supermat,nfix,Probe,50,intercept_fit,60,1.0,-4.393733154089824,0.28,0.5,0.13468932829208843
supermat,nfix,Probe,50,intercept_fit,61,1.0,-4.14303506378776,0.36,0.5,0.1484035906609357
supermat,nfix,Probe,50,intercept_fit,62,1.0,-5.05806045768284,0.2,0.5,0.11947347769962541
supermat,nfix,Probe,50,intercept_fit,63,1.0,-4.742169502326026,0.22,0.5,0.12195941262387329
supermat,nfix,Probe,50,intercept_fit,64,1.0,-4.1489682980395655,0.3,0.5,0.14818822803390733
supermat,nfix,Probe,50,intercept_fit,65,1.0,-4.4174675047730725,0.28,0.5,0.1335515044253048
supermat,nfix,Probe,50,intercept_fit,66,1.0,-5.134843643330804,0.18,0.5,0.12071065091815389
supermat,nfix,Probe,50,intercept_fit,67,1.0,-3.7838886303676325,0.34,0.5,0.1768936679677651
supermat,nfix,Probe,50,intercept_fit,68,1.0,-4.887740364231539,0.22,0.5,0.1195431471505588
supermat,nfix,Probe,50,intercept_fit,69,1.0,-4.17884914483738,0.3,0.5,0.14633404454904897
supermat,nfix,Probe,50,intercept_fit,70,1.0,-4.828198255949052,0.24,0.5,0.12029445844314844
supermat,nfix,Probe,50,intercept_fit,71,1.0,-4.230050671416034,0.32,0.5,0.14323725925342912
supermat,nfix,Probe,50,intercept_fit,72,1.0,-4.354328603235052,0.26,0.5,0.13658548933105913
supermat,nfix,Probe,50,intercept_fit,73,1.0,-4.863915799852421,0.2,0.5,0.11987211784043006
supermat,nfix,Probe,50,intercept_fit,74,1.0,-4.961384937610593,0.22,0.5,0.11900036962491758
supermat,nfix,Probe,50,intercept_fit,75,1.0,-4.453917496286373,0.28,0.5,0.13173865566395745
supermat,nfix,Probe,50,intercept_fit,76,1.0,-4.827031973484388,0.24,0.5,0.12031729478921425
supermat,nfix,Probe,50,intercept_fit,77,1.0,-4.041801061895327,0.3,0.5,0.1553255841068967
supermat,nfix,Probe,50,intercept_fit,78,1.0,-4.8520097248440495,0.22,0.5,0.12006948911555776
supermat,nfix,Probe,50,intercept_fit,79,1.0,-5.902412715022961,0.12,0.5,0.1729458466347713
supermat,nfix,Probe,50,intercept_fit,80,1.0,-3.9505781661162573,0.34,0.5,0.16228526836296833
supermat,nfix,Probe,50,intercept_fit,81,1.0,-5.212863464131762,0.24,0.5,0.12277030575953557
supermat,nfix,Probe,50,intercept_fit,82,1.0,-4.094340537328706,0.36,0.5,0.1517034085433258
supermat,nfix,Probe,50,intercept_fit,83,1.0,-3.8959766524532187,0.32,0.5,0.1669213069590825
supermat,nfix,Probe,50,intercept_fit,84,1.0,-4.350969876285926,0.32,0.5,0.13652020202915222
supermat,nfix,Probe,50,intercept_fit,85,1.0,-4.4629321722374415,0.26,0.5,0.13151652840827613
supermat,nfix,Probe,50,intercept_fit,86,1.0,-4.5957021944102685,0.24,0.5,0.1263197162460815
supermat,nfix,Probe,50,intercept_fit,87,1.0,-4.297905585819889,0.32,0.5,0.1394926571399019
supermat,nfix,Probe,50,intercept_fit,88,1.0,-4.684388905979234,0.22,0.5,0.1235850132810943
supermat,nfix,Probe,50,intercept_fit,89,1.0,-4.67073381295585,0.24,0.5,0.12382559008462952
supermat,nfix,Probe,50,intercept_fit,90,1.0,-5.4740653626769,0.12,0.5,0.13539151256207557
supermat,nfix,Probe,50,intercept_fit,91,1.0,-5.194212126500009,0.16,0.5,0.12212897767647501
supermat,nfix,Probe,50,intercept_fit,92,1.0,-5.221439926437266,0.16,0.5,0.12294617656323883
supermat,nfix,Probe,50,intercept_fit,93,1.0,-4.348838830311149,0.26,0.5,0.1366579916559505
supermat,nfix,Probe,50,intercept_fit,94,1.0,-4.292305640749916,0.28,0.5,0.13959862806583073
supermat,nfix,Probe,50,intercept_fit,95,1.0,-4.689260127913023,0.26,0.5,0.12341572972054686
supermat,nfix,Probe,50,intercept_fit,96,1.0,-4.833551978020948,0.22,0.5,0.12019141325985591
supermat,nfix,Probe,50,intercept_fit,97,1.0,-3.763899680701484,0.38,0.5,0.17882470695176408
supermat,nfix,Probe,50,intercept_fit,98,1.0,-4.562150947240488,0.28,0.5,0.12756862337836156
supermat,nfix,Probe,50,intercept_fit,99,1.0,-3.7070197229974244,0.42,0.5,0.1845389509136841
supermat,nfix,NTP,50,intercept_fit,0,1.0,-11.560838189448694,0.18,0.5,0.21757288078815637
supermat,nfix,NTP,50,intercept_fit,1,1.0,-10.591644715477408,0.28,0.5,0.2302708263595158
supermat,nfix,NTP,50,intercept_fit,2,1.0,-11.775906175580339,0.28,0.5,0.214437155456724
supermat,nfix,NTP,50,intercept_fit,3,1.0,-11.398325076337363,0.28,0.5,0.21992982342568818
supermat,nfix,NTP,50,intercept_fit,4,1.0,-12.790965392718295,0.18,0.5,0.22503822981383678
supermat,nfix,NTP,50,intercept_fit,5,1.0,-11.94305757914484,0.38,0.5,0.21215341751399236
supermat,nfix,NTP,50,intercept_fit,6,1.0,-12.456890218517412,0.24,0.5,0.20972233810169824
supermat,nfix,NTP,50,intercept_fit,7,1.0,-11.269493405342624,0.34,0.5,0.22177091605543633
supermat,nfix,NTP,50,intercept_fit,8,1.0,-9.495646372787842,0.2,0.5,0.2369849003138137
supermat,nfix,NTP,50,intercept_fit,9,1.0,-11.813615885967604,0.24,0.5,0.21388204102027886
supermat,nfix,NTP,50,intercept_fit,10,1.0,-7.00398228879238,0.34,0.5,0.240378259053288
supermat,nfix,NTP,50,intercept_fit,11,1.0,-11.807822441437644,0.22,0.5,0.21397375419449913
supermat,nfix,NTP,50,intercept_fit,12,1.0,-12.673960224544723,0.24,0.5,0.21851564626157519
supermat,nfix,NTP,50,intercept_fit,13,1.0,-11.480895729527214,0.38,0.5,0.21870105486934557
supermat,nfix,NTP,50,intercept_fit,14,1.0,-12.087029832702061,0.28,0.5,0.21050949724881812
supermat,nfix,NTP,50,intercept_fit,15,1.0,-7.618579971131994,0.3,0.5,0.2405408019624978
supermat,nfix,NTP,50,intercept_fit,16,1.0,-11.259185026521282,0.24,0.5,0.22192121489137942
supermat,nfix,NTP,50,intercept_fit,17,1.0,-10.920758745134929,0.26,0.5,0.22650816987718284
supermat,nfix,NTP,50,intercept_fit,18,1.0,-10.396144228573542,0.3,0.5,0.23196827570192766
supermat,nfix,NTP,50,intercept_fit,19,1.0,-12.06009011261419,0.24,0.5,0.21081184163259017
supermat,nfix,NTP,50,intercept_fit,20,1.0,-11.277914517588712,0.32,0.5,0.22164388231407386
supermat,nfix,NTP,50,intercept_fit,21,1.0,-12.376217145230312,0.22,0.5,0.20897013061412797
supermat,nfix,NTP,50,intercept_fit,22,1.0,-7.3617641505670806,0.22,0.5,0.2409110567803788
supermat,nfix,NTP,50,intercept_fit,23,1.0,-10.990618831165905,0.32,0.5,0.22557803684394037
supermat,nfix,NTP,50,intercept_fit,24,1.0,-11.922013869446632,0.12,0.5,0.21244513599806758
supermat,nfix,NTP,50,intercept_fit,25,1.0,-9.306396422703019,0.22,0.5,0.2375757588041247
supermat,nfix,NTP,50,intercept_fit,26,1.0,-11.627346313943407,0.36,0.5,0.21659570807397005
supermat,nfix,NTP,50,intercept_fit,27,1.0,-10.926581450935695,0.26,0.5,0.226429470075095
supermat,nfix,NTP,50,intercept_fit,28,1.0,-5.5507044306113125,0.24,0.5,0.2316822790632721
supermat,nfix,NTP,50,intercept_fit,29,1.0,-10.17277329023035,0.3,0.5,0.2335944186967038
supermat,nfix,NTP,50,intercept_fit,30,1.0,-9.141811399459721,0.32,0.5,0.2380153808355666
supermat,nfix,NTP,50,intercept_fit,31,1.0,-4.343960426053903,0.24,0.5,0.2259433610577183
supermat,nfix,NTP,50,intercept_fit,32,1.0,-9.149625552174511,0.34,0.5,0.2379924259869668
supermat,nfix,NTP,50,intercept_fit,33,1.0,-11.838678493276088,0.2,0.5,0.2135789246930079
supermat,nfix,NTP,50,intercept_fit,34,1.0,-9.466225867329923,0.24,0.5,0.23709288278211632
supermat,nfix,NTP,50,intercept_fit,35,1.0,-10.18840352178103,0.22,0.5,0.23349185275461853
supermat,nfix,NTP,50,intercept_fit,36,1.0,-12.095392022872392,0.36,0.5,0.21042896299694436
supermat,nfix,NTP,50,intercept_fit,37,1.0,-4.5477260456170105,0.36,0.5,0.2273642684880556
supermat,nfix,NTP,50,intercept_fit,38,1.0,-12.350119271277155,0.2,0.5,0.20890572757955497
supermat,nfix,NTP,50,intercept_fit,39,1.0,-10.807597655612422,0.26,0.5,0.22784588133995165
supermat,nfix,NTP,50,intercept_fit,40,1.0,-7.781905812811485,0.38,0.5,0.2402237181938441
supermat,nfix,NTP,50,intercept_fit,41,1.0,-9.293859712472129,0.24,0.5,0.2376054901355849
supermat,nfix,NTP,50,intercept_fit,42,1.0,-10.58816034054791,0.38,0.5,0.23030376531281266
supermat,nfix,NTP,50,intercept_fit,43,1.0,-10.680893720348514,0.22,0.5,0.2293112241358628
supermat,nfix,NTP,50,intercept_fit,44,1.0,-11.899747181723024,0.28,0.5,0.21274002794064564
supermat,nfix,NTP,50,intercept_fit,45,1.0,-10.344232189148986,0.28,0.5,0.23240472894046274
supermat,nfix,NTP,50,intercept_fit,46,1.0,-12.662669324526373,0.2,0.5,0.21789261917924582
supermat,nfix,NTP,50,intercept_fit,47,1.0,-3.559909970764139,0.24,0.5,0.21640165090260607
supermat,nfix,NTP,50,intercept_fit,48,1.0,-10.82727431765726,0.18,0.5,0.22760326241727297
supermat,nfix,NTP,50,intercept_fit,49,1.0,-12.136696233852765,0.2,0.5,0.20998375199196206
supermat,nfix,NTP,50,intercept_fit,50,1.0,-3.657581954874904,0.24,0.5,0.2180540297168871
supermat,nfix,NTP,50,intercept_fit,51,1.0,-9.48656768513705,0.2,0.5,0.23701929286918613
supermat,nfix,NTP,50,intercept_fit,52,1.0,-9.975964241949406,0.26,0.5,0.23481602733398532
supermat,nfix,NTP,50,intercept_fit,53,1.0,-12.549674236001279,0.22,0.5,0.21204803439659736
supermat,nfix,NTP,50,intercept_fit,54,1.0,-11.239001095557407,0.28,0.5,0.22222903621790227
supermat,nfix,NTP,50,intercept_fit,55,1.0,-11.82997860187727,0.32,0.5,0.21369640310967372
supermat,nfix,NTP,50,intercept_fit,56,1.0,-3.6901708960813617,0.38,0.5,0.21858508697764448
supermat,nfix,NTP,50,intercept_fit,57,1.0,-12.27274287332726,0.28,0.5,0.20898213519331763
supermat,nfix,NTP,50,intercept_fit,58,1.0,-12.576387786887835,0.2,0.5,0.21318846088767185
supermat,nfix,NTP,50,intercept_fit,59,1.0,-2.229236868304216,0.48,0.5,0.1758206448840645
supermat,nfix,NTP,50,intercept_fit,60,1.0,-2.6415412251363617,0.28,0.5,0.19282100879338415
supermat,nfix,NTP,50,intercept_fit,61,1.0,-10.954041653673693,0.36,0.5,0.22606314601779837
supermat,nfix,NTP,50,intercept_fit,62,1.0,-12.080080117161472,0.2,0.5,0.2105832420812505
supermat,nfix,NTP,50,intercept_fit,63,1.0,-13.052725412955036,0.22,0.5,0.23991102211656481
supermat,nfix,NTP,50,intercept_fit,64,1.0,-6.6436573222604824,0.3,0.5,0.2377053858560613
supermat,nfix,NTP,50,intercept_fit,65,1.0,-8.232137963954896,0.28,0.5,0.2393551114383478
supermat,nfix,NTP,50,intercept_fit,66,1.0,-12.571353419726277,0.18,0.5,0.21293637877326035
supermat,nfix,NTP,50,intercept_fit,67,1.0,-9.021781970753548,0.34,0.5,0.2382619564690824
supermat,nfix,NTP,50,intercept_fit,68,1.0,-11.629308698021703,0.22,0.5,0.21656190843112663
supermat,nfix,NTP,50,intercept_fit,69,1.0,-8.910411965385778,0.3,0.5,0.23850384254092835
supermat,nfix,NTP,50,intercept_fit,70,1.0,-11.606695080851042,0.24,0.5,0.21687199029978751
supermat,nfix,NTP,50,intercept_fit,71,1.0,-12.292302072367727,0.32,0.5,0.20894616917276496
supermat,nfix,NTP,50,intercept_fit,72,1.0,-10.02163214215238,0.26,0.5,0.23453588543645276
supermat,nfix,NTP,50,intercept_fit,73,1.0,-11.413520990713721,0.2,0.5,0.21970405787856861
supermat,nfix,NTP,50,intercept_fit,74,1.0,-12.530867495601026,0.22,0.5,0.21141563789878098
supermat,nfix,NTP,50,intercept_fit,75,1.0,-7.856293344084506,0.28,0.5,0.2400555405057928
supermat,nfix,NTP,50,intercept_fit,76,1.0,-11.399540268432192,0.24,0.5,0.21991117392885823
supermat,nfix,NTP,50,intercept_fit,77,1.0,-8.161730028044703,0.3,0.5,0.23940518497138788
supermat,nfix,NTP,50,intercept_fit,78,1.0,-10.917840330839008,0.22,0.5,0.22654594717030951
supermat,nfix,NTP,50,intercept_fit,79,1.0,-13.521470037618938,0.12,0.5,0.26672693382542556
supermat,nfix,NTP,50,intercept_fit,80,1.0,-7.7820102957326425,0.34,0.5,0.2402235364694532
supermat,nfix,NTP,50,intercept_fit,81,1.0,-11.799516599549294,0.24,0.5,0.21409840353701567
supermat,nfix,NTP,50,intercept_fit,82,1.0,-10.609041125508401,0.36,0.5,0.2300797134481285
supermat,nfix,NTP,50,intercept_fit,83,1.0,-3.694895160757098,0.32,0.5,0.21866443967729715
supermat,nfix,NTP,50,intercept_fit,84,1.0,-12.096898905687638,0.32,0.5,0.2104138255267486
supermat,nfix,NTP,50,intercept_fit,85,1.0,-6.983461547737402,0.26,0.5,0.24030209484450715
supermat,nfix,NTP,50,intercept_fit,86,1.0,-12.25820559855391,0.24,0.5,0.20905180823001465
supermat,nfix,NTP,50,intercept_fit,87,1.0,-10.9157342884588,0.32,0.5,0.2265254310205116
supermat,nfix,NTP,50,intercept_fit,88,1.0,-7.762876316622346,0.22,0.5,0.24026294527437111
supermat,nfix,NTP,50,intercept_fit,89,1.0,-8.825237921523602,0.24,0.5,0.2386738708683717
supermat,nfix,NTP,50,intercept_fit,90,1.0,-12.608312098700997,0.12,0.5,0.21491962771034392
supermat,nfix,NTP,50,intercept_fit,91,1.0,-13.54218531042288,0.16,0.5,0.2678989102158586
supermat,nfix,NTP,50,intercept_fit,92,1.0,-11.366256395017313,0.16,0.5,0.22040531180735407
supermat,nfix,NTP,50,intercept_fit,93,1.0,-11.325390551307127,0.26,0.5,0.2209809282114768
supermat,nfix,NTP,50,intercept_fit,94,1.0,-6.756020638451752,0.28,0.5,0.23878630145048618
supermat,nfix,NTP,50,intercept_fit,95,1.0,-10.350931348932338,0.26,0.5,0.23235529850833045
supermat,nfix,NTP,50,intercept_fit,96,1.0,-12.480984318683625,0.22,0.5,0.21014413414433883
supermat,nfix,NTP,50,intercept_fit,97,1.0,-9.122271898233235,0.38,0.5,0.23806443773816352
supermat,nfix,NTP,50,intercept_fit,98,1.0,-8.94998657774481,0.28,0.5,0.23842889873212805
supermat,nfix,NTP,50,intercept_fit,99,1.0,-10.973443413811191,0.42,0.5,0.22580912195789132
supermat,nfix,Probe,1000,intercept_fit,0,1.0,-4.12435577951625,0.335,0.5,0.14967738602020358
supermat,nfix,Probe,1000,intercept_fit,1,1.0,-4.537126606202768,0.262,0.5,0.12849335094943728
supermat,nfix,Probe,1000,intercept_fit,2,1.0,-4.524496003699821,0.255,0.5,0.12884330078743111
supermat,nfix,Probe,1000,intercept_fit,3,1.0,-4.593728754961979,0.215,0.5,0.12640535288641136
supermat,nfix,Probe,1000,intercept_fit,4,1.0,-4.561321618376703,0.294,0.5,0.12760743759276247
supermat,nfix,Probe,1000,intercept_fit,5,1.0,-4.1790661364881165,0.308,0.5,0.14631690969230862
supermat,nfix,Probe,1000,intercept_fit,6,1.0,-4.494359854946619,0.274,0.5,0.1301062377302532
supermat,nfix,Probe,1000,intercept_fit,7,1.0,-4.447410459233178,0.279,0.5,0.13210475597968496
supermat,nfix,Probe,1000,intercept_fit,8,1.0,-4.676223148954488,0.23,0.5,0.12387880738322829
supermat,nfix,Probe,1000,intercept_fit,9,1.0,-4.674194578153606,0.264,0.5,0.1239530474833046
supermat,nfix,Probe,1000,intercept_fit,10,1.0,-4.375416691942657,0.259,0.5,0.1355332021276333
supermat,nfix,Probe,1000,intercept_fit,11,1.0,-4.158543388874201,0.321,0.5,0.1474129461475806
supermat,nfix,Probe,1000,intercept_fit,12,1.0,-4.636879333092291,0.245,0.5,0.12486793410582711
supermat,nfix,Probe,1000,intercept_fit,13,1.0,-4.316611009531972,0.294,0.5,0.13850269398804824
supermat,nfix,Probe,1000,intercept_fit,14,1.0,-4.340078189024262,0.304,0.5,0.13722815558996715
supermat,nfix,Probe,1000,intercept_fit,15,1.0,-4.55663535983731,0.257,0.5,0.1278279257938148
supermat,nfix,Probe,1000,intercept_fit,16,1.0,-4.574790287113925,0.261,0.5,0.1269839512544331
supermat,nfix,Probe,1000,intercept_fit,17,1.0,-4.282206023759454,0.239,0.5,0.14029996920995128
supermat,nfix,Probe,1000,intercept_fit,18,1.0,-4.490207026985032,0.263,0.5,0.1303237053634283
supermat,nfix,Probe,1000,intercept_fit,19,1.0,-4.235536691382001,0.281,0.5,0.1428297815565492
supermat,nfix,Probe,1000,intercept_fit,20,1.0,-4.182577691692322,0.333,0.5,0.14603999577522084
supermat,nfix,Probe,1000,intercept_fit,21,1.0,-4.575697127184173,0.243,0.5,0.12694248766976582
supermat,nfix,Probe,1000,intercept_fit,22,1.0,-4.521484590036576,0.262,0.5,0.12899358502967295
supermat,nfix,Probe,1000,intercept_fit,23,1.0,-4.535303004023451,0.303,0.5,0.12858248395380328
supermat,nfix,Probe,1000,intercept_fit,24,1.0,-4.6534033307995495,0.238,0.5,0.12447896348237412
supermat,nfix,Probe,1000,intercept_fit,25,1.0,-4.667797110823901,0.233,0.5,0.12393442241005598
supermat,nfix,Probe,1000,intercept_fit,26,1.0,-4.639909078073244,0.287,0.5,0.12474759454896234
supermat,nfix,Probe,1000,intercept_fit,27,1.0,-4.527326490776673,0.289,0.5,0.1287027005844481
supermat,nfix,Probe,1000,intercept_fit,28,1.0,-4.556739193406626,0.246,0.5,0.1278230199895841
supermat,nfix,Probe,1000,intercept_fit,29,1.0,-4.599038831637079,0.246,0.5,0.12617558318311223
supermat,nfix,Probe,1000,intercept_fit,30,1.0,-4.466881781083155,0.224,0.5,0.13129872640701154
supermat,nfix,Probe,1000,intercept_fit,31,1.0,-4.371462662914012,0.247,0.5,0.13549935856000925
supermat,nfix,Probe,1000,intercept_fit,32,1.0,-4.417566972327712,0.259,0.5,0.13354565468580665
supermat,nfix,Probe,1000,intercept_fit,33,1.0,-4.668970919718516,0.255,0.5,0.12389081832712454
supermat,nfix,Probe,1000,intercept_fit,34,1.0,-4.717107373609947,0.272,0.5,0.1227330024335569
supermat,nfix,Probe,1000,intercept_fit,35,1.0,-4.787583616828365,0.236,0.5,0.12097255430337728
supermat,nfix,Probe,1000,intercept_fit,36,1.0,-4.214802571300361,0.315,0.5,0.14410546420605558
supermat,nfix,Probe,1000,intercept_fit,37,1.0,-4.427290171866892,0.237,0.5,0.13297750461539237
supermat,nfix,Probe,1000,intercept_fit,38,1.0,-4.57507901627517,0.28,0.5,0.1269707422742588
supermat,nfix,Probe,1000,intercept_fit,39,1.0,-4.7240527350348485,0.255,0.5,0.12251272412183595
supermat,nfix,Probe,1000,intercept_fit,40,1.0,-4.508633323262529,0.257,0.5,0.1296433157770778
supermat,nfix,Probe,1000,intercept_fit,41,1.0,-4.66987179960621,0.264,0.5,0.12385744393926458
supermat,nfix,Probe,1000,intercept_fit,42,1.0,-4.915024051298759,0.263,0.5,0.11925346943927553
supermat,nfix,Probe,1000,intercept_fit,43,1.0,-4.536703286258358,0.287,0.5,0.12851402186273891
supermat,nfix,Probe,1000,intercept_fit,44,1.0,-4.532326263441746,0.288,0.5,0.12872855515713807
supermat,nfix,Probe,1000,intercept_fit,45,1.0,-4.42451650232354,0.269,0.5,0.13313884330614517
supermat,nfix,Probe,1000,intercept_fit,46,1.0,-4.505230987014168,0.251,0.5,0.1298174275521679
supermat,nfix,Probe,1000,intercept_fit,47,1.0,-4.343216122723964,0.264,0.5,0.13702325436638602
supermat,nfix,Probe,1000,intercept_fit,48,1.0,-4.5689992845515555,0.253,0.5,0.1272502314035676
supermat,nfix,Probe,1000,intercept_fit,49,1.0,-4.434294733621649,0.276,0.5,0.13257263002985667
supermat,nfix,Probe,1000,intercept_fit,50,1.0,-4.731710769284049,0.277,0.5,0.12227510428633644
supermat,nfix,Probe,1000,intercept_fit,51,1.0,-4.586428839727973,0.263,0.5,0.12672615150156627
supermat,nfix,Probe,1000,intercept_fit,52,1.0,-4.568071437023209,0.232,0.5,0.12729315241248856
supermat,nfix,Probe,1000,intercept_fit,53,1.0,-4.880856513979462,0.259,0.5,0.11963114393229829
supermat,nfix,Probe,1000,intercept_fit,54,1.0,-4.654296768140771,0.225,0.5,0.12444463425501186
supermat,nfix,Probe,1000,intercept_fit,55,1.0,-4.62452513596576,0.268,0.5,0.1253668331694514
supermat,nfix,Probe,1000,intercept_fit,56,1.0,-4.314852763395845,0.299,0.5,0.1386209678898074
supermat,nfix,Probe,1000,intercept_fit,57,1.0,-4.379147989509697,0.296,0.5,0.13530219325033938
supermat,nfix,Probe,1000,intercept_fit,58,1.0,-4.495542517494319,0.238,0.5,0.1300445428376627
supermat,nfix,Probe,1000,intercept_fit,59,1.0,-3.694215112293666,0.413,0.5,0.18594970045237152
supermat,nfix,Probe,1000,intercept_fit,60,1.0,-4.339497263455198,0.338,0.5,0.13726615787481986
supermat,nfix,Probe,1000,intercept_fit,61,1.0,-4.2860204637990735,0.273,0.5,0.14003424127186911
supermat,nfix,Probe,1000,intercept_fit,62,1.0,-4.31750072015969,0.271,0.5,0.13844294095319765
supermat,nfix,Probe,1000,intercept_fit,63,1.0,-4.293587038549318,0.318,0.5,0.13951015859477417
supermat,nfix,Probe,1000,intercept_fit,64,1.0,-4.269848519513214,0.259,0.5,0.14089032631693266
supermat,nfix,Probe,1000,intercept_fit,65,1.0,-4.393065587362793,0.273,0.5,0.1347298412128653
supermat,nfix,Probe,1000,intercept_fit,66,1.0,-4.4042643286068355,0.254,0.5,0.13405501871499137
supermat,nfix,Probe,1000,intercept_fit,67,1.0,-4.228307333351284,0.281,0.5,0.14336724048968094
supermat,nfix,Probe,1000,intercept_fit,68,1.0,-4.654737835803997,0.243,0.5,0.12442771459549595
supermat,nfix,Probe,1000,intercept_fit,69,1.0,-4.536378854048283,0.255,0.5,0.12852987059170215
supermat,nfix,Probe,1000,intercept_fit,70,1.0,-4.629656098225855,0.285,0.5,0.1251580200559626
supermat,nfix,Probe,1000,intercept_fit,71,1.0,-4.118682574180183,0.31,0.5,0.15015492929086802
supermat,nfix,Probe,1000,intercept_fit,72,1.0,-4.426209950515818,0.267,0.5,0.13304026826551613
supermat,nfix,Probe,1000,intercept_fit,73,1.0,-4.328373061126396,0.254,0.5,0.1377178982662785
supermat,nfix,Probe,1000,intercept_fit,74,1.0,-4.6049285952522885,0.257,0.5,0.12592350765288635
supermat,nfix,Probe,1000,intercept_fit,75,1.0,-4.229674655393388,0.292,0.5,0.14326527868524172
supermat,nfix,Probe,1000,intercept_fit,76,1.0,-4.324106896182771,0.253,0.5,0.13800126297885462
supermat,nfix,Probe,1000,intercept_fit,77,1.0,-4.444357982963142,0.298,0.5,0.13227756555868062
supermat,nfix,Probe,1000,intercept_fit,78,1.0,-4.555742302744125,0.263,0.5,0.1278701584672436
supermat,nfix,Probe,1000,intercept_fit,79,1.0,-4.426343920964231,0.285,0.5,0.13303248030293102
supermat,nfix,Probe,1000,intercept_fit,80,1.0,-4.365298257962241,0.27,0.5,0.13588535998953058
supermat,nfix,Probe,1000,intercept_fit,81,1.0,-4.364013425888242,0.321,0.5,0.13596645021712697
supermat,nfix,Probe,1000,intercept_fit,82,1.0,-4.427813362679829,0.322,0.5,0.13294713666632488
supermat,nfix,Probe,1000,intercept_fit,83,1.0,-4.371406459402225,0.255,0.5,0.1355028652105778
supermat,nfix,Probe,1000,intercept_fit,84,1.0,-4.623752958135691,0.282,0.5,0.12539845336860975
supermat,nfix,Probe,1000,intercept_fit,85,1.0,-4.514964107048817,0.239,0.5,0.12932161286942417
supermat,nfix,Probe,1000,intercept_fit,86,1.0,-4.519433018780891,0.233,0.5,0.12909642014995268
supermat,nfix,Probe,1000,intercept_fit,87,1.0,-4.59811543267208,0.254,0.5,0.12621536235199843
supermat,nfix,Probe,1000,intercept_fit,88,1.0,-4.439880387751596,0.254,0.5,0.13253238209225052
supermat,nfix,Probe,1000,intercept_fit,89,1.0,-4.463447515238992,0.245,0.5,0.13148803343545903
supermat,nfix,Probe,1000,intercept_fit,90,1.0,-4.403720734940117,0.25,0.5,0.13408755325700325
supermat,nfix,Probe,1000,intercept_fit,91,1.0,-4.813998005857921,0.212,0.5,0.12058426372660844
supermat,nfix,Probe,1000,intercept_fit,92,1.0,-4.545531959676098,0.254,0.5,0.12808608256032483
supermat,nfix,Probe,1000,intercept_fit,93,1.0,-4.347560357073045,0.277,0.5,0.13674081490690618
supermat,nfix,Probe,1000,intercept_fit,94,1.0,-4.666569575592723,0.233,0.5,0.12398012414813425
supermat,nfix,Probe,1000,intercept_fit,95,1.0,-4.307175665426475,0.311,0.5,0.1388600602831816
supermat,nfix,Probe,1000,intercept_fit,96,1.0,-4.5647405241876475,0.225,0.5,0.12744777046516925
supermat,nfix,Probe,1000,intercept_fit,97,1.0,-3.6011109665208014,0.39,0.5,0.19628785946386443
supermat,nfix,Probe,1000,intercept_fit,98,1.0,-4.076440767136134,0.311,0.5,0.1529982998033484
supermat,nfix,Probe,1000,intercept_fit,99,1.0,-4.31450982224843,0.278,0.5,0.13864406144645713
supermat,nfix,NTP,1000,intercept_fit,0,1.0,-10.766372848109233,0.335,0.5,0.22833540619953444
supermat,nfix,NTP,1000,intercept_fit,1,1.0,-10.142040536618516,0.262,0.5,0.23380857077246844
supermat,nfix,NTP,1000,intercept_fit,2,1.0,-11.42206791577412,0.255,0.5,0.2196137007098411
supermat,nfix,NTP,1000,intercept_fit,3,1.0,-11.068349354613664,0.215,0.5,0.2246037024712368
supermat,nfix,NTP,1000,intercept_fit,4,1.0,-10.439555963709182,0.294,0.5,0.23160329202218358
supermat,nfix,NTP,1000,intercept_fit,5,1.0,-12.266690559907818,0.308,0.5,0.20901155610932168
supermat,nfix,NTP,1000,intercept_fit,6,1.0,-11.817712666148235,0.274,0.5,0.21382421265676155
supermat,nfix,NTP,1000,intercept_fit,7,1.0,-9.867900316948955,0.279,0.5,0.23536163694665876
supermat,nfix,NTP,1000,intercept_fit,8,1.0,-10.646811799710376,0.23,0.5,0.2296369797442542
supermat,nfix,NTP,1000,intercept_fit,9,1.0,-11.759303529800894,0.264,0.5,0.2146960141668601
supermat,nfix,NTP,1000,intercept_fit,10,1.0,-10.25614245920405,0.259,0.5,0.23303274425981454
supermat,nfix,NTP,1000,intercept_fit,11,1.0,-10.625089903886227,0.321,0.5,0.22990791861473478
supermat,nfix,NTP,1000,intercept_fit,12,1.0,-11.043748093543542,0.245,0.5,0.22490013171042417
supermat,nfix,NTP,1000,intercept_fit,13,1.0,-11.030238399404837,0.294,0.5,0.22508133014875098
supermat,nfix,NTP,1000,intercept_fit,14,1.0,-11.121158349304048,0.304,0.5,0.22385323501780682
supermat,nfix,NTP,1000,intercept_fit,15,1.0,-10.522734353674275,0.257,0.5,0.2309108464888268
supermat,nfix,NTP,1000,intercept_fit,16,1.0,-8.665826089844103,0.261,0.5,0.2388799953309455
supermat,nfix,NTP,1000,intercept_fit,17,1.0,-9.93819474904229,0.239,0.5,0.23502828820752703
supermat,nfix,NTP,1000,intercept_fit,18,1.0,-11.120646622321408,0.263,0.5,0.22386051761911271
supermat,nfix,NTP,1000,intercept_fit,19,1.0,-10.084691062577399,0.281,0.5,0.23417968960298488
supermat,nfix,NTP,1000,intercept_fit,20,1.0,-11.190264045270284,0.333,0.5,0.22289824876020753
supermat,nfix,NTP,1000,intercept_fit,21,1.0,-11.094450514852054,0.243,0.5,0.22423678783570328
supermat,nfix,NTP,1000,intercept_fit,22,1.0,-11.075060761913267,0.262,0.5,0.22450892376658696
supermat,nfix,NTP,1000,intercept_fit,23,1.0,-11.37458830075341,0.303,0.5,0.22027629580037011
supermat,nfix,NTP,1000,intercept_fit,24,1.0,-9.16942315886552,0.238,0.5,0.2379429682405346
supermat,nfix,NTP,1000,intercept_fit,25,1.0,-9.75286377990872,0.233,0.5,0.23594747375053074
supermat,nfix,NTP,1000,intercept_fit,26,1.0,-12.226977170277898,0.287,0.5,0.20924728776274432
supermat,nfix,NTP,1000,intercept_fit,27,1.0,-8.221836003302492,0.289,0.5,0.2393646374093269
supermat,nfix,NTP,1000,intercept_fit,28,1.0,-10.143669923049735,0.246,0.5,0.23379739224599672
supermat,nfix,NTP,1000,intercept_fit,29,1.0,-10.996270583365984,0.246,0.5,0.22554713830204606
supermat,nfix,NTP,1000,intercept_fit,30,1.0,-10.553412830093817,0.224,0.5,0.23060807128699307
supermat,nfix,NTP,1000,intercept_fit,31,1.0,-10.238242243899363,0.247,0.5,0.2331646590413484
supermat,nfix,NTP,1000,intercept_fit,32,1.0,-11.073294093220493,0.259,0.5,0.22453282441129396
supermat,nfix,NTP,1000,intercept_fit,33,1.0,-9.853575972947912,0.255,0.5,0.23545183596563088
supermat,nfix,NTP,1000,intercept_fit,34,1.0,-11.247351893468993,0.272,0.5,0.22209438810926468
supermat,nfix,NTP,1000,intercept_fit,35,1.0,-11.579482920226507,0.236,0.5,0.21728462160419812
supermat,nfix,NTP,1000,intercept_fit,36,1.0,-10.995996454269568,0.315,0.5,0.2255509439268269
supermat,nfix,NTP,1000,intercept_fit,37,1.0,-10.216880713368758,0.237,0.5,0.23333563875783336
supermat,nfix,NTP,1000,intercept_fit,38,1.0,-10.635119994484347,0.28,0.5,0.22978668929154317
supermat,nfix,NTP,1000,intercept_fit,39,1.0,-11.669691868546515,0.255,0.5,0.21594124310796858
supermat,nfix,NTP,1000,intercept_fit,40,1.0,-10.363792931048081,0.257,0.5,0.2322493970668961
supermat,nfix,NTP,1000,intercept_fit,41,1.0,-11.14971349966099,0.264,0.5,0.22348931462747385
supermat,nfix,NTP,1000,intercept_fit,42,1.0,-9.088753835977055,0.263,0.5,0.2381405783376727
supermat,nfix,NTP,1000,intercept_fit,43,1.0,-10.673273136441871,0.287,0.5,0.2293944893960853
supermat,nfix,NTP,1000,intercept_fit,44,1.0,-11.020429025779368,0.288,0.5,0.22521678091740188
supermat,nfix,NTP,1000,intercept_fit,45,1.0,-11.256159260256082,0.269,0.5,0.22196535774795634
supermat,nfix,NTP,1000,intercept_fit,46,1.0,-10.375539290931668,0.251,0.5,0.23214385279459093
supermat,nfix,NTP,1000,intercept_fit,47,1.0,-9.029047784530396,0.264,0.5,0.2382716825199902
supermat,nfix,NTP,1000,intercept_fit,48,1.0,-10.555840923968843,0.253,0.5,0.23058248911322674
supermat,nfix,NTP,1000,intercept_fit,49,1.0,-9.552022945931782,0.276,0.5,0.23676708325645318
supermat,nfix,NTP,1000,intercept_fit,50,1.0,-10.050780160857512,0.277,0.5,0.23434969193874172
supermat,nfix,NTP,1000,intercept_fit,51,1.0,-10.936142635091864,0.263,0.5,0.2262941665337664
supermat,nfix,NTP,1000,intercept_fit,52,1.0,-11.146188964690015,0.232,0.5,0.2235415037705861
supermat,nfix,NTP,1000,intercept_fit,53,1.0,-10.862124140032552,0.259,0.5,0.22719415333405882
supermat,nfix,NTP,1000,intercept_fit,54,1.0,-11.577563726131872,0.225,0.5,0.21731796943059137
supermat,nfix,NTP,1000,intercept_fit,55,1.0,-11.005254483976943,0.268,0.5,0.22542975640479232
supermat,nfix,NTP,1000,intercept_fit,56,1.0,-8.121089977198253,0.299,0.5,0.23945868919590724
supermat,nfix,NTP,1000,intercept_fit,57,1.0,-10.971828950470767,0.296,0.5,0.22582948340892794
supermat,nfix,NTP,1000,intercept_fit,58,1.0,-11.246142839953583,0.238,0.5,0.22211335310069635
supermat,nfix,NTP,1000,intercept_fit,59,1.0,-7.333211802579294,0.413,0.5,0.24090310323778857
supermat,nfix,NTP,1000,intercept_fit,60,1.0,-4.083547788273854,0.338,0.5,0.2236172078133953
supermat,nfix,NTP,1000,intercept_fit,61,1.0,-10.327353825763474,0.273,0.5,0.2324940235705125
supermat,nfix,NTP,1000,intercept_fit,62,1.0,-9.43373901098577,0.271,0.5,0.23720334398921325
supermat,nfix,NTP,1000,intercept_fit,63,1.0,-11.241096155346336,0.318,0.5,0.2221949918735093
supermat,nfix,NTP,1000,intercept_fit,64,1.0,-10.306128378298586,0.259,0.5,0.23265195569463165
supermat,nfix,NTP,1000,intercept_fit,65,1.0,-9.468092956605464,0.273,0.5,0.23708535015472493
supermat,nfix,NTP,1000,intercept_fit,66,1.0,-10.224333331230158,0.254,0.5,0.23327475679845894
supermat,nfix,NTP,1000,intercept_fit,67,1.0,-9.04907905227849,0.281,0.5,0.238234639104666
supermat,nfix,NTP,1000,intercept_fit,68,1.0,-10.982182269672885,0.243,0.5,0.2256989989333403
supermat,nfix,NTP,1000,intercept_fit,69,1.0,-10.850167058578403,0.255,0.5,0.22735848962803354
supermat,nfix,NTP,1000,intercept_fit,70,1.0,-9.206104623777911,0.285,0.5,0.2378560211966657
supermat,nfix,NTP,1000,intercept_fit,71,1.0,-9.635740096736914,0.31,0.5,0.23641842807104432
supermat,nfix,NTP,1000,intercept_fit,72,1.0,-9.712477599952692,0.267,0.5,0.23613275938680323
supermat,nfix,NTP,1000,intercept_fit,73,1.0,-10.873712152750214,0.254,0.5,0.22705028582295617
supermat,nfix,NTP,1000,intercept_fit,74,1.0,-11.239821333798995,0.257,0.5,0.22221553255598298
supermat,nfix,NTP,1000,intercept_fit,75,1.0,-9.938775994972847,0.292,0.5,0.23502528614163753
supermat,nfix,NTP,1000,intercept_fit,76,1.0,-11.359348963823047,0.253,0.5,0.22052112339886784
supermat,nfix,NTP,1000,intercept_fit,77,1.0,-10.424093899029664,0.298,0.5,0.23173028085684635
supermat,nfix,NTP,1000,intercept_fit,78,1.0,-11.126243148887468,0.263,0.5,0.22377768367804557
supermat,nfix,NTP,1000,intercept_fit,79,1.0,-10.900697793931288,0.285,0.5,0.22672233996630858
supermat,nfix,NTP,1000,intercept_fit,80,1.0,-10.663088920843311,0.27,0.5,0.22945587943451548
supermat,nfix,NTP,1000,intercept_fit,81,1.0,-9.730674087701821,0.321,0.5,0.23604703699574997
supermat,nfix,NTP,1000,intercept_fit,82,1.0,-10.464940753346529,0.322,0.5,0.231429506367423
supermat,nfix,NTP,1000,intercept_fit,83,1.0,-11.169876107499094,0.255,0.5,0.223207023540749
supermat,nfix,NTP,1000,intercept_fit,84,1.0,-11.87957954837651,0.282,0.5,0.21298662815332092
supermat,nfix,NTP,1000,intercept_fit,85,1.0,-9.24823079809612,0.239,0.5,0.23773897917795958
supermat,nfix,NTP,1000,intercept_fit,86,1.0,-11.233113775384881,0.233,0.5,0.22231711322532446
supermat,nfix,NTP,1000,intercept_fit,87,1.0,-11.656262594108085,0.254,0.5,0.21615434117651053
supermat,nfix,NTP,1000,intercept_fit,88,1.0,-9.203106904803606,0.254,0.5,0.23786037217311676
supermat,nfix,NTP,1000,intercept_fit,89,1.0,-10.785022697545402,0.245,0.5,0.22812810548814966
supermat,nfix,NTP,1000,intercept_fit,90,1.0,-10.659987373548965,0.25,0.5,0.2294909332864029
supermat,nfix,NTP,1000,intercept_fit,91,1.0,-11.825032863339784,0.212,0.5,0.21376716630590925
supermat,nfix,NTP,1000,intercept_fit,92,1.0,-9.78341058815068,0.254,0.5,0.23579401516645376
supermat,nfix,NTP,1000,intercept_fit,93,1.0,-10.92155887948395,0.277,0.5,0.22649755938406432
supermat,nfix,NTP,1000,intercept_fit,94,1.0,-11.661486025826076,0.233,0.5,0.21607104416152217
supermat,nfix,NTP,1000,intercept_fit,95,1.0,-10.583452143831174,0.311,0.5,0.23035763901516126
supermat,nfix,NTP,1000,intercept_fit,96,1.0,-10.950101600459629,0.225,0.5,0.22610989333574258
supermat,nfix,NTP,1000,intercept_fit,97,1.0,-7.338248026514253,0.39,0.5,0.2409066428261585
supermat,nfix,NTP,1000,intercept_fit,98,1.0,-9.518148503498958,0.311,0.5,0.23690145549036623
supermat,nfix,NTP,1000,intercept_fit,99,1.0,-11.089872600006563,0.278,0.5,0.22430760909076866
supermat,supermat,Probe,50,intercept_fit,0,1.0,-3.2556844393760884,0.38,0.5,0.10319468424468277
supermat,supermat,Probe,50,intercept_fit,1,1.0,-3.3637441866011657,0.38,0.5,0.11003010807755968
supermat,supermat,Probe,50,intercept_fit,2,1.0,-3.4850888864425285,0.38,0.5,0.11895181295076991
supermat,supermat,Probe,50,intercept_fit,3,1.0,-2.918175796056727,0.3,0.5,0.08719495306660391
supermat,supermat,Probe,50,intercept_fit,4,1.0,-3.8744539946948353,0.18,0.5,0.15555325118663818
supermat,supermat,Probe,50,intercept_fit,5,1.0,-3.3713263130430042,0.36,0.5,0.11050562006468809
supermat,supermat,Probe,50,intercept_fit,6,1.0,-3.2817477279322143,0.36,0.5,0.10472249573778096
supermat,supermat,Probe,50,intercept_fit,7,1.0,-3.30518600755593,0.44,0.5,0.10621715567968999
supermat,supermat,Probe,50,intercept_fit,8,1.0,-3.2945339403664717,0.5,0.5,0.10548861659580094
supermat,supermat,Probe,50,intercept_fit,9,1.0,-3.3975560390538884,0.32,0.5,0.11232489326584529
supermat,supermat,Probe,50,intercept_fit,10,1.0,-4.086668985141933,0.16,0.5,0.17858027175675978
supermat,supermat,Probe,50,intercept_fit,11,1.0,-5.278047669674452,0.1,0.5,0.30981294596890147
supermat,supermat,Probe,50,intercept_fit,12,1.0,-3.4859115024065748,0.34,0.5,0.11902164830586456
supermat,supermat,Probe,50,intercept_fit,13,1.0,-3.0946271506682765,0.52,0.5,0.09459260344503105
supermat,supermat,Probe,50,intercept_fit,14,1.0,-4.016867316685824,0.18,0.5,0.17086519959136817
supermat,supermat,Probe,50,intercept_fit,15,1.0,-3.364905666009262,0.4,0.5,0.11011545021363561
supermat,supermat,Probe,50,intercept_fit,16,1.0,-3.5466742327461636,0.32,0.5,0.12396154901776381
supermat,supermat,Probe,50,intercept_fit,17,1.0,-3.093648369885173,0.36,0.5,0.09454097289275867
supermat,supermat,Probe,50,intercept_fit,18,1.0,-3.6116690081995078,0.42,0.5,0.12973391154167174
supermat,supermat,Probe,50,intercept_fit,19,1.0,-2.460604080944418,0.44,0.5,0.08499991644598186
supermat,supermat,Probe,50,intercept_fit,20,1.0,-3.993672179043029,0.24,0.5,0.16829720524529898
supermat,supermat,Probe,50,intercept_fit,21,1.0,-3.959327446504859,0.32,0.5,0.16458978201816424
supermat,supermat,Probe,50,intercept_fit,22,1.0,-3.784142499800425,0.36,0.5,0.14630392410050097
supermat,supermat,Probe,50,intercept_fit,23,1.0,-3.5843576054283317,0.36,0.5,0.12725528872057087
supermat,supermat,Probe,50,intercept_fit,24,1.0,-3.707923515788958,0.22,0.5,0.13871291488178059
supermat,supermat,Probe,50,intercept_fit,25,1.0,-3.367252964425652,0.44,0.5,0.1102880767559014
supermat,supermat,Probe,50,intercept_fit,26,1.0,-4.224001049699617,0.24,0.5,0.19419920499052634
supermat,supermat,Probe,50,intercept_fit,27,1.0,-2.944629738848508,0.5,0.5,0.0881221076497463
supermat,supermat,Probe,50,intercept_fit,28,1.0,-3.4689416095362646,0.3,0.5,0.11766117501301863
supermat,supermat,Probe,50,intercept_fit,29,1.0,-3.1621819627924195,0.44,0.5,0.09794662679695786
supermat,supermat,Probe,50,intercept_fit,30,1.0,-2.991377809638964,0.42,0.5,0.08992196149310332
supermat,supermat,Probe,50,intercept_fit,31,1.0,-3.398673132393886,0.38,0.5,0.1124108333767112
supermat,supermat,Probe,50,intercept_fit,32,1.0,-3.402371965309748,0.3,0.5,0.11269588809716241
supermat,supermat,Probe,50,intercept_fit,33,1.0,-3.9788059951095267,0.36,0.5,0.16670520877904976
supermat,supermat,Probe,50,intercept_fit,34,1.0,-3.7127121048482135,0.36,0.5,0.13921191529416999
supermat,supermat,Probe,50,intercept_fit,35,1.0,-3.9935373081473986,0.18,0.5,0.16828158589262548
supermat,supermat,Probe,50,intercept_fit,36,1.0,-2.5445205372624184,0.46,0.5,0.08396388925329287
supermat,supermat,Probe,50,intercept_fit,37,1.0,-2.955742707682358,0.34,0.5,0.08856657637624984
supermat,supermat,Probe,50,intercept_fit,38,1.0,-2.88898253429865,0.44,0.5,0.08626576768567228
supermat,supermat,Probe,50,intercept_fit,39,1.0,-2.737521795381666,0.52,0.5,0.08356343453120386
supermat,supermat,Probe,50,intercept_fit,40,1.0,-4.215224587443163,0.3,0.5,0.1931760604874297
supermat,supermat,Probe,50,intercept_fit,41,1.0,-3.805004456533887,0.3,0.5,0.14842834165539248
supermat,supermat,Probe,50,intercept_fit,42,1.0,-3.6498907641739455,0.3,0.5,0.1332187753787354
supermat,supermat,Probe,50,intercept_fit,43,1.0,-4.012970415870349,0.26,0.5,0.17041231112165367
supermat,supermat,Probe,50,intercept_fit,44,1.0,-4.071694139999903,0.32,0.5,0.17687436676725837
supermat,supermat,Probe,50,intercept_fit,45,1.0,-3.3821172117751295,0.36,0.5,0.11131414384137411
supermat,supermat,Probe,50,intercept_fit,46,1.0,-4.104767108568889,0.26,0.5,0.1806070122860052
supermat,supermat,Probe,50,intercept_fit,47,1.0,-4.250242132488005,0.26,0.5,0.1972578144226656
supermat,supermat,Probe,50,intercept_fit,48,1.0,-4.245839189983571,0.36,0.5,0.1967317138762668
supermat,supermat,Probe,50,intercept_fit,49,1.0,-3.795633021966267,0.32,0.5,0.14740523360436938
supermat,supermat,Probe,50,intercept_fit,50,1.0,-3.532861223606721,0.32,0.5,0.12285093220456161
supermat,supermat,Probe,50,intercept_fit,51,1.0,-3.291400376957771,0.38,0.5,0.10536873514258129
supermat,supermat,Probe,50,intercept_fit,52,1.0,-3.370013057385458,0.4,0.5,0.11040804165370068
supermat,supermat,Probe,50,intercept_fit,53,1.0,-3.5103660171895625,0.38,0.5,0.12099456453742652
supermat,supermat,Probe,50,intercept_fit,54,1.0,-3.4395365114803456,0.28,0.5,0.11539604611000498
supermat,supermat,Probe,50,intercept_fit,55,1.0,-2.985195116068383,0.38,0.5,0.08973069144712302
supermat,supermat,Probe,50,intercept_fit,56,1.0,-4.017742719779871,0.34,0.5,0.17090706507295633
supermat,supermat,Probe,50,intercept_fit,57,1.0,-2.400859401104947,0.6,0.5,0.08604477687948399
supermat,supermat,Probe,50,intercept_fit,58,1.0,-3.849776264660217,0.36,0.5,0.1530080370799398
supermat,supermat,Probe,50,intercept_fit,59,1.0,-3.469502766680141,0.42,0.5,0.11770787794738813
supermat,supermat,Probe,50,intercept_fit,60,1.0,-4.827272769305841,0.14,0.5,0.26380484762769607
supermat,supermat,Probe,50,intercept_fit,61,1.0,-3.390729882077526,0.3,0.5,0.11188296904158414
supermat,supermat,Probe,50,intercept_fit,62,1.0,-3.180055137303024,0.5,0.5,0.09889629420867062
supermat,supermat,Probe,50,intercept_fit,63,1.0,-3.577339071354053,0.34,0.5,0.12666311557401802
supermat,supermat,Probe,50,intercept_fit,64,1.0,-2.9056588873261293,0.4,0.5,0.08681792128383958
supermat,supermat,Probe,50,intercept_fit,65,1.0,-3.696245386790103,0.4,0.5,0.13764643799928947
supermat,supermat,Probe,50,intercept_fit,66,1.0,-3.6101072495875752,0.3,0.5,0.12958210709433904
supermat,supermat,Probe,50,intercept_fit,67,1.0,-3.488832775624648,0.3,0.5,0.11919932951714862
supermat,supermat,Probe,50,intercept_fit,68,1.0,-2.9199335365806327,0.46,0.5,0.08725754027369709
supermat,supermat,Probe,50,intercept_fit,69,1.0,-3.312301691680826,0.48,0.5,0.10661825971935045
supermat,supermat,Probe,50,intercept_fit,70,1.0,-3.5686176459471373,0.26,0.5,0.12591588031694978
supermat,supermat,Probe,50,intercept_fit,71,1.0,-2.8632341967776416,0.56,0.5,0.08555097371759439
supermat,supermat,Probe,50,intercept_fit,72,1.0,-3.033276752574677,0.46,0.5,0.09176687030506119
supermat,supermat,Probe,50,intercept_fit,73,1.0,-3.303403882626661,0.42,0.5,0.106094870043494
supermat,supermat,Probe,50,intercept_fit,74,1.0,-3.78514014996217,0.28,0.5,0.14641225563229118
supermat,supermat,Probe,50,intercept_fit,75,1.0,-3.5313412953348537,0.42,0.5,0.12271456414737092
supermat,supermat,Probe,50,intercept_fit,76,1.0,-2.7010121742206175,0.4,0.5,0.08340006556126543
supermat,supermat,Probe,50,intercept_fit,77,1.0,-3.874896675811701,0.18,0.5,0.1556029690522883
supermat,supermat,Probe,50,intercept_fit,78,1.0,-3.2326061081412316,0.36,0.5,0.10181385919496776
supermat,supermat,Probe,50,intercept_fit,79,1.0,-4.071143289782711,0.38,0.5,0.1768098457835608
supermat,supermat,Probe,50,intercept_fit,80,1.0,-4.001134504860286,0.24,0.5,0.16910036605864442
supermat,supermat,Probe,50,intercept_fit,81,1.0,-3.4246716469224405,0.42,0.5,0.11428323172744513
supermat,supermat,Probe,50,intercept_fit,82,1.0,-4.047017700105282,0.34,0.5,0.1741477376684355
supermat,supermat,Probe,50,intercept_fit,83,1.0,-3.2306028383982017,0.46,0.5,0.1016874710978227
supermat,supermat,Probe,50,intercept_fit,84,1.0,-4.127896770083247,0.2,0.5,0.18319288715884574
supermat,supermat,Probe,50,intercept_fit,85,1.0,-3.92264360161772,0.18,0.5,0.16065897969874118
supermat,supermat,Probe,50,intercept_fit,86,1.0,-4.209544969847296,0.18,0.5,0.19250198953248224
supermat,supermat,Probe,50,intercept_fit,87,1.0,-3.2042480879990256,0.38,0.5,0.10025081749630223
supermat,supermat,Probe,50,intercept_fit,88,1.0,-3.678448869633587,0.24,0.5,0.13588939721359067
supermat,supermat,Probe,50,intercept_fit,89,1.0,-4.010795861082568,0.22,0.5,0.1701594780725286
supermat,supermat,Probe,50,intercept_fit,90,1.0,-2.8571921234353943,0.44,0.5,0.08538641074344809
supermat,supermat,Probe,50,intercept_fit,91,1.0,-2.977773158584262,0.42,0.5,0.08940990695552475
supermat,supermat,Probe,50,intercept_fit,92,1.0,-3.6304120558308135,0.4,0.5,0.1314260873914661
supermat,supermat,Probe,50,intercept_fit,93,1.0,-3.198200832523666,0.32,0.5,0.09988278926316316
supermat,supermat,Probe,50,intercept_fit,94,1.0,-3.432839139182406,0.32,0.5,0.11493191717923093
supermat,supermat,Probe,50,intercept_fit,95,1.0,-2.8892235682210927,0.44,0.5,0.08627348034507304
supermat,supermat,Probe,50,intercept_fit,96,1.0,-3.615614317403486,0.5,0.5,0.13004695098995586
supermat,supermat,Probe,50,intercept_fit,97,1.0,-3.467356002422558,0.42,0.5,0.11752931426477249
supermat,supermat,Probe,50,intercept_fit,98,1.0,-3.1302687704339487,0.36,0.5,0.09633302973917335
supermat,supermat,Probe,50,intercept_fit,99,1.0,-3.555675449724968,0.34,0.5,0.12478522200833068
supermat,supermat,NTP,50,intercept_fit,0,1.0,-1.1988855878312537,0.38,0.5,0.14583262745681716
supermat,supermat,NTP,50,intercept_fit,1,1.0,-1.0134843418761903,0.38,0.5,0.12558894753604563
supermat,supermat,NTP,50,intercept_fit,2,1.0,-1.2591121179261562,0.38,0.5,0.15189884683843463
supermat,supermat,NTP,50,intercept_fit,3,1.0,-0.9990780339024113,0.3,0.5,0.12392184942413785
supermat,supermat,NTP,50,intercept_fit,4,1.0,-2.1016531975017227,0.18,0.5,0.21508219964230274
supermat,supermat,NTP,50,intercept_fit,5,1.0,-0.8089948584515508,0.36,0.5,0.100190110911147
supermat,supermat,NTP,50,intercept_fit,6,1.0,-1.4393656319339778,0.36,0.5,0.16866521210041496
supermat,supermat,NTP,50,intercept_fit,7,1.0,-1.891237899632587,0.44,0.5,0.20265383200378798
supermat,supermat,NTP,50,intercept_fit,8,1.0,-0.5758220645098122,0.5,0.5,0.06712707342279961
supermat,supermat,NTP,50,intercept_fit,9,1.0,-1.7910564248174365,0.32,0.5,0.1960098948070069
supermat,supermat,NTP,50,intercept_fit,10,1.0,-3.2575350900141213,0.16,0.5,0.2560993326605312
supermat,supermat,NTP,50,intercept_fit,11,1.0,-3.4635613616500964,0.1,0.5,0.2602094878631109
supermat,supermat,NTP,50,intercept_fit,12,1.0,-1.7619556327751722,0.34,0.5,0.19398988573262713
supermat,supermat,NTP,50,intercept_fit,13,1.0,-0.6767242606247112,0.52,0.5,0.081933287046298
supermat,supermat,NTP,50,intercept_fit,14,1.0,-1.86294385279074,0.18,0.5,0.20082942330473855
supermat,supermat,NTP,50,intercept_fit,15,1.0,-1.1483382461932774,0.4,0.5,0.14058370442058093
supermat,supermat,NTP,50,intercept_fit,16,1.0,-0.8909410136179468,0.32,0.5,0.11079817031424238
supermat,supermat,NTP,50,intercept_fit,17,1.0,-0.7800148688110966,0.36,0.5,0.0963030281978507
supermat,supermat,NTP,50,intercept_fit,18,1.0,-0.8330999609534816,0.42,0.5,0.1033831250352032
supermat,supermat,NTP,50,intercept_fit,19,1.0,-0.5345526266582005,0.44,0.5,0.06086380889145174
supermat,supermat,NTP,50,intercept_fit,20,1.0,-2.040030336686894,0.24,0.5,0.21166322277953242
supermat,supermat,NTP,50,intercept_fit,21,1.0,-1.333464887757398,0.32,0.5,0.1590725245160217
supermat,supermat,NTP,50,intercept_fit,22,1.0,-2.3114972467730333,0.36,0.5,0.22566044386358566
supermat,supermat,NTP,50,intercept_fit,23,1.0,-1.322196354058946,0.36,0.5,0.15800979741679536
supermat,supermat,NTP,50,intercept_fit,24,1.0,-1.6895233998365173,0.22,0.5,0.18875847679033364
supermat,supermat,NTP,50,intercept_fit,25,1.0,-1.0859942162875293,0.44,0.5,0.13378181196650024
supermat,supermat,NTP,50,intercept_fit,26,1.0,-2.432583725368229,0.24,0.5,0.23103981607837004
supermat,supermat,NTP,50,intercept_fit,27,1.0,-0.6522277859135808,0.5,0.5,0.07838995688308611
supermat,supermat,NTP,50,intercept_fit,28,1.0,-1.5337476840429018,0.3,0.5,0.17668676753926005
supermat,supermat,NTP,50,intercept_fit,29,1.0,-0.6378770383347999,0.44,0.5,0.07629923348331853
supermat,supermat,NTP,50,intercept_fit,30,1.0,-0.8097978562544339,0.42,0.5,0.10030026983787055
supermat,supermat,NTP,50,intercept_fit,31,1.0,-0.7796143321212132,0.38,0.5,0.0962472072417121
supermat,supermat,NTP,50,intercept_fit,32,1.0,-1.048427904864854,0.3,0.5,0.129603922515845
supermat,supermat,NTP,50,intercept_fit,33,1.0,-1.503775067974663,0.36,0.5,0.17417199308029055
supermat,supermat,NTP,50,intercept_fit,34,1.0,-1.216753200466707,0.36,0.5,0.14764609928474318
supermat,supermat,NTP,50,intercept_fit,35,1.0,-1.8369052756661035,0.18,0.5,0.19912671951839053
supermat,supermat,NTP,50,intercept_fit,36,1.0,-0.2968803035431452,0.46,0.5,0.051041594170617065
supermat,supermat,NTP,50,intercept_fit,37,1.0,-0.7742294922685855,0.34,0.5,0.0955245381605544
supermat,supermat,NTP,50,intercept_fit,38,1.0,-0.9829750750690044,0.44,0.5,0.12202781162572494
supermat,supermat,NTP,50,intercept_fit,39,1.0,-0.5219162615578352,0.52,0.5,0.058928926214483486
supermat,supermat,NTP,50,intercept_fit,40,1.0,-1.9710652856025057,0.3,0.5,0.20760223203368244
supermat,supermat,NTP,50,intercept_fit,41,1.0,-1.349090331746574,0.3,0.5,0.16050214451367784
supermat,supermat,NTP,50,intercept_fit,42,1.0,-1.3578666404580966,0.3,0.5,0.1613116813739743
supermat,supermat,NTP,50,intercept_fit,43,1.0,-2.312845941228647,0.26,0.5,0.2257260912043732
supermat,supermat,NTP,50,intercept_fit,44,1.0,-2.25798197723854,0.32,0.5,0.22314216105982787
supermat,supermat,NTP,50,intercept_fit,45,1.0,-1.0822995669599091,0.36,0.5,0.13339925569600125
supermat,supermat,NTP,50,intercept_fit,46,1.0,-2.292614218669201,0.26,0.5,0.22476544233919496
supermat,supermat,NTP,50,intercept_fit,47,1.0,-1.4625421649982309,0.26,0.5,0.1706803761345548
supermat,supermat,NTP,50,intercept_fit,48,1.0,-1.076819989462112,0.36,0.5,0.13280702921500206
supermat,supermat,NTP,50,intercept_fit,49,1.0,-2.363087820208546,0.32,0.5,0.2280223782237902
supermat,supermat,NTP,50,intercept_fit,50,1.0,-1.5670438448000825,0.32,0.5,0.17937175185303206
supermat,supermat,NTP,50,intercept_fit,51,1.0,-1.203171384680387,0.38,0.5,0.146295640573425
supermat,supermat,NTP,50,intercept_fit,52,1.0,-1.390885428016426,0.4,0.5,0.16432357894366809
supermat,supermat,NTP,50,intercept_fit,53,1.0,-1.123346954550869,0.38,0.5,0.13787239563829173
supermat,supermat,NTP,50,intercept_fit,54,1.0,-1.9870478389242368,0.28,0.5,0.20855694038647601
supermat,supermat,NTP,50,intercept_fit,55,1.0,-0.5890166806185462,0.38,0.5,0.0691036810988241
supermat,supermat,NTP,50,intercept_fit,56,1.0,-2.661575062018489,0.34,0.5,0.2398735868301378
supermat,supermat,NTP,50,intercept_fit,57,1.0,-0.5324898507884364,0.6,0.5,0.06053918338133666
supermat,supermat,NTP,50,intercept_fit,58,1.0,-1.9073726083980467,0.36,0.5,0.20366831700424565
supermat,supermat,NTP,50,intercept_fit,59,1.0,-0.8273019562528944,0.42,0.5,0.10259647655290383
supermat,supermat,NTP,50,intercept_fit,60,1.0,-2.0572015707324844,0.14,0.5,0.21262328732722327
supermat,supermat,NTP,50,intercept_fit,61,1.0,-0.9913575662114327,0.3,0.5,0.12301823941678486
supermat,supermat,NTP,50,intercept_fit,62,1.0,-0.485479091855173,0.5,0.5,0.0533078033565483
supermat,supermat,NTP,50,intercept_fit,63,1.0,-1.148135366437296,0.34,0.5,0.14056105542189898
supermat,supermat,NTP,50,intercept_fit,64,1.0,-0.7565937842404219,0.4,0.5,0.09310652354082323
supermat,supermat,NTP,50,intercept_fit,65,1.0,-1.088780838223152,0.4,0.5,0.13410466527973605
supermat,supermat,NTP,50,intercept_fit,66,1.0,-1.4082384631668998,0.3,0.5,0.16592534393698982
supermat,supermat,NTP,50,intercept_fit,67,1.0,-1.5493361356779143,0.3,0.5,0.17792980034605485
supermat,supermat,NTP,50,intercept_fit,68,1.0,-0.4881835274286654,0.46,0.5,0.05370611444262893
supermat,supermat,NTP,50,intercept_fit,69,1.0,-0.92115250120312,0.48,0.5,0.1145433909473057
supermat,supermat,NTP,50,intercept_fit,70,1.0,-1.2277682794317903,0.26,0.5,0.14876725909743727
supermat,supermat,NTP,50,intercept_fit,71,1.0,-0.7047045714599283,0.56,0.5,0.08590902061075874
supermat,supermat,NTP,50,intercept_fit,72,1.0,-0.3408228537962259,0.46,0.5,0.04759269858617782
supermat,supermat,NTP,50,intercept_fit,73,1.0,-0.8641927052736086,0.42,0.5,0.10739682235036617
supermat,supermat,NTP,50,intercept_fit,74,1.0,-0.9554772706362754,0.28,0.5,0.11873130626411983
supermat,supermat,NTP,50,intercept_fit,75,1.0,-0.4338270350521412,0.42,0.5,0.04659659261470879
supermat,supermat,NTP,50,intercept_fit,76,1.0,-0.5364136131593245,0.4,0.5,0.061156411571841464
supermat,supermat,NTP,50,intercept_fit,77,1.0,-2.516273119890149,0.18,0.5,0.23443888047843078
supermat,supermat,NTP,50,intercept_fit,78,1.0,-0.9226026345740409,0.36,0.5,0.11472832400200404
supermat,supermat,NTP,50,intercept_fit,79,1.0,-1.5594309034015348,0.38,0.5,0.1787328416663615
supermat,supermat,NTP,50,intercept_fit,80,1.0,-2.089377480025464,0.24,0.5,0.2144275524062004
supermat,supermat,NTP,50,intercept_fit,81,1.0,-0.6186757623845478,0.42,0.5,0.07348760011329115
supermat,supermat,NTP,50,intercept_fit,82,1.0,-0.9391263894052138,0.34,0.5,0.11675037920058541
supermat,supermat,NTP,50,intercept_fit,83,1.0,-0.7521142397407764,0.46,0.5,0.0925021802932801
supermat,supermat,NTP,50,intercept_fit,84,1.0,-2.161197777763939,0.2,0.5,0.21827361778174675
supermat,supermat,NTP,50,intercept_fit,85,1.0,-2.872604567044461,0.18,0.5,0.2465971246183513
supermat,supermat,NTP,50,intercept_fit,86,1.0,-2.4378396096880874,0.18,0.5,0.23126570967832433
supermat,supermat,NTP,50,intercept_fit,87,1.0,-1.0200113979042171,0.38,0.5,0.12633600864412128
supermat,supermat,NTP,50,intercept_fit,88,1.0,-1.4633584360761105,0.24,0.5,0.17075436504392644
supermat,supermat,NTP,50,intercept_fit,89,1.0,-1.6603502482371608,0.22,0.5,0.18658627638408096
supermat,supermat,NTP,50,intercept_fit,90,1.0,-1.0221871679606613,0.44,0.5,0.1265982042414068
supermat,supermat,NTP,50,intercept_fit,91,1.0,-0.4696309906142595,0.42,0.5,0.05087764991259781
supermat,supermat,NTP,50,intercept_fit,92,1.0,-1.428163489907301,0.4,0.5,0.16767219729173596
supermat,supermat,NTP,50,intercept_fit,93,1.0,-0.9174527786169232,0.32,0.5,0.11410692732448563
supermat,supermat,NTP,50,intercept_fit,94,1.0,-1.0897690280003745,0.32,0.5,0.13421902452075637
supermat,supermat,NTP,50,intercept_fit,95,1.0,-0.6959790550030545,0.44,0.5,0.0846694030799701
supermat,supermat,NTP,50,intercept_fit,96,1.0,-0.6277066327922277,0.5,0.5,0.07482500853520754
supermat,supermat,NTP,50,intercept_fit,97,1.0,-1.6547373051051593,0.42,0.5,0.18619457467964162
supermat,supermat,NTP,50,intercept_fit,98,1.0,-1.7451388464094677,0.36,0.5,0.1927982576744092
supermat,supermat,NTP,50,intercept_fit,99,1.0,-1.4756420633799756,0.34,0.5,0.17180576430346142
supermat,supermat,Probe,1000,intercept_fit,0,1.0,-3.329559956239733,0.373,0.5,0.10773648008666424
supermat,supermat,Probe,1000,intercept_fit,1,1.0,-3.4595938167985203,0.35,0.5,0.11695956833142064
supermat,supermat,Probe,1000,intercept_fit,2,1.0,-3.5351705632914348,0.352,0.5,0.1229874907040094
supermat,supermat,Probe,1000,intercept_fit,3,1.0,-3.70068121997643,0.293,0.5,0.13803262874063035
supermat,supermat,Probe,1000,intercept_fit,4,1.0,-3.480418349782621,0.267,0.5,0.11855592476158926
supermat,supermat,Probe,1000,intercept_fit,5,1.0,-3.472332831107564,0.349,0.5,0.11794592001072554
supermat,supermat,Probe,1000,intercept_fit,6,1.0,-3.4169466729226796,0.337,0.5,0.11375042252956473
supermat,supermat,Probe,1000,intercept_fit,7,1.0,-3.5951675714438225,0.448,0.5,0.12821427143188904
supermat,supermat,Probe,1000,intercept_fit,8,1.0,-3.6028811897234707,0.357,0.5,0.12888354090876908
supermat,supermat,Probe,1000,intercept_fit,9,1.0,-3.23218287622981,0.394,0.5,0.10178707508226896
supermat,supermat,Probe,1000,intercept_fit,10,1.0,-3.616680703661388,0.274,0.5,0.13015081105358847
supermat,supermat,Probe,1000,intercept_fit,11,1.0,-4.067942124950067,0.241,0.5,0.1764873618812721
supermat,supermat,Probe,1000,intercept_fit,12,1.0,-3.6297902040380086,0.294,0.5,0.13136470428295746
supermat,supermat,Probe,1000,intercept_fit,13,1.0,-3.3318652060594283,0.445,0.5,0.10789980510577657
supermat,supermat,Probe,1000,intercept_fit,14,1.0,-3.869870655025195,0.246,0.5,0.1551098214433126
supermat,supermat,Probe,1000,intercept_fit,15,1.0,-3.758928699596721,0.313,0.5,0.14373339828936493
supermat,supermat,Probe,1000,intercept_fit,16,1.0,-3.413364332231972,0.367,0.5,0.11346862706748638
supermat,supermat,Probe,1000,intercept_fit,17,1.0,-3.6983345770411624,0.3,0.5,0.13778893329016503
supermat,supermat,Probe,1000,intercept_fit,18,1.0,-3.5310590179135697,0.387,0.5,0.12268924855577067
supermat,supermat,Probe,1000,intercept_fit,19,1.0,-3.0725539858868385,0.369,0.5,0.09353499462778979
supermat,supermat,Probe,1000,intercept_fit,20,1.0,-3.627790482945144,0.285,0.5,0.131167406614809
supermat,supermat,Probe,1000,intercept_fit,21,1.0,-3.5089678681562524,0.336,0.5,0.12087182037227134
supermat,supermat,Probe,1000,intercept_fit,22,1.0,-3.652105545953726,0.299,0.5,0.13344071248137293
supermat,supermat,Probe,1000,intercept_fit,23,1.0,-3.2203782538411283,0.422,0.5,0.10114676761637026
supermat,supermat,Probe,1000,intercept_fit,24,1.0,-3.5488747398918337,0.279,0.5,0.12416251138289822
supermat,supermat,Probe,1000,intercept_fit,25,1.0,-3.4788989628047715,0.403,0.5,0.11842734450616674
supermat,supermat,Probe,1000,intercept_fit,26,1.0,-3.6879631941292543,0.334,0.5,0.13679363758589097
supermat,supermat,Probe,1000,intercept_fit,27,1.0,-3.177270730385939,0.394,0.5,0.09873212154199225
supermat,supermat,Probe,1000,intercept_fit,28,1.0,-3.332655590843729,0.35,0.5,0.10795585557144671
supermat,supermat,Probe,1000,intercept_fit,29,1.0,-3.433646167050743,0.426,0.5,0.11499643656987528
supermat,supermat,Probe,1000,intercept_fit,30,1.0,-3.2559933585161454,0.378,0.5,0.10321462681568477
supermat,supermat,Probe,1000,intercept_fit,31,1.0,-3.6031173355096833,0.328,0.5,0.12890624032187867
supermat,supermat,Probe,1000,intercept_fit,32,1.0,-3.3889728898002027,0.316,0.5,0.11174999231808312
supermat,supermat,Probe,1000,intercept_fit,33,1.0,-3.6106055712487484,0.321,0.5,0.12963054539874252
supermat,supermat,Probe,1000,intercept_fit,34,1.0,-4.028527258918517,0.242,0.5,0.17210351797993134
supermat,supermat,Probe,1000,intercept_fit,35,1.0,-3.870185383968749,0.202,0.5,0.15514514787471542
supermat,supermat,Probe,1000,intercept_fit,36,1.0,-3.1224624278032658,0.433,0.5,0.09590146956459744
supermat,supermat,Probe,1000,intercept_fit,37,1.0,-3.280646061067351,0.36,0.5,0.1046490430586846
supermat,supermat,Probe,1000,intercept_fit,38,1.0,-3.0126674758130525,0.443,0.5,0.09080024284916016
supermat,supermat,Probe,1000,intercept_fit,39,1.0,-2.8689384883745337,0.529,0.5,0.08571079898992888
supermat,supermat,Probe,1000,intercept_fit,40,1.0,-3.348569533676193,0.335,0.5,0.10900617250053425
supermat,supermat,Probe,1000,intercept_fit,41,1.0,-3.6873997164187418,0.299,0.5,0.13673565843668278
supermat,supermat,Probe,1000,intercept_fit,42,1.0,-3.876179998054475,0.269,0.5,0.1557470093362057
supermat,supermat,Probe,1000,intercept_fit,43,1.0,-3.5878727019541876,0.348,0.5,0.12758797182961765
supermat,supermat,Probe,1000,intercept_fit,44,1.0,-3.754223029619819,0.328,0.5,0.14330423109908724
supermat,supermat,Probe,1000,intercept_fit,45,1.0,-3.625318568420418,0.317,0.5,0.13092368447247585
supermat,supermat,Probe,1000,intercept_fit,46,1.0,-3.4474736461764803,0.341,0.5,0.11603918684801919
supermat,supermat,Probe,1000,intercept_fit,47,1.0,-3.9022268188158638,0.303,0.5,0.1584767370040047
supermat,supermat,Probe,1000,intercept_fit,48,1.0,-3.6826191891896674,0.449,0.5,0.13631697997992825
supermat,supermat,Probe,1000,intercept_fit,49,1.0,-3.6193810117634855,0.278,0.5,0.13041404242379093
supermat,supermat,Probe,1000,intercept_fit,50,1.0,-3.612036918819999,0.322,0.5,0.12976967735904166
supermat,supermat,Probe,1000,intercept_fit,51,1.0,-3.806326487649003,0.333,0.5,0.1484999160715774
supermat,supermat,Probe,1000,intercept_fit,52,1.0,-3.581890237254073,0.303,0.5,0.12702207832960963
supermat,supermat,Probe,1000,intercept_fit,53,1.0,-3.592030966097362,0.349,0.5,0.12791399635119705
supermat,supermat,Probe,1000,intercept_fit,54,1.0,-3.9915594449604743,0.234,0.5,0.16805265219574672
supermat,supermat,Probe,1000,intercept_fit,55,1.0,-3.509188437148861,0.334,0.5,0.12089118248669647
supermat,supermat,Probe,1000,intercept_fit,56,1.0,-3.624257813580703,0.354,0.5,0.13081918064647383
supermat,supermat,Probe,1000,intercept_fit,57,1.0,-3.1390585698413505,0.433,0.5,0.09672735890455084
supermat,supermat,Probe,1000,intercept_fit,58,1.0,-3.5851737748610755,0.387,0.5,0.1273324908855611
supermat,supermat,Probe,1000,intercept_fit,59,1.0,-3.6039607419510937,0.315,0.5,0.12898731215857015
supermat,supermat,Probe,1000,intercept_fit,60,1.0,-3.923920468775072,0.248,0.5,0.16080425617673233
supermat,supermat,Probe,1000,intercept_fit,61,1.0,-3.634596636329693,0.34,0.5,0.13176795816434866
supermat,supermat,Probe,1000,intercept_fit,62,1.0,-3.6666731871564573,0.414,0.5,0.13476503210659066
supermat,supermat,Probe,1000,intercept_fit,63,1.0,-3.3387992633529384,0.341,0.5,0.10839270713330769
supermat,supermat,Probe,1000,intercept_fit,64,1.0,-3.400865156704443,0.315,0.5,0.11257968263507086
supermat,supermat,Probe,1000,intercept_fit,65,1.0,-3.437077229025456,0.464,0.5,0.11519742241861593
supermat,supermat,Probe,1000,intercept_fit,66,1.0,-3.5366276804665455,0.296,0.5,0.12311854741727117
supermat,supermat,Probe,1000,intercept_fit,67,1.0,-3.5790388952294325,0.285,0.5,0.1268233696447968
supermat,supermat,Probe,1000,intercept_fit,68,1.0,-3.7864130189926497,0.338,0.5,0.14647707941800495
supermat,supermat,Probe,1000,intercept_fit,69,1.0,-3.477579662416053,0.4,0.5,0.11831578319585964
supermat,supermat,Probe,1000,intercept_fit,70,1.0,-3.8313819795442674,0.202,0.5,0.15111133210603933
supermat,supermat,Probe,1000,intercept_fit,71,1.0,-3.7837759713692853,0.361,0.5,0.14626414139649954
supermat,supermat,Probe,1000,intercept_fit,72,1.0,-2.8145794080179374,0.497,0.5,0.0844626075058386
supermat,supermat,Probe,1000,intercept_fit,73,1.0,-3.578957132282205,0.383,0.5,0.12681565852450372
supermat,supermat,Probe,1000,intercept_fit,74,1.0,-3.3622829660277755,0.351,0.5,0.10992287799073887
supermat,supermat,Probe,1000,intercept_fit,75,1.0,-3.68802591291267,0.417,0.5,0.136800091398754
supermat,supermat,Probe,1000,intercept_fit,76,1.0,-3.387365715412737,0.356,0.5,0.1116285059073094
supermat,supermat,Probe,1000,intercept_fit,77,1.0,-3.724464584282563,0.297,0.5,0.14037041084512464
supermat,supermat,Probe,1000,intercept_fit,78,1.0,-3.9870822210754255,0.277,0.5,0.16759775896981216
supermat,supermat,Probe,1000,intercept_fit,79,1.0,-3.517665621873291,0.365,0.5,0.12156606649058273
supermat,supermat,Probe,1000,intercept_fit,80,1.0,-3.516953935040956,0.315,0.5,0.12150329793508836
supermat,supermat,Probe,1000,intercept_fit,81,1.0,-3.6692815941888473,0.397,0.5,0.13502988489733844
supermat,supermat,Probe,1000,intercept_fit,82,1.0,-3.4295145456395777,0.423,0.5,0.1146674502583717
supermat,supermat,Probe,1000,intercept_fit,83,1.0,-3.362936949505372,0.367,0.5,0.10997085824983252
supermat,supermat,Probe,1000,intercept_fit,84,1.0,-3.8857711245611304,0.271,0.5,0.15675660988807896
supermat,supermat,Probe,1000,intercept_fit,85,1.0,-3.6880623519602382,0.243,0.5,0.13680384124474437
supermat,supermat,Probe,1000,intercept_fit,86,1.0,-4.091462756124137,0.218,0.5,0.179092601434921
supermat,supermat,Probe,1000,intercept_fit,87,1.0,-3.448511373723759,0.357,0.5,0.11612350410178605
supermat,supermat,Probe,1000,intercept_fit,88,1.0,-3.687823413931148,0.301,0.5,0.13677925381618544
supermat,supermat,Probe,1000,intercept_fit,89,1.0,-3.962302315260871,0.231,0.5,0.16493280817608424
supermat,supermat,Probe,1000,intercept_fit,90,1.0,-3.264232448479036,0.361,0.5,0.10365492686539468
supermat,supermat,Probe,1000,intercept_fit,91,1.0,-2.9834734990319545,0.494,0.5,0.08965591993914575
supermat,supermat,Probe,1000,intercept_fit,92,1.0,-3.421201007611537,0.398,0.5,0.11408592673353617
supermat,supermat,Probe,1000,intercept_fit,93,1.0,-3.2076128630135226,0.409,0.5,0.10045645269930316
supermat,supermat,Probe,1000,intercept_fit,94,1.0,-3.8554390846467474,0.248,0.5,0.1535674561964746
supermat,supermat,Probe,1000,intercept_fit,95,1.0,-3.3275400772226313,0.363,0.5,0.10759361566363577
supermat,supermat,Probe,1000,intercept_fit,96,1.0,-3.739074939550435,0.347,0.5,0.1417651391928015
supermat,supermat,Probe,1000,intercept_fit,97,1.0,-2.9509043793264276,0.492,0.5,0.0883718810092347
supermat,supermat,Probe,1000,intercept_fit,98,1.0,-3.1886829953192035,0.333,0.5,0.09940769236235884
supermat,supermat,Probe,1000,intercept_fit,99,1.0,-3.7489464292037455,0.348,0.5,0.14274202579942222
supermat,supermat,NTP,1000,intercept_fit,0,1.0,-1.0672238469115187,0.373,0.5,0.13173028634225656
supermat,supermat,NTP,1000,intercept_fit,1,1.0,-1.202704533349752,0.35,0.5,0.14624528690939384
supermat,supermat,NTP,1000,intercept_fit,2,1.0,-1.2322445692933919,0.352,0.5,0.1492446721175805
supermat,supermat,NTP,1000,intercept_fit,3,1.0,-1.687485841765232,0.293,0.5,0.1886002504729219
supermat,supermat,NTP,1000,intercept_fit,4,1.0,-1.5233909334179474,0.267,0.5,0.17577218854001558
supermat,supermat,NTP,1000,intercept_fit,5,1.0,-1.345224659372501,0.349,0.5,0.16011841500128282
supermat,supermat,NTP,1000,intercept_fit,6,1.0,-1.263619263139894,0.337,0.5,0.15231083928554565
supermat,supermat,NTP,1000,intercept_fit,7,1.0,-1.3389990001112768,0.448,0.5,0.15956224585909579
supermat,supermat,NTP,1000,intercept_fit,8,1.0,-1.3460904679859096,0.357,0.5,0.16020356517002124
supermat,supermat,NTP,1000,intercept_fit,9,1.0,-0.8068206499134023,0.394,0.5,0.09989160146452485
supermat,supermat,NTP,1000,intercept_fit,10,1.0,-1.6696492186591827,0.274,0.5,0.1873143385976053
supermat,supermat,NTP,1000,intercept_fit,11,1.0,-1.8483533797594673,0.241,0.5,0.19986156932436414
supermat,supermat,NTP,1000,intercept_fit,12,1.0,-1.5394034254530486,0.294,0.5,0.17712863637708517
supermat,supermat,NTP,1000,intercept_fit,13,1.0,-0.6990212946738759,0.445,0.5,0.08508402066816528
supermat,supermat,NTP,1000,intercept_fit,14,1.0,-1.5826755044934275,0.246,0.5,0.18063326213145445
supermat,supermat,NTP,1000,intercept_fit,15,1.0,-1.8190988840695885,0.313,0.5,0.19792135797691068
supermat,supermat,NTP,1000,intercept_fit,16,1.0,-1.1931880369273076,0.367,0.5,0.14526690721472266
supermat,supermat,NTP,1000,intercept_fit,17,1.0,-1.3752755428191288,0.3,0.5,0.16294116137875478
supermat,supermat,NTP,1000,intercept_fit,18,1.0,-1.125803028133587,0.387,0.5,0.13815069213217257
supermat,supermat,NTP,1000,intercept_fit,19,1.0,-0.97563200973302,0.369,0.5,0.12112103323583573
supermat,supermat,NTP,1000,intercept_fit,20,1.0,-1.6517451676294095,0.285,0.5,0.18595603750550666
supermat,supermat,NTP,1000,intercept_fit,21,1.0,-1.321215628989679,0.336,0.5,0.1579118894658259
supermat,supermat,NTP,1000,intercept_fit,22,1.0,-1.5621907350023694,0.299,0.5,0.17896529582747137
supermat,supermat,NTP,1000,intercept_fit,23,1.0,-0.9789841253627749,0.422,0.5,0.1215354530671037
supermat,supermat,NTP,1000,intercept_fit,24,1.0,-1.6262621387525116,0.279,0.5,0.18400556841232604
supermat,supermat,NTP,1000,intercept_fit,25,1.0,-1.0712501146744586,0.403,0.5,0.132156500005925
supermat,supermat,NTP,1000,intercept_fit,26,1.0,-1.4256704257827582,0.334,0.5,0.16744102573487413
supermat,supermat,NTP,1000,intercept_fit,27,1.0,-1.1187171469601633,0.394,0.5,0.13739467686996615
supermat,supermat,NTP,1000,intercept_fit,28,1.0,-1.1478298173384205,0.35,0.5,0.1405269392339729
supermat,supermat,NTP,1000,intercept_fit,29,1.0,-0.8973349376940563,0.426,0.5,0.11159108589512115
supermat,supermat,NTP,1000,intercept_fit,30,1.0,-0.9917554720357752,0.378,0.5,0.1230264512538394
supermat,supermat,NTP,1000,intercept_fit,31,1.0,-1.3792918014285531,0.328,0.5,0.16326943623421925
supermat,supermat,NTP,1000,intercept_fit,32,1.0,-1.234915447172469,0.316,0.5,0.14947329007537344
supermat,supermat,NTP,1000,intercept_fit,33,1.0,-1.6047950363652044,0.321,0.5,0.18237082065333743
supermat,supermat,NTP,1000,intercept_fit,34,1.0,-1.753317699223785,0.242,0.5,0.19335406381716272
supermat,supermat,NTP,1000,intercept_fit,35,1.0,-2.3604294491330493,0.202,0.5,0.22789951345761106
supermat,supermat,NTP,1000,intercept_fit,36,1.0,-0.8296709703822558,0.433,0.5,0.10291819417891312
supermat,supermat,NTP,1000,intercept_fit,37,1.0,-1.0152126797286418,0.36,0.5,0.12579809697771938
supermat,supermat,NTP,1000,intercept_fit,38,1.0,-0.8326633432782361,0.443,0.5,0.10332397068880592
supermat,supermat,NTP,1000,intercept_fit,39,1.0,-0.15622750907332122,0.529,0.5,0.06668011579666781
supermat,supermat,NTP,1000,intercept_fit,40,1.0,-1.273544460854791,0.335,0.5,0.15328923501528333
supermat,supermat,NTP,1000,intercept_fit,41,1.0,-1.4293843797225798,0.299,0.5,0.16778530833204414
supermat,supermat,NTP,1000,intercept_fit,42,1.0,-1.8244417168496807,0.269,0.5,0.19824976536803296
supermat,supermat,NTP,1000,intercept_fit,43,1.0,-1.2586285084703543,0.348,0.5,0.151848538041766
supermat,supermat,NTP,1000,intercept_fit,44,1.0,-1.252375249417943,0.328,0.5,0.1512530081869974
supermat,supermat,NTP,1000,intercept_fit,45,1.0,-1.4709371201719257,0.317,0.5,0.17138254876665873
supermat,supermat,NTP,1000,intercept_fit,46,1.0,-1.314160968608778,0.341,0.5,0.15720473658407624
supermat,supermat,NTP,1000,intercept_fit,47,1.0,-1.6080838105649746,0.303,0.5,0.18258660138322064
supermat,supermat,NTP,1000,intercept_fit,48,1.0,-0.8174394947117953,0.449,0.5,0.10131492089826873
supermat,supermat,NTP,1000,intercept_fit,49,1.0,-1.31879993815943,0.278,0.5,0.1576703014095603
supermat,supermat,NTP,1000,intercept_fit,50,1.0,-1.486925237139858,0.322,0.5,0.17278302891433756
supermat,supermat,NTP,1000,intercept_fit,51,1.0,-1.7282325531722131,0.333,0.5,0.1915706542063058
supermat,supermat,NTP,1000,intercept_fit,52,1.0,-1.3051040016848392,0.303,0.5,0.15633981338095468
supermat,supermat,NTP,1000,intercept_fit,53,1.0,-1.312316179416273,0.349,0.5,0.157075125869458
supermat,supermat,NTP,1000,intercept_fit,54,1.0,-1.9789891904504806,0.234,0.5,0.20805561873010744
supermat,supermat,NTP,1000,intercept_fit,55,1.0,-1.2332664327990004,0.334,0.5,0.14935340923283788
supermat,supermat,NTP,1000,intercept_fit,56,1.0,-1.2287472250413816,0.354,0.5,0.14887182509216718
supermat,supermat,NTP,1000,intercept_fit,57,1.0,-0.9712272653900561,0.433,0.5,0.12061480499052107
supermat,supermat,NTP,1000,intercept_fit,58,1.0,-1.181527625855842,0.387,0.5,0.14404544885547726
supermat,supermat,NTP,1000,intercept_fit,59,1.0,-1.3084315496830918,0.315,0.5,0.15667939050190924
supermat,supermat,NTP,1000,intercept_fit,60,1.0,-1.739172579343327,0.248,0.5,0.19234449972947948
supermat,supermat,NTP,1000,intercept_fit,61,1.0,-1.3530344866919097,0.34,0.5,0.16089405892155526
supermat,supermat,NTP,1000,intercept_fit,62,1.0,-1.1074617423963342,0.414,0.5,0.13615834536983326
supermat,supermat,NTP,1000,intercept_fit,63,1.0,-1.209570883174039,0.341,0.5,0.14693089968695866
supermat,supermat,NTP,1000,intercept_fit,64,1.0,-1.369069485877434,0.315,0.5,0.16234264275397714
supermat,supermat,NTP,1000,intercept_fit,65,1.0,-0.47367999567655406,0.464,0.5,0.05151841114852037
supermat,supermat,NTP,1000,intercept_fit,66,1.0,-1.4734572937456483,0.296,0.5,0.17160925172459757
supermat,supermat,NTP,1000,intercept_fit,67,1.0,-1.4978808739666594,0.285,0.5,0.17370578656964494
supermat,supermat,NTP,1000,intercept_fit,68,1.0,-1.4196726590060136,0.338,0.5,0.16694002514019277
supermat,supermat,NTP,1000,intercept_fit,69,1.0,-1.0509512800811733,0.4,0.5,0.1298582321782653
supermat,supermat,NTP,1000,intercept_fit,70,1.0,-1.798691494870059,0.202,0.5,0.19651785961015333
supermat,supermat,NTP,1000,intercept_fit,71,1.0,-1.169674623735953,0.361,0.5,0.14279828703433592
supermat,supermat,NTP,1000,intercept_fit,72,1.0,-0.3499414530578188,0.497,0.5,0.04714699234629913
supermat,supermat,NTP,1000,intercept_fit,73,1.0,-1.225924859064031,0.383,0.5,0.14857016576512128
supermat,supermat,NTP,1000,intercept_fit,74,1.0,-1.0741827271831688,0.351,0.5,0.13249927410520942
supermat,supermat,NTP,1000,intercept_fit,75,1.0,-0.8842422586392865,0.417,0.5,0.10996168862557248
supermat,supermat,NTP,1000,intercept_fit,76,1.0,-1.1063773342792647,0.356,0.5,0.13603428684579516
supermat,supermat,NTP,1000,intercept_fit,77,1.0,-1.5155425074828126,0.297,0.5,0.17515099905526169
supermat,supermat,NTP,1000,intercept_fit,78,1.0,-1.7033103323652534,0.277,0.5,0.18977469314486753
supermat,supermat,NTP,1000,intercept_fit,79,1.0,-1.2640829922758547,0.365,0.5,0.1523589844290068
supermat,supermat,NTP,1000,intercept_fit,80,1.0,-1.4129530396768042,0.315,0.5,0.16631164147821803
supermat,supermat,NTP,1000,intercept_fit,81,1.0,-0.9965123292618528,0.397,0.5,0.1236085929024801
supermat,supermat,NTP,1000,intercept_fit,82,1.0,-1.001126389233341,0.423,0.5,0.12413023891239193
supermat,supermat,NTP,1000,intercept_fit,83,1.0,-1.0681226894550917,0.367,0.5,0.13183564688017346
supermat,supermat,NTP,1000,intercept_fit,84,1.0,-1.6464158537745532,0.271,0.5,0.18553090749508622
supermat,supermat,NTP,1000,intercept_fit,85,1.0,-1.75087251015323,0.243,0.5,0.1932237564759424
supermat,supermat,NTP,1000,intercept_fit,86,1.0,-2.3214670028569855,0.218,0.5,0.22614087025446797
supermat,supermat,NTP,1000,intercept_fit,87,1.0,-1.2141733846087353,0.357,0.5,0.14742415024422903
supermat,supermat,NTP,1000,intercept_fit,88,1.0,-1.6416509310664908,0.301,0.5,0.18520158124078895
supermat,supermat,NTP,1000,intercept_fit,89,1.0,-2.0344086349569093,0.231,0.5,0.21132523807783118
supermat,supermat,NTP,1000,intercept_fit,90,1.0,-1.2941287725264559,0.361,0.5,0.15528394615790447
supermat,supermat,NTP,1000,intercept_fit,91,1.0,-0.4053624773996363,0.494,0.5,0.04543649553311199
supermat,supermat,NTP,1000,intercept_fit,92,1.0,-1.050643148132286,0.398,0.5,0.1298665370875515
supermat,supermat,NTP,1000,intercept_fit,93,1.0,-0.7530524361157003,0.409,0.5,0.09263482974166715
supermat,supermat,NTP,1000,intercept_fit,94,1.0,-1.8757094688464737,0.248,0.5,0.20165340411486427
supermat,supermat,NTP,1000,intercept_fit,95,1.0,-1.2383838587925668,0.363,0.5,0.1498396226816605
supermat,supermat,NTP,1000,intercept_fit,96,1.0,-1.6685376488967705,0.347,0.5,0.18722847695750255
supermat,supermat,NTP,1000,intercept_fit,97,1.0,-0.7487489515610491,0.492,0.5,0.09202582930903179
supermat,supermat,NTP,1000,intercept_fit,98,1.0,-1.1138226162645914,0.333,0.5,0.1368362784187569
supermat,supermat,NTP,1000,intercept_fit,99,1.0,-1.456520300765252,0.348,0.5,0.17013352234452725
