,Test setting,Type,Accuracy,Precision,Recall,F1,AUROC,ECE
0,Syn. pond,NTP,0.7976190476190477,0.7835051546391752,0.5428571428571428,0.6413502109704642,0.87404273486254,0.1769111736223285
1,Syn. pond,Probe,0.8867965367965368,0.8614072494669509,0.787012987012987,0.8225313878520529,0.9360972550177095,0.026984597990606467
2,Syn. nfix,NTP,0.6755753526354863,0.6764705882352942,0.051224944320712694,0.09523809523809525,0.6453576619163595,0.31292172091561904
3,Syn. nfix,Probe,0.682256867112101,0.5882352941176471,0.155902004454343,0.24647887323943662,0.7248339541966557,0.16665862221651426
4,Real pond,NTP,0.7389944671638201,0.7962515114873036,0.637772397094431,0.7082549072331272,0.8370570002638902,0.22461171727865825
5,Real pond,Probe,0.7697859032956459,0.7543617998163453,0.7956416464891041,0.7744520386518974,0.844035157570174,0.05552098397609889
6,Real nfix,NTP,0.7397119341563786,0.4798951048951049,0.37296195652173914,0.4197247706422018,0.7216972165436777,0.22508647187870295
7,Real nfix,Probe,0.6994170096021948,0.41113219481340924,0.44157608695652173,0.4258106780216181,0.6701936141304348,0.15647715342910334
