,Test setting,Type,Accuracy,Precision,Recall,F1,AUROC,ECE
0,Syn. pond,NTP,0.7976190476190477,0.7835051546391752,0.5428571428571428,0.6413502109704642,0.87404273486254,0.1769111736223285
1,Syn. pond,Probe,0.8257575757575758,0.8255093002657219,0.6051948051948052,0.698388909704009,0.899163961038961,0.060261724504501055
2,Syn. nfix,NTP,0.6755753526354863,0.6764705882352942,0.051224944320712694,0.09523809523809525,0.6453576619163595,0.31292172091561904
3,Syn. nfix,Probe,0.7149220489977728,0.623574144486692,0.36525612472160357,0.4606741573033708,0.7557564198590284,0.048838548868791076
4,Real pond,NTP,0.7214866222262807,0.8154875717017208,0.5087475149105368,0.6265915768854066,0.8177750252412228,0.24156148713176448
5,Real pond,Probe,0.701488448543512,0.6624838531094298,0.7137176938369781,0.6871470954158293,0.7869381750369259,0.047012349468123875
6,Real nfix,NTP,0.8032700421940928,0.4444444444444444,0.4804804804804805,0.4617604617604617,0.7878353401386031,0.16885872045843886
7,Real nfix,Probe,0.7565928270042194,0.3853702051739518,0.6486486486486487,0.4834918858421936,0.7872627906217157,0.16171423256565198
