,Test setting,Type,Accuracy,Precision,Recall,F1,AUROC,ECE
0,Syn. pond,NTP,0.7976190476190477,0.7835051546391752,0.5428571428571428,0.6413502109704642,0.87404273486254,0.1769111736223285
1,Syn. pond,Probe,0.8718614718614719,0.8505917159763313,0.7467532467532467,0.7952973720608576,0.9222701973351324,0.05560260564936034
2,Syn. nfix,NTP,0.6755753526354863,0.6764705882352942,0.051224944320712694,0.09523809523809525,0.6453576619163595,0.31292172091561904
3,Syn. nfix,Probe,0.6867112100965108,0.576271186440678,0.22717149220489977,0.3258785942492013,0.6944025575269963,0.09339474304566794
4,Real pond,NTP,0.7389944671638201,0.7962515114873036,0.637772397094431,0.7082549072331272,0.8370570002638902,0.22461171727865825
5,Real pond,Probe,0.7171036805388501,0.6599496221662469,0.888135593220339,0.7572254335260116,0.803438210362085,0.12312726517246422
6,Real nfix,NTP,0.7397119341563786,0.4798951048951049,0.37296195652173914,0.4197247706422018,0.7216972165436777,0.22508647187870295
7,Real nfix,Probe,0.6853566529492455,0.41142020497803805,0.5726902173913043,0.4788412382845782,0.6833506805943359,0.16478903293072755
