,Test setting,Type,Accuracy,Precision,Recall,F1,AUROC,ECE
0,Syn. pond,NTP,0.7976190476190477,0.7835051546391752,0.5428571428571428,0.6413502109704642,0.87404273486254,0.1769111736223285
1,Syn. pond,Probe,0.8084415584415584,0.8812572759022119,0.4915584415584416,0.6310962901208838,0.8826530612244897,0.09044460689392585
2,Syn. nfix,NTP,0.6755753526354863,0.6764705882352942,0.051224944320712694,0.09523809523809525,0.6453576619163595,0.31292172091561904
3,Syn. nfix,Probe,0.6926503340757239,0.5573770491803278,0.37861915367483295,0.4509283819628648,0.6770762545820705,0.08464447109015273
4,Real pond,NTP,0.7214866222262807,0.8154875717017208,0.5087475149105368,0.6265915768854066,0.8177750252412228,0.24156148713176448
5,Real pond,Probe,0.6832252762304812,0.7396377034080442,0.47892644135188867,0.581392542536503,0.7876861613631839,0.11870578888213228
6,Real nfix,NTP,0.8032700421940928,0.4444444444444444,0.4804804804804805,0.4617604617604617,0.7878353401386031,0.16885872045843886
7,Real nfix,Probe,0.6342299578059072,0.24231593995711223,0.509009009009009,0.32832929782082326,0.6239036541339804,0.2282244834686943
