,Test setting,Type,Accuracy,Precision,Recall,F1,AUROC,ECE
0,Syn. pond,NTP,0.5201298701298701,0.4072348588654426,0.964935064935065,0.5727500481788398,0.711910840782594,0.44720571216208027
1,Syn. pond,Probe,0.7991341991341991,0.6875,0.7285714285714285,0.7074401008827238,0.8692715888008097,0.07254799107524161
2,Syn. nfix,NTP,0.473645137342242,0.375,0.8685968819599109,0.5238415043653458,0.6144550374254095,0.42922429935834167
3,Syn. nfix,Probe,0.7178916109873794,0.6650717703349283,0.30957683741648107,0.42249240121580545,0.7267659882639471,0.08748192199605086
4,Real pond,NTP,0.61428180074879,0.545868427043023,0.953479125248509,0.694267515923567,0.6954864295060577,0.3440278813835109
5,Real pond,Probe,0.6737284266277053,0.6230782226727488,0.7332007952286282,0.673668828203489,0.7529298957143812,0.055530995008766466
6,Real nfix,NTP,0.29641350210970463,0.1852201257861635,0.8843843843843844,0.3062922516900676,0.6425926886579477,0.6372745240293418
7,Real nfix,Probe,0.806698312236287,0.4349514563106796,0.33633633633633636,0.3793395427603726,0.7608337704306993,0.05286732656176771
