,Test setting,Type,Accuracy,Precision,Recall,F1,AUROC,ECE
0,Syn. pond,NTP,0.5201298701298701,0.4072348588654426,0.964935064935065,0.5727500481788398,0.711910840782594,0.44720571216208027
1,Syn. pond,Probe,0.8166666666666667,0.7452229299363057,0.6837662337662338,0.7131730443616661,0.8810104992410186,0.07462964787505136
2,Syn. nfix,NTP,0.473645137342242,0.375,0.8685968819599109,0.5238415043653458,0.6144550374254095,0.42922429935834167
3,Syn. nfix,Probe,0.6443949517446177,0.4632352941176471,0.4209354120267261,0.44107351225204205,0.6643853453107871,0.07295778842496323
4,Real pond,NTP,0.6810199663218667,0.6145026340254106,0.9602905569007264,0.7494331065759637,0.7430157084060574,0.2808171259514234
5,Real pond,Probe,0.6420495549675247,0.6040389469888208,0.8111380145278451,0.6924348904505995,0.7002546308084759,0.06879367926646089
6,Real nfix,NTP,0.39814814814814814,0.27614235500878737,0.8539402173913043,0.4173306772908367,0.6243586707219785,0.5284579183874318
7,Real nfix,Probe,0.684156378600823,0.38110539845758357,0.40285326086956524,0.3916776750330251,0.6113913853709614,0.1420163377168663
