,Test setting,Type,Accuracy,Precision,Recall,F1,AUROC,ECE
0,Syn. pond,NTP,0.5201298701298701,0.4072348588654426,0.964935064935065,0.5727500481788398,0.711910840782594,0.44720571216208027
1,Syn. pond,Probe,0.6824675324675324,0.5178833904948554,0.6863636363636364,0.590337894442893,0.768428908753584,0.12355293228818429
2,Syn. nfix,NTP,0.473645137342242,0.375,0.8685968819599109,0.5238415043653458,0.6144550374254095,0.42922429935834167
3,Syn. nfix,Probe,0.7015590200445434,0.6230366492146597,0.2650334075723831,0.371875,0.6793158268064147,0.07332002755710416
4,Real pond,NTP,0.61428180074879,0.545868427043023,0.953479125248509,0.694267515923567,0.6954864295060577,0.3440278813835109
5,Real pond,Probe,0.6110857455940096,0.5680254102699841,0.6399602385685885,0.6018509862578294,0.6724684992561101,0.10379419070996006
6,Real nfix,NTP,0.29641350210970463,0.1852201257861635,0.8843843843843844,0.3062922516900676,0.6425926886579477,0.6372745240293418
7,Real nfix,Probe,0.8343881856540084,0.6021505376344086,0.16816816816816818,0.26291079812206575,0.788448717431443,0.02863846621684354
