,Test setting,Type,Accuracy,Precision,Recall,F1,AUROC,ECE
0,Syn. pond,NTP,0.5201298701298701,0.4072348588654426,0.964935064935065,0.5727500481788398,0.711910840782594,0.44720571216208027
1,Syn. pond,Probe,0.8658008658008658,0.8253182461103253,0.7577922077922078,0.7901150981719702,0.9313507758475291,0.05682829389859814
2,Syn. nfix,NTP,0.473645137342242,0.375,0.8685968819599109,0.5238415043653458,0.6144550374254095,0.42922429935834167
3,Syn. nfix,Probe,0.694135115070527,0.5501355013550135,0.4521158129175947,0.4963325183374084,0.7165626658597923,0.054789779764926286
4,Real pond,NTP,0.6810199663218667,0.6145026340254106,0.9602905569007264,0.7494331065759637,0.7430157084060574,0.2808171259514234
5,Real pond,Probe,0.6692326196776521,0.6594269870609981,0.6910411622276029,0.674864034050603,0.7287059199348146,0.08058457916591152
6,Real nfix,NTP,0.39814814814814814,0.27614235500878737,0.8539402173913043,0.4173306772908367,0.6243586707219785,0.5284579183874318
7,Real nfix,Probe,0.6104252400548696,0.34555984555984554,0.608016304347826,0.4406696208764155,0.6272055432289589,0.2303480863224533
