Train dataset,Test dataset,Type,Platt N,Recalibration,Fit sample,coef,intercept,Label rate,Train prevalence
pond,pond,Probe,10,platt_fit,0,0.8162772951235719,-1.6242344878852533,0.4,0.4985203973789896
pond,pond,Probe,10,platt_fit,1,0.5337540008232412,-0.4007595731809826,0.4,0.4985203973789896
pond,pond,Probe,10,platt_fit,2,0.1750814516028349,-0.06434860941551385,0.5,0.4985203973789896
pond,pond,Probe,10,platt_fit,3,1.7868404044030337,-0.6733608042639654,0.4,0.4985203973789896
pond,pond,Probe,10,platt_fit,4,0.787554993001079,-0.08208850651306278,0.6,0.4985203973789896
pond,pond,Probe,10,platt_fit,5,1.2399598971734533,-1.9413230092817275,0.3,0.4985203973789896
pond,pond,Probe,10,platt_fit,6,4.679832618572311,7.3459007587440714,0.8,0.4985203973789896
pond,pond,Probe,10,platt_fit,7,0.4404323140615735,-0.923248062243212,0.3,0.4985203973789896
pond,pond,Probe,10,platt_fit,8,0.35871911880662455,-0.42382837160333564,0.4,0.4985203973789896
pond,pond,Probe,10,platt_fit,9,0.38972981729473516,-0.3319589808609114,0.5,0.4985203973789896
pond,pond,Probe,10,platt_fit,10,0.2760033753079065,-1.0600997215231296,0.3,0.4985203973789896
pond,pond,Probe,10,platt_fit,11,0.6440327015065066,-1.2193225996883792,0.3,0.4985203973789896
pond,pond,Probe,10,platt_fit,12,2.6301742701743125,-4.567378951841482,0.2,0.4985203973789896
pond,pond,Probe,10,platt_fit,13,1.0868876817008826,-1.5399289169682508,0.4,0.4985203973789896
pond,pond,Probe,10,platt_fit,14,9.9319722758774,-22.114822115380584,0.3,0.4985203973789896
pond,pond,Probe,10,platt_fit,15,0.8814791163188885,-1.1776432372598549,0.3,0.4985203973789896
pond,pond,Probe,10,platt_fit,16,1.1972208872026238,-0.9430306186307236,0.4,0.4985203973789896
pond,pond,Probe,10,platt_fit,18,0.6704939915509119,-1.4874010099884916,0.2,0.4985203973789896
pond,pond,Probe,10,platt_fit,19,155.52096786142258,-109.82436749604808,0.4,0.4985203973789896
pond,pond,Probe,10,platt_fit,20,1.2046388290474659,-0.6023768893321398,0.2,0.4985203973789896
pond,pond,Probe,10,platt_fit,21,0.7556203235115948,0.16359489777943179,0.5,0.4985203973789896
pond,pond,Probe,10,platt_fit,22,23.20946073155388,-10.187993301930328,0.7,0.4985203973789896
pond,pond,Probe,10,platt_fit,23,0.36021532419782937,-0.4926621008457896,0.5,0.4985203973789896
pond,pond,Probe,10,platt_fit,24,-0.09260332786926073,-0.8042899819946207,0.3,0.4985203973789896
pond,pond,Probe,10,platt_fit,25,0.8824555470644591,-1.3288146118685191,0.3,0.4985203973789896
pond,pond,Probe,10,platt_fit,26,3.1245236067240034,-1.8894823211331526,0.4,0.4985203973789896
pond,pond,Probe,10,platt_fit,27,4.576955613595556,-13.305061161223263,0.1,0.4985203973789896
pond,pond,Probe,10,platt_fit,28,1.7643203897869844,-2.6277550097684927,0.5,0.4985203973789896
pond,pond,Probe,10,platt_fit,29,1.5127452745123822,-1.922819870457935,0.2,0.4985203973789896
pond,pond,Probe,10,platt_fit,30,1.2453278628459525,-1.1958165662733,0.3,0.4985203973789896
pond,pond,Probe,10,platt_fit,31,0.9844257722547083,-1.0234218232856767,0.4,0.4985203973789896
pond,pond,Probe,10,platt_fit,32,0.7248167307874865,-0.8830846185650051,0.3,0.4985203973789896
pond,pond,Probe,10,platt_fit,33,0.33744899278280077,-0.6460049458014023,0.4,0.4985203973789896
pond,pond,Probe,10,platt_fit,34,-0.99364835292588,2.8932926760098896,0.7,0.4985203973789896
pond,pond,Probe,10,platt_fit,35,0.4287758984316982,-1.0694233585902486,0.4,0.4985203973789896
pond,pond,Probe,10,platt_fit,36,0.7786165213564608,-1.5358673161481837,0.4,0.4985203973789896
pond,pond,Probe,10,platt_fit,37,0.3245395371172286,-1.425019279719864,0.2,0.4985203973789896
pond,pond,Probe,10,platt_fit,38,0.26057083036254436,-0.9459140263713359,0.3,0.4985203973789896
pond,pond,Probe,10,platt_fit,39,18.347695814663318,-0.1731770453935881,0.2,0.4985203973789896
pond,pond,Probe,10,platt_fit,40,0.7522870675173983,-1.4953556259002727,0.4,0.4985203973789896
pond,pond,Probe,10,platt_fit,41,1.665003810763473,-1.2428033691785847,0.5,0.4985203973789896
pond,pond,Probe,10,platt_fit,42,-0.17452797954227833,1.1009008782093348,0.7,0.4985203973789896
pond,pond,Probe,10,platt_fit,43,0.08132157362088122,-0.018130727500944695,0.5,0.4985203973789896
pond,pond,Probe,10,platt_fit,44,0.25766736798963785,-1.6376298018367637,0.2,0.4985203973789896
pond,pond,Probe,10,platt_fit,45,1.457617189853951,0.009158418547705166,0.8,0.4985203973789896
pond,pond,Probe,10,platt_fit,46,0.43744415021396854,-1.7941289732656658,0.2,0.4985203973789896
pond,pond,Probe,10,platt_fit,47,0.2642971278043772,-0.6919418771332815,0.4,0.4985203973789896
pond,pond,Probe,10,platt_fit,48,48080.3909068215,-29426.576038199666,0.5,0.4985203973789896
pond,pond,Probe,10,platt_fit,49,0.10659472569507121,-0.5009391321760759,0.4,0.4985203973789896
pond,pond,Probe,10,platt_fit,50,0.24026396333360953,-0.5523975971435634,0.4,0.4985203973789896
pond,pond,Probe,10,platt_fit,51,0.7612564389934879,-0.6215250186043104,0.4,0.4985203973789896
pond,pond,Probe,10,platt_fit,52,-0.3522792867560086,0.9781930952519666,0.6,0.4985203973789896
pond,pond,Probe,10,platt_fit,53,1.133130224838851,-1.6533581826884047,0.5,0.4985203973789896
pond,pond,Probe,10,platt_fit,54,0.36003546754571125,0.7108955583082108,0.7,0.4985203973789896
pond,pond,Probe,10,platt_fit,55,0.4915518241936166,-1.1456662324808844,0.3,0.4985203973789896
pond,pond,Probe,10,platt_fit,56,0.47149183386392707,-1.0723521068168131,0.3,0.4985203973789896
pond,pond,Probe,10,platt_fit,57,-0.010214741950071517,-0.3955286224392729,0.4,0.4985203973789896
pond,pond,Probe,10,platt_fit,58,1.3524149703445176,-0.7420403316692337,0.4,0.4985203973789896
pond,pond,Probe,10,platt_fit,59,0.4904232218346252,-1.3773283758084423,0.3,0.4985203973789896
pond,pond,Probe,10,platt_fit,60,0.9329588249869958,-1.2465491250259788,0.4,0.4985203973789896
pond,pond,Probe,10,platt_fit,61,2.6322293224253794,-2.1548973776585956,0.3,0.4985203973789896
pond,pond,Probe,10,platt_fit,62,0.37040352520454645,-1.00162860774873,0.3,0.4985203973789896
pond,pond,Probe,10,platt_fit,63,0.8777440052776192,-1.2211730012912534,0.3,0.4985203973789896
pond,pond,Probe,10,platt_fit,64,0.6583507293499193,0.1491107918249428,0.6,0.4985203973789896
pond,pond,Probe,10,platt_fit,65,0.23366292823364446,0.06749341100049731,0.6,0.4985203973789896
pond,pond,Probe,10,platt_fit,66,8.905419395518164,9.295092420694505,0.5,0.4985203973789896
pond,pond,Probe,10,platt_fit,67,0.6891620669478942,-0.9372272409005145,0.4,0.4985203973789896
pond,pond,Probe,10,platt_fit,68,211.42554548136684,25.301439490859458,0.6,0.4985203973789896
pond,pond,Probe,10,platt_fit,69,1.164477484746114,-0.12878275930484556,0.6,0.4985203973789896
pond,pond,Probe,10,platt_fit,70,-2.4715486605934327,2.304082528456194,0.4,0.4985203973789896
pond,pond,Probe,10,platt_fit,71,3.5421368932875943,-1.940386797458637,0.3,0.4985203973789896
pond,pond,Probe,10,platt_fit,72,96.49521401768283,-12.382260784376795,0.7,0.4985203973789896
pond,pond,Probe,10,platt_fit,73,1.059568387347735,-1.9753321961924333,0.3,0.4985203973789896
pond,pond,Probe,10,platt_fit,74,0.9632246780862103,-0.8576203896600281,0.5,0.4985203973789896
pond,pond,Probe,10,platt_fit,75,0.525670270121446,0.033980547331761604,0.7,0.4985203973789896
pond,pond,Probe,10,platt_fit,76,0.8221909787803316,-0.9252719432846331,0.4,0.4985203973789896
pond,pond,Probe,10,platt_fit,77,0.8312985521236957,-1.2687803632709058,0.5,0.4985203973789896
pond,pond,Probe,10,platt_fit,78,0.026647061962639468,0.817149925495712,0.7,0.4985203973789896
pond,pond,Probe,10,platt_fit,79,0.7447036538896343,-1.6240840663068246,0.2,0.4985203973789896
pond,pond,Probe,10,platt_fit,80,1.1130641006691142,-0.2444397016994491,0.6,0.4985203973789896
pond,pond,Probe,10,platt_fit,81,0.3653841762067074,0.49403838940609934,0.7,0.4985203973789896
pond,pond,Probe,10,platt_fit,82,1.3480234911536346,-3.269916913331307,0.3,0.4985203973789896
pond,pond,Probe,10,platt_fit,83,0.4245398659035569,-1.3245305836863046,0.3,0.4985203973789896
pond,pond,Probe,10,platt_fit,84,2.379814082838538,-4.250293999654624,0.3,0.4985203973789896
pond,pond,Probe,10,platt_fit,85,0.572909377603259,0.30591736591135377,0.6,0.4985203973789896
pond,pond,Probe,10,platt_fit,86,0.06260352635263508,-0.04771868019230182,0.5,0.4985203973789896
pond,pond,Probe,10,platt_fit,87,0.8321967622151224,-0.5211397629932015,0.5,0.4985203973789896
pond,pond,Probe,10,platt_fit,88,0.8238830055608571,-2.3543228975876938,0.1,0.4985203973789896
pond,pond,Probe,10,platt_fit,89,0.7069583535937785,-0.7656743354766863,0.3,0.4985203973789896
pond,pond,Probe,10,platt_fit,90,1.4741843129771757,-1.3852860167140484,0.3,0.4985203973789896
pond,pond,Probe,10,platt_fit,91,0.44562350815138313,-1.474127762399216,0.2,0.4985203973789896
pond,pond,Probe,10,platt_fit,92,9.036931975684027,3.7879915063467697,0.4,0.4985203973789896
pond,pond,Probe,10,platt_fit,93,0.3345751090770225,-0.2899950233690663,0.5,0.4985203973789896
pond,pond,Probe,10,platt_fit,94,13.769094173310549,-16.678904864013255,0.4,0.4985203973789896
pond,pond,Probe,10,platt_fit,95,0.017419848465521408,0.3820320804962138,0.6,0.4985203973789896
pond,pond,Probe,10,platt_fit,96,1.0164526657246518,-0.7274845626537871,0.4,0.4985203973789896
pond,pond,Probe,10,platt_fit,97,0.5912548576049995,-1.3257250502495206,0.3,0.4985203973789896
pond,pond,Probe,10,platt_fit,98,0.40645649538757844,-0.5481446473954044,0.4,0.4985203973789896
pond,pond,Probe,10,platt_fit,99,0.4421205080968513,-1.0059972133007142,0.3,0.4985203973789896
pond,pond,Probe,10,platt_fit,100,8.271242212651252,0.5131703037838763,0.6,0.4985203973789896
pond,pond,NTP,10,platt_fit,0,0.20676504620717862,-0.6184906412923082,0.4,0.4985203973789896
pond,pond,NTP,10,platt_fit,1,0.8338805938134374,-0.8681453845324235,0.4,0.4985203973789896
pond,pond,NTP,10,platt_fit,2,45.021779907062346,22.93095146179977,0.5,0.4985203973789896
pond,pond,NTP,10,platt_fit,3,0.8115101508094124,-1.5688833491887877,0.4,0.4985203973789896
pond,pond,NTP,10,platt_fit,4,1.0620271730949264,0.24517689322901784,0.6,0.4985203973789896
pond,pond,NTP,10,platt_fit,5,4.647871720407409,-11.281542503225312,0.3,0.4985203973789896
pond,pond,NTP,10,platt_fit,6,7.192353541071014,3.792347412914085,0.8,0.4985203973789896
pond,pond,NTP,10,platt_fit,7,-1.4754437581247923,-1.470450081523153,0.3,0.4985203973789896
pond,pond,NTP,10,platt_fit,8,0.4772598843103179,-1.3351613366175445,0.4,0.4985203973789896
pond,pond,NTP,10,platt_fit,9,0.11798213950993333,-0.10672693585101117,0.5,0.4985203973789896
pond,pond,NTP,10,platt_fit,10,-1.733193981794274,-1.4263521319853585,0.3,0.4985203973789896
pond,pond,NTP,10,platt_fit,11,0.16996032558782773,-0.9427182680400481,0.3,0.4985203973789896
pond,pond,NTP,10,platt_fit,12,0.7593350728251796,-2.8483142629549203,0.2,0.4985203973789896
pond,pond,NTP,10,platt_fit,13,0.48833594873888014,-0.9868199258198469,0.4,0.4985203973789896
pond,pond,NTP,10,platt_fit,14,9.5932018964369,-18.011430700164116,0.3,0.4985203973789896
pond,pond,NTP,10,platt_fit,15,1.793582158301312,-1.041860296082141,0.3,0.4985203973789896
pond,pond,NTP,10,platt_fit,16,6.575016700696216,2.425517418198639,0.4,0.4985203973789896
pond,pond,NTP,10,platt_fit,18,0.4366768109267159,-1.8794971191368692,0.2,0.4985203973789896
pond,pond,NTP,10,platt_fit,19,5.157708014506224,-6.527171286101474,0.4,0.4985203973789896
pond,pond,NTP,10,platt_fit,20,5405.0830100957355,2833.0733029360904,0.2,0.4985203973789896
pond,pond,NTP,10,platt_fit,21,0.4636568684901982,-0.6406057688855288,0.5,0.4985203973789896
pond,pond,NTP,10,platt_fit,22,111.64959970386126,51.208440541584054,0.7,0.4985203973789896
pond,pond,NTP,10,platt_fit,23,0.17581696650102152,-0.23914658076035913,0.5,0.4985203973789896
pond,pond,NTP,10,platt_fit,24,0.04475909629957821,-0.9096059104630723,0.3,0.4985203973789896
pond,pond,NTP,10,platt_fit,25,3.010139007634577,-0.7778879995606979,0.3,0.4985203973789896
pond,pond,NTP,10,platt_fit,26,24.838067857178537,11.305650237049184,0.4,0.4985203973789896
pond,pond,NTP,10,platt_fit,27,-0.15837344027187678,-2.0805450145877002,0.1,0.4985203973789896
pond,pond,NTP,10,platt_fit,28,0.6234154055874407,-0.42666040091958557,0.5,0.4985203973789896
pond,pond,NTP,10,platt_fit,29,0.5699083762110654,-1.9142001522345837,0.2,0.4985203973789896
pond,pond,NTP,10,platt_fit,30,0.8104549497907881,-1.8867684631422161,0.3,0.4985203973789896
pond,pond,NTP,10,platt_fit,31,1.2714043380278945,-1.333591664853061,0.4,0.4985203973789896
pond,pond,NTP,10,platt_fit,32,-0.18724428319896186,-0.7624109209715245,0.3,0.4985203973789896
pond,pond,NTP,10,platt_fit,33,-3.7518264157981824,-1.7217560069273516,0.4,0.4985203973789896
pond,pond,NTP,10,platt_fit,34,-0.019279801319575084,0.8745937390427838,0.7,0.4985203973789896
pond,pond,NTP,10,platt_fit,35,0.3317738319641865,-1.2572496963865665,0.4,0.4985203973789896
pond,pond,NTP,10,platt_fit,36,0.32282847623480143,-0.8334448866801011,0.4,0.4985203973789896
pond,pond,NTP,10,platt_fit,37,-122.7073240772849,-65.60889684617331,0.2,0.4985203973789896
pond,pond,NTP,10,platt_fit,38,0.05931061458178764,-0.9169546804419916,0.3,0.4985203973789896
pond,pond,NTP,10,platt_fit,39,4.569938627965816,-7.183055425204941,0.2,0.4985203973789896
pond,pond,NTP,10,platt_fit,40,0.9783135248745309,-1.4948554402270626,0.4,0.4985203973789896
pond,pond,NTP,10,platt_fit,41,13.79926786682097,-3.027899951652888,0.5,0.4985203973789896
pond,pond,NTP,10,platt_fit,42,0.3025336805820934,0.40089729670332436,0.7,0.4985203973789896
pond,pond,NTP,10,platt_fit,43,0.14950241234593,-0.18125265684719924,0.5,0.4985203973789896
pond,pond,NTP,10,platt_fit,44,-0.6118774991729878,-1.2461317673706755,0.2,0.4985203973789896
pond,pond,NTP,10,platt_fit,45,18.583134413693006,9.700359982252234,0.8,0.4985203973789896
pond,pond,NTP,10,platt_fit,46,0.07750570048571939,-1.537621644762878,0.2,0.4985203973789896
pond,pond,NTP,10,platt_fit,47,0.3016575401426713,-0.8497191022675078,0.4,0.4985203973789896
pond,pond,NTP,10,platt_fit,48,652.9258003409722,342.63520417351157,0.5,0.4985203973789896
pond,pond,NTP,10,platt_fit,49,0.04143593792196028,-0.467843964776527,0.4,0.4985203973789896
pond,pond,NTP,10,platt_fit,50,0.4982697479017737,-1.4106393113315927,0.4,0.4985203973789896
pond,pond,NTP,10,platt_fit,51,-0.10638545638984562,-0.24548324972265126,0.4,0.4985203973789896
pond,pond,NTP,10,platt_fit,52,0.23801018693642412,-0.0074475194211192615,0.6,0.4985203973789896
pond,pond,NTP,10,platt_fit,53,0.3144551890434949,-0.8472312610863504,0.5,0.4985203973789896
pond,pond,NTP,10,platt_fit,54,0.556977077269046,0.5092790564225004,0.7,0.4985203973789896
pond,pond,NTP,10,platt_fit,55,1.7054875278426391,-0.9063922030066432,0.3,0.4985203973789896
pond,pond,NTP,10,platt_fit,56,0.09773158169387472,-0.9529192367736551,0.3,0.4985203973789896
pond,pond,NTP,10,platt_fit,57,0.08634279778785309,-0.4670396172194388,0.4,0.4985203973789896
pond,pond,NTP,10,platt_fit,58,444.169443415565,232.37355426346568,0.4,0.4985203973789896
pond,pond,NTP,10,platt_fit,59,0.3352819264704209,-1.2008365553557054,0.3,0.4985203973789896
pond,pond,NTP,10,platt_fit,60,0.6615655357575331,-0.9684909668864208,0.4,0.4985203973789896
pond,pond,NTP,10,platt_fit,61,0.3669266725433025,-1.0464117782934157,0.3,0.4985203973789896
pond,pond,NTP,10,platt_fit,62,3.6679147737204945,-0.15007542582209332,0.3,0.4985203973789896
pond,pond,NTP,10,platt_fit,63,0.18638541588368077,-0.9847216832972123,0.3,0.4985203973789896
pond,pond,NTP,10,platt_fit,64,0.5083075996985993,-0.1673624186354661,0.6,0.4985203973789896
pond,pond,NTP,10,platt_fit,65,0.2366355768739049,0.011792731957052206,0.6,0.4985203973789896
pond,pond,NTP,10,platt_fit,66,716301.2127545733,377688.6766529081,0.5,0.4985203973789896
pond,pond,NTP,10,platt_fit,67,0.23672992658774047,-0.5149810259080557,0.4,0.4985203973789896
pond,pond,NTP,10,platt_fit,68,81879.70736306363,43161.204754693295,0.6,0.4985203973789896
pond,pond,NTP,10,platt_fit,69,66.41588451084576,34.16654160558491,0.6,0.4985203973789896
pond,pond,NTP,10,platt_fit,70,-2.996880259823755,-1.29123763234364,0.4,0.4985203973789896
pond,pond,NTP,10,platt_fit,71,0.06139989888141714,-0.8438316171090645,0.3,0.4985203973789896
pond,pond,NTP,10,platt_fit,72,207.97249394735124,100.3053224918012,0.7,0.4985203973789896
pond,pond,NTP,10,platt_fit,73,1.68023561904363,-1.0704444940101778,0.3,0.4985203973789896
pond,pond,NTP,10,platt_fit,74,1.4029791597110108,-5.587143994117992,0.5,0.4985203973789896
pond,pond,NTP,10,platt_fit,75,0.3843808042246286,-0.15282916138823524,0.7,0.4985203973789896
pond,pond,NTP,10,platt_fit,76,0.13397192277615627,-0.6448047411845013,0.4,0.4985203973789896
pond,pond,NTP,10,platt_fit,77,0.8965338900210615,-1.3973871793154833,0.5,0.4985203973789896
pond,pond,NTP,10,platt_fit,78,3.7027668261877773,1.5163071210847123,0.7,0.4985203973789896
pond,pond,NTP,10,platt_fit,79,0.603845136399334,-1.871278020388898,0.2,0.4985203973789896
pond,pond,NTP,10,platt_fit,80,0.48263736756831255,-0.8209181831716486,0.6,0.4985203973789896
pond,pond,NTP,10,platt_fit,81,0.09554353515592466,0.6106724280277214,0.7,0.4985203973789896
pond,pond,NTP,10,platt_fit,82,1.3192986998287775,-5.485071906786284,0.3,0.4985203973789896
pond,pond,NTP,10,platt_fit,83,0.33119187230099756,-1.2463603106406567,0.3,0.4985203973789896
pond,pond,NTP,10,platt_fit,84,0.5247686841026822,-1.0704397923829756,0.3,0.4985203973789896
pond,pond,NTP,10,platt_fit,85,12022.330857403293,6328.262082363309,0.6,0.4985203973789896
pond,pond,NTP,10,platt_fit,86,0.29993405507359266,-0.28716445812517144,0.5,0.4985203973789896
pond,pond,NTP,10,platt_fit,87,0.029093246372868788,-0.019642699604834193,0.5,0.4985203973789896
pond,pond,NTP,10,platt_fit,88,0.17302044748202358,-2.2390299726598757,0.1,0.4985203973789896
pond,pond,NTP,10,platt_fit,89,0.6913381778989006,-1.7386586920549778,0.3,0.4985203973789896
pond,pond,NTP,10,platt_fit,90,160.37614528683716,81.62726354126598,0.3,0.4985203973789896
pond,pond,NTP,10,platt_fit,91,0.10694796680186934,-1.438473636277758,0.2,0.4985203973789896
pond,pond,NTP,10,platt_fit,92,6.706778222085214,-5.804046935366695,0.4,0.4985203973789896
pond,pond,NTP,10,platt_fit,93,0.12405269255639688,-0.264545949889375,0.5,0.4985203973789896
pond,pond,NTP,10,platt_fit,94,2.631085776074377,-2.4499380293449273,0.4,0.4985203973789896
pond,pond,NTP,10,platt_fit,95,-0.028208623904409074,0.4710117091769214,0.6,0.4985203973789896
pond,pond,NTP,10,platt_fit,96,290.8330817213787,150.97501667364426,0.4,0.4985203973789896
pond,pond,NTP,10,platt_fit,97,52.37554617467001,25.296827891861003,0.3,0.4985203973789896
pond,pond,NTP,10,platt_fit,98,-4.8578008360759215,-2.781079274480342,0.4,0.4985203973789896
pond,pond,NTP,10,platt_fit,99,1.2503323252830327,-1.4018515878676783,0.3,0.4985203973789896
pond,pond,NTP,10,platt_fit,100,5.017041420314099,-5.730465476237071,0.6,0.4985203973789896
pond,pond,Probe,50,platt_fit,0,0.5540124176936045,-1.0021983854149281,0.34,0.4985203973789896
pond,pond,Probe,50,platt_fit,1,0.7351194320353523,-1.4296372618289312,0.26,0.4985203973789896
pond,pond,Probe,50,platt_fit,2,0.0304669133259271,0.051203427680709374,0.52,0.4985203973789896
pond,pond,Probe,50,platt_fit,3,0.6537169340828677,-0.5166429000715773,0.38,0.4985203973789896
pond,pond,Probe,50,platt_fit,4,1.169311614333701,-0.5466254679701236,0.48,0.4985203973789896
pond,pond,Probe,50,platt_fit,5,0.8509804496718465,-1.3814168065671153,0.26,0.4985203973789896
pond,pond,Probe,50,platt_fit,6,1.101889321248951,-2.4352073954459126,0.26,0.4985203973789896
pond,pond,Probe,50,platt_fit,7,0.7554073516323347,-0.5819018620502164,0.46,0.4985203973789896
pond,pond,Probe,50,platt_fit,8,0.6758956847074057,-1.2462144324710411,0.32,0.4985203973789896
pond,pond,Probe,50,platt_fit,9,0.4589717757256309,-0.900686047863298,0.36,0.4985203973789896
pond,pond,Probe,50,platt_fit,10,0.85356093040797,-1.4455824397104768,0.38,0.4985203973789896
pond,pond,Probe,50,platt_fit,11,1.921021010623487,-1.5617771790084647,0.46,0.4985203973789896
pond,pond,Probe,50,platt_fit,12,0.44254992534541043,-0.8756684266531505,0.28,0.4985203973789896
pond,pond,Probe,50,platt_fit,13,0.9012469405441894,-1.3851548529858508,0.4,0.4985203973789896
pond,pond,Probe,50,platt_fit,14,0.8886039260751981,-1.465548025234095,0.32,0.4985203973789896
pond,pond,Probe,50,platt_fit,15,1.243350986172038,-0.3371968581298214,0.46,0.4985203973789896
pond,pond,Probe,50,platt_fit,16,0.6017379323213977,-0.975197652020937,0.38,0.4985203973789896
pond,pond,Probe,50,platt_fit,17,0.42176830764868467,-1.4430832027296039,0.24,0.4985203973789896
pond,pond,Probe,50,platt_fit,18,0.9909223096988625,-1.255670396470413,0.3,0.4985203973789896
pond,pond,Probe,50,platt_fit,19,0.802622267630416,-1.0340060451086697,0.44,0.4985203973789896
pond,pond,Probe,50,platt_fit,20,1.15780401518871,-0.4522008212838053,0.44,0.4985203973789896
pond,pond,Probe,50,platt_fit,21,1.2799679366372132,-1.302541313739694,0.32,0.4985203973789896
pond,pond,Probe,50,platt_fit,22,1.173482717085006,-0.6391316026935555,0.54,0.4985203973789896
pond,pond,Probe,50,platt_fit,23,0.841070609186405,-1.3286763769827004,0.38,0.4985203973789896
pond,pond,Probe,50,platt_fit,24,0.5278696384690106,-0.32641123373913306,0.5,0.4985203973789896
pond,pond,Probe,50,platt_fit,25,0.912160651467057,-0.8567017706285563,0.34,0.4985203973789896
pond,pond,Probe,50,platt_fit,26,1.0483886318879672,-1.525271226851548,0.38,0.4985203973789896
pond,pond,Probe,50,platt_fit,27,0.8338468375755499,-1.0488657359300322,0.36,0.4985203973789896
pond,pond,Probe,50,platt_fit,28,0.6982051050843922,-0.6850010497256074,0.48,0.4985203973789896
pond,pond,Probe,50,platt_fit,29,0.8905723020711035,-0.7439340696673897,0.48,0.4985203973789896
pond,pond,Probe,50,platt_fit,30,0.9404102419570406,-0.5600385928575047,0.48,0.4985203973789896
pond,pond,Probe,50,platt_fit,31,0.7989570902728828,-0.6390259351100688,0.36,0.4985203973789896
pond,pond,Probe,50,platt_fit,32,1.674665308445264,0.3506292751131749,0.64,0.4985203973789896
pond,pond,Probe,50,platt_fit,33,0.8944104506911413,-0.8642156981520485,0.42,0.4985203973789896
pond,pond,Probe,50,platt_fit,34,0.8430074836884114,-0.10222460031966497,0.56,0.4985203973789896
pond,pond,Probe,50,platt_fit,35,1.0380276258283634,-1.0766088646064902,0.48,0.4985203973789896
pond,pond,Probe,50,platt_fit,36,0.5791579850189538,-0.2657812367808191,0.54,0.4985203973789896
pond,pond,Probe,50,platt_fit,37,0.9558613122899664,-1.421062078826952,0.36,0.4985203973789896
pond,pond,Probe,50,platt_fit,38,1.7093610441980436,-0.6758487209750983,0.5,0.4985203973789896
pond,pond,Probe,50,platt_fit,39,0.8153547101692608,-0.9074687716913686,0.38,0.4985203973789896
pond,pond,Probe,50,platt_fit,40,0.9447941819618121,-0.7804664889031027,0.6,0.4985203973789896
pond,pond,Probe,50,platt_fit,41,0.9341014053583405,-0.772421367734596,0.4,0.4985203973789896
pond,pond,Probe,50,platt_fit,42,0.4855131006211481,-0.5288059899370495,0.44,0.4985203973789896
pond,pond,Probe,50,platt_fit,43,0.7084966918628267,-0.266523581122212,0.52,0.4985203973789896
pond,pond,Probe,50,platt_fit,44,1.8693882259394934,-1.5771313579095398,0.38,0.4985203973789896
pond,pond,Probe,50,platt_fit,45,0.49773730721318177,0.2095897202540707,0.7,0.4985203973789896
pond,pond,Probe,50,platt_fit,46,0.7047425628788161,-0.44947441449198444,0.52,0.4985203973789896
pond,pond,Probe,50,platt_fit,47,0.9213172628587921,-1.3348952024167822,0.4,0.4985203973789896
pond,pond,Probe,50,platt_fit,48,1.116666437896899,-1.1785240635818914,0.4,0.4985203973789896
pond,pond,Probe,50,platt_fit,49,1.1073343147437646,-1.1080672957589472,0.38,0.4985203973789896
pond,pond,Probe,50,platt_fit,50,0.7464024251140998,-0.8483221997548962,0.42,0.4985203973789896
pond,pond,Probe,50,platt_fit,51,0.6656114614581321,-0.4513340524938557,0.5,0.4985203973789896
pond,pond,Probe,50,platt_fit,52,0.7821436186132009,-1.01737977799119,0.54,0.4985203973789896
pond,pond,Probe,50,platt_fit,53,0.5926029664067332,-0.581512007140825,0.36,0.4985203973789896
pond,pond,Probe,50,platt_fit,54,0.6219740142352068,-0.03211196942997673,0.6,0.4985203973789896
pond,pond,Probe,50,platt_fit,55,0.7733023089973725,-0.9376419935680452,0.4,0.4985203973789896
pond,pond,Probe,50,platt_fit,56,0.31094971319970405,-1.150761893683558,0.28,0.4985203973789896
pond,pond,Probe,50,platt_fit,57,0.6805060902580056,-0.3860748568294435,0.52,0.4985203973789896
pond,pond,Probe,50,platt_fit,58,0.7191464695869982,-0.5189424291814609,0.44,0.4985203973789896
pond,pond,Probe,50,platt_fit,59,0.9036904458891117,-1.0089577874030498,0.4,0.4985203973789896
pond,pond,Probe,50,platt_fit,60,1.232452293411758,-1.2978765549176408,0.44,0.4985203973789896
pond,pond,Probe,50,platt_fit,61,0.4563461326263236,-0.5256234281489668,0.44,0.4985203973789896
pond,pond,Probe,50,platt_fit,62,0.8528926731635207,-1.3876545450934996,0.34,0.4985203973789896
pond,pond,Probe,50,platt_fit,63,0.7913853403523505,-0.7442666027909149,0.5,0.4985203973789896
pond,pond,Probe,50,platt_fit,64,0.6284712079964987,-0.6209821395294671,0.42,0.4985203973789896
pond,pond,Probe,50,platt_fit,65,1.2055493831200814,-0.24058396169356322,0.42,0.4985203973789896
pond,pond,Probe,50,platt_fit,66,0.8206637076873834,-1.0672440928066227,0.4,0.4985203973789896
pond,pond,Probe,50,platt_fit,67,1.5254185953824324,-1.353243304062545,0.5,0.4985203973789896
pond,pond,Probe,50,platt_fit,68,0.5147902550773186,-0.7345667518703698,0.4,0.4985203973789896
pond,pond,Probe,50,platt_fit,69,1.3668731456555894,-0.5158923950859261,0.52,0.4985203973789896
pond,pond,Probe,50,platt_fit,70,0.389348204714073,-0.2903889624537682,0.44,0.4985203973789896
pond,pond,Probe,50,platt_fit,71,0.7717831182347249,-0.7133936359907804,0.44,0.4985203973789896
pond,pond,Probe,50,platt_fit,72,1.0555524904260034,-0.2741967311374085,0.6,0.4985203973789896
pond,pond,Probe,50,platt_fit,73,0.6738013621672231,-1.3864733694200233,0.34,0.4985203973789896
pond,pond,Probe,50,platt_fit,74,1.0001164121125579,-0.48651863667662004,0.48,0.4985203973789896
pond,pond,Probe,50,platt_fit,75,0.5658394102807499,-0.339784401168978,0.58,0.4985203973789896
pond,pond,Probe,50,platt_fit,76,1.5659173303139804,-0.916012790729819,0.3,0.4985203973789896
pond,pond,Probe,50,platt_fit,77,0.9099330201223195,-1.8351776471075847,0.38,0.4985203973789896
pond,pond,Probe,50,platt_fit,78,0.9833536156298348,-0.8380773869424977,0.58,0.4985203973789896
pond,pond,Probe,50,platt_fit,79,0.8019554815590083,-0.8383255028890976,0.36,0.4985203973789896
pond,pond,Probe,50,platt_fit,80,0.8355393576799252,-0.32886357802369115,0.52,0.4985203973789896
pond,pond,Probe,50,platt_fit,81,0.32534912944778166,0.2565694996293562,0.62,0.4985203973789896
pond,pond,Probe,50,platt_fit,82,0.7419316406343193,-0.9996772080459487,0.4,0.4985203973789896
pond,pond,Probe,50,platt_fit,83,0.7090393114114361,-0.4193217078764482,0.44,0.4985203973789896
pond,pond,Probe,50,platt_fit,84,0.8178277551650468,-0.5580117705583035,0.48,0.4985203973789896
pond,pond,Probe,50,platt_fit,85,0.7275254783527856,0.4642368318736973,0.7,0.4985203973789896
pond,pond,Probe,50,platt_fit,86,0.991617626426133,-1.2983433170707661,0.48,0.4985203973789896
pond,pond,Probe,50,platt_fit,87,0.9787726222824227,-0.9600945941014947,0.54,0.4985203973789896
pond,pond,Probe,50,platt_fit,88,1.456523001068738,-1.668844644484129,0.4,0.4985203973789896
pond,pond,Probe,50,platt_fit,89,1.125122448379265,-0.8986359505559444,0.44,0.4985203973789896
pond,pond,Probe,50,platt_fit,90,0.5368506416282283,-1.3707885646142275,0.3,0.4985203973789896
pond,pond,Probe,50,platt_fit,91,0.6120342067979039,-0.0018933736444680473,0.48,0.4985203973789896
pond,pond,Probe,50,platt_fit,92,0.9212570587139968,-0.9111242620161338,0.32,0.4985203973789896
pond,pond,Probe,50,platt_fit,93,0.49468579585150807,-0.7661564451580333,0.38,0.4985203973789896
pond,pond,Probe,50,platt_fit,94,0.7429398912855757,-0.7009650342747203,0.48,0.4985203973789896
pond,pond,Probe,50,platt_fit,95,0.6179312479836415,-0.12166550255755489,0.58,0.4985203973789896
pond,pond,Probe,50,platt_fit,96,1.130449546263767,-0.08933441208661289,0.54,0.4985203973789896
pond,pond,Probe,50,platt_fit,97,1.0656596611152411,-0.8327450512292713,0.52,0.4985203973789896
pond,pond,Probe,50,platt_fit,98,0.7442807554947555,-0.6534511299081973,0.48,0.4985203973789896
pond,pond,Probe,50,platt_fit,99,0.31950951723866644,-0.38831450737404466,0.48,0.4985203973789896
pond,pond,NTP,50,platt_fit,0,0.49549943462784546,-1.1642016636094197,0.34,0.4985203973789896
pond,pond,NTP,50,platt_fit,1,0.35740603024391776,-1.235440434321384,0.26,0.4985203973789896
pond,pond,NTP,50,platt_fit,2,0.09817101037999197,-0.03193363111217573,0.52,0.4985203973789896
pond,pond,NTP,50,platt_fit,3,0.3373305663358742,-0.8740257860983391,0.38,0.4985203973789896
pond,pond,NTP,50,platt_fit,4,0.5468463670027591,-0.3323915309461343,0.48,0.4985203973789896
pond,pond,NTP,50,platt_fit,5,0.44837752864290353,-1.4462433963271322,0.26,0.4985203973789896
pond,pond,NTP,50,platt_fit,6,0.4326383909000685,-1.7559532370826132,0.26,0.4985203973789896
pond,pond,NTP,50,platt_fit,7,0.22709753858620493,-0.4575273385457854,0.46,0.4985203973789896
pond,pond,NTP,50,platt_fit,8,0.7268072297158222,-1.796891790874618,0.32,0.4985203973789896
pond,pond,NTP,50,platt_fit,9,0.356581516584749,-1.0533762734927374,0.36,0.4985203973789896
pond,pond,NTP,50,platt_fit,10,0.40543513842443346,-0.8602623587212763,0.38,0.4985203973789896
pond,pond,NTP,50,platt_fit,11,0.6656530288396701,-0.40716142653289433,0.46,0.4985203973789896
pond,pond,NTP,50,platt_fit,12,0.31817754347503435,-1.039610115082688,0.28,0.4985203973789896
pond,pond,NTP,50,platt_fit,13,0.42244422353936056,-0.9018190562667343,0.4,0.4985203973789896
pond,pond,NTP,50,platt_fit,14,0.5599864754558505,-1.2666638838776771,0.32,0.4985203973789896
pond,pond,NTP,50,platt_fit,15,0.41012313938048434,-0.4918374151495529,0.46,0.4985203973789896
pond,pond,NTP,50,platt_fit,16,0.6119354561261968,-1.1476467668154844,0.38,0.4985203973789896
pond,pond,NTP,50,platt_fit,17,0.3801374784813427,-1.5695535075025089,0.24,0.4985203973789896
pond,pond,NTP,50,platt_fit,18,0.6096661476108307,-1.1196240958605794,0.3,0.4985203973789896
pond,pond,NTP,50,platt_fit,19,0.580966353598731,-0.9261361409680703,0.44,0.4985203973789896
pond,pond,NTP,50,platt_fit,20,0.7273398859146354,-0.9898537973923754,0.44,0.4985203973789896
pond,pond,NTP,50,platt_fit,21,0.6482922978231331,-1.3893531819710754,0.32,0.4985203973789896
pond,pond,NTP,50,platt_fit,22,0.6033100453933502,-0.13700101326721886,0.54,0.4985203973789896
pond,pond,NTP,50,platt_fit,23,0.4002242461988583,-1.0817379734410961,0.38,0.4985203973789896
pond,pond,NTP,50,platt_fit,24,0.24705917096115512,-0.2524873085881435,0.5,0.4985203973789896
pond,pond,NTP,50,platt_fit,25,0.5446609708296419,-1.1537201759738112,0.34,0.4985203973789896
pond,pond,NTP,50,platt_fit,26,0.4547479047886452,-1.0070966116981528,0.38,0.4985203973789896
pond,pond,NTP,50,platt_fit,27,0.6234742704340523,-1.2781435060720576,0.36,0.4985203973789896
pond,pond,NTP,50,platt_fit,28,0.6352006797911336,-0.5715515159789178,0.48,0.4985203973789896
pond,pond,NTP,50,platt_fit,29,0.7405689500873003,-0.6703818540312922,0.48,0.4985203973789896
pond,pond,NTP,50,platt_fit,30,0.37033702776604027,-0.3788876913254959,0.48,0.4985203973789896
pond,pond,NTP,50,platt_fit,31,0.5738522570381543,-0.9561299290761286,0.36,0.4985203973789896
pond,pond,NTP,50,platt_fit,32,1.7870092382187575,1.0332950158389098,0.64,0.4985203973789896
pond,pond,NTP,50,platt_fit,33,0.6001371265554927,-0.7216372412762951,0.42,0.4985203973789896
pond,pond,NTP,50,platt_fit,34,0.4006363917510311,-0.1750492982718421,0.56,0.4985203973789896
pond,pond,NTP,50,platt_fit,35,0.5447628412314989,-0.6852098897591034,0.48,0.4985203973789896
pond,pond,NTP,50,platt_fit,36,0.3522544735939359,-0.1791527841213797,0.54,0.4985203973789896
pond,pond,NTP,50,platt_fit,37,0.6844730565162485,-1.0503222280681481,0.36,0.4985203973789896
pond,pond,NTP,50,platt_fit,38,0.661148984719686,-0.8357166046736086,0.5,0.4985203973789896
pond,pond,NTP,50,platt_fit,39,0.6293796646163671,-1.2405821508695616,0.38,0.4985203973789896
pond,pond,NTP,50,platt_fit,40,0.6762808924507994,-0.18707586489667538,0.6,0.4985203973789896
pond,pond,NTP,50,platt_fit,41,1.016860263772891,-0.558506306700901,0.4,0.4985203973789896
pond,pond,NTP,50,platt_fit,42,0.6423258689260295,-0.97430645718448,0.44,0.4985203973789896
pond,pond,NTP,50,platt_fit,43,0.4086917289271862,-0.12023990076266472,0.52,0.4985203973789896
pond,pond,NTP,50,platt_fit,44,0.5977682667462456,-1.051458153533905,0.38,0.4985203973789896
pond,pond,NTP,50,platt_fit,45,0.2860310775255731,0.4525224502324875,0.7,0.4985203973789896
pond,pond,NTP,50,platt_fit,46,0.3501709660230743,-0.4308213529905117,0.52,0.4985203973789896
pond,pond,NTP,50,platt_fit,47,0.475335561589025,-1.0119618596401194,0.4,0.4985203973789896
pond,pond,NTP,50,platt_fit,48,0.5596266593070292,-0.984132963750289,0.4,0.4985203973789896
pond,pond,NTP,50,platt_fit,49,0.44964359542523297,-0.7145223207829541,0.38,0.4985203973789896
pond,pond,NTP,50,platt_fit,50,0.4010832743440282,-0.948072386327611,0.42,0.4985203973789896
pond,pond,NTP,50,platt_fit,51,0.34755502534891686,-0.18894080446283162,0.5,0.4985203973789896
pond,pond,NTP,50,platt_fit,52,0.3779678132185478,-0.4124701100061159,0.54,0.4985203973789896
pond,pond,NTP,50,platt_fit,53,0.4203419068173155,-0.9414668873387403,0.36,0.4985203973789896
pond,pond,NTP,50,platt_fit,54,0.38261498807381017,-0.25189769291396086,0.6,0.4985203973789896
pond,pond,NTP,50,platt_fit,55,0.5719446179552486,-1.1426635579829667,0.4,0.4985203973789896
pond,pond,NTP,50,platt_fit,56,0.3336238559830314,-1.277762846858817,0.28,0.4985203973789896
pond,pond,NTP,50,platt_fit,57,0.3884228651534582,-0.48328450713981463,0.52,0.4985203973789896
pond,pond,NTP,50,platt_fit,58,0.6946829819223707,-0.4608106377672153,0.44,0.4985203973789896
pond,pond,NTP,50,platt_fit,59,0.3894948166789985,-0.9127675392166643,0.4,0.4985203973789896
pond,pond,NTP,50,platt_fit,60,0.44945833570110083,-0.8251510141726964,0.44,0.4985203973789896
pond,pond,NTP,50,platt_fit,61,0.2042815450028615,-0.4403741489620023,0.44,0.4985203973789896
pond,pond,NTP,50,platt_fit,62,0.4549245250268371,-1.224928179582911,0.34,0.4985203973789896
pond,pond,NTP,50,platt_fit,63,0.5153141870895618,-0.4076235146106201,0.5,0.4985203973789896
pond,pond,NTP,50,platt_fit,64,0.3003903385735231,-0.6907293359275168,0.42,0.4985203973789896
pond,pond,NTP,50,platt_fit,65,0.5930805430599365,-0.5427077391867388,0.42,0.4985203973789896
pond,pond,NTP,50,platt_fit,66,0.512322636086426,-0.951173410709002,0.4,0.4985203973789896
pond,pond,NTP,50,platt_fit,67,0.35951823084991685,-0.37094327272626954,0.5,0.4985203973789896
pond,pond,NTP,50,platt_fit,68,0.48833156894129776,-1.2575574088697972,0.4,0.4985203973789896
pond,pond,NTP,50,platt_fit,69,0.39436782454813035,-0.23341158907848797,0.52,0.4985203973789896
pond,pond,NTP,50,platt_fit,70,0.3426637881405127,-0.33720431794617345,0.44,0.4985203973789896
pond,pond,NTP,50,platt_fit,71,0.41427749250029544,-0.6381297341103792,0.44,0.4985203973789896
pond,pond,NTP,50,platt_fit,72,0.3861752169395503,-0.1636245193756336,0.6,0.4985203973789896
pond,pond,NTP,50,platt_fit,73,0.4791756678089998,-1.6264152166810149,0.34,0.4985203973789896
pond,pond,NTP,50,platt_fit,74,0.495030317013041,-0.5249130411757251,0.48,0.4985203973789896
pond,pond,NTP,50,platt_fit,75,0.27314715288444086,-0.07144717167905032,0.58,0.4985203973789896
pond,pond,NTP,50,platt_fit,76,0.5519288759859003,-1.0527297984680102,0.3,0.4985203973789896
pond,pond,NTP,50,platt_fit,77,0.2938264837158321,-0.9023851820530272,0.38,0.4985203973789896
pond,pond,NTP,50,platt_fit,78,0.639879614774854,-0.5630598487623149,0.58,0.4985203973789896
pond,pond,NTP,50,platt_fit,79,0.5793970878238872,-0.8764680518652058,0.36,0.4985203973789896
pond,pond,NTP,50,platt_fit,80,0.29274476165325397,-0.19168096781834415,0.52,0.4985203973789896
pond,pond,NTP,50,platt_fit,81,0.06058172402919271,0.41110078602019795,0.62,0.4985203973789896
pond,pond,NTP,50,platt_fit,82,0.5895030048776456,-1.434736629561434,0.4,0.4985203973789896
pond,pond,NTP,50,platt_fit,83,0.5214166488615705,-0.7114235849309375,0.44,0.4985203973789896
pond,pond,NTP,50,platt_fit,84,0.5181043194014132,-0.5261549410575203,0.48,0.4985203973789896
pond,pond,NTP,50,platt_fit,85,0.43844142902217204,0.6417170647519742,0.7,0.4985203973789896
pond,pond,NTP,50,platt_fit,86,0.6891136231143853,-0.9355178916716446,0.48,0.4985203973789896
pond,pond,NTP,50,platt_fit,87,0.47303989818278125,-0.4473686435200928,0.54,0.4985203973789896
pond,pond,NTP,50,platt_fit,88,0.3914840748238453,-0.8396348429672466,0.4,0.4985203973789896
pond,pond,NTP,50,platt_fit,89,0.5914200279262817,-0.8624178426078362,0.44,0.4985203973789896
pond,pond,NTP,50,platt_fit,90,0.4917284921114134,-1.7134284523586365,0.3,0.4985203973789896
pond,pond,NTP,50,platt_fit,91,0.37833168542421564,-0.5396728720001776,0.48,0.4985203973789896
pond,pond,NTP,50,platt_fit,92,0.9499101403775732,-1.006719948623972,0.32,0.4985203973789896
pond,pond,NTP,50,platt_fit,93,0.3853064264663504,-0.9788736120210964,0.38,0.4985203973789896
pond,pond,NTP,50,platt_fit,94,0.5654126006518295,-0.6409227438743335,0.48,0.4985203973789896
pond,pond,NTP,50,platt_fit,95,0.1927921955665915,0.04589274157896583,0.58,0.4985203973789896
pond,pond,NTP,50,platt_fit,96,0.48136639325938885,-0.027416489512172685,0.54,0.4985203973789896
pond,pond,NTP,50,platt_fit,97,0.5019358658350228,-0.5947221909183038,0.52,0.4985203973789896
pond,pond,NTP,50,platt_fit,98,0.1683935193138528,-0.24873373088214557,0.48,0.4985203973789896
pond,pond,NTP,50,platt_fit,99,0.18610746493041685,-0.3827566074679904,0.48,0.4985203973789896
pond,pond,Probe,100,platt_fit,0,0.7492456515465552,-1.231560488233146,0.41,0.4985203973789896
pond,pond,Probe,100,platt_fit,1,0.889506151224365,-0.9965958432402285,0.39,0.4985203973789896
pond,pond,Probe,100,platt_fit,2,0.6132249294603613,-0.6017607743886595,0.51,0.4985203973789896
pond,pond,Probe,100,platt_fit,3,0.6653541678003206,-1.4800773042126398,0.25,0.4985203973789896
pond,pond,Probe,100,platt_fit,4,1.0205281320572692,0.05927969469779099,0.55,0.4985203973789896
pond,pond,Probe,100,platt_fit,5,0.8935476033294129,-0.9550355484535664,0.32,0.4985203973789896
pond,pond,Probe,100,platt_fit,6,0.595937044026009,-1.0126400458514153,0.38,0.4985203973789896
pond,pond,Probe,100,platt_fit,7,1.0537280842145536,-0.6489410076270243,0.47,0.4985203973789896
pond,pond,Probe,100,platt_fit,8,0.7333995397682956,-0.5169692000477555,0.46,0.4985203973789896
pond,pond,Probe,100,platt_fit,9,0.9796812925214765,-1.407009605342244,0.37,0.4985203973789896
pond,pond,Probe,100,platt_fit,10,0.813021911011062,-0.9107609703390609,0.44,0.4985203973789896
pond,pond,Probe,100,platt_fit,11,0.8285919763035179,-0.30427235548454645,0.51,0.4985203973789896
pond,pond,Probe,100,platt_fit,12,0.5673029199243809,-0.6427229502320922,0.4,0.4985203973789896
pond,pond,Probe,100,platt_fit,13,0.777773381282044,-0.5622794187295749,0.51,0.4985203973789896
pond,pond,Probe,100,platt_fit,14,0.8426526937812283,-1.434460164574257,0.31,0.4985203973789896
pond,pond,Probe,100,platt_fit,15,1.171220941924198,-0.5362917809308567,0.49,0.4985203973789896
pond,pond,Probe,100,platt_fit,16,0.8115133327832845,-0.37806466670970107,0.56,0.4985203973789896
pond,pond,Probe,100,platt_fit,17,0.8091093618546183,-1.4903048328931672,0.31,0.4985203973789896
pond,pond,Probe,100,platt_fit,18,1.012889471872942,-1.185100287395026,0.41,0.4985203973789896
pond,pond,Probe,100,platt_fit,19,0.8149099163756605,-1.275251838025505,0.39,0.4985203973789896
pond,pond,Probe,100,platt_fit,20,0.8815105671906996,-0.058183146379004166,0.47,0.4985203973789896
pond,pond,Probe,100,platt_fit,21,0.7986755043843711,-1.3699025851991484,0.3,0.4985203973789896
pond,pond,Probe,100,platt_fit,22,0.8051094826721465,-0.16260097552128958,0.59,0.4985203973789896
pond,pond,Probe,100,platt_fit,23,0.5798851434725758,-1.1304718102409463,0.32,0.4985203973789896
pond,pond,Probe,100,platt_fit,24,0.7135789436292735,-0.35334566451025934,0.51,0.4985203973789896
pond,pond,Probe,100,platt_fit,25,0.73223721600795,-0.5772320981826732,0.36,0.4985203973789896
pond,pond,Probe,100,platt_fit,26,0.6075215534135541,-0.6823545756110309,0.47,0.4985203973789896
pond,pond,Probe,100,platt_fit,27,0.8003873402580858,-1.395077902360876,0.3,0.4985203973789896
pond,pond,Probe,100,platt_fit,28,0.9419252895266457,-0.6344863437721234,0.53,0.4985203973789896
pond,pond,Probe,100,platt_fit,29,0.41876607433127927,-0.8665383337712969,0.36,0.4985203973789896
pond,pond,Probe,100,platt_fit,30,0.5240772551016155,0.09951488742776332,0.58,0.4985203973789896
pond,pond,Probe,100,platt_fit,31,0.6659662257884214,-0.7373675865670922,0.37,0.4985203973789896
pond,pond,Probe,100,platt_fit,32,0.7304668733564339,-0.5963658471692534,0.43,0.4985203973789896
pond,pond,Probe,100,platt_fit,33,0.8622485009517697,-1.0069254340059,0.42,0.4985203973789896
pond,pond,Probe,100,platt_fit,34,0.8944111318877618,-0.6643619314748699,0.46,0.4985203973789896
pond,pond,Probe,100,platt_fit,35,0.921617422706066,-1.7254711667887253,0.31,0.4985203973789896
pond,pond,Probe,100,platt_fit,36,0.9573127847606796,-1.050556047539801,0.48,0.4985203973789896
pond,pond,Probe,100,platt_fit,37,0.6786644043338774,-0.6582923144439453,0.4,0.4985203973789896
pond,pond,Probe,100,platt_fit,38,0.8098210783226834,-0.9255508774571611,0.36,0.4985203973789896
pond,pond,Probe,100,platt_fit,39,0.5840239476686183,-1.1676622301583086,0.25,0.4985203973789896
pond,pond,Probe,100,platt_fit,40,0.9071490889761794,-1.1135837576149668,0.46,0.4985203973789896
pond,pond,Probe,100,platt_fit,41,0.7689838248938174,-0.5149772465688314,0.46,0.4985203973789896
pond,pond,Probe,100,platt_fit,42,0.9112267208958733,-1.0052372711068125,0.42,0.4985203973789896
pond,pond,Probe,100,platt_fit,43,0.7920123174726531,-0.591058178919784,0.53,0.4985203973789896
pond,pond,Probe,100,platt_fit,44,0.44650038850253265,-0.8257310964837982,0.36,0.4985203973789896
pond,pond,Probe,100,platt_fit,45,0.38387285691607054,0.09051603977799161,0.62,0.4985203973789896
pond,pond,Probe,100,platt_fit,46,0.8047786292599048,-1.3142917193053867,0.37,0.4985203973789896
pond,pond,Probe,100,platt_fit,47,0.5481546668591221,-0.9226511120255663,0.38,0.4985203973789896
pond,pond,Probe,100,platt_fit,48,0.9657975324250467,-0.587358573097392,0.41,0.4985203973789896
pond,pond,Probe,100,platt_fit,49,0.9956737459229535,-1.525834273842738,0.27,0.4985203973789896
pond,pond,Probe,100,platt_fit,50,0.8956282478646961,-1.0557295660765469,0.41,0.4985203973789896
pond,pond,Probe,100,platt_fit,51,0.6546572932233101,-0.7118594576389593,0.41,0.4985203973789896
pond,pond,Probe,100,platt_fit,52,0.35683823226580197,-0.5374803291499379,0.47,0.4985203973789896
pond,pond,Probe,100,platt_fit,53,0.6065365930102844,-0.4297586363723063,0.47,0.4985203973789896
pond,pond,Probe,100,platt_fit,54,0.6607766150968022,-0.34125557725947314,0.5,0.4985203973789896
pond,pond,Probe,100,platt_fit,55,0.9434942073569137,-1.3951008390062354,0.4,0.4985203973789896
pond,pond,Probe,100,platt_fit,56,0.4298857988513797,-1.0208694891652972,0.33,0.4985203973789896
pond,pond,Probe,100,platt_fit,57,0.5260797763687646,-0.8506772559907266,0.42,0.4985203973789896
pond,pond,Probe,100,platt_fit,58,0.6322983952588154,-0.9594109093000275,0.36,0.4985203973789896
pond,pond,Probe,100,platt_fit,59,0.7639538724215893,-0.7281390794651081,0.44,0.4985203973789896
pond,pond,Probe,100,platt_fit,60,0.6297643417796254,-0.6102570583804647,0.46,0.4985203973789896
pond,pond,Probe,100,platt_fit,61,0.44984848723991866,-0.9691017413936408,0.33,0.4985203973789896
pond,pond,Probe,100,platt_fit,62,0.7514375477591988,-0.9072536448796269,0.38,0.4985203973789896
pond,pond,Probe,100,platt_fit,63,0.6139095640861568,-0.5892982471782424,0.5,0.4985203973789896
pond,pond,Probe,100,platt_fit,64,0.7151465645455902,-0.31216104557962027,0.54,0.4985203973789896
pond,pond,Probe,100,platt_fit,65,0.680331698538084,-0.3359069702585518,0.45,0.4985203973789896
pond,pond,Probe,100,platt_fit,66,1.124802378832298,-0.7712080906158195,0.45,0.4985203973789896
pond,pond,Probe,100,platt_fit,67,1.0541442739074636,-1.1224866159848697,0.43,0.4985203973789896
pond,pond,Probe,100,platt_fit,68,0.9184301714112622,-0.9372099022100956,0.42,0.4985203973789896
pond,pond,Probe,100,platt_fit,69,0.84661792926419,-0.4100380667093711,0.49,0.4985203973789896
pond,pond,Probe,100,platt_fit,70,0.5328151188458302,-0.7773151109274938,0.4,0.4985203973789896
pond,pond,Probe,100,platt_fit,71,0.565507125469985,-0.4980961897725982,0.41,0.4985203973789896
pond,pond,Probe,100,platt_fit,72,0.92461012923838,-0.22104632416960493,0.56,0.4985203973789896
pond,pond,Probe,100,platt_fit,73,1.0044016301176018,-0.98762081359573,0.45,0.4985203973789896
pond,pond,Probe,100,platt_fit,74,0.7574156389681185,-0.5007301165626973,0.41,0.4985203973789896
pond,pond,Probe,100,platt_fit,75,0.4698762399929666,-0.40352406417135234,0.53,0.4985203973789896
pond,pond,Probe,100,platt_fit,76,0.6262815203554847,-0.24088639247322147,0.48,0.4985203973789896
pond,pond,Probe,100,platt_fit,77,0.6635889792342696,-1.277972051512636,0.39,0.4985203973789896
pond,pond,Probe,100,platt_fit,78,0.5476469138032648,-0.2983819986872513,0.53,0.4985203973789896
pond,pond,Probe,100,platt_fit,79,0.8647358870513309,-0.6754907638905868,0.4,0.4985203973789896
pond,pond,Probe,100,platt_fit,80,0.6684548311227256,-0.550397357670249,0.46,0.4985203973789896
pond,pond,Probe,100,platt_fit,81,0.5819627619660911,-0.5408405457846356,0.5,0.4985203973789896
pond,pond,Probe,100,platt_fit,82,0.7392895736740056,-1.7842371946651148,0.31,0.4985203973789896
pond,pond,Probe,100,platt_fit,83,0.9506590244204669,-0.997974176694518,0.33,0.4985203973789896
pond,pond,Probe,100,platt_fit,84,0.9749879987725627,-1.1394606452034246,0.39,0.4985203973789896
pond,pond,Probe,100,platt_fit,85,0.7318258071735907,-0.010774326945498978,0.62,0.4985203973789896
pond,pond,Probe,100,platt_fit,86,0.709543189427971,-0.8458111116386849,0.47,0.4985203973789896
pond,pond,Probe,100,platt_fit,87,0.8646327656720747,-0.8435435811551963,0.58,0.4985203973789896
pond,pond,Probe,100,platt_fit,88,0.8823872685319074,-0.7152547617077667,0.43,0.4985203973789896
pond,pond,Probe,100,platt_fit,89,0.9389282608703743,-0.891328965948807,0.42,0.4985203973789896
pond,pond,Probe,100,platt_fit,90,0.600772794230419,-1.3053560569653821,0.33,0.4985203973789896
pond,pond,Probe,100,platt_fit,91,0.5391515676871408,-0.42234836137840215,0.43,0.4985203973789896
pond,pond,Probe,100,platt_fit,92,0.6249101919340032,-0.5707848503775069,0.34,0.4985203973789896
pond,pond,Probe,100,platt_fit,93,0.8490457449852433,-1.0590748538146564,0.32,0.4985203973789896
pond,pond,Probe,100,platt_fit,94,0.6612476217998813,-0.758959860116462,0.48,0.4985203973789896
pond,pond,Probe,100,platt_fit,95,0.5641559564347322,-0.2512311465811225,0.53,0.4985203973789896
pond,pond,Probe,100,platt_fit,96,1.1397806781417061,-0.0987996649984948,0.57,0.4985203973789896
pond,pond,Probe,100,platt_fit,97,0.8155667572533428,-0.4395590868489214,0.53,0.4985203973789896
pond,pond,Probe,100,platt_fit,98,1.0243962929918815,-1.3112241661133903,0.46,0.4985203973789896
pond,pond,Probe,100,platt_fit,99,0.38268280498546403,-0.5026467318061559,0.46,0.4985203973789896
pond,pond,NTP,100,platt_fit,0,0.3808528367047587,-0.916606497779884,0.41,0.4985203973789896
pond,pond,NTP,100,platt_fit,1,0.5206008710024018,-0.952413456681407,0.39,0.4985203973789896
pond,pond,NTP,100,platt_fit,2,0.35268592622275613,-0.3090027498896438,0.51,0.4985203973789896
pond,pond,NTP,100,platt_fit,3,0.6130835001266977,-1.8557511993979499,0.25,0.4985203973789896
pond,pond,NTP,100,platt_fit,4,0.5555234185768234,0.008661495699714456,0.55,0.4985203973789896
pond,pond,NTP,100,platt_fit,5,0.5664343807246887,-1.0027817628179987,0.32,0.4985203973789896
pond,pond,NTP,100,platt_fit,6,0.39058852206321953,-1.168566989026562,0.38,0.4985203973789896
pond,pond,NTP,100,platt_fit,7,0.5804219435538243,-0.642957685518716,0.47,0.4985203973789896
pond,pond,NTP,100,platt_fit,8,0.6093014356334201,-0.5333525251357382,0.46,0.4985203973789896
pond,pond,NTP,100,platt_fit,9,0.46668911575841954,-0.9153034081223165,0.37,0.4985203973789896
pond,pond,NTP,100,platt_fit,10,0.3653795574124706,-0.6298242109493105,0.44,0.4985203973789896
pond,pond,NTP,100,platt_fit,11,0.4269436996081507,-0.19321660653094908,0.51,0.4985203973789896
pond,pond,NTP,100,platt_fit,12,0.4061588884999028,-0.8289894287829682,0.4,0.4985203973789896
pond,pond,NTP,100,platt_fit,13,0.5257536885778004,-0.4413544247364087,0.51,0.4985203973789896
pond,pond,NTP,100,platt_fit,14,0.5094678315322086,-1.5282264435219157,0.31,0.4985203973789896
pond,pond,NTP,100,platt_fit,15,0.49007061595068924,-0.4468866664076998,0.49,0.4985203973789896
pond,pond,NTP,100,platt_fit,16,0.6113346398373126,-0.17388891167151976,0.56,0.4985203973789896
pond,pond,NTP,100,platt_fit,17,0.676976346316385,-1.5309041518207553,0.31,0.4985203973789896
pond,pond,NTP,100,platt_fit,18,0.4449556053263972,-0.8158222659013243,0.41,0.4985203973789896
pond,pond,NTP,100,platt_fit,19,0.40480270067836255,-1.0331531881820297,0.39,0.4985203973789896
pond,pond,NTP,100,platt_fit,20,0.5509844278030768,-0.6060094269944728,0.47,0.4985203973789896
pond,pond,NTP,100,platt_fit,21,0.5707260472170345,-1.5883072683375148,0.3,0.4985203973789896
pond,pond,NTP,100,platt_fit,22,0.5260308621862541,0.1794358269446481,0.59,0.4985203973789896
pond,pond,NTP,100,platt_fit,23,0.4563536475250745,-1.5101628971592267,0.32,0.4985203973789896
pond,pond,NTP,100,platt_fit,24,0.38194336511035515,-0.34422006736553845,0.51,0.4985203973789896
pond,pond,NTP,100,platt_fit,25,0.44699062611501333,-0.8038881429242583,0.36,0.4985203973789896
pond,pond,NTP,100,platt_fit,26,0.4482556841772589,-0.5328161408815226,0.47,0.4985203973789896
pond,pond,NTP,100,platt_fit,27,0.5848005382799315,-1.658636587169717,0.3,0.4985203973789896
pond,pond,NTP,100,platt_fit,28,0.4878917434899447,-0.20643386038599804,0.53,0.4985203973789896
pond,pond,NTP,100,platt_fit,29,0.28009181688868867,-0.8162831951646374,0.36,0.4985203973789896
pond,pond,NTP,100,platt_fit,30,0.3027203007250984,0.010193160065748483,0.58,0.4985203973789896
pond,pond,NTP,100,platt_fit,31,0.5102982845581707,-1.0850142355003216,0.37,0.4985203973789896
pond,pond,NTP,100,platt_fit,32,0.17156759469229185,-0.4228612335010126,0.43,0.4985203973789896
pond,pond,NTP,100,platt_fit,33,0.4535111048267429,-0.6518857467723814,0.42,0.4985203973789896
pond,pond,NTP,100,platt_fit,34,0.5688406784583084,-0.7575096577724526,0.46,0.4985203973789896
pond,pond,NTP,100,platt_fit,35,0.3570868222859857,-1.3078119334776943,0.31,0.4985203973789896
pond,pond,NTP,100,platt_fit,36,0.6066400339342523,-0.5063690179940826,0.48,0.4985203973789896
pond,pond,NTP,100,platt_fit,37,0.42648209980745805,-0.6780636100927836,0.4,0.4985203973789896
pond,pond,NTP,100,platt_fit,38,0.297884764115595,-0.9014543838771477,0.36,0.4985203973789896
pond,pond,NTP,100,platt_fit,39,0.49679302607580944,-1.3604257809238784,0.25,0.4985203973789896
pond,pond,NTP,100,platt_fit,40,0.41454844689463377,-0.6970961941314945,0.46,0.4985203973789896
pond,pond,NTP,100,platt_fit,41,0.5168742522831725,-0.49527183518818696,0.46,0.4985203973789896
pond,pond,NTP,100,platt_fit,42,0.48403304511321216,-0.8954317402485525,0.42,0.4985203973789896
pond,pond,NTP,100,platt_fit,43,0.2666371333516233,-0.16598765261587992,0.53,0.4985203973789896
pond,pond,NTP,100,platt_fit,44,0.20964553306776315,-0.7531921201461963,0.36,0.4985203973789896
pond,pond,NTP,100,platt_fit,45,0.1659266012460926,0.2887760830191332,0.62,0.4985203973789896
pond,pond,NTP,100,platt_fit,46,0.43720989434134977,-1.273096666903323,0.37,0.4985203973789896
pond,pond,NTP,100,platt_fit,47,0.3087520665416607,-0.8940006859235947,0.38,0.4985203973789896
pond,pond,NTP,100,platt_fit,48,0.48402347292035813,-0.8150513091769057,0.41,0.4985203973789896
pond,pond,NTP,100,platt_fit,49,0.6044626468152292,-1.54384907387281,0.27,0.4985203973789896
pond,pond,NTP,100,platt_fit,50,0.5783262929901404,-1.1077736784811356,0.41,0.4985203973789896
pond,pond,NTP,100,platt_fit,51,0.2660205434303951,-0.601349783293274,0.41,0.4985203973789896
pond,pond,NTP,100,platt_fit,52,0.3894124420548439,-0.5843678434569083,0.47,0.4985203973789896
pond,pond,NTP,100,platt_fit,53,0.5428685894183961,-0.679708648207757,0.47,0.4985203973789896
pond,pond,NTP,100,platt_fit,54,0.34778770807291504,-0.5624613665620509,0.5,0.4985203973789896
pond,pond,NTP,100,platt_fit,55,0.40542289061182213,-0.8481468060192973,0.4,0.4985203973789896
pond,pond,NTP,100,platt_fit,56,0.41474670089422355,-1.1760297291629225,0.33,0.4985203973789896
pond,pond,NTP,100,platt_fit,57,0.335968674794147,-0.7818730717584305,0.42,0.4985203973789896
pond,pond,NTP,100,platt_fit,58,0.4137658016300472,-0.9072520271187966,0.36,0.4985203973789896
pond,pond,NTP,100,platt_fit,59,0.4926082370623301,-0.771235111257354,0.44,0.4985203973789896
pond,pond,NTP,100,platt_fit,60,0.2216920483224497,-0.3849359385099075,0.46,0.4985203973789896
pond,pond,NTP,100,platt_fit,61,0.09869444736247258,-0.7914518208338841,0.33,0.4985203973789896
pond,pond,NTP,100,platt_fit,62,0.7085160862406066,-1.467264205088976,0.38,0.4985203973789896
pond,pond,NTP,100,platt_fit,63,0.3784563345332053,-0.36167896557077517,0.5,0.4985203973789896
pond,pond,NTP,100,platt_fit,64,0.47558419119030587,-0.49982016127345075,0.54,0.4985203973789896
pond,pond,NTP,100,platt_fit,65,0.7564072649818007,-0.5133409803925882,0.45,0.4985203973789896
pond,pond,NTP,100,platt_fit,66,0.7404490020057853,-0.6277700273046085,0.45,0.4985203973789896
pond,pond,NTP,100,platt_fit,67,0.5132015058390003,-0.5808710390303697,0.43,0.4985203973789896
pond,pond,NTP,100,platt_fit,68,0.6285883141818825,-1.1228458062389628,0.42,0.4985203973789896
pond,pond,NTP,100,platt_fit,69,0.5322415955027363,-0.41000926989506287,0.49,0.4985203973789896
pond,pond,NTP,100,platt_fit,70,0.26156560589655636,-0.5822188690632939,0.4,0.4985203973789896
pond,pond,NTP,100,platt_fit,71,0.4403819780624222,-0.6859556865387687,0.41,0.4985203973789896
pond,pond,NTP,100,platt_fit,72,0.44337252008906525,-0.15360031168541907,0.56,0.4985203973789896
pond,pond,NTP,100,platt_fit,73,0.532179446237327,-0.7321679585964461,0.45,0.4985203973789896
pond,pond,NTP,100,platt_fit,74,0.42717195414303766,-0.7312746626812779,0.41,0.4985203973789896
pond,pond,NTP,100,platt_fit,75,0.2648304548099022,-0.19271424785361355,0.53,0.4985203973789896
pond,pond,NTP,100,platt_fit,76,0.3574592652674621,-0.4426283552188094,0.48,0.4985203973789896
pond,pond,NTP,100,platt_fit,77,0.5083021702849282,-0.9585197792543371,0.39,0.4985203973789896
pond,pond,NTP,100,platt_fit,78,0.46381672289580483,-0.3660860915164368,0.53,0.4985203973789896
pond,pond,NTP,100,platt_fit,79,0.6673801296607893,-0.9486321661680883,0.4,0.4985203973789896
pond,pond,NTP,100,platt_fit,80,0.24084532182199517,-0.355543090206918,0.46,0.4985203973789896
pond,pond,NTP,100,platt_fit,81,0.3569275325537955,-0.5666475015418689,0.5,0.4985203973789896
pond,pond,NTP,100,platt_fit,82,0.5172976279448068,-1.6541162166589602,0.31,0.4985203973789896
pond,pond,NTP,100,platt_fit,83,0.37410349776779245,-1.1242542388169046,0.33,0.4985203973789896
pond,pond,NTP,100,platt_fit,84,0.5933932609950548,-1.0423407098183,0.39,0.4985203973789896
pond,pond,NTP,100,platt_fit,85,0.4163107804201247,-0.01604689205062734,0.62,0.4985203973789896
pond,pond,NTP,100,platt_fit,86,0.5784830191024628,-0.6351973841928711,0.47,0.4985203973789896
pond,pond,NTP,100,platt_fit,87,0.3845753347792239,-0.3763766188993719,0.58,0.4985203973789896
pond,pond,NTP,100,platt_fit,88,0.6451154141041103,-1.0230146972621454,0.43,0.4985203973789896
pond,pond,NTP,100,platt_fit,89,0.6165673023086519,-0.7470018223476752,0.42,0.4985203973789896
pond,pond,NTP,100,platt_fit,90,0.4897504463827997,-1.2196676076281858,0.33,0.4985203973789896
pond,pond,NTP,100,platt_fit,91,0.282876890820428,-0.7454485377289439,0.43,0.4985203973789896
pond,pond,NTP,100,platt_fit,92,0.4588153837885251,-1.0671180756944503,0.34,0.4985203973789896
pond,pond,NTP,100,platt_fit,93,0.6443046637947093,-1.3219289701161,0.32,0.4985203973789896
pond,pond,NTP,100,platt_fit,94,0.434196289959439,-0.47127527663482593,0.48,0.4985203973789896
pond,pond,NTP,100,platt_fit,95,0.3004460904588494,-0.2706101973732971,0.53,0.4985203973789896
pond,pond,NTP,100,platt_fit,96,0.6454828836672706,-0.04051832539668968,0.57,0.4985203973789896
pond,pond,NTP,100,platt_fit,97,0.402440604671363,-0.23627859312536956,0.53,0.4985203973789896
pond,pond,NTP,100,platt_fit,98,0.3596694608539382,-0.5802495289819769,0.46,0.4985203973789896
pond,pond,NTP,100,platt_fit,99,0.16258506204265202,-0.34169395456554436,0.46,0.4985203973789896
pond,pond,Probe,250,platt_fit,0,0.7601415909098093,-1.0410753389653493,0.42,0.4985203973789896
pond,pond,Probe,250,platt_fit,1,0.5803696520258466,-0.7897960926624132,0.356,0.4985203973789896
pond,pond,Probe,250,platt_fit,2,0.5318431845117112,-0.29970040924080577,0.568,0.4985203973789896
pond,pond,Probe,250,platt_fit,3,0.5936551367321132,-0.9261146647286764,0.308,0.4985203973789896
pond,pond,Probe,250,platt_fit,4,1.2931162382308494,-0.3607562683494173,0.6,0.4985203973789896
pond,pond,Probe,250,platt_fit,5,0.7461582690886304,-0.4828900585639016,0.432,0.4985203973789896
pond,pond,Probe,250,platt_fit,6,0.5142710078714205,-0.6275692792123644,0.436,0.4985203973789896
pond,pond,Probe,250,platt_fit,7,0.8651687823599116,-0.037680180406284694,0.6,0.4985203973789896
pond,pond,Probe,250,platt_fit,8,0.9095493253106691,-0.6288740828350371,0.44,0.4985203973789896
pond,pond,Probe,250,platt_fit,9,0.6663719879896023,-1.0456322957921436,0.38,0.4985203973789896
pond,pond,Probe,250,platt_fit,10,0.7749485438576174,-0.8937992650740544,0.428,0.4985203973789896
pond,pond,Probe,250,platt_fit,11,0.9655567428324685,-0.4451530424583971,0.524,0.4985203973789896
pond,pond,Probe,250,platt_fit,12,0.7296129372844197,-0.8681194709828571,0.384,0.4985203973789896
pond,pond,Probe,250,platt_fit,13,0.9773074755992144,-0.8544029134281457,0.488,0.4985203973789896
pond,pond,Probe,250,platt_fit,14,0.9061501260331459,-1.192202613571784,0.372,0.4985203973789896
pond,pond,Probe,250,platt_fit,15,1.0719805910385907,0.010000770694578465,0.6,0.4985203973789896
pond,pond,Probe,250,platt_fit,16,0.5268503489082719,-0.4131612101408627,0.508,0.4985203973789896
pond,pond,Probe,250,platt_fit,17,0.6772476479165789,-0.9866803054612765,0.392,0.4985203973789896
pond,pond,Probe,250,platt_fit,18,0.7710545647937354,-0.8574601126372858,0.428,0.4985203973789896
pond,pond,Probe,250,platt_fit,19,0.6304191506739862,-0.9226250229504641,0.4,0.4985203973789896
pond,pond,Probe,250,platt_fit,20,0.6721015235889808,-0.10423546666798657,0.516,0.4985203973789896
pond,pond,Probe,250,platt_fit,21,0.9269035571560694,-1.2268540035195363,0.332,0.4985203973789896
pond,pond,Probe,250,platt_fit,22,0.5261411836255778,-0.7135854198579491,0.452,0.4985203973789896
pond,pond,Probe,250,platt_fit,23,0.8503926668459029,-1.6198899018362143,0.312,0.4985203973789896
pond,pond,Probe,250,platt_fit,24,0.8232557076115016,-0.4249796504864958,0.544,0.4985203973789896
pond,pond,Probe,250,platt_fit,25,0.8224761503522506,-0.3895991960431153,0.428,0.4985203973789896
pond,pond,Probe,250,platt_fit,26,0.7447600099446781,-1.0051695473785003,0.452,0.4985203973789896
pond,pond,Probe,250,platt_fit,27,0.6384611537329897,-1.1574737826864903,0.324,0.4985203973789896
pond,pond,Probe,250,platt_fit,28,0.9929813730729542,-0.9577350158980268,0.492,0.4985203973789896
pond,pond,Probe,250,platt_fit,29,0.715375143408863,-0.5239094623951579,0.54,0.4985203973789896
pond,pond,Probe,250,platt_fit,30,0.9872691666233716,-0.436336010670823,0.5,0.4985203973789896
pond,pond,Probe,250,platt_fit,31,0.7211931869270304,-0.8058879424056474,0.344,0.4985203973789896
pond,pond,Probe,250,platt_fit,32,0.745753166908385,-0.2837910261239131,0.464,0.4985203973789896
pond,pond,Probe,250,platt_fit,33,0.7778900908428935,-0.7964458899878162,0.416,0.4985203973789896
pond,pond,Probe,250,platt_fit,34,0.75901760779366,-0.2574900209715903,0.512,0.4985203973789896
pond,pond,Probe,250,platt_fit,35,0.7482141220816937,-0.9593310623206919,0.456,0.4985203973789896
pond,pond,Probe,250,platt_fit,36,0.8454395666366589,-0.9772225473337843,0.472,0.4985203973789896
pond,pond,Probe,250,platt_fit,37,0.678393394244763,-0.5445011114286487,0.416,0.4985203973789896
pond,pond,Probe,250,platt_fit,38,0.5578459446555818,-0.3948306194007481,0.472,0.4985203973789896
pond,pond,Probe,250,platt_fit,39,0.6291787622286805,-1.0418447604313492,0.324,0.4985203973789896
pond,pond,Probe,250,platt_fit,40,0.7460063983365297,-0.905702630172388,0.496,0.4985203973789896
pond,pond,Probe,250,platt_fit,41,0.7819229265147337,-0.7765018349232966,0.396,0.4985203973789896
pond,pond,Probe,250,platt_fit,42,0.7148011114291811,-0.6726548899389858,0.456,0.4985203973789896
pond,pond,Probe,250,platt_fit,43,0.7774349530817487,-0.12028886920752525,0.596,0.4985203973789896
pond,pond,Probe,250,platt_fit,44,0.6045631847173744,-0.9951475367144781,0.304,0.4985203973789896
pond,pond,Probe,250,platt_fit,45,0.4600832814606513,-0.4778075488883215,0.508,0.4985203973789896
pond,pond,Probe,250,platt_fit,46,0.7203446191800353,-0.8035732683450996,0.476,0.4985203973789896
pond,pond,Probe,250,platt_fit,47,0.5283930491251366,-0.7750522375535265,0.388,0.4985203973789896
pond,pond,Probe,250,platt_fit,48,0.605209792324182,-0.7995422547482071,0.376,0.4985203973789896
pond,pond,Probe,250,platt_fit,49,0.731499200697642,-1.0608493395307572,0.34,0.4985203973789896
pond,pond,Probe,250,platt_fit,50,0.7404771394764589,-0.8731930305527074,0.416,0.4985203973789896
pond,pond,Probe,250,platt_fit,51,0.5604665203972546,-0.30616659067996194,0.508,0.4985203973789896
pond,pond,Probe,250,platt_fit,52,0.7867709187482923,-0.8487296804805619,0.524,0.4985203973789896
pond,pond,Probe,250,platt_fit,53,0.5721026739904621,-0.32833224072020534,0.5,0.4985203973789896
pond,pond,Probe,250,platt_fit,54,0.6928288179457993,-0.7087280736429981,0.452,0.4985203973789896
pond,pond,Probe,250,platt_fit,55,0.8226608805389776,-0.9725249148117372,0.452,0.4985203973789896
pond,pond,Probe,250,platt_fit,56,0.6282910904194914,-0.6936100758206687,0.444,0.4985203973789896
pond,pond,Probe,250,platt_fit,57,0.7738355996941667,-0.5858112302935792,0.508,0.4985203973789896
pond,pond,Probe,250,platt_fit,58,0.8335221360854409,-1.0790474592860884,0.336,0.4985203973789896
pond,pond,Probe,250,platt_fit,59,0.7911903056714359,-0.5450438617181056,0.412,0.4985203973789896
pond,pond,Probe,250,platt_fit,60,0.6851438896053429,-0.8753084461474843,0.42,0.4985203973789896
pond,pond,Probe,250,platt_fit,61,0.5498022366133033,-0.42329952060014786,0.492,0.4985203973789896
pond,pond,Probe,250,platt_fit,62,0.6364117028222086,-0.84088110150696,0.368,0.4985203973789896
pond,pond,Probe,250,platt_fit,63,0.5900771553974057,-0.6311572361840501,0.476,0.4985203973789896
pond,pond,Probe,250,platt_fit,64,0.7245419133155472,-0.613681992738416,0.476,0.4985203973789896
pond,pond,Probe,250,platt_fit,65,0.7990757801175944,-0.03180014727541504,0.532,0.4985203973789896
pond,pond,Probe,250,platt_fit,66,1.0362715654309596,-1.0074324867783326,0.36,0.4985203973789896
pond,pond,Probe,250,platt_fit,67,0.948100504212756,-0.9786986454780977,0.46,0.4985203973789896
pond,pond,Probe,250,platt_fit,68,0.5330660588742167,-0.8245476344833396,0.396,0.4985203973789896
pond,pond,Probe,250,platt_fit,69,0.8920620455826473,-0.530506166210857,0.484,0.4985203973789896
pond,pond,Probe,250,platt_fit,70,0.5969740415835464,-0.41988101009024686,0.476,0.4985203973789896
pond,pond,Probe,250,platt_fit,71,0.6524632032555501,-0.7268129542262618,0.396,0.4985203973789896
pond,pond,Probe,250,platt_fit,72,0.913079709635253,-0.35099038444418,0.504,0.4985203973789896
pond,pond,Probe,250,platt_fit,73,0.75088604355667,-0.6870815154032577,0.44,0.4985203973789896
pond,pond,Probe,250,platt_fit,74,0.914216261093991,-0.8607391878548294,0.412,0.4985203973789896
pond,pond,Probe,250,platt_fit,75,0.9112735719213246,-1.2022236868923004,0.472,0.4985203973789896
pond,pond,Probe,250,platt_fit,76,0.8221108984301291,-0.6825754729273711,0.42,0.4985203973789896
pond,pond,Probe,250,platt_fit,77,0.7337188623124524,-1.0530094123595237,0.488,0.4985203973789896
pond,pond,Probe,250,platt_fit,78,0.7517605176623715,-0.47666832766099415,0.54,0.4985203973789896
pond,pond,Probe,250,platt_fit,79,1.0472108686356913,-1.0847949349047643,0.34,0.4985203973789896
pond,pond,Probe,250,platt_fit,80,0.8424046828748172,-0.31067819787173984,0.536,0.4985203973789896
pond,pond,Probe,250,platt_fit,81,0.6140138292513554,-0.17715391818584658,0.584,0.4985203973789896
pond,pond,Probe,250,platt_fit,82,0.7542011435437681,-0.9940209634730294,0.432,0.4985203973789896
pond,pond,Probe,250,platt_fit,83,0.559233041764658,-0.7259249469487028,0.392,0.4985203973789896
pond,pond,Probe,250,platt_fit,84,0.7496035913837582,-0.6345177365266264,0.488,0.4985203973789896
pond,pond,Probe,250,platt_fit,85,0.719768457686795,-0.1491985806753889,0.588,0.4985203973789896
pond,pond,Probe,250,platt_fit,86,0.7993246044248368,-0.9326858696013479,0.492,0.4985203973789896
pond,pond,Probe,250,platt_fit,87,0.6390870574271333,-0.6444044364786166,0.512,0.4985203973789896
pond,pond,Probe,250,platt_fit,88,0.6213975000976143,-0.8136901518825743,0.356,0.4985203973789896
pond,pond,Probe,250,platt_fit,89,1.0266443512292982,-0.9508346579702518,0.384,0.4985203973789896
pond,pond,Probe,250,platt_fit,90,0.5992635846128073,-1.2542280941037247,0.3,0.4985203973789896
pond,pond,Probe,250,platt_fit,91,0.5447843369658929,-0.584033239729778,0.416,0.4985203973789896
pond,pond,Probe,250,platt_fit,92,0.6055522189148934,-1.1267807517410506,0.268,0.4985203973789896
pond,pond,Probe,250,platt_fit,93,0.7436395683023748,-0.7256464862156593,0.42,0.4985203973789896
pond,pond,Probe,250,platt_fit,94,0.6248217229333343,-0.795699335353973,0.468,0.4985203973789896
pond,pond,Probe,250,platt_fit,95,0.7453803318941048,-0.19621194842011583,0.58,0.4985203973789896
pond,pond,Probe,250,platt_fit,96,1.2726081998121435,-0.2816279377081577,0.52,0.4985203973789896
pond,pond,Probe,250,platt_fit,97,0.823282090053481,-0.8552415022067856,0.432,0.4985203973789896
pond,pond,Probe,250,platt_fit,98,0.6702316350234522,-0.7353343174989854,0.516,0.4985203973789896
pond,pond,Probe,250,platt_fit,99,0.43647774836614,-0.587585131125149,0.44,0.4985203973789896
pond,pond,NTP,250,platt_fit,0,0.43541643514322315,-0.8910844774403595,0.42,0.4985203973789896
pond,pond,NTP,250,platt_fit,1,0.3390108760475773,-0.8612926197956465,0.356,0.4985203973789896
pond,pond,NTP,250,platt_fit,2,0.388860142721604,-0.3798582080736724,0.568,0.4985203973789896
pond,pond,NTP,250,platt_fit,3,0.42104682980342006,-1.299006837366206,0.308,0.4985203973789896
pond,pond,NTP,250,platt_fit,4,0.6030495102967367,-0.15127339522586167,0.6,0.4985203973789896
pond,pond,NTP,250,platt_fit,5,0.4942810522420535,-0.7651960712372853,0.432,0.4985203973789896
pond,pond,NTP,250,platt_fit,6,0.3284085820678698,-0.6764672052972485,0.436,0.4985203973789896
pond,pond,NTP,250,platt_fit,7,0.280789665358812,0.13343463833686536,0.6,0.4985203973789896
pond,pond,NTP,250,platt_fit,8,0.5530252942504842,-0.816944860356192,0.44,0.4985203973789896
pond,pond,NTP,250,platt_fit,9,0.4848265947475345,-1.037735990045585,0.38,0.4985203973789896
pond,pond,NTP,250,platt_fit,10,0.4202917991350554,-0.7022127194039441,0.428,0.4985203973789896
pond,pond,NTP,250,platt_fit,11,0.3976166680597066,-0.11181199776283983,0.524,0.4985203973789896
pond,pond,NTP,250,platt_fit,12,0.3889863279876529,-0.8215254029578399,0.384,0.4985203973789896
pond,pond,NTP,250,platt_fit,13,0.44910632133102935,-0.5607029184756576,0.488,0.4985203973789896
pond,pond,NTP,250,platt_fit,14,0.6737393140782767,-1.1989726371253018,0.372,0.4985203973789896
pond,pond,NTP,250,platt_fit,15,0.4607534975687754,0.06619812794028429,0.6,0.4985203973789896
pond,pond,NTP,250,platt_fit,16,0.34024068244893557,-0.2848490371418578,0.508,0.4985203973789896
pond,pond,NTP,250,platt_fit,17,0.4946474125036647,-1.1542383448878097,0.392,0.4985203973789896
pond,pond,NTP,250,platt_fit,18,0.37114512500431585,-0.5953815734796756,0.428,0.4985203973789896
pond,pond,NTP,250,platt_fit,19,0.44397298583028877,-0.9937397785751505,0.4,0.4985203973789896
pond,pond,NTP,250,platt_fit,20,0.5155497956038879,-0.4213641852250405,0.516,0.4985203973789896
pond,pond,NTP,250,platt_fit,21,0.6234389524765537,-1.3839537353241818,0.332,0.4985203973789896
pond,pond,NTP,250,platt_fit,22,0.3177502526930301,-0.5656347020970579,0.452,0.4985203973789896
pond,pond,NTP,250,platt_fit,23,0.5453273642153021,-1.4832493020191555,0.312,0.4985203973789896
pond,pond,NTP,250,platt_fit,24,0.35847798672514464,-0.20897385612402555,0.544,0.4985203973789896
pond,pond,NTP,250,platt_fit,25,0.5195823311241076,-0.6804279484246606,0.428,0.4985203973789896
pond,pond,NTP,250,platt_fit,26,0.4173289548861963,-0.8586068992607202,0.452,0.4985203973789896
pond,pond,NTP,250,platt_fit,27,0.4507642164130893,-1.369458333280175,0.324,0.4985203973789896
pond,pond,NTP,250,platt_fit,28,0.46469525917141064,-0.5182973756700003,0.492,0.4985203973789896
pond,pond,NTP,250,platt_fit,29,0.42339149147197597,-0.23887130799762313,0.54,0.4985203973789896
pond,pond,NTP,250,platt_fit,30,0.38878175443986324,-0.3468881030330252,0.5,0.4985203973789896
pond,pond,NTP,250,platt_fit,31,0.5047489797955423,-1.0464582550392911,0.344,0.4985203973789896
pond,pond,NTP,250,platt_fit,32,0.41158479894573524,-0.5160744983455672,0.464,0.4985203973789896
pond,pond,NTP,250,platt_fit,33,0.4446214080379077,-0.713806432029944,0.416,0.4985203973789896
pond,pond,NTP,250,platt_fit,34,0.4135388700451186,-0.34361367329073966,0.512,0.4985203973789896
pond,pond,NTP,250,platt_fit,35,0.41323764667288254,-0.7133111061653572,0.456,0.4985203973789896
pond,pond,NTP,250,platt_fit,36,0.5079070034544947,-0.5005418244581998,0.472,0.4985203973789896
pond,pond,NTP,250,platt_fit,37,0.38894355134004377,-0.6794638762680669,0.416,0.4985203973789896
pond,pond,NTP,250,platt_fit,38,0.2792496519451037,-0.46838323307346424,0.472,0.4985203973789896
pond,pond,NTP,250,platt_fit,39,0.5480121435213154,-1.3756046992731914,0.324,0.4985203973789896
pond,pond,NTP,250,platt_fit,40,0.3494261825470988,-0.63636297460381,0.496,0.4985203973789896
pond,pond,NTP,250,platt_fit,41,0.5068800202206467,-0.8348517189402865,0.396,0.4985203973789896
pond,pond,NTP,250,platt_fit,42,0.5080898327107961,-0.7524027990391379,0.456,0.4985203973789896
pond,pond,NTP,250,platt_fit,43,0.35604089265639555,0.0752925608524334,0.596,0.4985203973789896
pond,pond,NTP,250,platt_fit,44,0.42224162609980337,-1.174360373852646,0.304,0.4985203973789896
pond,pond,NTP,250,platt_fit,45,0.29078858828399873,-0.31665954110105865,0.508,0.4985203973789896
pond,pond,NTP,250,platt_fit,46,0.38721915499256065,-0.6034359138643136,0.476,0.4985203973789896
pond,pond,NTP,250,platt_fit,47,0.4450628028735493,-0.8568955448987208,0.388,0.4985203973789896
pond,pond,NTP,250,platt_fit,48,0.5691939674415694,-0.8975100308462176,0.376,0.4985203973789896
pond,pond,NTP,250,platt_fit,49,0.4375372732066998,-1.0113958023982965,0.34,0.4985203973789896
pond,pond,NTP,250,platt_fit,50,0.4034533680589536,-0.8451719253755792,0.416,0.4985203973789896
pond,pond,NTP,250,platt_fit,51,0.23964914059142822,-0.2628491755337341,0.508,0.4985203973789896
pond,pond,NTP,250,platt_fit,52,0.4726464139698093,-0.5470396579002513,0.524,0.4985203973789896
pond,pond,NTP,250,platt_fit,53,0.4563211700210014,-0.5586171687054157,0.5,0.4985203973789896
pond,pond,NTP,250,platt_fit,54,0.4656588804614303,-0.7396478663541555,0.452,0.4985203973789896
pond,pond,NTP,250,platt_fit,55,0.5039212463412422,-0.7498478746136195,0.452,0.4985203973789896
pond,pond,NTP,250,platt_fit,56,0.3784983151732704,-0.7935483794324922,0.444,0.4985203973789896
pond,pond,NTP,250,platt_fit,57,0.5503076983941593,-0.4804273726778477,0.508,0.4985203973789896
pond,pond,NTP,250,platt_fit,58,0.41832793106731864,-0.9278692151694888,0.336,0.4985203973789896
pond,pond,NTP,250,platt_fit,59,0.5362094119426084,-0.6539464136532008,0.412,0.4985203973789896
pond,pond,NTP,250,platt_fit,60,0.3627636451565818,-0.7918126121950609,0.42,0.4985203973789896
pond,pond,NTP,250,platt_fit,61,0.25326509317306783,-0.3152224374195554,0.492,0.4985203973789896
pond,pond,NTP,250,platt_fit,62,0.40465607280784477,-1.05512971230937,0.368,0.4985203973789896
pond,pond,NTP,250,platt_fit,63,0.3643405310240843,-0.5289218595303522,0.476,0.4985203973789896
pond,pond,NTP,250,platt_fit,64,0.4094756434020192,-0.7007985530675107,0.476,0.4985203973789896
pond,pond,NTP,250,platt_fit,65,0.679397959191694,-0.41129815147448573,0.532,0.4985203973789896
pond,pond,NTP,250,platt_fit,66,0.5255038703835422,-0.9148847271583647,0.36,0.4985203973789896
pond,pond,NTP,250,platt_fit,67,0.4301908872767217,-0.566402668432634,0.46,0.4985203973789896
pond,pond,NTP,250,platt_fit,68,0.4151291178668002,-0.9826153011302138,0.396,0.4985203973789896
pond,pond,NTP,250,platt_fit,69,0.35463324766455,-0.3615342395289987,0.484,0.4985203973789896
pond,pond,NTP,250,platt_fit,70,0.36178681584324424,-0.3408378319316951,0.476,0.4985203973789896
pond,pond,NTP,250,platt_fit,71,0.3951246410321239,-0.7299722109998783,0.396,0.4985203973789896
pond,pond,NTP,250,platt_fit,72,0.3450721280964818,-0.28759830780704077,0.504,0.4985203973789896
pond,pond,NTP,250,platt_fit,73,0.37179287326145444,-0.6497518441856411,0.44,0.4985203973789896
pond,pond,NTP,250,platt_fit,74,0.48409071086221195,-0.8411161001994912,0.412,0.4985203973789896
pond,pond,NTP,250,platt_fit,75,0.5610238511824074,-0.9448418500348954,0.472,0.4985203973789896
pond,pond,NTP,250,platt_fit,76,0.43928272747401637,-0.7147955691129287,0.42,0.4985203973789896
pond,pond,NTP,250,platt_fit,77,0.3740149283073233,-0.5432718317602793,0.488,0.4985203973789896
pond,pond,NTP,250,platt_fit,78,0.3809004116365321,-0.26738427605663173,0.54,0.4985203973789896
pond,pond,NTP,250,platt_fit,79,0.63243543587067,-1.1774568582147122,0.34,0.4985203973789896
pond,pond,NTP,250,platt_fit,80,0.31927685042629683,-0.17643679065450993,0.536,0.4985203973789896
pond,pond,NTP,250,platt_fit,81,0.47690475104726304,-0.19861991220593078,0.584,0.4985203973789896
pond,pond,NTP,250,platt_fit,82,0.5033870920499213,-1.0097346292921914,0.432,0.4985203973789896
pond,pond,NTP,250,platt_fit,83,0.3495118189149109,-0.8851294722256159,0.392,0.4985203973789896
pond,pond,NTP,250,platt_fit,84,0.3636355438518183,-0.4324840724329324,0.488,0.4985203973789896
pond,pond,NTP,250,platt_fit,85,0.35586916742831476,-0.0008664614694492323,0.588,0.4985203973789896
pond,pond,NTP,250,platt_fit,86,0.5486691111409105,-0.7088114728622126,0.492,0.4985203973789896
pond,pond,NTP,250,platt_fit,87,0.41668842601127687,-0.5776597664772376,0.512,0.4985203973789896
pond,pond,NTP,250,platt_fit,88,0.5604013877942511,-1.2772349952126807,0.356,0.4985203973789896
pond,pond,NTP,250,platt_fit,89,0.6771923794746737,-1.1346570085005268,0.384,0.4985203973789896
pond,pond,NTP,250,platt_fit,90,0.4677055752843809,-1.3651767346015513,0.3,0.4985203973789896
pond,pond,NTP,250,platt_fit,91,0.36029927929924527,-0.8405698577395474,0.416,0.4985203973789896
pond,pond,NTP,250,platt_fit,92,0.4399809089931357,-1.4085236111497796,0.268,0.4985203973789896
pond,pond,NTP,250,platt_fit,93,0.5068684524683886,-0.9466987502883912,0.42,0.4985203973789896
pond,pond,NTP,250,platt_fit,94,0.29796234125638,-0.4991019992305657,0.468,0.4985203973789896
pond,pond,NTP,250,platt_fit,95,0.29197532082039634,-0.046180349708776734,0.58,0.4985203973789896
pond,pond,NTP,250,platt_fit,96,0.431999904538852,-0.22208180563483984,0.52,0.4985203973789896
pond,pond,NTP,250,platt_fit,97,0.45708938980182257,-0.7860285424942729,0.432,0.4985203973789896
pond,pond,NTP,250,platt_fit,98,0.42167031506151265,-0.5036518352111707,0.516,0.4985203973789896
pond,pond,NTP,250,platt_fit,99,0.2515329076373965,-0.5029340464263125,0.44,0.4985203973789896
pond,pond,Probe,500,platt_fit,0,0.9230945730695702,-1.0605339012494637,0.434,0.4985203973789896
pond,pond,Probe,500,platt_fit,1,0.6760129720004457,-0.7633076831538501,0.39,0.4985203973789896
pond,pond,Probe,500,platt_fit,2,0.6119343512980365,-0.6545584833467356,0.47,0.4985203973789896
pond,pond,Probe,500,platt_fit,3,0.6274281943353373,-1.12949309673967,0.28,0.4985203973789896
pond,pond,Probe,500,platt_fit,4,1.1935287736544853,-0.07581986623480848,0.588,0.4985203973789896
pond,pond,Probe,500,platt_fit,5,0.6384917642728215,-0.6847932469973519,0.386,0.4985203973789896
pond,pond,Probe,500,platt_fit,6,0.5637306967698911,-0.7783154370733623,0.406,0.4985203973789896
pond,pond,Probe,500,platt_fit,7,0.859774836481282,-0.38246629336085614,0.502,0.4985203973789896
pond,pond,Probe,500,platt_fit,8,0.6753317123587279,-0.387473214778375,0.466,0.4985203973789896
pond,pond,Probe,500,platt_fit,9,0.6785434957771931,-1.0127766752239575,0.386,0.4985203973789896
pond,pond,Probe,500,platt_fit,10,0.6082229936948383,-0.7159988258261264,0.44,0.4985203973789896
pond,pond,Probe,500,platt_fit,11,1.0942599531250041,-0.5372935730819511,0.494,0.4985203973789896
pond,pond,Probe,500,platt_fit,12,0.6987866712087573,-0.8803929703602947,0.384,0.4985203973789896
pond,pond,Probe,500,platt_fit,13,0.9230096059579898,-0.8656501708128442,0.48,0.4985203973789896
pond,pond,Probe,500,platt_fit,14,0.6662829468731482,-1.1426936513590824,0.36,0.4985203973789896
pond,pond,Probe,500,platt_fit,15,1.0521792412586837,-0.26293969870898887,0.546,0.4985203973789896
pond,pond,Probe,500,platt_fit,16,0.5037773502374402,-0.46408530578552115,0.49,0.4985203973789896
pond,pond,Probe,500,platt_fit,17,0.7107367307207436,-1.009508583599883,0.36,0.4985203973789896
pond,pond,Probe,500,platt_fit,18,0.701776507438145,-0.8773426773464267,0.422,0.4985203973789896
pond,pond,Probe,500,platt_fit,19,0.7495202203626532,-1.0989755546373299,0.4,0.4985203973789896
pond,pond,Probe,500,platt_fit,20,0.9208565385081158,-0.2584306482849631,0.48,0.4985203973789896
pond,pond,Probe,500,platt_fit,21,0.8167982675314598,-1.1188155651939231,0.324,0.4985203973789896
pond,pond,Probe,500,platt_fit,22,0.41751702751593767,-0.3296943916953325,0.51,0.4985203973789896
pond,pond,Probe,500,platt_fit,23,0.7774803567528225,-1.2150866091761432,0.356,0.4985203973789896
pond,pond,Probe,500,platt_fit,24,0.7631987264739271,-0.5115569489418297,0.482,0.4985203973789896
pond,pond,Probe,500,platt_fit,25,0.7068645914888324,-0.40914592437497777,0.422,0.4985203973789896
pond,pond,Probe,500,platt_fit,26,0.5644921670277837,-0.8257977715526225,0.422,0.4985203973789896
pond,pond,Probe,500,platt_fit,27,0.7482554805326694,-1.1451080986527684,0.36,0.4985203973789896
pond,pond,Probe,500,platt_fit,28,0.83419802612998,-1.0343893508230755,0.448,0.4985203973789896
pond,pond,Probe,500,platt_fit,29,0.7126678374808607,-0.8117802650271789,0.436,0.4985203973789896
pond,pond,Probe,500,platt_fit,30,0.9927936923216285,-0.27764671357012183,0.524,0.4985203973789896
pond,pond,Probe,500,platt_fit,31,0.6834223602660265,-0.8739627143339299,0.336,0.4985203973789896
pond,pond,Probe,500,platt_fit,32,0.6340242825138971,-0.5270150009410207,0.424,0.4985203973789896
pond,pond,Probe,500,platt_fit,33,0.8977209308936009,-1.0673134550197867,0.392,0.4985203973789896
pond,pond,Probe,500,platt_fit,34,0.7282117944586204,-0.5650108344691839,0.434,0.4985203973789896
pond,pond,Probe,500,platt_fit,35,0.6759288201493505,-1.1544234196154561,0.38,0.4985203973789896
pond,pond,Probe,500,platt_fit,36,0.7191263050753959,-0.6452133244603286,0.526,0.4985203973789896
pond,pond,Probe,500,platt_fit,37,0.734648983256183,-0.8022134653259045,0.394,0.4985203973789896
pond,pond,Probe,500,platt_fit,38,0.7354449554225654,-0.4367976966504974,0.452,0.4985203973789896
pond,pond,Probe,500,platt_fit,39,0.6940446113027172,-0.9559178049222982,0.348,0.4985203973789896
pond,pond,Probe,500,platt_fit,40,0.8477529356329118,-1.0918634915841996,0.468,0.4985203973789896
pond,pond,Probe,500,platt_fit,41,0.7654129080345768,-0.6972435563000817,0.434,0.4985203973789896
pond,pond,Probe,500,platt_fit,42,0.7131239065498196,-0.8225421115551371,0.42,0.4985203973789896
pond,pond,Probe,500,platt_fit,43,0.7342664079309841,-0.393629496017401,0.53,0.4985203973789896
pond,pond,Probe,500,platt_fit,44,0.6222484360588568,-0.7543187781092926,0.372,0.4985203973789896
pond,pond,Probe,500,platt_fit,45,0.45778748130328534,-0.2680999334613852,0.564,0.4985203973789896
pond,pond,Probe,500,platt_fit,46,0.652602719638643,-0.8692534138438581,0.436,0.4985203973789896
pond,pond,Probe,500,platt_fit,47,0.6423395883365195,-0.7589574005268657,0.404,0.4985203973789896
pond,pond,Probe,500,platt_fit,48,0.7479115172712442,-0.8848278097355445,0.394,0.4985203973789896
pond,pond,Probe,500,platt_fit,49,0.8914931599195616,-1.0577760462322892,0.356,0.4985203973789896
pond,pond,Probe,500,platt_fit,50,0.6688256326501629,-0.7898810371521419,0.408,0.4985203973789896
pond,pond,Probe,500,platt_fit,51,0.5998811882847817,-0.45937037904660505,0.462,0.4985203973789896
pond,pond,Probe,500,platt_fit,52,0.9052877843059618,-1.3506950062045502,0.452,0.4985203973789896
pond,pond,Probe,500,platt_fit,53,0.723529446146246,-0.5818205279818396,0.442,0.4985203973789896
pond,pond,Probe,500,platt_fit,54,0.7023584344390029,-0.7799226738479615,0.43,0.4985203973789896
pond,pond,Probe,500,platt_fit,55,0.7636604582262422,-1.062611901706049,0.406,0.4985203973789896
pond,pond,Probe,500,platt_fit,56,0.5393663117939267,-0.7621904409647093,0.424,0.4985203973789896
pond,pond,Probe,500,platt_fit,57,0.7923024201421088,-0.8122147018608016,0.496,0.4985203973789896
pond,pond,Probe,500,platt_fit,58,0.8635730535958108,-1.0710883069868689,0.386,0.4985203973789896
pond,pond,Probe,500,platt_fit,59,0.6635954994738854,-0.38597729583853546,0.45,0.4985203973789896
pond,pond,Probe,500,platt_fit,60,0.7758351335306263,-0.8720295792364859,0.43,0.4985203973789896
pond,pond,Probe,500,platt_fit,61,0.6364327245684549,-0.4944865182799217,0.468,0.4985203973789896
pond,pond,Probe,500,platt_fit,62,0.6400444395289788,-0.9272778046636769,0.364,0.4985203973789896
pond,pond,Probe,500,platt_fit,63,0.8291565857560036,-0.8578458121412517,0.48,0.4985203973789896
pond,pond,Probe,500,platt_fit,64,0.6970872554997872,-0.48362817415254444,0.488,0.4985203973789896
pond,pond,Probe,500,platt_fit,65,0.9372713714769338,-0.4062969318204524,0.454,0.4985203973789896
pond,pond,Probe,500,platt_fit,66,0.7923576756721752,-0.671391340338203,0.426,0.4985203973789896
pond,pond,Probe,500,platt_fit,67,0.9926131200105297,-0.7696610364461667,0.518,0.4985203973789896
pond,pond,Probe,500,platt_fit,68,0.7262710232699001,-0.9013222559922547,0.398,0.4985203973789896
pond,pond,Probe,500,platt_fit,69,0.8276103099856944,-0.46422949270447206,0.502,0.4985203973789896
pond,pond,Probe,500,platt_fit,70,0.5723323736302471,-0.6078511952328253,0.43,0.4985203973789896
pond,pond,Probe,500,platt_fit,71,0.7450864004785902,-0.9511867602750427,0.356,0.4985203973789896
pond,pond,Probe,500,platt_fit,72,1.1340365123392162,-0.5061768915997287,0.504,0.4985203973789896
pond,pond,Probe,500,platt_fit,73,0.6664880726147389,-0.7959256363630853,0.432,0.4985203973789896
pond,pond,Probe,500,platt_fit,74,0.6834775093831115,-0.6280860035438585,0.404,0.4985203973789896
pond,pond,Probe,500,platt_fit,75,0.5778924683161468,-0.5617526219006613,0.53,0.4985203973789896
pond,pond,Probe,500,platt_fit,76,0.6713819307831069,-0.5993124334671545,0.402,0.4985203973789896
pond,pond,Probe,500,platt_fit,77,0.8281955565011964,-1.1655534499746885,0.49,0.4985203973789896
pond,pond,Probe,500,platt_fit,78,0.747644442733363,-0.6806202189901237,0.482,0.4985203973789896
pond,pond,Probe,500,platt_fit,79,0.8191093845624279,-0.7922069858692136,0.408,0.4985203973789896
pond,pond,Probe,500,platt_fit,80,0.6922339726040261,-0.2211564898414482,0.538,0.4985203973789896
pond,pond,Probe,500,platt_fit,81,0.5848813923069457,-0.19385935987462763,0.578,0.4985203973789896
pond,pond,Probe,500,platt_fit,82,0.7427445787509656,-1.2273805202244468,0.37,0.4985203973789896
pond,pond,Probe,500,platt_fit,83,0.7845741905879026,-0.6619902659950908,0.424,0.4985203973789896
pond,pond,Probe,500,platt_fit,84,0.7135089522308057,-0.6763128688793288,0.454,0.4985203973789896
pond,pond,Probe,500,platt_fit,85,0.5949718036924506,-0.26464422779991065,0.566,0.4985203973789896
pond,pond,Probe,500,platt_fit,86,0.7078791413689879,-0.9598345205127431,0.428,0.4985203973789896
pond,pond,Probe,500,platt_fit,87,0.6284275947030081,-0.9054893860276011,0.442,0.4985203973789896
pond,pond,Probe,500,platt_fit,88,0.7508929207189025,-1.0385513406181872,0.358,0.4985203973789896
pond,pond,Probe,500,platt_fit,89,1.0804992404318994,-0.7018149933200968,0.418,0.4985203973789896
pond,pond,Probe,500,platt_fit,90,0.608481743711466,-1.001907739942013,0.388,0.4985203973789896
pond,pond,Probe,500,platt_fit,91,0.6391624159281932,-0.5147472940264692,0.448,0.4985203973789896
pond,pond,Probe,500,platt_fit,92,0.7734617018828505,-0.8641336920932426,0.336,0.4985203973789896
pond,pond,Probe,500,platt_fit,93,0.609835675423569,-0.8052718141744208,0.362,0.4985203973789896
pond,pond,Probe,500,platt_fit,94,0.7530689518379865,-0.947199055089855,0.454,0.4985203973789896
pond,pond,Probe,500,platt_fit,95,0.8243298587086029,-0.4543392759573409,0.518,0.4985203973789896
pond,pond,Probe,500,platt_fit,96,0.8720927255525299,-0.19874082264687853,0.552,0.4985203973789896
pond,pond,Probe,500,platt_fit,97,0.6990051987645471,-0.40843985906916264,0.498,0.4985203973789896
pond,pond,Probe,500,platt_fit,98,0.7058300709865325,-0.8815375027004825,0.468,0.4985203973789896
pond,pond,Probe,500,platt_fit,99,0.36026731774627446,-0.5907640580605089,0.428,0.4985203973789896
pond,pond,NTP,500,platt_fit,0,0.4384257863678425,-0.7574599496963045,0.434,0.4985203973789896
pond,pond,NTP,500,platt_fit,1,0.49582192928526203,-0.9437720667686652,0.39,0.4985203973789896
pond,pond,NTP,500,platt_fit,2,0.37363916535175173,-0.6272866024706979,0.47,0.4985203973789896
pond,pond,NTP,500,platt_fit,3,0.5054660176039827,-1.5292635614347654,0.28,0.4985203973789896
pond,pond,NTP,500,platt_fit,4,0.5106185925908593,0.0004692323602829132,0.588,0.4985203973789896
pond,pond,NTP,500,platt_fit,5,0.37710040123154887,-0.8419606933548544,0.386,0.4985203973789896
pond,pond,NTP,500,platt_fit,6,0.3558206014367702,-0.8071033787065707,0.406,0.4985203973789896
pond,pond,NTP,500,platt_fit,7,0.30881705536362064,-0.2837206472675572,0.502,0.4985203973789896
pond,pond,NTP,500,platt_fit,8,0.4097890700158499,-0.5730745641071691,0.466,0.4985203973789896
pond,pond,NTP,500,platt_fit,9,0.43071459983923266,-1.0029442911671071,0.386,0.4985203973789896
pond,pond,NTP,500,platt_fit,10,0.3994461804225165,-0.6641297794316888,0.44,0.4985203973789896
pond,pond,NTP,500,platt_fit,11,0.45384908511084127,-0.31993809517351157,0.494,0.4985203973789896
pond,pond,NTP,500,platt_fit,12,0.4495360145744323,-0.9549708624052056,0.384,0.4985203973789896
pond,pond,NTP,500,platt_fit,13,0.5979390148041085,-0.6562973031035632,0.48,0.4985203973789896
pond,pond,NTP,500,platt_fit,14,0.4471951596054309,-1.135335045253026,0.36,0.4985203973789896
pond,pond,NTP,500,platt_fit,15,0.4699653936452463,-0.23647453023040688,0.546,0.4985203973789896
pond,pond,NTP,500,platt_fit,16,0.31295614042096165,-0.34719548135114964,0.49,0.4985203973789896
pond,pond,NTP,500,platt_fit,17,0.4785569593565739,-1.1277416433864689,0.36,0.4985203973789896
pond,pond,NTP,500,platt_fit,18,0.397534755051694,-0.7509501379100122,0.422,0.4985203973789896
pond,pond,NTP,500,platt_fit,19,0.4952812652117714,-1.0133919517775416,0.4,0.4985203973789896
pond,pond,NTP,500,platt_fit,20,0.5754341554791622,-0.6360473016034544,0.48,0.4985203973789896
pond,pond,NTP,500,platt_fit,21,0.6118738817229367,-1.3849167448855955,0.324,0.4985203973789896
pond,pond,NTP,500,platt_fit,22,0.3060874518341291,-0.28563906240758674,0.51,0.4985203973789896
pond,pond,NTP,500,platt_fit,23,0.546485470922507,-1.2682188694881884,0.356,0.4985203973789896
pond,pond,NTP,500,platt_fit,24,0.337590511438383,-0.4794667634537897,0.482,0.4985203973789896
pond,pond,NTP,500,platt_fit,25,0.5148931752956085,-0.7406331691903437,0.422,0.4985203973789896
pond,pond,NTP,500,platt_fit,26,0.42376423064889596,-0.8617572300173162,0.422,0.4985203973789896
pond,pond,NTP,500,platt_fit,27,0.5217736934151205,-1.1985845100237307,0.36,0.4985203973789896
pond,pond,NTP,500,platt_fit,28,0.4248350698376524,-0.6560445076692807,0.448,0.4985203973789896
pond,pond,NTP,500,platt_fit,29,0.336708638611069,-0.5754446336356116,0.436,0.4985203973789896
pond,pond,NTP,500,platt_fit,30,0.4101939677830717,-0.24823174992754674,0.524,0.4985203973789896
pond,pond,NTP,500,platt_fit,31,0.46744572973752296,-1.1667922887896829,0.336,0.4985203973789896
pond,pond,NTP,500,platt_fit,32,0.3889616239512363,-0.6513273131067787,0.424,0.4985203973789896
pond,pond,NTP,500,platt_fit,33,0.4087317767622677,-0.8331234162776293,0.392,0.4985203973789896
pond,pond,NTP,500,platt_fit,34,0.44427796752724313,-0.725149579972745,0.434,0.4985203973789896
pond,pond,NTP,500,platt_fit,35,0.3357068714614297,-0.960368032620561,0.38,0.4985203973789896
pond,pond,NTP,500,platt_fit,36,0.36759187314337366,-0.24887427097591214,0.526,0.4985203973789896
pond,pond,NTP,500,platt_fit,37,0.404939685668749,-0.7953900095275075,0.394,0.4985203973789896
pond,pond,NTP,500,platt_fit,38,0.4058032715231264,-0.6107825500762328,0.452,0.4985203973789896
pond,pond,NTP,500,platt_fit,39,0.5549956448170155,-1.1821413837283867,0.348,0.4985203973789896
pond,pond,NTP,500,platt_fit,40,0.40011032654198664,-0.7181619876975172,0.468,0.4985203973789896
pond,pond,NTP,500,platt_fit,41,0.5168593165281341,-0.6662563078359556,0.434,0.4985203973789896
pond,pond,NTP,500,platt_fit,42,0.46666355105740553,-0.7932199862155509,0.42,0.4985203973789896
pond,pond,NTP,500,platt_fit,43,0.39028751885459784,-0.2527037172342271,0.53,0.4985203973789896
pond,pond,NTP,500,platt_fit,44,0.36206477021545524,-0.8846129223566841,0.372,0.4985203973789896
pond,pond,NTP,500,platt_fit,45,0.3273696012508394,-0.21039080921728995,0.564,0.4985203973789896
pond,pond,NTP,500,platt_fit,46,0.35842068778400343,-0.7360364528061852,0.436,0.4985203973789896
pond,pond,NTP,500,platt_fit,47,0.4698627656960647,-0.8941475395211148,0.404,0.4985203973789896
pond,pond,NTP,500,platt_fit,48,0.5468457685577127,-0.9100103382104866,0.394,0.4985203973789896
pond,pond,NTP,500,platt_fit,49,0.457266987764581,-1.0188198739200383,0.356,0.4985203973789896
pond,pond,NTP,500,platt_fit,50,0.41796993151061074,-0.8765619601844261,0.408,0.4985203973789896
pond,pond,NTP,500,platt_fit,51,0.23650869259673496,-0.3562863098148121,0.462,0.4985203973789896
pond,pond,NTP,500,platt_fit,52,0.4673802056076751,-0.7193877050872287,0.452,0.4985203973789896
pond,pond,NTP,500,platt_fit,53,0.5188848117233447,-0.7861818476709185,0.442,0.4985203973789896
pond,pond,NTP,500,platt_fit,54,0.438906939174656,-0.8873189324707157,0.43,0.4985203973789896
pond,pond,NTP,500,platt_fit,55,0.4048253700338867,-0.7878274717015352,0.406,0.4985203973789896
pond,pond,NTP,500,platt_fit,56,0.3346205861933073,-0.7617963215596908,0.424,0.4985203973789896
pond,pond,NTP,500,platt_fit,57,0.5234063007041301,-0.6371577008111882,0.496,0.4985203973789896
pond,pond,NTP,500,platt_fit,58,0.5428796850250551,-0.8538309178747165,0.386,0.4985203973789896
pond,pond,NTP,500,platt_fit,59,0.3238233610703708,-0.4480059870680201,0.45,0.4985203973789896
pond,pond,NTP,500,platt_fit,60,0.3720801981630798,-0.7834693923493894,0.43,0.4985203973789896
pond,pond,NTP,500,platt_fit,61,0.28338529410075974,-0.4127624069287825,0.468,0.4985203973789896
pond,pond,NTP,500,platt_fit,62,0.5405271681843858,-1.1746733853470381,0.364,0.4985203973789896
pond,pond,NTP,500,platt_fit,63,0.474154282797693,-0.5278676493983925,0.48,0.4985203973789896
pond,pond,NTP,500,platt_fit,64,0.37796957470817005,-0.5173124184389217,0.488,0.4985203973789896
pond,pond,NTP,500,platt_fit,65,0.6196945150965929,-0.6814793858824364,0.454,0.4985203973789896
pond,pond,NTP,500,platt_fit,66,0.4381538997404752,-0.6112453182569354,0.426,0.4985203973789896
pond,pond,NTP,500,platt_fit,67,0.4653080300279275,-0.29891391349705615,0.518,0.4985203973789896
pond,pond,NTP,500,platt_fit,68,0.4609634436584176,-1.0617897037045922,0.398,0.4985203973789896
pond,pond,NTP,500,platt_fit,69,0.3094567091625814,-0.26296498124769024,0.502,0.4985203973789896
pond,pond,NTP,500,platt_fit,70,0.31639290415394705,-0.44821933035150335,0.43,0.4985203973789896
pond,pond,NTP,500,platt_fit,71,0.47745878013818877,-1.019320573766964,0.356,0.4985203973789896
pond,pond,NTP,500,platt_fit,72,0.3572868521701549,-0.29557737683649654,0.504,0.4985203973789896
pond,pond,NTP,500,platt_fit,73,0.39000140578961334,-0.767876500501356,0.432,0.4985203973789896
pond,pond,NTP,500,platt_fit,74,0.4055071092022972,-0.7789440403107977,0.404,0.4985203973789896
pond,pond,NTP,500,platt_fit,75,0.4212389980927507,-0.5043151762994171,0.53,0.4985203973789896
pond,pond,NTP,500,platt_fit,76,0.4272517492327988,-0.860924712783779,0.402,0.4985203973789896
pond,pond,NTP,500,platt_fit,77,0.38909339740790716,-0.5676729776517287,0.49,0.4985203973789896
pond,pond,NTP,500,platt_fit,78,0.3878688862921069,-0.5904682199170534,0.482,0.4985203973789896
pond,pond,NTP,500,platt_fit,79,0.5424414331824771,-0.9228497279076661,0.408,0.4985203973789896
pond,pond,NTP,500,platt_fit,80,0.26221806378978546,-0.10507024506160152,0.538,0.4985203973789896
pond,pond,NTP,500,platt_fit,81,0.2400877042339018,-0.009925751212312334,0.578,0.4985203973789896
pond,pond,NTP,500,platt_fit,82,0.48918527876975554,-1.2890298999196947,0.37,0.4985203973789896
pond,pond,NTP,500,platt_fit,83,0.43277243189900744,-0.8453489756705269,0.424,0.4985203973789896
pond,pond,NTP,500,platt_fit,84,0.4485041545737594,-0.6417158878272338,0.454,0.4985203973789896
pond,pond,NTP,500,platt_fit,85,0.3547842569458287,-0.12360731226244619,0.566,0.4985203973789896
pond,pond,NTP,500,platt_fit,86,0.49874783262196837,-0.7553240205591333,0.428,0.4985203973789896
pond,pond,NTP,500,platt_fit,87,0.3333634799364446,-0.6849705960974379,0.442,0.4985203973789896
pond,pond,NTP,500,platt_fit,88,0.5674648089327811,-1.191624859190692,0.358,0.4985203973789896
pond,pond,NTP,500,platt_fit,89,0.6738816848589817,-0.8487276785171851,0.418,0.4985203973789896
pond,pond,NTP,500,platt_fit,90,0.4302253516286538,-0.9991854942304699,0.388,0.4985203973789896
pond,pond,NTP,500,platt_fit,91,0.3495872163985322,-0.6821175380525801,0.448,0.4985203973789896
pond,pond,NTP,500,platt_fit,92,0.5748757193452502,-1.276447813915118,0.336,0.4985203973789896
pond,pond,NTP,500,platt_fit,93,0.4172374300846285,-1.0572446477052013,0.362,0.4985203973789896
pond,pond,NTP,500,platt_fit,94,0.40348461238243344,-0.691357094336956,0.454,0.4985203973789896
pond,pond,NTP,500,platt_fit,95,0.3250170803465652,-0.3373473056048619,0.518,0.4985203973789896
pond,pond,NTP,500,platt_fit,96,0.36146767718696665,-0.09100623738247311,0.552,0.4985203973789896
pond,pond,NTP,500,platt_fit,97,0.3677043155205242,-0.387341511243623,0.498,0.4985203973789896
pond,pond,NTP,500,platt_fit,98,0.409180779099382,-0.5411999496373123,0.468,0.4985203973789896
pond,pond,NTP,500,platt_fit,99,0.28849545391598536,-0.6218556668777669,0.428,0.4985203973789896
pond,pond,Probe,1000,platt_fit,0,0.690629316611153,-0.9266654341461081,0.418,0.4985203973789896
pond,pond,Probe,1000,platt_fit,1,0.6545420359448095,-0.7942197312577675,0.389,0.4985203973789896
pond,pond,Probe,1000,platt_fit,2,0.6080669970645013,-0.5971998007737414,0.496,0.4985203973789896
pond,pond,Probe,1000,platt_fit,3,0.6290119323252594,-1.0679921913463466,0.295,0.4985203973789896
pond,pond,Probe,1000,platt_fit,4,1.4247417540919762,-0.32522459858131075,0.576,0.4985203973789896
pond,pond,Probe,1000,platt_fit,5,0.7125186354146655,-0.6592581144433907,0.393,0.4985203973789896
pond,pond,Probe,1000,platt_fit,6,0.573879370336628,-0.8306706684588648,0.401,0.4985203973789896
pond,pond,Probe,1000,platt_fit,7,0.6760943048786806,-0.3414498404925151,0.508,0.4985203973789896
pond,pond,Probe,1000,platt_fit,8,0.6814079581267085,-0.4985903405833096,0.44,0.4985203973789896
pond,pond,Probe,1000,platt_fit,9,0.7356382875379405,-1.0582600762408385,0.4,0.4985203973789896
pond,pond,Probe,1000,platt_fit,10,0.7329047431747586,-0.8833886708289107,0.444,0.4985203973789896
pond,pond,Probe,1000,platt_fit,11,1.0381502146203194,-0.4686667365029452,0.497,0.4985203973789896
pond,pond,Probe,1000,platt_fit,12,0.5990590805005017,-0.7880558185519747,0.376,0.4985203973789896
pond,pond,Probe,1000,platt_fit,13,0.8965848372000664,-0.6907947956489674,0.503,0.4985203973789896
pond,pond,Probe,1000,platt_fit,14,0.703186957696499,-0.9903210165414852,0.377,0.4985203973789896
pond,pond,Probe,1000,platt_fit,15,0.8841897725735596,-0.28324308249016106,0.544,0.4985203973789896
pond,pond,Probe,1000,platt_fit,16,0.702322678545376,-0.7645897874689058,0.46,0.4985203973789896
pond,pond,Probe,1000,platt_fit,17,0.7206984430872206,-1.1232893990925996,0.355,0.4985203973789896
pond,pond,Probe,1000,platt_fit,18,0.6509951506688955,-0.7394611581159694,0.441,0.4985203973789896
pond,pond,Probe,1000,platt_fit,19,0.7660759049216705,-1.048031721570537,0.413,0.4985203973789896
pond,pond,Probe,1000,platt_fit,20,0.8471107964942114,-0.06458353904193107,0.553,0.4985203973789896
pond,pond,Probe,1000,platt_fit,21,0.7402976940531563,-0.9979814053994989,0.333,0.4985203973789896
pond,pond,Probe,1000,platt_fit,22,0.6777408249393921,-0.4263532141098328,0.534,0.4985203973789896
pond,pond,Probe,1000,platt_fit,23,0.720820682535152,-1.2120167468177234,0.331,0.4985203973789896
pond,pond,Probe,1000,platt_fit,24,0.6972630382097426,-0.32569374698063347,0.524,0.4985203973789896
pond,pond,Probe,1000,platt_fit,25,0.7269877015690761,-0.4752787252218076,0.41,0.4985203973789896
pond,pond,Probe,1000,platt_fit,26,0.6768595368843568,-0.9071492529593014,0.454,0.4985203973789896
pond,pond,Probe,1000,platt_fit,27,0.6774597687818803,-1.0317802094630624,0.373,0.4985203973789896
pond,pond,Probe,1000,platt_fit,28,0.7816956856713795,-0.9338389262876937,0.45,0.4985203973789896
pond,pond,Probe,1000,platt_fit,29,0.6979814348485837,-0.746156358330525,0.461,0.4985203973789896
pond,pond,Probe,1000,platt_fit,30,0.818183537414456,-0.06549178907253039,0.56,0.4985203973789896
pond,pond,Probe,1000,platt_fit,31,0.6989356072233402,-0.7777689273885692,0.374,0.4985203973789896
pond,pond,Probe,1000,platt_fit,32,0.7411536807598716,-0.42956622096372793,0.454,0.4985203973789896
pond,pond,Probe,1000,platt_fit,33,0.6614706211533453,-0.7377691455862166,0.43,0.4985203973789896
pond,pond,Probe,1000,platt_fit,34,0.7069656791733574,-0.4681055369972315,0.454,0.4985203973789896
pond,pond,Probe,1000,platt_fit,35,0.6427575163584965,-0.7961927313501844,0.448,0.4985203973789896
pond,pond,Probe,1000,platt_fit,36,0.7269118600445635,-0.8474150753580183,0.474,0.4985203973789896
pond,pond,Probe,1000,platt_fit,37,0.7531641681604591,-0.7544554093388679,0.408,0.4985203973789896
pond,pond,Probe,1000,platt_fit,38,0.7537921700120936,-0.7239828630857481,0.407,0.4985203973789896
pond,pond,Probe,1000,platt_fit,39,0.6649782911737048,-0.9858295710989396,0.34,0.4985203973789896
pond,pond,Probe,1000,platt_fit,40,0.7570071538739138,-0.9996705560205585,0.469,0.4985203973789896
pond,pond,Probe,1000,platt_fit,41,0.7957076468995069,-0.5957669317204201,0.45,0.4985203973789896
pond,pond,Probe,1000,platt_fit,42,0.637875016587817,-0.6006117909532076,0.451,0.4985203973789896
pond,pond,Probe,1000,platt_fit,43,0.7914108312095018,-0.4104357943136713,0.545,0.4985203973789896
pond,pond,Probe,1000,platt_fit,44,0.7373650152339571,-0.7386262117993418,0.379,0.4985203973789896
pond,pond,Probe,1000,platt_fit,45,0.5357757912325775,-0.5024738276986787,0.527,0.4985203973789896
pond,pond,Probe,1000,platt_fit,46,0.6706529966405028,-0.9891696097176316,0.406,0.4985203973789896
pond,pond,Probe,1000,platt_fit,47,0.7535100327734546,-0.7271017209238705,0.435,0.4985203973789896
pond,pond,Probe,1000,platt_fit,48,0.8043935047382959,-0.8946998113987986,0.408,0.4985203973789896
pond,pond,Probe,1000,platt_fit,49,0.7840717628927347,-0.948341303814147,0.362,0.4985203973789896
pond,pond,Probe,1000,platt_fit,50,0.6797530389333599,-0.8774316639314317,0.418,0.4985203973789896
pond,pond,Probe,1000,platt_fit,51,0.5344132992568492,-0.43174331578318476,0.475,0.4985203973789896
pond,pond,Probe,1000,platt_fit,52,0.7568912063165916,-1.073996232642387,0.462,0.4985203973789896
pond,pond,Probe,1000,platt_fit,53,0.6980645146370859,-0.5497426805110166,0.442,0.4985203973789896
pond,pond,Probe,1000,platt_fit,54,0.638366195867732,-0.7285836534623586,0.427,0.4985203973789896
pond,pond,Probe,1000,platt_fit,55,0.7181244513611911,-0.8321066384969134,0.456,0.4985203973789896
pond,pond,Probe,1000,platt_fit,56,0.5954983222185428,-0.7759885921096902,0.437,0.4985203973789896
pond,pond,Probe,1000,platt_fit,57,0.7069738115121114,-0.7199134407641481,0.478,0.4985203973789896
pond,pond,Probe,1000,platt_fit,58,0.8769284433650946,-1.2248449751025567,0.37,0.4985203973789896
pond,pond,Probe,1000,platt_fit,59,0.7515203058935537,-0.6309970373536122,0.409,0.4985203973789896
pond,pond,Probe,1000,platt_fit,60,0.7931082829373741,-0.9812686488981729,0.423,0.4985203973789896
pond,pond,Probe,1000,platt_fit,61,0.5778133190601337,-0.29593759529354136,0.51,0.4985203973789896
pond,pond,Probe,1000,platt_fit,62,0.6511544649289054,-0.952955726129585,0.358,0.4985203973789896
pond,pond,Probe,1000,platt_fit,63,0.8024730795329302,-0.8478833606525813,0.476,0.4985203973789896
pond,pond,Probe,1000,platt_fit,64,0.6398591052691414,-0.5241209678136017,0.461,0.4985203973789896
pond,pond,Probe,1000,platt_fit,65,0.7514237953468453,-0.28878071407022693,0.443,0.4985203973789896
pond,pond,Probe,1000,platt_fit,66,0.9474172420560618,-0.7506244901734415,0.417,0.4985203973789896
pond,pond,Probe,1000,platt_fit,67,0.8065078995246335,-0.6204006039484968,0.492,0.4985203973789896
pond,pond,Probe,1000,platt_fit,68,0.6925998742420005,-1.0451682982801929,0.351,0.4985203973789896
pond,pond,Probe,1000,platt_fit,69,0.7462496863032556,-0.35471122627632534,0.512,0.4985203973789896
pond,pond,Probe,1000,platt_fit,70,0.5870797092765716,-0.5161436592228655,0.455,0.4985203973789896
pond,pond,Probe,1000,platt_fit,71,0.72944743526503,-0.9311313890028847,0.375,0.4985203973789896
pond,pond,Probe,1000,platt_fit,72,1.2082858988451153,-0.5700360246107753,0.485,0.4985203973789896
pond,pond,Probe,1000,platt_fit,73,0.7392892805769977,-0.7632535577802517,0.433,0.4985203973789896
pond,pond,Probe,1000,platt_fit,74,0.6710892539103656,-0.6613854343761645,0.404,0.4985203973789896
pond,pond,Probe,1000,platt_fit,75,0.6138903223826385,-0.5495870910753328,0.54,0.4985203973789896
pond,pond,Probe,1000,platt_fit,76,0.8081494417091886,-0.6288839298102917,0.415,0.4985203973789896
pond,pond,Probe,1000,platt_fit,77,0.8569543313000156,-1.3244954496787151,0.466,0.4985203973789896
pond,pond,Probe,1000,platt_fit,78,0.7192903213751959,-0.6263811785401581,0.501,0.4985203973789896
pond,pond,Probe,1000,platt_fit,79,0.7749020515359409,-0.8924945909817966,0.358,0.4985203973789896
pond,pond,Probe,1000,platt_fit,80,0.6714475068456219,-0.24461918745382147,0.541,0.4985203973789896
pond,pond,Probe,1000,platt_fit,81,0.46825725441742905,-0.1948646053872513,0.56,0.4985203973789896
pond,pond,Probe,1000,platt_fit,82,0.7234909294915575,-1.1393065710563601,0.361,0.4985203973789896
pond,pond,Probe,1000,platt_fit,83,0.8392734777669778,-0.4843982968148865,0.453,0.4985203973789896
pond,pond,Probe,1000,platt_fit,84,0.7021497251837342,-0.6172631889937233,0.463,0.4985203973789896
pond,pond,Probe,1000,platt_fit,85,0.6578972995535655,-0.2776783952956435,0.562,0.4985203973789896
pond,pond,Probe,1000,platt_fit,86,0.745860023184817,-1.1645041372071228,0.413,0.4985203973789896
pond,pond,Probe,1000,platt_fit,87,0.6955839894886962,-0.871069953833448,0.471,0.4985203973789896
pond,pond,Probe,1000,platt_fit,88,0.6850214106389307,-0.7714202968575272,0.382,0.4985203973789896
pond,pond,Probe,1000,platt_fit,89,0.9300877732548859,-0.9877341630968539,0.37,0.4985203973789896
pond,pond,Probe,1000,platt_fit,90,0.6970039206613167,-1.22528886894261,0.348,0.4985203973789896
pond,pond,Probe,1000,platt_fit,91,0.6452409151163524,-0.4450139606219435,0.456,0.4985203973789896
pond,pond,Probe,1000,platt_fit,92,0.6973674784284444,-1.1123225602366278,0.292,0.4985203973789896
pond,pond,Probe,1000,platt_fit,93,0.6608135053555113,-0.7455175358826543,0.381,0.4985203973789896
pond,pond,Probe,1000,platt_fit,94,0.7140442889937714,-0.8747677562866394,0.471,0.4985203973789896
pond,pond,Probe,1000,platt_fit,95,0.7026595573507728,-0.2573114311723789,0.566,0.4985203973789896
pond,pond,Probe,1000,platt_fit,96,0.9702644130574076,-0.24368487699226446,0.535,0.4985203973789896
pond,pond,Probe,1000,platt_fit,97,0.7499631871616013,-0.37325815455757333,0.499,0.4985203973789896
pond,pond,Probe,1000,platt_fit,98,0.6936680162727132,-0.814762463083486,0.484,0.4985203973789896
pond,pond,Probe,1000,platt_fit,99,0.44373863055000845,-0.6060925141593242,0.444,0.4985203973789896
pond,pond,NTP,1000,platt_fit,0,0.39361308105093196,-0.7886769187013647,0.418,0.4985203973789896
pond,pond,NTP,1000,platt_fit,1,0.4488820729017457,-0.8972760263097523,0.389,0.4985203973789896
pond,pond,NTP,1000,platt_fit,2,0.3308717355055781,-0.44381290366826615,0.496,0.4985203973789896
pond,pond,NTP,1000,platt_fit,3,0.48409886715408035,-1.4155716573644062,0.295,0.4985203973789896
pond,pond,NTP,1000,platt_fit,4,0.6013301871341745,-0.026108462734398576,0.576,0.4985203973789896
pond,pond,NTP,1000,platt_fit,5,0.44318828209544064,-0.8982123306296352,0.393,0.4985203973789896
pond,pond,NTP,1000,platt_fit,6,0.34954957614149124,-0.8556081696722303,0.401,0.4985203973789896
pond,pond,NTP,1000,platt_fit,7,0.3385016684252729,-0.34348339669824485,0.508,0.4985203973789896
pond,pond,NTP,1000,platt_fit,8,0.3916005191354414,-0.6392689662695283,0.44,0.4985203973789896
pond,pond,NTP,1000,platt_fit,9,0.4358420893749322,-0.8978140687437948,0.4,0.4985203973789896
pond,pond,NTP,1000,platt_fit,10,0.41808318851324944,-0.7215703538430225,0.444,0.4985203973789896
pond,pond,NTP,1000,platt_fit,11,0.433916096767554,-0.34840873833732205,0.497,0.4985203973789896
pond,pond,NTP,1000,platt_fit,12,0.400006028778344,-0.8895962082353895,0.376,0.4985203973789896
pond,pond,NTP,1000,platt_fit,13,0.48118533076266196,-0.44793463218412016,0.503,0.4985203973789896
pond,pond,NTP,1000,platt_fit,14,0.461271454885522,-1.0216487038354531,0.377,0.4985203973789896
pond,pond,NTP,1000,platt_fit,15,0.42359080495517404,-0.18372056985357477,0.544,0.4985203973789896
pond,pond,NTP,1000,platt_fit,16,0.4114590023157555,-0.47972639411175166,0.46,0.4985203973789896
pond,pond,NTP,1000,platt_fit,17,0.4774592599749442,-1.208668239832253,0.355,0.4985203973789896
pond,pond,NTP,1000,platt_fit,18,0.4005394698489803,-0.6571312670968096,0.441,0.4985203973789896
pond,pond,NTP,1000,platt_fit,19,0.4719050333777844,-0.9460854435200744,0.413,0.4985203973789896
pond,pond,NTP,1000,platt_fit,20,0.5788928258973521,-0.3414256797741999,0.553,0.4985203973789896
pond,pond,NTP,1000,platt_fit,21,0.5532855958804613,-1.2543778758001607,0.333,0.4985203973789896
pond,pond,NTP,1000,platt_fit,22,0.37425778388058456,-0.28431144971586775,0.534,0.4985203973789896
pond,pond,NTP,1000,platt_fit,23,0.4458881458929929,-1.2769364166007589,0.331,0.4985203973789896
pond,pond,NTP,1000,platt_fit,24,0.27303478590879077,-0.2513276497901497,0.524,0.4985203973789896
pond,pond,NTP,1000,platt_fit,25,0.4789210470328822,-0.7529332922111821,0.41,0.4985203973789896
pond,pond,NTP,1000,platt_fit,26,0.40017131536162737,-0.72020017759666,0.454,0.4985203973789896
pond,pond,NTP,1000,platt_fit,27,0.41358243206595724,-1.1012017843371722,0.373,0.4985203973789896
pond,pond,NTP,1000,platt_fit,28,0.4059004447605604,-0.6306639832170557,0.45,0.4985203973789896
pond,pond,NTP,1000,platt_fit,29,0.36383067704568467,-0.4723819610636622,0.461,0.4985203973789896
pond,pond,NTP,1000,platt_fit,30,0.3685523757715473,-0.10627381205762913,0.56,0.4985203973789896
pond,pond,NTP,1000,platt_fit,31,0.48174808918769185,-1.0547094195780553,0.374,0.4985203973789896
pond,pond,NTP,1000,platt_fit,32,0.41417501480881,-0.5117187816488913,0.454,0.4985203973789896
pond,pond,NTP,1000,platt_fit,33,0.4003873906971975,-0.6527476281845145,0.43,0.4985203973789896
pond,pond,NTP,1000,platt_fit,34,0.4136257764521725,-0.6025765948980256,0.454,0.4985203973789896
pond,pond,NTP,1000,platt_fit,35,0.42212781264384525,-0.7650102391750745,0.448,0.4985203973789896
pond,pond,NTP,1000,platt_fit,36,0.4175662041797542,-0.5506481066674369,0.474,0.4985203973789896
pond,pond,NTP,1000,platt_fit,37,0.4307260034238524,-0.758115950550301,0.408,0.4985203973789896
pond,pond,NTP,1000,platt_fit,38,0.359628989570216,-0.7933565902452145,0.407,0.4985203973789896
pond,pond,NTP,1000,platt_fit,39,0.5508119819776497,-1.316570650989108,0.34,0.4985203973789896
pond,pond,NTP,1000,platt_fit,40,0.3930937390374456,-0.7099553891166985,0.469,0.4985203973789896
pond,pond,NTP,1000,platt_fit,41,0.5122912947149602,-0.620733621778173,0.45,0.4985203973789896
pond,pond,NTP,1000,platt_fit,42,0.45623995287096647,-0.6941843201784014,0.451,0.4985203973789896
pond,pond,NTP,1000,platt_fit,43,0.36523095874718847,-0.16159769420782852,0.545,0.4985203973789896
pond,pond,NTP,1000,platt_fit,44,0.38538274118744087,-0.7832418698191398,0.379,0.4985203973789896
pond,pond,NTP,1000,platt_fit,45,0.31216586375581445,-0.3252866381824417,0.527,0.4985203973789896
pond,pond,NTP,1000,platt_fit,46,0.3731161910811942,-0.8756621287325627,0.406,0.4985203973789896
pond,pond,NTP,1000,platt_fit,47,0.5118150098644184,-0.8050600070431995,0.435,0.4985203973789896
pond,pond,NTP,1000,platt_fit,48,0.5091192335377029,-0.891018224957144,0.408,0.4985203973789896
pond,pond,NTP,1000,platt_fit,49,0.4998173879929669,-1.0831197539812063,0.362,0.4985203973789896
pond,pond,NTP,1000,platt_fit,50,0.45576431430112607,-0.9325168687622787,0.418,0.4985203973789896
pond,pond,NTP,1000,platt_fit,51,0.18558478248596377,-0.2874953654577801,0.475,0.4985203973789896
pond,pond,NTP,1000,platt_fit,52,0.38385722539315714,-0.6093556334658332,0.462,0.4985203973789896
pond,pond,NTP,1000,platt_fit,53,0.4553648879741437,-0.735981342146509,0.442,0.4985203973789896
pond,pond,NTP,1000,platt_fit,54,0.4224192421915551,-0.823653385381653,0.427,0.4985203973789896
pond,pond,NTP,1000,platt_fit,55,0.42085506013912377,-0.5920401610179961,0.456,0.4985203973789896
pond,pond,NTP,1000,platt_fit,56,0.36502378238481237,-0.7469712652895943,0.437,0.4985203973789896
pond,pond,NTP,1000,platt_fit,57,0.45981745419603676,-0.5680847757973799,0.478,0.4985203973789896
pond,pond,NTP,1000,platt_fit,58,0.5399783577929439,-0.9867460919565144,0.37,0.4985203973789896
pond,pond,NTP,1000,platt_fit,59,0.3625688961495056,-0.6590249032202512,0.409,0.4985203973789896
pond,pond,NTP,1000,platt_fit,60,0.35955477519223134,-0.7726028749524929,0.423,0.4985203973789896
pond,pond,NTP,1000,platt_fit,61,0.27463654597256937,-0.1994076552300854,0.51,0.4985203973789896
pond,pond,NTP,1000,platt_fit,62,0.4909633515609556,-1.1522529688699163,0.358,0.4985203973789896
pond,pond,NTP,1000,platt_fit,63,0.4204643555951004,-0.5286448201564544,0.476,0.4985203973789896
pond,pond,NTP,1000,platt_fit,64,0.3834383814683607,-0.5994227729187933,0.461,0.4985203973789896
pond,pond,NTP,1000,platt_fit,65,0.5046254619388342,-0.5929677619620759,0.443,0.4985203973789896
pond,pond,NTP,1000,platt_fit,66,0.47867570754145305,-0.6788952004762838,0.417,0.4985203973789896
pond,pond,NTP,1000,platt_fit,67,0.4313410667498416,-0.3265257517836313,0.492,0.4985203973789896
pond,pond,NTP,1000,platt_fit,68,0.4730814110150334,-1.1784525055555055,0.351,0.4985203973789896
pond,pond,NTP,1000,platt_fit,69,0.3180246097360535,-0.20351663174864384,0.512,0.4985203973789896
pond,pond,NTP,1000,platt_fit,70,0.30847974099492764,-0.35313523559333393,0.455,0.4985203973789896
pond,pond,NTP,1000,platt_fit,71,0.42819666307061005,-0.9378247748802877,0.375,0.4985203973789896
pond,pond,NTP,1000,platt_fit,72,0.4196611792327459,-0.3361545770959978,0.485,0.4985203973789896
pond,pond,NTP,1000,platt_fit,73,0.42947649546107736,-0.7238593503283804,0.433,0.4985203973789896
pond,pond,NTP,1000,platt_fit,74,0.38603445171352374,-0.7730210682740166,0.404,0.4985203973789896
pond,pond,NTP,1000,platt_fit,75,0.4357226148387709,-0.42316462490186896,0.54,0.4985203973789896
pond,pond,NTP,1000,platt_fit,76,0.4377947068239891,-0.7183570876103091,0.415,0.4985203973789896
pond,pond,NTP,1000,platt_fit,77,0.4643603253260136,-0.8313596943426143,0.466,0.4985203973789896
pond,pond,NTP,1000,platt_fit,78,0.3616329550578582,-0.5022383560805986,0.501,0.4985203973789896
pond,pond,NTP,1000,platt_fit,79,0.5452955878817866,-1.0201610736044409,0.358,0.4985203973789896
pond,pond,NTP,1000,platt_fit,80,0.29970031478150383,-0.11825549606919973,0.541,0.4985203973789896
pond,pond,NTP,1000,platt_fit,81,0.2615417629359496,-0.11202711729559062,0.56,0.4985203973789896
pond,pond,NTP,1000,platt_fit,82,0.4782862314552587,-1.2515857515373665,0.361,0.4985203973789896
pond,pond,NTP,1000,platt_fit,83,0.40583554516345954,-0.646620231101861,0.453,0.4985203973789896
pond,pond,NTP,1000,platt_fit,84,0.39216438652708296,-0.548112107632046,0.463,0.4985203973789896
pond,pond,NTP,1000,platt_fit,85,0.3332566507869601,-0.08762343160553142,0.562,0.4985203973789896
pond,pond,NTP,1000,platt_fit,86,0.5023881213677615,-0.9652600798627535,0.413,0.4985203973789896
pond,pond,NTP,1000,platt_fit,87,0.3395565212230648,-0.5992567786799019,0.471,0.4985203973789896
pond,pond,NTP,1000,platt_fit,88,0.517556915517497,-1.0801165329296427,0.382,0.4985203973789896
pond,pond,NTP,1000,platt_fit,89,0.612120106419493,-1.0182795229814008,0.37,0.4985203973789896
pond,pond,NTP,1000,platt_fit,90,0.43403524479975397,-1.1488200558806696,0.348,0.4985203973789896
pond,pond,NTP,1000,platt_fit,91,0.36434931676008586,-0.6719036228185558,0.456,0.4985203973789896
pond,pond,NTP,1000,platt_fit,92,0.5746291531427098,-1.5130168628505944,0.292,0.4985203973789896
pond,pond,NTP,1000,platt_fit,93,0.5147471015777109,-1.0276979727729783,0.381,0.4985203973789896
pond,pond,NTP,1000,platt_fit,94,0.35134571497333317,-0.5406798593377139,0.471,0.4985203973789896
pond,pond,NTP,1000,platt_fit,95,0.26381685571625996,-0.10558696326390632,0.566,0.4985203973789896
pond,pond,NTP,1000,platt_fit,96,0.4429269439320057,-0.23377236362812154,0.535,0.4985203973789896
pond,pond,NTP,1000,platt_fit,97,0.37756802889496,-0.374223353976468,0.499,0.4985203973789896
pond,pond,NTP,1000,platt_fit,98,0.4234889703489452,-0.48002968466102736,0.484,0.4985203973789896
pond,pond,NTP,1000,platt_fit,99,0.2431317060870189,-0.5306766053189018,0.444,0.4985203973789896
pond,nfix,Probe,10,platt_fit,0,-1.058846973028688,0.42140841219014163,0.3,0.4985203973789896
pond,nfix,Probe,10,platt_fit,1,0.057931065555688235,-0.8811453601859471,0.3,0.4985203973789896
pond,nfix,Probe,10,platt_fit,2,0.3231260999085942,-2.1543750418532444,0.1,0.4985203973789896
pond,nfix,Probe,10,platt_fit,3,0.01641080188824389,-2.191175014148991,0.1,0.4985203973789896
pond,nfix,Probe,10,platt_fit,4,-0.43269925470820136,-0.41908930266879457,0.3,0.4985203973789896
pond,nfix,Probe,10,platt_fit,5,2.19037199742632,-1.326503317407375,0.3,0.4985203973789896
pond,nfix,Probe,10,platt_fit,6,0.2989085311260519,-1.5401721652413831,0.2,0.4985203973789896
pond,nfix,Probe,10,platt_fit,7,0.2572317391325751,-1.0259228604371886,0.3,0.4985203973789896
pond,nfix,Probe,10,platt_fit,8,0.4647244460107821,-2.3886203464412845,0.1,0.4985203973789896
pond,nfix,Probe,10,platt_fit,9,74.34219840097653,29.856926876579173,0.5,0.4985203973789896
pond,nfix,Probe,10,platt_fit,10,0.5989947416699641,-1.3130847699508212,0.3,0.4985203973789896
pond,nfix,Probe,10,platt_fit,11,-0.014176755880908913,-0.3885794367101327,0.4,0.4985203973789896
pond,nfix,Probe,10,platt_fit,12,1.0291006598182684,-1.6310419923949118,0.4,0.4985203973789896
pond,nfix,Probe,10,platt_fit,13,1.563691468061431,-4.625455343109233,0.1,0.4985203973789896
pond,nfix,Probe,10,platt_fit,14,0.8352657897760954,-2.062465597055769,0.3,0.4985203973789896
pond,nfix,Probe,10,platt_fit,15,7.036118141283731,-4.506242999500841,0.1,0.4985203973789896
pond,nfix,Probe,10,platt_fit,16,3.142488647863407,-1.4271846310936096,0.3,0.4985203973789896
pond,nfix,Probe,10,platt_fit,17,2.1493810258986596,-3.0207921958960045,0.2,0.4985203973789896
pond,nfix,Probe,10,platt_fit,18,0.5350680411238455,-0.45146682459104975,0.4,0.4985203973789896
pond,nfix,Probe,10,platt_fit,19,0.3446445123374608,-1.5748936515657808,0.2,0.4985203973789896
pond,nfix,Probe,10,platt_fit,20,1.228800196964619,-0.4192126302758861,0.4,0.4985203973789896
pond,nfix,Probe,10,platt_fit,22,0.9881989889746325,-3.3834406947851345,0.1,0.4985203973789896
pond,nfix,Probe,10,platt_fit,23,1.0434995131839455,-1.4348653744079731,0.4,0.4985203973789896
pond,nfix,Probe,10,platt_fit,24,1.193061217179771,-2.0310088895244562,0.2,0.4985203973789896
pond,nfix,Probe,10,platt_fit,25,0.3697085785745936,-0.8223743626948515,0.3,0.4985203973789896
pond,nfix,Probe,10,platt_fit,26,0.020494050990500827,-1.4057117290320211,0.2,0.4985203973789896
pond,nfix,Probe,10,platt_fit,27,-41.712944261784244,-51.02907398637623,0.1,0.4985203973789896
pond,nfix,Probe,10,platt_fit,28,0.06563749773531394,-1.4198474838020838,0.2,0.4985203973789896
pond,nfix,Probe,10,platt_fit,29,1.4412201554344022,-1.4081753492071356,0.3,0.4985203973789896
pond,nfix,Probe,10,platt_fit,30,0.6771708418088941,-1.7791060847789095,0.2,0.4985203973789896
pond,nfix,Probe,10,platt_fit,31,1.4744132555934004,-1.42100623341222,0.3,0.4985203973789896
pond,nfix,Probe,10,platt_fit,32,0.4090723743366928,-1.4815362508868337,0.2,0.4985203973789896
pond,nfix,Probe,10,platt_fit,33,3.3072339903240717,-2.0991168625258987,0.4,0.4985203973789896
pond,nfix,Probe,10,platt_fit,34,1.3781286213350459,-1.124645350149678,0.3,0.4985203973789896
pond,nfix,Probe,10,platt_fit,35,0.5385302328480462,-0.9511195554752555,0.4,0.4985203973789896
pond,nfix,Probe,10,platt_fit,36,0.35342050442295037,-0.7889758640625802,0.4,0.4985203973789896
pond,nfix,Probe,10,platt_fit,38,0.9109432074726832,-1.2171858697563402,0.3,0.4985203973789896
pond,nfix,Probe,10,platt_fit,39,-0.10640376271535264,-0.4919536354802438,0.4,0.4985203973789896
pond,nfix,Probe,10,platt_fit,40,0.8497845282406855,-2.985022181392149,0.1,0.4985203973789896
pond,nfix,Probe,10,platt_fit,41,1.2734810422222942,-2.406027209912303,0.3,0.4985203973789896
pond,nfix,Probe,10,platt_fit,42,1.3384323520034245,-2.7901925042438256,0.3,0.4985203973789896
pond,nfix,Probe,10,platt_fit,43,0.06146749560172685,-0.022513911338710956,0.5,0.4985203973789896
pond,nfix,Probe,10,platt_fit,44,1.0124317963093605,-0.5026018646455763,0.4,0.4985203973789896
pond,nfix,Probe,10,platt_fit,45,-0.09953694210572593,-2.1556382013432978,0.1,0.4985203973789896
pond,nfix,Probe,10,platt_fit,46,2.6623746993532125,-5.312894120822896,0.3,0.4985203973789896
pond,nfix,Probe,10,platt_fit,47,-0.012428320772619836,-1.3828169449638468,0.2,0.4985203973789896
pond,nfix,Probe,10,platt_fit,48,0.28690761412457333,-1.4293562131477777,0.2,0.4985203973789896
pond,nfix,Probe,10,platt_fit,49,11.316852599770142,-8.289002420989469,0.1,0.4985203973789896
pond,nfix,Probe,10,platt_fit,50,0.4447905350864318,-0.18623715642486832,0.5,0.4985203973789896
pond,nfix,Probe,10,platt_fit,51,0.43517566173587036,-0.47781630786046886,0.4,0.4985203973789896
pond,nfix,Probe,10,platt_fit,52,0.4788008535978864,-1.9275029613748782,0.2,0.4985203973789896
pond,nfix,Probe,10,platt_fit,53,-0.54002945950695,2.843945376297884,0.9,0.4985203973789896
pond,nfix,Probe,10,platt_fit,54,-0.44942410473266287,-0.6893424669254932,0.3,0.4985203973789896
pond,nfix,Probe,10,platt_fit,55,3.026247036180828,-7.2036006064,0.1,0.4985203973789896
pond,nfix,Probe,10,platt_fit,56,-0.1973864934019503,-0.7151110618836782,0.3,0.4985203973789896
pond,nfix,Probe,10,platt_fit,57,-0.5636873605049985,0.44237968059055965,0.4,0.4985203973789896
pond,nfix,Probe,10,platt_fit,58,0.40230365937386015,-0.7706450063418632,0.4,0.4985203973789896
pond,nfix,Probe,10,platt_fit,59,0.42394188930271504,0.029616132659723616,0.6,0.4985203973789896
pond,nfix,Probe,10,platt_fit,60,1.0477922204458254,-1.503873436135939,0.3,0.4985203973789896
pond,nfix,Probe,10,platt_fit,61,0.43841196108218344,-1.418462987594067,0.2,0.4985203973789896
pond,nfix,Probe,10,platt_fit,62,0.587138042252423,-0.9232867745882892,0.3,0.4985203973789896
pond,nfix,Probe,10,platt_fit,63,-0.36448608227501067,-1.3204477905711272,0.2,0.4985203973789896
pond,nfix,Probe,10,platt_fit,64,0.5433218706932617,-1.4314487751754044,0.3,0.4985203973789896
pond,nfix,Probe,10,platt_fit,65,0.04715859972703474,-0.021822334392981608,0.5,0.4985203973789896
pond,nfix,Probe,10,platt_fit,67,0.6137421013735147,-2.0611453001271016,0.2,0.4985203973789896
pond,nfix,Probe,10,platt_fit,68,-0.2860651956037306,-1.051601023541657,0.2,0.4985203973789896
pond,nfix,Probe,10,platt_fit,69,0.46097001060974896,-1.6301655723374642,0.2,0.4985203973789896
pond,nfix,Probe,10,platt_fit,70,0.2915957119943024,-2.0305135633054485,0.1,0.4985203973789896
pond,nfix,Probe,10,platt_fit,71,0.9558777640224,-1.3096938483398073,0.4,0.4985203973789896
pond,nfix,Probe,10,platt_fit,72,1.6428721045581485,-1.9257286233084143,0.2,0.4985203973789896
pond,nfix,Probe,10,platt_fit,73,0.11389836142239529,-1.4943405763706303,0.2,0.4985203973789896
pond,nfix,Probe,10,platt_fit,74,0.5354662097992573,-2.776292648838369,0.1,0.4985203973789896
pond,nfix,Probe,10,platt_fit,75,0.9080746762604899,-3.573877531840269,0.1,0.4985203973789896
pond,nfix,Probe,10,platt_fit,76,38.61448146288655,2.495891543714743,0.4,0.4985203973789896
pond,nfix,Probe,10,platt_fit,77,-0.0799655001328305,-1.2538610285357343,0.2,0.4985203973789896
pond,nfix,Probe,10,platt_fit,78,0.5453981421300884,-1.4198409177400204,0.3,0.4985203973789896
pond,nfix,Probe,10,platt_fit,79,48.93119162618473,-13.396703761051775,0.3,0.4985203973789896
pond,nfix,Probe,10,platt_fit,80,2.624557365790862,-2.0885312602939097,0.3,0.4985203973789896
pond,nfix,Probe,10,platt_fit,81,1.2054023308118083,-1.305609538104053,0.4,0.4985203973789896
pond,nfix,Probe,10,platt_fit,82,28.771610299003896,-72.43305658021515,0.1,0.4985203973789896
pond,nfix,Probe,10,platt_fit,83,0.7828426784757505,-0.7523426184689539,0.4,0.4985203973789896
pond,nfix,Probe,10,platt_fit,84,0.31069345005345117,-1.2578104328336317,0.3,0.4985203973789896
pond,nfix,Probe,10,platt_fit,85,1.4417360029538493,-2.5069009310711645,0.3,0.4985203973789896
pond,nfix,Probe,10,platt_fit,86,1.508064328100523,-2.6638070028296097,0.2,0.4985203973789896
pond,nfix,Probe,10,platt_fit,87,0.1228517459528109,-1.5416707288407365,0.2,0.4985203973789896
pond,nfix,Probe,10,platt_fit,88,0.12225462708741866,-0.3712531642180061,0.4,0.4985203973789896
pond,nfix,Probe,10,platt_fit,89,165.6224046721405,-249.27457981177318,0.4,0.4985203973789896
pond,nfix,Probe,10,platt_fit,90,0.3684641046729125,-1.3719266327745985,0.3,0.4985203973789896
pond,nfix,Probe,10,platt_fit,91,2.045613610850119,-0.14986571017524858,0.2,0.4985203973789896
pond,nfix,Probe,10,platt_fit,92,41.28353162471893,-14.479832122923016,0.4,0.4985203973789896
pond,nfix,Probe,10,platt_fit,93,0.7082144029453723,-0.45827809605694575,0.5,0.4985203973789896
pond,nfix,Probe,10,platt_fit,94,1.4778689315279017,-2.799433189220716,0.3,0.4985203973789896
pond,nfix,Probe,10,platt_fit,95,0.8480103080084874,-0.7322596318300717,0.4,0.4985203973789896
pond,nfix,Probe,10,platt_fit,96,0.9113793808979497,-1.3272811858919913,0.3,0.4985203973789896
pond,nfix,Probe,10,platt_fit,97,0.15106679234131928,-0.46142812349123974,0.4,0.4985203973789896
pond,nfix,Probe,10,platt_fit,98,0.45476976794269797,-1.314023225468585,0.2,0.4985203973789896
pond,nfix,Probe,10,platt_fit,99,-475.58058776708623,-570.1978462114748,0.1,0.4985203973789896
pond,nfix,Probe,10,platt_fit,100,0.19454129686128968,-2.2026253358419177,0.1,0.4985203973789896
pond,nfix,Probe,10,platt_fit,101,0.3642840110681899,-1.8619018935842797,0.1,0.4985203973789896
pond,nfix,Probe,10,platt_fit,102,3.932911187981606,0.9379832984926554,0.5,0.4985203973789896
pond,nfix,NTP,10,platt_fit,0,5.765133508684388,-15.59882633097252,0.3,0.4985203973789896
pond,nfix,NTP,10,platt_fit,1,0.205557243803027,-1.1760569228941415,0.3,0.4985203973789896
pond,nfix,NTP,10,platt_fit,2,17.280122822593178,-60.6348635748718,0.1,0.4985203973789896
pond,nfix,NTP,10,platt_fit,3,-98679.8786622597,-52032.46857602786,0.1,0.4985203973789896
pond,nfix,NTP,10,platt_fit,4,0.32090733582292513,-1.5957744813601602,0.3,0.4985203973789896
pond,nfix,NTP,10,platt_fit,5,0.5236179606648138,-1.6983604499943625,0.3,0.4985203973789896
pond,nfix,NTP,10,platt_fit,6,0.139382685950386,-1.6738236642665525,0.2,0.4985203973789896
pond,nfix,NTP,10,platt_fit,7,0.7014249095715679,-3.8895584453867174,0.3,0.4985203973789896
pond,nfix,NTP,10,platt_fit,8,41618.101916570304,-214733.69690843718,0.1,0.4985203973789896
pond,nfix,NTP,10,platt_fit,9,0.9395179764995236,-2.317442284475561,0.5,0.4985203973789896
pond,nfix,NTP,10,platt_fit,10,0.6238496420066063,-2.084054719133567,0.3,0.4985203973789896
pond,nfix,NTP,10,platt_fit,11,-0.049283574653485505,-0.30657377796288354,0.4,0.4985203973789896
pond,nfix,NTP,10,platt_fit,12,0.49377227417581604,-1.3491850780051684,0.4,0.4985203973789896
pond,nfix,NTP,10,platt_fit,13,0.6774888125383942,-4.558031302140676,0.1,0.4985203973789896
pond,nfix,NTP,10,platt_fit,14,0.9800874230950706,-3.6176352147140407,0.3,0.4985203973789896
pond,nfix,NTP,10,platt_fit,15,3.546090500445626,-7.497756928712994,0.1,0.4985203973789896
pond,nfix,NTP,10,platt_fit,16,6.4093487896284245,-7.355755192965898,0.3,0.4985203973789896
pond,nfix,NTP,10,platt_fit,17,23.993048540922864,-113.08004390106157,0.2,0.4985203973789896
pond,nfix,NTP,10,platt_fit,18,0.6177470911896481,-1.9483757231609902,0.4,0.4985203973789896
pond,nfix,NTP,10,platt_fit,19,1.7163773791365382,-8.128924970841833,0.2,0.4985203973789896
pond,nfix,NTP,10,platt_fit,20,0.4253520312376853,-1.338659798188247,0.4,0.4985203973789896
pond,nfix,NTP,10,platt_fit,22,-27.372569184848583,-15.973784661398154,0.1,0.4985203973789896
pond,nfix,NTP,10,platt_fit,23,0.0258692524255993,-0.4380955639230844,0.4,0.4985203973789896
pond,nfix,NTP,10,platt_fit,24,0.6353963868283355,-1.8241354110440722,0.2,0.4985203973789896
pond,nfix,NTP,10,platt_fit,25,0.5615263864175288,-1.5379984181566113,0.3,0.4985203973789896
pond,nfix,NTP,10,platt_fit,26,3.9364456427650167,-8.965885930015377,0.2,0.4985203973789896
pond,nfix,NTP,10,platt_fit,27,-77991.02942626481,-41119.359497503516,0.1,0.4985203973789896
pond,nfix,NTP,10,platt_fit,28,3.7861710163503584,-18.93781445959894,0.2,0.4985203973789896
pond,nfix,NTP,10,platt_fit,29,0.5169942147782041,-2.188567583393652,0.3,0.4985203973789896
pond,nfix,NTP,10,platt_fit,30,1.4876380351333225,-6.9476373586249185,0.2,0.4985203973789896
pond,nfix,NTP,10,platt_fit,31,133.86710080539854,-639.304969121043,0.3,0.4985203973789896
pond,nfix,NTP,10,platt_fit,32,0.1976512915789752,-1.6933474857392337,0.2,0.4985203973789896
pond,nfix,NTP,10,platt_fit,33,1.3498316798798276,-6.115423211482079,0.4,0.4985203973789896
pond,nfix,NTP,10,platt_fit,34,0.8172059133048721,-3.293356908315935,0.3,0.4985203973789896
pond,nfix,NTP,10,platt_fit,35,1.14235181827821,-1.9095241840777815,0.4,0.4985203973789896
pond,nfix,NTP,10,platt_fit,36,0.7056129237620615,-2.0824005325334487,0.4,0.4985203973789896
pond,nfix,NTP,10,platt_fit,38,4.021725144284116,-9.402648722802217,0.3,0.4985203973789896
pond,nfix,NTP,10,platt_fit,39,0.12963016975046662,-0.5435073868336032,0.4,0.4985203973789896
pond,nfix,NTP,10,platt_fit,40,29.273938242821384,-146.50087733106233,0.1,0.4985203973789896
pond,nfix,NTP,10,platt_fit,41,0.45313747026785123,-1.5997426362543323,0.3,0.4985203973789896
pond,nfix,NTP,10,platt_fit,42,1.3402131457041362,-1.4559884103329344,0.3,0.4985203973789896
pond,nfix,NTP,10,platt_fit,43,0.3144973238180893,-0.5686191456135672,0.5,0.4985203973789896
pond,nfix,NTP,10,platt_fit,44,0.25445430785682105,-0.8993449620317583,0.4,0.4985203973789896
pond,nfix,NTP,10,platt_fit,45,167.6196088676418,-857.439221332496,0.1,0.4985203973789896
pond,nfix,NTP,10,platt_fit,46,0.031667546956090066,-0.8963431797474548,0.3,0.4985203973789896
pond,nfix,NTP,10,platt_fit,47,0.1274965444575926,-1.7890533608565584,0.2,0.4985203973789896
pond,nfix,NTP,10,platt_fit,48,18.508912310270354,5.475638728096087,0.2,0.4985203973789896
pond,nfix,NTP,10,platt_fit,49,4.352323629030682,-13.866192524741592,0.1,0.4985203973789896
pond,nfix,NTP,10,platt_fit,50,0.2566284754292218,-0.6181720048644596,0.5,0.4985203973789896
pond,nfix,NTP,10,platt_fit,51,0.42918832111348093,-0.8102604017862193,0.4,0.4985203973789896
pond,nfix,NTP,10,platt_fit,52,0.9128206215550031,-3.721135656629314,0.2,0.4985203973789896
pond,nfix,NTP,10,platt_fit,53,-1.3267020980717235,8.229541643426526,0.9,0.4985203973789896
pond,nfix,NTP,10,platt_fit,54,1.3310880969705106,-1.9725737052909245,0.3,0.4985203973789896
pond,nfix,NTP,10,platt_fit,55,0.5067350854990642,-2.53191545612105,0.1,0.4985203973789896
pond,nfix,NTP,10,platt_fit,56,68.77686417468261,-353.648752113137,0.3,0.4985203973789896
pond,nfix,NTP,10,platt_fit,57,0.6058855456522922,-1.2752818946262268,0.4,0.4985203973789896
pond,nfix,NTP,10,platt_fit,58,0.167818739791508,-1.0082565289170349,0.4,0.4985203973789896
pond,nfix,NTP,10,platt_fit,59,2.487886782856442,-10.950057786995941,0.6,0.4985203973789896
pond,nfix,NTP,10,platt_fit,60,0.2165634451531638,-1.0439321383475506,0.3,0.4985203973789896
pond,nfix,NTP,10,platt_fit,61,1.8829088019329754,-1.5353980124322162,0.2,0.4985203973789896
pond,nfix,NTP,10,platt_fit,62,17.573967462981294,-88.07818622466023,0.3,0.4985203973789896
pond,nfix,NTP,10,platt_fit,63,-0.06791459868681035,-1.2649924867089255,0.2,0.4985203973789896
pond,nfix,NTP,10,platt_fit,64,1.3929437928093154,-6.745721707978531,0.3,0.4985203973789896
pond,nfix,NTP,10,platt_fit,65,0.13050583798299883,-0.2190867536851304,0.5,0.4985203973789896
pond,nfix,NTP,10,platt_fit,67,0.2049864633117523,-1.7713676473705444,0.2,0.4985203973789896
pond,nfix,NTP,10,platt_fit,68,0.4028201505927799,-2.0092016977197047,0.2,0.4985203973789896
pond,nfix,NTP,10,platt_fit,69,1.0978525462371274,-5.597895050155957,0.2,0.4985203973789896
pond,nfix,NTP,10,platt_fit,70,0.4501341973868528,-2.897006307167089,0.1,0.4985203973789896
pond,nfix,NTP,10,platt_fit,71,5.048784730550324,-6.892183314665544,0.4,0.4985203973789896
pond,nfix,NTP,10,platt_fit,72,38.97950862925849,-171.2202351301731,0.2,0.4985203973789896
pond,nfix,NTP,10,platt_fit,73,-11.046745399885092,-6.342902887249149,0.2,0.4985203973789896
pond,nfix,NTP,10,platt_fit,74,64.5678221901522,-333.17932597732926,0.1,0.4985203973789896
pond,nfix,NTP,10,platt_fit,75,19.60294439322902,-93.04989209013262,0.1,0.4985203973789896
pond,nfix,NTP,10,platt_fit,76,5.279438017804706,-6.545944641446348,0.4,0.4985203973789896
pond,nfix,NTP,10,platt_fit,77,1.1294258390277694,-5.142098976857662,0.2,0.4985203973789896
pond,nfix,NTP,10,platt_fit,78,0.47496661358098335,-1.8086933431741636,0.3,0.4985203973789896
pond,nfix,NTP,10,platt_fit,79,0.4350995760921183,-1.5848793261840446,0.3,0.4985203973789896
pond,nfix,NTP,10,platt_fit,80,0.32005915271056556,-1.562165093228644,0.3,0.4985203973789896
pond,nfix,NTP,10,platt_fit,81,0.3479713778642709,-1.2923932401985467,0.4,0.4985203973789896
pond,nfix,NTP,10,platt_fit,82,1.1904271134236974,-6.774887900970165,0.1,0.4985203973789896
pond,nfix,NTP,10,platt_fit,83,1.848804474347522,-8.820196461944953,0.4,0.4985203973789896
pond,nfix,NTP,10,platt_fit,84,0.2295331139142146,-1.230503264242284,0.3,0.4985203973789896
pond,nfix,NTP,10,platt_fit,85,2.407774935536409,-12.005478638579795,0.3,0.4985203973789896
pond,nfix,NTP,10,platt_fit,86,0.21069526123438614,-1.7122905738670666,0.2,0.4985203973789896
pond,nfix,NTP,10,platt_fit,87,0.2315182572390229,-1.8072216630518239,0.2,0.4985203973789896
pond,nfix,NTP,10,platt_fit,88,0.6123925924863473,-0.863246006383443,0.4,0.4985203973789896
pond,nfix,NTP,10,platt_fit,89,0.5918756728662083,-1.6077306564719058,0.4,0.4985203973789896
pond,nfix,NTP,10,platt_fit,90,0.23326406866888663,-1.3512352949309274,0.3,0.4985203973789896
pond,nfix,NTP,10,platt_fit,91,4.8422543859622245,-14.253686052862992,0.2,0.4985203973789896
pond,nfix,NTP,10,platt_fit,92,5.0597892597461716,-6.936128689146882,0.4,0.4985203973789896
pond,nfix,NTP,10,platt_fit,93,1.0916542766016715,-1.578864446289725,0.5,0.4985203973789896
pond,nfix,NTP,10,platt_fit,94,0.3131813872447103,-1.558157135244924,0.3,0.4985203973789896
pond,nfix,NTP,10,platt_fit,95,1.9621350200145447,-9.10077635620608,0.4,0.4985203973789896
pond,nfix,NTP,10,platt_fit,96,0.321409732709908,-1.4480283547419606,0.3,0.4985203973789896
pond,nfix,NTP,10,platt_fit,97,5.141992516040612,-7.244791733748725,0.4,0.4985203973789896
pond,nfix,NTP,10,platt_fit,98,0.4192789297189898,-1.8403992708106034,0.2,0.4985203973789896
pond,nfix,NTP,10,platt_fit,99,-1.837514208028119,-2.0768051692654907,0.1,0.4985203973789896
pond,nfix,NTP,10,platt_fit,100,-35.63773888698101,-19.975393106795146,0.1,0.4985203973789896
pond,nfix,NTP,10,platt_fit,101,1.4411887128087728,-7.403164747986792,0.1,0.4985203973789896
pond,nfix,NTP,10,platt_fit,102,0.8640836654653439,-0.524331076248023,0.5,0.4985203973789896
pond,nfix,Probe,50,platt_fit,0,0.42658714181217655,-1.7445017568716703,0.22,0.4985203973789896
pond,nfix,Probe,50,platt_fit,1,0.5722332751243674,-1.2281135638758938,0.34,0.4985203973789896
pond,nfix,Probe,50,platt_fit,2,0.21403683036217683,-1.138300614160749,0.26,0.4985203973789896
pond,nfix,Probe,50,platt_fit,3,0.692289384958378,-0.9385561716696514,0.28,0.4985203973789896
pond,nfix,Probe,50,platt_fit,4,0.21201093307971444,-0.6531969604267791,0.36,0.4985203973789896
pond,nfix,Probe,50,platt_fit,5,0.47214473478737884,-1.352288624996212,0.22,0.4985203973789896
pond,nfix,Probe,50,platt_fit,6,0.7411504089945554,-1.1492714259807593,0.32,0.4985203973789896
pond,nfix,Probe,50,platt_fit,7,0.5097194481606472,-0.951141496110179,0.34,0.4985203973789896
pond,nfix,Probe,50,platt_fit,8,0.6409070718488532,-1.5742517770929407,0.24,0.4985203973789896
pond,nfix,Probe,50,platt_fit,9,0.3421921010272849,-1.161349995887006,0.3,0.4985203973789896
pond,nfix,Probe,50,platt_fit,10,0.2863778361538655,-1.1437864528000616,0.28,0.4985203973789896
pond,nfix,Probe,50,platt_fit,11,0.9426932953918827,-1.0252542220411611,0.32,0.4985203973789896
pond,nfix,Probe,50,platt_fit,12,0.95942314181967,-1.4426624516120417,0.32,0.4985203973789896
pond,nfix,Probe,50,platt_fit,13,0.43725289164199876,-1.8430026097214687,0.2,0.4985203973789896
pond,nfix,Probe,50,platt_fit,14,0.6407962012904815,-1.5766227535670947,0.26,0.4985203973789896
pond,nfix,Probe,50,platt_fit,15,0.8567278508559337,-1.7782662744218358,0.14,0.4985203973789896
pond,nfix,Probe,50,platt_fit,16,0.2931885567390689,-1.7664315233504848,0.16,0.4985203973789896
pond,nfix,Probe,50,platt_fit,17,0.29411062545819444,-0.9448612438350252,0.3,0.4985203973789896
pond,nfix,Probe,50,platt_fit,18,1.0602429135963574,-0.4862964342940932,0.4,0.4985203973789896
pond,nfix,Probe,50,platt_fit,19,0.675879822365464,-2.777658694320106,0.1,0.4985203973789896
pond,nfix,Probe,50,platt_fit,20,1.088896109703927,-1.347538139885677,0.26,0.4985203973789896
pond,nfix,Probe,50,platt_fit,21,0.18008214860796493,-0.7249127267115153,0.34,0.4985203973789896
pond,nfix,Probe,50,platt_fit,22,0.4044824827954552,-1.492110108759431,0.22,0.4985203973789896
pond,nfix,Probe,50,platt_fit,23,0.07646855352881804,-1.2005856534811765,0.24,0.4985203973789896
pond,nfix,Probe,50,platt_fit,24,0.9625384341095363,-1.996206413999238,0.24,0.4985203973789896
pond,nfix,Probe,50,platt_fit,25,0.5997047014087982,-0.7810638727921624,0.32,0.4985203973789896
pond,nfix,Probe,50,platt_fit,26,0.3805901898764032,-1.0863113799453317,0.3,0.4985203973789896
pond,nfix,Probe,50,platt_fit,27,0.06478566648936498,-1.307872935087632,0.22,0.4985203973789896
pond,nfix,Probe,50,platt_fit,28,0.13164671837210282,-1.3082265949932843,0.24,0.4985203973789896
pond,nfix,Probe,50,platt_fit,29,0.5680109133094691,-0.8821889774890577,0.34,0.4985203973789896
pond,nfix,Probe,50,platt_fit,30,0.3188296880538615,-0.9224852301529831,0.32,0.4985203973789896
pond,nfix,Probe,50,platt_fit,31,0.7429807202944895,-1.0786503424857694,0.28,0.4985203973789896
pond,nfix,Probe,50,platt_fit,32,0.12189126611894174,-1.7075169303905375,0.16,0.4985203973789896
pond,nfix,Probe,50,platt_fit,33,0.48248888246510624,-1.2832150051004607,0.24,0.4985203973789896
pond,nfix,Probe,50,platt_fit,34,0.6323950989664016,-1.4026837155328828,0.24,0.4985203973789896
pond,nfix,Probe,50,platt_fit,35,0.5924448662615617,-1.5972772579865753,0.24,0.4985203973789896
pond,nfix,Probe,50,platt_fit,36,0.5495057470809357,-1.368987203670116,0.28,0.4985203973789896
pond,nfix,Probe,50,platt_fit,37,0.5071991925194111,-1.1335941739856048,0.26,0.4985203973789896
pond,nfix,Probe,50,platt_fit,38,1.2842794478120572,-2.1594985539934477,0.24,0.4985203973789896
pond,nfix,Probe,50,platt_fit,39,0.03316739051870299,-0.6836333899699318,0.34,0.4985203973789896
pond,nfix,Probe,50,platt_fit,40,0.3928144243485234,-1.9995696255251234,0.14,0.4985203973789896
pond,nfix,Probe,50,platt_fit,41,0.29146099526322317,-1.3449371853600547,0.24,0.4985203973789896
pond,nfix,Probe,50,platt_fit,42,0.2645075450260815,-1.563421748705735,0.2,0.4985203973789896
pond,nfix,Probe,50,platt_fit,43,0.771691104058809,-2.297645820395141,0.18,0.4985203973789896
pond,nfix,Probe,50,platt_fit,44,0.7172466769070066,-1.043905265048014,0.32,0.4985203973789896
pond,nfix,Probe,50,platt_fit,45,0.5461115306241586,-1.5169866279597615,0.24,0.4985203973789896
pond,nfix,Probe,50,platt_fit,46,0.6364842972719208,-2.0970328656824533,0.22,0.4985203973789896
pond,nfix,Probe,50,platt_fit,47,0.012291052748880432,-0.5845883850945988,0.36,0.4985203973789896
pond,nfix,Probe,50,platt_fit,48,0.0329019842887436,-1.2878367160085813,0.22,0.4985203973789896
pond,nfix,Probe,50,platt_fit,49,0.6346152904819002,-1.6441245027711886,0.2,0.4985203973789896
pond,nfix,Probe,50,platt_fit,50,0.5825606541512167,-0.9749150644631976,0.36,0.4985203973789896
pond,nfix,Probe,50,platt_fit,51,0.7712704679500724,-1.8021601356715569,0.18,0.4985203973789896
pond,nfix,Probe,50,platt_fit,52,0.35241287298712787,-1.3703170740327966,0.28,0.4985203973789896
pond,nfix,Probe,50,platt_fit,53,0.5781635311233273,-1.2187992697828356,0.26,0.4985203973789896
pond,nfix,Probe,50,platt_fit,54,0.1927175567428441,-1.5780793629956111,0.18,0.4985203973789896
pond,nfix,Probe,50,platt_fit,55,0.01840228634936413,-1.4021660356954453,0.2,0.4985203973789896
pond,nfix,Probe,50,platt_fit,56,0.2879951351787834,-1.9059585654743727,0.16,0.4985203973789896
pond,nfix,Probe,50,platt_fit,57,0.4760082579718567,-0.9607269717413729,0.34,0.4985203973789896
pond,nfix,Probe,50,platt_fit,58,-0.020695740999389804,-0.4803995762088076,0.38,0.4985203973789896
pond,nfix,Probe,50,platt_fit,59,0.8434874045955584,-1.2990921362213228,0.28,0.4985203973789896
pond,nfix,Probe,50,platt_fit,60,0.6066989129706961,-1.4528202344065346,0.26,0.4985203973789896
pond,nfix,Probe,50,platt_fit,61,1.034673530804286,-0.8651158507871365,0.36,0.4985203973789896
pond,nfix,Probe,50,platt_fit,62,0.25191720577039745,-0.8548968705479162,0.32,0.4985203973789896
pond,nfix,Probe,50,platt_fit,63,0.2467864158911314,-1.1920650391190004,0.3,0.4985203973789896
pond,nfix,Probe,50,platt_fit,64,0.6948017939487585,-2.6172372787364475,0.12,0.4985203973789896
pond,nfix,Probe,50,platt_fit,65,0.4793205354331864,-1.1424012890347832,0.28,0.4985203973789896
pond,nfix,Probe,50,platt_fit,66,0.6346471942906937,-1.2861094407186797,0.26,0.4985203973789896
pond,nfix,Probe,50,platt_fit,67,0.1894375720860296,-1.0288478740442768,0.28,0.4985203973789896
pond,nfix,Probe,50,platt_fit,68,-0.0793791965619733,-1.1852922885568489,0.22,0.4985203973789896
pond,nfix,Probe,50,platt_fit,69,1.0285183680839802,-1.2184457041287444,0.34,0.4985203973789896
pond,nfix,Probe,50,platt_fit,70,0.7344923233750827,-0.9226085314516044,0.28,0.4985203973789896
pond,nfix,Probe,50,platt_fit,71,0.03194218802097613,-0.7657177192489512,0.32,0.4985203973789896
pond,nfix,Probe,50,platt_fit,72,0.6662310866865916,-1.232121128302165,0.26,0.4985203973789896
pond,nfix,Probe,50,platt_fit,73,0.7014924445678301,-1.4184481332111611,0.28,0.4985203973789896
pond,nfix,Probe,50,platt_fit,74,0.6108252559942225,-2.312895882385343,0.12,0.4985203973789896
pond,nfix,Probe,50,platt_fit,75,0.29025747028155324,-1.6139033972804429,0.22,0.4985203973789896
pond,nfix,Probe,50,platt_fit,76,1.2789033482438539,-1.3661810120280191,0.32,0.4985203973789896
pond,nfix,Probe,50,platt_fit,77,0.36595976554131426,-1.946209094825112,0.18,0.4985203973789896
pond,nfix,Probe,50,platt_fit,78,0.5339164676996996,-1.3228917577484445,0.32,0.4985203973789896
pond,nfix,Probe,50,platt_fit,79,0.599624361840218,-0.9320938654870059,0.3,0.4985203973789896
pond,nfix,Probe,50,platt_fit,80,0.9244760383222651,-1.1749894525460345,0.28,0.4985203973789896
pond,nfix,Probe,50,platt_fit,81,0.15929457783550002,-0.6053421193394559,0.38,0.4985203973789896
pond,nfix,Probe,50,platt_fit,82,0.361227619920016,-1.856925964929645,0.2,0.4985203973789896
pond,nfix,Probe,50,platt_fit,83,0.6000632780330449,-1.4879040418634408,0.24,0.4985203973789896
pond,nfix,Probe,50,platt_fit,84,0.23667277207936332,-1.7285989731898808,0.18,0.4985203973789896
pond,nfix,Probe,50,platt_fit,85,0.4691778714141013,-0.7829935547499214,0.34,0.4985203973789896
pond,nfix,Probe,50,platt_fit,86,0.16888506989408603,-1.202440824217589,0.26,0.4985203973789896
pond,nfix,Probe,50,platt_fit,87,0.6037427387746432,-2.001332916539296,0.22,0.4985203973789896
pond,nfix,Probe,50,platt_fit,88,0.1931717535097862,-1.2102080285383852,0.24,0.4985203973789896
pond,nfix,Probe,50,platt_fit,89,0.29744070564433117,-0.9917398072229192,0.3,0.4985203973789896
pond,nfix,Probe,50,platt_fit,90,0.636669413370206,-1.898515175997799,0.28,0.4985203973789896
pond,nfix,Probe,50,platt_fit,91,0.49913505521818624,-0.9400550282711334,0.3,0.4985203973789896
pond,nfix,Probe,50,platt_fit,92,0.568208992600509,-2.0686058008719326,0.1,0.4985203973789896
pond,nfix,Probe,50,platt_fit,93,0.43539651199787,-1.1966840204941505,0.28,0.4985203973789896
pond,nfix,Probe,50,platt_fit,94,0.8319601158229672,-1.7835272796998303,0.26,0.4985203973789896
pond,nfix,Probe,50,platt_fit,95,0.23204082071650173,-1.4466895868387841,0.2,0.4985203973789896
pond,nfix,Probe,50,platt_fit,96,1.0580421416333246,-1.4311743367225,0.28,0.4985203973789896
pond,nfix,Probe,50,platt_fit,97,0.30895013988412295,-0.9957568274477785,0.3,0.4985203973789896
pond,nfix,Probe,50,platt_fit,98,0.44076837288889764,-1.0346599896158153,0.3,0.4985203973789896
pond,nfix,Probe,50,platt_fit,99,-0.08449477275197419,-0.9857814271824352,0.26,0.4985203973789896
pond,nfix,NTP,50,platt_fit,0,0.3282940385313387,-2.053818514859466,0.22,0.4985203973789896
pond,nfix,NTP,50,platt_fit,1,0.34858137085632523,-1.4654956230843017,0.34,0.4985203973789896
pond,nfix,NTP,50,platt_fit,2,0.5599888336291945,-2.329922857230707,0.26,0.4985203973789896
pond,nfix,NTP,50,platt_fit,3,0.6709578237512706,-2.612518620374189,0.28,0.4985203973789896
pond,nfix,NTP,50,platt_fit,4,0.1762114100659137,-0.9071309972329817,0.36,0.4985203973789896
pond,nfix,NTP,50,platt_fit,5,0.4303968972812143,-2.0530648613508267,0.22,0.4985203973789896
pond,nfix,NTP,50,platt_fit,6,0.42421943319116023,-1.5030511783847869,0.32,0.4985203973789896
pond,nfix,NTP,50,platt_fit,7,0.38602773056272527,-1.511646187198924,0.34,0.4985203973789896
pond,nfix,NTP,50,platt_fit,8,0.2555861985445389,-1.8273862834869836,0.24,0.4985203973789896
pond,nfix,NTP,50,platt_fit,9,0.5202494833603997,-2.0292838348288496,0.3,0.4985203973789896
pond,nfix,NTP,50,platt_fit,10,0.45523005749986506,-1.8729025781116488,0.28,0.4985203973789896
pond,nfix,NTP,50,platt_fit,11,0.4681399723021302,-1.6418861839123327,0.32,0.4985203973789896
pond,nfix,NTP,50,platt_fit,12,0.7899575183669303,-2.54133429342506,0.32,0.4985203973789896
pond,nfix,NTP,50,platt_fit,13,0.4597083267065913,-2.314137370420719,0.2,0.4985203973789896
pond,nfix,NTP,50,platt_fit,14,0.8476503511189228,-2.6180125185961964,0.26,0.4985203973789896
pond,nfix,NTP,50,platt_fit,15,0.616672534829467,-3.2954391029143895,0.14,0.4985203973789896
pond,nfix,NTP,50,platt_fit,16,0.35744343426693914,-2.272585277034202,0.16,0.4985203973789896
pond,nfix,NTP,50,platt_fit,17,0.4701472305475138,-1.4274607679597129,0.3,0.4985203973789896
pond,nfix,NTP,50,platt_fit,18,0.41249414956805025,-1.106303228419062,0.4,0.4985203973789896
pond,nfix,NTP,50,platt_fit,19,0.42928900831868594,-3.0051908843260757,0.1,0.4985203973789896
pond,nfix,NTP,50,platt_fit,20,0.9295340720614653,-2.6201899861834455,0.26,0.4985203973789896
pond,nfix,NTP,50,platt_fit,21,0.45484442398213615,-1.1665835366868893,0.34,0.4985203973789896
pond,nfix,NTP,50,platt_fit,22,0.587810450583052,-2.341201850043777,0.22,0.4985203973789896
pond,nfix,NTP,50,platt_fit,23,0.5010636487908297,-2.2859195431313184,0.24,0.4985203973789896
pond,nfix,NTP,50,platt_fit,24,0.5065628635654661,-2.4464564422193087,0.24,0.4985203973789896
pond,nfix,NTP,50,platt_fit,25,0.45883021968865134,-1.0943372920285974,0.32,0.4985203973789896
pond,nfix,NTP,50,platt_fit,26,0.29418714066541884,-1.1528578070502842,0.3,0.4985203973789896
pond,nfix,NTP,50,platt_fit,27,0.6302758102020853,-2.5772976645614243,0.22,0.4985203973789896
pond,nfix,NTP,50,platt_fit,28,0.15392940382993006,-1.5011713540425542,0.24,0.4985203973789896
pond,nfix,NTP,50,platt_fit,29,0.5133248321583611,-1.5492244121053629,0.34,0.4985203973789896
pond,nfix,NTP,50,platt_fit,30,0.6711350265739693,-2.153461271411694,0.32,0.4985203973789896
pond,nfix,NTP,50,platt_fit,31,0.5060193257985923,-1.7074287429147221,0.28,0.4985203973789896
pond,nfix,NTP,50,platt_fit,32,0.3055985670388039,-2.4285438451874866,0.16,0.4985203973789896
pond,nfix,NTP,50,platt_fit,33,0.24172760088683096,-1.6251809144936094,0.24,0.4985203973789896
pond,nfix,NTP,50,platt_fit,34,0.7815725528825889,-2.5820747590385666,0.24,0.4985203973789896
pond,nfix,NTP,50,platt_fit,35,0.36815833776681334,-1.7501643476788955,0.24,0.4985203973789896
pond,nfix,NTP,50,platt_fit,36,0.5681429402990724,-2.000230441383358,0.28,0.4985203973789896
pond,nfix,NTP,50,platt_fit,37,0.40537716529236184,-1.7919359702722375,0.26,0.4985203973789896
pond,nfix,NTP,50,platt_fit,38,0.4875787978696367,-2.02458756234411,0.24,0.4985203973789896
pond,nfix,NTP,50,platt_fit,39,0.3986673358933603,-1.3663688542609753,0.34,0.4985203973789896
pond,nfix,NTP,50,platt_fit,40,1.0851991566470236,-4.757285323419344,0.14,0.4985203973789896
pond,nfix,NTP,50,platt_fit,41,0.5882471463507707,-2.165932297061081,0.24,0.4985203973789896
pond,nfix,NTP,50,platt_fit,42,0.27735129795778374,-1.7297924456074216,0.2,0.4985203973789896
pond,nfix,NTP,50,platt_fit,43,0.7897792841303722,-3.400338988266464,0.18,0.4985203973789896
pond,nfix,NTP,50,platt_fit,44,0.5845078638316282,-2.314759781556567,0.32,0.4985203973789896
pond,nfix,NTP,50,platt_fit,45,0.4449962922014572,-2.1772165742551883,0.24,0.4985203973789896
pond,nfix,NTP,50,platt_fit,46,0.5623004519882671,-2.54054344754739,0.22,0.4985203973789896
pond,nfix,NTP,50,platt_fit,47,0.32080018260298804,-1.3211277277090685,0.36,0.4985203973789896
pond,nfix,NTP,50,platt_fit,48,0.5189161944694788,-2.6283511666193196,0.22,0.4985203973789896
pond,nfix,NTP,50,platt_fit,49,0.34955856808289404,-2.051616603684693,0.2,0.4985203973789896
pond,nfix,NTP,50,platt_fit,50,0.48490683053494316,-1.5493765172707923,0.36,0.4985203973789896
pond,nfix,NTP,50,platt_fit,51,0.35330204688497335,-2.2685026267165127,0.18,0.4985203973789896
pond,nfix,NTP,50,platt_fit,52,0.08329336001616601,-1.0564661782448466,0.28,0.4985203973789896
pond,nfix,NTP,50,platt_fit,53,0.6301755055820347,-2.117876246275711,0.26,0.4985203973789896
pond,nfix,NTP,50,platt_fit,54,0.37931827932037365,-2.468352027329768,0.18,0.4985203973789896
pond,nfix,NTP,50,platt_fit,55,0.30790732987978525,-1.8137530719054107,0.2,0.4985203973789896
pond,nfix,NTP,50,platt_fit,56,0.24949615324436022,-2.081195915911376,0.16,0.4985203973789896
pond,nfix,NTP,50,platt_fit,57,0.5131025287514404,-1.6769952584637686,0.34,0.4985203973789896
pond,nfix,NTP,50,platt_fit,58,0.408277350724628,-1.3004872316990386,0.38,0.4985203973789896
pond,nfix,NTP,50,platt_fit,59,0.6379631268821021,-2.65049689945683,0.28,0.4985203973789896
pond,nfix,NTP,50,platt_fit,60,0.7348890973820223,-2.468590233351703,0.26,0.4985203973789896
pond,nfix,NTP,50,platt_fit,61,0.5918240427910022,-1.706221669535147,0.36,0.4985203973789896
pond,nfix,NTP,50,platt_fit,62,0.42412742422716393,-1.5413444249913164,0.32,0.4985203973789896
pond,nfix,NTP,50,platt_fit,63,0.4350592325019457,-1.9648332170650886,0.3,0.4985203973789896
pond,nfix,NTP,50,platt_fit,64,0.19028184395257103,-2.312569784565144,0.12,0.4985203973789896
pond,nfix,NTP,50,platt_fit,65,0.2741643901549125,-1.4183431782347053,0.28,0.4985203973789896
pond,nfix,NTP,50,platt_fit,66,0.4017200227868587,-1.7236821201531232,0.26,0.4985203973789896
pond,nfix,NTP,50,platt_fit,67,0.340113319192698,-1.844811377049976,0.28,0.4985203973789896
pond,nfix,NTP,50,platt_fit,68,0.3394190161635047,-1.9037285788127694,0.22,0.4985203973789896
pond,nfix,NTP,50,platt_fit,69,0.49224922500060064,-1.8078742058313713,0.34,0.4985203973789896
pond,nfix,NTP,50,platt_fit,70,0.5048037235441541,-2.190934146306645,0.28,0.4985203973789896
pond,nfix,NTP,50,platt_fit,71,0.3468630005371337,-1.467388704621374,0.32,0.4985203973789896
pond,nfix,NTP,50,platt_fit,72,0.38785583438047117,-1.855519502363191,0.26,0.4985203973789896
pond,nfix,NTP,50,platt_fit,73,0.27243099672986826,-1.3772015793676808,0.28,0.4985203973789896
pond,nfix,NTP,50,platt_fit,74,0.6173487499234674,-3.2272573059766274,0.12,0.4985203973789896
pond,nfix,NTP,50,platt_fit,75,0.7486494038000618,-2.6783878665342304,0.22,0.4985203973789896
pond,nfix,NTP,50,platt_fit,76,0.8271177695192166,-2.910561470840543,0.32,0.4985203973789896
pond,nfix,NTP,50,platt_fit,77,0.3526678018302622,-2.0547442995067957,0.18,0.4985203973789896
pond,nfix,NTP,50,platt_fit,78,0.43670811471837645,-1.8099645237470494,0.32,0.4985203973789896
pond,nfix,NTP,50,platt_fit,79,0.2731947853495587,-1.2845380356455394,0.3,0.4985203973789896
pond,nfix,NTP,50,platt_fit,80,0.7678810354263955,-2.960657931751493,0.28,0.4985203973789896
pond,nfix,NTP,50,platt_fit,81,0.23449829568488517,-0.9878067601958861,0.38,0.4985203973789896
pond,nfix,NTP,50,platt_fit,82,0.4171549620690147,-2.379553803899406,0.2,0.4985203973789896
pond,nfix,NTP,50,platt_fit,83,0.42995954897530086,-1.8192824991578112,0.24,0.4985203973789896
pond,nfix,NTP,50,platt_fit,84,1.3266450080166163,-6.75786025424526,0.18,0.4985203973789896
pond,nfix,NTP,50,platt_fit,85,0.5575910809672149,-1.856480236220318,0.34,0.4985203973789896
pond,nfix,NTP,50,platt_fit,86,0.2162587141328615,-1.4413266095435477,0.26,0.4985203973789896
pond,nfix,NTP,50,platt_fit,87,0.9202306388700797,-4.372435415079952,0.22,0.4985203973789896
pond,nfix,NTP,50,platt_fit,88,0.381420514169449,-1.78642738789087,0.24,0.4985203973789896
pond,nfix,NTP,50,platt_fit,89,0.3218855666987004,-1.378507182328063,0.3,0.4985203973789896
pond,nfix,NTP,50,platt_fit,90,0.8083584397815642,-3.7616747392518106,0.28,0.4985203973789896
pond,nfix,NTP,50,platt_fit,91,0.1992776118036029,-1.2750262232866654,0.3,0.4985203973789896
pond,nfix,NTP,50,platt_fit,92,0.46918371304115186,-2.860808939779838,0.1,0.4985203973789896
pond,nfix,NTP,50,platt_fit,93,0.40021504960929255,-1.6632065615256901,0.28,0.4985203973789896
pond,nfix,NTP,50,platt_fit,94,0.6427327127714167,-2.511247109092483,0.26,0.4985203973789896
pond,nfix,NTP,50,platt_fit,95,0.4980851360734668,-2.175252219774546,0.2,0.4985203973789896
pond,nfix,NTP,50,platt_fit,96,0.9317763931276415,-2.7391927998319026,0.28,0.4985203973789896
pond,nfix,NTP,50,platt_fit,97,0.4853855635713879,-2.167439903685924,0.3,0.4985203973789896
pond,nfix,NTP,50,platt_fit,98,0.5227306477019537,-2.0235383904810873,0.3,0.4985203973789896
pond,nfix,NTP,50,platt_fit,99,0.4537708362944331,-1.9643434930104997,0.26,0.4985203973789896
pond,nfix,Probe,100,platt_fit,0,0.14780941299263373,-1.2019809038622635,0.25,0.4985203973789896
pond,nfix,Probe,100,platt_fit,1,0.4646692800668511,-0.9184673547591792,0.35,0.4985203973789896
pond,nfix,Probe,100,platt_fit,2,0.439489471157066,-1.3490797005939972,0.25,0.4985203973789896
pond,nfix,Probe,100,platt_fit,3,0.8581412914201263,-1.3443871305449018,0.24,0.4985203973789896
pond,nfix,Probe,100,platt_fit,4,0.5227501195373498,-0.9131303609871657,0.36,0.4985203973789896
pond,nfix,Probe,100,platt_fit,5,0.8612691720878463,-1.0578957604725512,0.35,0.4985203973789896
pond,nfix,Probe,100,platt_fit,6,0.6398589496467387,-1.1905853235171537,0.31,0.4985203973789896
pond,nfix,Probe,100,platt_fit,7,1.108359550068488,-1.4969360112892474,0.23,0.4985203973789896
pond,nfix,Probe,100,platt_fit,8,0.5186840590679976,-0.9564816400721602,0.32,0.4985203973789896
pond,nfix,Probe,100,platt_fit,9,0.3528372689221881,-1.4756548458493164,0.23,0.4985203973789896
pond,nfix,Probe,100,platt_fit,10,0.28547822053680116,-1.3822383600821302,0.23,0.4985203973789896
pond,nfix,Probe,100,platt_fit,11,0.5741697537100459,-1.330340979179184,0.26,0.4985203973789896
pond,nfix,Probe,100,platt_fit,12,0.419125181589311,-1.087032044827125,0.29,0.4985203973789896
pond,nfix,Probe,100,platt_fit,13,0.5333691033453163,-1.3921739061205647,0.27,0.4985203973789896
pond,nfix,Probe,100,platt_fit,14,0.41417803792558927,-1.4878869137171324,0.25,0.4985203973789896
pond,nfix,Probe,100,platt_fit,15,0.7719263295372334,-1.220520664773887,0.28,0.4985203973789896
pond,nfix,Probe,100,platt_fit,16,0.029908160395270934,-1.2815591770451644,0.22,0.4985203973789896
pond,nfix,Probe,100,platt_fit,17,0.45076839308362143,-1.1344404920109645,0.3,0.4985203973789896
pond,nfix,Probe,100,platt_fit,18,0.6796825762636186,-1.5419845055523083,0.22,0.4985203973789896
pond,nfix,Probe,100,platt_fit,19,0.4962820743527053,-1.6549116733193305,0.22,0.4985203973789896
pond,nfix,Probe,100,platt_fit,20,1.0305174692241375,-0.645043687046843,0.35,0.4985203973789896
pond,nfix,Probe,100,platt_fit,21,0.17969028512830137,-1.0331833943416355,0.28,0.4985203973789896
pond,nfix,Probe,100,platt_fit,22,0.3587925530343867,-1.778279430874856,0.17,0.4985203973789896
pond,nfix,Probe,100,platt_fit,23,0.2828953293021358,-0.9935018927796878,0.31,0.4985203973789896
pond,nfix,Probe,100,platt_fit,24,0.9267142447642289,-1.7882008147958341,0.26,0.4985203973789896
pond,nfix,Probe,100,platt_fit,25,0.9912216495827034,-1.2420191968234469,0.24,0.4985203973789896
pond,nfix,Probe,100,platt_fit,26,0.42567525471132794,-2.0577860920269364,0.17,0.4985203973789896
pond,nfix,Probe,100,platt_fit,27,0.16900795368442267,-1.3309773232234745,0.23,0.4985203973789896
pond,nfix,Probe,100,platt_fit,28,0.3189706896512593,-1.5594780507956325,0.24,0.4985203973789896
pond,nfix,Probe,100,platt_fit,29,0.6219780369258389,-1.413774246242948,0.26,0.4985203973789896
pond,nfix,Probe,100,platt_fit,30,1.0357027602089142,-1.2708364009616064,0.29,0.4985203973789896
pond,nfix,Probe,100,platt_fit,31,0.9050191170112837,-1.1380888876108193,0.27,0.4985203973789896
pond,nfix,Probe,100,platt_fit,32,0.6122517858170389,-0.8318274393781411,0.36,0.4985203973789896
pond,nfix,Probe,100,platt_fit,33,0.46614773024849,-0.9291744060895011,0.31,0.4985203973789896
pond,nfix,Probe,100,platt_fit,34,0.4775169716283144,-1.219933729054507,0.23,0.4985203973789896
pond,nfix,Probe,100,platt_fit,35,0.12594243848208564,-0.9412516678040455,0.31,0.4985203973789896
pond,nfix,Probe,100,platt_fit,36,0.3846430974230812,-0.9121580956543194,0.34,0.4985203973789896
pond,nfix,Probe,100,platt_fit,37,0.47893810534313347,-1.3231982591453162,0.22,0.4985203973789896
pond,nfix,Probe,100,platt_fit,38,0.857156570039711,-2.118145467587028,0.17,0.4985203973789896
pond,nfix,Probe,100,platt_fit,39,0.21457698198585115,-1.0756382839895564,0.28,0.4985203973789896
pond,nfix,Probe,100,platt_fit,40,0.3943952068556855,-1.465028237825963,0.22,0.4985203973789896
pond,nfix,Probe,100,platt_fit,41,0.49366579799094396,-1.331967219235039,0.27,0.4985203973789896
pond,nfix,Probe,100,platt_fit,42,0.11978002452470728,-1.106414260238947,0.26,0.4985203973789896
pond,nfix,Probe,100,platt_fit,43,0.5233797903877879,-1.7061001196820618,0.22,0.4985203973789896
pond,nfix,Probe,100,platt_fit,44,0.5817574112278409,-1.282869119699958,0.26,0.4985203973789896
pond,nfix,Probe,100,platt_fit,45,0.33264286846865376,-1.1422930884103972,0.28,0.4985203973789896
pond,nfix,Probe,100,platt_fit,46,0.10795381197407561,-0.9300379066839805,0.31,0.4985203973789896
pond,nfix,Probe,100,platt_fit,47,0.4174151956450302,-1.1364365004397157,0.31,0.4985203973789896
pond,nfix,Probe,100,platt_fit,48,0.4295566693174174,-1.260382333202728,0.28,0.4985203973789896
pond,nfix,Probe,100,platt_fit,49,0.4869915540668344,-1.2476291238900377,0.25,0.4985203973789896
pond,nfix,Probe,100,platt_fit,50,0.4524746443596587,-1.045591362415743,0.33,0.4985203973789896
pond,nfix,Probe,100,platt_fit,51,0.8846813051682528,-1.509491462448783,0.22,0.4985203973789896
pond,nfix,Probe,100,platt_fit,52,-0.0926325946650882,-0.47138560120825923,0.35,0.4985203973789896
pond,nfix,Probe,100,platt_fit,53,0.30199371434451977,-1.5520940031576442,0.19,0.4985203973789896
pond,nfix,Probe,100,platt_fit,54,0.7847472744976245,-1.910688456429191,0.21,0.4985203973789896
pond,nfix,Probe,100,platt_fit,55,0.3055035688035768,-1.0421981909466518,0.32,0.4985203973789896
pond,nfix,Probe,100,platt_fit,56,0.2685218875445048,-1.6587304900525797,0.19,0.4985203973789896
pond,nfix,Probe,100,platt_fit,57,0.23929237269263415,-1.274297236549337,0.25,0.4985203973789896
pond,nfix,Probe,100,platt_fit,58,-0.0849175767490699,-1.0000813440555303,0.26,0.4985203973789896
pond,nfix,Probe,100,platt_fit,59,0.6716967557379362,-1.0577512381197365,0.32,0.4985203973789896
pond,nfix,Probe,100,platt_fit,60,0.387148189149683,-1.6228733833172617,0.18,0.4985203973789896
pond,nfix,Probe,100,platt_fit,61,0.6040166576635877,-0.9071555110481428,0.3,0.4985203973789896
pond,nfix,Probe,100,platt_fit,62,0.478358033924478,-1.6427695530241015,0.21,0.4985203973789896
pond,nfix,Probe,100,platt_fit,63,0.4837772044986432,-2.229232489583536,0.17,0.4985203973789896
pond,nfix,Probe,100,platt_fit,64,0.6337986025462021,-1.4126236278138913,0.25,0.4985203973789896
pond,nfix,Probe,100,platt_fit,65,0.6614394591972054,-1.328834692974004,0.27,0.4985203973789896
pond,nfix,Probe,100,platt_fit,66,0.6932345546106865,-1.3139893993720912,0.26,0.4985203973789896
pond,nfix,Probe,100,platt_fit,67,0.4930178593441653,-1.3293889831058072,0.29,0.4985203973789896
pond,nfix,Probe,100,platt_fit,68,0.35691761554745344,-1.4747670433963107,0.25,0.4985203973789896
pond,nfix,Probe,100,platt_fit,69,0.5243879054452237,-1.0195373759212267,0.32,0.4985203973789896
pond,nfix,Probe,100,platt_fit,70,0.8195267414251645,-1.1560812699109373,0.29,0.4985203973789896
pond,nfix,Probe,100,platt_fit,71,0.2755401029657636,-1.332689450584867,0.22,0.4985203973789896
pond,nfix,Probe,100,platt_fit,72,0.6671752223959574,-1.0356277166944248,0.31,0.4985203973789896
pond,nfix,Probe,100,platt_fit,73,0.29978752448302975,-1.0140487770196454,0.3,0.4985203973789896
pond,nfix,Probe,100,platt_fit,74,0.867028523616572,-1.7529424440899355,0.24,0.4985203973789896
pond,nfix,Probe,100,platt_fit,75,0.2332493048211438,-0.9651998305423143,0.32,0.4985203973789896
pond,nfix,Probe,100,platt_fit,76,1.0094932327354458,-1.809750392385635,0.21,0.4985203973789896
pond,nfix,Probe,100,platt_fit,77,0.43686249324787013,-1.534638606234354,0.28,0.4985203973789896
pond,nfix,Probe,100,platt_fit,78,0.46521985992462184,-1.0784478979143468,0.35,0.4985203973789896
pond,nfix,Probe,100,platt_fit,79,0.8038340694226187,-1.525410345046845,0.21,0.4985203973789896
pond,nfix,Probe,100,platt_fit,80,0.621709918714758,-1.215626930280184,0.27,0.4985203973789896
pond,nfix,Probe,100,platt_fit,81,0.4207955246373462,-1.5520330375401434,0.22,0.4985203973789896
pond,nfix,Probe,100,platt_fit,82,0.1659208936493638,-0.6797062585664839,0.38,0.4985203973789896
pond,nfix,Probe,100,platt_fit,83,1.2543857114766477,-2.4245935016956994,0.18,0.4985203973789896
pond,nfix,Probe,100,platt_fit,84,0.8779914322196202,-2.3175130177545307,0.23,0.4985203973789896
pond,nfix,Probe,100,platt_fit,85,0.5342673651424521,-0.8982923672244718,0.34,0.4985203973789896
pond,nfix,Probe,100,platt_fit,86,0.08007333327949706,-1.3262589395259397,0.22,0.4985203973789896
pond,nfix,Probe,100,platt_fit,87,-0.16427211985082016,-1.2189889845665598,0.21,0.4985203973789896
pond,nfix,Probe,100,platt_fit,88,0.290183698090747,-0.9447094579439272,0.3,0.4985203973789896
pond,nfix,Probe,100,platt_fit,89,0.9007750652354618,-1.5662822442119926,0.25,0.4985203973789896
pond,nfix,Probe,100,platt_fit,90,0.09739550603955185,-1.3067062280957882,0.23,0.4985203973789896
pond,nfix,Probe,100,platt_fit,91,0.7732533497414532,-1.1691075722165145,0.29,0.4985203973789896
pond,nfix,Probe,100,platt_fit,92,0.9013306020005948,-0.6845609034287978,0.35,0.4985203973789896
pond,nfix,Probe,100,platt_fit,93,0.24955763114530424,-1.1263835586291806,0.26,0.4985203973789896
pond,nfix,Probe,100,platt_fit,94,0.37703209654619696,-1.3589819616120058,0.25,0.4985203973789896
pond,nfix,Probe,100,platt_fit,95,0.4615210926254521,-0.9707143480230439,0.3,0.4985203973789896
pond,nfix,Probe,100,platt_fit,96,1.0098593816229877,-1.7284436710231514,0.24,0.4985203973789896
pond,nfix,Probe,100,platt_fit,97,0.47381153208536086,-0.9847730968470186,0.31,0.4985203973789896
pond,nfix,Probe,100,platt_fit,98,0.41726947458502023,-1.2489718026435328,0.27,0.4985203973789896
pond,nfix,Probe,100,platt_fit,99,0.4931003844005871,-1.7073430073988543,0.21,0.4985203973789896
pond,nfix,NTP,100,platt_fit,0,0.5130444942633551,-2.141468956933479,0.25,0.4985203973789896
pond,nfix,NTP,100,platt_fit,1,0.3878686118941008,-1.3160501369442554,0.35,0.4985203973789896
pond,nfix,NTP,100,platt_fit,2,0.5555165581604053,-2.385863490020305,0.25,0.4985203973789896
pond,nfix,NTP,100,platt_fit,3,0.5557062742584259,-2.2519324577889135,0.24,0.4985203973789896
pond,nfix,NTP,100,platt_fit,4,0.4426827003930637,-1.2369153948664995,0.36,0.4985203973789896
pond,nfix,NTP,100,platt_fit,5,0.5525998181605475,-1.6819784052270665,0.35,0.4985203973789896
pond,nfix,NTP,100,platt_fit,6,0.4725338358401663,-1.6663061869739597,0.31,0.4985203973789896
pond,nfix,NTP,100,platt_fit,7,0.5742026735927209,-2.237358807199456,0.23,0.4985203973789896
pond,nfix,NTP,100,platt_fit,8,0.23821135664023352,-1.2287907545445487,0.32,0.4985203973789896
pond,nfix,NTP,100,platt_fit,9,0.4582062705453593,-1.838500392753607,0.23,0.4985203973789896
pond,nfix,NTP,100,platt_fit,10,0.4450452375884719,-1.830972662553717,0.23,0.4985203973789896
pond,nfix,NTP,100,platt_fit,11,0.4523287016362974,-2.1400875488141358,0.26,0.4985203973789896
pond,nfix,NTP,100,platt_fit,12,0.4122576756945201,-1.7263386621222157,0.29,0.4985203973789896
pond,nfix,NTP,100,platt_fit,13,0.6131271230539018,-1.7375889646547658,0.27,0.4985203973789896
pond,nfix,NTP,100,platt_fit,14,0.440679782914038,-2.216766099968582,0.25,0.4985203973789896
pond,nfix,NTP,100,platt_fit,15,0.6001559550667722,-2.1699536313912637,0.28,0.4985203973789896
pond,nfix,NTP,100,platt_fit,16,0.5615442152884732,-2.29766539118621,0.22,0.4985203973789896
pond,nfix,NTP,100,platt_fit,17,0.3496797445933396,-1.440969049694768,0.3,0.4985203973789896
pond,nfix,NTP,100,platt_fit,18,0.3557195788261853,-2.057658686541227,0.22,0.4985203973789896
pond,nfix,NTP,100,platt_fit,19,0.5035305157497092,-2.237016718259317,0.22,0.4985203973789896
pond,nfix,NTP,100,platt_fit,20,0.657181160464027,-1.785034459475466,0.35,0.4985203973789896
pond,nfix,NTP,100,platt_fit,21,0.485585338322383,-1.9403018166445631,0.28,0.4985203973789896
pond,nfix,NTP,100,platt_fit,22,0.28318751348826027,-2.163723153250601,0.17,0.4985203973789896
pond,nfix,NTP,100,platt_fit,23,0.28907040387659805,-1.3285394325395343,0.31,0.4985203973789896
pond,nfix,NTP,100,platt_fit,24,0.6076252040778922,-2.694298298810901,0.26,0.4985203973789896
pond,nfix,NTP,100,platt_fit,25,0.6532045116544648,-1.9777762039479345,0.24,0.4985203973789896
pond,nfix,NTP,100,platt_fit,26,0.498292159772086,-2.4843690077112353,0.17,0.4985203973789896
pond,nfix,NTP,100,platt_fit,27,0.26761405413965295,-1.6971196678789524,0.23,0.4985203973789896
pond,nfix,NTP,100,platt_fit,28,0.36164777544104926,-2.103935353336945,0.24,0.4985203973789896
pond,nfix,NTP,100,platt_fit,29,0.525985074679062,-2.107066921492071,0.26,0.4985203973789896
pond,nfix,NTP,100,platt_fit,30,0.38709905660770305,-1.6180678115904263,0.29,0.4985203973789896
pond,nfix,NTP,100,platt_fit,31,0.73731165036649,-2.13691387815699,0.27,0.4985203973789896
pond,nfix,NTP,100,platt_fit,32,0.4149417802379519,-1.5367735969250769,0.36,0.4985203973789896
pond,nfix,NTP,100,platt_fit,33,0.3063327954479393,-1.4003491913525068,0.31,0.4985203973789896
pond,nfix,NTP,100,platt_fit,34,0.4095377997919735,-1.8097417567467178,0.23,0.4985203973789896
pond,nfix,NTP,100,platt_fit,35,0.47980147555082203,-1.9276744247456934,0.31,0.4985203973789896
pond,nfix,NTP,100,platt_fit,36,0.43224271591084845,-1.4568707426695773,0.34,0.4985203973789896
pond,nfix,NTP,100,platt_fit,37,0.5560554101945819,-2.2665264331321167,0.22,0.4985203973789896
pond,nfix,NTP,100,platt_fit,38,0.5188833252496818,-2.801342787108758,0.17,0.4985203973789896
pond,nfix,NTP,100,platt_fit,39,0.21916923332342458,-1.3171288953023714,0.28,0.4985203973789896
pond,nfix,NTP,100,platt_fit,40,0.3739599193246211,-1.9566231016610725,0.22,0.4985203973789896
pond,nfix,NTP,100,platt_fit,41,0.4730782485883167,-2.0207965147955806,0.27,0.4985203973789896
pond,nfix,NTP,100,platt_fit,42,0.42298312603823146,-1.676487355575775,0.26,0.4985203973789896
pond,nfix,NTP,100,platt_fit,43,0.38579056903227366,-2.007022070567624,0.22,0.4985203973789896
pond,nfix,NTP,100,platt_fit,44,0.44796417347656786,-2.030693007831572,0.26,0.4985203973789896
pond,nfix,NTP,100,platt_fit,45,0.4287989314248727,-1.7122621540987915,0.28,0.4985203973789896
pond,nfix,NTP,100,platt_fit,46,0.32142206441059423,-1.5107196325708792,0.31,0.4985203973789896
pond,nfix,NTP,100,platt_fit,47,0.3569814263811404,-1.6173121911361752,0.31,0.4985203973789896
pond,nfix,NTP,100,platt_fit,48,0.46277988645857454,-1.8572855798019543,0.28,0.4985203973789896
pond,nfix,NTP,100,platt_fit,49,0.4338809680305321,-1.9678407170521899,0.25,0.4985203973789896
pond,nfix,NTP,100,platt_fit,50,0.2781348750683148,-1.2635297730186368,0.33,0.4985203973789896
pond,nfix,NTP,100,platt_fit,51,0.4183146547077707,-2.148199756081085,0.22,0.4985203973789896
pond,nfix,NTP,100,platt_fit,52,0.21346596327509598,-1.0327442922373753,0.35,0.4985203973789896
pond,nfix,NTP,100,platt_fit,53,0.5903315881488849,-2.768544577539544,0.19,0.4985203973789896
pond,nfix,NTP,100,platt_fit,54,0.5528571616421436,-2.776061200312797,0.21,0.4985203973789896
pond,nfix,NTP,100,platt_fit,55,0.39334431472458353,-1.3963638536230973,0.32,0.4985203973789896
pond,nfix,NTP,100,platt_fit,56,0.728195227401975,-3.3185391620561804,0.19,0.4985203973789896
pond,nfix,NTP,100,platt_fit,57,0.3745331497676116,-1.8840973513345298,0.25,0.4985203973789896
pond,nfix,NTP,100,platt_fit,58,0.33022290801622517,-1.7722285118553445,0.26,0.4985203973789896
pond,nfix,NTP,100,platt_fit,59,0.40519141757305255,-1.7865964625184771,0.32,0.4985203973789896
pond,nfix,NTP,100,platt_fit,60,0.29204281151594413,-2.0118012851856446,0.18,0.4985203973789896
pond,nfix,NTP,100,platt_fit,61,0.3541020946866172,-1.5098786549443421,0.3,0.4985203973789896
pond,nfix,NTP,100,platt_fit,62,0.2973073805227198,-1.9065091273318133,0.21,0.4985203973789896
pond,nfix,NTP,100,platt_fit,63,0.2789283491020197,-2.241642617898087,0.17,0.4985203973789896
pond,nfix,NTP,100,platt_fit,64,0.48912414563144374,-1.9031212268706525,0.25,0.4985203973789896
pond,nfix,NTP,100,platt_fit,65,0.17360039307642783,-1.3747781994252486,0.27,0.4985203973789896
pond,nfix,NTP,100,platt_fit,66,0.6048013574844685,-2.504491917842514,0.26,0.4985203973789896
pond,nfix,NTP,100,platt_fit,67,0.4375783372887549,-1.972842723975966,0.29,0.4985203973789896
pond,nfix,NTP,100,platt_fit,68,0.5249097222635419,-2.0443984276478298,0.25,0.4985203973789896
pond,nfix,NTP,100,platt_fit,69,0.3980485895531074,-1.646270284020244,0.32,0.4985203973789896
pond,nfix,NTP,100,platt_fit,70,0.5200134588683245,-1.9715835515041842,0.29,0.4985203973789896
pond,nfix,NTP,100,platt_fit,71,0.32930375503818005,-1.799702885365882,0.22,0.4985203973789896
pond,nfix,NTP,100,platt_fit,72,0.623637814768194,-1.7135332927880478,0.31,0.4985203973789896
pond,nfix,NTP,100,platt_fit,73,0.31102196688337447,-1.4158957166447674,0.3,0.4985203973789896
pond,nfix,NTP,100,platt_fit,74,0.484205667608327,-2.058128455140527,0.24,0.4985203973789896
pond,nfix,NTP,100,platt_fit,75,0.4013427009924982,-1.620237647163935,0.32,0.4985203973789896
pond,nfix,NTP,100,platt_fit,76,0.5675378781173905,-2.678705913222079,0.21,0.4985203973789896
pond,nfix,NTP,100,platt_fit,77,0.5395687214816814,-2.200340654930838,0.28,0.4985203973789896
pond,nfix,NTP,100,platt_fit,78,0.4858358100362097,-1.795128930136276,0.35,0.4985203973789896
pond,nfix,NTP,100,platt_fit,79,0.5310196104215326,-2.4228467327829057,0.21,0.4985203973789896
pond,nfix,NTP,100,platt_fit,80,0.3546025920352724,-1.5850857107398753,0.27,0.4985203973789896
pond,nfix,NTP,100,platt_fit,81,0.29914025204393296,-1.7433763091839805,0.22,0.4985203973789896
pond,nfix,NTP,100,platt_fit,82,0.5381041670900587,-1.570850968292852,0.38,0.4985203973789896
pond,nfix,NTP,100,platt_fit,83,0.7855199296948583,-3.696607528546682,0.18,0.4985203973789896
pond,nfix,NTP,100,platt_fit,84,0.40038441450281803,-2.0575713037352106,0.23,0.4985203973789896
pond,nfix,NTP,100,platt_fit,85,0.28311118992401824,-1.1966120260785607,0.34,0.4985203973789896
pond,nfix,NTP,100,platt_fit,86,0.5840314916599715,-2.3462082473472856,0.22,0.4985203973789896
pond,nfix,NTP,100,platt_fit,87,0.4400111676657297,-2.3143748739802534,0.21,0.4985203973789896
pond,nfix,NTP,100,platt_fit,88,0.3605725489490398,-1.6045679126448396,0.3,0.4985203973789896
pond,nfix,NTP,100,platt_fit,89,0.4757739209555301,-2.0534856183839083,0.25,0.4985203973789896
pond,nfix,NTP,100,platt_fit,90,0.18158124446190338,-1.5413311331205028,0.23,0.4985203973789896
pond,nfix,NTP,100,platt_fit,91,0.550022700248282,-2.039005590079182,0.29,0.4985203973789896
pond,nfix,NTP,100,platt_fit,92,0.5135332593108343,-1.426843978734237,0.35,0.4985203973789896
pond,nfix,NTP,100,platt_fit,93,0.32189432496555437,-1.501997623873871,0.26,0.4985203973789896
pond,nfix,NTP,100,platt_fit,94,0.64921924325004,-2.3552765147631125,0.25,0.4985203973789896
pond,nfix,NTP,100,platt_fit,95,0.3047701895277888,-1.2717847234803923,0.3,0.4985203973789896
pond,nfix,NTP,100,platt_fit,96,0.5393872400293872,-2.656637284576021,0.24,0.4985203973789896
pond,nfix,NTP,100,platt_fit,97,0.4466691198174056,-2.0711459023516587,0.31,0.4985203973789896
pond,nfix,NTP,100,platt_fit,98,0.5130641005245323,-2.3208602494630495,0.27,0.4985203973789896
pond,nfix,NTP,100,platt_fit,99,0.37473408638038824,-2.15624872773101,0.21,0.4985203973789896
pond,nfix,Probe,250,platt_fit,0,0.5821719707062455,-1.8526087704870295,0.212,0.4985203973789896
pond,nfix,Probe,250,platt_fit,1,0.3952623871178166,-1.1039230297607772,0.312,0.4985203973789896
pond,nfix,Probe,250,platt_fit,2,0.4236960513098255,-1.1641434408273776,0.28,0.4985203973789896
pond,nfix,Probe,250,platt_fit,3,0.7496751311473184,-1.0157169403381565,0.28,0.4985203973789896
pond,nfix,Probe,250,platt_fit,4,0.7039851397573078,-1.3900035914619127,0.292,0.4985203973789896
pond,nfix,Probe,250,platt_fit,5,0.7734492347263237,-1.241318800299206,0.284,0.4985203973789896
pond,nfix,Probe,250,platt_fit,6,0.46580542332240027,-1.175800522585893,0.288,0.4985203973789896
pond,nfix,Probe,250,platt_fit,7,0.7306944580100164,-1.085786967621549,0.276,0.4985203973789896
pond,nfix,Probe,250,platt_fit,8,0.5688336569523942,-1.1037809464498582,0.308,0.4985203973789896
pond,nfix,Probe,250,platt_fit,9,0.4024971603618359,-1.372635316223603,0.268,0.4985203973789896
pond,nfix,Probe,250,platt_fit,10,0.35438270309745584,-1.5705686075135556,0.216,0.4985203973789896
pond,nfix,Probe,250,platt_fit,11,0.8478302310577235,-0.9339422295739163,0.352,0.4985203973789896
pond,nfix,Probe,250,platt_fit,12,1.1539047817254648,-1.799763498189257,0.252,0.4985203973789896
pond,nfix,Probe,250,platt_fit,13,0.3266924830205818,-1.4302838246579603,0.236,0.4985203973789896
pond,nfix,Probe,250,platt_fit,14,0.379776854361003,-1.2405612488268456,0.284,0.4985203973789896
pond,nfix,Probe,250,platt_fit,15,0.7162033457219572,-1.3768050152690852,0.212,0.4985203973789896
pond,nfix,Probe,250,platt_fit,16,0.35065977530472653,-1.1975395439688448,0.272,0.4985203973789896
pond,nfix,Probe,250,platt_fit,17,0.3514684781735145,-1.3094263100716768,0.248,0.4985203973789896
pond,nfix,Probe,250,platt_fit,18,0.44687657104501705,-1.2550069831975692,0.276,0.4985203973789896
pond,nfix,Probe,250,platt_fit,19,0.3061039429643518,-1.4078174944917354,0.232,0.4985203973789896
pond,nfix,Probe,250,platt_fit,20,0.8655410402256954,-0.9968709416293821,0.28,0.4985203973789896
pond,nfix,Probe,250,platt_fit,21,0.48182323879602496,-1.1349341135165312,0.296,0.4985203973789896
pond,nfix,Probe,250,platt_fit,22,0.49316957058775424,-1.1902533629524703,0.292,0.4985203973789896
pond,nfix,Probe,250,platt_fit,23,0.3463277303215421,-1.0056973048443332,0.312,0.4985203973789896
pond,nfix,Probe,250,platt_fit,24,0.7109199782162086,-1.5096956668067036,0.276,0.4985203973789896
pond,nfix,Probe,250,platt_fit,25,0.7605976619437401,-1.3547800649803394,0.244,0.4985203973789896
pond,nfix,Probe,250,platt_fit,26,0.17601132488899157,-1.3948236907531688,0.228,0.4985203973789896
pond,nfix,Probe,250,platt_fit,27,0.3603975760793163,-1.496398412152111,0.232,0.4985203973789896
pond,nfix,Probe,250,platt_fit,28,0.19818447526295827,-1.2247317295525415,0.264,0.4985203973789896
pond,nfix,Probe,250,platt_fit,29,0.47329950993411424,-1.124461389619057,0.288,0.4985203973789896
pond,nfix,Probe,250,platt_fit,30,0.759486443181959,-1.2369729593470338,0.296,0.4985203973789896
pond,nfix,Probe,250,platt_fit,31,0.6778393017997444,-1.0018032358487445,0.304,0.4985203973789896
pond,nfix,Probe,250,platt_fit,32,0.6509800391829742,-1.336591241190523,0.284,0.4985203973789896
pond,nfix,Probe,250,platt_fit,33,0.33468671966895036,-1.2920669115818415,0.24,0.4985203973789896
pond,nfix,Probe,250,platt_fit,34,0.47792280526372166,-1.1514201360201268,0.244,0.4985203973789896
pond,nfix,Probe,250,platt_fit,35,0.23051587241339896,-1.1962509480074233,0.272,0.4985203973789896
pond,nfix,Probe,250,platt_fit,36,0.4571949886436968,-1.1819804673216652,0.292,0.4985203973789896
pond,nfix,Probe,250,platt_fit,37,0.6994261427685711,-0.8458950083634076,0.316,0.4985203973789896
pond,nfix,Probe,250,platt_fit,38,0.8230438043716981,-1.4829097274587728,0.268,0.4985203973789896
pond,nfix,Probe,250,platt_fit,39,0.15576315229345203,-0.9289233423225163,0.3,0.4985203973789896
pond,nfix,Probe,250,platt_fit,40,0.3434538624375595,-1.4294028137569208,0.232,0.4985203973789896
pond,nfix,Probe,250,platt_fit,41,0.3268971808398777,-1.298694552306215,0.236,0.4985203973789896
pond,nfix,Probe,250,platt_fit,42,0.2316601332930964,-1.2554981844498971,0.244,0.4985203973789896
pond,nfix,Probe,250,platt_fit,43,0.6062045293801904,-1.5427333217196553,0.268,0.4985203973789896
pond,nfix,Probe,250,platt_fit,44,0.5655575982460377,-0.9431855317798591,0.328,0.4985203973789896
pond,nfix,Probe,250,platt_fit,45,0.2940649041719483,-1.1838372672317825,0.272,0.4985203973789896
pond,nfix,Probe,250,platt_fit,46,0.08732563624753147,-1.192256968042572,0.252,0.4985203973789896
pond,nfix,Probe,250,platt_fit,47,0.1623715934506421,-0.7627883499148037,0.348,0.4985203973789896
pond,nfix,Probe,250,platt_fit,48,0.4580534166937614,-1.1787062937277968,0.312,0.4985203973789896
pond,nfix,Probe,250,platt_fit,49,0.6103495296912212,-0.9838574264976255,0.284,0.4985203973789896
pond,nfix,Probe,250,platt_fit,50,0.20991390244214508,-1.0313072507667178,0.3,0.4985203973789896
pond,nfix,Probe,250,platt_fit,51,0.8084946246499539,-1.2240858965624222,0.26,0.4985203973789896
pond,nfix,Probe,250,platt_fit,52,0.0272855172263151,-1.173270031518908,0.244,0.4985203973789896
pond,nfix,Probe,250,platt_fit,53,0.6397112515956302,-1.422725872476318,0.276,0.4985203973789896
pond,nfix,Probe,250,platt_fit,54,0.7067518979124138,-1.606294710954002,0.256,0.4985203973789896
pond,nfix,Probe,250,platt_fit,55,0.3487802365302432,-1.3693154704209773,0.26,0.4985203973789896
pond,nfix,Probe,250,platt_fit,56,0.2614540426810727,-1.3202989365073543,0.256,0.4985203973789896
pond,nfix,Probe,250,platt_fit,57,0.2706698734585857,-1.3066995834848663,0.256,0.4985203973789896
pond,nfix,Probe,250,platt_fit,58,0.3208139349328475,-1.1628742303646002,0.288,0.4985203973789896
pond,nfix,Probe,250,platt_fit,59,0.8903560926116099,-1.38696730042971,0.292,0.4985203973789896
pond,nfix,Probe,250,platt_fit,60,0.33220418924102363,-1.443116216682144,0.216,0.4985203973789896
pond,nfix,Probe,250,platt_fit,61,0.6076999542960824,-1.4356062622319559,0.208,0.4985203973789896
pond,nfix,Probe,250,platt_fit,62,0.5930019848218789,-1.4085191906145256,0.272,0.4985203973789896
pond,nfix,Probe,250,platt_fit,63,0.46964830432811017,-1.381464288721645,0.304,0.4985203973789896
pond,nfix,Probe,250,platt_fit,64,0.5325518299216124,-1.4586433504044078,0.228,0.4985203973789896
pond,nfix,Probe,250,platt_fit,65,0.7343284816955258,-1.4065046368730543,0.264,0.4985203973789896
pond,nfix,Probe,250,platt_fit,66,0.8703972799165539,-1.2326746282836145,0.288,0.4985203973789896
pond,nfix,Probe,250,platt_fit,67,0.2447044195683856,-1.0744960875323402,0.296,0.4985203973789896
pond,nfix,Probe,250,platt_fit,68,0.3512260253549987,-1.2210501364733621,0.288,0.4985203973789896
pond,nfix,Probe,250,platt_fit,69,0.7304202991340532,-1.2775847560297395,0.292,0.4985203973789896
pond,nfix,Probe,250,platt_fit,70,0.7052136624634486,-1.429581133872348,0.224,0.4985203973789896
pond,nfix,Probe,250,platt_fit,71,0.5640479410422047,-1.4022970886412902,0.26,0.4985203973789896
pond,nfix,Probe,250,platt_fit,72,0.8164984486214149,-1.68717847600987,0.216,0.4985203973789896
pond,nfix,Probe,250,platt_fit,73,0.46369458113458056,-1.5018489711072922,0.24,0.4985203973789896
pond,nfix,Probe,250,platt_fit,74,0.5712784095104455,-1.619145146270078,0.204,0.4985203973789896
pond,nfix,Probe,250,platt_fit,75,0.32841495810255517,-1.6043479441245183,0.22,0.4985203973789896
pond,nfix,Probe,250,platt_fit,76,0.758204383237593,-1.2844144801573167,0.264,0.4985203973789896
pond,nfix,Probe,250,platt_fit,77,0.24107472342672137,-1.3287294576642723,0.26,0.4985203973789896
pond,nfix,Probe,250,platt_fit,78,0.458721391326077,-1.195653450453262,0.316,0.4985203973789896
pond,nfix,Probe,250,platt_fit,79,0.6484415187271259,-1.1149315510294244,0.268,0.4985203973789896
pond,nfix,Probe,250,platt_fit,80,0.9247657861052849,-1.4072168796792477,0.268,0.4985203973789896
pond,nfix,Probe,250,platt_fit,81,0.6507294137532885,-1.2762088785316252,0.32,0.4985203973789896
pond,nfix,Probe,250,platt_fit,82,0.16721464603171346,-1.1651848764154502,0.268,0.4985203973789896
pond,nfix,Probe,250,platt_fit,83,0.5583211543733883,-1.5420319001393397,0.22,0.4985203973789896
pond,nfix,Probe,250,platt_fit,84,0.33359216636152295,-1.3052267219976783,0.272,0.4985203973789896
pond,nfix,Probe,250,platt_fit,85,0.34741501578127737,-1.3856721939814722,0.228,0.4985203973789896
pond,nfix,Probe,250,platt_fit,86,0.17560447246787983,-1.0591812019088596,0.288,0.4985203973789896
pond,nfix,Probe,250,platt_fit,87,0.1112760763608327,-1.3866841179357414,0.216,0.4985203973789896
pond,nfix,Probe,250,platt_fit,88,0.392921345214455,-1.2431454363675438,0.252,0.4985203973789896
pond,nfix,Probe,250,platt_fit,89,0.6528010060979175,-0.9757893966929874,0.324,0.4985203973789896
pond,nfix,Probe,250,platt_fit,90,0.05387169741588148,-1.1445184226246004,0.252,0.4985203973789896
pond,nfix,Probe,250,platt_fit,91,0.8134406285680369,-0.9509016437277864,0.324,0.4985203973789896
pond,nfix,Probe,250,platt_fit,92,0.4940785753955592,-1.0819580888772886,0.252,0.4985203973789896
pond,nfix,Probe,250,platt_fit,93,0.41306912670581736,-1.2553014214207625,0.26,0.4985203973789896
pond,nfix,Probe,250,platt_fit,94,0.43464133329107174,-1.5000770957810663,0.228,0.4985203973789896
pond,nfix,Probe,250,platt_fit,95,0.5599033906961941,-1.2204834413153338,0.272,0.4985203973789896
pond,nfix,Probe,250,platt_fit,96,1.0045110755414195,-1.5379925037751614,0.292,0.4985203973789896
pond,nfix,Probe,250,platt_fit,97,0.7735793213421063,-1.1714602261584026,0.296,0.4985203973789896
pond,nfix,Probe,250,platt_fit,98,0.44511414057620585,-1.319798526821755,0.24,0.4985203973789896
pond,nfix,Probe,250,platt_fit,99,0.2830336427791424,-1.008831584830239,0.312,0.4985203973789896
pond,nfix,NTP,250,platt_fit,0,0.4886975527426923,-2.375369465846275,0.212,0.4985203973789896
pond,nfix,NTP,250,platt_fit,1,0.4973638439696796,-1.9981187752751381,0.312,0.4985203973789896
pond,nfix,NTP,250,platt_fit,2,0.47095097446189044,-1.8288113874097809,0.28,0.4985203973789896
pond,nfix,NTP,250,platt_fit,3,0.49014655686427355,-1.8869509872876278,0.28,0.4985203973789896
pond,nfix,NTP,250,platt_fit,4,0.4354410864980866,-1.7953570874248852,0.292,0.4985203973789896
pond,nfix,NTP,250,platt_fit,5,0.5264760180421043,-1.9223640871631773,0.284,0.4985203973789896
pond,nfix,NTP,250,platt_fit,6,0.4594127225329575,-2.004033913915019,0.288,0.4985203973789896
pond,nfix,NTP,250,platt_fit,7,0.5308963406679142,-1.707677105900354,0.276,0.4985203973789896
pond,nfix,NTP,250,platt_fit,8,0.314595915156082,-1.5038134318239569,0.308,0.4985203973789896
pond,nfix,NTP,250,platt_fit,9,0.45440484133784476,-1.9749354732913023,0.268,0.4985203973789896
pond,nfix,NTP,250,platt_fit,10,0.3779726455634318,-1.9446556809075672,0.216,0.4985203973789896
pond,nfix,NTP,250,platt_fit,11,0.3136804295033123,-1.354273330021378,0.352,0.4985203973789896
pond,nfix,NTP,250,platt_fit,12,0.5929545295214043,-2.5477796256203593,0.252,0.4985203973789896
pond,nfix,NTP,250,platt_fit,13,0.39468704554775147,-1.9310987960426667,0.236,0.4985203973789896
pond,nfix,NTP,250,platt_fit,14,0.3820671371856406,-1.655071810517592,0.284,0.4985203973789896
pond,nfix,NTP,250,platt_fit,15,0.6583056873567152,-2.855073927302682,0.212,0.4985203973789896
pond,nfix,NTP,250,platt_fit,16,0.4008144751407706,-1.774027272570655,0.272,0.4985203973789896
pond,nfix,NTP,250,platt_fit,17,0.39501319659405876,-1.69952783177815,0.248,0.4985203973789896
pond,nfix,NTP,250,platt_fit,18,0.5191434107771873,-2.212290475219012,0.276,0.4985203973789896
pond,nfix,NTP,250,platt_fit,19,0.5349100274808036,-2.170781934527132,0.232,0.4985203973789896
pond,nfix,NTP,250,platt_fit,20,0.5265145903212327,-1.7977368710515687,0.28,0.4985203973789896
pond,nfix,NTP,250,platt_fit,21,0.43783175567659066,-1.5431738085417608,0.296,0.4985203973789896
pond,nfix,NTP,250,platt_fit,22,0.4257005736651275,-1.618948368275224,0.292,0.4985203973789896
pond,nfix,NTP,250,platt_fit,23,0.3447063333953516,-1.3402633997278048,0.312,0.4985203973789896
pond,nfix,NTP,250,platt_fit,24,0.44999112323736684,-2.0761195798680925,0.276,0.4985203973789896
pond,nfix,NTP,250,platt_fit,25,0.47118380564011675,-2.052633681694636,0.244,0.4985203973789896
pond,nfix,NTP,250,platt_fit,26,0.39993583560692647,-1.988675890080505,0.228,0.4985203973789896
pond,nfix,NTP,250,platt_fit,27,0.4111037731884053,-2.0361299198705285,0.232,0.4985203973789896
pond,nfix,NTP,250,platt_fit,28,0.34454795882239514,-1.7364083424070949,0.264,0.4985203973789896
pond,nfix,NTP,250,platt_fit,29,0.4610769820863884,-1.7360739719378786,0.288,0.4985203973789896
pond,nfix,NTP,250,platt_fit,30,0.3506155513939707,-1.5391318384652357,0.296,0.4985203973789896
pond,nfix,NTP,250,platt_fit,31,0.4318647091082839,-1.629445885321274,0.304,0.4985203973789896
pond,nfix,NTP,250,platt_fit,32,0.36868800898967047,-1.8064047562036911,0.284,0.4985203973789896
pond,nfix,NTP,250,platt_fit,33,0.4566140608906303,-2.041354010200744,0.24,0.4985203973789896
pond,nfix,NTP,250,platt_fit,34,0.3857066627466416,-1.7846711259855967,0.244,0.4985203973789896
pond,nfix,NTP,250,platt_fit,35,0.34906380191318825,-1.6942172425798763,0.272,0.4985203973789896
pond,nfix,NTP,250,platt_fit,36,0.6884278897544748,-1.9468779448370424,0.292,0.4985203973789896
pond,nfix,NTP,250,platt_fit,37,0.36050653152037954,-1.5158123740126752,0.316,0.4985203973789896
pond,nfix,NTP,250,platt_fit,38,0.6107311172301668,-2.396688284684201,0.268,0.4985203973789896
pond,nfix,NTP,250,platt_fit,39,0.34930663161101844,-1.61109110059243,0.3,0.4985203973789896
pond,nfix,NTP,250,platt_fit,40,0.4479788048418084,-2.076286406987092,0.232,0.4985203973789896
pond,nfix,NTP,250,platt_fit,41,0.5836538444995271,-2.294014502624257,0.236,0.4985203973789896
pond,nfix,NTP,250,platt_fit,42,0.45356918419514836,-1.875675811167371,0.244,0.4985203973789896
pond,nfix,NTP,250,platt_fit,43,0.436766510098439,-1.816818517745783,0.268,0.4985203973789896
pond,nfix,NTP,250,platt_fit,44,0.3133764065352671,-1.445737240745342,0.328,0.4985203973789896
pond,nfix,NTP,250,platt_fit,45,0.3594304950897252,-1.6927883601967029,0.272,0.4985203973789896
pond,nfix,NTP,250,platt_fit,46,0.46463656251822794,-2.0676113319054816,0.252,0.4985203973789896
pond,nfix,NTP,250,platt_fit,47,0.35400799794856314,-1.4863348220146562,0.348,0.4985203973789896
pond,nfix,NTP,250,platt_fit,48,0.35760569224970484,-1.6496137652729335,0.312,0.4985203973789896
pond,nfix,NTP,250,platt_fit,49,0.35141760687693013,-1.472749041576756,0.284,0.4985203973789896
pond,nfix,NTP,250,platt_fit,50,0.42470577748343347,-1.6563500892355834,0.3,0.4985203973789896
pond,nfix,NTP,250,platt_fit,51,0.43111044662841314,-1.885853997546535,0.26,0.4985203973789896
pond,nfix,NTP,250,platt_fit,52,0.3749102501321652,-1.8504146721618657,0.244,0.4985203973789896
pond,nfix,NTP,250,platt_fit,53,0.43171059576122306,-1.94139734127722,0.276,0.4985203973789896
pond,nfix,NTP,250,platt_fit,54,0.4636959573979285,-2.208519416879117,0.256,0.4985203973789896
pond,nfix,NTP,250,platt_fit,55,0.45676339850666353,-1.888307306682188,0.26,0.4985203973789896
pond,nfix,NTP,250,platt_fit,56,0.42836534853673414,-2.0140335470851896,0.256,0.4985203973789896
pond,nfix,NTP,250,platt_fit,57,0.44735357145269294,-2.054868292026909,0.256,0.4985203973789896
pond,nfix,NTP,250,platt_fit,58,0.4237198580609114,-1.8619609448490035,0.288,0.4985203973789896
pond,nfix,NTP,250,platt_fit,59,0.3740573424797905,-1.7178957708772684,0.292,0.4985203973789896
pond,nfix,NTP,250,platt_fit,60,0.41477336470980974,-1.9057125482649027,0.216,0.4985203973789896
pond,nfix,NTP,250,platt_fit,61,0.3878204849243578,-2.0719126702939326,0.208,0.4985203973789896
pond,nfix,NTP,250,platt_fit,62,0.45214885280502776,-1.868032433050205,0.272,0.4985203973789896
pond,nfix,NTP,250,platt_fit,63,0.43940443681359925,-1.7046670388443619,0.304,0.4985203973789896
pond,nfix,NTP,250,platt_fit,64,0.6128942778510853,-2.63976669021961,0.228,0.4985203973789896
pond,nfix,NTP,250,platt_fit,65,0.43310095638309326,-2.12325554946054,0.264,0.4985203973789896
pond,nfix,NTP,250,platt_fit,66,0.5936917023022075,-2.0237508945239155,0.288,0.4985203973789896
pond,nfix,NTP,250,platt_fit,67,0.3691690185186841,-1.6921867684812175,0.296,0.4985203973789896
pond,nfix,NTP,250,platt_fit,68,0.43050675221057016,-1.8007263530329607,0.288,0.4985203973789896
pond,nfix,NTP,250,platt_fit,69,0.6125253074856806,-2.394463282138426,0.292,0.4985203973789896
pond,nfix,NTP,250,platt_fit,70,0.5514229674220915,-2.6750781523128824,0.224,0.4985203973789896
pond,nfix,NTP,250,platt_fit,71,0.4785598303645434,-2.0636798206185634,0.26,0.4985203973789896
pond,nfix,NTP,250,platt_fit,72,0.41220484877764163,-2.1177656721955875,0.216,0.4985203973789896
pond,nfix,NTP,250,platt_fit,73,0.35667054537576903,-1.9237436115926687,0.24,0.4985203973789896
pond,nfix,NTP,250,platt_fit,74,0.4961758516988312,-2.129005779315693,0.204,0.4985203973789896
pond,nfix,NTP,250,platt_fit,75,0.40639958347472027,-2.0358219638661,0.22,0.4985203973789896
pond,nfix,NTP,250,platt_fit,76,0.4632051308054497,-1.9923153783494896,0.264,0.4985203973789896
pond,nfix,NTP,250,platt_fit,77,0.3411298818299819,-1.7300166140959372,0.26,0.4985203973789896
pond,nfix,NTP,250,platt_fit,78,0.4338388063723421,-1.5653141667572004,0.316,0.4985203973789896
pond,nfix,NTP,250,platt_fit,79,0.45606112331062615,-2.074877486023842,0.268,0.4985203973789896
pond,nfix,NTP,250,platt_fit,80,0.46174938150926503,-1.9892068149451876,0.268,0.4985203973789896
pond,nfix,NTP,250,platt_fit,81,0.4879257418544798,-1.7830239796028453,0.32,0.4985203973789896
pond,nfix,NTP,250,platt_fit,82,0.3329988235659539,-1.6096405488221812,0.268,0.4985203973789896
pond,nfix,NTP,250,platt_fit,83,0.46157445251100454,-2.2773925038791805,0.22,0.4985203973789896
pond,nfix,NTP,250,platt_fit,84,0.4118061158754875,-1.8314026251632989,0.272,0.4985203973789896
pond,nfix,NTP,250,platt_fit,85,0.4102341009670378,-2.185502153173052,0.228,0.4985203973789896
pond,nfix,NTP,250,platt_fit,86,0.39191615957742515,-1.729570756472796,0.288,0.4985203973789896
pond,nfix,NTP,250,platt_fit,87,0.2884072889480645,-1.7956144913306347,0.216,0.4985203973789896
pond,nfix,NTP,250,platt_fit,88,0.43541498085191094,-1.7165373632390903,0.252,0.4985203973789896
pond,nfix,NTP,250,platt_fit,89,0.472929058135997,-1.7879646184664684,0.324,0.4985203973789896
pond,nfix,NTP,250,platt_fit,90,0.42425994270395456,-2.033230556033305,0.252,0.4985203973789896
pond,nfix,NTP,250,platt_fit,91,0.47175969037123794,-1.6379398727830106,0.324,0.4985203973789896
pond,nfix,NTP,250,platt_fit,92,0.33782159646275883,-1.6244121342637816,0.252,0.4985203973789896
pond,nfix,NTP,250,platt_fit,93,0.48763774036808477,-2.0120946010550678,0.26,0.4985203973789896
pond,nfix,NTP,250,platt_fit,94,0.5036777138135605,-2.1363766880451553,0.228,0.4985203973789896
pond,nfix,NTP,250,platt_fit,95,0.4535279985455504,-1.8021252432089883,0.272,0.4985203973789896
pond,nfix,NTP,250,platt_fit,96,0.5368095416506777,-2.1458008060635767,0.292,0.4985203973789896
pond,nfix,NTP,250,platt_fit,97,0.4556621404511114,-1.8674176427161449,0.296,0.4985203973789896
pond,nfix,NTP,250,platt_fit,98,0.38039092363942545,-1.9071514021625975,0.24,0.4985203973789896
pond,nfix,NTP,250,platt_fit,99,0.22359392922532986,-1.2500804642246037,0.312,0.4985203973789896
pond,nfix,Probe,500,platt_fit,0,0.5001038359169003,-1.539126694029895,0.252,0.4985203973789896
pond,nfix,Probe,500,platt_fit,1,0.462169479724578,-1.3887032911233343,0.268,0.4985203973789896
pond,nfix,Probe,500,platt_fit,2,0.4900333035202714,-1.3568123244223513,0.236,0.4985203973789896
pond,nfix,Probe,500,platt_fit,3,0.7926947693973264,-1.09525871417819,0.256,0.4985203973789896
pond,nfix,Probe,500,platt_fit,4,0.7461381738838712,-1.267968058715381,0.32,0.4985203973789896
pond,nfix,Probe,500,platt_fit,5,0.7195508595984489,-1.0963658611186773,0.3,0.4985203973789896
pond,nfix,Probe,500,platt_fit,6,0.5303707952347472,-1.3493209808282267,0.28,0.4985203973789896
pond,nfix,Probe,500,platt_fit,7,0.9209938786467872,-1.2703977845717644,0.266,0.4985203973789896
pond,nfix,Probe,500,platt_fit,8,0.6070582141028514,-0.9638924345356037,0.338,0.4985203973789896
pond,nfix,Probe,500,platt_fit,9,0.3105271804154413,-1.320336723148769,0.254,0.4985203973789896
pond,nfix,Probe,500,platt_fit,10,0.2914351613984416,-1.4236164939450335,0.236,0.4985203973789896
pond,nfix,Probe,500,platt_fit,11,0.8489860808152909,-1.1147986912118697,0.326,0.4985203973789896
pond,nfix,Probe,500,platt_fit,12,0.7186106302134487,-1.3409824519379117,0.27,0.4985203973789896
pond,nfix,Probe,500,platt_fit,13,0.44016366790705735,-1.3595541271306484,0.252,0.4985203973789896
pond,nfix,Probe,500,platt_fit,14,0.28756350631823896,-1.1848582156803746,0.274,0.4985203973789896
pond,nfix,Probe,500,platt_fit,15,0.677949394401419,-1.23544407804755,0.234,0.4985203973789896
pond,nfix,Probe,500,platt_fit,16,0.4100619523980233,-1.0914207272639271,0.302,0.4985203973789896
pond,nfix,Probe,500,platt_fit,17,0.3555567489888749,-1.5066048284993772,0.222,0.4985203973789896
pond,nfix,Probe,500,platt_fit,18,0.44037480349615155,-1.3527957225161396,0.252,0.4985203973789896
pond,nfix,Probe,500,platt_fit,19,0.31191701541803857,-1.27850602044017,0.254,0.4985203973789896
pond,nfix,Probe,500,platt_fit,20,0.8361112361504878,-1.2122663161844236,0.248,0.4985203973789896
pond,nfix,Probe,500,platt_fit,21,0.33107579235261275,-1.0294579611480603,0.298,0.4985203973789896
pond,nfix,Probe,500,platt_fit,22,0.5468755754740133,-1.4584721511206244,0.252,0.4985203973789896
pond,nfix,Probe,500,platt_fit,23,0.36406667082383753,-1.1892814809093362,0.268,0.4985203973789896
pond,nfix,Probe,500,platt_fit,24,0.9175168857460305,-1.489661724034612,0.32,0.4985203973789896
pond,nfix,Probe,500,platt_fit,25,0.5420273236413481,-1.117015498142756,0.256,0.4985203973789896
pond,nfix,Probe,500,platt_fit,26,0.3074769485210634,-1.5135334896091661,0.226,0.4985203973789896
pond,nfix,Probe,500,platt_fit,27,0.32024783258683664,-1.4116492711367556,0.242,0.4985203973789896
pond,nfix,Probe,500,platt_fit,28,0.252130524920116,-1.1836151680232931,0.282,0.4985203973789896
pond,nfix,Probe,500,platt_fit,29,0.39348223504116636,-0.9545790639740107,0.318,0.4985203973789896
pond,nfix,Probe,500,platt_fit,30,0.8271816980983373,-1.1415485508881467,0.32,0.4985203973789896
pond,nfix,Probe,500,platt_fit,31,0.716235782575638,-1.151784694441655,0.284,0.4985203973789896
pond,nfix,Probe,500,platt_fit,32,0.6126991545652782,-1.1315932410495897,0.314,0.4985203973789896
pond,nfix,Probe,500,platt_fit,33,0.286726237377738,-1.15941513331033,0.26,0.4985203973789896
pond,nfix,Probe,500,platt_fit,34,0.6870763823119719,-1.0591333746043698,0.282,0.4985203973789896
pond,nfix,Probe,500,platt_fit,35,0.2089577050778976,-1.2955345998094496,0.246,0.4985203973789896
pond,nfix,Probe,500,platt_fit,36,0.3245490314627818,-1.3002838937480745,0.252,0.4985203973789896
pond,nfix,Probe,500,platt_fit,37,0.702732538594396,-1.00311335666281,0.292,0.4985203973789896
pond,nfix,Probe,500,platt_fit,38,0.7871761316765349,-1.6747874106014138,0.226,0.4985203973789896
pond,nfix,Probe,500,platt_fit,39,0.3649017809243525,-1.1619721510192673,0.278,0.4985203973789896
pond,nfix,Probe,500,platt_fit,40,0.5194404877011143,-1.5675736681037797,0.238,0.4985203973789896
pond,nfix,Probe,500,platt_fit,41,0.4060163114406652,-1.2995688991216772,0.254,0.4985203973789896
pond,nfix,Probe,500,platt_fit,42,0.38487059775259624,-1.202655884623356,0.284,0.4985203973789896
pond,nfix,Probe,500,platt_fit,43,0.4346437783663034,-1.285802873421434,0.286,0.4985203973789896
pond,nfix,Probe,500,platt_fit,44,0.6377921179990718,-0.9716677670997129,0.326,0.4985203973789896
pond,nfix,Probe,500,platt_fit,45,0.37429309359585833,-1.506721365621069,0.226,0.4985203973789896
pond,nfix,Probe,500,platt_fit,46,0.2619903769035511,-1.50279712583608,0.234,0.4985203973789896
pond,nfix,Probe,500,platt_fit,47,0.27153910319963787,-0.9608659949021836,0.322,0.4985203973789896
pond,nfix,Probe,500,platt_fit,48,0.34920025725332,-1.0798252615574464,0.304,0.4985203973789896
pond,nfix,Probe,500,platt_fit,49,0.4889889375921339,-0.9890141569851506,0.282,0.4985203973789896
pond,nfix,Probe,500,platt_fit,50,0.36962051251332956,-1.0695683141145718,0.316,0.4985203973789896
pond,nfix,Probe,500,platt_fit,51,0.7319202837201776,-1.262414868811361,0.26,0.4985203973789896
pond,nfix,Probe,500,platt_fit,52,0.21555033938850385,-1.2980471490134715,0.276,0.4985203973789896
pond,nfix,Probe,500,platt_fit,53,0.31744126099737724,-1.0076604452964473,0.304,0.4985203973789896
pond,nfix,Probe,500,platt_fit,54,0.5500591286631059,-1.4647991890955152,0.256,0.4985203973789896
pond,nfix,Probe,500,platt_fit,55,0.3749815615048123,-1.3412280380479713,0.272,0.4985203973789896
pond,nfix,Probe,500,platt_fit,56,0.21271467938336486,-1.2805932838175935,0.254,0.4985203973789896
pond,nfix,Probe,500,platt_fit,57,0.2952861699003954,-1.3298322805584057,0.252,0.4985203973789896
pond,nfix,Probe,500,platt_fit,58,0.33983563084796603,-1.1869564031763664,0.282,0.4985203973789896
pond,nfix,Probe,500,platt_fit,59,0.7903823253009091,-1.2693711521737463,0.294,0.4985203973789896
pond,nfix,Probe,500,platt_fit,60,0.4658187703125773,-1.5527525213941047,0.22,0.4985203973789896
pond,nfix,Probe,500,platt_fit,61,0.8662416843306205,-1.1446471279451287,0.268,0.4985203973789896
pond,nfix,Probe,500,platt_fit,62,0.41097155550633196,-1.2328210816937666,0.276,0.4985203973789896
pond,nfix,Probe,500,platt_fit,63,0.2962586906454731,-1.3871476167943873,0.256,0.4985203973789896
pond,nfix,Probe,500,platt_fit,64,0.6031753652205512,-1.498283673053755,0.242,0.4985203973789896
pond,nfix,Probe,500,platt_fit,65,0.6231280650567738,-0.942189027349581,0.36,0.4985203973789896
pond,nfix,Probe,500,platt_fit,66,0.6706026137116176,-1.2524036385653174,0.278,0.4985203973789896
pond,nfix,Probe,500,platt_fit,67,0.41403177736029806,-1.3395411016956331,0.27,0.4985203973789896
pond,nfix,Probe,500,platt_fit,68,0.3096370702595233,-1.1212672849510612,0.3,0.4985203973789896
pond,nfix,Probe,500,platt_fit,69,0.8180368916734346,-1.4443649745918676,0.256,0.4985203973789896
pond,nfix,Probe,500,platt_fit,70,0.6756413291319386,-1.119542321187239,0.28,0.4985203973789896
pond,nfix,Probe,500,platt_fit,71,0.5907615416908815,-1.5857410306037818,0.226,0.4985203973789896
pond,nfix,Probe,500,platt_fit,72,0.6692592815022728,-1.3579020019967372,0.234,0.4985203973789896
pond,nfix,Probe,500,platt_fit,73,0.4370814621905896,-1.4327963608476304,0.25,0.4985203973789896
pond,nfix,Probe,500,platt_fit,74,0.7381563042807313,-1.5730266322323219,0.254,0.4985203973789896
pond,nfix,Probe,500,platt_fit,75,0.3831826095934871,-1.4013914246694226,0.274,0.4985203973789896
pond,nfix,Probe,500,platt_fit,76,0.7257942456655565,-1.3492293758374876,0.258,0.4985203973789896
pond,nfix,Probe,500,platt_fit,77,0.1498972278574095,-1.5013919305608807,0.21,0.4985203973789896
pond,nfix,Probe,500,platt_fit,78,0.37909834175276075,-1.2080624320326356,0.288,0.4985203973789896
pond,nfix,Probe,500,platt_fit,79,0.7527453961346775,-1.230196719110489,0.242,0.4985203973789896
pond,nfix,Probe,500,platt_fit,80,0.8616680372613079,-1.5286961101184986,0.242,0.4985203973789896
pond,nfix,Probe,500,platt_fit,81,0.42397971584930105,-1.2486352428050247,0.282,0.4985203973789896
pond,nfix,Probe,500,platt_fit,82,0.1911130273308738,-1.0636084294423838,0.296,0.4985203973789896
pond,nfix,Probe,500,platt_fit,83,0.6543243979205761,-1.4075970279268377,0.254,0.4985203973789896
pond,nfix,Probe,500,platt_fit,84,0.2884101716136015,-1.2669323744630725,0.274,0.4985203973789896
pond,nfix,Probe,500,platt_fit,85,0.48993931321215867,-1.2337666059599184,0.286,0.4985203973789896
pond,nfix,Probe,500,platt_fit,86,0.2057176660378386,-1.2580621516816604,0.256,0.4985203973789896
pond,nfix,Probe,500,platt_fit,87,0.592043981776809,-1.7549736185252718,0.248,0.4985203973789896
pond,nfix,Probe,500,platt_fit,88,0.4246003707504257,-1.3470885806834971,0.236,0.4985203973789896
pond,nfix,Probe,500,platt_fit,89,0.7167439250355184,-1.1390861183918033,0.29,0.4985203973789896
pond,nfix,Probe,500,platt_fit,90,0.2897320746476899,-1.4625303852374067,0.248,0.4985203973789896
pond,nfix,Probe,500,platt_fit,91,0.7997612065076716,-1.2312147064756656,0.288,0.4985203973789896
pond,nfix,Probe,500,platt_fit,92,0.7020172551158625,-0.9661739968923218,0.294,0.4985203973789896
pond,nfix,Probe,500,platt_fit,93,0.3971465544868625,-1.1168882610796829,0.282,0.4985203973789896
pond,nfix,Probe,500,platt_fit,94,0.3658577542408797,-1.3385143094582141,0.248,0.4985203973789896
pond,nfix,Probe,500,platt_fit,95,0.5599680417660279,-1.2429505280920872,0.272,0.4985203973789896
pond,nfix,Probe,500,platt_fit,96,0.7503004351394765,-1.0339332824287877,0.308,0.4985203973789896
pond,nfix,Probe,500,platt_fit,97,0.6255192046751293,-0.9543955169128094,0.334,0.4985203973789896
pond,nfix,Probe,500,platt_fit,98,0.45523806052864046,-1.3123575505716505,0.246,0.4985203973789896
pond,nfix,Probe,500,platt_fit,99,0.3266819645276714,-1.152937811584808,0.294,0.4985203973789896
pond,nfix,NTP,500,platt_fit,0,0.54399812597078,-2.2411980344344706,0.252,0.4985203973789896
pond,nfix,NTP,500,platt_fit,1,0.490931620333104,-2.2751750667585946,0.268,0.4985203973789896
pond,nfix,NTP,500,platt_fit,2,0.49251401276374196,-2.0773207515997685,0.236,0.4985203973789896
pond,nfix,NTP,500,platt_fit,3,0.5392933150582084,-2.142589293299854,0.256,0.4985203973789896
pond,nfix,NTP,500,platt_fit,4,0.41620205722160086,-1.537128373318013,0.32,0.4985203973789896
pond,nfix,NTP,500,platt_fit,5,0.4891492638601449,-1.7694322263030167,0.3,0.4985203973789896
pond,nfix,NTP,500,platt_fit,6,0.48418684289226194,-2.1344265661959048,0.28,0.4985203973789896
pond,nfix,NTP,500,platt_fit,7,0.4650898715304757,-1.8785265387173458,0.266,0.4985203973789896
pond,nfix,NTP,500,platt_fit,8,0.5127997535662262,-1.8811079333097762,0.338,0.4985203973789896
pond,nfix,NTP,500,platt_fit,9,0.4209173127318053,-1.985166003961905,0.254,0.4985203973789896
pond,nfix,NTP,500,platt_fit,10,0.4535498978468198,-1.9505054619012667,0.236,0.4985203973789896
pond,nfix,NTP,500,platt_fit,11,0.32882627384556057,-1.5237591916300035,0.326,0.4985203973789896
pond,nfix,NTP,500,platt_fit,12,0.5302809999674203,-2.1469884302378395,0.27,0.4985203973789896
pond,nfix,NTP,500,platt_fit,13,0.43649434398474374,-1.9005185973057914,0.252,0.4985203973789896
pond,nfix,NTP,500,platt_fit,14,0.4768812915486444,-2.0498924110859633,0.274,0.4985203973789896
pond,nfix,NTP,500,platt_fit,15,0.4984565058928509,-2.237586478082064,0.234,0.4985203973789896
pond,nfix,NTP,500,platt_fit,16,0.4508302536810552,-1.8097156044739782,0.302,0.4985203973789896
pond,nfix,NTP,500,platt_fit,17,0.43583602677534605,-2.0498508740200654,0.222,0.4985203973789896
pond,nfix,NTP,500,platt_fit,18,0.4667603131058082,-2.0658842599717753,0.252,0.4985203973789896
pond,nfix,NTP,500,platt_fit,19,0.4362970659520394,-1.927220782554324,0.254,0.4985203973789896
pond,nfix,NTP,500,platt_fit,20,0.5540463984461486,-2.138250410806178,0.248,0.4985203973789896
pond,nfix,NTP,500,platt_fit,21,0.48231982171419674,-1.6335484811021115,0.298,0.4985203973789896
pond,nfix,NTP,500,platt_fit,22,0.4319978884910594,-1.8749322208369807,0.252,0.4985203973789896
pond,nfix,NTP,500,platt_fit,23,0.42740874298706577,-1.7184645966834835,0.268,0.4985203973789896
pond,nfix,NTP,500,platt_fit,24,0.5031212089851287,-2.062725787197084,0.32,0.4985203973789896
pond,nfix,NTP,500,platt_fit,25,0.4734107973099364,-1.8164711059329515,0.256,0.4985203973789896
pond,nfix,NTP,500,platt_fit,26,0.4556083889323427,-2.075089924039916,0.226,0.4985203973789896
pond,nfix,NTP,500,platt_fit,27,0.3806605088271624,-1.9483035260684338,0.242,0.4985203973789896
pond,nfix,NTP,500,platt_fit,28,0.4182441612357534,-1.8814156896615641,0.282,0.4985203973789896
pond,nfix,NTP,500,platt_fit,29,0.44420060404127004,-1.5947329117463707,0.318,0.4985203973789896
pond,nfix,NTP,500,platt_fit,30,0.412951852272669,-1.5686271856985943,0.32,0.4985203973789896
pond,nfix,NTP,500,platt_fit,31,0.4766650496831966,-1.7502587923947117,0.284,0.4985203973789896
pond,nfix,NTP,500,platt_fit,32,0.5029615265694765,-1.9968272506048026,0.314,0.4985203973789896
pond,nfix,NTP,500,platt_fit,33,0.4527853798868863,-1.9359184834469418,0.26,0.4985203973789896
pond,nfix,NTP,500,platt_fit,34,0.568531757996479,-2.1583720442415943,0.282,0.4985203973789896
pond,nfix,NTP,500,platt_fit,35,0.4017911352801697,-1.8195291928895136,0.246,0.4985203973789896
pond,nfix,NTP,500,platt_fit,36,0.4044705613407157,-1.7890140876525338,0.252,0.4985203973789896
pond,nfix,NTP,500,platt_fit,37,0.48578222715865343,-1.8811699520017058,0.292,0.4985203973789896
pond,nfix,NTP,500,platt_fit,38,0.5535355525189295,-2.5168932098095884,0.226,0.4985203973789896
pond,nfix,NTP,500,platt_fit,39,0.3646162487884811,-1.6678482596548476,0.278,0.4985203973789896
pond,nfix,NTP,500,platt_fit,40,0.5203545915034264,-2.313535494299133,0.238,0.4985203973789896
pond,nfix,NTP,500,platt_fit,41,0.4742381980758807,-2.042714587660098,0.254,0.4985203973789896
pond,nfix,NTP,500,platt_fit,42,0.4171496508354809,-1.5486248168126073,0.284,0.4985203973789896
pond,nfix,NTP,500,platt_fit,43,0.46071678254049736,-1.847445922513559,0.286,0.4985203973789896
pond,nfix,NTP,500,platt_fit,44,0.42379125296453357,-1.6429185905293058,0.326,0.4985203973789896
pond,nfix,NTP,500,platt_fit,45,0.41233275933452934,-2.065651254093323,0.226,0.4985203973789896
pond,nfix,NTP,500,platt_fit,46,0.43251684667297685,-2.089041228304583,0.234,0.4985203973789896
pond,nfix,NTP,500,platt_fit,47,0.4183927182932731,-1.7051953473634922,0.322,0.4985203973789896
pond,nfix,NTP,500,platt_fit,48,0.40172596024758866,-1.7169594565840012,0.304,0.4985203973789896
pond,nfix,NTP,500,platt_fit,49,0.37679674182996353,-1.5753366911819093,0.282,0.4985203973789896
pond,nfix,NTP,500,platt_fit,50,0.33777793035001974,-1.4376727480516867,0.316,0.4985203973789896
pond,nfix,NTP,500,platt_fit,51,0.49210983829066024,-2.1923713130666185,0.26,0.4985203973789896
pond,nfix,NTP,500,platt_fit,52,0.3285260898930974,-1.5356504995694562,0.276,0.4985203973789896
pond,nfix,NTP,500,platt_fit,53,0.44147411665597586,-1.7406675891208439,0.304,0.4985203973789896
pond,nfix,NTP,500,platt_fit,54,0.4356881254001413,-2.159783740666299,0.256,0.4985203973789896
pond,nfix,NTP,500,platt_fit,55,0.4434967796004353,-1.7838734514579042,0.272,0.4985203973789896
pond,nfix,NTP,500,platt_fit,56,0.33040428925147847,-1.7900790286751418,0.254,0.4985203973789896
pond,nfix,NTP,500,platt_fit,57,0.40950990867849424,-1.8039617262735328,0.252,0.4985203973789896
pond,nfix,NTP,500,platt_fit,58,0.3690422020779848,-1.7697859732431114,0.282,0.4985203973789896
pond,nfix,NTP,500,platt_fit,59,0.4193827495421109,-1.8123352603391087,0.294,0.4985203973789896
pond,nfix,NTP,500,platt_fit,60,0.5338445378396556,-2.2533584022026827,0.22,0.4985203973789896
pond,nfix,NTP,500,platt_fit,61,0.38938254636218467,-1.6939834914601082,0.268,0.4985203973789896
pond,nfix,NTP,500,platt_fit,62,0.41202286219787393,-1.7840255588396499,0.276,0.4985203973789896
pond,nfix,NTP,500,platt_fit,63,0.34290374384399613,-1.801840041119867,0.256,0.4985203973789896
pond,nfix,NTP,500,platt_fit,64,0.5041478556008612,-2.1934092535638308,0.242,0.4985203973789896
pond,nfix,NTP,500,platt_fit,65,0.3638521466054882,-1.4302906711708872,0.36,0.4985203973789896
pond,nfix,NTP,500,platt_fit,66,0.5153508725494668,-2.003803851597534,0.278,0.4985203973789896
pond,nfix,NTP,500,platt_fit,67,0.3674343462119297,-1.8730099817175352,0.27,0.4985203973789896
pond,nfix,NTP,500,platt_fit,68,0.3506044410125964,-1.5152913037849747,0.3,0.4985203973789896
pond,nfix,NTP,500,platt_fit,69,0.5460312235866319,-2.164332963693017,0.256,0.4985203973789896
pond,nfix,NTP,500,platt_fit,70,0.48989999079442115,-2.009850683755167,0.28,0.4985203973789896
pond,nfix,NTP,500,platt_fit,71,0.5805370904319499,-2.5432755237633637,0.226,0.4985203973789896
pond,nfix,NTP,500,platt_fit,72,0.5291999343285959,-2.1957255375424536,0.234,0.4985203973789896
pond,nfix,NTP,500,platt_fit,73,0.4133299889240886,-2.030530970951163,0.25,0.4985203973789896
pond,nfix,NTP,500,platt_fit,74,0.4586428684066288,-1.912459583097042,0.254,0.4985203973789896
pond,nfix,NTP,500,platt_fit,75,0.357172024895876,-1.6202628781155526,0.274,0.4985203973789896
pond,nfix,NTP,500,platt_fit,76,0.43559044793195634,-1.9572727263761944,0.258,0.4985203973789896
pond,nfix,NTP,500,platt_fit,77,0.4432848693966174,-2.106198364110147,0.21,0.4985203973789896
pond,nfix,NTP,500,platt_fit,78,0.39648622814698287,-1.7024461733904677,0.288,0.4985203973789896
pond,nfix,NTP,500,platt_fit,79,0.5274102219000255,-2.203051088567742,0.242,0.4985203973789896
pond,nfix,NTP,500,platt_fit,80,0.44968549974157385,-2.0583225618996743,0.242,0.4985203973789896
pond,nfix,NTP,500,platt_fit,81,0.39415461619856446,-1.6668605121116526,0.282,0.4985203973789896
pond,nfix,NTP,500,platt_fit,82,0.35912220980111803,-1.552764235350903,0.296,0.4985203973789896
pond,nfix,NTP,500,platt_fit,83,0.4813906841965375,-2.095291991308249,0.254,0.4985203973789896
pond,nfix,NTP,500,platt_fit,84,0.37047732789159554,-1.7287896388144965,0.274,0.4985203973789896
pond,nfix,NTP,500,platt_fit,85,0.4391605751481066,-1.908480762408473,0.286,0.4985203973789896
pond,nfix,NTP,500,platt_fit,86,0.47481718718675514,-2.0328693790755845,0.256,0.4985203973789896
pond,nfix,NTP,500,platt_fit,87,0.40614777026401644,-1.9725337842394033,0.248,0.4985203973789896
pond,nfix,NTP,500,platt_fit,88,0.45528994472599205,-1.9643458614796139,0.236,0.4985203973789896
pond,nfix,NTP,500,platt_fit,89,0.4633082335329477,-1.8859667969193172,0.29,0.4985203973789896
pond,nfix,NTP,500,platt_fit,90,0.38784892552127315,-1.935070776904074,0.248,0.4985203973789896
pond,nfix,NTP,500,platt_fit,91,0.520427641828168,-2.060539603885064,0.288,0.4985203973789896
pond,nfix,NTP,500,platt_fit,92,0.47188920791023375,-1.7396721049823194,0.294,0.4985203973789896
pond,nfix,NTP,500,platt_fit,93,0.3929309898199158,-1.5947164924894142,0.282,0.4985203973789896
pond,nfix,NTP,500,platt_fit,94,0.43067785784893103,-1.788605078963602,0.248,0.4985203973789896
pond,nfix,NTP,500,platt_fit,95,0.4961921902593138,-1.9866127351876663,0.272,0.4985203973789896
pond,nfix,NTP,500,platt_fit,96,0.553682974765698,-2.016056110801591,0.308,0.4985203973789896
pond,nfix,NTP,500,platt_fit,97,0.45933050250402446,-1.8101233211914216,0.334,0.4985203973789896
pond,nfix,NTP,500,platt_fit,98,0.48272794432678123,-2.1463148939813532,0.246,0.4985203973789896
pond,nfix,NTP,500,platt_fit,99,0.256638904310259,-1.3711306599070554,0.294,0.4985203973789896
pond,nfix,Probe,1000,platt_fit,0,0.3237078946242772,-1.4728168802576131,0.24,0.4985203973789896
pond,nfix,Probe,1000,platt_fit,1,0.4801905547015329,-1.3097163681212065,0.285,0.4985203973789896
pond,nfix,Probe,1000,platt_fit,2,0.4726452329325783,-1.3734323199845202,0.237,0.4985203973789896
pond,nfix,Probe,1000,platt_fit,3,0.6902065661201379,-0.9931778529504575,0.275,0.4985203973789896
pond,nfix,Probe,1000,platt_fit,4,0.7304096324139309,-1.2148998251896603,0.317,0.4985203973789896
pond,nfix,Probe,1000,platt_fit,5,0.6595927865010165,-1.2734870034788286,0.268,0.4985203973789896
pond,nfix,Probe,1000,platt_fit,6,0.505680034187112,-1.3270485887779953,0.274,0.4985203973789896
pond,nfix,Probe,1000,platt_fit,7,0.7190435454721499,-1.1445642243810248,0.27,0.4985203973789896
pond,nfix,Probe,1000,platt_fit,8,0.7145081668164033,-1.1817542593725547,0.304,0.4985203973789896
pond,nfix,Probe,1000,platt_fit,9,0.3247440710403389,-1.3744558197924692,0.251,0.4985203973789896
pond,nfix,Probe,1000,platt_fit,10,0.3335354025963587,-1.337032834327846,0.258,0.4985203973789896
pond,nfix,Probe,1000,platt_fit,11,0.6496943351965212,-0.9263872743288705,0.349,0.4985203973789896
pond,nfix,Probe,1000,platt_fit,12,0.7295053273924835,-1.3307832904498795,0.275,0.4985203973789896
pond,nfix,Probe,1000,platt_fit,13,0.43294975232666005,-1.425303388041709,0.24,0.4985203973789896
pond,nfix,Probe,1000,platt_fit,14,0.373592179850794,-1.2544307847028942,0.276,0.4985203973789896
pond,nfix,Probe,1000,platt_fit,15,0.7468984730236596,-1.2236758764781173,0.239,0.4985203973789896
pond,nfix,Probe,1000,platt_fit,16,0.4539956680830685,-1.1870586827128409,0.291,0.4985203973789896
pond,nfix,Probe,1000,platt_fit,17,0.3577343325928008,-1.3270322073274678,0.249,0.4985203973789896
pond,nfix,Probe,1000,platt_fit,18,0.4454788895198914,-1.3745065438945723,0.244,0.4985203973789896
pond,nfix,Probe,1000,platt_fit,19,0.36934989684243597,-1.4286065537212134,0.234,0.4985203973789896
pond,nfix,Probe,1000,platt_fit,20,0.8718178141278279,-1.1310162219094388,0.272,0.4985203973789896
pond,nfix,Probe,1000,platt_fit,21,0.3073286633918796,-1.2488841562186375,0.254,0.4985203973789896
pond,nfix,Probe,1000,platt_fit,22,0.4195043498418763,-1.4159507513269944,0.241,0.4985203973789896
pond,nfix,Probe,1000,platt_fit,23,0.31662754596028453,-1.2175148525737638,0.261,0.4985203973789896
pond,nfix,Probe,1000,platt_fit,24,0.8575229731032095,-1.510671697461985,0.305,0.4985203973789896
pond,nfix,Probe,1000,platt_fit,25,0.62021975670851,-1.037400712007263,0.276,0.4985203973789896
pond,nfix,Probe,1000,platt_fit,26,0.2638288313216391,-1.3974389590162748,0.238,0.4985203973789896
pond,nfix,Probe,1000,platt_fit,27,0.3039796708424413,-1.4517037899568268,0.231,0.4985203973789896
pond,nfix,Probe,1000,platt_fit,28,0.30351895976723653,-1.2501488787483834,0.282,0.4985203973789896
pond,nfix,Probe,1000,platt_fit,29,0.5208926420827109,-1.4273853546393647,0.246,0.4985203973789896
pond,nfix,Probe,1000,platt_fit,30,0.7760992408526735,-1.2466732316116431,0.295,0.4985203973789896
pond,nfix,Probe,1000,platt_fit,31,0.6244741477466509,-1.0361994933225356,0.294,0.4985203973789896
pond,nfix,Probe,1000,platt_fit,32,0.5952219935753841,-1.1288969171962489,0.309,0.4985203973789896
pond,nfix,Probe,1000,platt_fit,33,0.34551859992266065,-1.2210005066649467,0.252,0.4985203973789896
pond,nfix,Probe,1000,platt_fit,34,0.6658502094234872,-1.0662585447152453,0.278,0.4985203973789896
pond,nfix,Probe,1000,platt_fit,35,0.2980359004052343,-1.3227012705129093,0.26,0.4985203973789896
pond,nfix,Probe,1000,platt_fit,36,0.4296288630905842,-1.3166345081756463,0.265,0.4985203973789896
pond,nfix,Probe,1000,platt_fit,37,0.6607575847087257,-1.0288046377904034,0.275,0.4985203973789896
pond,nfix,Probe,1000,platt_fit,38,0.7748398192412822,-1.5936050856660187,0.248,0.4985203973789896
pond,nfix,Probe,1000,platt_fit,39,0.37710097016683697,-1.270364086077247,0.264,0.4985203973789896
pond,nfix,Probe,1000,platt_fit,40,0.3741671600278384,-1.386073552712118,0.246,0.4985203973789896
pond,nfix,Probe,1000,platt_fit,41,0.4351522827840928,-1.24967331517347,0.267,0.4985203973789896
pond,nfix,Probe,1000,platt_fit,42,0.3368885295358921,-1.1930423332124713,0.275,0.4985203973789896
pond,nfix,Probe,1000,platt_fit,43,0.4151688565612905,-1.2996352402683387,0.28,0.4985203973789896
pond,nfix,Probe,1000,platt_fit,44,0.6099006672866618,-0.9659369333130626,0.333,0.4985203973789896
pond,nfix,Probe,1000,platt_fit,45,0.37981752775496436,-1.2650151845791402,0.265,0.4985203973789896
pond,nfix,Probe,1000,platt_fit,46,0.23200497474225643,-1.2331712909769759,0.275,0.4985203973789896
pond,nfix,Probe,1000,platt_fit,47,0.2896946594951802,-1.0137387758505068,0.313,0.4985203973789896
pond,nfix,Probe,1000,platt_fit,48,0.3899421317097447,-1.1784747653127525,0.291,0.4985203973789896
pond,nfix,Probe,1000,platt_fit,49,0.6935894578774773,-1.1491814467919303,0.27,0.4985203973789896
pond,nfix,Probe,1000,platt_fit,50,0.25327443707814024,-0.9606630918111085,0.32,0.4985203973789896
pond,nfix,Probe,1000,platt_fit,51,0.6599921566254323,-1.2614250539876781,0.251,0.4985203973789896
pond,nfix,Probe,1000,platt_fit,52,0.17915244260635158,-1.3385089463326063,0.256,0.4985203973789896
pond,nfix,Probe,1000,platt_fit,53,0.3726122448926747,-1.2238803762174224,0.263,0.4985203973789896
pond,nfix,Probe,1000,platt_fit,54,0.4857044645617528,-1.5201154431018447,0.25,0.4985203973789896
pond,nfix,Probe,1000,platt_fit,55,0.28872248113908094,-1.4788269463758965,0.23,0.4985203973789896
pond,nfix,Probe,1000,platt_fit,56,0.3025662947261889,-1.428999448539737,0.242,0.4985203973789896
pond,nfix,Probe,1000,platt_fit,57,0.27391351167859473,-1.2450098691628815,0.264,0.4985203973789896
pond,nfix,Probe,1000,platt_fit,58,0.3718352380945886,-1.311352628892893,0.26,0.4985203973789896
pond,nfix,Probe,1000,platt_fit,59,0.7476646671100954,-1.1906670800650718,0.297,0.4985203973789896
pond,nfix,Probe,1000,platt_fit,60,0.49325075449521155,-1.4241652232725661,0.239,0.4985203973789896
pond,nfix,Probe,1000,platt_fit,61,0.7040222865777989,-1.092986728845539,0.274,0.4985203973789896
pond,nfix,Probe,1000,platt_fit,62,0.3639202033845012,-1.1257359056175988,0.285,0.4985203973789896
pond,nfix,Probe,1000,platt_fit,63,0.2156540523570256,-1.186097004649602,0.273,0.4985203973789896
pond,nfix,Probe,1000,platt_fit,64,0.5590765576054769,-1.339464402325508,0.252,0.4985203973789896
pond,nfix,Probe,1000,platt_fit,65,0.6305043760035686,-1.028453878241749,0.336,0.4985203973789896
pond,nfix,Probe,1000,platt_fit,66,0.7455676777818943,-1.3196888933519442,0.266,0.4985203973789896
pond,nfix,Probe,1000,platt_fit,67,0.4827174806073301,-1.2964343452520017,0.281,0.4985203973789896
pond,nfix,Probe,1000,platt_fit,68,0.3372636927942393,-1.1714243687889148,0.292,0.4985203973789896
pond,nfix,Probe,1000,platt_fit,69,0.8426834393663817,-1.4803411452940887,0.263,0.4985203973789896
pond,nfix,Probe,1000,platt_fit,70,0.7682264776566478,-1.0004066687293398,0.308,0.4985203973789896
pond,nfix,Probe,1000,platt_fit,71,0.4744646970588721,-1.3179048458523739,0.257,0.4985203973789896
pond,nfix,Probe,1000,platt_fit,72,0.7486442473240106,-1.430375291381557,0.225,0.4985203973789896
pond,nfix,Probe,1000,platt_fit,73,0.42049629804027594,-1.3830112016216716,0.257,0.4985203973789896
pond,nfix,Probe,1000,platt_fit,74,0.7294660251708543,-1.3188032751852843,0.289,0.4985203973789896
pond,nfix,Probe,1000,platt_fit,75,0.3029337318082236,-1.4354900666868673,0.247,0.4985203973789896
pond,nfix,Probe,1000,platt_fit,76,0.7558065087397925,-1.1744918511815805,0.301,0.4985203973789896
pond,nfix,Probe,1000,platt_fit,77,0.2326711552916914,-1.5005549013683235,0.229,0.4985203973789896
pond,nfix,Probe,1000,platt_fit,78,0.4034320040260017,-1.179127732723119,0.302,0.4985203973789896
pond,nfix,Probe,1000,platt_fit,79,0.8042347213899165,-1.1174298856254588,0.263,0.4985203973789896
pond,nfix,Probe,1000,platt_fit,80,0.6677936622913463,-1.4005650431744083,0.24,0.4985203973789896
pond,nfix,Probe,1000,platt_fit,81,0.4041258795371875,-1.2622811042144464,0.278,0.4985203973789896
pond,nfix,Probe,1000,platt_fit,82,0.22612448091907536,-1.152708044510138,0.284,0.4985203973789896
pond,nfix,Probe,1000,platt_fit,83,0.6988570027142049,-1.339600741418179,0.266,0.4985203973789896
pond,nfix,Probe,1000,platt_fit,84,0.48555146993297077,-1.6528308817405126,0.24,0.4985203973789896
pond,nfix,Probe,1000,platt_fit,85,0.43925514727973647,-1.2787804106127914,0.267,0.4985203973789896
pond,nfix,Probe,1000,platt_fit,86,0.18298092757133722,-1.2840256229560136,0.25,0.4985203973789896
pond,nfix,Probe,1000,platt_fit,87,0.3258925034239155,-1.5237187535654537,0.232,0.4985203973789896
pond,nfix,Probe,1000,platt_fit,88,0.46366628111216623,-1.1736828388532277,0.269,0.4985203973789896
pond,nfix,Probe,1000,platt_fit,89,0.7066985137494957,-1.1184794571202143,0.29,0.4985203973789896
pond,nfix,Probe,1000,platt_fit,90,0.2615087630742512,-1.3114504998552277,0.267,0.4985203973789896
pond,nfix,Probe,1000,platt_fit,91,0.765894411172248,-1.2104143814178028,0.28,0.4985203973789896
pond,nfix,Probe,1000,platt_fit,92,0.6764752775847341,-1.0018084237778704,0.282,0.4985203973789896
pond,nfix,Probe,1000,platt_fit,93,0.47328847369054744,-1.1536174055722759,0.279,0.4985203973789896
pond,nfix,Probe,1000,platt_fit,94,0.29760747081761085,-1.3176306573773615,0.244,0.4985203973789896
pond,nfix,Probe,1000,platt_fit,95,0.7027117485076717,-1.2449803541046613,0.281,0.4985203973789896
pond,nfix,Probe,1000,platt_fit,96,0.7447986860855746,-1.2184992359195217,0.271,0.4985203973789896
pond,nfix,Probe,1000,platt_fit,97,0.6335206937049992,-1.116224624963279,0.293,0.4985203973789896
pond,nfix,Probe,1000,platt_fit,98,0.5406475963670667,-1.3873661296246225,0.254,0.4985203973789896
pond,nfix,Probe,1000,platt_fit,99,0.2338774965054317,-1.0668916150139716,0.294,0.4985203973789896
pond,nfix,NTP,1000,platt_fit,0,0.5011821830431052,-2.185449585233101,0.24,0.4985203973789896
pond,nfix,NTP,1000,platt_fit,1,0.3944702065851487,-1.8140102609691904,0.285,0.4985203973789896
pond,nfix,NTP,1000,platt_fit,2,0.48183212963338506,-2.001408080136312,0.237,0.4985203973789896
pond,nfix,NTP,1000,platt_fit,3,0.4777443975070438,-1.9009998640091998,0.275,0.4985203973789896
pond,nfix,NTP,1000,platt_fit,4,0.46972445879581426,-1.628614398512542,0.317,0.4985203973789896
pond,nfix,NTP,1000,platt_fit,5,0.5203429779600431,-2.023794117286803,0.268,0.4985203973789896
pond,nfix,NTP,1000,platt_fit,6,0.4726972843252354,-2.0335815131176904,0.274,0.4985203973789896
pond,nfix,NTP,1000,platt_fit,7,0.5104564019683663,-1.9795442030019124,0.27,0.4985203973789896
pond,nfix,NTP,1000,platt_fit,8,0.4117383051613164,-1.7946053717513506,0.304,0.4985203973789896
pond,nfix,NTP,1000,platt_fit,9,0.46113525903844527,-2.113480542442372,0.251,0.4985203973789896
pond,nfix,NTP,1000,platt_fit,10,0.44874586957112755,-1.8248899023043106,0.258,0.4985203973789896
pond,nfix,NTP,1000,platt_fit,11,0.3189427952491411,-1.3975100005448664,0.349,0.4985203973789896
pond,nfix,NTP,1000,platt_fit,12,0.47931477400230776,-2.0730490444591703,0.275,0.4985203973789896
pond,nfix,NTP,1000,platt_fit,13,0.4818304704482943,-2.14424263708866,0.24,0.4985203973789896
pond,nfix,NTP,1000,platt_fit,14,0.4133348105031803,-1.8144101565363477,0.276,0.4985203973789896
pond,nfix,NTP,1000,platt_fit,15,0.5210619863645288,-2.2564067410722433,0.239,0.4985203973789896
pond,nfix,NTP,1000,platt_fit,16,0.45834382933623313,-1.9892544655185451,0.291,0.4985203973789896
pond,nfix,NTP,1000,platt_fit,17,0.44128936905226057,-1.8599607654145163,0.249,0.4985203973789896
pond,nfix,NTP,1000,platt_fit,18,0.4574090996731928,-2.101684932658018,0.244,0.4985203973789896
pond,nfix,NTP,1000,platt_fit,19,0.4405892004259291,-1.9805422239941457,0.234,0.4985203973789896
pond,nfix,NTP,1000,platt_fit,20,0.5211587892872701,-2.017109082197492,0.272,0.4985203973789896
pond,nfix,NTP,1000,platt_fit,21,0.46166054393919853,-1.8825038644364527,0.254,0.4985203973789896
pond,nfix,NTP,1000,platt_fit,22,0.4453057159974696,-1.9369335846381575,0.241,0.4985203973789896
pond,nfix,NTP,1000,platt_fit,23,0.38577111883248544,-1.6827983450228212,0.261,0.4985203973789896
pond,nfix,NTP,1000,platt_fit,24,0.42720202937266816,-1.8994904501021503,0.305,0.4985203973789896
pond,nfix,NTP,1000,platt_fit,25,0.41085972028295015,-1.564514041410636,0.276,0.4985203973789896
pond,nfix,NTP,1000,platt_fit,26,0.4385745082950472,-1.9407117787088728,0.238,0.4985203973789896
pond,nfix,NTP,1000,platt_fit,27,0.429036703073089,-2.0495588020485225,0.231,0.4985203973789896
pond,nfix,NTP,1000,platt_fit,28,0.38563899976523763,-1.8257417823961124,0.282,0.4985203973789896
pond,nfix,NTP,1000,platt_fit,29,0.5144230016770204,-2.105490090917981,0.246,0.4985203973789896
pond,nfix,NTP,1000,platt_fit,30,0.39839739153293297,-1.6739908217787973,0.295,0.4985203973789896
pond,nfix,NTP,1000,platt_fit,31,0.4787150347026442,-1.7338168615652447,0.294,0.4985203973789896
pond,nfix,NTP,1000,platt_fit,32,0.4433740078231264,-1.8797424106842555,0.309,0.4985203973789896
pond,nfix,NTP,1000,platt_fit,33,0.468633089101278,-2.0351240279508955,0.252,0.4985203973789896
pond,nfix,NTP,1000,platt_fit,34,0.4384849419517383,-1.7732895130343715,0.278,0.4985203973789896
pond,nfix,NTP,1000,platt_fit,35,0.3839299271342697,-1.7469998229447372,0.26,0.4985203973789896
pond,nfix,NTP,1000,platt_fit,36,0.4587380032500753,-1.78430464702869,0.265,0.4985203973789896
pond,nfix,NTP,1000,platt_fit,37,0.4088050880759935,-1.741128198810758,0.275,0.4985203973789896
pond,nfix,NTP,1000,platt_fit,38,0.5388337326710599,-2.369825709720625,0.248,0.4985203973789896
pond,nfix,NTP,1000,platt_fit,39,0.424351754037589,-1.9302570313299365,0.264,0.4985203973789896
pond,nfix,NTP,1000,platt_fit,40,0.46301688781952155,-1.9668856956452285,0.246,0.4985203973789896
pond,nfix,NTP,1000,platt_fit,41,0.3978837923583892,-1.7212727120467513,0.267,0.4985203973789896
pond,nfix,NTP,1000,platt_fit,42,0.4287618376846701,-1.6707214564205781,0.275,0.4985203973789896
pond,nfix,NTP,1000,platt_fit,43,0.37774816077669504,-1.7318320879113642,0.28,0.4985203973789896
pond,nfix,NTP,1000,platt_fit,44,0.34096385727614276,-1.4889820205245754,0.333,0.4985203973789896
pond,nfix,NTP,1000,platt_fit,45,0.42806588994151,-1.874831854540869,0.265,0.4985203973789896
pond,nfix,NTP,1000,platt_fit,46,0.4025481568368942,-1.862415778024612,0.275,0.4985203973789896
pond,nfix,NTP,1000,platt_fit,47,0.33414296781378766,-1.533947841116225,0.313,0.4985203973789896
pond,nfix,NTP,1000,platt_fit,48,0.4175907495188277,-1.7687019221559597,0.291,0.4985203973789896
pond,nfix,NTP,1000,platt_fit,49,0.46043780975966936,-1.7560745984719988,0.27,0.4985203973789896
pond,nfix,NTP,1000,platt_fit,50,0.37914807697053377,-1.4761163853788795,0.32,0.4985203973789896
pond,nfix,NTP,1000,platt_fit,51,0.39143235598913556,-1.9212653690166197,0.251,0.4985203973789896
pond,nfix,NTP,1000,platt_fit,52,0.3535489454734317,-1.716632567227632,0.256,0.4985203973789896
pond,nfix,NTP,1000,platt_fit,53,0.437812452602666,-1.9802850900275708,0.263,0.4985203973789896
pond,nfix,NTP,1000,platt_fit,54,0.4265798728082531,-2.195958600697767,0.25,0.4985203973789896
pond,nfix,NTP,1000,platt_fit,55,0.43023662373014326,-1.950393694601373,0.23,0.4985203973789896
pond,nfix,NTP,1000,platt_fit,56,0.40138632740716135,-1.9572483713702824,0.242,0.4985203973789896
pond,nfix,NTP,1000,platt_fit,57,0.4016284588629111,-1.826841042474906,0.264,0.4985203973789896
pond,nfix,NTP,1000,platt_fit,58,0.42888355739887835,-2.0271181874397954,0.26,0.4985203973789896
pond,nfix,NTP,1000,platt_fit,59,0.4291118647725223,-1.8243612200532973,0.297,0.4985203973789896
pond,nfix,NTP,1000,platt_fit,60,0.4922326282177039,-2.062968236537771,0.239,0.4985203973789896
pond,nfix,NTP,1000,platt_fit,61,0.4005682446852408,-1.7130846877127783,0.274,0.4985203973789896
pond,nfix,NTP,1000,platt_fit,62,0.4236788307757176,-1.858640528317446,0.285,0.4985203973789896
pond,nfix,NTP,1000,platt_fit,63,0.33598315560322367,-1.69249076563797,0.273,0.4985203973789896
pond,nfix,NTP,1000,platt_fit,64,0.469211424428468,-2.0551784266047606,0.252,0.4985203973789896
pond,nfix,NTP,1000,platt_fit,65,0.4118586865647755,-1.666632790943328,0.336,0.4985203973789896
pond,nfix,NTP,1000,platt_fit,66,0.4815944147144395,-1.9358602593638075,0.266,0.4985203973789896
pond,nfix,NTP,1000,platt_fit,67,0.39317019924787194,-1.8324442275496713,0.281,0.4985203973789896
pond,nfix,NTP,1000,platt_fit,68,0.3732882414049089,-1.5969370785195383,0.292,0.4985203973789896
pond,nfix,NTP,1000,platt_fit,69,0.5081862393293103,-2.145488658900292,0.263,0.4985203973789896
pond,nfix,NTP,1000,platt_fit,70,0.49184946438322114,-1.9059145194466915,0.308,0.4985203973789896
pond,nfix,NTP,1000,platt_fit,71,0.5105170973938296,-2.247168490859245,0.257,0.4985203973789896
pond,nfix,NTP,1000,platt_fit,72,0.5568133801580362,-2.2687660483266763,0.225,0.4985203973789896
pond,nfix,NTP,1000,platt_fit,73,0.44824318634917965,-2.04455755446421,0.257,0.4985203973789896
pond,nfix,NTP,1000,platt_fit,74,0.45386090234181653,-1.6646967083411068,0.289,0.4985203973789896
pond,nfix,NTP,1000,platt_fit,75,0.3791488146554307,-1.8407530984254952,0.247,0.4985203973789896
pond,nfix,NTP,1000,platt_fit,76,0.4656810023305965,-1.7830343484032065,0.301,0.4985203973789896
pond,nfix,NTP,1000,platt_fit,77,0.4407026762227229,-2.038893054958937,0.229,0.4985203973789896
pond,nfix,NTP,1000,platt_fit,78,0.40865305133563307,-1.6206291804789867,0.302,0.4985203973789896
pond,nfix,NTP,1000,platt_fit,79,0.5187776908128244,-2.078961905768603,0.263,0.4985203973789896
pond,nfix,NTP,1000,platt_fit,80,0.4365987228861495,-2.0943478260301793,0.24,0.4985203973789896
pond,nfix,NTP,1000,platt_fit,81,0.4137053649735974,-1.7480397696312011,0.278,0.4985203973789896
pond,nfix,NTP,1000,platt_fit,82,0.37811592003849526,-1.701127963642104,0.284,0.4985203973789896
pond,nfix,NTP,1000,platt_fit,83,0.45695850041935976,-1.980538458060743,0.266,0.4985203973789896
pond,nfix,NTP,1000,platt_fit,84,0.4127374085220117,-2.005785581405104,0.24,0.4985203973789896
pond,nfix,NTP,1000,platt_fit,85,0.4702363528201707,-2.1021060218134093,0.267,0.4985203973789896
pond,nfix,NTP,1000,platt_fit,86,0.3957593969057212,-1.9170688417078405,0.25,0.4985203973789896
pond,nfix,NTP,1000,platt_fit,87,0.3697432675498098,-1.99221211165089,0.232,0.4985203973789896
pond,nfix,NTP,1000,platt_fit,88,0.5113312494932687,-1.9889343569628541,0.269,0.4985203973789896
pond,nfix,NTP,1000,platt_fit,89,0.4803208251302292,-1.8813473803554042,0.29,0.4985203973789896
pond,nfix,NTP,1000,platt_fit,90,0.38367457141989486,-1.823240756985857,0.267,0.4985203973789896
pond,nfix,NTP,1000,platt_fit,91,0.4566861556896974,-1.8331294656861423,0.28,0.4985203973789896
pond,nfix,NTP,1000,platt_fit,92,0.3985093015297269,-1.6251133720615276,0.282,0.4985203973789896
pond,nfix,NTP,1000,platt_fit,93,0.47725091445161605,-1.8808353949600514,0.279,0.4985203973789896
pond,nfix,NTP,1000,platt_fit,94,0.4554635354204962,-1.9042190075316516,0.244,0.4985203973789896
pond,nfix,NTP,1000,platt_fit,95,0.4476841664759952,-1.8166733733942908,0.281,0.4985203973789896
pond,nfix,NTP,1000,platt_fit,96,0.5016422374677013,-2.0189159305949556,0.271,0.4985203973789896
pond,nfix,NTP,1000,platt_fit,97,0.45247472117218507,-1.9411415253842024,0.293,0.4985203973789896
pond,nfix,NTP,1000,platt_fit,98,0.5184138651390257,-2.2991619664370564,0.254,0.4985203973789896
pond,nfix,NTP,1000,platt_fit,99,0.2806960738591119,-1.42032959668679,0.294,0.4985203973789896
pond,supermat,Probe,10,platt_fit,0,6.984333319195377,-22.15179765070153,0.1,0.4985203973789896
pond,supermat,Probe,10,platt_fit,1,0.8976079034048267,-2.6632572665698064,0.2,0.4985203973789896
pond,supermat,Probe,10,platt_fit,2,0.477278355777292,-1.0619172417223997,0.5,0.4985203973789896
pond,supermat,Probe,10,platt_fit,3,0.0508939428847822,-0.09177716918025328,0.5,0.4985203973789896
pond,supermat,Probe,10,platt_fit,4,0.567028926232333,-2.0959434886158013,0.4,0.4985203973789896
pond,supermat,Probe,10,platt_fit,5,0.6240768104738519,-2.7742403727606173,0.2,0.4985203973789896
pond,supermat,Probe,10,platt_fit,6,0.21451202734212532,-1.74231903562534,0.2,0.4985203973789896
pond,supermat,Probe,10,platt_fit,7,1.669881731868214,-3.814760881020567,0.7,0.4985203973789896
pond,supermat,Probe,10,platt_fit,8,0.6020151130663433,-2.269187304111124,0.3,0.4985203973789896
pond,supermat,Probe,10,platt_fit,9,0.8815148842066166,-3.3226995005587887,0.3,0.4985203973789896
pond,supermat,Probe,10,platt_fit,10,0.3451134233694605,-1.4705374676734828,0.2,0.4985203973789896
pond,supermat,Probe,10,platt_fit,11,3.892268903156508,-10.569022498862395,0.4,0.4985203973789896
pond,supermat,Probe,10,platt_fit,12,2.8861928161270947,-7.552798589774974,0.5,0.4985203973789896
pond,supermat,Probe,10,platt_fit,13,1.0337667699436686,-4.587698659461263,0.2,0.4985203973789896
pond,supermat,Probe,10,platt_fit,14,1.2435014510954951,-1.5602501546842868,0.5,0.4985203973789896
pond,supermat,Probe,10,platt_fit,15,11.477348908814927,-23.243254222740276,0.6,0.4985203973789896
pond,supermat,Probe,10,platt_fit,16,1.6639065745870858,-3.0389599024699443,0.5,0.4985203973789896
pond,supermat,Probe,10,platt_fit,17,0.8483034122997364,-1.9766074242082468,0.3,0.4985203973789896
pond,supermat,Probe,10,platt_fit,18,0.010168226955252097,-0.8641729118577055,0.3,0.4985203973789896
pond,supermat,Probe,10,platt_fit,19,0.49003459629233853,-2.2515634229141774,0.2,0.4985203973789896
pond,supermat,Probe,10,platt_fit,20,0.660117552277202,-1.996700326718038,0.5,0.4985203973789896
pond,supermat,Probe,10,platt_fit,21,0.9757783979688476,-4.35506136639484,0.1,0.4985203973789896
pond,supermat,Probe,10,platt_fit,22,1.0925898985620128,-2.3682064449828806,0.2,0.4985203973789896
pond,supermat,Probe,10,platt_fit,23,0.7811415643521341,-2.376144342996748,0.4,0.4985203973789896
pond,supermat,Probe,10,platt_fit,24,79.67373659997716,-228.26071637335411,0.1,0.4985203973789896
pond,supermat,Probe,10,platt_fit,25,0.635953529324682,-1.3781460903407703,0.3,0.4985203973789896
pond,supermat,Probe,10,platt_fit,26,0.44843000454352266,-0.34184024756701603,0.5,0.4985203973789896
pond,supermat,Probe,10,platt_fit,27,1.0017624803815968,-4.652101998848597,0.2,0.4985203973789896
pond,supermat,Probe,10,platt_fit,28,0.39722406557922524,-1.3937913286975643,0.3,0.4985203973789896
pond,supermat,Probe,10,platt_fit,29,34.3562527303032,-109.94624604376912,0.2,0.4985203973789896
pond,supermat,Probe,10,platt_fit,30,0.022392166461327783,-1.4145187865352689,0.2,0.4985203973789896
pond,supermat,Probe,10,platt_fit,31,0.86502418756003,-2.9654077650113857,0.3,0.4985203973789896
pond,supermat,Probe,10,platt_fit,32,5.469689584315982,-10.194576885419284,0.3,0.4985203973789896
pond,supermat,Probe,10,platt_fit,33,377.17513588849255,-1205.396637707707,0.1,0.4985203973789896
pond,supermat,Probe,10,platt_fit,34,0.8797921589637989,-1.1008675144378923,0.6,0.4985203973789896
pond,supermat,Probe,10,platt_fit,35,37.518714941105465,-150.3446442103567,0.3,0.4985203973789896
pond,supermat,Probe,10,platt_fit,36,1.2759566835331444,-2.618407393404293,0.5,0.4985203973789896
pond,supermat,Probe,10,platt_fit,37,7.5467794399885335,-21.81357283164424,0.2,0.4985203973789896
pond,supermat,Probe,10,platt_fit,38,0.7909869716486282,-1.3537893868170843,0.4,0.4985203973789896
pond,supermat,Probe,10,platt_fit,39,1219.2216623978043,-4909.103841766228,0.2,0.4985203973789896
pond,supermat,Probe,10,platt_fit,40,0.4245555933598881,-0.503415463710667,0.6,0.4985203973789896
pond,supermat,Probe,10,platt_fit,41,0.7553780763736793,-2.033782565193334,0.4,0.4985203973789896
pond,supermat,Probe,10,platt_fit,42,0.14884605416524732,-0.9466471398961509,0.3,0.4985203973789896
pond,supermat,Probe,10,platt_fit,43,0.48670400639213357,-0.8686488761419525,0.5,0.4985203973789896
pond,supermat,Probe,10,platt_fit,44,3.5721171949665207,-4.460352378085037,0.5,0.4985203973789896
pond,supermat,Probe,10,platt_fit,45,1.9270924235872406,-6.668897269233887,0.2,0.4985203973789896
pond,supermat,Probe,10,platt_fit,46,0.33682398894558435,-2.047731893213171,0.2,0.4985203973789896
pond,supermat,Probe,10,platt_fit,47,1.423485244428987,-3.421263441668937,0.6,0.4985203973789896
pond,supermat,Probe,10,platt_fit,48,13.775568056188133,-30.100889326028476,0.5,0.4985203973789896
pond,supermat,Probe,10,platt_fit,50,1.0416648391239203,-1.884876943362726,0.2,0.4985203973789896
pond,supermat,Probe,10,platt_fit,51,2.238029781322333,-7.096274059825226,0.4,0.4985203973789896
pond,supermat,Probe,10,platt_fit,52,0.435484657945781,-1.1076512296011114,0.4,0.4985203973789896
pond,supermat,Probe,10,platt_fit,53,8.538324306309415,-12.61372155621248,0.2,0.4985203973789896
pond,supermat,Probe,10,platt_fit,54,0.1070347868416419,-0.27745618561836544,0.5,0.4985203973789896
pond,supermat,Probe,10,platt_fit,55,0.3527254641493224,-0.7260466037307891,0.5,0.4985203973789896
pond,supermat,Probe,10,platt_fit,56,1.7484424657247402,-4.734114700429113,0.2,0.4985203973789896
pond,supermat,Probe,10,platt_fit,57,2.579091348692547,-7.126556689839956,0.3,0.4985203973789896
pond,supermat,Probe,10,platt_fit,58,0.4872830167336482,-1.7295803283818119,0.4,0.4985203973789896
pond,supermat,Probe,10,platt_fit,59,12.893370245837875,-33.4693123672978,0.2,0.4985203973789896
pond,supermat,Probe,10,platt_fit,60,0.4260238148472185,-1.8952720744723903,0.2,0.4985203973789896
pond,supermat,Probe,10,platt_fit,61,0.4270891520613115,0.29946949199148637,0.8,0.4985203973789896
pond,supermat,Probe,10,platt_fit,62,0.4567550916990419,-1.9081916342535519,0.3,0.4985203973789896
pond,supermat,Probe,10,platt_fit,63,0.6164980561500503,-2.412444993823103,0.3,0.4985203973789896
pond,supermat,Probe,10,platt_fit,64,0.28766555678289657,-1.2130825880756073,0.3,0.4985203973789896
pond,supermat,Probe,10,platt_fit,65,0.8686677924690159,-2.053512390076249,0.4,0.4985203973789896
pond,supermat,Probe,10,platt_fit,66,0.018948695410043095,-2.222125692032205,0.1,0.4985203973789896
pond,supermat,Probe,10,platt_fit,67,0.8090435677548026,-1.30675165953488,0.6,0.4985203973789896
pond,supermat,Probe,10,platt_fit,68,177.05884334626978,-475.65535336359824,0.2,0.4985203973789896
pond,supermat,Probe,10,platt_fit,69,1.0514037487041723,-2.7441640554588624,0.3,0.4985203973789896
pond,supermat,Probe,10,platt_fit,70,8.915039579168255,-13.075244049442759,0.2,0.4985203973789896
pond,supermat,Probe,10,platt_fit,71,-1.566028842293189,2.525059848819638,0.4,0.4985203973789896
pond,supermat,Probe,10,platt_fit,72,0.5347260264850153,-1.3586475228932517,0.3,0.4985203973789896
pond,supermat,Probe,10,platt_fit,73,1.5053311552795041,-3.4340566931112755,0.5,0.4985203973789896
pond,supermat,Probe,10,platt_fit,74,0.8499916297567252,-3.0694022393019478,0.3,0.4985203973789896
pond,supermat,Probe,10,platt_fit,75,0.4546057039593956,-2.044886794301191,0.2,0.4985203973789896
pond,supermat,Probe,10,platt_fit,76,22.431985622199896,-55.64775043873348,0.3,0.4985203973789896
pond,supermat,Probe,10,platt_fit,77,2.2306926363533375,-3.8536740005881103,0.5,0.4985203973789896
pond,supermat,Probe,10,platt_fit,78,8.700315942693306,-15.615941121144695,0.3,0.4985203973789896
pond,supermat,Probe,10,platt_fit,79,0.906740493422559,-2.015253506491783,0.4,0.4985203973789896
pond,supermat,Probe,10,platt_fit,80,1.4730606973741935,-2.444920971913919,0.4,0.4985203973789896
pond,supermat,Probe,10,platt_fit,81,0.815911436222209,-2.414978701438398,0.5,0.4985203973789896
pond,supermat,Probe,10,platt_fit,82,56.760565706384476,-175.33573547782436,0.5,0.4985203973789896
pond,supermat,Probe,10,platt_fit,83,0.8049783457088686,-1.4606060317122553,0.5,0.4985203973789896
pond,supermat,Probe,10,platt_fit,84,0.641375369284598,-1.4333095988387943,0.4,0.4985203973789896
pond,supermat,Probe,10,platt_fit,85,1.1837791166812133,-2.2658255248984,0.5,0.4985203973789896
pond,supermat,Probe,10,platt_fit,86,0.3354958340154601,-0.9928420878676761,0.4,0.4985203973789896
pond,supermat,Probe,10,platt_fit,87,174.62491666985613,-372.3082718833145,0.5,0.4985203973789896
pond,supermat,Probe,10,platt_fit,88,0.8875001903847624,-2.1750821292277385,0.4,0.4985203973789896
pond,supermat,Probe,10,platt_fit,89,-0.034667100223393234,0.48105382827672505,0.6,0.4985203973789896
pond,supermat,Probe,10,platt_fit,90,1.2867530312285635,-3.0102000463375633,0.4,0.4985203973789896
pond,supermat,Probe,10,platt_fit,91,0.12077146479067974,-1.4031141863692256,0.2,0.4985203973789896
pond,supermat,Probe,10,platt_fit,92,1.14799536534709,-2.6561999851257223,0.4,0.4985203973789896
pond,supermat,Probe,10,platt_fit,93,0.8006949820114708,-1.2576397495264124,0.5,0.4985203973789896
pond,supermat,Probe,10,platt_fit,94,1.9325160953529004,-6.029425574681454,0.4,0.4985203973789896
pond,supermat,Probe,10,platt_fit,95,0.5823194618446659,-3.7209982290956454,0.1,0.4985203973789896
pond,supermat,Probe,10,platt_fit,96,0.5198527551425629,-2.9800135670123256,0.2,0.4985203973789896
pond,supermat,Probe,10,platt_fit,97,0.18070447102956463,-0.6276345354266504,0.4,0.4985203973789896
pond,supermat,Probe,10,platt_fit,98,1.4362174617546135,-5.1392202511717056,0.1,0.4985203973789896
pond,supermat,Probe,10,platt_fit,99,-0.07690768192352665,0.5207451633968847,0.6,0.4985203973789896
pond,supermat,Probe,10,platt_fit,100,-0.30312769383397065,-0.21551164702791129,0.3,0.4985203973789896
pond,supermat,NTP,10,platt_fit,0,3.6127658733327186,-7.279556483979485,0.1,0.4985203973789896
pond,supermat,NTP,10,platt_fit,1,0.8289335515698466,-1.7767343081244888,0.2,0.4985203973789896
pond,supermat,NTP,10,platt_fit,2,28.588176896495725,6.943263238152501,0.5,0.4985203973789896
pond,supermat,NTP,10,platt_fit,3,0.29291945265348385,-0.2592982281063198,0.5,0.4985203973789896
pond,supermat,NTP,10,platt_fit,4,0.7789132009772745,-0.7546918786054458,0.4,0.4985203973789896
pond,supermat,NTP,10,platt_fit,5,0.3103768756061396,-1.5909671768267042,0.2,0.4985203973789896
pond,supermat,NTP,10,platt_fit,6,1.810638972172668,-1.1271512898107041,0.2,0.4985203973789896
pond,supermat,NTP,10,platt_fit,7,3.7578531670680815,2.2690886965096015,0.7,0.4985203973789896
pond,supermat,NTP,10,platt_fit,8,1.4509671122267487,-0.49303196080790557,0.3,0.4985203973789896
pond,supermat,NTP,10,platt_fit,9,597.0844910945,313.59441512042446,0.3,0.4985203973789896
pond,supermat,NTP,10,platt_fit,10,2.3920518490242206,-0.8185071866443573,0.2,0.4985203973789896
pond,supermat,NTP,10,platt_fit,11,9921.123793555522,5207.303134412813,0.4,0.4985203973789896
pond,supermat,NTP,10,platt_fit,12,0.9765770858103171,0.28565135529350105,0.5,0.4985203973789896
pond,supermat,NTP,10,platt_fit,13,0.2857158499163931,-1.7857585444670363,0.2,0.4985203973789896
pond,supermat,NTP,10,platt_fit,14,28.362268852474305,13.236284986090443,0.5,0.4985203973789896
pond,supermat,NTP,10,platt_fit,15,0.20940820015505512,0.09686786233119563,0.6,0.4985203973789896
pond,supermat,NTP,10,platt_fit,16,394.4643165429316,207.06041322699664,0.5,0.4985203973789896
pond,supermat,NTP,10,platt_fit,17,2.168232638754423,-0.8019597455867457,0.3,0.4985203973789896
pond,supermat,NTP,10,platt_fit,18,1.3066367837436257,-1.3415846831296787,0.3,0.4985203973789896
pond,supermat,NTP,10,platt_fit,19,-0.10092404675075359,-1.3886789502443604,0.2,0.4985203973789896
pond,supermat,NTP,10,platt_fit,20,0.4038659856234959,-0.6978013686556126,0.5,0.4985203973789896
pond,supermat,NTP,10,platt_fit,21,3.8172794145746534,-10.247931289765168,0.1,0.4985203973789896
pond,supermat,NTP,10,platt_fit,22,2.5994122771267425,-0.712826404420758,0.2,0.4985203973789896
pond,supermat,NTP,10,platt_fit,23,0.6007465088379129,-1.4993941198693286,0.4,0.4985203973789896
pond,supermat,NTP,10,platt_fit,24,3.686880852342943,-7.235698406791181,0.1,0.4985203973789896
pond,supermat,NTP,10,platt_fit,25,0.5616035103522117,-1.4183786528534805,0.3,0.4985203973789896
pond,supermat,NTP,10,platt_fit,26,5.681326234395712,2.7723672762447675,0.5,0.4985203973789896
pond,supermat,NTP,10,platt_fit,27,72.78357230067691,-365.81130785263275,0.2,0.4985203973789896
pond,supermat,NTP,10,platt_fit,28,1.1150016792688546,-0.6796610377723771,0.3,0.4985203973789896
pond,supermat,NTP,10,platt_fit,29,3.9054938856604564,-8.383305578211706,0.2,0.4985203973789896
pond,supermat,NTP,10,platt_fit,30,-15.644525119058962,-9.351229866152677,0.2,0.4985203973789896
pond,supermat,NTP,10,platt_fit,31,1.2872265699538923,-1.4035642972031392,0.3,0.4985203973789896
pond,supermat,NTP,10,platt_fit,32,0.40431564839159634,-0.6606761924495371,0.3,0.4985203973789896
pond,supermat,NTP,10,platt_fit,33,-1.3353711310557452,-2.7835807375237795,0.1,0.4985203973789896
pond,supermat,NTP,10,platt_fit,34,1.691825563674645,0.6030682409472923,0.6,0.4985203973789896
pond,supermat,NTP,10,platt_fit,35,0.5506294955793459,-1.8247912875034145,0.3,0.4985203973789896
pond,supermat,NTP,10,platt_fit,36,0.8499823989901996,-0.09038479887248373,0.5,0.4985203973789896
pond,supermat,NTP,10,platt_fit,37,3.87123838557971,-8.733156938738528,0.2,0.4985203973789896
pond,supermat,NTP,10,platt_fit,38,0.4949800840481485,-0.9137289979940448,0.4,0.4985203973789896
pond,supermat,NTP,10,platt_fit,39,19.635169727831325,-81.59717734256432,0.2,0.4985203973789896
pond,supermat,NTP,10,platt_fit,40,1.6771251639480902,0.884234021119799,0.6,0.4985203973789896
pond,supermat,NTP,10,platt_fit,41,45.46299601684557,15.820023178515767,0.4,0.4985203973789896
pond,supermat,NTP,10,platt_fit,42,1.7050457138715283,-0.3542561201175318,0.3,0.4985203973789896
pond,supermat,NTP,10,platt_fit,43,0.26262443177187506,-0.34066767484386057,0.5,0.4985203973789896
pond,supermat,NTP,10,platt_fit,44,2.833508190439109,0.9831212910105478,0.5,0.4985203973789896
pond,supermat,NTP,10,platt_fit,45,108.23409896789369,46.28514657932382,0.2,0.4985203973789896
pond,supermat,NTP,10,platt_fit,46,5.17250305405276,0.6287456627431203,0.2,0.4985203973789896
pond,supermat,NTP,10,platt_fit,47,1.7071729146068548,0.5992799052674201,0.6,0.4985203973789896
pond,supermat,NTP,10,platt_fit,48,51.964834355276736,25.781256585730702,0.5,0.4985203973789896
pond,supermat,NTP,10,platt_fit,50,2.1565110363780233,-0.9451884638704781,0.2,0.4985203973789896
pond,supermat,NTP,10,platt_fit,51,0.47726247065241,-1.3549448920070908,0.4,0.4985203973789896
pond,supermat,NTP,10,platt_fit,52,37.75113091432604,18.75568492922354,0.4,0.4985203973789896
pond,supermat,NTP,10,platt_fit,53,7.307398122372856,-5.340423866661443,0.2,0.4985203973789896
pond,supermat,NTP,10,platt_fit,54,0.5250258355626336,-1.1102967350898876,0.5,0.4985203973789896
pond,supermat,NTP,10,platt_fit,55,0.36025088558115376,-0.36294401425699047,0.5,0.4985203973789896
pond,supermat,NTP,10,platt_fit,56,0.6456428324581734,-1.8637068630878584,0.2,0.4985203973789896
pond,supermat,NTP,10,platt_fit,57,1.146941780543607,-0.6639435040033433,0.3,0.4985203973789896
pond,supermat,NTP,10,platt_fit,58,7.475915391887247,-5.423436511763576,0.4,0.4985203973789896
pond,supermat,NTP,10,platt_fit,59,4.574967215819653,-7.146222677357686,0.2,0.4985203973789896
pond,supermat,NTP,10,platt_fit,60,1511.5303068528146,786.0339936444059,0.2,0.4985203973789896
pond,supermat,NTP,10,platt_fit,61,3.3730930982569887,2.183474052563807,0.8,0.4985203973789896
pond,supermat,NTP,10,platt_fit,62,24.98850647391573,11.120829271074859,0.3,0.4985203973789896
pond,supermat,NTP,10,platt_fit,63,7.674274359967201,-5.778629777027417,0.3,0.4985203973789896
pond,supermat,NTP,10,platt_fit,64,1.1706951793250475,-0.6466266490158092,0.3,0.4985203973789896
pond,supermat,NTP,10,platt_fit,65,714.9199493798238,368.52110864425384,0.4,0.4985203973789896
pond,supermat,NTP,10,platt_fit,66,3.9699046266159828,-7.202075503195671,0.1,0.4985203973789896
pond,supermat,NTP,10,platt_fit,67,6.256524623238418,-5.463648409235314,0.6,0.4985203973789896
pond,supermat,NTP,10,platt_fit,68,351.828339200189,182.80858132600767,0.2,0.4985203973789896
pond,supermat,NTP,10,platt_fit,69,-1.5432008451159411,-1.5055947186718122,0.3,0.4985203973789896
pond,supermat,NTP,10,platt_fit,70,4.577135730715051,-7.154738179276396,0.2,0.4985203973789896
pond,supermat,NTP,10,platt_fit,71,-1.5220167561998434,-0.7426681734970064,0.4,0.4985203973789896
pond,supermat,NTP,10,platt_fit,72,-0.6260093607180632,-1.0190847675999433,0.3,0.4985203973789896
pond,supermat,NTP,10,platt_fit,73,0.6104902025974379,-0.9064217731023451,0.5,0.4985203973789896
pond,supermat,NTP,10,platt_fit,74,2.819964584717241,0.19879940996406997,0.3,0.4985203973789896
pond,supermat,NTP,10,platt_fit,75,-1.528518106261362,-2.0585163531765724,0.2,0.4985203973789896
pond,supermat,NTP,10,platt_fit,76,5.022614385600858,-6.694602665869516,0.3,0.4985203973789896
pond,supermat,NTP,10,platt_fit,77,-0.5952501313800987,-0.092592674355581,0.5,0.4985203973789896
pond,supermat,NTP,10,platt_fit,78,27.563505832892943,6.084303046668736,0.3,0.4985203973789896
pond,supermat,NTP,10,platt_fit,79,0.45470144292660575,-0.855151671833769,0.4,0.4985203973789896
pond,supermat,NTP,10,platt_fit,80,3.859378173037476,0.23820544208901923,0.4,0.4985203973789896
pond,supermat,NTP,10,platt_fit,81,0.6176362835479149,-1.2270073432618893,0.5,0.4985203973789896
pond,supermat,NTP,10,platt_fit,82,2.231472089178601,0.26031679386958856,0.5,0.4985203973789896
pond,supermat,NTP,10,platt_fit,83,0.8735771226810489,-0.5973509603284523,0.5,0.4985203973789896
pond,supermat,NTP,10,platt_fit,84,15.220225093962414,-3.9590803278792923,0.4,0.4985203973789896
pond,supermat,NTP,10,platt_fit,85,0.017068466261704173,-0.008871226744806155,0.5,0.4985203973789896
pond,supermat,NTP,10,platt_fit,86,2.1715771603630385,-0.6477497398188703,0.4,0.4985203973789896
pond,supermat,NTP,10,platt_fit,87,1.0746121876906636,-1.2392610811130138,0.5,0.4985203973789896
pond,supermat,NTP,10,platt_fit,88,5.771605929870137,1.8292001993823253,0.4,0.4985203973789896
pond,supermat,NTP,10,platt_fit,89,0.7295019993002001,-0.3931008796587581,0.6,0.4985203973789896
pond,supermat,NTP,10,platt_fit,90,2.6864808658595467,0.31719777944074196,0.4,0.4985203973789896
pond,supermat,NTP,10,platt_fit,91,-9.910481283182108,-6.478043492940224,0.2,0.4985203973789896
pond,supermat,NTP,10,platt_fit,92,0.5477700230154491,-0.9543495688843286,0.4,0.4985203973789896
pond,supermat,NTP,10,platt_fit,93,1.9923389905033149,0.13397011492896288,0.5,0.4985203973789896
pond,supermat,NTP,10,platt_fit,94,18.922604763259606,8.139410984100339,0.4,0.4985203973789896
pond,supermat,NTP,10,platt_fit,95,0.9056893375402715,-1.7186777638638502,0.1,0.4985203973789896
pond,supermat,NTP,10,platt_fit,96,7.091093071704859,-27.76538864897768,0.2,0.4985203973789896
pond,supermat,NTP,10,platt_fit,97,0.37689477173446173,-0.91133599591302,0.4,0.4985203973789896
pond,supermat,NTP,10,platt_fit,98,28.927105919974966,12.819649362236309,0.1,0.4985203973789896
pond,supermat,NTP,10,platt_fit,99,9.982712494541916,4.527505153337571,0.6,0.4985203973789896
pond,supermat,NTP,10,platt_fit,100,0.3434063622213767,-1.0695325998785765,0.3,0.4985203973789896
pond,supermat,Probe,50,platt_fit,0,0.9702331270452514,-2.7823239393208556,0.26,0.4985203973789896
pond,supermat,Probe,50,platt_fit,1,0.7914545815107613,-2.977334421909857,0.18,0.4985203973789896
pond,supermat,Probe,50,platt_fit,2,0.3555611695702936,-0.9880271746690218,0.44,0.4985203973789896
pond,supermat,Probe,50,platt_fit,3,0.7366099026021056,-2.0231775245138723,0.42,0.4985203973789896
pond,supermat,Probe,50,platt_fit,4,0.9433403063001915,-2.830421552297163,0.36,0.4985203973789896
pond,supermat,Probe,50,platt_fit,5,0.40889863951824257,-1.7296720597493158,0.32,0.4985203973789896
pond,supermat,Probe,50,platt_fit,6,0.49581679040122745,-1.6545858202211587,0.34,0.4985203973789896
pond,supermat,Probe,50,platt_fit,7,0.636532297466232,-1.6527670301843282,0.48,0.4985203973789896
pond,supermat,Probe,50,platt_fit,8,0.5295655804367231,-2.059114769470745,0.28,0.4985203973789896
pond,supermat,Probe,50,platt_fit,9,0.7729809405930653,-3.0575595011396572,0.26,0.4985203973789896
pond,supermat,Probe,50,platt_fit,10,0.8749117166048168,-2.581709649777772,0.26,0.4985203973789896
pond,supermat,Probe,50,platt_fit,11,0.3519550304283078,-1.212613178425738,0.4,0.4985203973789896
pond,supermat,Probe,50,platt_fit,12,0.6905619817157043,-1.987363068817354,0.3,0.4985203973789896
pond,supermat,Probe,50,platt_fit,13,0.6285059443427173,-1.6690598117738868,0.4,0.4985203973789896
pond,supermat,Probe,50,platt_fit,14,0.812286153225258,-2.643285018887706,0.22,0.4985203973789896
pond,supermat,Probe,50,platt_fit,15,1.1077101069228659,-1.905659504471682,0.6,0.4985203973789896
pond,supermat,Probe,50,platt_fit,16,0.7866337748813519,-1.66217834348361,0.42,0.4985203973789896
pond,supermat,Probe,50,platt_fit,17,0.2732113281704752,-2.1373455770708865,0.16,0.4985203973789896
pond,supermat,Probe,50,platt_fit,18,0.41341359307409375,-1.5551381629671972,0.32,0.4985203973789896
pond,supermat,Probe,50,platt_fit,19,0.6295181116814486,-1.5806827100749623,0.44,0.4985203973789896
pond,supermat,Probe,50,platt_fit,20,0.5802520133530856,-1.8571434111735676,0.4,0.4985203973789896
pond,supermat,Probe,50,platt_fit,21,0.7228132153759067,-2.3104095359964547,0.28,0.4985203973789896
pond,supermat,Probe,50,platt_fit,22,0.5416164120727417,-2.0191940623631153,0.24,0.4985203973789896
pond,supermat,Probe,50,platt_fit,23,0.9951341620698504,-3.744260549434917,0.22,0.4985203973789896
pond,supermat,Probe,50,platt_fit,24,0.7843176409566461,-2.4102968641284437,0.3,0.4985203973789896
pond,supermat,Probe,50,platt_fit,25,0.7990280547802115,-1.2313141213817032,0.52,0.4985203973789896
pond,supermat,Probe,50,platt_fit,26,0.5460224361434531,-1.288753659624848,0.4,0.4985203973789896
pond,supermat,Probe,50,platt_fit,27,0.4150952234931622,-1.5132183263469523,0.36,0.4985203973789896
pond,supermat,Probe,50,platt_fit,28,1.2501079886455388,-3.1021227491521066,0.34,0.4985203973789896
pond,supermat,Probe,50,platt_fit,29,1.3874164449016488,-3.4902255123846997,0.24,0.4985203973789896
pond,supermat,Probe,50,platt_fit,30,0.7302091207455789,-2.354740373346206,0.36,0.4985203973789896
pond,supermat,Probe,50,platt_fit,31,0.6323655473480289,-2.5632905151694896,0.3,0.4985203973789896
pond,supermat,Probe,50,platt_fit,32,0.697192963823889,-1.4688873424268378,0.38,0.4985203973789896
pond,supermat,Probe,50,platt_fit,33,0.635963099758466,-2.2915446010376557,0.28,0.4985203973789896
pond,supermat,Probe,50,platt_fit,34,0.48377344129203603,-1.6751765947216244,0.34,0.4985203973789896
pond,supermat,Probe,50,platt_fit,35,2.4189456921565355,-7.389329827434323,0.38,0.4985203973789896
pond,supermat,Probe,50,platt_fit,36,0.6923847998360511,-2.8262962853484095,0.22,0.4985203973789896
pond,supermat,Probe,50,platt_fit,37,1.4656712403962167,-3.9163760009204145,0.26,0.4985203973789896
pond,supermat,Probe,50,platt_fit,38,1.4169086448874788,-4.5367411567734,0.2,0.4985203973789896
pond,supermat,Probe,50,platt_fit,39,0.7197944608919247,-2.4367764168986046,0.3,0.4985203973789896
pond,supermat,Probe,50,platt_fit,40,0.9421433821081706,-2.6431911474145986,0.42,0.4985203973789896
pond,supermat,Probe,50,platt_fit,41,0.5612119130837804,-1.1837091713962054,0.46,0.4985203973789896
pond,supermat,Probe,50,platt_fit,42,1.2655038764416,-2.7897493936996103,0.28,0.4985203973789896
pond,supermat,Probe,50,platt_fit,43,0.48435969454450806,-1.7708288691222334,0.3,0.4985203973789896
pond,supermat,Probe,50,platt_fit,44,0.3689445800283566,-0.6171655020355084,0.56,0.4985203973789896
pond,supermat,Probe,50,platt_fit,45,0.9254669080302504,-2.8159450830038755,0.26,0.4985203973789896
pond,supermat,Probe,50,platt_fit,46,0.5351522834601885,-2.2763773739184554,0.26,0.4985203973789896
pond,supermat,Probe,50,platt_fit,47,0.573340278681213,-1.4650422950637947,0.5,0.4985203973789896
pond,supermat,Probe,50,platt_fit,48,0.7815349085795891,-2.4055336132412055,0.36,0.4985203973789896
pond,supermat,Probe,50,platt_fit,49,0.7676781438386403,-1.9721264987009806,0.34,0.4985203973789896
pond,supermat,Probe,50,platt_fit,50,0.7661720726464658,-1.9953063944231593,0.28,0.4985203973789896
pond,supermat,Probe,50,platt_fit,51,0.8735999329544868,-2.395715920216545,0.36,0.4985203973789896
pond,supermat,Probe,50,platt_fit,52,0.8339924219505168,-2.23376920256326,0.26,0.4985203973789896
pond,supermat,Probe,50,platt_fit,53,0.6841348309809543,-2.059259061880462,0.18,0.4985203973789896
pond,supermat,Probe,50,platt_fit,54,0.4831063714632357,-1.3670549723298988,0.44,0.4985203973789896
pond,supermat,Probe,50,platt_fit,55,0.9754266249095537,-2.1368357022424784,0.38,0.4985203973789896
pond,supermat,Probe,50,platt_fit,56,0.4629215325802308,-1.4556089319425833,0.4,0.4985203973789896
pond,supermat,Probe,50,platt_fit,57,0.6055392041197866,-2.0241171234286437,0.3,0.4985203973789896
pond,supermat,Probe,50,platt_fit,58,1.1949179208066096,-3.3261870482756817,0.26,0.4985203973789896
pond,supermat,Probe,50,platt_fit,59,0.9761920863082124,-2.14338098465511,0.32,0.4985203973789896
pond,supermat,Probe,50,platt_fit,60,0.8013471375291809,-2.9709829772853356,0.2,0.4985203973789896
pond,supermat,Probe,50,platt_fit,61,0.8354684900366582,-1.8374642539436752,0.38,0.4985203973789896
pond,supermat,Probe,50,platt_fit,62,0.4416779745374807,-1.3338699177715283,0.38,0.4985203973789896
pond,supermat,Probe,50,platt_fit,63,0.34388023456550904,-1.0168259276083704,0.44,0.4985203973789896
pond,supermat,Probe,50,platt_fit,64,0.5018376567047212,-1.625653477097211,0.36,0.4985203973789896
pond,supermat,Probe,50,platt_fit,65,0.48135050724487166,-1.1951002179253543,0.44,0.4985203973789896
pond,supermat,Probe,50,platt_fit,66,0.8400312361535727,-2.864858146589472,0.28,0.4985203973789896
pond,supermat,Probe,50,platt_fit,67,0.5361037933333511,-1.1892631309830926,0.48,0.4985203973789896
pond,supermat,Probe,50,platt_fit,68,0.5540035418093616,-2.4803921288029964,0.18,0.4985203973789896
pond,supermat,Probe,50,platt_fit,69,0.5651829927233718,-1.7270541164012685,0.26,0.4985203973789896
pond,supermat,Probe,50,platt_fit,70,1.071256098938161,-2.742539097860838,0.18,0.4985203973789896
pond,supermat,Probe,50,platt_fit,71,0.5129875259891618,-1.8092951459441902,0.34,0.4985203973789896
pond,supermat,Probe,50,platt_fit,72,0.28711624271809427,-0.4627217003561908,0.52,0.4985203973789896
pond,supermat,Probe,50,platt_fit,73,1.154992229086479,-2.808734300097893,0.42,0.4985203973789896
pond,supermat,Probe,50,platt_fit,74,0.7222827707749692,-2.8636021040421165,0.26,0.4985203973789896
pond,supermat,Probe,50,platt_fit,75,0.9136893722485557,-2.0661596128585,0.34,0.4985203973789896
pond,supermat,Probe,50,platt_fit,76,1.461157535231694,-4.3132204667483975,0.24,0.4985203973789896
pond,supermat,Probe,50,platt_fit,77,0.9081173272044901,-3.1794796874897733,0.22,0.4985203973789896
pond,supermat,Probe,50,platt_fit,78,1.0336985865555457,-2.6997148355584555,0.26,0.4985203973789896
pond,supermat,Probe,50,platt_fit,79,0.9843181244499308,-2.234345708090982,0.42,0.4985203973789896
pond,supermat,Probe,50,platt_fit,80,0.6771648917956025,-1.9894177366328345,0.34,0.4985203973789896
pond,supermat,Probe,50,platt_fit,81,0.36539127076356315,-0.6704947172838288,0.52,0.4985203973789896
pond,supermat,Probe,50,platt_fit,82,0.548196914658053,-2.0073996352079706,0.38,0.4985203973789896
pond,supermat,Probe,50,platt_fit,83,0.5086713874610401,-0.9325691288183688,0.52,0.4985203973789896
pond,supermat,Probe,50,platt_fit,84,0.901918059948914,-2.3962301133067894,0.34,0.4985203973789896
pond,supermat,Probe,50,platt_fit,85,0.5720178435449437,-1.5220280880184527,0.42,0.4985203973789896
pond,supermat,Probe,50,platt_fit,86,0.5704746378151967,-2.681443843348719,0.26,0.4985203973789896
pond,supermat,Probe,50,platt_fit,87,0.33886670691763665,-0.9938464047885467,0.42,0.4985203973789896
pond,supermat,Probe,50,platt_fit,88,0.5593341120367676,-1.3945337677265286,0.42,0.4985203973789896
pond,supermat,Probe,50,platt_fit,89,0.8651804971259153,-1.9907901876250793,0.46,0.4985203973789896
pond,supermat,Probe,50,platt_fit,90,1.057684641260555,-2.8632762756184293,0.28,0.4985203973789896
pond,supermat,Probe,50,platt_fit,91,0.5890529752105945,-1.4400739407705656,0.42,0.4985203973789896
pond,supermat,Probe,50,platt_fit,92,0.7699388735027209,-1.8537770235638813,0.46,0.4985203973789896
pond,supermat,Probe,50,platt_fit,93,0.57483599878101,-1.7312225049884826,0.36,0.4985203973789896
pond,supermat,Probe,50,platt_fit,94,0.4147852242276822,-1.3842544245172848,0.34,0.4985203973789896
pond,supermat,Probe,50,platt_fit,95,0.43027921412760983,-1.6239105037565047,0.28,0.4985203973789896
pond,supermat,Probe,50,platt_fit,96,0.8481050814621169,-2.518503095494798,0.4,0.4985203973789896
pond,supermat,Probe,50,platt_fit,97,0.6870082422283048,-2.5562814417605315,0.22,0.4985203973789896
pond,supermat,Probe,50,platt_fit,98,0.5323260452389774,-2.1327823492884206,0.22,0.4985203973789896
pond,supermat,Probe,50,platt_fit,99,0.2257620838951058,-0.506942652029292,0.48,0.4985203973789896
pond,supermat,NTP,50,platt_fit,0,0.8978231263477809,-1.8951483548625527,0.26,0.4985203973789896
pond,supermat,NTP,50,platt_fit,1,2.043491868253485,-1.9158511256207664,0.18,0.4985203973789896
pond,supermat,NTP,50,platt_fit,2,0.797005569597431,-0.6002010355516553,0.44,0.4985203973789896
pond,supermat,NTP,50,platt_fit,3,0.49009050859073927,-0.7114570152270935,0.42,0.4985203973789896
pond,supermat,NTP,50,platt_fit,4,0.5507169905304834,-0.5238796750775347,0.36,0.4985203973789896
pond,supermat,NTP,50,platt_fit,5,0.41913332542365234,-1.150850728046232,0.32,0.4985203973789896
pond,supermat,NTP,50,platt_fit,6,0.671352298309418,-1.5253609793289162,0.34,0.4985203973789896
pond,supermat,NTP,50,platt_fit,7,0.44542227371459925,-0.5105478213370066,0.48,0.4985203973789896
pond,supermat,NTP,50,platt_fit,8,0.6622581852745085,-1.4601951245117362,0.28,0.4985203973789896
pond,supermat,NTP,50,platt_fit,9,0.5417541645377318,-1.42740945539199,0.26,0.4985203973789896
pond,supermat,NTP,50,platt_fit,10,2.767535923736959,-0.9585713274575721,0.26,0.4985203973789896
pond,supermat,NTP,50,platt_fit,11,4.729433052874822,0.9470121264596131,0.4,0.4985203973789896
pond,supermat,NTP,50,platt_fit,12,0.5836759650409061,-0.9374078317234837,0.3,0.4985203973789896
pond,supermat,NTP,50,platt_fit,13,0.7580608451639573,-0.8531375272920663,0.4,0.4985203973789896
pond,supermat,NTP,50,platt_fit,14,0.4980601807173457,-1.9366289229215494,0.22,0.4985203973789896
pond,supermat,NTP,50,platt_fit,15,0.6689420218466067,0.09356030405362778,0.6,0.4985203973789896
pond,supermat,NTP,50,platt_fit,16,0.4462969803687576,-0.6566353473807509,0.42,0.4985203973789896
pond,supermat,NTP,50,platt_fit,17,0.22885685601165584,-1.6183405555352814,0.16,0.4985203973789896
pond,supermat,NTP,50,platt_fit,18,0.9635527398482228,-1.6208511192763462,0.32,0.4985203973789896
pond,supermat,NTP,50,platt_fit,19,2.4820228745558834,-0.3463877950019405,0.44,0.4985203973789896
pond,supermat,NTP,50,platt_fit,20,0.5140339705625305,-0.6847941172336073,0.4,0.4985203973789896
pond,supermat,NTP,50,platt_fit,21,0.5510229416643418,-1.1987780786319695,0.28,0.4985203973789896
pond,supermat,NTP,50,platt_fit,22,0.5224566632324799,-1.6502055930017199,0.24,0.4985203973789896
pond,supermat,NTP,50,platt_fit,23,1.2190248082751987,-1.7086231658732527,0.22,0.4985203973789896
pond,supermat,NTP,50,platt_fit,24,0.45494800745549857,-0.9178180423532554,0.3,0.4985203973789896
pond,supermat,NTP,50,platt_fit,25,0.8425162664121413,-0.8298376725574217,0.52,0.4985203973789896
pond,supermat,NTP,50,platt_fit,26,0.690133341454678,-0.5864800831519333,0.4,0.4985203973789896
pond,supermat,NTP,50,platt_fit,27,0.6307716910036998,-1.203592586279194,0.36,0.4985203973789896
pond,supermat,NTP,50,platt_fit,28,0.8475570480000062,-0.7667831608873311,0.34,0.4985203973789896
pond,supermat,NTP,50,platt_fit,29,0.6029251223313145,-1.4420967370216526,0.24,0.4985203973789896
pond,supermat,NTP,50,platt_fit,30,0.5426764933859315,-1.1134636646239413,0.36,0.4985203973789896
pond,supermat,NTP,50,platt_fit,31,0.4258362075725204,-1.055219315545399,0.3,0.4985203973789896
pond,supermat,NTP,50,platt_fit,32,0.6165198824892748,-0.8439359097487336,0.38,0.4985203973789896
pond,supermat,NTP,50,platt_fit,33,0.8368257419720858,-1.995089311206795,0.28,0.4985203973789896
pond,supermat,NTP,50,platt_fit,34,0.5707718537132095,-1.1462913054270414,0.34,0.4985203973789896
pond,supermat,NTP,50,platt_fit,35,0.8939039017632023,-1.3798398735428419,0.38,0.4985203973789896
pond,supermat,NTP,50,platt_fit,36,0.5781315730965132,-1.5740835272094706,0.22,0.4985203973789896
pond,supermat,NTP,50,platt_fit,37,1.0665943820340678,-1.975475835158563,0.26,0.4985203973789896
pond,supermat,NTP,50,platt_fit,38,0.8123195693729937,-1.6184945915040765,0.2,0.4985203973789896
pond,supermat,NTP,50,platt_fit,39,1.0674226679676668,-1.6104555558682077,0.3,0.4985203973789896
pond,supermat,NTP,50,platt_fit,40,0.6228232959156218,-0.8773221318536412,0.42,0.4985203973789896
pond,supermat,NTP,50,platt_fit,41,1.2215597628033088,-0.43169180815487074,0.46,0.4985203973789896
pond,supermat,NTP,50,platt_fit,42,0.5289251551026054,-1.2807368510140775,0.28,0.4985203973789896
pond,supermat,NTP,50,platt_fit,43,0.5679589766904956,-1.1835386068627574,0.3,0.4985203973789896
pond,supermat,NTP,50,platt_fit,44,0.4227385577704045,-0.3138219305060188,0.56,0.4985203973789896
pond,supermat,NTP,50,platt_fit,45,0.9329491658231588,-1.6051526035328247,0.26,0.4985203973789896
pond,supermat,NTP,50,platt_fit,46,31.939967588637117,14.174384644579291,0.26,0.4985203973789896
pond,supermat,NTP,50,platt_fit,47,0.6888959301181922,-0.32759917275132455,0.5,0.4985203973789896
pond,supermat,NTP,50,platt_fit,48,0.7251143376119444,-1.251732047550268,0.36,0.4985203973789896
pond,supermat,NTP,50,platt_fit,49,0.8626011840747068,-0.6756648248179752,0.34,0.4985203973789896
pond,supermat,NTP,50,platt_fit,50,0.5740382351676953,-1.1776585143220286,0.28,0.4985203973789896
pond,supermat,NTP,50,platt_fit,51,34.71292510998583,16.312083008214323,0.36,0.4985203973789896
pond,supermat,NTP,50,platt_fit,52,0.46795334647593506,-1.2232653787987247,0.26,0.4985203973789896
pond,supermat,NTP,50,platt_fit,53,21.56505390353281,8.713167657935536,0.18,0.4985203973789896
pond,supermat,NTP,50,platt_fit,54,0.5681622167515221,-0.7364306118837028,0.44,0.4985203973789896
pond,supermat,NTP,50,platt_fit,55,1.0687103651482346,-0.6693737138151489,0.38,0.4985203973789896
pond,supermat,NTP,50,platt_fit,56,0.6038974861378577,-0.8282068736794496,0.4,0.4985203973789896
pond,supermat,NTP,50,platt_fit,57,0.5346706409010904,-1.3782931618932774,0.3,0.4985203973789896
pond,supermat,NTP,50,platt_fit,58,0.4967822107772309,-1.3018559261852922,0.26,0.4985203973789896
pond,supermat,NTP,50,platt_fit,59,2.3109366098836674,-0.30665619711926023,0.32,0.4985203973789896
pond,supermat,NTP,50,platt_fit,60,0.5635380806321775,-1.8912651332974173,0.2,0.4985203973789896
pond,supermat,NTP,50,platt_fit,61,0.9466633675104039,-0.9069054450048427,0.38,0.4985203973789896
pond,supermat,NTP,50,platt_fit,62,0.5378098037305841,-0.7919160988182119,0.38,0.4985203973789896
pond,supermat,NTP,50,platt_fit,63,0.3221803401587937,-0.41096280687783526,0.44,0.4985203973789896
pond,supermat,NTP,50,platt_fit,64,0.6683532102897715,-1.1771558627961032,0.36,0.4985203973789896
pond,supermat,NTP,50,platt_fit,65,4.862947192090362,1.1409008932043652,0.44,0.4985203973789896
pond,supermat,NTP,50,platt_fit,66,0.6912144362967229,-1.1453020579439515,0.28,0.4985203973789896
pond,supermat,NTP,50,platt_fit,67,1.0118848267278993,-0.6342812167197546,0.48,0.4985203973789896
pond,supermat,NTP,50,platt_fit,68,0.5083442892466904,-1.7223582362148868,0.18,0.4985203973789896
pond,supermat,NTP,50,platt_fit,69,0.6306250016458905,-1.263799280826384,0.26,0.4985203973789896
pond,supermat,NTP,50,platt_fit,70,1.2152457571658477,-2.0664145985284628,0.18,0.4985203973789896
pond,supermat,NTP,50,platt_fit,71,0.5335323925636153,-0.854868240312732,0.34,0.4985203973789896
pond,supermat,NTP,50,platt_fit,72,0.5965160126806076,-0.2386066710673507,0.52,0.4985203973789896
pond,supermat,NTP,50,platt_fit,73,0.6189670809333142,-0.7640732818945689,0.42,0.4985203973789896
pond,supermat,NTP,50,platt_fit,74,0.46857532714403055,-1.651551355141374,0.26,0.4985203973789896
pond,supermat,NTP,50,platt_fit,75,0.6338663146255535,-1.1500517291531083,0.34,0.4985203973789896
pond,supermat,NTP,50,platt_fit,76,0.6553446554358391,-1.628970765843535,0.24,0.4985203973789896
pond,supermat,NTP,50,platt_fit,77,0.47544332529924915,-1.3392945793497706,0.22,0.4985203973789896
pond,supermat,NTP,50,platt_fit,78,0.6138572588262257,-1.3351621576075403,0.26,0.4985203973789896
pond,supermat,NTP,50,platt_fit,79,0.6425718578287195,-0.8042952992956226,0.42,0.4985203973789896
pond,supermat,NTP,50,platt_fit,80,1.4135313061642996,-0.7625877148787992,0.34,0.4985203973789896
pond,supermat,NTP,50,platt_fit,81,0.6283862079253936,-0.38896316794991326,0.52,0.4985203973789896
pond,supermat,NTP,50,platt_fit,82,0.34104771075355594,-0.6356452398276985,0.38,0.4985203973789896
pond,supermat,NTP,50,platt_fit,83,0.3822334677610433,-0.06067378861090938,0.52,0.4985203973789896
pond,supermat,NTP,50,platt_fit,84,0.7182911501413838,-1.2041293420744905,0.34,0.4985203973789896
pond,supermat,NTP,50,platt_fit,85,0.4683926217194277,-0.4399644929743453,0.42,0.4985203973789896
pond,supermat,NTP,50,platt_fit,86,0.4219501988230991,-1.4119915055131989,0.26,0.4985203973789896
pond,supermat,NTP,50,platt_fit,87,0.7492742382732082,-0.608027725311285,0.42,0.4985203973789896
pond,supermat,NTP,50,platt_fit,88,0.6050729582671571,-0.7023462053695887,0.42,0.4985203973789896
pond,supermat,NTP,50,platt_fit,89,1.1704152978271998,-0.5900387734870077,0.46,0.4985203973789896
pond,supermat,NTP,50,platt_fit,90,0.6157579597253046,-1.179168372847832,0.28,0.4985203973789896
pond,supermat,NTP,50,platt_fit,91,0.5668514171339192,-0.8767705238154402,0.42,0.4985203973789896
pond,supermat,NTP,50,platt_fit,92,0.9041223157585575,-1.1203033722969844,0.46,0.4985203973789896
pond,supermat,NTP,50,platt_fit,93,0.8032949482468387,-1.0297950966152143,0.36,0.4985203973789896
pond,supermat,NTP,50,platt_fit,94,0.8901089320407907,-0.8774495630157971,0.34,0.4985203973789896
pond,supermat,NTP,50,platt_fit,95,0.3992404721717853,-1.2860228078707383,0.28,0.4985203973789896
pond,supermat,NTP,50,platt_fit,96,0.42321771970450667,-0.5162473953178633,0.4,0.4985203973789896
pond,supermat,NTP,50,platt_fit,97,6.288302763694975,1.323951078212937,0.22,0.4985203973789896
pond,supermat,NTP,50,platt_fit,98,2.7957221840716326,-0.8423508938186309,0.22,0.4985203973789896
pond,supermat,NTP,50,platt_fit,99,0.6861298568464776,-0.3490500129348426,0.48,0.4985203973789896
pond,supermat,Probe,100,platt_fit,0,0.8891066376226202,-2.6086331352410226,0.26,0.4985203973789896
pond,supermat,Probe,100,platt_fit,1,0.8696646530395238,-2.3889475969007137,0.26,0.4985203973789896
pond,supermat,Probe,100,platt_fit,2,0.7472543349913854,-2.0457511141927123,0.39,0.4985203973789896
pond,supermat,Probe,100,platt_fit,3,0.5064178209440063,-1.6474442397371099,0.35,0.4985203973789896
pond,supermat,Probe,100,platt_fit,4,0.5424440581602297,-1.9125317316500556,0.36,0.4985203973789896
pond,supermat,Probe,100,platt_fit,5,0.7617014261727655,-1.814477775779022,0.42,0.4985203973789896
pond,supermat,Probe,100,platt_fit,6,0.7641471729196564,-2.7368428757421084,0.25,0.4985203973789896
pond,supermat,Probe,100,platt_fit,7,0.39896607737806367,-1.4249677910475123,0.38,0.4985203973789896
pond,supermat,Probe,100,platt_fit,8,0.7243215148996123,-2.637093450794848,0.24,0.4985203973789896
pond,supermat,Probe,100,platt_fit,9,0.6483827133576516,-1.95573314903342,0.4,0.4985203973789896
pond,supermat,Probe,100,platt_fit,10,0.43924450744221544,-1.427243011141428,0.34,0.4985203973789896
pond,supermat,Probe,100,platt_fit,11,0.42177619485496315,-1.1375610600123656,0.44,0.4985203973789896
pond,supermat,Probe,100,platt_fit,12,0.9241140382667205,-2.8228941792526925,0.32,0.4985203973789896
pond,supermat,Probe,100,platt_fit,13,0.6582706760473893,-1.7783035489586747,0.46,0.4985203973789896
pond,supermat,Probe,100,platt_fit,14,0.8673295528793767,-2.162382536964259,0.31,0.4985203973789896
pond,supermat,Probe,100,platt_fit,15,0.614876683249518,-1.199053052900887,0.53,0.4985203973789896
pond,supermat,Probe,100,platt_fit,16,0.6539947725924888,-2.1648117807635288,0.29,0.4985203973789896
pond,supermat,Probe,100,platt_fit,17,1.1453583496971165,-3.857358000671103,0.23,0.4985203973789896
pond,supermat,Probe,100,platt_fit,18,0.5300905954938622,-1.9171554417829255,0.29,0.4985203973789896
pond,supermat,Probe,100,platt_fit,19,0.6119960401912303,-1.888197278850986,0.38,0.4985203973789896
pond,supermat,Probe,100,platt_fit,20,0.45988445566832725,-1.907828046154115,0.34,0.4985203973789896
pond,supermat,Probe,100,platt_fit,21,0.6636902685719499,-1.9693416967989186,0.3,0.4985203973789896
pond,supermat,Probe,100,platt_fit,22,0.6725241407984239,-2.302826355349878,0.24,0.4985203973789896
pond,supermat,Probe,100,platt_fit,23,0.8433941730135058,-2.3741905773599945,0.34,0.4985203973789896
pond,supermat,Probe,100,platt_fit,24,0.5271737028412148,-2.028482185529168,0.34,0.4985203973789896
pond,supermat,Probe,100,platt_fit,25,0.8406506267303785,-1.8352679677099744,0.39,0.4985203973789896
pond,supermat,Probe,100,platt_fit,26,0.538522445887742,-1.7282939970329674,0.33,0.4985203973789896
pond,supermat,Probe,100,platt_fit,27,0.49224999284374416,-1.2199513835365916,0.46,0.4985203973789896
pond,supermat,Probe,100,platt_fit,28,1.2566464180678598,-2.3431752072874046,0.43,0.4985203973789896
pond,supermat,Probe,100,platt_fit,29,1.0474657476647082,-2.6650708627242667,0.26,0.4985203973789896
pond,supermat,Probe,100,platt_fit,30,0.6258770108912065,-1.9282362378985296,0.36,0.4985203973789896
pond,supermat,Probe,100,platt_fit,31,0.8709622168576842,-2.784090168047339,0.35,0.4985203973789896
pond,supermat,Probe,100,platt_fit,32,0.8573854202147807,-2.0725325651211386,0.28,0.4985203973789896
pond,supermat,Probe,100,platt_fit,33,0.4924607084776054,-1.4002004864894573,0.43,0.4985203973789896
pond,supermat,Probe,100,platt_fit,34,0.5436048342491991,-1.8230934463930146,0.36,0.4985203973789896
pond,supermat,Probe,100,platt_fit,35,0.7292278403767556,-2.5041708946266787,0.4,0.4985203973789896
pond,supermat,Probe,100,platt_fit,36,0.600993740581241,-2.6282166578676627,0.22,0.4985203973789896
pond,supermat,Probe,100,platt_fit,37,0.7229227293775975,-1.646752958767834,0.4,0.4985203973789896
pond,supermat,Probe,100,platt_fit,38,0.9935065121112144,-3.295473482027642,0.24,0.4985203973789896
pond,supermat,Probe,100,platt_fit,39,0.6823748474810912,-1.9408370165385673,0.35,0.4985203973789896
pond,supermat,Probe,100,platt_fit,40,0.4137724818829301,-1.5732020021499835,0.35,0.4985203973789896
pond,supermat,Probe,100,platt_fit,41,0.6664699508219754,-1.5450838381821366,0.42,0.4985203973789896
pond,supermat,Probe,100,platt_fit,42,1.3688178172169425,-2.742528825393904,0.3,0.4985203973789896
pond,supermat,Probe,100,platt_fit,43,0.6437093142502219,-1.776758198709618,0.38,0.4985203973789896
pond,supermat,Probe,100,platt_fit,44,0.5461406093193917,-1.6059096321957362,0.45,0.4985203973789896
pond,supermat,Probe,100,platt_fit,45,0.8476220561430503,-2.886580847795508,0.23,0.4985203973789896
pond,supermat,Probe,100,platt_fit,46,0.9527094281594326,-3.2110107186909844,0.26,0.4985203973789896
pond,supermat,Probe,100,platt_fit,47,0.6505887578892013,-1.8724297652007729,0.41,0.4985203973789896
pond,supermat,Probe,100,platt_fit,48,0.7385019940611113,-2.233898262707388,0.35,0.4985203973789896
pond,supermat,Probe,100,platt_fit,49,0.7324372765515561,-2.156389643844535,0.29,0.4985203973789896
pond,supermat,Probe,100,platt_fit,50,0.8369705180084607,-2.3193513154631478,0.26,0.4985203973789896
pond,supermat,Probe,100,platt_fit,51,0.7124159431424089,-2.4285608525317333,0.25,0.4985203973789896
pond,supermat,Probe,100,platt_fit,52,0.5563744022206941,-2.0757046737691796,0.24,0.4985203973789896
pond,supermat,Probe,100,platt_fit,53,0.7499115096536857,-1.9136115764391897,0.24,0.4985203973789896
pond,supermat,Probe,100,platt_fit,54,0.49685086514536714,-1.4750140453901028,0.45,0.4985203973789896
pond,supermat,Probe,100,platt_fit,55,0.7430735482984864,-1.864519108505764,0.37,0.4985203973789896
pond,supermat,Probe,100,platt_fit,56,0.44503995328080315,-2.05339148398044,0.27,0.4985203973789896
pond,supermat,Probe,100,platt_fit,57,0.8938658413407071,-2.799060275581866,0.25,0.4985203973789896
pond,supermat,Probe,100,platt_fit,58,0.8269237009075463,-2.253948928637402,0.3,0.4985203973789896
pond,supermat,Probe,100,platt_fit,59,0.8951472982372705,-2.306255921759527,0.29,0.4985203973789896
pond,supermat,Probe,100,platt_fit,60,0.461672862108052,-1.345288056218972,0.37,0.4985203973789896
pond,supermat,Probe,100,platt_fit,61,0.90487602845784,-2.455113298487674,0.34,0.4985203973789896
pond,supermat,Probe,100,platt_fit,62,0.49206670132659597,-1.706059650516857,0.32,0.4985203973789896
pond,supermat,Probe,100,platt_fit,63,0.5996913859205452,-1.2141161475548086,0.48,0.4985203973789896
pond,supermat,Probe,100,platt_fit,64,0.5081693921931677,-1.9207972681830496,0.33,0.4985203973789896
pond,supermat,Probe,100,platt_fit,65,0.7789766449098509,-1.250556742855236,0.56,0.4985203973789896
pond,supermat,Probe,100,platt_fit,66,0.9751284826971752,-3.4936586236078657,0.23,0.4985203973789896
pond,supermat,Probe,100,platt_fit,67,0.4938787822160368,-1.5177906327330883,0.34,0.4985203973789896
pond,supermat,Probe,100,platt_fit,68,1.1840173655937531,-3.660785889757515,0.22,0.4985203973789896
pond,supermat,Probe,100,platt_fit,69,0.49756258253878083,-1.9459048752510215,0.26,0.4985203973789896
pond,supermat,Probe,100,platt_fit,70,1.17065566582444,-3.199263121300302,0.17,0.4985203973789896
pond,supermat,Probe,100,platt_fit,71,0.75740031099558,-1.7129591185233515,0.46,0.4985203973789896
pond,supermat,Probe,100,platt_fit,72,0.6611317692189639,-1.1698869882031306,0.48,0.4985203973789896
pond,supermat,Probe,100,platt_fit,73,0.8938408757102431,-2.564000856572021,0.33,0.4985203973789896
pond,supermat,Probe,100,platt_fit,74,0.8068719359650247,-2.7135915405908655,0.35,0.4985203973789896
pond,supermat,Probe,100,platt_fit,75,1.1078299955555244,-3.339158705634273,0.2,0.4985203973789896
pond,supermat,Probe,100,platt_fit,76,0.71418054506622,-2.2159874829661086,0.31,0.4985203973789896
pond,supermat,Probe,100,platt_fit,77,0.9976743775858299,-3.1785909677693973,0.31,0.4985203973789896
pond,supermat,Probe,100,platt_fit,78,1.0489560353560945,-2.562708451612698,0.32,0.4985203973789896
pond,supermat,Probe,100,platt_fit,79,0.9867616786561757,-2.5124970519953576,0.32,0.4985203973789896
pond,supermat,Probe,100,platt_fit,80,0.6064137485688518,-2.0115577563429454,0.34,0.4985203973789896
pond,supermat,Probe,100,platt_fit,81,0.5889226039928618,-1.8024146090588922,0.34,0.4985203973789896
pond,supermat,Probe,100,platt_fit,82,0.9764741931981777,-3.4458240204153934,0.33,0.4985203973789896
pond,supermat,Probe,100,platt_fit,83,0.40941822295517305,-1.1767513378888534,0.42,0.4985203973789896
pond,supermat,Probe,100,platt_fit,84,1.115462952415355,-2.559267383808647,0.38,0.4985203973789896
pond,supermat,Probe,100,platt_fit,85,0.5829885992519513,-1.6794519540614368,0.36,0.4985203973789896
pond,supermat,Probe,100,platt_fit,86,0.5639256945810397,-2.2692257001230374,0.29,0.4985203973789896
pond,supermat,Probe,100,platt_fit,87,0.5748836782168438,-1.6076565399486382,0.37,0.4985203973789896
pond,supermat,Probe,100,platt_fit,88,0.550431540929272,-1.322468603234182,0.49,0.4985203973789896
pond,supermat,Probe,100,platt_fit,89,0.5936058199611873,-1.2715248369437202,0.54,0.4985203973789896
pond,supermat,Probe,100,platt_fit,90,1.0938272153794166,-3.355254460792658,0.27,0.4985203973789896
pond,supermat,Probe,100,platt_fit,91,1.052567169909964,-2.5563194238595313,0.4,0.4985203973789896
pond,supermat,Probe,100,platt_fit,92,1.349139899504791,-3.195288017457316,0.42,0.4985203973789896
pond,supermat,Probe,100,platt_fit,93,0.6926828820778137,-2.258520714131956,0.29,0.4985203973789896
pond,supermat,Probe,100,platt_fit,94,0.5036582908701951,-1.4735298528913725,0.34,0.4985203973789896
pond,supermat,Probe,100,platt_fit,95,1.037177657442487,-3.0484426388553105,0.28,0.4985203973789896
pond,supermat,Probe,100,platt_fit,96,0.7491515264464571,-2.2463975854539364,0.4,0.4985203973789896
pond,supermat,Probe,100,platt_fit,97,0.49084240634880544,-1.9446975918358602,0.28,0.4985203973789896
pond,supermat,Probe,100,platt_fit,98,0.7441638152212208,-2.6350472498862825,0.24,0.4985203973789896
pond,supermat,Probe,100,platt_fit,99,0.3370237606735664,-0.8669041617771649,0.46,0.4985203973789896
pond,supermat,NTP,100,platt_fit,0,0.6489596996070706,-1.2617040950610352,0.26,0.4985203973789896
pond,supermat,NTP,100,platt_fit,1,1.0128163579126104,-1.3571657546933353,0.26,0.4985203973789896
pond,supermat,NTP,100,platt_fit,2,0.38160376539031426,-0.6749264474549401,0.39,0.4985203973789896
pond,supermat,NTP,100,platt_fit,3,0.6959440055273498,-0.9953385737402995,0.35,0.4985203973789896
pond,supermat,NTP,100,platt_fit,4,0.4075238376446325,-0.7553603103366369,0.36,0.4985203973789896
pond,supermat,NTP,100,platt_fit,5,0.542848433609469,-0.49771457157035875,0.42,0.4985203973789896
pond,supermat,NTP,100,platt_fit,6,0.6609099648866671,-1.4760356478960572,0.25,0.4985203973789896
pond,supermat,NTP,100,platt_fit,7,0.38437594889971716,-0.673400227446228,0.38,0.4985203973789896
pond,supermat,NTP,100,platt_fit,8,0.5351139060504726,-1.1827560729053397,0.24,0.4985203973789896
pond,supermat,NTP,100,platt_fit,9,0.6175955621572813,-0.8182549574715637,0.4,0.4985203973789896
pond,supermat,NTP,100,platt_fit,10,0.2973119119544241,-0.9690272752664004,0.34,0.4985203973789896
pond,supermat,NTP,100,platt_fit,11,1.804737775477729,-0.05220252939564529,0.44,0.4985203973789896
pond,supermat,NTP,100,platt_fit,12,0.732424370239316,-0.93894428760586,0.32,0.4985203973789896
pond,supermat,NTP,100,platt_fit,13,0.4087995890695416,-0.40639475516168244,0.46,0.4985203973789896
pond,supermat,NTP,100,platt_fit,14,0.7298556228257743,-1.442109890021197,0.31,0.4985203973789896
pond,supermat,NTP,100,platt_fit,15,0.5996018921669581,-0.19490449811199043,0.53,0.4985203973789896
pond,supermat,NTP,100,platt_fit,16,0.7438190936723393,-1.33785958264657,0.29,0.4985203973789896
pond,supermat,NTP,100,platt_fit,17,0.7285390223049945,-1.4705565547960489,0.23,0.4985203973789896
pond,supermat,NTP,100,platt_fit,18,0.7221744912229737,-1.3574963489307132,0.29,0.4985203973789896
pond,supermat,NTP,100,platt_fit,19,0.6466173096599127,-0.9128520313172779,0.38,0.4985203973789896
pond,supermat,NTP,100,platt_fit,20,0.5164710115774661,-1.1736636131820617,0.34,0.4985203973789896
pond,supermat,NTP,100,platt_fit,21,1.1248576019373728,-0.9145344119925904,0.3,0.4985203973789896
pond,supermat,NTP,100,platt_fit,22,1.0878581072146893,-1.974228870627384,0.24,0.4985203973789896
pond,supermat,NTP,100,platt_fit,23,0.6756375034581243,-0.7422276289915096,0.34,0.4985203973789896
pond,supermat,NTP,100,platt_fit,24,0.5768502713689361,-1.010095008133446,0.34,0.4985203973789896
pond,supermat,NTP,100,platt_fit,25,1.7181634390442708,-0.4544897455675478,0.39,0.4985203973789896
pond,supermat,NTP,100,platt_fit,26,0.8839597202542933,-0.6969331785166437,0.33,0.4985203973789896
pond,supermat,NTP,100,platt_fit,27,0.8428344329143627,-0.5223167051702922,0.46,0.4985203973789896
pond,supermat,NTP,100,platt_fit,28,0.5422181243344432,-0.47687147639749233,0.43,0.4985203973789896
pond,supermat,NTP,100,platt_fit,29,1.0798706686589876,-1.256372033950505,0.26,0.4985203973789896
pond,supermat,NTP,100,platt_fit,30,0.5228905815718365,-0.8827623845398673,0.36,0.4985203973789896
pond,supermat,NTP,100,platt_fit,31,0.4242788079017854,-0.7888756898803737,0.35,0.4985203973789896
pond,supermat,NTP,100,platt_fit,32,9.301528439767562,2.901285462081148,0.28,0.4985203973789896
pond,supermat,NTP,100,platt_fit,33,0.48539019361256736,-0.6599743913155459,0.43,0.4985203973789896
pond,supermat,NTP,100,platt_fit,34,0.8152253006762666,-1.0502714953047898,0.36,0.4985203973789896
pond,supermat,NTP,100,platt_fit,35,0.5278827147799439,-1.1741779676676882,0.4,0.4985203973789896
pond,supermat,NTP,100,platt_fit,36,0.5649575469824242,-1.4087172221435864,0.22,0.4985203973789896
pond,supermat,NTP,100,platt_fit,37,0.5764084054182504,-0.7336039455956997,0.4,0.4985203973789896
pond,supermat,NTP,100,platt_fit,38,0.5825417853616477,-1.737615297602507,0.24,0.4985203973789896
pond,supermat,NTP,100,platt_fit,39,0.6762422166197675,-1.1400988497366162,0.35,0.4985203973789896
pond,supermat,NTP,100,platt_fit,40,0.6578167879517957,-1.076386368794061,0.35,0.4985203973789896
pond,supermat,NTP,100,platt_fit,41,1.7910851412173265,-0.178020606359932,0.42,0.4985203973789896
pond,supermat,NTP,100,platt_fit,42,1.0676613391238738,-0.8532047145437395,0.3,0.4985203973789896
pond,supermat,NTP,100,platt_fit,43,0.5556513677572037,-0.8136632848652158,0.38,0.4985203973789896
pond,supermat,NTP,100,platt_fit,44,0.6086944410259602,-0.4445671712252882,0.45,0.4985203973789896
pond,supermat,NTP,100,platt_fit,45,0.9533996500361948,-1.6634699312679906,0.23,0.4985203973789896
pond,supermat,NTP,100,platt_fit,46,0.6188094890875497,-1.2770358311337355,0.26,0.4985203973789896
pond,supermat,NTP,100,platt_fit,47,0.4433701565154759,-0.5427722866064969,0.41,0.4985203973789896
pond,supermat,NTP,100,platt_fit,48,0.6356490398397546,-1.2307472238864683,0.35,0.4985203973789896
pond,supermat,NTP,100,platt_fit,49,0.983857525585115,-0.9722675911411226,0.29,0.4985203973789896
pond,supermat,NTP,100,platt_fit,50,1.210354962603143,-1.6227923018938926,0.26,0.4985203973789896
pond,supermat,NTP,100,platt_fit,51,1.0896515133454452,-1.3614314791522184,0.25,0.4985203973789896
pond,supermat,NTP,100,platt_fit,52,0.7443478443900099,-1.4109317213151307,0.24,0.4985203973789896
pond,supermat,NTP,100,platt_fit,53,1.4377953603555524,-1.1977839022130377,0.24,0.4985203973789896
pond,supermat,NTP,100,platt_fit,54,0.8689470016416649,-1.099548344442005,0.45,0.4985203973789896
pond,supermat,NTP,100,platt_fit,55,0.9285624047677571,-0.9389408470682533,0.37,0.4985203973789896
pond,supermat,NTP,100,platt_fit,56,0.5732679944833154,-1.5648723732589795,0.27,0.4985203973789896
pond,supermat,NTP,100,platt_fit,57,0.5633764271213128,-1.4450778022235304,0.25,0.4985203973789896
pond,supermat,NTP,100,platt_fit,58,0.8504004236046621,-1.2087358460911424,0.3,0.4985203973789896
pond,supermat,NTP,100,platt_fit,59,0.6464704247132788,-1.1791728595695503,0.29,0.4985203973789896
pond,supermat,NTP,100,platt_fit,60,0.4735152383150039,-0.7540907229197704,0.37,0.4985203973789896
pond,supermat,NTP,100,platt_fit,61,0.9814645864341206,-1.075519546633676,0.34,0.4985203973789896
pond,supermat,NTP,100,platt_fit,62,0.5891912310918188,-1.1975867120948607,0.32,0.4985203973789896
pond,supermat,NTP,100,platt_fit,63,0.7497675356888982,-0.3970777886784325,0.48,0.4985203973789896
pond,supermat,NTP,100,platt_fit,64,0.4654126987412068,-0.9548071237475005,0.33,0.4985203973789896
pond,supermat,NTP,100,platt_fit,65,1.0813342074437544,-0.16324316465019412,0.56,0.4985203973789896
pond,supermat,NTP,100,platt_fit,66,0.7565202943717042,-1.3044584030734334,0.23,0.4985203973789896
pond,supermat,NTP,100,platt_fit,67,0.853569642019381,-1.1113562146422151,0.34,0.4985203973789896
pond,supermat,NTP,100,platt_fit,68,0.5314775798651489,-1.6820756889828574,0.22,0.4985203973789896
pond,supermat,NTP,100,platt_fit,69,0.45611032384312766,-1.1864795660984855,0.26,0.4985203973789896
pond,supermat,NTP,100,platt_fit,70,0.6193403470295578,-1.9350339785575341,0.17,0.4985203973789896
pond,supermat,NTP,100,platt_fit,71,0.6313731180428058,-0.7585028410149012,0.46,0.4985203973789896
pond,supermat,NTP,100,platt_fit,72,0.6536271512792835,-0.4113323583901428,0.48,0.4985203973789896
pond,supermat,NTP,100,platt_fit,73,0.7373264394329769,-1.358082543752159,0.33,0.4985203973789896
pond,supermat,NTP,100,platt_fit,74,0.5303978921922576,-1.1575416336932902,0.35,0.4985203973789896
pond,supermat,NTP,100,platt_fit,75,0.9014392489381174,-1.937828861006659,0.2,0.4985203973789896
pond,supermat,NTP,100,platt_fit,76,0.7658752835868508,-1.6182900040075243,0.31,0.4985203973789896
pond,supermat,NTP,100,platt_fit,77,0.5876838599507882,-1.0508016867728167,0.31,0.4985203973789896
pond,supermat,NTP,100,platt_fit,78,0.8440789763863868,-1.276617144839992,0.32,0.4985203973789896
pond,supermat,NTP,100,platt_fit,79,0.6565054092993401,-1.082998519567918,0.32,0.4985203973789896
pond,supermat,NTP,100,platt_fit,80,0.6241189523073685,-0.8748321075444769,0.34,0.4985203973789896
pond,supermat,NTP,100,platt_fit,81,0.7289965598768782,-1.0175332478799437,0.34,0.4985203973789896
pond,supermat,NTP,100,platt_fit,82,0.4724417511776248,-1.0964553849243608,0.33,0.4985203973789896
pond,supermat,NTP,100,platt_fit,83,0.57869797444162,-0.7089200725552361,0.42,0.4985203973789896
pond,supermat,NTP,100,platt_fit,84,0.85738816453398,-1.0378041758810201,0.38,0.4985203973789896
pond,supermat,NTP,100,platt_fit,85,0.6335920411323773,-1.0217865752430542,0.36,0.4985203973789896
pond,supermat,NTP,100,platt_fit,86,0.5326510589132192,-1.1103232749651042,0.29,0.4985203973789896
pond,supermat,NTP,100,platt_fit,87,0.578381331791074,-0.9661101499671794,0.37,0.4985203973789896
pond,supermat,NTP,100,platt_fit,88,0.5172141425596719,-0.23400219655471413,0.49,0.4985203973789896
pond,supermat,NTP,100,platt_fit,89,0.5355202885978009,-0.26995005459525767,0.54,0.4985203973789896
pond,supermat,NTP,100,platt_fit,90,0.4179046994800945,-1.1298917001808049,0.27,0.4985203973789896
pond,supermat,NTP,100,platt_fit,91,0.8213358340290294,-1.013678924478873,0.4,0.4985203973789896
pond,supermat,NTP,100,platt_fit,92,0.8227191041535604,-0.8595422674888689,0.42,0.4985203973789896
pond,supermat,NTP,100,platt_fit,93,0.6301376085786963,-1.1380935914541712,0.29,0.4985203973789896
pond,supermat,NTP,100,platt_fit,94,0.5216304751636535,-0.8048930345938683,0.34,0.4985203973789896
pond,supermat,NTP,100,platt_fit,95,0.7146541887637945,-1.3096624133735606,0.28,0.4985203973789896
pond,supermat,NTP,100,platt_fit,96,0.35032818597925725,-0.4713337589695446,0.4,0.4985203973789896
pond,supermat,NTP,100,platt_fit,97,0.6074685383764902,-1.3264804793440743,0.28,0.4985203973789896
pond,supermat,NTP,100,platt_fit,98,0.37786280784872933,-1.2190483331689408,0.24,0.4985203973789896
pond,supermat,NTP,100,platt_fit,99,0.5619502789740164,-0.5227725723904123,0.46,0.4985203973789896
pond,supermat,Probe,250,platt_fit,0,0.8555502833781109,-2.652614830537428,0.228,0.4985203973789896
pond,supermat,Probe,250,platt_fit,1,0.8767100994401791,-2.539138538172666,0.24,0.4985203973789896
pond,supermat,Probe,250,platt_fit,2,0.5106741569290499,-1.6167956764110591,0.36,0.4985203973789896
pond,supermat,Probe,250,platt_fit,3,0.5263160006291525,-1.219788825907249,0.46,0.4985203973789896
pond,supermat,Probe,250,platt_fit,4,0.6784598502147235,-2.2466992308139004,0.328,0.4985203973789896
pond,supermat,Probe,250,platt_fit,5,0.6474250221131905,-1.8421489654651593,0.38,0.4985203973789896
pond,supermat,Probe,250,platt_fit,6,0.9662383999383083,-2.355866605000705,0.3,0.4985203973789896
pond,supermat,Probe,250,platt_fit,7,0.5753586615462535,-1.941098868702424,0.392,0.4985203973789896
pond,supermat,Probe,250,platt_fit,8,0.7100621122895755,-2.4502502909435746,0.264,0.4985203973789896
pond,supermat,Probe,250,platt_fit,9,0.5275495214628961,-1.6847467705370285,0.384,0.4985203973789896
pond,supermat,Probe,250,platt_fit,10,0.765988552959541,-2.494523491109314,0.24,0.4985203973789896
pond,supermat,Probe,250,platt_fit,11,0.7777209032995622,-2.031025804616078,0.444,0.4985203973789896
pond,supermat,Probe,250,platt_fit,12,0.6942597074143817,-2.1479915345615788,0.34,0.4985203973789896
pond,supermat,Probe,250,platt_fit,13,0.7473991431372732,-2.495624458524895,0.356,0.4985203973789896
pond,supermat,Probe,250,platt_fit,14,1.0572718359027908,-2.837792550326842,0.28,0.4985203973789896
pond,supermat,Probe,250,platt_fit,15,0.7186047127021055,-1.6397528053403205,0.504,0.4985203973789896
pond,supermat,Probe,250,platt_fit,16,0.6773310584141911,-1.7579481634546135,0.356,0.4985203973789896
pond,supermat,Probe,250,platt_fit,17,0.6047788894148934,-2.0682976477905597,0.28,0.4985203973789896
pond,supermat,Probe,250,platt_fit,18,0.5873787962240333,-2.0592231538272983,0.292,0.4985203973789896
pond,supermat,Probe,250,platt_fit,19,0.7028112390409998,-2.2018030213508033,0.356,0.4985203973789896
pond,supermat,Probe,250,platt_fit,20,0.6560767380252174,-2.2668323355831603,0.364,0.4985203973789896
pond,supermat,Probe,250,platt_fit,21,0.6746228550468542,-2.2676769388728535,0.256,0.4985203973789896
pond,supermat,Probe,250,platt_fit,22,0.7779092181459518,-2.050416306744224,0.312,0.4985203973789896
pond,supermat,Probe,250,platt_fit,23,0.7104661188855834,-2.3284056873265904,0.296,0.4985203973789896
pond,supermat,Probe,250,platt_fit,24,0.7072306283287887,-2.2899478960319697,0.368,0.4985203973789896
pond,supermat,Probe,250,platt_fit,25,0.7218554609750698,-1.5039112956203946,0.416,0.4985203973789896
pond,supermat,Probe,250,platt_fit,26,0.5271136670527504,-1.9319636351854286,0.292,0.4985203973789896
pond,supermat,Probe,250,platt_fit,27,0.5072742405318225,-1.410333529476023,0.424,0.4985203973789896
pond,supermat,Probe,250,platt_fit,28,0.907130275766268,-2.32514155943466,0.34,0.4985203973789896
pond,supermat,Probe,250,platt_fit,29,1.055066198321807,-2.1632797380345172,0.28,0.4985203973789896
pond,supermat,Probe,250,platt_fit,30,0.7213426236787345,-2.0762231634696233,0.4,0.4985203973789896
pond,supermat,Probe,250,platt_fit,31,0.8520245967046226,-2.5612970000240507,0.384,0.4985203973789896
pond,supermat,Probe,250,platt_fit,32,0.8271830563208655,-2.180699351018864,0.26,0.4985203973789896
pond,supermat,Probe,250,platt_fit,33,0.8120642341272896,-2.3463047519346825,0.432,0.4985203973789896
pond,supermat,Probe,250,platt_fit,34,0.5330753877142848,-1.486949005573769,0.392,0.4985203973789896
pond,supermat,Probe,250,platt_fit,35,0.6073101137807859,-1.9974770738881182,0.42,0.4985203973789896
pond,supermat,Probe,250,platt_fit,36,0.7777040000590043,-2.942975246814327,0.256,0.4985203973789896
pond,supermat,Probe,250,platt_fit,37,0.6836091908978954,-1.9170124777015818,0.324,0.4985203973789896
pond,supermat,Probe,250,platt_fit,38,0.9240028764190957,-2.706437477006954,0.252,0.4985203973789896
pond,supermat,Probe,250,platt_fit,39,0.8082681368826304,-1.9097080135558795,0.344,0.4985203973789896
pond,supermat,Probe,250,platt_fit,40,0.7929588402484218,-2.3221637622427855,0.388,0.4985203973789896
pond,supermat,Probe,250,platt_fit,41,0.7179470412483446,-1.5831570557316388,0.468,0.4985203973789896
pond,supermat,Probe,250,platt_fit,42,1.0671864711182943,-2.3797175838319817,0.272,0.4985203973789896
pond,supermat,Probe,250,platt_fit,43,0.9194065967159369,-2.482718110657406,0.324,0.4985203973789896
pond,supermat,Probe,250,platt_fit,44,0.7072544373323489,-1.927434417479762,0.488,0.4985203973789896
pond,supermat,Probe,250,platt_fit,45,0.7655972164834411,-2.581302557961614,0.256,0.4985203973789896
pond,supermat,Probe,250,platt_fit,46,0.7951571371813293,-2.6489954141602317,0.284,0.4985203973789896
pond,supermat,Probe,250,platt_fit,47,0.5462262468848693,-1.6497098111843014,0.416,0.4985203973789896
pond,supermat,Probe,250,platt_fit,48,0.527773116477043,-1.6477005630388581,0.384,0.4985203973789896
pond,supermat,Probe,250,platt_fit,49,0.706706995318541,-2.0588255786384244,0.272,0.4985203973789896
pond,supermat,Probe,250,platt_fit,50,0.9463824204534004,-2.5978315656662874,0.264,0.4985203973789896
pond,supermat,Probe,250,platt_fit,51,0.5979697324861932,-1.6396152015463563,0.372,0.4985203973789896
pond,supermat,Probe,250,platt_fit,52,0.9696791037891994,-2.341753007136987,0.288,0.4985203973789896
pond,supermat,Probe,250,platt_fit,53,0.9315694034756211,-2.6112702447749045,0.18,0.4985203973789896
pond,supermat,Probe,250,platt_fit,54,0.522029867404132,-1.7806684316093537,0.372,0.4985203973789896
pond,supermat,Probe,250,platt_fit,55,0.7066884060034111,-1.8277203167388658,0.368,0.4985203973789896
pond,supermat,Probe,250,platt_fit,56,0.8559131965982181,-2.873507875984271,0.336,0.4985203973789896
pond,supermat,Probe,250,platt_fit,57,0.5911054993221223,-2.0514848829465913,0.296,0.4985203973789896
pond,supermat,Probe,250,platt_fit,58,0.8481025929334549,-2.568746889880695,0.268,0.4985203973789896
pond,supermat,Probe,250,platt_fit,59,0.9350397967375542,-2.4868368420557942,0.288,0.4985203973789896
pond,supermat,Probe,250,platt_fit,60,0.9709024203475665,-2.8243154749485573,0.264,0.4985203973789896
pond,supermat,Probe,250,platt_fit,61,0.6789323885733876,-1.7915769581847127,0.332,0.4985203973789896
pond,supermat,Probe,250,platt_fit,62,0.5927860040393281,-1.8182447332155682,0.352,0.4985203973789896
pond,supermat,Probe,250,platt_fit,63,0.44662371417947916,-1.2336479308029054,0.424,0.4985203973789896
pond,supermat,Probe,250,platt_fit,64,0.7067669349511544,-2.424373849156095,0.316,0.4985203973789896
pond,supermat,Probe,250,platt_fit,65,0.7120433404955547,-1.3245970098500344,0.508,0.4985203973789896
pond,supermat,Probe,250,platt_fit,66,0.756595121837313,-2.3866473762442673,0.316,0.4985203973789896
pond,supermat,Probe,250,platt_fit,67,0.655325537980418,-1.4921692286639079,0.424,0.4985203973789896
pond,supermat,Probe,250,platt_fit,68,0.8649151065067271,-2.4735018527208776,0.3,0.4985203973789896
pond,supermat,Probe,250,platt_fit,69,0.6584719929974655,-2.370850970820642,0.236,0.4985203973789896
pond,supermat,Probe,250,platt_fit,70,0.7312729869809409,-2.3223854748156114,0.208,0.4985203973789896
pond,supermat,Probe,250,platt_fit,71,0.7166606280023294,-1.4043814262850678,0.496,0.4985203973789896
pond,supermat,Probe,250,platt_fit,72,0.5707963824485918,-1.2417956433758366,0.408,0.4985203973789896
pond,supermat,Probe,250,platt_fit,73,0.5399766460270393,-1.2005331785364655,0.476,0.4985203973789896
pond,supermat,Probe,250,platt_fit,74,0.7280661917988207,-2.073051060674368,0.424,0.4985203973789896
pond,supermat,Probe,250,platt_fit,75,0.8999450803541865,-2.364322613471924,0.228,0.4985203973789896
pond,supermat,Probe,250,platt_fit,76,0.9415569957803226,-2.624450622024326,0.324,0.4985203973789896
pond,supermat,Probe,250,platt_fit,77,0.9220258434695823,-3.1543853882931985,0.268,0.4985203973789896
pond,supermat,Probe,250,platt_fit,78,1.0141396918852223,-2.7600004934703684,0.272,0.4985203973789896
pond,supermat,Probe,250,platt_fit,79,0.7781887332626782,-2.0285814393097428,0.328,0.4985203973789896
pond,supermat,Probe,250,platt_fit,80,0.7521621039358029,-2.301466336332898,0.328,0.4985203973789896
pond,supermat,Probe,250,platt_fit,81,0.42850768016253876,-0.8596665863766003,0.492,0.4985203973789896
pond,supermat,Probe,250,platt_fit,82,0.8287238116226302,-2.9882303918319844,0.34,0.4985203973789896
pond,supermat,Probe,250,platt_fit,83,0.6572995537227373,-1.6302843076639177,0.404,0.4985203973789896
pond,supermat,Probe,250,platt_fit,84,0.6190949828936548,-1.5491192236379923,0.392,0.4985203973789896
pond,supermat,Probe,250,platt_fit,85,0.47983099394933115,-1.0886499525476516,0.444,0.4985203973789896
pond,supermat,Probe,250,platt_fit,86,0.5806592634690357,-2.2511358664901353,0.284,0.4985203973789896
pond,supermat,Probe,250,platt_fit,87,0.5656742653340263,-1.4813718532104714,0.424,0.4985203973789896
pond,supermat,Probe,250,platt_fit,88,0.738291153419338,-2.174723323573539,0.38,0.4985203973789896
pond,supermat,Probe,250,platt_fit,89,0.6415181447994938,-1.8069343135524913,0.428,0.4985203973789896
pond,supermat,Probe,250,platt_fit,90,0.5680547559392707,-1.9286182872107578,0.292,0.4985203973789896
pond,supermat,Probe,250,platt_fit,91,0.9600719415694727,-2.194241212334625,0.396,0.4985203973789896
pond,supermat,Probe,250,platt_fit,92,0.9525836249333163,-2.2324399906738503,0.42,0.4985203973789896
pond,supermat,Probe,250,platt_fit,93,0.6954321372193403,-2.1083778248621687,0.336,0.4985203973789896
pond,supermat,Probe,250,platt_fit,94,0.45273976867615084,-1.4978698241459334,0.32,0.4985203973789896
pond,supermat,Probe,250,platt_fit,95,0.7034995885094839,-2.385163707261621,0.252,0.4985203973789896
pond,supermat,Probe,250,platt_fit,96,0.4775977070843388,-1.614056031700543,0.384,0.4985203973789896
pond,supermat,Probe,250,platt_fit,97,0.5422009147472332,-1.7850500380268277,0.316,0.4985203973789896
pond,supermat,Probe,250,platt_fit,98,0.9281552288162757,-3.2908013234539295,0.22,0.4985203973789896
pond,supermat,Probe,250,platt_fit,99,0.3617773715829498,-0.7038884753545023,0.508,0.4985203973789896
pond,supermat,NTP,250,platt_fit,0,0.6943168336100741,-1.4502709447330213,0.228,0.4985203973789896
pond,supermat,NTP,250,platt_fit,1,0.8526604876377794,-1.3963099137458173,0.24,0.4985203973789896
pond,supermat,NTP,250,platt_fit,2,0.7509628741002197,-0.968161662055444,0.36,0.4985203973789896
pond,supermat,NTP,250,platt_fit,3,0.6857835348081943,-0.38462152442828607,0.46,0.4985203973789896
pond,supermat,NTP,250,platt_fit,4,0.6587154705857019,-1.0804293270085519,0.328,0.4985203973789896
pond,supermat,NTP,250,platt_fit,5,0.4713279071442945,-0.7888937006416822,0.38,0.4985203973789896
pond,supermat,NTP,250,platt_fit,6,0.7201085750182882,-1.1515364827098065,0.3,0.4985203973789896
pond,supermat,NTP,250,platt_fit,7,0.4924488207432828,-0.7100342964913247,0.392,0.4985203973789896
pond,supermat,NTP,250,platt_fit,8,0.5782067652789453,-1.2763070229603268,0.264,0.4985203973789896
pond,supermat,NTP,250,platt_fit,9,0.6413326198856386,-0.6778712501092409,0.384,0.4985203973789896
pond,supermat,NTP,250,platt_fit,10,0.7586785634536725,-1.3886161729686062,0.24,0.4985203973789896
pond,supermat,NTP,250,platt_fit,11,0.7500689835624793,-0.5555886933093875,0.444,0.4985203973789896
pond,supermat,NTP,250,platt_fit,12,0.549990403672258,-0.9988647698782459,0.34,0.4985203973789896
pond,supermat,NTP,250,platt_fit,13,0.7233156453864891,-1.2916498434747063,0.356,0.4985203973789896
pond,supermat,NTP,250,platt_fit,14,0.6275028908616275,-1.4014612664425072,0.28,0.4985203973789896
pond,supermat,NTP,250,platt_fit,15,0.6349377368319071,-0.3584213553288623,0.504,0.4985203973789896
pond,supermat,NTP,250,platt_fit,16,0.7234118926750548,-0.8151406448184875,0.356,0.4985203973789896
pond,supermat,NTP,250,platt_fit,17,0.6804774529101006,-1.3346649767131074,0.28,0.4985203973789896
pond,supermat,NTP,250,platt_fit,18,0.6990281825995537,-1.2714310897975392,0.292,0.4985203973789896
pond,supermat,NTP,250,platt_fit,19,0.7018606379205163,-1.2296723685797353,0.356,0.4985203973789896
pond,supermat,NTP,250,platt_fit,20,0.6384314788456001,-1.1032904910580041,0.364,0.4985203973789896
pond,supermat,NTP,250,platt_fit,21,0.4983307353544492,-1.317360098440071,0.256,0.4985203973789896
pond,supermat,NTP,250,platt_fit,22,0.7985376487748056,-1.3733978403486216,0.312,0.4985203973789896
pond,supermat,NTP,250,platt_fit,23,0.6104687647251748,-1.1522058284032748,0.296,0.4985203973789896
pond,supermat,NTP,250,platt_fit,24,0.9160953369509739,-0.7455096267156613,0.368,0.4985203973789896
pond,supermat,NTP,250,platt_fit,25,0.7800535924425152,-0.7762473565077266,0.416,0.4985203973789896
pond,supermat,NTP,250,platt_fit,26,0.5508383004066769,-1.0917338070221505,0.292,0.4985203973789896
pond,supermat,NTP,250,platt_fit,27,0.6440606207796009,-0.7636425324033763,0.424,0.4985203973789896
pond,supermat,NTP,250,platt_fit,28,0.653014881363705,-0.9142823076564442,0.34,0.4985203973789896
pond,supermat,NTP,250,platt_fit,29,0.6514451255839824,-1.3161733288800135,0.28,0.4985203973789896
pond,supermat,NTP,250,platt_fit,30,0.5047012478192221,-0.7028402384955446,0.4,0.4985203973789896
pond,supermat,NTP,250,platt_fit,31,0.6698124416100293,-0.7754828254120971,0.384,0.4985203973789896
pond,supermat,NTP,250,platt_fit,32,0.7919559628298712,-1.481438266712363,0.26,0.4985203973789896
pond,supermat,NTP,250,platt_fit,33,0.5488637278152434,-0.874864276518485,0.432,0.4985203973789896
pond,supermat,NTP,250,platt_fit,34,0.7077501067040873,-0.6539378176423336,0.392,0.4985203973789896
pond,supermat,NTP,250,platt_fit,35,0.7035213205189073,-0.9069304267572136,0.42,0.4985203973789896
pond,supermat,NTP,250,platt_fit,36,0.5521789440249278,-1.3369140526022794,0.256,0.4985203973789896
pond,supermat,NTP,250,platt_fit,37,0.5961506680636899,-1.11467128929162,0.324,0.4985203973789896
pond,supermat,NTP,250,platt_fit,38,0.7462213517074632,-1.4961081230497126,0.252,0.4985203973789896
pond,supermat,NTP,250,platt_fit,39,0.7239163838643922,-1.0551210700561595,0.344,0.4985203973789896
pond,supermat,NTP,250,platt_fit,40,0.5015396094053716,-0.7130258908031386,0.388,0.4985203973789896
pond,supermat,NTP,250,platt_fit,41,0.6514099077275334,-0.45012803702667054,0.468,0.4985203973789896
pond,supermat,NTP,250,platt_fit,42,0.6165504406991636,-1.2810038756676758,0.272,0.4985203973789896
pond,supermat,NTP,250,platt_fit,43,0.7004585530430789,-1.1705633622987255,0.324,0.4985203973789896
pond,supermat,NTP,250,platt_fit,44,0.647404283885474,-0.4614457265323561,0.488,0.4985203973789896
pond,supermat,NTP,250,platt_fit,45,0.9010138372994152,-1.6955125780800315,0.256,0.4985203973789896
pond,supermat,NTP,250,platt_fit,46,0.4678146138267468,-1.167058419265746,0.284,0.4985203973789896
pond,supermat,NTP,250,platt_fit,47,0.6450653427934041,-0.6728041512051304,0.416,0.4985203973789896
pond,supermat,NTP,250,platt_fit,48,0.5931669891284905,-0.8489847403323657,0.384,0.4985203973789896
pond,supermat,NTP,250,platt_fit,49,0.6951817121098947,-1.263950297898422,0.272,0.4985203973789896
pond,supermat,NTP,250,platt_fit,50,0.6414236090062827,-1.4158148334052432,0.264,0.4985203973789896
pond,supermat,NTP,250,platt_fit,51,0.5556384881750949,-0.8390527044610395,0.372,0.4985203973789896
pond,supermat,NTP,250,platt_fit,52,0.839741494279445,-1.598686906944971,0.288,0.4985203973789896
pond,supermat,NTP,250,platt_fit,53,0.9069580293709243,-1.686016918702367,0.18,0.4985203973789896
pond,supermat,NTP,250,platt_fit,54,0.6688934524109702,-1.1066549913360992,0.372,0.4985203973789896
pond,supermat,NTP,250,platt_fit,55,0.7715070555594319,-0.834112841964093,0.368,0.4985203973789896
pond,supermat,NTP,250,platt_fit,56,0.7261405055739475,-1.1123363083818147,0.336,0.4985203973789896
pond,supermat,NTP,250,platt_fit,57,0.67425993037932,-1.3514537075837074,0.296,0.4985203973789896
pond,supermat,NTP,250,platt_fit,58,0.6770520334252292,-1.477188399179927,0.268,0.4985203973789896
pond,supermat,NTP,250,platt_fit,59,0.686713475383259,-1.1749526757202244,0.288,0.4985203973789896
pond,supermat,NTP,250,platt_fit,60,0.551938929002571,-1.3960211470948243,0.264,0.4985203973789896
pond,supermat,NTP,250,platt_fit,61,0.6995947538969408,-1.0190949074657092,0.332,0.4985203973789896
pond,supermat,NTP,250,platt_fit,62,0.7906413938551118,-1.1322857595419975,0.352,0.4985203973789896
pond,supermat,NTP,250,platt_fit,63,0.49896002724044297,-0.5599633428935454,0.424,0.4985203973789896
pond,supermat,NTP,250,platt_fit,64,0.6972864219996128,-0.9369932308496209,0.316,0.4985203973789896
pond,supermat,NTP,250,platt_fit,65,1.0016958081134024,-0.2957766431546482,0.508,0.4985203973789896
pond,supermat,NTP,250,platt_fit,66,0.506623629145725,-1.033252033674272,0.316,0.4985203973789896
pond,supermat,NTP,250,platt_fit,67,0.4571211703164127,-0.5968896785438677,0.424,0.4985203973789896
pond,supermat,NTP,250,platt_fit,68,0.55436614945824,-1.153579116670192,0.3,0.4985203973789896
pond,supermat,NTP,250,platt_fit,69,0.5345464584864228,-1.30104968513115,0.236,0.4985203973789896
pond,supermat,NTP,250,platt_fit,70,0.7404714004922178,-1.6769485640685593,0.208,0.4985203973789896
pond,supermat,NTP,250,platt_fit,71,0.7450159156272137,-0.4088285773547799,0.496,0.4985203973789896
pond,supermat,NTP,250,platt_fit,72,0.8222151089346998,-0.520118501472954,0.408,0.4985203973789896
pond,supermat,NTP,250,platt_fit,73,0.6283319117642541,-0.5405592864475907,0.476,0.4985203973789896
pond,supermat,NTP,250,platt_fit,74,0.526979075356992,-0.6963284985835239,0.424,0.4985203973789896
pond,supermat,NTP,250,platt_fit,75,0.799007075991594,-1.3694109943249266,0.228,0.4985203973789896
pond,supermat,NTP,250,platt_fit,76,0.6993154379561943,-1.2079260907648803,0.324,0.4985203973789896
pond,supermat,NTP,250,platt_fit,77,0.6493043821922095,-1.257977747333077,0.268,0.4985203973789896
pond,supermat,NTP,250,platt_fit,78,0.906188052968589,-1.778714340646196,0.272,0.4985203973789896
pond,supermat,NTP,250,platt_fit,79,0.7263450608284189,-1.2265832607151959,0.328,0.4985203973789896
pond,supermat,NTP,250,platt_fit,80,0.7139722680438799,-0.9444873358006601,0.328,0.4985203973789896
pond,supermat,NTP,250,platt_fit,81,0.7708394103675565,-0.34466005229832597,0.492,0.4985203973789896
pond,supermat,NTP,250,platt_fit,82,0.6249570628064501,-1.0599826675403563,0.34,0.4985203973789896
pond,supermat,NTP,250,platt_fit,83,0.48485774787712693,-0.7444103708618542,0.404,0.4985203973789896
pond,supermat,NTP,250,platt_fit,84,0.7755660416886618,-1.0940406219745868,0.392,0.4985203973789896
pond,supermat,NTP,250,platt_fit,85,0.5448573521701822,-0.49498990963208056,0.444,0.4985203973789896
pond,supermat,NTP,250,platt_fit,86,0.4660284424477277,-1.1643905811252182,0.284,0.4985203973789896
pond,supermat,NTP,250,platt_fit,87,0.6458596392177564,-0.6967712031087786,0.424,0.4985203973789896
pond,supermat,NTP,250,platt_fit,88,0.5569794570805053,-0.8216579398589396,0.38,0.4985203973789896
pond,supermat,NTP,250,platt_fit,89,0.6124603124624179,-0.6598888807965753,0.428,0.4985203973789896
pond,supermat,NTP,250,platt_fit,90,0.7285977177783648,-1.1105185221080844,0.292,0.4985203973789896
pond,supermat,NTP,250,platt_fit,91,0.8088583407184169,-0.8385220173816295,0.396,0.4985203973789896
pond,supermat,NTP,250,platt_fit,92,3.626124001052748,0.06792162335805174,0.42,0.4985203973789896
pond,supermat,NTP,250,platt_fit,93,0.5155757257014283,-1.0293398077578473,0.336,0.4985203973789896
pond,supermat,NTP,250,platt_fit,94,0.6895702562178323,-1.0327141094323868,0.32,0.4985203973789896
pond,supermat,NTP,250,platt_fit,95,0.7383861256935854,-1.497536035193525,0.252,0.4985203973789896
pond,supermat,NTP,250,platt_fit,96,0.5201085029956998,-0.7303981313559677,0.384,0.4985203973789896
pond,supermat,NTP,250,platt_fit,97,0.9015667568993924,-0.8307874193993695,0.316,0.4985203973789896
pond,supermat,NTP,250,platt_fit,98,0.5989929075017829,-1.7118500184036276,0.22,0.4985203973789896
pond,supermat,NTP,250,platt_fit,99,0.5917692216287737,-0.44279578921540563,0.508,0.4985203973789896
pond,supermat,Probe,500,platt_fit,0,0.7327795221718394,-2.5445496999804953,0.204,0.4985203973789896
pond,supermat,Probe,500,platt_fit,1,0.717757614077201,-2.3521143431234712,0.236,0.4985203973789896
pond,supermat,Probe,500,platt_fit,2,0.43770289274577834,-1.622427857240726,0.326,0.4985203973789896
pond,supermat,Probe,500,platt_fit,3,0.5866494092455811,-1.7466034205002505,0.368,0.4985203973789896
pond,supermat,Probe,500,platt_fit,4,0.7377124413422664,-2.3971374832518944,0.334,0.4985203973789896
pond,supermat,Probe,500,platt_fit,5,0.7672133784208459,-2.190144623387198,0.342,0.4985203973789896
pond,supermat,Probe,500,platt_fit,6,0.7100734793781764,-2.1674677745059685,0.254,0.4985203973789896
pond,supermat,Probe,500,platt_fit,7,0.5282715579200512,-1.818713614775933,0.366,0.4985203973789896
pond,supermat,Probe,500,platt_fit,8,0.7228097384034857,-2.4949088287277554,0.246,0.4985203973789896
pond,supermat,Probe,500,platt_fit,9,0.5042708124295415,-1.7367814398801287,0.364,0.4985203973789896
pond,supermat,Probe,500,platt_fit,10,0.5707906091382452,-2.118696023678665,0.242,0.4985203973789896
pond,supermat,Probe,500,platt_fit,11,0.5216931051612631,-1.6176729538354122,0.404,0.4985203973789896
pond,supermat,Probe,500,platt_fit,12,0.6436384929128608,-1.7065578663674426,0.41,0.4985203973789896
pond,supermat,Probe,500,platt_fit,13,0.6969555595640797,-2.217253385350487,0.372,0.4985203973789896
pond,supermat,Probe,500,platt_fit,14,1.0054964268321813,-2.618533885354797,0.262,0.4985203973789896
pond,supermat,Probe,500,platt_fit,15,0.8716720217891522,-1.9782489932004867,0.52,0.4985203973789896
pond,supermat,Probe,500,platt_fit,16,0.7291416892955697,-1.9547511677213023,0.342,0.4985203973789896
pond,supermat,Probe,500,platt_fit,17,0.7661990921586023,-2.5688629184149474,0.28,0.4985203973789896
pond,supermat,Probe,500,platt_fit,18,0.5049648185449006,-1.7449490752760375,0.324,0.4985203973789896
pond,supermat,Probe,500,platt_fit,19,0.6084766372789906,-1.698536588145366,0.406,0.4985203973789896
pond,supermat,Probe,500,platt_fit,20,0.5850889361687474,-1.957017361097009,0.388,0.4985203973789896
pond,supermat,Probe,500,platt_fit,21,0.7181792680940945,-2.1189423164222703,0.286,0.4985203973789896
pond,supermat,Probe,500,platt_fit,22,0.6851430835073545,-2.456868532430489,0.226,0.4985203973789896
pond,supermat,Probe,500,platt_fit,23,0.797431925085328,-2.1806780009734927,0.344,0.4985203973789896
pond,supermat,Probe,500,platt_fit,24,0.6289109274029792,-2.2772429504365763,0.33,0.4985203973789896
pond,supermat,Probe,500,platt_fit,25,0.9508248411301223,-1.8882182820277271,0.402,0.4985203973789896
pond,supermat,Probe,500,platt_fit,26,0.4921896916241066,-1.6544563918231414,0.34,0.4985203973789896
pond,supermat,Probe,500,platt_fit,27,0.46692359049253246,-1.2570443392551198,0.426,0.4985203973789896
pond,supermat,Probe,500,platt_fit,28,0.8766990260885857,-2.0945718629663794,0.378,0.4985203973789896
pond,supermat,Probe,500,platt_fit,29,0.9628452234975551,-2.490344729038313,0.238,0.4985203973789896
pond,supermat,Probe,500,platt_fit,30,0.6777569481035229,-2.1450597159452105,0.328,0.4985203973789896
pond,supermat,Probe,500,platt_fit,31,0.4504168790639126,-1.8402158075805153,0.32,0.4985203973789896
pond,supermat,Probe,500,platt_fit,32,0.8527024374236815,-2.022685945584499,0.298,0.4985203973789896
pond,supermat,Probe,500,platt_fit,33,0.7822273746595727,-2.1015472761650185,0.428,0.4985203973789896
pond,supermat,Probe,500,platt_fit,34,0.39464889564607253,-1.3488624770067164,0.37,0.4985203973789896
pond,supermat,Probe,500,platt_fit,35,0.5696117781892697,-1.9683677766472785,0.402,0.4985203973789896
pond,supermat,Probe,500,platt_fit,36,0.9064838144005526,-3.154565041085174,0.27,0.4985203973789896
pond,supermat,Probe,500,platt_fit,37,0.7428699571162877,-1.9419521007155613,0.334,0.4985203973789896
pond,supermat,Probe,500,platt_fit,38,0.8559916839541396,-2.7653417026895455,0.2,0.4985203973789896
pond,supermat,Probe,500,platt_fit,39,0.6972354098852735,-1.7728766310258357,0.342,0.4985203973789896
pond,supermat,Probe,500,platt_fit,40,0.8032429289046339,-2.3839222122438595,0.374,0.4985203973789896
pond,supermat,Probe,500,platt_fit,41,0.7164597382633461,-1.5310074741029938,0.478,0.4985203973789896
pond,supermat,Probe,500,platt_fit,42,0.8386867373906132,-2.0090063865193946,0.298,0.4985203973789896
pond,supermat,Probe,500,platt_fit,43,0.81081004192166,-2.577556357279879,0.28,0.4985203973789896
pond,supermat,Probe,500,platt_fit,44,0.6239864104908918,-1.8119211509261288,0.442,0.4985203973789896
pond,supermat,Probe,500,platt_fit,45,0.620260774906994,-2.2068609527575527,0.248,0.4985203973789896
pond,supermat,Probe,500,platt_fit,46,0.65792022885575,-2.42194173179281,0.266,0.4985203973789896
pond,supermat,Probe,500,platt_fit,47,0.5218613269969249,-1.410032227344103,0.458,0.4985203973789896
pond,supermat,Probe,500,platt_fit,48,0.6234458399784021,-2.022866670037038,0.364,0.4985203973789896
pond,supermat,Probe,500,platt_fit,49,0.7052169636894241,-1.993228361845995,0.292,0.4985203973789896
pond,supermat,Probe,500,platt_fit,50,0.8047679698619239,-2.3797010938344774,0.252,0.4985203973789896
pond,supermat,Probe,500,platt_fit,51,0.6538525760299271,-1.8633265000361257,0.354,0.4985203973789896
pond,supermat,Probe,500,platt_fit,52,0.7770828551858718,-2.021745271300229,0.288,0.4985203973789896
pond,supermat,Probe,500,platt_fit,53,0.7925673818350998,-2.1496987031222092,0.25,0.4985203973789896
pond,supermat,Probe,500,platt_fit,54,0.5644514847575383,-1.8280816227500027,0.406,0.4985203973789896
pond,supermat,Probe,500,platt_fit,55,0.8506863656869394,-2.4246477638876685,0.314,0.4985203973789896
pond,supermat,Probe,500,platt_fit,56,0.6992726816419031,-2.4169326185723268,0.308,0.4985203973789896
pond,supermat,Probe,500,platt_fit,57,0.78496828491544,-2.6044882914368945,0.266,0.4985203973789896
pond,supermat,Probe,500,platt_fit,58,0.7821879199425731,-2.1854033532508126,0.316,0.4985203973789896
pond,supermat,Probe,500,platt_fit,59,0.9583949367456505,-2.356011765779702,0.294,0.4985203973789896
pond,supermat,Probe,500,platt_fit,60,0.7408270246476724,-2.4611283702757194,0.25,0.4985203973789896
pond,supermat,Probe,500,platt_fit,61,0.7967376535022667,-2.0704222848287563,0.324,0.4985203973789896
pond,supermat,Probe,500,platt_fit,62,0.6280037340807749,-1.994269918800939,0.32,0.4985203973789896
pond,supermat,Probe,500,platt_fit,63,0.4389921357306308,-1.2117194813886178,0.44,0.4985203973789896
pond,supermat,Probe,500,platt_fit,64,0.6731845531121387,-2.1511761238770983,0.362,0.4985203973789896
pond,supermat,Probe,500,platt_fit,65,0.754456124021781,-1.4562444397348036,0.486,0.4985203973789896
pond,supermat,Probe,500,platt_fit,66,0.5653097163048547,-1.9709499751465454,0.302,0.4985203973789896
pond,supermat,Probe,500,platt_fit,67,0.6463342638826735,-1.4752436452633435,0.434,0.4985203973789896
pond,supermat,Probe,500,platt_fit,68,0.7672181331811858,-2.276192705297376,0.292,0.4985203973789896
pond,supermat,Probe,500,platt_fit,69,0.60571794702681,-2.199089134869228,0.25,0.4985203973789896
pond,supermat,Probe,500,platt_fit,70,0.788833531795555,-2.2928234306218407,0.222,0.4985203973789896
pond,supermat,Probe,500,platt_fit,71,0.6546069441815047,-1.2569231577081337,0.518,0.4985203973789896
pond,supermat,Probe,500,platt_fit,72,0.5300892264327919,-1.4313356227059666,0.372,0.4985203973789896
pond,supermat,Probe,500,platt_fit,73,0.7518741705066052,-1.7535596840816365,0.468,0.4985203973789896
pond,supermat,Probe,500,platt_fit,74,0.6035210228139035,-2.261829338242439,0.312,0.4985203973789896
pond,supermat,Probe,500,platt_fit,75,0.8327581783468251,-2.3338142873748713,0.212,0.4985203973789896
pond,supermat,Probe,500,platt_fit,76,0.8214945103007436,-2.1724289473591836,0.332,0.4985203973789896
pond,supermat,Probe,500,platt_fit,77,0.6559293360964709,-2.586331028900779,0.244,0.4985203973789896
pond,supermat,Probe,500,platt_fit,78,1.0296288845445625,-2.675151333980699,0.316,0.4985203973789896
pond,supermat,Probe,500,platt_fit,79,0.8486306467863968,-2.2213235687984727,0.33,0.4985203973789896
pond,supermat,Probe,500,platt_fit,80,0.6942194455112696,-2.2350862895623536,0.33,0.4985203973789896
pond,supermat,Probe,500,platt_fit,81,0.5933261174491666,-1.547527216638627,0.414,0.4985203973789896
pond,supermat,Probe,500,platt_fit,82,0.5701601696068568,-2.193903001739982,0.322,0.4985203973789896
pond,supermat,Probe,500,platt_fit,83,0.683931531134374,-1.6651426123105915,0.426,0.4985203973789896
pond,supermat,Probe,500,platt_fit,84,0.9466256384424989,-2.097612788898145,0.386,0.4985203973789896
pond,supermat,Probe,500,platt_fit,85,0.39463074790057434,-1.2445589267893835,0.378,0.4985203973789896
pond,supermat,Probe,500,platt_fit,86,0.6821815532194423,-2.326971655813173,0.312,0.4985203973789896
pond,supermat,Probe,500,platt_fit,87,0.5666131456998608,-1.5566117583097896,0.432,0.4985203973789896
pond,supermat,Probe,500,platt_fit,88,0.671913921386188,-1.916432644300817,0.406,0.4985203973789896
pond,supermat,Probe,500,platt_fit,89,0.47956508118171476,-1.2886180413310535,0.46,0.4985203973789896
pond,supermat,Probe,500,platt_fit,90,0.5960843308246876,-1.8291997754679958,0.314,0.4985203973789896
pond,supermat,Probe,500,platt_fit,91,0.8519099289582714,-1.8933031839906804,0.428,0.4985203973789896
pond,supermat,Probe,500,platt_fit,92,0.95167128756973,-2.075379216287864,0.442,0.4985203973789896
pond,supermat,Probe,500,platt_fit,93,0.7645662806833399,-2.394158250758523,0.32,0.4985203973789896
pond,supermat,Probe,500,platt_fit,94,0.5418149517002923,-1.7636419125080394,0.29,0.4985203973789896
pond,supermat,Probe,500,platt_fit,95,0.799935721107321,-2.5086446199007795,0.25,0.4985203973789896
pond,supermat,Probe,500,platt_fit,96,0.582237398120792,-1.8996724779657084,0.376,0.4985203973789896
pond,supermat,Probe,500,platt_fit,97,0.5891875978907566,-1.9881067318276702,0.316,0.4985203973789896
pond,supermat,Probe,500,platt_fit,98,0.685285484614263,-2.2893912198167863,0.276,0.4985203973789896
pond,supermat,Probe,500,platt_fit,99,0.4086932938619069,-0.8286712249385759,0.494,0.4985203973789896
pond,supermat,NTP,500,platt_fit,0,0.6048331636663917,-1.8033554351378587,0.204,0.4985203973789896
pond,supermat,NTP,500,platt_fit,1,0.544960446452459,-1.4091114858924794,0.236,0.4985203973789896
pond,supermat,NTP,500,platt_fit,2,0.5522922217653328,-1.0343961926216239,0.326,0.4985203973789896
pond,supermat,NTP,500,platt_fit,3,0.7128269802806877,-0.8848336771601822,0.368,0.4985203973789896
pond,supermat,NTP,500,platt_fit,4,0.5924383787423535,-1.049309553959703,0.334,0.4985203973789896
pond,supermat,NTP,500,platt_fit,5,0.8580036854230085,-0.9467972604393683,0.342,0.4985203973789896
pond,supermat,NTP,500,platt_fit,6,0.7110891598151676,-1.194930410907002,0.254,0.4985203973789896
pond,supermat,NTP,500,platt_fit,7,0.48166639647181936,-0.8033743121226334,0.366,0.4985203973789896
pond,supermat,NTP,500,platt_fit,8,0.7752487233140821,-1.4584597188478898,0.246,0.4985203973789896
pond,supermat,NTP,500,platt_fit,9,0.5032512384791143,-0.8080778737456904,0.364,0.4985203973789896
pond,supermat,NTP,500,platt_fit,10,0.5407538108174386,-1.3367289024928561,0.242,0.4985203973789896
pond,supermat,NTP,500,platt_fit,11,0.6606860643851995,-0.9121105052490981,0.404,0.4985203973789896
pond,supermat,NTP,500,platt_fit,12,0.6670607728135337,-0.5290458373161928,0.41,0.4985203973789896
pond,supermat,NTP,500,platt_fit,13,0.6803206772426846,-1.1245612767109214,0.372,0.4985203973789896
pond,supermat,NTP,500,platt_fit,14,0.7454646021074253,-1.4035475304286482,0.262,0.4985203973789896
pond,supermat,NTP,500,platt_fit,15,0.6942846559368662,-0.3510991792536243,0.52,0.4985203973789896
pond,supermat,NTP,500,platt_fit,16,0.7166474801029302,-0.9022826847754494,0.342,0.4985203973789896
pond,supermat,NTP,500,platt_fit,17,0.6473326437584387,-1.231181347873758,0.28,0.4985203973789896
pond,supermat,NTP,500,platt_fit,18,0.5354607758992086,-1.0823581142466672,0.324,0.4985203973789896
pond,supermat,NTP,500,platt_fit,19,0.6227960325187577,-0.7962328707124094,0.406,0.4985203973789896
pond,supermat,NTP,500,platt_fit,20,0.5471512357357772,-0.8882361781813518,0.388,0.4985203973789896
pond,supermat,NTP,500,platt_fit,21,0.7084854424708638,-1.1030556858448965,0.286,0.4985203973789896
pond,supermat,NTP,500,platt_fit,22,0.7464139399012713,-1.76706687851536,0.226,0.4985203973789896
pond,supermat,NTP,500,platt_fit,23,0.6096251751833729,-0.9251031042404023,0.344,0.4985203973789896
pond,supermat,NTP,500,platt_fit,24,0.5228728945176219,-0.9887886769342648,0.33,0.4985203973789896
pond,supermat,NTP,500,platt_fit,25,0.8404807443148109,-0.8102726838728547,0.402,0.4985203973789896
pond,supermat,NTP,500,platt_fit,26,0.5245182008125596,-0.8405047956328453,0.34,0.4985203973789896
pond,supermat,NTP,500,platt_fit,27,0.718877662741437,-0.5194149117585025,0.426,0.4985203973789896
pond,supermat,NTP,500,platt_fit,28,0.5832971942484931,-0.7965576561954695,0.378,0.4985203973789896
pond,supermat,NTP,500,platt_fit,29,0.6572431226356176,-1.4545917410709257,0.238,0.4985203973789896
pond,supermat,NTP,500,platt_fit,30,0.7462756686218833,-0.9821377215862421,0.328,0.4985203973789896
pond,supermat,NTP,500,platt_fit,31,0.47785222648649267,-1.0224824757741742,0.32,0.4985203973789896
pond,supermat,NTP,500,platt_fit,32,0.7106681188318658,-1.2299918914327006,0.298,0.4985203973789896
pond,supermat,NTP,500,platt_fit,33,0.7368008849912797,-0.8885933113935592,0.428,0.4985203973789896
pond,supermat,NTP,500,platt_fit,34,0.5466666620227544,-0.8331044874110288,0.37,0.4985203973789896
pond,supermat,NTP,500,platt_fit,35,0.659938763053717,-1.0609877698959325,0.402,0.4985203973789896
pond,supermat,NTP,500,platt_fit,36,0.5792653451108294,-1.2871283683390347,0.27,0.4985203973789896
pond,supermat,NTP,500,platt_fit,37,0.6278160361320106,-0.9931910671269845,0.334,0.4985203973789896
pond,supermat,NTP,500,platt_fit,38,0.797782641488133,-1.69195619241509,0.2,0.4985203973789896
pond,supermat,NTP,500,platt_fit,39,0.7197500108651393,-1.1479561614437985,0.342,0.4985203973789896
pond,supermat,NTP,500,platt_fit,40,0.5501229520998002,-0.7611662999346793,0.374,0.4985203973789896
pond,supermat,NTP,500,platt_fit,41,0.6840062981437721,-0.4503148034538355,0.478,0.4985203973789896
pond,supermat,NTP,500,platt_fit,42,0.6885223095098053,-1.1608803543742636,0.298,0.4985203973789896
pond,supermat,NTP,500,platt_fit,43,0.6410528628728489,-1.3101745545228192,0.28,0.4985203973789896
pond,supermat,NTP,500,platt_fit,44,0.6478041918294807,-0.6320622812536216,0.442,0.4985203973789896
pond,supermat,NTP,500,platt_fit,45,0.7345867906018172,-1.6551771122880865,0.248,0.4985203973789896
pond,supermat,NTP,500,platt_fit,46,0.5726914442841551,-1.4028438301700745,0.266,0.4985203973789896
pond,supermat,NTP,500,platt_fit,47,0.6246742346521558,-0.5388563480432813,0.458,0.4985203973789896
pond,supermat,NTP,500,platt_fit,48,0.5133199800540653,-0.9203383411050247,0.364,0.4985203973789896
pond,supermat,NTP,500,platt_fit,49,0.7596912847326212,-1.2346791481057742,0.292,0.4985203973789896
pond,supermat,NTP,500,platt_fit,50,0.6425951340452868,-1.3890751061378046,0.252,0.4985203973789896
pond,supermat,NTP,500,platt_fit,51,0.6357974750632751,-0.916976658345542,0.354,0.4985203973789896
pond,supermat,NTP,500,platt_fit,52,0.7211904538735029,-1.3213501645689327,0.288,0.4985203973789896
pond,supermat,NTP,500,platt_fit,53,0.835989527950576,-1.4741538859749062,0.25,0.4985203973789896
pond,supermat,NTP,500,platt_fit,54,0.7892173716889016,-1.0756404234636894,0.406,0.4985203973789896
pond,supermat,NTP,500,platt_fit,55,0.9992948549700681,-1.195597972342881,0.314,0.4985203973789896
pond,supermat,NTP,500,platt_fit,56,0.6213274298612916,-1.2560965865632674,0.308,0.4985203973789896
pond,supermat,NTP,500,platt_fit,57,0.7130770249563864,-1.2825966221262495,0.266,0.4985203973789896
pond,supermat,NTP,500,platt_fit,58,0.7350371219866687,-1.1247180568388975,0.316,0.4985203973789896
pond,supermat,NTP,500,platt_fit,59,0.7161330625114394,-1.29121051041563,0.294,0.4985203973789896
pond,supermat,NTP,500,platt_fit,60,0.5383951763170679,-1.3457903440079233,0.25,0.4985203973789896
pond,supermat,NTP,500,platt_fit,61,0.5882669572143433,-1.113857779864153,0.324,0.4985203973789896
pond,supermat,NTP,500,platt_fit,62,0.6801619754153153,-1.1467857919297533,0.32,0.4985203973789896
pond,supermat,NTP,500,platt_fit,63,0.5257209342708201,-0.5149813857590061,0.44,0.4985203973789896
pond,supermat,NTP,500,platt_fit,64,0.7598100345619657,-0.8921959357360388,0.362,0.4985203973789896
pond,supermat,NTP,500,platt_fit,65,0.7618891529327838,-0.4717726846652816,0.486,0.4985203973789896
pond,supermat,NTP,500,platt_fit,66,0.562484242938106,-1.0335552322723074,0.302,0.4985203973789896
pond,supermat,NTP,500,platt_fit,67,0.6268556068419706,-0.7051088532288635,0.434,0.4985203973789896
pond,supermat,NTP,500,platt_fit,68,0.6386261891323098,-1.263979437438398,0.292,0.4985203973789896
pond,supermat,NTP,500,platt_fit,69,0.48341626522928277,-1.3673203212839344,0.25,0.4985203973789896
pond,supermat,NTP,500,platt_fit,70,0.7314922768860594,-1.6322070062064815,0.222,0.4985203973789896
pond,supermat,NTP,500,platt_fit,71,0.7297078090243547,-0.4645350989380911,0.518,0.4985203973789896
pond,supermat,NTP,500,platt_fit,72,0.5934927067243266,-0.7561234252045806,0.372,0.4985203973789896
pond,supermat,NTP,500,platt_fit,73,0.7788846325762904,-0.5990340609857101,0.468,0.4985203973789896
pond,supermat,NTP,500,platt_fit,74,0.6297440494840517,-1.1370288438934355,0.312,0.4985203973789896
pond,supermat,NTP,500,platt_fit,75,0.682761851155315,-1.6256407648109237,0.212,0.4985203973789896
pond,supermat,NTP,500,platt_fit,76,0.8844373076385541,-1.0855716966223659,0.332,0.4985203973789896
pond,supermat,NTP,500,platt_fit,77,0.521448500439643,-1.3455448487721398,0.244,0.4985203973789896
pond,supermat,NTP,500,platt_fit,78,0.807560943345981,-1.2477069069840272,0.316,0.4985203973789896
pond,supermat,NTP,500,platt_fit,79,0.6588445825889809,-1.0911901675273883,0.33,0.4985203973789896
pond,supermat,NTP,500,platt_fit,80,0.6307081777026113,-0.9804612443207446,0.33,0.4985203973789896
pond,supermat,NTP,500,platt_fit,81,0.6633354326968502,-0.7245293473252447,0.414,0.4985203973789896
pond,supermat,NTP,500,platt_fit,82,0.5377230595348842,-1.0688985970283114,0.322,0.4985203973789896
pond,supermat,NTP,500,platt_fit,83,0.5628655413700887,-0.6594671301529744,0.426,0.4985203973789896
pond,supermat,NTP,500,platt_fit,84,0.884167616822467,-1.213555160888858,0.386,0.4985203973789896
pond,supermat,NTP,500,platt_fit,85,0.5180512375110624,-0.7451478863104778,0.378,0.4985203973789896
pond,supermat,NTP,500,platt_fit,86,0.6007394534001904,-1.0398693201566642,0.312,0.4985203973789896
pond,supermat,NTP,500,platt_fit,87,0.6729454493511454,-0.7831630755159256,0.432,0.4985203973789896
pond,supermat,NTP,500,platt_fit,88,0.6214542750377577,-0.7027262918385205,0.406,0.4985203973789896
pond,supermat,NTP,500,platt_fit,89,0.5797004033309993,-0.38213597584039377,0.46,0.4985203973789896
pond,supermat,NTP,500,platt_fit,90,0.6310280259604008,-0.9861163768318355,0.314,0.4985203973789896
pond,supermat,NTP,500,platt_fit,91,0.6408297308221584,-0.7548323957270412,0.428,0.4985203973789896
pond,supermat,NTP,500,platt_fit,92,0.9784763197552914,-0.668366276648717,0.442,0.4985203973789896
pond,supermat,NTP,500,platt_fit,93,0.5520711418911275,-1.0580680716481239,0.32,0.4985203973789896
pond,supermat,NTP,500,platt_fit,94,0.553089853286457,-1.0651606075338886,0.29,0.4985203973789896
pond,supermat,NTP,500,platt_fit,95,0.6609773819453004,-1.440747468697241,0.25,0.4985203973789896
pond,supermat,NTP,500,platt_fit,96,0.5786315097937145,-0.7151663541424123,0.376,0.4985203973789896
pond,supermat,NTP,500,platt_fit,97,0.6386682788739048,-1.1236862074982092,0.316,0.4985203973789896
pond,supermat,NTP,500,platt_fit,98,0.558930239749691,-1.1631947089382138,0.276,0.4985203973789896
pond,supermat,NTP,500,platt_fit,99,0.5579952890548395,-0.4473293244732571,0.494,0.4985203973789896
pond,supermat,Probe,1000,platt_fit,0,0.9033013547900071,-2.934968099529255,0.211,0.4985203973789896
pond,supermat,Probe,1000,platt_fit,1,0.6873362513180868,-2.4568497842657964,0.215,0.4985203973789896
pond,supermat,Probe,1000,platt_fit,2,0.5589704343818173,-1.8268871200028862,0.36,0.4985203973789896
pond,supermat,Probe,1000,platt_fit,3,0.5725982083793905,-1.6003554644123512,0.401,0.4985203973789896
pond,supermat,Probe,1000,platt_fit,4,0.6580473059498316,-2.3176175783392807,0.305,0.4985203973789896
pond,supermat,Probe,1000,platt_fit,5,0.8028470637077038,-2.398370374148793,0.305,0.4985203973789896
pond,supermat,Probe,1000,platt_fit,6,0.7625149960142282,-2.1604873324325635,0.294,0.4985203973789896
pond,supermat,Probe,1000,platt_fit,7,0.648511396040289,-1.993183714174262,0.401,0.4985203973789896
pond,supermat,Probe,1000,platt_fit,8,0.7279709301688653,-2.5055223349091325,0.252,0.4985203973789896
pond,supermat,Probe,1000,platt_fit,9,0.5312448092232682,-1.851155607483498,0.361,0.4985203973789896
pond,supermat,Probe,1000,platt_fit,10,0.7067936887713411,-2.334348274261441,0.259,0.4985203973789896
pond,supermat,Probe,1000,platt_fit,11,0.5448997603965747,-1.5948209130404358,0.429,0.4985203973789896
pond,supermat,Probe,1000,platt_fit,12,0.6810258189544434,-1.9675576217765993,0.359,0.4985203973789896
pond,supermat,Probe,1000,platt_fit,13,0.6929659296643791,-2.2538406046173107,0.377,0.4985203973789896
pond,supermat,Probe,1000,platt_fit,14,0.9846200180206145,-2.5181250603703496,0.293,0.4985203973789896
pond,supermat,Probe,1000,platt_fit,15,0.7473891422995305,-1.6107483733598957,0.525,0.4985203973789896
pond,supermat,Probe,1000,platt_fit,16,0.7908324279842416,-2.0509685802727273,0.345,0.4985203973789896
pond,supermat,Probe,1000,platt_fit,17,0.6973673165241869,-2.4331667232671217,0.262,0.4985203973789896
pond,supermat,Probe,1000,platt_fit,18,0.5574383224014212,-1.8883390329984848,0.307,0.4985203973789896
pond,supermat,Probe,1000,platt_fit,19,0.5974671543933243,-1.6784523734180066,0.406,0.4985203973789896
pond,supermat,Probe,1000,platt_fit,20,0.6172480551002659,-1.991634481859464,0.392,0.4985203973789896
pond,supermat,Probe,1000,platt_fit,21,0.7673736097995864,-2.2782669373069333,0.282,0.4985203973789896
pond,supermat,Probe,1000,platt_fit,22,0.7980979351618863,-2.6984412168368066,0.221,0.4985203973789896
pond,supermat,Probe,1000,platt_fit,23,0.6865200903464692,-2.1477887761752705,0.309,0.4985203973789896
pond,supermat,Probe,1000,platt_fit,24,0.5006702687285426,-1.8728535232772716,0.337,0.4985203973789896
pond,supermat,Probe,1000,platt_fit,25,0.8138886448984866,-1.7581105612996308,0.376,0.4985203973789896
pond,supermat,Probe,1000,platt_fit,26,0.5132333741582472,-1.7111820310272183,0.328,0.4985203973789896
pond,supermat,Probe,1000,platt_fit,27,0.46248651862475487,-1.1736727943460232,0.466,0.4985203973789896
pond,supermat,Probe,1000,platt_fit,28,0.8786871371056613,-2.160395590585674,0.386,0.4985203973789896
pond,supermat,Probe,1000,platt_fit,29,0.9198783316229704,-2.291203384594756,0.26,0.4985203973789896
pond,supermat,Probe,1000,platt_fit,30,0.7158837315018963,-2.1922220866959066,0.339,0.4985203973789896
pond,supermat,Probe,1000,platt_fit,31,0.5653328836080004,-1.9989678589817061,0.353,0.4985203973789896
pond,supermat,Probe,1000,platt_fit,32,0.8257635197396925,-2.085113557361914,0.275,0.4985203973789896
pond,supermat,Probe,1000,platt_fit,33,0.6986290888326799,-1.9730084996918156,0.423,0.4985203973789896
pond,supermat,Probe,1000,platt_fit,34,0.42593343402800465,-1.4161365785269568,0.377,0.4985203973789896
pond,supermat,Probe,1000,platt_fit,35,0.6200203952373426,-2.120704679785468,0.399,0.4985203973789896
pond,supermat,Probe,1000,platt_fit,36,0.7863414855949128,-2.6773615007835185,0.292,0.4985203973789896
pond,supermat,Probe,1000,platt_fit,37,0.6676025253164485,-1.9131123615714551,0.32,0.4985203973789896
pond,supermat,Probe,1000,platt_fit,38,0.846564656760884,-2.617987705824705,0.235,0.4985203973789896
pond,supermat,Probe,1000,platt_fit,39,0.757357715628093,-2.004952050037852,0.326,0.4985203973789896
pond,supermat,Probe,1000,platt_fit,40,0.6140464078771037,-1.9432757546761896,0.371,0.4985203973789896
pond,supermat,Probe,1000,platt_fit,41,0.7106347703780959,-1.5261562141978466,0.477,0.4985203973789896
pond,supermat,Probe,1000,platt_fit,42,0.9252631994626421,-2.022735888275068,0.313,0.4985203973789896
pond,supermat,Probe,1000,platt_fit,43,0.7944857126389402,-2.410181367616955,0.298,0.4985203973789896
pond,supermat,Probe,1000,platt_fit,44,0.6401547336294271,-1.900773806390911,0.43,0.4985203973789896
pond,supermat,Probe,1000,platt_fit,45,0.6853799503091045,-2.3535984242453574,0.241,0.4985203973789896
pond,supermat,Probe,1000,platt_fit,46,0.7248681776974223,-2.4591536790351354,0.279,0.4985203973789896
pond,supermat,Probe,1000,platt_fit,47,0.5606666448924911,-1.4753754258501872,0.458,0.4985203973789896
pond,supermat,Probe,1000,platt_fit,48,0.5635039284769362,-1.766834598193703,0.38,0.4985203973789896
pond,supermat,Probe,1000,platt_fit,49,0.6874867319781888,-1.9565801909543685,0.309,0.4985203973789896
pond,supermat,Probe,1000,platt_fit,50,0.8175885600153406,-2.3862238951317853,0.254,0.4985203973789896
pond,supermat,Probe,1000,platt_fit,51,0.64414868638149,-1.8033713580691935,0.365,0.4985203973789896
pond,supermat,Probe,1000,platt_fit,52,0.9371945718093112,-2.566779624821626,0.257,0.4985203973789896
pond,supermat,Probe,1000,platt_fit,53,0.8737771380191672,-2.398537265932204,0.223,0.4985203973789896
pond,supermat,Probe,1000,platt_fit,54,0.5516203002965681,-1.7887161548429107,0.404,0.4985203973789896
pond,supermat,Probe,1000,platt_fit,55,0.7733409658479364,-2.275852483003339,0.315,0.4985203973789896
pond,supermat,Probe,1000,platt_fit,56,0.7937348339498425,-2.5840839409745002,0.321,0.4985203973789896
pond,supermat,Probe,1000,platt_fit,57,0.7566157460079042,-2.3907438940839656,0.271,0.4985203973789896
pond,supermat,Probe,1000,platt_fit,58,0.7687953524088333,-2.220621404443668,0.299,0.4985203973789896
pond,supermat,Probe,1000,platt_fit,59,1.0261933681157667,-2.5210611252277877,0.292,0.4985203973789896
pond,supermat,Probe,1000,platt_fit,60,0.7444313238877089,-2.30867292615856,0.289,0.4985203973789896
pond,supermat,Probe,1000,platt_fit,61,0.7943730808296994,-1.9850561747694462,0.348,0.4985203973789896
pond,supermat,Probe,1000,platt_fit,62,0.7101950532432443,-2.068556944842341,0.335,0.4985203973789896
pond,supermat,Probe,1000,platt_fit,63,0.47297066785963576,-1.165471285005513,0.462,0.4985203973789896
pond,supermat,Probe,1000,platt_fit,64,0.6774752082452191,-2.3286438095627093,0.323,0.4985203973789896
pond,supermat,Probe,1000,platt_fit,65,0.706827912275078,-1.3927640242308035,0.476,0.4985203973789896
pond,supermat,Probe,1000,platt_fit,66,0.6470587639978963,-2.138887184043519,0.3,0.4985203973789896
pond,supermat,Probe,1000,platt_fit,67,0.5940336438924395,-1.3352536651734692,0.437,0.4985203973789896
pond,supermat,Probe,1000,platt_fit,68,0.7022935777573963,-2.1767888606225414,0.306,0.4985203973789896
pond,supermat,Probe,1000,platt_fit,69,0.6608330190817695,-2.33330887053705,0.247,0.4985203973789896
pond,supermat,Probe,1000,platt_fit,70,0.844368692471274,-2.3880565890550405,0.212,0.4985203973789896
pond,supermat,Probe,1000,platt_fit,71,0.7012301788807025,-1.457528046802785,0.491,0.4985203973789896
pond,supermat,Probe,1000,platt_fit,72,0.660099675212922,-1.5024320628141552,0.419,0.4985203973789896
pond,supermat,Probe,1000,platt_fit,73,0.6432732882791294,-1.5087198265698922,0.473,0.4985203973789896
pond,supermat,Probe,1000,platt_fit,74,0.6452421497895882,-2.1497422334609726,0.363,0.4985203973789896
pond,supermat,Probe,1000,platt_fit,75,0.8294391430598281,-2.3318680594047385,0.233,0.4985203973789896
pond,supermat,Probe,1000,platt_fit,76,0.7721038645816521,-2.266544231885873,0.305,0.4985203973789896
pond,supermat,Probe,1000,platt_fit,77,0.7288772230708604,-2.7056551232870243,0.26,0.4985203973789896
pond,supermat,Probe,1000,platt_fit,78,0.9572055924556667,-2.608447363893071,0.287,0.4985203973789896
pond,supermat,Probe,1000,platt_fit,79,0.7903786511104968,-2.099620623240354,0.334,0.4985203973789896
pond,supermat,Probe,1000,platt_fit,80,0.6772319404329743,-2.139467573063091,0.332,0.4985203973789896
pond,supermat,Probe,1000,platt_fit,81,0.5622091364825321,-1.4211776537393888,0.438,0.4985203973789896
pond,supermat,Probe,1000,platt_fit,82,0.6979686071818197,-2.3918893626572464,0.357,0.4985203973789896
pond,supermat,Probe,1000,platt_fit,83,0.6711944625212675,-1.6365339229046258,0.43,0.4985203973789896
pond,supermat,Probe,1000,platt_fit,84,0.8876305880668804,-2.0004478717490133,0.384,0.4985203973789896
pond,supermat,Probe,1000,platt_fit,85,0.42209044817982344,-1.35952217073727,0.366,0.4985203973789896
pond,supermat,Probe,1000,platt_fit,86,0.600136751386196,-2.1621949785737944,0.306,0.4985203973789896
pond,supermat,Probe,1000,platt_fit,87,0.6336901452184095,-1.6765994702210452,0.425,0.4985203973789896
pond,supermat,Probe,1000,platt_fit,88,0.7326367923503208,-2.049916286893015,0.402,0.4985203973789896
pond,supermat,Probe,1000,platt_fit,89,0.4690254161179771,-1.3502110246055228,0.429,0.4985203973789896
pond,supermat,Probe,1000,platt_fit,90,0.6010273960584301,-1.9991530890328086,0.308,0.4985203973789896
pond,supermat,Probe,1000,platt_fit,91,0.9219453901386185,-2.1218794468981432,0.405,0.4985203973789896
pond,supermat,Probe,1000,platt_fit,92,0.9532421244499745,-2.1024344306753404,0.453,0.4985203973789896
pond,supermat,Probe,1000,platt_fit,93,0.6753625816068829,-2.132553944781347,0.313,0.4985203973789896
pond,supermat,Probe,1000,platt_fit,94,0.5290261016834915,-1.8332394944733936,0.284,0.4985203973789896
pond,supermat,Probe,1000,platt_fit,95,0.6831617812478127,-2.412277358649982,0.237,0.4985203973789896
pond,supermat,Probe,1000,platt_fit,96,0.6029579316198433,-2.015171286688283,0.375,0.4985203973789896
pond,supermat,Probe,1000,platt_fit,97,0.6099747032340117,-2.021036573728456,0.314,0.4985203973789896
pond,supermat,Probe,1000,platt_fit,98,0.8127985868606701,-2.8651293813988294,0.231,0.4985203973789896
pond,supermat,Probe,1000,platt_fit,99,0.43409174460219707,-0.8098060102641791,0.51,0.4985203973789896
pond,supermat,NTP,1000,platt_fit,0,0.699898944479563,-1.6993461179616975,0.211,0.4985203973789896
pond,supermat,NTP,1000,platt_fit,1,0.718890306324153,-1.5988417158786312,0.215,0.4985203973789896
pond,supermat,NTP,1000,platt_fit,2,0.6684237137619135,-0.8936111899234037,0.36,0.4985203973789896
pond,supermat,NTP,1000,platt_fit,3,0.6107336564914427,-0.7292912567733778,0.401,0.4985203973789896
pond,supermat,NTP,1000,platt_fit,4,0.5424832649085249,-1.084683022263777,0.305,0.4985203973789896
pond,supermat,NTP,1000,platt_fit,5,0.7212285953678124,-1.0384157998731005,0.305,0.4985203973789896
pond,supermat,NTP,1000,platt_fit,6,0.5833704627629422,-1.135075753509381,0.294,0.4985203973789896
pond,supermat,NTP,1000,platt_fit,7,0.5584815774549047,-0.7179412652607207,0.401,0.4985203973789896
pond,supermat,NTP,1000,platt_fit,8,0.6220397888461799,-1.4305918536469813,0.252,0.4985203973789896
pond,supermat,NTP,1000,platt_fit,9,0.5404525743488762,-0.845825930836227,0.361,0.4985203973789896
pond,supermat,NTP,1000,platt_fit,10,0.6037943876496853,-1.3206742701032275,0.259,0.4985203973789896
pond,supermat,NTP,1000,platt_fit,11,0.6325870743950284,-0.704243836784125,0.429,0.4985203973789896
pond,supermat,NTP,1000,platt_fit,12,0.6741993506795351,-0.7611090262548841,0.359,0.4985203973789896
pond,supermat,NTP,1000,platt_fit,13,0.6538054983512633,-1.005758709951135,0.377,0.4985203973789896
pond,supermat,NTP,1000,platt_fit,14,0.669495216589043,-1.333761936452741,0.293,0.4985203973789896
pond,supermat,NTP,1000,platt_fit,15,0.7228531003693449,-0.30025124393878166,0.525,0.4985203973789896
pond,supermat,NTP,1000,platt_fit,16,0.701119463070214,-0.8420427804574053,0.345,0.4985203973789896
pond,supermat,NTP,1000,platt_fit,17,0.6432334857956066,-1.3312447185711584,0.262,0.4985203973789896
pond,supermat,NTP,1000,platt_fit,18,0.6243821682274435,-1.1959540055589801,0.307,0.4985203973789896
pond,supermat,NTP,1000,platt_fit,19,0.7215557823194445,-0.8224178663288533,0.406,0.4985203973789896
pond,supermat,NTP,1000,platt_fit,20,0.6247360917067354,-0.8963839616085333,0.392,0.4985203973789896
pond,supermat,NTP,1000,platt_fit,21,0.6379367512117662,-1.245361308012616,0.282,0.4985203973789896
pond,supermat,NTP,1000,platt_fit,22,0.730608946730978,-1.817478165738255,0.221,0.4985203973789896
pond,supermat,NTP,1000,platt_fit,23,0.5912905018209721,-1.0330636343815836,0.309,0.4985203973789896
pond,supermat,NTP,1000,platt_fit,24,0.5452509262345379,-0.913218192157173,0.337,0.4985203973789896
pond,supermat,NTP,1000,platt_fit,25,0.8284032716290524,-0.8841896213009716,0.376,0.4985203973789896
pond,supermat,NTP,1000,platt_fit,26,0.5763689993111292,-0.8904204953319657,0.328,0.4985203973789896
pond,supermat,NTP,1000,platt_fit,27,0.5714844091338696,-0.4887934091318494,0.466,0.4985203973789896
pond,supermat,NTP,1000,platt_fit,28,0.5614879573528228,-0.8106070227715589,0.386,0.4985203973789896
pond,supermat,NTP,1000,platt_fit,29,0.746876406813726,-1.4101628724245712,0.26,0.4985203973789896
pond,supermat,NTP,1000,platt_fit,30,0.6199008731831126,-1.0120728912836225,0.339,0.4985203973789896
pond,supermat,NTP,1000,platt_fit,31,0.512064284780848,-0.8240205521821146,0.353,0.4985203973789896
pond,supermat,NTP,1000,platt_fit,32,0.6886013918966997,-1.3399764680851896,0.275,0.4985203973789896
pond,supermat,NTP,1000,platt_fit,33,0.6239185156348561,-0.9036007394647922,0.423,0.4985203973789896
pond,supermat,NTP,1000,platt_fit,34,0.6048190209653663,-0.7856947629219253,0.377,0.4985203973789896
pond,supermat,NTP,1000,platt_fit,35,0.578913143090187,-0.9785065748405859,0.399,0.4985203973789896
pond,supermat,NTP,1000,platt_fit,36,0.5381379278191653,-1.1157626529126272,0.292,0.4985203973789896
pond,supermat,NTP,1000,platt_fit,37,0.6077082134124803,-1.0987018191913946,0.32,0.4985203973789896
pond,supermat,NTP,1000,platt_fit,38,0.6226766306800267,-1.4845537012927665,0.235,0.4985203973789896
pond,supermat,NTP,1000,platt_fit,39,0.6783767904807366,-1.1451706181512775,0.326,0.4985203973789896
pond,supermat,NTP,1000,platt_fit,40,0.5238953153088503,-0.7575634258125993,0.371,0.4985203973789896
pond,supermat,NTP,1000,platt_fit,41,0.6638749893302391,-0.5010369647700723,0.477,0.4985203973789896
pond,supermat,NTP,1000,platt_fit,42,0.6367429768828005,-1.12540892413917,0.313,0.4985203973789896
pond,supermat,NTP,1000,platt_fit,43,0.7113379047357857,-1.117818146083842,0.298,0.4985203973789896
pond,supermat,NTP,1000,platt_fit,44,0.5419482772821433,-0.6017660383686148,0.43,0.4985203973789896
pond,supermat,NTP,1000,platt_fit,45,0.7877984470688795,-1.6269263709427346,0.241,0.4985203973789896
pond,supermat,NTP,1000,platt_fit,46,0.6006928344016136,-1.2309940218698598,0.279,0.4985203973789896
pond,supermat,NTP,1000,platt_fit,47,0.5951832862821925,-0.48331534371834306,0.458,0.4985203973789896
pond,supermat,NTP,1000,platt_fit,48,0.5531550545229839,-0.8653719678186282,0.38,0.4985203973789896
pond,supermat,NTP,1000,platt_fit,49,0.7185093523135816,-1.0391659361739491,0.309,0.4985203973789896
pond,supermat,NTP,1000,platt_fit,50,0.6883939558493095,-1.4609235639121714,0.254,0.4985203973789896
pond,supermat,NTP,1000,platt_fit,51,0.7221362183897124,-0.8535072696845437,0.365,0.4985203973789896
pond,supermat,NTP,1000,platt_fit,52,0.7442365925599335,-1.5871839857494958,0.257,0.4985203973789896
pond,supermat,NTP,1000,platt_fit,53,0.7185740397251378,-1.6122364747372928,0.223,0.4985203973789896
pond,supermat,NTP,1000,platt_fit,54,0.7721629344672645,-1.069614001790102,0.404,0.4985203973789896
pond,supermat,NTP,1000,platt_fit,55,0.861320415929839,-1.1600162486040633,0.315,0.4985203973789896
pond,supermat,NTP,1000,platt_fit,56,0.6484590651163082,-1.195754553650198,0.321,0.4985203973789896
pond,supermat,NTP,1000,platt_fit,57,0.6340464906515304,-1.3340501628858419,0.271,0.4985203973789896
pond,supermat,NTP,1000,platt_fit,58,0.7175654772464489,-1.2562955729938787,0.299,0.4985203973789896
pond,supermat,NTP,1000,platt_fit,59,0.7668364101386541,-1.2140434309443915,0.292,0.4985203973789896
pond,supermat,NTP,1000,platt_fit,60,0.5684436134697569,-1.1947365625184356,0.289,0.4985203973789896
pond,supermat,NTP,1000,platt_fit,61,0.7795858450211111,-1.060372498081867,0.348,0.4985203973789896
pond,supermat,NTP,1000,platt_fit,62,0.6576702872163681,-1.0840746494288978,0.335,0.4985203973789896
pond,supermat,NTP,1000,platt_fit,63,0.5330978630081092,-0.4520239579927809,0.462,0.4985203973789896
pond,supermat,NTP,1000,platt_fit,64,0.6267144320230366,-1.061098944040995,0.323,0.4985203973789896
pond,supermat,NTP,1000,platt_fit,65,0.7406929403155518,-0.5079634805847026,0.476,0.4985203973789896
pond,supermat,NTP,1000,platt_fit,66,0.6611559667532755,-1.1136405909969718,0.3,0.4985203973789896
pond,supermat,NTP,1000,platt_fit,67,0.5495662742916182,-0.6325203005413587,0.437,0.4985203973789896
pond,supermat,NTP,1000,platt_fit,68,0.610751050378868,-1.3174747441079868,0.306,0.4985203973789896
pond,supermat,NTP,1000,platt_fit,69,0.5104811646499977,-1.3566486264233624,0.247,0.4985203973789896
pond,supermat,NTP,1000,platt_fit,70,0.7914952737890459,-1.692398345529137,0.212,0.4985203973789896
pond,supermat,NTP,1000,platt_fit,71,0.676998728176592,-0.5946109729005071,0.491,0.4985203973789896
pond,supermat,NTP,1000,platt_fit,72,0.578137458240377,-0.5693569616604661,0.419,0.4985203973789896
pond,supermat,NTP,1000,platt_fit,73,0.5975721592472798,-0.5404490311891369,0.473,0.4985203973789896
pond,supermat,NTP,1000,platt_fit,74,0.6436310240567783,-1.0615476489110542,0.363,0.4985203973789896
pond,supermat,NTP,1000,platt_fit,75,0.6948658894565499,-1.4552518121350904,0.233,0.4985203973789896
pond,supermat,NTP,1000,platt_fit,76,0.7230928215196538,-1.3288869576935232,0.305,0.4985203973789896
pond,supermat,NTP,1000,platt_fit,77,0.5795174164373345,-1.2931758161553115,0.26,0.4985203973789896
pond,supermat,NTP,1000,platt_fit,78,0.8711127243957374,-1.4401504442429367,0.287,0.4985203973789896
pond,supermat,NTP,1000,platt_fit,79,0.6218537563847929,-1.1245280034144185,0.334,0.4985203973789896
pond,supermat,NTP,1000,platt_fit,80,0.533767587874144,-0.9638998341513074,0.332,0.4985203973789896
pond,supermat,NTP,1000,platt_fit,81,0.7146617031984446,-0.6853045270426528,0.438,0.4985203973789896
pond,supermat,NTP,1000,platt_fit,82,0.5780991080385256,-0.878479730367643,0.357,0.4985203973789896
pond,supermat,NTP,1000,platt_fit,83,0.6000510738741419,-0.5633615124363489,0.43,0.4985203973789896
pond,supermat,NTP,1000,platt_fit,84,0.7962689288096303,-1.100715559510112,0.384,0.4985203973789896
pond,supermat,NTP,1000,platt_fit,85,0.582884421049946,-0.7758494096572082,0.366,0.4985203973789896
pond,supermat,NTP,1000,platt_fit,86,0.5319642941818815,-1.0734675368382012,0.306,0.4985203973789896
pond,supermat,NTP,1000,platt_fit,87,0.6787673682818572,-0.7524091051545903,0.425,0.4985203973789896
pond,supermat,NTP,1000,platt_fit,88,0.6164405969153283,-0.730075654451031,0.402,0.4985203973789896
pond,supermat,NTP,1000,platt_fit,89,0.5709398260506623,-0.5056020055509648,0.429,0.4985203973789896
pond,supermat,NTP,1000,platt_fit,90,0.6033706235523683,-1.1083491303295532,0.308,0.4985203973789896
pond,supermat,NTP,1000,platt_fit,91,0.7235603332446033,-0.8595945411029445,0.405,0.4985203973789896
pond,supermat,NTP,1000,platt_fit,92,0.8576100858405192,-0.7452662742419054,0.453,0.4985203973789896
pond,supermat,NTP,1000,platt_fit,93,0.6279374596233381,-1.0873562909596295,0.313,0.4985203973789896
pond,supermat,NTP,1000,platt_fit,94,0.6585306872574103,-1.2241852777542601,0.284,0.4985203973789896
pond,supermat,NTP,1000,platt_fit,95,0.6876279463289758,-1.5676329911305484,0.237,0.4985203973789896
pond,supermat,NTP,1000,platt_fit,96,0.5391147824658636,-0.7289198010092806,0.375,0.4985203973789896
pond,supermat,NTP,1000,platt_fit,97,0.6731194401106313,-1.1026282023849774,0.314,0.4985203973789896
pond,supermat,NTP,1000,platt_fit,98,0.4989803078388365,-1.321649258429484,0.231,0.4985203973789896
pond,supermat,NTP,1000,platt_fit,99,0.6086514122841405,-0.35774939692901087,0.51,0.4985203973789896
nfix,pond,Probe,10,platt_fit,0,0.19569478001939886,-0.46562391030494843,0.4,0.4962228517469311
nfix,pond,Probe,10,platt_fit,1,0.29299918172604844,-0.19156509828065557,0.4,0.4962228517469311
nfix,pond,Probe,10,platt_fit,2,0.6434450052106954,-0.015570675246393722,0.5,0.4962228517469311
nfix,pond,Probe,10,platt_fit,3,0.5675981146630756,-0.18974690414624967,0.4,0.4962228517469311
nfix,pond,Probe,10,platt_fit,4,0.6548141150609753,0.5870722255749512,0.6,0.4962228517469311
nfix,pond,Probe,10,platt_fit,5,0.7420747107893482,-0.7631846544688585,0.3,0.4962228517469311
nfix,pond,Probe,10,platt_fit,6,11.655629066268316,36.320497013279365,0.8,0.4962228517469311
nfix,pond,Probe,10,platt_fit,7,0.2527423314672497,-0.6240108621962546,0.3,0.4962228517469311
nfix,pond,Probe,10,platt_fit,8,1.355493394376515,0.25063958542084014,0.4,0.4962228517469311
nfix,pond,Probe,10,platt_fit,9,-0.08897376903592205,0.06153921609640589,0.5,0.4962228517469311
nfix,pond,Probe,10,platt_fit,10,0.029910884822614295,-0.8459892167544087,0.3,0.4962228517469311
nfix,pond,Probe,10,platt_fit,11,0.6562354113345926,-0.8169899097616053,0.3,0.4962228517469311
nfix,pond,Probe,10,platt_fit,12,50.89744091206333,-37.198804015347854,0.2,0.4962228517469311
nfix,pond,Probe,10,platt_fit,13,0.347946703100152,-0.7198396088809935,0.4,0.4962228517469311
nfix,pond,Probe,10,platt_fit,14,3.486518566985749,-5.936160635342479,0.3,0.4962228517469311
nfix,pond,Probe,10,platt_fit,15,0.5230401130644634,-0.31185352103489034,0.3,0.4962228517469311
nfix,pond,Probe,10,platt_fit,16,0.395398954715244,-0.3771823020591317,0.4,0.4962228517469311
nfix,pond,Probe,10,platt_fit,18,0.49753591290003024,-1.207060332918069,0.2,0.4962228517469311
nfix,pond,Probe,10,platt_fit,19,2.745789009302606,-2.9377939092207757,0.4,0.4962228517469311
nfix,pond,Probe,10,platt_fit,20,0.5239891955877107,-0.4845606048495494,0.2,0.4962228517469311
nfix,pond,Probe,10,platt_fit,21,0.5047163996608386,0.6763014735519309,0.5,0.4962228517469311
nfix,pond,Probe,10,platt_fit,22,0.5883802105262373,0.5753802303836243,0.7,0.4962228517469311
nfix,pond,Probe,10,platt_fit,23,0.40995511439675636,-0.3639302347444903,0.5,0.4962228517469311
nfix,pond,Probe,10,platt_fit,24,-0.30758460958837097,-0.7225652099419066,0.3,0.4962228517469311
nfix,pond,Probe,10,platt_fit,25,0.7713543354698074,-0.3936564296755134,0.3,0.4962228517469311
nfix,pond,Probe,10,platt_fit,26,1.4447435778991429,-0.10713269482379266,0.4,0.4962228517469311
nfix,pond,Probe,10,platt_fit,27,3.7739836766573602,-7.388313780325061,0.1,0.4962228517469311
nfix,pond,Probe,10,platt_fit,28,0.35650676418645894,-0.13832001294756716,0.5,0.4962228517469311
nfix,pond,Probe,10,platt_fit,29,1.5573490658210896,-0.7964464407164754,0.2,0.4962228517469311
nfix,pond,Probe,10,platt_fit,30,0.3069157396229852,-0.6283105095562184,0.3,0.4962228517469311
nfix,pond,Probe,10,platt_fit,31,1.6554917010891048,-0.09668951497093106,0.4,0.4962228517469311
nfix,pond,Probe,10,platt_fit,32,1.2516881414871646,-0.3096352827280077,0.3,0.4962228517469311
nfix,pond,Probe,10,platt_fit,33,0.5598271957170105,-0.19242870561892872,0.4,0.4962228517469311
nfix,pond,Probe,10,platt_fit,34,0.2113128049215847,0.9725263277054943,0.7,0.4962228517469311
nfix,pond,Probe,10,platt_fit,35,0.9342530375491329,-1.291474175988035,0.4,0.4962228517469311
nfix,pond,Probe,10,platt_fit,36,0.5735409348297443,-0.6758781865092274,0.4,0.4962228517469311
nfix,pond,Probe,10,platt_fit,37,7.0998510834225135,-4.335003899733848,0.2,0.4962228517469311
nfix,pond,Probe,10,platt_fit,38,0.3980140552929143,-0.6086611090641971,0.3,0.4962228517469311
nfix,pond,Probe,10,platt_fit,39,15.829058284423816,-1.7579602489999002,0.2,0.4962228517469311
nfix,pond,Probe,10,platt_fit,40,0.9769134460177344,-0.47816255707458216,0.4,0.4962228517469311
nfix,pond,Probe,10,platt_fit,41,1.4673504304391989,0.02234980771487255,0.5,0.4962228517469311
nfix,pond,Probe,10,platt_fit,42,-0.23741126143374713,0.864508549830434,0.7,0.4962228517469311
nfix,pond,Probe,10,platt_fit,43,-0.1719092695980219,-0.06251685233526054,0.5,0.4962228517469311
nfix,pond,Probe,10,platt_fit,44,0.35549729082207226,-1.3357960384920988,0.2,0.4962228517469311
nfix,pond,Probe,10,platt_fit,45,0.31955761394026205,1.1697667103950071,0.8,0.4962228517469311
nfix,pond,Probe,10,platt_fit,46,0.019874157784301957,-1.4008682655647586,0.2,0.4962228517469311
nfix,pond,Probe,10,platt_fit,47,1.1893484540978878,-0.3017826183133541,0.4,0.4962228517469311
nfix,pond,Probe,10,platt_fit,48,0.941829606041418,0.5910312258718783,0.5,0.4962228517469311
nfix,pond,Probe,10,platt_fit,49,0.15813757406376372,-0.3120652051530997,0.4,0.4962228517469311
nfix,pond,Probe,10,platt_fit,50,0.3566159200062017,-0.2843509932784122,0.4,0.4962228517469311
nfix,pond,Probe,10,platt_fit,51,0.21831710089818893,-0.3658860721694577,0.4,0.4962228517469311
nfix,pond,Probe,10,platt_fit,52,0.43793267886027426,0.039978289143818235,0.6,0.4962228517469311
nfix,pond,Probe,10,platt_fit,53,1.816554920777225,-2.0180085444842044,0.5,0.4962228517469311
nfix,pond,Probe,10,platt_fit,54,0.15845033839526995,0.901194474289566,0.7,0.4962228517469311
nfix,pond,Probe,10,platt_fit,55,0.4135711589632088,-0.7004175404288676,0.3,0.4962228517469311
nfix,pond,Probe,10,platt_fit,56,0.8448348422969054,-0.6600758543425124,0.3,0.4962228517469311
nfix,pond,Probe,10,platt_fit,57,0.023446555680768692,-0.4103227796356259,0.4,0.4962228517469311
nfix,pond,Probe,10,platt_fit,58,0.3895683130601828,-0.07996727488510832,0.4,0.4962228517469311
nfix,pond,Probe,10,platt_fit,59,0.3680339933025169,-0.8178581245750015,0.3,0.4962228517469311
nfix,pond,Probe,10,platt_fit,60,1.0931619833889143,-0.4012880444775199,0.4,0.4962228517469311
nfix,pond,Probe,10,platt_fit,61,0.2709344756444304,-0.7587647859727316,0.3,0.4962228517469311
nfix,pond,Probe,10,platt_fit,62,0.6909989372484693,-0.30679986230851397,0.3,0.4962228517469311
nfix,pond,Probe,10,platt_fit,63,1.6701918214419458,-1.7360823880013945,0.3,0.4962228517469311
nfix,pond,Probe,10,platt_fit,64,0.4202527334481017,0.6953248441480364,0.6,0.4962228517469311
nfix,pond,Probe,10,platt_fit,65,0.4036230221212406,0.33599461705766054,0.6,0.4962228517469311
nfix,pond,Probe,10,platt_fit,66,1.461974137134576,2.1028550767556466,0.5,0.4962228517469311
nfix,pond,Probe,10,platt_fit,67,0.916125538165718,-0.11851384728713116,0.4,0.4962228517469311
nfix,pond,Probe,10,platt_fit,68,1.8903141521447653,2.0154998282852428,0.6,0.4962228517469311
nfix,pond,Probe,10,platt_fit,69,1.2973911158369889,0.8934165814762207,0.6,0.4962228517469311
nfix,pond,Probe,10,platt_fit,70,-0.46416915985357265,-0.5421579098144026,0.4,0.4962228517469311
nfix,pond,Probe,10,platt_fit,71,0.5838611898031304,-0.31065805373849315,0.3,0.4962228517469311
nfix,pond,Probe,10,platt_fit,72,1.596836066668385,2.122979498966041,0.7,0.4962228517469311
nfix,pond,Probe,10,platt_fit,73,0.7316377716060738,-0.647186721307217,0.3,0.4962228517469311
nfix,pond,Probe,10,platt_fit,74,22.961628835033316,-12.928350363598353,0.5,0.4962228517469311
nfix,pond,Probe,10,platt_fit,75,-0.24478974773949022,1.1522134005671063,0.7,0.4962228517469311
nfix,pond,Probe,10,platt_fit,76,0.40524847563660255,-0.39964338971201485,0.4,0.4962228517469311
nfix,pond,Probe,10,platt_fit,77,-0.8957315785243086,0.7470793413266426,0.5,0.4962228517469311
nfix,pond,Probe,10,platt_fit,78,-0.7684799733234746,1.7131058695147787,0.7,0.4962228517469311
nfix,pond,Probe,10,platt_fit,79,0.7444277512971829,-1.0345133274002716,0.2,0.4962228517469311
nfix,pond,Probe,10,platt_fit,80,134.14151627202392,94.7959549225821,0.6,0.4962228517469311
nfix,pond,Probe,10,platt_fit,81,0.10669230293197876,0.8048863886133858,0.7,0.4962228517469311
nfix,pond,Probe,10,platt_fit,82,1.5827734107849327,-2.012898915621032,0.3,0.4962228517469311
nfix,pond,Probe,10,platt_fit,83,0.2827441444490686,-0.6629010566868001,0.3,0.4962228517469311
nfix,pond,Probe,10,platt_fit,84,0.24029935132977054,-0.973471867050589,0.3,0.4962228517469311
nfix,pond,Probe,10,platt_fit,85,0.5761363301372339,0.8452363923342411,0.6,0.4962228517469311
nfix,pond,Probe,10,platt_fit,86,-0.26114830706001485,0.029645161042382913,0.5,0.4962228517469311
nfix,pond,Probe,10,platt_fit,87,1.4748118252394546,-0.014251626219989117,0.5,0.4962228517469311
nfix,pond,Probe,10,platt_fit,88,-0.10888112699479026,-2.334510199666708,0.1,0.4962228517469311
nfix,pond,Probe,10,platt_fit,89,0.6262684965931383,-0.5015422525504316,0.3,0.4962228517469311
nfix,pond,Probe,10,platt_fit,90,1.858542453581887,-3.0493910644068336,0.3,0.4962228517469311
nfix,pond,Probe,10,platt_fit,91,0.8573445289703309,-0.4741867130469343,0.2,0.4962228517469311
nfix,pond,Probe,10,platt_fit,92,1.5491166247318533,1.484187773836581,0.4,0.4962228517469311
nfix,pond,Probe,10,platt_fit,93,-0.07276978500818632,0.040152537760066796,0.5,0.4962228517469311
nfix,pond,Probe,10,platt_fit,94,0.9194248786355227,-0.7884821409689445,0.4,0.4962228517469311
nfix,pond,Probe,10,platt_fit,95,-0.25932713698111454,0.4736307543368312,0.6,0.4962228517469311
nfix,pond,Probe,10,platt_fit,96,1.8585687086263118,0.6354009388751645,0.4,0.4962228517469311
nfix,pond,Probe,10,platt_fit,97,0.7557170800088193,-0.3936191657294609,0.3,0.4962228517469311
nfix,pond,Probe,10,platt_fit,98,0.12840600781190137,-0.3579885450400645,0.4,0.4962228517469311
nfix,pond,Probe,10,platt_fit,99,1.6552046555669129,-1.812675552234882,0.3,0.4962228517469311
nfix,pond,Probe,10,platt_fit,100,7.373309924159702,11.249343766113492,0.6,0.4962228517469311
nfix,pond,NTP,10,platt_fit,0,0.5261020827109184,-0.6067666594069955,0.4,0.4962228517469311
nfix,pond,NTP,10,platt_fit,1,2.184186462910724,-0.8158161984223703,0.4,0.4962228517469311
nfix,pond,NTP,10,platt_fit,2,133.32658150836656,28.155352111638184,0.5,0.4962228517469311
nfix,pond,NTP,10,platt_fit,3,2.1136385790004795,-1.539080942633762,0.4,0.4962228517469311
nfix,pond,NTP,10,platt_fit,4,2.8388946086918434,0.3046631166944338,0.6,0.4962228517469311
nfix,pond,NTP,10,platt_fit,5,9.661471258853783,-8.951207680479426,0.3,0.4962228517469311
nfix,pond,NTP,10,platt_fit,6,15.594668228649926,3.3878418682470155,0.8,0.4962228517469311
nfix,pond,NTP,10,platt_fit,7,-3.601846757372888,-1.4747947615834236,0.3,0.4962228517469311
nfix,pond,NTP,10,platt_fit,8,1.2196947482997689,-1.3216947879209182,0.4,0.4962228517469311
nfix,pond,NTP,10,platt_fit,9,0.2956801345649442,-0.10038968882862927,0.5,0.4962228517469311
nfix,pond,NTP,10,platt_fit,10,-5.095673194448941,-1.6184430398509955,0.3,0.4962228517469311
nfix,pond,NTP,10,platt_fit,11,0.4295564227343443,-0.936342719351656,0.3,0.4962228517469311
nfix,pond,NTP,10,platt_fit,12,1.8943513018746183,-2.7544995391092573,0.2,0.4962228517469311
nfix,pond,NTP,10,platt_fit,13,1.2306500789666628,-0.9519547766251557,0.4,0.4962228517469311
nfix,pond,NTP,10,platt_fit,14,22.111381367157136,-15.12118231062291,0.3,0.4962228517469311
nfix,pond,NTP,10,platt_fit,15,4.718929825758998,-0.9582033759737233,0.3,0.4962228517469311
nfix,pond,NTP,10,platt_fit,16,19.553921232750746,3.206629597165441,0.4,0.4962228517469311
nfix,pond,NTP,10,platt_fit,18,1.1366005912268837,-1.8698466566057106,0.2,0.4962228517469311
nfix,pond,NTP,10,platt_fit,19,8.734944513039318,-6.958299184197786,0.4,0.4962228517469311
nfix,pond,NTP,10,platt_fit,20,31655.55631413318,6844.235622846556,0.2,0.4962228517469311
nfix,pond,NTP,10,platt_fit,21,1.192352807887272,-0.6279525930306996,0.5,0.4962228517469311
nfix,pond,NTP,10,platt_fit,22,287.8698806051101,55.71954788347328,0.7,0.4962228517469311
nfix,pond,NTP,10,platt_fit,23,0.4480899253238304,-0.22918327258189083,0.5,0.4962228517469311
nfix,pond,NTP,10,platt_fit,24,0.11392447974113538,-0.906824921640883,0.3,0.4962228517469311
nfix,pond,NTP,10,platt_fit,25,8.769975920162269,-0.45785274475861915,0.3,0.4962228517469311
nfix,pond,NTP,10,platt_fit,26,90.42303412118162,17.850394583802384,0.4,0.4962228517469311
nfix,pond,NTP,10,platt_fit,27,-0.5104704777650824,-2.073241976022545,0.1,0.4962228517469311
nfix,pond,NTP,10,platt_fit,28,1.6380192027056266,-0.3883800604160369,0.5,0.4962228517469311
nfix,pond,NTP,10,platt_fit,29,1.4546792793974608,-1.8906021118052223,0.2,0.4962228517469311
nfix,pond,NTP,10,platt_fit,30,2.1229459800261474,-1.8434335732111986,0.3,0.4962228517469311
nfix,pond,NTP,10,platt_fit,31,3.3606864681138884,-1.2508636658587307,0.4,0.4962228517469311
nfix,pond,NTP,10,platt_fit,32,-0.5314669279571297,-0.7653668465815375,0.3,0.4962228517469311
nfix,pond,NTP,10,platt_fit,33,-11.144636541839555,-2.16450422063377,0.4,0.4962228517469311
nfix,pond,NTP,10,platt_fit,34,-0.051918413412911674,0.87522175153748,0.7,0.4962228517469311
nfix,pond,NTP,10,platt_fit,35,0.8470546283069025,-1.2463912134668236,0.4,0.4962228517469311
nfix,pond,NTP,10,platt_fit,36,0.8125139379715698,-0.81538374803558,0.4,0.4962228517469311
nfix,pond,NTP,10,platt_fit,37,-189.3647790004667,-42.07130233397162,0.2,0.4962228517469311
nfix,pond,NTP,10,platt_fit,38,0.1518444746431934,-0.915361346247228,0.3,0.4962228517469311
nfix,pond,NTP,10,platt_fit,39,8.298297485015265,-7.429444254863784,0.2,0.4962228517469311
nfix,pond,NTP,10,platt_fit,40,2.5730525539706055,-1.438903729014668,0.4,0.4962228517469311
nfix,pond,NTP,10,platt_fit,41,34.58060873377714,-1.2674561079010558,0.5,0.4962228517469311
nfix,pond,NTP,10,platt_fit,42,0.7702049888528382,0.41693425368521714,0.7,0.4962228517469311
nfix,pond,NTP,10,platt_fit,43,0.3898023546928144,-0.1787545652765108,0.5,0.4962228517469311
nfix,pond,NTP,10,platt_fit,44,-1.6550289592421672,-1.280536039952077,0.2,0.4962228517469311
nfix,pond,NTP,10,platt_fit,45,50.703883617766834,10.94077155756422,0.8,0.4962228517469311
nfix,pond,NTP,10,platt_fit,46,0.2009599170300737,-1.5371402596635435,0.2,0.4962228517469311
nfix,pond,NTP,10,platt_fit,47,0.7765980370172267,-0.8404589983583425,0.4,0.4962228517469311
nfix,pond,NTP,10,platt_fit,48,1840.5186121638028,398.18507440042526,0.5,0.4962228517469311
nfix,pond,NTP,10,platt_fit,49,0.10278430763568656,-0.4647296488913783,0.4,0.4962228517469311
nfix,pond,NTP,10,platt_fit,50,1.265497617177528,-1.3853552018026045,0.4,0.4962228517469311
nfix,pond,NTP,10,platt_fit,51,-0.26552245041351547,-0.2563790420362504,0.4,0.4962228517469311
nfix,pond,NTP,10,platt_fit,52,0.6018745562971851,0.008817202053740357,0.6,0.4962228517469311
nfix,pond,NTP,10,platt_fit,53,0.8017895047080558,-0.8350366963095672,0.5,0.4962228517469311
nfix,pond,NTP,10,platt_fit,54,1.4844193478441599,0.5412636540994438,0.7,0.4962228517469311
nfix,pond,NTP,10,platt_fit,55,4.944675629614773,-0.7286471363660073,0.3,0.4962228517469311
nfix,pond,NTP,10,platt_fit,56,0.25317296884580426,-0.9512058591141472,0.3,0.4962228517469311
nfix,pond,NTP,10,platt_fit,57,0.22231518260669753,-0.46416876841330545,0.4,0.4962228517469311
nfix,pond,NTP,10,platt_fit,58,1317.2616697034446,284.3244101476145,0.4,0.4962228517469311
nfix,pond,NTP,10,platt_fit,59,0.8352554902521007,-1.1760006251874167,0.3,0.4962228517469311
nfix,pond,NTP,10,platt_fit,60,1.7056944788195672,-0.9296530530307697,0.4,0.4962228517469311
nfix,pond,NTP,10,platt_fit,61,0.9513511526089626,-1.0361263258810713,0.3,0.4962228517469311
nfix,pond,NTP,10,platt_fit,62,10.735693048052404,0.2506928340444402,0.3,0.4962228517469311
nfix,pond,NTP,10,platt_fit,63,0.47607443256260296,-0.9788352128642746,0.3,0.4962228517469311
nfix,pond,NTP,10,platt_fit,64,1.2838036849992336,-0.13170349060583436,0.6,0.4962228517469311
nfix,pond,NTP,10,platt_fit,65,0.5912455487965276,0.03005435854897921,0.6,0.4962228517469311
nfix,pond,NTP,10,platt_fit,66,304.48389877199554,65.22874289364472,0.5,0.4962228517469311
nfix,pond,NTP,10,platt_fit,67,0.6035264002001243,-0.506037662014433,0.4,0.4962228517469311
nfix,pond,NTP,10,platt_fit,68,97818.36759586867,21244.6686102662,0.6,0.4962228517469311
nfix,pond,NTP,10,platt_fit,69,197.22471417626943,41.99061960826117,0.6,0.4962228517469311
nfix,pond,NTP,10,platt_fit,70,-5.512893659994328,-0.909806908791469,0.4,0.4962228517469311
nfix,pond,NTP,10,platt_fit,71,0.06726917436957168,-0.8444701412830333,0.3,0.4962228517469311
nfix,pond,NTP,10,platt_fit,72,574.1176103153281,117.08757421187084,0.7,0.4962228517469311
nfix,pond,NTP,10,platt_fit,73,4.352987073962372,-1.0091791900344795,0.3,0.4962228517469311
nfix,pond,NTP,10,platt_fit,74,3.5701241529539494,-5.515727796986737,0.5,0.4962228517469311
nfix,pond,NTP,10,platt_fit,75,0.9690634196066438,-0.12351229396950458,0.7,0.4962228517469311
nfix,pond,NTP,10,platt_fit,76,0.3421843723865771,-0.6407660045344987,0.4,0.4962228517469311
nfix,pond,NTP,10,platt_fit,77,2.3426980039498964,-1.3567244302329324,0.5,0.4962228517469311
nfix,pond,NTP,10,platt_fit,78,10.84675107837236,1.9199341905112388,0.7,0.4962228517469311
nfix,pond,NTP,10,platt_fit,79,1.5677825778315129,-1.851787917525073,0.2,0.4962228517469311
nfix,pond,NTP,10,platt_fit,80,1.2332298730714408,-0.8067421095121632,0.6,0.4962228517469311
nfix,pond,NTP,10,platt_fit,81,0.2502318645439789,0.6104996922117263,0.7,0.4962228517469311
nfix,pond,NTP,10,platt_fit,82,3.3556545482292854,-5.415114528050871,0.3,0.4962228517469311
nfix,pond,NTP,10,platt_fit,83,0.8086066901701846,-1.204719345154403,0.3,0.4962228517469311
nfix,pond,NTP,10,platt_fit,84,1.4017583818456585,-1.041698662328606,0.3,0.4962228517469311
nfix,pond,NTP,10,platt_fit,85,36023.28873182713,7814.236778098661,0.6,0.4962228517469311
nfix,pond,NTP,10,platt_fit,86,0.7996262706540075,-0.2811439696002208,0.5,0.4962228517469311
nfix,pond,NTP,10,platt_fit,87,0.05857202048803557,-0.01451051306669944,0.5,0.4962228517469311
nfix,pond,NTP,10,platt_fit,88,0.3447032301549261,-2.218741004802901,0.1,0.4962228517469311
nfix,pond,NTP,10,platt_fit,89,1.7900651601942426,-1.7179085346337808,0.3,0.4962228517469311
nfix,pond,NTP,10,platt_fit,90,477.2196830751444,100.72644709646585,0.3,0.4962228517469311
nfix,pond,NTP,10,platt_fit,91,0.214830891269638,-1.4210043017868426,0.2,0.4962228517469311
nfix,pond,NTP,10,platt_fit,92,16.33602995839407,-5.6529361860270475,0.4,0.4962228517469311
nfix,pond,NTP,10,platt_fit,93,0.30410157707750407,-0.24535567918960755,0.5,0.4962228517469311
nfix,pond,NTP,10,platt_fit,94,7.239871913134047,-2.1698475124146084,0.4,0.4962228517469311
nfix,pond,NTP,10,platt_fit,95,-0.06412901402644854,0.4626638978550277,0.6,0.4962228517469311
nfix,pond,NTP,10,platt_fit,96,861.8429340334397,184.8452182183411,0.4,0.4962228517469311
nfix,pond,NTP,10,platt_fit,97,155.29805412823185,31.416440290405504,0.3,0.4962228517469311
nfix,pond,NTP,10,platt_fit,98,-14.128171146394672,-3.288822410947849,0.4,0.4962228517469311
nfix,pond,NTP,10,platt_fit,99,3.2727791575223897,-1.3358881225604593,0.3,0.4962228517469311
nfix,pond,NTP,10,platt_fit,100,11.573489083785974,-6.390440993583026,0.6,0.4962228517469311
nfix,pond,Probe,50,platt_fit,0,0.5461712837774204,-0.678215389765525,0.34,0.4962228517469311
nfix,pond,Probe,50,platt_fit,1,0.44258366704158836,-0.8047996314295072,0.26,0.4962228517469311
nfix,pond,Probe,50,platt_fit,2,-0.01890287541686488,0.0782496701518577,0.52,0.4962228517469311
nfix,pond,Probe,50,platt_fit,3,0.5916512815317216,0.21720985912197655,0.38,0.4962228517469311
nfix,pond,Probe,50,platt_fit,4,0.9406847909084531,0.430219885629745,0.48,0.4962228517469311
nfix,pond,Probe,50,platt_fit,5,0.6543189162637126,-0.42619825853382204,0.26,0.4962228517469311
nfix,pond,Probe,50,platt_fit,6,0.6255683784009971,-1.3476250050115792,0.26,0.4962228517469311
nfix,pond,Probe,50,platt_fit,7,0.35070098117775594,-0.03524455575829327,0.46,0.4962228517469311
nfix,pond,Probe,50,platt_fit,8,0.9491038948351147,-0.2278300036868165,0.32,0.4962228517469311
nfix,pond,Probe,50,platt_fit,9,0.40388185953665706,-0.5983415957313982,0.36,0.4962228517469311
nfix,pond,Probe,50,platt_fit,10,0.42849601752603134,-0.5900831638639431,0.38,0.4962228517469311
nfix,pond,Probe,50,platt_fit,11,1.1420760703471347,0.42339670133759166,0.46,0.4962228517469311
nfix,pond,Probe,50,platt_fit,12,0.4120622142381471,-0.4948680575139327,0.28,0.4962228517469311
nfix,pond,Probe,50,platt_fit,13,0.44260590431740354,-0.5708309373775066,0.4,0.4962228517469311
nfix,pond,Probe,50,platt_fit,14,0.691702134428441,-0.7581763211201803,0.32,0.4962228517469311
nfix,pond,Probe,50,platt_fit,15,0.7503771568710864,0.2863298366655727,0.46,0.4962228517469311
nfix,pond,Probe,50,platt_fit,16,0.36019485807419266,-0.507986750896471,0.38,0.4962228517469311
nfix,pond,Probe,50,platt_fit,17,0.5172356634024142,-1.2876820511060592,0.24,0.4962228517469311
nfix,pond,Probe,50,platt_fit,18,1.1734844109433478,-0.08669984264903115,0.3,0.4962228517469311
nfix,pond,Probe,50,platt_fit,19,0.3739910336113681,-0.35799337438588247,0.44,0.4962228517469311
nfix,pond,Probe,50,platt_fit,20,1.184996683003824,1.158350954641437,0.44,0.4962228517469311
nfix,pond,Probe,50,platt_fit,21,0.9582275886591071,-0.1398243818941083,0.32,0.4962228517469311
nfix,pond,Probe,50,platt_fit,22,0.19968044055583428,0.12464217231163206,0.54,0.4962228517469311
nfix,pond,Probe,50,platt_fit,23,0.6416325166523564,-0.45333675517596295,0.38,0.4962228517469311
nfix,pond,Probe,50,platt_fit,24,0.47602097899073864,-0.011561234503854547,0.5,0.4962228517469311
nfix,pond,Probe,50,platt_fit,25,0.8657468652207149,-0.310194663805706,0.34,0.4962228517469311
nfix,pond,Probe,50,platt_fit,26,0.41688115145139826,-0.6026637696508645,0.38,0.4962228517469311
nfix,pond,Probe,50,platt_fit,27,0.5494770664176578,-0.5469884325100972,0.36,0.4962228517469311
nfix,pond,Probe,50,platt_fit,28,0.35310658544870466,-0.14789142332703897,0.48,0.4962228517469311
nfix,pond,Probe,50,platt_fit,29,0.8822797213647383,0.07173936687613955,0.48,0.4962228517469311
nfix,pond,Probe,50,platt_fit,30,0.4187435215324908,0.16296781135862823,0.48,0.4962228517469311
nfix,pond,Probe,50,platt_fit,31,1.005055169135088,0.2987908324519857,0.36,0.4962228517469311
nfix,pond,Probe,50,platt_fit,32,2.0594285096701515,2.347807715556329,0.64,0.4962228517469311
nfix,pond,Probe,50,platt_fit,33,0.7602566329258742,-0.06439631317287606,0.42,0.4962228517469311
nfix,pond,Probe,50,platt_fit,34,0.5994726317769582,0.547038087203133,0.56,0.4962228517469311
nfix,pond,Probe,50,platt_fit,35,0.9140908454634803,-0.09604524766919681,0.48,0.4962228517469311
nfix,pond,Probe,50,platt_fit,36,0.1325268427996911,0.13026830702977993,0.54,0.4962228517469311
nfix,pond,Probe,50,platt_fit,37,0.9424836107192025,-0.36256806371413686,0.36,0.4962228517469311
nfix,pond,Probe,50,platt_fit,38,1.196179319722495,0.15279129930808774,0.5,0.4962228517469311
nfix,pond,Probe,50,platt_fit,39,0.669216750743351,-0.06567271011338878,0.38,0.4962228517469311
nfix,pond,Probe,50,platt_fit,40,0.2525344506288407,0.2832103961498213,0.6,0.4962228517469311
nfix,pond,Probe,50,platt_fit,41,0.7823436853772634,-0.09185123455301414,0.4,0.4962228517469311
nfix,pond,Probe,50,platt_fit,42,0.30224388647790357,-0.1849617017433091,0.44,0.4962228517469311
nfix,pond,Probe,50,platt_fit,43,0.46774544646839417,0.18759956940152658,0.52,0.4962228517469311
nfix,pond,Probe,50,platt_fit,44,1.3273353397181662,0.1919720186496267,0.38,0.4962228517469311
nfix,pond,Probe,50,platt_fit,45,0.19398935554827298,0.7485632321506215,0.7,0.4962228517469311
nfix,pond,Probe,50,platt_fit,46,0.5858140175234116,0.16551596748439906,0.52,0.4962228517469311
nfix,pond,Probe,50,platt_fit,47,0.6678477215157043,-0.46558289199715613,0.4,0.4962228517469311
nfix,pond,Probe,50,platt_fit,48,0.8977051409855479,-0.2886054044991107,0.4,0.4962228517469311
nfix,pond,Probe,50,platt_fit,49,0.8349776694247908,0.16354401435539906,0.38,0.4962228517469311
nfix,pond,Probe,50,platt_fit,50,0.5602765310213343,-0.12608003939436807,0.42,0.4962228517469311
nfix,pond,Probe,50,platt_fit,51,0.402014642970757,0.060508110315947425,0.5,0.4962228517469311
nfix,pond,Probe,50,platt_fit,52,0.39044190410833196,-0.21290715547838934,0.54,0.4962228517469311
nfix,pond,Probe,50,platt_fit,53,0.394396502654485,-0.269338301065037,0.36,0.4962228517469311
nfix,pond,Probe,50,platt_fit,54,0.5784318410961311,0.6166813620323635,0.6,0.4962228517469311
nfix,pond,Probe,50,platt_fit,55,0.5597787165130494,-0.4666892760453679,0.4,0.4962228517469311
nfix,pond,Probe,50,platt_fit,56,0.4705617913462175,-1.0459528395970894,0.28,0.4962228517469311
nfix,pond,Probe,50,platt_fit,57,0.5287704486864203,0.04035290232040376,0.52,0.4962228517469311
nfix,pond,Probe,50,platt_fit,58,0.908756635001053,0.1893683007066853,0.44,0.4962228517469311
nfix,pond,Probe,50,platt_fit,59,0.5449069881023283,-0.11392107853000549,0.4,0.4962228517469311
nfix,pond,Probe,50,platt_fit,60,0.7057395434776171,-0.31336673550154825,0.44,0.4962228517469311
nfix,pond,Probe,50,platt_fit,61,0.62633140515817,-0.13689492814705026,0.44,0.4962228517469311
nfix,pond,Probe,50,platt_fit,62,0.5793807137554293,-0.48706378454591304,0.34,0.4962228517469311
nfix,pond,Probe,50,platt_fit,63,0.018701643882717257,-0.010916688346119068,0.5,0.4962228517469311
nfix,pond,Probe,50,platt_fit,64,0.16965491255542006,-0.2779902926856269,0.42,0.4962228517469311
nfix,pond,Probe,50,platt_fit,65,1.236305796454996,0.8203027621618716,0.42,0.4962228517469311
nfix,pond,Probe,50,platt_fit,66,0.9464687545181069,-0.11530291976446606,0.4,0.4962228517469311
nfix,pond,Probe,50,platt_fit,67,0.7896491862749847,0.16591378918115798,0.5,0.4962228517469311
nfix,pond,Probe,50,platt_fit,68,0.5095986968711408,-0.27607108566934385,0.4,0.4962228517469311
nfix,pond,Probe,50,platt_fit,69,1.1156085036913812,0.48929691079317833,0.52,0.4962228517469311
nfix,pond,Probe,50,platt_fit,70,0.6134511296905055,-0.08489925081814198,0.44,0.4962228517469311
nfix,pond,Probe,50,platt_fit,71,1.313771909688498,-0.28411744022260493,0.44,0.4962228517469311
nfix,pond,Probe,50,platt_fit,72,0.6080402536055529,0.5069526972209988,0.6,0.4962228517469311
nfix,pond,Probe,50,platt_fit,73,1.0008495713143817,-1.0778690259367665,0.34,0.4962228517469311
nfix,pond,Probe,50,platt_fit,74,1.1075857818793762,0.46208797370582555,0.48,0.4962228517469311
nfix,pond,Probe,50,platt_fit,75,-0.07743642551227309,0.37108901672107864,0.58,0.4962228517469311
nfix,pond,Probe,50,platt_fit,76,1.2039632320842157,0.2151487075545119,0.3,0.4962228517469311
nfix,pond,Probe,50,platt_fit,77,0.1631820727913293,-0.6647114094199452,0.38,0.4962228517469311
nfix,pond,Probe,50,platt_fit,78,0.6109823021983266,0.12740841440483092,0.58,0.4962228517469311
nfix,pond,Probe,50,platt_fit,79,0.8152025390707179,0.15240564620941172,0.36,0.4962228517469311
nfix,pond,Probe,50,platt_fit,80,0.5515653642067667,0.2599302608579732,0.52,0.4962228517469311
nfix,pond,Probe,50,platt_fit,81,-0.1906305537045503,0.5117750064121875,0.62,0.4962228517469311
nfix,pond,Probe,50,platt_fit,82,0.599545742657576,-0.2571091237179833,0.4,0.4962228517469311
nfix,pond,Probe,50,platt_fit,83,0.6393010240602456,0.19684271375269782,0.44,0.4962228517469311
nfix,pond,Probe,50,platt_fit,84,0.5228936493844653,-0.018743475374787315,0.48,0.4962228517469311
nfix,pond,Probe,50,platt_fit,85,0.029052365131163885,0.8636376796379955,0.7,0.4962228517469311
nfix,pond,Probe,50,platt_fit,86,0.5426323772479451,-0.49585112653713936,0.48,0.4962228517469311
nfix,pond,Probe,50,platt_fit,87,0.46308528689370543,-0.1260212412752013,0.54,0.4962228517469311
nfix,pond,Probe,50,platt_fit,88,0.74862332577813,-0.08358722306142773,0.4,0.4962228517469311
nfix,pond,Probe,50,platt_fit,89,1.5546799676744154,0.2999626217686891,0.44,0.4962228517469311
nfix,pond,Probe,50,platt_fit,90,0.428627883855942,-1.0356391851978337,0.3,0.4962228517469311
nfix,pond,Probe,50,platt_fit,91,0.7085824835012327,0.3636748385765125,0.48,0.4962228517469311
nfix,pond,Probe,50,platt_fit,92,1.4548877626374113,0.6353173182036976,0.32,0.4962228517469311
nfix,pond,Probe,50,platt_fit,93,0.44092262250573305,-0.45861913829250234,0.38,0.4962228517469311
nfix,pond,Probe,50,platt_fit,94,0.5254977124378953,-0.2348100276812368,0.48,0.4962228517469311
nfix,pond,Probe,50,platt_fit,95,0.441615113555712,0.44217662800623886,0.58,0.4962228517469311
nfix,pond,Probe,50,platt_fit,96,0.5386060946929259,0.38161573727884424,0.54,0.4962228517469311
nfix,pond,Probe,50,platt_fit,97,1.3620846180543686,0.7016513487756503,0.52,0.4962228517469311
nfix,pond,Probe,50,platt_fit,98,0.22558796502542322,-0.14045608407380641,0.48,0.4962228517469311
nfix,pond,Probe,50,platt_fit,99,0.40664865174905757,-0.20559679952927326,0.48,0.4962228517469311
nfix,pond,NTP,50,platt_fit,0,1.2768049829442145,-1.14727455779453,0.34,0.4962228517469311
nfix,pond,NTP,50,platt_fit,1,0.9003946610599665,-1.2161412424189924,0.26,0.4962228517469311
nfix,pond,NTP,50,platt_fit,2,0.24572409443478968,-0.025136761675848926,0.52,0.4962228517469311
nfix,pond,NTP,50,platt_fit,3,0.8570436658984723,-0.8591236849604944,0.38,0.4962228517469311
nfix,pond,NTP,50,platt_fit,4,1.3925868392531584,-0.3114949270212533,0.48,0.4962228517469311
nfix,pond,NTP,50,platt_fit,5,1.1424150241616111,-1.4288893668531697,0.26,0.4962228517469311
nfix,pond,NTP,50,platt_fit,6,1.0952070448614013,-1.7277911473239722,0.26,0.4962228517469311
nfix,pond,NTP,50,platt_fit,7,0.5640256495373563,-0.4394363699159946,0.46,0.4962228517469311
nfix,pond,NTP,50,platt_fit,8,1.8459231339857016,-1.763331383369637,0.32,0.4962228517469311
nfix,pond,NTP,50,platt_fit,9,0.9100866762414247,-1.0386089493074175,0.36,0.4962228517469311
nfix,pond,NTP,50,platt_fit,10,1.0321971974010957,-0.8424735912492134,0.38,0.4962228517469311
nfix,pond,NTP,50,platt_fit,11,1.6809021051749102,-0.383237560950389,0.46,0.4962228517469311
nfix,pond,NTP,50,platt_fit,12,0.8079477638564638,-1.0269993518531206,0.28,0.4962228517469311
nfix,pond,NTP,50,platt_fit,13,1.0805120765291492,-0.8867644693112677,0.4,0.4962228517469311
nfix,pond,NTP,50,platt_fit,14,1.417165250610452,-1.2384704105188078,0.32,0.4962228517469311
nfix,pond,NTP,50,platt_fit,15,1.0326948787224357,-0.4703944420503729,0.46,0.4962228517469311
nfix,pond,NTP,50,platt_fit,16,1.5561518220926502,-1.1203101651897982,0.38,0.4962228517469311
nfix,pond,NTP,50,platt_fit,17,0.9675260578170191,-1.5498402600326855,0.24,0.4962228517469311
nfix,pond,NTP,50,platt_fit,18,1.538338057619334,-1.0909733734635623,0.3,0.4962228517469311
nfix,pond,NTP,50,platt_fit,19,1.4877168509062737,-0.8989236157475282,0.44,0.4962228517469311
nfix,pond,NTP,50,platt_fit,20,1.8540877724443603,-0.9598470174812108,0.44,0.4962228517469311
nfix,pond,NTP,50,platt_fit,21,1.6498256251703254,-1.3651635435698373,0.32,0.4962228517469311
nfix,pond,NTP,50,platt_fit,22,1.5204746197483074,-0.10475841574952802,0.54,0.4962228517469311
nfix,pond,NTP,50,platt_fit,23,1.021723202939856,-1.066227761925062,0.38,0.4962228517469311
nfix,pond,NTP,50,platt_fit,24,0.6298250153167221,-0.24094459872116084,0.5,0.4962228517469311
nfix,pond,NTP,50,platt_fit,25,1.3817052777900853,-1.1291460045238986,0.34,0.4962228517469311
nfix,pond,NTP,50,platt_fit,26,1.159497401769269,-0.9872465379404116,0.38,0.4962228517469311
nfix,pond,NTP,50,platt_fit,27,1.5794386398816296,-1.2438978248628634,0.36,0.4962228517469311
nfix,pond,NTP,50,platt_fit,28,1.6248996953986048,-0.5408301703454197,0.48,0.4962228517469311
nfix,pond,NTP,50,platt_fit,29,1.9050650273965553,-0.641387715022659,0.48,0.4962228517469311
nfix,pond,NTP,50,platt_fit,30,0.9424061820312296,-0.3603908755156814,0.48,0.4962228517469311
nfix,pond,NTP,50,platt_fit,31,1.4558915821150178,-0.9319399522541694,0.36,0.4962228517469311
nfix,pond,NTP,50,platt_fit,32,5.158437793951973,1.21365506340009,0.64,0.4962228517469311
nfix,pond,NTP,50,platt_fit,33,1.535388645576212,-0.7031021057677997,0.42,0.4962228517469311
nfix,pond,NTP,50,platt_fit,34,1.0217549470580467,-0.1540951029953447,0.56,0.4962228517469311
nfix,pond,NTP,50,platt_fit,35,1.3920968099920559,-0.6613048071584515,0.48,0.4962228517469311
nfix,pond,NTP,50,platt_fit,36,0.9011502037082423,-0.16516314952175987,0.54,0.4962228517469311
nfix,pond,NTP,50,platt_fit,37,1.7410704731873203,-1.0266399004373794,0.36,0.4962228517469311
nfix,pond,NTP,50,platt_fit,38,1.6891468688966669,-0.8115926971054093,0.5,0.4962228517469311
nfix,pond,NTP,50,platt_fit,39,1.597851747550347,-1.2119896320578922,0.38,0.4962228517469311
nfix,pond,NTP,50,platt_fit,40,1.763259209426871,-0.15324278288224064,0.6,0.4962228517469311
nfix,pond,NTP,50,platt_fit,41,2.698927295471078,-0.5003158082586994,0.4,0.4962228517469311
nfix,pond,NTP,50,platt_fit,42,1.6445820518276937,-0.9379809706317263,0.44,0.4962228517469311
nfix,pond,NTP,50,platt_fit,43,1.0531998181579527,-0.10365144418227185,0.52,0.4962228517469311
nfix,pond,NTP,50,platt_fit,44,1.5118439988921106,-1.023092037345144,0.38,0.4962228517469311
nfix,pond,NTP,50,platt_fit,45,0.7216420489139826,0.47110373132629213,0.7,0.4962228517469311
nfix,pond,NTP,50,platt_fit,46,0.8951525647789625,-0.41666493574878183,0.52,0.4962228517469311
nfix,pond,NTP,50,platt_fit,47,1.2115602204256746,-0.9919965099509677,0.4,0.4962228517469311
nfix,pond,NTP,50,platt_fit,48,1.4310664598671057,-0.9611965136130678,0.4,0.4962228517469311
nfix,pond,NTP,50,platt_fit,49,1.1409340498682492,-0.6969597643714345,0.38,0.4962228517469311
nfix,pond,NTP,50,platt_fit,50,1.022555055706145,-0.9309799036411075,0.42,0.4962228517469311
nfix,pond,NTP,50,platt_fit,51,0.886307313015163,-0.17467756204025953,0.5,0.4962228517469311
nfix,pond,NTP,50,platt_fit,52,0.9783726371269608,-0.3967216267295027,0.54,0.4962228517469311
nfix,pond,NTP,50,platt_fit,53,1.0677101076321687,-0.9256769321402961,0.36,0.4962228517469311
nfix,pond,NTP,50,platt_fit,54,0.9731817482520498,-0.23431572297694778,0.6,0.4962228517469311
nfix,pond,NTP,50,platt_fit,55,1.4518680860070707,-1.1170160781567644,0.4,0.4962228517469311
nfix,pond,NTP,50,platt_fit,56,0.8458615065656617,-1.2595692686124964,0.28,0.4962228517469311
nfix,pond,NTP,50,platt_fit,57,0.9921594060384339,-0.46563955136253854,0.52,0.4962228517469311
nfix,pond,NTP,50,platt_fit,58,1.7956722476312295,-0.4320048964501438,0.44,0.4962228517469311
nfix,pond,NTP,50,platt_fit,59,0.9827026163576125,-0.8885633009462005,0.4,0.4962228517469311
nfix,pond,NTP,50,platt_fit,60,1.1461421170433446,-0.8021154363482763,0.44,0.4962228517469311
nfix,pond,NTP,50,platt_fit,61,0.519210697594865,-0.43113209506033773,0.44,0.4962228517469311
nfix,pond,NTP,50,platt_fit,62,1.1589377695804002,-1.2038705705727066,0.34,0.4962228517469311
nfix,pond,NTP,50,platt_fit,63,1.320326491437208,-0.3846186912680439,0.5,0.4962228517469311
nfix,pond,NTP,50,platt_fit,64,0.7611706618812718,-0.6769579643536906,0.42,0.4962228517469311
nfix,pond,NTP,50,platt_fit,65,1.5021653442774576,-0.5186000812271983,0.42,0.4962228517469311
nfix,pond,NTP,50,platt_fit,66,1.3123643095489002,-0.935733488878406,0.4,0.4962228517469311
nfix,pond,NTP,50,platt_fit,67,0.8967170392294359,-0.34482093489772425,0.5,0.4962228517469311
nfix,pond,NTP,50,platt_fit,68,1.2465230893186805,-1.236252824220602,0.4,0.4962228517469311
nfix,pond,NTP,50,platt_fit,69,1.0131687987854103,-0.22060133322687614,0.52,0.4962228517469311
nfix,pond,NTP,50,platt_fit,70,0.876882161957803,-0.3229872627129312,0.44,0.4962228517469311
nfix,pond,NTP,50,platt_fit,71,1.0647375897762705,-0.6249145861054036,0.44,0.4962228517469311
nfix,pond,NTP,50,platt_fit,72,0.9780423537514809,-0.14228156309486606,0.6,0.4962228517469311
nfix,pond,NTP,50,platt_fit,73,1.2236710466384926,-1.6079455551073818,0.34,0.4962228517469311
nfix,pond,NTP,50,platt_fit,74,1.2677767353544604,-0.5052441892062118,0.48,0.4962228517469311
nfix,pond,NTP,50,platt_fit,75,0.6950660285925574,-0.058650314123419894,0.58,0.4962228517469311
nfix,pond,NTP,50,platt_fit,76,1.4159808639171922,-1.0343026244003801,0.3,0.4962228517469311
nfix,pond,NTP,50,platt_fit,77,0.7466052551048786,-0.8848361313787905,0.38,0.4962228517469311
nfix,pond,NTP,50,platt_fit,78,1.622344071522152,-0.5300092034401871,0.58,0.4962228517469311
nfix,pond,NTP,50,platt_fit,79,1.4735532588115132,-0.85484835396178,0.36,0.4962228517469311
nfix,pond,NTP,50,platt_fit,80,0.7457419133429416,-0.1785906640906475,0.52,0.4962228517469311
nfix,pond,NTP,50,platt_fit,81,0.15043291481140858,0.4162503068338939,0.62,0.4962228517469311
nfix,pond,NTP,50,platt_fit,82,1.5025847571619348,-1.402941752355586,0.4,0.4962228517469311
nfix,pond,NTP,50,platt_fit,83,1.326482422348918,-0.6868972978428299,0.44,0.4962228517469311
nfix,pond,NTP,50,platt_fit,84,1.3110941267463507,-0.5046188616429405,0.48,0.4962228517469311
nfix,pond,NTP,50,platt_fit,85,1.1144621572636275,0.6571308206304594,0.7,0.4962228517469311
nfix,pond,NTP,50,platt_fit,86,1.763224415233479,-0.9031736017987759,0.48,0.4962228517469311
nfix,pond,NTP,50,platt_fit,87,1.2075515653603737,-0.4288724545570734,0.54,0.4962228517469311
nfix,pond,NTP,50,platt_fit,88,0.9839745489512401,-0.816382265122758,0.4,0.4962228517469311
nfix,pond,NTP,50,platt_fit,89,1.5118125384508574,-0.839212330404281,0.44,0.4962228517469311
nfix,pond,NTP,50,platt_fit,90,1.2492002448478579,-1.68657815407187,0.3,0.4962228517469311
nfix,pond,NTP,50,platt_fit,91,0.9563849025822758,-0.5183854327951165,0.48,0.4962228517469311
nfix,pond,NTP,50,platt_fit,92,2.349282703189761,-0.9655813157892609,0.32,0.4962228517469311
nfix,pond,NTP,50,platt_fit,93,0.9773104522571016,-0.9587671083897992,0.38,0.4962228517469311
nfix,pond,NTP,50,platt_fit,94,1.4436312077019644,-0.6194239239222779,0.48,0.4962228517469311
nfix,pond,NTP,50,platt_fit,95,0.48581841556017635,0.058605242292562365,0.58,0.4962228517469311
nfix,pond,NTP,50,platt_fit,96,1.2239837474669648,-0.007690791541899184,0.54,0.4962228517469311
nfix,pond,NTP,50,platt_fit,97,1.2721300247219332,-0.5710077586324562,0.52,0.4962228517469311
nfix,pond,NTP,50,platt_fit,98,0.42685536407613184,-0.2420375681639013,0.48,0.4962228517469311
nfix,pond,NTP,50,platt_fit,99,0.47559377881827614,-0.37494532657516433,0.48,0.4962228517469311
nfix,pond,Probe,100,platt_fit,0,0.5466607946843235,-0.5658723518182591,0.41,0.4962228517469311
nfix,pond,Probe,100,platt_fit,1,1.0463126530667537,-0.232606330321409,0.39,0.4962228517469311
nfix,pond,Probe,100,platt_fit,2,0.20295896489438767,-0.010764966204134035,0.51,0.4962228517469311
nfix,pond,Probe,100,platt_fit,3,0.6946496109978839,-0.5694189252448048,0.25,0.4962228517469311
nfix,pond,Probe,100,platt_fit,4,0.8345931335994632,0.6790747073497911,0.55,0.4962228517469311
nfix,pond,Probe,100,platt_fit,5,0.9823772974488268,-0.13758688988831205,0.32,0.4962228517469311
nfix,pond,Probe,100,platt_fit,6,0.6112211563396122,-0.6225294459577817,0.38,0.4962228517469311
nfix,pond,Probe,100,platt_fit,7,0.5834680830861175,0.009539923977158252,0.47,0.4962228517469311
nfix,pond,Probe,100,platt_fit,8,0.7282352880470133,0.34692684771066895,0.46,0.4962228517469311
nfix,pond,Probe,100,platt_fit,9,0.8314173082212726,-0.8040037062536464,0.37,0.4962228517469311
nfix,pond,Probe,100,platt_fit,10,0.4313568882029678,-0.28921067220337177,0.44,0.4962228517469311
nfix,pond,Probe,100,platt_fit,11,0.6286064942516084,0.47210892262813237,0.51,0.4962228517469311
nfix,pond,Probe,100,platt_fit,12,0.6237396070545425,-0.11962686550327355,0.4,0.4962228517469311
nfix,pond,Probe,100,platt_fit,13,0.4290191608692546,0.07004153766453393,0.51,0.4962228517469311
nfix,pond,Probe,100,platt_fit,14,0.5927563437564567,-0.7817800545931297,0.31,0.4962228517469311
nfix,pond,Probe,100,platt_fit,15,0.545344137230572,0.24119088732982147,0.49,0.4962228517469311
nfix,pond,Probe,100,platt_fit,16,0.2870752318936602,0.23950944226041299,0.56,0.4962228517469311
nfix,pond,Probe,100,platt_fit,17,0.638387703234709,-0.6957230423870551,0.31,0.4962228517469311
nfix,pond,Probe,100,platt_fit,18,0.5968784532602706,-0.2952803240181539,0.41,0.4962228517469311
nfix,pond,Probe,100,platt_fit,19,0.42693085379884876,-0.5379238947084493,0.39,0.4962228517469311
nfix,pond,Probe,100,platt_fit,20,0.8780963121808708,0.8525295388161093,0.47,0.4962228517469311
nfix,pond,Probe,100,platt_fit,21,0.9991549964032829,-0.6981919427821052,0.3,0.4962228517469311
nfix,pond,Probe,100,platt_fit,22,0.3989916338501497,0.3556995311050006,0.59,0.4962228517469311
nfix,pond,Probe,100,platt_fit,23,0.6717412157211644,-0.6273367164453217,0.32,0.4962228517469311
nfix,pond,Probe,100,platt_fit,24,0.4639945972765571,-0.01560504228996223,0.51,0.4962228517469311
nfix,pond,Probe,100,platt_fit,25,0.6989833368029608,0.08134908321632514,0.36,0.4962228517469311
nfix,pond,Probe,100,platt_fit,26,0.4447252591056351,-0.25589581331547867,0.47,0.4962228517469311
nfix,pond,Probe,100,platt_fit,27,0.721475749021669,-0.8714398091440769,0.3,0.4962228517469311
nfix,pond,Probe,100,platt_fit,28,0.12753767146453654,0.08413737149770682,0.53,0.4962228517469311
nfix,pond,Probe,100,platt_fit,29,0.21359536441070592,-0.5947455193154654,0.36,0.4962228517469311
nfix,pond,Probe,100,platt_fit,30,0.11948942065499506,0.36268564943695597,0.58,0.4962228517469311
nfix,pond,Probe,100,platt_fit,31,0.6923239094462219,-0.038512371739167,0.37,0.4962228517469311
nfix,pond,Probe,100,platt_fit,32,0.7887107141732809,0.20800163271027802,0.43,0.4962228517469311
nfix,pond,Probe,100,platt_fit,33,0.851450460977454,-0.09329431562877302,0.42,0.4962228517469311
nfix,pond,Probe,100,platt_fit,34,0.7377938715684136,0.1082798011352143,0.46,0.4962228517469311
nfix,pond,Probe,100,platt_fit,35,0.5330308588118053,-0.9319413472511114,0.31,0.4962228517469311
nfix,pond,Probe,100,platt_fit,36,0.5926922920669037,-0.32215403667000986,0.48,0.4962228517469311
nfix,pond,Probe,100,platt_fit,37,0.8103965455165075,0.18096564624965922,0.4,0.4962228517469311
nfix,pond,Probe,100,platt_fit,38,0.43320878311876854,-0.4787477607229515,0.36,0.4962228517469311
nfix,pond,Probe,100,platt_fit,39,0.8748117293662935,-0.7581476890693627,0.25,0.4962228517469311
nfix,pond,Probe,100,platt_fit,40,0.7019925506150395,-0.5270116508282083,0.46,0.4962228517469311
nfix,pond,Probe,100,platt_fit,41,0.6643362669451215,0.11036536818545432,0.46,0.4962228517469311
nfix,pond,Probe,100,platt_fit,42,0.45809436399094544,-0.23768441549914224,0.42,0.4962228517469311
nfix,pond,Probe,100,platt_fit,43,0.21798408156371815,0.11301236282870163,0.53,0.4962228517469311
nfix,pond,Probe,100,platt_fit,44,0.4949578720902107,-0.3332321698658895,0.36,0.4962228517469311
nfix,pond,Probe,100,platt_fit,45,0.13060638007979528,0.4382138163622158,0.62,0.4962228517469311
nfix,pond,Probe,100,platt_fit,46,0.6002913228089702,-0.7469714556312897,0.37,0.4962228517469311
nfix,pond,Probe,100,platt_fit,47,0.4084181823736069,-0.4338368884556493,0.38,0.4962228517469311
nfix,pond,Probe,100,platt_fit,48,0.6548081089770214,-0.012222973530466126,0.41,0.4962228517469311
nfix,pond,Probe,100,platt_fit,49,1.032811466808334,-0.20113702133084355,0.27,0.4962228517469311
nfix,pond,Probe,100,platt_fit,50,0.6505656702138901,-0.36369050910975653,0.41,0.4962228517469311
nfix,pond,Probe,100,platt_fit,51,0.490982102161601,-0.35675270190056513,0.41,0.4962228517469311
nfix,pond,Probe,100,platt_fit,52,0.09320534077067369,-0.18721052183451214,0.47,0.4962228517469311
nfix,pond,Probe,100,platt_fit,53,0.37067291823288245,0.042329353650385745,0.47,0.4962228517469311
nfix,pond,Probe,100,platt_fit,54,0.43816747688252,0.09933203186997464,0.5,0.4962228517469311
nfix,pond,Probe,100,platt_fit,55,0.4291751222015026,-0.5237735520466105,0.4,0.4962228517469311
nfix,pond,Probe,100,platt_fit,56,0.3221173946515503,-0.7422743371003756,0.33,0.4962228517469311
nfix,pond,Probe,100,platt_fit,57,0.2924984384579951,-0.35544320259100076,0.42,0.4962228517469311
nfix,pond,Probe,100,platt_fit,58,0.7493203558211431,-0.5500264457006865,0.36,0.4962228517469311
nfix,pond,Probe,100,platt_fit,59,0.6090907307053751,0.06359036787364389,0.44,0.4962228517469311
nfix,pond,Probe,100,platt_fit,60,0.25048240869311006,-0.1688008195106966,0.46,0.4962228517469311
nfix,pond,Probe,100,platt_fit,61,0.23662936474756532,-0.656163297364155,0.33,0.4962228517469311
nfix,pond,Probe,100,platt_fit,62,0.7237568641945116,-0.2864534310985328,0.38,0.4962228517469311
nfix,pond,Probe,100,platt_fit,63,0.34236634027464113,-0.10956940384449491,0.5,0.4962228517469311
nfix,pond,Probe,100,platt_fit,64,0.3755072332149504,0.15756619164371552,0.54,0.4962228517469311
nfix,pond,Probe,100,platt_fit,65,0.8654158388778632,0.41082800655175117,0.45,0.4962228517469311
nfix,pond,Probe,100,platt_fit,66,1.1327662506392975,0.2797772533508629,0.45,0.4962228517469311
nfix,pond,Probe,100,platt_fit,67,0.41839263896303847,-0.2632209702668364,0.43,0.4962228517469311
nfix,pond,Probe,100,platt_fit,68,0.877357159456602,-0.21422138878297828,0.42,0.4962228517469311
nfix,pond,Probe,100,platt_fit,69,1.091520441832658,0.3325668366155962,0.49,0.4962228517469311
nfix,pond,Probe,100,platt_fit,70,0.5027593871677902,-0.281764638021902,0.4,0.4962228517469311
nfix,pond,Probe,100,platt_fit,71,0.5922815765420114,-0.07338889664919349,0.41,0.4962228517469311
nfix,pond,Probe,100,platt_fit,72,0.37818102160173395,0.3570003041633518,0.56,0.4962228517469311
nfix,pond,Probe,100,platt_fit,73,0.6749745522533855,-0.10662198215854445,0.45,0.4962228517469311
nfix,pond,Probe,100,platt_fit,74,0.7331244017464942,-0.02380958247755154,0.41,0.4962228517469311
nfix,pond,Probe,100,platt_fit,75,-0.08949232719506645,0.17429381365535998,0.53,0.4962228517469311
nfix,pond,Probe,100,platt_fit,76,0.7531806384754496,0.4441827019918478,0.48,0.4962228517469311
nfix,pond,Probe,100,platt_fit,77,-0.008117860796330654,-0.439375064805463,0.39,0.4962228517469311
nfix,pond,Probe,100,platt_fit,78,0.36276861682072314,0.0799711774925644,0.53,0.4962228517469311
nfix,pond,Probe,100,platt_fit,79,1.0715417399113976,0.43512278497775775,0.4,0.4962228517469311
nfix,pond,Probe,100,platt_fit,80,0.21759813040828194,-0.10145474223649636,0.46,0.4962228517469311
nfix,pond,Probe,100,platt_fit,81,-0.0671661416575634,0.024024204595943087,0.5,0.4962228517469311
nfix,pond,Probe,100,platt_fit,82,0.4161417984414441,-0.8662019975466159,0.31,0.4962228517469311
nfix,pond,Probe,100,platt_fit,83,0.6408296860201239,-0.4868642419753524,0.33,0.4962228517469311
nfix,pond,Probe,100,platt_fit,84,0.4871621064064636,-0.31180674022702126,0.39,0.4962228517469311
nfix,pond,Probe,100,platt_fit,85,0.47339907347368065,0.4825483537118413,0.62,0.4962228517469311
nfix,pond,Probe,100,platt_fit,86,0.4890254164455699,-0.3499275370161762,0.47,0.4962228517469311
nfix,pond,Probe,100,platt_fit,87,0.2399046673263076,0.13537546912696596,0.58,0.4962228517469311
nfix,pond,Probe,100,platt_fit,88,0.7344888191241956,0.10674617840459906,0.43,0.4962228517469311
nfix,pond,Probe,100,platt_fit,89,0.8076249608340027,0.11072763875151223,0.42,0.4962228517469311
nfix,pond,Probe,100,platt_fit,90,0.4761536011698354,-0.8309149407909319,0.33,0.4962228517469311
nfix,pond,Probe,100,platt_fit,91,0.5676661325500992,-0.051800602496109446,0.43,0.4962228517469311
nfix,pond,Probe,100,platt_fit,92,0.8555961145171006,0.1806755340679303,0.34,0.4962228517469311
nfix,pond,Probe,100,platt_fit,93,0.486540751165654,-0.46876745281073856,0.32,0.4962228517469311
nfix,pond,Probe,100,platt_fit,94,0.671333893613441,-0.4125927255045569,0.48,0.4962228517469311
nfix,pond,Probe,100,platt_fit,95,0.46311553445265397,0.2313682974286512,0.53,0.4962228517469311
nfix,pond,Probe,100,platt_fit,96,0.588802072714895,0.49585004361672025,0.57,0.4962228517469311
nfix,pond,Probe,100,platt_fit,97,0.6267261128825218,0.40497304086045266,0.53,0.4962228517469311
nfix,pond,Probe,100,platt_fit,98,0.3033175294790467,-0.2504446129225326,0.46,0.4962228517469311
nfix,pond,Probe,100,platt_fit,99,0.3957284549213979,-0.3178540222971159,0.46,0.4962228517469311
nfix,pond,NTP,100,platt_fit,0,0.9688265242369252,-0.8978634426997502,0.41,0.4962228517469311
nfix,pond,NTP,100,platt_fit,1,1.3327436387064007,-0.9325839811598646,0.39,0.4962228517469311
nfix,pond,NTP,100,platt_fit,2,0.905273726018463,-0.29370699828696245,0.51,0.4962228517469311
nfix,pond,NTP,100,platt_fit,3,1.552485020121516,-1.8193638256781977,0.25,0.4962228517469311
nfix,pond,NTP,100,platt_fit,4,1.4132589349904514,0.027423053281567866,0.55,0.4962228517469311
nfix,pond,NTP,100,platt_fit,5,1.4464657722935577,-0.9811056163140515,0.32,0.4962228517469311
nfix,pond,NTP,100,platt_fit,6,0.9980047372425036,-1.1504100845508682,0.38,0.4962228517469311
nfix,pond,NTP,100,platt_fit,7,1.4718871501742223,-0.6161427488899508,0.47,0.4962228517469311
nfix,pond,NTP,100,platt_fit,8,1.5540032086008821,-0.5052286780480486,0.46,0.4962228517469311
nfix,pond,NTP,100,platt_fit,9,1.1902065967799458,-0.8944261134065693,0.37,0.4962228517469311
nfix,pond,NTP,100,platt_fit,10,0.9268123384647606,-0.6122660099682361,0.44,0.4962228517469311
nfix,pond,NTP,100,platt_fit,11,1.0817795471967169,-0.17495934260534832,0.51,0.4962228517469311
nfix,pond,NTP,100,platt_fit,12,1.0304719604147745,-0.8092574931876657,0.4,0.4962228517469311
nfix,pond,NTP,100,platt_fit,13,1.3541253148700532,-0.4201960561076054,0.51,0.4962228517469311
nfix,pond,NTP,100,platt_fit,14,1.2951579283777337,-1.502955142472848,0.31,0.4962228517469311
nfix,pond,NTP,100,platt_fit,15,1.2442245958263116,-0.42484792320152254,0.49,0.4962228517469311
nfix,pond,NTP,100,platt_fit,16,1.5606189734392093,-0.14861414784377436,0.56,0.4962228517469311
nfix,pond,NTP,100,platt_fit,17,1.7273040503831416,-1.4999814402594986,0.31,0.4962228517469311
nfix,pond,NTP,100,platt_fit,18,1.1371655177853983,-0.7962040184103092,0.41,0.4962228517469311
nfix,pond,NTP,100,platt_fit,19,1.024364872455688,-1.0099397158868457,0.39,0.4962228517469311
nfix,pond,NTP,100,platt_fit,20,1.4079736193098904,-0.5823752738728999,0.47,0.4962228517469311
nfix,pond,NTP,100,platt_fit,21,1.4525380952991624,-1.5603450748025836,0.3,0.4962228517469311
nfix,pond,NTP,100,platt_fit,22,1.3584569266082729,0.20507909512326455,0.59,0.4962228517469311
nfix,pond,NTP,100,platt_fit,23,1.1637209456517037,-1.4894893682355186,0.32,0.4962228517469311
nfix,pond,NTP,100,platt_fit,24,0.9775780661053428,-0.3304775615520029,0.51,0.4962228517469311
nfix,pond,NTP,100,platt_fit,25,1.126873131492752,-0.7841987354669323,0.36,0.4962228517469311
nfix,pond,NTP,100,platt_fit,26,1.145137684100925,-0.5125106914767157,0.47,0.4962228517469311
nfix,pond,NTP,100,platt_fit,27,1.4940924634036354,-1.6331715745103237,0.3,0.4962228517469311
nfix,pond,NTP,100,platt_fit,28,1.237183861966881,-0.18394551407377246,0.53,0.4962228517469311
nfix,pond,NTP,100,platt_fit,29,0.7108265378401791,-0.804438707413245,0.36,0.4962228517469311
nfix,pond,NTP,100,platt_fit,30,0.7607106930258679,0.027559065497454655,0.58,0.4962228517469311
nfix,pond,NTP,100,platt_fit,31,1.3021384142266754,-1.065027264114667,0.37,0.4962228517469311
nfix,pond,NTP,100,platt_fit,32,0.4397859969603253,-0.41665067672842865,0.43,0.4962228517469311
nfix,pond,NTP,100,platt_fit,33,1.153251749006313,-0.6315559382833138,0.42,0.4962228517469311
nfix,pond,NTP,100,platt_fit,34,1.45338416735302,-0.7339541089409076,0.46,0.4962228517469311
nfix,pond,NTP,100,platt_fit,35,0.9113643935688049,-1.2934748796112194,0.31,0.4962228517469311
nfix,pond,NTP,100,platt_fit,36,1.5607482249719467,-0.48263447025408346,0.48,0.4962228517469311
nfix,pond,NTP,100,platt_fit,37,1.0885579350753787,-0.663066442056457,0.4,0.4962228517469311
nfix,pond,NTP,100,platt_fit,38,0.7597299297382981,-0.8892093425892686,0.36,0.4962228517469311
nfix,pond,NTP,100,platt_fit,39,1.2559356613647372,-1.3371890152765034,0.25,0.4962228517469311
nfix,pond,NTP,100,platt_fit,40,1.0604075941760178,-0.6800586885464708,0.46,0.4962228517469311
nfix,pond,NTP,100,platt_fit,41,1.3191344762330297,-0.47446360549588895,0.46,0.4962228517469311
nfix,pond,NTP,100,platt_fit,42,1.2320789281886495,-0.8702167054767153,0.42,0.4962228517469311
nfix,pond,NTP,100,platt_fit,43,0.6798798791768462,-0.15327151997853158,0.53,0.4962228517469311
nfix,pond,NTP,100,platt_fit,44,0.5308909357685765,-0.7420154347721174,0.36,0.4962228517469311
nfix,pond,NTP,100,platt_fit,45,0.4278112849886609,0.29508655545542,0.62,0.4962228517469311
nfix,pond,NTP,100,platt_fit,46,1.1146573774223463,-1.252111378372724,0.37,0.4962228517469311
nfix,pond,NTP,100,platt_fit,47,0.7821985900668742,-0.8760257810518203,0.38,0.4962228517469311
nfix,pond,NTP,100,platt_fit,48,1.2295779551334853,-0.7930797706061581,0.41,0.4962228517469311
nfix,pond,NTP,100,platt_fit,49,1.5390030780881612,-1.5199817748313185,0.27,0.4962228517469311
nfix,pond,NTP,100,platt_fit,50,1.4759618229496587,-1.0830910177350124,0.41,0.4962228517469311
nfix,pond,NTP,100,platt_fit,51,0.6767007426500611,-0.5886566539790234,0.41,0.4962228517469311
nfix,pond,NTP,100,platt_fit,52,0.9972907959305838,-0.5684158423401633,0.47,0.4962228517469311
nfix,pond,NTP,100,platt_fit,53,1.3802164810477775,-0.653550926471235,0.47,0.4962228517469311
nfix,pond,NTP,100,platt_fit,54,0.8897254147106894,-0.5495869333359718,0.5,0.4962228517469311
nfix,pond,NTP,100,platt_fit,55,1.0339342485850114,-0.8290382816077536,0.4,0.4962228517469311
nfix,pond,NTP,100,platt_fit,56,1.0574151136036432,-1.1545624641500685,0.33,0.4962228517469311
nfix,pond,NTP,100,platt_fit,57,0.8606140066708146,-0.7690704448303193,0.42,0.4962228517469311
nfix,pond,NTP,100,platt_fit,58,1.0531007655015858,-0.8901441051111857,0.36,0.4962228517469311
nfix,pond,NTP,100,platt_fit,59,1.2485564060874683,-0.7450383534445102,0.44,0.4962228517469311
nfix,pond,NTP,100,platt_fit,60,0.5616106995891512,-0.3743577742473828,0.46,0.4962228517469311
nfix,pond,NTP,100,platt_fit,61,0.2524429459952262,-0.7875581522343209,0.33,0.4962228517469311
nfix,pond,NTP,100,platt_fit,62,1.7980546012440826,-1.4240917846823955,0.38,0.4962228517469311
nfix,pond,NTP,100,platt_fit,63,0.9734956499124995,-0.34774371407895055,0.5,0.4962228517469311
nfix,pond,NTP,100,platt_fit,64,1.205806620290173,-0.47422633795369434,0.54,0.4962228517469311
nfix,pond,NTP,100,platt_fit,65,1.90903405772138,-0.4790984082195345,0.45,0.4962228517469311
nfix,pond,NTP,100,platt_fit,66,1.8953686840459039,-0.6011259906420671,0.45,0.4962228517469311
nfix,pond,NTP,100,platt_fit,67,1.316919189981263,-0.5584432490139969,0.43,0.4962228517469311
nfix,pond,NTP,100,platt_fit,68,1.600524688268453,-1.0945739965788523,0.42,0.4962228517469311
nfix,pond,NTP,100,platt_fit,69,1.362538941621134,-0.3897389159221652,0.49,0.4962228517469311
nfix,pond,NTP,100,platt_fit,70,0.6651548868472114,-0.5690658878722878,0.4,0.4962228517469311
nfix,pond,NTP,100,platt_fit,71,1.125488150788181,-0.6672827946030917,0.41,0.4962228517469311
nfix,pond,NTP,100,platt_fit,72,1.1407850301024394,-0.13359493593809676,0.56,0.4962228517469311
nfix,pond,NTP,100,platt_fit,73,1.3597616087016653,-0.707548988193199,0.45,0.4962228517469311
nfix,pond,NTP,100,platt_fit,74,1.092345988151898,-0.7133036087888921,0.41,0.4962228517469311
nfix,pond,NTP,100,platt_fit,75,0.679034972807701,-0.18031250745102403,0.53,0.4962228517469311
nfix,pond,NTP,100,platt_fit,76,0.9133894533218941,-0.43060645370998824,0.48,0.4962228517469311
nfix,pond,NTP,100,platt_fit,77,1.293288723590118,-0.9264791183443029,0.39,0.4962228517469311
nfix,pond,NTP,100,platt_fit,78,1.1807973881888385,-0.34166605277436096,0.53,0.4962228517469311
nfix,pond,NTP,100,platt_fit,79,1.6985781918789877,-0.9199567377259986,0.4,0.4962228517469311
nfix,pond,NTP,100,platt_fit,80,0.615868093771582,-0.3441684833393884,0.46,0.4962228517469311
nfix,pond,NTP,100,platt_fit,81,0.9078025209178491,-0.5464725660812662,0.5,0.4962228517469311
nfix,pond,NTP,100,platt_fit,82,1.3169844269464352,-1.624718725404975,0.31,0.4962228517469311
nfix,pond,NTP,100,platt_fit,83,0.9439913078681543,-1.1038397245760512,0.33,0.4962228517469311
nfix,pond,NTP,100,platt_fit,84,1.5020004818606714,-1.013398908737343,0.39,0.4962228517469311
nfix,pond,NTP,100,platt_fit,85,1.0620711226458992,0.002428208864100918,0.62,0.4962228517469311
nfix,pond,NTP,100,platt_fit,86,1.4829462513641123,-0.6131370339406568,0.47,0.4962228517469311
nfix,pond,NTP,100,platt_fit,87,0.9752961202001971,-0.35366979815403093,0.58,0.4962228517469311
nfix,pond,NTP,100,platt_fit,88,1.645045385061918,-0.995275033086372,0.43,0.4962228517469311
nfix,pond,NTP,100,platt_fit,89,1.5683482289857404,-0.7234046218779502,0.42,0.4962228517469311
nfix,pond,NTP,100,platt_fit,90,1.2501237912868848,-1.1953779010031182,0.33,0.4962228517469311
nfix,pond,NTP,100,platt_fit,91,0.7212482363063563,-0.7349957407133767,0.43,0.4962228517469311
nfix,pond,NTP,100,platt_fit,92,1.1693426653345171,-1.0480546080597068,0.34,0.4962228517469311
nfix,pond,NTP,100,platt_fit,93,1.6354246234429783,-1.2918972653401135,0.32,0.4962228517469311
nfix,pond,NTP,100,platt_fit,94,1.1127627583975341,-0.4543112655141535,0.48,0.4962228517469311
nfix,pond,NTP,100,platt_fit,95,0.7674595681404723,-0.2576011208676846,0.53,0.4962228517469311
nfix,pond,NTP,100,platt_fit,96,1.6461866029634322,-0.005371738446050996,0.57,0.4962228517469311
nfix,pond,NTP,100,platt_fit,97,1.024640330978768,-0.21831749508482123,0.53,0.4962228517469311
nfix,pond,NTP,100,platt_fit,98,0.9171350970456283,-0.5656505487321146,0.46,0.4962228517469311
nfix,pond,NTP,100,platt_fit,99,0.4111544028726638,-0.3317564936577648,0.46,0.4962228517469311
nfix,pond,Probe,250,platt_fit,0,0.5319025543433779,-0.5131323555189894,0.42,0.4962228517469311
nfix,pond,Probe,250,platt_fit,1,0.5380471816436221,-0.33160517245225163,0.356,0.4962228517469311
nfix,pond,Probe,250,platt_fit,2,0.3244590520780872,0.17571729021724877,0.568,0.4962228517469311
nfix,pond,Probe,250,platt_fit,3,0.7043923139856454,-0.22486323466782782,0.308,0.4962228517469311
nfix,pond,Probe,250,platt_fit,4,0.9356882445927268,0.6023792850972157,0.6,0.4962228517469311
nfix,pond,Probe,250,platt_fit,5,0.8781928658575117,0.2626338721288909,0.432,0.4962228517469311
nfix,pond,Probe,250,platt_fit,6,0.5716283055500085,-0.29940235063630544,0.436,0.4962228517469311
nfix,pond,Probe,250,platt_fit,7,0.2991672111241894,0.42707993121012766,0.6,0.4962228517469311
nfix,pond,Probe,250,platt_fit,8,0.6661911037193634,0.19829316873192723,0.44,0.4962228517469311
nfix,pond,Probe,250,platt_fit,9,0.4929948103432871,-0.6047452712193024,0.38,0.4962228517469311
nfix,pond,Probe,250,platt_fit,10,0.3936039163138836,-0.28681659268667736,0.428,0.4962228517469311
nfix,pond,Probe,250,platt_fit,11,0.604316381545438,0.41166349247390965,0.524,0.4962228517469311
nfix,pond,Probe,250,platt_fit,12,0.6297910996300984,-0.0827481521381764,0.384,0.4962228517469311
nfix,pond,Probe,250,platt_fit,13,0.5411165016936853,-0.08645506427678656,0.488,0.4962228517469311
nfix,pond,Probe,250,platt_fit,14,0.6492081466562846,-0.5769584298754259,0.372,0.4962228517469311
nfix,pond,Probe,250,platt_fit,15,0.6693323441843421,0.7451882328221775,0.6,0.4962228517469311
nfix,pond,Probe,250,platt_fit,16,0.33036995690202603,0.01772662503535298,0.508,0.4962228517469311
nfix,pond,Probe,250,platt_fit,17,0.5768895800223383,-0.5210043462849668,0.392,0.4962228517469311
nfix,pond,Probe,250,platt_fit,18,0.45101251409248583,-0.24681164370565617,0.428,0.4962228517469311
nfix,pond,Probe,250,platt_fit,19,0.37476971260762343,-0.3983693952945217,0.4,0.4962228517469311
nfix,pond,Probe,250,platt_fit,20,0.7326525191260976,0.7641207064168448,0.516,0.4962228517469311
nfix,pond,Probe,250,platt_fit,21,0.7512270347397886,-0.3884958305788349,0.332,0.4962228517469311
nfix,pond,Probe,250,platt_fit,22,0.3639425710771265,-0.27773938015687033,0.452,0.4962228517469311
nfix,pond,Probe,250,platt_fit,23,0.8587352965635244,-0.7305489815734654,0.312,0.4962228517469311
nfix,pond,Probe,250,platt_fit,24,0.6025237350707269,0.13197677454893142,0.544,0.4962228517469311
nfix,pond,Probe,250,platt_fit,25,0.8088259627250968,0.45110136577778703,0.428,0.4962228517469311
nfix,pond,Probe,250,platt_fit,26,0.4403512368302696,-0.39239561785660754,0.452,0.4962228517469311
nfix,pond,Probe,250,platt_fit,27,0.5452325505541772,-0.7139386442232347,0.324,0.4962228517469311
nfix,pond,Probe,250,platt_fit,28,0.4873566745329281,-0.14124525269635294,0.492,0.4962228517469311
nfix,pond,Probe,250,platt_fit,29,0.5022967257137734,0.07962096874503748,0.54,0.4962228517469311
nfix,pond,Probe,250,platt_fit,30,0.3682783840902746,0.18303343212900547,0.5,0.4962228517469311
nfix,pond,Probe,250,platt_fit,31,0.7896048008235922,-0.04928588232847868,0.344,0.4962228517469311
nfix,pond,Probe,250,platt_fit,32,0.9177270343301076,0.4974655313514675,0.464,0.4962228517469311
nfix,pond,Probe,250,platt_fit,33,0.7495886683008849,-0.10271783840902904,0.416,0.4962228517469311
nfix,pond,Probe,250,platt_fit,34,0.8242985666389041,0.564910595048116,0.512,0.4962228517469311
nfix,pond,Probe,250,platt_fit,35,0.5404013768622072,-0.3479630680419945,0.456,0.4962228517469311
nfix,pond,Probe,250,platt_fit,36,0.2537377088553647,-0.22894606334022286,0.472,0.4962228517469311
nfix,pond,Probe,250,platt_fit,37,0.8673906684787938,0.1748558061873302,0.416,0.4962228517469311
nfix,pond,Probe,250,platt_fit,38,0.4790464411440181,-0.016793196586840677,0.472,0.4962228517469311
nfix,pond,Probe,250,platt_fit,39,0.6370269332624736,-0.44053626453842154,0.324,0.4962228517469311
nfix,pond,Probe,250,platt_fit,40,0.2568648857535392,-0.14665237144191384,0.496,0.4962228517469311
nfix,pond,Probe,250,platt_fit,41,0.46280534825660785,-0.22933052296270412,0.396,0.4962228517469311
nfix,pond,Probe,250,platt_fit,42,0.5008276954517652,-0.0975200343346288,0.456,0.4962228517469311
nfix,pond,Probe,250,platt_fit,43,0.34524499317164925,0.42858291915985464,0.596,0.4962228517469311
nfix,pond,Probe,250,platt_fit,44,0.6885642870572191,-0.4067853276868615,0.304,0.4962228517469311
nfix,pond,Probe,250,platt_fit,45,0.1123250706821442,-0.022405589684388747,0.508,0.4962228517469311
nfix,pond,Probe,250,platt_fit,46,0.4900713034864194,-0.25352394473553497,0.476,0.4962228517469311
nfix,pond,Probe,250,platt_fit,47,0.4638498662738744,-0.38457001797462964,0.388,0.4962228517469311
nfix,pond,Probe,250,platt_fit,48,0.6065618305044406,-0.3015088390494693,0.376,0.4962228517469311
nfix,pond,Probe,250,platt_fit,49,0.9121775975016424,-0.11959753112103336,0.34,0.4962228517469311
nfix,pond,Probe,250,platt_fit,50,0.5562064992368553,-0.327544813755968,0.416,0.4962228517469311
nfix,pond,Probe,250,platt_fit,51,0.5297819078876516,0.11374710157832314,0.508,0.4962228517469311
nfix,pond,Probe,250,platt_fit,52,0.2851213126280662,-0.15255528195546691,0.524,0.4962228517469311
nfix,pond,Probe,250,platt_fit,53,0.45857484542007737,0.1414534165159723,0.5,0.4962228517469311
nfix,pond,Probe,250,platt_fit,54,0.47031195827645433,-0.19724388513517052,0.452,0.4962228517469311
nfix,pond,Probe,250,platt_fit,55,0.353805212813798,-0.3036002549947804,0.452,0.4962228517469311
nfix,pond,Probe,250,platt_fit,56,0.4187677264705691,-0.28286185002786984,0.444,0.4962228517469311
nfix,pond,Probe,250,platt_fit,57,0.3634040062852834,0.010824767508208087,0.508,0.4962228517469311
nfix,pond,Probe,250,platt_fit,58,0.6923432700241254,-0.5221086185322006,0.336,0.4962228517469311
nfix,pond,Probe,250,platt_fit,59,0.742860403066617,0.16532725637134277,0.412,0.4962228517469311
nfix,pond,Probe,250,platt_fit,60,0.3057696597847386,-0.42538557442124036,0.42,0.4962228517469311
nfix,pond,Probe,250,platt_fit,61,0.4017405454357941,0.011955218002795136,0.492,0.4962228517469311
nfix,pond,Probe,250,platt_fit,62,0.6235585322024857,-0.32848608698130477,0.368,0.4962228517469311
nfix,pond,Probe,250,platt_fit,63,0.315227787316198,-0.23245827753588483,0.476,0.4962228517469311
nfix,pond,Probe,250,platt_fit,64,0.43280175275141664,-0.07700960801152062,0.476,0.4962228517469311
nfix,pond,Probe,250,platt_fit,65,0.8886339523212737,0.8589155873113684,0.532,0.4962228517469311
nfix,pond,Probe,250,platt_fit,66,0.9836017512645084,-0.022441947063291823,0.36,0.4962228517469311
nfix,pond,Probe,250,platt_fit,67,0.5796625783458578,-0.22644926287620643,0.46,0.4962228517469311
nfix,pond,Probe,250,platt_fit,68,0.5826765908373498,-0.3398773889859162,0.396,0.4962228517469311
nfix,pond,Probe,250,platt_fit,69,0.8421062051634711,0.27654346089802184,0.484,0.4962228517469311
nfix,pond,Probe,250,platt_fit,70,0.32092680654565375,-0.015409173267354394,0.476,0.4962228517469311
nfix,pond,Probe,250,platt_fit,71,0.5638568554827671,-0.25372370473372846,0.396,0.4962228517469311
nfix,pond,Probe,250,platt_fit,72,0.5002377862632857,0.23007803729786389,0.504,0.4962228517469311
nfix,pond,Probe,250,platt_fit,73,0.6423081488014258,-0.16273111815632454,0.44,0.4962228517469311
nfix,pond,Probe,250,platt_fit,74,0.6700608162766873,-0.1696170380588981,0.412,0.4962228517469311
nfix,pond,Probe,250,platt_fit,75,0.19867563233343702,-0.2663689745716103,0.472,0.4962228517469311
nfix,pond,Probe,250,platt_fit,76,0.7956029313158642,0.11777305376433705,0.42,0.4962228517469311
nfix,pond,Probe,250,platt_fit,77,0.23975055748495774,-0.28188346866507424,0.488,0.4962228517469311
nfix,pond,Probe,250,platt_fit,78,0.3915038301065573,0.10637829218078075,0.54,0.4962228517469311
nfix,pond,Probe,250,platt_fit,79,0.8090606476051279,-0.013052039539230616,0.34,0.4962228517469311
nfix,pond,Probe,250,platt_fit,80,0.3905155770329325,0.25578833040841636,0.536,0.4962228517469311
nfix,pond,Probe,250,platt_fit,81,0.14024381260755117,0.2863291611820682,0.584,0.4962228517469311
nfix,pond,Probe,250,platt_fit,82,0.5247948913919842,-0.2996020704108771,0.432,0.4962228517469311
nfix,pond,Probe,250,platt_fit,83,0.504847478100007,-0.3293274622461699,0.392,0.4962228517469311
nfix,pond,Probe,250,platt_fit,84,0.38643855022166534,-0.05836460837345277,0.488,0.4962228517469311
nfix,pond,Probe,250,platt_fit,85,0.35965206725073207,0.3646734118092811,0.588,0.4962228517469311
nfix,pond,Probe,250,platt_fit,86,0.5458264035089548,-0.3025599100140262,0.492,0.4962228517469311
nfix,pond,Probe,250,platt_fit,87,0.25624341215827995,-0.13631161804500092,0.512,0.4962228517469311
nfix,pond,Probe,250,platt_fit,88,0.5997951962812221,-0.28908359578077725,0.356,0.4962228517469311
nfix,pond,Probe,250,platt_fit,89,1.0847645096673593,0.12145927105322343,0.384,0.4962228517469311
nfix,pond,Probe,250,platt_fit,90,0.5660408648479546,-0.8458249574462698,0.3,0.4962228517469311
nfix,pond,Probe,250,platt_fit,91,0.48786383877262446,-0.08920933072483228,0.416,0.4962228517469311
nfix,pond,Probe,250,platt_fit,92,0.6275448793800791,-0.4738927403302222,0.268,0.4962228517469311
nfix,pond,Probe,250,platt_fit,93,0.5836932795791249,-0.06130249293061034,0.42,0.4962228517469311
nfix,pond,Probe,250,platt_fit,94,0.35903893558411554,-0.306701538036933,0.468,0.4962228517469311
nfix,pond,Probe,250,platt_fit,95,0.45639951855422056,0.46777613188527933,0.58,0.4962228517469311
nfix,pond,Probe,250,platt_fit,96,0.5352164414850822,0.37372462200040674,0.52,0.4962228517469311
nfix,pond,Probe,250,platt_fit,97,0.746314837313566,-0.03403452610457322,0.432,0.4962228517469311
nfix,pond,Probe,250,platt_fit,98,0.39876651799174073,-0.12346523330564514,0.516,0.4962228517469311
nfix,pond,Probe,250,platt_fit,99,0.2756254675205486,-0.32631242171422803,0.44,0.4962228517469311
nfix,pond,NTP,250,platt_fit,0,1.107664592128742,-0.8693587007705249,0.42,0.4962228517469311
nfix,pond,NTP,250,platt_fit,1,0.8634230458358582,-0.8475710991557638,0.356,0.4962228517469311
nfix,pond,NTP,250,platt_fit,2,0.9898983886274967,-0.3608172233756009,0.568,0.4962228517469311
nfix,pond,NTP,250,platt_fit,3,1.0664620425978484,-1.2773667699657323,0.308,0.4962228517469311
nfix,pond,NTP,250,platt_fit,4,1.5432119251531686,-0.12575559017032098,0.6,0.4962228517469311
nfix,pond,NTP,250,platt_fit,5,1.254828587361971,-0.7409494160070799,0.432,0.4962228517469311
nfix,pond,NTP,250,platt_fit,6,0.8322445754022889,-0.6581592195628466,0.436,0.4962228517469311
nfix,pond,NTP,250,platt_fit,7,0.7188251817909973,0.14649146531202153,0.6,0.4962228517469311
nfix,pond,NTP,250,platt_fit,8,1.4047840200154775,-0.7914662461778855,0.44,0.4962228517469311
nfix,pond,NTP,250,platt_fit,9,1.2336343217433619,-1.0143360192918456,0.38,0.4962228517469311
nfix,pond,NTP,250,platt_fit,10,1.0757898283373502,-0.6850891348085396,0.428,0.4962228517469311
nfix,pond,NTP,250,platt_fit,11,1.006877397645403,-0.09441369415635141,0.524,0.4962228517469311
nfix,pond,NTP,250,platt_fit,12,0.9901386983182254,-0.8051208350280958,0.384,0.4962228517469311
nfix,pond,NTP,250,platt_fit,13,1.145378501756048,-0.5408482994295503,0.488,0.4962228517469311
nfix,pond,NTP,250,platt_fit,14,1.7125510919771507,-1.1653571999984642,0.372,0.4962228517469311
nfix,pond,NTP,250,platt_fit,15,1.1713346650170076,0.08696889558360299,0.6,0.4962228517469311
nfix,pond,NTP,250,platt_fit,16,0.8619190428923641,-0.2688695258845498,0.508,0.4962228517469311
nfix,pond,NTP,250,platt_fit,17,1.261246830739669,-1.1303172982694503,0.392,0.4962228517469311
nfix,pond,NTP,250,platt_fit,18,0.9503032557488917,-0.5795544793419312,0.428,0.4962228517469311
nfix,pond,NTP,250,platt_fit,19,1.1285660702334337,-0.9713598437021578,0.4,0.4962228517469311
nfix,pond,NTP,250,platt_fit,20,1.3030350241651842,-0.3961573341148207,0.516,0.4962228517469311
nfix,pond,NTP,250,platt_fit,21,1.585022631301155,-1.356617953090643,0.332,0.4962228517469311
nfix,pond,NTP,250,platt_fit,22,0.811637488130024,-0.5508334928095944,0.452,0.4962228517469311
nfix,pond,NTP,250,platt_fit,23,1.3912845744263156,-1.4608209252412738,0.312,0.4962228517469311
nfix,pond,NTP,250,platt_fit,24,0.9131830725784171,-0.19213374276214568,0.544,0.4962228517469311
nfix,pond,NTP,250,platt_fit,25,1.3134101813682675,-0.6540823817321284,0.428,0.4962228517469311
nfix,pond,NTP,250,platt_fit,26,1.060666917846869,-0.836199616278891,0.452,0.4962228517469311
nfix,pond,NTP,250,platt_fit,27,1.1471713303516304,-1.347505494433834,0.324,0.4962228517469311
nfix,pond,NTP,250,platt_fit,28,1.1846433440895732,-0.49733475082861794,0.492,0.4962228517469311
nfix,pond,NTP,250,platt_fit,29,1.082860430977679,-0.2222310871526768,0.54,0.4962228517469311
nfix,pond,NTP,250,platt_fit,30,0.9806519366913603,-0.3257879523958293,0.5,0.4962228517469311
nfix,pond,NTP,250,platt_fit,31,1.2815807442377116,-1.024180754113035,0.344,0.4962228517469311
nfix,pond,NTP,250,platt_fit,32,1.0497998282643102,-0.4996223308256242,0.464,0.4962228517469311
nfix,pond,NTP,250,platt_fit,33,1.136791276638649,-0.6960750677917172,0.416,0.4962228517469311
nfix,pond,NTP,250,platt_fit,34,1.0512399901929719,-0.32703536196776173,0.512,0.4962228517469311
nfix,pond,NTP,250,platt_fit,35,1.0530641486528338,-0.6940509084724615,0.456,0.4962228517469311
nfix,pond,NTP,250,platt_fit,36,1.3012308401737245,-0.48034667345391113,0.472,0.4962228517469311
nfix,pond,NTP,250,platt_fit,37,0.9908330766851133,-0.6641790097671968,0.416,0.4962228517469311
nfix,pond,NTP,250,platt_fit,38,0.7116374585554824,-0.4566465415521654,0.472,0.4962228517469311
nfix,pond,NTP,250,platt_fit,39,1.3963859799165357,-1.352892610428522,0.324,0.4962228517469311
nfix,pond,NTP,250,platt_fit,40,0.8900340643235186,-0.618002950912348,0.496,0.4962228517469311
nfix,pond,NTP,250,platt_fit,41,1.2887774124938567,-0.8113556184108943,0.396,0.4962228517469311
nfix,pond,NTP,250,platt_fit,42,1.2928446523209336,-0.7282135000275908,0.456,0.4962228517469311
nfix,pond,NTP,250,platt_fit,43,0.9009152642134747,0.09291673031275827,0.596,0.4962228517469311
nfix,pond,NTP,250,platt_fit,44,1.0791464471485162,-1.1567744887726201,0.304,0.4962228517469311
nfix,pond,NTP,250,platt_fit,45,0.7410745359223524,-0.3013532291041713,0.508,0.4962228517469311
nfix,pond,NTP,250,platt_fit,46,0.9876473694129494,-0.5860756642112892,0.476,0.4962228517469311
nfix,pond,NTP,250,platt_fit,47,1.1396389288901327,-0.8380178591690203,0.388,0.4962228517469311
nfix,pond,NTP,250,platt_fit,48,1.4488207047258366,-0.8702544766413559,0.376,0.4962228517469311
nfix,pond,NTP,250,platt_fit,49,1.1153323361648302,-0.9946843078748722,0.34,0.4962228517469311
nfix,pond,NTP,250,platt_fit,50,1.0314318533463185,-0.8289239158292799,0.416,0.4962228517469311
nfix,pond,NTP,250,platt_fit,51,0.6094537464470072,-0.25166542565327943,0.508,0.4962228517469311
nfix,pond,NTP,250,platt_fit,52,1.2083555356739646,-0.5247691822570826,0.524,0.4962228517469311
nfix,pond,NTP,250,platt_fit,53,1.1613825310927557,-0.5369072713924076,0.5,0.4962228517469311
nfix,pond,NTP,250,platt_fit,54,1.1813560505173326,-0.7157372870327907,0.452,0.4962228517469311
nfix,pond,NTP,250,platt_fit,55,1.284996203352683,-0.7279636723812811,0.452,0.4962228517469311
nfix,pond,NTP,250,platt_fit,56,0.9646840164684707,-0.7753903009423998,0.444,0.4962228517469311
nfix,pond,NTP,250,platt_fit,57,1.4065053777614758,-0.4560267494051264,0.508,0.4962228517469311
nfix,pond,NTP,250,platt_fit,58,1.0679887447144298,-0.911894481641087,0.336,0.4962228517469311
nfix,pond,NTP,250,platt_fit,59,1.3541886715675682,-0.6291011648945787,0.412,0.4962228517469311
nfix,pond,NTP,250,platt_fit,60,0.922164899763265,-0.7719516017456483,0.42,0.4962228517469311
nfix,pond,NTP,250,platt_fit,61,0.6477022929009395,-0.3035865624549003,0.492,0.4962228517469311
nfix,pond,NTP,250,platt_fit,62,1.0308826647521177,-1.037019888844462,0.368,0.4962228517469311
nfix,pond,NTP,250,platt_fit,63,0.9284446304901166,-0.5117235619544109,0.476,0.4962228517469311
nfix,pond,NTP,250,platt_fit,64,1.03894213644277,-0.6767332697125383,0.476,0.4962228517469311
nfix,pond,NTP,250,platt_fit,65,1.7345972764899025,-0.38085425657156385,0.532,0.4962228517469311
nfix,pond,NTP,250,platt_fit,66,1.3400553332103216,-0.8954551182689013,0.36,0.4962228517469311
nfix,pond,NTP,250,platt_fit,67,1.1017689323534499,-0.547472114579046,0.46,0.4962228517469311
nfix,pond,NTP,250,platt_fit,68,1.063263029729219,-0.9673201421117327,0.396,0.4962228517469311
nfix,pond,NTP,250,platt_fit,69,0.9044282234664646,-0.34687636500512026,0.484,0.4962228517469311
nfix,pond,NTP,250,platt_fit,70,0.9270296514040139,-0.32662685601575325,0.476,0.4962228517469311
nfix,pond,NTP,250,platt_fit,71,1.0089657292076115,-0.7153459600887849,0.396,0.4962228517469311
nfix,pond,NTP,250,platt_fit,72,0.8759049141922921,-0.2723342780003446,0.504,0.4962228517469311
nfix,pond,NTP,250,platt_fit,73,0.9504497528187141,-0.6343488510070652,0.44,0.4962228517469311
nfix,pond,NTP,250,platt_fit,74,1.2389982274664262,-0.8241284694632844,0.412,0.4962228517469311
nfix,pond,NTP,250,platt_fit,75,1.4294403152604498,-0.9104539792642464,0.472,0.4962228517469311
nfix,pond,NTP,250,platt_fit,76,1.1172988976960465,-0.6968956127134915,0.42,0.4962228517469311
nfix,pond,NTP,250,platt_fit,77,0.9543110511199817,-0.525359667584722,0.488,0.4962228517469311
nfix,pond,NTP,250,platt_fit,78,0.9691280486547246,-0.2502832819077114,0.54,0.4962228517469311
nfix,pond,NTP,250,platt_fit,79,1.6137497417894933,-1.1499678253000303,0.34,0.4962228517469311
nfix,pond,NTP,250,platt_fit,80,0.8122967364613646,-0.16000522390963182,0.536,0.4962228517469311
nfix,pond,NTP,250,platt_fit,81,1.2150758189349073,-0.17353264491461184,0.584,0.4962228517469311
nfix,pond,NTP,250,platt_fit,82,1.2850360836787138,-0.9872258515306281,0.432,0.4962228517469311
nfix,pond,NTP,250,platt_fit,83,0.8855856692093061,-0.8666116404501534,0.392,0.4962228517469311
nfix,pond,NTP,250,platt_fit,84,0.9235986477067122,-0.4135288378288629,0.488,0.4962228517469311
nfix,pond,NTP,250,platt_fit,85,0.9057483263692758,0.014741756228570522,0.588,0.4962228517469311
nfix,pond,NTP,250,platt_fit,86,1.4044490318894842,-0.6843535194648165,0.492,0.4962228517469311
nfix,pond,NTP,250,platt_fit,87,1.0703345636127977,-0.5608490286973594,0.512,0.4962228517469311
nfix,pond,NTP,250,platt_fit,88,1.4262439755541114,-1.2530068332000774,0.356,0.4962228517469311
nfix,pond,NTP,250,platt_fit,89,1.7233727727576476,-1.1034579157667443,0.384,0.4962228517469311
nfix,pond,NTP,250,platt_fit,90,1.1876073388209623,-1.3416573950967752,0.3,0.4962228517469311
nfix,pond,NTP,250,platt_fit,91,0.9192631876979419,-0.8265899647574265,0.416,0.4962228517469311
nfix,pond,NTP,250,platt_fit,92,1.113692070584749,-1.3861965257592934,0.268,0.4962228517469311
nfix,pond,NTP,250,platt_fit,93,1.288242427618354,-0.922374102945493,0.42,0.4962228517469311
nfix,pond,NTP,250,platt_fit,94,0.7624344558680354,-0.48682117891444704,0.468,0.4962228517469311
nfix,pond,NTP,250,platt_fit,95,0.7386006671776806,-0.030116359871833035,0.58,0.4962228517469311
nfix,pond,NTP,250,platt_fit,96,1.1008898531864046,-0.20326647069187764,0.52,0.4962228517469311
nfix,pond,NTP,250,platt_fit,97,1.1713579591313097,-0.768376973358647,0.432,0.4962228517469311
nfix,pond,NTP,250,platt_fit,98,1.0755120215426095,-0.4845073991241178,0.516,0.4962228517469311
nfix,pond,NTP,250,platt_fit,99,0.6425240628504698,-0.4916662653663148,0.44,0.4962228517469311
nfix,pond,Probe,500,platt_fit,0,0.6394043192890715,-0.4950880154467849,0.434,0.4962228517469311
nfix,pond,Probe,500,platt_fit,1,0.5763131406618923,-0.23573235058183048,0.39,0.4962228517469311
nfix,pond,Probe,500,platt_fit,2,0.30954460521230276,-0.18550192102979873,0.47,0.4962228517469311
nfix,pond,Probe,500,platt_fit,3,0.729685938395033,-0.35353919838737674,0.28,0.4962228517469311
nfix,pond,Probe,500,platt_fit,4,0.9442303287624421,0.8079396619891914,0.588,0.4962228517469311
nfix,pond,Probe,500,platt_fit,5,0.60459379691843,-0.1026469190525343,0.386,0.4962228517469311
nfix,pond,Probe,500,platt_fit,6,0.4584069389452145,-0.4043038189188485,0.406,0.4962228517469311
nfix,pond,Probe,500,platt_fit,7,0.37850091015536214,0.09975791516450716,0.502,0.4962228517469311
nfix,pond,Probe,500,platt_fit,8,0.6223299307533556,0.2048254016644908,0.466,0.4962228517469311
nfix,pond,Probe,500,platt_fit,9,0.582570400327459,-0.6134566467986314,0.386,0.4962228517469311
nfix,pond,Probe,500,platt_fit,10,0.40510715113640566,-0.28296292266833717,0.44,0.4962228517469311
nfix,pond,Probe,500,platt_fit,11,0.6604640820585181,0.3850351525745588,0.494,0.4962228517469311
nfix,pond,Probe,500,platt_fit,12,0.7178377472699689,-0.09189088719148009,0.384,0.4962228517469311
nfix,pond,Probe,500,platt_fit,13,0.5594350804004325,-0.14267596538728206,0.48,0.4962228517469311
nfix,pond,Probe,500,platt_fit,14,0.513332572017377,-0.6160980522105886,0.36,0.4962228517469311
nfix,pond,Probe,500,platt_fit,15,0.6082809080740554,0.4425436790766454,0.546,0.4962228517469311
nfix,pond,Probe,500,platt_fit,16,0.24457253649679805,-0.07059701833820924,0.49,0.4962228517469311
nfix,pond,Probe,500,platt_fit,17,0.5867283407407149,-0.5001850440862771,0.36,0.4962228517469311
nfix,pond,Probe,500,platt_fit,18,0.5493986312018629,-0.29407840083270953,0.422,0.4962228517469311
nfix,pond,Probe,500,platt_fit,19,0.47328923092073305,-0.4290074564371209,0.4,0.4962228517469311
nfix,pond,Probe,500,platt_fit,20,0.785262488933783,0.6404022321201526,0.48,0.4962228517469311
nfix,pond,Probe,500,platt_fit,21,0.7497169725401773,-0.3932556919273275,0.324,0.4962228517469311
nfix,pond,Probe,500,platt_fit,22,0.22968398891172104,0.014372656715543237,0.51,0.4962228517469311
nfix,pond,Probe,500,platt_fit,23,0.8498638672421658,-0.4634504520288731,0.356,0.4962228517469311
nfix,pond,Probe,500,platt_fit,24,0.6020254287796194,-0.10561877933550147,0.482,0.4962228517469311
nfix,pond,Probe,500,platt_fit,25,0.6976276320877401,0.2821357945160312,0.422,0.4962228517469311
nfix,pond,Probe,500,platt_fit,26,0.37662172198780763,-0.43937070159017727,0.422,0.4962228517469311
nfix,pond,Probe,500,platt_fit,27,0.6996701738136307,-0.6391000061913414,0.36,0.4962228517469311
nfix,pond,Probe,500,platt_fit,28,0.27807075262462116,-0.304746103806256,0.448,0.4962228517469311
nfix,pond,Probe,500,platt_fit,29,0.41163721340438586,-0.3134702657137268,0.436,0.4962228517469311
nfix,pond,Probe,500,platt_fit,30,0.3891351902137376,0.2829019585192211,0.524,0.4962228517469311
nfix,pond,Probe,500,platt_fit,31,0.7265719619422281,-0.15966497203013758,0.336,0.4962228517469311
nfix,pond,Probe,500,platt_fit,32,0.7136485335437617,0.17240101063219204,0.424,0.4962228517469311
nfix,pond,Probe,500,platt_fit,33,0.7122318941169822,-0.30707855562697667,0.392,0.4962228517469311
nfix,pond,Probe,500,platt_fit,34,0.6162750035339813,0.09508355055315088,0.434,0.4962228517469311
nfix,pond,Probe,500,platt_fit,35,0.5542879563427392,-0.6389983852803367,0.38,0.4962228517469311
nfix,pond,Probe,500,platt_fit,36,0.3156469457652319,-0.03899391353286387,0.526,0.4962228517469311
nfix,pond,Probe,500,platt_fit,37,0.8021597619324301,0.04877997904708613,0.394,0.4962228517469311
nfix,pond,Probe,500,platt_fit,38,0.7489604636457673,0.03683738885421164,0.452,0.4962228517469311
nfix,pond,Probe,500,platt_fit,39,0.7073656904284958,-0.3101341586480823,0.348,0.4962228517469311
nfix,pond,Probe,500,platt_fit,40,0.3642171989842286,-0.3113210413810007,0.468,0.4962228517469311
nfix,pond,Probe,500,platt_fit,41,0.5226652690803664,-0.020299410396376425,0.434,0.4962228517469311
nfix,pond,Probe,500,platt_fit,42,0.5094546411011742,-0.17424994649292289,0.42,0.4962228517469311
nfix,pond,Probe,500,platt_fit,43,0.31070997514374,0.13096208656113306,0.53,0.4962228517469311
nfix,pond,Probe,500,platt_fit,44,0.6075919022601365,-0.1940559011297549,0.372,0.4962228517469311
nfix,pond,Probe,500,platt_fit,45,0.07068934410251429,0.22029558050541964,0.564,0.4962228517469311
nfix,pond,Probe,500,platt_fit,46,0.4425300632731863,-0.37687986651919175,0.436,0.4962228517469311
nfix,pond,Probe,500,platt_fit,47,0.4935416505631265,-0.254656752601949,0.404,0.4962228517469311
nfix,pond,Probe,500,platt_fit,48,0.6750682932771971,-0.22406090439245452,0.394,0.4962228517469311
nfix,pond,Probe,500,platt_fit,49,0.9243989406543663,-0.04063815046547457,0.356,0.4962228517469311
nfix,pond,Probe,500,platt_fit,50,0.5059604019931228,-0.31581982065875963,0.408,0.4962228517469311
nfix,pond,Probe,500,platt_fit,51,0.32585992772579214,-0.10876122545029353,0.462,0.4962228517469311
nfix,pond,Probe,500,platt_fit,52,0.44594188554410447,-0.604243679596732,0.452,0.4962228517469311
nfix,pond,Probe,500,platt_fit,53,0.5538839503020544,0.0058067997792487416,0.442,0.4962228517469311
nfix,pond,Probe,500,platt_fit,54,0.47338479321193705,-0.21949452618309628,0.43,0.4962228517469311
nfix,pond,Probe,500,platt_fit,55,0.3182449007666793,-0.4659632938595447,0.406,0.4962228517469311
nfix,pond,Probe,500,platt_fit,56,0.35355435808366836,-0.3792383067623164,0.424,0.4962228517469311
nfix,pond,Probe,500,platt_fit,57,0.4269256685883443,-0.12116147426831315,0.496,0.4962228517469311
nfix,pond,Probe,500,platt_fit,58,0.7177627742010441,-0.35151778139297624,0.386,0.4962228517469311
nfix,pond,Probe,500,platt_fit,59,0.531296676853087,0.15875485851602092,0.45,0.4962228517469311
nfix,pond,Probe,500,platt_fit,60,0.3407090853699919,-0.388735220035016,0.43,0.4962228517469311
nfix,pond,Probe,500,platt_fit,61,0.4071222125076066,-0.05496930397048694,0.468,0.4962228517469311
nfix,pond,Probe,500,platt_fit,62,0.6053079638134574,-0.3232957346596385,0.364,0.4962228517469311
nfix,pond,Probe,500,platt_fit,63,0.37303459181396914,-0.23793637954270513,0.48,0.4962228517469311
nfix,pond,Probe,500,platt_fit,64,0.4304207067243908,0.040160316379622515,0.488,0.4962228517469311
nfix,pond,Probe,500,platt_fit,65,0.8445400250575656,0.5375695178669619,0.454,0.4962228517469311
nfix,pond,Probe,500,platt_fit,66,0.7845297812616138,0.1956986118091878,0.426,0.4962228517469311
nfix,pond,Probe,500,platt_fit,67,0.5641739223574249,-0.032689329285788035,0.518,0.4962228517469311
nfix,pond,Probe,500,platt_fit,68,0.660861873755069,-0.367626847305781,0.398,0.4962228517469311
nfix,pond,Probe,500,platt_fit,69,0.822274645027697,0.2694309484392439,0.502,0.4962228517469311
nfix,pond,Probe,500,platt_fit,70,0.3907319535363851,-0.17254380980592435,0.43,0.4962228517469311
nfix,pond,Probe,500,platt_fit,71,0.5942289313587438,-0.3985264666342534,0.356,0.4962228517469311
nfix,pond,Probe,500,platt_fit,72,0.5170098984618126,0.28462774067853897,0.504,0.4962228517469311
nfix,pond,Probe,500,platt_fit,73,0.5784214980528256,-0.34277737562857047,0.432,0.4962228517469311
nfix,pond,Probe,500,platt_fit,74,0.6966992799261913,-0.09500406036782291,0.404,0.4962228517469311
nfix,pond,Probe,500,platt_fit,75,0.0883293454470716,0.05594280322046961,0.53,0.4962228517469311
nfix,pond,Probe,500,platt_fit,76,0.7369833736682708,0.023071271940351926,0.402,0.4962228517469311
nfix,pond,Probe,500,platt_fit,77,0.2641313250288662,-0.2803617382712634,0.49,0.4962228517469311
nfix,pond,Probe,500,platt_fit,78,0.3617487936471181,-0.09300482313266896,0.482,0.4962228517469311
nfix,pond,Probe,500,platt_fit,79,0.8112917379655383,0.19439747453899667,0.408,0.4962228517469311
nfix,pond,Probe,500,platt_fit,80,0.4935437529992094,0.35513983383384296,0.538,0.4962228517469311
nfix,pond,Probe,500,platt_fit,81,0.12353546844512649,0.2701512513881825,0.578,0.4962228517469311
nfix,pond,Probe,500,platt_fit,82,0.5468403323549301,-0.6050619356252299,0.37,0.4962228517469311
nfix,pond,Probe,500,platt_fit,83,0.5584321623345645,-0.07853018602369177,0.424,0.4962228517469311
nfix,pond,Probe,500,platt_fit,84,0.4134814481355933,-0.16030638745776005,0.454,0.4962228517469311
nfix,pond,Probe,500,platt_fit,85,0.18232109654211814,0.2530726565801274,0.566,0.4962228517469311
nfix,pond,Probe,500,platt_fit,86,0.42812544815024156,-0.43258517255950624,0.428,0.4962228517469311
nfix,pond,Probe,500,platt_fit,87,0.35110283244958956,-0.47160185043687647,0.442,0.4962228517469311
nfix,pond,Probe,500,platt_fit,88,0.6928858409311943,-0.3417417306019733,0.358,0.4962228517469311
nfix,pond,Probe,500,platt_fit,89,1.1777159322413562,0.41606379423576145,0.418,0.4962228517469311
nfix,pond,Probe,500,platt_fit,90,0.5320487827483716,-0.5355553380160519,0.388,0.4962228517469311
nfix,pond,Probe,500,platt_fit,91,0.5823374025244312,-0.030104888582409384,0.448,0.4962228517469311
nfix,pond,Probe,500,platt_fit,92,0.8804298429533888,0.039587038313587404,0.336,0.4962228517469311
nfix,pond,Probe,500,platt_fit,93,0.6040543960719577,-0.23356059764576118,0.362,0.4962228517469311
nfix,pond,Probe,500,platt_fit,94,0.31587672350714874,-0.36157427820619753,0.454,0.4962228517469311
nfix,pond,Probe,500,platt_fit,95,0.5918220315340528,0.2524531255935197,0.518,0.4962228517469311
nfix,pond,Probe,500,platt_fit,96,0.4971158314806976,0.44319363684406593,0.552,0.4962228517469311
nfix,pond,Probe,500,platt_fit,97,0.6889438485656866,0.2935942571424417,0.498,0.4962228517469311
nfix,pond,Probe,500,platt_fit,98,0.3648691653883274,-0.2550492967908352,0.468,0.4962228517469311
nfix,pond,Probe,500,platt_fit,99,0.22584430227048602,-0.3742292207959569,0.428,0.4962228517469311
nfix,pond,NTP,500,platt_fit,0,1.1167198936773277,-0.73744322090597,0.434,0.4962228517469311
nfix,pond,NTP,500,platt_fit,1,1.2627050433300875,-0.9218428257461752,0.39,0.4962228517469311
nfix,pond,NTP,500,platt_fit,2,0.951868546894286,-0.608048203280442,0.47,0.4962228517469311
nfix,pond,NTP,500,platt_fit,3,1.2816025017997628,-1.5038010866271279,0.28,0.4962228517469311
nfix,pond,NTP,500,platt_fit,4,1.3020580464422966,0.02081345232324047,0.588,0.4962228517469311
nfix,pond,NTP,500,platt_fit,5,0.9558771450917986,-0.8244366902867949,0.386,0.4962228517469311
nfix,pond,NTP,500,platt_fit,6,0.9076206933122789,-0.7917539639377372,0.406,0.4962228517469311
nfix,pond,NTP,500,platt_fit,7,0.7836534564847302,-0.26878767965193834,0.502,0.4962228517469311
nfix,pond,NTP,500,platt_fit,8,1.0387653781469697,-0.553122216198135,0.466,0.4962228517469311
nfix,pond,NTP,500,platt_fit,9,1.0955749661738114,-0.9819721618415111,0.386,0.4962228517469311
nfix,pond,NTP,500,platt_fit,10,1.0203538511148573,-0.6464765566204963,0.44,0.4962228517469311
nfix,pond,NTP,500,platt_fit,11,1.15323183748669,-0.2987584910640973,0.494,0.4962228517469311
nfix,pond,NTP,500,platt_fit,12,1.1453168917831533,-0.935981604506905,0.384,0.4962228517469311
nfix,pond,NTP,500,platt_fit,13,1.5327532201369611,-0.6298423117365347,0.48,0.4962228517469311
nfix,pond,NTP,500,platt_fit,14,1.1406493396434425,-1.1150663903714142,0.36,0.4962228517469311
nfix,pond,NTP,500,platt_fit,15,1.19764061406518,-0.21628427266262837,0.546,0.4962228517469311
nfix,pond,NTP,500,platt_fit,16,0.7986206062221649,-0.3330055884172965,0.49,0.4962228517469311
nfix,pond,NTP,500,platt_fit,17,1.218478544455972,-1.1052123910596994,0.36,0.4962228517469311
nfix,pond,NTP,500,platt_fit,18,1.0125479792242464,-0.7337773445211904,0.422,0.4962228517469311
nfix,pond,NTP,500,platt_fit,19,1.2622625890754042,-0.9893602093219124,0.4,0.4962228517469311
nfix,pond,NTP,500,platt_fit,20,1.4603775888146633,-0.6093880755182288,0.48,0.4962228517469311
nfix,pond,NTP,500,platt_fit,21,1.559795683002557,-1.36021149640304,0.324,0.4962228517469311
nfix,pond,NTP,500,platt_fit,22,0.7802055252087683,-0.2707250683131404,0.51,0.4962228517469311
nfix,pond,NTP,500,platt_fit,23,1.3912628923188053,-1.2431749706419002,0.356,0.4962228517469311
nfix,pond,NTP,500,platt_fit,24,0.8598926966147109,-0.46428098742124146,0.482,0.4962228517469311
nfix,pond,NTP,500,platt_fit,25,1.309969832509386,-0.7166642407036348,0.422,0.4962228517469311
nfix,pond,NTP,500,platt_fit,26,1.0834808441260397,-0.843309583936325,0.422,0.4962228517469311
nfix,pond,NTP,500,platt_fit,27,1.3277373983148937,-1.173917378493568,0.36,0.4962228517469311
nfix,pond,NTP,500,platt_fit,28,1.0853458828083713,-0.6360560722029859,0.448,0.4962228517469311
nfix,pond,NTP,500,platt_fit,29,0.8621399829848198,-0.5617667276608348,0.436,0.4962228517469311
nfix,pond,NTP,500,platt_fit,30,1.0434544754839385,-0.22796326933201572,0.524,0.4962228517469311
nfix,pond,NTP,500,platt_fit,31,1.1916252719714975,-1.1481229452562387,0.336,0.4962228517469311
nfix,pond,NTP,500,platt_fit,32,0.9935612877651636,-0.6354640174265606,0.424,0.4962228517469311
nfix,pond,NTP,500,platt_fit,33,1.0417959634033642,-0.8161156680253514,0.392,0.4962228517469311
nfix,pond,NTP,500,platt_fit,34,1.1338476529290133,-0.7062103714255961,0.434,0.4962228517469311
nfix,pond,NTP,500,platt_fit,35,0.8572504367318481,-0.9469305113163428,0.38,0.4962228517469311
nfix,pond,NTP,500,platt_fit,36,0.9400712808947628,-0.23332487514537179,0.526,0.4962228517469311
nfix,pond,NTP,500,platt_fit,37,1.0348087332060052,-0.7797963745351247,0.394,0.4962228517469311
nfix,pond,NTP,500,platt_fit,38,1.0332296775410696,-0.593601108433206,0.452,0.4962228517469311
nfix,pond,NTP,500,platt_fit,39,1.4168370445592209,-1.1587987373344064,0.348,0.4962228517469311
nfix,pond,NTP,500,platt_fit,40,1.0209558268312697,-0.6989468855548407,0.468,0.4962228517469311
nfix,pond,NTP,500,platt_fit,41,1.3143308477430855,-0.642073197412784,0.434,0.4962228517469311
nfix,pond,NTP,500,platt_fit,42,1.1827240887348498,-0.7679621544450409,0.42,0.4962228517469311
nfix,pond,NTP,500,platt_fit,43,0.9943925725011772,-0.23519860759218433,0.53,0.4962228517469311
nfix,pond,NTP,500,platt_fit,44,0.92137625231299,-0.8683519734247338,0.372,0.4962228517469311
nfix,pond,NTP,500,platt_fit,45,0.8366334400031366,-0.19545228367180495,0.564,0.4962228517469311
nfix,pond,NTP,500,platt_fit,46,0.9132705269302853,-0.7197330104078086,0.436,0.4962228517469311
nfix,pond,NTP,500,platt_fit,47,1.1924793201794541,-0.8713109881503653,0.404,0.4962228517469311
nfix,pond,NTP,500,platt_fit,48,1.3930127064949127,-0.8835679276720948,0.394,0.4962228517469311
nfix,pond,NTP,500,platt_fit,49,1.1643154655124401,-1.0005756168810553,0.356,0.4962228517469311
nfix,pond,NTP,500,platt_fit,50,1.067338590079774,-0.8597486498454017,0.408,0.4962228517469311
nfix,pond,NTP,500,platt_fit,51,0.6060290007616582,-0.3466301441936246,0.462,0.4962228517469311
nfix,pond,NTP,500,platt_fit,52,1.199193848086683,-0.698184556799161,0.452,0.4962228517469311
nfix,pond,NTP,500,platt_fit,53,1.3225040373446078,-0.761794972728071,0.442,0.4962228517469311
nfix,pond,NTP,500,platt_fit,54,1.1182726637230427,-0.8678059626946798,0.43,0.4962228517469311
nfix,pond,NTP,500,platt_fit,55,1.0325215856507377,-0.7700223938391727,0.406,0.4962228517469311
nfix,pond,NTP,500,platt_fit,56,0.8519824209855962,-0.7456085823735464,0.424,0.4962228517469311
nfix,pond,NTP,500,platt_fit,57,1.3338274848763194,-0.6116444007349062,0.496,0.4962228517469311
nfix,pond,NTP,500,platt_fit,58,1.3861230647861327,-0.8312865349309237,0.386,0.4962228517469311
nfix,pond,NTP,500,platt_fit,59,0.8196973518995022,-0.43266791760665035,0.45,0.4962228517469311
nfix,pond,NTP,500,platt_fit,60,0.9481091271589529,-0.7655329104722894,0.43,0.4962228517469311
nfix,pond,NTP,500,platt_fit,61,0.7200260463741075,-0.3991110701258468,0.468,0.4962228517469311
nfix,pond,NTP,500,platt_fit,62,1.3768217052731004,-1.1490121199299665,0.364,0.4962228517469311
nfix,pond,NTP,500,platt_fit,63,1.211788378832858,-0.5064787382066309,0.48,0.4962228517469311
nfix,pond,NTP,500,platt_fit,64,0.9587285574841385,-0.49747822762253985,0.488,0.4962228517469311
nfix,pond,NTP,500,platt_fit,65,1.5685212922278724,-0.6508819490093884,0.454,0.4962228517469311
nfix,pond,NTP,500,platt_fit,66,1.117780802205547,-0.5942071476075739,0.426,0.4962228517469311
nfix,pond,NTP,500,platt_fit,67,1.18637123183615,-0.2788471642370583,0.518,0.4962228517469311
nfix,pond,NTP,500,platt_fit,68,1.1776604421882253,-1.043012955291385,0.398,0.4962228517469311
nfix,pond,NTP,500,platt_fit,69,0.7903909742159732,-0.25059455153348037,0.502,0.4962228517469311
nfix,pond,NTP,500,platt_fit,70,0.8054745161214583,-0.435639241255539,0.43,0.4962228517469311
nfix,pond,NTP,500,platt_fit,71,1.2186324492509872,-1.000472862820019,0.356,0.4962228517469311
nfix,pond,NTP,500,platt_fit,72,0.9066817728660416,-0.2789792864140839,0.504,0.4962228517469311
nfix,pond,NTP,500,platt_fit,73,0.9944277969366133,-0.7511988951176134,0.432,0.4962228517469311
nfix,pond,NTP,500,platt_fit,74,1.0347888316650484,-0.7642771939034064,0.404,0.4962228517469311
nfix,pond,NTP,500,platt_fit,75,1.0759076730736494,-0.4824173298304084,0.53,0.4962228517469311
nfix,pond,NTP,500,platt_fit,76,1.0871475918875506,-0.8427277931954295,0.402,0.4962228517469311
nfix,pond,NTP,500,platt_fit,77,0.9937925771841222,-0.5496968725821558,0.49,0.4962228517469311
nfix,pond,NTP,500,platt_fit,78,0.9904521217581718,-0.5734046104077144,0.482,0.4962228517469311
nfix,pond,NTP,500,platt_fit,79,1.3841544304537825,-0.900778096380632,0.408,0.4962228517469311
nfix,pond,NTP,500,platt_fit,80,0.666631991854668,-0.09321797126204658,0.538,0.4962228517469311
nfix,pond,NTP,500,platt_fit,81,0.6094027148174526,0.0027657100598905138,0.578,0.4962228517469311
nfix,pond,NTP,500,platt_fit,82,1.2467855698961643,-1.2673196366319228,0.37,0.4962228517469311
nfix,pond,NTP,500,platt_fit,83,1.1015923602690758,-0.824369937118577,0.424,0.4962228517469311
nfix,pond,NTP,500,platt_fit,84,1.1429222838031676,-0.6209074174107511,0.454,0.4962228517469311
nfix,pond,NTP,500,platt_fit,85,0.9029951632039773,-0.10621584333380432,0.566,0.4962228517469311
nfix,pond,NTP,500,platt_fit,86,1.2661706977795943,-0.7286548417893304,0.428,0.4962228517469311
nfix,pond,NTP,500,platt_fit,87,0.8535268917234936,-0.6715767770360614,0.442,0.4962228517469311
nfix,pond,NTP,500,platt_fit,88,1.4452712848971077,-1.165415334684775,0.358,0.4962228517469311
nfix,pond,NTP,500,platt_fit,89,1.7176051252771447,-0.8245356298605958,0.418,0.4962228517469311
nfix,pond,NTP,500,platt_fit,90,1.097169212006882,-0.9794322894145516,0.388,0.4962228517469311
nfix,pond,NTP,500,platt_fit,91,0.8898895839354958,-0.666923763738183,0.448,0.4962228517469311
nfix,pond,NTP,500,platt_fit,92,1.4628328454990494,-1.2499312151939097,0.336,0.4962228517469311
nfix,pond,NTP,500,platt_fit,93,1.0572202726247832,-1.0354873639468458,0.362,0.4962228517469311
nfix,pond,NTP,500,platt_fit,94,1.0305685312171784,-0.6720283797694396,0.454,0.4962228517469311
nfix,pond,NTP,500,platt_fit,95,0.8245935206165447,-0.32100596196733666,0.518,0.4962228517469311
nfix,pond,NTP,500,platt_fit,96,0.9134744744153666,-0.07327435091808622,0.552,0.4962228517469311
nfix,pond,NTP,500,platt_fit,97,0.9355825867820262,-0.37188002760579913,0.498,0.4962228517469311
nfix,pond,NTP,500,platt_fit,98,1.0450237440497105,-0.5234084449881315,0.468,0.4962228517469311
nfix,pond,NTP,500,platt_fit,99,0.7363258391822172,-0.6090961588032516,0.428,0.4962228517469311
nfix,pond,Probe,1000,platt_fit,0,0.5029594607639872,-0.4712280647374697,0.418,0.4962228517469311
nfix,pond,Probe,1000,platt_fit,1,0.6400269631554119,-0.26591308222567545,0.389,0.4962228517469311
nfix,pond,Probe,1000,platt_fit,2,0.21935899076079185,-0.07200138526367406,0.496,0.4962228517469311
nfix,pond,Probe,1000,platt_fit,3,0.7382023110362022,-0.26610600575663806,0.295,0.4962228517469311
nfix,pond,Probe,1000,platt_fit,4,0.999012205706967,0.667805457152383,0.576,0.4962228517469311
nfix,pond,Probe,1000,platt_fit,5,0.7284075074609186,-0.008843649750702436,0.393,0.4962228517469311
nfix,pond,Probe,1000,platt_fit,6,0.5546960782823016,-0.45446207362060376,0.401,0.4962228517469311
nfix,pond,Probe,1000,platt_fit,7,0.3423756999079213,0.08714606833037244,0.508,0.4962228517469311
nfix,pond,Probe,1000,platt_fit,8,0.6295323053619835,0.15324692985561164,0.44,0.4962228517469311
nfix,pond,Probe,1000,platt_fit,9,0.5218831796386998,-0.5219471610588995,0.4,0.4962228517469311
nfix,pond,Probe,1000,platt_fit,10,0.5448947747004875,-0.2892614844072102,0.444,0.4962228517469311
nfix,pond,Probe,1000,platt_fit,11,0.610806424254309,0.32864403980157975,0.497,0.4962228517469311
nfix,pond,Probe,1000,platt_fit,12,0.655331912001333,-0.10992541757666455,0.376,0.4962228517469311
nfix,pond,Probe,1000,platt_fit,13,0.5433665750562408,-0.0014313667268929314,0.503,0.4962228517469311
nfix,pond,Probe,1000,platt_fit,14,0.5139218760553532,-0.47650532458732753,0.377,0.4962228517469311
nfix,pond,Probe,1000,platt_fit,15,0.5037407463540939,0.39347459487396574,0.544,0.4962228517469311
nfix,pond,Probe,1000,platt_fit,16,0.2878690353801397,-0.19642846522721547,0.46,0.4962228517469311
nfix,pond,Probe,1000,platt_fit,17,0.5762102270624339,-0.6039659444262557,0.355,0.4962228517469311
nfix,pond,Probe,1000,platt_fit,18,0.5150251732970633,-0.25133944780631795,0.441,0.4962228517469311
nfix,pond,Probe,1000,platt_fit,19,0.45719491483194674,-0.38136850030853475,0.413,0.4962228517469311
nfix,pond,Probe,1000,platt_fit,20,0.7694449747378497,0.8380747055690384,0.553,0.4962228517469311
nfix,pond,Probe,1000,platt_fit,21,0.7204168946741942,-0.3193822235419841,0.333,0.4962228517469311
nfix,pond,Probe,1000,platt_fit,22,0.34683487580912076,0.101559422803952,0.534,0.4962228517469311
nfix,pond,Probe,1000,platt_fit,23,0.8198430482224116,-0.5275764551892604,0.331,0.4962228517469311
nfix,pond,Probe,1000,platt_fit,24,0.55037638563579,0.057461639836257454,0.524,0.4962228517469311
nfix,pond,Probe,1000,platt_fit,25,0.6945970778126721,0.21486083071800535,0.41,0.4962228517469311
nfix,pond,Probe,1000,platt_fit,26,0.37449310485973814,-0.33949706744434405,0.454,0.4962228517469311
nfix,pond,Probe,1000,platt_fit,27,0.5119394396062,-0.5238146461945772,0.373,0.4962228517469311
nfix,pond,Probe,1000,platt_fit,28,0.31483599127204204,-0.3004662346627023,0.45,0.4962228517469311
nfix,pond,Probe,1000,platt_fit,29,0.49248196702472874,-0.19146589653265705,0.461,0.4962228517469311
nfix,pond,Probe,1000,platt_fit,30,0.312007840753198,0.38996787360206575,0.56,0.4962228517469311
nfix,pond,Probe,1000,platt_fit,31,0.8043583448180743,0.01040665444755642,0.374,0.4962228517469311
nfix,pond,Probe,1000,platt_fit,32,0.7787220520910336,0.37708723476131717,0.454,0.4962228517469311
nfix,pond,Probe,1000,platt_fit,33,0.6145888657562397,-0.15258147383718668,0.43,0.4962228517469311
nfix,pond,Probe,1000,platt_fit,34,0.6271041314792287,0.18566540459728553,0.454,0.4962228517469311
nfix,pond,Probe,1000,platt_fit,35,0.5118417500226519,-0.3258170699127977,0.448,0.4962228517469311
nfix,pond,Probe,1000,platt_fit,36,0.3183043351336827,-0.24334025505522527,0.474,0.4962228517469311
nfix,pond,Probe,1000,platt_fit,37,0.8861293449945283,0.032469181741279676,0.408,0.4962228517469311
nfix,pond,Probe,1000,platt_fit,38,0.5965933337287527,-0.2504068040383529,0.407,0.4962228517469311
nfix,pond,Probe,1000,platt_fit,39,0.6711824307004289,-0.3691622876753578,0.34,0.4962228517469311
nfix,pond,Probe,1000,platt_fit,40,0.33387739036141,-0.29764005580422326,0.469,0.4962228517469311
nfix,pond,Probe,1000,platt_fit,41,0.5346050469991043,-0.007791760150118973,0.45,0.4962228517469311
nfix,pond,Probe,1000,platt_fit,42,0.46506974030487097,-0.09964791940866564,0.451,0.4962228517469311
nfix,pond,Probe,1000,platt_fit,43,0.30999060330903266,0.17939637582080728,0.545,0.4962228517469311
nfix,pond,Probe,1000,platt_fit,44,0.706448595025446,-0.09938193367479331,0.379,0.4962228517469311
nfix,pond,Probe,1000,platt_fit,45,0.10836544209276301,0.05550488169828333,0.527,0.4962228517469311
nfix,pond,Probe,1000,platt_fit,46,0.4342911958753621,-0.4527572684690843,0.406,0.4962228517469311
nfix,pond,Probe,1000,platt_fit,47,0.5469176463436882,-0.1388903706340513,0.435,0.4962228517469311
nfix,pond,Probe,1000,platt_fit,48,0.6157575936454782,-0.2037228470972512,0.408,0.4962228517469311
nfix,pond,Probe,1000,platt_fit,49,0.8740676053538119,-0.03893972758408492,0.362,0.4962228517469311
nfix,pond,Probe,1000,platt_fit,50,0.5279561450164426,-0.36889358234579434,0.418,0.4962228517469311
nfix,pond,Probe,1000,platt_fit,51,0.43061984861926705,-0.053578023239665436,0.475,0.4962228517469311
nfix,pond,Probe,1000,platt_fit,52,0.3281482084592466,-0.42415364032923275,0.462,0.4962228517469311
nfix,pond,Probe,1000,platt_fit,53,0.5292222487960897,0.01762166996807051,0.442,0.4962228517469311
nfix,pond,Probe,1000,platt_fit,54,0.42495756587499833,-0.22022035384246655,0.427,0.4962228517469311
nfix,pond,Probe,1000,platt_fit,55,0.3646110864667733,-0.296466266041119,0.456,0.4962228517469311
nfix,pond,Probe,1000,platt_fit,56,0.38163793019499065,-0.35592893663334946,0.437,0.4962228517469311
nfix,pond,Probe,1000,platt_fit,57,0.41276741869892253,-0.13461900938655239,0.478,0.4962228517469311
nfix,pond,Probe,1000,platt_fit,58,0.7980202057577235,-0.4318947705426107,0.37,0.4962228517469311
nfix,pond,Probe,1000,platt_fit,59,0.5973617575346113,0.012433193870130813,0.409,0.4962228517469311
nfix,pond,Probe,1000,platt_fit,60,0.36129629131326696,-0.4241232827604163,0.423,0.4962228517469311
nfix,pond,Probe,1000,platt_fit,61,0.4018379200916088,0.10548868357795058,0.51,0.4962228517469311
nfix,pond,Probe,1000,platt_fit,62,0.6432368514529108,-0.38584243021908865,0.358,0.4962228517469311
nfix,pond,Probe,1000,platt_fit,63,0.4001174113118692,-0.2371706220014117,0.476,0.4962228517469311
nfix,pond,Probe,1000,platt_fit,64,0.371877581101947,-0.04183458584668886,0.461,0.4962228517469311
nfix,pond,Probe,1000,platt_fit,65,0.7917035870011832,0.4956441123202269,0.443,0.4962228517469311
nfix,pond,Probe,1000,platt_fit,66,0.9449985476953061,0.21263788551858376,0.417,0.4962228517469311
nfix,pond,Probe,1000,platt_fit,67,0.4672679376630838,-0.03630973889343674,0.492,0.4962228517469311
nfix,pond,Probe,1000,platt_fit,68,0.6636917851557761,-0.5495169554058418,0.351,0.4962228517469311
nfix,pond,Probe,1000,platt_fit,69,0.7193393027224546,0.269365902595422,0.512,0.4962228517469311
nfix,pond,Probe,1000,platt_fit,70,0.4378704398046999,-0.08081848048297471,0.455,0.4962228517469311
nfix,pond,Probe,1000,platt_fit,71,0.5850346778845449,-0.3602161525136969,0.375,0.4962228517469311
nfix,pond,Probe,1000,platt_fit,72,0.595017695453581,0.2187882003593805,0.485,0.4962228517469311
nfix,pond,Probe,1000,platt_fit,73,0.6323559087365086,-0.21743338577475094,0.433,0.4962228517469311
nfix,pond,Probe,1000,platt_fit,74,0.6278912849678702,-0.13764465853530602,0.404,0.4962228517469311
nfix,pond,Probe,1000,platt_fit,75,0.14522689839450723,0.05724013174866095,0.54,0.4962228517469311
nfix,pond,Probe,1000,platt_fit,76,0.8146126084855184,0.1450839941145881,0.415,0.4962228517469311
nfix,pond,Probe,1000,platt_fit,77,0.3529120341027086,-0.46323485685276866,0.466,0.4962228517469311
nfix,pond,Probe,1000,platt_fit,78,0.305292551695727,-0.049290852072556346,0.501,0.4962228517469311
nfix,pond,Probe,1000,platt_fit,79,0.8006315754154326,0.018249213729152277,0.358,0.4962228517469311
nfix,pond,Probe,1000,platt_fit,80,0.4495787201445694,0.3146645203804137,0.541,0.4962228517469311
nfix,pond,Probe,1000,platt_fit,81,0.10626139430567258,0.20395557606592107,0.56,0.4962228517469311
nfix,pond,Probe,1000,platt_fit,82,0.5892007034232539,-0.6236313074707855,0.361,0.4962228517469311
nfix,pond,Probe,1000,platt_fit,83,0.6112542435485339,0.14915626993812278,0.453,0.4962228517469311
nfix,pond,Probe,1000,platt_fit,84,0.36653654193164764,-0.1256907783340266,0.463,0.4962228517469311
nfix,pond,Probe,1000,platt_fit,85,0.2523569543229797,0.2438119023745857,0.562,0.4962228517469311
nfix,pond,Probe,1000,platt_fit,86,0.5152878778995259,-0.5882003026969296,0.413,0.4962228517469311
nfix,pond,Probe,1000,platt_fit,87,0.3287988403247294,-0.3353773283567842,0.471,0.4962228517469311
nfix,pond,Probe,1000,platt_fit,88,0.6653778306561651,-0.1658251800738912,0.382,0.4962228517469311
nfix,pond,Probe,1000,platt_fit,89,1.0086251488334088,0.004426047434607422,0.37,0.4962228517469311
nfix,pond,Probe,1000,platt_fit,90,0.6804844940011617,-0.8188774086239853,0.348,0.4962228517469311
nfix,pond,Probe,1000,platt_fit,91,0.580173565827991,0.015547157452313177,0.456,0.4962228517469311
nfix,pond,Probe,1000,platt_fit,92,0.8784766568389618,-0.27278916987573554,0.292,0.4962228517469311
nfix,pond,Probe,1000,platt_fit,93,0.6325569790346087,-0.11527144317547318,0.381,0.4962228517469311
nfix,pond,Probe,1000,platt_fit,94,0.2587801574580217,-0.26536272181426634,0.471,0.4962228517469311
nfix,pond,Probe,1000,platt_fit,95,0.5544456784141029,0.368168405193066,0.566,0.4962228517469311
nfix,pond,Probe,1000,platt_fit,96,0.6131636503055267,0.3977534255770075,0.535,0.4962228517469311
nfix,pond,Probe,1000,platt_fit,97,0.6954959230016504,0.34232767065588254,0.499,0.4962228517469311
nfix,pond,Probe,1000,platt_fit,98,0.34068579883742306,-0.19418132473258803,0.484,0.4962228517469311
nfix,pond,Probe,1000,platt_fit,99,0.3532644609283987,-0.3600936532603161,0.444,0.4962228517469311
nfix,pond,NTP,1000,platt_fit,0,1.003958271297845,-0.7713211663391124,0.418,0.4962228517469311
nfix,pond,NTP,1000,platt_fit,1,1.14440326668586,-0.8778236395033316,0.389,0.4962228517469311
nfix,pond,NTP,1000,platt_fit,2,0.8419421271661633,-0.4264800365308481,0.496,0.4962228517469311
nfix,pond,NTP,1000,platt_fit,3,1.2299421454643895,-1.3932576355068031,0.295,0.4962228517469311
nfix,pond,NTP,1000,platt_fit,4,1.5355098612139493,-0.0026985832750949703,0.576,0.4962228517469311
nfix,pond,NTP,1000,platt_fit,5,1.1283004490394966,-0.8794857461467539,0.393,0.4962228517469311
nfix,pond,NTP,1000,platt_fit,6,0.8913622106771227,-0.8397014323897544,0.401,0.4962228517469311
nfix,pond,NTP,1000,platt_fit,7,0.8602782286558581,-0.32635285356139726,0.508,0.4962228517469311
nfix,pond,NTP,1000,platt_fit,8,0.9951845805966938,-0.6211083560328869,0.44,0.4962228517469311
nfix,pond,NTP,1000,platt_fit,9,1.112665440512827,-0.8787992951965528,0.4,0.4962228517469311
nfix,pond,NTP,1000,platt_fit,10,1.0648895284740871,-0.7020342465443281,0.444,0.4962228517469311
nfix,pond,NTP,1000,platt_fit,11,1.1024721935971336,-0.32888342075142374,0.497,0.4962228517469311
nfix,pond,NTP,1000,platt_fit,12,1.0190474638033384,-0.8726838411222102,0.376,0.4962228517469311
nfix,pond,NTP,1000,platt_fit,13,1.228096815564372,-0.4261849411325733,0.503,0.4962228517469311
nfix,pond,NTP,1000,platt_fit,14,1.1760899253206847,-1.001196370152527,0.377,0.4962228517469311
nfix,pond,NTP,1000,platt_fit,15,1.0758126201611984,-0.16397276109411613,0.544,0.4962228517469311
nfix,pond,NTP,1000,platt_fit,16,1.0513135071985498,-0.4613188392248363,0.46,0.4962228517469311
nfix,pond,NTP,1000,platt_fit,17,1.2147120415003863,-1.1863013660235426,0.355,0.4962228517469311
nfix,pond,NTP,1000,platt_fit,18,1.0219948088636779,-0.6402783057890912,0.441,0.4962228517469311
nfix,pond,NTP,1000,platt_fit,19,1.20276943048174,-0.9230723229894722,0.413,0.4962228517469311
nfix,pond,NTP,1000,platt_fit,20,1.4702655501735715,-0.31492092531940696,0.553,0.4962228517469311
nfix,pond,NTP,1000,platt_fit,21,1.4096037989448942,-1.2308484291464514,0.333,0.4962228517469311
nfix,pond,NTP,1000,platt_fit,22,0.9540433100126149,-0.2665774548145482,0.534,0.4962228517469311
nfix,pond,NTP,1000,platt_fit,23,1.134923368867137,-1.2567941820720687,0.331,0.4962228517469311
nfix,pond,NTP,1000,platt_fit,24,0.6958855363282307,-0.239443203821554,0.524,0.4962228517469311
nfix,pond,NTP,1000,platt_fit,25,1.2140976370013297,-0.7300845132508818,0.41,0.4962228517469311
nfix,pond,NTP,1000,platt_fit,26,1.0233653743222382,-0.7017225039415156,0.454,0.4962228517469311
nfix,pond,NTP,1000,platt_fit,27,1.052722884405431,-1.081538597678802,0.373,0.4962228517469311
nfix,pond,NTP,1000,platt_fit,28,1.0370273574717526,-0.6126433838028514,0.45,0.4962228517469311
nfix,pond,NTP,1000,platt_fit,29,0.9285811219182342,-0.4568734417118338,0.461,0.4962228517469311
nfix,pond,NTP,1000,platt_fit,30,0.9343937055765879,-0.08724600735737648,0.56,0.4962228517469311
nfix,pond,NTP,1000,platt_fit,31,1.2273380153610858,-1.0343329391123677,0.374,0.4962228517469311
nfix,pond,NTP,1000,platt_fit,32,1.055254266208185,-0.4950478230328637,0.454,0.4962228517469311
nfix,pond,NTP,1000,platt_fit,33,1.023346857815384,-0.6367253891412649,0.43,0.4962228517469311
nfix,pond,NTP,1000,platt_fit,34,1.055253865482957,-0.5856777896857529,0.454,0.4962228517469311
nfix,pond,NTP,1000,platt_fit,35,1.078519496890414,-0.7463180206460549,0.448,0.4962228517469311
nfix,pond,NTP,1000,platt_fit,36,1.0685076323140181,-0.5326767922980417,0.474,0.4962228517469311
nfix,pond,NTP,1000,platt_fit,37,1.0991682347063225,-0.7418859910271752,0.408,0.4962228517469311
nfix,pond,NTP,1000,platt_fit,38,0.9170556136741735,-0.77894377272394,0.407,0.4962228517469311
nfix,pond,NTP,1000,platt_fit,39,1.4032770046013632,-1.2920078867414446,0.34,0.4962228517469311
nfix,pond,NTP,1000,platt_fit,40,1.0016898301336858,-0.6892028524970778,0.469,0.4962228517469311
nfix,pond,NTP,1000,platt_fit,41,1.3031694572269494,-0.5976662090545447,0.45,0.4962228517469311
nfix,pond,NTP,1000,platt_fit,42,1.1611969411878673,-0.6714304303913222,0.451,0.4962228517469311
nfix,pond,NTP,1000,platt_fit,43,0.930251120088944,-0.14438882067018896,0.545,0.4962228517469311
nfix,pond,NTP,1000,platt_fit,44,0.9807996841383412,-0.7662702695449082,0.379,0.4962228517469311
nfix,pond,NTP,1000,platt_fit,45,0.795966525641439,-0.30947316681474096,0.527,0.4962228517469311
nfix,pond,NTP,1000,platt_fit,46,0.9503761393317074,-0.8581659754980127,0.406,0.4962228517469311
nfix,pond,NTP,1000,platt_fit,47,1.3022118703082226,-0.7806892292768062,0.435,0.4962228517469311
nfix,pond,NTP,1000,platt_fit,48,1.2973684311094065,-0.8668452909301435,0.408,0.4962228517469311
nfix,pond,NTP,1000,platt_fit,49,1.2744630383454691,-1.0629285572775817,0.362,0.4962228517469311
nfix,pond,NTP,1000,platt_fit,50,1.1634857983029712,-0.91245281348186,0.418,0.4962228517469311
nfix,pond,NTP,1000,platt_fit,51,0.47249654796843615,-0.27887708784434495,0.475,0.4962228517469311
nfix,pond,NTP,1000,platt_fit,52,0.9834741480553344,-0.5934014069470483,0.462,0.4962228517469311
nfix,pond,NTP,1000,platt_fit,53,1.1574882216541795,-0.7141552849826595,0.442,0.4962228517469311
nfix,pond,NTP,1000,platt_fit,54,1.077275412206699,-0.8057479611965535,0.427,0.4962228517469311
nfix,pond,NTP,1000,platt_fit,55,1.072010515025599,-0.5713856714965055,0.456,0.4962228517469311
nfix,pond,NTP,1000,platt_fit,56,0.9308134201652327,-0.7300557835505027,0.437,0.4962228517469311
nfix,pond,NTP,1000,platt_fit,57,1.1732207677154585,-0.5473736692369461,0.478,0.4962228517469311
nfix,pond,NTP,1000,platt_fit,58,1.3770319158342723,-0.963624535541797,0.37,0.4962228517469311
nfix,pond,NTP,1000,platt_fit,59,0.9209552112492357,-0.6419684666190698,0.409,0.4962228517469311
nfix,pond,NTP,1000,platt_fit,60,0.9150299318443341,-0.7550849637119528,0.423,0.4962228517469311
nfix,pond,NTP,1000,platt_fit,61,0.6990893693937309,-0.1863082572695524,0.51,0.4962228517469311
nfix,pond,NTP,1000,platt_fit,62,1.2486525351499511,-1.1286701922016202,0.358,0.4962228517469311
nfix,pond,NTP,1000,platt_fit,63,1.0741112291913955,-0.5101317393632855,0.476,0.4962228517469311
nfix,pond,NTP,1000,platt_fit,64,0.9746898875719198,-0.579993449249571,0.461,0.4962228517469311
nfix,pond,NTP,1000,platt_fit,65,1.280637508341574,-0.5695267828178757,0.443,0.4962228517469311
nfix,pond,NTP,1000,platt_fit,66,1.2198843996705733,-0.6609515481597422,0.417,0.4962228517469311
nfix,pond,NTP,1000,platt_fit,67,1.1079295992202485,-0.30987195604481155,0.492,0.4962228517469311
nfix,pond,NTP,1000,platt_fit,68,1.2082985704143705,-1.1586031920813475,0.351,0.4962228517469311
nfix,pond,NTP,1000,platt_fit,69,0.8114533513314133,-0.19065007318234853,0.512,0.4962228517469311
nfix,pond,NTP,1000,platt_fit,70,0.7862443162762104,-0.34097138763349777,0.455,0.4962228517469311
nfix,pond,NTP,1000,platt_fit,71,1.092723728280507,-0.9206252674649382,0.375,0.4962228517469311
nfix,pond,NTP,1000,platt_fit,72,1.0684770237572867,-0.3182322446418979,0.485,0.4962228517469311
nfix,pond,NTP,1000,platt_fit,73,1.094067866071093,-0.7047644551562521,0.433,0.4962228517469311
nfix,pond,NTP,1000,platt_fit,74,0.9848572501023828,-0.7579403511420124,0.404,0.4962228517469311
nfix,pond,NTP,1000,platt_fit,75,1.1101543590483192,-0.4006434642737683,0.54,0.4962228517469311
nfix,pond,NTP,1000,platt_fit,76,1.1144681701858137,-0.6998050598200992,0.415,0.4962228517469311
nfix,pond,NTP,1000,platt_fit,77,1.1868236975935533,-0.8097064619182965,0.466,0.4962228517469311
nfix,pond,NTP,1000,platt_fit,78,0.9231293597042364,-0.4854153596776421,0.501,0.4962228517469311
nfix,pond,NTP,1000,platt_fit,79,1.3890515280892883,-0.9982636103127268,0.358,0.4962228517469311
nfix,pond,NTP,1000,platt_fit,80,0.7632934482821321,-0.10465757482872486,0.541,0.4962228517469311
nfix,pond,NTP,1000,platt_fit,81,0.6651892906041044,-0.09841259859100972,0.56,0.4962228517469311
nfix,pond,NTP,1000,platt_fit,82,1.2167151505106542,-1.2278623999597247,0.361,0.4962228517469311
nfix,pond,NTP,1000,platt_fit,83,1.030087256073164,-0.6271389903016172,0.453,0.4962228517469311
nfix,pond,NTP,1000,platt_fit,84,0.9993520676149197,-0.5294286767296342,0.463,0.4962228517469311
nfix,pond,NTP,1000,platt_fit,85,0.850347034328226,-0.07270387703332701,0.562,0.4962228517469311
nfix,pond,NTP,1000,platt_fit,86,1.2829257741774234,-0.9416061759033441,0.413,0.4962228517469311
nfix,pond,NTP,1000,platt_fit,87,0.8673859394135738,-0.5834070672801448,0.471,0.4962228517469311
nfix,pond,NTP,1000,platt_fit,88,1.3163369926408217,-1.0569075585052312,0.382,0.4962228517469311
nfix,pond,NTP,1000,platt_fit,89,1.5648815388789663,-0.994858193970084,0.37,0.4962228517469311
nfix,pond,NTP,1000,platt_fit,90,1.1052432946080921,-1.1285292466256882,0.348,0.4962228517469311
nfix,pond,NTP,1000,platt_fit,91,0.9259847860239067,-0.6544453893232681,0.456,0.4962228517469311
nfix,pond,NTP,1000,platt_fit,92,1.4603695426222414,-1.4856189376342408,0.292,0.4962228517469311
nfix,pond,NTP,1000,platt_fit,93,1.3065176936062253,-1.0027897122226863,0.381,0.4962228517469311
nfix,pond,NTP,1000,platt_fit,94,0.8994949488621883,-0.5254296725770621,0.471,0.4962228517469311
nfix,pond,NTP,1000,platt_fit,95,0.6695248351550901,-0.09175996055810286,0.566,0.4962228517469311
nfix,pond,NTP,1000,platt_fit,96,1.1261279765591081,-0.21274268199475063,0.535,0.4962228517469311
nfix,pond,NTP,1000,platt_fit,97,0.9611868389744059,-0.3582760355304355,0.499,0.4962228517469311
nfix,pond,NTP,1000,platt_fit,98,1.0819803010607252,-0.4613971879213606,0.484,0.4962228517469311
nfix,pond,NTP,1000,platt_fit,99,0.6213549288439457,-0.5195027719735436,0.444,0.4962228517469311
nfix,nfix,Probe,10,platt_fit,0,0.3810094086858424,-1.311262379195836,0.3,0.4962228517469311
nfix,nfix,Probe,10,platt_fit,1,0.042780090809566594,-0.8683869395888828,0.3,0.4962228517469311
nfix,nfix,Probe,10,platt_fit,2,0.8899101368121632,-2.6972190527532307,0.1,0.4962228517469311
nfix,nfix,Probe,10,platt_fit,3,0.47299869589785637,-2.10196112686653,0.1,0.4962228517469311
nfix,nfix,Probe,10,platt_fit,4,1.294040329013261,-2.2461938832122534,0.3,0.4962228517469311
nfix,nfix,Probe,10,platt_fit,5,0.6302689168940907,-0.7116236492706354,0.3,0.4962228517469311
nfix,nfix,Probe,10,platt_fit,6,0.7289307002252136,-1.9399401756319763,0.2,0.4962228517469311
nfix,nfix,Probe,10,platt_fit,7,1.5687122310180812,-2.683383739113784,0.3,0.4962228517469311
nfix,nfix,Probe,10,platt_fit,8,1.2659099373742149,-3.2515583669407015,0.1,0.4962228517469311
nfix,nfix,Probe,10,platt_fit,9,3.347346186474953,-3.037749378526078,0.5,0.4962228517469311
nfix,nfix,Probe,10,platt_fit,10,0.8039167867982334,-1.557933241154446,0.3,0.4962228517469311
nfix,nfix,Probe,10,platt_fit,11,0.6278423339311904,-0.7204924113584705,0.4,0.4962228517469311
nfix,nfix,Probe,10,platt_fit,12,1.212270349473826,-0.9743866053461397,0.4,0.4962228517469311
nfix,nfix,Probe,10,platt_fit,13,0.6231610037462284,-3.004479827264112,0.1,0.4962228517469311
nfix,nfix,Probe,10,platt_fit,14,3.1568803511353636,-6.586022697691447,0.3,0.4962228517469311
nfix,nfix,Probe,10,platt_fit,15,6.43113888286754,-5.5390536709203095,0.1,0.4962228517469311
nfix,nfix,Probe,10,platt_fit,16,1.3428313006601942,-0.9315807023419456,0.3,0.4962228517469311
nfix,nfix,Probe,10,platt_fit,17,106.37847737724748,-55.8688290341517,0.2,0.4962228517469311
nfix,nfix,Probe,10,platt_fit,18,2.7298025150819725,-1.258485295101755,0.4,0.4962228517469311
nfix,nfix,Probe,10,platt_fit,19,0.25188009667271155,-1.476659637849284,0.2,0.4962228517469311
nfix,nfix,Probe,10,platt_fit,20,1.2483494921591727,-1.2864484682132362,0.4,0.4962228517469311
nfix,nfix,Probe,10,platt_fit,22,0.011797805331717263,-2.202613245602014,0.1,0.4962228517469311
nfix,nfix,Probe,10,platt_fit,23,1.4052939755954381,-1.2433549899600402,0.4,0.4962228517469311
nfix,nfix,Probe,10,platt_fit,24,1.0434733549604005,-1.5082283947757966,0.2,0.4962228517469311
nfix,nfix,Probe,10,platt_fit,25,0.4875172399049184,-1.0312133881940904,0.3,0.4962228517469311
nfix,nfix,Probe,10,platt_fit,26,0.9410996267649436,-2.227002039903988,0.2,0.4962228517469311
nfix,nfix,Probe,10,platt_fit,27,0.3746080528991605,-2.7931198577365723,0.1,0.4962228517469311
nfix,nfix,Probe,10,platt_fit,28,0.9908568989395886,-1.7629824633483635,0.2,0.4962228517469311
nfix,nfix,Probe,10,platt_fit,29,6.839566876200622,-7.34934981726996,0.3,0.4962228517469311
nfix,nfix,Probe,10,platt_fit,30,2.3517849683278564,-2.636924530658019,0.2,0.4962228517469311
nfix,nfix,Probe,10,platt_fit,31,56.00070460753085,-59.105204121221284,0.3,0.4962228517469311
nfix,nfix,Probe,10,platt_fit,32,2.3229814216203746,-2.355764782242364,0.2,0.4962228517469311
nfix,nfix,Probe,10,platt_fit,33,0.630110616688117,-0.7361175592111774,0.4,0.4962228517469311
nfix,nfix,Probe,10,platt_fit,34,4.296241263155699,-3.999054865346201,0.3,0.4962228517469311
nfix,nfix,Probe,10,platt_fit,35,0.36161126056883597,-0.5889071460907191,0.4,0.4962228517469311
nfix,nfix,Probe,10,platt_fit,36,0.34585508734096554,-0.5595458828287586,0.4,0.4962228517469311
nfix,nfix,Probe,10,platt_fit,38,1.6614356835600197,-1.9065421887926357,0.3,0.4962228517469311
nfix,nfix,Probe,10,platt_fit,39,0.2635589999380462,-0.3958383088642034,0.4,0.4962228517469311
nfix,nfix,Probe,10,platt_fit,40,0.337942788271435,-2.3276424576679804,0.1,0.4962228517469311
nfix,nfix,Probe,10,platt_fit,41,1.295932900649647,-2.3105564876000013,0.3,0.4962228517469311
nfix,nfix,Probe,10,platt_fit,42,1.0764354170942287,-1.6708080332254922,0.3,0.4962228517469311
nfix,nfix,Probe,10,platt_fit,43,1.0569109568794886,-0.4658775443231309,0.5,0.4962228517469311
nfix,nfix,Probe,10,platt_fit,44,1.2741117756071432,-1.2625789470883368,0.4,0.4962228517469311
nfix,nfix,Probe,10,platt_fit,45,-0.07426801700130603,-2.1863304112137083,0.1,0.4962228517469311
nfix,nfix,Probe,10,platt_fit,46,1.6834087737883139,-2.6812214198668207,0.3,0.4962228517469311
nfix,nfix,Probe,10,platt_fit,47,-0.06282582819462285,-1.3521767107029947,0.2,0.4962228517469311
nfix,nfix,Probe,10,platt_fit,48,0.7304319464530987,-1.9492023628056423,0.2,0.4962228517469311
nfix,nfix,Probe,10,platt_fit,49,60.27271834123679,-122.33117457669023,0.1,0.4962228517469311
nfix,nfix,Probe,10,platt_fit,50,0.4630778200938083,-0.25637783645651524,0.5,0.4962228517469311
nfix,nfix,Probe,10,platt_fit,51,-0.016702785217537403,-0.4003156963813251,0.4,0.4962228517469311
nfix,nfix,Probe,10,platt_fit,52,3.236758561145029,-7.403227679702133,0.2,0.4962228517469311
nfix,nfix,Probe,10,platt_fit,53,-2.5638670808970163,6.843156667616851,0.9,0.4962228517469311
nfix,nfix,Probe,10,platt_fit,54,0.13539206960198769,-0.9109774871984192,0.3,0.4962228517469311
nfix,nfix,Probe,10,platt_fit,55,63.51336134413236,-153.3784384212205,0.1,0.4962228517469311
nfix,nfix,Probe,10,platt_fit,56,0.6948500001831283,-1.3088449780313804,0.3,0.4962228517469311
nfix,nfix,Probe,10,platt_fit,57,0.005956497716112845,-0.4141471731205439,0.4,0.4962228517469311
nfix,nfix,Probe,10,platt_fit,58,1.646439184279726,-1.3559993026771926,0.4,0.4962228517469311
nfix,nfix,Probe,10,platt_fit,59,0.6300311639987779,0.04102133767331377,0.6,0.4962228517469311
nfix,nfix,Probe,10,platt_fit,60,0.5697690532544268,-1.318644012248597,0.3,0.4962228517469311
nfix,nfix,Probe,10,platt_fit,61,0.942151933408002,-1.891826016257073,0.2,0.4962228517469311
nfix,nfix,Probe,10,platt_fit,62,0.7483227776665102,-1.300422272109998,0.3,0.4962228517469311
nfix,nfix,Probe,10,platt_fit,63,-0.10099040655987006,-1.326371945789816,0.2,0.4962228517469311
nfix,nfix,Probe,10,platt_fit,64,0.47314744787625934,-1.1812222312805447,0.3,0.4962228517469311
nfix,nfix,Probe,10,platt_fit,65,0.8789364121593757,-0.5921665968096513,0.5,0.4962228517469311
nfix,nfix,Probe,10,platt_fit,67,0.37384480605105636,-1.63488217600759,0.2,0.4962228517469311
nfix,nfix,Probe,10,platt_fit,68,-0.11153218741244544,-1.3313088742576127,0.2,0.4962228517469311
nfix,nfix,Probe,10,platt_fit,69,0.0233366049124227,-1.401577453401353,0.2,0.4962228517469311
nfix,nfix,Probe,10,platt_fit,70,0.5922638146778031,-2.03573327755049,0.1,0.4962228517469311
nfix,nfix,Probe,10,platt_fit,71,5.314979760881471,-6.082382310790837,0.4,0.4962228517469311
nfix,nfix,Probe,10,platt_fit,72,32.06553975934616,-6.316499150099366,0.2,0.4962228517469311
nfix,nfix,Probe,10,platt_fit,73,0.4876752155115346,-1.8378174061864159,0.2,0.4962228517469311
nfix,nfix,Probe,10,platt_fit,74,-22.043035026161718,-23.469427355123475,0.1,0.4962228517469311
nfix,nfix,Probe,10,platt_fit,75,11.88382600575697,-31.629589014843823,0.1,0.4962228517469311
nfix,nfix,Probe,10,platt_fit,76,1.5057551557670443,-0.6610579291507723,0.4,0.4962228517469311
nfix,nfix,Probe,10,platt_fit,77,0.1399086422627681,-1.54588033508304,0.2,0.4962228517469311
nfix,nfix,Probe,10,platt_fit,78,0.22881202194526662,-1.0473037513872272,0.3,0.4962228517469311
nfix,nfix,Probe,10,platt_fit,79,0.5243725571326838,-0.7868326027602643,0.3,0.4962228517469311
nfix,nfix,Probe,10,platt_fit,80,0.04207201806720029,-0.8762394151048182,0.3,0.4962228517469311
nfix,nfix,Probe,10,platt_fit,81,1.9124167993877634,-2.634618482096574,0.4,0.4962228517469311
nfix,nfix,Probe,10,platt_fit,82,0.3666972841315201,-2.637971651368963,0.1,0.4962228517469311
nfix,nfix,Probe,10,platt_fit,83,0.6847233454989293,-0.5103591137876776,0.4,0.4962228517469311
nfix,nfix,Probe,10,platt_fit,84,0.8896024376506184,-2.0750306560627996,0.3,0.4962228517469311
nfix,nfix,Probe,10,platt_fit,85,1.7219290177962818,-2.752092008825614,0.3,0.4962228517469311
nfix,nfix,Probe,10,platt_fit,86,-0.11465534466809957,-1.3801412813310074,0.2,0.4962228517469311
nfix,nfix,Probe,10,platt_fit,87,-0.15527784454183002,-1.2591147114901085,0.2,0.4962228517469311
nfix,nfix,Probe,10,platt_fit,88,0.3711703007527614,-0.46453569203678535,0.4,0.4962228517469311
nfix,nfix,Probe,10,platt_fit,89,1.078096517936821,-0.6820941737550056,0.4,0.4962228517469311
nfix,nfix,Probe,10,platt_fit,90,0.0660782450540126,-0.927071021657789,0.3,0.4962228517469311
nfix,nfix,Probe,10,platt_fit,91,17.581912536058706,-15.70754794603029,0.2,0.4962228517469311
nfix,nfix,Probe,10,platt_fit,92,17.896699630498404,-14.303094200746976,0.4,0.4962228517469311
nfix,nfix,Probe,10,platt_fit,93,20.6076971393635,-20.71035080202475,0.5,0.4962228517469311
nfix,nfix,Probe,10,platt_fit,94,-0.17043474854046606,-0.7167886423626277,0.3,0.4962228517469311
nfix,nfix,Probe,10,platt_fit,95,0.825304543484726,-1.019749201872874,0.4,0.4962228517469311
nfix,nfix,Probe,10,platt_fit,96,3.615534549660656,-3.1482947026255594,0.3,0.4962228517469311
nfix,nfix,Probe,10,platt_fit,97,0.5074289873881888,-0.45682715220037656,0.4,0.4962228517469311
nfix,nfix,Probe,10,platt_fit,98,0.5451148229518858,-1.418328600561217,0.2,0.4962228517469311
nfix,nfix,Probe,10,platt_fit,99,-0.0612016198170618,-2.1834524114932288,0.1,0.4962228517469311
nfix,nfix,Probe,10,platt_fit,100,24.425803948729854,-27.60583472773515,0.1,0.4962228517469311
nfix,nfix,Probe,10,platt_fit,101,5.2306130332447385,-3.6235827141479207,0.1,0.4962228517469311
nfix,nfix,Probe,10,platt_fit,102,405.44710929070055,-124.11304113779417,0.5,0.4962228517469311
nfix,nfix,NTP,10,platt_fit,0,12.832508970219273,-13.219604392566573,0.3,0.4962228517469311
nfix,nfix,NTP,10,platt_fit,1,0.5156454729345256,-1.1578410909448635,0.3,0.4962228517469311
nfix,nfix,NTP,10,platt_fit,2,28.76418519575735,-38.84948133823139,0.1,0.4962228517469311
nfix,nfix,NTP,10,platt_fit,3,-7624660.725018012,-1656336.3575662663,0.1,0.4962228517469311
nfix,nfix,NTP,10,platt_fit,4,0.8267220603885876,-1.5886472049323082,0.3,0.4962228517469311
nfix,nfix,NTP,10,platt_fit,5,1.3062540312140194,-1.6468822235562344,0.3,0.4962228517469311
nfix,nfix,NTP,10,platt_fit,6,0.3419543116432971,-1.6560519690126163,0.2,0.4962228517469311
nfix,nfix,NTP,10,platt_fit,7,1.789669404684048,-3.8633985421333024,0.3,0.4962228517469311
nfix,nfix,NTP,10,platt_fit,8,89350.59856950643,-179376.97104982825,0.1,0.4962228517469311
nfix,nfix,NTP,10,platt_fit,9,2.358028611485943,-2.216569370097382,0.5,0.4962228517469311
nfix,nfix,NTP,10,platt_fit,10,1.5602445023625184,-2.0047675954272233,0.3,0.4962228517469311
nfix,nfix,NTP,10,platt_fit,11,-0.10244783602411238,-0.32742346517164245,0.4,0.4962228517469311
nfix,nfix,NTP,10,platt_fit,12,1.255532884010538,-1.327775345733661,0.4,0.4962228517469311
nfix,nfix,NTP,10,platt_fit,13,1.727886622046236,-4.5311523110879115,0.1,0.4962228517469311
nfix,nfix,NTP,10,platt_fit,14,2.4815468530955984,-3.5424147474403846,0.3,0.4962228517469311
nfix,nfix,NTP,10,platt_fit,15,8.053825254738952,-7.64457599237069,0.1,0.4962228517469311
nfix,nfix,NTP,10,platt_fit,16,14.445146618226527,-6.6214420072017415,0.3,0.4962228517469311
nfix,nfix,NTP,10,platt_fit,17,63.71606651617412,-116.53076051084359,0.2,0.4962228517469311
nfix,nfix,NTP,10,platt_fit,18,1.5439319619301455,-1.8740829367164824,0.4,0.4962228517469311
nfix,nfix,NTP,10,platt_fit,19,4.402059697834174,-8.110511649603712,0.2,0.4962228517469311
nfix,nfix,NTP,10,platt_fit,20,1.0863586255224995,-1.3166140593438707,0.4,0.4962228517469311
nfix,nfix,NTP,10,platt_fit,22,-81.17660065776406,-19.174426909812013,0.1,0.4962228517469311
nfix,nfix,NTP,10,platt_fit,23,0.05212686309203301,-0.43030726149938264,0.4,0.4962228517469311
nfix,nfix,NTP,10,platt_fit,24,1.6607235793899906,-1.8015588185274045,0.2,0.4962228517469311
nfix,nfix,NTP,10,platt_fit,25,1.4315453985518312,-1.5060297022492204,0.3,0.4962228517469311
nfix,nfix,NTP,10,platt_fit,26,8.693505884706502,-8.42616336699536,0.2,0.4962228517469311
nfix,nfix,NTP,10,platt_fit,27,-277295.8421825063,-60233.121000391824,0.1,0.4962228517469311
nfix,nfix,NTP,10,platt_fit,28,9.773667187812121,-19.01961917748213,0.2,0.4962228517469311
nfix,nfix,NTP,10,platt_fit,29,1.2941764088105987,-2.1323036886789355,0.3,0.4962228517469311
nfix,nfix,NTP,10,platt_fit,30,3.7393006109198033,-6.779404617665649,0.2,0.4962228517469311
nfix,nfix,NTP,10,platt_fit,31,230.66986980166476,-428.47282111323955,0.3,0.4962228517469311
nfix,nfix,NTP,10,platt_fit,32,0.5038643375674595,-1.6865219377407386,0.2,0.4962228517469311
nfix,nfix,NTP,10,platt_fit,33,3.3659398319318417,-5.912585222999596,0.4,0.4962228517469311
nfix,nfix,NTP,10,platt_fit,34,2.04665475643776,-3.1874512609086616,0.3,0.4962228517469311
nfix,nfix,NTP,10,platt_fit,35,2.9154810082239564,-1.8023624884201013,0.4,0.4962228517469311
nfix,nfix,NTP,10,platt_fit,36,1.7699526722709031,-2.0115281926189863,0.4,0.4962228517469311
nfix,nfix,NTP,10,platt_fit,38,9.43364191645314,-8.663375474589678,0.3,0.4962228517469311
nfix,nfix,NTP,10,platt_fit,39,0.3199151841346627,-0.5307555182250291,0.4,0.4962228517469311
nfix,nfix,NTP,10,platt_fit,40,130.67385441092068,-254.84757297755078,0.1,0.4962228517469311
nfix,nfix,NTP,10,platt_fit,41,1.1545784716212968,-1.58284466327356,0.3,0.4962228517469311
nfix,nfix,NTP,10,platt_fit,42,3.549992327726839,-1.3678279849635062,0.3,0.4962228517469311
nfix,nfix,NTP,10,platt_fit,43,0.8151807906175966,-0.5607819018226412,0.5,0.4962228517469311
nfix,nfix,NTP,10,platt_fit,44,0.6410199808016549,-0.8812719790577227,0.4,0.4962228517469311
nfix,nfix,NTP,10,platt_fit,45,254.53663958150705,-506.53281707508864,0.1,0.4962228517469311
nfix,nfix,NTP,10,platt_fit,46,0.06384013264911409,-0.8844413710493835,0.3,0.4962228517469311
nfix,nfix,NTP,10,platt_fit,47,0.2963209966612846,-1.7452227662577653,0.2,0.4962228517469311
nfix,nfix,NTP,10,platt_fit,48,54.993557770617265,7.6655324658421575,0.2,0.4962228517469311
nfix,nfix,NTP,10,platt_fit,49,9.355304568739573,-11.704227087477319,0.1,0.4962228517469311
nfix,nfix,NTP,10,platt_fit,50,0.6416092070286044,-0.5930793397765969,0.5,0.4962228517469311
nfix,nfix,NTP,10,platt_fit,51,1.1089131451714715,-0.7967530888561111,0.4,0.4962228517469311
nfix,nfix,NTP,10,platt_fit,52,2.316856762299874,-3.6617728600477957,0.2,0.4962228517469311
nfix,nfix,NTP,10,platt_fit,53,-3.3185286523029713,8.046327805448072,0.9,0.4962228517469311
nfix,nfix,NTP,10,platt_fit,54,3.438233012431115,-1.8493697620040959,0.3,0.4962228517469311
nfix,nfix,NTP,10,platt_fit,55,1.1975693086369121,-2.4543545756811755,0.1,0.4962228517469311
nfix,nfix,NTP,10,platt_fit,56,176.93922322021126,-353.99797474057874,0.3,0.4962228517469311
nfix,nfix,NTP,10,platt_fit,57,1.5466883641666151,-1.2398318516772437,0.4,0.4962228517469311
nfix,nfix,NTP,10,platt_fit,58,0.4100577834647233,-0.9728457121485546,0.4,0.4962228517469311
nfix,nfix,NTP,10,platt_fit,59,6.232803345938882,-10.628151097999275,0.6,0.4962228517469311
nfix,nfix,NTP,10,platt_fit,60,0.5454509687439374,-1.030901033229287,0.3,0.4962228517469311
nfix,nfix,NTP,10,platt_fit,61,5.184750608882143,-1.3823232478005822,0.2,0.4962228517469311
nfix,nfix,NTP,10,platt_fit,62,45.046451387224266,-87.8399795424919,0.3,0.4962228517469311
nfix,nfix,NTP,10,platt_fit,63,-0.18186942623293229,-1.2627252362486823,0.2,0.4962228517469311
nfix,nfix,NTP,10,platt_fit,64,3.4967689839908296,-6.579138106350998,0.3,0.4962228517469311
nfix,nfix,NTP,10,platt_fit,65,0.3193408032434536,-0.20258747051189185,0.5,0.4962228517469311
nfix,nfix,NTP,10,platt_fit,67,0.5555086441162531,-1.7805953963238648,0.2,0.4962228517469311
nfix,nfix,NTP,10,platt_fit,68,1.0071359813962886,-1.963173369682877,0.2,0.4962228517469311
nfix,nfix,NTP,10,platt_fit,69,2.780029146279175,-5.51323428277669,0.2,0.4962228517469311
nfix,nfix,NTP,10,platt_fit,70,1.109745588309606,-2.8388354494066097,0.1,0.4962228517469311
nfix,nfix,NTP,10,platt_fit,71,8.47863642461014,-7.144992371214748,0.4,0.4962228517469311
nfix,nfix,NTP,10,platt_fit,72,108.48110301744747,-184.86483637434696,0.2,0.4962228517469311
nfix,nfix,NTP,10,platt_fit,73,-32.76418690458486,-7.635815326598945,0.2,0.4962228517469311
nfix,nfix,NTP,10,platt_fit,74,129.1422764812768,-259.2854488730088,0.1,0.4962228517469311
nfix,nfix,NTP,10,platt_fit,75,46.303049105076646,-85.26977838158749,0.1,0.4962228517469311
nfix,nfix,NTP,10,platt_fit,76,10.486150027994237,-6.580867466082939,0.4,0.4962228517469311
nfix,nfix,NTP,10,platt_fit,77,2.8734226609945703,-5.077609140244892,0.2,0.4962228517469311
nfix,nfix,NTP,10,platt_fit,78,1.1982139235360973,-1.7669780391557808,0.3,0.4962228517469311
nfix,nfix,NTP,10,platt_fit,79,1.113054134562803,-1.5689375458112698,0.3,0.4962228517469311
nfix,nfix,NTP,10,platt_fit,80,0.8266718574511076,-1.556496788605757,0.3,0.4962228517469311
nfix,nfix,NTP,10,platt_fit,81,0.878594084745675,-1.2672044544229057,0.4,0.4962228517469311
nfix,nfix,NTP,10,platt_fit,82,3.036401378937081,-6.726976199801056,0.1,0.4962228517469311
nfix,nfix,NTP,10,platt_fit,83,4.888502685387359,-9.093875770527015,0.4,0.4962228517469311
nfix,nfix,NTP,10,platt_fit,84,0.5920423548095101,-1.220444945192227,0.3,0.4962228517469311
nfix,nfix,NTP,10,platt_fit,85,6.011848790084324,-11.651702756803104,0.3,0.4962228517469311
nfix,nfix,NTP,10,platt_fit,86,0.5384209885915047,-1.7058132808214257,0.2,0.4962228517469311
nfix,nfix,NTP,10,platt_fit,87,0.6178298635859272,-1.8083301665784082,0.2,0.4962228517469311
nfix,nfix,NTP,10,platt_fit,88,1.5904679401190835,-0.8293365019652547,0.4,0.4962228517469311
nfix,nfix,NTP,10,platt_fit,89,1.4654791597382073,-1.5162896944313178,0.4,0.4962228517469311
nfix,nfix,NTP,10,platt_fit,90,0.5614307974850871,-1.301036299021437,0.3,0.4962228517469311
nfix,nfix,NTP,10,platt_fit,91,10.045879360762779,-10.791233053001946,0.2,0.4962228517469311
nfix,nfix,NTP,10,platt_fit,92,8.482107559222092,-7.185241048813486,0.4,0.4962228517469311
nfix,nfix,NTP,10,platt_fit,93,2.870038593038217,-1.4887915461205046,0.5,0.4962228517469311
nfix,nfix,NTP,10,platt_fit,94,0.8129750620020387,-1.5518638493692332,0.3,0.4962228517469311
nfix,nfix,NTP,10,platt_fit,95,4.892101473567349,-8.806234716827705,0.4,0.4962228517469311
nfix,nfix,NTP,10,platt_fit,96,0.8427590016319877,-1.439807364221255,0.3,0.4962228517469311
nfix,nfix,NTP,10,platt_fit,97,10.685485348559178,-6.907115000731857,0.4,0.4962228517469311
nfix,nfix,NTP,10,platt_fit,98,1.074736550684806,-1.8260683811884166,0.2,0.4962228517469311
nfix,nfix,NTP,10,platt_fit,99,-5.227188482566971,-2.2506642608498133,0.1,0.4962228517469311
nfix,nfix,NTP,10,platt_fit,100,-105.41270018150149,-24.08433314565483,0.1,0.4962228517469311
nfix,nfix,NTP,10,platt_fit,101,3.680930473712912,-7.35638140527259,0.1,0.4962228517469311
nfix,nfix,NTP,10,platt_fit,102,2.318462137694818,-0.4771981971078813,0.5,0.4962228517469311
nfix,nfix,Probe,50,platt_fit,0,0.4937661975710182,-1.7202736216950034,0.22,0.4962228517469311
nfix,nfix,Probe,50,platt_fit,1,0.578759090318084,-1.182077816949644,0.34,0.4962228517469311
nfix,nfix,Probe,50,platt_fit,2,0.5773640007210671,-1.366443995478506,0.26,0.4962228517469311
nfix,nfix,Probe,50,platt_fit,3,1.1880408178963544,-1.4835380389199817,0.28,0.4962228517469311
nfix,nfix,Probe,50,platt_fit,4,1.2191924238667486,-1.4923944668809923,0.36,0.4962228517469311
nfix,nfix,Probe,50,platt_fit,5,1.2771894262289452,-1.5560500001646085,0.22,0.4962228517469311
nfix,nfix,Probe,50,platt_fit,6,0.7311117761022247,-1.256918266904063,0.32,0.4962228517469311
nfix,nfix,Probe,50,platt_fit,7,1.4165578061104707,-1.447773844357886,0.34,0.4962228517469311
nfix,nfix,Probe,50,platt_fit,8,0.8906684995231324,-1.7903607921465414,0.24,0.4962228517469311
nfix,nfix,Probe,50,platt_fit,9,0.7256794070357089,-1.4753659777647654,0.3,0.4962228517469311
nfix,nfix,Probe,50,platt_fit,10,0.45692867412362803,-1.347913729044053,0.28,0.4962228517469311
nfix,nfix,Probe,50,platt_fit,11,0.8348889704515606,-1.0501111969785706,0.32,0.4962228517469311
nfix,nfix,Probe,50,platt_fit,12,1.0229697684149461,-1.3963383369029785,0.32,0.4962228517469311
nfix,nfix,Probe,50,platt_fit,13,0.7749960878260824,-2.096917696527534,0.2,0.4962228517469311
nfix,nfix,Probe,50,platt_fit,14,0.674110670680784,-1.400030099478465,0.26,0.4962228517469311
nfix,nfix,Probe,50,platt_fit,15,1.6163579435659017,-2.704746990898146,0.14,0.4962228517469311
nfix,nfix,Probe,50,platt_fit,16,0.7178255154382692,-2.0006880207437887,0.16,0.4962228517469311
nfix,nfix,Probe,50,platt_fit,17,0.467501158071202,-1.0936201145540185,0.3,0.4962228517469311
nfix,nfix,Probe,50,platt_fit,18,1.3696591731531782,-1.0200155842908274,0.4,0.4962228517469311
nfix,nfix,Probe,50,platt_fit,19,0.5112718223699861,-2.5146017960673084,0.1,0.4962228517469311
nfix,nfix,Probe,50,platt_fit,20,1.5758053063073632,-1.8515841535322395,0.26,0.4962228517469311
nfix,nfix,Probe,50,platt_fit,21,0.42193643891052385,-0.8735783142465015,0.34,0.4962228517469311
nfix,nfix,Probe,50,platt_fit,22,0.598403140113961,-1.7938934495096597,0.22,0.4962228517469311
nfix,nfix,Probe,50,platt_fit,23,0.32456062038293265,-1.407842116957869,0.24,0.4962228517469311
nfix,nfix,Probe,50,platt_fit,24,1.0338566551793429,-1.7384084713792363,0.24,0.4962228517469311
nfix,nfix,Probe,50,platt_fit,25,1.2193165134954758,-1.0979244044338758,0.32,0.4962228517469311
nfix,nfix,Probe,50,platt_fit,26,0.5228839012105996,-1.2076616172266617,0.3,0.4962228517469311
nfix,nfix,Probe,50,platt_fit,27,0.05256116881002432,-1.2935552241432573,0.22,0.4962228517469311
nfix,nfix,Probe,50,platt_fit,28,0.11076086821853193,-1.2442709234416947,0.24,0.4962228517469311
nfix,nfix,Probe,50,platt_fit,29,1.1180734417542268,-1.204387278389796,0.34,0.4962228517469311
nfix,nfix,Probe,50,platt_fit,30,0.44284394057857274,-0.8301526424744954,0.32,0.4962228517469311
nfix,nfix,Probe,50,platt_fit,31,0.9581913692152211,-1.0596582861720991,0.28,0.4962228517469311
nfix,nfix,Probe,50,platt_fit,32,0.17436442449381656,-1.7119645457733397,0.16,0.4962228517469311
nfix,nfix,Probe,50,platt_fit,33,0.9809730973099515,-1.7288966079819232,0.24,0.4962228517469311
nfix,nfix,Probe,50,platt_fit,34,2.3341788514518793,-2.6079584711487893,0.24,0.4962228517469311
nfix,nfix,Probe,50,platt_fit,35,0.5564678271456578,-1.4962328556746614,0.24,0.4962228517469311
nfix,nfix,Probe,50,platt_fit,36,0.41066386916586134,-1.198744375262106,0.28,0.4962228517469311
nfix,nfix,Probe,50,platt_fit,37,0.8270407360582638,-1.430888623322502,0.26,0.4962228517469311
nfix,nfix,Probe,50,platt_fit,38,1.2449293709706666,-1.4925134090538246,0.24,0.4962228517469311
nfix,nfix,Probe,50,platt_fit,39,0.3386292619069324,-0.9303760851252845,0.34,0.4962228517469311
nfix,nfix,Probe,50,platt_fit,40,0.785114057029857,-2.262112208603069,0.14,0.4962228517469311
nfix,nfix,Probe,50,platt_fit,41,0.7829208592228987,-1.7476863859044378,0.24,0.4962228517469311
nfix,nfix,Probe,50,platt_fit,42,0.4273593242648728,-1.693652574687372,0.2,0.4962228517469311
nfix,nfix,Probe,50,platt_fit,43,1.155021202302226,-2.4605856922318634,0.18,0.4962228517469311
nfix,nfix,Probe,50,platt_fit,44,1.5220334273658562,-1.619034776466002,0.32,0.4962228517469311
nfix,nfix,Probe,50,platt_fit,45,0.5916156640387557,-1.5095032842572904,0.24,0.4962228517469311
nfix,nfix,Probe,50,platt_fit,46,0.49457151115764103,-1.7768567011057492,0.22,0.4962228517469311
nfix,nfix,Probe,50,platt_fit,47,0.010973204301053568,-0.5859312843430042,0.36,0.4962228517469311
nfix,nfix,Probe,50,platt_fit,48,-0.09768441445082524,-1.2048540754637402,0.22,0.4962228517469311
nfix,nfix,Probe,50,platt_fit,49,1.272255402335598,-1.852995366882928,0.2,0.4962228517469311
nfix,nfix,Probe,50,platt_fit,50,0.5008363620972667,-0.8057857530264024,0.36,0.4962228517469311
nfix,nfix,Probe,50,platt_fit,51,0.5358308894312942,-1.6795813889412785,0.18,0.4962228517469311
nfix,nfix,Probe,50,platt_fit,52,0.5222205494978205,-1.6098565351699055,0.28,0.4962228517469311
nfix,nfix,Probe,50,platt_fit,53,1.0869674037717196,-1.5344488122456528,0.26,0.4962228517469311
nfix,nfix,Probe,50,platt_fit,54,0.619273381854981,-1.7303854546771555,0.18,0.4962228517469311
nfix,nfix,Probe,50,platt_fit,55,0.07651317184748002,-1.4439391230112146,0.2,0.4962228517469311
nfix,nfix,Probe,50,platt_fit,56,0.29100503012035017,-1.852174441267155,0.16,0.4962228517469311
nfix,nfix,Probe,50,platt_fit,57,0.5618572718801222,-1.08883061082459,0.34,0.4962228517469311
nfix,nfix,Probe,50,platt_fit,58,0.2846621425273556,-0.6374723936706148,0.38,0.4962228517469311
nfix,nfix,Probe,50,platt_fit,59,1.3693289112407956,-1.6653008459053826,0.28,0.4962228517469311
nfix,nfix,Probe,50,platt_fit,60,0.7947541525328079,-1.4860758353314798,0.26,0.4962228517469311
nfix,nfix,Probe,50,platt_fit,61,1.327195055360572,-1.2633429726648964,0.36,0.4962228517469311
nfix,nfix,Probe,50,platt_fit,62,0.4803977195750792,-1.004413477553589,0.32,0.4962228517469311
nfix,nfix,Probe,50,platt_fit,63,0.34186229770169047,-1.3142601578490936,0.3,0.4962228517469311
nfix,nfix,Probe,50,platt_fit,64,0.3787155140053161,-2.187769251125239,0.12,0.4962228517469311
nfix,nfix,Probe,50,platt_fit,65,0.35567736816138057,-1.1083253520251335,0.28,0.4962228517469311
nfix,nfix,Probe,50,platt_fit,66,1.3148348295734738,-1.6135077277031327,0.26,0.4962228517469311
nfix,nfix,Probe,50,platt_fit,67,0.6696544029835099,-1.3030160989552935,0.28,0.4962228517469311
nfix,nfix,Probe,50,platt_fit,68,0.3441970860570192,-1.6255867145855722,0.22,0.4962228517469311
nfix,nfix,Probe,50,platt_fit,69,1.4277898624894683,-1.4424933284194008,0.34,0.4962228517469311
nfix,nfix,Probe,50,platt_fit,70,1.32642699442337,-1.6879357399074846,0.28,0.4962228517469311
nfix,nfix,Probe,50,platt_fit,71,0.6898874743221763,-1.2241645012805633,0.32,0.4962228517469311
nfix,nfix,Probe,50,platt_fit,72,1.1609656078177357,-1.743289584375902,0.26,0.4962228517469311
nfix,nfix,Probe,50,platt_fit,73,0.8389796495297043,-1.3016974388859137,0.28,0.4962228517469311
nfix,nfix,Probe,50,platt_fit,74,1.4721746408237515,-2.718254051060204,0.12,0.4962228517469311
nfix,nfix,Probe,50,platt_fit,75,0.6238267239044152,-1.9866129088381974,0.22,0.4962228517469311
nfix,nfix,Probe,50,platt_fit,76,2.3182228272715033,-2.6153699743709216,0.32,0.4962228517469311
nfix,nfix,Probe,50,platt_fit,77,0.3862791281164198,-1.9211914250916313,0.18,0.4962228517469311
nfix,nfix,Probe,50,platt_fit,78,0.9720741325283081,-1.830566751485306,0.32,0.4962228517469311
nfix,nfix,Probe,50,platt_fit,79,1.12792331240446,-1.311014107351097,0.3,0.4962228517469311
nfix,nfix,Probe,50,platt_fit,80,2.077876317159175,-2.0877779649189816,0.28,0.4962228517469311
nfix,nfix,Probe,50,platt_fit,81,0.3956600216634069,-0.7454594898465696,0.38,0.4962228517469311
nfix,nfix,Probe,50,platt_fit,82,0.2206280027422505,-1.6296130133530469,0.2,0.4962228517469311
nfix,nfix,Probe,50,platt_fit,83,0.7374410016732091,-1.4891416594566873,0.24,0.4962228517469311
nfix,nfix,Probe,50,platt_fit,84,0.3436135942728664,-1.7976197243541978,0.18,0.4962228517469311
nfix,nfix,Probe,50,platt_fit,85,0.5683329768114981,-0.8100080568272038,0.34,0.4962228517469311
nfix,nfix,Probe,50,platt_fit,86,0.3288565587096326,-1.4082845245577873,0.26,0.4962228517469311
nfix,nfix,Probe,50,platt_fit,87,0.5337132635935924,-1.7169486378994263,0.22,0.4962228517469311
nfix,nfix,Probe,50,platt_fit,88,0.6140787228856417,-1.5369116849437463,0.24,0.4962228517469311
nfix,nfix,Probe,50,platt_fit,89,0.7004902682614378,-1.2012370421498,0.3,0.4962228517469311
nfix,nfix,Probe,50,platt_fit,90,0.3675238782943481,-1.4146885743372353,0.28,0.4962228517469311
nfix,nfix,Probe,50,platt_fit,91,0.8589742907528742,-1.08630328011064,0.3,0.4962228517469311
nfix,nfix,Probe,50,platt_fit,92,0.6670870214918273,-2.376386900516494,0.1,0.4962228517469311
nfix,nfix,Probe,50,platt_fit,93,0.4529892840545422,-1.1977076645967808,0.28,0.4962228517469311
nfix,nfix,Probe,50,platt_fit,94,0.9070279829175237,-2.018110154014613,0.26,0.4962228517469311
nfix,nfix,Probe,50,platt_fit,95,1.2657125813956176,-2.0223101708645,0.2,0.4962228517469311
nfix,nfix,Probe,50,platt_fit,96,0.9239586321454129,-1.4899267894156376,0.28,0.4962228517469311
nfix,nfix,Probe,50,platt_fit,97,1.0153121647801724,-1.480725155130326,0.3,0.4962228517469311
nfix,nfix,Probe,50,platt_fit,98,0.5011066953493675,-1.1926975522219432,0.3,0.4962228517469311
nfix,nfix,Probe,50,platt_fit,99,0.1978565116021306,-1.2245564221555554,0.26,0.4962228517469311
nfix,nfix,NTP,50,platt_fit,0,0.828636494313036,-2.023445095346875,0.22,0.4962228517469311
nfix,nfix,NTP,50,platt_fit,1,0.8849585310499711,-1.44006683699549,0.34,0.4962228517469311
nfix,nfix,NTP,50,platt_fit,2,1.419106725560218,-2.2900941140728577,0.26,0.4962228517469311
nfix,nfix,NTP,50,platt_fit,3,1.7007159638724294,-2.566722712102452,0.28,0.4962228517469311
nfix,nfix,NTP,50,platt_fit,4,0.4401254162099849,-0.8905295579528049,0.36,0.4962228517469311
nfix,nfix,NTP,50,platt_fit,5,1.094810078590099,-2.0316144200734296,0.22,0.4962228517469311
nfix,nfix,NTP,50,platt_fit,6,1.0878651822171646,-1.4814337747169226,0.32,0.4962228517469311
nfix,nfix,NTP,50,platt_fit,7,0.9872105362747734,-1.4950034906827196,0.34,0.4962228517469311
nfix,nfix,NTP,50,platt_fit,8,0.6511868514814267,-1.8135928341555196,0.24,0.4962228517469311
nfix,nfix,NTP,50,platt_fit,9,1.3196314539596028,-1.9959686355997963,0.3,0.4962228517469311
nfix,nfix,NTP,50,platt_fit,10,1.1539926652902888,-1.8409149666966003,0.28,0.4962228517469311
nfix,nfix,NTP,50,platt_fit,11,1.1779578588075486,-1.59953511274891,0.32,0.4962228517469311
nfix,nfix,NTP,50,platt_fit,12,2.003629952662974,-2.4811210656401594,0.32,0.4962228517469311
nfix,nfix,NTP,50,platt_fit,13,1.161939258771515,-2.276507210712628,0.2,0.4962228517469311
nfix,nfix,NTP,50,platt_fit,14,2.16047694305088,-2.558335276272107,0.26,0.4962228517469311
nfix,nfix,NTP,50,platt_fit,15,1.5701936133441552,-3.2630608760272506,0.14,0.4962228517469311
nfix,nfix,NTP,50,platt_fit,16,0.902938304070586,-2.2437587484936765,0.16,0.4962228517469311
nfix,nfix,NTP,50,platt_fit,17,1.2041216282413536,-1.4090416359824498,0.3,0.4962228517469311
nfix,nfix,NTP,50,platt_fit,18,1.0383401597554383,-1.071542311661997,0.4,0.4962228517469311
nfix,nfix,NTP,50,platt_fit,19,1.0866663544301813,-2.976733158513621,0.1,0.4962228517469311
nfix,nfix,NTP,50,platt_fit,20,2.347839173192921,-2.535924313193365,0.26,0.4962228517469311
nfix,nfix,NTP,50,platt_fit,21,1.1621232001830175,-1.141011287600176,0.34,0.4962228517469311
nfix,nfix,NTP,50,platt_fit,22,1.501102893314597,-2.310544985147603,0.22,0.4962228517469311
nfix,nfix,NTP,50,platt_fit,23,1.2758798915601368,-2.255597295071142,0.24,0.4962228517469311
nfix,nfix,NTP,50,platt_fit,24,1.2810240344668171,-2.400883357266693,0.24,0.4962228517469311
nfix,nfix,NTP,50,platt_fit,25,1.1626643943228143,-1.0666814454335638,0.32,0.4962228517469311
nfix,nfix,NTP,50,platt_fit,26,0.7440533387810356,-1.131287762888783,0.3,0.4962228517469311
nfix,nfix,NTP,50,platt_fit,27,1.6031650627759604,-2.531573948299091,0.22,0.4962228517469311
nfix,nfix,NTP,50,platt_fit,28,0.3910576916607709,-1.4903115586252973,0.24,0.4962228517469311
nfix,nfix,NTP,50,platt_fit,29,1.3096617848215508,-1.5258471389911832,0.34,0.4962228517469311
nfix,nfix,NTP,50,platt_fit,30,1.7124386860750032,-2.1201127627996037,0.32,0.4962228517469311
nfix,nfix,NTP,50,platt_fit,31,1.2828214988819104,-1.6785504513627851,0.28,0.4962228517469311
nfix,nfix,NTP,50,platt_fit,32,0.7798829659882826,-2.412639056332696,0.16,0.4962228517469311
nfix,nfix,NTP,50,platt_fit,33,0.6178872206492104,-1.613180312719622,0.24,0.4962228517469311
nfix,nfix,NTP,50,platt_fit,34,1.9742039362207082,-2.5137985512541134,0.24,0.4962228517469311
nfix,nfix,NTP,50,platt_fit,35,0.9422081141947839,-1.7324834751063278,0.24,0.4962228517469311
nfix,nfix,NTP,50,platt_fit,36,1.4542397901732054,-1.9767462445346586,0.28,0.4962228517469311
nfix,nfix,NTP,50,platt_fit,37,1.0393812752998894,-1.7747001663619022,0.26,0.4962228517469311
nfix,nfix,NTP,50,platt_fit,38,1.2523819470660822,-2.0041168852079974,0.24,0.4962228517469311
nfix,nfix,NTP,50,platt_fit,39,1.0123123027095338,-1.3386251516933132,0.34,0.4962228517469311
nfix,nfix,NTP,50,platt_fit,40,2.7481687078866246,-4.675057860271999,0.14,0.4962228517469311
nfix,nfix,NTP,50,platt_fit,41,1.5016392900635775,-2.1294823451665557,0.24,0.4962228517469311
nfix,nfix,NTP,50,platt_fit,42,0.7105749785320586,-1.7101643491637681,0.2,0.4962228517469311
nfix,nfix,NTP,50,platt_fit,43,1.9835641996977162,-3.3142010129640838,0.18,0.4962228517469311
nfix,nfix,NTP,50,platt_fit,44,1.4762286569360652,-2.262185569825018,0.32,0.4962228517469311
nfix,nfix,NTP,50,platt_fit,45,1.1286272324615838,-2.149884843842454,0.24,0.4962228517469311
nfix,nfix,NTP,50,platt_fit,46,1.4224413917827061,-2.4927446263272564,0.22,0.4962228517469311
nfix,nfix,NTP,50,platt_fit,47,0.8161537881060845,-1.301546829422686,0.36,0.4962228517469311
nfix,nfix,NTP,50,platt_fit,48,1.3084968741867815,-2.580611380128187,0.22,0.4962228517469311
nfix,nfix,NTP,50,platt_fit,49,0.8894692875733247,-2.0332038991626384,0.2,0.4962228517469311
nfix,nfix,NTP,50,platt_fit,50,1.219114290136892,-1.505954767200753,0.36,0.4962228517469311
nfix,nfix,NTP,50,platt_fit,51,0.9062296700622587,-2.2566663574750185,0.18,0.4962228517469311
nfix,nfix,NTP,50,platt_fit,52,0.21316777139584184,-1.0510235143514037,0.28,0.4962228517469311
nfix,nfix,NTP,50,platt_fit,53,1.599192626174611,-2.0732697264044004,0.26,0.4962228517469311
nfix,nfix,NTP,50,platt_fit,54,0.9690014889124096,-2.45148075296151,0.18,0.4962228517469311
nfix,nfix,NTP,50,platt_fit,55,0.7868412282529216,-1.8003775207418866,0.2,0.4962228517469311
nfix,nfix,NTP,50,platt_fit,56,0.6382274127728057,-2.0684632828560616,0.16,0.4962228517469311
nfix,nfix,NTP,50,platt_fit,57,1.3009872314529731,-1.6426726009191561,0.34,0.4962228517469311
nfix,nfix,NTP,50,platt_fit,58,1.0297320266018735,-1.2641806157566353,0.38,0.4962228517469311
nfix,nfix,NTP,50,platt_fit,59,1.6007339367699802,-2.5814206140429037,0.28,0.4962228517469311
nfix,nfix,NTP,50,platt_fit,60,1.8569268001302184,-2.403075107586788,0.26,0.4962228517469311
nfix,nfix,NTP,50,platt_fit,61,1.5183287849466551,-1.674820431845903,0.36,0.4962228517469311
nfix,nfix,NTP,50,platt_fit,62,1.0858436508002536,-1.5236750023616552,0.32,0.4962228517469311
nfix,nfix,NTP,50,platt_fit,63,1.1093555855075812,-1.9406368268483798,0.3,0.4962228517469311
nfix,nfix,NTP,50,platt_fit,64,0.48561582695317174,-2.302870189414928,0.12,0.4962228517469311
nfix,nfix,NTP,50,platt_fit,65,0.7018738943413502,-1.4084230047227586,0.28,0.4962228517469311
nfix,nfix,NTP,50,platt_fit,66,1.016684966784217,-1.6979097860080943,0.26,0.4962228517469311
nfix,nfix,NTP,50,platt_fit,67,0.8656580989880183,-1.8252651548654333,0.28,0.4962228517469311
nfix,nfix,NTP,50,platt_fit,68,0.8542184356480973,-1.8746710748429072,0.22,0.4962228517469311
nfix,nfix,NTP,50,platt_fit,69,1.2502022954065035,-1.777772753751347,0.34,0.4962228517469311
nfix,nfix,NTP,50,platt_fit,70,1.2823043894430275,-2.159556712374541,0.28,0.4962228517469311
nfix,nfix,NTP,50,platt_fit,71,0.8794435437586772,-1.4458317039760733,0.32,0.4962228517469311
nfix,nfix,NTP,50,platt_fit,72,0.9932320325406937,-1.8417452481245495,0.26,0.4962228517469311
nfix,nfix,NTP,50,platt_fit,73,0.6890175911557058,-1.3580862980810635,0.28,0.4962228517469311
nfix,nfix,NTP,50,platt_fit,74,1.572439697786647,-3.190398759537983,0.12,0.4962228517469311
nfix,nfix,NTP,50,platt_fit,75,1.9026307241556177,-2.62401776464376,0.22,0.4962228517469311
nfix,nfix,NTP,50,platt_fit,76,2.092103230090038,-2.843209177012551,0.32,0.4962228517469311
nfix,nfix,NTP,50,platt_fit,77,0.8815481698122427,-2.0170413176512394,0.18,0.4962228517469311
nfix,nfix,NTP,50,platt_fit,78,1.1101808846015273,-1.778582848512092,0.32,0.4962228517469311
nfix,nfix,NTP,50,platt_fit,79,0.696532991647237,-1.2730807658026075,0.3,0.4962228517469311
nfix,nfix,NTP,50,platt_fit,80,1.956092375302253,-2.920484556415648,0.28,0.4962228517469311
nfix,nfix,NTP,50,platt_fit,81,0.5959495622432864,-0.9728296691787458,0.38,0.4962228517469311
nfix,nfix,NTP,50,platt_fit,82,1.0472415091812761,-2.3342615763162504,0.2,0.4962228517469311
nfix,nfix,NTP,50,platt_fit,83,1.0983934678672853,-1.7965715728235954,0.24,0.4962228517469311
nfix,nfix,NTP,50,platt_fit,84,3.3461024146801193,-6.631535269281956,0.18,0.4962228517469311
nfix,nfix,NTP,50,platt_fit,85,1.4084491386060234,-1.8111145704471154,0.34,0.4962228517469311
nfix,nfix,NTP,50,platt_fit,86,0.5501370582732759,-1.429904938528826,0.26,0.4962228517469311
nfix,nfix,NTP,50,platt_fit,87,2.330553033757848,-4.301638768576802,0.22,0.4962228517469311
nfix,nfix,NTP,50,platt_fit,88,0.9641735047888645,-1.7572208003986272,0.24,0.4962228517469311
nfix,nfix,NTP,50,platt_fit,89,0.8173557524418382,-1.3600530077868211,0.3,0.4962228517469311
nfix,nfix,NTP,50,platt_fit,90,2.031285205603812,-3.669798789649747,0.28,0.4962228517469311
nfix,nfix,NTP,50,platt_fit,91,0.506328105794164,-1.2605026559089059,0.3,0.4962228517469311
nfix,nfix,NTP,50,platt_fit,92,1.17832644022595,-2.8204779083236833,0.1,0.4962228517469311
nfix,nfix,NTP,50,platt_fit,93,1.010628076973289,-1.6315141790422474,0.28,0.4962228517469311
nfix,nfix,NTP,50,platt_fit,94,1.6215208899547244,-2.4548739037941005,0.26,0.4962228517469311
nfix,nfix,NTP,50,platt_fit,95,1.2742061437069843,-2.1510960584159453,0.2,0.4962228517469311
nfix,nfix,NTP,50,platt_fit,96,2.3617239624228814,-2.6645498420970304,0.28,0.4962228517469311
nfix,nfix,NTP,50,platt_fit,97,1.2162957137321857,-2.1124462694238133,0.3,0.4962228517469311
nfix,nfix,NTP,50,platt_fit,98,1.3048087087084994,-1.9628190426879646,0.3,0.4962228517469311
nfix,nfix,NTP,50,platt_fit,99,1.1568335346894514,-1.9319985803565758,0.26,0.4962228517469311
nfix,nfix,Probe,100,platt_fit,0,0.3737445884666078,-1.422148269611227,0.25,0.4962228517469311
nfix,nfix,Probe,100,platt_fit,1,0.46034670527584565,-0.8987772572651008,0.35,0.4962228517469311
nfix,nfix,Probe,100,platt_fit,2,0.6415225536260093,-1.485027065915601,0.25,0.4962228517469311
nfix,nfix,Probe,100,platt_fit,3,1.0233397723335567,-1.4454980320564095,0.24,0.4962228517469311
nfix,nfix,Probe,100,platt_fit,4,0.7630165182642932,-0.8939162940642982,0.36,0.4962228517469311
nfix,nfix,Probe,100,platt_fit,5,0.8201986896174684,-0.8693593601550882,0.35,0.4962228517469311
nfix,nfix,Probe,100,platt_fit,6,0.5995465582684927,-1.0857486781271966,0.31,0.4962228517469311
nfix,nfix,Probe,100,platt_fit,7,1.7308202324873492,-1.8386452210425928,0.23,0.4962228517469311
nfix,nfix,Probe,100,platt_fit,8,0.7021018735310484,-1.0148158350079421,0.32,0.4962228517469311
nfix,nfix,Probe,100,platt_fit,9,0.5121273058729321,-1.5460946145694734,0.23,0.4962228517469311
nfix,nfix,Probe,100,platt_fit,10,0.8400143135959399,-2.0506908414970977,0.23,0.4962228517469311
nfix,nfix,Probe,100,platt_fit,11,0.9430613230985991,-1.5939031358389064,0.26,0.4962228517469311
nfix,nfix,Probe,100,platt_fit,12,0.9045460330223878,-1.5012905970795207,0.29,0.4962228517469311
nfix,nfix,Probe,100,platt_fit,13,0.7976710739183325,-1.4988994756915885,0.27,0.4962228517469311
nfix,nfix,Probe,100,platt_fit,14,0.39745907819990844,-1.4063673474089722,0.25,0.4962228517469311
nfix,nfix,Probe,100,platt_fit,15,1.2136267393681481,-1.4540974039797356,0.28,0.4962228517469311
nfix,nfix,Probe,100,platt_fit,16,0.5539791082301326,-1.7005958474205587,0.22,0.4962228517469311
nfix,nfix,Probe,100,platt_fit,17,1.1307542002425004,-1.7944359030900314,0.3,0.4962228517469311
nfix,nfix,Probe,100,platt_fit,18,0.781621776746998,-1.6052938558517007,0.22,0.4962228517469311
nfix,nfix,Probe,100,platt_fit,19,0.6270208871131839,-1.7376544441182096,0.22,0.4962228517469311
nfix,nfix,Probe,100,platt_fit,20,1.13564964528002,-1.066266504556617,0.35,0.4962228517469311
nfix,nfix,Probe,100,platt_fit,21,0.4866894305510253,-1.3218460574420519,0.28,0.4962228517469311
nfix,nfix,Probe,100,platt_fit,22,0.6226645008036082,-2.036683414949475,0.17,0.4962228517469311
nfix,nfix,Probe,100,platt_fit,23,0.44047198086542466,-1.1342534113998057,0.31,0.4962228517469311
nfix,nfix,Probe,100,platt_fit,24,1.3340355201837577,-1.812811132181251,0.26,0.4962228517469311
nfix,nfix,Probe,100,platt_fit,25,2.3077601923495528,-2.069337051220022,0.24,0.4962228517469311
nfix,nfix,Probe,100,platt_fit,26,0.5435182022318366,-2.1474125247001887,0.17,0.4962228517469311
nfix,nfix,Probe,100,platt_fit,27,0.176027610485308,-1.3298347701978503,0.23,0.4962228517469311
nfix,nfix,Probe,100,platt_fit,28,0.35784767263551825,-1.519123906952481,0.24,0.4962228517469311
nfix,nfix,Probe,100,platt_fit,29,0.9156144601276937,-1.7278819248815074,0.26,0.4962228517469311
nfix,nfix,Probe,100,platt_fit,30,1.0099944100624347,-1.0389309238869056,0.29,0.4962228517469311
nfix,nfix,Probe,100,platt_fit,31,1.1633773240819727,-1.294049965140614,0.27,0.4962228517469311
nfix,nfix,Probe,100,platt_fit,32,1.0000810464887677,-1.0621494848419635,0.36,0.4962228517469311
nfix,nfix,Probe,100,platt_fit,33,1.2790167217273383,-1.462088053157735,0.31,0.4962228517469311
nfix,nfix,Probe,100,platt_fit,34,1.2387990450539237,-1.8112878888849333,0.23,0.4962228517469311
nfix,nfix,Probe,100,platt_fit,35,0.23333947081681775,-0.9897592759400222,0.31,0.4962228517469311
nfix,nfix,Probe,100,platt_fit,36,0.5504392072380274,-0.9638277104281485,0.34,0.4962228517469311
nfix,nfix,Probe,100,platt_fit,37,0.5951813344657445,-1.5468472499151082,0.22,0.4962228517469311
nfix,nfix,Probe,100,platt_fit,38,1.1920393184282858,-2.019826623927978,0.17,0.4962228517469311
nfix,nfix,Probe,100,platt_fit,39,0.5524918098163025,-1.4524624337666376,0.28,0.4962228517469311
nfix,nfix,Probe,100,platt_fit,40,0.4383660483434705,-1.4651843747688733,0.22,0.4962228517469311
nfix,nfix,Probe,100,platt_fit,41,0.608255272364253,-1.4685870406046193,0.27,0.4962228517469311
nfix,nfix,Probe,100,platt_fit,42,0.5063888908717148,-1.4342953844625757,0.26,0.4962228517469311
nfix,nfix,Probe,100,platt_fit,43,0.7050323705050392,-1.7096735880409413,0.22,0.4962228517469311
nfix,nfix,Probe,100,platt_fit,44,1.6165785509339414,-1.9480617956314283,0.26,0.4962228517469311
nfix,nfix,Probe,100,platt_fit,45,0.27993474176235994,-1.1228661307412233,0.28,0.4962228517469311
nfix,nfix,Probe,100,platt_fit,46,0.20381161290315591,-1.0317673762735284,0.31,0.4962228517469311
nfix,nfix,Probe,100,platt_fit,47,0.8099818300715274,-1.5922779966519287,0.31,0.4962228517469311
nfix,nfix,Probe,100,platt_fit,48,0.44315527277380323,-1.204248121401233,0.28,0.4962228517469311
nfix,nfix,Probe,100,platt_fit,49,1.2064823650776126,-1.6064465977124684,0.25,0.4962228517469311
nfix,nfix,Probe,100,platt_fit,50,0.4774084039582138,-0.985861473306098,0.33,0.4962228517469311
nfix,nfix,Probe,100,platt_fit,51,1.851477941645655,-2.1000765789992557,0.22,0.4962228517469311
nfix,nfix,Probe,100,platt_fit,52,0.11533488210201795,-0.7778146384018114,0.35,0.4962228517469311
nfix,nfix,Probe,100,platt_fit,53,0.8604201101001698,-2.0692826684550005,0.19,0.4962228517469311
nfix,nfix,Probe,100,platt_fit,54,1.2716656759166798,-2.2475632130790415,0.21,0.4962228517469311
nfix,nfix,Probe,100,platt_fit,55,0.3276645342111064,-1.0407748714475258,0.32,0.4962228517469311
nfix,nfix,Probe,100,platt_fit,56,0.6134744792076517,-1.9179187010513457,0.19,0.4962228517469311
nfix,nfix,Probe,100,platt_fit,57,0.503599532427962,-1.5214958511630892,0.25,0.4962228517469311
nfix,nfix,Probe,100,platt_fit,58,0.16223767262159772,-1.1442079328853094,0.26,0.4962228517469311
nfix,nfix,Probe,100,platt_fit,59,0.9913459804310958,-1.0510095612952302,0.32,0.4962228517469311
nfix,nfix,Probe,100,platt_fit,60,0.8539657537629506,-1.9252998755961082,0.18,0.4962228517469311
nfix,nfix,Probe,100,platt_fit,61,1.2650882213441648,-1.4683045541248394,0.3,0.4962228517469311
nfix,nfix,Probe,100,platt_fit,62,0.6440556599427687,-1.763709982811737,0.21,0.4962228517469311
nfix,nfix,Probe,100,platt_fit,63,0.2383869854212898,-1.8446064425749684,0.17,0.4962228517469311
nfix,nfix,Probe,100,platt_fit,64,0.8901061635855979,-1.4974826858354557,0.25,0.4962228517469311
nfix,nfix,Probe,100,platt_fit,65,0.5316006672654233,-1.2971640881043214,0.27,0.4962228517469311
nfix,nfix,Probe,100,platt_fit,66,1.0930277224819978,-1.567912371393265,0.26,0.4962228517469311
nfix,nfix,Probe,100,platt_fit,67,0.39803821554478813,-1.1726420648297888,0.29,0.4962228517469311
nfix,nfix,Probe,100,platt_fit,68,0.1944672190362578,-1.2780876703469803,0.25,0.4962228517469311
nfix,nfix,Probe,100,platt_fit,69,0.5843506017859131,-1.0560055954365912,0.32,0.4962228517469311
nfix,nfix,Probe,100,platt_fit,70,1.305981846917587,-1.5493809762632942,0.29,0.4962228517469311
nfix,nfix,Probe,100,platt_fit,71,0.5371436722211461,-1.5073338540177674,0.22,0.4962228517469311
nfix,nfix,Probe,100,platt_fit,72,1.1755247716268562,-1.2463996022558692,0.31,0.4962228517469311
nfix,nfix,Probe,100,platt_fit,73,0.6510167612608103,-1.162020340755856,0.3,0.4962228517469311
nfix,nfix,Probe,100,platt_fit,74,1.2618649028022353,-1.6863174711800308,0.24,0.4962228517469311
nfix,nfix,Probe,100,platt_fit,75,0.2615735394098567,-0.9768538810411822,0.32,0.4962228517469311
nfix,nfix,Probe,100,platt_fit,76,1.097028692639534,-1.8090337134316958,0.21,0.4962228517469311
nfix,nfix,Probe,100,platt_fit,77,0.44429451214191534,-1.4810064905687665,0.28,0.4962228517469311
nfix,nfix,Probe,100,platt_fit,78,0.4727946904386631,-1.0656677945261213,0.35,0.4962228517469311
nfix,nfix,Probe,100,platt_fit,79,1.2806652736307904,-1.6349243575278274,0.21,0.4962228517469311
nfix,nfix,Probe,100,platt_fit,80,1.1454813687573604,-1.444535309929527,0.27,0.4962228517469311
nfix,nfix,Probe,100,platt_fit,81,0.576330009641092,-1.564811369474592,0.22,0.4962228517469311
nfix,nfix,Probe,100,platt_fit,82,0.27853336841803306,-0.7287600265414889,0.38,0.4962228517469311
nfix,nfix,Probe,100,platt_fit,83,1.212788033178495,-2.27675293291943,0.18,0.4962228517469311
nfix,nfix,Probe,100,platt_fit,84,0.7156985501101417,-1.8329564865079297,0.23,0.4962228517469311
nfix,nfix,Probe,100,platt_fit,85,0.7170012434588687,-1.1452618586028438,0.34,0.4962228517469311
nfix,nfix,Probe,100,platt_fit,86,0.2356104418436483,-1.4239427789652532,0.22,0.4962228517469311
nfix,nfix,Probe,100,platt_fit,87,0.34243618010018706,-1.6051096908249445,0.21,0.4962228517469311
nfix,nfix,Probe,100,platt_fit,88,0.7291409497517478,-1.3715547625802982,0.3,0.4962228517469311
nfix,nfix,Probe,100,platt_fit,89,1.7977661142929233,-2.117682126230516,0.25,0.4962228517469311
nfix,nfix,Probe,100,platt_fit,90,0.10884490243510694,-1.3133823036325272,0.23,0.4962228517469311
nfix,nfix,Probe,100,platt_fit,91,0.8479600938835694,-1.133382196724574,0.29,0.4962228517469311
nfix,nfix,Probe,100,platt_fit,92,0.8203696263935304,-1.0669300389240561,0.35,0.4962228517469311
nfix,nfix,Probe,100,platt_fit,93,0.4186511469420586,-1.238434984536028,0.26,0.4962228517469311
nfix,nfix,Probe,100,platt_fit,94,1.0551726907151084,-2.1478605650840503,0.25,0.4962228517469311
nfix,nfix,Probe,100,platt_fit,95,0.9917158488824342,-1.290524601754387,0.3,0.4962228517469311
nfix,nfix,Probe,100,platt_fit,96,1.5747923727227475,-2.4520119737475916,0.24,0.4962228517469311
nfix,nfix,Probe,100,platt_fit,97,1.0464793727313508,-1.16512825745905,0.31,0.4962228517469311
nfix,nfix,Probe,100,platt_fit,98,0.6335856983777645,-1.4589228565551522,0.27,0.4962228517469311
nfix,nfix,Probe,100,platt_fit,99,0.33563079509503074,-1.5800133268300736,0.21,0.4962228517469311
nfix,nfix,NTP,100,platt_fit,0,1.2920643874581592,-2.0928718997196056,0.25,0.4962228517469311
nfix,nfix,NTP,100,platt_fit,1,0.9947799946377351,-1.2965743966956542,0.35,0.4962228517469311
nfix,nfix,NTP,100,platt_fit,2,1.4159438435973195,-2.3563035936772616,0.25,0.4962228517469311
nfix,nfix,NTP,100,platt_fit,3,1.4102367189656915,-2.2164757018529806,0.24,0.4962228517469311
nfix,nfix,NTP,100,platt_fit,4,1.1246823508698847,-1.2062717178341464,0.36,0.4962228517469311
nfix,nfix,NTP,100,platt_fit,5,1.4107906726673214,-1.6535816707654873,0.35,0.4962228517469311
nfix,nfix,NTP,100,platt_fit,6,1.1966407694200405,-1.6318055463091063,0.31,0.4962228517469311
nfix,nfix,NTP,100,platt_fit,7,1.4520557728848658,-2.194181656856684,0.23,0.4962228517469311
nfix,nfix,NTP,100,platt_fit,8,0.6118748575737917,-1.2211260869250344,0.32,0.4962228517469311
nfix,nfix,NTP,100,platt_fit,9,1.1749724232715737,-1.8130982950795043,0.23,0.4962228517469311
nfix,nfix,NTP,100,platt_fit,10,1.133369647641507,-1.808283223609976,0.23,0.4962228517469311
nfix,nfix,NTP,100,platt_fit,11,1.1474165035019654,-2.10536723988108,0.26,0.4962228517469311
nfix,nfix,NTP,100,platt_fit,12,1.051411937995505,-1.7072151708538734,0.29,0.4962228517469311
nfix,nfix,NTP,100,platt_fit,13,1.5611383510433714,-1.691486293357817,0.27,0.4962228517469311
nfix,nfix,NTP,100,platt_fit,14,1.1211989826071849,-2.1905588944983916,0.25,0.4962228517469311
nfix,nfix,NTP,100,platt_fit,15,1.5168357166834436,-2.1201942596741783,0.28,0.4962228517469311
nfix,nfix,NTP,100,platt_fit,16,1.421869537868635,-2.2519638152084216,0.22,0.4962228517469311
nfix,nfix,NTP,100,platt_fit,17,0.8835105683510237,-1.4159102958220755,0.3,0.4962228517469311
nfix,nfix,NTP,100,platt_fit,18,0.9034523395803358,-2.0365953138735455,0.22,0.4962228517469311
nfix,nfix,NTP,100,platt_fit,19,1.2795261504431008,-2.2049391379279006,0.22,0.4962228517469311
nfix,nfix,NTP,100,platt_fit,20,1.6672911670893686,-1.7410997310157126,0.35,0.4962228517469311
nfix,nfix,NTP,100,platt_fit,21,1.2353226401233586,-1.9115942807416397,0.28,0.4962228517469311
nfix,nfix,NTP,100,platt_fit,22,0.7175171059707265,-2.1446394754438325,0.17,0.4962228517469311
nfix,nfix,NTP,100,platt_fit,23,0.7341193459072317,-1.311640861779435,0.31,0.4962228517469311
nfix,nfix,NTP,100,platt_fit,24,1.5462946995666336,-2.653175854815822,0.26,0.4962228517469311
nfix,nfix,NTP,100,platt_fit,25,1.6559521178386343,-1.9382935979809692,0.24,0.4962228517469311
nfix,nfix,NTP,100,platt_fit,26,1.2602368038697156,-2.442599170246837,0.17,0.4962228517469311
nfix,nfix,NTP,100,platt_fit,27,0.6775565607731496,-1.6764036698492035,0.23,0.4962228517469311
nfix,nfix,NTP,100,platt_fit,28,0.9153143748621267,-2.0738944117420677,0.24,0.4962228517469311
nfix,nfix,NTP,100,platt_fit,29,1.336214058252421,-2.0744314671141795,0.26,0.4962228517469311
nfix,nfix,NTP,100,platt_fit,30,0.9850968487040535,-1.5976717165952847,0.29,0.4962228517469311
nfix,nfix,NTP,100,platt_fit,31,1.869425856629672,-2.0848758365621283,0.27,0.4962228517469311
nfix,nfix,NTP,100,platt_fit,32,1.0574918154880606,-1.5130795259624623,0.36,0.4962228517469311
nfix,nfix,NTP,100,platt_fit,33,0.7724995651573027,-1.375939651478019,0.31,0.4962228517469311
nfix,nfix,NTP,100,platt_fit,34,1.041789567307427,-1.7855821777371905,0.23,0.4962228517469311
nfix,nfix,NTP,100,platt_fit,35,1.2200006024270522,-1.8973799665267395,0.31,0.4962228517469311
nfix,nfix,NTP,100,platt_fit,36,1.0995826213149844,-1.4314454330886777,0.34,0.4962228517469311
nfix,nfix,NTP,100,platt_fit,37,1.4124860328277622,-2.2340067598734175,0.22,0.4962228517469311
nfix,nfix,NTP,100,platt_fit,38,1.3222917611259226,-2.772343051538889,0.17,0.4962228517469311
nfix,nfix,NTP,100,platt_fit,39,0.5562388593990257,-1.3025692085857912,0.28,0.4962228517469311
nfix,nfix,NTP,100,platt_fit,40,0.9407214715893916,-1.9237862351727086,0.22,0.4962228517469311
nfix,nfix,NTP,100,platt_fit,41,1.2045722919993833,-1.9923323144029612,0.27,0.4962228517469311
nfix,nfix,NTP,100,platt_fit,42,1.082882573743984,-1.650923885123182,0.26,0.4962228517469311
nfix,nfix,NTP,100,platt_fit,43,0.9833817635689773,-1.984742200512143,0.22,0.4962228517469311
nfix,nfix,NTP,100,platt_fit,44,1.1361382601828554,-1.999486166991092,0.26,0.4962228517469311
nfix,nfix,NTP,100,platt_fit,45,1.0801498788714248,-1.6751122070093736,0.28,0.4962228517469311
nfix,nfix,NTP,100,platt_fit,46,0.8073138088812281,-1.477380409311322,0.31,0.4962228517469311
nfix,nfix,NTP,100,platt_fit,47,0.897141440778846,-1.5828002155155048,0.31,0.4962228517469311
nfix,nfix,NTP,100,platt_fit,48,1.175268716243744,-1.8266529134492973,0.28,0.4962228517469311
nfix,nfix,NTP,100,platt_fit,49,1.1068787176931094,-1.9481592460416182,0.25,0.4962228517469311
nfix,nfix,NTP,100,platt_fit,50,0.7104438120617969,-1.2491511447206884,0.33,0.4962228517469311
nfix,nfix,NTP,100,platt_fit,51,1.0608553437196355,-2.1183679981846106,0.22,0.4962228517469311
nfix,nfix,NTP,100,platt_fit,52,0.5466536301885064,-1.0216435870951996,0.35,0.4962228517469311
nfix,nfix,NTP,100,platt_fit,53,1.4863864269793527,-2.714400160437114,0.19,0.4962228517469311
nfix,nfix,NTP,100,platt_fit,54,1.4002718647655263,-2.7316533037806834,0.21,0.4962228517469311
nfix,nfix,NTP,100,platt_fit,55,1.0041187249635017,-1.3765068640514162,0.32,0.4962228517469311
nfix,nfix,NTP,100,platt_fit,56,1.8449724563985257,-3.2590437355494486,0.19,0.4962228517469311
nfix,nfix,NTP,100,platt_fit,57,0.949432606189499,-1.857055799607844,0.25,0.4962228517469311
nfix,nfix,NTP,100,platt_fit,58,0.8385373991408787,-1.7525732277050667,0.26,0.4962228517469311
nfix,nfix,NTP,100,platt_fit,59,1.017029419757341,-1.7448608209659509,0.32,0.4962228517469311
nfix,nfix,NTP,100,platt_fit,60,0.7412862824221603,-1.9918299479490655,0.18,0.4962228517469311
nfix,nfix,NTP,100,platt_fit,61,0.8993123235483083,-1.4888137999343778,0.3,0.4962228517469311
nfix,nfix,NTP,100,platt_fit,62,0.7541114176740462,-1.8853230253062905,0.21,0.4962228517469311
nfix,nfix,NTP,100,platt_fit,63,0.7076918009922447,-2.2204159499521916,0.17,0.4962228517469311
nfix,nfix,NTP,100,platt_fit,64,1.2455683872075929,-1.8749106407071512,0.25,0.4962228517469311
nfix,nfix,NTP,100,platt_fit,65,0.4360515804590604,-1.3593439536895637,0.27,0.4962228517469311
nfix,nfix,NTP,100,platt_fit,66,1.5315387123405904,-2.4601313439696697,0.26,0.4962228517469311
nfix,nfix,NTP,100,platt_fit,67,1.112761840578175,-1.945453732702463,0.29,0.4962228517469311
nfix,nfix,NTP,100,platt_fit,68,1.3338015648373938,-2.004843724619744,0.25,0.4962228517469311
nfix,nfix,NTP,100,platt_fit,69,1.0128098216931158,-1.6235721434339019,0.32,0.4962228517469311
nfix,nfix,NTP,100,platt_fit,70,1.3248415175556139,-1.9433243060358385,0.29,0.4962228517469311
nfix,nfix,NTP,100,platt_fit,71,0.8390751499068951,-1.7809276886849326,0.22,0.4962228517469311
nfix,nfix,NTP,100,platt_fit,72,1.6004851232324817,-1.6849495994275323,0.31,0.4962228517469311
nfix,nfix,NTP,100,platt_fit,73,0.7874095342155398,-1.393244650414353,0.3,0.4962228517469311
nfix,nfix,NTP,100,platt_fit,74,1.2309211861817646,-2.027746925802786,0.24,0.4962228517469311
nfix,nfix,NTP,100,platt_fit,75,1.0191944291142776,-1.594220766682901,0.32,0.4962228517469311
nfix,nfix,NTP,100,platt_fit,76,1.4502374176865978,-2.6516957168163,0.21,0.4962228517469311
nfix,nfix,NTP,100,platt_fit,77,1.3648769658214601,-2.1546253318636794,0.28,0.4962228517469311
nfix,nfix,NTP,100,platt_fit,78,1.234594462104105,-1.7631155382934323,0.35,0.4962228517469311
nfix,nfix,NTP,100,platt_fit,79,1.3476374220480836,-2.3886095663428417,0.21,0.4962228517469311
nfix,nfix,NTP,100,platt_fit,80,0.9079987723603138,-1.5672272410332557,0.27,0.4962228517469311
nfix,nfix,NTP,100,platt_fit,81,0.758419414095674,-1.7221202764080799,0.22,0.4962228517469311
nfix,nfix,NTP,100,platt_fit,82,1.363654425687503,-1.5355034453407348,0.38,0.4962228517469311
nfix,nfix,NTP,100,platt_fit,83,1.9931833556871799,-3.6426400441518663,0.18,0.4962228517469311
nfix,nfix,NTP,100,platt_fit,84,1.0139821673499985,-2.0315750129281445,0.23,0.4962228517469311
nfix,nfix,NTP,100,platt_fit,85,0.7169214595522703,-1.1790664162726148,0.34,0.4962228517469311
nfix,nfix,NTP,100,platt_fit,86,1.474575556450738,-2.292454438171337,0.22,0.4962228517469311
nfix,nfix,NTP,100,platt_fit,87,1.0964518200548845,-2.2589706691783564,0.21,0.4962228517469311
nfix,nfix,NTP,100,platt_fit,88,0.9145847835077572,-1.5805999325218765,0.3,0.4962228517469311
nfix,nfix,NTP,100,platt_fit,89,1.1983268076718951,-2.0102469500770885,0.25,0.4962228517469311
nfix,nfix,NTP,100,platt_fit,90,0.4538308506035268,-1.5237289922387312,0.23,0.4962228517469311
nfix,nfix,NTP,100,platt_fit,91,1.401191754454144,-2.006527628020884,0.29,0.4962228517469311
nfix,nfix,NTP,100,platt_fit,92,1.2961659900591416,-1.3898849395119468,0.35,0.4962228517469311
nfix,nfix,NTP,100,platt_fit,93,0.8223657207284364,-1.4859360813181564,0.26,0.4962228517469311
nfix,nfix,NTP,100,platt_fit,94,1.6401536770841272,-2.302457549446557,0.25,0.4962228517469311
nfix,nfix,NTP,100,platt_fit,95,0.7747644184179034,-1.2529209623838946,0.3,0.4962228517469311
nfix,nfix,NTP,100,platt_fit,96,1.3721683673311396,-2.624360377266311,0.24,0.4962228517469311
nfix,nfix,NTP,100,platt_fit,97,1.1366953564389923,-2.0437800833084965,0.31,0.4962228517469311
nfix,nfix,NTP,100,platt_fit,98,1.2980582226481048,-2.2796322613236675,0.27,0.4962228517469311
nfix,nfix,NTP,100,platt_fit,99,0.9505212912916087,-2.1278782606950353,0.21,0.4962228517469311
nfix,nfix,Probe,250,platt_fit,0,0.6829631205544451,-1.8613436923536508,0.212,0.4962228517469311
nfix,nfix,Probe,250,platt_fit,1,0.6447484026741936,-1.3363923437692422,0.312,0.4962228517469311
nfix,nfix,Probe,250,platt_fit,2,0.6738784936598997,-1.407148506510323,0.28,0.4962228517469311
nfix,nfix,Probe,250,platt_fit,3,1.1522373372384636,-1.3076939358968869,0.28,0.4962228517469311
nfix,nfix,Probe,250,platt_fit,4,1.0649972003328403,-1.4953625893443754,0.292,0.4962228517469311
nfix,nfix,Probe,250,platt_fit,5,1.1371964689550107,-1.4270549985937484,0.284,0.4962228517469311
nfix,nfix,Probe,250,platt_fit,6,0.7278976510066599,-1.3235413207909048,0.288,0.4962228517469311
nfix,nfix,Probe,250,platt_fit,7,1.1053915142353459,-1.3572723948688028,0.276,0.4962228517469311
nfix,nfix,Probe,250,platt_fit,8,0.791815048610264,-1.1683628450767118,0.308,0.4962228517469311
nfix,nfix,Probe,250,platt_fit,9,0.42838631349513756,-1.3116554074445599,0.268,0.4962228517469311
nfix,nfix,Probe,250,platt_fit,10,0.36435667979048886,-1.5764913790532142,0.216,0.4962228517469311
nfix,nfix,Probe,250,platt_fit,11,1.0105100288448021,-1.2421590842320012,0.352,0.4962228517469311
nfix,nfix,Probe,250,platt_fit,12,0.9308939505491067,-1.5054020298652773,0.252,0.4962228517469311
nfix,nfix,Probe,250,platt_fit,13,0.6307733264859517,-1.6690512292301123,0.236,0.4962228517469311
nfix,nfix,Probe,250,platt_fit,14,0.5178056589733375,-1.3252250691011953,0.284,0.4962228517469311
nfix,nfix,Probe,250,platt_fit,15,1.2494658802136762,-1.8074555365866538,0.212,0.4962228517469311
nfix,nfix,Probe,250,platt_fit,16,0.5778969993268861,-1.437828476120324,0.272,0.4962228517469311
nfix,nfix,Probe,250,platt_fit,17,0.47740760557924666,-1.3884148986858034,0.248,0.4962228517469311
nfix,nfix,Probe,250,platt_fit,18,0.5030368740266387,-1.2643570038483596,0.276,0.4962228517469311
nfix,nfix,Probe,250,platt_fit,19,0.496227733664564,-1.5849285367191732,0.232,0.4962228517469311
nfix,nfix,Probe,250,platt_fit,20,1.448295970876656,-1.4352724371921701,0.28,0.4962228517469311
nfix,nfix,Probe,250,platt_fit,21,0.6577225291245228,-1.325866817694513,0.296,0.4962228517469311
nfix,nfix,Probe,250,platt_fit,22,0.6624028547120122,-1.3429816510863,0.292,0.4962228517469311
nfix,nfix,Probe,250,platt_fit,23,0.6023818567732577,-1.2402601955719414,0.312,0.4962228517469311
nfix,nfix,Probe,250,platt_fit,24,1.345354054090402,-1.7738970257478355,0.276,0.4962228517469311
nfix,nfix,Probe,250,platt_fit,25,1.2494364164702696,-1.4817967384494257,0.244,0.4962228517469311
nfix,nfix,Probe,250,platt_fit,26,0.2762457543445208,-1.4750129819496038,0.228,0.4962228517469311
nfix,nfix,Probe,250,platt_fit,27,0.5875501392590551,-1.6187938218946787,0.232,0.4962228517469311
nfix,nfix,Probe,250,platt_fit,28,0.3287738894877639,-1.301087847791529,0.264,0.4962228517469311
nfix,nfix,Probe,250,platt_fit,29,0.8954974351663629,-1.5179588663359744,0.288,0.4962228517469311
nfix,nfix,Probe,250,platt_fit,30,0.7496931201225567,-1.100937371456229,0.296,0.4962228517469311
nfix,nfix,Probe,250,platt_fit,31,0.7466021300196221,-1.0474061603995626,0.304,0.4962228517469311
nfix,nfix,Probe,250,platt_fit,32,1.5152821344000558,-1.8961053026071182,0.284,0.4962228517469311
nfix,nfix,Probe,250,platt_fit,33,0.6674283495167753,-1.5191697158689768,0.24,0.4962228517469311
nfix,nfix,Probe,250,platt_fit,34,0.9332675242908631,-1.4813735789201814,0.244,0.4962228517469311
nfix,nfix,Probe,250,platt_fit,35,0.3462048896381379,-1.2422606895123114,0.272,0.4962228517469311
nfix,nfix,Probe,250,platt_fit,36,0.6376217599847618,-1.2336148802795242,0.292,0.4962228517469311
nfix,nfix,Probe,250,platt_fit,37,1.0300402588095112,-1.2467040289248117,0.316,0.4962228517469311
nfix,nfix,Probe,250,platt_fit,38,1.7827065997579645,-1.7941707523022572,0.268,0.4962228517469311
nfix,nfix,Probe,250,platt_fit,39,0.3413747478173035,-1.0852601998366747,0.3,0.4962228517469311
nfix,nfix,Probe,250,platt_fit,40,0.5166426788586734,-1.5509780181747543,0.232,0.4962228517469311
nfix,nfix,Probe,250,platt_fit,41,0.5719578757388805,-1.5595579572403433,0.236,0.4962228517469311
nfix,nfix,Probe,250,platt_fit,42,0.41068213954286964,-1.3995329966372967,0.244,0.4962228517469311
nfix,nfix,Probe,250,platt_fit,43,0.6851306340233456,-1.4103638871103774,0.268,0.4962228517469311
nfix,nfix,Probe,250,platt_fit,44,1.5581342609602211,-1.6225227192079599,0.328,0.4962228517469311
nfix,nfix,Probe,250,platt_fit,45,0.4538198773387114,-1.315458846706214,0.272,0.4962228517469311
nfix,nfix,Probe,250,platt_fit,46,0.3825051579156563,-1.5079192535997021,0.252,0.4962228517469311
nfix,nfix,Probe,250,platt_fit,47,0.2990103196747111,-0.9156541832426282,0.348,0.4962228517469311
nfix,nfix,Probe,250,platt_fit,48,0.42047766114778795,-1.0951660213380663,0.312,0.4962228517469311
nfix,nfix,Probe,250,platt_fit,49,1.4250465630716094,-1.6205160255170028,0.284,0.4962228517469311
nfix,nfix,Probe,250,platt_fit,50,0.5864932485339589,-1.2801631860166984,0.3,0.4962228517469311
nfix,nfix,Probe,250,platt_fit,51,0.9727045400640548,-1.4088412388420726,0.26,0.4962228517469311
nfix,nfix,Probe,250,platt_fit,52,0.4759349941798777,-1.8187262818981338,0.244,0.4962228517469311
nfix,nfix,Probe,250,platt_fit,53,0.6469322921908734,-1.370642316489622,0.276,0.4962228517469311
nfix,nfix,Probe,250,platt_fit,54,0.6973056238982989,-1.4101634061206878,0.256,0.4962228517469311
nfix,nfix,Probe,250,platt_fit,55,0.5502877924831256,-1.5742615267044582,0.26,0.4962228517469311
nfix,nfix,Probe,250,platt_fit,56,0.3839369461364631,-1.3837837961120392,0.256,0.4962228517469311
nfix,nfix,Probe,250,platt_fit,57,0.46270965392220137,-1.4814875101319713,0.256,0.4962228517469311
nfix,nfix,Probe,250,platt_fit,58,0.4506260938439422,-1.236265124008777,0.288,0.4962228517469311
nfix,nfix,Probe,250,platt_fit,59,0.9189197517982066,-1.2836454807388178,0.292,0.4962228517469311
nfix,nfix,Probe,250,platt_fit,60,0.5703437471309987,-1.5492168937747914,0.216,0.4962228517469311
nfix,nfix,Probe,250,platt_fit,61,0.7846422658211732,-1.6518931556974539,0.208,0.4962228517469311
nfix,nfix,Probe,250,platt_fit,62,0.7224419396106124,-1.5164153350459824,0.272,0.4962228517469311
nfix,nfix,Probe,250,platt_fit,63,0.5394328420217951,-1.4270560345190102,0.304,0.4962228517469311
nfix,nfix,Probe,250,platt_fit,64,0.6412827191101532,-1.5565067725449804,0.228,0.4962228517469311
nfix,nfix,Probe,250,platt_fit,65,0.8602029493317185,-1.4269986622987514,0.264,0.4962228517469311
nfix,nfix,Probe,250,platt_fit,66,1.3476153705992366,-1.4874412185486998,0.288,0.4962228517469311
nfix,nfix,Probe,250,platt_fit,67,0.3717320576546278,-1.1852266069529176,0.296,0.4962228517469311
nfix,nfix,Probe,250,platt_fit,68,0.41622580492271866,-1.2243251541715559,0.288,0.4962228517469311
nfix,nfix,Probe,250,platt_fit,69,0.9767572853911983,-1.259648237646963,0.292,0.4962228517469311
nfix,nfix,Probe,250,platt_fit,70,1.118182418552292,-1.8114102841361857,0.224,0.4962228517469311
nfix,nfix,Probe,250,platt_fit,71,0.8465521531211614,-1.6033390005975954,0.26,0.4962228517469311
nfix,nfix,Probe,250,platt_fit,72,1.3425863932189765,-1.9112564221002215,0.216,0.4962228517469311
nfix,nfix,Probe,250,platt_fit,73,0.6351993847546153,-1.5500160404036893,0.24,0.4962228517469311
nfix,nfix,Probe,250,platt_fit,74,0.8236391033461873,-1.5702172525472182,0.204,0.4962228517469311
nfix,nfix,Probe,250,platt_fit,75,0.4461993631043157,-1.6693932474615663,0.22,0.4962228517469311
nfix,nfix,Probe,250,platt_fit,76,1.460270683986422,-1.675873960666003,0.264,0.4962228517469311
nfix,nfix,Probe,250,platt_fit,77,0.27425589985148335,-1.3267598566335417,0.26,0.4962228517469311
nfix,nfix,Probe,250,platt_fit,78,0.531879258086193,-1.1682424347214486,0.316,0.4962228517469311
nfix,nfix,Probe,250,platt_fit,79,0.8654208792787307,-1.3211193919575728,0.268,0.4962228517469311
nfix,nfix,Probe,250,platt_fit,80,1.0732443297601746,-1.4767534948280332,0.268,0.4962228517469311
nfix,nfix,Probe,250,platt_fit,81,0.7332882886672177,-1.2874871501294936,0.32,0.4962228517469311
nfix,nfix,Probe,250,platt_fit,82,0.4197500095541844,-1.3813343079787543,0.268,0.4962228517469311
nfix,nfix,Probe,250,platt_fit,83,1.1267659133852117,-1.8265839122037952,0.22,0.4962228517469311
nfix,nfix,Probe,250,platt_fit,84,0.4327763898863401,-1.3374578905605712,0.272,0.4962228517469311
nfix,nfix,Probe,250,platt_fit,85,0.6305354605882338,-1.6530978847301867,0.228,0.4962228517469311
nfix,nfix,Probe,250,platt_fit,86,0.26325547216773687,-1.1427928039375486,0.288,0.4962228517469311
nfix,nfix,Probe,250,platt_fit,87,0.5107796448718395,-1.7310681731274995,0.216,0.4962228517469311
nfix,nfix,Probe,250,platt_fit,88,0.535870099306565,-1.3587317664395335,0.252,0.4962228517469311
nfix,nfix,Probe,250,platt_fit,89,1.1213648155768412,-1.280422164557662,0.324,0.4962228517469311
nfix,nfix,Probe,250,platt_fit,90,0.19312893867226116,-1.2825551790240113,0.252,0.4962228517469311
nfix,nfix,Probe,250,platt_fit,91,0.8784736605332822,-0.9476811827810846,0.324,0.4962228517469311
nfix,nfix,Probe,250,platt_fit,92,1.0833034995809,-1.5237584632574925,0.252,0.4962228517469311
nfix,nfix,Probe,250,platt_fit,93,0.5655894176686925,-1.3552572577882853,0.26,0.4962228517469311
nfix,nfix,Probe,250,platt_fit,94,0.6574591961136607,-1.7246549861642793,0.228,0.4962228517469311
nfix,nfix,Probe,250,platt_fit,95,1.2316881063224832,-1.6827573879279754,0.272,0.4962228517469311
nfix,nfix,Probe,250,platt_fit,96,1.3746428696000097,-1.7756823784734825,0.292,0.4962228517469311
nfix,nfix,Probe,250,platt_fit,97,0.9387783668352326,-1.3708058667302794,0.296,0.4962228517469311
nfix,nfix,Probe,250,platt_fit,98,0.7572454560220092,-1.651958631174633,0.24,0.4962228517469311
nfix,nfix,Probe,250,platt_fit,99,0.43031518210077835,-1.1238747511295093,0.312,0.4962228517469311
nfix,nfix,NTP,250,platt_fit,0,1.2409376893267487,-2.3420754857573347,0.212,0.4962228517469311
nfix,nfix,NTP,250,platt_fit,1,1.265720880406731,-1.9664034832295356,0.312,0.4962228517469311
nfix,nfix,NTP,250,platt_fit,2,1.1962723809520024,-1.797699249084657,0.28,0.4962228517469311
nfix,nfix,NTP,250,platt_fit,3,1.2462079309378582,-1.859148206760601,0.28,0.4962228517469311
nfix,nfix,NTP,250,platt_fit,4,1.1031041251648135,-1.7653427475278585,0.292,0.4962228517469311
nfix,nfix,NTP,250,platt_fit,5,1.339003415311393,-1.893977347861154,0.284,0.4962228517469311
nfix,nfix,NTP,250,platt_fit,6,1.1672426968273044,-1.9743585250619924,0.288,0.4962228517469311
nfix,nfix,NTP,250,platt_fit,7,1.3461549843821081,-1.672419822983809,0.276,0.4962228517469311
nfix,nfix,NTP,250,platt_fit,8,0.7984267890962616,-1.484134430049484,0.308,0.4962228517469311
nfix,nfix,NTP,250,platt_fit,9,1.1531635455628952,-1.942863256429139,0.268,0.4962228517469311
nfix,nfix,NTP,250,platt_fit,10,0.9616437918771957,-1.9208578849895435,0.216,0.4962228517469311
nfix,nfix,NTP,250,platt_fit,11,0.7964537698826681,-1.333044743601999,0.352,0.4962228517469311
nfix,nfix,NTP,250,platt_fit,12,1.508259033833548,-2.5141475822023316,0.252,0.4962228517469311
nfix,nfix,NTP,250,platt_fit,13,0.9951636075857149,-1.8971410430916804,0.236,0.4962228517469311
nfix,nfix,NTP,250,platt_fit,14,0.9681508826906462,-1.6289295729858766,0.284,0.4962228517469311
nfix,nfix,NTP,250,platt_fit,15,1.6696114786416987,-2.811007853855485,0.212,0.4962228517469311
nfix,nfix,NTP,250,platt_fit,16,1.0178463371798305,-1.7495343383630133,0.272,0.4962228517469311
nfix,nfix,NTP,250,platt_fit,17,1.006389031996367,-1.67670305815935,0.248,0.4962228517469311
nfix,nfix,NTP,250,platt_fit,18,1.3160090665181026,-2.174391012289705,0.276,0.4962228517469311
nfix,nfix,NTP,250,platt_fit,19,1.356760135539855,-2.134361403012201,0.232,0.4962228517469311
nfix,nfix,NTP,250,platt_fit,20,1.342554215285794,-1.7687909654779694,0.28,0.4962228517469311
nfix,nfix,NTP,250,platt_fit,21,1.1155584733690127,-1.5215461302213928,0.296,0.4962228517469311
nfix,nfix,NTP,250,platt_fit,22,1.082712164306014,-1.5914735269975622,0.292,0.4962228517469311
nfix,nfix,NTP,250,platt_fit,23,0.8762046670061855,-1.3202142604184957,0.312,0.4962228517469311
nfix,nfix,NTP,250,platt_fit,24,1.142534075426665,-2.0449630528121827,0.276,0.4962228517469311
nfix,nfix,NTP,250,platt_fit,25,1.1971452228068935,-2.0244269418511793,0.244,0.4962228517469311
nfix,nfix,NTP,250,platt_fit,26,1.0190950636086877,-1.9633219024743986,0.228,0.4962228517469311
nfix,nfix,NTP,250,platt_fit,27,1.0406352989593426,-2.0027018895000377,0.232,0.4962228517469311
nfix,nfix,NTP,250,platt_fit,28,0.8729448061224152,-1.7104555845101612,0.264,0.4962228517469311
nfix,nfix,NTP,250,platt_fit,29,1.1690234376605027,-1.7044443215534686,0.288,0.4962228517469311
nfix,nfix,NTP,250,platt_fit,30,0.8909533971817176,-1.5186973612047814,0.296,0.4962228517469311
nfix,nfix,NTP,250,platt_fit,31,1.0988929408464876,-1.6059950814561712,0.304,0.4962228517469311
nfix,nfix,NTP,250,platt_fit,32,0.9380452174193278,-1.7833881913691272,0.284,0.4962228517469311
nfix,nfix,NTP,250,platt_fit,33,1.155336615497004,-2.0074926089536373,0.24,0.4962228517469311
nfix,nfix,NTP,250,platt_fit,34,0.9771890871161234,-1.7597370289685235,0.244,0.4962228517469311
nfix,nfix,NTP,250,platt_fit,35,0.8846586706598978,-1.6684478040521962,0.272,0.4962228517469311
nfix,nfix,NTP,250,platt_fit,36,1.7510846088765801,-1.9015696488287246,0.292,0.4962228517469311
nfix,nfix,NTP,250,platt_fit,37,0.9131264895856145,-1.4906880979280044,0.316,0.4962228517469311
nfix,nfix,NTP,250,platt_fit,38,1.5535412248526117,-2.355913877974856,0.268,0.4962228517469311
nfix,nfix,NTP,250,platt_fit,39,0.8911563273709329,-1.5927248715801796,0.3,0.4962228517469311
nfix,nfix,NTP,250,platt_fit,40,1.1408154392863568,-2.05050790236725,0.232,0.4962228517469311
nfix,nfix,NTP,250,platt_fit,41,1.4804490848172662,-2.2516819196287385,0.236,0.4962228517469311
nfix,nfix,NTP,250,platt_fit,42,1.1487257228135934,-1.842553196112538,0.244,0.4962228517469311
nfix,nfix,NTP,250,platt_fit,43,1.1021282097051457,-1.7817375078283222,0.268,0.4962228517469311
nfix,nfix,NTP,250,platt_fit,44,0.7964467151399964,-1.4256435401867582,0.328,0.4962228517469311
nfix,nfix,NTP,250,platt_fit,45,0.9132741298693291,-1.6694172909586618,0.272,0.4962228517469311
nfix,nfix,NTP,250,platt_fit,46,1.1748171416994664,-2.0293277849186353,0.252,0.4962228517469311
nfix,nfix,NTP,250,platt_fit,47,0.8995511836376869,-1.4637203334647648,0.348,0.4962228517469311
nfix,nfix,NTP,250,platt_fit,48,0.9064686283688258,-1.6223842174429355,0.312,0.4962228517469311
nfix,nfix,NTP,250,platt_fit,49,0.8912811099367106,-1.4509852961250556,0.284,0.4962228517469311
nfix,nfix,NTP,250,platt_fit,50,1.0791198808106457,-1.6267916411362622,0.3,0.4962228517469311
nfix,nfix,NTP,250,platt_fit,51,1.0987156837307852,-1.8627415685379627,0.26,0.4962228517469311
nfix,nfix,NTP,250,platt_fit,52,0.9505828363315506,-1.8206172562838785,0.244,0.4962228517469311
nfix,nfix,NTP,250,platt_fit,53,1.0928192244233386,-1.9104971724027555,0.276,0.4962228517469311
nfix,nfix,NTP,250,platt_fit,54,1.17567471452524,-2.174837342578768,0.256,0.4962228517469311
nfix,nfix,NTP,250,platt_fit,55,1.156729700647759,-1.856238135909264,0.26,0.4962228517469311
nfix,nfix,NTP,250,platt_fit,56,1.0871450259802655,-1.984264232913992,0.256,0.4962228517469311
nfix,nfix,NTP,250,platt_fit,57,1.131984755375449,-2.0217798106258416,0.256,0.4962228517469311
nfix,nfix,NTP,250,platt_fit,58,1.0795252988780324,-1.8378428576128463,0.288,0.4962228517469311
nfix,nfix,NTP,250,platt_fit,59,0.9486657961001296,-1.6927594873360894,0.292,0.4962228517469311
nfix,nfix,NTP,250,platt_fit,60,1.0513161046701351,-1.8749489494727252,0.216,0.4962228517469311
nfix,nfix,NTP,250,platt_fit,61,0.9817027484056255,-2.04419445656701,0.208,0.4962228517469311
nfix,nfix,NTP,250,platt_fit,62,1.1430240961844427,-1.8325540325274838,0.272,0.4962228517469311
nfix,nfix,NTP,250,platt_fit,63,1.1081711603968663,-1.6642570007927386,0.304,0.4962228517469311
nfix,nfix,NTP,250,platt_fit,64,1.559014204417247,-2.6022965571088914,0.228,0.4962228517469311
nfix,nfix,NTP,250,platt_fit,65,1.100694539971264,-2.0960980319888014,0.264,0.4962228517469311
nfix,nfix,NTP,250,platt_fit,66,1.5171133728449238,-1.996942937328241,0.288,0.4962228517469311
nfix,nfix,NTP,250,platt_fit,67,0.9330780180408802,-1.6597905245027802,0.296,0.4962228517469311
nfix,nfix,NTP,250,platt_fit,68,1.0954860252030103,-1.774628895574497,0.288,0.4962228517469311
nfix,nfix,NTP,250,platt_fit,69,1.5547456067653747,-2.3534955223277314,0.292,0.4962228517469311
nfix,nfix,NTP,250,platt_fit,70,1.4019450082727727,-2.641905509005048,0.224,0.4962228517469311
nfix,nfix,NTP,250,platt_fit,71,1.2186977077559162,-2.0343708985056264,0.26,0.4962228517469311
nfix,nfix,NTP,250,platt_fit,72,1.0470383181137621,-2.092404068765079,0.216,0.4962228517469311
nfix,nfix,NTP,250,platt_fit,73,0.9043850633103222,-1.8998015778003747,0.24,0.4962228517469311
nfix,nfix,NTP,250,platt_fit,74,1.2623469234284528,-2.1006028574310904,0.204,0.4962228517469311
nfix,nfix,NTP,250,platt_fit,75,1.027598701591955,-2.002861574645346,0.22,0.4962228517469311
nfix,nfix,NTP,250,platt_fit,76,1.177733251987189,-1.9628880792913315,0.264,0.4962228517469311
nfix,nfix,NTP,250,platt_fit,77,0.8593337624852698,-1.6990043581240957,0.26,0.4962228517469311
nfix,nfix,NTP,250,platt_fit,78,1.1071484231204327,-1.5411222566606717,0.316,0.4962228517469311
nfix,nfix,NTP,250,platt_fit,79,1.1617734157163648,-2.052648473433064,0.268,0.4962228517469311
nfix,nfix,NTP,250,platt_fit,80,1.1709856056129777,-1.9570896196701149,0.268,0.4962228517469311
nfix,nfix,NTP,250,platt_fit,81,1.2402853163182952,-1.7535993464822923,0.32,0.4962228517469311
nfix,nfix,NTP,250,platt_fit,82,0.8467858633564902,-1.5898341776122114,0.268,0.4962228517469311
nfix,nfix,NTP,250,platt_fit,83,1.177130263904567,-2.2517294228490514,0.22,0.4962228517469311
nfix,nfix,NTP,250,platt_fit,84,1.0488117627851101,-1.8065475665987087,0.272,0.4962228517469311
nfix,nfix,NTP,250,platt_fit,85,1.0416123393959926,-2.1582744823526325,0.228,0.4962228517469311
nfix,nfix,NTP,250,platt_fit,86,0.9916343498594873,-1.6990495020614942,0.288,0.4962228517469311
nfix,nfix,NTP,250,platt_fit,87,0.7356315886553497,-1.7774056814999106,0.216,0.4962228517469311
nfix,nfix,NTP,250,platt_fit,88,1.1080946134148568,-1.6908344898904357,0.252,0.4962228517469311
nfix,nfix,NTP,250,platt_fit,89,1.203643182158045,-1.761302511243425,0.324,0.4962228517469311
nfix,nfix,NTP,250,platt_fit,90,1.0803644878336247,-2.006076060418605,0.252,0.4962228517469311
nfix,nfix,NTP,250,platt_fit,91,1.196236028166794,-1.6068503819368327,0.324,0.4962228517469311
nfix,nfix,NTP,250,platt_fit,92,0.8632477677351256,-1.6088326044324277,0.252,0.4962228517469311
nfix,nfix,NTP,250,platt_fit,93,1.2421964309245532,-1.9825385791760208,0.26,0.4962228517469311
nfix,nfix,NTP,250,platt_fit,94,1.280597399661388,-2.104957606858023,0.228,0.4962228517469311
nfix,nfix,NTP,250,platt_fit,95,1.1544144565222663,-1.7736565674781861,0.272,0.4962228517469311
nfix,nfix,NTP,250,platt_fit,96,1.3673797266928416,-2.116502911785605,0.292,0.4962228517469311
nfix,nfix,NTP,250,platt_fit,97,1.1604923491921673,-1.8419530349624778,0.296,0.4962228517469311
nfix,nfix,NTP,250,platt_fit,98,0.9668491774185514,-1.8842870427735128,0.24,0.4962228517469311
nfix,nfix,NTP,250,platt_fit,99,0.5685544774621931,-1.2362196220786688,0.312,0.4962228517469311
nfix,nfix,Probe,500,platt_fit,0,0.6761259987829487,-1.6250340211101932,0.252,0.4962228517469311
nfix,nfix,Probe,500,platt_fit,1,0.4984933306558022,-1.3766408563015484,0.268,0.4962228517469311
nfix,nfix,Probe,500,platt_fit,2,0.7805909420448554,-1.663064692370592,0.236,0.4962228517469311
nfix,nfix,Probe,500,platt_fit,3,1.2318206576080695,-1.5002874036800669,0.256,0.4962228517469311
nfix,nfix,Probe,500,platt_fit,4,1.0844386600488654,-1.3974808300454336,0.32,0.4962228517469311
nfix,nfix,Probe,500,platt_fit,5,1.1478237754000207,-1.288113589806177,0.3,0.4962228517469311
nfix,nfix,Probe,500,platt_fit,6,0.7754460040290134,-1.5154961643863099,0.28,0.4962228517469311
nfix,nfix,Probe,500,platt_fit,7,1.3526717216606445,-1.4975596400908602,0.266,0.4962228517469311
nfix,nfix,Probe,500,platt_fit,8,0.8580720007318712,-1.0134785308016743,0.338,0.4962228517469311
nfix,nfix,Probe,500,platt_fit,9,0.6260465312758825,-1.6251695374860553,0.254,0.4962228517469311
nfix,nfix,Probe,500,platt_fit,10,0.53725419998839,-1.6842717361169088,0.236,0.4962228517469311
nfix,nfix,Probe,500,platt_fit,11,1.1120770915717852,-1.4059063003916594,0.326,0.4962228517469311
nfix,nfix,Probe,500,platt_fit,12,0.8940084715004022,-1.4724500727904382,0.27,0.4962228517469311
nfix,nfix,Probe,500,platt_fit,13,0.5774250411035099,-1.5110435551359978,0.252,0.4962228517469311
nfix,nfix,Probe,500,platt_fit,14,0.38486378918399233,-1.2602778293308787,0.274,0.4962228517469311
nfix,nfix,Probe,500,platt_fit,15,0.8780497217956429,-1.4561254338288363,0.234,0.4962228517469311
nfix,nfix,Probe,500,platt_fit,16,0.48869570309686955,-1.193677903821064,0.302,0.4962228517469311
nfix,nfix,Probe,500,platt_fit,17,0.5651567457873686,-1.6080080496007498,0.222,0.4962228517469311
nfix,nfix,Probe,500,platt_fit,18,0.5574505598538577,-1.4142492360588297,0.252,0.4962228517469311
nfix,nfix,Probe,500,platt_fit,19,0.6800713681807785,-1.641739829095398,0.254,0.4962228517469311
nfix,nfix,Probe,500,platt_fit,20,0.8840619403588584,-1.3700963476561525,0.248,0.4962228517469311
nfix,nfix,Probe,500,platt_fit,21,0.6421791706702975,-1.2347273937245018,0.298,0.4962228517469311
nfix,nfix,Probe,500,platt_fit,22,0.6933968628992516,-1.6092611095238718,0.252,0.4962228517469311
nfix,nfix,Probe,500,platt_fit,23,0.48476278185081895,-1.3107026924650587,0.268,0.4962228517469311
nfix,nfix,Probe,500,platt_fit,24,1.0729035611405509,-1.3302387590158626,0.32,0.4962228517469311
nfix,nfix,Probe,500,platt_fit,25,1.003413179125267,-1.3662556783987483,0.256,0.4962228517469311
nfix,nfix,Probe,500,platt_fit,26,0.3637589516215428,-1.522217466266784,0.226,0.4962228517469311
nfix,nfix,Probe,500,platt_fit,27,0.5320346904502621,-1.5437367640815272,0.242,0.4962228517469311
nfix,nfix,Probe,500,platt_fit,28,0.3683050320542855,-1.2712603711329542,0.282,0.4962228517469311
nfix,nfix,Probe,500,platt_fit,29,0.7373851893699662,-1.263771578932093,0.318,0.4962228517469311
nfix,nfix,Probe,500,platt_fit,30,1.0478738540733121,-1.0642109131237096,0.32,0.4962228517469311
nfix,nfix,Probe,500,platt_fit,31,0.9335559612890729,-1.2164416675026053,0.284,0.4962228517469311
nfix,nfix,Probe,500,platt_fit,32,1.0292450617100886,-1.3804940819238694,0.314,0.4962228517469311
nfix,nfix,Probe,500,platt_fit,33,0.6126026672132466,-1.4046112581882968,0.26,0.4962228517469311
nfix,nfix,Probe,500,platt_fit,34,1.31981790193421,-1.561785654746007,0.282,0.4962228517469311
nfix,nfix,Probe,500,platt_fit,35,0.38048050908376374,-1.393038862316243,0.246,0.4962228517469311
nfix,nfix,Probe,500,platt_fit,36,0.5575461461233236,-1.4363323841509583,0.252,0.4962228517469311
nfix,nfix,Probe,500,platt_fit,37,0.8032347663512859,-1.2158672879910857,0.292,0.4962228517469311
nfix,nfix,Probe,500,platt_fit,38,1.4357079165991353,-1.815724747142678,0.226,0.4962228517469311
nfix,nfix,Probe,500,platt_fit,39,0.5225535360231918,-1.3139400121509062,0.278,0.4962228517469311
nfix,nfix,Probe,500,platt_fit,40,0.6099534268019686,-1.6398928945019562,0.238,0.4962228517469311
nfix,nfix,Probe,500,platt_fit,41,0.5848808032027442,-1.4722328207810702,0.254,0.4962228517469311
nfix,nfix,Probe,500,platt_fit,42,0.4767914733287277,-1.2754100276309321,0.284,0.4962228517469311
nfix,nfix,Probe,500,platt_fit,43,0.5089403772400227,-1.2409073667859034,0.286,0.4962228517469311
nfix,nfix,Probe,500,platt_fit,44,1.2470438391525405,-1.2705223720586256,0.326,0.4962228517469311
nfix,nfix,Probe,500,platt_fit,45,0.6029909691955381,-1.7365262108209987,0.226,0.4962228517469311
nfix,nfix,Probe,500,platt_fit,46,0.39452248275547175,-1.5914044943013232,0.234,0.4962228517469311
nfix,nfix,Probe,500,platt_fit,47,0.4432884333794732,-1.1508800860539776,0.322,0.4962228517469311
nfix,nfix,Probe,500,platt_fit,48,0.3657631126569452,-1.0658809784432113,0.304,0.4962228517469311
nfix,nfix,Probe,500,platt_fit,49,1.0789008389683774,-1.4503873806130894,0.282,0.4962228517469311
nfix,nfix,Probe,500,platt_fit,50,0.4151614847339722,-1.046634967771515,0.316,0.4962228517469311
nfix,nfix,Probe,500,platt_fit,51,1.5302326293953679,-1.8366392815229549,0.26,0.4962228517469311
nfix,nfix,Probe,500,platt_fit,52,0.3794713038406313,-1.4911418516200248,0.276,0.4962228517469311
nfix,nfix,Probe,500,platt_fit,53,0.5090879035882229,-1.1352882989560658,0.304,0.4962228517469311
nfix,nfix,Probe,500,platt_fit,54,0.5550497808687399,-1.36046765433021,0.256,0.4962228517469311
nfix,nfix,Probe,500,platt_fit,55,0.5143606132463824,-1.4410175677123076,0.272,0.4962228517469311
nfix,nfix,Probe,500,platt_fit,56,0.31268413734585687,-1.3171186773098087,0.254,0.4962228517469311
nfix,nfix,Probe,500,platt_fit,57,0.5018464675945427,-1.5685908259555181,0.252,0.4962228517469311
nfix,nfix,Probe,500,platt_fit,58,0.36610434750657783,-1.2034024328356046,0.282,0.4962228517469311
nfix,nfix,Probe,500,platt_fit,59,0.8812568754609075,-1.1671867618755762,0.294,0.4962228517469311
nfix,nfix,Probe,500,platt_fit,60,0.7334624758874984,-1.6747382172796808,0.22,0.4962228517469311
nfix,nfix,Probe,500,platt_fit,61,1.259098101163613,-1.5341476780247252,0.268,0.4962228517469311
nfix,nfix,Probe,500,platt_fit,62,0.6260065392783998,-1.4209560823425398,0.276,0.4962228517469311
nfix,nfix,Probe,500,platt_fit,63,0.3304459770189021,-1.3907617372280787,0.256,0.4962228517469311
nfix,nfix,Probe,500,platt_fit,64,0.7528564087345667,-1.5786760506492243,0.242,0.4962228517469311
nfix,nfix,Probe,500,platt_fit,65,0.8943571306067093,-1.031989296441677,0.36,0.4962228517469311
nfix,nfix,Probe,500,platt_fit,66,0.9763754660293786,-1.3446733727515696,0.278,0.4962228517469311
nfix,nfix,Probe,500,platt_fit,67,0.47674107487271117,-1.3461916179595932,0.27,0.4962228517469311
nfix,nfix,Probe,500,platt_fit,68,0.4301325508817187,-1.1702843210354823,0.3,0.4962228517469311
nfix,nfix,Probe,500,platt_fit,69,1.3302832852310995,-1.6872028032082238,0.256,0.4962228517469311
nfix,nfix,Probe,500,platt_fit,70,1.0810171241514093,-1.4404594362835539,0.28,0.4962228517469311
nfix,nfix,Probe,500,platt_fit,71,0.7962166387727798,-1.6860883899205,0.226,0.4962228517469311
nfix,nfix,Probe,500,platt_fit,72,1.5877574251178128,-1.989078654989775,0.234,0.4962228517469311
nfix,nfix,Probe,500,platt_fit,73,0.5352688080626979,-1.4119816963745366,0.25,0.4962228517469311
nfix,nfix,Probe,500,platt_fit,74,1.2224898625764926,-1.5808669321746884,0.254,0.4962228517469311
nfix,nfix,Probe,500,platt_fit,75,0.40227636558658064,-1.3652244633838615,0.274,0.4962228517469311
nfix,nfix,Probe,500,platt_fit,76,1.2041057848494732,-1.6170907924483835,0.258,0.4962228517469311
nfix,nfix,Probe,500,platt_fit,77,0.4393091912504485,-1.8102969882358437,0.21,0.4962228517469311
nfix,nfix,Probe,500,platt_fit,78,0.6154636409620085,-1.3420793157610467,0.288,0.4962228517469311
nfix,nfix,Probe,500,platt_fit,79,1.0678561456837294,-1.5978011694788177,0.242,0.4962228517469311
nfix,nfix,Probe,500,platt_fit,80,1.351184290670902,-1.8017651948977325,0.242,0.4962228517469311
nfix,nfix,Probe,500,platt_fit,81,0.5781843360274802,-1.2945871543607228,0.282,0.4962228517469311
nfix,nfix,Probe,500,platt_fit,82,0.28483948198869946,-1.128606678958265,0.296,0.4962228517469311
nfix,nfix,Probe,500,platt_fit,83,1.0991824807389412,-1.6353780354500203,0.254,0.4962228517469311
nfix,nfix,Probe,500,platt_fit,84,0.377331506530483,-1.2781540033595613,0.274,0.4962228517469311
nfix,nfix,Probe,500,platt_fit,85,0.6486271560161065,-1.393063473067637,0.286,0.4962228517469311
nfix,nfix,Probe,500,platt_fit,86,0.3423791087934795,-1.3981087202407676,0.256,0.4962228517469311
nfix,nfix,Probe,500,platt_fit,87,0.6522898606205616,-1.6996948141894133,0.248,0.4962228517469311
nfix,nfix,Probe,500,platt_fit,88,0.5615044518985848,-1.497199729190317,0.236,0.4962228517469311
nfix,nfix,Probe,500,platt_fit,89,1.0368194543321096,-1.4023365412129951,0.29,0.4962228517469311
nfix,nfix,Probe,500,platt_fit,90,0.33704350444890946,-1.4636920394633501,0.248,0.4962228517469311
nfix,nfix,Probe,500,platt_fit,91,0.9640529429627885,-1.280519984423559,0.288,0.4962228517469311
nfix,nfix,Probe,500,platt_fit,92,1.3087580978276867,-1.4546485195282264,0.294,0.4962228517469311
nfix,nfix,Probe,500,platt_fit,93,0.5488716658702729,-1.2573340789992227,0.282,0.4962228517469311
nfix,nfix,Probe,500,platt_fit,94,0.6586685058371354,-1.6535510325279394,0.248,0.4962228517469311
nfix,nfix,Probe,500,platt_fit,95,1.0129335629773222,-1.542032648015514,0.272,0.4962228517469311
nfix,nfix,Probe,500,platt_fit,96,1.0529118283119885,-1.3600194315459708,0.308,0.4962228517469311
nfix,nfix,Probe,500,platt_fit,97,0.7930330975037858,-1.06857718797919,0.334,0.4962228517469311
nfix,nfix,Probe,500,platt_fit,98,0.7060050101430025,-1.5684449637716493,0.246,0.4962228517469311
nfix,nfix,Probe,500,platt_fit,99,0.33714172234167544,-1.1493136491588944,0.294,0.4962228517469311
nfix,nfix,NTP,500,platt_fit,0,1.3812087341823642,-2.203292768288878,0.252,0.4962228517469311
nfix,nfix,NTP,500,platt_fit,1,1.247761324070664,-2.2433568739503364,0.268,0.4962228517469311
nfix,nfix,NTP,500,platt_fit,2,1.2552354086947743,-2.0495438971329385,0.236,0.4962228517469311
nfix,nfix,NTP,500,platt_fit,3,1.3706826978720814,-2.1098984584794365,0.256,0.4962228517469311
nfix,nfix,NTP,500,platt_fit,4,1.0598594998018642,-1.5121357418305297,0.32,0.4962228517469311
nfix,nfix,NTP,500,platt_fit,5,1.2463573913943333,-1.7430359586457898,0.3,0.4962228517469311
nfix,nfix,NTP,500,platt_fit,6,1.228919196303313,-2.100912459877757,0.28,0.4962228517469311
nfix,nfix,NTP,500,platt_fit,7,1.1817904873291307,-1.8517962952211466,0.266,0.4962228517469311
nfix,nfix,NTP,500,platt_fit,8,1.3067415519507277,-1.8522467598435965,0.338,0.4962228517469311
nfix,nfix,NTP,500,platt_fit,9,1.0659487785366635,-1.9527450827839548,0.254,0.4962228517469311
nfix,nfix,NTP,500,platt_fit,10,1.1521923436924453,-1.9217888125230687,0.236,0.4962228517469311
nfix,nfix,NTP,500,platt_fit,11,0.8347712967267742,-1.5017790951134324,0.326,0.4962228517469311
nfix,nfix,NTP,500,platt_fit,12,1.3469235869081593,-2.114640222611233,0.27,0.4962228517469311
nfix,nfix,NTP,500,platt_fit,13,1.1066329191090387,-1.8692448701888191,0.252,0.4962228517469311
nfix,nfix,NTP,500,platt_fit,14,1.2090845771697778,-2.0141479120145167,0.274,0.4962228517469311
nfix,nfix,NTP,500,platt_fit,15,1.264382606574048,-2.20578741878598,0.234,0.4962228517469311
nfix,nfix,NTP,500,platt_fit,16,1.146408706610783,-1.7823512249528757,0.302,0.4962228517469311
nfix,nfix,NTP,500,platt_fit,17,1.1095322077682048,-2.0242979848974247,0.222,0.4962228517469311
nfix,nfix,NTP,500,platt_fit,18,1.182489928518234,-2.031703091598943,0.252,0.4962228517469311
nfix,nfix,NTP,500,platt_fit,19,1.1065948479478644,-1.8975751027531376,0.254,0.4962228517469311
nfix,nfix,NTP,500,platt_fit,20,1.4119796982962582,-2.1093793426276273,0.248,0.4962228517469311
nfix,nfix,NTP,500,platt_fit,21,1.2304454836097451,-1.6075247501508567,0.298,0.4962228517469311
nfix,nfix,NTP,500,platt_fit,22,1.0978410494562063,-1.8473689353240983,0.252,0.4962228517469311
nfix,nfix,NTP,500,platt_fit,23,1.0864264179472536,-1.6915275729190558,0.268,0.4962228517469311
nfix,nfix,NTP,500,platt_fit,24,1.2792635884740133,-2.0302173930143788,0.32,0.4962228517469311
nfix,nfix,NTP,500,platt_fit,25,1.202090376436796,-1.7877378688419887,0.256,0.4962228517469311
nfix,nfix,NTP,500,platt_fit,26,1.1570481339313035,-2.045441491412675,0.226,0.4962228517469311
nfix,nfix,NTP,500,platt_fit,27,0.9652440713490525,-1.9208174882521782,0.242,0.4962228517469311
nfix,nfix,NTP,500,platt_fit,28,1.0616022351511623,-1.8510401435217378,0.282,0.4962228517469311
nfix,nfix,NTP,500,platt_fit,29,1.1302427638826857,-1.5678153883179713,0.318,0.4962228517469311
nfix,nfix,NTP,500,platt_fit,30,1.0519929315112013,-1.5472791619828365,0.32,0.4962228517469311
nfix,nfix,NTP,500,platt_fit,31,1.2116921784372803,-1.722278710518747,0.284,0.4962228517469311
nfix,nfix,NTP,500,platt_fit,32,1.2750444407707502,-1.9591134826402303,0.314,0.4962228517469311
nfix,nfix,NTP,500,platt_fit,33,1.1480525414927472,-1.9029673645063363,0.26,0.4962228517469311
nfix,nfix,NTP,500,platt_fit,34,1.4466170180204758,-2.125226644523831,0.282,0.4962228517469311
nfix,nfix,NTP,500,platt_fit,35,1.0158305948691932,-1.787585121003026,0.246,0.4962228517469311
nfix,nfix,NTP,500,platt_fit,36,1.0287232985517203,-1.7654293383514128,0.252,0.4962228517469311
nfix,nfix,NTP,500,platt_fit,37,1.2354347232350382,-1.8534990257280877,0.292,0.4962228517469311
nfix,nfix,NTP,500,platt_fit,38,1.4070090755212372,-2.481325041379833,0.226,0.4962228517469311
nfix,nfix,NTP,500,platt_fit,39,0.9275426532327016,-1.6458223507576608,0.278,0.4962228517469311
nfix,nfix,NTP,500,platt_fit,40,1.31827062124236,-2.273934060778319,0.238,0.4962228517469311
nfix,nfix,NTP,500,platt_fit,41,1.205625432621144,-2.013257909008277,0.254,0.4962228517469311
nfix,nfix,NTP,500,platt_fit,42,1.0573387814891817,-1.519119034550559,0.284,0.4962228517469311
nfix,nfix,NTP,500,platt_fit,43,1.1738915807298917,-1.8202731993141272,0.286,0.4962228517469311
nfix,nfix,NTP,500,platt_fit,44,1.0747270448494346,-1.614059324699974,0.326,0.4962228517469311
nfix,nfix,NTP,500,platt_fit,45,1.0436270111994284,-2.0341748513699964,0.226,0.4962228517469311
nfix,nfix,NTP,500,platt_fit,46,1.0946474129843367,-2.054390860768107,0.234,0.4962228517469311
nfix,nfix,NTP,500,platt_fit,47,1.0582011314299913,-1.6717790693429437,0.322,0.4962228517469311
nfix,nfix,NTP,500,platt_fit,48,1.0144481976582902,-1.684608131001129,0.304,0.4962228517469311
nfix,nfix,NTP,500,platt_fit,49,0.9552663967614279,-1.5509142638366211,0.282,0.4962228517469311
nfix,nfix,NTP,500,platt_fit,50,0.8551622790092407,-1.4134017757773873,0.316,0.4962228517469311
nfix,nfix,NTP,500,platt_fit,51,1.2524604164824107,-2.1628546017920227,0.26,0.4962228517469311
nfix,nfix,NTP,500,platt_fit,52,0.8326752867814969,-1.5100934906413341,0.276,0.4962228517469311
nfix,nfix,NTP,500,platt_fit,53,1.1199440428722012,-1.7109444875976654,0.304,0.4962228517469311
nfix,nfix,NTP,500,platt_fit,54,1.1063363612994226,-2.129252681256206,0.256,0.4962228517469311
nfix,nfix,NTP,500,platt_fit,55,1.1249558855093333,-1.754386103952011,0.272,0.4962228517469311
nfix,nfix,NTP,500,platt_fit,56,0.8419682772651422,-1.7689343937641813,0.254,0.4962228517469311
nfix,nfix,NTP,500,platt_fit,57,1.0366560416901498,-1.773932007254478,0.252,0.4962228517469311
nfix,nfix,NTP,500,platt_fit,58,0.9377235165868475,-1.74480240244459,0.282,0.4962228517469311
nfix,nfix,NTP,500,platt_fit,59,1.068534668232811,-1.7891565799781424,0.294,0.4962228517469311
nfix,nfix,NTP,500,platt_fit,60,1.3604971659129503,-2.2227043956263772,0.22,0.4962228517469311
nfix,nfix,NTP,500,platt_fit,61,0.9879301210867937,-1.6701909486730175,0.268,0.4962228517469311
nfix,nfix,NTP,500,platt_fit,62,1.0476942060846552,-1.758507746131769,0.276,0.4962228517469311
nfix,nfix,NTP,500,platt_fit,63,0.8681200999318724,-1.7748514694877022,0.256,0.4962228517469311
nfix,nfix,NTP,500,platt_fit,64,1.2817963039240277,-2.1623571814268137,0.242,0.4962228517469311
nfix,nfix,NTP,500,platt_fit,65,0.9231605309823379,-1.406748943514095,0.36,0.4962228517469311
nfix,nfix,NTP,500,platt_fit,66,1.3144205694991336,-1.977781458103861,0.278,0.4962228517469311
nfix,nfix,NTP,500,platt_fit,67,0.9353594639098419,-1.8507532502505508,0.27,0.4962228517469311
nfix,nfix,NTP,500,platt_fit,68,0.8908996259628359,-1.4922633790947424,0.3,0.4962228517469311
nfix,nfix,NTP,500,platt_fit,69,1.3861735372551656,-2.1272363498560267,0.256,0.4962228517469311
nfix,nfix,NTP,500,platt_fit,70,1.2483766044273752,-1.9832970990828243,0.28,0.4962228517469311
nfix,nfix,NTP,500,platt_fit,71,1.4750179107104668,-2.5040548927655175,0.226,0.4962228517469311
nfix,nfix,NTP,500,platt_fit,72,1.3454183707183656,-2.1642529192482165,0.234,0.4962228517469311
nfix,nfix,NTP,500,platt_fit,73,1.0467356508466097,-1.998407421972761,0.25,0.4962228517469311
nfix,nfix,NTP,500,platt_fit,74,1.1682742778852482,-1.8859739166190845,0.254,0.4962228517469311
nfix,nfix,NTP,500,platt_fit,75,0.9055244036458244,-1.5951137694706339,0.274,0.4962228517469311
nfix,nfix,NTP,500,platt_fit,76,1.1106615849332744,-1.934884040088324,0.258,0.4962228517469311
nfix,nfix,NTP,500,platt_fit,77,1.1253449939258027,-2.0747679196914715,0.21,0.4962228517469311
nfix,nfix,NTP,500,platt_fit,78,1.0101836645121987,-1.6800029756072479,0.288,0.4962228517469311
nfix,nfix,NTP,500,platt_fit,79,1.3443852487774353,-2.177516762368966,0.242,0.4962228517469311
nfix,nfix,NTP,500,platt_fit,80,1.1439324722700368,-2.03149627645729,0.242,0.4962228517469311
nfix,nfix,NTP,500,platt_fit,81,1.0011664864087555,-1.6416596812830235,0.282,0.4962228517469311
nfix,nfix,NTP,500,platt_fit,82,0.9135652790702695,-1.5288766585498892,0.296,0.4962228517469311
nfix,nfix,NTP,500,platt_fit,83,1.2227963725011808,-2.0625278090919434,0.254,0.4962228517469311
nfix,nfix,NTP,500,platt_fit,84,0.9405414413412077,-1.7032070361453904,0.274,0.4962228517469311
nfix,nfix,NTP,500,platt_fit,85,1.1143203804182418,-1.8778388236468466,0.286,0.4962228517469311
nfix,nfix,NTP,500,platt_fit,86,1.2004676796387395,-1.993605329863244,0.256,0.4962228517469311
nfix,nfix,NTP,500,platt_fit,87,1.0305317855903113,-1.9440734891584484,0.248,0.4962228517469311
nfix,nfix,NTP,500,platt_fit,88,1.1600268753988665,-1.938754222500766,0.236,0.4962228517469311
nfix,nfix,NTP,500,platt_fit,89,1.177009545032628,-1.8570262679916234,0.29,0.4962228517469311
nfix,nfix,NTP,500,platt_fit,90,0.9866179291265257,-1.909390580138519,0.248,0.4962228517469311
nfix,nfix,NTP,500,platt_fit,91,1.3234721497660074,-2.027876393864022,0.288,0.4962228517469311
nfix,nfix,NTP,500,platt_fit,92,1.2017012317333355,-1.7145778956659479,0.294,0.4962228517469311
nfix,nfix,NTP,500,platt_fit,93,1.0035050964856325,-1.5741761348221825,0.282,0.4962228517469311
nfix,nfix,NTP,500,platt_fit,94,1.0955999246727994,-1.7630230574845724,0.248,0.4962228517469311
nfix,nfix,NTP,500,platt_fit,95,1.26196022956845,-1.9561285069207242,0.272,0.4962228517469311
nfix,nfix,NTP,500,platt_fit,96,1.4070645684877963,-1.9820720738503024,0.308,0.4962228517469311
nfix,nfix,NTP,500,platt_fit,97,1.1679655634032882,-1.7826484884610885,0.334,0.4962228517469311
nfix,nfix,NTP,500,platt_fit,98,1.2248849972317664,-2.113724245097146,0.246,0.4962228517469311
nfix,nfix,NTP,500,platt_fit,99,0.6519509099211049,-1.354062623823944,0.294,0.4962228517469311
nfix,nfix,Probe,1000,platt_fit,0,0.5345834031526012,-1.596349414988692,0.24,0.4962228517469311
nfix,nfix,Probe,1000,platt_fit,1,0.5819889829825264,-1.3300604910718439,0.285,0.4962228517469311
nfix,nfix,Probe,1000,platt_fit,2,0.8872617944988546,-1.7472633530700399,0.237,0.4962228517469311
nfix,nfix,Probe,1000,platt_fit,3,1.007583323367523,-1.2567485283008586,0.275,0.4962228517469311
nfix,nfix,Probe,1000,platt_fit,4,1.0387663076159974,-1.3225404332512891,0.317,0.4962228517469311
nfix,nfix,Probe,1000,platt_fit,5,0.9501454983012279,-1.313589592849175,0.268,0.4962228517469311
nfix,nfix,Probe,1000,platt_fit,6,0.6821369826468333,-1.4184829052253278,0.274,0.4962228517469311
nfix,nfix,Probe,1000,platt_fit,7,1.1539076813659075,-1.4902797804235997,0.27,0.4962228517469311
nfix,nfix,Probe,1000,platt_fit,8,0.8204261734868197,-1.1703727580473522,0.304,0.4962228517469311
nfix,nfix,Probe,1000,platt_fit,9,0.49265696020278105,-1.4920061683280965,0.251,0.4962228517469311
nfix,nfix,Probe,1000,platt_fit,10,0.5650724664661162,-1.555076512896614,0.258,0.4962228517469311
nfix,nfix,Probe,1000,platt_fit,11,1.0087075134062666,-1.2364337336391336,0.349,0.4962228517469311
nfix,nfix,Probe,1000,platt_fit,12,1.0760293716100227,-1.5425556319034874,0.275,0.4962228517469311
nfix,nfix,Probe,1000,platt_fit,13,0.6057817794248443,-1.5608227848056924,0.24,0.4962228517469311
nfix,nfix,Probe,1000,platt_fit,14,0.4347345321978002,-1.268362637653469,0.276,0.4962228517469311
nfix,nfix,Probe,1000,platt_fit,15,1.0693856581434356,-1.5291270787077726,0.239,0.4962228517469311
nfix,nfix,Probe,1000,platt_fit,16,0.6293793483950413,-1.343283938362673,0.291,0.4962228517469311
nfix,nfix,Probe,1000,platt_fit,17,0.5212185646734026,-1.4414295390205403,0.249,0.4962228517469311
nfix,nfix,Probe,1000,platt_fit,18,0.5899513202713699,-1.4947117039456557,0.244,0.4962228517469311
nfix,nfix,Probe,1000,platt_fit,19,0.6083994972531122,-1.664335690241859,0.234,0.4962228517469311
nfix,nfix,Probe,1000,platt_fit,20,1.022931790850989,-1.3028810612725754,0.272,0.4962228517469311
nfix,nfix,Probe,1000,platt_fit,21,0.5372204882880175,-1.4143619091863744,0.254,0.4962228517469311
nfix,nfix,Probe,1000,platt_fit,22,0.6435234626771336,-1.6248737903251655,0.241,0.4962228517469311
nfix,nfix,Probe,1000,platt_fit,23,0.48797609844741296,-1.3685083948722083,0.261,0.4962228517469311
nfix,nfix,Probe,1000,platt_fit,24,1.2376202080422296,-1.5778635685597875,0.305,0.4962228517469311
nfix,nfix,Probe,1000,platt_fit,25,0.9745017278197012,-1.2220006482521135,0.276,0.4962228517469311
nfix,nfix,Probe,1000,platt_fit,26,0.4318105338675683,-1.5369714085270088,0.238,0.4962228517469311
nfix,nfix,Probe,1000,platt_fit,27,0.4857036834767483,-1.571833463373678,0.231,0.4962228517469311
nfix,nfix,Probe,1000,platt_fit,28,0.3220347573467494,-1.2178446454187888,0.282,0.4962228517469311
nfix,nfix,Probe,1000,platt_fit,29,0.8404221834517805,-1.700184103548753,0.246,0.4962228517469311
nfix,nfix,Probe,1000,platt_fit,30,0.9540047375017108,-1.1543244347682207,0.295,0.4962228517469311
nfix,nfix,Probe,1000,platt_fit,31,1.0068415804321085,-1.1714051438980446,0.294,0.4962228517469311
nfix,nfix,Probe,1000,platt_fit,32,1.203019706675425,-1.5145580741199514,0.309,0.4962228517469311
nfix,nfix,Probe,1000,platt_fit,33,0.6246886171797675,-1.4746344538893623,0.252,0.4962228517469311
nfix,nfix,Probe,1000,platt_fit,34,1.072347404976533,-1.3681004153003347,0.278,0.4962228517469311
nfix,nfix,Probe,1000,platt_fit,35,0.3961423288164442,-1.3513453136594415,0.26,0.4962228517469311
nfix,nfix,Probe,1000,platt_fit,36,0.5132204623806111,-1.3163334937790716,0.265,0.4962228517469311
nfix,nfix,Probe,1000,platt_fit,37,0.9626589275515852,-1.4058491015124854,0.275,0.4962228517469311
nfix,nfix,Probe,1000,platt_fit,38,1.387429828042964,-1.686394150350869,0.248,0.4962228517469311
nfix,nfix,Probe,1000,platt_fit,39,0.48776623445802797,-1.3456906847219985,0.264,0.4962228517469311
nfix,nfix,Probe,1000,platt_fit,40,0.6288850141199358,-1.6270799969819074,0.246,0.4962228517469311
nfix,nfix,Probe,1000,platt_fit,41,0.6717492712479358,-1.530624901817241,0.267,0.4962228517469311
nfix,nfix,Probe,1000,platt_fit,42,0.5181784172633844,-1.3358558258660858,0.275,0.4962228517469311
nfix,nfix,Probe,1000,platt_fit,43,0.5659311193006271,-1.3111856412184377,0.28,0.4962228517469311
nfix,nfix,Probe,1000,platt_fit,44,1.0876566289608858,-1.202555086288637,0.333,0.4962228517469311
nfix,nfix,Probe,1000,platt_fit,45,0.6032110986169308,-1.5047386613380174,0.265,0.4962228517469311
nfix,nfix,Probe,1000,platt_fit,46,0.30674729982076465,-1.2435475734008807,0.275,0.4962228517469311
nfix,nfix,Probe,1000,platt_fit,47,0.32415492873312823,-1.0730263466367123,0.313,0.4962228517469311
nfix,nfix,Probe,1000,platt_fit,48,0.42276141055383537,-1.1883087237759633,0.291,0.4962228517469311
nfix,nfix,Probe,1000,platt_fit,49,1.2911229329521874,-1.6104336747978267,0.27,0.4962228517469311
nfix,nfix,Probe,1000,platt_fit,50,0.3640544506412637,-1.0036946860857288,0.32,0.4962228517469311
nfix,nfix,Probe,1000,platt_fit,51,1.0892842820721806,-1.543517513674618,0.251,0.4962228517469311
nfix,nfix,Probe,1000,platt_fit,52,0.23531771025558362,-1.37175156044925,0.256,0.4962228517469311
nfix,nfix,Probe,1000,platt_fit,53,0.5411003957552754,-1.3546821927218435,0.263,0.4962228517469311
nfix,nfix,Probe,1000,platt_fit,54,0.4672193063037972,-1.4201070838580865,0.25,0.4962228517469311
nfix,nfix,Probe,1000,platt_fit,55,0.44202338672832175,-1.6091339941289722,0.23,0.4962228517469311
nfix,nfix,Probe,1000,platt_fit,56,0.46693229934769404,-1.5089103850070742,0.242,0.4962228517469311
nfix,nfix,Probe,1000,platt_fit,57,0.3454598167389206,-1.3237285652710937,0.264,0.4962228517469311
nfix,nfix,Probe,1000,platt_fit,58,0.5349648981603181,-1.4197059825728835,0.26,0.4962228517469311
nfix,nfix,Probe,1000,platt_fit,59,1.0239315085341478,-1.272857853705144,0.297,0.4962228517469311
nfix,nfix,Probe,1000,platt_fit,60,0.7762616960811912,-1.5526090105925097,0.239,0.4962228517469311
nfix,nfix,Probe,1000,platt_fit,61,1.1690744805144875,-1.4574663479532646,0.274,0.4962228517469311
nfix,nfix,Probe,1000,platt_fit,62,0.5843696017454348,-1.310538048520428,0.285,0.4962228517469311
nfix,nfix,Probe,1000,platt_fit,63,0.3758514945758774,-1.3358357397673455,0.273,0.4962228517469311
nfix,nfix,Probe,1000,platt_fit,64,0.8360064676643477,-1.5529131630045374,0.252,0.4962228517469311
nfix,nfix,Probe,1000,platt_fit,65,0.812563868552555,-1.1207556439400401,0.336,0.4962228517469311
nfix,nfix,Probe,1000,platt_fit,66,1.0608052220994173,-1.4209115150414553,0.266,0.4962228517469311
nfix,nfix,Probe,1000,platt_fit,67,0.5403742299916815,-1.3184433808064904,0.281,0.4962228517469311
nfix,nfix,Probe,1000,platt_fit,68,0.4326583608441328,-1.2005374358070406,0.292,0.4962228517469311
nfix,nfix,Probe,1000,platt_fit,69,1.3165321751780863,-1.746075045907494,0.263,0.4962228517469311
nfix,nfix,Probe,1000,platt_fit,70,1.2966505661617274,-1.4919781157864507,0.308,0.4962228517469311
nfix,nfix,Probe,1000,platt_fit,71,0.7931660860639046,-1.5167233706385728,0.257,0.4962228517469311
nfix,nfix,Probe,1000,platt_fit,72,1.3766052862371705,-1.8134439321317355,0.225,0.4962228517469311
nfix,nfix,Probe,1000,platt_fit,73,0.6194465199976913,-1.457037502309836,0.257,0.4962228517469311
nfix,nfix,Probe,1000,platt_fit,74,1.0289008934181112,-1.218590119879804,0.289,0.4962228517469311
nfix,nfix,Probe,1000,platt_fit,75,0.38655192240240505,-1.4874035593467319,0.247,0.4962228517469311
nfix,nfix,Probe,1000,platt_fit,76,1.104869413866469,-1.356316744365263,0.301,0.4962228517469311
nfix,nfix,Probe,1000,platt_fit,77,0.35759445436926746,-1.6102204032359604,0.229,0.4962228517469311
nfix,nfix,Probe,1000,platt_fit,78,0.5445819285770256,-1.2328502353572879,0.302,0.4962228517469311
nfix,nfix,Probe,1000,platt_fit,79,1.0231714118325852,-1.3999088959743156,0.263,0.4962228517469311
nfix,nfix,Probe,1000,platt_fit,80,1.150203067172678,-1.7290883206908394,0.24,0.4962228517469311
nfix,nfix,Probe,1000,platt_fit,81,0.4918866772043676,-1.2699821444120065,0.278,0.4962228517469311
nfix,nfix,Probe,1000,platt_fit,82,0.31147030099991113,-1.2111167001611536,0.284,0.4962228517469311
nfix,nfix,Probe,1000,platt_fit,83,1.1949217056742203,-1.5831086499002283,0.266,0.4962228517469311
nfix,nfix,Probe,1000,platt_fit,84,0.4021241213229523,-1.4486191249578022,0.24,0.4962228517469311
nfix,nfix,Probe,1000,platt_fit,85,0.6986046294164335,-1.544775824163664,0.267,0.4962228517469311
nfix,nfix,Probe,1000,platt_fit,86,0.30042609768384543,-1.4002649640775013,0.25,0.4962228517469311
nfix,nfix,Probe,1000,platt_fit,87,0.5214990923319788,-1.6494678564357734,0.232,0.4962228517469311
nfix,nfix,Probe,1000,platt_fit,88,0.7160620940577646,-1.3987161833711994,0.269,0.4962228517469311
nfix,nfix,Probe,1000,platt_fit,89,1.0585761632235384,-1.3569292945474412,0.29,0.4962228517469311
nfix,nfix,Probe,1000,platt_fit,90,0.3451039829678278,-1.3649937154743348,0.267,0.4962228517469311
nfix,nfix,Probe,1000,platt_fit,91,1.0524643186842344,-1.281395074318506,0.28,0.4962228517469311
nfix,nfix,Probe,1000,platt_fit,92,1.0706096325731642,-1.3497076483641124,0.282,0.4962228517469311
nfix,nfix,Probe,1000,platt_fit,93,0.6390058546585967,-1.294081330584134,0.279,0.4962228517469311
nfix,nfix,Probe,1000,platt_fit,94,0.5653375072725856,-1.568852779416727,0.244,0.4962228517469311
nfix,nfix,Probe,1000,platt_fit,95,1.041037558563292,-1.4821184170198862,0.281,0.4962228517469311
nfix,nfix,Probe,1000,platt_fit,96,1.1135910859192715,-1.5523270442425758,0.271,0.4962228517469311
nfix,nfix,Probe,1000,platt_fit,97,0.8534588952958078,-1.2467629513219922,0.293,0.4962228517469311
nfix,nfix,Probe,1000,platt_fit,98,0.7246205657356809,-1.6341610915892717,0.254,0.4962228517469311
nfix,nfix,Probe,1000,platt_fit,99,0.34421868474956846,-1.1678097614071683,0.294,0.4962228517469311
nfix,nfix,NTP,1000,platt_fit,0,1.2716751144778413,-2.1495294070722117,0.24,0.4962228517469311
nfix,nfix,NTP,1000,platt_fit,1,0.9999569877420612,-1.7853392522182505,0.285,0.4962228517469311
nfix,nfix,NTP,1000,platt_fit,2,1.2254569878653747,-1.9719216295410855,0.237,0.4962228517469311
nfix,nfix,NTP,1000,platt_fit,3,1.2183733437082815,-1.8768268167655406,0.275,0.4962228517469311
nfix,nfix,NTP,1000,platt_fit,4,1.1922604034283,-1.5977633698463138,0.317,0.4962228517469311
nfix,nfix,NTP,1000,platt_fit,5,1.3269783155909418,-1.9965910002718867,0.268,0.4962228517469311
nfix,nfix,NTP,1000,platt_fit,6,1.1981185957168197,-1.9989921275290687,0.274,0.4962228517469311
nfix,nfix,NTP,1000,platt_fit,7,1.2962162622603979,-1.9474695774023318,0.27,0.4962228517469311
nfix,nfix,NTP,1000,platt_fit,8,1.0471065768544712,-1.7702317162969243,0.304,0.4962228517469311
nfix,nfix,NTP,1000,platt_fit,9,1.170354636273346,-2.0817199191813263,0.251,0.4962228517469311
nfix,nfix,NTP,1000,platt_fit,10,1.139571094406546,-1.7947041952891618,0.258,0.4962228517469311
nfix,nfix,NTP,1000,platt_fit,11,0.8083630000948534,-1.3744709180868349,0.349,0.4962228517469311
nfix,nfix,NTP,1000,platt_fit,12,1.2184986976777372,-2.0445052203810152,0.275,0.4962228517469311
nfix,nfix,NTP,1000,platt_fit,13,1.2218871876856265,-2.110109074401418,0.24,0.4962228517469311
nfix,nfix,NTP,1000,platt_fit,14,1.049606825357186,-1.787394244518436,0.276,0.4962228517469311
nfix,nfix,NTP,1000,platt_fit,15,1.3261607704134082,-2.2281253320054524,0.239,0.4962228517469311
nfix,nfix,NTP,1000,platt_fit,16,1.1624166071387998,-1.9576568078489143,0.291,0.4962228517469311
nfix,nfix,NTP,1000,platt_fit,17,1.122468802306056,-1.8328621179413174,0.249,0.4962228517469311
nfix,nfix,NTP,1000,platt_fit,18,1.1609113191272982,-2.0705723484566985,0.244,0.4962228517469311
nfix,nfix,NTP,1000,platt_fit,19,1.119828422142348,-1.9522082335445663,0.234,0.4962228517469311
nfix,nfix,NTP,1000,platt_fit,20,1.322499726094194,-1.9838572090114726,0.272,0.4962228517469311
nfix,nfix,NTP,1000,platt_fit,21,1.1755610156455993,-1.85623096975952,0.254,0.4962228517469311
nfix,nfix,NTP,1000,platt_fit,22,1.132554341192434,-1.9095627047009645,0.241,0.4962228517469311
nfix,nfix,NTP,1000,platt_fit,23,0.9813228947189352,-1.6594229192190284,0.261,0.4962228517469311
nfix,nfix,NTP,1000,platt_fit,24,1.088801222474648,-1.8750101485341617,0.305,0.4962228517469311
nfix,nfix,NTP,1000,platt_fit,25,1.0415728313332562,-1.5390497210785963,0.276,0.4962228517469311
nfix,nfix,NTP,1000,platt_fit,26,1.1139461823201797,-1.9106655987730574,0.238,0.4962228517469311
nfix,nfix,NTP,1000,platt_fit,27,1.0893349501881626,-2.0202728318200798,0.231,0.4962228517469311
nfix,nfix,NTP,1000,platt_fit,28,0.9785554057465712,-1.7978892784659417,0.282,0.4962228517469311
nfix,nfix,NTP,1000,platt_fit,29,1.306614963020931,-2.0724855850496255,0.246,0.4962228517469311
nfix,nfix,NTP,1000,platt_fit,30,1.0131786322193108,-1.6511498899097696,0.295,0.4962228517469311
nfix,nfix,NTP,1000,platt_fit,31,1.217877338279599,-1.7069511937547845,0.294,0.4962228517469311
nfix,nfix,NTP,1000,platt_fit,32,1.124027366349292,-1.8475304925478437,0.309,0.4962228517469311
nfix,nfix,NTP,1000,platt_fit,33,1.1881020067966355,-2.0017218502148295,0.252,0.4962228517469311
nfix,nfix,NTP,1000,platt_fit,34,1.1163840986985507,-1.7490352663570294,0.278,0.4962228517469311
nfix,nfix,NTP,1000,platt_fit,35,0.9746184228531852,-1.7205967025220854,0.26,0.4962228517469311
nfix,nfix,NTP,1000,platt_fit,36,1.168688394256712,-1.7579538239055574,0.265,0.4962228517469311
nfix,nfix,NTP,1000,platt_fit,37,1.0387449576369747,-1.7172141081656633,0.275,0.4962228517469311
nfix,nfix,NTP,1000,platt_fit,38,1.3726857303252438,-2.3392661236456855,0.248,0.4962228517469311
nfix,nfix,NTP,1000,platt_fit,39,1.0763480672274504,-1.9004034257118907,0.264,0.4962228517469311
nfix,nfix,NTP,1000,platt_fit,40,1.178172776573359,-1.938081234282386,0.246,0.4962228517469311
nfix,nfix,NTP,1000,platt_fit,41,1.008280587506833,-1.6946822343009844,0.267,0.4962228517469311
nfix,nfix,NTP,1000,platt_fit,42,1.0886717628780918,-1.64338355935841,0.275,0.4962228517469311
nfix,nfix,NTP,1000,platt_fit,43,0.9599159047839343,-1.706903484850237,0.28,0.4962228517469311
nfix,nfix,NTP,1000,platt_fit,44,0.8676788764028792,-1.4686622481684986,0.333,0.4962228517469311
nfix,nfix,NTP,1000,platt_fit,45,1.0857034988626035,-1.8443008545671844,0.265,0.4962228517469311
nfix,nfix,NTP,1000,platt_fit,46,1.022706708470305,-1.8343500550295568,0.275,0.4962228517469311
nfix,nfix,NTP,1000,platt_fit,47,0.8472776511050488,-1.5105293981377268,0.313,0.4962228517469311
nfix,nfix,NTP,1000,platt_fit,48,1.0551733309760094,-1.7349230530846982,0.291,0.4962228517469311
nfix,nfix,NTP,1000,platt_fit,49,1.173265316277186,-1.7312016794726417,0.27,0.4962228517469311
nfix,nfix,NTP,1000,platt_fit,50,0.9614588528190914,-1.4491698590621327,0.32,0.4962228517469311
nfix,nfix,NTP,1000,platt_fit,51,0.9981970619485748,-1.9002568434490128,0.251,0.4962228517469311
nfix,nfix,NTP,1000,platt_fit,52,0.8942017355291508,-1.6868603084029008,0.256,0.4962228517469311
nfix,nfix,NTP,1000,platt_fit,53,1.1110225483290472,-1.950114394451822,0.263,0.4962228517469311
nfix,nfix,NTP,1000,platt_fit,54,1.080445617368384,-2.162527303722564,0.25,0.4962228517469311
nfix,nfix,NTP,1000,platt_fit,55,1.0941709814232419,-1.9232928466377988,0.23,0.4962228517469311
nfix,nfix,NTP,1000,platt_fit,56,1.0194254629586053,-1.929262748383315,0.242,0.4962228517469311
nfix,nfix,NTP,1000,platt_fit,57,1.0162767221221989,-1.795826433919107,0.264,0.4962228517469311
nfix,nfix,NTP,1000,platt_fit,58,1.0886882105470472,-1.9974350836804824,0.26,0.4962228517469311
nfix,nfix,NTP,1000,platt_fit,59,1.0901094726923202,-1.7977991398807711,0.297,0.4962228517469311
nfix,nfix,NTP,1000,platt_fit,60,1.249000163370382,-2.0287262308495517,0.239,0.4962228517469311
nfix,nfix,NTP,1000,platt_fit,61,1.0150551477441556,-1.6854789316655463,0.274,0.4962228517469311
nfix,nfix,NTP,1000,platt_fit,62,1.0777956969608034,-1.832791900405862,0.285,0.4962228517469311
nfix,nfix,NTP,1000,platt_fit,63,0.8489061832211682,-1.6641502042125509,0.273,0.4962228517469311
nfix,nfix,NTP,1000,platt_fit,64,1.1918536554681325,-2.024891688924427,0.252,0.4962228517469311
nfix,nfix,NTP,1000,platt_fit,65,1.0431271241515334,-1.6365031535419121,0.336,0.4962228517469311
nfix,nfix,NTP,1000,platt_fit,66,1.2263937731017116,-1.910349770756715,0.266,0.4962228517469311
nfix,nfix,NTP,1000,platt_fit,67,0.9973430020355443,-1.8051842682160795,0.281,0.4962228517469311
nfix,nfix,NTP,1000,platt_fit,68,0.9485825755524466,-1.5732878381865845,0.292,0.4962228517469311
nfix,nfix,NTP,1000,platt_fit,69,1.2932297462359672,-2.115795253712322,0.263,0.4962228517469311
nfix,nfix,NTP,1000,platt_fit,70,1.2516639395069236,-1.877396335494294,0.308,0.4962228517469311
nfix,nfix,NTP,1000,platt_fit,71,1.2979424287000478,-2.2152581382203866,0.257,0.4962228517469311
nfix,nfix,NTP,1000,platt_fit,72,1.4163629758475322,-2.2360724849399185,0.225,0.4962228517469311
nfix,nfix,NTP,1000,platt_fit,73,1.1368450666360752,-2.0123266846812955,0.257,0.4962228517469311
nfix,nfix,NTP,1000,platt_fit,74,1.1555790324699506,-1.6391701562775571,0.289,0.4962228517469311
nfix,nfix,NTP,1000,platt_fit,75,0.9630756670876746,-1.8150904478029355,0.247,0.4962228517469311
nfix,nfix,NTP,1000,platt_fit,76,1.1859362745250772,-1.7566937741201365,0.301,0.4962228517469311
nfix,nfix,NTP,1000,platt_fit,77,1.1181909285822553,-2.006591126143697,0.229,0.4962228517469311
nfix,nfix,NTP,1000,platt_fit,78,1.0407069934347106,-1.5963761189628467,0.302,0.4962228517469311
nfix,nfix,NTP,1000,platt_fit,79,1.3193640035033642,-2.04949606387642,0.263,0.4962228517469311
nfix,nfix,NTP,1000,platt_fit,80,1.1108865162425983,-2.0685384130160815,0.24,0.4962228517469311
nfix,nfix,NTP,1000,platt_fit,81,1.0497838674322326,-1.7194722621785414,0.278,0.4962228517469311
nfix,nfix,NTP,1000,platt_fit,82,0.960529870016893,-1.6756839367607312,0.284,0.4962228517469311
nfix,nfix,NTP,1000,platt_fit,83,1.1634114013258607,-1.9538796958166986,0.266,0.4962228517469311
nfix,nfix,NTP,1000,platt_fit,84,1.0484318176850687,-1.978347977765668,0.24,0.4962228517469311
nfix,nfix,NTP,1000,platt_fit,85,1.192670050282002,-2.068927685084503,0.267,0.4962228517469311
nfix,nfix,NTP,1000,platt_fit,86,1.0056283994067226,-1.890212878587095,0.25,0.4962228517469311
nfix,nfix,NTP,1000,platt_fit,87,0.9370970714426206,-1.9648887533342991,0.232,0.4962228517469311
nfix,nfix,NTP,1000,platt_fit,88,1.3003062520210962,-1.9594080761609791,0.269,0.4962228517469311
nfix,nfix,NTP,1000,platt_fit,89,1.2229519419418031,-1.8540154089557475,0.29,0.4962228517469311
nfix,nfix,NTP,1000,platt_fit,90,0.9752209193423258,-1.796249627248508,0.267,0.4962228517469311
nfix,nfix,NTP,1000,platt_fit,91,1.1597728251165413,-1.8041716191234942,0.28,0.4962228517469311
nfix,nfix,NTP,1000,platt_fit,92,1.0158988783745375,-1.6053361325235145,0.282,0.4962228517469311
nfix,nfix,NTP,1000,platt_fit,93,1.216104627039601,-1.854892904777266,0.279,0.4962228517469311
nfix,nfix,NTP,1000,platt_fit,94,1.1588265993239726,-1.8756292653202344,0.244,0.4962228517469311
nfix,nfix,NTP,1000,platt_fit,95,1.1399188002032214,-1.791679567383674,0.281,0.4962228517469311
nfix,nfix,NTP,1000,platt_fit,96,1.277734396103215,-1.9907735299477343,0.271,0.4962228517469311
nfix,nfix,NTP,1000,platt_fit,97,1.1481153651719755,-1.911432729776144,0.293,0.4962228517469311
nfix,nfix,NTP,1000,platt_fit,98,1.316233010373812,-2.264866043858598,0.254,0.4962228517469311
nfix,nfix,NTP,1000,platt_fit,99,0.7132726884284863,-1.4018538990054275,0.294,0.4962228517469311
nfix,supermat,Probe,10,platt_fit,0,1.9519496347586527,-4.968097399461768,0.1,0.4962228517469311
nfix,supermat,Probe,10,platt_fit,1,-0.1954349946238617,-1.1349875433518481,0.2,0.4962228517469311
nfix,supermat,Probe,10,platt_fit,2,0.18215120708468996,-0.02414171479969854,0.5,0.4962228517469311
nfix,supermat,Probe,10,platt_fit,3,-1.1036453764549383,0.5417969326997029,0.5,0.4962228517469311
nfix,supermat,Probe,10,platt_fit,4,1.2256700578903514,-1.8605891308068536,0.4,0.4962228517469311
nfix,supermat,Probe,10,platt_fit,5,-0.20030247357002234,-1.1605414058278751,0.2,0.4962228517469311
nfix,supermat,Probe,10,platt_fit,6,0.003371499490558548,-1.3866526286120222,0.2,0.4962228517469311
nfix,supermat,Probe,10,platt_fit,7,0.13707677397522655,0.8054011027446611,0.7,0.4962228517469311
nfix,supermat,Probe,10,platt_fit,8,-0.5158374627605626,-0.6290206301526253,0.3,0.4962228517469311
nfix,supermat,Probe,10,platt_fit,9,1.4313167919557288,-1.6364605021351641,0.3,0.4962228517469311
nfix,supermat,Probe,10,platt_fit,10,0.1521937060887304,-1.4735709126002767,0.2,0.4962228517469311
nfix,supermat,Probe,10,platt_fit,11,-0.6693730486150474,-0.364775061111184,0.4,0.4962228517469311
nfix,supermat,Probe,10,platt_fit,12,-0.06769083252625928,0.04070020784560263,0.5,0.4962228517469311
nfix,supermat,Probe,10,platt_fit,13,-0.11977724477501367,-1.3855955599716787,0.2,0.4962228517469311
nfix,supermat,Probe,10,platt_fit,14,0.891950700170304,-1.0063958831977464,0.5,0.4962228517469311
nfix,supermat,Probe,10,platt_fit,15,0.29895005815224046,0.09710858811046023,0.6,0.4962228517469311
nfix,supermat,Probe,10,platt_fit,16,2.864137706677948,0.6532935100178955,0.5,0.4962228517469311
nfix,supermat,Probe,10,platt_fit,17,0.03085615430071511,-0.8554828860883199,0.3,0.4962228517469311
nfix,supermat,Probe,10,platt_fit,18,0.5578119219419483,-1.1537770160511616,0.3,0.4962228517469311
nfix,supermat,Probe,10,platt_fit,19,0.17269113058278981,-1.5051257474714455,0.2,0.4962228517469311
nfix,supermat,Probe,10,platt_fit,20,-0.5538084353496812,0.6323883661926792,0.5,0.4962228517469311
nfix,supermat,Probe,10,platt_fit,21,1.164209951494771,-3.906363471117549,0.1,0.4962228517469311
nfix,supermat,Probe,10,platt_fit,22,0.18856606930233388,-1.469065440871297,0.2,0.4962228517469311
nfix,supermat,Probe,10,platt_fit,23,0.36836276810104457,-0.6283910454086526,0.4,0.4962228517469311
nfix,supermat,Probe,10,platt_fit,24,1.557157279255714,-3.7580802727486358,0.1,0.4962228517469311
nfix,supermat,Probe,10,platt_fit,25,0.01601896355049976,-0.8567908076974803,0.3,0.4962228517469311
nfix,supermat,Probe,10,platt_fit,26,95.25948987166002,-98.25409806147151,0.5,0.4962228517469311
nfix,supermat,Probe,10,platt_fit,27,0.5273953432818304,-1.9183302594410563,0.2,0.4962228517469311
nfix,supermat,Probe,10,platt_fit,28,0.5478995383132585,-1.248278884516254,0.3,0.4962228517469311
nfix,supermat,Probe,10,platt_fit,29,2.0814901837962596,-5.887927444724188,0.2,0.4962228517469311
nfix,supermat,Probe,10,platt_fit,30,0.4260463153381296,-1.8881124299971996,0.2,0.4962228517469311
nfix,supermat,Probe,10,platt_fit,31,0.12536163886700796,-0.8070010679561667,0.3,0.4962228517469311
nfix,supermat,Probe,10,platt_fit,32,0.060885845701345,-0.901796475386453,0.3,0.4962228517469311
nfix,supermat,Probe,10,platt_fit,33,55.73893778769324,-96.28678168375053,0.1,0.4962228517469311
nfix,supermat,Probe,10,platt_fit,34,0.09803933889309277,0.3515071684352323,0.6,0.4962228517469311
nfix,supermat,Probe,10,platt_fit,35,0.715761364980728,-1.7584247594418894,0.3,0.4962228517469311
nfix,supermat,Probe,10,platt_fit,36,0.0897621134777516,-0.06097043997420049,0.5,0.4962228517469311
nfix,supermat,Probe,10,platt_fit,37,0.5369340592443208,-1.869317060748311,0.2,0.4962228517469311
nfix,supermat,Probe,10,platt_fit,38,-0.7228368811138741,-0.28029343480722924,0.4,0.4962228517469311
nfix,supermat,Probe,10,platt_fit,39,0.5125684467297971,-1.6455412095901996,0.2,0.4962228517469311
nfix,supermat,Probe,10,platt_fit,40,0.6718714591103233,-0.01947237017486727,0.6,0.4962228517469311
nfix,supermat,Probe,10,platt_fit,41,0.9790116458301747,-0.9840213469648171,0.4,0.4962228517469311
nfix,supermat,Probe,10,platt_fit,42,0.2204618362226139,-1.1112356917232464,0.3,0.4962228517469311
nfix,supermat,Probe,10,platt_fit,43,1.2479962806796037,-1.187400129292995,0.5,0.4962228517469311
nfix,supermat,Probe,10,platt_fit,44,2.8890672448315664,-1.4018464734556644,0.5,0.4962228517469311
nfix,supermat,Probe,10,platt_fit,45,0.39289007147855554,-1.941597107999259,0.2,0.4962228517469311
nfix,supermat,Probe,10,platt_fit,46,-0.8519700341638982,-1.3851182835079343,0.2,0.4962228517469311
nfix,supermat,Probe,10,platt_fit,47,-0.05540363402952033,0.42475483963409366,0.6,0.4962228517469311
nfix,supermat,Probe,10,platt_fit,48,1.2124424836219423,-0.7981150194728476,0.5,0.4962228517469311
nfix,supermat,Probe,10,platt_fit,50,-0.04857752976113628,-1.3231216731387694,0.2,0.4962228517469311
nfix,supermat,Probe,10,platt_fit,51,1.8420081616166055,-1.6357709694725677,0.4,0.4962228517469311
nfix,supermat,Probe,10,platt_fit,52,0.7042861342241528,-1.3299852717364058,0.4,0.4962228517469311
nfix,supermat,Probe,10,platt_fit,53,3.916932371681676,-9.903419501018103,0.2,0.4962228517469311
nfix,supermat,Probe,10,platt_fit,54,0.46792214167775475,-0.14292820795413272,0.5,0.4962228517469311
nfix,supermat,Probe,10,platt_fit,55,0.299180833283377,-0.40537879081390604,0.5,0.4962228517469311
nfix,supermat,Probe,10,platt_fit,56,0.320103354694159,-1.6416297085817566,0.2,0.4962228517469311
nfix,supermat,Probe,10,platt_fit,57,-7.267459972507308,1.944794049271983,0.3,0.4962228517469311
nfix,supermat,Probe,10,platt_fit,58,-0.34764104943407864,-0.2585933799736115,0.4,0.4962228517469311
nfix,supermat,Probe,10,platt_fit,59,-0.13890118858754297,-1.3020252615858139,0.2,0.4962228517469311
nfix,supermat,Probe,10,platt_fit,60,1.8421845145882212,-3.998474901321192,0.2,0.4962228517469311
nfix,supermat,Probe,10,platt_fit,61,0.05845164027658768,1.369524635870548,0.8,0.4962228517469311
nfix,supermat,Probe,10,platt_fit,62,0.40627829130980686,-1.1625432484447216,0.3,0.4962228517469311
nfix,supermat,Probe,10,platt_fit,63,0.6584881568631162,-1.036776538911743,0.3,0.4962228517469311
nfix,supermat,Probe,10,platt_fit,64,2.4308282699407813,-3.110057849115215,0.3,0.4962228517469311
nfix,supermat,Probe,10,platt_fit,65,0.03530054400129688,-0.41289121320415595,0.4,0.4962228517469311
nfix,supermat,Probe,10,platt_fit,66,-0.8640445177989615,-1.7051644385348195,0.1,0.4962228517469311
nfix,supermat,Probe,10,platt_fit,67,0.4837149463232725,0.15364011045533904,0.6,0.4962228517469311
nfix,supermat,Probe,10,platt_fit,68,-0.09340070550975482,-1.3358567315949847,0.2,0.4962228517469311
nfix,supermat,Probe,10,platt_fit,69,54.95609647765032,-83.31799463021179,0.3,0.4962228517469311
nfix,supermat,Probe,10,platt_fit,70,-0.04759295818644673,-1.3574180313042374,0.2,0.4962228517469311
nfix,supermat,Probe,10,platt_fit,71,0.2591294541021388,-0.6459644885240511,0.4,0.4962228517469311
nfix,supermat,Probe,10,platt_fit,72,0.24934395380290564,-1.0699315821030013,0.3,0.4962228517469311
nfix,supermat,Probe,10,platt_fit,73,0.5643087147620615,-0.3556406761159089,0.5,0.4962228517469311
nfix,supermat,Probe,10,platt_fit,74,3.359380872698668,-3.65707238005111,0.3,0.4962228517469311
nfix,supermat,Probe,10,platt_fit,75,-0.5632766517300976,-1.0238652790875828,0.2,0.4962228517469311
nfix,supermat,Probe,10,platt_fit,76,0.46728925218732864,-1.0831821189445345,0.3,0.4962228517469311
nfix,supermat,Probe,10,platt_fit,77,1.23467312731934,-0.5906263305241534,0.5,0.4962228517469311
nfix,supermat,Probe,10,platt_fit,78,0.3235326431047133,-1.2392714699673983,0.3,0.4962228517469311
nfix,supermat,Probe,10,platt_fit,79,1.541470106045286,-1.8393451985935272,0.4,0.4962228517469311
nfix,supermat,Probe,10,platt_fit,80,-1.2500799289101805,1.0184656174108373,0.4,0.4962228517469311
nfix,supermat,Probe,10,platt_fit,81,0.7943451472759352,-0.14597981644345362,0.5,0.4962228517469311
nfix,supermat,Probe,10,platt_fit,82,-0.32240004148134144,0.2262775281040833,0.5,0.4962228517469311
nfix,supermat,Probe,10,platt_fit,83,0.3222707896397941,-0.35498311467791743,0.5,0.4962228517469311
nfix,supermat,Probe,10,platt_fit,84,0.5732900777966997,-0.5766786202307627,0.4,0.4962228517469311
nfix,supermat,Probe,10,platt_fit,85,0.16490324854651814,0.012427146402879294,0.5,0.4962228517469311
nfix,supermat,Probe,10,platt_fit,86,-0.2613169814520823,-0.22510663237380996,0.4,0.4962228517469311
nfix,supermat,Probe,10,platt_fit,87,1.0882174156502342,-0.610233273764339,0.5,0.4962228517469311
nfix,supermat,Probe,10,platt_fit,88,0.32637807494980237,-0.49089782290543005,0.4,0.4962228517469311
nfix,supermat,Probe,10,platt_fit,89,0.587627728072532,-0.2850139133713402,0.6,0.4962228517469311
nfix,supermat,Probe,10,platt_fit,90,0.4339573213471184,-0.6072926637597247,0.4,0.4962228517469311
nfix,supermat,Probe,10,platt_fit,91,13.565625810193541,-16.898587808698817,0.2,0.4962228517469311
nfix,supermat,Probe,10,platt_fit,92,0.023747155261926025,-0.4010063878013609,0.4,0.4962228517469311
nfix,supermat,Probe,10,platt_fit,93,0.45261239267401676,0.0017363860811241173,0.5,0.4962228517469311
nfix,supermat,Probe,10,platt_fit,94,0.6162746959018077,-0.3751289254953993,0.4,0.4962228517469311
nfix,supermat,Probe,10,platt_fit,95,-0.16966001324337493,-2.4009540739589847,0.1,0.4962228517469311
nfix,supermat,Probe,10,platt_fit,96,0.07400156353568361,-1.438562471906228,0.2,0.4962228517469311
nfix,supermat,Probe,10,platt_fit,97,0.4840401363915973,-0.4307125028369814,0.4,0.4962228517469311
nfix,supermat,Probe,10,platt_fit,98,1.5581521198808717,-3.687887946996873,0.1,0.4962228517469311
nfix,supermat,Probe,10,platt_fit,99,2.579506967970654,-0.28098997881164184,0.6,0.4962228517469311
nfix,supermat,Probe,10,platt_fit,100,0.028462968669492637,-0.8638081980044395,0.3,0.4962228517469311
nfix,supermat,NTP,10,platt_fit,0,8.010598097849714,-7.526987448121989,0.1,0.4962228517469311
nfix,supermat,NTP,10,platt_fit,1,2.1902983361516246,-1.7308234560453528,0.2,0.4962228517469311
nfix,supermat,NTP,10,platt_fit,2,84.31832605634405,9.658539870521043,0.5,0.4962228517469311
nfix,supermat,NTP,10,platt_fit,3,0.7592668309762401,-0.2520438454714127,0.5,0.4962228517469311
nfix,supermat,NTP,10,platt_fit,4,2.067607548915754,-0.7126260960408806,0.4,0.4962228517469311
nfix,supermat,NTP,10,platt_fit,5,0.7852574665996775,-1.577996954640969,0.2,0.4962228517469311
nfix,supermat,NTP,10,platt_fit,6,4.352548876059844,-1.1346763408633829,0.2,0.4962228517469311
nfix,supermat,NTP,10,platt_fit,7,6.565441504594028,1.71374493489448,0.7,0.4962228517469311
nfix,supermat,NTP,10,platt_fit,8,3.7172108347536317,-0.4494392718102438,0.3,0.4962228517469311
nfix,supermat,NTP,10,platt_fit,9,0.17638487351754667,-0.8090602227927481,0.3,0.4962228517469311
nfix,supermat,NTP,10,platt_fit,10,6.3490445967130915,-0.7015056200508692,0.2,0.4962228517469311
nfix,supermat,NTP,10,platt_fit,11,34364.6864714123,7437.498655338057,0.4,0.4962228517469311
nfix,supermat,NTP,10,platt_fit,12,2.552310389784314,0.32580367715192976,0.5,0.4962228517469311
nfix,supermat,NTP,10,platt_fit,13,0.7353054459474034,-1.7785973208205597,0.2,0.4962228517469311
nfix,supermat,NTP,10,platt_fit,14,84.24686134527205,16.582981936252096,0.5,0.4962228517469311
nfix,supermat,NTP,10,platt_fit,15,0.5333538660421597,0.10415019304188537,0.6,0.4962228517469311
nfix,supermat,NTP,10,platt_fit,16,496.71860638942815,107.10345066165415,0.5,0.4962228517469311
nfix,supermat,NTP,10,platt_fit,17,5.525947661052179,-0.745589322939836,0.3,0.4962228517469311
nfix,supermat,NTP,10,platt_fit,18,3.443103701227996,-1.2718555179590942,0.3,0.4962228517469311
nfix,supermat,NTP,10,platt_fit,19,-0.34975165985398055,-1.3977575105692355,0.2,0.4962228517469311
nfix,supermat,NTP,10,platt_fit,20,1.0129626829200233,-0.6682308569742434,0.5,0.4962228517469311
nfix,supermat,NTP,10,platt_fit,21,8.546414054754473,-8.815631351233502,0.1,0.4962228517469311
nfix,supermat,NTP,10,platt_fit,22,6.569470779543575,-0.6554149275657583,0.2,0.4962228517469311
nfix,supermat,NTP,10,platt_fit,23,1.539825886070089,-1.4830344614137998,0.4,0.4962228517469311
nfix,supermat,NTP,10,platt_fit,24,8.249618278879863,-7.4631362624398685,0.1,0.4962228517469311
nfix,supermat,NTP,10,platt_fit,25,1.41314221599594,-1.3744766032929925,0.3,0.4962228517469311
nfix,supermat,NTP,10,platt_fit,26,18.372878275036182,3.768013793112717,0.5,0.4962228517469311
nfix,supermat,NTP,10,platt_fit,27,172.32061088626114,-337.4836872585993,0.2,0.4962228517469311
nfix,supermat,NTP,10,platt_fit,28,2.9200020520093064,-0.6315893496747308,0.3,0.4962228517469311
nfix,supermat,NTP,10,platt_fit,29,8.485842347847328,-7.96653559686821,0.2,0.4962228517469311
nfix,supermat,NTP,10,platt_fit,30,-46.94828285521122,-11.299339207125982,0.2,0.4962228517469311
nfix,supermat,NTP,10,platt_fit,31,3.4259544617326734,-1.3253779947855364,0.3,0.4962228517469311
nfix,supermat,NTP,10,platt_fit,32,1.1905404511866737,-0.6149024279110586,0.3,0.4962228517469311
nfix,supermat,NTP,10,platt_fit,33,-3.299121644196608,-2.795558091862703,0.1,0.4962228517469311
nfix,supermat,NTP,10,platt_fit,34,4.230949250595092,0.6306844040548006,0.6,0.4962228517469311
nfix,supermat,NTP,10,platt_fit,35,1.428558690207122,-1.8160698851531945,0.3,0.4962228517469311
nfix,supermat,NTP,10,platt_fit,36,2.2365239068764424,-0.049910566319325195,0.5,0.4962228517469311
nfix,supermat,NTP,10,platt_fit,37,8.582505834928766,-8.214366287235219,0.2,0.4962228517469311
nfix,supermat,NTP,10,platt_fit,38,1.2659679925414387,-0.8927229348045242,0.4,0.4962228517469311
nfix,supermat,NTP,10,platt_fit,39,48.93620227287169,-78.66862903285678,0.2,0.4962228517469311
nfix,supermat,NTP,10,platt_fit,40,4.699292034953265,1.0205884965117347,0.6,0.4962228517469311
nfix,supermat,NTP,10,platt_fit,41,128.1807442296388,19.679349481683186,0.4,0.4962228517469311
nfix,supermat,NTP,10,platt_fit,42,4.118934831537458,-0.3573627562570244,0.3,0.4962228517469311
nfix,supermat,NTP,10,platt_fit,43,0.6532122914124849,-0.3202445575267784,0.5,0.4962228517469311
nfix,supermat,NTP,10,platt_fit,44,5.514774307571759,0.6873588559474619,0.5,0.4962228517469311
nfix,supermat,NTP,10,platt_fit,45,286.0992259260164,52.55372444860342,0.2,0.4962228517469311
nfix,supermat,NTP,10,platt_fit,46,14.798339674843945,1.116567725796925,0.2,0.4962228517469311
nfix,supermat,NTP,10,platt_fit,47,4.618210793511992,0.7038332924712417,0.6,0.4962228517469311
nfix,supermat,NTP,10,platt_fit,48,144.62584825283454,29.802440110499376,0.5,0.4962228517469311
nfix,supermat,NTP,10,platt_fit,50,5.7172649163481415,-0.8408541552924172,0.2,0.4962228517469311
nfix,supermat,NTP,10,platt_fit,51,1.219590364597395,-1.3413635537954558,0.4,0.4962228517469311
nfix,supermat,NTP,10,platt_fit,52,112.08124844617082,23.197699257886534,0.4,0.4962228517469311
nfix,supermat,NTP,10,platt_fit,53,17.78393015150574,-5.099698895843093,0.2,0.4962228517469311
nfix,supermat,NTP,10,platt_fit,54,1.3209183784119183,-1.067159125225953,0.5,0.4962228517469311
nfix,supermat,NTP,10,platt_fit,55,0.9101316984573845,-0.3426655271960837,0.5,0.4962228517469311
nfix,supermat,NTP,10,platt_fit,56,1.6829866049223587,-1.8419694755745608,0.2,0.4962228517469311
nfix,supermat,NTP,10,platt_fit,57,3.0039521896193038,-0.6145205135465092,0.3,0.4962228517469311
nfix,supermat,NTP,10,platt_fit,58,18.556540343263276,-4.72138459626438,0.4,0.4962228517469311
nfix,supermat,NTP,10,platt_fit,59,8.410978854473418,-7.380027424661178,0.2,0.4962228517469311
nfix,supermat,NTP,10,platt_fit,60,4071.814928799771,874.5549768596803,0.2,0.4962228517469311
nfix,supermat,NTP,10,platt_fit,61,8.080490438511609,2.1605990661215935,0.8,0.4962228517469311
nfix,supermat,NTP,10,platt_fit,62,74.20793984051282,14.065271949583382,0.3,0.4962228517469311
nfix,supermat,NTP,10,platt_fit,63,17.655348510950027,-5.019342304868197,0.3,0.4962228517469311
nfix,supermat,NTP,10,platt_fit,64,3.0617488710628225,-0.5979455557616365,0.3,0.4962228517469311
nfix,supermat,NTP,10,platt_fit,65,2180.617203753967,464.0389403353017,0.4,0.4962228517469311
nfix,supermat,NTP,10,platt_fit,66,9.116109442645557,-7.325795299865795,0.1,0.4962228517469311
nfix,supermat,NTP,10,platt_fit,67,15.72120699491244,-5.551622635081304,0.6,0.4962228517469311
nfix,supermat,NTP,10,platt_fit,68,1044.4112428144729,224.17502984778554,0.2,0.4962228517469311
nfix,supermat,NTP,10,platt_fit,69,-3.6273414932325196,-1.4803087594327347,0.3,0.4962228517469311
nfix,supermat,NTP,10,platt_fit,70,8.328114696467786,-7.406802358673205,0.2,0.4962228517469311
nfix,supermat,NTP,10,platt_fit,71,-4.399143242696013,-0.8996039396138001,0.4,0.4962228517469311
nfix,supermat,NTP,10,platt_fit,72,-1.692241232664519,-1.0565452689211945,0.3,0.4962228517469311
nfix,supermat,NTP,10,platt_fit,73,1.5488219811906079,-0.8678552559231295,0.5,0.4962228517469311
nfix,supermat,NTP,10,platt_fit,74,7.961080410828268,0.44237504807272765,0.3,0.4962228517469311
nfix,supermat,NTP,10,platt_fit,75,-4.1055087685453175,-2.1446339689707856,0.2,0.4962228517469311
nfix,supermat,NTP,10,platt_fit,76,8.360557610137327,-7.366764106279192,0.3,0.4962228517469311
nfix,supermat,NTP,10,platt_fit,77,-1.6720302072564746,-0.13696367457916542,0.5,0.4962228517469311
nfix,supermat,NTP,10,platt_fit,78,91.72299192537602,11.119349196397328,0.3,0.4962228517469311
nfix,supermat,NTP,10,platt_fit,79,1.1767811457799167,-0.8436660219253752,0.4,0.4962228517469311
nfix,supermat,NTP,10,platt_fit,80,10.313042372183725,0.44338550668524906,0.4,0.4962228517469311
nfix,supermat,NTP,10,platt_fit,81,1.5833563128392436,-1.2111139392710968,0.5,0.4962228517469311
nfix,supermat,NTP,10,platt_fit,82,4.955070841625832,0.15968791072254312,0.5,0.4962228517469311
nfix,supermat,NTP,10,platt_fit,83,2.3067629834698455,-0.5447935225145197,0.5,0.4962228517469311
nfix,supermat,NTP,10,platt_fit,84,43.33497497227448,-2.754233813190784,0.4,0.4962228517469311
nfix,supermat,NTP,10,platt_fit,85,0.0268926656822186,-0.005047335107097736,0.5,0.4962228517469311
nfix,supermat,NTP,10,platt_fit,86,5.196731968549707,-0.6631501264174716,0.4,0.4962228517469311
nfix,supermat,NTP,10,platt_fit,87,2.8243733200937604,-1.1719461958707837,0.5,0.4962228517469311
nfix,supermat,NTP,10,platt_fit,88,17.023237790819664,2.4846065196266727,0.4,0.4962228517469311
nfix,supermat,NTP,10,platt_fit,89,1.9470164206749716,-0.35716263371734164,0.6,0.4962228517469311
nfix,supermat,NTP,10,platt_fit,90,6.056991210729687,0.21688929110932026,0.4,0.4962228517469311
nfix,supermat,NTP,10,platt_fit,91,-25137375.975425284,-5460722.658694939,0.2,0.4962228517469311
nfix,supermat,NTP,10,platt_fit,92,1.3899481753040834,-0.9244955923008713,0.4,0.4962228517469311
nfix,supermat,NTP,10,platt_fit,93,4.425757255063491,0.04523672604688532,0.5,0.4962228517469311
nfix,supermat,NTP,10,platt_fit,94,55.12816919591012,10.140587615480651,0.4,0.4962228517469311
nfix,supermat,NTP,10,platt_fit,95,0.4555509615372305,-2.0982578634830693,0.1,0.4962228517469311
nfix,supermat,NTP,10,platt_fit,96,15.248047525610653,-23.08990223372934,0.2,0.4962228517469311
nfix,supermat,NTP,10,platt_fit,97,0.9424921339705258,-0.8846113987084584,0.4,0.4962228517469311
nfix,supermat,NTP,10,platt_fit,98,85.97649764407375,16.243833322157762,0.1,0.4962228517469311
nfix,supermat,NTP,10,platt_fit,99,29.733244403731902,5.721491800973338,0.6,0.4962228517469311
nfix,supermat,NTP,10,platt_fit,100,0.9133831435170654,-1.0593906148727317,0.3,0.4962228517469311
nfix,supermat,Probe,50,platt_fit,0,0.21642169957892315,-1.231997654608911,0.26,0.4962228517469311
nfix,supermat,Probe,50,platt_fit,1,-0.21691320706246447,-1.3270021635497788,0.18,0.4962228517469311
nfix,supermat,Probe,50,platt_fit,2,0.16970014825522195,-0.2867704036918581,0.44,0.4962228517469311
nfix,supermat,Probe,50,platt_fit,3,0.14463851134124642,-0.4002066351967975,0.42,0.4962228517469311
nfix,supermat,Probe,50,platt_fit,4,0.22773989602089545,-0.7484906006297574,0.36,0.4962228517469311
nfix,supermat,Probe,50,platt_fit,5,-0.10983627647047443,-0.6837925494013873,0.32,0.4962228517469311
nfix,supermat,Probe,50,platt_fit,6,0.5938379729674094,-1.1864165828589683,0.34,0.4962228517469311
nfix,supermat,Probe,50,platt_fit,7,0.9065468489858871,-0.7060890240395316,0.48,0.4962228517469311
nfix,supermat,Probe,50,platt_fit,8,0.6626826821624194,-1.5484605930421442,0.28,0.4962228517469311
nfix,supermat,Probe,50,platt_fit,9,0.46443420672044594,-1.3411850463856008,0.26,0.4962228517469311
nfix,supermat,Probe,50,platt_fit,10,0.8058589832364812,-1.7581699099462649,0.26,0.4962228517469311
nfix,supermat,Probe,50,platt_fit,11,0.573190107127861,-0.7861330935834938,0.4,0.4962228517469311
nfix,supermat,Probe,50,platt_fit,12,0.2562745202470782,-1.0812993168156553,0.3,0.4962228517469311
nfix,supermat,Probe,50,platt_fit,13,0.41476701241053815,-0.7696610615448695,0.4,0.4962228517469311
nfix,supermat,Probe,50,platt_fit,14,0.008064328556145996,-1.272257959268354,0.22,0.4962228517469311
nfix,supermat,Probe,50,platt_fit,15,0.5474846597023271,-0.015665495790119645,0.6,0.4962228517469311
nfix,supermat,Probe,50,platt_fit,16,0.4259863731353264,-0.5680832811410135,0.42,0.4962228517469311
nfix,supermat,Probe,50,platt_fit,17,0.11985959836923453,-1.723820412273867,0.16,0.4962228517469311
nfix,supermat,Probe,50,platt_fit,18,0.5779056451378857,-1.2602324637789275,0.32,0.4962228517469311
nfix,supermat,Probe,50,platt_fit,19,0.38551390996682605,-0.4340618516450153,0.44,0.4962228517469311
nfix,supermat,Probe,50,platt_fit,20,0.3644064389684456,-0.580548456483887,0.4,0.4962228517469311
nfix,supermat,Probe,50,platt_fit,21,-0.1888161979619308,-0.7781243416955294,0.28,0.4962228517469311
nfix,supermat,Probe,50,platt_fit,22,0.04271589476154646,-1.1710440392651793,0.24,0.4962228517469311
nfix,supermat,Probe,50,platt_fit,23,0.48673229329458084,-1.6582613016317231,0.22,0.4962228517469311
nfix,supermat,Probe,50,platt_fit,24,1.124869026039768,-1.3310262690980157,0.3,0.4962228517469311
nfix,supermat,Probe,50,platt_fit,25,0.17507418263331434,-0.07205553725005266,0.52,0.4962228517469311
nfix,supermat,Probe,50,platt_fit,26,0.4222729491637106,-0.8175479863904321,0.4,0.4962228517469311
nfix,supermat,Probe,50,platt_fit,27,0.2156354651414298,-0.7633674669212882,0.36,0.4962228517469311
nfix,supermat,Probe,50,platt_fit,28,0.4714010716061231,-1.0318773420666505,0.34,0.4962228517469311
nfix,supermat,Probe,50,platt_fit,29,0.06247626308403343,-1.2176496818135996,0.24,0.4962228517469311
nfix,supermat,Probe,50,platt_fit,30,0.24800192453450226,-0.7277260689404126,0.36,0.4962228517469311
nfix,supermat,Probe,50,platt_fit,31,0.35827675932311054,-0.9804635222595068,0.3,0.4962228517469311
nfix,supermat,Probe,50,platt_fit,32,0.395867166959108,-0.8092336905010759,0.38,0.4962228517469311
nfix,supermat,Probe,50,platt_fit,33,0.1995702036678173,-1.0297991102655977,0.28,0.4962228517469311
nfix,supermat,Probe,50,platt_fit,34,0.5140877718303178,-1.0185727842489674,0.34,0.4962228517469311
nfix,supermat,Probe,50,platt_fit,35,0.8835269800368197,-0.8981647819191759,0.38,0.4962228517469311
nfix,supermat,Probe,50,platt_fit,36,0.2168920362698367,-1.4103891149143257,0.22,0.4962228517469311
nfix,supermat,Probe,50,platt_fit,37,0.3741779952021676,-1.3328637136528352,0.26,0.4962228517469311
nfix,supermat,Probe,50,platt_fit,38,-0.095734663264471,-1.3331671724406118,0.2,0.4962228517469311
nfix,supermat,Probe,50,platt_fit,39,0.30849059162865333,-0.9808817242277476,0.3,0.4962228517469311
nfix,supermat,Probe,50,platt_fit,40,0.7935541615218319,-0.8918124865294107,0.42,0.4962228517469311
nfix,supermat,Probe,50,platt_fit,41,0.7789606850962628,-0.538796641088849,0.46,0.4962228517469311
nfix,supermat,Probe,50,platt_fit,42,0.16894807856670413,-1.1224642370530455,0.28,0.4962228517469311
nfix,supermat,Probe,50,platt_fit,43,0.5008913651091866,-1.2820891120084712,0.3,0.4962228517469311
nfix,supermat,Probe,50,platt_fit,44,0.5682374968618032,-0.2841743751037092,0.56,0.4962228517469311
nfix,supermat,Probe,50,platt_fit,45,0.22402244319398582,-1.1875541272633563,0.26,0.4962228517469311
nfix,supermat,Probe,50,platt_fit,46,0.34746194893385834,-1.2590693348521005,0.26,0.4962228517469311
nfix,supermat,Probe,50,platt_fit,47,0.3979675875485437,-0.38250441106408206,0.5,0.4962228517469311
nfix,supermat,Probe,50,platt_fit,48,0.31306544093273686,-0.8318006742050478,0.36,0.4962228517469311
nfix,supermat,Probe,50,platt_fit,49,0.13036494449647618,-0.7275886315806498,0.34,0.4962228517469311
nfix,supermat,Probe,50,platt_fit,50,0.06909343465129857,-0.9974884247891123,0.28,0.4962228517469311
nfix,supermat,Probe,50,platt_fit,51,1.0472454218587215,-1.0660398091720376,0.36,0.4962228517469311
nfix,supermat,Probe,50,platt_fit,52,-0.24587728127687666,-0.847349803016565,0.26,0.4962228517469311
nfix,supermat,Probe,50,platt_fit,53,-0.0796773784464546,-1.457038206316973,0.18,0.4962228517469311
nfix,supermat,Probe,50,platt_fit,54,1.0447369315714383,-0.6723834216397488,0.44,0.4962228517469311
nfix,supermat,Probe,50,platt_fit,55,0.3518152410664376,-0.7128782697820415,0.38,0.4962228517469311
nfix,supermat,Probe,50,platt_fit,56,0.6687948268254249,-0.7848232196926925,0.4,0.4962228517469311
nfix,supermat,Probe,50,platt_fit,57,-0.1798444922595773,-0.7124254115079838,0.3,0.4962228517469311
nfix,supermat,Probe,50,platt_fit,58,0.2156277494548401,-1.222948413135883,0.26,0.4962228517469311
nfix,supermat,Probe,50,platt_fit,59,-0.1259999471985836,-0.6725622707786856,0.32,0.4962228517469311
nfix,supermat,Probe,50,platt_fit,60,0.7102519313623733,-2.1264193033091865,0.2,0.4962228517469311
nfix,supermat,Probe,50,platt_fit,61,0.5781639562538593,-0.9381153868844806,0.38,0.4962228517469311
nfix,supermat,Probe,50,platt_fit,62,0.3634257063153792,-0.7706042377535339,0.38,0.4962228517469311
nfix,supermat,Probe,50,platt_fit,63,0.4159067357368453,-0.5624563988276762,0.44,0.4962228517469311
nfix,supermat,Probe,50,platt_fit,64,0.3020376186431524,-0.8692869669015088,0.36,0.4962228517469311
nfix,supermat,Probe,50,platt_fit,65,0.10498290409688267,-0.29687760106918243,0.44,0.4962228517469311
nfix,supermat,Probe,50,platt_fit,66,0.06390021546742201,-0.9812456405075831,0.28,0.4962228517469311
nfix,supermat,Probe,50,platt_fit,67,0.5915497941812128,-0.6820815023304538,0.48,0.4962228517469311
nfix,supermat,Probe,50,platt_fit,68,0.43810675993751896,-1.9125099396784926,0.18,0.4962228517469311
nfix,supermat,Probe,50,platt_fit,69,0.07655105816529026,-1.098368848245502,0.26,0.4962228517469311
nfix,supermat,Probe,50,platt_fit,70,-0.07632373516812406,-1.4794255250976776,0.18,0.4962228517469311
nfix,supermat,Probe,50,platt_fit,71,0.18267309138679066,-0.808324587057162,0.34,0.4962228517469311
nfix,supermat,Probe,50,platt_fit,72,0.4056619547476772,-0.21369941821677874,0.52,0.4962228517469311
nfix,supermat,Probe,50,platt_fit,73,0.7927689845989716,-0.593689726642188,0.42,0.4962228517469311
nfix,supermat,Probe,50,platt_fit,74,0.5370492705675067,-1.2365494452336132,0.26,0.4962228517469311
nfix,supermat,Probe,50,platt_fit,75,0.42660774685972735,-1.108769745742629,0.34,0.4962228517469311
nfix,supermat,Probe,50,platt_fit,76,0.1400464810303367,-1.2465424446779667,0.24,0.4962228517469311
nfix,supermat,Probe,50,platt_fit,77,0.3934574959562264,-1.5070087235449048,0.22,0.4962228517469311
nfix,supermat,Probe,50,platt_fit,78,0.3305463567336439,-1.3517844135154804,0.26,0.4962228517469311
nfix,supermat,Probe,50,platt_fit,79,0.2017828920274321,-0.4958200565152668,0.42,0.4962228517469311
nfix,supermat,Probe,50,platt_fit,80,0.056926223159256294,-0.7245248235121302,0.34,0.4962228517469311
nfix,supermat,Probe,50,platt_fit,81,0.5073228950593547,-0.1166647911852266,0.52,0.4962228517469311
nfix,supermat,Probe,50,platt_fit,82,0.08201187810687506,-0.5554612371974916,0.38,0.4962228517469311
nfix,supermat,Probe,50,platt_fit,83,0.4808572337356035,-0.28608937180151883,0.52,0.4962228517469311
nfix,supermat,Probe,50,platt_fit,84,0.047156173311404426,-0.6980502675656733,0.34,0.4962228517469311
nfix,supermat,Probe,50,platt_fit,85,0.9007599994778073,-1.1601330211983991,0.42,0.4962228517469311
nfix,supermat,Probe,50,platt_fit,86,0.2634266032059312,-1.2597010793080263,0.26,0.4962228517469311
nfix,supermat,Probe,50,platt_fit,87,0.8155233816458463,-0.7473869665563687,0.42,0.4962228517469311
nfix,supermat,Probe,50,platt_fit,88,0.5201347742699189,-0.5127243048800166,0.42,0.4962228517469311
nfix,supermat,Probe,50,platt_fit,89,0.5598546401561303,-0.6238826684004701,0.46,0.4962228517469311
nfix,supermat,Probe,50,platt_fit,90,0.35063354038382855,-1.1817918907111746,0.28,0.4962228517469311
nfix,supermat,Probe,50,platt_fit,91,0.48594055887656395,-0.36445195238612105,0.42,0.4962228517469311
nfix,supermat,Probe,50,platt_fit,92,0.2838426572738261,-0.27223962705495,0.46,0.4962228517469311
nfix,supermat,Probe,50,platt_fit,93,-0.023936656427583025,-0.5587364482341176,0.36,0.4962228517469311
nfix,supermat,Probe,50,platt_fit,94,0.21999438722228493,-0.824623832429061,0.34,0.4962228517469311
nfix,supermat,Probe,50,platt_fit,95,0.05664369410578051,-0.9800050724576918,0.28,0.4962228517469311
nfix,supermat,Probe,50,platt_fit,96,0.8728985240792114,-0.8595805031316749,0.4,0.4962228517469311
nfix,supermat,Probe,50,platt_fit,97,-0.011455689371196358,-1.2583190136603273,0.22,0.4962228517469311
nfix,supermat,Probe,50,platt_fit,98,0.10092079687743746,-1.3703017822039358,0.22,0.4962228517469311
nfix,supermat,Probe,50,platt_fit,99,0.25753675158630446,-0.2968322596932487,0.48,0.4962228517469311
nfix,supermat,NTP,50,platt_fit,0,2.3092219785677854,-1.8566832354633789,0.26,0.4962228517469311
nfix,supermat,NTP,50,platt_fit,1,5.642632816932815,-1.759603890092548,0.18,0.4962228517469311
nfix,supermat,NTP,50,platt_fit,2,2.0318685747116754,-0.5692508665916187,0.44,0.4962228517469311
nfix,supermat,NTP,50,platt_fit,3,1.2482363739381515,-0.6937807690111577,0.42,0.4962228517469311
nfix,supermat,NTP,50,platt_fit,4,1.3799047958115478,-0.5031730593616378,0.36,0.4962228517469311
nfix,supermat,NTP,50,platt_fit,5,1.0702215587536035,-1.131921586063396,0.32,0.4962228517469311
nfix,supermat,NTP,50,platt_fit,6,1.7138302124111535,-1.500199544741235,0.34,0.4962228517469311
nfix,supermat,NTP,50,platt_fit,7,1.1288007071537542,-0.4883314919985463,0.48,0.4962228517469311
nfix,supermat,NTP,50,platt_fit,8,1.693924761390737,-1.4341688283352119,0.28,0.4962228517469311
nfix,supermat,NTP,50,platt_fit,9,1.3968278158327052,-1.4091562313803936,0.26,0.4962228517469311
nfix,supermat,NTP,50,platt_fit,10,7.910897133547723,-0.6934552399443913,0.26,0.4962228517469311
nfix,supermat,NTP,50,platt_fit,11,14.037504311207698,1.5029799738484593,0.4,0.4962228517469311
nfix,supermat,NTP,50,platt_fit,12,1.4909025692886857,-0.915330370018156,0.3,0.4962228517469311
nfix,supermat,NTP,50,platt_fit,13,1.9427391397972098,-0.8258046492896611,0.4,0.4962228517469311
nfix,supermat,NTP,50,platt_fit,14,1.2764471551998942,-1.9213281821743569,0.22,0.4962228517469311
nfix,supermat,NTP,50,platt_fit,15,1.7016992386460623,0.116697598156607,0.6,0.4962228517469311
nfix,supermat,NTP,50,platt_fit,16,1.1459086092984776,-0.6418949377665952,0.42,0.4962228517469311
nfix,supermat,NTP,50,platt_fit,17,0.5378929390975694,-1.6109628632241906,0.16,0.4962228517469311
nfix,supermat,NTP,50,platt_fit,18,2.4974186788137387,-1.5746680352886322,0.32,0.4962228517469311
nfix,supermat,NTP,50,platt_fit,19,7.019443279042442,-0.12490117787747901,0.44,0.4962228517469311
nfix,supermat,NTP,50,platt_fit,20,1.2973051263150062,-0.6636876918688936,0.4,0.4962228517469311
nfix,supermat,NTP,50,platt_fit,21,1.4126504057790645,-1.1815883227118287,0.28,0.4962228517469311
nfix,supermat,NTP,50,platt_fit,22,1.3348617377633338,-1.6293821727729418,0.24,0.4962228517469311
nfix,supermat,NTP,50,platt_fit,23,3.2881373635659874,-1.6294376484195154,0.22,0.4962228517469311
nfix,supermat,NTP,50,platt_fit,24,1.1572598687846376,-0.9012927198623788,0.3,0.4962228517469311
nfix,supermat,NTP,50,platt_fit,25,2.1324921169997086,-0.7900876538089626,0.52,0.4962228517469311
nfix,supermat,NTP,50,platt_fit,26,1.7581468614725053,-0.5632825611956765,0.4,0.4962228517469311
nfix,supermat,NTP,50,platt_fit,27,1.623811433546149,-1.1781510166857883,0.36,0.4962228517469311
nfix,supermat,NTP,50,platt_fit,28,2.1403395174878357,-0.7357661172132728,0.34,0.4962228517469311
nfix,supermat,NTP,50,platt_fit,29,1.537548418869103,-1.4119127126229563,0.24,0.4962228517469311
nfix,supermat,NTP,50,platt_fit,30,1.383087542100694,-1.0905929636110068,0.36,0.4962228517469311
nfix,supermat,NTP,50,platt_fit,31,1.0840817314703395,-1.0362860928597668,0.3,0.4962228517469311
nfix,supermat,NTP,50,platt_fit,32,1.5722548071250075,-0.8138247968097932,0.38,0.4962228517469311
nfix,supermat,NTP,50,platt_fit,33,2.1346188421595964,-1.9556168508768688,0.28,0.4962228517469311
nfix,supermat,NTP,50,platt_fit,34,1.4508092862755775,-1.1250959716017899,0.34,0.4962228517469311
nfix,supermat,NTP,50,platt_fit,35,2.2499740173295977,-1.3360273148466097,0.38,0.4962228517469311
nfix,supermat,NTP,50,platt_fit,36,1.485783343141255,-1.5507950632377687,0.22,0.4962228517469311
nfix,supermat,NTP,50,platt_fit,37,2.6859731988420528,-1.9014018010436673,0.26,0.4962228517469311
nfix,supermat,NTP,50,platt_fit,38,2.0581656382638496,-1.5876824431101433,0.2,0.4962228517469311
nfix,supermat,NTP,50,platt_fit,39,2.7610243136792865,-1.5547385389057096,0.3,0.4962228517469311
nfix,supermat,NTP,50,platt_fit,40,1.584102852662774,-0.8487472027130776,0.42,0.4962228517469311
nfix,supermat,NTP,50,platt_fit,41,3.269678636184793,-0.3572983192662857,0.46,0.4962228517469311
nfix,supermat,NTP,50,platt_fit,42,1.35332793332638,-1.2633062956036696,0.28,0.4962228517469311
nfix,supermat,NTP,50,platt_fit,43,1.4480271784862906,-1.1602667444266161,0.3,0.4962228517469311
nfix,supermat,NTP,50,platt_fit,44,1.0783257287976775,-0.29491866347016144,0.56,0.4962228517469311
nfix,supermat,NTP,50,platt_fit,45,2.373688741946566,-1.5672823748201723,0.26,0.4962228517469311
nfix,supermat,NTP,50,platt_fit,46,94.88369835497478,17.945177586680344,0.26,0.4962228517469311
nfix,supermat,NTP,50,platt_fit,47,1.7727824718748557,-0.2911929001629444,0.5,0.4962228517469311
nfix,supermat,NTP,50,platt_fit,48,1.8528683390332799,-1.2210189237888354,0.36,0.4962228517469311
nfix,supermat,NTP,50,platt_fit,49,2.2644986193889505,-0.6359893938012615,0.34,0.4962228517469311
nfix,supermat,NTP,50,platt_fit,50,1.433977846602691,-1.14796812091743,0.28,0.4962228517469311
nfix,supermat,NTP,50,platt_fit,51,103.07269313541748,20.398428074452006,0.36,0.4962228517469311
nfix,supermat,NTP,50,platt_fit,52,1.1881723478414583,-1.2069639435472228,0.26,0.4962228517469311
nfix,supermat,NTP,50,platt_fit,53,58.728660619979614,10.117011931446948,0.18,0.4962228517469311
nfix,supermat,NTP,50,platt_fit,54,1.442300003078157,-0.7140289671924782,0.44,0.4962228517469311
nfix,supermat,NTP,50,platt_fit,55,2.8103246876395342,-0.612961850280786,0.38,0.4962228517469311
nfix,supermat,NTP,50,platt_fit,56,1.553390428064836,-0.806278540538748,0.4,0.4962228517469311
nfix,supermat,NTP,50,platt_fit,57,1.352367389039707,-1.3534500312616615,0.3,0.4962228517469311
nfix,supermat,NTP,50,platt_fit,58,1.2665821829587285,-1.2838736294561068,0.26,0.4962228517469311
nfix,supermat,NTP,50,platt_fit,59,6.5705418371642565,-0.09577138005594604,0.32,0.4962228517469311
nfix,supermat,NTP,50,platt_fit,60,1.437038763640965,-1.8689533003172933,0.2,0.4962228517469311
nfix,supermat,NTP,50,platt_fit,61,2.412914760650692,-0.8688411319392564,0.38,0.4962228517469311
nfix,supermat,NTP,50,platt_fit,62,1.3782218720030104,-0.7730326498109558,0.38,0.4962228517469311
nfix,supermat,NTP,50,platt_fit,63,0.8087744845887062,-0.3932922345764142,0.44,0.4962228517469311
nfix,supermat,NTP,50,platt_fit,64,1.7042643447031742,-1.1477578845760854,0.36,0.4962228517469311
nfix,supermat,NTP,50,platt_fit,65,14.31880140413415,1.6895827175440008,0.44,0.4962228517469311
nfix,supermat,NTP,50,platt_fit,66,1.7861540485929874,-1.118552811145581,0.28,0.4962228517469311
nfix,supermat,NTP,50,platt_fit,67,2.6422361231902447,-0.5840391692904342,0.48,0.4962228517469311
nfix,supermat,NTP,50,platt_fit,68,1.2811487591017496,-1.699575917839106,0.18,0.4962228517469311
nfix,supermat,NTP,50,platt_fit,69,1.6130995851197711,-1.2362451884064893,0.26,0.4962228517469311
nfix,supermat,NTP,50,platt_fit,70,3.193617324451015,-2.0033166642223574,0.18,0.4962228517469311
nfix,supermat,NTP,50,platt_fit,71,1.3432002656795965,-0.8310354270616583,0.34,0.4962228517469311
nfix,supermat,NTP,50,platt_fit,72,1.5283544869672325,-0.21010212675994278,0.52,0.4962228517469311
nfix,supermat,NTP,50,platt_fit,73,1.5543202821134134,-0.73384041455359,0.42,0.4962228517469311
nfix,supermat,NTP,50,platt_fit,74,1.1928353863934418,-1.6305179210724867,0.26,0.4962228517469311
nfix,supermat,NTP,50,platt_fit,75,1.6215350012342489,-1.1285081302635458,0.34,0.4962228517469311
nfix,supermat,NTP,50,platt_fit,76,1.6582363307028993,-1.5951227986956968,0.24,0.4962228517469311
nfix,supermat,NTP,50,platt_fit,77,1.2126291495982278,-1.3228248434750476,0.22,0.4962228517469311
nfix,supermat,NTP,50,platt_fit,78,1.5662740108423603,-1.308018115922933,0.26,0.4962228517469311
nfix,supermat,NTP,50,platt_fit,79,1.6339021049376683,-0.7746215509996877,0.42,0.4962228517469311
nfix,supermat,NTP,50,platt_fit,80,3.8465342481144598,-0.660597168529621,0.34,0.4962228517469311
nfix,supermat,NTP,50,platt_fit,81,1.6008123202135633,-0.3637161033526583,0.52,0.4962228517469311
nfix,supermat,NTP,50,platt_fit,82,0.881951646607699,-0.6232662161710059,0.38,0.4962228517469311
nfix,supermat,NTP,50,platt_fit,83,0.9850166210205834,-0.045943272031709365,0.52,0.4962228517469311
nfix,supermat,NTP,50,platt_fit,84,1.8184315816578451,-1.1682857354011367,0.34,0.4962228517469311
nfix,supermat,NTP,50,platt_fit,85,1.1888555507607301,-0.4177289632936203,0.42,0.4962228517469311
nfix,supermat,NTP,50,platt_fit,86,1.0843404124860092,-1.396398734711259,0.26,0.4962228517469311
nfix,supermat,NTP,50,platt_fit,87,1.9190842179357488,-0.5827747009180743,0.42,0.4962228517469311
nfix,supermat,NTP,50,platt_fit,88,1.5536776308651066,-0.6777580311123319,0.42,0.4962228517469311
nfix,supermat,NTP,50,platt_fit,89,3.0220519202190843,-0.5365505157890194,0.46,0.4962228517469311
nfix,supermat,NTP,50,platt_fit,90,1.5625698140078406,-1.1519960642349016,0.28,0.4962228517469311
nfix,supermat,NTP,50,platt_fit,91,1.4456518434792363,-0.8519631766962049,0.42,0.4962228517469311
nfix,supermat,NTP,50,platt_fit,92,2.2845499595802026,-1.078151965400056,0.46,0.4962228517469311
nfix,supermat,NTP,50,platt_fit,93,2.0650423505255273,-0.9934977960508976,0.36,0.4962228517469311
nfix,supermat,NTP,50,platt_fit,94,2.1898233115389187,-0.8273519567612446,0.34,0.4962228517469311
nfix,supermat,NTP,50,platt_fit,95,1.0089940355677156,-1.2671210473649615,0.28,0.4962228517469311
nfix,supermat,NTP,50,platt_fit,96,1.08943172492341,-0.5021247648730345,0.4,0.4962228517469311
nfix,supermat,NTP,50,platt_fit,97,18.62861613668469,2.055570301050196,0.22,0.4962228517469311
nfix,supermat,NTP,50,platt_fit,98,7.9418650655649445,-0.589313488951953,0.22,0.4962228517469311
nfix,supermat,NTP,50,platt_fit,99,1.7268267601961653,-0.31535831527364644,0.48,0.4962228517469311
nfix,supermat,Probe,100,platt_fit,0,-0.05585139503694996,-1.0034048666328008,0.26,0.4962228517469311
nfix,supermat,Probe,100,platt_fit,1,0.028621127125832473,-1.0664966766789228,0.26,0.4962228517469311
nfix,supermat,Probe,100,platt_fit,2,0.24346612144918756,-0.5297218498270246,0.39,0.4962228517469311
nfix,supermat,Probe,100,platt_fit,3,0.5039370485195824,-0.8725696070240897,0.35,0.4962228517469311
nfix,supermat,Probe,100,platt_fit,4,0.1966830342376674,-0.6605468259387208,0.36,0.4962228517469311
nfix,supermat,Probe,100,platt_fit,5,0.2297102138371566,-0.5174866987899638,0.42,0.4962228517469311
nfix,supermat,Probe,100,platt_fit,6,0.0628780462915475,-1.1380450953685943,0.25,0.4962228517469311
nfix,supermat,Probe,100,platt_fit,7,0.516284387396079,-0.7684504072797786,0.38,0.4962228517469311
nfix,supermat,Probe,100,platt_fit,8,0.04539468545419579,-1.178284087183384,0.24,0.4962228517469311
nfix,supermat,Probe,100,platt_fit,9,0.5203500306353718,-0.7160973759371786,0.4,0.4962228517469311
nfix,supermat,Probe,100,platt_fit,10,0.026043625667003696,-0.6890143541649263,0.34,0.4962228517469311
nfix,supermat,Probe,100,platt_fit,11,0.2287531560324137,-0.3706056960849432,0.44,0.4962228517469311
nfix,supermat,Probe,100,platt_fit,12,0.2360200130837778,-0.9457901264584178,0.32,0.4962228517469311
nfix,supermat,Probe,100,platt_fit,13,0.2505780403080239,-0.3115238436341603,0.46,0.4962228517469311
nfix,supermat,Probe,100,platt_fit,14,0.16538186159844054,-0.9717692192981487,0.31,0.4962228517469311
nfix,supermat,Probe,100,platt_fit,15,0.4592604897077331,-0.30346779909926597,0.53,0.4962228517469311
nfix,supermat,Probe,100,platt_fit,16,0.7233602285267527,-1.5105188017436029,0.29,0.4962228517469311
nfix,supermat,Probe,100,platt_fit,17,0.023607878658891558,-1.2213132168184695,0.23,0.4962228517469311
nfix,supermat,Probe,100,platt_fit,18,0.3524461051052007,-1.1314797692114198,0.29,0.4962228517469311
nfix,supermat,Probe,100,platt_fit,19,0.5680774837797683,-0.7495712550828497,0.38,0.4962228517469311
nfix,supermat,Probe,100,platt_fit,20,0.3036969598328824,-0.9005488566683558,0.34,0.4962228517469311
nfix,supermat,Probe,100,platt_fit,21,0.12296619801819933,-0.9429637846599169,0.3,0.4962228517469311
nfix,supermat,Probe,100,platt_fit,22,0.07694411904364729,-1.1879301472616235,0.24,0.4962228517469311
nfix,supermat,Probe,100,platt_fit,23,0.28719096945440364,-0.863407827924336,0.34,0.4962228517469311
nfix,supermat,Probe,100,platt_fit,24,0.5836434555461952,-0.8373946106582132,0.34,0.4962228517469311
nfix,supermat,Probe,100,platt_fit,25,0.13409498027332437,-0.5476929207497012,0.39,0.4962228517469311
nfix,supermat,Probe,100,platt_fit,26,0.5390605958268908,-1.1885473384968734,0.33,0.4962228517469311
nfix,supermat,Probe,100,platt_fit,27,0.403890176410206,-0.4783250982981346,0.46,0.4962228517469311
nfix,supermat,Probe,100,platt_fit,28,0.5437936601336107,-0.7297898108610412,0.43,0.4962228517469311
nfix,supermat,Probe,100,platt_fit,29,0.07891288590443511,-1.1318279789148689,0.26,0.4962228517469311
nfix,supermat,Probe,100,platt_fit,30,-0.018419094979091787,-0.560513560084894,0.36,0.4962228517469311
nfix,supermat,Probe,100,platt_fit,31,0.4265598068818555,-0.8256967483108754,0.35,0.4962228517469311
nfix,supermat,Probe,100,platt_fit,32,0.3518356566169751,-1.2700395140278373,0.28,0.4962228517469311
nfix,supermat,Probe,100,platt_fit,33,0.5704136535132649,-0.7279603030050783,0.43,0.4962228517469311
nfix,supermat,Probe,100,platt_fit,34,0.2534556976751005,-0.6878493490658376,0.36,0.4962228517469311
nfix,supermat,Probe,100,platt_fit,35,0.4375197414531426,-0.7192309690481731,0.4,0.4962228517469311
nfix,supermat,Probe,100,platt_fit,36,0.537655300357945,-1.7043316409283369,0.22,0.4962228517469311
nfix,supermat,Probe,100,platt_fit,37,0.3570166467772186,-0.7206728159965547,0.4,0.4962228517469311
nfix,supermat,Probe,100,platt_fit,38,-0.18211353788038961,-1.0533452961415781,0.24,0.4962228517469311
nfix,supermat,Probe,100,platt_fit,39,0.47318343311025884,-0.9490026557888126,0.35,0.4962228517469311
nfix,supermat,Probe,100,platt_fit,40,0.38474968494571665,-0.9392296414625892,0.35,0.4962228517469311
nfix,supermat,Probe,100,platt_fit,41,0.8387732633959178,-0.917878743824041,0.42,0.4962228517469311
nfix,supermat,Probe,100,platt_fit,42,0.04915598063715016,-0.907195847053382,0.3,0.4962228517469311
nfix,supermat,Probe,100,platt_fit,43,0.34743484370257444,-0.7270742442379451,0.38,0.4962228517469311
nfix,supermat,Probe,100,platt_fit,44,0.5030596754733899,-0.6695536297420034,0.45,0.4962228517469311
nfix,supermat,Probe,100,platt_fit,45,0.4114454826648032,-1.6532651147059998,0.23,0.4962228517469311
nfix,supermat,Probe,100,platt_fit,46,0.0008256174909660346,-1.0461312429607412,0.26,0.4962228517469311
nfix,supermat,Probe,100,platt_fit,47,0.36680417931619097,-0.6109646236932218,0.41,0.4962228517469311
nfix,supermat,Probe,100,platt_fit,48,0.45238251520562395,-1.051339156315591,0.35,0.4962228517469311
nfix,supermat,Probe,100,platt_fit,49,0.18526439078758156,-0.9730496839819276,0.29,0.4962228517469311
nfix,supermat,Probe,100,platt_fit,50,0.2192261655014495,-1.2386254189138126,0.26,0.4962228517469311
nfix,supermat,Probe,100,platt_fit,51,0.7128048183075194,-1.3652443459444203,0.25,0.4962228517469311
nfix,supermat,Probe,100,platt_fit,52,0.26947442746285893,-1.4505030221028408,0.24,0.4962228517469311
nfix,supermat,Probe,100,platt_fit,53,0.10653637321115526,-1.2642651693793483,0.24,0.4962228517469311
nfix,supermat,Probe,100,platt_fit,54,0.4938027064183021,-0.409503767991207,0.45,0.4962228517469311
nfix,supermat,Probe,100,platt_fit,55,0.15190937543272193,-0.6482576295041393,0.37,0.4962228517469311
nfix,supermat,Probe,100,platt_fit,56,0.32471771840382313,-1.2099273326012008,0.27,0.4962228517469311
nfix,supermat,Probe,100,platt_fit,57,0.03768911779345815,-1.1218186144273439,0.25,0.4962228517469311
nfix,supermat,Probe,100,platt_fit,58,0.017667964149218125,-0.8621114122192417,0.3,0.4962228517469311
nfix,supermat,Probe,100,platt_fit,59,-0.23288119854751846,-0.7195713234511796,0.29,0.4962228517469311
nfix,supermat,Probe,100,platt_fit,60,0.3487575708898492,-0.8559934541582952,0.37,0.4962228517469311
nfix,supermat,Probe,100,platt_fit,61,0.1880252236384245,-0.835156110067585,0.34,0.4962228517469311
nfix,supermat,Probe,100,platt_fit,62,0.34822583710124133,-1.057910596186906,0.32,0.4962228517469311
nfix,supermat,Probe,100,platt_fit,63,0.3934443827322755,-0.317710862209483,0.48,0.4962228517469311
nfix,supermat,Probe,100,platt_fit,64,0.18525764438763886,-0.8270782230636154,0.33,0.4962228517469311
nfix,supermat,Probe,100,platt_fit,65,0.37606811344664914,-0.030593982748519984,0.56,0.4962228517469311
nfix,supermat,Probe,100,platt_fit,66,0.28094074564309557,-1.4563222298496008,0.23,0.4962228517469311
nfix,supermat,Probe,100,platt_fit,67,0.45352803363416627,-1.0310870345395995,0.34,0.4962228517469311
nfix,supermat,Probe,100,platt_fit,68,0.3862674395366558,-1.5684265349996394,0.22,0.4962228517469311
nfix,supermat,Probe,100,platt_fit,69,0.07960375292209178,-1.13045511825863,0.26,0.4962228517469311
nfix,supermat,Probe,100,platt_fit,70,0.19683640655643186,-1.7565302066761945,0.17,0.4962228517469311
nfix,supermat,Probe,100,platt_fit,71,0.6570745105923038,-0.586049653753231,0.46,0.4962228517469311
nfix,supermat,Probe,100,platt_fit,72,0.8901319453709533,-0.3630211744585108,0.48,0.4962228517469311
nfix,supermat,Probe,100,platt_fit,73,0.4975342046902,-0.9402435993119904,0.33,0.4962228517469311
nfix,supermat,Probe,100,platt_fit,74,0.4658129458822262,-0.8183728949518541,0.35,0.4962228517469311
nfix,supermat,Probe,100,platt_fit,75,0.14700594543827528,-1.5191564320490776,0.2,0.4962228517469311
nfix,supermat,Probe,100,platt_fit,76,0.062156835132050586,-0.8422430220541456,0.31,0.4962228517469311
nfix,supermat,Probe,100,platt_fit,77,0.1304514343059105,-0.8959717701900594,0.31,0.4962228517469311
nfix,supermat,Probe,100,platt_fit,78,0.36526881337908024,-1.0181111568137078,0.32,0.4962228517469311
nfix,supermat,Probe,100,platt_fit,79,0.3483416327127534,-1.1145078923219334,0.32,0.4962228517469311
nfix,supermat,Probe,100,platt_fit,80,-0.0549267811347343,-0.62178952280545,0.34,0.4962228517469311
nfix,supermat,Probe,100,platt_fit,81,0.679826186945411,-1.053651174222369,0.34,0.4962228517469311
nfix,supermat,Probe,100,platt_fit,82,0.2706918819503109,-0.8560595057958786,0.33,0.4962228517469311
nfix,supermat,Probe,100,platt_fit,83,0.43317569952104557,-0.6317524965419402,0.42,0.4962228517469311
nfix,supermat,Probe,100,platt_fit,84,-0.08453772154433044,-0.4291867541344974,0.38,0.4962228517469311
nfix,supermat,Probe,100,platt_fit,85,0.45017188594666413,-0.8629464653161366,0.36,0.4962228517469311
nfix,supermat,Probe,100,platt_fit,86,0.1354676982590456,-0.9775180029456458,0.29,0.4962228517469311
nfix,supermat,Probe,100,platt_fit,87,0.2652714949967035,-0.6374914108533395,0.37,0.4962228517469311
nfix,supermat,Probe,100,platt_fit,88,0.503532342005206,-0.4172513755089205,0.49,0.4962228517469311
nfix,supermat,Probe,100,platt_fit,89,0.356659260388067,-0.1865497638207166,0.54,0.4962228517469311
nfix,supermat,Probe,100,platt_fit,90,0.1593702788391824,-1.0926108276384547,0.27,0.4962228517469311
nfix,supermat,Probe,100,platt_fit,91,0.8404699924446933,-0.730744458951835,0.4,0.4962228517469311
nfix,supermat,Probe,100,platt_fit,92,0.4865794116352072,-0.5297483302177465,0.42,0.4962228517469311
nfix,supermat,Probe,100,platt_fit,93,0.2876552572623265,-1.062846689944848,0.29,0.4962228517469311
nfix,supermat,Probe,100,platt_fit,94,0.3609606599347548,-0.9394530291903093,0.34,0.4962228517469311
nfix,supermat,Probe,100,platt_fit,95,0.3183376837069141,-1.1606805049357665,0.28,0.4962228517469311
nfix,supermat,Probe,100,platt_fit,96,-0.09846372101048415,-0.3609440769455209,0.4,0.4962228517469311
nfix,supermat,Probe,100,platt_fit,97,0.07172626097994889,-0.9960293369527383,0.28,0.4962228517469311
nfix,supermat,Probe,100,platt_fit,98,0.406791368890589,-1.603859924025759,0.24,0.4962228517469311
nfix,supermat,Probe,100,platt_fit,99,0.6988145234612323,-0.7168208462972795,0.46,0.4962228517469311
nfix,supermat,NTP,100,platt_fit,0,1.6527847141978338,-1.240420727273248,0.26,0.4962228517469311
nfix,supermat,NTP,100,platt_fit,1,2.6087262151664956,-1.318804293991627,0.26,0.4962228517469311
nfix,supermat,NTP,100,platt_fit,2,0.9743321370959557,-0.6616411333688462,0.39,0.4962228517469311
nfix,supermat,NTP,100,platt_fit,3,1.7676873833481779,-0.967046013122693,0.35,0.4962228517469311
nfix,supermat,NTP,100,platt_fit,4,1.0328452026652768,-0.7379729503678443,0.36,0.4962228517469311
nfix,supermat,NTP,100,platt_fit,5,1.398009486090095,-0.47662575092405834,0.42,0.4962228517469311
nfix,supermat,NTP,100,platt_fit,6,1.6882551048213175,-1.4470581803268283,0.25,0.4962228517469311
nfix,supermat,NTP,100,platt_fit,7,0.9837613826604266,-0.658861341675639,0.38,0.4962228517469311
nfix,supermat,NTP,100,platt_fit,8,1.3567748742600672,-1.1629926290832322,0.24,0.4962228517469311
nfix,supermat,NTP,100,platt_fit,9,1.5850275340682818,-0.7949761185464662,0.4,0.4962228517469311
nfix,supermat,NTP,100,platt_fit,10,0.7598148031984026,-0.9569316220243781,0.34,0.4962228517469311
nfix,supermat,NTP,100,platt_fit,11,5.197125080364471,0.12867985672933668,0.44,0.4962228517469311
nfix,supermat,NTP,100,platt_fit,12,1.8609810464353984,-0.9136495614478428,0.32,0.4962228517469311
nfix,supermat,NTP,100,platt_fit,13,1.0414332370675743,-0.38973770607811486,0.46,0.4962228517469311
nfix,supermat,NTP,100,platt_fit,14,1.8481952324003563,-1.4052738868833263,0.31,0.4962228517469311
nfix,supermat,NTP,100,platt_fit,15,1.5510348953734732,-0.17131010253881956,0.53,0.4962228517469311
nfix,supermat,NTP,100,platt_fit,16,1.9124379719019653,-1.3124706323113604,0.29,0.4962228517469311
nfix,supermat,NTP,100,platt_fit,17,1.8613162598218682,-1.4405674682287128,0.23,0.4962228517469311
nfix,supermat,NTP,100,platt_fit,18,1.8475027007227927,-1.3270674363076729,0.29,0.4962228517469311
nfix,supermat,NTP,100,platt_fit,19,1.6423509997383332,-0.8795364273788551,0.38,0.4962228517469311
nfix,supermat,NTP,100,platt_fit,20,1.319392818855732,-1.151160466359548,0.34,0.4962228517469311
nfix,supermat,NTP,100,platt_fit,21,2.862429610271621,-0.8700887129976167,0.3,0.4962228517469311
nfix,supermat,NTP,100,platt_fit,22,2.767956413452226,-1.9186067291423035,0.24,0.4962228517469311
nfix,supermat,NTP,100,platt_fit,23,1.7161319106685469,-0.718394540846185,0.34,0.4962228517469311
nfix,supermat,NTP,100,platt_fit,24,1.4779425965031983,-0.9854564232274027,0.34,0.4962228517469311
nfix,supermat,NTP,100,platt_fit,25,4.658686461998034,-0.3409339488916622,0.39,0.4962228517469311
nfix,supermat,NTP,100,platt_fit,26,2.2565858952857374,-0.6648672022151605,0.33,0.4962228517469311
nfix,supermat,NTP,100,platt_fit,27,2.152764498503277,-0.4852924815259808,0.46,0.4962228517469311
nfix,supermat,NTP,100,platt_fit,28,1.3821440154551656,-0.45340553160479513,0.43,0.4962228517469311
nfix,supermat,NTP,100,platt_fit,29,2.7433283456703488,-1.2145411012308975,0.26,0.4962228517469311
nfix,supermat,NTP,100,platt_fit,30,1.341022339618572,-0.8622727372081939,0.36,0.4962228517469311
nfix,supermat,NTP,100,platt_fit,31,1.0778027008976516,-0.7740244609303434,0.35,0.4962228517469311
nfix,supermat,NTP,100,platt_fit,32,27.476090102299125,3.9669928170085402,0.28,0.4962228517469311
nfix,supermat,NTP,100,platt_fit,33,1.2314398931213306,-0.6375662681837851,0.43,0.4962228517469311
nfix,supermat,NTP,100,platt_fit,34,2.1008256092364563,-1.0173702828137974,0.36,0.4962228517469311
nfix,supermat,NTP,100,platt_fit,35,1.3442767777240894,-1.1510879517777637,0.4,0.4962228517469311
nfix,supermat,NTP,100,platt_fit,36,1.4407664163617897,-1.3870749096154218,0.22,0.4962228517469311
nfix,supermat,NTP,100,platt_fit,37,1.4643725664810183,-0.7090783190964359,0.4,0.4962228517469311
nfix,supermat,NTP,100,platt_fit,38,1.4846785384372931,-1.7113748953223173,0.24,0.4962228517469311
nfix,supermat,NTP,100,platt_fit,39,1.725321494557082,-1.1100568948617209,0.35,0.4962228517469311
nfix,supermat,NTP,100,platt_fit,40,1.6769150239061128,-1.047160027215684,0.35,0.4962228517469311
nfix,supermat,NTP,100,platt_fit,41,5.1604441498973515,0.001145974407001281,0.42,0.4962228517469311
nfix,supermat,NTP,100,platt_fit,42,2.791705262904034,-0.803980679786702,0.3,0.4962228517469311
nfix,supermat,NTP,100,platt_fit,43,1.4028354865143777,-0.7853239243418277,0.38,0.4962228517469311
nfix,supermat,NTP,100,platt_fit,44,1.542427662130747,-0.4223472590057153,0.45,0.4962228517469311
nfix,supermat,NTP,100,platt_fit,45,2.4242262960856813,-1.6302128589197893,0.23,0.4962228517469311
nfix,supermat,NTP,100,platt_fit,46,1.5812273797561465,-1.2496172127305876,0.26,0.4962228517469311
nfix,supermat,NTP,100,platt_fit,47,1.1277927501852933,-0.5244005908148338,0.41,0.4962228517469311
nfix,supermat,NTP,100,platt_fit,48,1.6244786209877893,-1.204719371808764,0.35,0.4962228517469311
nfix,supermat,NTP,100,platt_fit,49,2.542265282083779,-0.9294986410026993,0.29,0.4962228517469311
nfix,supermat,NTP,100,platt_fit,50,3.1068747963370145,-1.562737828105423,0.26,0.4962228517469311
nfix,supermat,NTP,100,platt_fit,51,2.804645098774708,-1.3125617289302784,0.25,0.4962228517469311
nfix,supermat,NTP,100,platt_fit,52,1.8937787809688005,-1.3853900615944845,0.24,0.4962228517469311
nfix,supermat,NTP,100,platt_fit,53,3.5845235876719554,-1.1544773833756494,0.24,0.4962228517469311
nfix,supermat,NTP,100,platt_fit,54,2.217680123427729,-1.0555309846319514,0.45,0.4962228517469311
nfix,supermat,NTP,100,platt_fit,55,2.3757708881894035,-0.8900979266322405,0.37,0.4962228517469311
nfix,supermat,NTP,100,platt_fit,56,1.4641050662653108,-1.5395896257117192,0.27,0.4962228517469311
nfix,supermat,NTP,100,platt_fit,57,1.432697806970938,-1.4177507454406897,0.25,0.4962228517469311
nfix,supermat,NTP,100,platt_fit,58,2.1766706010391994,-1.1738042025858213,0.3,0.4962228517469311
nfix,supermat,NTP,100,platt_fit,59,1.6409183961484075,-1.1523404167572295,0.29,0.4962228517469311
nfix,supermat,NTP,100,platt_fit,60,1.2016431813670794,-0.7318817588068148,0.37,0.4962228517469311
nfix,supermat,NTP,100,platt_fit,61,2.546367155747963,-1.0368834862290934,0.34,0.4962228517469311
nfix,supermat,NTP,100,platt_fit,62,1.5018869891333286,-1.170452730182656,0.32,0.4962228517469311
nfix,supermat,NTP,100,platt_fit,63,1.9024799904446297,-0.3633644600855597,0.48,0.4962228517469311
nfix,supermat,NTP,100,platt_fit,64,1.1882353548800115,-0.9377748871805254,0.33,0.4962228517469311
nfix,supermat,NTP,100,platt_fit,65,2.851355161473642,-0.10486521132499663,0.56,0.4962228517469311
nfix,supermat,NTP,100,platt_fit,66,1.912613094556038,-1.2670912824830582,0.23,0.4962228517469311
nfix,supermat,NTP,100,platt_fit,67,2.1815152233610275,-1.0716435243866356,0.34,0.4962228517469311
nfix,supermat,NTP,100,platt_fit,68,1.3529125867850094,-1.663717447536747,0.22,0.4962228517469311
nfix,supermat,NTP,100,platt_fit,69,1.1646124377140192,-1.1704951321775805,0.26,0.4962228517469311
nfix,supermat,NTP,100,platt_fit,70,1.582360639533565,-1.9139024323706335,0.17,0.4962228517469311
nfix,supermat,NTP,100,platt_fit,71,1.6124575450337448,-0.7322577657803176,0.46,0.4962228517469311
nfix,supermat,NTP,100,platt_fit,72,1.6682159535219974,-0.3824693381794572,0.48,0.4962228517469311
nfix,supermat,NTP,100,platt_fit,73,1.8654269227349636,-1.3208099969374243,0.33,0.4962228517469311
nfix,supermat,NTP,100,platt_fit,74,1.3439268923053276,-1.129701338587579,0.35,0.4962228517469311
nfix,supermat,NTP,100,platt_fit,75,2.3040984877836275,-1.89099486684107,0.2,0.4962228517469311
nfix,supermat,NTP,100,platt_fit,76,1.9641920203753531,-1.5900140303988308,0.31,0.4962228517469311
nfix,supermat,NTP,100,platt_fit,77,1.5095844831253715,-1.029471106553967,0.31,0.4962228517469311
nfix,supermat,NTP,100,platt_fit,78,2.1426616955219107,-1.2414379023993403,0.32,0.4962228517469311
nfix,supermat,NTP,100,platt_fit,79,1.6693016845328261,-1.0572122828627815,0.32,0.4962228517469311
nfix,supermat,NTP,100,platt_fit,80,1.6045628194606107,-0.8492821487793567,0.34,0.4962228517469311
nfix,supermat,NTP,100,platt_fit,81,1.8767366049680971,-0.9859710433819544,0.34,0.4962228517469311
nfix,supermat,NTP,100,platt_fit,82,1.2036141272452,-1.078742820850462,0.33,0.4962228517469311
nfix,supermat,NTP,100,platt_fit,83,1.4795421350650326,-0.6832877606395883,0.42,0.4962228517469311
nfix,supermat,NTP,100,platt_fit,84,2.201968060322397,-1.0016170820288752,0.38,0.4962228517469311
nfix,supermat,NTP,100,platt_fit,85,1.630575452347874,-0.9975105190265233,0.36,0.4962228517469311
nfix,supermat,NTP,100,platt_fit,86,1.354641431767104,-1.0902830223488307,0.29,0.4962228517469311
nfix,supermat,NTP,100,platt_fit,87,1.4730625102577883,-0.9418496988070114,0.37,0.4962228517469311
nfix,supermat,NTP,100,platt_fit,88,1.330587631042801,-0.21511193725554775,0.49,0.4962228517469311
nfix,supermat,NTP,100,platt_fit,89,1.3772408179027218,-0.2470301863693557,0.54,0.4962228517469311
nfix,supermat,NTP,100,platt_fit,90,1.067724949795181,-1.1142754983192924,0.27,0.4962228517469311
nfix,supermat,NTP,100,platt_fit,91,2.0724878719866906,-0.9737213644514714,0.4,0.4962228517469311
nfix,supermat,NTP,100,platt_fit,92,2.086368602276994,-0.8221996668022132,0.42,0.4962228517469311
nfix,supermat,NTP,100,platt_fit,93,1.6114230213513354,-1.1114496485069103,0.29,0.4962228517469311
nfix,supermat,NTP,100,platt_fit,94,1.3251202062950234,-0.7822533791965641,0.34,0.4962228517469311
nfix,supermat,NTP,100,platt_fit,95,1.8089425935089285,-1.2768209609402832,0.28,0.4962228517469311
nfix,supermat,NTP,100,platt_fit,96,0.8904796122029233,-0.458378283369352,0.4,0.4962228517469311
nfix,supermat,NTP,100,platt_fit,97,1.5457291567807114,-1.301476002034049,0.28,0.4962228517469311
nfix,supermat,NTP,100,platt_fit,98,0.9595321836388235,-1.204122856411304,0.24,0.4962228517469311
nfix,supermat,NTP,100,platt_fit,99,1.4284746229740752,-0.49755856662226583,0.46,0.4962228517469311
nfix,supermat,Probe,250,platt_fit,0,0.31688828336794134,-1.4648339178341259,0.228,0.4962228517469311
nfix,supermat,Probe,250,platt_fit,1,-0.07618235139054692,-1.09750160104183,0.24,0.4962228517469311
nfix,supermat,Probe,250,platt_fit,2,0.4799143809224433,-0.739222251524061,0.36,0.4962228517469311
nfix,supermat,Probe,250,platt_fit,3,0.5505993146496485,-0.5490286887602008,0.46,0.4962228517469311
nfix,supermat,Probe,250,platt_fit,4,0.3885987968461202,-0.9754613592328338,0.328,0.4962228517469311
nfix,supermat,Probe,250,platt_fit,5,0.15653835441842398,-0.5978797221830293,0.38,0.4962228517469311
nfix,supermat,Probe,250,platt_fit,6,0.2143980897232753,-1.036486890149137,0.3,0.4962228517469311
nfix,supermat,Probe,250,platt_fit,7,0.42346344958695986,-0.6949471563473397,0.392,0.4962228517469311
nfix,supermat,Probe,250,platt_fit,8,0.17629822873019058,-1.1513685169072099,0.264,0.4962228517469311
nfix,supermat,Probe,250,platt_fit,9,0.4407466347198962,-0.7219793236385307,0.384,0.4962228517469311
nfix,supermat,Probe,250,platt_fit,10,0.12252611326055095,-1.2550690195205667,0.24,0.4962228517469311
nfix,supermat,Probe,250,platt_fit,11,0.7719770522110363,-0.6114807585315607,0.444,0.4962228517469311
nfix,supermat,Probe,250,platt_fit,12,0.32279887516105144,-1.0076165112290432,0.34,0.4962228517469311
nfix,supermat,Probe,250,platt_fit,13,0.3549300351594206,-0.8175582362673732,0.356,0.4962228517469311
nfix,supermat,Probe,250,platt_fit,14,0.11819654092295741,-1.0549099136707225,0.28,0.4962228517469311
nfix,supermat,Probe,250,platt_fit,15,0.6393055467711829,-0.5999542422060619,0.504,0.4962228517469311
nfix,supermat,Probe,250,platt_fit,16,0.4379975117970643,-0.9359169644531982,0.356,0.4962228517469311
nfix,supermat,Probe,250,platt_fit,17,0.1022431639266062,-1.0016970811009314,0.28,0.4962228517469311
nfix,supermat,Probe,250,platt_fit,18,0.14789222146056366,-0.9894903157854009,0.292,0.4962228517469311
nfix,supermat,Probe,250,platt_fit,19,0.6357861608772569,-1.001213504932115,0.356,0.4962228517469311
nfix,supermat,Probe,250,platt_fit,20,0.4110213621424504,-0.7977259573206008,0.364,0.4962228517469311
nfix,supermat,Probe,250,platt_fit,21,0.1763925293652615,-1.1985465603491305,0.256,0.4962228517469311
nfix,supermat,Probe,250,platt_fit,22,0.007648952977571148,-0.7956319161759509,0.312,0.4962228517469311
nfix,supermat,Probe,250,platt_fit,23,0.6349453282391677,-1.3925117990970557,0.296,0.4962228517469311
nfix,supermat,Probe,250,platt_fit,24,0.7393654264530706,-0.8618672592820963,0.368,0.4962228517469311
nfix,supermat,Probe,250,platt_fit,25,0.2639508303950652,-0.5763272867285226,0.416,0.4962228517469311
nfix,supermat,Probe,250,platt_fit,26,0.3306568406712245,-1.1525749561996939,0.292,0.4962228517469311
nfix,supermat,Probe,250,platt_fit,27,0.46648165348114135,-0.636708462676282,0.424,0.4962228517469311
nfix,supermat,Probe,250,platt_fit,28,0.2498611884467955,-0.8866855427198818,0.34,0.4962228517469311
nfix,supermat,Probe,250,platt_fit,29,0.1586389100466664,-1.090828896731707,0.28,0.4962228517469311
nfix,supermat,Probe,250,platt_fit,30,0.37254767545925427,-0.629267828301862,0.4,0.4962228517469311
nfix,supermat,Probe,250,platt_fit,31,0.5543627093468539,-0.7458552086819109,0.384,0.4962228517469311
nfix,supermat,Probe,250,platt_fit,32,0.26531642131020655,-1.3132430389548482,0.26,0.4962228517469311
nfix,supermat,Probe,250,platt_fit,33,0.37506672294380855,-0.5032108872988814,0.432,0.4962228517469311
nfix,supermat,Probe,250,platt_fit,34,0.7784304954647115,-0.7854111148856108,0.392,0.4962228517469311
nfix,supermat,Probe,250,platt_fit,35,0.377320067438505,-0.5603353577826075,0.42,0.4962228517469311
nfix,supermat,Probe,250,platt_fit,36,0.21197207125403042,-1.2200223291437287,0.256,0.4962228517469311
nfix,supermat,Probe,250,platt_fit,37,0.19031612077191237,-0.8799503661025302,0.324,0.4962228517469311
nfix,supermat,Probe,250,platt_fit,38,-0.029929896495734708,-1.0635173439046577,0.252,0.4962228517469311
nfix,supermat,Probe,250,platt_fit,39,0.3786775896683347,-0.970071338310015,0.344,0.4962228517469311
nfix,supermat,Probe,250,platt_fit,40,0.577141047784009,-0.8465611121689997,0.388,0.4962228517469311
nfix,supermat,Probe,250,platt_fit,41,0.45784700119561195,-0.450966678739399,0.468,0.4962228517469311
nfix,supermat,Probe,250,platt_fit,42,0.14766335380359005,-1.1349851568022802,0.272,0.4962228517469311
nfix,supermat,Probe,250,platt_fit,43,0.1344052690091592,-0.822428024255594,0.324,0.4962228517469311
nfix,supermat,Probe,250,platt_fit,44,0.4573340551820693,-0.3940492570163798,0.488,0.4962228517469311
nfix,supermat,Probe,250,platt_fit,45,0.06565625678605215,-1.1097952947754255,0.256,0.4962228517469311
nfix,supermat,Probe,250,platt_fit,46,0.19254153177133954,-1.034859800427903,0.284,0.4962228517469311
nfix,supermat,Probe,250,platt_fit,47,0.47208246204971716,-0.7558322798189147,0.416,0.4962228517469311
nfix,supermat,Probe,250,platt_fit,48,0.5306008880422917,-0.9459289269999693,0.384,0.4962228517469311
nfix,supermat,Probe,250,platt_fit,49,0.2013830221916119,-1.1869002774651711,0.272,0.4962228517469311
nfix,supermat,Probe,250,platt_fit,50,0.18270796788293536,-1.1634670754012435,0.264,0.4962228517469311
nfix,supermat,Probe,250,platt_fit,51,0.7565984574745629,-0.940523455142182,0.372,0.4962228517469311
nfix,supermat,Probe,250,platt_fit,52,0.1710534992728157,-1.0684412616918464,0.288,0.4962228517469311
nfix,supermat,Probe,250,platt_fit,53,0.14238407353503324,-1.652985356946968,0.18,0.4962228517469311
nfix,supermat,Probe,250,platt_fit,54,0.6664325022333454,-0.8351477512281631,0.372,0.4962228517469311
nfix,supermat,Probe,250,platt_fit,55,0.2354639183874941,-0.7065532205625821,0.368,0.4962228517469311
nfix,supermat,Probe,250,platt_fit,56,0.05647827066350341,-0.7229530545093357,0.336,0.4962228517469311
nfix,supermat,Probe,250,platt_fit,57,0.021533518948660645,-0.8804009824381694,0.296,0.4962228517469311
nfix,supermat,Probe,250,platt_fit,58,0.1298384996283517,-1.1064200054071514,0.268,0.4962228517469311
nfix,supermat,Probe,250,platt_fit,59,0.05123482047114716,-0.9520898645242137,0.288,0.4962228517469311
nfix,supermat,Probe,250,platt_fit,60,0.27353729734321536,-1.269129366331841,0.264,0.4962228517469311
nfix,supermat,Probe,250,platt_fit,61,0.1582047382152257,-0.8018072056683441,0.332,0.4962228517469311
nfix,supermat,Probe,250,platt_fit,62,0.41035531669841446,-0.9367889719111723,0.352,0.4962228517469311
nfix,supermat,Probe,250,platt_fit,63,0.4892877251971063,-0.6588809795951295,0.424,0.4962228517469311
nfix,supermat,Probe,250,platt_fit,64,0.08904688068101214,-0.8429590068466463,0.316,0.4962228517469311
nfix,supermat,Probe,250,platt_fit,65,0.3477405927728055,-0.22105331676804435,0.508,0.4962228517469311
nfix,supermat,Probe,250,platt_fit,66,0.3096086390109726,-1.0291722163823813,0.316,0.4962228517469311
nfix,supermat,Probe,250,platt_fit,67,0.6745332548324613,-0.7891311057368697,0.424,0.4962228517469311
nfix,supermat,Probe,250,platt_fit,68,0.47441894940648355,-1.188349274518753,0.3,0.4962228517469311
nfix,supermat,Probe,250,platt_fit,69,0.20717380447459388,-1.3633131365121365,0.236,0.4962228517469311
nfix,supermat,Probe,250,platt_fit,70,0.18772775968903438,-1.5131786101646665,0.208,0.4962228517469311
nfix,supermat,Probe,250,platt_fit,71,0.36527824471029163,-0.2479306724107844,0.496,0.4962228517469311
nfix,supermat,Probe,250,platt_fit,72,0.6264977649396092,-0.871154574104295,0.408,0.4962228517469311
nfix,supermat,Probe,250,platt_fit,73,0.740656687262379,-0.54769999331965,0.476,0.4962228517469311
nfix,supermat,Probe,250,platt_fit,74,0.5013283137690967,-0.5551005892445215,0.424,0.4962228517469311
nfix,supermat,Probe,250,platt_fit,75,0.31579114994988855,-1.566588256377618,0.228,0.4962228517469311
nfix,supermat,Probe,250,platt_fit,76,0.3178098935203616,-0.938149656093645,0.324,0.4962228517469311
nfix,supermat,Probe,250,platt_fit,77,0.24684135504089375,-1.1658991720943868,0.268,0.4962228517469311
nfix,supermat,Probe,250,platt_fit,78,0.4023693679759241,-1.272726822279869,0.272,0.4962228517469311
nfix,supermat,Probe,250,platt_fit,79,0.3706191971631063,-1.0552809799052159,0.328,0.4962228517469311
nfix,supermat,Probe,250,platt_fit,80,0.1647688530153273,-0.8624256473776004,0.328,0.4962228517469311
nfix,supermat,Probe,250,platt_fit,81,0.3695558115043366,-0.1913283796820865,0.492,0.4962228517469311
nfix,supermat,Probe,250,platt_fit,82,0.5738061555359755,-1.0898651156675216,0.34,0.4962228517469311
nfix,supermat,Probe,250,platt_fit,83,0.8548533858227928,-0.9387346955061596,0.404,0.4962228517469311
nfix,supermat,Probe,250,platt_fit,84,0.20374822760308978,-0.6011151440679681,0.392,0.4962228517469311
nfix,supermat,Probe,250,platt_fit,85,0.6003157479538432,-0.6846151476952768,0.444,0.4962228517469311
nfix,supermat,Probe,250,platt_fit,86,0.5188008568117032,-1.3697635759227667,0.284,0.4962228517469311
nfix,supermat,Probe,250,platt_fit,87,0.5333549403321531,-0.6477170314534395,0.424,0.4962228517469311
nfix,supermat,Probe,250,platt_fit,88,0.4430686607774077,-0.8056849274047989,0.38,0.4962228517469311
nfix,supermat,Probe,250,platt_fit,89,0.6275108903505486,-0.8590743256532095,0.428,0.4962228517469311
nfix,supermat,Probe,250,platt_fit,90,0.5202155692930532,-1.2842294300051973,0.292,0.4962228517469311
nfix,supermat,Probe,250,platt_fit,91,0.8536049093554656,-0.5416736777899795,0.396,0.4962228517469311
nfix,supermat,Probe,250,platt_fit,92,0.8945016066365606,-0.4082235399603093,0.42,0.4962228517469311
nfix,supermat,Probe,250,platt_fit,93,0.3771549909363306,-0.9336220707287094,0.336,0.4962228517469311
nfix,supermat,Probe,250,platt_fit,94,0.3588127699180481,-1.028920222145392,0.32,0.4962228517469311
nfix,supermat,Probe,250,platt_fit,95,0.26205573934577403,-1.3059368878651374,0.252,0.4962228517469311
nfix,supermat,Probe,250,platt_fit,96,0.42215680242337233,-0.7680278836637842,0.384,0.4962228517469311
nfix,supermat,Probe,250,platt_fit,97,0.16974237735269454,-0.8909854173298306,0.316,0.4962228517469311
nfix,supermat,Probe,250,platt_fit,98,0.2099496974568872,-1.4678009418887528,0.22,0.4962228517469311
nfix,supermat,Probe,250,platt_fit,99,0.4294110955166879,-0.28957743344288056,0.508,0.4962228517469311
nfix,supermat,NTP,250,platt_fit,0,1.7740778583730086,-1.4215462931514193,0.228,0.4962228517469311
nfix,supermat,NTP,250,platt_fit,1,2.1671266983842465,-1.364641253379447,0.24,0.4962228517469311
nfix,supermat,NTP,250,platt_fit,2,1.917457046575131,-0.934613673598505,0.36,0.4962228517469311
nfix,supermat,NTP,250,platt_fit,3,1.7477955976754689,-0.3566770241744798,0.46,0.4962228517469311
nfix,supermat,NTP,250,platt_fit,4,1.6858024570530274,-1.0553486745350729,0.328,0.4962228517469311
nfix,supermat,NTP,250,platt_fit,5,1.1957756970533482,-0.768116262847979,0.38,0.4962228517469311
nfix,supermat,NTP,250,platt_fit,6,1.8364755665596146,-1.122117568703683,0.3,0.4962228517469311
nfix,supermat,NTP,250,platt_fit,7,1.263351824816763,-0.6911292903876906,0.392,0.4962228517469311
nfix,supermat,NTP,250,platt_fit,8,1.4711822734808488,-1.2527851862402604,0.264,0.4962228517469311
nfix,supermat,NTP,250,platt_fit,9,1.6325927726081575,-0.6529780802051386,0.384,0.4962228517469311
nfix,supermat,NTP,250,platt_fit,10,1.9324787609659921,-1.3571176215889231,0.24,0.4962228517469311
nfix,supermat,NTP,250,platt_fit,11,1.920741530473119,-0.5229388312407467,0.444,0.4962228517469311
nfix,supermat,NTP,250,platt_fit,12,1.407325046012795,-0.9771870548241991,0.34,0.4962228517469311
nfix,supermat,NTP,250,platt_fit,13,1.8397943534309105,-1.25441361916156,0.356,0.4962228517469311
nfix,supermat,NTP,250,platt_fit,14,1.5920256755019953,-1.372195105315119,0.28,0.4962228517469311
nfix,supermat,NTP,250,platt_fit,15,1.6293135051894032,-0.33334715932376435,0.504,0.4962228517469311
nfix,supermat,NTP,250,platt_fit,16,1.850870222770213,-0.7857987038690899,0.356,0.4962228517469311
nfix,supermat,NTP,250,platt_fit,17,1.7404064476788368,-1.3041113854395083,0.28,0.4962228517469311
nfix,supermat,NTP,250,platt_fit,18,1.7898616947666695,-1.236777125820736,0.292,0.4962228517469311
nfix,supermat,NTP,250,platt_fit,19,1.7890354469923837,-1.197993400287242,0.356,0.4962228517469311
nfix,supermat,NTP,250,platt_fit,20,1.628556469316278,-1.0740163362257409,0.364,0.4962228517469311
nfix,supermat,NTP,250,platt_fit,21,1.266954200832742,-1.297493982177236,0.256,0.4962228517469311
nfix,supermat,NTP,250,platt_fit,22,2.048855353953798,-1.3439398018197222,0.312,0.4962228517469311
nfix,supermat,NTP,250,platt_fit,23,1.5599020677508055,-1.130067165433574,0.296,0.4962228517469311
nfix,supermat,NTP,250,platt_fit,24,2.3659192985083957,-0.7067537317562407,0.368,0.4962228517469311
nfix,supermat,NTP,250,platt_fit,25,1.9835639250410608,-0.7456175471609731,0.416,0.4962228517469311
nfix,supermat,NTP,250,platt_fit,26,1.40180124856305,-1.0695542525460262,0.292,0.4962228517469311
nfix,supermat,NTP,250,platt_fit,27,1.640790954820819,-0.7344268889913873,0.424,0.4962228517469311
nfix,supermat,NTP,250,platt_fit,28,1.6627590116843725,-0.8848741077810383,0.34,0.4962228517469311
nfix,supermat,NTP,250,platt_fit,29,1.6572196546205922,-1.2877130802767045,0.28,0.4962228517469311
nfix,supermat,NTP,250,platt_fit,30,1.2966998534553562,-0.6841782762834235,0.4,0.4962228517469311
nfix,supermat,NTP,250,platt_fit,31,1.7157489702686024,-0.7500473051978158,0.384,0.4962228517469311
nfix,supermat,NTP,250,platt_fit,32,2.0328682386925006,-1.4493930812816176,0.26,0.4962228517469311
nfix,supermat,NTP,250,platt_fit,33,1.3976759568145998,-0.8498752309730606,0.432,0.4962228517469311
nfix,supermat,NTP,250,platt_fit,34,1.793671365326247,-0.6229930138926418,0.392,0.4962228517469311
nfix,supermat,NTP,250,platt_fit,35,1.793972623641178,-0.8779018378142637,0.42,0.4962228517469311
nfix,supermat,NTP,250,platt_fit,36,1.4117350445561974,-1.3143832926522152,0.256,0.4962228517469311
nfix,supermat,NTP,250,platt_fit,37,1.5181965012562537,-1.087996634646321,0.324,0.4962228517469311
nfix,supermat,NTP,250,platt_fit,38,1.9041744560400005,-1.4641300523272562,0.252,0.4962228517469311
nfix,supermat,NTP,250,platt_fit,39,1.8344226206450638,-1.0235897108052343,0.344,0.4962228517469311
nfix,supermat,NTP,250,platt_fit,40,1.277869842817076,-0.69356230507135,0.388,0.4962228517469311
nfix,supermat,NTP,250,platt_fit,41,1.661144500481936,-0.42160067468079737,0.468,0.4962228517469311
nfix,supermat,NTP,250,platt_fit,42,1.562955905637272,-1.2541695072380823,0.272,0.4962228517469311
nfix,supermat,NTP,250,platt_fit,43,1.7946456260448946,-1.1409369936100457,0.324,0.4962228517469311
nfix,supermat,NTP,250,platt_fit,44,1.6475231698408837,-0.4323884361584836,0.488,0.4962228517469311
nfix,supermat,NTP,250,platt_fit,45,2.304071611437115,-1.6550884400967723,0.256,0.4962228517469311
nfix,supermat,NTP,250,platt_fit,46,1.1918668208561232,-1.1486927426261413,0.284,0.4962228517469311
nfix,supermat,NTP,250,platt_fit,47,1.6536791446165455,-0.6458629826732555,0.416,0.4962228517469311
nfix,supermat,NTP,250,platt_fit,48,1.5086982354846294,-0.8235090448540102,0.384,0.4962228517469311
nfix,supermat,NTP,250,platt_fit,49,1.7612194589892374,-1.2351937386167573,0.272,0.4962228517469311
nfix,supermat,NTP,250,platt_fit,50,1.6328672518058174,-1.3890001566807355,0.264,0.4962228517469311
nfix,supermat,NTP,250,platt_fit,51,1.4108689045982996,-0.8142854844262687,0.372,0.4962228517469311
nfix,supermat,NTP,250,platt_fit,52,2.1203651467639486,-1.5580311615601914,0.288,0.4962228517469311
nfix,supermat,NTP,250,platt_fit,53,2.307558376367242,-1.6509379333112817,0.18,0.4962228517469311
nfix,supermat,NTP,250,platt_fit,54,1.701415051931036,-1.0750750324373428,0.372,0.4962228517469311
nfix,supermat,NTP,250,platt_fit,55,1.9720208757181616,-0.8021105412650712,0.368,0.4962228517469311
nfix,supermat,NTP,250,platt_fit,56,1.8557209435938329,-1.0810042764462229,0.336,0.4962228517469311
nfix,supermat,NTP,250,platt_fit,57,1.7187686110677765,-1.3185127658540277,0.296,0.4962228517469311
nfix,supermat,NTP,250,platt_fit,58,1.7193894285594984,-1.4449217964186691,0.268,0.4962228517469311
nfix,supermat,NTP,250,platt_fit,59,1.7455534491907798,-1.1472892646190882,0.288,0.4962228517469311
nfix,supermat,NTP,250,platt_fit,60,1.4040822805652053,-1.3715999040985265,0.264,0.4962228517469311
nfix,supermat,NTP,250,platt_fit,61,1.7779334698711586,-0.9851505587305612,0.332,0.4962228517469311
nfix,supermat,NTP,250,platt_fit,62,2.022686735234101,-1.0964236449384932,0.352,0.4962228517469311
nfix,supermat,NTP,250,platt_fit,63,1.2718740419205647,-0.5359480362543921,0.424,0.4962228517469311
nfix,supermat,NTP,250,platt_fit,64,1.7948016994446723,-0.9064428836828402,0.316,0.4962228517469311
nfix,supermat,NTP,250,platt_fit,65,2.5573907695346985,-0.2517419327464865,0.508,0.4962228517469311
nfix,supermat,NTP,250,platt_fit,66,1.296535370007833,-1.0136917458188217,0.316,0.4962228517469311
nfix,supermat,NTP,250,platt_fit,67,1.167169627060118,-0.578285502475238,0.424,0.4962228517469311
nfix,supermat,NTP,250,platt_fit,68,1.404100040611338,-1.1281230148967023,0.3,0.4962228517469311
nfix,supermat,NTP,250,platt_fit,69,1.3630508041392275,-1.2819857238460055,0.236,0.4962228517469311
nfix,supermat,NTP,250,platt_fit,70,1.8759584956668929,-1.6434921228032275,0.208,0.4962228517469311
nfix,supermat,NTP,250,platt_fit,71,1.8988621140692177,-0.375996394917204,0.496,0.4962228517469311
nfix,supermat,NTP,250,platt_fit,72,2.105728521436001,-0.48833845978414503,0.408,0.4962228517469311
nfix,supermat,NTP,250,platt_fit,73,1.596813320033713,-0.512595259536338,0.476,0.4962228517469311
nfix,supermat,NTP,250,platt_fit,74,1.3346162553969279,-0.6714614182435243,0.424,0.4962228517469311
nfix,supermat,NTP,250,platt_fit,75,2.0300035725001346,-1.340171741875738,0.228,0.4962228517469311
nfix,supermat,NTP,250,platt_fit,76,1.785927052836646,-1.1827187834309636,0.324,0.4962228517469311
nfix,supermat,NTP,250,platt_fit,77,1.6592197162297715,-1.2329210977827,0.268,0.4962228517469311
nfix,supermat,NTP,250,platt_fit,78,2.311573570244763,-1.743084817447637,0.272,0.4962228517469311
nfix,supermat,NTP,250,platt_fit,79,1.846138343056949,-1.1930334719397182,0.328,0.4962228517469311
nfix,supermat,NTP,250,platt_fit,80,1.8324293153182605,-0.9176778396013391,0.328,0.4962228517469311
nfix,supermat,NTP,250,platt_fit,81,1.9665875755119293,-0.30928915369122706,0.492,0.4962228517469311
nfix,supermat,NTP,250,platt_fit,82,1.5962793237399762,-1.0326648995894978,0.34,0.4962228517469311
nfix,supermat,NTP,250,platt_fit,83,1.2383525319685427,-0.7253772095491924,0.404,0.4962228517469311
nfix,supermat,NTP,250,platt_fit,84,1.9810887970069269,-1.058379875562031,0.392,0.4962228517469311
nfix,supermat,NTP,250,platt_fit,85,1.3806387251031176,-0.47115585575575736,0.444,0.4962228517469311
nfix,supermat,NTP,250,platt_fit,86,1.1856070899260591,-1.146949645868666,0.284,0.4962228517469311
nfix,supermat,NTP,250,platt_fit,87,1.6544225821134626,-0.6683459234960126,0.424,0.4962228517469311
nfix,supermat,NTP,250,platt_fit,88,1.4223564261737496,-0.8013800997758793,0.38,0.4962228517469311
nfix,supermat,NTP,250,platt_fit,89,1.573557912746722,-0.6373473077130939,0.428,0.4962228517469311
nfix,supermat,NTP,250,platt_fit,90,1.8654452330028028,-1.078807271524613,0.292,0.4962228517469311
nfix,supermat,NTP,250,platt_fit,91,2.0487303399249437,-0.7992167521741764,0.396,0.4962228517469311
nfix,supermat,NTP,250,platt_fit,92,10.189973392059425,0.3833474417879127,0.42,0.4962228517469311
nfix,supermat,NTP,250,platt_fit,93,1.3124732533744634,-1.0069086614477367,0.336,0.4962228517469311
nfix,supermat,NTP,250,platt_fit,94,1.7545280122101066,-1.0043678831725888,0.32,0.4962228517469311
nfix,supermat,NTP,250,platt_fit,95,1.8834428087049615,-1.4660981859951807,0.252,0.4962228517469311
nfix,supermat,NTP,250,platt_fit,96,1.334301312164443,-0.710130281267874,0.384,0.4962228517469311
nfix,supermat,NTP,250,platt_fit,97,2.3055617277263667,-0.7913290349335852,0.316,0.4962228517469311
nfix,supermat,NTP,250,platt_fit,98,1.5305955011494727,-1.6872630667489792,0.22,0.4962228517469311
nfix,supermat,NTP,250,platt_fit,99,1.5134811888543092,-0.4137040187770726,0.508,0.4962228517469311
nfix,supermat,Probe,500,platt_fit,0,0.14273149623963768,-1.4850045258800668,0.204,0.4962228517469311
nfix,supermat,Probe,500,platt_fit,1,0.2307379365851918,-1.3709243626087992,0.236,0.4962228517469311
nfix,supermat,Probe,500,platt_fit,2,0.5755121852477154,-0.9686902478925078,0.326,0.4962228517469311
nfix,supermat,Probe,500,platt_fit,3,0.61123667559691,-1.004268586982609,0.368,0.4962228517469311
nfix,supermat,Probe,500,platt_fit,4,0.26774070411921363,-0.8668351060380828,0.334,0.4962228517469311
nfix,supermat,Probe,500,platt_fit,5,0.3528142138911122,-0.8809942023646655,0.342,0.4962228517469311
nfix,supermat,Probe,500,platt_fit,6,0.2396765320182501,-1.312410944223181,0.254,0.4962228517469311
nfix,supermat,Probe,500,platt_fit,7,0.4634212392147947,-0.8183814224259709,0.366,0.4962228517469311
nfix,supermat,Probe,500,platt_fit,8,0.2686032071377919,-1.3019971212557573,0.246,0.4962228517469311
nfix,supermat,Probe,500,platt_fit,9,0.554403225952944,-0.9147367685480207,0.364,0.4962228517469311
nfix,supermat,Probe,500,platt_fit,10,0.16838137625696206,-1.2706264604534967,0.242,0.4962228517469311
nfix,supermat,Probe,500,platt_fit,11,0.5551273422263887,-0.6793514579873895,0.404,0.4962228517469311
nfix,supermat,Probe,500,platt_fit,12,0.24387277035471572,-0.5987354510889096,0.41,0.4962228517469311
nfix,supermat,Probe,500,platt_fit,13,0.48286691522501174,-0.8413785341673686,0.372,0.4962228517469311
nfix,supermat,Probe,500,platt_fit,14,0.2243884493180654,-1.2209324638297254,0.262,0.4962228517469311
nfix,supermat,Probe,500,platt_fit,15,0.4610628346834363,-0.3401668600611291,0.52,0.4962228517469311
nfix,supermat,Probe,500,platt_fit,16,0.4967468381485882,-0.9996053423841659,0.342,0.4962228517469311
nfix,supermat,Probe,500,platt_fit,17,0.20234208880364496,-1.0411743226333752,0.28,0.4962228517469311
nfix,supermat,Probe,500,platt_fit,18,0.2903205515730425,-0.957732164890538,0.324,0.4962228517469311
nfix,supermat,Probe,500,platt_fit,19,0.6655280764512235,-0.679958031917812,0.406,0.4962228517469311
nfix,supermat,Probe,500,platt_fit,20,0.40823448672260626,-0.7106260883980994,0.388,0.4962228517469311
nfix,supermat,Probe,500,platt_fit,21,0.2667113059707217,-1.099241610954489,0.286,0.4962228517469311
nfix,supermat,Probe,500,platt_fit,22,0.058898837922343246,-1.2661389306679627,0.226,0.4962228517469311
nfix,supermat,Probe,500,platt_fit,23,0.30521256642279493,-0.8857734745655649,0.344,0.4962228517469311
nfix,supermat,Probe,500,platt_fit,24,0.5945180306349765,-0.9464457816602649,0.33,0.4962228517469311
nfix,supermat,Probe,500,platt_fit,25,0.2195878777492749,-0.595621394958361,0.402,0.4962228517469311
nfix,supermat,Probe,500,platt_fit,26,0.4088261377137656,-1.064915998778565,0.34,0.4962228517469311
nfix,supermat,Probe,500,platt_fit,27,0.5184848705521132,-0.6197180264834702,0.426,0.4962228517469311
nfix,supermat,Probe,500,platt_fit,28,0.32070878417653054,-0.8040791927733417,0.378,0.4962228517469311
nfix,supermat,Probe,500,platt_fit,29,0.20535496607422674,-1.374722526873349,0.238,0.4962228517469311
nfix,supermat,Probe,500,platt_fit,30,0.3028949823230078,-0.9388041737105514,0.328,0.4962228517469311
nfix,supermat,Probe,500,platt_fit,31,0.5677515995770349,-0.9957140557173518,0.32,0.4962228517469311
nfix,supermat,Probe,500,platt_fit,32,0.2252254683771728,-1.0893550161178682,0.298,0.4962228517469311
nfix,supermat,Probe,500,platt_fit,33,0.5734997168737281,-0.6797769464134492,0.428,0.4962228517469311
nfix,supermat,Probe,500,platt_fit,34,0.6151458579200025,-0.9803973593205844,0.37,0.4962228517469311
nfix,supermat,Probe,500,platt_fit,35,0.41031134121891766,-0.59967122829156,0.402,0.4962228517469311
nfix,supermat,Probe,500,platt_fit,36,0.3313014163958991,-1.1734547363027132,0.27,0.4962228517469311
nfix,supermat,Probe,500,platt_fit,37,0.355687391559553,-1.0009087273584756,0.334,0.4962228517469311
nfix,supermat,Probe,500,platt_fit,38,0.09757468006218127,-1.4595841079403788,0.2,0.4962228517469311
nfix,supermat,Probe,500,platt_fit,39,0.26909689063760844,-0.8689802733118545,0.342,0.4962228517469311
nfix,supermat,Probe,500,platt_fit,40,0.46127042136444896,-0.8653842946678849,0.374,0.4962228517469311
nfix,supermat,Probe,500,platt_fit,41,0.573138926335477,-0.49916612659183973,0.478,0.4962228517469311
nfix,supermat,Probe,500,platt_fit,42,0.10770926925492645,-0.9698241706597611,0.298,0.4962228517469311
nfix,supermat,Probe,500,platt_fit,43,0.15661387333188867,-1.044628282126992,0.28,0.4962228517469311
nfix,supermat,Probe,500,platt_fit,44,0.5286288522403924,-0.5706886600540984,0.442,0.4962228517469311
nfix,supermat,Probe,500,platt_fit,45,0.20630120204875296,-1.2520483868879637,0.248,0.4962228517469311
nfix,supermat,Probe,500,platt_fit,46,0.14193236181133068,-1.0967670646691454,0.266,0.4962228517469311
nfix,supermat,Probe,500,platt_fit,47,0.2670108051903884,-0.39178666877769697,0.458,0.4962228517469311
nfix,supermat,Probe,500,platt_fit,48,0.46016275496940723,-0.9892482646883204,0.364,0.4962228517469311
nfix,supermat,Probe,500,platt_fit,49,0.17369559854253175,-1.0250551468096945,0.292,0.4962228517469311
nfix,supermat,Probe,500,platt_fit,50,0.2717777292886802,-1.3078509859829037,0.252,0.4962228517469311
nfix,supermat,Probe,500,platt_fit,51,0.7371796025311567,-0.9230914121629245,0.354,0.4962228517469311
nfix,supermat,Probe,500,platt_fit,52,0.15443418331763173,-1.0634044977814507,0.288,0.4962228517469311
nfix,supermat,Probe,500,platt_fit,53,0.06366822221230656,-1.1564774896899344,0.25,0.4962228517469311
nfix,supermat,Probe,500,platt_fit,54,0.6177724446962084,-0.6502049462373606,0.406,0.4962228517469311
nfix,supermat,Probe,500,platt_fit,55,0.2909982300793683,-1.006048521865508,0.314,0.4962228517469311
nfix,supermat,Probe,500,platt_fit,56,0.02112838783267138,-0.8237051672059851,0.308,0.4962228517469311
nfix,supermat,Probe,500,platt_fit,57,0.06044696627452354,-1.0559030580216968,0.266,0.4962228517469311
nfix,supermat,Probe,500,platt_fit,58,0.047724225410184805,-0.8183121615043314,0.316,0.4962228517469311
nfix,supermat,Probe,500,platt_fit,59,0.2664683898591271,-1.1106166704205471,0.294,0.4962228517469311
nfix,supermat,Probe,500,platt_fit,60,0.31368357627988336,-1.347471352356917,0.25,0.4962228517469311
nfix,supermat,Probe,500,platt_fit,61,0.2983153814486167,-0.9225294176174996,0.324,0.4962228517469311
nfix,supermat,Probe,500,platt_fit,62,0.3410846208637626,-1.0545502304703906,0.32,0.4962228517469311
nfix,supermat,Probe,500,platt_fit,63,0.46900654268152697,-0.5626099626986596,0.44,0.4962228517469311
nfix,supermat,Probe,500,platt_fit,64,0.2442590682078966,-0.7437905500758412,0.362,0.4962228517469311
nfix,supermat,Probe,500,platt_fit,65,0.3683150156270826,-0.30685497308474596,0.486,0.4962228517469311
nfix,supermat,Probe,500,platt_fit,66,0.2876228871196378,-1.0855007030965007,0.302,0.4962228517469311
nfix,supermat,Probe,500,platt_fit,67,0.6048028284682977,-0.7163127037685113,0.434,0.4962228517469311
nfix,supermat,Probe,500,platt_fit,68,0.3843892015104689,-1.1836729165948148,0.292,0.4962228517469311
nfix,supermat,Probe,500,platt_fit,69,0.14210409350512573,-1.21125187267163,0.25,0.4962228517469311
nfix,supermat,Probe,500,platt_fit,70,0.09891861641359659,-1.3254942162032937,0.222,0.4962228517469311
nfix,supermat,Probe,500,platt_fit,71,0.4090139235012339,-0.18560605975517508,0.518,0.4962228517469311
nfix,supermat,Probe,500,platt_fit,72,0.5913058663305348,-0.9234621999057759,0.372,0.4962228517469311
nfix,supermat,Probe,500,platt_fit,73,0.6346246966221738,-0.5067700918051253,0.468,0.4962228517469311
nfix,supermat,Probe,500,platt_fit,74,0.36137877618614905,-0.9092796324754514,0.312,0.4962228517469311
nfix,supermat,Probe,500,platt_fit,75,0.2940585023208104,-1.6340709019315798,0.212,0.4962228517469311
nfix,supermat,Probe,500,platt_fit,76,0.21274912746033897,-0.8425413257356293,0.332,0.4962228517469311
nfix,supermat,Probe,500,platt_fit,77,0.31403789495166734,-1.329116476867478,0.244,0.4962228517469311
nfix,supermat,Probe,500,platt_fit,78,0.3009986884748644,-0.9670538499250297,0.316,0.4962228517469311
nfix,supermat,Probe,500,platt_fit,79,0.29900266505685197,-0.9720419490028189,0.33,0.4962228517469311
nfix,supermat,Probe,500,platt_fit,80,0.06203438539875895,-0.7475564480160143,0.33,0.4962228517469311
nfix,supermat,Probe,500,platt_fit,81,0.6463972440085631,-0.667561037389179,0.414,0.4962228517469311
nfix,supermat,Probe,500,platt_fit,82,0.5507936436933327,-1.1032512304540336,0.322,0.4962228517469311
nfix,supermat,Probe,500,platt_fit,83,0.6441233613518708,-0.8157942012059408,0.426,0.4962228517469311
nfix,supermat,Probe,500,platt_fit,84,0.07503090896011634,-0.5254708731095601,0.386,0.4962228517469311
nfix,supermat,Probe,500,platt_fit,85,0.3335500902588925,-0.7290483180831461,0.378,0.4962228517469311
nfix,supermat,Probe,500,platt_fit,86,0.29422117890142285,-1.0220085375033854,0.312,0.4962228517469311
nfix,supermat,Probe,500,platt_fit,87,0.4830078682008445,-0.5967532007278763,0.432,0.4962228517469311
nfix,supermat,Probe,500,platt_fit,88,0.4524977671231525,-0.6952423467110508,0.406,0.4962228517469311
nfix,supermat,Probe,500,platt_fit,89,0.5511101485810237,-0.6641955181879748,0.46,0.4962228517469311
nfix,supermat,Probe,500,platt_fit,90,0.30116306026495254,-0.9870307628850817,0.314,0.4962228517469311
nfix,supermat,Probe,500,platt_fit,91,0.7036793254142508,-0.48087724591253367,0.428,0.4962228517469311
nfix,supermat,Probe,500,platt_fit,92,0.6602869098704541,-0.3871200355799298,0.442,0.4962228517469311
nfix,supermat,Probe,500,platt_fit,93,0.22479098664659952,-0.9197272466250568,0.32,0.4962228517469311
nfix,supermat,Probe,500,platt_fit,94,0.47158331521881863,-1.253995450964899,0.29,0.4962228517469311
nfix,supermat,Probe,500,platt_fit,95,0.1993597561909193,-1.2592714635745235,0.25,0.4962228517469311
nfix,supermat,Probe,500,platt_fit,96,0.49873188064325674,-0.864334973592902,0.376,0.4962228517469311
nfix,supermat,Probe,500,platt_fit,97,0.1206776154717025,-0.8622252154223589,0.316,0.4962228517469311
nfix,supermat,Probe,500,platt_fit,98,0.18224193835172817,-1.144722759058936,0.276,0.4962228517469311
nfix,supermat,Probe,500,platt_fit,99,0.2674489742954715,-0.23468395260044522,0.494,0.4962228517469311
nfix,supermat,NTP,500,platt_fit,0,1.5408105410915407,-1.7760718533641564,0.204,0.4962228517469311
nfix,supermat,NTP,500,platt_fit,1,1.39006053600372,-1.3886651036700954,0.236,0.4962228517469311
nfix,supermat,NTP,500,platt_fit,2,1.4099366523355996,-1.0123501982717835,0.326,0.4962228517469311
nfix,supermat,NTP,500,platt_fit,3,1.820428876630005,-0.855412526264895,0.368,0.4962228517469311
nfix,supermat,NTP,500,platt_fit,4,1.5069992399660435,-1.0238966048488571,0.334,0.4962228517469311
nfix,supermat,NTP,500,platt_fit,5,2.197784618568357,-0.906393020789915,0.342,0.4962228517469311
nfix,supermat,NTP,500,platt_fit,6,1.817935788863855,-1.1678172797060578,0.254,0.4962228517469311
nfix,supermat,NTP,500,platt_fit,7,1.2356012450967184,-0.783911592158295,0.366,0.4962228517469311
nfix,supermat,NTP,500,platt_fit,8,1.9834057255096502,-1.4257880131909366,0.246,0.4962228517469311
nfix,supermat,NTP,500,platt_fit,9,1.2754397472876484,-0.786101995797809,0.364,0.4962228517469311
nfix,supermat,NTP,500,platt_fit,10,1.3702909149781795,-1.314117063818641,0.242,0.4962228517469311
nfix,supermat,NTP,500,platt_fit,11,1.690069386138444,-0.8831746817813874,0.404,0.4962228517469311
nfix,supermat,NTP,500,platt_fit,12,1.7166926616885285,-0.5010861655953189,0.41,0.4962228517469311
nfix,supermat,NTP,500,platt_fit,13,1.7354474000747946,-1.0937732074989823,0.372,0.4962228517469311
nfix,supermat,NTP,500,platt_fit,14,1.8960368198583855,-1.3742717984596222,0.262,0.4962228517469311
nfix,supermat,NTP,500,platt_fit,15,1.7742804955447937,-0.3243685165828687,0.52,0.4962228517469311
nfix,supermat,NTP,500,platt_fit,16,1.8249628805185298,-0.8730873218887683,0.342,0.4962228517469311
nfix,supermat,NTP,500,platt_fit,17,1.6511718926450574,-1.2060318831550192,0.28,0.4962228517469311
nfix,supermat,NTP,500,platt_fit,18,1.3615282511903108,-1.059603581273537,0.324,0.4962228517469311
nfix,supermat,NTP,500,platt_fit,19,1.5778750892409816,-0.7681914497120812,0.406,0.4962228517469311
nfix,supermat,NTP,500,platt_fit,20,1.3919347771450596,-0.8624405619793627,0.388,0.4962228517469311
nfix,supermat,NTP,500,platt_fit,21,1.7932537562614992,-1.0750282846487738,0.286,0.4962228517469311
nfix,supermat,NTP,500,platt_fit,22,1.9029819960726087,-1.7336094700830829,0.226,0.4962228517469311
nfix,supermat,NTP,500,platt_fit,23,1.5483477060642261,-0.9005101452321933,0.344,0.4962228517469311
nfix,supermat,NTP,500,platt_fit,24,1.3353069674876845,-0.9671912798175794,0.33,0.4962228517469311
nfix,supermat,NTP,500,platt_fit,25,2.131552535271818,-0.7758356459799775,0.402,0.4962228517469311
nfix,supermat,NTP,500,platt_fit,26,1.335394612433472,-0.8187873822003223,0.34,0.4962228517469311
nfix,supermat,NTP,500,platt_fit,27,1.831117064478455,-0.4869807857923277,0.426,0.4962228517469311
nfix,supermat,NTP,500,platt_fit,28,1.4860094967989792,-0.7737407565905119,0.378,0.4962228517469311
nfix,supermat,NTP,500,platt_fit,29,1.6772354491108414,-1.429530872338684,0.238,0.4962228517469311
nfix,supermat,NTP,500,platt_fit,30,1.9147694960931456,-0.951525351202827,0.328,0.4962228517469311
nfix,supermat,NTP,500,platt_fit,31,1.2176001617723407,-1.0008942113081345,0.32,0.4962228517469311
nfix,supermat,NTP,500,platt_fit,32,1.8098749478204228,-1.2004424318569327,0.298,0.4962228517469311
nfix,supermat,NTP,500,platt_fit,33,1.8807689633359046,-0.8571102488712591,0.428,0.4962228517469311
nfix,supermat,NTP,500,platt_fit,34,1.3873442210282276,-0.8078373346649552,0.37,0.4962228517469311
nfix,supermat,NTP,500,platt_fit,35,1.6826904524785453,-1.032771036431072,0.402,0.4962228517469311
nfix,supermat,NTP,500,platt_fit,36,1.4814285759976298,-1.2633776608712355,0.27,0.4962228517469311
nfix,supermat,NTP,500,platt_fit,37,1.5980426546432345,-0.9687594672491772,0.334,0.4962228517469311
nfix,supermat,NTP,500,platt_fit,38,2.0293084403350745,-1.6558721291531564,0.2,0.4962228517469311
nfix,supermat,NTP,500,platt_fit,39,1.838164500835911,-1.1165708395655545,0.342,0.4962228517469311
nfix,supermat,NTP,500,platt_fit,40,1.4012435429445935,-0.7397770948613297,0.374,0.4962228517469311
nfix,supermat,NTP,500,platt_fit,41,1.7497776410734196,-0.4199511960693497,0.478,0.4962228517469311
nfix,supermat,NTP,500,platt_fit,42,1.7456501179244814,-1.1306749848018425,0.298,0.4962228517469311
nfix,supermat,NTP,500,platt_fit,43,1.6304538021988635,-1.282065891959578,0.28,0.4962228517469311
nfix,supermat,NTP,500,platt_fit,44,1.654985957083065,-0.6064442194103079,0.442,0.4962228517469311
nfix,supermat,NTP,500,platt_fit,45,1.8608476851379223,-1.6198784719656631,0.248,0.4962228517469311
nfix,supermat,NTP,500,platt_fit,46,1.457504256609178,-1.3785853286041827,0.266,0.4962228517469311
nfix,supermat,NTP,500,platt_fit,47,1.5978950043838747,-0.5112908734218203,0.458,0.4962228517469311
nfix,supermat,NTP,500,platt_fit,48,1.3146443829607684,-0.9005287071874695,0.364,0.4962228517469311
nfix,supermat,NTP,500,platt_fit,49,1.939499359274463,-1.2028543780754533,0.292,0.4962228517469311
nfix,supermat,NTP,500,platt_fit,50,1.6375021687542324,-1.3630164701380332,0.252,0.4962228517469311
nfix,supermat,NTP,500,platt_fit,51,1.6202292976642603,-0.890996734207459,0.354,0.4962228517469311
nfix,supermat,NTP,500,platt_fit,52,1.8283690497427176,-1.2896434638117968,0.288,0.4962228517469311
nfix,supermat,NTP,500,platt_fit,53,2.1255840720841537,-1.4371276624165277,0.25,0.4962228517469311
nfix,supermat,NTP,500,platt_fit,54,2.0086006753713157,-1.0393266870476123,0.406,0.4962228517469311
nfix,supermat,NTP,500,platt_fit,55,2.5643749553813144,-1.1512319080110684,0.314,0.4962228517469311
nfix,supermat,NTP,500,platt_fit,56,1.584925730438847,-1.2307588210041716,0.308,0.4962228517469311
nfix,supermat,NTP,500,platt_fit,57,1.8163948280217599,-1.2543408506427933,0.266,0.4962228517469311
nfix,supermat,NTP,500,platt_fit,58,1.8658651984856436,-1.0931491972577319,0.316,0.4962228517469311
nfix,supermat,NTP,500,platt_fit,59,1.8208200523479787,-1.2608927365237514,0.294,0.4962228517469311
nfix,supermat,NTP,500,platt_fit,60,1.3712151893010922,-1.3228078483766208,0.25,0.4962228517469311
nfix,supermat,NTP,500,platt_fit,61,1.494356499613125,-1.0880601445027327,0.324,0.4962228517469311
nfix,supermat,NTP,500,platt_fit,62,1.7330603476814008,-1.1208357328771459,0.32,0.4962228517469311
nfix,supermat,NTP,500,platt_fit,63,1.3373390035517336,-0.49159478864863265,0.44,0.4962228517469311
nfix,supermat,NTP,500,platt_fit,64,1.9438200271040593,-0.8612370979058865,0.362,0.4962228517469311
nfix,supermat,NTP,500,platt_fit,65,1.9292019288811602,-0.44002982029514265,0.486,0.4962228517469311
nfix,supermat,NTP,500,platt_fit,66,1.431670025360275,-1.0102389053232255,0.302,0.4962228517469311
nfix,supermat,NTP,500,platt_fit,67,1.5976868420153114,-0.6781337470622094,0.434,0.4962228517469311
nfix,supermat,NTP,500,platt_fit,68,1.624995092801013,-1.236520157388475,0.292,0.4962228517469311
nfix,supermat,NTP,500,platt_fit,69,1.2343407099539803,-1.3479565081862026,0.25,0.4962228517469311
nfix,supermat,NTP,500,platt_fit,70,1.8638990039238583,-1.6023522948862963,0.222,0.4962228517469311
nfix,supermat,NTP,500,platt_fit,71,1.8481598945482933,-0.4301993222971601,0.518,0.4962228517469311
nfix,supermat,NTP,500,platt_fit,72,1.5116366667443017,-0.7315404857518906,0.372,0.4962228517469311
nfix,supermat,NTP,500,platt_fit,73,1.972683058064886,-0.5645325451078524,0.468,0.4962228517469311
nfix,supermat,NTP,500,platt_fit,74,1.599339067257422,-1.1089904494121507,0.312,0.4962228517469311
nfix,supermat,NTP,500,platt_fit,75,1.7372317004943574,-1.5974451042726203,0.212,0.4962228517469311
nfix,supermat,NTP,500,platt_fit,76,2.267203255479978,-1.0502207497169866,0.332,0.4962228517469311
nfix,supermat,NTP,500,platt_fit,77,1.3264915413211087,-1.3243148896834716,0.244,0.4962228517469311
nfix,supermat,NTP,500,platt_fit,78,2.052480133635834,-1.2138976392102567,0.316,0.4962228517469311
nfix,supermat,NTP,500,platt_fit,79,1.68079777670057,-1.0635721534231937,0.33,0.4962228517469311
nfix,supermat,NTP,500,platt_fit,80,1.6170136358157645,-0.9544493105953757,0.33,0.4962228517469311
nfix,supermat,NTP,500,platt_fit,81,1.6923188902293118,-0.6964825128113645,0.414,0.4962228517469311
nfix,supermat,NTP,500,platt_fit,82,1.3712526973464958,-1.0472963178567523,0.322,0.4962228517469311
nfix,supermat,NTP,500,platt_fit,83,1.4386659286633254,-0.6362697321537831,0.426,0.4962228517469311
nfix,supermat,NTP,500,platt_fit,84,2.2459211090876603,-1.170223067893631,0.386,0.4962228517469311
nfix,supermat,NTP,500,platt_fit,85,1.316584477576598,-0.7208860979007929,0.378,0.4962228517469311
nfix,supermat,NTP,500,platt_fit,86,1.537784255927071,-1.0154981489987958,0.312,0.4962228517469311
nfix,supermat,NTP,500,platt_fit,87,1.7264565510194179,-0.7532978779451126,0.432,0.4962228517469311
nfix,supermat,NTP,500,platt_fit,88,1.5883081280106544,-0.6787978480771902,0.406,0.4962228517469311
nfix,supermat,NTP,500,platt_fit,89,1.4813454982811671,-0.3589782764301663,0.46,0.4962228517469311
nfix,supermat,NTP,500,platt_fit,90,1.6054403334024212,-0.9584629257197848,0.314,0.4962228517469311
nfix,supermat,NTP,500,platt_fit,91,1.6247629932449945,-0.7245302505666257,0.428,0.4962228517469311
nfix,supermat,NTP,500,platt_fit,92,2.497306098440788,-0.6273991317398852,0.442,0.4962228517469311
nfix,supermat,NTP,500,platt_fit,93,1.41073806098347,-1.0357915408230152,0.32,0.4962228517469311
nfix,supermat,NTP,500,platt_fit,94,1.4035183898350359,-1.0424851475860903,0.29,0.4962228517469311
nfix,supermat,NTP,500,platt_fit,95,1.683935605846841,-1.4142076978698856,0.25,0.4962228517469311
nfix,supermat,NTP,500,platt_fit,96,1.4792077538791117,-0.6907167692105203,0.376,0.4962228517469311
nfix,supermat,NTP,500,platt_fit,97,1.628295427192793,-1.0973476884531146,0.316,0.4962228517469311
nfix,supermat,NTP,500,platt_fit,98,1.4317748529577063,-1.1406215300365148,0.276,0.4962228517469311
nfix,supermat,NTP,500,platt_fit,99,1.4231951291434841,-0.42127127663764896,0.494,0.4962228517469311
nfix,supermat,Probe,1000,platt_fit,0,0.060996874487359916,-1.3712822252933585,0.211,0.4962228517469311
nfix,supermat,Probe,1000,platt_fit,1,0.15012860683144433,-1.430645184665553,0.215,0.4962228517469311
nfix,supermat,Probe,1000,platt_fit,2,0.4793316028857039,-0.7671733327949716,0.36,0.4962228517469311
nfix,supermat,Probe,1000,platt_fit,3,0.5720517343060468,-0.8394243737160758,0.401,0.4962228517469311
nfix,supermat,Probe,1000,platt_fit,4,0.21765390963977382,-0.9678801018306431,0.305,0.4962228517469311
nfix,supermat,Probe,1000,platt_fit,5,0.2993571630794036,-0.9886360679780535,0.305,0.4962228517469311
nfix,supermat,Probe,1000,platt_fit,6,0.19585346772958503,-1.0434187779706723,0.294,0.4962228517469311
nfix,supermat,Probe,1000,platt_fit,7,0.5475511647420094,-0.7452013129216785,0.401,0.4962228517469311
nfix,supermat,Probe,1000,platt_fit,8,0.1569333710686686,-1.1984295811326355,0.252,0.4962228517469311
nfix,supermat,Probe,1000,platt_fit,9,0.5327828831608022,-0.9319057104943463,0.361,0.4962228517469311
nfix,supermat,Probe,1000,platt_fit,10,0.22108381719505288,-1.229770723225775,0.259,0.4962228517469311
nfix,supermat,Probe,1000,platt_fit,11,0.5221790075375796,-0.5613447599517113,0.429,0.4962228517469311
nfix,supermat,Probe,1000,platt_fit,12,0.4323872559781944,-1.0111597519734754,0.359,0.4962228517469311
nfix,supermat,Probe,1000,platt_fit,13,0.32126679482570186,-0.6923886816922291,0.377,0.4962228517469311
nfix,supermat,Probe,1000,platt_fit,14,0.19730506591684085,-1.0667967522295518,0.293,0.4962228517469311
nfix,supermat,Probe,1000,platt_fit,15,0.39689962694351005,-0.24906716709896579,0.525,0.4962228517469311
nfix,supermat,Probe,1000,platt_fit,16,0.3361466083645986,-0.8923895679922246,0.345,0.4962228517469311
nfix,supermat,Probe,1000,platt_fit,17,0.2986951224760396,-1.1790951388782953,0.262,0.4962228517469311
nfix,supermat,Probe,1000,platt_fit,18,0.3010125292402102,-1.0324998355787722,0.307,0.4962228517469311
nfix,supermat,Probe,1000,platt_fit,19,0.6793804126139755,-0.7300650742161292,0.406,0.4962228517469311
nfix,supermat,Probe,1000,platt_fit,20,0.45014923629375875,-0.7089508289506326,0.392,0.4962228517469311
nfix,supermat,Probe,1000,platt_fit,21,0.23707545730191246,-1.1004802527325002,0.282,0.4962228517469311
nfix,supermat,Probe,1000,platt_fit,22,-0.015315459687113188,-1.250185815979229,0.221,0.4962228517469311
nfix,supermat,Probe,1000,platt_fit,23,0.39175461885177915,-1.1015552668760116,0.309,0.4962228517469311
nfix,supermat,Probe,1000,platt_fit,24,0.5526685559051218,-0.9465944458377008,0.337,0.4962228517469311
nfix,supermat,Probe,1000,platt_fit,25,0.2622394931915594,-0.7306100838372631,0.376,0.4962228517469311
nfix,supermat,Probe,1000,platt_fit,26,0.338487041354169,-1.0255817115983998,0.328,0.4962228517469311
nfix,supermat,Probe,1000,platt_fit,27,0.4736512631047205,-0.4946111282239976,0.466,0.4962228517469311
nfix,supermat,Probe,1000,platt_fit,28,0.32466298728208864,-0.7689754891466788,0.386,0.4962228517469311
nfix,supermat,Probe,1000,platt_fit,29,0.250352407044927,-1.3283927618180336,0.26,0.4962228517469311
nfix,supermat,Probe,1000,platt_fit,30,0.24560888247939908,-0.8408860011016863,0.339,0.4962228517469311
nfix,supermat,Probe,1000,platt_fit,31,0.5499364142849361,-0.8207100203175232,0.353,0.4962228517469311
nfix,supermat,Probe,1000,platt_fit,32,0.2507822726348362,-1.2344967102337798,0.275,0.4962228517469311
nfix,supermat,Probe,1000,platt_fit,33,0.5234083530397067,-0.650869932531013,0.423,0.4962228517469311
nfix,supermat,Probe,1000,platt_fit,34,0.544378016594731,-0.8787545277360749,0.377,0.4962228517469311
nfix,supermat,Probe,1000,platt_fit,35,0.4770518648129712,-0.6587638843107838,0.399,0.4962228517469311
nfix,supermat,Probe,1000,platt_fit,36,0.24945708824283946,-1.0368014384141604,0.292,0.4962228517469311
nfix,supermat,Probe,1000,platt_fit,37,0.39595383246923216,-1.0925164636986138,0.32,0.4962228517469311
nfix,supermat,Probe,1000,platt_fit,38,0.11928717448293719,-1.2760356832575752,0.235,0.4962228517469311
nfix,supermat,Probe,1000,platt_fit,39,0.22867484931856125,-0.8883448573780908,0.326,0.4962228517469311
nfix,supermat,Probe,1000,platt_fit,40,0.5165709765223169,-0.9081673909581938,0.371,0.4962228517469311
nfix,supermat,Probe,1000,platt_fit,41,0.5858518611277711,-0.49759790605243853,0.477,0.4962228517469311
nfix,supermat,Probe,1000,platt_fit,42,0.09876086304562957,-0.8855839178339228,0.313,0.4962228517469311
nfix,supermat,Probe,1000,platt_fit,43,0.19364999588702872,-1.0004837339626933,0.298,0.4962228517469311
nfix,supermat,Probe,1000,platt_fit,44,0.5563403185714422,-0.715197062772925,0.43,0.4962228517469311
nfix,supermat,Probe,1000,platt_fit,45,0.1573714434945629,-1.2532423341499834,0.241,0.4962228517469311
nfix,supermat,Probe,1000,platt_fit,46,0.2219703305141666,-1.0752702354815944,0.279,0.4962228517469311
nfix,supermat,Probe,1000,platt_fit,47,0.405335391371994,-0.5188832459431492,0.458,0.4962228517469311
nfix,supermat,Probe,1000,platt_fit,48,0.46355292629091344,-0.8756546061842532,0.38,0.4962228517469311
nfix,supermat,Probe,1000,platt_fit,49,0.290657866222014,-1.058929996428883,0.309,0.4962228517469311
nfix,supermat,Probe,1000,platt_fit,50,0.23653047818475348,-1.2620247597287273,0.254,0.4962228517469311
nfix,supermat,Probe,1000,platt_fit,51,0.7435112252478906,-0.8290510893942453,0.365,0.4962228517469311
nfix,supermat,Probe,1000,platt_fit,52,0.07661641699368364,-1.1409536217881573,0.257,0.4962228517469311
nfix,supermat,Probe,1000,platt_fit,53,0.09205264308771302,-1.3272676905697776,0.223,0.4962228517469311
nfix,supermat,Probe,1000,platt_fit,54,0.6229157577258982,-0.6757722181483271,0.404,0.4962228517469311
nfix,supermat,Probe,1000,platt_fit,55,0.28748089620616696,-0.9721634920581931,0.315,0.4962228517469311
nfix,supermat,Probe,1000,platt_fit,56,0.12759799245083758,-0.8435720446229656,0.321,0.4962228517469311
nfix,supermat,Probe,1000,platt_fit,57,0.1096316451671156,-1.0576113628935329,0.271,0.4962228517469311
nfix,supermat,Probe,1000,platt_fit,58,0.05810273934464339,-0.9047223730529527,0.299,0.4962228517469311
nfix,supermat,Probe,1000,platt_fit,59,0.11434189255407828,-0.9819554888317752,0.292,0.4962228517469311
nfix,supermat,Probe,1000,platt_fit,60,0.2612349617721554,-1.1144533850096268,0.289,0.4962228517469311
nfix,supermat,Probe,1000,platt_fit,61,0.26428727606924557,-0.7950492777415958,0.348,0.4962228517469311
nfix,supermat,Probe,1000,platt_fit,62,0.3739587656967987,-1.0213034720945071,0.335,0.4962228517469311
nfix,supermat,Probe,1000,platt_fit,63,0.478314635818963,-0.4925511755135812,0.462,0.4962228517469311
nfix,supermat,Probe,1000,platt_fit,64,0.1544139418832875,-0.8451140815964042,0.323,0.4962228517469311
nfix,supermat,Probe,1000,platt_fit,65,0.4237692524210449,-0.37059225759637543,0.476,0.4962228517469311
nfix,supermat,Probe,1000,platt_fit,66,0.3589013203597579,-1.1704674889426452,0.3,0.4962228517469311
nfix,supermat,Probe,1000,platt_fit,67,0.6333286688343498,-0.7408956029573545,0.437,0.4962228517469311
nfix,supermat,Probe,1000,platt_fit,68,0.4724822901770759,-1.1560197402235008,0.306,0.4962228517469311
nfix,supermat,Probe,1000,platt_fit,69,0.29989859686585646,-1.4019725251755084,0.247,0.4962228517469311
nfix,supermat,Probe,1000,platt_fit,70,0.04632427918294022,-1.3501592076665887,0.212,0.4962228517469311
nfix,supermat,Probe,1000,platt_fit,71,0.475101750428452,-0.3253203748207537,0.491,0.4962228517469311
nfix,supermat,Probe,1000,platt_fit,72,0.6297744137486466,-0.7440907868615785,0.419,0.4962228517469311
nfix,supermat,Probe,1000,platt_fit,73,0.5557979628357002,-0.4557467529466631,0.473,0.4962228517469311
nfix,supermat,Probe,1000,platt_fit,74,0.5592600889878059,-0.7804678255588468,0.363,0.4962228517469311
nfix,supermat,Probe,1000,platt_fit,75,0.16654861974401308,-1.357226351366996,0.233,0.4962228517469311
nfix,supermat,Probe,1000,platt_fit,76,0.15566519676607904,-0.914843922472137,0.305,0.4962228517469311
nfix,supermat,Probe,1000,platt_fit,77,0.23190275486647646,-1.191259204005961,0.26,0.4962228517469311
nfix,supermat,Probe,1000,platt_fit,78,0.31078897575096254,-1.0875786578654352,0.287,0.4962228517469311
nfix,supermat,Probe,1000,platt_fit,79,0.38137695397686106,-1.0399705825468857,0.334,0.4962228517469311
nfix,supermat,Probe,1000,platt_fit,80,0.11641289720568494,-0.7871230000449991,0.332,0.4962228517469311
nfix,supermat,Probe,1000,platt_fit,81,0.4585100333597696,-0.4923091636785266,0.438,0.4962228517469311
nfix,supermat,Probe,1000,platt_fit,82,0.5567506729565772,-0.9248754749263017,0.357,0.4962228517469311
nfix,supermat,Probe,1000,platt_fit,83,0.46950505926525476,-0.6219474296167837,0.43,0.4962228517469311
nfix,supermat,Probe,1000,platt_fit,84,0.1034304895853062,-0.5539822366098422,0.384,0.4962228517469311
nfix,supermat,Probe,1000,platt_fit,85,0.42941419307351236,-0.8444180450934295,0.366,0.4962228517469311
nfix,supermat,Probe,1000,platt_fit,86,0.3383800055146452,-1.0954249751790672,0.306,0.4962228517469311
nfix,supermat,Probe,1000,platt_fit,87,0.5919543520012355,-0.6582212454860684,0.425,0.4962228517469311
nfix,supermat,Probe,1000,platt_fit,88,0.5121919430587304,-0.7396609535880663,0.402,0.4962228517469311
nfix,supermat,Probe,1000,platt_fit,89,0.5809953872242194,-0.8282980301781531,0.429,0.4962228517469311
nfix,supermat,Probe,1000,platt_fit,90,0.2088500949116666,-0.9498683282731147,0.308,0.4962228517469311
nfix,supermat,Probe,1000,platt_fit,91,0.695189715328217,-0.5517733311458284,0.405,0.4962228517469311
nfix,supermat,Probe,1000,platt_fit,92,0.6509364628721206,-0.3373731382186402,0.453,0.4962228517469311
nfix,supermat,Probe,1000,platt_fit,93,0.26169291237719877,-0.9676870092594659,0.313,0.4962228517469311
nfix,supermat,Probe,1000,platt_fit,94,0.3817495622597004,-1.2024403468904272,0.284,0.4962228517469311
nfix,supermat,Probe,1000,platt_fit,95,0.1578477400543842,-1.2870822083756082,0.237,0.4962228517469311
nfix,supermat,Probe,1000,platt_fit,96,0.44620849301153565,-0.8249298253291574,0.375,0.4962228517469311
nfix,supermat,Probe,1000,platt_fit,97,0.2717089714533207,-0.9828899895287827,0.314,0.4962228517469311
nfix,supermat,Probe,1000,platt_fit,98,0.2374045258405118,-1.436884142048816,0.231,0.4962228517469311
nfix,supermat,Probe,1000,platt_fit,99,0.38272259534820424,-0.2684771118213817,0.51,0.4962228517469311
nfix,supermat,NTP,1000,platt_fit,0,1.7882160455495133,-1.6728148326065115,0.211,0.4962228517469311
nfix,supermat,NTP,1000,platt_fit,1,1.8332135121400326,-1.5705006941142299,0.215,0.4962228517469311
nfix,supermat,NTP,1000,platt_fit,2,1.7056805232348466,-0.865666858691586,0.36,0.4962228517469311
nfix,supermat,NTP,1000,platt_fit,3,1.5540440789318537,-0.7026502398813961,0.401,0.4962228517469311
nfix,supermat,NTP,1000,platt_fit,4,1.386042025458031,-1.0629985784114957,0.305,0.4962228517469311
nfix,supermat,NTP,1000,platt_fit,5,1.8412679926061888,-1.0079605356259158,0.305,0.4962228517469311
nfix,supermat,NTP,1000,platt_fit,6,1.4923074979350957,-1.1120892846601143,0.294,0.4962228517469311
nfix,supermat,NTP,1000,platt_fit,7,1.428786497863871,-0.6953514859437853,0.401,0.4962228517469311
nfix,supermat,NTP,1000,platt_fit,8,1.5890248891403458,-1.4056586119900414,0.252,0.4962228517469311
nfix,supermat,NTP,1000,platt_fit,9,1.37969135710601,-0.8239705053991766,0.361,0.4962228517469311
nfix,supermat,NTP,1000,platt_fit,10,1.5373254593659094,-1.2950033517972077,0.259,0.4962228517469311
nfix,supermat,NTP,1000,platt_fit,11,1.617653699161733,-0.6765175127913344,0.429,0.4962228517469311
nfix,supermat,NTP,1000,platt_fit,12,1.732558080956062,-0.7355048345449755,0.359,0.4962228517469311
nfix,supermat,NTP,1000,platt_fit,13,1.6688980442996075,-0.9774807985656427,0.377,0.4962228517469311
nfix,supermat,NTP,1000,platt_fit,14,1.7041117922068387,-1.3063260214240695,0.293,0.4962228517469311
nfix,supermat,NTP,1000,platt_fit,15,1.84884677849128,-0.2709449724697191,0.525,0.4962228517469311
nfix,supermat,NTP,1000,platt_fit,16,1.7865710769122307,-0.8139384048909708,0.345,0.4962228517469311
nfix,supermat,NTP,1000,platt_fit,17,1.6412290388017048,-1.3056394739850299,0.262,0.4962228517469311
nfix,supermat,NTP,1000,platt_fit,18,1.5900780846501226,-1.1685534992969207,0.307,0.4962228517469311
nfix,supermat,NTP,1000,platt_fit,19,1.839519630071059,-0.7901712749683354,0.406,0.4962228517469311
nfix,supermat,NTP,1000,platt_fit,20,1.5973715949701572,-0.8701144971304505,0.392,0.4962228517469311
nfix,supermat,NTP,1000,platt_fit,21,1.622822282558114,-1.2180278018728323,0.282,0.4962228517469311
nfix,supermat,NTP,1000,platt_fit,22,1.8683154784769187,-1.7882804143150375,0.221,0.4962228517469311
nfix,supermat,NTP,1000,platt_fit,23,1.5115811907887173,-1.0113323714605593,0.309,0.4962228517469311
nfix,supermat,NTP,1000,platt_fit,24,1.3921881552962432,-0.890567966375613,0.337,0.4962228517469311
nfix,supermat,NTP,1000,platt_fit,25,2.0980279149427123,-0.8500994998144251,0.376,0.4962228517469311
nfix,supermat,NTP,1000,platt_fit,26,1.467060300200813,-0.8665198524728557,0.328,0.4962228517469311
nfix,supermat,NTP,1000,platt_fit,27,1.4602013580520976,-0.4627353687639623,0.466,0.4962228517469311
nfix,supermat,NTP,1000,platt_fit,28,1.4304759048550184,-0.7881685591958276,0.386,0.4962228517469311
nfix,supermat,NTP,1000,platt_fit,29,1.9097044062687243,-1.380757009113435,0.26,0.4962228517469311
nfix,supermat,NTP,1000,platt_fit,30,1.5847859514384188,-0.987223504412411,0.339,0.4962228517469311
nfix,supermat,NTP,1000,platt_fit,31,1.305774920435494,-0.8024675293803978,0.353,0.4962228517469311
nfix,supermat,NTP,1000,platt_fit,32,1.754359731504006,-1.3107653294463697,0.275,0.4962228517469311
nfix,supermat,NTP,1000,platt_fit,33,1.5926857945192523,-0.8779517764847578,0.423,0.4962228517469311
nfix,supermat,NTP,1000,platt_fit,34,1.5431452839428303,-0.7597679731783965,0.377,0.4962228517469311
nfix,supermat,NTP,1000,platt_fit,35,1.476512305627497,-0.9532746143613814,0.399,0.4962228517469311
nfix,supermat,NTP,1000,platt_fit,36,1.376827831129392,-1.0953275822545812,0.292,0.4962228517469311
nfix,supermat,NTP,1000,platt_fit,37,1.552089109710011,-1.0748972912171235,0.32,0.4962228517469311
nfix,supermat,NTP,1000,platt_fit,38,1.5839792417724032,-1.4581406646748478,0.235,0.4962228517469311
nfix,supermat,NTP,1000,platt_fit,39,1.7271446194212794,-1.1154316681865188,0.326,0.4962228517469311
nfix,supermat,NTP,1000,platt_fit,40,1.3386404565610814,-0.7362038933759976,0.371,0.4962228517469311
nfix,supermat,NTP,1000,platt_fit,41,1.6933205105859563,-0.4720854317011525,0.477,0.4962228517469311
nfix,supermat,NTP,1000,platt_fit,42,1.619539276896915,-1.09923065143731,0.313,0.4962228517469311
nfix,supermat,NTP,1000,platt_fit,43,1.81635582062754,-1.0886969769011552,0.298,0.4962228517469311
nfix,supermat,NTP,1000,platt_fit,44,1.3856059941239736,-0.5811342341487616,0.43,0.4962228517469311
nfix,supermat,NTP,1000,platt_fit,45,2.006124853474251,-1.5947122128915032,0.241,0.4962228517469311
nfix,supermat,NTP,1000,platt_fit,46,1.5275203752891513,-1.2044691585586116,0.279,0.4962228517469311
nfix,supermat,NTP,1000,platt_fit,47,1.5274838167430476,-0.45864598258033706,0.458,0.4962228517469311
nfix,supermat,NTP,1000,platt_fit,48,1.413949930442657,-0.8415653882958827,0.38,0.4962228517469311
nfix,supermat,NTP,1000,platt_fit,49,1.8206564277598227,-1.0097546794890477,0.309,0.4962228517469311
nfix,supermat,NTP,1000,platt_fit,50,1.7553925450026313,-1.4328525539125319,0.254,0.4962228517469311
nfix,supermat,NTP,1000,platt_fit,51,1.8343329117811,-0.8244823717177459,0.365,0.4962228517469311
nfix,supermat,NTP,1000,platt_fit,52,1.889453135221254,-1.5543814138623662,0.257,0.4962228517469311
nfix,supermat,NTP,1000,platt_fit,53,1.8325305270494752,-1.5838522021862804,0.223,0.4962228517469311
nfix,supermat,NTP,1000,platt_fit,54,1.961921967007716,-1.032003202561194,0.404,0.4962228517469311
nfix,supermat,NTP,1000,platt_fit,55,2.205169531001663,-1.123920708488671,0.315,0.4962228517469311
nfix,supermat,NTP,1000,platt_fit,56,1.6471941798058234,-1.1659716385280408,0.321,0.4962228517469311
nfix,supermat,NTP,1000,platt_fit,57,1.619279839045735,-1.308261822672234,0.271,0.4962228517469311
nfix,supermat,NTP,1000,platt_fit,58,1.8306398543592204,-1.2232839911239834,0.299,0.4962228517469311
nfix,supermat,NTP,1000,platt_fit,59,1.9540829301316387,-1.1809956870852294,0.292,0.4962228517469311
nfix,supermat,NTP,1000,platt_fit,60,1.4487313545201932,-1.1717440978553704,0.289,0.4962228517469311
nfix,supermat,NTP,1000,platt_fit,61,1.9857201332498247,-1.026263086557521,0.348,0.4962228517469311
nfix,supermat,NTP,1000,platt_fit,62,1.6776058823461335,-1.05791475690023,0.335,0.4962228517469311
nfix,supermat,NTP,1000,platt_fit,63,1.3585765936751149,-0.4278611132324074,0.462,0.4962228517469311
nfix,supermat,NTP,1000,platt_fit,64,1.6008850456193866,-1.0354402722479932,0.323,0.4962228517469311
nfix,supermat,NTP,1000,platt_fit,65,1.8809584572645957,-0.4747304224466466,0.476,0.4962228517469311
nfix,supermat,NTP,1000,platt_fit,66,1.685177029904557,-1.0872037675760442,0.3,0.4962228517469311
nfix,supermat,NTP,1000,platt_fit,67,1.4021346436774642,-0.6085099319721101,0.437,0.4962228517469311
nfix,supermat,NTP,1000,platt_fit,68,1.5509020662819584,-1.2892504415079298,0.306,0.4962228517469311
nfix,supermat,NTP,1000,platt_fit,69,1.3044506599245782,-1.3358731464690956,0.247,0.4962228517469311
nfix,supermat,NTP,1000,platt_fit,70,2.0182848955910164,-1.6615199490649453,0.212,0.4962228517469311
nfix,supermat,NTP,1000,platt_fit,71,1.7181465455881162,-0.5630504920244246,0.491,0.4962228517469311
nfix,supermat,NTP,1000,platt_fit,72,1.4760241976639845,-0.5457774489891629,0.419,0.4962228517469311
nfix,supermat,NTP,1000,platt_fit,73,1.5155639366933258,-0.5140502183004362,0.473,0.4962228517469311
nfix,supermat,NTP,1000,platt_fit,74,1.6352703957124473,-1.0309492212759617,0.363,0.4962228517469311
nfix,supermat,NTP,1000,platt_fit,75,1.7693084775171495,-1.427880642432789,0.233,0.4962228517469311
nfix,supermat,NTP,1000,platt_fit,76,1.8443736224582827,-1.299161151447699,0.305,0.4962228517469311
nfix,supermat,NTP,1000,platt_fit,77,1.4796931436476422,-1.271271047669412,0.26,0.4962228517469311
nfix,supermat,NTP,1000,platt_fit,78,2.2198958614269815,-1.4023524877859868,0.287,0.4962228517469311
nfix,supermat,NTP,1000,platt_fit,79,1.5861875926989972,-1.098933649782709,0.334,0.4962228517469311
nfix,supermat,NTP,1000,platt_fit,80,1.3589700941589693,-0.9404473273211492,0.332,0.4962228517469311
nfix,supermat,NTP,1000,platt_fit,81,1.8258450616893616,-0.6546633164197655,0.438,0.4962228517469311
nfix,supermat,NTP,1000,platt_fit,82,1.476843286869183,-0.8543324360224981,0.357,0.4962228517469311
nfix,supermat,NTP,1000,platt_fit,83,1.5273759832369744,-0.5391133976482522,0.43,0.4962228517469311
nfix,supermat,NTP,1000,platt_fit,84,2.026059963646865,-1.0640903717919814,0.384,0.4962228517469311
nfix,supermat,NTP,1000,platt_fit,85,1.487785482067538,-0.7490943388680962,0.366,0.4962228517469311
nfix,supermat,NTP,1000,platt_fit,86,1.3615820307716024,-1.0517682600589542,0.306,0.4962228517469311
nfix,supermat,NTP,1000,platt_fit,87,1.7292309519191198,-0.7213723719047564,0.425,0.4962228517469311
nfix,supermat,NTP,1000,platt_fit,88,1.5752420118794994,-0.7052553816996743,0.402,0.4962228517469311
nfix,supermat,NTP,1000,platt_fit,89,1.4614684783827916,-0.4815006764092448,0.429,0.4962228517469311
nfix,supermat,NTP,1000,platt_fit,90,1.53636724740205,-1.081191807738539,0.308,0.4962228517469311
nfix,supermat,NTP,1000,platt_fit,91,1.8294102026044807,-0.8241166487845587,0.405,0.4962228517469311
nfix,supermat,NTP,1000,platt_fit,92,2.182154374710731,-0.7071392628753477,0.453,0.4962228517469311
nfix,supermat,NTP,1000,platt_fit,93,1.6055138054005722,-1.0619787897663084,0.313,0.4962228517469311
nfix,supermat,NTP,1000,platt_fit,94,1.6759771632945384,-1.1943920809081239,0.284,0.4962228517469311
nfix,supermat,NTP,1000,platt_fit,95,1.7505556065677648,-1.5393871541574147,0.237,0.4962228517469311
nfix,supermat,NTP,1000,platt_fit,96,1.3782140198724695,-0.7062352201598618,0.375,0.4962228517469311
nfix,supermat,NTP,1000,platt_fit,97,1.7111639937651095,-1.0735505657787023,0.314,0.4962228517469311
nfix,supermat,NTP,1000,platt_fit,98,1.2768760721796364,-1.3034204240680956,0.231,0.4962228517469311
nfix,supermat,NTP,1000,platt_fit,99,1.5550678154801147,-0.32968887251828144,0.51,0.4962228517469311
supermat,pond,Probe,10,platt_fit,0,0.19566855124461877,-0.629697501705346,0.4,0.5
supermat,pond,Probe,10,platt_fit,1,0.7253568889630672,-2.2456235925144217,0.4,0.5
supermat,pond,Probe,10,platt_fit,2,-0.12592281946945055,0.23830040754543255,0.5,0.5
supermat,pond,Probe,10,platt_fit,3,0.5203543963588844,-1.1645327961673688,0.4,0.5
supermat,pond,Probe,10,platt_fit,4,0.5488324482225483,-0.8102163471594784,0.6,0.5
supermat,pond,Probe,10,platt_fit,5,0.8013392423589848,-2.15042886587002,0.3,0.5
supermat,pond,Probe,10,platt_fit,6,1.2425871136550946,0.6509669125031983,0.8,0.5
supermat,pond,Probe,10,platt_fit,7,-0.00044713486681600013,-0.8469200770552561,0.3,0.5
supermat,pond,Probe,10,platt_fit,8,-0.06958596927958176,-0.333297204832609,0.4,0.5
supermat,pond,Probe,10,platt_fit,9,0.23654918487979648,-0.4714492351672555,0.5,0.5
supermat,pond,Probe,10,platt_fit,10,0.882005101926759,-2.5600053557214015,0.3,0.5
supermat,pond,Probe,10,platt_fit,11,0.08349911421052345,-0.9469696456334367,0.3,0.5
supermat,pond,Probe,10,platt_fit,12,15.361174765823522,-73.26858251004569,0.2,0.5
supermat,pond,Probe,10,platt_fit,13,0.6662192828971816,-1.6108778287682617,0.4,0.5
supermat,pond,Probe,10,platt_fit,14,1.3634623946443627,-3.550932013998546,0.3,0.5
supermat,pond,Probe,10,platt_fit,15,-0.49240089103471657,-0.4202718150394901,0.3,0.5
supermat,pond,Probe,10,platt_fit,16,0.5506202010156775,-1.2178449955064334,0.4,0.5
supermat,pond,Probe,10,platt_fit,18,0.35287908306643284,-1.9718641366630427,0.2,0.5
supermat,pond,Probe,10,platt_fit,19,1.6425820873114305,-3.3513121220946274,0.4,0.5
supermat,pond,Probe,10,platt_fit,20,0.5562011619909489,-1.7180419253381334,0.2,0.5
supermat,pond,Probe,10,platt_fit,21,0.4571466394205859,-0.8113384652401002,0.5,0.5
supermat,pond,Probe,10,platt_fit,22,0.37780904259205905,0.41516231228033934,0.7,0.5
supermat,pond,Probe,10,platt_fit,23,0.22579116391621207,-0.5843026549766835,0.5,0.5
supermat,pond,Probe,10,platt_fit,24,0.7565637240447702,-3.116334095759551,0.3,0.5
supermat,pond,Probe,10,platt_fit,25,0.028473603036632347,-0.881981171043913,0.3,0.5
supermat,pond,Probe,10,platt_fit,26,0.6363207192831807,-1.596598058979598,0.4,0.5
supermat,pond,Probe,10,platt_fit,27,1.4085963346635102,-4.672142474263529,0.1,0.5
supermat,pond,Probe,10,platt_fit,28,-0.37156440789216444,0.7337989623500735,0.5,0.5
supermat,pond,Probe,10,platt_fit,29,1.0442325785969722,-3.3929012908938727,0.2,0.5
supermat,pond,Probe,10,platt_fit,30,-0.25964918256495645,-0.7422596957476572,0.3,0.5
supermat,pond,Probe,10,platt_fit,31,0.35913866493749036,-0.9856848552544396,0.4,0.5
supermat,pond,Probe,10,platt_fit,32,0.1307371447569344,-0.9193734689317757,0.3,0.5
supermat,pond,Probe,10,platt_fit,33,0.44340186360550626,-1.1926354752067965,0.4,0.5
supermat,pond,Probe,10,platt_fit,34,-0.16894770681304522,1.1370849425934817,0.7,0.5
supermat,pond,Probe,10,platt_fit,35,1.0366725224770856,-3.6098915857242515,0.4,0.5
supermat,pond,Probe,10,platt_fit,36,0.554370455941998,-1.4504652723272689,0.4,0.5
supermat,pond,Probe,10,platt_fit,37,0.6602708834509607,-2.966282175233246,0.2,0.5
supermat,pond,Probe,10,platt_fit,38,0.1367859750024948,-1.0521378332342861,0.3,0.5
supermat,pond,Probe,10,platt_fit,39,44.74220933710754,-21.809442252914156,0.2,0.5
supermat,pond,Probe,10,platt_fit,40,1.4225869946829774,-4.245273820353408,0.4,0.5
supermat,pond,Probe,10,platt_fit,41,0.771020700526454,-1.611048990690816,0.5,0.5
supermat,pond,Probe,10,platt_fit,42,0.1052948473789658,0.7055352673198233,0.7,0.5
supermat,pond,Probe,10,platt_fit,43,-0.22949802664282004,0.4067789831186388,0.5,0.5
supermat,pond,Probe,10,platt_fit,44,-2.3837972514901162,0.09437304839464519,0.2,0.5
supermat,pond,Probe,10,platt_fit,45,1.466734702372991,0.802321790526246,0.8,0.5
supermat,pond,Probe,10,platt_fit,46,2.624901229951347,-11.057620454463887,0.2,0.5
supermat,pond,Probe,10,platt_fit,47,0.03776267939718417,-0.4905171307031457,0.4,0.5
supermat,pond,Probe,10,platt_fit,48,0.7463797225958739,-0.949950090707888,0.5,0.5
supermat,pond,Probe,10,platt_fit,49,0.8996071313754941,-1.8370839485587929,0.4,0.5
supermat,pond,Probe,10,platt_fit,50,0.43989651514774714,-1.222382069283198,0.4,0.5
supermat,pond,Probe,10,platt_fit,51,-0.04288471636032142,-0.2933729511906056,0.4,0.5
supermat,pond,Probe,10,platt_fit,52,-0.07605161411304898,0.5373086225334565,0.6,0.5
supermat,pond,Probe,10,platt_fit,53,3.51343159060345,-11.329148874892622,0.5,0.5
supermat,pond,Probe,10,platt_fit,54,-0.026679436794774917,0.8619148743020294,0.7,0.5
supermat,pond,Probe,10,platt_fit,55,0.513803194789159,-1.4434854935057084,0.3,0.5
supermat,pond,Probe,10,platt_fit,56,0.14678938434264302,-0.9772809505319946,0.3,0.5
supermat,pond,Probe,10,platt_fit,57,0.13907235906183904,-0.605072277076594,0.4,0.5
supermat,pond,Probe,10,platt_fit,58,0.7082310999727142,-1.6651828927875334,0.4,0.5
supermat,pond,Probe,10,platt_fit,59,0.20281256673757242,-1.1940669169343694,0.3,0.5
supermat,pond,Probe,10,platt_fit,60,0.6977193400152113,-2.07483247755371,0.4,0.5
supermat,pond,Probe,10,platt_fit,61,0.5962303864301703,-1.650990577734459,0.3,0.5
supermat,pond,Probe,10,platt_fit,62,0.4902081831273374,-1.8529462419857718,0.3,0.5
supermat,pond,Probe,10,platt_fit,63,-0.04445723759349112,-0.818191412379576,0.3,0.5
supermat,pond,Probe,10,platt_fit,64,0.06716656423925714,0.3682752805776503,0.6,0.5
supermat,pond,Probe,10,platt_fit,65,0.07503528359236582,0.25650158083203944,0.6,0.5
supermat,pond,Probe,10,platt_fit,66,21.646681295612204,-17.477400552213503,0.5,0.5
supermat,pond,Probe,10,platt_fit,67,-0.16021369571377847,-0.18595590876747128,0.4,0.5
supermat,pond,Probe,10,platt_fit,68,14.79793427221042,-26.306891965455186,0.6,0.5
supermat,pond,Probe,10,platt_fit,69,0.2143861399721409,-0.02336735099840784,0.6,0.5
supermat,pond,Probe,10,platt_fit,70,-0.015392208768351609,-0.36993451684120865,0.4,0.5
supermat,pond,Probe,10,platt_fit,71,1.343069806132004,-2.153638276642194,0.3,0.5
supermat,pond,Probe,10,platt_fit,72,1.3156286875644017,0.3536768485272577,0.7,0.5
supermat,pond,Probe,10,platt_fit,73,0.6929159498094718,-1.8432929217832084,0.3,0.5
supermat,pond,Probe,10,platt_fit,74,28.87185351181164,-97.36499166358529,0.5,0.5
supermat,pond,Probe,10,platt_fit,75,0.4469108629259602,-0.10381974746079134,0.7,0.5
supermat,pond,Probe,10,platt_fit,76,0.4797121810344707,-1.2685137425673958,0.4,0.5
supermat,pond,Probe,10,platt_fit,77,0.7664239566708222,-1.5601514282377482,0.5,0.5
supermat,pond,Probe,10,platt_fit,78,1.5569832676783613,0.7240502072047882,0.7,0.5
supermat,pond,Probe,10,platt_fit,79,0.5348230682233736,-2.4652261808646303,0.2,0.5
supermat,pond,Probe,10,platt_fit,80,0.6665957123546304,-0.5783467288736442,0.6,0.5
supermat,pond,Probe,10,platt_fit,81,0.12347990193397348,0.6413377770524689,0.7,0.5
supermat,pond,Probe,10,platt_fit,82,65.11868202455784,-200.52747432495022,0.3,0.5
supermat,pond,Probe,10,platt_fit,83,1.6585900993314209,-4.620940123501335,0.3,0.5
supermat,pond,Probe,10,platt_fit,84,0.63703010521825,-1.9189745798900293,0.3,0.5
supermat,pond,Probe,10,platt_fit,85,0.28882606865148003,0.15099709438530262,0.6,0.5
supermat,pond,Probe,10,platt_fit,86,0.5046742427818912,-0.5635909492657183,0.5,0.5
supermat,pond,Probe,10,platt_fit,87,-0.23594987085018873,0.3583064858303183,0.5,0.5
supermat,pond,Probe,10,platt_fit,88,-34.44572531048838,-45.24325681008189,0.1,0.5
supermat,pond,Probe,10,platt_fit,89,0.7279094298340231,-2.493498439093596,0.3,0.5
supermat,pond,Probe,10,platt_fit,90,1.5382176007803383,-1.1832477609164107,0.3,0.5
supermat,pond,Probe,10,platt_fit,91,-2.3951160077513247,-2.627904430971115,0.2,0.5
supermat,pond,Probe,10,platt_fit,92,1.104184608999792,-1.8709604683919399,0.4,0.5
supermat,pond,Probe,10,platt_fit,93,-0.04247916573782686,0.0687945953971191,0.5,0.5
supermat,pond,Probe,10,platt_fit,94,0.5447032733853515,-1.5278898650180046,0.4,0.5
supermat,pond,Probe,10,platt_fit,95,-0.2541409518385811,1.2268320871518266,0.6,0.5
supermat,pond,Probe,10,platt_fit,96,0.6212642831455825,-1.3762662079557388,0.4,0.5
supermat,pond,Probe,10,platt_fit,97,-0.07513727387534154,-0.7451602617377696,0.3,0.5
supermat,pond,Probe,10,platt_fit,98,0.1818574947747332,-0.498010193590295,0.4,0.5
supermat,pond,Probe,10,platt_fit,99,2.609959149440747,-8.60460427573037,0.3,0.5
supermat,pond,Probe,10,platt_fit,100,8.57944149216467,-8.684954330758112,0.6,0.5
supermat,pond,NTP,10,platt_fit,0,0.0810629605409225,-0.6784255639606269,0.4,0.5
supermat,pond,NTP,10,platt_fit,1,0.3529052463021255,-1.1476958027842814,0.4,0.5
supermat,pond,NTP,10,platt_fit,2,14.35123967819001,6.161885859067806,0.5,0.5
supermat,pond,NTP,10,platt_fit,3,0.3327487804129077,-1.8372957600231345,0.4,0.5
supermat,pond,NTP,10,platt_fit,4,0.4100574458855258,-0.11815651354658367,0.6,0.5
supermat,pond,NTP,10,platt_fit,5,1.775456560101775,-12.222693947368377,0.3,0.5
supermat,pond,NTP,10,platt_fit,6,115959.88297597201,56333.44495613562,0.8,0.5
supermat,pond,NTP,10,platt_fit,7,-0.5830003888563308,-0.9753554663449983,0.3,0.5
supermat,pond,NTP,10,platt_fit,8,0.192067374523367,-1.4925074833116294,0.4,0.5
supermat,pond,NTP,10,platt_fit,9,0.04606187243402815,-0.1406246722476763,0.5,0.5
supermat,pond,NTP,10,platt_fit,10,-0.6358084358221985,-0.8285947440037469,0.3,0.5
supermat,pond,NTP,10,platt_fit,11,0.0683733361449638,-0.998112768531378,0.3,0.5
supermat,pond,NTP,10,platt_fit,12,0.30207076889255663,-3.0383506480492457,0.2,0.5
supermat,pond,NTP,10,platt_fit,13,0.1984728511407723,-1.1480126370387767,0.4,0.5
supermat,pond,NTP,10,platt_fit,14,5.150968039091033,-27.310578423426875,0.3,0.5
supermat,pond,NTP,10,platt_fit,15,0.7116386221096426,-1.6510068873775305,0.3,0.5
supermat,pond,NTP,10,platt_fit,16,2.2734356155974735,0.04403611791973272,0.4,0.5
supermat,pond,NTP,10,platt_fit,18,0.18158188012451262,-2.0370452475357053,0.2,0.5
supermat,pond,NTP,10,platt_fit,19,4.733775836189761,-7.086920313682249,0.4,0.5
supermat,pond,NTP,10,platt_fit,20,2677.075602080447,1274.3374114431215,0.2,0.5
supermat,pond,NTP,10,platt_fit,21,0.19007199310580258,-0.8029255909774764,0.5,0.5
supermat,pond,NTP,10,platt_fit,22,34.89046199994891,9.399291268864857,0.7,0.5
supermat,pond,NTP,10,platt_fit,23,0.07164011464674251,-0.29966404748997094,0.5,0.5
supermat,pond,NTP,10,platt_fit,24,0.02086747427615048,-0.9365869130172015,0.3,0.5
supermat,pond,NTP,10,platt_fit,25,1.290580449196935,-1.8214726581582639,0.3,0.5
supermat,pond,NTP,10,platt_fit,26,10.306582291072857,3.2148844704646233,0.4,0.5
supermat,pond,NTP,10,platt_fit,27,-0.06966977561659596,-2.019765199597228,0.1,0.5
supermat,pond,NTP,10,platt_fit,28,0.25588450232266147,-0.627435845385032,0.5,0.5
supermat,pond,NTP,10,platt_fit,29,0.23662146982845605,-2.1237788771342387,0.2,0.5
supermat,pond,NTP,10,platt_fit,30,0.3400694225800661,-2.171617260618216,0.3,0.5
supermat,pond,NTP,10,platt_fit,31,0.5485324153180112,-1.7646149922397345,0.4,0.5
supermat,pond,NTP,10,platt_fit,32,-0.08046601447215436,-0.6952659845961131,0.3,0.5
supermat,pond,NTP,10,platt_fit,33,-1.2080942552741176,-0.34900974361196985,0.4,0.5
supermat,pond,NTP,10,platt_fit,34,-0.009791052511603626,0.890199122087396,0.7,0.5
supermat,pond,NTP,10,platt_fit,35,0.1339340092738235,-1.3705463467287637,0.4,0.5
supermat,pond,NTP,10,platt_fit,36,0.1299290277260583,-0.9411157043702455,0.4,0.5
supermat,pond,NTP,10,platt_fit,37,-38.97428169430787,-19.843053973548592,0.2,0.5
supermat,pond,NTP,10,platt_fit,38,0.024253768581536914,-0.9379989896631195,0.3,0.5
supermat,pond,NTP,10,platt_fit,39,4.699196857727618,-7.188284464361391,0.2,0.5
supermat,pond,NTP,10,platt_fit,40,0.401381886184622,-1.8181942899188592,0.4,0.5
supermat,pond,NTP,10,platt_fit,41,6.796819842683219,-8.326434636798727,0.5,0.5
supermat,pond,NTP,10,platt_fit,42,0.12474214363391886,0.29405274960743694,0.7,0.5
supermat,pond,NTP,10,platt_fit,43,0.05979658885992785,-0.22992363939780883,0.5,0.5
supermat,pond,NTP,10,platt_fit,44,-0.23428071445146065,-1.040696021498841,0.2,0.5
supermat,pond,NTP,10,platt_fit,45,6.003689339675692,2.8182475431805516,0.8,0.5
supermat,pond,NTP,10,platt_fit,46,0.030853719108065246,-1.5614950708844066,0.2,0.5
supermat,pond,NTP,10,platt_fit,47,0.12626582439640233,-0.9678425380486186,0.4,0.5
supermat,pond,NTP,10,platt_fit,48,206.97506443535013,98.91770350804988,0.5,0.5
supermat,pond,NTP,10,platt_fit,49,0.014726634719004147,-0.4728258647430979,0.4,0.5
supermat,pond,NTP,10,platt_fit,50,0.2020779510187553,-1.588661664030209,0.4,0.5
supermat,pond,NTP,10,platt_fit,51,-0.04239056013469147,-0.21508270651269917,0.4,0.5
supermat,pond,NTP,10,platt_fit,52,0.09397652786749013,-0.07535562734191664,0.6,0.5
supermat,pond,NTP,10,platt_fit,53,0.12633852413570876,-0.9463113477082491,0.5,0.5
supermat,pond,NTP,10,platt_fit,54,0.23985409694209708,0.30915344799653016,0.7,0.5
supermat,pond,NTP,10,platt_fit,55,0.7152620649622591,-1.4576293129379359,0.3,0.5
supermat,pond,NTP,10,platt_fit,56,0.04039582185594158,-0.9885414199323455,0.3,0.5
supermat,pond,NTP,10,platt_fit,57,0.03486788678803989,-0.49728921844944907,0.4,0.5
supermat,pond,NTP,10,platt_fit,58,140.4215582371863,66.39585629532625,0.4,0.5
supermat,pond,NTP,10,platt_fit,59,0.13233588993258577,-1.2977547063546249,0.3,0.5
supermat,pond,NTP,10,platt_fit,60,0.27418348050501123,-1.1959085303014199,0.4,0.5
supermat,pond,NTP,10,platt_fit,61,0.15138001118885003,-1.1721587814245495,0.3,0.5
supermat,pond,NTP,10,platt_fit,62,1.466258938741773,-1.3673417226636448,0.3,0.5
supermat,pond,NTP,10,platt_fit,63,0.07494430921265084,-1.0464111972983845,0.3,0.5
supermat,pond,NTP,10,platt_fit,64,0.20992314715281452,-0.34052031590561876,0.6,0.5
supermat,pond,NTP,10,platt_fit,65,0.09498972927390237,-0.06555551178978004,0.6,0.5
supermat,pond,NTP,10,platt_fit,66,228482.48887524943,111003.44630190884,0.5,0.5
supermat,pond,NTP,10,platt_fit,67,0.09998216135557604,-0.6020910553372496,0.4,0.5
supermat,pond,NTP,10,platt_fit,68,10717.848880529506,5202.390085024566,0.6,0.5
supermat,pond,NTP,10,platt_fit,69,21.02768468922682,9.362947513247175,0.6,0.5
supermat,pond,NTP,10,platt_fit,70,-1.215762794223678,-0.30187707610335535,0.4,0.5
supermat,pond,NTP,10,platt_fit,71,0.01840649628509968,-0.858772304218813,0.3,0.5
supermat,pond,NTP,10,platt_fit,72,60.098841187070796,21.29106267797917,0.7,0.5
supermat,pond,NTP,10,platt_fit,73,0.6611675619717503,-1.637880426594471,0.3,0.5
supermat,pond,NTP,10,platt_fit,74,0.5605188787871207,-5.996337869259418,0.5,0.5
supermat,pond,NTP,10,platt_fit,75,0.15299215101684635,-0.2630041728225118,0.7,0.5
supermat,pond,NTP,10,platt_fit,76,0.05415568447442391,-0.6902320734566526,0.4,0.5
supermat,pond,NTP,10,platt_fit,77,0.36914212038019784,-1.6996605190541558,0.5,0.5
supermat,pond,NTP,10,platt_fit,78,1.4445320586243164,0.26210081110211286,0.7,0.5
supermat,pond,NTP,10,platt_fit,79,0.2480555669369553,-2.077215506951653,0.2,0.5
supermat,pond,NTP,10,platt_fit,80,0.19429342982476383,-0.9795239086964563,0.6,0.5
supermat,pond,NTP,10,platt_fit,81,0.03999084642306766,0.5706511782286731,0.7,0.5
supermat,pond,NTP,10,platt_fit,82,0.5272106470446721,-5.8639189423946965,0.3,0.5
supermat,pond,NTP,10,platt_fit,83,0.13327385513410114,-1.3492758378445346,0.3,0.5
supermat,pond,NTP,10,platt_fit,84,0.22132917855364612,-1.2493339394238139,0.3,0.5
supermat,pond,NTP,10,platt_fit,85,5274.193447570502,2548.2664368510414,0.6,0.5
supermat,pond,NTP,10,platt_fit,86,0.1253374256142855,-0.394029691199688,0.5,0.5
supermat,pond,NTP,10,platt_fit,87,0.009890792557584556,-0.02450458369560733,0.5,0.5
supermat,pond,NTP,10,platt_fit,88,0.06405076202882519,-2.2842734503713484,0.1,0.5
supermat,pond,NTP,10,platt_fit,89,0.2829909963419547,-1.9745015041903675,0.3,0.5
supermat,pond,NTP,10,platt_fit,90,51.008625406539835,21.839306788486912,0.3,0.5
supermat,pond,NTP,10,platt_fit,91,0.041324976201979176,-1.467880719375051,0.2,0.5
supermat,pond,NTP,10,platt_fit,92,4.874501156797522,-6.9720603803529775,0.4,0.5
supermat,pond,NTP,10,platt_fit,93,0.049888314913499335,-0.3007327818482903,0.5,0.5
supermat,pond,NTP,10,platt_fit,94,1.1378579349513183,-3.297247241153315,0.4,0.5
supermat,pond,NTP,10,platt_fit,95,-0.011348754949368923,0.48012452424147173,0.6,0.5
supermat,pond,NTP,10,platt_fit,96,91.9999031475203,42.32231182970706,0.4,0.5
supermat,pond,NTP,10,platt_fit,97,16.61992025344607,5.753983389721051,0.3,0.5
supermat,pond,NTP,10,platt_fit,98,-1.9615153663811289,-1.171863927153891,0.4,0.5
supermat,pond,NTP,10,platt_fit,99,0.49859072889819867,-1.834898559771616,0.3,0.5
supermat,pond,NTP,10,platt_fit,100,4.33088599517057,-6.377995417028236,0.6,0.5
supermat,pond,Probe,50,platt_fit,0,0.4976621451356654,-1.3026069778526586,0.34,0.5
supermat,pond,Probe,50,platt_fit,1,0.37900246740470456,-1.5443135467961346,0.26,0.5
supermat,pond,Probe,50,platt_fit,2,0.3264829751990976,-0.5397245736234966,0.52,0.5
supermat,pond,Probe,50,platt_fit,3,0.3208890481496537,-0.9241278126412945,0.38,0.5
supermat,pond,Probe,50,platt_fit,4,0.4644274526237108,-0.8390436868239974,0.48,0.5
supermat,pond,Probe,50,platt_fit,5,0.3404874395452464,-1.5390528087961157,0.26,0.5
supermat,pond,Probe,50,platt_fit,6,0.6491045022990973,-2.659823587938067,0.26,0.5
supermat,pond,Probe,50,platt_fit,7,0.05980001028441465,-0.24891839514817107,0.46,0.5
supermat,pond,Probe,50,platt_fit,8,0.2833257453707853,-1.2355725376732396,0.32,0.5
supermat,pond,Probe,50,platt_fit,9,0.3456919446914701,-1.2035711100717505,0.36,0.5
supermat,pond,Probe,50,platt_fit,10,0.6759782592837724,-1.5217364593377796,0.38,0.5
supermat,pond,Probe,50,platt_fit,11,0.11499599338138726,-0.3115218091180757,0.46,0.5
supermat,pond,Probe,50,platt_fit,12,0.17855078845451341,-1.1913278379412506,0.28,0.5
supermat,pond,Probe,50,platt_fit,13,0.44857869452003774,-1.1990995226210488,0.4,0.5
supermat,pond,Probe,50,platt_fit,14,0.5403594373481414,-1.4329291605037235,0.32,0.5
supermat,pond,Probe,50,platt_fit,15,0.3232993791264628,-0.6832320573763948,0.46,0.5
supermat,pond,Probe,50,platt_fit,16,0.43379751579392434,-1.3284207698897652,0.38,0.5
supermat,pond,Probe,50,platt_fit,17,0.29375885992328477,-1.6522091093058742,0.24,0.5
supermat,pond,Probe,50,platt_fit,18,0.6568921113280854,-1.7391563404223065,0.3,0.5
supermat,pond,Probe,50,platt_fit,19,0.5457984839562223,-1.1232358156365123,0.44,0.5
supermat,pond,Probe,50,platt_fit,20,0.30126031934063957,-0.5022174885546009,0.44,0.5
supermat,pond,Probe,50,platt_fit,21,0.47580407398689006,-1.420237364598049,0.32,0.5
supermat,pond,Probe,50,platt_fit,22,0.3115197729436822,-0.27321677419864426,0.54,0.5
supermat,pond,Probe,50,platt_fit,23,0.4431574392078797,-1.299334913628466,0.38,0.5
supermat,pond,Probe,50,platt_fit,24,0.4969353905702525,-1.0438388373232663,0.5,0.5
supermat,pond,Probe,50,platt_fit,25,0.6041471646717953,-1.4877035446338804,0.34,0.5
supermat,pond,Probe,50,platt_fit,26,0.5364075873795393,-1.5518069509530914,0.38,0.5
supermat,pond,Probe,50,platt_fit,27,0.4118096621522106,-1.0737169581089419,0.36,0.5
supermat,pond,Probe,50,platt_fit,28,0.3219116118947925,-0.6043462325301318,0.48,0.5
supermat,pond,Probe,50,platt_fit,29,0.5374666350208185,-0.9877690031838996,0.48,0.5
supermat,pond,Probe,50,platt_fit,30,0.2673760433404811,-0.31804193018195615,0.48,0.5
supermat,pond,Probe,50,platt_fit,31,0.5559535526581387,-1.5150542203985784,0.36,0.5
supermat,pond,Probe,50,platt_fit,32,0.586754943067237,-0.23337534069579943,0.64,0.5
supermat,pond,Probe,50,platt_fit,33,0.6772898177912944,-1.467820601600293,0.42,0.5
supermat,pond,Probe,50,platt_fit,34,0.7078480588058736,-0.9972714216353433,0.56,0.5
supermat,pond,Probe,50,platt_fit,35,0.7307586127883489,-1.096693106016009,0.48,0.5
supermat,pond,Probe,50,platt_fit,36,0.49104354284425406,-0.5579917442394893,0.54,0.5
supermat,pond,Probe,50,platt_fit,37,0.8297020129842557,-2.247024237048541,0.36,0.5
supermat,pond,Probe,50,platt_fit,38,0.7842632973647428,-1.7592250863507235,0.5,0.5
supermat,pond,Probe,50,platt_fit,39,0.620679614131816,-1.6471393520036919,0.38,0.5
supermat,pond,Probe,50,platt_fit,40,0.47619641920408795,-0.38947230790773835,0.6,0.5
supermat,pond,Probe,50,platt_fit,41,0.9120940478624718,-1.9440240920779317,0.4,0.5
supermat,pond,Probe,50,platt_fit,42,0.34320244261197796,-0.8801898073948123,0.44,0.5
supermat,pond,Probe,50,platt_fit,43,-0.0609282662698519,0.13788133730852306,0.52,0.5
supermat,pond,Probe,50,platt_fit,44,0.5665680445089536,-1.477546540908333,0.38,0.5
supermat,pond,Probe,50,platt_fit,45,0.010319452777834305,0.8231641227299461,0.7,0.5
supermat,pond,Probe,50,platt_fit,46,0.30889105442298836,-0.43197883261768344,0.52,0.5
supermat,pond,Probe,50,platt_fit,47,0.25891499623717423,-0.8478074400269662,0.4,0.5
supermat,pond,Probe,50,platt_fit,48,0.44295486158416536,-1.018084986239746,0.4,0.5
supermat,pond,Probe,50,platt_fit,49,0.5838102153776247,-1.381719764394727,0.38,0.5
supermat,pond,Probe,50,platt_fit,50,0.7451356088556759,-1.694910269636283,0.42,0.5
supermat,pond,Probe,50,platt_fit,51,0.35523662861790484,-0.7510868492250641,0.5,0.5
supermat,pond,Probe,50,platt_fit,52,0.3321679649931242,-0.5449655326538166,0.54,0.5
supermat,pond,Probe,50,platt_fit,53,0.37134532130483605,-0.9686292343751665,0.36,0.5
supermat,pond,Probe,50,platt_fit,54,0.5016021258078314,-0.3966632064742266,0.6,0.5
supermat,pond,Probe,50,platt_fit,55,0.23362279939032748,-0.8525926123269391,0.4,0.5
supermat,pond,Probe,50,platt_fit,56,0.31532952528597324,-1.5325299229873544,0.28,0.5
supermat,pond,Probe,50,platt_fit,57,0.3717695909206044,-0.465526601513317,0.52,0.5
supermat,pond,Probe,50,platt_fit,58,0.6661763189893274,-1.0962252467263713,0.44,0.5
supermat,pond,Probe,50,platt_fit,59,0.20737018850735786,-0.7038584854366146,0.4,0.5
supermat,pond,Probe,50,platt_fit,60,0.3342619554761174,-0.8014484183164224,0.44,0.5
supermat,pond,Probe,50,platt_fit,61,0.14932379880151095,-0.5975530023940151,0.44,0.5
supermat,pond,Probe,50,platt_fit,62,0.2695897921044158,-1.0661180957074217,0.34,0.5
supermat,pond,Probe,50,platt_fit,63,0.33755552453257465,-0.5117748221206232,0.5,0.5
supermat,pond,Probe,50,platt_fit,64,0.17233444487074687,-0.5653736562729508,0.42,0.5
supermat,pond,Probe,50,platt_fit,65,0.3933291928977749,-0.7777912877082918,0.42,0.5
supermat,pond,Probe,50,platt_fit,66,0.7967893356759853,-1.892787534225798,0.4,0.5
supermat,pond,Probe,50,platt_fit,67,0.4699095108783987,-0.944721307642569,0.5,0.5
supermat,pond,Probe,50,platt_fit,68,0.9717719770952078,-2.4008506503007787,0.4,0.5
supermat,pond,Probe,50,platt_fit,69,0.32218137292207594,-0.5774235154812531,0.52,0.5
supermat,pond,Probe,50,platt_fit,70,0.4314726234480067,-1.0656270084946033,0.44,0.5
supermat,pond,Probe,50,platt_fit,71,0.4768742698546388,-0.9946622213984843,0.44,0.5
supermat,pond,Probe,50,platt_fit,72,0.23043392582872801,-0.037369063919440115,0.6,0.5
supermat,pond,Probe,50,platt_fit,73,0.5888857941474824,-2.2402772395310877,0.34,0.5
supermat,pond,Probe,50,platt_fit,74,0.5574289136562166,-1.1575839173688955,0.48,0.5
supermat,pond,Probe,50,platt_fit,75,0.1520449573770712,0.06347337151419855,0.58,0.5
supermat,pond,Probe,50,platt_fit,76,0.4360049136294716,-1.287333027738006,0.3,0.5
supermat,pond,Probe,50,platt_fit,77,0.6212056731303072,-1.6097017968944656,0.38,0.5
supermat,pond,Probe,50,platt_fit,78,0.703215558966799,-1.0741782277928376,0.58,0.5
supermat,pond,Probe,50,platt_fit,79,0.6000187615678878,-1.2840497890714853,0.36,0.5
supermat,pond,Probe,50,platt_fit,80,0.3338192503524619,-0.5505011161012542,0.52,0.5
supermat,pond,Probe,50,platt_fit,81,-0.2061808175275698,0.8416959490627602,0.62,0.5
supermat,pond,Probe,50,platt_fit,82,0.6206007905505089,-1.2858528857125717,0.4,0.5
supermat,pond,Probe,50,platt_fit,83,0.3396742979223117,-0.7915571427220512,0.44,0.5
supermat,pond,Probe,50,platt_fit,84,0.2642827619164108,-0.4438394569421558,0.48,0.5
supermat,pond,Probe,50,platt_fit,85,0.39773761453229534,0.45512196680810474,0.7,0.5
supermat,pond,Probe,50,platt_fit,86,0.6167782456359647,-1.31965787701724,0.48,0.5
supermat,pond,Probe,50,platt_fit,87,0.45297363141248465,-0.692873297902003,0.54,0.5
supermat,pond,Probe,50,platt_fit,88,0.4135239477317127,-0.8661019253382374,0.4,0.5
supermat,pond,Probe,50,platt_fit,89,0.89024841933818,-1.8294564061603034,0.44,0.5
supermat,pond,Probe,50,platt_fit,90,0.6220944582887749,-2.463084882063712,0.3,0.5
supermat,pond,Probe,50,platt_fit,91,0.3740514659484598,-0.7713066449778789,0.48,0.5
supermat,pond,Probe,50,platt_fit,92,0.32207838329037347,-1.0560988892260856,0.32,0.5
supermat,pond,Probe,50,platt_fit,93,0.33294687033388876,-1.0477694933943575,0.38,0.5
supermat,pond,Probe,50,platt_fit,94,0.6552713653558428,-1.1691571140124417,0.48,0.5
supermat,pond,Probe,50,platt_fit,95,0.10864583655157566,0.15254259889470284,0.58,0.5
supermat,pond,Probe,50,platt_fit,96,-0.016222195793792006,0.18962156730263963,0.54,0.5
supermat,pond,Probe,50,platt_fit,97,0.46891842499698483,-0.4693212070276804,0.52,0.5
supermat,pond,Probe,50,platt_fit,98,0.39464758470921174,-0.640910796147459,0.48,0.5
supermat,pond,Probe,50,platt_fit,99,0.3367631309228062,-0.8458603676459893,0.48,0.5
supermat,pond,NTP,50,platt_fit,0,0.2030437932357406,-1.3350385716522915,0.34,0.5
supermat,pond,NTP,50,platt_fit,1,0.14343215585302244,-1.3492045166332614,0.26,0.5
supermat,pond,NTP,50,platt_fit,2,0.03987191721351484,-0.06518843764648889,0.52,0.5
supermat,pond,NTP,50,platt_fit,3,0.1365738422697702,-0.9876150456432753,0.38,0.5
supermat,pond,NTP,50,platt_fit,4,0.2244288574299279,-0.5163617227389474,0.48,0.5
supermat,pond,NTP,50,platt_fit,5,0.18074629408140822,-1.593739809084434,0.26,0.5
supermat,pond,NTP,50,platt_fit,6,0.17444933185174358,-1.8953949477500742,0.26,0.5
supermat,pond,NTP,50,platt_fit,7,0.09014631821911719,-0.5251076707941663,0.46,0.5
supermat,pond,NTP,50,platt_fit,8,0.2925609878807293,-2.03772437761472,0.32,0.5
supermat,pond,NTP,50,platt_fit,9,0.14415975999612418,-1.1734621094775026,0.36,0.5
supermat,pond,NTP,50,platt_fit,10,0.16391091762900648,-0.9950115273661455,0.38,0.5
supermat,pond,NTP,50,platt_fit,11,0.2713771670996763,-0.6321785260122577,0.46,0.5
supermat,pond,NTP,50,platt_fit,12,0.13034926482457404,-1.1477206059279457,0.28,0.5
supermat,pond,NTP,50,platt_fit,13,0.17155129984538686,-1.0465049355815403,0.4,0.5
supermat,pond,NTP,50,platt_fit,14,0.22827661666294222,-1.4586475559847807,0.32,0.5
supermat,pond,NTP,50,platt_fit,15,0.1652057161189749,-0.6251503475631458,0.46,0.5
supermat,pond,NTP,50,platt_fit,16,0.24683929156790496,-1.3498945847403072,0.38,0.5
supermat,pond,NTP,50,platt_fit,17,0.1547382639699982,-1.6995708772626301,0.24,0.5
supermat,pond,NTP,50,platt_fit,18,0.24600390339143297,-1.3164667568159303,0.3,0.5
supermat,pond,NTP,50,platt_fit,19,0.2354266617743505,-1.118515057702946,0.44,0.5
supermat,pond,NTP,50,platt_fit,20,0.2947414849920675,-1.2280957084848025,0.44,0.5
supermat,pond,NTP,50,platt_fit,21,0.2611606944690398,-1.601834858380462,0.32,0.5
supermat,pond,NTP,50,platt_fit,22,0.24447029971206297,-0.3353154806366716,0.54,0.5
supermat,pond,NTP,50,platt_fit,23,0.1621655291560804,-1.216788401354786,0.38,0.5
supermat,pond,NTP,50,platt_fit,24,0.09999890391894423,-0.3345473403961196,0.5,0.5
supermat,pond,NTP,50,platt_fit,25,0.21993276703492956,-1.335275546782931,0.34,0.5
supermat,pond,NTP,50,platt_fit,26,0.18362339546335746,-1.1582500014344517,0.38,0.5
supermat,pond,NTP,50,platt_fit,27,0.25133341600904885,-1.4796330043668908,0.36,0.5
supermat,pond,NTP,50,platt_fit,28,0.2575542475632906,-0.7822299750504793,0.48,0.5
supermat,pond,NTP,50,platt_fit,29,0.30385325724695195,-0.9188179039365063,0.48,0.5
supermat,pond,NTP,50,platt_fit,30,0.1490858552386321,-0.49654411573519314,0.48,0.5
supermat,pond,NTP,50,platt_fit,31,0.23176755373207966,-1.1463646737013644,0.36,0.5
supermat,pond,NTP,50,platt_fit,32,0.7527643546544058,0.44276242334757127,0.64,0.5
supermat,pond,NTP,50,platt_fit,33,0.24145096152205564,-0.9219454304591883,0.42,0.5
supermat,pond,NTP,50,platt_fit,34,0.1618418014653816,-0.303680042963851,0.56,0.5
supermat,pond,NTP,50,platt_fit,35,0.2201741797163556,-0.8642372548242668,0.48,0.5
supermat,pond,NTP,50,platt_fit,36,0.14306841675825083,-0.2964772468691825,0.54,0.5
supermat,pond,NTP,50,platt_fit,37,0.27458151367548195,-1.2764584525496128,0.36,0.5
supermat,pond,NTP,50,platt_fit,38,0.2667358310395515,-1.0543252028527266,0.5,0.5
supermat,pond,NTP,50,platt_fit,39,0.2545209300185501,-1.4486125050841332,0.38,0.5
supermat,pond,NTP,50,platt_fit,40,0.27793963997851273,-0.415600740542071,0.6,0.5
supermat,pond,NTP,50,platt_fit,41,0.4214812533006479,-0.89403560824483,0.4,0.5
supermat,pond,NTP,50,platt_fit,42,0.26087609253636695,-1.1857279396242673,0.44,0.5
supermat,pond,NTP,50,platt_fit,43,0.16744660766923727,-0.2576348462826943,0.52,0.5
supermat,pond,NTP,50,platt_fit,44,0.2392628988757713,-1.2422060980291059,0.38,0.5
supermat,pond,NTP,50,platt_fit,45,0.11457776427151113,0.36258666820257607,0.7,0.5
supermat,pond,NTP,50,platt_fit,46,0.14177483428109186,-0.5476831981943978,0.52,0.5
supermat,pond,NTP,50,platt_fit,47,0.19221824796279427,-1.1729167873630268,0.4,0.5
supermat,pond,NTP,50,platt_fit,48,0.2280340748740258,-1.1727909677904376,0.4,0.5
supermat,pond,NTP,50,platt_fit,49,0.17984588229514367,-0.8577154854741752,0.38,0.5
supermat,pond,NTP,50,platt_fit,50,0.16147238709648262,-1.0773686893124288,0.42,0.5
supermat,pond,NTP,50,platt_fit,51,0.13923068892565288,-0.30332597444147846,0.5,0.5
supermat,pond,NTP,50,platt_fit,52,0.15480016377271785,-0.5433818421689942,0.54,0.5
supermat,pond,NTP,50,platt_fit,53,0.17002301665799546,-1.0828474661935406,0.36,0.5
supermat,pond,NTP,50,platt_fit,54,0.15347209214083987,-0.3735968348657727,0.6,0.5
supermat,pond,NTP,50,platt_fit,55,0.23033966389803612,-1.3304619548197563,0.4,0.5
supermat,pond,NTP,50,platt_fit,56,0.13359919508355722,-1.3824109811834109,0.28,0.5
supermat,pond,NTP,50,platt_fit,57,0.15741622790991394,-0.608642595282872,0.52,0.5
supermat,pond,NTP,50,platt_fit,58,0.28504163212163414,-0.6924074748452456,0.44,0.5
supermat,pond,NTP,50,platt_fit,59,0.15651578281437753,-1.0355506311739957,0.4,0.5
supermat,pond,NTP,50,platt_fit,60,0.18148521209867258,-0.9714536463240175,0.44,0.5
supermat,pond,NTP,50,platt_fit,61,0.08250438173684256,-0.5090671855893254,0.44,0.5
supermat,pond,NTP,50,platt_fit,62,0.18328367101887452,-1.371178665354783,0.34,0.5
supermat,pond,NTP,50,platt_fit,63,0.2079835967825484,-0.577081553307258,0.5,0.5
supermat,pond,NTP,50,platt_fit,64,0.12039416561906174,-0.7866877949967322,0.42,0.5
supermat,pond,NTP,50,platt_fit,65,0.23897959845778813,-0.7374874095909818,0.42,0.5
supermat,pond,NTP,50,platt_fit,66,0.2069569055525705,-1.1202816854922777,0.4,0.5
supermat,pond,NTP,50,platt_fit,67,0.1433373765408409,-0.48182919505100724,0.5,0.5
supermat,pond,NTP,50,platt_fit,68,0.1965013432934048,-1.4126099027338272,0.4,0.5
supermat,pond,NTP,50,platt_fit,69,0.1601091546959037,-0.36515723727283533,0.52,0.5
supermat,pond,NTP,50,platt_fit,70,0.1388335635249144,-0.4508666665592666,0.44,0.5
supermat,pond,NTP,50,platt_fit,71,0.1677572605739189,-0.7772264919008427,0.44,0.5
supermat,pond,NTP,50,platt_fit,72,0.15551213398694558,-0.2892246191373436,0.6,0.5
supermat,pond,NTP,50,platt_fit,73,0.19304762458152133,-1.7832356924673547,0.34,0.5
supermat,pond,NTP,50,platt_fit,74,0.20054659715110382,-0.6902329275520123,0.48,0.5
supermat,pond,NTP,50,platt_fit,75,0.11044856412653913,-0.16454009736900482,0.58,0.5
supermat,pond,NTP,50,platt_fit,76,0.2247400155146324,-1.237308746890708,0.3,0.5
supermat,pond,NTP,50,platt_fit,77,0.11931258820902926,-1.0004799875902533,0.38,0.5
supermat,pond,NTP,50,platt_fit,78,0.259646555509151,-0.7794658350190301,0.58,0.5
supermat,pond,NTP,50,platt_fit,79,0.23610278670342197,-1.0710291608254825,0.36,0.5
supermat,pond,NTP,50,platt_fit,80,0.1182221032077349,-0.2875521198834472,0.52,0.5
supermat,pond,NTP,50,platt_fit,81,0.024341074089689944,0.39181492365085135,0.62,0.5
supermat,pond,NTP,50,platt_fit,82,0.23807383514527317,-1.6241121462473105,0.4,0.5
supermat,pond,NTP,50,platt_fit,83,0.21085033382305698,-0.8824140369234318,0.44,0.5
supermat,pond,NTP,50,platt_fit,84,0.21035076788554571,-0.7020515758966778,0.48,0.5
supermat,pond,NTP,50,platt_fit,85,0.1770570679900942,0.4978586418661554,0.7,0.5
supermat,pond,NTP,50,platt_fit,86,0.28033231090365884,-1.1655683087347941,0.48,0.5
supermat,pond,NTP,50,platt_fit,87,0.1907091582636193,-0.6040885293451295,0.54,0.5
supermat,pond,NTP,50,platt_fit,88,0.15753523716154882,-0.9667343629951354,0.4,0.5
supermat,pond,NTP,50,platt_fit,89,0.24053784538785544,-1.0592870038211324,0.44,0.5
supermat,pond,NTP,50,platt_fit,90,0.1986771405112952,-1.877644286298884,0.3,0.5
supermat,pond,NTP,50,platt_fit,91,0.15142812840990139,-0.6587123518699308,0.48,0.5
supermat,pond,NTP,50,platt_fit,92,0.38819077433021115,-1.3195313254150782,0.32,0.5
supermat,pond,NTP,50,platt_fit,93,0.15612110944690238,-1.1101272424073725,0.38,0.5
supermat,pond,NTP,50,platt_fit,94,0.2291987495738434,-0.8343171673161575,0.48,0.5
supermat,pond,NTP,50,platt_fit,95,0.0764703812933876,-0.011344743979321153,0.58,0.5
supermat,pond,NTP,50,platt_fit,96,0.1950663515038279,-0.18740363186300454,0.54,0.5
supermat,pond,NTP,50,platt_fit,97,0.20201791192612392,-0.7572318069579569,0.52,0.5
supermat,pond,NTP,50,platt_fit,98,0.06767338884170755,-0.30381541052714855,0.48,0.5
supermat,pond,NTP,50,platt_fit,99,0.07510659860654767,-0.44412201947366886,0.48,0.5
supermat,pond,Probe,100,platt_fit,0,0.49052530301389924,-1.3487416635726786,0.41,0.5
supermat,pond,Probe,100,platt_fit,1,0.5209782861046502,-1.3868686397809427,0.39,0.5
supermat,pond,Probe,100,platt_fit,2,0.2564255846690657,-0.34688845663559104,0.51,0.5
supermat,pond,Probe,100,platt_fit,3,0.40762325914185366,-1.6882447972837296,0.25,0.5
supermat,pond,Probe,100,platt_fit,4,0.19771926022887487,-0.12792894162093296,0.55,0.5
supermat,pond,Probe,100,platt_fit,5,0.607963165307892,-1.7688977440119804,0.32,0.5
supermat,pond,Probe,100,platt_fit,6,0.3602910095936359,-1.25404006858454,0.38,0.5
supermat,pond,Probe,100,platt_fit,7,0.2440563305824108,-0.5606376478527336,0.47,0.5
supermat,pond,Probe,100,platt_fit,8,0.2842491310382235,-0.5890050536982941,0.46,0.5
supermat,pond,Probe,100,platt_fit,9,0.6234910437364104,-1.4883575545845233,0.37,0.5
supermat,pond,Probe,100,platt_fit,10,0.48510687893533205,-1.0223773925155377,0.44,0.5
supermat,pond,Probe,100,platt_fit,11,0.2902412479212057,-0.3447739176461594,0.51,0.5
supermat,pond,Probe,100,platt_fit,12,0.2968764592541055,-1.0296034504077016,0.4,0.5
supermat,pond,Probe,100,platt_fit,13,0.399260629000059,-0.5469737405083486,0.51,0.5
supermat,pond,Probe,100,platt_fit,14,0.5098715874014609,-1.6218081840741976,0.31,0.5
supermat,pond,Probe,100,platt_fit,15,0.3269604907166417,-0.4593012890642198,0.49,0.5
supermat,pond,Probe,100,platt_fit,16,0.11555775259830792,0.062168811501931626,0.56,0.5
supermat,pond,Probe,100,platt_fit,17,0.3386212095322393,-1.2497888126382422,0.31,0.5
supermat,pond,Probe,100,platt_fit,18,0.6028509128660046,-1.5238318821704855,0.41,0.5
supermat,pond,Probe,100,platt_fit,19,0.4506812962475397,-1.1314515559708787,0.39,0.5
supermat,pond,Probe,100,platt_fit,20,0.4487311637525679,-0.4390539507677387,0.47,0.5
supermat,pond,Probe,100,platt_fit,21,0.7081534750395401,-2.192114925343936,0.3,0.5
supermat,pond,Probe,100,platt_fit,22,0.12973821019107212,0.16642641234953762,0.59,0.5
supermat,pond,Probe,100,platt_fit,23,0.6934383947227094,-2.2316204406939906,0.32,0.5
supermat,pond,Probe,100,platt_fit,24,0.37374270923976693,-0.7604965458108579,0.51,0.5
supermat,pond,Probe,100,platt_fit,25,0.24971162693113702,-0.8843850493350075,0.36,0.5
supermat,pond,Probe,100,platt_fit,26,0.231885091990611,-0.4613763443089317,0.47,0.5
supermat,pond,Probe,100,platt_fit,27,0.5997733759205804,-1.9307391302677557,0.3,0.5
supermat,pond,Probe,100,platt_fit,28,0.3263161952123433,-0.32868100941205575,0.53,0.5
supermat,pond,Probe,100,platt_fit,29,0.2817469128048637,-1.0849292954066125,0.36,0.5
supermat,pond,Probe,100,platt_fit,30,0.012039716032774563,0.311549787598994,0.58,0.5
supermat,pond,Probe,100,platt_fit,31,0.5203100250315674,-1.4012116589229637,0.37,0.5
supermat,pond,Probe,100,platt_fit,32,0.46160545118327223,-1.0942943317394964,0.43,0.5
supermat,pond,Probe,100,platt_fit,33,0.4564627589703359,-1.0851127867263721,0.42,0.5
supermat,pond,Probe,100,platt_fit,34,0.38269483218606287,-0.8399970065725318,0.46,0.5
supermat,pond,Probe,100,platt_fit,35,0.7260342616422583,-2.0548954163346536,0.31,0.5
supermat,pond,Probe,100,platt_fit,36,0.6612217193843941,-1.3787185607133674,0.48,0.5
supermat,pond,Probe,100,platt_fit,37,0.5289767149299364,-1.1838146195674302,0.4,0.5
supermat,pond,Probe,100,platt_fit,38,0.43800528895139995,-1.3754605965100326,0.36,0.5
supermat,pond,Probe,100,platt_fit,39,0.4196877352136403,-1.6587666794822116,0.25,0.5
supermat,pond,Probe,100,platt_fit,40,0.44795526705503474,-0.9093703099593254,0.46,0.5
supermat,pond,Probe,100,platt_fit,41,0.34421995863931815,-0.6201983138463836,0.46,0.5
supermat,pond,Probe,100,platt_fit,42,0.4408971300685478,-0.9718974233905169,0.42,0.5
supermat,pond,Probe,100,platt_fit,43,0.0749863288094202,0.0033236165908649517,0.53,0.5
supermat,pond,Probe,100,platt_fit,44,0.10607568775566376,-0.7670552465535415,0.36,0.5
supermat,pond,Probe,100,platt_fit,45,-0.008958347858580315,0.5050502184130573,0.62,0.5
supermat,pond,Probe,100,platt_fit,46,0.33617939445867606,-1.0285793003872032,0.37,0.5
supermat,pond,Probe,100,platt_fit,47,0.2712069421812471,-0.9070195486575197,0.38,0.5
supermat,pond,Probe,100,platt_fit,48,0.46683289127237837,-0.9653953210243895,0.41,0.5
supermat,pond,Probe,100,platt_fit,49,0.8265348458545326,-2.2795605660129383,0.27,0.5
supermat,pond,Probe,100,platt_fit,50,0.6870276927376403,-1.5513995627567878,0.41,0.5
supermat,pond,Probe,100,platt_fit,51,0.3802786547606762,-1.2149350882357035,0.41,0.5
supermat,pond,Probe,100,platt_fit,52,0.25014994920034184,-0.5955398137720337,0.47,0.5
supermat,pond,Probe,100,platt_fit,53,0.32343948231279934,-0.4509865028890847,0.47,0.5
supermat,pond,Probe,100,platt_fit,54,0.29077873930147885,-0.44039327087351793,0.5,0.5
supermat,pond,Probe,100,platt_fit,55,0.12081534482744168,-0.5998160619291243,0.4,0.5
supermat,pond,Probe,100,platt_fit,56,0.4330148717850414,-1.4532557752826485,0.33,0.5
supermat,pond,Probe,100,platt_fit,57,0.2462500771692953,-0.6785732016010331,0.42,0.5
supermat,pond,Probe,100,platt_fit,58,0.46077623952100316,-1.3938819410442722,0.36,0.5
supermat,pond,Probe,100,platt_fit,59,0.2740274365143154,-0.711827522021913,0.44,0.5
supermat,pond,Probe,100,platt_fit,60,0.09914764324952194,-0.3212823655085379,0.46,0.5
supermat,pond,Probe,100,platt_fit,61,0.0373991402085576,-0.78861520282126,0.33,0.5
supermat,pond,Probe,100,platt_fit,62,0.5488503385686493,-1.4222739695669449,0.38,0.5
supermat,pond,Probe,100,platt_fit,63,0.4090916717803026,-0.5668757324226958,0.5,0.5
supermat,pond,Probe,100,platt_fit,64,0.3531322632678587,-0.37912458988073494,0.54,0.5
supermat,pond,Probe,100,platt_fit,65,0.269063173725934,-0.5040585647795355,0.45,0.5
supermat,pond,Probe,100,platt_fit,66,0.7038143753007758,-1.420258222254781,0.45,0.5
supermat,pond,Probe,100,platt_fit,67,0.232086637832866,-0.6000225430487871,0.43,0.5
supermat,pond,Probe,100,platt_fit,68,0.6283164376742637,-1.469489274032469,0.42,0.5
supermat,pond,Probe,100,platt_fit,69,0.5639477639341568,-1.1757081747955898,0.49,0.5
supermat,pond,Probe,100,platt_fit,70,0.3192120198182454,-1.034735771263452,0.4,0.5
supermat,pond,Probe,100,platt_fit,71,0.6608091316680057,-1.4034954452002621,0.41,0.5
supermat,pond,Probe,100,platt_fit,72,0.2720199245005462,-0.22097892771990071,0.56,0.5
supermat,pond,Probe,100,platt_fit,73,0.7392798326167479,-1.6099922527467816,0.45,0.5
supermat,pond,Probe,100,platt_fit,74,0.6463130361116187,-1.6527104616019528,0.41,0.5
supermat,pond,Probe,100,platt_fit,75,0.24907379691686798,-0.26838127941787376,0.53,0.5
supermat,pond,Probe,100,platt_fit,76,0.2684463720561014,-0.49036980926533885,0.48,0.5
supermat,pond,Probe,100,platt_fit,77,0.6667774538099113,-1.5538339246400132,0.39,0.5
supermat,pond,Probe,100,platt_fit,78,0.3551736379743628,-0.4328057697752712,0.53,0.5
supermat,pond,Probe,100,platt_fit,79,0.5491055881238133,-1.213151568522839,0.4,0.5
supermat,pond,Probe,100,platt_fit,80,0.04803688294001663,-0.2311342460748691,0.46,0.5
supermat,pond,Probe,100,platt_fit,81,0.17074314659572257,-0.309666993635528,0.5,0.5
supermat,pond,Probe,100,platt_fit,82,0.46067714332678006,-1.5884192737461529,0.31,0.5
supermat,pond,Probe,100,platt_fit,83,0.428536126047919,-1.3485095827680478,0.33,0.5
supermat,pond,Probe,100,platt_fit,84,0.253827206537697,-0.7610129359363962,0.39,0.5
supermat,pond,Probe,100,platt_fit,85,0.4036929167457522,-0.07829986782977252,0.62,0.5
supermat,pond,Probe,100,platt_fit,86,0.49460516206582,-0.9875907149210467,0.47,0.5
supermat,pond,Probe,100,platt_fit,87,0.4014400851999396,-0.5796910404211795,0.58,0.5
supermat,pond,Probe,100,platt_fit,88,0.46627631882137016,-0.9840366394911761,0.43,0.5
supermat,pond,Probe,100,platt_fit,89,0.7261398301068522,-1.549609879919186,0.42,0.5
supermat,pond,Probe,100,platt_fit,90,0.3851638453180942,-1.4203053667201804,0.33,0.5
supermat,pond,Probe,100,platt_fit,91,0.3012510842334781,-0.7792746110091848,0.43,0.5
supermat,pond,Probe,100,platt_fit,92,0.43051797712198153,-1.2363508491427204,0.34,0.5
supermat,pond,Probe,100,platt_fit,93,0.44722170520030674,-1.30312741026734,0.32,0.5
supermat,pond,Probe,100,platt_fit,94,0.6036240379228489,-1.2272379772343713,0.48,0.5
supermat,pond,Probe,100,platt_fit,95,0.22057069400072776,-0.250822538534176,0.53,0.5
supermat,pond,Probe,100,platt_fit,96,0.1913386237318179,0.04024870188353416,0.57,0.5
supermat,pond,Probe,100,platt_fit,97,0.30583622528283716,-0.4077562479558773,0.53,0.5
supermat,pond,Probe,100,platt_fit,98,0.431711805513179,-0.9005942540171344,0.46,0.5
supermat,pond,Probe,100,platt_fit,99,0.25321460098978965,-0.720293314261813,0.46,0.5
supermat,pond,NTP,100,platt_fit,0,0.1537242119177556,-1.0424230277680653,0.41,0.5
supermat,pond,NTP,100,platt_fit,1,0.21085546983435743,-1.1250919399532864,0.39,0.5
supermat,pond,NTP,100,platt_fit,2,0.14339250258140712,-0.42869310262609667,0.51,0.5
supermat,pond,NTP,100,platt_fit,3,0.2461990659148335,-2.0493828620677217,0.25,0.5
supermat,pond,NTP,100,platt_fit,4,0.2253512886447242,-0.1766140561355109,0.55,0.5
supermat,pond,NTP,100,platt_fit,5,0.22970015882477243,-1.1927161515761575,0.32,0.5
supermat,pond,NTP,100,platt_fit,6,0.15774218544762364,-1.2965062891943473,0.38,0.5
supermat,pond,NTP,100,platt_fit,7,0.2355281880445878,-0.8381057464496214,0.47,0.5
supermat,pond,NTP,100,platt_fit,8,0.2467367970299406,-0.7354657206563715,0.46,0.5
supermat,pond,NTP,100,platt_fit,9,0.18994667461978926,-1.0736386235577,0.37,0.5
supermat,pond,NTP,100,platt_fit,10,0.147841015922886,-0.7516293296826594,0.44,0.5
supermat,pond,NTP,100,platt_fit,11,0.1739921862878059,-0.33784204679631996,0.51,0.5
supermat,pond,NTP,100,platt_fit,12,0.16388178517498583,-0.9613767157979086,0.4,0.5
supermat,pond,NTP,100,platt_fit,13,0.21361024742712995,-0.6157739079901616,0.51,0.5
supermat,pond,NTP,100,platt_fit,14,0.2056061489159328,-1.693349784777499,0.31,0.5
supermat,pond,NTP,100,platt_fit,15,0.19861920010213388,-0.6093196137938525,0.49,0.5
supermat,pond,NTP,100,platt_fit,16,0.25014466765675125,-0.3797459535292084,0.56,0.5
supermat,pond,NTP,100,platt_fit,17,0.2752643805184599,-1.7565534177913213,0.31,0.5
supermat,pond,NTP,100,platt_fit,18,0.18054184925899194,-0.9649419000463452,0.41,0.5
supermat,pond,NTP,100,platt_fit,19,0.163239201513249,-1.1660088059324853,0.39,0.5
supermat,pond,NTP,100,platt_fit,20,0.22492797761640987,-0.7920898710143025,0.47,0.5
supermat,pond,NTP,100,platt_fit,21,0.23017762880626275,-1.7735410509438845,0.3,0.5
supermat,pond,NTP,100,platt_fit,22,0.21701565710411508,0.0029864110669703087,0.59,0.5
supermat,pond,NTP,100,platt_fit,23,0.18395685837297532,-1.659091338018403,0.32,0.5
supermat,pond,NTP,100,platt_fit,24,0.15445707267688638,-0.47418883662830125,0.51,0.5
supermat,pond,NTP,100,platt_fit,25,0.17993055774801142,-0.9515982027337553,0.36,0.5
supermat,pond,NTP,100,platt_fit,26,0.181941220797101,-0.6820013149818283,0.47,0.5
supermat,pond,NTP,100,platt_fit,27,0.2362728385921649,-1.851931057803571,0.3,0.5
supermat,pond,NTP,100,platt_fit,28,0.1979103636590694,-0.36850634618021616,0.53,0.5
supermat,pond,NTP,100,platt_fit,29,0.11330992781189961,-0.9103397592632557,0.36,0.5
supermat,pond,NTP,100,platt_fit,30,0.12185468530293922,-0.08873653582259937,0.58,0.5
supermat,pond,NTP,100,platt_fit,31,0.20521559715792867,-1.2512392416885176,0.37,0.5
supermat,pond,NTP,100,platt_fit,32,0.07075560209667624,-0.48417891021073295,0.43,0.5
supermat,pond,NTP,100,platt_fit,33,0.18432608050295218,-0.8033968187708429,0.42,0.5
supermat,pond,NTP,100,platt_fit,34,0.22985888400526477,-0.9440319298673445,0.46,0.5
supermat,pond,NTP,100,platt_fit,35,0.1446335584893196,-1.4288093268441637,0.31,0.5
supermat,pond,NTP,100,platt_fit,36,0.2463017114008354,-0.7083933698786535,0.48,0.5
supermat,pond,NTP,100,platt_fit,37,0.1721207633745122,-0.8199286021640161,0.4,0.5
supermat,pond,NTP,100,platt_fit,38,0.12015741847135725,-0.9995915482705294,0.36,0.5
supermat,pond,NTP,100,platt_fit,39,0.20003857564669317,-1.5245636998589756,0.25,0.5
supermat,pond,NTP,100,platt_fit,40,0.16811427381354158,-0.8349703530746051,0.46,0.5
supermat,pond,NTP,100,platt_fit,41,0.2086699040546765,-0.6662156846872129,0.46,0.5
supermat,pond,NTP,100,platt_fit,42,0.19686650368676614,-1.055851284765252,0.42,0.5
supermat,pond,NTP,100,platt_fit,43,0.1078612053296193,-0.25365991310102187,0.53,0.5
supermat,pond,NTP,100,platt_fit,44,0.08529758087127016,-0.8237524054414865,0.36,0.5
supermat,pond,NTP,100,platt_fit,45,0.06700507293858728,0.23466845602396383,0.62,0.5
supermat,pond,NTP,100,platt_fit,46,0.17647548566980575,-1.4140606751924947,0.37,0.5
supermat,pond,NTP,100,platt_fit,47,0.12486468707802699,-0.9954518122069309,0.38,0.5
supermat,pond,NTP,100,platt_fit,48,0.19579463347964182,-0.9747078833956017,0.41,0.5
supermat,pond,NTP,100,platt_fit,49,0.24368208852540105,-1.7406126958421768,0.27,0.5
supermat,pond,NTP,100,platt_fit,50,0.23376991340376935,-1.2994740095053865,0.41,0.5
supermat,pond,NTP,100,platt_fit,51,0.10681709893150908,-0.6873474716278255,0.41,0.5
supermat,pond,NTP,100,platt_fit,52,0.15834239770690248,-0.7168410744691935,0.47,0.5
supermat,pond,NTP,100,platt_fit,53,0.21988994181942936,-0.8591923472801659,0.47,0.5
supermat,pond,NTP,100,platt_fit,54,0.14051731398267245,-0.678848166820864,0.5,0.5
supermat,pond,NTP,100,platt_fit,55,0.163218190759251,-0.9791593985608025,0.4,0.5
supermat,pond,NTP,100,platt_fit,56,0.16787850666426188,-1.3121374577340914,0.33,0.5
supermat,pond,NTP,100,platt_fit,57,0.13603747993157334,-0.8951272927238294,0.42,0.5
supermat,pond,NTP,100,platt_fit,58,0.16795059308190458,-1.0456039763603537,0.36,0.5
supermat,pond,NTP,100,platt_fit,59,0.19948599465711375,-0.9328140322752158,0.44,0.5
supermat,pond,NTP,100,platt_fit,60,0.0889823310268777,-0.4565566677265027,0.46,0.5
supermat,pond,NTP,100,platt_fit,61,0.04019494253213705,-0.8255965918536573,0.33,0.5
supermat,pond,NTP,100,platt_fit,62,0.28466169078727105,-1.6896055418279976,0.38,0.5
supermat,pond,NTP,100,platt_fit,63,0.15370848688443162,-0.48810762085608955,0.5,0.5
supermat,pond,NTP,100,platt_fit,64,0.19223250133456182,-0.6578399776259192,0.54,0.5
supermat,pond,NTP,100,platt_fit,65,0.3104035674616577,-0.7679983378107877,0.45,0.5
supermat,pond,NTP,100,platt_fit,66,0.301081901047061,-0.8737571937016199,0.45,0.5
supermat,pond,NTP,100,platt_fit,67,0.20865467162986845,-0.7510374038984566,0.43,0.5
supermat,pond,NTP,100,platt_fit,68,0.25409930002200226,-1.3312530288279014,0.42,0.5
supermat,pond,NTP,100,platt_fit,69,0.2156287517657361,-0.5867935968253188,0.49,0.5
supermat,pond,NTP,100,platt_fit,70,0.10540563733775363,-0.6671608469275143,0.4,0.5
supermat,pond,NTP,100,platt_fit,71,0.17758491635307772,-0.8306042568313657,0.41,0.5
supermat,pond,NTP,100,platt_fit,72,0.18031032062050423,-0.2993868994619973,0.56,0.5
supermat,pond,NTP,100,platt_fit,73,0.21711420762055164,-0.9107125572993072,0.45,0.5
supermat,pond,NTP,100,platt_fit,74,0.17282062756609,-0.8715411228565817,0.41,0.5
supermat,pond,NTP,100,platt_fit,75,0.10838812868498715,-0.28373317327036784,0.53,0.5
supermat,pond,NTP,100,platt_fit,76,0.14434094809831155,-0.5614731089013697,0.48,0.5
supermat,pond,NTP,100,platt_fit,77,0.20512398604456733,-1.1202000341437395,0.39,0.5
supermat,pond,NTP,100,platt_fit,78,0.18778394202390525,-0.5166053229612657,0.53,0.5
supermat,pond,NTP,100,platt_fit,79,0.26872231830487653,-1.1633296015350125,0.4,0.5
supermat,pond,NTP,100,platt_fit,80,0.09848026130740853,-0.43884133020692,0.46,0.5
supermat,pond,NTP,100,platt_fit,81,0.14387502246125727,-0.6826012896807652,0.5,0.5
supermat,pond,NTP,100,platt_fit,82,0.2095356776369316,-1.8229334458542163,0.31,0.5
supermat,pond,NTP,100,platt_fit,83,0.1503086817720511,-1.2446178394281557,0.33,0.5
supermat,pond,NTP,100,platt_fit,84,0.23929307214555762,-1.2380902676075367,0.39,0.5
supermat,pond,NTP,100,platt_fit,85,0.16840688886235086,-0.15206113397205417,0.62,0.5
supermat,pond,NTP,100,platt_fit,86,0.23514844181257333,-0.8302494850879067,0.47,0.5
supermat,pond,NTP,100,platt_fit,87,0.15436828512270342,-0.4967459094005504,0.58,0.5
supermat,pond,NTP,100,platt_fit,88,0.26082700355241556,-1.2337969951124221,0.43,0.5
supermat,pond,NTP,100,platt_fit,89,0.2487987622453338,-0.9507540571905131,0.42,0.5
supermat,pond,NTP,100,platt_fit,90,0.19829597423230635,-1.380850545619339,0.33,0.5
supermat,pond,NTP,100,platt_fit,91,0.11362502345331217,-0.8368439187806951,0.43,0.5
supermat,pond,NTP,100,platt_fit,92,0.18577089001272495,-1.219564116659105,0.34,0.5
supermat,pond,NTP,100,platt_fit,93,0.26002912559090274,-1.5325225876013802,0.32,0.5
supermat,pond,NTP,100,platt_fit,94,0.17670274736536745,-0.6182496675596014,0.48,0.5
supermat,pond,NTP,100,platt_fit,95,0.12162448192489594,-0.37032135352901474,0.53,0.5
supermat,pond,NTP,100,platt_fit,96,0.2663422763694735,-0.2540431373519366,0.57,0.5
supermat,pond,NTP,100,platt_fit,97,0.16217071962719704,-0.36755665667894466,0.53,0.5
supermat,pond,NTP,100,platt_fit,98,0.14606689964793412,-0.7013261896802407,0.46,0.5
supermat,pond,NTP,100,platt_fit,99,0.06583672276591057,-0.3952229468433865,0.46,0.5
supermat,pond,Probe,250,platt_fit,0,0.3874706949378734,-1.077918629319414,0.42,0.5
supermat,pond,Probe,250,platt_fit,1,0.47446600765957914,-1.4209899174628278,0.356,0.5
supermat,pond,Probe,250,platt_fit,2,0.33661498783757426,-0.28618618016185376,0.568,0.5
supermat,pond,Probe,250,platt_fit,3,0.4022590040823453,-1.4229491571972672,0.308,0.5
supermat,pond,Probe,250,platt_fit,4,0.4134799631323801,-0.43716078315638096,0.6,0.5
supermat,pond,Probe,250,platt_fit,5,0.47752559602131295,-1.0127696832015225,0.432,0.5
supermat,pond,Probe,250,platt_fit,6,0.46123755669914196,-1.2186863187404007,0.436,0.5
supermat,pond,Probe,250,platt_fit,7,0.10900497266745475,0.2115871288760232,0.6,0.5
supermat,pond,Probe,250,platt_fit,8,0.2942949686857367,-0.6006656865243821,0.44,0.5
supermat,pond,Probe,250,platt_fit,9,0.464155192314406,-1.228752520483318,0.38,0.5
supermat,pond,Probe,250,platt_fit,10,0.5485530786595662,-1.1196197875675578,0.428,0.5
supermat,pond,Probe,250,platt_fit,11,0.014152759884211927,0.08032349624130233,0.524,0.5
supermat,pond,Probe,250,platt_fit,12,0.24401257593494932,-0.8632656296865764,0.384,0.5
supermat,pond,Probe,250,platt_fit,13,0.5485516549449083,-0.8694511751772019,0.488,0.5
supermat,pond,Probe,250,platt_fit,14,0.5133490184329473,-1.2995028371172803,0.372,0.5
supermat,pond,Probe,250,platt_fit,15,0.32396617400864525,0.005883841687684947,0.6,0.5
supermat,pond,Probe,250,platt_fit,16,0.11986675047265154,-0.17135551566649965,0.508,0.5
supermat,pond,Probe,250,platt_fit,17,0.4856171961360997,-1.3064747520852515,0.392,0.5
supermat,pond,Probe,250,platt_fit,18,0.4520355595306482,-1.0611841884021642,0.428,0.5
supermat,pond,Probe,250,platt_fit,19,0.41560152792783406,-1.0287603448677864,0.4,0.5
supermat,pond,Probe,250,platt_fit,20,0.2732582770561052,-0.16163269662634938,0.516,0.5
supermat,pond,Probe,250,platt_fit,21,0.6067051043935742,-1.6941288588273478,0.332,0.5
supermat,pond,Probe,250,platt_fit,22,0.34321596375630364,-0.8139373407218317,0.452,0.5
supermat,pond,Probe,250,platt_fit,23,0.6474179616559144,-2.157302249144717,0.312,0.5
supermat,pond,Probe,250,platt_fit,24,0.34940477636178763,-0.5934841081083092,0.544,0.5
supermat,pond,Probe,250,platt_fit,25,0.37196536477546616,-0.7977660863047902,0.428,0.5
supermat,pond,Probe,250,platt_fit,26,0.3420964128714239,-0.80922138077028,0.452,0.5
supermat,pond,Probe,250,platt_fit,27,0.43374188932716495,-1.4170164895156263,0.324,0.5
supermat,pond,Probe,250,platt_fit,28,0.34623451298119573,-0.5517354842954626,0.492,0.5
supermat,pond,Probe,250,platt_fit,29,0.316622864429171,-0.5023631571259394,0.54,0.5
supermat,pond,Probe,250,platt_fit,30,0.029698305408411105,-0.035730137443763174,0.5,0.5
supermat,pond,Probe,250,platt_fit,31,0.48347252618715053,-1.3804881071853816,0.344,0.5
supermat,pond,Probe,250,platt_fit,32,0.5894542121862648,-1.1003911773095387,0.464,0.5
supermat,pond,Probe,250,platt_fit,33,0.5273207745574933,-1.1558043155949993,0.416,0.5
supermat,pond,Probe,250,platt_fit,34,0.5615632988759881,-0.8451184232848117,0.512,0.5
supermat,pond,Probe,250,platt_fit,35,0.48296733185545676,-1.0738020182557866,0.456,0.5
supermat,pond,Probe,250,platt_fit,36,0.4636953026444915,-0.9634744711214633,0.472,0.5
supermat,pond,Probe,250,platt_fit,37,0.6019949225164184,-1.382282827201013,0.416,0.5
supermat,pond,Probe,250,platt_fit,38,0.37409082084282064,-0.8790363401713258,0.472,0.5
supermat,pond,Probe,250,platt_fit,39,0.5254441932425212,-1.6206222310822498,0.324,0.5
supermat,pond,Probe,250,platt_fit,40,0.2702457928315603,-0.4964236576091495,0.496,0.5
supermat,pond,Probe,250,platt_fit,41,0.4261149410967656,-0.9543051647466794,0.396,0.5
supermat,pond,Probe,250,platt_fit,42,0.34632189081875947,-0.6963343124394751,0.456,0.5
supermat,pond,Probe,250,platt_fit,43,0.11752690791166776,0.23064306348667646,0.596,0.5
supermat,pond,Probe,250,platt_fit,44,0.3284676224278802,-1.3654191637834536,0.304,0.5
supermat,pond,Probe,250,platt_fit,45,0.23250485839504934,-0.3726251053805944,0.508,0.5
supermat,pond,Probe,250,platt_fit,46,0.3446277170434719,-0.6814521663166507,0.476,0.5
supermat,pond,Probe,250,platt_fit,47,0.4021714201900803,-1.0856510578916945,0.388,0.5
supermat,pond,Probe,250,platt_fit,48,0.3154527890406588,-0.9195758678360201,0.376,0.5
supermat,pond,Probe,250,platt_fit,49,0.5848265491211587,-1.5735940855233739,0.34,0.5
supermat,pond,Probe,250,platt_fit,50,0.6132167794711233,-1.4975449334766364,0.416,0.5
supermat,pond,Probe,250,platt_fit,51,0.27220019496302433,-0.5849919317507253,0.508,0.5
supermat,pond,Probe,250,platt_fit,52,0.40738841675551524,-0.6480814226337808,0.524,0.5
supermat,pond,Probe,250,platt_fit,53,0.34945309092371385,-0.5080476326037957,0.5,0.5
supermat,pond,Probe,250,platt_fit,54,0.3554747187553865,-0.7755006346258698,0.452,0.5
supermat,pond,Probe,250,platt_fit,55,0.24062078739059725,-0.6221951898591148,0.452,0.5
supermat,pond,Probe,250,platt_fit,56,0.3655961901168901,-0.8934310536529453,0.444,0.5
supermat,pond,Probe,250,platt_fit,57,0.4546733836117355,-0.5057740443317051,0.508,0.5
supermat,pond,Probe,250,platt_fit,58,0.4698508663049258,-1.4024868504131314,0.336,0.5
supermat,pond,Probe,250,platt_fit,59,0.2720377229978969,-0.7651785430613027,0.412,0.5
supermat,pond,Probe,250,platt_fit,60,0.1836484367206767,-0.6549149193019561,0.42,0.5
supermat,pond,Probe,250,platt_fit,61,0.20971748584010738,-0.4469960425490472,0.492,0.5
supermat,pond,Probe,250,platt_fit,62,0.49177109131879504,-1.387331747418782,0.368,0.5
supermat,pond,Probe,250,platt_fit,63,0.4933454331013334,-0.8973656079072303,0.476,0.5
supermat,pond,Probe,250,platt_fit,64,0.22212755289727984,-0.39554026931707725,0.476,0.5
supermat,pond,Probe,250,platt_fit,65,0.3002171820907918,-0.23829141052476535,0.532,0.5
supermat,pond,Probe,250,platt_fit,66,0.551692248812416,-1.5048805911403038,0.36,0.5
supermat,pond,Probe,250,platt_fit,67,0.34381083276933116,-0.7602135616752183,0.46,0.5
supermat,pond,Probe,250,platt_fit,68,0.5892293645176686,-1.6184656797407395,0.396,0.5
supermat,pond,Probe,250,platt_fit,69,0.43681658119536443,-0.9592489398046828,0.484,0.5
supermat,pond,Probe,250,platt_fit,70,0.33753775666967056,-0.8387880388967781,0.476,0.5
supermat,pond,Probe,250,platt_fit,71,0.4848799649793756,-1.1294273550346403,0.396,0.5
supermat,pond,Probe,250,platt_fit,72,0.23635300698066342,-0.34894749815610865,0.504,0.5
supermat,pond,Probe,250,platt_fit,73,0.5337332176595335,-1.1602379644732903,0.44,0.5
supermat,pond,Probe,250,platt_fit,74,0.5421324057057318,-1.4117254155497216,0.412,0.5
supermat,pond,Probe,250,platt_fit,75,0.37383214450956803,-0.673912773070022,0.472,0.5
supermat,pond,Probe,250,platt_fit,76,0.3711341803193348,-0.9339509454781579,0.42,0.5
supermat,pond,Probe,250,platt_fit,77,0.360407067687066,-0.6685884122451649,0.488,0.5
supermat,pond,Probe,250,platt_fit,78,0.2864157155819371,-0.343345234108861,0.54,0.5
supermat,pond,Probe,250,platt_fit,79,0.440710028853035,-1.2227993764006517,0.34,0.5
supermat,pond,Probe,250,platt_fit,80,0.2251039285084337,-0.21743580220095443,0.536,0.5
supermat,pond,Probe,250,platt_fit,81,0.28034407294302544,-0.12972658140593601,0.584,0.5
supermat,pond,Probe,250,platt_fit,82,0.46640851471092104,-1.0500126659297235,0.432,0.5
supermat,pond,Probe,250,platt_fit,83,0.27612231332226006,-0.8903523406228487,0.392,0.5
supermat,pond,Probe,250,platt_fit,84,0.22553854108746926,-0.3699060607032929,0.488,0.5
supermat,pond,Probe,250,platt_fit,85,0.2079080931356387,0.028597801950908712,0.588,0.5
supermat,pond,Probe,250,platt_fit,86,0.5902996232408128,-1.054252259559827,0.492,0.5
supermat,pond,Probe,250,platt_fit,87,0.4257002112742859,-0.8150292495402777,0.512,0.5
supermat,pond,Probe,250,platt_fit,88,0.44584027171728363,-1.2016430538884029,0.356,0.5
supermat,pond,Probe,250,platt_fit,89,0.7010679434071154,-1.7098518681176125,0.384,0.5
supermat,pond,Probe,250,platt_fit,90,0.592884408366109,-1.9573693819134714,0.3,0.5
supermat,pond,Probe,250,platt_fit,91,0.21877406482815498,-0.7190854092548133,0.416,0.5
supermat,pond,Probe,250,platt_fit,92,0.3210526739450857,-1.4452696413490258,0.268,0.5
supermat,pond,Probe,250,platt_fit,93,0.3511502029903964,-0.8328237787448985,0.42,0.5
supermat,pond,Probe,250,platt_fit,94,0.29987435437979043,-0.6854422686817105,0.468,0.5
supermat,pond,Probe,250,platt_fit,95,0.20212434417547667,-0.06371786924291346,0.58,0.5
supermat,pond,Probe,250,platt_fit,96,0.12493049437234321,-0.10473014297144187,0.52,0.5
supermat,pond,Probe,250,platt_fit,97,0.44299168561589375,-1.0755858118939594,0.432,0.5
supermat,pond,Probe,250,platt_fit,98,0.40368771519029545,-0.7751854927192986,0.516,0.5
supermat,pond,Probe,250,platt_fit,99,0.22956966264834844,-0.69167902397,0.44,0.5
supermat,pond,NTP,250,platt_fit,0,0.17549244959324853,-1.0312018343942646,0.42,0.5
supermat,pond,NTP,250,platt_fit,1,0.1367071230617561,-0.9737391701405755,0.356,0.5
supermat,pond,NTP,250,platt_fit,2,0.1568472683383999,-0.5073858094158207,0.568,0.5
supermat,pond,NTP,250,platt_fit,3,0.16939791441650845,-1.4346924471038158,0.308,0.5
supermat,pond,NTP,250,platt_fit,4,0.24670749504353254,-0.3540162724589849,0.6,0.5
supermat,pond,NTP,250,platt_fit,5,0.19932086218000225,-0.925690624604329,0.432,0.5
supermat,pond,NTP,250,platt_fit,6,0.1319165032303448,-0.7819498387588535,0.436,0.5
supermat,pond,NTP,250,platt_fit,7,0.11436816102932379,0.03905403680714726,0.6,0.5
supermat,pond,NTP,250,platt_fit,8,0.223374492431935,-0.9989589635753926,0.44,0.5
supermat,pond,NTP,250,platt_fit,9,0.19601464060042484,-1.1968835485882456,0.38,0.5
supermat,pond,NTP,250,platt_fit,10,0.17019953968643234,-0.8407067831923005,0.428,0.5
supermat,pond,NTP,250,platt_fit,11,0.16117099039674607,-0.24380319201052028,0.524,0.5
supermat,pond,NTP,250,platt_fit,12,0.15698601461121897,-0.9503688361751514,0.384,0.5
supermat,pond,NTP,250,platt_fit,13,0.18150639347190972,-0.7092889320957415,0.488,0.5
supermat,pond,NTP,250,platt_fit,14,0.27169252952826506,-1.4173814683800836,0.372,0.5
supermat,pond,NTP,250,platt_fit,15,0.18687519168096473,-0.08570001730763854,0.6,0.5
supermat,pond,NTP,250,platt_fit,16,0.13723804124970185,-0.39657140396168755,0.508,0.5
supermat,pond,NTP,250,platt_fit,17,0.19959403454586103,-1.3152001155239716,0.392,0.5
supermat,pond,NTP,250,platt_fit,18,0.15067984796104486,-0.7194168409886097,0.428,0.5
supermat,pond,NTP,250,platt_fit,19,0.17942419668618995,-1.1398158559045608,0.4,0.5
supermat,pond,NTP,250,platt_fit,20,0.20810223722572022,-0.5921173110682375,0.516,0.5
supermat,pond,NTP,250,platt_fit,21,0.2520542931220674,-1.5916804263110358,0.332,0.5
supermat,pond,NTP,250,platt_fit,22,0.12879476997814251,-0.6714441930442906,0.452,0.5
supermat,pond,NTP,250,platt_fit,23,0.2203057885561034,-1.6641369247302884,0.312,0.5
supermat,pond,NTP,250,platt_fit,24,0.14472807041713517,-0.32730031335292004,0.544,0.5
supermat,pond,NTP,250,platt_fit,25,0.2099919793690388,-0.8498748920845234,0.428,0.5
supermat,pond,NTP,250,platt_fit,26,0.1681204259900546,-0.9929980751462043,0.452,0.5
supermat,pond,NTP,250,platt_fit,27,0.181940459144414,-1.5155443687105432,0.324,0.5
supermat,pond,NTP,250,platt_fit,28,0.18835355979424823,-0.6723849400239096,0.492,0.5
supermat,pond,NTP,250,platt_fit,29,0.17127101839183637,-0.37918072560425337,0.54,0.5
supermat,pond,NTP,250,platt_fit,30,0.1562917336583796,-0.4726105113357567,0.5,0.5
supermat,pond,NTP,250,platt_fit,31,0.20352979837380392,-1.2118057859227114,0.344,0.5
supermat,pond,NTP,250,platt_fit,32,0.16676157505076797,-0.6531575481482524,0.464,0.5
supermat,pond,NTP,250,platt_fit,33,0.1799470420076011,-0.860645397030613,0.416,0.5
supermat,pond,NTP,250,platt_fit,34,0.16679075623298806,-0.48049411455499486,0.512,0.5
supermat,pond,NTP,250,platt_fit,35,0.1665049150714627,-0.8477570309322222,0.456,0.5
supermat,pond,NTP,250,platt_fit,36,0.20628052630601904,-0.6713577760824015,0.472,0.5
supermat,pond,NTP,250,platt_fit,37,0.15743596023936887,-0.8098749094808054,0.416,0.5
supermat,pond,NTP,250,platt_fit,38,0.11249474458684229,-0.5600724996662579,0.472,0.5
supermat,pond,NTP,250,platt_fit,39,0.22121401576538433,-1.5574938169648391,0.324,0.5
supermat,pond,NTP,250,platt_fit,40,0.14125473458744905,-0.7514637568733205,0.496,0.5
supermat,pond,NTP,250,platt_fit,41,0.2051789741377393,-1.002300846740798,0.396,0.5
supermat,pond,NTP,250,platt_fit,42,0.20555393324247945,-0.9202113868467026,0.456,0.5
supermat,pond,NTP,250,platt_fit,43,0.1436024358758505,-0.04127545052505937,0.596,0.5
supermat,pond,NTP,250,platt_fit,44,0.17102828061789369,-1.3142216565995635,0.304,0.5
supermat,pond,NTP,250,platt_fit,45,0.1176649905260992,-0.4123056462865657,0.508,0.5
supermat,pond,NTP,250,platt_fit,46,0.15687842066385413,-0.7323675840095365,0.476,0.5
supermat,pond,NTP,250,platt_fit,47,0.17991695935225638,-1.0032933008803009,0.388,0.5
supermat,pond,NTP,250,platt_fit,48,0.23058188045199712,-1.0841861846702863,0.376,0.5
supermat,pond,NTP,250,platt_fit,49,0.17718058303204837,-1.158102807496033,0.34,0.5
supermat,pond,NTP,250,platt_fit,50,0.1637884508474992,-0.982093288932771,0.416,0.5
supermat,pond,NTP,250,platt_fit,51,0.09646120175156579,-0.34193131026925844,0.508,0.5
supermat,pond,NTP,250,platt_fit,52,0.19229941210256765,-0.7060573305526022,0.524,0.5
supermat,pond,NTP,250,platt_fit,53,0.18418650526993213,-0.709822762602842,0.5,0.5
supermat,pond,NTP,250,platt_fit,54,0.18766515489997626,-0.8924320675951094,0.452,0.5
supermat,pond,NTP,250,platt_fit,55,0.20358929945831683,-0.9161957989979087,0.452,0.5
supermat,pond,NTP,250,platt_fit,56,0.15280816721102825,-0.9166811136103483,0.444,0.5
supermat,pond,NTP,250,platt_fit,57,0.22358974598536258,-0.6623377933769298,0.508,0.5
supermat,pond,NTP,250,platt_fit,58,0.16859374599654553,-1.0652819356311896,0.336,0.5
supermat,pond,NTP,250,platt_fit,59,0.2166194966009734,-0.8300115105299503,0.412,0.5
supermat,pond,NTP,250,platt_fit,60,0.1466744369551642,-0.9103573727988985,0.42,0.5
supermat,pond,NTP,250,platt_fit,61,0.10283613736784632,-0.4002050698043822,0.492,0.5
supermat,pond,NTP,250,platt_fit,62,0.1631465969295684,-1.187916942983707,0.368,0.5
supermat,pond,NTP,250,platt_fit,63,0.14800922210334727,-0.6511688094916562,0.476,0.5
supermat,pond,NTP,250,platt_fit,64,0.16545284037493133,-0.833188299682495,0.476,0.5
supermat,pond,NTP,250,platt_fit,65,0.2756730608163879,-0.6347526766305052,0.532,0.5
supermat,pond,NTP,250,platt_fit,66,0.21216010216676706,-1.0887516498821812,0.36,0.5
supermat,pond,NTP,250,platt_fit,67,0.17503995610218884,-0.7099228156865103,0.46,0.5
supermat,pond,NTP,250,platt_fit,68,0.16796693114068548,-1.1207882878782207,0.396,0.5
supermat,pond,NTP,250,platt_fit,69,0.1440456894617437,-0.4806366367360829,0.484,0.5
supermat,pond,NTP,250,platt_fit,70,0.1470409085125271,-0.46185655892408334,0.476,0.5
supermat,pond,NTP,250,platt_fit,71,0.15974074242070055,-0.8618983849824984,0.396,0.5
supermat,pond,NTP,250,platt_fit,72,0.13926808806814717,-0.40173380339360765,0.504,0.5
supermat,pond,NTP,250,platt_fit,73,0.15083117869237486,-0.7740266184564497,0.44,0.5
supermat,pond,NTP,250,platt_fit,74,0.19554987177201938,-1.00218098263503,0.412,0.5
supermat,pond,NTP,250,platt_fit,75,0.22688429623263365,-1.1248102662894246,0.472,0.5
supermat,pond,NTP,250,platt_fit,76,0.17729870571277606,-0.8599756236512904,0.42,0.5
supermat,pond,NTP,250,platt_fit,77,0.15138949926394973,-0.667039877081539,0.488,0.5
supermat,pond,NTP,250,platt_fit,78,0.15419099379188256,-0.39521935399810265,0.54,0.5
supermat,pond,NTP,250,platt_fit,79,0.2571841294239315,-1.3862008750639931,0.34,0.5
supermat,pond,NTP,250,platt_fit,80,0.12904731310251744,-0.2801929842786912,0.536,0.5
supermat,pond,NTP,250,platt_fit,81,0.1925801830001478,-0.35485657922729147,0.584,0.5
supermat,pond,NTP,250,platt_fit,82,0.20399540710726963,-1.1775652607800138,0.432,0.5
supermat,pond,NTP,250,platt_fit,83,0.14058319489803653,-0.9984694216017919,0.392,0.5
supermat,pond,NTP,250,platt_fit,84,0.14716223712339427,-0.5528016579898151,0.488,0.5
supermat,pond,NTP,250,platt_fit,85,0.1439038273628494,-0.11866657973460715,0.588,0.5
supermat,pond,NTP,250,platt_fit,86,0.22213215492725055,-0.8896649079359299,0.492,0.5
supermat,pond,NTP,250,platt_fit,87,0.1691448839388579,-0.7168824335724162,0.512,0.5
supermat,pond,NTP,250,platt_fit,88,0.22562475825598236,-1.4605328086713218,0.356,0.5
supermat,pond,NTP,250,platt_fit,89,0.27288759156251274,-1.354276667947284,0.384,0.5
supermat,pond,NTP,250,platt_fit,90,0.18883213226544157,-1.5184500391198714,0.3,0.5
supermat,pond,NTP,250,platt_fit,91,0.14566294429412022,-0.9613541811293611,0.416,0.5
supermat,pond,NTP,250,platt_fit,92,0.17720761177387215,-1.552375242001009,0.268,0.5
supermat,pond,NTP,250,platt_fit,93,0.20439199827435084,-1.1126443613030117,0.42,0.5
supermat,pond,NTP,250,platt_fit,94,0.120788764047332,-0.5984104498279583,0.468,0.5
supermat,pond,NTP,250,platt_fit,95,0.11763005424732254,-0.1416706498255875,0.58,0.5
supermat,pond,NTP,250,platt_fit,96,0.17536568990484697,-0.3659577805161868,0.52,0.5
supermat,pond,NTP,250,platt_fit,97,0.185298662908455,-0.9383421470208304,0.432,0.5
supermat,pond,NTP,250,platt_fit,98,0.1711132995862363,-0.6456235446101154,0.516,0.5
supermat,pond,NTP,250,platt_fit,99,0.10187608154346801,-0.5863049057107829,0.44,0.5
supermat,pond,Probe,500,platt_fit,0,0.4309101513773382,-1.0694989587180965,0.434,0.5
supermat,pond,Probe,500,platt_fit,1,0.5432330846426241,-1.3804899101936396,0.39,0.5
supermat,pond,Probe,500,platt_fit,2,0.34780457781799207,-0.7016867510177832,0.47,0.5
supermat,pond,Probe,500,platt_fit,3,0.3941773037239476,-1.5256254089926704,0.28,0.5
supermat,pond,Probe,500,platt_fit,4,0.26936725617517393,-0.11040714010786196,0.588,0.5
supermat,pond,Probe,500,platt_fit,5,0.31416284205541223,-0.9586970547866666,0.386,0.5
supermat,pond,Probe,500,platt_fit,6,0.38309430492533364,-1.1428944107422458,0.406,0.5
supermat,pond,Probe,500,platt_fit,7,0.17336522150555944,-0.28588240383825786,0.502,0.5
supermat,pond,Probe,500,platt_fit,8,0.25608867954292486,-0.5291617952271558,0.466,0.5
supermat,pond,Probe,500,platt_fit,9,0.5513941644315208,-1.4290915224683303,0.386,0.5
supermat,pond,Probe,500,platt_fit,10,0.527607359983763,-1.1459118744857326,0.44,0.5
supermat,pond,Probe,500,platt_fit,11,0.1503951200087447,-0.19447646824774287,0.494,0.5
supermat,pond,Probe,500,platt_fit,12,0.3054647998322957,-1.0107174454233763,0.384,0.5
supermat,pond,Probe,500,platt_fit,13,0.5002738118554153,-0.9268407474565171,0.48,0.5
supermat,pond,Probe,500,platt_fit,14,0.3512097171125867,-1.0854484165126241,0.36,0.5
supermat,pond,Probe,500,platt_fit,15,0.2872673628936974,-0.22376088433552124,0.546,0.5
supermat,pond,Probe,500,platt_fit,16,0.1357225185242097,-0.28972671023541063,0.49,0.5
supermat,pond,Probe,500,platt_fit,17,0.3995175069375991,-1.2177259694383569,0.36,0.5
supermat,pond,Probe,500,platt_fit,18,0.44419180702255706,-1.1520458715277102,0.422,0.5
supermat,pond,Probe,500,platt_fit,19,0.47738791079258175,-1.1067412754880162,0.4,0.5
supermat,pond,Probe,500,platt_fit,20,0.34182409785410084,-0.3753621317748667,0.48,0.5
supermat,pond,Probe,500,platt_fit,21,0.5948652659891491,-1.7085822244668687,0.324,0.5
supermat,pond,Probe,500,platt_fit,22,0.2858659240245778,-0.4782135933001909,0.51,0.5
supermat,pond,Probe,500,platt_fit,23,0.7124674966700071,-2.0058589977369414,0.356,0.5
supermat,pond,Probe,500,platt_fit,24,0.3842232386091323,-0.9479173299928059,0.482,0.5
supermat,pond,Probe,500,platt_fit,25,0.2919703898497746,-0.7268425412496736,0.422,0.5
supermat,pond,Probe,500,platt_fit,26,0.3664285781727313,-0.9164941481046707,0.422,0.5
supermat,pond,Probe,500,platt_fit,27,0.48442124632068473,-1.3159474715569164,0.36,0.5
supermat,pond,Probe,500,platt_fit,28,0.28536180777819653,-0.6384107740011713,0.448,0.5
supermat,pond,Probe,500,platt_fit,29,0.30645442214688556,-0.8394417408609541,0.436,0.5
supermat,pond,Probe,500,platt_fit,30,0.09008362634679772,0.012416582554420864,0.524,0.5
supermat,pond,Probe,500,platt_fit,31,0.4427516208416026,-1.3788945636157126,0.336,0.5
supermat,pond,Probe,500,platt_fit,32,0.39536771209159366,-0.8970906138001303,0.424,0.5
supermat,pond,Probe,500,platt_fit,33,0.4607318026991459,-1.2345032874312354,0.392,0.5
supermat,pond,Probe,500,platt_fit,34,0.33411844974362415,-0.8237643860573515,0.434,0.5
supermat,pond,Probe,500,platt_fit,35,0.47679691835652716,-1.3913136991472226,0.38,0.5
supermat,pond,Probe,500,platt_fit,36,0.30872911453335544,-0.4710926738000228,0.526,0.5
supermat,pond,Probe,500,platt_fit,37,0.4478998017756066,-1.1950483541908434,0.394,0.5
supermat,pond,Probe,500,platt_fit,38,0.5786876884025525,-1.2935888424489606,0.452,0.5
supermat,pond,Probe,500,platt_fit,39,0.5604487216268156,-1.4959301707677826,0.348,0.5
supermat,pond,Probe,500,platt_fit,40,0.3149008010460247,-0.6644039165569483,0.468,0.5
supermat,pond,Probe,500,platt_fit,41,0.32981704760350533,-0.6837455794756081,0.434,0.5
supermat,pond,Probe,500,platt_fit,42,0.24896780968360668,-0.7011771094776287,0.42,0.5
supermat,pond,Probe,500,platt_fit,43,0.21978874742757107,-0.21309057500608705,0.53,0.5
supermat,pond,Probe,500,platt_fit,44,0.26017210153923387,-0.9938479450396297,0.372,0.5
supermat,pond,Probe,500,platt_fit,45,0.3011897256689333,-0.27813062760589913,0.564,0.5
supermat,pond,Probe,500,platt_fit,46,0.32082480025713045,-0.7781065299375475,0.436,0.5
supermat,pond,Probe,500,platt_fit,47,0.3932595999873985,-0.9701942470414678,0.404,0.5
supermat,pond,Probe,500,platt_fit,48,0.3798426285528518,-0.9530539541263113,0.394,0.5
supermat,pond,Probe,500,platt_fit,49,0.6913735599806904,-1.8015988304719914,0.356,0.5
supermat,pond,Probe,500,platt_fit,50,0.5841753396263598,-1.430494087549676,0.408,0.5
supermat,pond,Probe,500,platt_fit,51,0.23173377291287878,-0.6423624621126444,0.462,0.5
supermat,pond,Probe,500,platt_fit,52,0.35195899659586394,-0.8228926353445534,0.452,0.5
supermat,pond,Probe,500,platt_fit,53,0.3838745954979999,-0.7450497461041029,0.442,0.5
supermat,pond,Probe,500,platt_fit,54,0.4191215855317647,-0.9504900835200353,0.43,0.5
supermat,pond,Probe,500,platt_fit,55,0.23588975210905677,-0.7656116125856822,0.406,0.5
supermat,pond,Probe,500,platt_fit,56,0.28845242918103314,-0.7871217518452065,0.424,0.5
supermat,pond,Probe,500,platt_fit,57,0.4403647872013384,-0.6639067708446464,0.496,0.5
supermat,pond,Probe,500,platt_fit,58,0.5841881482854683,-1.5004636967446894,0.386,0.5
supermat,pond,Probe,500,platt_fit,59,0.22791022694564003,-0.5210510664413206,0.45,0.5
supermat,pond,Probe,500,platt_fit,60,0.2149308309760697,-0.6751265497605358,0.43,0.5
supermat,pond,Probe,500,platt_fit,61,0.17480055726391514,-0.47173431295333923,0.468,0.5
supermat,pond,Probe,500,platt_fit,62,0.4003281273466034,-1.2100160677879328,0.364,0.5
supermat,pond,Probe,500,platt_fit,63,0.48849179259249387,-0.8893549521256185,0.48,0.5
supermat,pond,Probe,500,platt_fit,64,0.1481778374579244,-0.24269489347203307,0.488,0.5
supermat,pond,Probe,500,platt_fit,65,0.2393875332269202,-0.44701503275294635,0.454,0.5
supermat,pond,Probe,500,platt_fit,66,0.46221732492864387,-1.0519639997190668,0.426,0.5
supermat,pond,Probe,500,platt_fit,67,0.3658033824887897,-0.5779682009946289,0.518,0.5
supermat,pond,Probe,500,platt_fit,68,0.6571156993973882,-1.710328075846059,0.398,0.5
supermat,pond,Probe,500,platt_fit,69,0.3323803570301135,-0.7089723812857142,0.502,0.5
supermat,pond,Probe,500,platt_fit,70,0.3100900346819229,-0.9164636401945098,0.43,0.5
supermat,pond,Probe,500,platt_fit,71,0.511464201167632,-1.430937241101809,0.356,0.5
supermat,pond,Probe,500,platt_fit,72,0.22157476679537666,-0.28267424932237684,0.504,0.5
supermat,pond,Probe,500,platt_fit,73,0.5604513781728444,-1.3551426789882062,0.432,0.5
supermat,pond,Probe,500,platt_fit,74,0.5705228232941998,-1.4752225372833172,0.404,0.5
supermat,pond,Probe,500,platt_fit,75,0.2672783516253546,-0.30931775958234947,0.53,0.5
supermat,pond,Probe,500,platt_fit,76,0.3884114576718727,-1.066974097336572,0.402,0.5
supermat,pond,Probe,500,platt_fit,77,0.4510015638592816,-0.7846045032462341,0.49,0.5
supermat,pond,Probe,500,platt_fit,78,0.3054596828176147,-0.621572860806777,0.482,0.5
supermat,pond,Probe,500,platt_fit,79,0.44406849149793665,-1.0301182642035365,0.408,0.5
supermat,pond,Probe,500,platt_fit,80,0.14823280935929573,-0.07788973802462133,0.538,0.5
supermat,pond,Probe,500,platt_fit,81,0.17794889349641088,0.019086565341968797,0.578,0.5
supermat,pond,Probe,500,platt_fit,82,0.4612118634223664,-1.318704057103333,0.37,0.5
supermat,pond,Probe,500,platt_fit,83,0.30405812511678926,-0.8017700838506994,0.424,0.5
supermat,pond,Probe,500,platt_fit,84,0.3692181503972355,-0.7011958842147192,0.454,0.5
supermat,pond,Probe,500,platt_fit,85,0.24530442346503442,-0.09710007220257386,0.566,0.5
supermat,pond,Probe,500,platt_fit,86,0.47688996729310784,-0.9391277734883222,0.428,0.5
supermat,pond,Probe,500,platt_fit,87,0.3934447703002295,-1.0295511785372167,0.442,0.5
supermat,pond,Probe,500,platt_fit,88,0.4226321876636743,-1.1792949217929802,0.358,0.5
supermat,pond,Probe,500,platt_fit,89,0.7649455010643327,-1.5601255415916484,0.418,0.5
supermat,pond,Probe,500,platt_fit,90,0.5818227347603714,-1.6000939175564788,0.388,0.5
supermat,pond,Probe,500,platt_fit,91,0.31812154444196716,-0.7943923752577354,0.448,0.5
supermat,pond,Probe,500,platt_fit,92,0.5088491188374833,-1.4444743015114674,0.336,0.5
supermat,pond,Probe,500,platt_fit,93,0.28698346039929123,-0.9593396335668933,0.362,0.5
supermat,pond,Probe,500,platt_fit,94,0.31666060229228304,-0.7717894606380455,0.454,0.5
supermat,pond,Probe,500,platt_fit,95,0.17623808666024818,-0.23122893050671636,0.518,0.5
supermat,pond,Probe,500,platt_fit,96,0.04811453022126831,0.13864778846269585,0.552,0.5
supermat,pond,Probe,500,platt_fit,97,0.3096202555357856,-0.5641188107258143,0.498,0.5
supermat,pond,Probe,500,platt_fit,98,0.44600200221292685,-0.8752607406532156,0.468,0.5
supermat,pond,Probe,500,platt_fit,99,0.33924298472482584,-0.978735083840863,0.428,0.5
supermat,pond,NTP,500,platt_fit,0,0.1773054585165614,-0.9024518256165381,0.434,0.5
supermat,pond,NTP,500,platt_fit,1,0.2005210765968739,-1.1070565547211855,0.39,0.5
supermat,pond,NTP,500,platt_fit,2,0.15130837414907808,-0.750471826958655,0.47,0.5
supermat,pond,NTP,500,platt_fit,3,0.2035690325286306,-1.6935888469296125,0.28,0.5
supermat,pond,NTP,500,platt_fit,4,0.20686422550587175,-0.16853081257117933,0.588,0.5
supermat,pond,NTP,500,platt_fit,5,0.15169914115439354,-0.9649880895291749,0.386,0.5
supermat,pond,NTP,500,platt_fit,6,0.1441561825430235,-0.9267422884533881,0.406,0.5
supermat,pond,NTP,500,platt_fit,7,0.12490135046130924,-0.38592278294136234,0.502,0.5
supermat,pond,NTP,500,platt_fit,8,0.1655127523430723,-0.7085271871255215,0.466,0.5
supermat,pond,NTP,500,platt_fit,9,0.1737974930901856,-1.1433597839036287,0.386,0.5
supermat,pond,NTP,500,platt_fit,10,0.16177374606620015,-0.7963700003943714,0.44,0.5
supermat,pond,NTP,500,platt_fit,11,0.18434524269737473,-0.4706665308916589,0.494,0.5
supermat,pond,NTP,500,platt_fit,12,0.18167615981686394,-1.1038936515992293,0.384,0.5
supermat,pond,NTP,500,platt_fit,13,0.24281055179606115,-0.8537423217600424,0.48,0.5
supermat,pond,NTP,500,platt_fit,14,0.1807317928936611,-1.2817757818497226,0.36,0.5
supermat,pond,NTP,500,platt_fit,15,0.19050323011521528,-0.3921485690251289,0.546,0.5
supermat,pond,NTP,500,platt_fit,16,0.12733114946225113,-0.45274893543498,0.49,0.5
supermat,pond,NTP,500,platt_fit,17,0.19346551964879533,-1.2850566846514062,0.36,0.5
supermat,pond,NTP,500,platt_fit,18,0.16050101142005319,-0.8822728091916662,0.422,0.5
supermat,pond,NTP,500,platt_fit,19,0.20033319153473694,-1.17576306666362,0.4,0.5
supermat,pond,NTP,500,platt_fit,20,0.232475906387606,-0.8241910004355036,0.48,0.5
supermat,pond,NTP,500,platt_fit,21,0.2472354449653229,-1.5877335915259034,0.324,0.5
supermat,pond,NTP,500,platt_fit,22,0.12403963192113864,-0.3872573812361962,0.51,0.5
supermat,pond,NTP,500,platt_fit,23,0.2206583772155935,-1.44759367361141,0.356,0.5
supermat,pond,NTP,500,platt_fit,24,0.13635424495465495,-0.5912994252054098,0.482,0.5
supermat,pond,NTP,500,platt_fit,25,0.2089758700064668,-0.9124541803689744,0.422,0.5
supermat,pond,NTP,500,platt_fit,26,0.17140765196619692,-1.0014404764963054,0.422,0.5
supermat,pond,NTP,500,platt_fit,27,0.21101855576795828,-1.3706620864634043,0.36,0.5
supermat,pond,NTP,500,platt_fit,28,0.17221649173908307,-0.7962030793302606,0.448,0.5
supermat,pond,NTP,500,platt_fit,29,0.13651122734129453,-0.6877901608223919,0.436,0.5
supermat,pond,NTP,500,platt_fit,30,0.1661905911586791,-0.3831589741095562,0.524,0.5
supermat,pond,NTP,500,platt_fit,31,0.18867317516134957,-1.3211732237676805,0.336,0.5
supermat,pond,NTP,500,platt_fit,32,0.15740296386171254,-0.7802222780525,0.424,0.5
supermat,pond,NTP,500,platt_fit,33,0.16563966322045906,-0.9694180241586762,0.392,0.5
supermat,pond,NTP,500,platt_fit,34,0.17925656520426048,-0.8705156034297415,0.434,0.5
supermat,pond,NTP,500,platt_fit,35,0.13571733299034255,-1.0716279955362842,0.38,0.5
supermat,pond,NTP,500,platt_fit,36,0.14930242108125846,-0.3716614420160056,0.526,0.5
supermat,pond,NTP,500,platt_fit,37,0.16390151541884757,-0.9297043001422085,0.394,0.5
supermat,pond,NTP,500,platt_fit,38,0.16361756269751668,-0.7447868565645261,0.452,0.5
supermat,pond,NTP,500,platt_fit,39,0.2243588391433585,-1.364463918561051,0.348,0.5
supermat,pond,NTP,500,platt_fit,40,0.16170755584207003,-0.8494536078260208,0.468,0.5
supermat,pond,NTP,500,platt_fit,41,0.20926369040714432,-0.8364544523802794,0.434,0.5
supermat,pond,NTP,500,platt_fit,42,0.18853315615652214,-0.9458249095446589,0.42,0.5
supermat,pond,NTP,500,platt_fit,43,0.15797594657943795,-0.382118652857877,0.53,0.5
supermat,pond,NTP,500,platt_fit,44,0.14611185112930694,-1.003035919445803,0.372,0.5
supermat,pond,NTP,500,platt_fit,45,0.1328099471647205,-0.32036120619381164,0.564,0.5
supermat,pond,NTP,500,platt_fit,46,0.14496356333679156,-0.8547631465112498,0.436,0.5
supermat,pond,NTP,500,platt_fit,47,0.18954077212866158,-1.0478156596225572,0.404,0.5
supermat,pond,NTP,500,platt_fit,48,0.22207415318290777,-1.0912818383386877,0.394,0.5
supermat,pond,NTP,500,platt_fit,49,0.18445548283465085,-1.1690144250175662,0.356,0.5
supermat,pond,NTP,500,platt_fit,50,0.16912710055968108,-1.0155786874898773,0.408,0.5
supermat,pond,NTP,500,platt_fit,51,0.09602998903936269,-0.43604416414880437,0.462,0.5
supermat,pond,NTP,500,platt_fit,52,0.19058834074299624,-0.8773595842790276,0.452,0.5
supermat,pond,NTP,500,platt_fit,53,0.21016029026486302,-0.9575647962397587,0.442,0.5
supermat,pond,NTP,500,platt_fit,54,0.17723508351899134,-1.0318516734560794,0.43,0.5
supermat,pond,NTP,500,platt_fit,55,0.1640918870886128,-0.9227443309711437,0.406,0.5
supermat,pond,NTP,500,platt_fit,56,0.13482031221552895,-0.8706363220261337,0.424,0.5
supermat,pond,NTP,500,platt_fit,57,0.21204465175069673,-0.8091552191750087,0.496,0.5
supermat,pond,NTP,500,platt_fit,58,0.22019534594600215,-1.0341805825178956,0.386,0.5
supermat,pond,NTP,500,platt_fit,59,0.1305723671300066,-0.5542196638189342,0.45,0.5
supermat,pond,NTP,500,platt_fit,60,0.1503211539163397,-0.9053220761652555,0.43,0.5
supermat,pond,NTP,500,platt_fit,61,0.11436040962088387,-0.5053738335653228,0.468,0.5
supermat,pond,NTP,500,platt_fit,62,0.21833527901799563,-1.3521409705112168,0.364,0.5
supermat,pond,NTP,500,platt_fit,63,0.19222558403129938,-0.6852019784067799,0.48,0.5
supermat,pond,NTP,500,platt_fit,64,0.15236266694723435,-0.6401200564416579,0.488,0.5
supermat,pond,NTP,500,platt_fit,65,0.2503376201800324,-0.8833013433523367,0.454,0.5
supermat,pond,NTP,500,platt_fit,66,0.17715121142886692,-0.7566677633103428,0.426,0.5
supermat,pond,NTP,500,platt_fit,67,0.188578948207878,-0.45390134994817877,0.518,0.5
supermat,pond,NTP,500,platt_fit,68,0.18635477070954878,-1.2134455955537393,0.398,0.5
supermat,pond,NTP,500,platt_fit,69,0.1252695612104802,-0.3665137196647805,0.502,0.5
supermat,pond,NTP,500,platt_fit,70,0.1277650620025122,-0.5530400832270492,0.43,0.5
supermat,pond,NTP,500,platt_fit,71,0.19318385700045884,-1.1774057789673753,0.356,0.5
supermat,pond,NTP,500,platt_fit,72,0.1442306084835408,-0.41283414094583265,0.504,0.5
supermat,pond,NTP,500,platt_fit,73,0.15742960297965725,-0.8966178746141408,0.432,0.5
supermat,pond,NTP,500,platt_fit,74,0.16329433349552627,-0.9125114613472204,0.404,0.5
supermat,pond,NTP,500,platt_fit,75,0.17082624151363268,-0.6436286569467886,0.53,0.5
supermat,pond,NTP,500,platt_fit,76,0.17234621669824007,-1.0014836095387474,0.402,0.5
supermat,pond,NTP,500,platt_fit,77,0.15765016547577962,-0.69676609981556,0.49,0.5
supermat,pond,NTP,500,platt_fit,78,0.15720231516478178,-0.7196102882593859,0.482,0.5
supermat,pond,NTP,500,platt_fit,79,0.21969073753729404,-1.1026760869246481,0.408,0.5
supermat,pond,NTP,500,platt_fit,80,0.10620697710516148,-0.19245819794435337,0.538,0.5
supermat,pond,NTP,500,platt_fit,81,0.09683013385412342,-0.08835890525612723,0.578,0.5
supermat,pond,NTP,500,platt_fit,82,0.1975842969035215,-1.450758843937715,0.37,0.5
supermat,pond,NTP,500,platt_fit,83,0.1747516590069505,-0.9869656735117558,0.424,0.5
supermat,pond,NTP,500,platt_fit,84,0.18124991350169994,-0.7893592974228881,0.454,0.5
supermat,pond,NTP,500,platt_fit,85,0.14352455264797068,-0.24003697742302407,0.566,0.5
supermat,pond,NTP,500,platt_fit,86,0.20134106404453217,-0.9171459762172449,0.428,0.5
supermat,pond,NTP,500,platt_fit,87,0.13498250707563336,-0.7964231676776282,0.442,0.5
supermat,pond,NTP,500,platt_fit,88,0.22973357330105282,-1.3782809166256689,0.358,0.5
supermat,pond,NTP,500,platt_fit,89,0.27183131775942404,-1.0718797503496682,0.418,0.5
supermat,pond,NTP,500,platt_fit,90,0.1737666354275088,-1.1399244081155766,0.388,0.5
supermat,pond,NTP,500,platt_fit,91,0.14111206980756275,-0.7976206982980294,0.448,0.5
supermat,pond,NTP,500,platt_fit,92,0.23231804620592691,-1.4651532689978914,0.336,0.5
supermat,pond,NTP,500,platt_fit,93,0.16811350907181496,-1.1937079448542256,0.362,0.5
supermat,pond,NTP,500,platt_fit,94,0.16318885341165656,-0.8235852491718351,0.454,0.5
supermat,pond,NTP,500,platt_fit,95,0.13098896318404374,-0.44349602006596,0.518,0.5
supermat,pond,NTP,500,platt_fit,96,0.14581252160061772,-0.20918146950067767,0.552,0.5
supermat,pond,NTP,500,platt_fit,97,0.14826957341803784,-0.5081563213025942,0.498,0.5
supermat,pond,NTP,500,platt_fit,98,0.16593274192756133,-0.6782951872576747,0.468,0.5
supermat,pond,NTP,500,platt_fit,99,0.11647759806546083,-0.7169047798261527,0.428,0.5
supermat,pond,Probe,1000,platt_fit,0,0.3788986941920139,-1.00255209333864,0.418,0.5
supermat,pond,Probe,1000,platt_fit,1,0.5453857299697233,-1.4206421546844274,0.389,0.5
supermat,pond,Probe,1000,platt_fit,2,0.24336658797358343,-0.40821233333712437,0.496,0.5
supermat,pond,Probe,1000,platt_fit,3,0.4509764521187623,-1.5523636782799468,0.295,0.5
supermat,pond,Probe,1000,platt_fit,4,0.31572507126638205,-0.23327146290259634,0.576,0.5
supermat,pond,Probe,1000,platt_fit,5,0.37433721027809586,-1.0227518224461365,0.393,0.5
supermat,pond,Probe,1000,platt_fit,6,0.4878623155804971,-1.3801175995317094,0.401,0.5
supermat,pond,Probe,1000,platt_fit,7,0.11554366605436597,-0.1830793374338533,0.508,0.5
supermat,pond,Probe,1000,platt_fit,8,0.2429145202992816,-0.5724750692930265,0.44,0.5
supermat,pond,Probe,1000,platt_fit,9,0.5140856544586861,-1.3463316552786135,0.4,0.5
supermat,pond,Probe,1000,platt_fit,10,0.5166040685173389,-1.1102883833418933,0.444,0.5
supermat,pond,Probe,1000,platt_fit,11,0.1228507014177491,-0.15642670112653342,0.497,0.5
supermat,pond,Probe,1000,platt_fit,12,0.2775658468713849,-0.9836835139607345,0.376,0.5
supermat,pond,Probe,1000,platt_fit,13,0.4016873042548407,-0.6050985008854688,0.503,0.5
supermat,pond,Probe,1000,platt_fit,14,0.3931072149724292,-1.0544972031480908,0.377,0.5
supermat,pond,Probe,1000,platt_fit,15,0.1579258617787961,-0.060517905517596976,0.544,0.5
supermat,pond,Probe,1000,platt_fit,16,0.11858736159467011,-0.3572988624612164,0.46,0.5
supermat,pond,Probe,1000,platt_fit,17,0.4434126907783819,-1.3178079671948932,0.355,0.5
supermat,pond,Probe,1000,platt_fit,18,0.43961833162780983,-1.0827976271403237,0.441,0.5
supermat,pond,Probe,1000,platt_fit,19,0.41980442652692274,-0.9466027489408572,0.413,0.5
supermat,pond,Probe,1000,platt_fit,20,0.3282001857617251,-0.08933286657864843,0.553,0.5
supermat,pond,Probe,1000,platt_fit,21,0.5587055017365913,-1.5704429119926524,0.333,0.5
supermat,pond,Probe,1000,platt_fit,22,0.30705786165139376,-0.42235058737488645,0.534,0.5
supermat,pond,Probe,1000,platt_fit,23,0.5469709610080348,-1.754710095220793,0.331,0.5
supermat,pond,Probe,1000,platt_fit,24,0.39340475018146664,-0.7718306133526398,0.524,0.5
supermat,pond,Probe,1000,platt_fit,25,0.2854385438002842,-0.748225334265393,0.41,0.5
supermat,pond,Probe,1000,platt_fit,26,0.3040849694611593,-0.6595328456250908,0.454,0.5
supermat,pond,Probe,1000,platt_fit,27,0.4589401114979886,-1.307942158366563,0.373,0.5
supermat,pond,Probe,1000,platt_fit,28,0.27343884434429433,-0.6180861084474529,0.45,0.5
supermat,pond,Probe,1000,platt_fit,29,0.3094806933762699,-0.743829287393272,0.461,0.5
supermat,pond,Probe,1000,platt_fit,30,0.029835967029357213,0.21301431426527132,0.56,0.5
supermat,pond,Probe,1000,platt_fit,31,0.4641857086825797,-1.2965656587399188,0.374,0.5
supermat,pond,Probe,1000,platt_fit,32,0.4686316600175944,-0.8972435482021246,0.454,0.5
supermat,pond,Probe,1000,platt_fit,33,0.48896951619936496,-1.1163108090135565,0.43,0.5
supermat,pond,Probe,1000,platt_fit,34,0.35961039251735155,-0.7631170091955491,0.454,0.5
supermat,pond,Probe,1000,platt_fit,35,0.5627118688631478,-1.245700722515107,0.448,0.5
supermat,pond,Probe,1000,platt_fit,36,0.3265552496380997,-0.7238007494660269,0.474,0.5
supermat,pond,Probe,1000,platt_fit,37,0.47544786317917154,-1.1987289788893776,0.408,0.5
supermat,pond,Probe,1000,platt_fit,38,0.5228090919694266,-1.4532287242283495,0.407,0.5
supermat,pond,Probe,1000,platt_fit,39,0.4877112901480299,-1.4219937937882976,0.34,0.5
supermat,pond,Probe,1000,platt_fit,40,0.35650888457569807,-0.7688080749527586,0.469,0.5
supermat,pond,Probe,1000,platt_fit,41,0.3335371008596987,-0.6236295274920255,0.45,0.5
supermat,pond,Probe,1000,platt_fit,42,0.3156063547232749,-0.6905687203754975,0.451,0.5
supermat,pond,Probe,1000,platt_fit,43,0.1841431794562871,-0.10540723150017176,0.545,0.5
supermat,pond,Probe,1000,platt_fit,44,0.31110576386913014,-1.0084946254176212,0.379,0.5
supermat,pond,Probe,1000,platt_fit,45,0.268704246701947,-0.36442030978894147,0.527,0.5
supermat,pond,Probe,1000,platt_fit,46,0.3320888451886226,-0.8854751761112916,0.406,0.5
supermat,pond,Probe,1000,platt_fit,47,0.42460995712517013,-0.8932881691947587,0.435,0.5
supermat,pond,Probe,1000,platt_fit,48,0.4211402652416542,-0.9894724270250848,0.408,0.5
supermat,pond,Probe,1000,platt_fit,49,0.6850063418390067,-1.820194007909701,0.362,0.5
supermat,pond,Probe,1000,platt_fit,50,0.5650813457627012,-1.4128357208619087,0.418,0.5
supermat,pond,Probe,1000,platt_fit,51,0.24189621990822988,-0.6287902553561683,0.475,0.5
supermat,pond,Probe,1000,platt_fit,52,0.29671498364858584,-0.6562166262922771,0.462,0.5
supermat,pond,Probe,1000,platt_fit,53,0.3987112060110156,-0.7784962668175842,0.442,0.5
supermat,pond,Probe,1000,platt_fit,54,0.4081340328451385,-0.8623049470856629,0.427,0.5
supermat,pond,Probe,1000,platt_fit,55,0.24865574750964708,-0.57436916796531,0.456,0.5
supermat,pond,Probe,1000,platt_fit,56,0.3080774944058082,-0.7732251850134991,0.437,0.5
supermat,pond,Probe,1000,platt_fit,57,0.40275296054672366,-0.654502047141294,0.478,0.5
supermat,pond,Probe,1000,platt_fit,58,0.5400274684443016,-1.4422629566385925,0.37,0.5
supermat,pond,Probe,1000,platt_fit,59,0.25228065891037377,-0.7585299715346263,0.409,0.5
supermat,pond,Probe,1000,platt_fit,60,0.2821544222144182,-0.8455787139753275,0.423,0.5
supermat,pond,Probe,1000,platt_fit,61,0.13727192483589723,-0.22218327752651668,0.51,0.5
supermat,pond,Probe,1000,platt_fit,62,0.44369097041278427,-1.3315143174683113,0.358,0.5
supermat,pond,Probe,1000,platt_fit,63,0.4346289798406515,-0.8589531702894485,0.476,0.5
supermat,pond,Probe,1000,platt_fit,64,0.1623379184385366,-0.35844607876696655,0.461,0.5
supermat,pond,Probe,1000,platt_fit,65,0.2819918739230271,-0.5542090192051571,0.443,0.5
supermat,pond,Probe,1000,platt_fit,66,0.5817006927212387,-1.2670261988426788,0.417,0.5
supermat,pond,Probe,1000,platt_fit,67,0.3376585329991801,-0.5750951610726294,0.492,0.5
supermat,pond,Probe,1000,platt_fit,68,0.6555796243072388,-1.909583268845926,0.351,0.5
supermat,pond,Probe,1000,platt_fit,69,0.3440484743530924,-0.6556050429259458,0.512,0.5
supermat,pond,Probe,1000,platt_fit,70,0.32425945123066846,-0.852968200562882,0.455,0.5
supermat,pond,Probe,1000,platt_fit,71,0.4960902396865195,-1.3315694416139325,0.375,0.5
supermat,pond,Probe,1000,platt_fit,72,0.2387995420317696,-0.38988724992431634,0.485,0.5
supermat,pond,Probe,1000,platt_fit,73,0.5875193220135925,-1.3223314952007499,0.433,0.5
supermat,pond,Probe,1000,platt_fit,74,0.5231876535276341,-1.4057681160554738,0.404,0.5
supermat,pond,Probe,1000,platt_fit,75,0.2693592709552671,-0.2383059007269759,0.54,0.5
supermat,pond,Probe,1000,platt_fit,76,0.38911555546548604,-0.9740636999031363,0.415,0.5
supermat,pond,Probe,1000,platt_fit,77,0.4353776967330308,-0.8977426907745992,0.466,0.5
supermat,pond,Probe,1000,platt_fit,78,0.33133222656797706,-0.5717419565993248,0.501,0.5
supermat,pond,Probe,1000,platt_fit,79,0.4152222788172545,-1.136437317438564,0.358,0.5
supermat,pond,Probe,1000,platt_fit,80,0.13082064647972177,-0.04855402896826669,0.541,0.5
supermat,pond,Probe,1000,platt_fit,81,0.21378971095140054,-0.12101752072426188,0.56,0.5
supermat,pond,Probe,1000,platt_fit,82,0.44691741751822606,-1.2848351211828226,0.361,0.5
supermat,pond,Probe,1000,platt_fit,83,0.284401271299157,-0.6274414721252956,0.453,0.5
supermat,pond,Probe,1000,platt_fit,84,0.33941051724830057,-0.6166895963878379,0.463,0.5
supermat,pond,Probe,1000,platt_fit,85,0.14266233740000156,0.05090717593767042,0.562,0.5
supermat,pond,Probe,1000,platt_fit,86,0.5022300579000519,-1.1852390062711953,0.413,0.5
supermat,pond,Probe,1000,platt_fit,87,0.42797217265829796,-0.9843692179771111,0.471,0.5
supermat,pond,Probe,1000,platt_fit,88,0.42497437055279136,-1.0961297430108363,0.382,0.5
supermat,pond,Probe,1000,platt_fit,89,0.7678900368915289,-1.9117899153441744,0.37,0.5
supermat,pond,Probe,1000,platt_fit,90,0.4946841144321515,-1.546641023618479,0.348,0.5
supermat,pond,Probe,1000,platt_fit,91,0.30153588173157597,-0.7151371982167907,0.456,0.5
supermat,pond,Probe,1000,platt_fit,92,0.5619687275452276,-1.7880789350712347,0.292,0.5
supermat,pond,Probe,1000,platt_fit,93,0.3622326232349953,-0.960681657760867,0.381,0.5
supermat,pond,Probe,1000,platt_fit,94,0.3469558285268781,-0.7518392294884857,0.471,0.5
supermat,pond,Probe,1000,platt_fit,95,0.20789789991574034,-0.13761284624705483,0.566,0.5
supermat,pond,Probe,1000,platt_fit,96,0.16483476705116615,-0.11444348153101784,0.535,0.5
supermat,pond,Probe,1000,platt_fit,97,0.38000465993062127,-0.6487653657676345,0.499,0.5
supermat,pond,Probe,1000,platt_fit,98,0.37164449409438344,-0.7145954852779636,0.484,0.5
supermat,pond,Probe,1000,platt_fit,99,0.3052944994065687,-0.8633626013123952,0.444,0.5
supermat,pond,NTP,1000,platt_fit,0,0.15935372667930806,-0.9195355366204528,0.418,0.5
supermat,pond,NTP,1000,platt_fit,1,0.18139467568264325,-1.0451051339690276,0.389,0.5
supermat,pond,NTP,1000,platt_fit,2,0.1337979378230836,-0.5530480589057578,0.496,0.5
supermat,pond,NTP,1000,platt_fit,3,0.1950763958222053,-1.5735335972005227,0.295,0.5
supermat,pond,NTP,1000,platt_fit,4,0.24493266804148875,-0.22626232830336376,0.576,0.5
supermat,pond,NTP,1000,platt_fit,5,0.17889148755569972,-1.0443241395825258,0.393,0.5
supermat,pond,NTP,1000,platt_fit,6,0.1413036891732039,-0.971353320174295,0.401,0.5
supermat,pond,NTP,1000,platt_fit,7,0.13677505786959257,-0.45497167448777387,0.508,0.5
supermat,pond,NTP,1000,platt_fit,8,0.15801010752460248,-0.7679603110947839,0.44,0.5
supermat,pond,NTP,1000,platt_fit,9,0.17639168423131937,-1.0424097671223012,0.4,0.5
supermat,pond,NTP,1000,platt_fit,10,0.1690505083408791,-0.8592819305000629,0.444,0.5
supermat,pond,NTP,1000,platt_fit,11,0.1758399878992918,-0.4924169597377058,0.497,0.5
supermat,pond,NTP,1000,platt_fit,12,0.1613717738051525,-1.0211909975970475,0.376,0.5
supermat,pond,NTP,1000,platt_fit,13,0.1948208406705552,-0.6064088205231906,0.503,0.5
supermat,pond,NTP,1000,platt_fit,14,0.18657449003938917,-1.1729921527913718,0.377,0.5
supermat,pond,NTP,1000,platt_fit,15,0.17129151941498993,-0.3232476639512843,0.544,0.5
supermat,pond,NTP,1000,platt_fit,16,0.16702213847103403,-0.6169954749785844,0.46,0.5
supermat,pond,NTP,1000,platt_fit,17,0.19277323228292237,-1.366010414541281,0.355,0.5
supermat,pond,NTP,1000,platt_fit,18,0.16194935677761513,-0.7904780828732754,0.441,0.5
supermat,pond,NTP,1000,platt_fit,19,0.1910112353019935,-1.1006317339099678,0.413,0.5
supermat,pond,NTP,1000,platt_fit,20,0.2344687895104965,-0.5327796817139462,0.553,0.5
supermat,pond,NTP,1000,platt_fit,21,0.22354282830787733,-1.4375843420047285,0.333,0.5
supermat,pond,NTP,1000,platt_fit,22,0.1513686827332183,-0.40822013140132235,0.534,0.5
supermat,pond,NTP,1000,platt_fit,23,0.17997094314234505,-1.423617817300286,0.331,0.5
supermat,pond,NTP,1000,platt_fit,24,0.11025856512065098,-0.3419803273869818,0.524,0.5
supermat,pond,NTP,1000,platt_fit,25,0.1934891345302691,-0.9104126420480814,0.41,0.5
supermat,pond,NTP,1000,platt_fit,26,0.16254501545877517,-0.854353954624212,0.454,0.5
supermat,pond,NTP,1000,platt_fit,27,0.16722311852765126,-1.2381820385213498,0.373,0.5
supermat,pond,NTP,1000,platt_fit,28,0.16426336908695913,-0.764459668112155,0.45,0.5
supermat,pond,NTP,1000,platt_fit,29,0.14736766800893214,-0.5939894783541378,0.461,0.5
supermat,pond,NTP,1000,platt_fit,30,0.1488282493723069,-0.22644389184928682,0.56,0.5
supermat,pond,NTP,1000,platt_fit,31,0.1945814840769306,-1.2140048452020205,0.374,0.5
supermat,pond,NTP,1000,platt_fit,32,0.16748188629242888,-0.6489779807309456,0.454,0.5
supermat,pond,NTP,1000,platt_fit,33,0.16230031249180268,-0.7861800552638223,0.43,0.5
supermat,pond,NTP,1000,platt_fit,34,0.16708642092317735,-0.7394713957222029,0.454,0.5
supermat,pond,NTP,1000,platt_fit,35,0.1706497228555349,-0.9037614186687302,0.448,0.5
supermat,pond,NTP,1000,platt_fit,36,0.16915493103773668,-0.6894034783250358,0.474,0.5
supermat,pond,NTP,1000,platt_fit,37,0.1739698160692377,-0.9012936673725928,0.408,0.5
supermat,pond,NTP,1000,platt_fit,38,0.14523045423204126,-0.9125197618352116,0.407,0.5
supermat,pond,NTP,1000,platt_fit,39,0.22251103102293115,-1.4982363940226449,0.34,0.5
supermat,pond,NTP,1000,platt_fit,40,0.15909721195508378,-0.839208438910179,0.469,0.5
supermat,pond,NTP,1000,platt_fit,41,0.20738003241528882,-0.7904320999215553,0.45,0.5
supermat,pond,NTP,1000,platt_fit,42,0.18461759175706632,-0.8447068199650855,0.451,0.5
supermat,pond,NTP,1000,platt_fit,43,0.14801540629151774,-0.28249973028142383,0.545,0.5
supermat,pond,NTP,1000,platt_fit,44,0.1559690729178814,-0.9107223626029448,0.379,0.5
supermat,pond,NTP,1000,platt_fit,45,0.126272824551113,-0.42788680877464913,0.527,0.5
supermat,pond,NTP,1000,platt_fit,46,0.15076931204260247,-0.9981185752612919,0.406,0.5
supermat,pond,NTP,1000,platt_fit,47,0.20698599163824483,-0.9735522165257127,0.435,0.5
supermat,pond,NTP,1000,platt_fit,48,0.20646605310378435,-1.0599309188879513,0.408,0.5
supermat,pond,NTP,1000,platt_fit,49,0.20169018025834273,-1.2471158965666411,0.362,0.5
supermat,pond,NTP,1000,platt_fit,50,0.1843884821415666,-1.0830785269948113,0.418,0.5
supermat,pond,NTP,1000,platt_fit,51,0.07493216131172331,-0.34880846655372894,0.475,0.5
supermat,pond,NTP,1000,platt_fit,52,0.15591967387804725,-0.7378815471972636,0.462,0.5
supermat,pond,NTP,1000,platt_fit,53,0.1839933708383128,-0.8856258404501394,0.442,0.5
supermat,pond,NTP,1000,platt_fit,54,0.17057438336334177,-0.9622618519246667,0.427,0.5
supermat,pond,NTP,1000,platt_fit,55,0.17066686625275032,-0.7320025169631446,0.456,0.5
supermat,pond,NTP,1000,platt_fit,56,0.147437522996324,-0.8669502441598269,0.437,0.5
supermat,pond,NTP,1000,platt_fit,57,0.18637826599082513,-0.7207009631387039,0.478,0.5
supermat,pond,NTP,1000,platt_fit,58,0.2190651406401743,-1.1659335557566592,0.37,0.5
supermat,pond,NTP,1000,platt_fit,59,0.14665398915023947,-0.7786342316886083,0.409,0.5
supermat,pond,NTP,1000,platt_fit,60,0.1453100796548793,-0.8910430993891779,0.423,0.5
supermat,pond,NTP,1000,platt_fit,61,0.11117270931856152,-0.2904078114005669,0.51,0.5
supermat,pond,NTP,1000,platt_fit,62,0.19811249006247744,-1.31321896862427,0.358,0.5
supermat,pond,NTP,1000,platt_fit,63,0.1703359843590116,-0.668413845579049,0.476,0.5
supermat,pond,NTP,1000,platt_fit,64,0.15510661478940696,-0.7253824074034491,0.461,0.5
supermat,pond,NTP,1000,platt_fit,65,0.20446766443229789,-0.7601421638490196,0.443,0.5
supermat,pond,NTP,1000,platt_fit,66,0.1936260280238053,-0.8384105640305953,0.417,0.5
supermat,pond,NTP,1000,platt_fit,67,0.1752068349996626,-0.4706527726140596,0.492,0.5
supermat,pond,NTP,1000,platt_fit,68,0.19136697334504685,-1.3353899987446165,0.351,0.5
supermat,pond,NTP,1000,platt_fit,69,0.1286756009575874,-0.30948996755660885,0.512,0.5
supermat,pond,NTP,1000,platt_fit,70,0.12476977415830397,-0.45593697133234623,0.455,0.5
supermat,pond,NTP,1000,platt_fit,71,0.17302397166447664,-1.079841843671878,0.375,0.5
supermat,pond,NTP,1000,platt_fit,72,0.16995266720398503,-0.4752803265509521,0.485,0.5
supermat,pond,NTP,1000,platt_fit,73,0.17363822639852505,-0.8654786006025819,0.433,0.5
supermat,pond,NTP,1000,platt_fit,74,0.1557999321584477,-0.9007174745406514,0.404,0.5
supermat,pond,NTP,1000,platt_fit,75,0.17651202153658338,-0.5674818944396175,0.54,0.5
supermat,pond,NTP,1000,platt_fit,76,0.17682056367378962,-0.8626605343818304,0.415,0.5
supermat,pond,NTP,1000,platt_fit,77,0.18818742443996467,-0.9853672489276564,0.466,0.5
supermat,pond,NTP,1000,platt_fit,78,0.14638116990130162,-0.6220152126405036,0.501,0.5
supermat,pond,NTP,1000,platt_fit,79,0.22054089507396352,-1.2006506524184077,0.358,0.5
supermat,pond,NTP,1000,platt_fit,80,0.12129137837080642,-0.21772420031153225,0.541,0.5
supermat,pond,NTP,1000,platt_fit,81,0.10597698447091311,-0.19896147768311798,0.56,0.5
supermat,pond,NTP,1000,platt_fit,82,0.1932278780613868,-1.4084189502843758,0.361,0.5
supermat,pond,NTP,1000,platt_fit,83,0.16367930446512463,-0.7797435351680081,0.453,0.5
supermat,pond,NTP,1000,platt_fit,84,0.15888108967866596,-0.6784746546536624,0.463,0.5
supermat,pond,NTP,1000,platt_fit,85,0.1350870367128017,-0.1987929131366882,0.562,0.5
supermat,pond,NTP,1000,platt_fit,86,0.20326712376841738,-1.1300395437628528,0.413,0.5
supermat,pond,NTP,1000,platt_fit,87,0.1372800904372932,-0.7108210144836234,0.471,0.5
supermat,pond,NTP,1000,platt_fit,88,0.20872808357727587,-1.2497462496272633,0.382,0.5
supermat,pond,NTP,1000,platt_fit,89,0.24797683011144528,-1.2214886366987705,0.37,0.5
supermat,pond,NTP,1000,platt_fit,90,0.17541519075833614,-1.2917404165635153,0.348,0.5
supermat,pond,NTP,1000,platt_fit,91,0.14680625735437583,-0.7910127249273623,0.456,0.5
supermat,pond,NTP,1000,platt_fit,92,0.23158138581111062,-1.6996167697247393,0.292,0.5
supermat,pond,NTP,1000,platt_fit,93,0.20756924473053145,-1.1957561739873133,0.381,0.5
supermat,pond,NTP,1000,platt_fit,94,0.14271787405799552,-0.6585754909652537,0.471,0.5
supermat,pond,NTP,1000,platt_fit,95,0.10649668036465254,-0.1919045151142226,0.566,0.5
supermat,pond,NTP,1000,platt_fit,96,0.17935616964785386,-0.3798258178782734,0.535,0.5
supermat,pond,NTP,1000,platt_fit,97,0.15244043806636287,-0.49907200205624713,0.499,0.5
supermat,pond,NTP,1000,platt_fit,98,0.17159430950134025,-0.6206971359305532,0.484,0.5
supermat,pond,NTP,1000,platt_fit,99,0.0985988603288693,-0.6120891323624229,0.444,0.5
supermat,nfix,Probe,10,platt_fit,0,2.97218697415472,-10.906080300200838,0.3,0.5
supermat,nfix,Probe,10,platt_fit,1,0.019105878754626632,-0.8878871947736403,0.3,0.5
supermat,nfix,Probe,10,platt_fit,2,0.381973904738594,-3.2334894105744287,0.1,0.5
supermat,nfix,Probe,10,platt_fit,3,0.08126580363003551,-2.420045215284275,0.1,0.5
supermat,nfix,Probe,10,platt_fit,4,0.4496928607824551,-2.3530027211175195,0.3,0.5
supermat,nfix,Probe,10,platt_fit,5,0.1252107609938331,-1.1805948297949131,0.3,0.5
supermat,nfix,Probe,10,platt_fit,6,0.3230449796270002,-2.2555381141764195,0.2,0.5
supermat,nfix,Probe,10,platt_fit,7,0.2693207533984979,-1.915381862005357,0.3,0.5
supermat,nfix,Probe,10,platt_fit,8,0.7492349611044029,-4.636800252635717,0.1,0.5
supermat,nfix,Probe,10,platt_fit,9,0.19949580194953048,-0.7394163211265586,0.5,0.5
supermat,nfix,Probe,10,platt_fit,10,1.0627185673476396,-4.124642626583221,0.3,0.5
supermat,nfix,Probe,10,platt_fit,11,-0.10933399508915605,-0.09356706423580277,0.4,0.5
supermat,nfix,Probe,10,platt_fit,12,0.5843223910476726,-2.3301352022036004,0.4,0.5
supermat,nfix,Probe,10,platt_fit,13,11.048489600978638,-39.12251507486775,0.1,0.5
supermat,nfix,Probe,10,platt_fit,14,0.04127591019811908,-0.9616520626635697,0.3,0.5
supermat,nfix,Probe,10,platt_fit,15,5.018834950031096,-26.62364950177679,0.1,0.5
supermat,nfix,Probe,10,platt_fit,16,3.3583950790312445,-13.214126450636234,0.3,0.5
supermat,nfix,Probe,10,platt_fit,17,7.421284766574004,-31.30580556556424,0.2,0.5
supermat,nfix,Probe,10,platt_fit,18,0.8317110386707701,-3.5485229521469823,0.4,0.5
supermat,nfix,Probe,10,platt_fit,19,9.295249985783704,-39.363468404121015,0.2,0.5
supermat,nfix,Probe,10,platt_fit,20,0.5852268880234904,-1.9231358895786235,0.4,0.5
supermat,nfix,Probe,10,platt_fit,22,0.49003757597304803,-3.4230343428279517,0.1,0.5
supermat,nfix,Probe,10,platt_fit,23,0.32278870932184617,-1.4583262857594674,0.4,0.5
supermat,nfix,Probe,10,platt_fit,24,0.4374443119586825,-2.568326762000312,0.2,0.5
supermat,nfix,Probe,10,platt_fit,25,0.7179861450169699,-2.7457338021305993,0.3,0.5
supermat,nfix,Probe,10,platt_fit,26,0.39049529903023095,-2.6674167152135815,0.2,0.5
supermat,nfix,Probe,10,platt_fit,27,0.09876490314453625,-2.464750509637454,0.1,0.5
supermat,nfix,Probe,10,platt_fit,28,1.8709660956537175,-8.395708338794426,0.2,0.5
supermat,nfix,Probe,10,platt_fit,29,0.7145738813900009,-3.1162124372254967,0.3,0.5
supermat,nfix,Probe,10,platt_fit,30,1.3512867505826662,-6.866684905674079,0.2,0.5
supermat,nfix,Probe,10,platt_fit,31,1.1395651546832473,-4.824487843874264,0.3,0.5
supermat,nfix,Probe,10,platt_fit,32,0.17302855679817872,-1.9650914581395214,0.2,0.5
supermat,nfix,Probe,10,platt_fit,33,0.9942495022773183,-4.429589394754995,0.4,0.5
supermat,nfix,Probe,10,platt_fit,34,1.916542497587158,-8.22968570698753,0.3,0.5
supermat,nfix,Probe,10,platt_fit,35,9.20115588557819,-28.359836353598336,0.4,0.5
supermat,nfix,Probe,10,platt_fit,36,1.2914360643355671,-4.844144150268727,0.4,0.5
supermat,nfix,Probe,10,platt_fit,38,1.840188363346588,-7.589389505183306,0.3,0.5
supermat,nfix,Probe,10,platt_fit,39,2.7294347656890983,-8.92175855577487,0.4,0.5
supermat,nfix,Probe,10,platt_fit,40,1690.1938368292012,-7708.899335372502,0.1,0.5
supermat,nfix,Probe,10,platt_fit,41,5.235467082455266,-22.609352433233155,0.3,0.5
supermat,nfix,Probe,10,platt_fit,42,0.7571814292110829,-3.0003745725603133,0.3,0.5
supermat,nfix,Probe,10,platt_fit,43,0.2535791239990511,-0.8196584533753959,0.5,0.5
supermat,nfix,Probe,10,platt_fit,44,0.36760920265483094,-1.4950921360675482,0.4,0.5
supermat,nfix,Probe,10,platt_fit,45,63.80231902425139,-278.738975255699,0.1,0.5
supermat,nfix,Probe,10,platt_fit,46,-0.09847823724904264,-0.572096951489484,0.3,0.5
supermat,nfix,Probe,10,platt_fit,47,0.11773388346620932,-1.7874806619391914,0.2,0.5
supermat,nfix,Probe,10,platt_fit,48,0.024136161077128293,-1.44340313869855,0.2,0.5
supermat,nfix,Probe,10,platt_fit,49,65.6900387648181,-267.16660661924385,0.1,0.5
supermat,nfix,Probe,10,platt_fit,50,294.70264121897816,-819.0214787410986,0.5,0.5
supermat,nfix,Probe,10,platt_fit,51,0.2555128950538899,-1.1268861890814394,0.4,0.5
supermat,nfix,Probe,10,platt_fit,52,0.5367342896218097,-3.1067805127122727,0.2,0.5
supermat,nfix,Probe,10,platt_fit,53,-0.1739886299731325,2.938327327773487,0.9,0.5
supermat,nfix,Probe,10,platt_fit,54,4.549618224063332,-16.810062506883508,0.3,0.5
supermat,nfix,Probe,10,platt_fit,55,0.1497351675433758,-2.6446136453039406,0.1,0.5
supermat,nfix,Probe,10,platt_fit,56,2.658748701922057,-11.980139099520278,0.3,0.5
supermat,nfix,Probe,10,platt_fit,57,-0.2543430449479324,0.4589901537162115,0.4,0.5
supermat,nfix,Probe,10,platt_fit,58,0.17437210483758053,-1.1121119934773118,0.4,0.5
supermat,nfix,Probe,10,platt_fit,59,0.60857983474048,-1.878231460216491,0.6,0.5
supermat,nfix,Probe,10,platt_fit,60,8.033656179293569,-38.557579121631875,0.3,0.5
supermat,nfix,Probe,10,platt_fit,61,-0.24462693531863183,-0.8194362301584419,0.2,0.5
supermat,nfix,Probe,10,platt_fit,62,1.438796135644012,-5.99405734119947,0.3,0.5
supermat,nfix,Probe,10,platt_fit,63,0.6320962722500294,-3.366582332671471,0.2,0.5
supermat,nfix,Probe,10,platt_fit,64,1.094789276330551,-4.188348346244421,0.3,0.5
supermat,nfix,Probe,10,platt_fit,65,0.4240270176942999,-1.4419394555400746,0.5,0.5
supermat,nfix,Probe,10,platt_fit,67,0.09951962346272893,-1.762045442345422,0.2,0.5
supermat,nfix,Probe,10,platt_fit,68,0.9766902330399473,-4.771595065714715,0.2,0.5
supermat,nfix,Probe,10,platt_fit,69,0.523788477884499,-3.478616295818653,0.2,0.5
supermat,nfix,Probe,10,platt_fit,70,28.268801598467437,-101.42002828748352,0.1,0.5
supermat,nfix,Probe,10,platt_fit,71,0.536031749485199,-2.48490086750359,0.4,0.5
supermat,nfix,Probe,10,platt_fit,72,1.7656179949329098,-6.9405648495804,0.2,0.5
supermat,nfix,Probe,10,platt_fit,73,0.21466385230359314,-2.0967324593538557,0.2,0.5
supermat,nfix,Probe,10,platt_fit,74,152.8688726662735,-756.3692984407631,0.1,0.5
supermat,nfix,Probe,10,platt_fit,75,9.858288424480067,-42.77203681769882,0.1,0.5
supermat,nfix,Probe,10,platt_fit,76,1.2048437462261967,-3.4809930866614684,0.4,0.5
supermat,nfix,Probe,10,platt_fit,77,4.694680633463918,-20.66930835437299,0.2,0.5
supermat,nfix,Probe,10,platt_fit,78,2.124452241979048,-8.230891780288635,0.3,0.5
supermat,nfix,Probe,10,platt_fit,79,-0.1030812048718837,-0.5616271249794127,0.3,0.5
supermat,nfix,Probe,10,platt_fit,80,0.011507303910169043,-0.8878064389987941,0.3,0.5
supermat,nfix,Probe,10,platt_fit,81,0.20982534925669022,-1.134957017465949,0.4,0.5
supermat,nfix,Probe,10,platt_fit,82,0.6137372745620403,-4.346550208242743,0.1,0.5
supermat,nfix,Probe,10,platt_fit,83,0.5763953054060824,-2.4054929045290905,0.4,0.5
supermat,nfix,Probe,10,platt_fit,84,-0.013112435650626156,-0.8030813034028509,0.3,0.5
supermat,nfix,Probe,10,platt_fit,85,0.41803054964067354,-2.3831492821560243,0.3,0.5
supermat,nfix,Probe,10,platt_fit,86,0.7170352755620387,-3.1511171125800477,0.2,0.5
supermat,nfix,Probe,10,platt_fit,87,0.5031969006918948,-3.5791659359067873,0.2,0.5
supermat,nfix,Probe,10,platt_fit,88,1.146728409141709,-4.159221467014885,0.4,0.5
supermat,nfix,Probe,10,platt_fit,89,1.8400776024142018,-7.132006848162623,0.4,0.5
supermat,nfix,Probe,10,platt_fit,90,-0.22183516419993177,-0.14848101274229153,0.3,0.5
supermat,nfix,Probe,10,platt_fit,91,33.613334293422774,-93.88829501198465,0.2,0.5
supermat,nfix,Probe,10,platt_fit,92,1.6342669905158822,-5.261371462352905,0.4,0.5
supermat,nfix,Probe,10,platt_fit,93,0.03499236420148855,-0.11975019297053321,0.5,0.5
supermat,nfix,Probe,10,platt_fit,94,2.4336173573889646,-12.39363835564271,0.3,0.5
supermat,nfix,Probe,10,platt_fit,95,0.3278995490702614,-1.6861505162630515,0.4,0.5
supermat,nfix,Probe,10,platt_fit,96,0.6064141999297095,-2.6295916959210097,0.3,0.5
supermat,nfix,Probe,10,platt_fit,97,1.168526982113957,-4.904421254832728,0.4,0.5
supermat,nfix,Probe,10,platt_fit,98,0.9458580326635198,-4.206016337264957,0.2,0.5
supermat,nfix,Probe,10,platt_fit,99,-1.0641116685147078,-0.05485311496481666,0.1,0.5
supermat,nfix,Probe,10,platt_fit,100,0.03867858421431692,-2.314480469503028,0.1,0.5
supermat,nfix,Probe,10,platt_fit,101,13.044155753970811,-59.98085367027658,0.1,0.5
supermat,nfix,Probe,10,platt_fit,102,0.8924631861707848,-2.3306494182579085,0.5,0.5
supermat,nfix,NTP,10,platt_fit,0,2.45411838821586,-18.221693945451257,0.3,0.5
supermat,nfix,NTP,10,platt_fit,1,0.08178458191268136,-1.234025293220844,0.3,0.5
supermat,nfix,NTP,10,platt_fit,2,5.756899905920798,-53.96239092235811,0.1,0.5
supermat,nfix,NTP,10,platt_fit,3,-793369.0040468791,-385463.5249586716,0.1,0.5
supermat,nfix,NTP,10,platt_fit,4,0.13172473770285717,-1.716772901369897,0.3,0.5
supermat,nfix,NTP,10,platt_fit,5,0.20815370330123,-1.8479695565256722,0.3,0.5
supermat,nfix,NTP,10,platt_fit,6,0.056985860765298255,-1.7260753599110301,0.2,0.5
supermat,nfix,NTP,10,platt_fit,7,0.27920572028829294,-4.080871746407374,0.3,0.5
supermat,nfix,NTP,10,platt_fit,8,7472.989293619378,-101988.57369429476,0.1,0.5
supermat,nfix,NTP,10,platt_fit,9,0.3744059155026557,-2.562082920393408,0.5,0.5
supermat,nfix,NTP,10,platt_fit,10,0.2516264472596294,-2.267371114272915,0.3,0.5
supermat,nfix,NTP,10,platt_fit,11,-0.01861228708205593,-0.29834409360609815,0.4,0.5
supermat,nfix,NTP,10,platt_fit,12,0.20009906932965893,-1.5217067801507933,0.4,0.5
supermat,nfix,NTP,10,platt_fit,13,0.26930876379029356,-4.737816428014576,0.1,0.5
supermat,nfix,NTP,10,platt_fit,14,0.3900733429739514,-3.8751977919513605,0.3,0.5
supermat,nfix,NTP,10,platt_fit,15,3.21567499743705,-8.733251102218418,0.1,0.5
supermat,nfix,NTP,10,platt_fit,16,3.943011202525389,-10.41385343989339,0.3,0.5
supermat,nfix,NTP,10,platt_fit,17,10.687009006591598,-133.51007734353186,0.2,0.5
supermat,nfix,NTP,10,platt_fit,18,0.24991365762084808,-2.1496549193586656,0.4,0.5
supermat,nfix,NTP,10,platt_fit,19,0.6846038689871299,-8.615004612898876,0.2,0.5
supermat,nfix,NTP,10,platt_fit,20,0.17407437703685658,-1.4911048400950047,0.4,0.5
supermat,nfix,NTP,10,platt_fit,22,-8.658340915621302,-5.747643921164162,0.1,0.5
supermat,nfix,NTP,10,platt_fit,23,0.008444315708834556,-0.43890215472729865,0.4,0.5
supermat,nfix,NTP,10,platt_fit,24,0.2632835004253875,-2.0406153160807303,0.2,0.5
supermat,nfix,NTP,10,platt_fit,25,0.2300960087844387,-1.728602461188435,0.3,0.5
supermat,nfix,NTP,10,platt_fit,26,2.0328430263939095,-11.025872034926266,0.2,0.5
supermat,nfix,NTP,10,platt_fit,27,-17707.418220753345,-8600.303210044094,0.1,0.5
supermat,nfix,NTP,10,platt_fit,28,1.4605472384128537,-19.333768932042968,0.2,0.5
supermat,nfix,NTP,10,platt_fit,29,0.20382250589277526,-2.313444681627192,0.3,0.5
supermat,nfix,NTP,10,platt_fit,30,0.5828219033134425,-7.225468167241473,0.2,0.5
supermat,nfix,NTP,10,platt_fit,31,1344570.9996844428,-17008121.60960012,0.3,0.5
supermat,nfix,NTP,10,platt_fit,32,0.07993945885713412,-1.7614112446349832,0.2,0.5
supermat,nfix,NTP,10,platt_fit,33,0.5331222857392303,-6.422267524620362,0.4,0.5
supermat,nfix,NTP,10,platt_fit,34,0.32297772819503523,-3.473654223188795,0.3,0.5
supermat,nfix,NTP,10,platt_fit,35,0.4734653805688297,-2.281208763266167,0.4,0.5
supermat,nfix,NTP,10,platt_fit,36,0.27901898376776,-2.2658465693824925,0.4,0.5
supermat,nfix,NTP,10,platt_fit,38,1.7516593195898622,-12.098577139992454,0.3,0.5
supermat,nfix,NTP,10,platt_fit,39,0.052850187535200835,-0.5865788984141089,0.4,0.5
supermat,nfix,NTP,10,platt_fit,40,19.430369206842133,-257.4354286925605,0.1,0.5
supermat,nfix,NTP,10,platt_fit,41,0.1835307811360749,-1.7600348289319914,0.3,0.5
supermat,nfix,NTP,10,platt_fit,42,0.5794169494422479,-1.922769063955771,0.3,0.5
supermat,nfix,NTP,10,platt_fit,43,0.13009066746631956,-0.6869973185642136,0.5,0.5
supermat,nfix,NTP,10,platt_fit,44,0.10056124770570939,-0.9676114093106278,0.4,0.5
supermat,nfix,NTP,10,platt_fit,45,62.71744478269867,-848.5983436470144,0.1,0.5
supermat,nfix,NTP,10,platt_fit,46,0.009965740115901244,-0.8932995670700437,0.3,0.5
supermat,nfix,NTP,10,platt_fit,47,0.04746535144501914,-1.7936979455391644,0.2,0.5
supermat,nfix,NTP,10,platt_fit,48,6.386001304730279,-1.3189192089035884,0.2,0.5
supermat,nfix,NTP,10,platt_fit,49,2.3669859870134564,-18.921295983637613,0.1,0.5
supermat,nfix,NTP,10,platt_fit,50,0.10207299885643094,-0.6916356988477554,0.5,0.5
supermat,nfix,NTP,10,platt_fit,51,0.17593563977195378,-0.9594374548450224,0.4,0.5
supermat,nfix,NTP,10,platt_fit,52,0.3635472451948712,-3.966297124737802,0.2,0.5
supermat,nfix,NTP,10,platt_fit,53,-0.5179867290169439,8.453431426233124,0.9,0.5
supermat,nfix,NTP,10,platt_fit,54,0.5683621412664828,-2.4215998944989754,0.3,0.5
supermat,nfix,NTP,10,platt_fit,55,0.19542915767068017,-2.6504577381685253,0.1,0.5
supermat,nfix,NTP,10,platt_fit,56,26.421783229280674,-359.37821739485366,0.3,0.5
supermat,nfix,NTP,10,platt_fit,57,0.2453961538947481,-1.4736836673797071,0.4,0.5
supermat,nfix,NTP,10,platt_fit,58,0.06692895729032297,-1.0554755379164287,0.4,0.5
supermat,nfix,NTP,10,platt_fit,59,0.9614554692085943,-11.234401951513407,0.6,0.5
supermat,nfix,NTP,10,platt_fit,60,0.08768286600116375,-1.117771700453617,0.3,0.5
supermat,nfix,NTP,10,platt_fit,61,0.8514642908551199,-2.2071799201565274,0.2,0.5
supermat,nfix,NTP,10,platt_fit,62,6.757136105394684,-89.62069967806924,0.3,0.5
supermat,nfix,NTP,10,platt_fit,63,-0.028125319444896758,-1.238859761249286,0.2,0.5
supermat,nfix,NTP,10,platt_fit,64,0.5500874335090743,-7.064752070933244,0.3,0.5
supermat,nfix,NTP,10,platt_fit,65,0.053239225110766314,-0.26472712491219336,0.5,0.5
supermat,nfix,NTP,10,platt_fit,67,0.088209776835278,-1.864353464779605,0.2,0.5
supermat,nfix,NTP,10,platt_fit,68,0.16176858626209983,-2.1331318566673745,0.2,0.5
supermat,nfix,NTP,10,platt_fit,69,0.42991075860830513,-5.7976456079632595,0.2,0.5
supermat,nfix,NTP,10,platt_fit,70,0.17576812009891712,-2.9979897817361176,0.1,0.5
supermat,nfix,NTP,10,platt_fit,71,3.641220849861795,-8.563557400388115,0.4,0.5
supermat,nfix,NTP,10,platt_fit,72,18.820497087103107,-219.2036232398774,0.2,0.5
supermat,nfix,NTP,10,platt_fit,73,-3.7005416492098173,-2.3100000661922757,0.2,0.5
supermat,nfix,NTP,10,platt_fit,74,251746.1199493719,-3436050.2288204655,0.1,0.5
supermat,nfix,NTP,10,platt_fit,75,9.824114903089619,-123.68113770138535,0.1,0.5
supermat,nfix,NTP,10,platt_fit,76,4.576503690641247,-7.395544298655526,0.4,0.5
supermat,nfix,NTP,10,platt_fit,77,0.44579350997930983,-5.387231645102746,0.2,0.5
supermat,nfix,NTP,10,platt_fit,78,0.19224609953159605,-1.9700565426277385,0.3,0.5
supermat,nfix,NTP,10,platt_fit,79,0.17511253097987348,-1.7304481399720029,0.3,0.5
supermat,nfix,NTP,10,platt_fit,80,0.1308630507908639,-1.6781842794585236,0.3,0.5
supermat,nfix,NTP,10,platt_fit,81,0.14115462387480684,-1.4177710570885578,0.4,0.5
supermat,nfix,NTP,10,platt_fit,82,0.4675909332976022,-7.007952914692017,0.1,0.5
supermat,nfix,NTP,10,platt_fit,83,0.7149225480535177,-9.037783142283546,0.4,0.5
supermat,nfix,NTP,10,platt_fit,84,0.09190360050490745,-1.297032552768956,0.3,0.5
supermat,nfix,NTP,10,platt_fit,85,0.9321437504432528,-12.30362433016592,0.3,0.5
supermat,nfix,NTP,10,platt_fit,86,0.0850809893227361,-1.78373754594395,0.2,0.5
supermat,nfix,NTP,10,platt_fit,87,0.09849280689965374,-1.906566904670752,0.2,0.5
supermat,nfix,NTP,10,platt_fit,88,0.2572931209614351,-1.0846892282819964,0.4,0.5
supermat,nfix,NTP,10,platt_fit,89,0.23125430407162614,-1.7308626337504611,0.4,0.5
supermat,nfix,NTP,10,platt_fit,90,0.08857016072012658,-1.3848993943091914,0.3,0.5
supermat,nfix,NTP,10,platt_fit,91,1.6548444713226964,-12.769806126183518,0.2,0.5
supermat,nfix,NTP,10,platt_fit,92,3.563340208102926,-8.549026768449078,0.4,0.5
supermat,nfix,NTP,10,platt_fit,93,0.4685891361631834,-1.9799044833499209,0.5,0.5
supermat,nfix,NTP,10,platt_fit,94,0.1303797275263652,-1.6825553644651308,0.3,0.5
supermat,nfix,NTP,10,platt_fit,95,0.7580609987869289,-9.32131630388753,0.4,0.5
supermat,nfix,NTP,10,platt_fit,96,0.13140386533752849,-1.5524604063976082,0.3,0.5
supermat,nfix,NTP,10,platt_fit,97,2.8083273116160843,-9.26959176905726,0.4,0.5
supermat,nfix,NTP,10,platt_fit,98,0.17041201968154474,-1.9844382378671637,0.2,0.5
supermat,nfix,NTP,10,platt_fit,99,-0.6833376595768695,-1.4468692448700429,0.1,0.5
supermat,nfix,NTP,10,platt_fit,100,-11.357475582961605,-6.699695815724689,0.1,0.5
supermat,nfix,NTP,10,platt_fit,101,0.5767746711770898,-7.836424544547638,0.1,0.5
supermat,nfix,NTP,10,platt_fit,102,0.3593799307014889,-0.8056297260928504,0.5,0.5
supermat,nfix,Probe,50,platt_fit,0,0.6423608378835183,-3.6553207366803155,0.22,0.5
supermat,nfix,Probe,50,platt_fit,1,0.31893025829922395,-1.7960280339528991,0.34,0.5
supermat,nfix,Probe,50,platt_fit,2,0.9554003705347063,-4.00425434889066,0.26,0.5
supermat,nfix,Probe,50,platt_fit,3,1.1521103550648264,-4.932959512445512,0.28,0.5
supermat,nfix,Probe,50,platt_fit,4,0.06942020351054226,-0.8224058929775877,0.36,0.5
supermat,nfix,Probe,50,platt_fit,5,0.46902230144392876,-2.7340071564926824,0.22,0.5
supermat,nfix,Probe,50,platt_fit,6,1.216617328785198,-4.688700428899107,0.32,0.5
supermat,nfix,Probe,50,platt_fit,7,0.4503059122049001,-2.2397506655509787,0.34,0.5
supermat,nfix,Probe,50,platt_fit,8,0.12519894921943883,-1.570868602572099,0.24,0.5
supermat,nfix,Probe,50,platt_fit,9,0.43579135555542137,-2.429023458447715,0.3,0.5
supermat,nfix,Probe,50,platt_fit,10,0.4558937355199377,-2.3634281285129295,0.28,0.5
supermat,nfix,Probe,50,platt_fit,11,0.8546217960757687,-3.7803631233299853,0.32,0.5
supermat,nfix,Probe,50,platt_fit,12,1.1853218826461684,-4.955386645705329,0.32,0.5
supermat,nfix,Probe,50,platt_fit,13,0.568642864868441,-3.161007510517995,0.2,0.5
supermat,nfix,Probe,50,platt_fit,14,0.7483814104055722,-3.6699165927613326,0.26,0.5
supermat,nfix,Probe,50,platt_fit,15,1.6375968806567551,-7.530165257013097,0.14,0.5
supermat,nfix,Probe,50,platt_fit,16,0.17208374064284324,-2.146767718643022,0.16,0.5
supermat,nfix,Probe,50,platt_fit,17,0.4894168726045534,-2.215169368175505,0.3,0.5
supermat,nfix,Probe,50,platt_fit,18,0.9972126579448112,-3.7191321237653354,0.4,0.5
supermat,nfix,Probe,50,platt_fit,19,0.757947552255569,-4.558825359242902,0.1,0.5
supermat,nfix,Probe,50,platt_fit,20,1.7084929110718374,-6.511926839334277,0.26,0.5
supermat,nfix,Probe,50,platt_fit,21,0.5820298346836804,-2.4668053588961287,0.34,0.5
supermat,nfix,Probe,50,platt_fit,22,0.9989106243908972,-4.378494125077045,0.22,0.5
supermat,nfix,Probe,50,platt_fit,23,0.15868215177358602,-1.6432458563069887,0.24,0.5
supermat,nfix,Probe,50,platt_fit,24,0.9921536041879322,-4.642663820055472,0.24,0.5
supermat,nfix,Probe,50,platt_fit,25,0.3315930148664809,-1.6851688469911874,0.32,0.5
supermat,nfix,Probe,50,platt_fit,26,0.7098423492317416,-2.877801798025518,0.3,0.5
supermat,nfix,Probe,50,platt_fit,27,0.5200638183735028,-2.9888481168169014,0.22,0.5
supermat,nfix,Probe,50,platt_fit,28,0.3631860834001513,-2.520662000448935,0.24,0.5
supermat,nfix,Probe,50,platt_fit,29,0.6761941288503377,-2.6125050457861807,0.34,0.5
supermat,nfix,Probe,50,platt_fit,30,0.6579834320518656,-3.0361191778221643,0.32,0.5
supermat,nfix,Probe,50,platt_fit,31,0.703621058824505,-3.1833831423916377,0.28,0.5
supermat,nfix,Probe,50,platt_fit,32,0.6310123697367512,-3.962409027546221,0.16,0.5
supermat,nfix,Probe,50,platt_fit,33,-0.00916830574532674,-1.1221849640082349,0.24,0.5
supermat,nfix,Probe,50,platt_fit,34,1.1830926972824511,-5.467490305315682,0.24,0.5
supermat,nfix,Probe,50,platt_fit,35,0.0801997802022513,-1.3759024695132946,0.24,0.5
supermat,nfix,Probe,50,platt_fit,36,1.6421849412745972,-6.90334499575956,0.28,0.5
supermat,nfix,Probe,50,platt_fit,37,0.044484726406283225,-1.1798977867653995,0.26,0.5
supermat,nfix,Probe,50,platt_fit,38,0.6624179036333359,-3.0947244661489743,0.24,0.5
supermat,nfix,Probe,50,platt_fit,39,0.3355195450678633,-1.6961115967124993,0.34,0.5
supermat,nfix,Probe,50,platt_fit,40,0.9093934710689047,-5.112232262160421,0.14,0.5
supermat,nfix,Probe,50,platt_fit,41,0.18103608234154048,-1.7562872501618971,0.24,0.5
supermat,nfix,Probe,50,platt_fit,42,0.2889831600350057,-2.2770505918210215,0.2,0.5
supermat,nfix,Probe,50,platt_fit,43,0.5627960308151667,-3.4557953193056727,0.18,0.5
supermat,nfix,Probe,50,platt_fit,44,0.5972081226893505,-2.902964983093821,0.32,0.5
supermat,nfix,Probe,50,platt_fit,45,0.8468533557509352,-3.590817511432139,0.24,0.5
supermat,nfix,Probe,50,platt_fit,46,0.7902179896429397,-3.991329745870679,0.22,0.5
supermat,nfix,Probe,50,platt_fit,47,0.6948968947232529,-3.0595618159681948,0.36,0.5
supermat,nfix,Probe,50,platt_fit,48,0.485385948717033,-2.9903415027172295,0.22,0.5
supermat,nfix,Probe,50,platt_fit,49,0.3867158556973006,-2.5561664503362374,0.2,0.5
supermat,nfix,Probe,50,platt_fit,50,0.6424360113286012,-2.5810220165594706,0.36,0.5
supermat,nfix,Probe,50,platt_fit,51,0.6662408714016285,-3.4997725365825083,0.18,0.5
supermat,nfix,Probe,50,platt_fit,52,0.20823828381336512,-1.6226109432683327,0.28,0.5
supermat,nfix,Probe,50,platt_fit,53,0.5965274866057011,-2.9938029731316522,0.26,0.5
supermat,nfix,Probe,50,platt_fit,54,0.3700972260562164,-2.702616572995994,0.18,0.5
supermat,nfix,Probe,50,platt_fit,55,0.42973258406697684,-2.6899621987973266,0.2,0.5
supermat,nfix,Probe,50,platt_fit,56,0.4702795081973119,-3.18174953983071,0.16,0.5
supermat,nfix,Probe,50,platt_fit,57,1.1547154106517092,-4.108867961963722,0.34,0.5
supermat,nfix,Probe,50,platt_fit,58,0.5446054485142883,-2.326885653177914,0.38,0.5
supermat,nfix,Probe,50,platt_fit,59,1.719373956453971,-7.573120584087118,0.28,0.5
supermat,nfix,Probe,50,platt_fit,60,0.6920994661697228,-3.2876261507412106,0.26,0.5
supermat,nfix,Probe,50,platt_fit,61,0.5714438995490356,-2.5212710102094484,0.36,0.5
supermat,nfix,Probe,50,platt_fit,62,0.3600570731352286,-1.8699603556782682,0.32,0.5
supermat,nfix,Probe,50,platt_fit,63,0.4318796419702658,-2.3921689946917364,0.3,0.5
supermat,nfix,Probe,50,platt_fit,64,0.30151499845565544,-2.7440246660476855,0.12,0.5
supermat,nfix,Probe,50,platt_fit,65,0.12473094228651148,-1.3714239108540562,0.28,0.5
supermat,nfix,Probe,50,platt_fit,66,0.5635582826001542,-2.895919278267076,0.26,0.5
supermat,nfix,Probe,50,platt_fit,67,0.091980140552268,-1.258254324098055,0.28,0.5
supermat,nfix,Probe,50,platt_fit,68,0.1676818301569741,-1.8415419811500817,0.22,0.5
supermat,nfix,Probe,50,platt_fit,69,1.0312179375844257,-4.218771043594382,0.34,0.5
supermat,nfix,Probe,50,platt_fit,70,0.7073210382735221,-3.0617622673136626,0.28,0.5
supermat,nfix,Probe,50,platt_fit,71,0.643714097615501,-2.8276036030532925,0.32,0.5
supermat,nfix,Probe,50,platt_fit,72,0.6462642631327096,-3.0017537278431403,0.26,0.5
supermat,nfix,Probe,50,platt_fit,73,0.42880439279104904,-2.1625015008038337,0.28,0.5
supermat,nfix,Probe,50,platt_fit,74,0.13176552960703877,-2.409056766897147,0.12,0.5
supermat,nfix,Probe,50,platt_fit,75,1.0743196157384918,-4.8811941371432805,0.22,0.5
supermat,nfix,Probe,50,platt_fit,76,0.8278228776798875,-3.4398861194926846,0.32,0.5
supermat,nfix,Probe,50,platt_fit,77,0.5277995433504898,-3.1707548381554624,0.18,0.5
supermat,nfix,Probe,50,platt_fit,78,0.4798427092228164,-2.30266055045249,0.32,0.5
supermat,nfix,Probe,50,platt_fit,79,0.669690381288625,-3.0792774102106835,0.3,0.5
supermat,nfix,Probe,50,platt_fit,80,1.147413527361458,-4.903415909103564,0.28,0.5
supermat,nfix,Probe,50,platt_fit,81,-0.09128068174366696,-0.19691428684989018,0.38,0.5
supermat,nfix,Probe,50,platt_fit,82,0.5928095934005945,-3.6522895429738553,0.2,0.5
supermat,nfix,Probe,50,platt_fit,83,0.7173400084487246,-3.3678332520263954,0.24,0.5
supermat,nfix,Probe,50,platt_fit,84,0.8082365210147924,-4.309516503597488,0.18,0.5
supermat,nfix,Probe,50,platt_fit,85,0.9441246615478441,-3.6919199087519377,0.34,0.5
supermat,nfix,Probe,50,platt_fit,86,0.297859329880283,-2.023724263117941,0.26,0.5
supermat,nfix,Probe,50,platt_fit,87,0.7802548042035521,-4.046723127025586,0.22,0.5
supermat,nfix,Probe,50,platt_fit,88,0.4794675194319352,-2.596357158951109,0.24,0.5
supermat,nfix,Probe,50,platt_fit,89,0.17414541842058223,-1.4225683800719786,0.3,0.5
supermat,nfix,Probe,50,platt_fit,90,1.0542566815346956,-4.954988008166678,0.28,0.5
supermat,nfix,Probe,50,platt_fit,91,0.2969669538134194,-1.8034895643368112,0.3,0.5
supermat,nfix,Probe,50,platt_fit,92,0.5597942322552727,-3.5842190539215193,0.1,0.5
supermat,nfix,Probe,50,platt_fit,93,0.6941734142348251,-3.117283720849503,0.28,0.5
supermat,nfix,Probe,50,platt_fit,94,0.7338535160249714,-3.624251541804949,0.26,0.5
supermat,nfix,Probe,50,platt_fit,95,0.27174256449177886,-2.1507215553211605,0.2,0.5
supermat,nfix,Probe,50,platt_fit,96,1.2523692229973937,-5.13368300053522,0.28,0.5
supermat,nfix,Probe,50,platt_fit,97,0.0006689499851267028,-0.8498669752517,0.3,0.5
supermat,nfix,Probe,50,platt_fit,98,0.9249954155338779,-3.8865237084516964,0.3,0.5
supermat,nfix,Probe,50,platt_fit,99,0.3413196616482885,-2.198449670988161,0.26,0.5
supermat,nfix,NTP,50,platt_fit,0,0.13129859786570258,-2.1485764341637124,0.22,0.5
supermat,nfix,NTP,50,platt_fit,1,0.14108836718304218,-1.58079875087603,0.34,0.5
supermat,nfix,NTP,50,platt_fit,2,0.22547713400389816,-2.5089820942755545,0.26,0.5
supermat,nfix,NTP,50,platt_fit,3,0.26880635632911637,-2.8191555351911046,0.28,0.5
supermat,nfix,NTP,50,platt_fit,4,0.07084497917516624,-0.9627111521175068,0.36,0.5
supermat,nfix,NTP,50,platt_fit,5,0.17329978366344098,-2.192931991968287,0.22,0.5
supermat,nfix,NTP,50,platt_fit,6,0.1720985644562397,-1.6428090854774842,0.32,0.5
supermat,nfix,NTP,50,platt_fit,7,0.1569335550252675,-1.6498070692089433,0.34,0.5
supermat,nfix,NTP,50,platt_fit,8,0.10369310379672768,-1.9142480134387998,0.24,0.5
supermat,nfix,NTP,50,platt_fit,9,0.20826568016545682,-2.188399339524469,0.3,0.5
supermat,nfix,NTP,50,platt_fit,10,0.18238790412227246,-2.011586857203592,0.28,0.5
supermat,nfix,NTP,50,platt_fit,11,0.18889418081796752,-1.789027653025181,0.32,0.5
supermat,nfix,NTP,50,platt_fit,12,0.3166148886287784,-2.7694828976025385,0.32,0.5
supermat,nfix,NTP,50,platt_fit,13,0.1855113327179457,-2.457866793979944,0.2,0.5
supermat,nfix,NTP,50,platt_fit,14,0.34323616310742683,-2.887453772019484,0.26,0.5
supermat,nfix,NTP,50,platt_fit,15,0.24832973432192967,-3.496249070836272,0.14,0.5
supermat,nfix,NTP,50,platt_fit,16,0.14381793719645994,-2.3853062582437703,0.16,0.5
supermat,nfix,NTP,50,platt_fit,17,0.19078863960507464,-1.587452117475051,0.3,0.5
supermat,nfix,NTP,50,platt_fit,18,0.16542417228124445,-1.2363971713975932,0.4,0.5
supermat,nfix,NTP,50,platt_fit,19,0.17178515746618253,-3.13546335668524,0.1,0.5
supermat,nfix,NTP,50,platt_fit,20,0.37580390899547195,-2.9165733176734503,0.26,0.5
supermat,nfix,NTP,50,platt_fit,21,0.18462087069686825,-1.3180088579029028,0.34,0.5
supermat,nfix,NTP,50,platt_fit,22,0.23916932492763618,-2.542718616864533,0.22,0.5
supermat,nfix,NTP,50,platt_fit,23,0.2013713493346097,-2.438748548810202,0.24,0.5
supermat,nfix,NTP,50,platt_fit,24,0.20320794312662677,-2.5961984064075683,0.24,0.5
supermat,nfix,NTP,50,platt_fit,25,0.18546927245612752,-1.245223111931144,0.32,0.5
supermat,nfix,NTP,50,platt_fit,26,0.11729010701937675,-1.2398512049922403,0.3,0.5
supermat,nfix,NTP,50,platt_fit,27,0.2546011297711089,-2.7764197799933874,0.22,0.5
supermat,nfix,NTP,50,platt_fit,28,0.06216711463972012,-1.550254009682853,0.24,0.5
supermat,nfix,NTP,50,platt_fit,29,0.208460257022342,-1.7257666498293585,0.34,0.5
supermat,nfix,NTP,50,platt_fit,30,0.27150521657347,-2.3767325126648764,0.32,0.5
supermat,nfix,NTP,50,platt_fit,31,0.20443205833160674,-1.8762756506474896,0.28,0.5
supermat,nfix,NTP,50,platt_fit,32,0.12386173282774496,-2.532020760805083,0.16,0.5
supermat,nfix,NTP,50,platt_fit,33,0.09837659109213788,-1.7078889404549171,0.24,0.5
supermat,nfix,NTP,50,platt_fit,34,0.3131163143623447,-2.811615411954746,0.24,0.5
supermat,nfix,NTP,50,platt_fit,35,0.1481544309197801,-1.8658920071814116,0.24,0.5
supermat,nfix,NTP,50,platt_fit,36,0.22924588257246048,-2.182771937568913,0.28,0.5
supermat,nfix,NTP,50,platt_fit,37,0.16406073326594778,-1.9240705633193016,0.26,0.5
supermat,nfix,NTP,50,platt_fit,38,0.19891611765890857,-2.194383001591464,0.24,0.5
supermat,nfix,NTP,50,platt_fit,39,0.1626548175236885,-1.5067590365090109,0.34,0.5
supermat,nfix,NTP,50,platt_fit,40,0.43161892115432887,-5.038123043332507,0.14,0.5
supermat,nfix,NTP,50,platt_fit,41,0.23804220972041987,-2.354927474700841,0.24,0.5
supermat,nfix,NTP,50,platt_fit,42,0.11122416227316556,-1.8130754848793873,0.2,0.5
supermat,nfix,NTP,50,platt_fit,43,0.3136982695254166,-3.6033013704955676,0.18,0.5
supermat,nfix,NTP,50,platt_fit,44,0.23287766564622772,-2.4747178320630483,0.32,0.5
supermat,nfix,NTP,50,platt_fit,45,0.17989243314027942,-2.3255208561320524,0.24,0.5
supermat,nfix,NTP,50,platt_fit,46,0.22427505569455897,-2.696146643551462,0.22,0.5
supermat,nfix,NTP,50,platt_fit,47,0.12996536790597507,-1.4295297089910077,0.36,0.5
supermat,nfix,NTP,50,platt_fit,48,0.2100160702313079,-2.8007034951826806,0.22,0.5
supermat,nfix,NTP,50,platt_fit,49,0.1407318838428865,-2.1645113443294197,0.2,0.5
supermat,nfix,NTP,50,platt_fit,50,0.1932124585645543,-1.6891766181200902,0.36,0.5
supermat,nfix,NTP,50,platt_fit,51,0.14373510913167892,-2.3930903169238325,0.18,0.5
supermat,nfix,NTP,50,platt_fit,52,0.03491393740934738,-1.0889581386215685,0.28,0.5
supermat,nfix,NTP,50,platt_fit,53,0.2540754327880189,-2.3190839547404036,0.26,0.5
supermat,nfix,NTP,50,platt_fit,54,0.15313755498167586,-2.5932968971558914,0.18,0.5
supermat,nfix,NTP,50,platt_fit,55,0.12356500139213634,-1.9112350863814984,0.2,0.5
supermat,nfix,NTP,50,platt_fit,56,0.10277677723176469,-2.174413520420155,0.16,0.5
supermat,nfix,NTP,50,platt_fit,57,0.20697599243334522,-1.8425747130905836,0.34,0.5
supermat,nfix,NTP,50,platt_fit,58,0.16339539240669898,-1.4226738296833636,0.38,0.5
supermat,nfix,NTP,50,platt_fit,59,0.2561070127773145,-2.8395910018982153,0.28,0.5
supermat,nfix,NTP,50,platt_fit,60,0.29535276755036416,-2.6901454267308456,0.26,0.5
supermat,nfix,NTP,50,platt_fit,61,0.24015964443800022,-1.8985323919649006,0.36,0.5
supermat,nfix,NTP,50,platt_fit,62,0.1716345612002477,-1.683432712682332,0.32,0.5
supermat,nfix,NTP,50,platt_fit,63,0.17606312253073336,-2.1091110915944014,0.3,0.5
supermat,nfix,NTP,50,platt_fit,64,0.07769332733619674,-2.380815287048982,0.12,0.5
supermat,nfix,NTP,50,platt_fit,65,0.11173827356909655,-1.51550166067062,0.28,0.5
supermat,nfix,NTP,50,platt_fit,66,0.16138367848353172,-1.8506655956893694,0.26,0.5
supermat,nfix,NTP,50,platt_fit,67,0.13744512394252914,-1.957829700083968,0.28,0.5
supermat,nfix,NTP,50,platt_fit,68,0.13669038799100938,-2.011731800353948,0.22,0.5
supermat,nfix,NTP,50,platt_fit,69,0.19842363930907825,-1.964778044577339,0.34,0.5
supermat,nfix,NTP,50,platt_fit,70,0.20349570211391374,-2.3516034279809435,0.28,0.5
supermat,nfix,NTP,50,platt_fit,71,0.13989197834566436,-1.5815143077434208,0.32,0.5
supermat,nfix,NTP,50,platt_fit,72,0.15736963864620795,-1.9889936815572207,0.26,0.5
supermat,nfix,NTP,50,platt_fit,73,0.11039207903639711,-1.4663588844080315,0.28,0.5
supermat,nfix,NTP,50,platt_fit,74,0.24846566069299214,-3.418054473243057,0.12,0.5
supermat,nfix,NTP,50,platt_fit,75,0.30188273283363326,-2.9164319420568208,0.22,0.5
supermat,nfix,NTP,50,platt_fit,76,0.33246376655561033,-3.1664851342108795,0.32,0.5
supermat,nfix,NTP,50,platt_fit,77,0.1412241624381386,-2.157665841194029,0.18,0.5
supermat,nfix,NTP,50,platt_fit,78,0.17655208988310656,-1.9502621538390514,0.32,0.5
supermat,nfix,NTP,50,platt_fit,79,0.10971896419077469,-1.3727635058554668,0.3,0.5
supermat,nfix,NTP,50,platt_fit,80,0.3087095729773664,-3.1975596768572396,0.28,0.5
supermat,nfix,NTP,50,platt_fit,81,0.09530365964694981,-1.0668552705821246,0.38,0.5
supermat,nfix,NTP,50,platt_fit,82,0.1665729021947437,-2.494514890196487,0.2,0.5
supermat,nfix,NTP,50,platt_fit,83,0.1751653535618369,-1.9693458249552516,0.24,0.5
supermat,nfix,NTP,50,platt_fit,84,0.5147342877574504,-6.936025220549911,0.18,0.5
supermat,nfix,NTP,50,platt_fit,85,0.22351229819556118,-2.022526605220769,0.34,0.5
supermat,nfix,NTP,50,platt_fit,86,0.08679539381524745,-1.5104396690893753,0.26,0.5
supermat,nfix,NTP,50,platt_fit,87,0.3643978878246168,-4.592812154694378,0.22,0.5
supermat,nfix,NTP,50,platt_fit,88,0.15244217455863215,-1.899748120351207,0.24,0.5
supermat,nfix,NTP,50,platt_fit,89,0.1296070501200603,-1.4833768817073834,0.3,0.5
supermat,nfix,NTP,50,platt_fit,90,0.3190911775477712,-3.942259022614327,0.28,0.5
supermat,nfix,NTP,50,platt_fit,91,0.08120365256656362,-1.3430098642430057,0.3,0.5
supermat,nfix,NTP,50,platt_fit,92,0.18721292210878435,-3.0010508575953057,0.1,0.5
supermat,nfix,NTP,50,platt_fit,93,0.16166459464342947,-1.7925328713973858,0.28,0.5
supermat,nfix,NTP,50,platt_fit,94,0.2570362055017988,-2.6975500167913182,0.26,0.5
supermat,nfix,NTP,50,platt_fit,95,0.20127314501705704,-2.3373822625767287,0.2,0.5
supermat,nfix,NTP,50,platt_fit,96,0.3745809044442652,-3.0178901110164182,0.28,0.5
supermat,nfix,NTP,50,platt_fit,97,0.19375302327819952,-2.303962318855723,0.3,0.5
supermat,nfix,NTP,50,platt_fit,98,0.2069454780521369,-2.156186470809752,0.3,0.5
supermat,nfix,NTP,50,platt_fit,99,0.18293300590126088,-2.1050483112216463,0.26,0.5
supermat,nfix,Probe,100,platt_fit,0,0.8329995023338276,-3.909814615249318,0.25,0.5
supermat,nfix,Probe,100,platt_fit,1,0.4744102597127963,-2.1538025928416777,0.35,0.5
supermat,nfix,Probe,100,platt_fit,2,0.7627698426440246,-3.422678954800244,0.25,0.5
supermat,nfix,Probe,100,platt_fit,3,0.7784804528960573,-3.7278181297620008,0.24,0.5
supermat,nfix,Probe,100,platt_fit,4,0.36470611964486643,-1.7542774661679068,0.36,0.5
supermat,nfix,Probe,100,platt_fit,5,0.5424260174302875,-2.28239714458703,0.35,0.5
supermat,nfix,Probe,100,platt_fit,6,0.5261276608066066,-2.4269319651307826,0.31,0.5
supermat,nfix,Probe,100,platt_fit,7,0.8000668377278871,-3.8141423212814547,0.23,0.5
supermat,nfix,Probe,100,platt_fit,8,0.22412963765892505,-1.478354366464353,0.32,0.5
supermat,nfix,Probe,100,platt_fit,9,0.1264785758348212,-1.6160271805203827,0.23,0.5
supermat,nfix,Probe,100,platt_fit,10,0.4941115539872941,-2.662087682164917,0.23,0.5
supermat,nfix,Probe,100,platt_fit,11,0.3927552361587945,-2.314539235896267,0.26,0.5
supermat,nfix,Probe,100,platt_fit,12,0.6137832178647069,-2.8726204441802587,0.29,0.5
supermat,nfix,Probe,100,platt_fit,13,0.45448526089631347,-2.3586238296651834,0.27,0.5
supermat,nfix,Probe,100,platt_fit,14,0.5318670963070287,-3.031819351984058,0.25,0.5
supermat,nfix,Probe,100,platt_fit,15,0.7412119523522249,-3.399003172384346,0.28,0.5
supermat,nfix,Probe,100,platt_fit,16,0.31270689808790936,-2.290677237882554,0.22,0.5
supermat,nfix,Probe,100,platt_fit,17,0.5008858835417745,-2.4411310320532937,0.3,0.5
supermat,nfix,Probe,100,platt_fit,18,0.4388073113820425,-2.7016987918028947,0.22,0.5
supermat,nfix,Probe,100,platt_fit,19,0.6047045553415921,-3.0875497135985595,0.22,0.5
supermat,nfix,Probe,100,platt_fit,20,0.7461587772103937,-3.0434951185831274,0.35,0.5
supermat,nfix,Probe,100,platt_fit,21,0.37055829329496637,-2.0905667297719295,0.28,0.5
supermat,nfix,Probe,100,platt_fit,22,0.7347411793137218,-4.010649454253061,0.17,0.5
supermat,nfix,Probe,100,platt_fit,23,0.28164910543450455,-1.7480614201609204,0.31,0.5
supermat,nfix,Probe,100,platt_fit,24,0.8972658852596527,-4.190513173169286,0.26,0.5
supermat,nfix,Probe,100,platt_fit,25,1.0814796209587716,-4.652566831730048,0.24,0.5
supermat,nfix,Probe,100,platt_fit,26,0.6737401252843772,-3.7915034744619964,0.17,0.5
supermat,nfix,Probe,100,platt_fit,27,0.42407686377164067,-2.6088411182866564,0.23,0.5
supermat,nfix,Probe,100,platt_fit,28,0.6422665196389638,-3.522543743920246,0.24,0.5
supermat,nfix,Probe,100,platt_fit,29,0.8144160461138772,-3.7499961783198463,0.26,0.5
supermat,nfix,Probe,100,platt_fit,30,0.5437217925452243,-2.659578353204968,0.29,0.5
supermat,nfix,Probe,100,platt_fit,31,0.6247238573442767,-2.94417393363757,0.27,0.5
supermat,nfix,Probe,100,platt_fit,32,0.6452354949509406,-2.70253883792408,0.36,0.5
supermat,nfix,Probe,100,platt_fit,33,0.426464286861384,-2.241533361788188,0.31,0.5
supermat,nfix,Probe,100,platt_fit,34,0.4702821514011696,-2.6089054205493722,0.23,0.5
supermat,nfix,Probe,100,platt_fit,35,0.35763659392007763,-2.0399968684910195,0.31,0.5
supermat,nfix,Probe,100,platt_fit,36,0.36545263947774703,-1.9230813535954643,0.34,0.5
supermat,nfix,Probe,100,platt_fit,37,0.5361803560687544,-2.944026624327475,0.22,0.5
supermat,nfix,Probe,100,platt_fit,38,0.6559457282877406,-3.7782531163191,0.17,0.5
supermat,nfix,Probe,100,platt_fit,39,0.11937336091815333,-1.3167701148878745,0.28,0.5
supermat,nfix,Probe,100,platt_fit,40,0.4818094762636082,-2.801920570715721,0.22,0.5
supermat,nfix,Probe,100,platt_fit,41,0.6614590793784614,-3.228072804213819,0.27,0.5
supermat,nfix,Probe,100,platt_fit,42,0.4192158561941693,-2.296445921788279,0.26,0.5
supermat,nfix,Probe,100,platt_fit,43,0.4725089073571594,-2.854085779518136,0.22,0.5
supermat,nfix,Probe,100,platt_fit,44,0.4986652603992657,-2.7020255586941677,0.26,0.5
supermat,nfix,Probe,100,platt_fit,45,0.3843257479446612,-2.1387390453589568,0.28,0.5
supermat,nfix,Probe,100,platt_fit,46,0.528342544939207,-2.5925812107409576,0.31,0.5
supermat,nfix,Probe,100,platt_fit,47,0.6930744292438039,-2.9474078385334295,0.31,0.5
supermat,nfix,Probe,100,platt_fit,48,0.43269569916770284,-2.562947159637722,0.28,0.5
supermat,nfix,Probe,100,platt_fit,49,0.1653812179783532,-1.5727018784324265,0.25,0.5
supermat,nfix,Probe,100,platt_fit,50,0.2633222889757532,-1.519258939341442,0.33,0.5
supermat,nfix,Probe,100,platt_fit,51,0.45603110387148127,-2.614767233422733,0.22,0.5
supermat,nfix,Probe,100,platt_fit,52,0.2330048292154916,-1.3672370894590224,0.35,0.5
supermat,nfix,Probe,100,platt_fit,53,0.7568062265429845,-3.8984031444065073,0.19,0.5
supermat,nfix,Probe,100,platt_fit,54,0.7237470678775811,-4.040776388443909,0.21,0.5
supermat,nfix,Probe,100,platt_fit,55,0.5219260302986026,-2.330655736503166,0.32,0.5
supermat,nfix,Probe,100,platt_fit,56,0.548597963876181,-3.255483808826506,0.19,0.5
supermat,nfix,Probe,100,platt_fit,57,0.5800641361157401,-2.964312358975479,0.25,0.5
supermat,nfix,Probe,100,platt_fit,58,0.4082169915303483,-2.468860128438437,0.26,0.5
supermat,nfix,Probe,100,platt_fit,59,0.7142231389982958,-3.288390442093278,0.32,0.5
supermat,nfix,Probe,100,platt_fit,60,0.46639795506807963,-2.987493387273588,0.18,0.5
supermat,nfix,Probe,100,platt_fit,61,0.26455587218401727,-1.6422437262997716,0.3,0.5
supermat,nfix,Probe,100,platt_fit,62,0.7245031714825456,-3.636159962480425,0.21,0.5
supermat,nfix,Probe,100,platt_fit,63,0.4270344829863046,-3.1059445999394133,0.17,0.5
supermat,nfix,Probe,100,platt_fit,64,0.5591945537096635,-2.6742192086624135,0.25,0.5
supermat,nfix,Probe,100,platt_fit,65,0.6298604751797572,-3.3257502895218405,0.27,0.5
supermat,nfix,Probe,100,platt_fit,66,0.4558306316128679,-2.5366489528096627,0.26,0.5
supermat,nfix,Probe,100,platt_fit,67,0.7436268651099792,-3.4892202588522268,0.29,0.5
supermat,nfix,Probe,100,platt_fit,68,0.335091716009331,-2.195122782569652,0.25,0.5
supermat,nfix,Probe,100,platt_fit,69,0.5641708179625836,-2.7247551171218944,0.32,0.5
supermat,nfix,Probe,100,platt_fit,70,0.48839424491866795,-2.390701357336765,0.29,0.5
supermat,nfix,Probe,100,platt_fit,71,0.23664862966940237,-1.9278425511506097,0.22,0.5
supermat,nfix,Probe,100,platt_fit,72,0.4313940663236259,-2.1469512114513862,0.31,0.5
supermat,nfix,Probe,100,platt_fit,73,0.523152886989198,-2.5387540315468646,0.3,0.5
supermat,nfix,Probe,100,platt_fit,74,0.4733237866736803,-2.7016348019482512,0.24,0.5
supermat,nfix,Probe,100,platt_fit,75,0.656761653963826,-2.845796344231837,0.32,0.5
supermat,nfix,Probe,100,platt_fit,76,0.7746009381124852,-3.9576747754290675,0.21,0.5
supermat,nfix,Probe,100,platt_fit,77,0.40128194782159754,-2.260240319249581,0.28,0.5
supermat,nfix,Probe,100,platt_fit,78,0.48950342376162786,-2.2170797070041766,0.35,0.5
supermat,nfix,Probe,100,platt_fit,79,0.39089864840692545,-2.535413229702491,0.21,0.5
supermat,nfix,Probe,100,platt_fit,80,0.33269940992816477,-2.012445280778819,0.27,0.5
supermat,nfix,Probe,100,platt_fit,81,0.1728530676284434,-1.7918423290872065,0.22,0.5
supermat,nfix,Probe,100,platt_fit,82,0.6769518592512784,-2.8310326531967824,0.38,0.5
supermat,nfix,Probe,100,platt_fit,83,0.9885303626571099,-5.095373304320727,0.18,0.5
supermat,nfix,Probe,100,platt_fit,84,0.731527722104316,-3.646408162569369,0.23,0.5
supermat,nfix,Probe,100,platt_fit,85,0.6488227573255232,-2.624172954327433,0.34,0.5
supermat,nfix,Probe,100,platt_fit,86,0.6785251636534378,-3.5244032067098052,0.22,0.5
supermat,nfix,Probe,100,platt_fit,87,0.505615297694243,-3.0298918946065196,0.21,0.5
supermat,nfix,Probe,100,platt_fit,88,0.5590459297068013,-2.7479059274502062,0.3,0.5
supermat,nfix,Probe,100,platt_fit,89,0.8529441608389484,-3.7785553920527315,0.25,0.5
supermat,nfix,Probe,100,platt_fit,90,0.6182849460761172,-3.380647305145666,0.23,0.5
supermat,nfix,Probe,100,platt_fit,91,0.43953049510062653,-2.3347956339505376,0.29,0.5
supermat,nfix,Probe,100,platt_fit,92,0.5911830585704874,-2.2864287903270792,0.35,0.5
supermat,nfix,Probe,100,platt_fit,93,0.17729011474092934,-1.5690055838455548,0.26,0.5
supermat,nfix,Probe,100,platt_fit,94,0.5991907569841894,-2.944507501410578,0.25,0.5
supermat,nfix,Probe,100,platt_fit,95,0.556515336896385,-2.537910486277252,0.3,0.5
supermat,nfix,Probe,100,platt_fit,96,1.0469063346569087,-4.90801981318022,0.24,0.5
supermat,nfix,Probe,100,platt_fit,97,0.5071666647648918,-2.698643966459315,0.31,0.5
supermat,nfix,Probe,100,platt_fit,98,0.7412695611909248,-3.3980351430503464,0.27,0.5
supermat,nfix,Probe,100,platt_fit,99,0.5972791030601469,-3.291648975302461,0.21,0.5
supermat,nfix,NTP,100,platt_fit,0,0.20548062488264074,-2.2906398896072524,0.25,0.5
supermat,nfix,NTP,100,platt_fit,1,0.15809703822285118,-1.4504247183608805,0.35,0.5
supermat,nfix,NTP,100,platt_fit,2,0.22391919019931014,-2.5626977883428497,0.25,0.5
supermat,nfix,NTP,100,platt_fit,3,0.22338703018986708,-2.4294350947573333,0.24,0.5
supermat,nfix,NTP,100,platt_fit,4,0.17972440064967238,-1.3822510025210903,0.36,0.5
supermat,nfix,NTP,100,platt_fit,5,0.22327195826855667,-1.8633662574230152,0.35,0.5
supermat,nfix,NTP,100,platt_fit,6,0.1906650956013112,-1.8151639517561666,0.31,0.5
supermat,nfix,NTP,100,platt_fit,7,0.2301554273911836,-2.411094668821985,0.23,0.5
supermat,nfix,NTP,100,platt_fit,8,0.09743904202171531,-1.3147060314655543,0.32,0.5
supermat,nfix,NTP,100,platt_fit,9,0.18697252596702024,-1.9925083374539925,0.23,0.5
supermat,nfix,NTP,100,platt_fit,10,0.18054817588540417,-1.9819371238221442,0.23,0.5
supermat,nfix,NTP,100,platt_fit,11,0.18187326925226424,-2.2754563191418007,0.26,0.5
supermat,nfix,NTP,100,platt_fit,12,0.16630040543065655,-1.859957844648528,0.29,0.5
supermat,nfix,NTP,100,platt_fit,13,0.24906930171402264,-1.9331039470328886,0.27,0.5
supermat,nfix,NTP,100,platt_fit,14,0.17745818031763025,-2.3582603876784134,0.25,0.5
supermat,nfix,NTP,100,platt_fit,15,0.24115255528934,-2.3529978730182437,0.28,0.5
supermat,nfix,NTP,100,platt_fit,16,0.22624001038684272,-2.4722199779200884,0.22,0.5
supermat,nfix,NTP,100,platt_fit,17,0.14060301693338137,-1.5507862504709886,0.3,0.5
supermat,nfix,NTP,100,platt_fit,18,0.14385871888258558,-2.1750202070598204,0.22,0.5
supermat,nfix,NTP,100,platt_fit,19,0.2025576201054205,-2.3941270609246303,0.22,0.5
supermat,nfix,NTP,100,platt_fit,20,0.2644238582497177,-1.991984367733255,0.35,0.5
supermat,nfix,NTP,100,platt_fit,21,0.1962942460707159,-2.0995270228014378,0.28,0.5
supermat,nfix,NTP,100,platt_fit,22,0.11507601769696724,-2.262547970100039,0.17,0.5
supermat,nfix,NTP,100,platt_fit,23,0.11637090071130417,-1.4210966248643468,0.31,0.5
supermat,nfix,NTP,100,platt_fit,24,0.2459456777947902,-2.8920704512857847,0.26,0.5
supermat,nfix,NTP,100,platt_fit,25,0.26229256906657133,-2.1825679590631664,0.24,0.5
supermat,nfix,NTP,100,platt_fit,26,0.19993678276978868,-2.634064231919226,0.17,0.5
supermat,nfix,NTP,100,platt_fit,27,0.10790972968762198,-1.7818428602278782,0.23,0.5
supermat,nfix,NTP,100,platt_fit,28,0.1450665269016519,-2.2115603415027154,0.24,0.5
supermat,nfix,NTP,100,platt_fit,29,0.2124133334014864,-2.281051627830903,0.26,0.5
supermat,nfix,NTP,100,platt_fit,30,0.156596675863239,-1.7461170350695228,0.29,0.5
supermat,nfix,NTP,100,platt_fit,31,0.2965068066137982,-2.3651394796525946,0.27,0.5
supermat,nfix,NTP,100,platt_fit,32,0.16863547286694197,-1.6791278199432929,0.36,0.5
supermat,nfix,NTP,100,platt_fit,33,0.1235348861137989,-1.4993475008796757,0.31,0.5
supermat,nfix,NTP,100,platt_fit,34,0.16542990205265473,-1.9418785879458245,0.23,0.5
supermat,nfix,NTP,100,platt_fit,35,0.19374737586026455,-2.0841221203764393,0.31,0.5
supermat,nfix,NTP,100,platt_fit,36,0.17546726527451983,-1.6032309866845058,0.34,0.5
supermat,nfix,NTP,100,platt_fit,37,0.22449843733556507,-2.4474204589996615,0.22,0.5
supermat,nfix,NTP,100,platt_fit,38,0.2096287998685709,-2.967815685358045,0.17,0.5
supermat,nfix,NTP,100,platt_fit,39,0.0888882163675418,-1.3913247093445964,0.28,0.5
supermat,nfix,NTP,100,platt_fit,40,0.15003053113262832,-2.0700436084208973,0.22,0.5
supermat,nfix,NTP,100,platt_fit,41,0.1916020660028307,-2.1787726629126976,0.27,0.5
supermat,nfix,NTP,100,platt_fit,42,0.17141563504425972,-1.8120747365646457,0.26,0.5
supermat,nfix,NTP,100,platt_fit,43,0.15609793893921053,-2.1321341926111326,0.22,0.5
supermat,nfix,NTP,100,platt_fit,44,0.1813683565914946,-2.1804772682671634,0.26,0.5
supermat,nfix,NTP,100,platt_fit,45,0.17198100260175267,-1.843351705895354,0.28,0.5
supermat,nfix,NTP,100,platt_fit,46,0.129497818350544,-1.611573429568899,0.31,0.5
supermat,nfix,NTP,100,platt_fit,47,0.1421435407113584,-1.7157688820660306,0.31,0.5
supermat,nfix,NTP,100,platt_fit,48,0.186157384654359,-2.00308717619694,0.28,0.5
supermat,nfix,NTP,100,platt_fit,49,0.17539741345790527,-2.114262658643766,0.25,0.5
supermat,nfix,NTP,100,platt_fit,50,0.11251702099411975,-1.3561123097962495,0.33,0.5
supermat,nfix,NTP,100,platt_fit,51,0.17020362974413,-2.292972202649511,0.22,0.5
supermat,nfix,NTP,100,platt_fit,52,0.08707888226030956,-1.1071803107082614,0.35,0.5
supermat,nfix,NTP,100,platt_fit,53,0.2370336837491676,-2.949766946442304,0.19,0.5
supermat,nfix,NTP,100,platt_fit,54,0.22308816182862468,-2.952094470493387,0.21,0.5
supermat,nfix,NTP,100,platt_fit,55,0.16010335340345272,-1.5318331575382091,0.32,0.5
supermat,nfix,NTP,100,platt_fit,56,0.2930292782291966,-3.5386893536132,0.19,0.5
supermat,nfix,NTP,100,platt_fit,57,0.1514410196222198,-2.008030317709881,0.25,0.5
supermat,nfix,NTP,100,platt_fit,58,0.13335350762994092,-1.8817084004997797,0.26,0.5
supermat,nfix,NTP,100,platt_fit,59,0.16252073519710228,-1.9105767891761627,0.32,0.5
supermat,nfix,NTP,100,platt_fit,60,0.11766258094511495,-2.1044640892031374,0.18,0.5
supermat,nfix,NTP,100,platt_fit,61,0.14222690903602653,-1.621659272929828,0.3,0.5
supermat,nfix,NTP,100,platt_fit,62,0.12012905528669375,-2.002725134863816,0.21,0.5
supermat,nfix,NTP,100,platt_fit,63,0.11206708740490472,-2.326738399735205,0.17,0.5
supermat,nfix,NTP,100,platt_fit,64,0.19790682372109256,-2.0645020311712483,0.25,0.5
supermat,nfix,NTP,100,platt_fit,65,0.0709771413655282,-1.4386590852022094,0.27,0.5
supermat,nfix,NTP,100,platt_fit,66,0.24290176483229078,-2.6904809214307335,0.26,0.5
supermat,nfix,NTP,100,platt_fit,67,0.17691518078432258,-2.119086805378829,0.29,0.5
supermat,nfix,NTP,100,platt_fit,68,0.2135190901961737,-2.21886196469954,0.25,0.5
supermat,nfix,NTP,100,platt_fit,69,0.16081937423119294,-1.7782607899539586,0.32,0.5
supermat,nfix,NTP,100,platt_fit,70,0.20971823515389076,-2.139339910723606,0.29,0.5
supermat,nfix,NTP,100,platt_fit,71,0.13265569495382154,-1.9064224210584308,0.22,0.5
supermat,nfix,NTP,100,platt_fit,72,0.253328779692941,-1.9194445406901557,0.31,0.5
supermat,nfix,NTP,100,platt_fit,73,0.12532843777668431,-1.5145985962385393,0.3,0.5
supermat,nfix,NTP,100,platt_fit,74,0.19563802215534165,-2.2160012847286903,0.24,0.5
supermat,nfix,NTP,100,platt_fit,75,0.16103889035497276,-1.7428263637166441,0.32,0.5
supermat,nfix,NTP,100,platt_fit,76,0.22955991361459352,-2.8654167253038114,0.21,0.5
supermat,nfix,NTP,100,platt_fit,77,0.2158520531457116,-2.3536480990801367,0.28,0.5
supermat,nfix,NTP,100,platt_fit,78,0.19537030452525123,-1.9474090392603083,0.35,0.5
supermat,nfix,NTP,100,platt_fit,79,0.21491728543060032,-2.6006870068855603,0.21,0.5
supermat,nfix,NTP,100,platt_fit,80,0.14387738989983156,-1.7038570656557948,0.27,0.5
supermat,nfix,NTP,100,platt_fit,81,0.12059972797885668,-1.8385531255868004,0.22,0.5
supermat,nfix,NTP,100,platt_fit,82,0.21660279564046694,-1.7439869142985733,0.38,0.5
supermat,nfix,NTP,100,platt_fit,83,0.3174097614340523,-3.9580612618831097,0.18,0.5
supermat,nfix,NTP,100,platt_fit,84,0.1622920236074344,-2.1961730793074916,0.23,0.5
supermat,nfix,NTP,100,platt_fit,85,0.11398812361059671,-1.289010103566783,0.34,0.5
supermat,nfix,NTP,100,platt_fit,86,0.2345300428459441,-2.520536363114915,0.22,0.5
supermat,nfix,NTP,100,platt_fit,87,0.17509016174617584,-2.433690031815129,0.21,0.5
supermat,nfix,NTP,100,platt_fit,88,0.1453935352120116,-1.7212760956813724,0.3,0.5
supermat,nfix,NTP,100,platt_fit,89,0.1905621176083628,-2.1927259006816464,0.25,0.5
supermat,nfix,NTP,100,platt_fit,90,0.0720104337209429,-1.5924432226829695,0.23,0.5
supermat,nfix,NTP,100,platt_fit,91,0.22234540999226154,-2.2174994631232776,0.29,0.5
supermat,nfix,NTP,100,platt_fit,92,0.20609308510149038,-1.5899256706738452,0.35,0.5
supermat,nfix,NTP,100,platt_fit,93,0.1306626525938619,-1.6118914976705099,0.26,0.5
supermat,nfix,NTP,100,platt_fit,94,0.2620257304893249,-2.5602557199300295,0.25,0.5
supermat,nfix,NTP,100,platt_fit,95,0.12301017584616225,-1.3680882823267462,0.3,0.5
supermat,nfix,NTP,100,platt_fit,96,0.21762433995235256,-2.830556579787679,0.24,0.5
supermat,nfix,NTP,100,platt_fit,97,0.18037564614791093,-2.216330479465637,0.31,0.5
supermat,nfix,NTP,100,platt_fit,98,0.20576240850219543,-2.475454182535374,0.27,0.5
supermat,nfix,NTP,100,platt_fit,99,0.15071019958648962,-2.2709366321899505,0.21,0.5
supermat,nfix,Probe,250,platt_fit,0,0.6047023712841985,-3.2907357631312673,0.212,0.5
supermat,nfix,Probe,250,platt_fit,1,0.6059503462014794,-2.801341641443905,0.312,0.5
supermat,nfix,Probe,250,platt_fit,2,0.5823811442755449,-2.7119104066422253,0.28,0.5
supermat,nfix,Probe,250,platt_fit,3,0.4731257395941241,-2.4428707342317386,0.28,0.5
supermat,nfix,Probe,250,platt_fit,4,0.38793464158519464,-2.2091030859209733,0.292,0.5
supermat,nfix,Probe,250,platt_fit,5,0.7377731915766106,-3.3542448610325915,0.284,0.5
supermat,nfix,Probe,250,platt_fit,6,0.6312733120189701,-2.9567717005912164,0.288,0.5
supermat,nfix,Probe,250,platt_fit,7,0.448306855625642,-2.3528015453861344,0.276,0.5
supermat,nfix,Probe,250,platt_fit,8,0.36964303465079346,-2.054429758515395,0.308,0.5
supermat,nfix,Probe,250,platt_fit,9,0.5815002000240959,-2.9672574393620654,0.268,0.5
supermat,nfix,Probe,250,platt_fit,10,0.4233460737412051,-2.6493819611860188,0.216,0.5
supermat,nfix,Probe,250,platt_fit,11,0.5032121139054896,-2.25535936485201,0.352,0.5
supermat,nfix,Probe,250,platt_fit,12,0.9751445214476101,-4.480507126758958,0.252,0.5
supermat,nfix,Probe,250,platt_fit,13,0.6272663171827629,-3.2221288250944493,0.236,0.5
supermat,nfix,Probe,250,platt_fit,14,0.4790511988401449,-2.4815093785511744,0.284,0.5
supermat,nfix,Probe,250,platt_fit,15,0.904559139226114,-4.3432571404291815,0.212,0.5
supermat,nfix,Probe,250,platt_fit,16,0.48260203671432084,-2.5575269776806064,0.272,0.5
supermat,nfix,Probe,250,platt_fit,17,0.3820853510234372,-2.258302574353332,0.248,0.5
supermat,nfix,Probe,250,platt_fit,18,0.592471591767561,-2.9214902211097487,0.276,0.5
supermat,nfix,Probe,250,platt_fit,19,0.6082490165994352,-3.0102489355253312,0.232,0.5
supermat,nfix,Probe,250,platt_fit,20,0.5763368928957839,-2.7622123171604103,0.28,0.5
supermat,nfix,Probe,250,platt_fit,21,0.43305449682943004,-2.2688582386308216,0.296,0.5
supermat,nfix,Probe,250,platt_fit,22,0.44462172773919845,-2.2671033239431764,0.292,0.5
supermat,nfix,Probe,250,platt_fit,23,0.4593001355673812,-2.2695234749917907,0.312,0.5
supermat,nfix,Probe,250,platt_fit,24,0.7013486954158487,-3.399104627854192,0.276,0.5
supermat,nfix,Probe,250,platt_fit,25,0.4171814847395094,-2.4828115907346833,0.244,0.5
supermat,nfix,Probe,250,platt_fit,26,0.3666568424486964,-2.3773371355955355,0.228,0.5
supermat,nfix,Probe,250,platt_fit,27,0.38399584668534514,-2.40261763202258,0.232,0.5
supermat,nfix,Probe,250,platt_fit,28,0.26817609517959823,-1.938113381388168,0.264,0.5
supermat,nfix,Probe,250,platt_fit,29,0.742605927646918,-3.250101809146308,0.288,0.5
supermat,nfix,Probe,250,platt_fit,30,0.33981871847316036,-2.0304006518800892,0.296,0.5
supermat,nfix,Probe,250,platt_fit,31,0.4088805377098256,-2.1442146915908964,0.304,0.5
supermat,nfix,Probe,250,platt_fit,32,0.707696947787332,-3.371772149506783,0.284,0.5
supermat,nfix,Probe,250,platt_fit,33,0.553622734376494,-3.079968172168511,0.24,0.5
supermat,nfix,Probe,250,platt_fit,34,0.525737969965006,-2.7969028306650277,0.244,0.5
supermat,nfix,Probe,250,platt_fit,35,0.2636469892611712,-1.8470622583360932,0.272,0.5
supermat,nfix,Probe,250,platt_fit,36,0.4534075261382617,-2.3008932261516475,0.292,0.5
supermat,nfix,Probe,250,platt_fit,37,0.29083430391799675,-1.6963306432964997,0.316,0.5
supermat,nfix,Probe,250,platt_fit,38,0.6922974552610681,-3.3559196608534103,0.268,0.5
supermat,nfix,Probe,250,platt_fit,39,0.639759292199847,-2.8698776840821707,0.3,0.5
supermat,nfix,Probe,250,platt_fit,40,0.3469837530261303,-2.258550786293039,0.232,0.5
supermat,nfix,Probe,250,platt_fit,41,0.6697346589099896,-3.3713916261998835,0.236,0.5
supermat,nfix,Probe,250,platt_fit,42,0.5693604078992537,-2.8621272141013407,0.244,0.5
supermat,nfix,Probe,250,platt_fit,43,0.5261569478253771,-2.79597255441156,0.268,0.5
supermat,nfix,Probe,250,platt_fit,44,0.3903983595170916,-2.0178992243711615,0.328,0.5
supermat,nfix,Probe,250,platt_fit,45,0.4157152224303158,-2.2732107137093878,0.272,0.5
supermat,nfix,Probe,250,platt_fit,46,0.5822342039286359,-3.0552004723137376,0.252,0.5
supermat,nfix,Probe,250,platt_fit,47,0.5552810264680271,-2.45207572277729,0.348,0.5
supermat,nfix,Probe,250,platt_fit,48,0.5092072873498641,-2.678103002501222,0.312,0.5
supermat,nfix,Probe,250,platt_fit,49,0.4085995476603922,-2.092570050761986,0.284,0.5
supermat,nfix,Probe,250,platt_fit,50,0.27852870017716114,-1.7506720294436278,0.3,0.5
supermat,nfix,Probe,250,platt_fit,51,0.6054392095308869,-2.960516148018285,0.26,0.5
supermat,nfix,Probe,250,platt_fit,52,0.4833849782718208,-2.7089511591220328,0.244,0.5
supermat,nfix,Probe,250,platt_fit,53,0.5917302977811828,-2.9571185572732155,0.276,0.5
supermat,nfix,Probe,250,platt_fit,54,0.6570614798446373,-3.3558468240016444,0.256,0.5
supermat,nfix,Probe,250,platt_fit,55,0.4948797911034136,-2.5588658792603245,0.26,0.5
supermat,nfix,Probe,250,platt_fit,56,0.7071328711538856,-3.432166124054913,0.256,0.5
supermat,nfix,Probe,250,platt_fit,57,0.4948864316465443,-2.7074663403404813,0.256,0.5
supermat,nfix,Probe,250,platt_fit,58,0.6509269009521332,-3.2154375274505225,0.288,0.5
supermat,nfix,Probe,250,platt_fit,59,0.6138428765646156,-3.1570343286584377,0.292,0.5
supermat,nfix,Probe,250,platt_fit,60,0.3494851490592828,-2.358574762471526,0.216,0.5
supermat,nfix,Probe,250,platt_fit,61,0.5245836797687584,-3.0149606589705678,0.208,0.5
supermat,nfix,Probe,250,platt_fit,62,0.7323720733891428,-3.3219912980061412,0.272,0.5
supermat,nfix,Probe,250,platt_fit,63,0.6319488476614392,-2.9065352385547194,0.304,0.5
supermat,nfix,Probe,250,platt_fit,64,0.7809765418336808,-3.548587700044498,0.228,0.5
supermat,nfix,Probe,250,platt_fit,65,0.6103899327784603,-3.170310448954125,0.264,0.5
supermat,nfix,Probe,250,platt_fit,66,0.5231099978006455,-2.5774935150651737,0.288,0.5
supermat,nfix,Probe,250,platt_fit,67,0.4082449690900413,-2.2779949271696474,0.296,0.5
supermat,nfix,Probe,250,platt_fit,68,0.6138705280336316,-2.9788996248927027,0.288,0.5
supermat,nfix,Probe,250,platt_fit,69,0.9750747884923279,-4.219828244408426,0.292,0.5
supermat,nfix,Probe,250,platt_fit,70,0.7031276663726537,-3.426810920560681,0.224,0.5
supermat,nfix,Probe,250,platt_fit,71,0.6580813113824421,-3.2028880918542124,0.26,0.5
supermat,nfix,Probe,250,platt_fit,72,0.5807923328688748,-3.1252196676804513,0.216,0.5
supermat,nfix,Probe,250,platt_fit,73,0.5641395976385071,-3.1081272103824107,0.24,0.5
supermat,nfix,Probe,250,platt_fit,74,0.3921467624685044,-2.6379206749836714,0.204,0.5
supermat,nfix,Probe,250,platt_fit,75,0.8457793456454205,-4.062194707224214,0.22,0.5
supermat,nfix,Probe,250,platt_fit,76,0.660158035049831,-3.1979016615056235,0.264,0.5
supermat,nfix,Probe,250,platt_fit,77,0.41952122284953103,-2.359906415280383,0.26,0.5
supermat,nfix,Probe,250,platt_fit,78,0.6042116885986841,-2.7041620911370567,0.316,0.5
supermat,nfix,Probe,250,platt_fit,79,0.37108465180380584,-2.209168916235362,0.268,0.5
supermat,nfix,Probe,250,platt_fit,80,0.6413387646825978,-3.1384736645672735,0.268,0.5
supermat,nfix,Probe,250,platt_fit,81,0.6621829876677199,-3.071018993560376,0.32,0.5
supermat,nfix,Probe,250,platt_fit,82,0.4011331990371191,-2.295041324286435,0.268,0.5
supermat,nfix,Probe,250,platt_fit,83,0.6646847165912402,-3.4515993577104487,0.22,0.5
supermat,nfix,Probe,250,platt_fit,84,0.5552439789094068,-2.8942564899600898,0.272,0.5
supermat,nfix,Probe,250,platt_fit,85,0.6866770601123976,-3.432134054671626,0.228,0.5
supermat,nfix,Probe,250,platt_fit,86,0.46788831216528093,-2.3798166279247677,0.288,0.5
supermat,nfix,Probe,250,platt_fit,87,0.3151390782312395,-2.309194646619784,0.216,0.5
supermat,nfix,Probe,250,platt_fit,88,0.3648780254997447,-2.1922096522514734,0.252,0.5
supermat,nfix,Probe,250,platt_fit,89,0.6492585800559011,-2.8481868812057054,0.324,0.5
supermat,nfix,Probe,250,platt_fit,90,0.48878102427628234,-2.8146267505236584,0.252,0.5
supermat,nfix,Probe,250,platt_fit,91,0.4618823866413468,-2.2060805779049684,0.324,0.5
supermat,nfix,Probe,250,platt_fit,92,0.23164898072436038,-1.6997931846448109,0.252,0.5
supermat,nfix,Probe,250,platt_fit,93,0.6871440809373801,-3.284755434387112,0.26,0.5
supermat,nfix,Probe,250,platt_fit,94,0.40145922813938606,-2.414780760059028,0.228,0.5
supermat,nfix,Probe,250,platt_fit,95,0.45518062204356735,-2.4893413807641127,0.272,0.5
supermat,nfix,Probe,250,platt_fit,96,1.0753185419474742,-4.718615993332824,0.292,0.5
supermat,nfix,Probe,250,platt_fit,97,0.33123416410528994,-2.031228173786485,0.296,0.5
supermat,nfix,Probe,250,platt_fit,98,0.6270262887496608,-3.026993061926574,0.24,0.5
supermat,nfix,Probe,250,platt_fit,99,0.29759828025084173,-1.746325870857041,0.312,0.5
supermat,nfix,NTP,250,platt_fit,0,0.19663570739885394,-2.5273331350078196,0.212,0.5
supermat,nfix,NTP,250,platt_fit,1,0.20060576951954057,-2.1549596748768343,0.312,0.5
supermat,nfix,NTP,250,platt_fit,2,0.1896121009609101,-1.9771831751356732,0.28,0.5
supermat,nfix,NTP,250,platt_fit,3,0.19754068840105746,-2.045975369697383,0.28,0.5
supermat,nfix,NTP,250,platt_fit,4,0.1756198212243155,-1.9363199565741593,0.292,0.5
supermat,nfix,NTP,250,platt_fit,5,0.2126469429343171,-2.0969369823168202,0.284,0.5
supermat,nfix,NTP,250,platt_fit,6,0.18527225783201612,-2.1518156609012618,0.288,0.5
supermat,nfix,NTP,250,platt_fit,7,0.21388345015932522,-1.8777590181089407,0.276,0.5
supermat,nfix,NTP,250,platt_fit,8,0.1271419662047796,-1.6078246300187091,0.308,0.5
supermat,nfix,NTP,250,platt_fit,9,0.18386939127932753,-2.1245302021617234,0.268,0.5
supermat,nfix,NTP,250,platt_fit,10,0.15248585597421166,-2.0669251934978368,0.216,0.5
supermat,nfix,NTP,250,platt_fit,11,0.12690269967391343,-1.4575554256994911,0.352,0.5
supermat,nfix,NTP,250,platt_fit,12,0.23906844692453247,-2.741592947833347,0.252,0.5
supermat,nfix,NTP,250,platt_fit,13,0.15865797692625214,-2.052560133493932,0.236,0.5
supermat,nfix,NTP,250,platt_fit,14,0.15327277295659844,-1.7738460270247474,0.284,0.5
supermat,nfix,NTP,250,platt_fit,15,0.26409158211336137,-3.054670166644189,0.212,0.5
supermat,nfix,NTP,250,platt_fit,16,0.16152490071380496,-1.9037454772375588,0.272,0.5
supermat,nfix,NTP,250,platt_fit,17,0.15977508239837604,-1.8286455623263376,0.248,0.5
supermat,nfix,NTP,250,platt_fit,18,0.20910807627589933,-2.3773774819605014,0.276,0.5
supermat,nfix,NTP,250,platt_fit,19,0.21577988555354344,-2.3435274695098682,0.232,0.5
supermat,nfix,NTP,250,platt_fit,20,0.21261104937608172,-1.9677746720728124,0.28,0.5
supermat,nfix,NTP,250,platt_fit,21,0.17708241239654615,-1.6896886882967301,0.296,0.5
supermat,nfix,NTP,250,platt_fit,22,0.17179219518923447,-1.7543391214445578,0.292,0.5
supermat,nfix,NTP,250,platt_fit,23,0.13977568439210417,-1.4560516491409226,0.312,0.5
supermat,nfix,NTP,250,platt_fit,24,0.1812903456730003,-2.2180656349213175,0.276,0.5
supermat,nfix,NTP,250,platt_fit,25,0.19000250908177183,-2.205836255738562,0.244,0.5
supermat,nfix,NTP,250,platt_fit,26,0.16159103821150075,-2.1175873660597038,0.228,0.5
supermat,nfix,NTP,250,platt_fit,27,0.16569965061925848,-2.163361334927495,0.232,0.5
supermat,nfix,NTP,250,platt_fit,28,0.138861065994768,-1.846871136439157,0.264,0.5
supermat,nfix,NTP,250,platt_fit,29,0.18560564609788913,-1.8813334107742044,0.288,0.5
supermat,nfix,NTP,250,platt_fit,30,0.14123609356267752,-1.6505009064410554,0.296,0.5
supermat,nfix,NTP,250,platt_fit,31,0.17387504539584286,-1.768016054236824,0.304,0.5
supermat,nfix,NTP,250,platt_fit,32,0.14885045436061173,-1.9256297921253513,0.284,0.5
supermat,nfix,NTP,250,platt_fit,33,0.18368455150934457,-2.183733104939047,0.24,0.5
supermat,nfix,NTP,250,platt_fit,34,0.15501682766366762,-1.906922115475012,0.244,0.5
supermat,nfix,NTP,250,platt_fit,35,0.14071828903880948,-1.8060151960543551,0.272,0.5
supermat,nfix,NTP,250,platt_fit,36,0.2781480083647586,-2.1656557457626713,0.292,0.5
supermat,nfix,NTP,250,platt_fit,37,0.14527005003979918,-1.6313159921826783,0.316,0.5
supermat,nfix,NTP,250,platt_fit,38,0.2467736298650531,-2.5908641356877644,0.268,0.5
supermat,nfix,NTP,250,platt_fit,39,0.14143957236637208,-1.728172485478458,0.3,0.5
supermat,nfix,NTP,250,platt_fit,40,0.1804963916519903,-2.218535164687074,0.232,0.5
supermat,nfix,NTP,250,platt_fit,41,0.2353624718562759,-2.477434340361065,0.236,0.5
supermat,nfix,NTP,250,platt_fit,42,0.1825710362634626,-2.017834541278498,0.244,0.5
supermat,nfix,NTP,250,platt_fit,43,0.17523129972621956,-1.9503016536191302,0.268,0.5
supermat,nfix,NTP,250,platt_fit,44,0.12642099080696714,-1.5457027365560125,0.328,0.5
supermat,nfix,NTP,250,platt_fit,45,0.14618488946039435,-1.816445347108971,0.272,0.5
supermat,nfix,NTP,250,platt_fit,46,0.18683529242871552,-2.2106001179017682,0.252,0.5
supermat,nfix,NTP,250,platt_fit,47,0.1425775369171935,-1.5987171909034203,0.348,0.5
supermat,nfix,NTP,250,platt_fit,48,0.14418230841073246,-1.763568023319073,0.312,0.5
supermat,nfix,NTP,250,platt_fit,49,0.14125870078395522,-1.5838807661932206,0.284,0.5
supermat,nfix,NTP,250,platt_fit,50,0.17117353146358213,-1.789129329005399,0.3,0.5
supermat,nfix,NTP,250,platt_fit,51,0.17464842515849405,-2.0309447183996014,0.26,0.5
supermat,nfix,NTP,250,platt_fit,52,0.15086518065269683,-1.9654587504032948,0.244,0.5
supermat,nfix,NTP,250,platt_fit,53,0.1738053994898654,-2.0801399940501706,0.276,0.5
supermat,nfix,NTP,250,platt_fit,54,0.1875801420439248,-2.3613808339272064,0.256,0.5
supermat,nfix,NTP,250,platt_fit,55,0.18413003327959046,-2.0329282149313608,0.26,0.5
supermat,nfix,NTP,250,platt_fit,56,0.17353725498622852,-2.1574522489073855,0.256,0.5
supermat,nfix,NTP,250,platt_fit,57,0.17946109700897733,-2.192423680564721,0.256,0.5
supermat,nfix,NTP,250,platt_fit,58,0.1715035433247137,-2.00264754125222,0.288,0.5
supermat,nfix,NTP,250,platt_fit,59,0.1513043223246936,-1.8411234950947313,0.292,0.5
supermat,nfix,NTP,250,platt_fit,60,0.1673754509501144,-2.036886034179674,0.216,0.5
supermat,nfix,NTP,250,platt_fit,61,0.15639178543799206,-2.1962252238312066,0.208,0.5
supermat,nfix,NTP,250,platt_fit,62,0.18271242605787105,-2.0149757193690605,0.272,0.5
supermat,nfix,NTP,250,platt_fit,63,0.1769673445196056,-1.8396967981870624,0.304,0.5
supermat,nfix,NTP,250,platt_fit,64,0.24657285608951382,-2.8315334975040996,0.228,0.5
supermat,nfix,NTP,250,platt_fit,65,0.1750644159647482,-2.266719607396021,0.264,0.5
supermat,nfix,NTP,250,platt_fit,66,0.23997450882343282,-2.2209699203845674,0.288,0.5
supermat,nfix,NTP,250,platt_fit,67,0.1481716576096142,-1.803062773605666,0.296,0.5
supermat,nfix,NTP,250,platt_fit,68,0.1736538327896946,-1.939279151886483,0.288,0.5
supermat,nfix,NTP,250,platt_fit,69,0.2464042199064354,-2.5868807429733116,0.292,0.5
supermat,nfix,NTP,250,platt_fit,70,0.2220150287904863,-2.848783295981313,0.224,0.5
supermat,nfix,NTP,250,platt_fit,71,0.19342747519438294,-2.2182932467067626,0.26,0.5
supermat,nfix,NTP,250,platt_fit,72,0.16607977704720647,-2.2496348632374192,0.216,0.5
supermat,nfix,NTP,250,platt_fit,73,0.14390752696503215,-2.03966276269857,0.24,0.5
supermat,nfix,NTP,250,platt_fit,74,0.20038440351685602,-2.290196383155572,0.204,0.5
supermat,nfix,NTP,250,platt_fit,75,0.16401051586271295,-2.165026273291262,0.22,0.5
supermat,nfix,NTP,250,platt_fit,76,0.1873852258299162,-2.1445743042648524,0.264,0.5
supermat,nfix,NTP,250,platt_fit,77,0.13692273840095118,-1.8346137172136223,0.26,0.5
supermat,nfix,NTP,250,platt_fit,78,0.17602827150181627,-1.709729679089827,0.316,0.5
supermat,nfix,NTP,250,platt_fit,79,0.18392115189014677,-2.2241313892958585,0.268,0.5
supermat,nfix,NTP,250,platt_fit,80,0.18607989495640945,-2.1359556660636123,0.268,0.5
supermat,nfix,NTP,250,platt_fit,81,0.19724486889288306,-1.944747876457374,0.32,0.5
supermat,nfix,NTP,250,platt_fit,82,0.13438761312893813,-1.7184556401029536,0.268,0.5
supermat,nfix,NTP,250,platt_fit,83,0.1868934504241801,-2.4299608136952786,0.22,0.5
supermat,nfix,NTP,250,platt_fit,84,0.16662263660494273,-1.9663855225606723,0.272,0.5
supermat,nfix,NTP,250,platt_fit,85,0.165385548276834,-2.3165376114633327,0.228,0.5
supermat,nfix,NTP,250,platt_fit,86,0.15743774562845272,-1.849357663775784,0.288,0.5
supermat,nfix,NTP,250,platt_fit,87,0.11719213050073268,-1.8916261011274655,0.216,0.5
supermat,nfix,NTP,250,platt_fit,88,0.17651465221626692,-1.8614381984949604,0.252,0.5
supermat,nfix,NTP,250,platt_fit,89,0.1911426728861823,-1.9438410448840266,0.324,0.5
supermat,nfix,NTP,250,platt_fit,90,0.17179212850826778,-2.17250246135194,0.252,0.5
supermat,nfix,NTP,250,platt_fit,91,0.18988607010247152,-1.787317877027088,0.324,0.5
supermat,nfix,NTP,250,platt_fit,92,0.13665277898260642,-1.7369318837613634,0.252,0.5
supermat,nfix,NTP,250,platt_fit,93,0.19710300244373757,-2.170081729886203,0.26,0.5
supermat,nfix,NTP,250,platt_fit,94,0.2031011308498008,-2.2987235702453717,0.228,0.5
supermat,nfix,NTP,250,platt_fit,95,0.18346965708906046,-1.9496653185460138,0.272,0.5
supermat,nfix,NTP,250,platt_fit,96,0.21636411317437532,-2.3191079451498764,0.292,0.5
supermat,nfix,NTP,250,platt_fit,97,0.18485337915150693,-2.0217984464876717,0.296,0.5
supermat,nfix,NTP,250,platt_fit,98,0.1537473710889128,-2.032453853132887,0.24,0.5
supermat,nfix,NTP,250,platt_fit,99,0.09115507175125839,-1.3285370211051681,0.312,0.5
supermat,nfix,Probe,500,platt_fit,0,0.684017624592682,-3.320740591958007,0.252,0.5
supermat,nfix,Probe,500,platt_fit,1,0.7433552863988311,-3.498524039728326,0.268,0.5
supermat,nfix,Probe,500,platt_fit,2,0.5867813152237854,-2.885311846425766,0.236,0.5
supermat,nfix,Probe,500,platt_fit,3,0.702237858982406,-3.2751145145335148,0.256,0.5
supermat,nfix,Probe,500,platt_fit,4,0.42189608068473855,-2.1761253036639725,0.32,0.5
supermat,nfix,Probe,500,platt_fit,5,0.4900966081191733,-2.4276804319860386,0.3,0.5
supermat,nfix,Probe,500,platt_fit,6,0.6520746691823329,-3.1423593350310686,0.28,0.5
supermat,nfix,Probe,500,platt_fit,7,0.5994264455766922,-2.948997038058711,0.266,0.5
supermat,nfix,Probe,500,platt_fit,8,0.6155766467070939,-2.8231439462347345,0.338,0.5
supermat,nfix,Probe,500,platt_fit,9,0.47700053658017894,-2.655563405996009,0.254,0.5
supermat,nfix,Probe,500,platt_fit,10,0.48391033707914693,-2.787032786332487,0.236,0.5
supermat,nfix,Probe,500,platt_fit,11,0.3403648794560891,-1.8375700510164072,0.326,0.5
supermat,nfix,Probe,500,platt_fit,12,0.7136382976675961,-3.3274896668831655,0.27,0.5
supermat,nfix,Probe,500,platt_fit,13,0.5944820823563951,-3.0041114762751855,0.252,0.5
supermat,nfix,Probe,500,platt_fit,14,0.5278779589908126,-2.724954737907068,0.274,0.5
supermat,nfix,Probe,500,platt_fit,15,0.5642460770527691,-2.9671522686052025,0.234,0.5
supermat,nfix,Probe,500,platt_fit,16,0.5090125164551983,-2.528894295320362,0.302,0.5
supermat,nfix,Probe,500,platt_fit,17,0.4924787490740031,-2.7682614153791745,0.222,0.5
supermat,nfix,Probe,500,platt_fit,18,0.5782030231324053,-2.9602771512550046,0.252,0.5
supermat,nfix,Probe,500,platt_fit,19,0.5641034476734497,-2.8044799200292445,0.254,0.5
supermat,nfix,Probe,500,platt_fit,20,0.6325503029759789,-3.1176817570010678,0.248,0.5
supermat,nfix,Probe,500,platt_fit,21,0.44243985041739387,-2.260589676053599,0.298,0.5
supermat,nfix,Probe,500,platt_fit,22,0.559041378318496,-2.8937487548346934,0.252,0.5
supermat,nfix,Probe,500,platt_fit,23,0.36199507316283575,-2.135822150891159,0.268,0.5
supermat,nfix,Probe,500,platt_fit,24,0.7797920867231842,-3.412312495644464,0.32,0.5
supermat,nfix,Probe,500,platt_fit,25,0.4510497721603734,-2.457908035621352,0.256,0.5
supermat,nfix,Probe,500,platt_fit,26,0.6209498678430502,-3.1843450170697305,0.226,0.5
supermat,nfix,Probe,500,platt_fit,27,0.44911405621005424,-2.639582509048174,0.242,0.5
supermat,nfix,Probe,500,platt_fit,28,0.5485655700868307,-2.8294766433935177,0.282,0.5
supermat,nfix,Probe,500,platt_fit,29,0.5032732944915809,-2.3254466563060747,0.318,0.5
supermat,nfix,Probe,500,platt_fit,30,0.5105529283224333,-2.537913806940988,0.32,0.5
supermat,nfix,Probe,500,platt_fit,31,0.5575263669142981,-2.8004857361921602,0.284,0.5
supermat,nfix,Probe,500,platt_fit,32,0.6759389766208054,-3.1023042603403854,0.314,0.5
supermat,nfix,Probe,500,platt_fit,33,0.5289449730525141,-2.799194663154475,0.26,0.5
supermat,nfix,Probe,500,platt_fit,34,0.6211194994674367,-2.9214941076800964,0.282,0.5
supermat,nfix,Probe,500,platt_fit,35,0.34249405460235227,-2.217374252857131,0.246,0.5
supermat,nfix,Probe,500,platt_fit,36,0.4300772283135752,-2.412070455866464,0.252,0.5
supermat,nfix,Probe,500,platt_fit,37,0.4504997194550236,-2.3602305325914124,0.292,0.5
supermat,nfix,Probe,500,platt_fit,38,0.8030283512290646,-4.008817950164281,0.226,0.5
supermat,nfix,Probe,500,platt_fit,39,0.5395866411233917,-2.6216977450519794,0.278,0.5
supermat,nfix,Probe,500,platt_fit,40,0.701840422945538,-3.439384208867445,0.238,0.5
supermat,nfix,Probe,500,platt_fit,41,0.47418465004566124,-2.62496409421493,0.254,0.5
supermat,nfix,Probe,500,platt_fit,42,0.49086193955344504,-2.438627902958725,0.284,0.5
supermat,nfix,Probe,500,platt_fit,43,0.535487690528325,-2.7557895316419634,0.286,0.5
supermat,nfix,Probe,500,platt_fit,44,0.46873723525818584,-2.2698561134238697,0.326,0.5
supermat,nfix,Probe,500,platt_fit,45,0.4987084111004549,-2.7712034899924984,0.226,0.5
supermat,nfix,Probe,500,platt_fit,46,0.5521224091972221,-3.075650234364029,0.234,0.5
supermat,nfix,Probe,500,platt_fit,47,0.5580475393605029,-2.5813807081900966,0.322,0.5
supermat,nfix,Probe,500,platt_fit,48,0.5786366830931394,-2.9453458137347766,0.304,0.5
supermat,nfix,Probe,500,platt_fit,49,0.3534673302714223,-2.0068558945263857,0.282,0.5
supermat,nfix,Probe,500,platt_fit,50,0.4207798858538951,-2.152660033608432,0.316,0.5
supermat,nfix,Probe,500,platt_fit,51,0.6508334171331082,-3.0959761078405785,0.26,0.5
supermat,nfix,Probe,500,platt_fit,52,0.391456841755803,-2.211006603360724,0.276,0.5
supermat,nfix,Probe,500,platt_fit,53,0.6245594428340623,-2.856059085043612,0.304,0.5
supermat,nfix,Probe,500,platt_fit,54,0.6510998378559704,-3.365851893142468,0.256,0.5
supermat,nfix,Probe,500,platt_fit,55,0.6217288941273251,-2.906158169881732,0.272,0.5
supermat,nfix,Probe,500,platt_fit,56,0.42468873818079494,-2.4952871744559806,0.254,0.5
supermat,nfix,Probe,500,platt_fit,57,0.480654430154468,-2.62855984709171,0.252,0.5
supermat,nfix,Probe,500,platt_fit,58,0.6061437662285714,-3.110473298406298,0.282,0.5
supermat,nfix,Probe,500,platt_fit,59,0.6234872090036198,-3.0959520259241735,0.294,0.5
supermat,nfix,Probe,500,platt_fit,60,0.537432136108737,-3.0065620944344555,0.22,0.5
supermat,nfix,Probe,500,platt_fit,61,0.45643846772034663,-2.4278883542362446,0.268,0.5
supermat,nfix,Probe,500,platt_fit,62,0.5425601196591909,-2.680156955583659,0.276,0.5
supermat,nfix,Probe,500,platt_fit,63,0.5648331037391449,-3.025670909651759,0.256,0.5
supermat,nfix,Probe,500,platt_fit,64,0.7248846354206401,-3.4256242966650814,0.242,0.5
supermat,nfix,Probe,500,platt_fit,65,0.5292617310987909,-2.4760327954415087,0.36,0.5
supermat,nfix,Probe,500,platt_fit,66,0.5294883272548717,-2.775082158453825,0.278,0.5
supermat,nfix,Probe,500,platt_fit,67,0.5342913089909491,-2.856860520866258,0.27,0.5
supermat,nfix,Probe,500,platt_fit,68,0.23738217423719823,-1.6007554719917667,0.3,0.5
supermat,nfix,Probe,500,platt_fit,69,0.8117375590586262,-3.7908468093242433,0.256,0.5
supermat,nfix,Probe,500,platt_fit,70,0.5984755733605261,-2.7761502005228986,0.28,0.5
supermat,nfix,Probe,500,platt_fit,71,0.7614039884458598,-3.740830791038928,0.226,0.5
supermat,nfix,Probe,500,platt_fit,72,0.5991536463584461,-3.0740769295738253,0.234,0.5
supermat,nfix,Probe,500,platt_fit,73,0.4615410300993866,-2.637512893635521,0.25,0.5
supermat,nfix,Probe,500,platt_fit,74,0.4070591803151248,-2.454756095309903,0.254,0.5
supermat,nfix,Probe,500,platt_fit,75,0.6322313269084643,-2.96796203761661,0.274,0.5
supermat,nfix,Probe,500,platt_fit,76,0.5188390164630076,-2.7327801891821224,0.258,0.5
supermat,nfix,Probe,500,platt_fit,77,0.45204704391645145,-2.754083539395374,0.21,0.5
supermat,nfix,Probe,500,platt_fit,78,0.5236133137451112,-2.5562562139268,0.288,0.5
supermat,nfix,Probe,500,platt_fit,79,0.5734709416535806,-2.993906241819506,0.242,0.5
supermat,nfix,Probe,500,platt_fit,80,0.6802740727512894,-3.472496170944575,0.242,0.5
supermat,nfix,Probe,500,platt_fit,81,0.40312122482898416,-2.2576313358082714,0.282,0.5
supermat,nfix,Probe,500,platt_fit,82,0.4006839948550857,-2.179152392408795,0.296,0.5
supermat,nfix,Probe,500,platt_fit,83,0.7638842148590655,-3.632662703401409,0.254,0.5
supermat,nfix,Probe,500,platt_fit,84,0.33298838796679836,-2.113033582013549,0.274,0.5
supermat,nfix,Probe,500,platt_fit,85,0.5398270861748643,-2.6526956072678796,0.286,0.5
supermat,nfix,Probe,500,platt_fit,86,0.5567151638557022,-2.8425482734773024,0.256,0.5
supermat,nfix,Probe,500,platt_fit,87,0.5560882569295363,-2.975982563964316,0.248,0.5
supermat,nfix,Probe,500,platt_fit,88,0.5448377496041295,-2.8933385262741007,0.236,0.5
supermat,nfix,Probe,500,platt_fit,89,0.6144488475022306,-2.8810097528145096,0.29,0.5
supermat,nfix,Probe,500,platt_fit,90,0.6060840500868727,-3.1798033506911536,0.248,0.5
supermat,nfix,Probe,500,platt_fit,91,0.515346287534179,-2.6766387516445653,0.288,0.5
supermat,nfix,Probe,500,platt_fit,92,0.5062898374753665,-2.3416999109859726,0.294,0.5
supermat,nfix,Probe,500,platt_fit,93,0.49682405183288914,-2.500566574190243,0.282,0.5
supermat,nfix,Probe,500,platt_fit,94,0.39456909544699115,-2.2966927583006953,0.248,0.5
supermat,nfix,Probe,500,platt_fit,95,0.5225477432294361,-2.7058930308800613,0.272,0.5
supermat,nfix,Probe,500,platt_fit,96,0.8468241446778212,-3.5776625959647954,0.308,0.5
supermat,nfix,Probe,500,platt_fit,97,0.5887935898757612,-2.9286260152133603,0.334,0.5
supermat,nfix,Probe,500,platt_fit,98,0.6489459207357313,-3.169461901238922,0.246,0.5
supermat,nfix,Probe,500,platt_fit,99,0.19115224959300972,-1.4717659561570446,0.294,0.5
supermat,nfix,NTP,500,platt_fit,0,0.21939205114718466,-2.413810131190311,0.252,0.5
supermat,nfix,NTP,500,platt_fit,1,0.19843243516761658,-2.436718652057201,0.268,0.5
supermat,nfix,NTP,500,platt_fit,2,0.19885145384504582,-2.235862246254435,0.236,0.5
supermat,nfix,NTP,500,platt_fit,3,0.21756298943516195,-2.317387326600073,0.256,0.5
supermat,nfix,NTP,500,platt_fit,4,0.16864379487719858,-1.6748730608167388,0.32,0.5
supermat,nfix,NTP,500,platt_fit,5,0.1977076828920947,-1.9301239061698678,0.3,0.5
supermat,nfix,NTP,500,platt_fit,6,0.19525616393835535,-2.2897583242860007,0.28,0.5
supermat,nfix,NTP,500,platt_fit,7,0.18786167355041522,-2.033153732031113,0.266,0.5
supermat,nfix,NTP,500,platt_fit,8,0.20736903317295058,-2.048816661186327,0.338,0.5
supermat,nfix,NTP,500,platt_fit,9,0.16969204055789222,-2.1192821282168834,0.254,0.5
supermat,nfix,NTP,500,platt_fit,10,0.18294006699210635,-2.096717115818555,0.236,0.5
supermat,nfix,NTP,500,platt_fit,11,0.13221319484561078,-1.6257090120272761,0.326,0.5
supermat,nfix,NTP,500,platt_fit,12,0.21395421792402564,-2.31987803008368,0.27,0.5
supermat,nfix,NTP,500,platt_fit,13,0.17547143664758771,-2.035427590893577,0.252,0.5
supermat,nfix,NTP,500,platt_fit,14,0.19209789021070936,-2.199524474600669,0.274,0.5
supermat,nfix,NTP,500,platt_fit,15,0.20038547266168316,-2.3938986395324293,0.234,0.5
supermat,nfix,NTP,500,platt_fit,16,0.18167749489515994,-1.954099014451937,0.302,0.5
supermat,nfix,NTP,500,platt_fit,17,0.17633406627387277,-2.1941609152783736,0.222,0.5
supermat,nfix,NTP,500,platt_fit,18,0.18780956528068984,-2.2121095375166284,0.252,0.5
supermat,nfix,NTP,500,platt_fit,19,0.17564580625581502,-2.064965308242925,0.254,0.5
supermat,nfix,NTP,500,platt_fit,20,0.22372385960417243,-2.3198740721311455,0.248,0.5
supermat,nfix,NTP,500,platt_fit,21,0.19566980699174524,-1.794067860749218,0.298,0.5
supermat,nfix,NTP,500,platt_fit,22,0.17440363231353406,-2.014273252972468,0.252,0.5
supermat,nfix,NTP,500,platt_fit,23,0.17237129605364168,-1.8553989219063776,0.268,0.5
supermat,nfix,NTP,500,platt_fit,24,0.20263671592288582,-2.2208193457823517,0.32,0.5
supermat,nfix,NTP,500,platt_fit,25,0.19096119856462915,-1.9693731372649,0.256,0.5
supermat,nfix,NTP,500,platt_fit,26,0.1836829565081566,-2.2201929950927233,0.226,0.5
supermat,nfix,NTP,500,platt_fit,27,0.1533127658386721,-2.0675211322896887,0.242,0.5
supermat,nfix,NTP,500,platt_fit,28,0.16857364786461904,-2.0134865564992768,0.282,0.5
supermat,nfix,NTP,500,platt_fit,29,0.17960153350460575,-1.7408546224834962,0.318,0.5
supermat,nfix,NTP,500,platt_fit,30,0.16672916341185723,-1.7031067605510948,0.32,0.5
supermat,nfix,NTP,500,platt_fit,31,0.19226702259667305,-1.904477704410296,0.284,0.5
supermat,nfix,NTP,500,platt_fit,32,0.20298869804501518,-2.1573743366663796,0.314,0.5
supermat,nfix,NTP,500,platt_fit,33,0.18261018106092544,-2.08032422375055,0.26,0.5
supermat,nfix,NTP,500,platt_fit,34,0.2292169301876602,-2.3412125836552558,0.282,0.5
supermat,nfix,NTP,500,platt_fit,35,0.16162094012424588,-1.944408467628073,0.246,0.5
supermat,nfix,NTP,500,platt_fit,36,0.16268120856458446,-1.9166446706088194,0.252,0.5
supermat,nfix,NTP,500,platt_fit,37,0.19599579078052584,-2.0395583422626657,0.292,0.5
supermat,nfix,NTP,500,platt_fit,38,0.22299719527864537,-2.691363068821975,0.226,0.5
supermat,nfix,NTP,500,platt_fit,39,0.14741702453363298,-1.7888329589807923,0.278,0.5
supermat,nfix,NTP,500,platt_fit,40,0.20942148190354892,-2.4742966300774207,0.238,0.5
supermat,nfix,NTP,500,platt_fit,41,0.19156071589110124,-2.198384957521649,0.254,0.5
supermat,nfix,NTP,500,platt_fit,42,0.1684888571679866,-1.6826150203726165,0.284,0.5
supermat,nfix,NTP,500,platt_fit,43,0.18609109861191922,-1.9959877562064867,0.286,0.5
supermat,nfix,NTP,500,platt_fit,44,0.1709442055044296,-1.7789722363257057,0.326,0.5
supermat,nfix,NTP,500,platt_fit,45,0.1662334262403953,-2.1965530187690465,0.226,0.5
supermat,nfix,NTP,500,platt_fit,46,0.1744829273608553,-2.225796757402102,0.234,0.5
supermat,nfix,NTP,500,platt_fit,47,0.16820314886191226,-1.8354462121341935,0.322,0.5
supermat,nfix,NTP,500,platt_fit,48,0.16182139860400974,-1.845343320291621,0.304,0.5
supermat,nfix,NTP,500,platt_fit,49,0.1517099302556358,-1.6959810525753565,0.282,0.5
supermat,nfix,NTP,500,platt_fit,50,0.1360943350294721,-1.5450830868134398,0.316,0.5
supermat,nfix,NTP,500,platt_fit,51,0.19896941183085534,-2.3547191659532074,0.26,0.5
supermat,nfix,NTP,500,platt_fit,52,0.13271364368619282,-1.6401915645110108,0.276,0.5
supermat,nfix,NTP,500,platt_fit,53,0.17799365689346122,-1.8824585218251546,0.304,0.5
supermat,nfix,NTP,500,platt_fit,54,0.17551746607147248,-2.297116897961557,0.256,0.5
supermat,nfix,NTP,500,platt_fit,55,0.17857696091938338,-1.9238509942980153,0.272,0.5
supermat,nfix,NTP,500,platt_fit,56,0.13390979515582635,-1.8989955692338982,0.254,0.5
supermat,nfix,NTP,500,platt_fit,57,0.16496170642396943,-1.9343159312142766,0.252,0.5
supermat,nfix,NTP,500,platt_fit,58,0.14891284101963595,-1.888919689134995,0.282,0.5
supermat,nfix,NTP,500,platt_fit,59,0.16929102613814714,-1.9490140011404122,0.294,0.5
supermat,nfix,NTP,500,platt_fit,60,0.21601621835374823,-2.4276843296562203,0.22,0.5
supermat,nfix,NTP,500,platt_fit,61,0.15727777485650857,-1.8218607341261388,0.268,0.5
supermat,nfix,NTP,500,platt_fit,62,0.16627405520142644,-1.9177847585578416,0.276,0.5
supermat,nfix,NTP,500,platt_fit,63,0.13851527757381582,-1.9127779972302958,0.256,0.5
supermat,nfix,NTP,500,platt_fit,64,0.20285879123439446,-2.3499906345051005,0.242,0.5
supermat,nfix,NTP,500,platt_fit,65,0.14667830618874586,-1.5485344081468408,0.36,0.5
supermat,nfix,NTP,500,platt_fit,66,0.2082727937561372,-2.173574596459985,0.278,0.5
supermat,nfix,NTP,500,platt_fit,67,0.14873474153581398,-1.9948435508869395,0.27,0.5
supermat,nfix,NTP,500,platt_fit,68,0.1412414663452946,-1.6257215258426883,0.3,0.5
supermat,nfix,NTP,500,platt_fit,69,0.21995569703512147,-2.336121176585684,0.256,0.5
supermat,nfix,NTP,500,platt_fit,70,0.19774926208831053,-2.1704407758672724,0.28,0.5
supermat,nfix,NTP,500,platt_fit,71,0.23407048617439835,-2.7273615814543364,0.226,0.5
supermat,nfix,NTP,500,platt_fit,72,0.21344679398203412,-2.3671336048191973,0.234,0.5
supermat,nfix,NTP,500,platt_fit,73,0.16627933455702498,-2.1589621243663197,0.25,0.5
supermat,nfix,NTP,500,platt_fit,74,0.1853520868560875,-2.0616232518595776,0.254,0.5
supermat,nfix,NTP,500,platt_fit,75,0.14396604167611018,-1.734163973586634,0.274,0.5
supermat,nfix,NTP,500,platt_fit,76,0.17636990865938687,-2.1028915303043685,0.258,0.5
supermat,nfix,NTP,500,platt_fit,77,0.17837948019838826,-2.2447313323572975,0.21,0.5
supermat,nfix,NTP,500,platt_fit,78,0.16017974541288016,-1.8318213810881772,0.288,0.5
supermat,nfix,NTP,500,platt_fit,79,0.2130084875148667,-2.377351181565083,0.242,0.5
supermat,nfix,NTP,500,platt_fit,80,0.18119750009093727,-2.200326311981029,0.242,0.5
supermat,nfix,NTP,500,platt_fit,81,0.15931702670884332,-1.7964813775852035,0.282,0.5
supermat,nfix,NTP,500,platt_fit,82,0.14531092433661164,-1.6695136447337637,0.296,0.5
supermat,nfix,NTP,500,platt_fit,83,0.19454069569736393,-2.2512611782016476,0.254,0.5
supermat,nfix,NTP,500,platt_fit,84,0.14963286921762198,-1.8489282880802413,0.274,0.5
supermat,nfix,NTP,500,platt_fit,85,0.17674956376937365,-2.04665786528555,0.286,0.5
supermat,nfix,NTP,500,platt_fit,86,0.19091347357677932,-2.179261910225024,0.256,0.5
supermat,nfix,NTP,500,platt_fit,87,0.16409924225441685,-2.1058700057862256,0.248,0.5
supermat,nfix,NTP,500,platt_fit,88,0.18430607516083092,-2.1147702667529336,0.236,0.5
supermat,nfix,NTP,500,platt_fit,89,0.18664137961783123,-2.03419791806023,0.29,0.5
supermat,nfix,NTP,500,platt_fit,90,0.15694842611114704,-2.0625517378819107,0.248,0.5
supermat,nfix,NTP,500,platt_fit,91,0.21019280093071946,-2.2278826498349176,0.288,0.5
supermat,nfix,NTP,500,platt_fit,92,0.19057738595822496,-1.8943848756249675,0.294,0.5
supermat,nfix,NTP,500,platt_fit,93,0.1592731630347645,-1.7258945604380498,0.282,0.5
supermat,nfix,NTP,500,platt_fit,94,0.17453149491277148,-1.9314628170248742,0.248,0.5
supermat,nfix,NTP,500,platt_fit,95,0.20042341996497642,-2.1475255930967987,0.272,0.5
supermat,nfix,NTP,500,platt_fit,96,0.22316518198063115,-2.1931232029707988,0.308,0.5
supermat,nfix,NTP,500,platt_fit,97,0.18529187867439526,-1.9586470016420836,0.334,0.5
supermat,nfix,NTP,500,platt_fit,98,0.1946844388897974,-2.3016157520634635,0.246,0.5
supermat,nfix,NTP,500,platt_fit,99,0.1039698348020357,-1.4563137302338898,0.294,0.5
supermat,nfix,Probe,1000,platt_fit,0,0.5154659450457867,-2.8596403167799433,0.24,0.5
supermat,nfix,Probe,1000,platt_fit,1,0.6633311142602544,-3.095610632647328,0.285,0.5
supermat,nfix,Probe,1000,platt_fit,2,0.5782314246398121,-2.8738575040796515,0.237,0.5
supermat,nfix,Probe,1000,platt_fit,3,0.5000124880762584,-2.524038631016663,0.275,0.5
supermat,nfix,Probe,1000,platt_fit,4,0.42288825268961483,-2.209900236093709,0.317,0.5
supermat,nfix,Probe,1000,platt_fit,5,0.5739824106215485,-2.906981864562277,0.268,0.5
supermat,nfix,Probe,1000,platt_fit,6,0.7120807168330822,-3.327898894469362,0.274,0.5
supermat,nfix,Probe,1000,platt_fit,7,0.5253179940812838,-2.638477289402684,0.27,0.5
supermat,nfix,Probe,1000,platt_fit,8,0.5430790316921573,-2.712037717697195,0.304,0.5
supermat,nfix,Probe,1000,platt_fit,9,0.5819769113230288,-3.072640564143485,0.251,0.5
supermat,nfix,Probe,1000,platt_fit,10,0.41966511762184483,-2.425335538302226,0.258,0.5
supermat,nfix,Probe,1000,platt_fit,11,0.41505303810327865,-1.9975407559586762,0.349,0.5
supermat,nfix,Probe,1000,platt_fit,12,0.7058749162351703,-3.312594029109083,0.275,0.5
supermat,nfix,Probe,1000,platt_fit,13,0.634269277900951,-3.198288023263136,0.24,0.5
supermat,nfix,Probe,1000,platt_fit,14,0.47753241919817796,-2.5427086988208085,0.276,0.5
supermat,nfix,Probe,1000,platt_fit,15,0.6616081090456433,-3.2690460676247497,0.239,0.5
supermat,nfix,Probe,1000,platt_fit,16,0.5909755064248178,-2.8948249917050495,0.291,0.5
supermat,nfix,Probe,1000,platt_fit,17,0.46273645036058464,-2.4961407109139944,0.249,0.5
supermat,nfix,Probe,1000,platt_fit,18,0.5461427265286913,-2.9029360844033425,0.244,0.5
supermat,nfix,Probe,1000,platt_fit,19,0.5635449856934946,-2.9112298639125127,0.234,0.5
supermat,nfix,Probe,1000,platt_fit,20,0.6729021004954663,-3.1867702788849597,0.272,0.5
supermat,nfix,Probe,1000,platt_fit,21,0.4257497519467762,-2.449984405190917,0.254,0.5
supermat,nfix,Probe,1000,platt_fit,22,0.4988601403444789,-2.757205747626995,0.241,0.5
supermat,nfix,Probe,1000,platt_fit,23,0.3237589008250169,-2.0368512799268856,0.261,0.5
supermat,nfix,Probe,1000,platt_fit,24,0.8049722973663267,-3.59111095861847,0.305,0.5
supermat,nfix,Probe,1000,platt_fit,25,0.39815859384544977,-2.176066721054426,0.276,0.5
supermat,nfix,Probe,1000,platt_fit,26,0.45590746962792483,-2.5736932385626874,0.238,0.5
supermat,nfix,Probe,1000,platt_fit,27,0.5147673912298764,-2.849575117037877,0.231,0.5
supermat,nfix,Probe,1000,platt_fit,28,0.6316427634665012,-3.128695423293257,0.282,0.5
supermat,nfix,Probe,1000,platt_fit,29,0.5633016612078225,-2.9123213263557184,0.246,0.5
supermat,nfix,Probe,1000,platt_fit,30,0.5113762910497818,-2.6647902144538302,0.295,0.5
supermat,nfix,Probe,1000,platt_fit,31,0.4266785552029268,-2.2884424425204526,0.294,0.5
supermat,nfix,Probe,1000,platt_fit,32,0.6162544650289872,-2.9203649087566563,0.309,0.5
supermat,nfix,Probe,1000,platt_fit,33,0.5588646955589402,-3.014094321980038,0.252,0.5
supermat,nfix,Probe,1000,platt_fit,34,0.4411533391069097,-2.3412415310459798,0.278,0.5
supermat,nfix,Probe,1000,platt_fit,35,0.36588512093850184,-2.2500298705195423,0.26,0.5
supermat,nfix,Probe,1000,platt_fit,36,0.44523683882793297,-2.4171853866821684,0.265,0.5
supermat,nfix,Probe,1000,platt_fit,37,0.40652774407627984,-2.254205613177669,0.275,0.5
supermat,nfix,Probe,1000,platt_fit,38,0.6786962787120043,-3.432693543962736,0.248,0.5
supermat,nfix,Probe,1000,platt_fit,39,0.5205189746691926,-2.6486136605486585,0.264,0.5
supermat,nfix,Probe,1000,platt_fit,40,0.5802713027683983,-2.9448484393580148,0.246,0.5
supermat,nfix,Probe,1000,platt_fit,41,0.49867979150096065,-2.599993305032746,0.267,0.5
supermat,nfix,Probe,1000,platt_fit,42,0.5124486956721402,-2.5486088274133563,0.275,0.5
supermat,nfix,Probe,1000,platt_fit,43,0.5617644738345413,-2.9028830807226984,0.28,0.5
supermat,nfix,Probe,1000,platt_fit,44,0.4588358845003571,-2.1949280895727696,0.333,0.5
supermat,nfix,Probe,1000,platt_fit,45,0.5965766226735243,-2.8675452990793304,0.265,0.5
supermat,nfix,Probe,1000,platt_fit,46,0.5198989469502411,-2.7667321288771602,0.275,0.5
supermat,nfix,Probe,1000,platt_fit,47,0.47913095229613284,-2.351363711779631,0.313,0.5
supermat,nfix,Probe,1000,platt_fit,48,0.5175061763659431,-2.733983931503988,0.291,0.5
supermat,nfix,Probe,1000,platt_fit,49,0.45574534657995636,-2.3356089073173827,0.27,0.5
supermat,nfix,Probe,1000,platt_fit,50,0.41676721349765183,-2.125047681836598,0.32,0.5
supermat,nfix,Probe,1000,platt_fit,51,0.5076761634897047,-2.665026457579303,0.251,0.5
supermat,nfix,Probe,1000,platt_fit,52,0.3728065057703342,-2.2886468506986186,0.256,0.5
supermat,nfix,Probe,1000,platt_fit,53,0.5710161534500371,-2.910442073850627,0.263,0.5
supermat,nfix,Probe,1000,platt_fit,54,0.7290246980501701,-3.740001979283352,0.25,0.5
supermat,nfix,Probe,1000,platt_fit,55,0.552654579123523,-2.9325437945176027,0.23,0.5
supermat,nfix,Probe,1000,platt_fit,56,0.5711820525784929,-3.034956783524199,0.242,0.5
supermat,nfix,Probe,1000,platt_fit,57,0.4133890139681949,-2.392593811410934,0.264,0.5
supermat,nfix,Probe,1000,platt_fit,58,0.5684025347731894,-3.048196520398659,0.26,0.5
supermat,nfix,Probe,1000,platt_fit,59,0.6472090052729136,-3.1971856567221377,0.297,0.5
supermat,nfix,Probe,1000,platt_fit,60,0.594624413400873,-3.0803448286522173,0.239,0.5
supermat,nfix,Probe,1000,platt_fit,61,0.4326658248756519,-2.3559392297871753,0.274,0.5
supermat,nfix,Probe,1000,platt_fit,62,0.5601310642850528,-2.7102402676564905,0.285,0.5
supermat,nfix,Probe,1000,platt_fit,63,0.43273752277606864,-2.4593603079801314,0.273,0.5
supermat,nfix,Probe,1000,platt_fit,64,0.7269973735213648,-3.2817301016003726,0.252,0.5
supermat,nfix,Probe,1000,platt_fit,65,0.6347276056917384,-2.9979177944621935,0.336,0.5
supermat,nfix,Probe,1000,platt_fit,66,0.5286893174112856,-2.7770899326354437,0.266,0.5
supermat,nfix,Probe,1000,platt_fit,67,0.5385499500303456,-2.806509037133496,0.281,0.5
supermat,nfix,Probe,1000,platt_fit,68,0.2984258288253206,-1.8462851758116412,0.292,0.5
supermat,nfix,Probe,1000,platt_fit,69,0.7460472660223791,-3.6186603234759986,0.263,0.5
supermat,nfix,Probe,1000,platt_fit,70,0.6851520471424738,-2.963081320373178,0.308,0.5
supermat,nfix,Probe,1000,platt_fit,71,0.6721318001037387,-3.2414709005266866,0.257,0.5
supermat,nfix,Probe,1000,platt_fit,72,0.6760162350727671,-3.322234016230341,0.225,0.5
supermat,nfix,Probe,1000,platt_fit,73,0.6944757083192398,-3.460989139515803,0.257,0.5
supermat,nfix,Probe,1000,platt_fit,74,0.4676047148187329,-2.4207449749692276,0.289,0.5
supermat,nfix,Probe,1000,platt_fit,75,0.6512120979022613,-3.2054093966166306,0.247,0.5
supermat,nfix,Probe,1000,platt_fit,76,0.5053746621988441,-2.497393008149453,0.301,0.5
supermat,nfix,Probe,1000,platt_fit,77,0.5088047831748689,-2.8243904966695452,0.229,0.5
supermat,nfix,Probe,1000,platt_fit,78,0.5392092790023131,-2.5112435324568394,0.302,0.5
supermat,nfix,Probe,1000,platt_fit,79,0.6290214734174631,-3.0649238852666154,0.263,0.5
supermat,nfix,Probe,1000,platt_fit,80,0.5988241176256647,-3.158133043625983,0.24,0.5
supermat,nfix,Probe,1000,platt_fit,81,0.4305175453831903,-2.379483461846834,0.278,0.5
supermat,nfix,Probe,1000,platt_fit,82,0.4498336614198434,-2.422360331658576,0.284,0.5
supermat,nfix,Probe,1000,platt_fit,83,0.6262746521309696,-3.018851214739875,0.266,0.5
supermat,nfix,Probe,1000,platt_fit,84,0.5750376184143747,-3.137668510060344,0.24,0.5
supermat,nfix,Probe,1000,platt_fit,85,0.6928883402328642,-3.2945022725003064,0.267,0.5
supermat,nfix,Probe,1000,platt_fit,86,0.4536362409898739,-2.5373399440586217,0.25,0.5
supermat,nfix,Probe,1000,platt_fit,87,0.43635024368618175,-2.6361899080304156,0.232,0.5
supermat,nfix,Probe,1000,platt_fit,88,0.6143191134598802,-2.9791356762567087,0.269,0.5
supermat,nfix,Probe,1000,platt_fit,89,0.6971235237077001,-3.0808973570676508,0.29,0.5
supermat,nfix,Probe,1000,platt_fit,90,0.5173940477511891,-2.770369164929066,0.267,0.5
supermat,nfix,Probe,1000,platt_fit,91,0.5088489712435667,-2.6846399278189867,0.28,0.5
supermat,nfix,Probe,1000,platt_fit,92,0.5080712420128372,-2.3741366649022657,0.282,0.5
supermat,nfix,Probe,1000,platt_fit,93,0.5356926510984753,-2.618272440186481,0.279,0.5
supermat,nfix,Probe,1000,platt_fit,94,0.4806424375267918,-2.5957987410142165,0.244,0.5
supermat,nfix,Probe,1000,platt_fit,95,0.5566347581648751,-2.735792506700293,0.281,0.5
supermat,nfix,Probe,1000,platt_fit,96,0.6932032045455538,-3.2259758336531115,0.271,0.5
supermat,nfix,Probe,1000,platt_fit,97,0.5370393722839859,-2.912939310546108,0.293,0.5
supermat,nfix,Probe,1000,platt_fit,98,0.6416287178469214,-3.171983261375392,0.254,0.5
supermat,nfix,Probe,1000,platt_fit,99,0.3122812761700491,-1.8764479530344418,0.294,0.5
supermat,nfix,NTP,1000,platt_fit,0,0.2020362253089245,-2.3440683918173155,0.24,0.5
supermat,nfix,NTP,1000,platt_fit,1,0.15912834232660036,-1.9413618942408304,0.285,0.5
supermat,nfix,NTP,1000,platt_fit,2,0.19419838497399225,-2.153586272685731,0.237,0.5
supermat,nfix,NTP,1000,platt_fit,3,0.19300286168343592,-2.0584155462250675,0.275,0.5
supermat,nfix,NTP,1000,platt_fit,4,0.18959184807895582,-1.7798374135114159,0.317,0.5
supermat,nfix,NTP,1000,platt_fit,5,0.21028711621410062,-2.194514995413416,0.268,0.5
supermat,nfix,NTP,1000,platt_fit,6,0.1904329763653371,-2.1827647603002487,0.274,0.5
supermat,nfix,NTP,1000,platt_fit,7,0.2059279424435418,-2.1453445540723712,0.27,0.5
supermat,nfix,NTP,1000,platt_fit,8,0.16656015836059346,-1.9312893201034755,0.304,0.5
supermat,nfix,NTP,1000,platt_fit,9,0.18600064972049263,-2.2613424484493243,0.251,0.5
supermat,nfix,NTP,1000,platt_fit,10,0.18106947087339412,-1.9685123371300723,0.258,0.5
supermat,nfix,NTP,1000,platt_fit,11,0.12853723876547926,-1.4989851270340413,0.349,0.5
supermat,nfix,NTP,1000,platt_fit,12,0.19317300133273116,-2.2282633545660695,0.275,0.5
supermat,nfix,NTP,1000,platt_fit,13,0.19384166316577175,-2.2941937753089108,0.24,0.5
supermat,nfix,NTP,1000,platt_fit,14,0.16693551333647383,-1.9495566249064362,0.276,0.5
supermat,nfix,NTP,1000,platt_fit,15,0.21012943114376947,-2.4256338813837752,0.239,0.5
supermat,nfix,NTP,1000,platt_fit,16,0.18459260308318395,-2.1358482309201237,0.291,0.5
supermat,nfix,NTP,1000,platt_fit,17,0.17838361310852063,-2.0041770956436302,0.249,0.5
supermat,nfix,NTP,1000,platt_fit,18,0.184405091758635,-2.2483533397416227,0.244,0.5
supermat,nfix,NTP,1000,platt_fit,19,0.17769723862559517,-2.120880862562137,0.234,0.5
supermat,nfix,NTP,1000,platt_fit,20,0.20971823231792078,-2.182230721999813,0.272,0.5
supermat,nfix,NTP,1000,platt_fit,21,0.18652508842362753,-2.032639423343144,0.254,0.5
supermat,nfix,NTP,1000,platt_fit,22,0.1797521706973873,-2.080862739853789,0.241,0.5
supermat,nfix,NTP,1000,platt_fit,23,0.15602238158701978,-1.809244889676565,0.261,0.5
supermat,nfix,NTP,1000,platt_fit,24,0.1728630779750104,-2.0407056804282515,0.305,0.5
supermat,nfix,NTP,1000,platt_fit,25,0.16593592768001925,-1.698510498932902,0.276,0.5
supermat,nfix,NTP,1000,platt_fit,26,0.17691826546648873,-2.0801544261545755,0.238,0.5
supermat,nfix,NTP,1000,platt_fit,27,0.1735270451309327,-2.1899284366024987,0.231,0.5
supermat,nfix,NTP,1000,platt_fit,28,0.1556003486394949,-1.9490205010598003,0.282,0.5
supermat,nfix,NTP,1000,platt_fit,29,0.20746754964282482,-2.2710406045598344,0.246,0.5
supermat,nfix,NTP,1000,platt_fit,30,0.1606615605880846,-1.8026301009380323,0.295,0.5
supermat,nfix,NTP,1000,platt_fit,31,0.19322222337101158,-1.890147409514763,0.294,0.5
supermat,nfix,NTP,1000,platt_fit,32,0.17864979417516505,-2.0202035261849103,0.309,0.5
supermat,nfix,NTP,1000,platt_fit,33,0.1886978879712371,-2.1828467752800984,0.252,0.5
supermat,nfix,NTP,1000,platt_fit,34,0.1768710029763434,-1.9158804863313796,0.278,0.5
supermat,nfix,NTP,1000,platt_fit,35,0.15490227122059547,-1.8698457458941462,0.26,0.5
supermat,nfix,NTP,1000,platt_fit,36,0.18548085403014963,-1.9335938792101446,0.265,0.5
supermat,nfix,NTP,1000,platt_fit,37,0.16479438533459978,-1.8732901437028198,0.275,0.5
supermat,nfix,NTP,1000,platt_fit,38,0.21763682806277831,-2.545268294292778,0.248,0.5
supermat,nfix,NTP,1000,platt_fit,39,0.17114676178411523,-2.0664779872016665,0.264,0.5
supermat,nfix,NTP,1000,platt_fit,40,0.18718631738065875,-2.118033936037541,0.246,0.5
supermat,nfix,NTP,1000,platt_fit,41,0.16040934976923343,-1.8499544011299165,0.267,0.5
supermat,nfix,NTP,1000,platt_fit,42,0.1732084919552748,-1.809836792025908,0.275,0.5
supermat,nfix,NTP,1000,platt_fit,43,0.1524326667966826,-1.8529769830686498,0.28,0.5
supermat,nfix,NTP,1000,platt_fit,44,0.13797745816819468,-1.6018799287859073,0.333,0.5
supermat,nfix,NTP,1000,platt_fit,45,0.1724924048619608,-2.0095264170296425,0.265,0.5
supermat,nfix,NTP,1000,platt_fit,46,0.16259327081485012,-1.991600421316793,0.275,0.5
supermat,nfix,NTP,1000,platt_fit,47,0.13473771923088118,-1.6412347452621527,0.313,0.5
supermat,nfix,NTP,1000,platt_fit,48,0.1679241963642133,-1.8984133483593497,0.291,0.5
supermat,nfix,NTP,1000,platt_fit,49,0.18629822009796076,-1.908250495108489,0.27,0.5
supermat,nfix,NTP,1000,platt_fit,50,0.15295018585431644,-1.5977617088622407,0.32,0.5
supermat,nfix,NTP,1000,platt_fit,51,0.15866607885957346,-2.0534455900191855,0.251,0.5
supermat,nfix,NTP,1000,platt_fit,52,0.1425722258175011,-1.8281807838694422,0.256,0.5
supermat,nfix,NTP,1000,platt_fit,53,0.17649692906625677,-2.1206260097518337,0.263,0.5
supermat,nfix,NTP,1000,platt_fit,54,0.17174654019650407,-2.3297554861258973,0.25,0.5
supermat,nfix,NTP,1000,platt_fit,55,0.17387522662039803,-2.0899292714105577,0.23,0.5
supermat,nfix,NTP,1000,platt_fit,56,0.16211942440700944,-2.0867394752330215,0.242,0.5
supermat,nfix,NTP,1000,platt_fit,57,0.16154573676240946,-1.9524547383235025,0.264,0.5
supermat,nfix,NTP,1000,platt_fit,58,0.17282882867514016,-2.162860751040215,0.26,0.5
supermat,nfix,NTP,1000,platt_fit,59,0.172997142718485,-1.9628842082538418,0.297,0.5
supermat,nfix,NTP,1000,platt_fit,60,0.19857536044337815,-2.219532255461179,0.239,0.5
supermat,nfix,NTP,1000,platt_fit,61,0.16147517604680314,-1.8407356770350618,0.274,0.5
supermat,nfix,NTP,1000,platt_fit,62,0.1711203738016402,-1.9963620861802929,0.285,0.5
supermat,nfix,NTP,1000,platt_fit,63,0.1353779616621993,-1.7986169849050773,0.273,0.5
supermat,nfix,NTP,1000,platt_fit,64,0.18932416267902993,-2.206558363047748,0.252,0.5
supermat,nfix,NTP,1000,platt_fit,65,0.16583280227020084,-1.7977737241743283,0.336,0.5
supermat,nfix,NTP,1000,platt_fit,66,0.19404180021254647,-2.0904491984404396,0.266,0.5
supermat,nfix,NTP,1000,platt_fit,67,0.15862227321960493,-1.9593922429660957,0.281,0.5
supermat,nfix,NTP,1000,platt_fit,68,0.1506415851427167,-1.7171802828284064,0.292,0.5
supermat,nfix,NTP,1000,platt_fit,69,0.20515974478410848,-2.3106820527036933,0.263,0.5
supermat,nfix,NTP,1000,platt_fit,70,0.19827846237087018,-2.063829061542049,0.308,0.5
supermat,nfix,NTP,1000,platt_fit,71,0.20595047959574694,-2.4118563373784934,0.257,0.5
supermat,nfix,NTP,1000,platt_fit,72,0.22478972448654091,-2.449372271724656,0.225,0.5
supermat,nfix,NTP,1000,platt_fit,73,0.18066369976610855,-2.186156710350717,0.257,0.5
supermat,nfix,NTP,1000,platt_fit,74,0.18352449642289656,-1.8140757991068879,0.289,0.5
supermat,nfix,NTP,1000,platt_fit,75,0.15297209667438805,-1.96265465115165,0.247,0.5
supermat,nfix,NTP,1000,platt_fit,76,0.18819040735189668,-1.9355143443485332,0.301,0.5
supermat,nfix,NTP,1000,platt_fit,77,0.17767906937332506,-2.1774659504127953,0.229,0.5
supermat,nfix,NTP,1000,platt_fit,78,0.16563305564198946,-1.756933594589341,0.302,0.5
supermat,nfix,NTP,1000,platt_fit,79,0.20917648410290995,-2.2470074632595165,0.263,0.5
supermat,nfix,NTP,1000,platt_fit,80,0.1762778537983283,-2.235755709662605,0.24,0.5
supermat,nfix,NTP,1000,platt_fit,81,0.1673423810325691,-1.8839643948947866,0.278,0.5
supermat,nfix,NTP,1000,platt_fit,82,0.1528485936089258,-1.8247192629269038,0.284,0.5
supermat,nfix,NTP,1000,platt_fit,83,0.18466239061696052,-2.1293368773678187,0.266,0.5
supermat,nfix,NTP,1000,platt_fit,84,0.16657816839195902,-2.1388159813050924,0.24,0.5
supermat,nfix,NTP,1000,platt_fit,85,0.18945065927871604,-2.2512820682658443,0.267,0.5
supermat,nfix,NTP,1000,platt_fit,86,0.15967877470092007,-2.0430720825006228,0.25,0.5
supermat,nfix,NTP,1000,platt_fit,87,0.14923601716055282,-2.110943288425322,0.232,0.5
supermat,nfix,NTP,1000,platt_fit,88,0.2061938706476088,-2.154771887422381,0.269,0.5
supermat,nfix,NTP,1000,platt_fit,89,0.1940257080710098,-2.0381521937752343,0.29,0.5
supermat,nfix,NTP,1000,platt_fit,90,0.15497910295812228,-1.9466732583473252,0.267,0.5
supermat,nfix,NTP,1000,platt_fit,91,0.18403838118496768,-1.9785989613168717,0.28,0.5
supermat,nfix,NTP,1000,platt_fit,92,0.16107901821360693,-1.7571012154962034,0.282,0.5
supermat,nfix,NTP,1000,platt_fit,93,0.19277393227507766,-2.0368994052488816,0.279,0.5
supermat,nfix,NTP,1000,platt_fit,94,0.18404788843871708,-2.051642155806247,0.244,0.5
supermat,nfix,NTP,1000,platt_fit,95,0.18092905831409395,-1.9627750072707493,0.281,0.5
supermat,nfix,NTP,1000,platt_fit,96,0.20226301873018318,-2.1791580546805296,0.271,0.5
supermat,nfix,NTP,1000,platt_fit,97,0.18224723617958502,-2.0855680571630453,0.293,0.5
supermat,nfix,NTP,1000,platt_fit,98,0.20857066239836405,-2.4607720397611734,0.254,0.5
supermat,nfix,NTP,1000,platt_fit,99,0.11365051877103165,-1.5131423390227121,0.294,0.5
supermat,supermat,Probe,10,platt_fit,0,7.839023311159757,-34.79583947037837,0.1,0.5
supermat,supermat,Probe,10,platt_fit,1,3.24682133491769,-9.791371118779063,0.2,0.5
supermat,supermat,Probe,10,platt_fit,2,0.806506785103659,-2.6205393339154197,0.5,0.5
supermat,supermat,Probe,10,platt_fit,3,1.0902590171259443,-3.7513570050322516,0.5,0.5
supermat,supermat,Probe,10,platt_fit,4,1.0783864773087375,-3.941986067334191,0.4,0.5
supermat,supermat,Probe,10,platt_fit,5,0.7527651919237758,-3.8353417094736124,0.2,0.5
supermat,supermat,Probe,10,platt_fit,6,0.0252185467186277,-1.4351400174377362,0.2,0.5
supermat,supermat,Probe,10,platt_fit,7,1.8990484641710617,-3.069935678883843,0.7,0.5
supermat,supermat,Probe,10,platt_fit,8,0.7108930260258615,-2.733036770715829,0.3,0.5
supermat,supermat,Probe,10,platt_fit,9,-0.024148327112793876,-0.7831882101006747,0.3,0.5
supermat,supermat,Probe,10,platt_fit,10,0.5148401858470923,-2.6131694982511413,0.2,0.5
supermat,supermat,Probe,10,platt_fit,11,0.5976801970135845,-2.1366823112695066,0.4,0.5
supermat,supermat,Probe,10,platt_fit,12,2.874205113321698,-9.38339045767631,0.5,0.5
supermat,supermat,Probe,10,platt_fit,13,0.21427426901114394,-2.057949745737716,0.2,0.5
supermat,supermat,Probe,10,platt_fit,14,158.61593442954958,-446.7780524965211,0.5,0.5
supermat,supermat,Probe,10,platt_fit,15,1.5694369728302993,-4.280299117849499,0.6,0.5
supermat,supermat,Probe,10,platt_fit,16,1.8023883884242395,-4.937939609809633,0.5,0.5
supermat,supermat,Probe,10,platt_fit,17,7.8023545644511545,-25.22519755038078,0.3,0.5
supermat,supermat,Probe,10,platt_fit,18,0.44872210039067184,-2.2542444455683324,0.3,0.5
supermat,supermat,Probe,10,platt_fit,19,0.22453870509669047,-2.1644283445897283,0.2,0.5
supermat,supermat,Probe,10,platt_fit,20,0.8299709498664541,-3.2102700327069282,0.5,0.5
supermat,supermat,Probe,10,platt_fit,21,0.9718093315298373,-5.385160003885332,0.1,0.5
supermat,supermat,Probe,10,platt_fit,22,540.9145994780998,-1274.1374003624237,0.2,0.5
supermat,supermat,Probe,10,platt_fit,23,1.1851336994674042,-4.434537867632737,0.4,0.5
supermat,supermat,Probe,10,platt_fit,24,37.61175043701813,-146.50997003291957,0.1,0.5
supermat,supermat,Probe,10,platt_fit,25,0.549049129361872,-2.318392454122497,0.3,0.5
supermat,supermat,Probe,10,platt_fit,26,0.548915415828254,-1.0551990868475096,0.5,0.5
supermat,supermat,Probe,10,platt_fit,27,85.37978999503298,-316.8193214021663,0.2,0.5
supermat,supermat,Probe,10,platt_fit,28,0.8428254791014832,-3.6203396144880204,0.3,0.5
supermat,supermat,Probe,10,platt_fit,29,1.8420812783019835,-8.792258933436258,0.2,0.5
supermat,supermat,Probe,10,platt_fit,30,0.07466350608201243,-1.4820287747867376,0.2,0.5
supermat,supermat,Probe,10,platt_fit,31,0.7012488416397996,-3.3955430552570354,0.3,0.5
supermat,supermat,Probe,10,platt_fit,32,5.101720258118487,-14.087932582387243,0.3,0.5
supermat,supermat,Probe,10,platt_fit,33,0.026633402656852462,-2.244426866079429,0.1,0.5
supermat,supermat,Probe,10,platt_fit,34,0.6078847020662069,-1.0167478728540145,0.6,0.5
supermat,supermat,Probe,10,platt_fit,35,13.055772710970095,-59.29136867756122,0.3,0.5
supermat,supermat,Probe,10,platt_fit,36,0.8471824253409005,-2.0148764409113955,0.5,0.5
supermat,supermat,Probe,10,platt_fit,37,4.073586686638752,-18.7188427859764,0.2,0.5
supermat,supermat,Probe,10,platt_fit,38,0.7127029390063608,-2.242720811715262,0.4,0.5
supermat,supermat,Probe,10,platt_fit,39,0.8145962282172226,-4.202156233149141,0.2,0.5
supermat,supermat,Probe,10,platt_fit,40,0.4994647929271812,-0.8469561834952216,0.6,0.5
supermat,supermat,Probe,10,platt_fit,41,1.4264670007907163,-4.009763019685274,0.4,0.5
supermat,supermat,Probe,10,platt_fit,42,21.341996917142172,-74.30231314738305,0.3,0.5
supermat,supermat,Probe,10,platt_fit,43,2.30025564120935,-5.473209393276739,0.5,0.5
supermat,supermat,Probe,10,platt_fit,44,3.264704183748787,-6.510549929818885,0.5,0.5
supermat,supermat,Probe,10,platt_fit,45,0.7762644654885277,-4.352681942154474,0.2,0.5
supermat,supermat,Probe,10,platt_fit,46,1.0015316133624834,-4.119289136408294,0.2,0.5
supermat,supermat,Probe,10,platt_fit,47,45.72941719252982,-106.46972995540969,0.6,0.5
supermat,supermat,Probe,10,platt_fit,48,18.75624258902323,-27.447933237674473,0.5,0.5
supermat,supermat,Probe,10,platt_fit,50,2.6025195279038456,-8.192645410791094,0.2,0.5
supermat,supermat,Probe,10,platt_fit,51,0.5087401542183295,-2.5995477932609306,0.4,0.5
supermat,supermat,Probe,10,platt_fit,52,1.9942177586502539,-5.646400866307009,0.4,0.5
supermat,supermat,Probe,10,platt_fit,53,28.99402016018642,-66.47394396514882,0.2,0.5
supermat,supermat,Probe,10,platt_fit,54,0.18199649565881057,-0.6132448207392307,0.5,0.5
supermat,supermat,Probe,10,platt_fit,55,0.8320657836150573,-2.4185891912369417,0.5,0.5
supermat,supermat,Probe,10,platt_fit,56,0.5657096855508665,-2.98409513455685,0.2,0.5
supermat,supermat,Probe,10,platt_fit,57,0.05351801961642639,-0.9689453753950856,0.3,0.5
supermat,supermat,Probe,10,platt_fit,58,9.955803406413779,-32.86793424388937,0.4,0.5
supermat,supermat,Probe,10,platt_fit,59,7.2960816421889865,-23.031600047218195,0.2,0.5
supermat,supermat,Probe,10,platt_fit,60,0.80285348361625,-3.6931396864534576,0.2,0.5
supermat,supermat,Probe,10,platt_fit,61,51.61864255917358,-98.38042344699357,0.8,0.5
supermat,supermat,Probe,10,platt_fit,62,0.19091267686848923,-1.4471056957729036,0.3,0.5
supermat,supermat,Probe,10,platt_fit,63,1.4918485190809831,-6.118517582159164,0.3,0.5
supermat,supermat,Probe,10,platt_fit,64,1.201134114231219,-3.5552813821622022,0.3,0.5
supermat,supermat,Probe,10,platt_fit,65,1.0816382681175938,-4.0101025277227205,0.4,0.5
supermat,supermat,Probe,10,platt_fit,66,0.2526122878331039,-2.7440964704049313,0.1,0.5
supermat,supermat,Probe,10,platt_fit,67,0.5989801021205143,-1.4680724151802997,0.6,0.5
supermat,supermat,Probe,10,platt_fit,68,212.86153915780977,-538.5776595044715,0.2,0.5
supermat,supermat,Probe,10,platt_fit,69,15.761347829482675,-55.9445836578115,0.3,0.5
supermat,supermat,Probe,10,platt_fit,70,5.094214622726577,-16.688721997144306,0.2,0.5
supermat,supermat,Probe,10,platt_fit,71,0.4131713748379898,-1.7434252921275133,0.4,0.5
supermat,supermat,Probe,10,platt_fit,72,0.4205071124579671,-1.8120630463401932,0.3,0.5
supermat,supermat,Probe,10,platt_fit,73,1.0930206238193008,-3.8212050273716356,0.5,0.5
supermat,supermat,Probe,10,platt_fit,74,0.7328534051130069,-3.2602500516032387,0.3,0.5
supermat,supermat,Probe,10,platt_fit,75,0.78928621394595,-2.5827767764637932,0.2,0.5
supermat,supermat,Probe,10,platt_fit,76,6.275074947380492,-23.99933429757868,0.3,0.5
supermat,supermat,Probe,10,platt_fit,77,1.4164537724398272,-3.9988288079637746,0.5,0.5
supermat,supermat,Probe,10,platt_fit,78,2.3144091295321334,-6.790912718023273,0.3,0.5
supermat,supermat,Probe,10,platt_fit,79,1.3565716175404063,-3.911896307520408,0.4,0.5
supermat,supermat,Probe,10,platt_fit,80,0.6622348097253415,-2.2828244150510684,0.4,0.5
supermat,supermat,Probe,10,platt_fit,81,0.43158862598664743,-1.5801733374130333,0.5,0.5
supermat,supermat,Probe,10,platt_fit,82,3.3433063042562856,-8.145839561767234,0.5,0.5
supermat,supermat,Probe,10,platt_fit,83,1.0232721656347037,-3.1201696010133095,0.5,0.5
supermat,supermat,Probe,10,platt_fit,84,4104.650401882941,-11840.95570941567,0.4,0.5
supermat,supermat,Probe,10,platt_fit,85,0.05173809342995959,-0.10040503740788627,0.5,0.5
supermat,supermat,Probe,10,platt_fit,86,0.4040193275926601,-1.2737971012062925,0.4,0.5
supermat,supermat,Probe,10,platt_fit,87,2.51718950744133,-7.99749336540455,0.5,0.5
supermat,supermat,Probe,10,platt_fit,88,1.7033245276787958,-5.590839736417386,0.4,0.5
supermat,supermat,Probe,10,platt_fit,89,0.7198821195313718,-1.6525613997328883,0.6,0.5
supermat,supermat,Probe,10,platt_fit,90,9.328863675927565,-22.033809344091026,0.4,0.5
supermat,supermat,Probe,10,platt_fit,91,0.23719778585281776,-1.968776769193557,0.2,0.5
supermat,supermat,Probe,10,platt_fit,92,0.6224748207255686,-2.2847250099139536,0.4,0.5
supermat,supermat,Probe,10,platt_fit,93,2.7108606882950554,-5.94338066414039,0.5,0.5
supermat,supermat,Probe,10,platt_fit,94,1.3565798682235313,-5.398734996569925,0.4,0.5
supermat,supermat,Probe,10,platt_fit,95,0.26495557366328987,-2.6969181389773262,0.1,0.5
supermat,supermat,Probe,10,platt_fit,96,0.7267105242586784,-4.228275952349641,0.2,0.5
supermat,supermat,Probe,10,platt_fit,97,0.8836372400859113,-2.674416557346602,0.4,0.5
supermat,supermat,Probe,10,platt_fit,98,27.26174612438232,-69.78791267252222,0.1,0.5
supermat,supermat,Probe,10,platt_fit,99,1.006096537663203,-2.1774795990547746,0.6,0.5
supermat,supermat,Probe,10,platt_fit,100,0.38792531912547035,-2.1700774575027584,0.3,0.5
supermat,supermat,NTP,10,platt_fit,0,4.226494968784867,-7.668593128693281,0.1,0.5
supermat,supermat,NTP,10,platt_fit,1,0.34051814281650733,-2.0467438519189716,0.2,0.5
supermat,supermat,NTP,10,platt_fit,2,12.12033048214149,-3.4676745767033816,0.5,0.5
supermat,supermat,NTP,10,platt_fit,3,0.11995054836493031,-0.3606420035740132,0.5,0.5
supermat,supermat,NTP,10,platt_fit,4,0.31868092838452156,-1.0092655592968585,0.4,0.5
supermat,supermat,NTP,10,platt_fit,5,0.12377963313788239,-1.686342757469495,0.2,0.5
supermat,supermat,NTP,10,platt_fit,6,0.7211689486739755,-1.7319581551669883,0.2,0.5
supermat,supermat,NTP,10,platt_fit,7,1937.9245757248511,941.194115583881,0.7,0.5
supermat,supermat,NTP,10,platt_fit,8,0.5682654821694377,-0.983122793552819,0.3,0.5
supermat,supermat,NTP,10,platt_fit,9,188.32126593366417,90.25911465915759,0.3,0.5
supermat,supermat,NTP,10,platt_fit,10,1.4003252091855476,-1.3995895506864198,0.2,0.5
supermat,supermat,NTP,10,platt_fit,11,3874.063792403395,1852.967288660416,0.4,0.5
supermat,supermat,NTP,10,platt_fit,12,0.37562023501309016,-0.047696867333473926,0.5,0.5
supermat,supermat,NTP,10,platt_fit,13,0.11630756618869977,-1.8843437166704395,0.2,0.5
supermat,supermat,NTP,10,platt_fit,14,9.19979750752673,2.748751191550598,0.5,0.5
supermat,supermat,NTP,10,platt_fit,15,0.08500530284697412,0.02465202500535451,0.6,0.5
supermat,supermat,NTP,10,platt_fit,16,100.08305003452504,47.71070844426458,0.5,0.5
supermat,supermat,NTP,10,platt_fit,17,1.5725792404372259,-1.1815827566679962,0.3,0.5
supermat,supermat,NTP,10,platt_fit,18,0.5241580913651751,-1.7797607605206545,0.3,0.5
supermat,supermat,NTP,10,platt_fit,19,-0.04402457185849622,-1.3536725788045596,0.2,0.5
supermat,supermat,NTP,10,platt_fit,20,0.16119654517003779,-0.820899859834952,0.5,0.5
supermat,supermat,NTP,10,platt_fit,21,1.8483223335321122,-12.581282614073453,0.1,0.5
supermat,supermat,NTP,10,platt_fit,22,1.0724201639910536,-1.562666790688351,0.2,0.5
supermat,supermat,NTP,10,platt_fit,23,0.24416143189338962,-1.7072069155046277,0.4,0.5
supermat,supermat,NTP,10,platt_fit,24,4.302227751237995,-7.545471196549339,0.1,0.5
supermat,supermat,NTP,10,platt_fit,25,0.2295744553991888,-1.6036469039907228,0.3,0.5
supermat,supermat,NTP,10,platt_fit,26,2.5575024819871897,1.019252280432774,0.5,0.5
supermat,supermat,NTP,10,platt_fit,27,32.931201404849766,-438.1046548934075,0.2,0.5
supermat,supermat,NTP,10,platt_fit,28,0.43196714961640015,-1.0604598896813509,0.3,0.5
supermat,supermat,NTP,10,platt_fit,29,1.7313352225180867,-9.478050001787931,0.2,0.5
supermat,supermat,NTP,10,platt_fit,30,-5.121821241777877,-3.588477767107873,0.2,0.5
supermat,supermat,NTP,10,platt_fit,31,0.5308850151266403,-1.82686754339194,0.3,0.5
supermat,supermat,NTP,10,platt_fit,32,0.27980701788058,-0.7637657505690656,0.3,0.5
supermat,supermat,NTP,10,platt_fit,33,-0.8127232505843414,-2.4730988453972573,0.1,0.5
supermat,supermat,NTP,10,platt_fit,34,0.6811266758604998,0.04143680777606042,0.6,0.5
supermat,supermat,NTP,10,platt_fit,35,0.2267209157961028,-2.023206258652798,0.3,0.5
supermat,supermat,NTP,10,platt_fit,36,0.32806558425585947,-0.3823129586798102,0.5,0.5
supermat,supermat,NTP,10,platt_fit,37,1.6456855292015153,-11.95968088247476,0.2,0.5
supermat,supermat,NTP,10,platt_fit,38,0.2044578096898729,-1.0906224287176662,0.4,0.5
supermat,supermat,NTP,10,platt_fit,39,7.601203919331944,-84.15297931935086,0.2,0.5
supermat,supermat,NTP,10,platt_fit,40,0.849474904498169,0.4125802728045097,0.6,0.5
supermat,supermat,NTP,10,platt_fit,41,16.42357439186827,-0.9291796634681136,0.4,0.5
supermat,supermat,NTP,10,platt_fit,42,1.1942221766473125,-0.6726201697202192,0.3,0.5
supermat,supermat,NTP,10,platt_fit,43,0.10511847674793987,-0.42369678141833284,0.5,0.5
supermat,supermat,NTP,10,platt_fit,44,1.010192241706397,-0.02019082253144802,0.5,0.5
supermat,supermat,NTP,10,platt_fit,45,31.83085451244294,5.571599521502173,0.2,0.5
supermat,supermat,NTP,10,platt_fit,46,2.1492988099589954,-1.060797524672969,0.2,0.5
supermat,supermat,NTP,10,platt_fit,47,0.6711507532933051,0.022817265068356494,0.6,0.5
supermat,supermat,NTP,10,platt_fit,48,16.998150088090235,6.640605044832835,0.5,0.5
supermat,supermat,NTP,10,platt_fit,50,0.8862814899400825,-1.6527445136288208,0.2,0.5
supermat,supermat,NTP,10,platt_fit,51,0.19204869591031612,-1.5131421600732862,0.4,0.5
supermat,supermat,NTP,10,platt_fit,52,12.01544762297392,4.688628225085165,0.4,0.5
supermat,supermat,NTP,10,platt_fit,53,4.6497995236538765,-7.2147353974153905,0.2,0.5
supermat,supermat,NTP,10,platt_fit,54,0.2112559829220749,-1.2806004753688647,0.5,0.5
supermat,supermat,NTP,10,platt_fit,55,0.14509923881810574,-0.47359795781742825,0.5,0.5
supermat,supermat,NTP,10,platt_fit,56,0.26572258753023265,-2.0802666925058793,0.2,0.5
supermat,supermat,NTP,10,platt_fit,57,0.44512073466133034,-1.0557700357513888,0.3,0.5
supermat,supermat,NTP,10,platt_fit,58,4.883459955236347,-6.958844408552567,0.4,0.5
supermat,supermat,NTP,10,platt_fit,59,4.808713149873709,-6.962425042695525,0.2,0.5
supermat,supermat,NTP,10,platt_fit,60,401.47504991077454,185.79768406326238,0.2,0.5
supermat,supermat,NTP,10,platt_fit,61,1.5482552486136705,1.1577140291372543,0.8,0.5
supermat,supermat,NTP,10,platt_fit,62,8.208733947899102,1.9292925121464375,0.3,0.5
supermat,supermat,NTP,10,platt_fit,63,4.382281968622682,-7.751916068102677,0.3,0.5
supermat,supermat,NTP,10,platt_fit,64,0.45523009236053086,-1.0452920063138578,0.3,0.5
supermat,supermat,NTP,10,platt_fit,65,204.07025572402117,91.25416745604116,0.4,0.5
supermat,supermat,NTP,10,platt_fit,66,3.794987652632876,-8.130067190701164,0.1,0.5
supermat,supermat,NTP,10,platt_fit,67,3.705041784353032,-7.389477864588202,0.6,0.5
supermat,supermat,NTP,10,platt_fit,68,111.45709326855672,51.44560612916528,0.2,0.5
supermat,supermat,NTP,10,platt_fit,69,-0.8246532216061898,-1.092089913011148,0.3,0.5
supermat,supermat,NTP,10,platt_fit,70,4.783785793479783,-7.022956348028994,0.2,0.5
supermat,supermat,NTP,10,platt_fit,71,-0.6006932373287638,-0.23119243477330934,0.4,0.5
supermat,supermat,NTP,10,platt_fit,72,-0.23620346914963622,-0.8042709791431344,0.3,0.5
supermat,supermat,NTP,10,platt_fit,73,0.2468569440801189,-1.0955038461993014,0.5,0.5
supermat,supermat,NTP,10,platt_fit,74,1.130800637204501,-0.7466019229085658,0.3,0.5
supermat,supermat,NTP,10,platt_fit,75,-0.6058237661610731,-1.5471768540126785,0.2,0.5
supermat,supermat,NTP,10,platt_fit,76,4.7984509448258565,-6.867368939922684,0.3,0.5
supermat,supermat,NTP,10,platt_fit,77,-0.23372054362533262,0.10450617146188565,0.5,0.5
supermat,supermat,NTP,10,platt_fit,78,12.850913521625994,-3.763672954801741,0.3,0.5
supermat,supermat,NTP,10,platt_fit,79,0.1863707905520859,-1.0104182972915403,0.4,0.5
supermat,supermat,NTP,10,platt_fit,80,1.5522052864943499,-1.043775838027109,0.4,0.5
supermat,supermat,NTP,10,platt_fit,81,0.2511605544780981,-1.4371672888418048,0.5,0.5
supermat,supermat,NTP,10,platt_fit,82,1.1762922956953201,-0.3451201133400561,0.5,0.5
supermat,supermat,NTP,10,platt_fit,83,0.36457306030795444,-0.8960554286122161,0.5,0.5
supermat,supermat,NTP,10,platt_fit,84,7.341340430105894,-10.107365975769168,0.4,0.5
supermat,supermat,NTP,10,platt_fit,85,0.0058991921251841505,-0.012338955711191556,0.5,0.5
supermat,supermat,NTP,10,platt_fit,86,0.8998854683179639,-1.3561501330756527,0.4,0.5
supermat,supermat,NTP,10,platt_fit,87,0.43352100137924776,-1.5978054273104247,0.5,0.5
supermat,supermat,NTP,10,platt_fit,88,2.2110827266216426,-0.15901375322837197,0.4,0.5
supermat,supermat,NTP,10,platt_fit,89,0.30018485287235147,-0.6358364389780978,0.6,0.5
supermat,supermat,NTP,10,platt_fit,90,1.2227154152602449,-0.5054620879088872,0.4,0.5
supermat,supermat,NTP,10,platt_fit,91,-5.456594769476736,-3.9029498516818655,0.2,0.5
supermat,supermat,NTP,10,platt_fit,92,0.22412538343066404,-1.1371965937266595,0.4,0.5
supermat,supermat,NTP,10,platt_fit,93,1.176254906825937,-0.34480931309799295,0.5,0.5
supermat,supermat,NTP,10,platt_fit,94,6.7865343074197915,1.4494914937216004,0.4,0.5
supermat,supermat,NTP,10,platt_fit,95,0.8620240691360908,-1.7785454608637765,0.1,0.5
supermat,supermat,NTP,10,platt_fit,96,3.533540354331547,-36.54317581690636,0.2,0.5
supermat,supermat,NTP,10,platt_fit,97,0.15021087528296162,-1.0260134190158894,0.4,0.5
supermat,supermat,NTP,10,platt_fit,98,9.312984215723755,2.087539556988684,0.1,0.5
supermat,supermat,NTP,10,platt_fit,99,3.3971977831001285,0.9127169162995701,0.6,0.5
supermat,supermat,NTP,10,platt_fit,100,0.1436476615685703,-1.1890216237191802,0.3,0.5
supermat,supermat,Probe,50,platt_fit,0,1.6547471293918357,-5.964911807996333,0.26,0.5
supermat,supermat,Probe,50,platt_fit,1,0.8775671177570412,-3.889836988752466,0.18,0.5
supermat,supermat,Probe,50,platt_fit,2,0.9064391918481803,-3.1775128996190443,0.44,0.5
supermat,supermat,Probe,50,platt_fit,3,1.3442859286653102,-4.0508836914912365,0.42,0.5
supermat,supermat,Probe,50,platt_fit,4,1.558814257828181,-4.997221073504066,0.36,0.5
supermat,supermat,Probe,50,platt_fit,5,0.8266662074386705,-3.2817749947366814,0.32,0.5
supermat,supermat,Probe,50,platt_fit,6,1.4329658106196874,-4.774624836003154,0.34,0.5
supermat,supermat,Probe,50,platt_fit,7,1.3495500128876168,-4.014233481756213,0.48,0.5
supermat,supermat,Probe,50,platt_fit,8,1.010364633375101,-4.098958540665547,0.28,0.5
supermat,supermat,Probe,50,platt_fit,9,0.799390117411231,-3.3331844360320493,0.26,0.5
supermat,supermat,Probe,50,platt_fit,10,1.2191906694278594,-4.54498822823051,0.26,0.5
supermat,supermat,Probe,50,platt_fit,11,1.6492662396908546,-5.101870970538927,0.4,0.5
supermat,supermat,Probe,50,platt_fit,12,2.0576425666874045,-6.351447062933841,0.3,0.5
supermat,supermat,Probe,50,platt_fit,13,0.8532348936218717,-2.7404967509995983,0.4,0.5
supermat,supermat,Probe,50,platt_fit,14,0.6983097626636039,-3.257491220513907,0.22,0.5
supermat,supermat,Probe,50,platt_fit,15,1.3722713705532728,-3.8815810775750452,0.6,0.5
supermat,supermat,Probe,50,platt_fit,16,1.0875174586731016,-2.9271630335245953,0.42,0.5
supermat,supermat,Probe,50,platt_fit,17,0.6335519238555681,-3.286785999045806,0.16,0.5
supermat,supermat,Probe,50,platt_fit,18,0.9874178262750773,-3.6298659989819093,0.32,0.5
supermat,supermat,Probe,50,platt_fit,19,0.7702689823010707,-2.7207357659913085,0.44,0.5
supermat,supermat,Probe,50,platt_fit,20,0.5810845540313354,-2.218318481335369,0.4,0.5
supermat,supermat,Probe,50,platt_fit,21,1.0939350949461413,-4.240884560684075,0.28,0.5
supermat,supermat,Probe,50,platt_fit,22,0.9198406649936451,-3.3749363997596165,0.24,0.5
supermat,supermat,Probe,50,platt_fit,23,1.0480195047113743,-4.162830608272281,0.22,0.5
supermat,supermat,Probe,50,platt_fit,24,0.9717296883147684,-3.5421423742054032,0.3,0.5
supermat,supermat,Probe,50,platt_fit,25,1.5744248145896682,-4.55302372791687,0.52,0.5
supermat,supermat,Probe,50,platt_fit,26,0.9728149387957088,-2.6757853392948694,0.4,0.5
supermat,supermat,Probe,50,platt_fit,27,0.7180793956490448,-2.5424343263325313,0.36,0.5
supermat,supermat,Probe,50,platt_fit,28,1.0860625580896215,-3.759391139477,0.34,0.5
supermat,supermat,Probe,50,platt_fit,29,1.0393347639934543,-3.987258761883737,0.24,0.5
supermat,supermat,Probe,50,platt_fit,30,1.021250949928502,-3.468938038284434,0.36,0.5
supermat,supermat,Probe,50,platt_fit,31,0.5136796867166056,-2.363294918812998,0.3,0.5
supermat,supermat,Probe,50,platt_fit,32,0.7051729690367937,-2.527303471888846,0.38,0.5
supermat,supermat,Probe,50,platt_fit,33,0.6327115345363271,-3.2518869198888676,0.28,0.5
supermat,supermat,Probe,50,platt_fit,34,0.8201012049302053,-2.8571553636095604,0.34,0.5
supermat,supermat,Probe,50,platt_fit,35,1.3268058249434833,-5.200140697669866,0.38,0.5
supermat,supermat,Probe,50,platt_fit,36,0.8856993992210198,-3.8160451428333864,0.22,0.5
supermat,supermat,Probe,50,platt_fit,37,0.9950716458655067,-3.9208391755536973,0.26,0.5
supermat,supermat,Probe,50,platt_fit,38,0.9923896689049764,-4.211374070587323,0.2,0.5
supermat,supermat,Probe,50,platt_fit,39,0.9458327807837308,-3.734555942007899,0.3,0.5
supermat,supermat,Probe,50,platt_fit,40,0.9752803904751898,-3.5035629194585223,0.42,0.5
supermat,supermat,Probe,50,platt_fit,41,1.0125505479878123,-3.4165618016899284,0.46,0.5
supermat,supermat,Probe,50,platt_fit,42,0.8278642613871556,-2.8056509398047655,0.28,0.5
supermat,supermat,Probe,50,platt_fit,43,1.3490773383593044,-4.26524071314111,0.3,0.5
supermat,supermat,Probe,50,platt_fit,44,0.8047524864322627,-2.2794930789390633,0.56,0.5
supermat,supermat,Probe,50,platt_fit,45,1.6304051377722681,-5.658705933973052,0.26,0.5
supermat,supermat,Probe,50,platt_fit,46,1.2142076095956027,-5.499622399008129,0.26,0.5
supermat,supermat,Probe,50,platt_fit,47,0.8415467831803338,-2.6648653318256486,0.5,0.5
supermat,supermat,Probe,50,platt_fit,48,1.5461540551767485,-4.862428057185415,0.36,0.5
supermat,supermat,Probe,50,platt_fit,49,0.9520934150443855,-3.2828646490806386,0.34,0.5
supermat,supermat,Probe,50,platt_fit,50,0.6028787031738123,-2.524229589708001,0.28,0.5
supermat,supermat,Probe,50,platt_fit,51,1.2742923087647802,-4.620549954565288,0.36,0.5
supermat,supermat,Probe,50,platt_fit,52,0.7535165922424286,-3.4242323657881646,0.26,0.5
supermat,supermat,Probe,50,platt_fit,53,1.1290742889945906,-3.8364678480323353,0.18,0.5
supermat,supermat,Probe,50,platt_fit,54,0.6930788375093402,-2.466798651066536,0.44,0.5
supermat,supermat,Probe,50,platt_fit,55,0.8060149191109751,-2.6426033316080746,0.38,0.5
supermat,supermat,Probe,50,platt_fit,56,1.135509985222383,-3.604184128727856,0.4,0.5
supermat,supermat,Probe,50,platt_fit,57,1.6787432707903185,-5.5419195382793385,0.3,0.5
supermat,supermat,Probe,50,platt_fit,58,1.5172035680456895,-5.291958723839232,0.26,0.5
supermat,supermat,Probe,50,platt_fit,59,1.833950410832757,-5.509601657098699,0.32,0.5
supermat,supermat,Probe,50,platt_fit,60,0.8594637556355545,-4.137980400201209,0.2,0.5
supermat,supermat,Probe,50,platt_fit,61,1.3220393795069592,-4.086531814893161,0.38,0.5
supermat,supermat,Probe,50,platt_fit,62,0.5589196295047948,-2.1542793099294366,0.38,0.5
supermat,supermat,Probe,50,platt_fit,63,0.7318323077468574,-2.4838156831114055,0.44,0.5
supermat,supermat,Probe,50,platt_fit,64,1.0649862444885565,-3.8017248237355377,0.36,0.5
supermat,supermat,Probe,50,platt_fit,65,0.689114544842134,-2.650502002229587,0.44,0.5
supermat,supermat,Probe,50,platt_fit,66,1.5622304859553242,-4.978815300912815,0.28,0.5
supermat,supermat,Probe,50,platt_fit,67,0.6128795739771815,-2.2604675347857888,0.48,0.5
supermat,supermat,Probe,50,platt_fit,68,0.9239766179368293,-4.162078285136604,0.18,0.5
supermat,supermat,Probe,50,platt_fit,69,0.9538500905077939,-3.0612198796251064,0.26,0.5
supermat,supermat,Probe,50,platt_fit,70,0.8424586483463421,-3.314935833951896,0.18,0.5
supermat,supermat,Probe,50,platt_fit,71,0.22193444315059313,-1.4111833533368852,0.34,0.5
supermat,supermat,Probe,50,platt_fit,72,0.37697389179889834,-0.8851234029978052,0.52,0.5
supermat,supermat,Probe,50,platt_fit,73,1.0217866113453535,-3.9150242907954653,0.42,0.5
supermat,supermat,Probe,50,platt_fit,74,0.5656505813164131,-2.810221139865271,0.26,0.5
supermat,supermat,Probe,50,platt_fit,75,1.7706351608546893,-5.035506121638586,0.34,0.5
supermat,supermat,Probe,50,platt_fit,76,0.8309742778885827,-3.8687234106678097,0.24,0.5
supermat,supermat,Probe,50,platt_fit,77,0.6541187172433874,-2.7832535979811226,0.22,0.5
supermat,supermat,Probe,50,platt_fit,78,1.226948433425292,-4.896360261781257,0.26,0.5
supermat,supermat,Probe,50,platt_fit,79,1.0306052498210054,-3.4350209787714028,0.42,0.5
supermat,supermat,Probe,50,platt_fit,80,0.9048322878195231,-3.3192479648077824,0.34,0.5
supermat,supermat,Probe,50,platt_fit,81,0.6772056255090269,-1.9651220600294592,0.52,0.5
supermat,supermat,Probe,50,platt_fit,82,0.44028419755215403,-1.7279026320610344,0.38,0.5
supermat,supermat,Probe,50,platt_fit,83,0.8919075681994891,-2.545990711680041,0.52,0.5
supermat,supermat,Probe,50,platt_fit,84,0.8392705434333749,-3.1254309185367815,0.34,0.5
supermat,supermat,Probe,50,platt_fit,85,0.8718546473860272,-2.782807223646548,0.42,0.5
supermat,supermat,Probe,50,platt_fit,86,1.1574077011719746,-4.611171889405938,0.26,0.5
supermat,supermat,Probe,50,platt_fit,87,0.7967890002260823,-2.5705165714002227,0.42,0.5
supermat,supermat,Probe,50,platt_fit,88,0.8380811493725898,-2.622591088204819,0.42,0.5
supermat,supermat,Probe,50,platt_fit,89,1.1622512728902439,-3.6173774945596673,0.46,0.5
supermat,supermat,Probe,50,platt_fit,90,1.0370162929749032,-3.569267571946745,0.28,0.5
supermat,supermat,Probe,50,platt_fit,91,0.9184638344907545,-3.3405460628106893,0.42,0.5
supermat,supermat,Probe,50,platt_fit,92,0.7227001654759834,-2.821946841431048,0.46,0.5
supermat,supermat,Probe,50,platt_fit,93,1.2989275545122565,-4.278788961851057,0.36,0.5
supermat,supermat,Probe,50,platt_fit,94,0.7402277910624306,-2.726802662272631,0.34,0.5
supermat,supermat,Probe,50,platt_fit,95,1.3221084209101426,-4.728657607501781,0.28,0.5
supermat,supermat,Probe,50,platt_fit,96,0.8552164245759855,-2.518440189443638,0.4,0.5
supermat,supermat,Probe,50,platt_fit,97,1.226431868361449,-4.393425745922823,0.22,0.5
supermat,supermat,Probe,50,platt_fit,98,1.6575035811650334,-5.09390966792832,0.22,0.5
supermat,supermat,Probe,50,platt_fit,99,0.7141804278530322,-2.2458712341707976,0.48,0.5
supermat,supermat,NTP,50,platt_fit,0,0.3670486930238609,-2.194938398187843,0.26,0.5
supermat,supermat,NTP,50,platt_fit,1,0.8737802803430971,-2.5698812231361057,0.18,0.5
supermat,supermat,NTP,50,platt_fit,2,0.32236498925313756,-0.8586156231320121,0.44,0.5
supermat,supermat,NTP,50,platt_fit,3,0.1971517376923977,-0.8732213822889174,0.42,0.5
supermat,supermat,NTP,50,platt_fit,4,0.21978714333671068,-0.7015900447322426,0.36,0.5
supermat,supermat,NTP,50,platt_fit,5,0.16976773444446122,-1.2872898711431877,0.32,0.5
supermat,supermat,NTP,50,platt_fit,6,0.27146706445392005,-1.7503599651763935,0.34,0.5
supermat,supermat,NTP,50,platt_fit,7,0.17871112814245096,-0.6545294940637035,0.48,0.5
supermat,supermat,NTP,50,platt_fit,8,0.2689376877018197,-1.6801543073029102,0.28,0.5
supermat,supermat,NTP,50,platt_fit,9,0.22228310700623763,-1.6122058473247078,0.26,0.5
supermat,supermat,NTP,50,platt_fit,10,1.1705958921936075,-1.8689340547820117,0.26,0.5
supermat,supermat,NTP,50,platt_fit,11,1.828428625978085,-0.6874447778887848,0.4,0.5
supermat,supermat,NTP,50,platt_fit,12,0.23921430995792115,-1.1308161405023085,0.3,0.5
supermat,supermat,NTP,50,platt_fit,13,0.30796190769399456,-1.1084764643849832,0.4,0.5
supermat,supermat,NTP,50,platt_fit,14,0.20216316656905986,-2.1038949823986033,0.22,0.5
supermat,supermat,NTP,50,platt_fit,15,0.27332251512443606,-0.13042221621184663,0.6,0.5
supermat,supermat,NTP,50,platt_fit,16,0.1802948112722551,-0.8039715519517917,0.42,0.5
supermat,supermat,NTP,50,platt_fit,17,0.08980855665164106,-1.6914968951397555,0.16,0.5
supermat,supermat,NTP,50,platt_fit,18,0.3949933412998045,-1.9336114154813175,0.32,0.5
supermat,supermat,NTP,50,platt_fit,19,1.0673574771766656,-1.1582705245616816,0.44,0.5
supermat,supermat,NTP,50,platt_fit,20,0.20822381300054157,-0.8563357159684918,0.4,0.5
supermat,supermat,NTP,50,platt_fit,21,0.22388653500049702,-1.3833968019187437,0.28,0.5
supermat,supermat,NTP,50,platt_fit,22,0.21131686693863416,-1.822208509399975,0.24,0.5
supermat,supermat,NTP,50,platt_fit,23,0.5078560183747114,-2.101613836544361,0.22,0.5
supermat,supermat,NTP,50,platt_fit,24,0.18456587357311588,-1.06834575462602,0.3,0.5
supermat,supermat,NTP,50,platt_fit,25,0.3399115593452306,-1.1046143061032363,0.52,0.5
supermat,supermat,NTP,50,platt_fit,26,0.28282805822054236,-0.8190031747309974,0.4,0.5
supermat,supermat,NTP,50,platt_fit,27,0.25798802253669634,-1.4153234091643985,0.36,0.5
supermat,supermat,NTP,50,platt_fit,28,0.3486082241538064,-1.0468314908042182,0.34,0.5
supermat,supermat,NTP,50,platt_fit,29,0.24577562870527242,-1.6357598349816287,0.24,0.5
supermat,supermat,NTP,50,platt_fit,30,0.21957451824987717,-1.293922239990356,0.36,0.5
supermat,supermat,NTP,50,platt_fit,31,0.17368194343155097,-1.1996888514937294,0.3,0.5
supermat,supermat,NTP,50,platt_fit,32,0.2513354394524194,-1.04823648069084,0.38,0.5
supermat,supermat,NTP,50,platt_fit,33,0.3412574208605683,-2.278080663778448,0.28,0.5
supermat,supermat,NTP,50,platt_fit,34,0.23015903324036413,-1.334680151894155,0.34,0.5
supermat,supermat,NTP,50,platt_fit,35,0.3591411046570516,-1.6711781790310836,0.38,0.5
supermat,supermat,NTP,50,platt_fit,36,0.23544885315436404,-1.7661115573613393,0.22,0.5
supermat,supermat,NTP,50,platt_fit,37,0.4270699366142225,-2.294100899708808,0.26,0.5
supermat,supermat,NTP,50,platt_fit,38,0.3290346945858141,-1.8859411726813975,0.2,0.5
supermat,supermat,NTP,50,platt_fit,39,0.43966800753878765,-1.9673440569176268,0.3,0.5
supermat,supermat,NTP,50,platt_fit,40,0.25311387712837496,-1.0805825341553639,0.42,0.5
supermat,supermat,NTP,50,platt_fit,41,0.5041522358212505,-0.8374078797854977,0.46,0.5
supermat,supermat,NTP,50,platt_fit,42,0.2135195921604238,-1.4549046887674963,0.28,0.5
supermat,supermat,NTP,50,platt_fit,43,0.23154492469880844,-1.3745584259495307,0.3,0.5
supermat,supermat,NTP,50,platt_fit,44,0.17217933075502567,-0.45789586149828265,0.56,0.5
supermat,supermat,NTP,50,platt_fit,45,0.37780336056062763,-1.9088113033386682,0.26,0.5
supermat,supermat,NTP,50,platt_fit,46,10.211745041339118,2.2936221402301,0.26,0.5
supermat,supermat,NTP,50,platt_fit,47,0.28607320056428914,-0.5584676407660881,0.5,0.5
supermat,supermat,NTP,50,platt_fit,48,0.29370996766658647,-1.4901134316092266,0.36,0.5
supermat,supermat,NTP,50,platt_fit,49,0.3580567468770571,-0.959768892093015,0.34,0.5
supermat,supermat,NTP,50,platt_fit,50,0.23009993909550203,-1.360257501354566,0.28,0.5
supermat,supermat,NTP,50,platt_fit,51,11.110589660923164,3.4053190384692655,0.36,0.5
supermat,supermat,NTP,50,platt_fit,52,0.18951243416372995,-1.3788223695619324,0.26,0.5
supermat,supermat,NTP,50,platt_fit,53,7.292490393141033,0.8821342166848379,0.18,0.5
supermat,supermat,NTP,50,platt_fit,54,0.23019623002770648,-0.9283761923706138,0.44,0.5
supermat,supermat,NTP,50,platt_fit,55,0.4620000926606375,-1.024740230441119,0.38,0.5
supermat,supermat,NTP,50,platt_fit,56,0.2459557351139368,-1.0298724909686425,0.4,0.5
supermat,supermat,NTP,50,platt_fit,57,0.21573988178298484,-1.5555835873656476,0.3,0.5
supermat,supermat,NTP,50,platt_fit,58,0.20350506124359377,-1.4719076347550533,0.26,0.5
supermat,supermat,NTP,50,platt_fit,59,0.9776804313392777,-1.0591026288282837,0.32,0.5
supermat,supermat,NTP,50,platt_fit,60,0.22705468809938262,-2.075141661995188,0.2,0.5
supermat,supermat,NTP,50,platt_fit,61,0.3883666188771828,-1.2203845247270544,0.38,0.5
supermat,supermat,NTP,50,platt_fit,62,0.2176730650801147,-0.9692126601292237,0.38,0.5
supermat,supermat,NTP,50,platt_fit,63,0.13038096710943878,-0.5160192986909313,0.44,0.5
supermat,supermat,NTP,50,platt_fit,64,0.27198058585291696,-1.3966228251144723,0.36,0.5
supermat,supermat,NTP,50,platt_fit,65,2.0551281760729236,-0.4709182377332184,0.44,0.5
supermat,supermat,NTP,50,platt_fit,66,0.2826067090592867,-1.3744537085541984,0.28,0.5
supermat,supermat,NTP,50,platt_fit,67,0.418592646100838,-0.9734289888572413,0.48,0.5
supermat,supermat,NTP,50,platt_fit,68,0.20409718830440163,-1.8884240156519603,0.18,0.5
supermat,supermat,NTP,50,platt_fit,69,0.25686576216612866,-1.4707543496796143,0.26,0.5
supermat,supermat,NTP,50,platt_fit,70,0.4966272807228103,-2.462288013912321,0.18,0.5
supermat,supermat,NTP,50,platt_fit,71,0.2157918730741159,-1.0309939659168974,0.34,0.5
supermat,supermat,NTP,50,platt_fit,72,0.24330034998216746,-0.4352565016828588,0.52,0.5
supermat,supermat,NTP,50,platt_fit,73,0.2515352882048357,-0.9706107007755845,0.42,0.5
supermat,supermat,NTP,50,platt_fit,74,0.18952507568963256,-1.806685616901995,0.26,0.5
supermat,supermat,NTP,50,platt_fit,75,0.25648937732813887,-1.3581496973899163,0.34,0.5
supermat,supermat,NTP,50,platt_fit,76,0.2641094802000744,-1.8388201971803362,0.24,0.5
supermat,supermat,NTP,50,platt_fit,77,0.1919481502449086,-1.4973430839960844,0.22,0.5
supermat,supermat,NTP,50,platt_fit,78,0.24935295228359353,-1.5382298665960679,0.26,0.5
supermat,supermat,NTP,50,platt_fit,79,0.2619788960892091,-1.017153817624882,0.42,0.5
supermat,supermat,NTP,50,platt_fit,80,0.6130761774834049,-1.2222425792556948,0.34,0.5
supermat,supermat,NTP,50,platt_fit,81,0.25706910229605845,-0.6009740291022763,0.52,0.5
supermat,supermat,NTP,50,platt_fit,82,0.13956758928191423,-0.7498061299387495,0.38,0.5
supermat,supermat,NTP,50,platt_fit,83,0.1559695570988603,-0.18947724797259,0.52,0.5
supermat,supermat,NTP,50,platt_fit,84,0.2920253327766157,-1.4436317369536902,0.34,0.5
supermat,supermat,NTP,50,platt_fit,85,0.19069900263339146,-0.5935735083111265,0.42,0.5
supermat,supermat,NTP,50,platt_fit,86,0.17156487574155624,-1.5551522152046067,0.26,0.5
supermat,supermat,NTP,50,platt_fit,87,0.3063686851417886,-0.8593912460618098,0.42,0.5
supermat,supermat,NTP,50,platt_fit,88,0.2448624361357385,-0.9025430994412889,0.42,0.5
supermat,supermat,NTP,50,platt_fit,89,0.4976043520491767,-0.9790795653990308,0.46,0.5
supermat,supermat,NTP,50,platt_fit,90,0.2526413619229681,-1.3863885595250371,0.28,0.5
supermat,supermat,NTP,50,platt_fit,91,0.2282915109771522,-1.0623977008666172,0.42,0.5
supermat,supermat,NTP,50,platt_fit,92,0.3652023765244872,-1.4171323726619776,0.46,0.5
supermat,supermat,NTP,50,platt_fit,93,0.32763326852279523,-1.2914586397944403,0.36,0.5
supermat,supermat,NTP,50,platt_fit,94,0.3656303094851586,-1.1659020464024616,0.34,0.5
supermat,supermat,NTP,50,platt_fit,95,0.16074553729752694,-1.415512590478118,0.28,0.5
supermat,supermat,NTP,50,platt_fit,96,0.17116642826642472,-0.6580502794222112,0.4,0.5
supermat,supermat,NTP,50,platt_fit,97,2.4032763048794057,-0.8368258338608044,0.22,0.5
supermat,supermat,NTP,50,platt_fit,98,1.1401153255599341,-1.7664483379060354,0.22,0.5
supermat,supermat,NTP,50,platt_fit,99,0.28354650185295427,-0.5771004750716666,0.48,0.5
supermat,supermat,Probe,100,platt_fit,0,0.9021883715057708,-3.3987837645747154,0.26,0.5
supermat,supermat,Probe,100,platt_fit,1,1.1734589926916268,-3.879216299971269,0.26,0.5
supermat,supermat,Probe,100,platt_fit,2,0.7998018315114992,-2.6028081942238255,0.39,0.5
supermat,supermat,Probe,100,platt_fit,3,0.7893952173288055,-2.853624849258663,0.35,0.5
supermat,supermat,Probe,100,platt_fit,4,0.602579811181079,-2.322438222859057,0.36,0.5
supermat,supermat,Probe,100,platt_fit,5,0.8298800869379532,-2.5755798128530714,0.42,0.5
supermat,supermat,Probe,100,platt_fit,6,1.0406351101530718,-4.109406633777085,0.25,0.5
supermat,supermat,Probe,100,platt_fit,7,0.9440967251056565,-3.4759718067316516,0.38,0.5
supermat,supermat,Probe,100,platt_fit,8,1.0526411900545583,-3.917481295624744,0.24,0.5
supermat,supermat,Probe,100,platt_fit,9,0.929675950300067,-2.935534868547711,0.4,0.5
supermat,supermat,Probe,100,platt_fit,10,0.6553906826231783,-2.48250015546843,0.34,0.5
supermat,supermat,Probe,100,platt_fit,11,0.702155990352573,-2.183434888038071,0.44,0.5
supermat,supermat,Probe,100,platt_fit,12,1.01081302822044,-3.2176763854496735,0.32,0.5
supermat,supermat,Probe,100,platt_fit,13,0.5473033360584605,-1.8692041963679293,0.46,0.5
supermat,supermat,Probe,100,platt_fit,14,1.0073090000081448,-3.841274029802379,0.31,0.5
supermat,supermat,Probe,100,platt_fit,15,0.7817196132852839,-2.3288194473231485,0.53,0.5
supermat,supermat,Probe,100,platt_fit,16,1.173107274532104,-4.181928321590445,0.29,0.5
supermat,supermat,Probe,100,platt_fit,17,1.3937479848542584,-5.495115926585645,0.23,0.5
supermat,supermat,Probe,100,platt_fit,18,0.5245105848119592,-2.2048337424956252,0.29,0.5
supermat,supermat,Probe,100,platt_fit,19,0.5993058916631155,-2.2997577069886934,0.38,0.5
supermat,supermat,Probe,100,platt_fit,20,0.6380875210186104,-2.697952078965765,0.34,0.5
supermat,supermat,Probe,100,platt_fit,21,1.081503624562536,-3.76119225686178,0.3,0.5
supermat,supermat,Probe,100,platt_fit,22,1.0573453967575297,-3.875698694349615,0.24,0.5
supermat,supermat,Probe,100,platt_fit,23,0.7647494303343567,-2.8074118591806188,0.34,0.5
supermat,supermat,Probe,100,platt_fit,24,0.8455605665321726,-3.1168012509838543,0.34,0.5
supermat,supermat,Probe,100,platt_fit,25,0.7958090023115763,-2.67143576451822,0.39,0.5
supermat,supermat,Probe,100,platt_fit,26,0.870695663516791,-2.729033963183635,0.33,0.5
supermat,supermat,Probe,100,platt_fit,27,1.2075599389542766,-3.6012392490033984,0.46,0.5
supermat,supermat,Probe,100,platt_fit,28,1.2549482341614973,-4.0783137527080635,0.43,0.5
supermat,supermat,Probe,100,platt_fit,29,1.599968701951365,-5.315635630608983,0.26,0.5
supermat,supermat,Probe,100,platt_fit,30,0.9713256090537061,-3.21161820389493,0.36,0.5
supermat,supermat,Probe,100,platt_fit,31,1.107390189190344,-3.992920562999548,0.35,0.5
supermat,supermat,Probe,100,platt_fit,32,0.6994313714238574,-2.74961035705273,0.28,0.5
supermat,supermat,Probe,100,platt_fit,33,0.8048793906592228,-3.0708646862436986,0.43,0.5
supermat,supermat,Probe,100,platt_fit,34,0.8605516861539612,-2.8151367318238716,0.36,0.5
supermat,supermat,Probe,100,platt_fit,35,0.6959147730328642,-2.8875488287646283,0.4,0.5
supermat,supermat,Probe,100,platt_fit,36,0.8889529269314851,-3.681450752158136,0.22,0.5
supermat,supermat,Probe,100,platt_fit,37,0.8008794179733973,-2.5234792167801285,0.4,0.5
supermat,supermat,Probe,100,platt_fit,38,1.526138760178556,-5.89335101219633,0.24,0.5
supermat,supermat,Probe,100,platt_fit,39,0.868637197919635,-3.1883084079352435,0.35,0.5
supermat,supermat,Probe,100,platt_fit,40,0.9467237153183049,-3.7238714814394624,0.35,0.5
supermat,supermat,Probe,100,platt_fit,41,0.8564881468220544,-3.0019249359572524,0.42,0.5
supermat,supermat,Probe,100,platt_fit,42,1.156898509886835,-3.971253586083266,0.3,0.5
supermat,supermat,Probe,100,platt_fit,43,1.117819929185794,-3.5050326376563348,0.38,0.5
supermat,supermat,Probe,100,platt_fit,44,0.7245657577718655,-2.6043803212902517,0.45,0.5
supermat,supermat,Probe,100,platt_fit,45,1.0858631991865342,-4.6159462858790175,0.23,0.5
supermat,supermat,Probe,100,platt_fit,46,0.8995573847546298,-3.638817521339043,0.26,0.5
supermat,supermat,Probe,100,platt_fit,47,0.8969676644815859,-2.9043528966227825,0.41,0.5
supermat,supermat,Probe,100,platt_fit,48,0.9634200437640036,-3.631751332061551,0.35,0.5
supermat,supermat,Probe,100,platt_fit,49,1.131908001978255,-3.8105890280458383,0.29,0.5
supermat,supermat,Probe,100,platt_fit,50,1.349362260208464,-4.608590956892875,0.26,0.5
supermat,supermat,Probe,100,platt_fit,51,0.7632643584904394,-3.255272184017773,0.25,0.5
supermat,supermat,Probe,100,platt_fit,52,0.8297075036884338,-3.7477462944561117,0.24,0.5
supermat,supermat,Probe,100,platt_fit,53,2.177198963222936,-6.054197097488479,0.24,0.5
supermat,supermat,Probe,100,platt_fit,54,0.6356843446570506,-2.17659823362215,0.45,0.5
supermat,supermat,Probe,100,platt_fit,55,1.3389264673503742,-4.468109443155526,0.37,0.5
supermat,supermat,Probe,100,platt_fit,56,0.9765563730681216,-3.8328250891697366,0.27,0.5
supermat,supermat,Probe,100,platt_fit,57,0.8839946447608195,-3.3944245499861188,0.25,0.5
supermat,supermat,Probe,100,platt_fit,58,0.9702614568310416,-3.1308715271221903,0.3,0.5
supermat,supermat,Probe,100,platt_fit,59,0.8469785687652572,-3.1024086292662076,0.29,0.5
supermat,supermat,Probe,100,platt_fit,60,0.8740897644531466,-3.115057886785953,0.37,0.5
supermat,supermat,Probe,100,platt_fit,61,1.2983785932654823,-4.472212103843874,0.34,0.5
supermat,supermat,Probe,100,platt_fit,62,0.6433963171449207,-2.695019274176207,0.32,0.5
supermat,supermat,Probe,100,platt_fit,63,0.8677911038578436,-2.373896460719836,0.48,0.5
supermat,supermat,Probe,100,platt_fit,64,0.8507093673469683,-3.3714940806775617,0.33,0.5
supermat,supermat,Probe,100,platt_fit,65,0.44358792023865345,-1.2545453106776054,0.56,0.5
supermat,supermat,Probe,100,platt_fit,66,1.1544083342589235,-4.279310636531419,0.23,0.5
supermat,supermat,Probe,100,platt_fit,67,0.6355130032711677,-2.577708108787075,0.34,0.5
supermat,supermat,Probe,100,platt_fit,68,0.8512507571228746,-3.9627674823766563,0.22,0.5
supermat,supermat,Probe,100,platt_fit,69,0.6433604618728699,-2.7709733720523406,0.26,0.5
supermat,supermat,Probe,100,platt_fit,70,1.6894814804423417,-5.656350724959452,0.17,0.5
supermat,supermat,Probe,100,platt_fit,71,1.0052959194045035,-3.6796767324341806,0.46,0.5
supermat,supermat,Probe,100,platt_fit,72,0.7273143324647905,-1.9025829437626476,0.48,0.5
supermat,supermat,Probe,100,platt_fit,73,0.9961734234292446,-4.289193073348779,0.33,0.5
supermat,supermat,Probe,100,platt_fit,74,0.6497241725312679,-2.746994553468181,0.35,0.5
supermat,supermat,Probe,100,platt_fit,75,1.1544565157761792,-4.44569903566876,0.2,0.5
supermat,supermat,Probe,100,platt_fit,76,0.8799449839179848,-3.778629985913869,0.31,0.5
supermat,supermat,Probe,100,platt_fit,77,1.2975270547708306,-4.179109536569262,0.31,0.5
supermat,supermat,Probe,100,platt_fit,78,1.3790393877156117,-5.059289241683672,0.32,0.5
supermat,supermat,Probe,100,platt_fit,79,1.073469486616266,-3.8826771377770424,0.32,0.5
supermat,supermat,Probe,100,platt_fit,80,0.7158467552430928,-2.6720824703772545,0.34,0.5
supermat,supermat,Probe,100,platt_fit,81,1.050003133490085,-3.784479045569345,0.34,0.5
supermat,supermat,Probe,100,platt_fit,82,0.8404740733316237,-3.3446178420484163,0.33,0.5
supermat,supermat,Probe,100,platt_fit,83,0.8063868958704599,-2.5620817151166366,0.42,0.5
supermat,supermat,Probe,100,platt_fit,84,0.9807467425970009,-3.6372900493909768,0.38,0.5
supermat,supermat,Probe,100,platt_fit,85,1.118911549445737,-3.7886033064008435,0.36,0.5
supermat,supermat,Probe,100,platt_fit,86,0.5509574794258582,-2.340565482521746,0.29,0.5
supermat,supermat,Probe,100,platt_fit,87,0.9114263471367717,-3.2735318689733437,0.37,0.5
supermat,supermat,Probe,100,platt_fit,88,0.6719493432559196,-1.8442750348184456,0.49,0.5
supermat,supermat,Probe,100,platt_fit,89,1.0149130368330297,-2.7736031727589237,0.54,0.5
supermat,supermat,Probe,100,platt_fit,90,1.4475417553353453,-5.094239272357739,0.27,0.5
supermat,supermat,Probe,100,platt_fit,91,1.2398949673189466,-5.005495499126019,0.4,0.5
supermat,supermat,Probe,100,platt_fit,92,1.211139779214223,-4.642161782243139,0.42,0.5
supermat,supermat,Probe,100,platt_fit,93,0.9066672231557771,-3.361069548908515,0.29,0.5
supermat,supermat,Probe,100,platt_fit,94,1.1311031065076087,-3.409884789782133,0.34,0.5
supermat,supermat,Probe,100,platt_fit,95,0.9819217187317588,-3.9362612633285003,0.28,0.5
supermat,supermat,Probe,100,platt_fit,96,0.7688707263866412,-2.3784589715799376,0.4,0.5
supermat,supermat,Probe,100,platt_fit,97,1.2523070808833814,-4.607850722575936,0.28,0.5
supermat,supermat,Probe,100,platt_fit,98,1.2899197847428205,-4.5556745863522785,0.24,0.5
supermat,supermat,Probe,100,platt_fit,99,0.8620044639249331,-2.8312465603969788,0.46,0.5
supermat,supermat,NTP,100,platt_fit,0,0.2618280540687345,-1.4774406334525954,0.26,0.5
supermat,supermat,NTP,100,platt_fit,1,0.42030283113484224,-1.6940884362154658,0.26,0.5
supermat,supermat,NTP,100,platt_fit,2,0.1543064427316805,-0.8020360803422615,0.39,0.5
supermat,supermat,NTP,100,platt_fit,3,0.28068297444590457,-1.2266239774986745,0.35,0.5
supermat,supermat,NTP,100,platt_fit,4,0.16526890939201186,-0.8901276746510919,0.36,0.5
supermat,supermat,NTP,100,platt_fit,5,0.22164561546878442,-0.6763196506771965,0.42,0.5
supermat,supermat,NTP,100,platt_fit,6,0.2679577531560533,-1.6916163850797017,0.25,0.5
supermat,supermat,NTP,100,platt_fit,7,0.155903514299022,-0.8011005442903811,0.38,0.5
supermat,supermat,NTP,100,platt_fit,8,0.21755442061715644,-1.3611191884495888,0.24,0.5
supermat,supermat,NTP,100,platt_fit,9,0.25165073721900066,-1.0263894451783382,0.4,0.5
supermat,supermat,NTP,100,platt_fit,10,0.12133356322246062,-1.0703190129047813,0.34,0.5
supermat,supermat,NTP,100,platt_fit,11,0.7354889614472939,-0.6576767972920706,0.44,0.5
supermat,supermat,NTP,100,platt_fit,12,0.29952029099209404,-1.185187393867598,0.32,0.5
supermat,supermat,NTP,100,platt_fit,13,0.165458425584539,-0.5428734017749658,0.46,0.5
supermat,supermat,NTP,100,platt_fit,14,0.2952034328523944,-1.6781829521026956,0.31,0.5
supermat,supermat,NTP,100,platt_fit,15,0.2462846088232802,-0.39554995113878405,0.53,0.5
supermat,supermat,NTP,100,platt_fit,16,0.3028691307561451,-1.5874755173150907,0.29,0.5
supermat,supermat,NTP,100,platt_fit,17,0.2949843405770069,-1.708657004185869,0.23,0.5
supermat,supermat,NTP,100,platt_fit,18,0.293356204642128,-1.5954162477099207,0.29,0.5
supermat,supermat,NTP,100,platt_fit,19,0.2639620644215646,-1.1275885821071978,0.38,0.5
supermat,supermat,NTP,100,platt_fit,20,0.20982160696057955,-1.343992730524677,0.34,0.5
supermat,supermat,NTP,100,platt_fit,21,0.46840281014840374,-1.282602004776641,0.3,0.5
supermat,supermat,NTP,100,platt_fit,22,0.4419637541328635,-2.3264562078818756,0.24,0.5
supermat,supermat,NTP,100,platt_fit,23,0.2762338722650891,-0.9677701139403349,0.34,0.5
supermat,supermat,NTP,100,platt_fit,24,0.23557551796173834,-1.202222768007604,0.34,0.5
supermat,supermat,NTP,100,platt_fit,25,0.7735670709282524,-1.0054408231718799,0.39,0.5
supermat,supermat,NTP,100,platt_fit,26,0.36116202150631965,-0.9878670577255623,0.33,0.5
supermat,supermat,NTP,100,platt_fit,27,0.34554286208150375,-0.804794510234938,0.46,0.5
supermat,supermat,NTP,100,platt_fit,28,0.22108399431140272,-0.6569481015603159,0.43,0.5
supermat,supermat,NTP,100,platt_fit,29,0.4418466408301513,-1.613202869534756,0.26,0.5
supermat,supermat,NTP,100,platt_fit,30,0.21273523373088976,-1.0559450528070815,0.36,0.5
supermat,supermat,NTP,100,platt_fit,31,0.17143129302294632,-0.92991079381982,0.35,0.5
supermat,supermat,NTP,100,platt_fit,32,3.403521245146279,-0.37498828000084644,0.28,0.5
supermat,supermat,NTP,100,platt_fit,33,0.195274019940357,-0.8184291575102972,0.43,0.5
supermat,supermat,NTP,100,platt_fit,34,0.33377926319663975,-1.3210381080533578,0.36,0.5
supermat,supermat,NTP,100,platt_fit,35,0.2138855042374016,-1.3534651486163158,0.4,0.5
supermat,supermat,NTP,100,platt_fit,36,0.22946563537006048,-1.5964870828664712,0.22,0.5
supermat,supermat,NTP,100,platt_fit,37,0.2336188946969828,-0.9247392544956413,0.4,0.5
supermat,supermat,NTP,100,platt_fit,38,0.23579121683677304,-1.9288303116563,0.24,0.5
supermat,supermat,NTP,100,platt_fit,39,0.2746318630967762,-1.361515017669026,0.35,0.5
supermat,supermat,NTP,100,platt_fit,40,0.2663479236589756,-1.2902234169281335,0.35,0.5
supermat,supermat,NTP,100,platt_fit,41,0.7548657212348477,-0.7711123208257995,0.42,0.5
supermat,supermat,NTP,100,platt_fit,42,0.4442966941624835,-1.202268668809096,0.3,0.5
supermat,supermat,NTP,100,platt_fit,43,0.22451593539803794,-0.9943149183174009,0.38,0.5
supermat,supermat,NTP,100,platt_fit,44,0.24629184443002955,-0.6480072155754263,0.45,0.5
supermat,supermat,NTP,100,platt_fit,45,0.38426756016431607,-1.9773957147639216,0.23,0.5
supermat,supermat,NTP,100,platt_fit,46,0.25184244572020464,-1.4813214530481291,0.26,0.5
supermat,supermat,NTP,100,platt_fit,47,0.18078942281113072,-0.6922748525727159,0.41,0.5
supermat,supermat,NTP,100,platt_fit,48,0.2563416215481503,-1.43756778111416,0.35,0.5
supermat,supermat,NTP,100,platt_fit,49,0.40292028975900734,-1.2929799162061615,0.29,0.5
supermat,supermat,NTP,100,platt_fit,50,0.49933910857405833,-2.0153703787753243,0.26,0.5
supermat,supermat,NTP,100,platt_fit,51,0.4469781716295081,-1.7197882960103577,0.25,0.5
supermat,supermat,NTP,100,platt_fit,52,0.30223384644539436,-1.6589779861909906,0.24,0.5
supermat,supermat,NTP,100,platt_fit,53,0.6080923348761533,-1.6665211973254697,0.24,0.5
supermat,supermat,NTP,100,platt_fit,54,0.3509305340527401,-1.3770804761823068,0.45,0.5
supermat,supermat,NTP,100,platt_fit,55,0.380503971506226,-1.240291176835796,0.37,0.5
supermat,supermat,NTP,100,platt_fit,56,0.23177318658802556,-1.7520904213669792,0.27,0.5
supermat,supermat,NTP,100,platt_fit,57,0.2287683013336385,-1.631336732927321,0.25,0.5
supermat,supermat,NTP,100,platt_fit,58,0.3468947103530568,-1.4906102374205084,0.3,0.5
supermat,supermat,NTP,100,platt_fit,59,0.26173671591829006,-1.391749990371683,0.29,0.5
supermat,supermat,NTP,100,platt_fit,60,0.19347235480884972,-0.9136148565296619,0.37,0.5
supermat,supermat,NTP,100,platt_fit,61,0.40278343378309944,-1.4003091303323458,0.34,0.5
supermat,supermat,NTP,100,platt_fit,62,0.23904108708354826,-1.3915966192334601,0.32,0.5
supermat,supermat,NTP,100,platt_fit,63,0.30549178789822384,-0.6487890065065999,0.48,0.5
supermat,supermat,NTP,100,platt_fit,64,0.18916655846063452,-1.1116117882782126,0.33,0.5
supermat,supermat,NTP,100,platt_fit,65,0.45381664777944725,-0.5204760367459956,0.56,0.5
supermat,supermat,NTP,100,platt_fit,66,0.30949337366078106,-1.546354859569413,0.23,0.5
supermat,supermat,NTP,100,platt_fit,67,0.3460478979400399,-1.3910730250546093,0.34,0.5
supermat,supermat,NTP,100,platt_fit,68,0.21494789898492234,-1.8614480740264776,0.22,0.5
supermat,supermat,NTP,100,platt_fit,69,0.18516096701647944,-1.3381309763814568,0.26,0.5
supermat,supermat,NTP,100,platt_fit,70,0.24989093397845935,-2.1386367143961764,0.17,0.5
supermat,supermat,NTP,100,platt_fit,71,0.2570663923362329,-0.9703842095161841,0.46,0.5
supermat,supermat,NTP,100,platt_fit,72,0.26362267746078755,-0.6259361090714769,0.48,0.5
supermat,supermat,NTP,100,platt_fit,73,0.2975412298950181,-1.5968153769163878,0.33,0.5
supermat,supermat,NTP,100,platt_fit,74,0.21516361993946523,-1.3335300405768025,0.35,0.5
supermat,supermat,NTP,100,platt_fit,75,0.36941133114619007,-2.2312544487812906,0.2,0.5
supermat,supermat,NTP,100,platt_fit,76,0.31017095006930834,-1.8694703162995308,0.31,0.5
supermat,supermat,NTP,100,platt_fit,77,0.23824973179804138,-1.2445936161000897,0.31,0.5
supermat,supermat,NTP,100,platt_fit,78,0.3436670507683226,-1.5546161579702225,0.32,0.5
supermat,supermat,NTP,100,platt_fit,79,0.2671784745443071,-1.3041644236627064,0.32,0.5
supermat,supermat,NTP,100,platt_fit,80,0.2540800401059385,-1.0815398231311126,0.34,0.5
supermat,supermat,NTP,100,platt_fit,81,0.2992517370882607,-1.2598165767922966,0.34,0.5
supermat,supermat,NTP,100,platt_fit,82,0.19042224598931057,-1.2512699466577084,0.33,0.5
supermat,supermat,NTP,100,platt_fit,83,0.2346361466058563,-0.8997109197371865,0.42,0.5
supermat,supermat,NTP,100,platt_fit,84,0.35196207759871256,-1.3239973708140407,0.38,0.5
supermat,supermat,NTP,100,platt_fit,85,0.25738247014535903,-1.2296303754153608,0.36,0.5
supermat,supermat,NTP,100,platt_fit,86,0.21542805024154513,-1.2863959163384289,0.29,0.5
supermat,supermat,NTP,100,platt_fit,87,0.23420122995372183,-1.1568484173275644,0.37,0.5
supermat,supermat,NTP,100,platt_fit,88,0.20964182346952537,-0.40566283906027467,0.49,0.5
supermat,supermat,NTP,100,platt_fit,89,0.21859169709155987,-0.44905422693228464,0.54,0.5
supermat,supermat,NTP,100,platt_fit,90,0.17095609828057495,-1.2720578548019892,0.27,0.5
supermat,supermat,NTP,100,platt_fit,91,0.3311015592787772,-1.2800060881641053,0.4,0.5
supermat,supermat,NTP,100,platt_fit,92,0.3358271868104246,-1.1325418561467906,0.42,0.5
supermat,supermat,NTP,100,platt_fit,93,0.25619832739063675,-1.3459712745865142,0.29,0.5
supermat,supermat,NTP,100,platt_fit,94,0.21040532566540462,-0.9760390120414533,0.34,0.5
supermat,supermat,NTP,100,platt_fit,95,0.2883549921692438,-1.539816047319862,0.28,0.5
supermat,supermat,NTP,100,platt_fit,96,0.14183132824621889,-0.5868161776551835,0.4,0.5
supermat,supermat,NTP,100,platt_fit,97,0.24478191681864137,-1.524263247129856,0.28,0.5
supermat,supermat,NTP,100,platt_fit,98,0.15349869919230338,-1.3445208164341431,0.24,0.5
supermat,supermat,NTP,100,platt_fit,99,0.23007373148239454,-0.7113336004373675,0.46,0.5
supermat,supermat,Probe,250,platt_fit,0,1.748930241638532,-5.814533127296593,0.228,0.5
supermat,supermat,Probe,250,platt_fit,1,0.9420864849933853,-3.5216998875415917,0.24,0.5
supermat,supermat,Probe,250,platt_fit,2,0.802771655218452,-2.831073455042473,0.36,0.5
supermat,supermat,Probe,250,platt_fit,3,0.6663150753235647,-1.9302873665534555,0.46,0.5
supermat,supermat,Probe,250,platt_fit,4,1.1024532256526505,-4.075030313008661,0.328,0.5
supermat,supermat,Probe,250,platt_fit,5,0.8430759907144585,-2.805058831726316,0.38,0.5
supermat,supermat,Probe,250,platt_fit,6,1.4369676156868416,-4.858620786437519,0.3,0.5
supermat,supermat,Probe,250,platt_fit,7,0.6674204773767392,-2.4400933527376725,0.392,0.5
supermat,supermat,Probe,250,platt_fit,8,0.7694264389929075,-3.207402046180317,0.264,0.5
supermat,supermat,Probe,250,platt_fit,9,0.6973211298000271,-2.229926119961465,0.384,0.5
supermat,supermat,Probe,250,platt_fit,10,0.9609572570604757,-3.6460961152540747,0.24,0.5
supermat,supermat,Probe,250,platt_fit,11,0.9677991592853847,-2.9399633401970044,0.444,0.5
supermat,supermat,Probe,250,platt_fit,12,1.324688698956235,-4.490821971635985,0.34,0.5
supermat,supermat,Probe,250,platt_fit,13,0.7790254427813709,-3.1787863447114946,0.356,0.5
supermat,supermat,Probe,250,platt_fit,14,0.9187468977631916,-3.6636246018535084,0.28,0.5
supermat,supermat,Probe,250,platt_fit,15,1.1013928665933603,-3.4079607384497472,0.504,0.5
supermat,supermat,Probe,250,platt_fit,16,0.8611798711763153,-2.945548228591389,0.356,0.5
supermat,supermat,Probe,250,platt_fit,17,0.9220088121289108,-3.452654484815835,0.28,0.5
supermat,supermat,Probe,250,platt_fit,18,0.7412849232232446,-2.9821404584640283,0.292,0.5
supermat,supermat,Probe,250,platt_fit,19,0.7540551158154616,-2.9630071485718483,0.356,0.5
supermat,supermat,Probe,250,platt_fit,20,0.9914088516433116,-3.6452830957000817,0.364,0.5
supermat,supermat,Probe,250,platt_fit,21,0.7778140694742132,-3.251805406723998,0.256,0.5
supermat,supermat,Probe,250,platt_fit,22,1.1838386925322408,-4.018752449130166,0.312,0.5
supermat,supermat,Probe,250,platt_fit,23,0.986782886813198,-3.689702262793022,0.296,0.5
supermat,supermat,Probe,250,platt_fit,24,0.812659595084976,-2.753852170185227,0.368,0.5
supermat,supermat,Probe,250,platt_fit,25,0.7835139195341642,-2.5625227519770464,0.416,0.5
supermat,supermat,Probe,250,platt_fit,26,0.8966494429350332,-3.153288788253863,0.292,0.5
supermat,supermat,Probe,250,platt_fit,27,0.8288830990182647,-2.568432633500499,0.424,0.5
supermat,supermat,Probe,250,platt_fit,28,1.0782874091730468,-3.883176628582916,0.34,0.5
supermat,supermat,Probe,250,platt_fit,29,1.2798322091565688,-4.257442386858977,0.28,0.5
supermat,supermat,Probe,250,platt_fit,30,1.0019207536124966,-3.1649958034034924,0.4,0.5
supermat,supermat,Probe,250,platt_fit,31,0.916391649074362,-3.1493771349842,0.384,0.5
supermat,supermat,Probe,250,platt_fit,32,0.8320726098810205,-3.3513288057649544,0.26,0.5
supermat,supermat,Probe,250,platt_fit,33,0.8416258636229442,-3.2056961726684396,0.432,0.5
supermat,supermat,Probe,250,platt_fit,34,0.6191066431651905,-2.0487380469376615,0.392,0.5
supermat,supermat,Probe,250,platt_fit,35,0.7940847034814451,-3.2147135546615444,0.42,0.5
supermat,supermat,Probe,250,platt_fit,36,1.0854905099961631,-4.216534274319744,0.256,0.5
supermat,supermat,Probe,250,platt_fit,37,0.7239089000461261,-2.544511277728869,0.324,0.5
supermat,supermat,Probe,250,platt_fit,38,1.3439020210713912,-4.639958975755726,0.252,0.5
supermat,supermat,Probe,250,platt_fit,39,0.8117647693367844,-3.0162789630147113,0.344,0.5
supermat,supermat,Probe,250,platt_fit,40,0.9466337855589967,-3.267289030739896,0.388,0.5
supermat,supermat,Probe,250,platt_fit,41,0.7043645689687363,-2.2889194125029677,0.468,0.5
supermat,supermat,Probe,250,platt_fit,42,0.9482655590578405,-3.63382483341662,0.272,0.5
supermat,supermat,Probe,250,platt_fit,43,1.2457301808385772,-4.0521191947103326,0.324,0.5
supermat,supermat,Probe,250,platt_fit,44,0.8431210976368324,-2.845260990829175,0.488,0.5
supermat,supermat,Probe,250,platt_fit,45,0.767509847909747,-3.219285961849977,0.256,0.5
supermat,supermat,Probe,250,platt_fit,46,0.7779299473137545,-3.1455788060344663,0.284,0.5
supermat,supermat,Probe,250,platt_fit,47,0.9721689758737401,-3.2774640736398397,0.416,0.5
supermat,supermat,Probe,250,platt_fit,48,0.9443056057800094,-3.156359437097814,0.384,0.5
supermat,supermat,Probe,250,platt_fit,49,1.223726364799217,-4.347715327339944,0.272,0.5
supermat,supermat,Probe,250,platt_fit,50,1.1013723873931522,-3.9667914472330787,0.264,0.5
supermat,supermat,Probe,250,platt_fit,51,0.7973063925703957,-2.8588180490885065,0.372,0.5
supermat,supermat,Probe,250,platt_fit,52,1.117251747432646,-4.459000551852535,0.288,0.5
supermat,supermat,Probe,250,platt_fit,53,0.9265574396946402,-3.7468291384026573,0.18,0.5
supermat,supermat,Probe,250,platt_fit,54,0.6137393793658374,-2.436998172343218,0.372,0.5
supermat,supermat,Probe,250,platt_fit,55,0.9152319271632449,-3.0627115691227162,0.368,0.5
supermat,supermat,Probe,250,platt_fit,56,1.0574372548385764,-3.949470274420425,0.336,0.5
supermat,supermat,Probe,250,platt_fit,57,1.0136692798625238,-3.6867222393551415,0.296,0.5
supermat,supermat,Probe,250,platt_fit,58,1.6546070962260542,-5.773273116444982,0.268,0.5
supermat,supermat,Probe,250,platt_fit,59,1.2148672534765992,-4.193756376276574,0.288,0.5
supermat,supermat,Probe,250,platt_fit,60,0.9050158445180704,-3.598414643398106,0.264,0.5
supermat,supermat,Probe,250,platt_fit,61,1.057608790415993,-3.3700896378747895,0.332,0.5
supermat,supermat,Probe,250,platt_fit,62,0.8003765237133883,-2.944494184388202,0.352,0.5
supermat,supermat,Probe,250,platt_fit,63,0.661768676115224,-2.1786042807921002,0.424,0.5
supermat,supermat,Probe,250,platt_fit,64,1.2647228586268935,-4.715250245218318,0.316,0.5
supermat,supermat,Probe,250,platt_fit,65,0.5508427211961667,-1.642207259444789,0.508,0.5
supermat,supermat,Probe,250,platt_fit,66,0.9927718465063854,-3.445615938882416,0.316,0.5
supermat,supermat,Probe,250,platt_fit,67,0.6563394884195832,-2.2398931804570656,0.424,0.5
supermat,supermat,Probe,250,platt_fit,68,0.9291210503555937,-3.551504705648856,0.3,0.5
supermat,supermat,Probe,250,platt_fit,69,0.8281042048219841,-3.1862220614495205,0.236,0.5
supermat,supermat,Probe,250,platt_fit,70,1.0297502237127891,-3.897095598005251,0.208,0.5
supermat,supermat,Probe,250,platt_fit,71,0.6867201047073332,-2.342380977805495,0.496,0.5
supermat,supermat,Probe,250,platt_fit,72,0.6458476878097665,-1.9488843154159028,0.408,0.5
supermat,supermat,Probe,250,platt_fit,73,0.7209164267809612,-2.4475783624749425,0.476,0.5
supermat,supermat,Probe,250,platt_fit,74,0.9135288847529386,-3.2994269420549887,0.424,0.5
supermat,supermat,Probe,250,platt_fit,75,1.4010585491519447,-4.693253852046769,0.228,0.5
supermat,supermat,Probe,250,platt_fit,76,1.1526423349147292,-4.3644867743497935,0.324,0.5
supermat,supermat,Probe,250,platt_fit,77,1.1309658852778763,-4.021475064561835,0.268,0.5
supermat,supermat,Probe,250,platt_fit,78,1.1996422706686636,-4.644774197122255,0.272,0.5
supermat,supermat,Probe,250,platt_fit,79,0.8739578216347194,-3.1848168120718543,0.328,0.5
supermat,supermat,Probe,250,platt_fit,80,1.0687995565310366,-3.8654771537710295,0.328,0.5
supermat,supermat,Probe,250,platt_fit,81,0.601411060609636,-1.8482313756203395,0.492,0.5
supermat,supermat,Probe,250,platt_fit,82,0.7329009068217297,-3.034451301470431,0.34,0.5
supermat,supermat,Probe,250,platt_fit,83,0.7343712849247569,-2.4752789602097174,0.404,0.5
supermat,supermat,Probe,250,platt_fit,84,0.9580385026122058,-3.450227311538794,0.392,0.5
supermat,supermat,Probe,250,platt_fit,85,0.7176010320200348,-2.136753751405267,0.444,0.5
supermat,supermat,Probe,250,platt_fit,86,0.9860380251420193,-3.6308476645421486,0.284,0.5
supermat,supermat,Probe,250,platt_fit,87,0.8158174495239476,-2.743888062132214,0.424,0.5
supermat,supermat,Probe,250,platt_fit,88,1.0087656192824153,-3.374608158197253,0.38,0.5
supermat,supermat,Probe,250,platt_fit,89,0.8121136261127879,-2.7134349606305097,0.428,0.5
supermat,supermat,Probe,250,platt_fit,90,1.099919331811093,-4.079136426084314,0.292,0.5
supermat,supermat,Probe,250,platt_fit,91,1.1508086725005922,-4.165741199137891,0.396,0.5
supermat,supermat,Probe,250,platt_fit,92,1.0315002036896894,-3.8701311902927364,0.42,0.5
supermat,supermat,Probe,250,platt_fit,93,1.219010623789757,-4.20288982535893,0.336,0.5
supermat,supermat,Probe,250,platt_fit,94,0.8048357675580783,-2.7139808752204373,0.32,0.5
supermat,supermat,Probe,250,platt_fit,95,0.8623880303567418,-3.6582976792481188,0.252,0.5
supermat,supermat,Probe,250,platt_fit,96,0.5598396090967018,-1.9701096949181447,0.384,0.5
supermat,supermat,Probe,250,platt_fit,97,0.854460704780952,-3.0724138506461216,0.316,0.5
supermat,supermat,Probe,250,platt_fit,98,1.7129396287815573,-5.9485055771713755,0.22,0.5
supermat,supermat,Probe,250,platt_fit,99,0.6618316324744435,-2.022204405312375,0.508,0.5
supermat,supermat,NTP,250,platt_fit,0,0.2826760172105464,-1.6802768033523205,0.228,0.5
supermat,supermat,NTP,250,platt_fit,1,0.3459844289396933,-1.6770945737544307,0.24,0.5
supermat,supermat,NTP,250,platt_fit,2,0.30521313419389134,-1.2164586829366544,0.36,0.5
supermat,supermat,NTP,250,platt_fit,3,0.2807078568699596,-0.6133714716334691,0.46,0.5
supermat,supermat,NTP,250,platt_fit,4,0.2681992390635365,-1.2997751916136517,0.328,0.5
supermat,supermat,NTP,250,platt_fit,5,0.19136879077365804,-0.9455315912672185,0.38,0.5
supermat,supermat,NTP,250,platt_fit,6,0.2910268004701417,-1.387068776122591,0.3,0.5
supermat,supermat,NTP,250,platt_fit,7,0.19980047571671913,-0.8744044265033665,0.392,0.5
supermat,supermat,NTP,250,platt_fit,8,0.2338624970794521,-1.467412762419358,0.264,0.5
supermat,supermat,NTP,250,platt_fit,9,0.25961218606016867,-0.8908205783453151,0.384,0.5
supermat,supermat,NTP,250,platt_fit,10,0.3079627050474996,-1.6360844826617393,0.24,0.5
supermat,supermat,NTP,250,platt_fit,11,0.30597644681887454,-0.8025137208431073,0.444,0.5
supermat,supermat,NTP,250,platt_fit,12,0.2232800223274136,-1.1813111225629294,0.34,0.5
supermat,supermat,NTP,250,platt_fit,13,0.2923822792523558,-1.5269243680980928,0.356,0.5
supermat,supermat,NTP,250,platt_fit,14,0.2526643316135445,-1.605411720023721,0.28,0.5
supermat,supermat,NTP,250,platt_fit,15,0.25884753662354015,-0.5712019104783357,0.504,0.5
supermat,supermat,NTP,250,platt_fit,16,0.2945329355346104,-1.0522169230861573,0.356,0.5
supermat,supermat,NTP,250,platt_fit,17,0.27565657761798773,-1.5542298706150073,0.28,0.5
supermat,supermat,NTP,250,platt_fit,18,0.2854139119481528,-1.5010266745295258,0.292,0.5
supermat,supermat,NTP,250,platt_fit,19,0.2846114360261434,-1.4594537857584267,0.356,0.5
supermat,supermat,NTP,250,platt_fit,20,0.2586001937361325,-1.3145267305906683,0.364,0.5
supermat,supermat,NTP,250,platt_fit,21,0.20123144073805058,-1.4818223621987097,0.256,0.5
supermat,supermat,NTP,250,platt_fit,22,0.32406856469366613,-1.6370011056299065,0.312,0.5
supermat,supermat,NTP,250,platt_fit,23,0.24700748060669214,-1.354421823922019,0.296,0.5
supermat,supermat,NTP,250,platt_fit,24,0.37756013198404975,-1.0490760948183184,0.368,0.5
supermat,supermat,NTP,250,platt_fit,25,0.31670447204024704,-1.033726838715674,0.416,0.5
supermat,supermat,NTP,250,platt_fit,26,0.22259666314048218,-1.2722677709030399,0.292,0.5
supermat,supermat,NTP,250,platt_fit,27,0.26129021081691856,-0.9757676895741799,0.424,0.5
supermat,supermat,NTP,250,platt_fit,28,0.26577424786601245,-1.1281679026136462,0.34,0.5
supermat,supermat,NTP,250,platt_fit,29,0.26352434122753843,-1.528106301117687,0.28,0.5
supermat,supermat,NTP,250,platt_fit,30,0.20536250596052524,-0.8713800781782454,0.4,0.5
supermat,supermat,NTP,250,platt_fit,31,0.2719334201155591,-0.9980992541850122,0.384,0.5
supermat,supermat,NTP,250,platt_fit,32,0.3229898126063086,-1.744121151254957,0.26,0.5
supermat,supermat,NTP,250,platt_fit,33,0.2219234935565029,-1.0585965796463557,0.432,0.5
supermat,supermat,NTP,250,platt_fit,34,0.2888304256446674,-0.8887656651521563,0.392,0.5
supermat,supermat,NTP,250,platt_fit,35,0.2847372892850035,-1.1406088077516097,0.42,0.5
supermat,supermat,NTP,250,platt_fit,36,0.22355780874942327,-1.5192856029933446,0.256,0.5
supermat,supermat,NTP,250,platt_fit,37,0.24061942429530903,-1.3081071838309581,0.324,0.5
supermat,supermat,NTP,250,platt_fit,38,0.30351567324075895,-1.7424569291297998,0.252,0.5
supermat,supermat,NTP,250,platt_fit,39,0.29399003498548015,-1.29474096984808,0.344,0.5
supermat,supermat,NTP,250,platt_fit,40,0.2028319039625407,-0.8796758405445456,0.388,0.5
supermat,supermat,NTP,250,platt_fit,41,0.26689138400014256,-0.6700792971381997,0.468,0.5
supermat,supermat,NTP,250,platt_fit,42,0.2494478530700995,-1.4829854681516745,0.272,0.5
supermat,supermat,NTP,250,platt_fit,43,0.28511408444217157,-1.4024201349920689,0.324,0.5
supermat,supermat,NTP,250,platt_fit,44,0.2621706774936991,-0.6756322347789526,0.488,0.5
supermat,supermat,NTP,250,platt_fit,45,0.366095832948987,-1.9893057222660795,0.256,0.5
supermat,supermat,NTP,250,platt_fit,46,0.1892913731248693,-1.3228799878700963,0.284,0.5
supermat,supermat,NTP,250,platt_fit,47,0.2634628063451466,-0.8873009349256802,0.416,0.5
supermat,supermat,NTP,250,platt_fit,48,0.24044255717372062,-1.046502003955141,0.384,0.5
supermat,supermat,NTP,250,platt_fit,49,0.28209527030186415,-1.4924203203295587,0.272,0.5
supermat,supermat,NTP,250,platt_fit,50,0.2599066442555046,-1.625759242421198,0.264,0.5
supermat,supermat,NTP,250,platt_fit,51,0.22592113707874986,-1.0237947507621976,0.372,0.5
supermat,supermat,NTP,250,platt_fit,52,0.3404631503257761,-1.8750779164797642,0.288,0.5
supermat,supermat,NTP,250,platt_fit,53,0.36959740436593225,-1.9845074395680784,0.18,0.5
supermat,supermat,NTP,250,platt_fit,54,0.27135642808452715,-1.3287335468225323,0.372,0.5
supermat,supermat,NTP,250,platt_fit,55,0.3142864384560297,-1.0859298255251553,0.368,0.5
supermat,supermat,NTP,250,platt_fit,56,0.29509324955517013,-1.3520603884431213,0.336,0.5
supermat,supermat,NTP,250,platt_fit,57,0.27344603082161417,-1.5711053707654938,0.296,0.5
supermat,supermat,NTP,250,platt_fit,58,0.2733976109980185,-1.6962213962802861,0.268,0.5
supermat,supermat,NTP,250,platt_fit,59,0.27828472346268257,-1.4021115626518863,0.288,0.5
supermat,supermat,NTP,250,platt_fit,60,0.22269931175915442,-1.5759955080327424,0.264,0.5
supermat,supermat,NTP,250,platt_fit,61,0.2839547634858672,-1.244905863357809,0.332,0.5
supermat,supermat,NTP,250,platt_fit,62,0.32042431722160364,-1.392166060925858,0.352,0.5
supermat,supermat,NTP,250,platt_fit,63,0.2029724033581716,-0.7260305132114652,0.424,0.5
supermat,supermat,NTP,250,platt_fit,64,0.284348589147956,-1.1681114811706015,0.316,0.5
supermat,supermat,NTP,250,platt_fit,65,0.4103426465550667,-0.6242750332031438,0.508,0.5
supermat,supermat,NTP,250,platt_fit,66,0.20639450191649653,-1.202415024354123,0.316,0.5
supermat,supermat,NTP,250,platt_fit,67,0.18556122802921166,-0.7489923652961047,0.424,0.5
supermat,supermat,NTP,250,platt_fit,68,0.22321752294146233,-1.334083455686534,0.3,0.5
supermat,supermat,NTP,250,platt_fit,69,0.21594063819322562,-1.4773714543570968,0.236,0.5
supermat,supermat,NTP,250,platt_fit,70,0.30005356359653856,-1.9194453807272178,0.208,0.5
supermat,supermat,NTP,250,platt_fit,71,0.3056321112710703,-0.6574312868785298,0.496,0.5
supermat,supermat,NTP,250,platt_fit,72,0.3361536132209372,-0.794839434135522,0.408,0.5
supermat,supermat,NTP,250,platt_fit,73,0.2553290545943239,-0.7475568031957796,0.476,0.5
supermat,supermat,NTP,250,platt_fit,74,0.2129479247291816,-0.8691914225073869,0.424,0.5
supermat,supermat,NTP,250,platt_fit,75,0.323098039018177,-1.6332521990716893,0.228,0.5
supermat,supermat,NTP,250,platt_fit,76,0.2830777819720663,-1.4408590681958349,0.324,0.5
supermat,supermat,NTP,250,platt_fit,77,0.2641636619953926,-1.4738334049966355,0.268,0.5
supermat,supermat,NTP,250,platt_fit,78,0.3672370584478599,-2.0762507483334347,0.272,0.5
supermat,supermat,NTP,250,platt_fit,79,0.2946596696847816,-1.465449400241423,0.328,0.5
supermat,supermat,NTP,250,platt_fit,80,0.29079636323386615,-1.1814162924788965,0.328,0.5
supermat,supermat,NTP,250,platt_fit,81,0.31392855778175055,-0.5981941707836597,0.492,0.5
supermat,supermat,NTP,250,platt_fit,82,0.2537194003121594,-1.265524444127414,0.34,0.5
supermat,supermat,NTP,250,platt_fit,83,0.1963465973277878,-0.9057083762686196,0.404,0.5
supermat,supermat,NTP,250,platt_fit,84,0.3167520800304392,-1.3543818540386385,0.392,0.5
supermat,supermat,NTP,250,platt_fit,85,0.22033727733945394,-0.6753500904157413,0.444,0.5
supermat,supermat,NTP,250,platt_fit,86,0.188263248233438,-1.3192200230071127,0.284,0.5
supermat,supermat,NTP,250,platt_fit,87,0.263447761233252,-0.9121740070132652,0.424,0.5
supermat,supermat,NTP,250,platt_fit,88,0.2254639872283841,-1.00759013910472,0.38,0.5
supermat,supermat,NTP,250,platt_fit,89,0.24980743446442719,-0.8651392401058672,0.428,0.5
supermat,supermat,NTP,250,platt_fit,90,0.29874345579059164,-1.352381863796075,0.292,0.5
supermat,supermat,NTP,250,platt_fit,91,0.3291079229030658,-1.1015787330674809,0.396,0.5
supermat,supermat,NTP,250,platt_fit,92,1.5965540432417862,-1.1169595583181389,0.42,0.5
supermat,supermat,NTP,250,platt_fit,93,0.208384058483652,-1.1995977028829146,0.336,0.5
supermat,supermat,NTP,250,platt_fit,94,0.279842664868402,-1.2607176306185868,0.32,0.5
supermat,supermat,NTP,250,platt_fit,95,0.3003106941567936,-1.740016311602641,0.252,0.5
supermat,supermat,NTP,250,platt_fit,96,0.21162270311380108,-0.9040133200906014,0.384,0.5
supermat,supermat,NTP,250,platt_fit,97,0.36983653493526447,-1.127860358198601,0.316,0.5
supermat,supermat,NTP,250,platt_fit,98,0.24320995587196778,-1.9104732281641992,0.22,0.5
supermat,supermat,NTP,250,platt_fit,99,0.24093742293490536,-0.6382085362990206,0.508,0.5
supermat,supermat,Probe,500,platt_fit,0,1.1404879909299706,-4.4121062555424775,0.204,0.5
supermat,supermat,Probe,500,platt_fit,1,0.8792724029930088,-3.3996849974770735,0.236,0.5
supermat,supermat,Probe,500,platt_fit,2,0.7048790357489472,-2.676944496910026,0.326,0.5
supermat,supermat,Probe,500,platt_fit,3,0.8448890678222255,-2.8941656995882776,0.368,0.5
supermat,supermat,Probe,500,platt_fit,4,0.8722816580640327,-3.3353832640184873,0.334,0.5
supermat,supermat,Probe,500,platt_fit,5,1.0214395167803556,-3.50607737713283,0.342,0.5
supermat,supermat,Probe,500,platt_fit,6,1.2543432239812455,-4.463079877426953,0.254,0.5
supermat,supermat,Probe,500,platt_fit,7,0.8282077862924713,-3.0117586711028497,0.366,0.5
supermat,supermat,Probe,500,platt_fit,8,0.9272622524478265,-3.550519125097561,0.246,0.5
supermat,supermat,Probe,500,platt_fit,9,0.7988900210107065,-2.8526459266329307,0.364,0.5
supermat,supermat,Probe,500,platt_fit,10,0.9231004228588631,-3.56428066392993,0.242,0.5
supermat,supermat,Probe,500,platt_fit,11,1.0126568929458553,-3.4166562282246864,0.404,0.5
supermat,supermat,Probe,500,platt_fit,12,1.0043864064059278,-3.052700465410426,0.41,0.5
supermat,supermat,Probe,500,platt_fit,13,0.7181711976835514,-2.8743798906931617,0.372,0.5
supermat,supermat,Probe,500,platt_fit,14,1.0825899639778072,-4.10381286639757,0.262,0.5
supermat,supermat,Probe,500,platt_fit,15,1.397300168402614,-4.374768273246392,0.52,0.5
supermat,supermat,Probe,500,platt_fit,16,1.078334447764638,-3.66214116527885,0.342,0.5
supermat,supermat,Probe,500,platt_fit,17,0.9044767731760853,-3.4896097783660065,0.28,0.5
supermat,supermat,Probe,500,platt_fit,18,0.7270918079769426,-2.751281388378554,0.324,0.5
supermat,supermat,Probe,500,platt_fit,19,0.7070889546845169,-2.5037504561505095,0.406,0.5
supermat,supermat,Probe,500,platt_fit,20,0.7333339070649605,-2.6770403094557707,0.388,0.5
supermat,supermat,Probe,500,platt_fit,21,0.9100457792893883,-3.4721621469360553,0.286,0.5
supermat,supermat,Probe,500,platt_fit,22,1.0730512722232994,-4.204705143425547,0.226,0.5
supermat,supermat,Probe,500,platt_fit,23,1.1158271895314997,-3.877681313315334,0.344,0.5
supermat,supermat,Probe,500,platt_fit,24,0.8311513941200455,-3.083655546949297,0.33,0.5
supermat,supermat,Probe,500,platt_fit,25,0.9341269286597765,-3.0165214230723962,0.402,0.5
supermat,supermat,Probe,500,platt_fit,26,0.6829321628029139,-2.4483902082878113,0.34,0.5
supermat,supermat,Probe,500,platt_fit,27,0.7272619475468999,-2.2825451594990627,0.426,0.5
supermat,supermat,Probe,500,platt_fit,28,1.0959186023171217,-3.87520634398253,0.378,0.5
supermat,supermat,Probe,500,platt_fit,29,1.1591955262320508,-4.193311469609141,0.238,0.5
supermat,supermat,Probe,500,platt_fit,30,1.2275767232228452,-4.037273888925557,0.328,0.5
supermat,supermat,Probe,500,platt_fit,31,0.7922024162834629,-3.0017930100262853,0.32,0.5
supermat,supermat,Probe,500,platt_fit,32,0.9235314650485056,-3.242919025278815,0.298,0.5
supermat,supermat,Probe,500,platt_fit,33,0.826116155591662,-3.0674124928556985,0.428,0.5
supermat,supermat,Probe,500,platt_fit,34,0.594428010040818,-2.1322659207199637,0.37,0.5
supermat,supermat,Probe,500,platt_fit,35,0.7006501133234655,-2.8902627445800153,0.402,0.5
supermat,supermat,Probe,500,platt_fit,36,1.0122648017118545,-3.602714904005316,0.27,0.5
supermat,supermat,Probe,500,platt_fit,37,0.9533181420248574,-3.2347886213220294,0.334,0.5
supermat,supermat,Probe,500,platt_fit,38,1.3342125212384726,-5.014028273795182,0.2,0.5
supermat,supermat,Probe,500,platt_fit,39,0.8839272455496782,-3.188262359276093,0.342,0.5
supermat,supermat,Probe,500,platt_fit,40,0.8556850507015086,-3.0003673590356903,0.374,0.5
supermat,supermat,Probe,500,platt_fit,41,0.8056101926244137,-2.5886618030936686,0.478,0.5
supermat,supermat,Probe,500,platt_fit,42,0.9522129852642794,-3.46373450723723,0.298,0.5
supermat,supermat,Probe,500,platt_fit,43,1.0301713330366564,-3.6781074042346042,0.28,0.5
supermat,supermat,Probe,500,platt_fit,44,0.8287119429086056,-2.881773518954271,0.442,0.5
supermat,supermat,Probe,500,platt_fit,45,0.7837409081259283,-3.364770834950724,0.248,0.5
supermat,supermat,Probe,500,platt_fit,46,0.9541325222563982,-3.7986054089598094,0.266,0.5
supermat,supermat,Probe,500,platt_fit,47,0.6636593271678232,-2.0993926443165494,0.458,0.5
supermat,supermat,Probe,500,platt_fit,48,0.7188699801009951,-2.6804312264804993,0.364,0.5
supermat,supermat,Probe,500,platt_fit,49,0.9205626117419639,-3.3131288072032303,0.292,0.5
supermat,supermat,Probe,500,platt_fit,50,0.8618249434280898,-3.5282564795787232,0.252,0.5
supermat,supermat,Probe,500,platt_fit,51,0.6870133333815749,-2.56347086710263,0.354,0.5
supermat,supermat,Probe,500,platt_fit,52,1.0320778891383535,-4.2246019406738045,0.288,0.5
supermat,supermat,Probe,500,platt_fit,53,1.117174374889118,-3.9586452167748276,0.25,0.5
supermat,supermat,Probe,500,platt_fit,54,0.6704487935477869,-2.582807315511964,0.406,0.5
supermat,supermat,Probe,500,platt_fit,55,0.7911923680457775,-3.006065855280632,0.314,0.5
supermat,supermat,Probe,500,platt_fit,56,1.0400673489333836,-3.84362365666187,0.308,0.5
supermat,supermat,Probe,500,platt_fit,57,1.0201857755316024,-3.8941195226242953,0.266,0.5
supermat,supermat,Probe,500,platt_fit,58,1.2018882493108263,-3.975602958979832,0.316,0.5
supermat,supermat,Probe,500,platt_fit,59,1.1557852455223998,-4.068911392752777,0.294,0.5
supermat,supermat,Probe,500,platt_fit,60,1.0010637317591968,-3.875249486176476,0.25,0.5
supermat,supermat,Probe,500,platt_fit,61,1.1472437606968093,-3.8263452317822466,0.324,0.5
supermat,supermat,Probe,500,platt_fit,62,0.8694687345605677,-3.4115163485209976,0.32,0.5
supermat,supermat,Probe,500,platt_fit,63,0.7135166658192683,-2.2672577791906723,0.44,0.5
supermat,supermat,Probe,500,platt_fit,64,0.915962413737701,-3.2988124950690114,0.362,0.5
supermat,supermat,Probe,500,platt_fit,65,0.6483931871423584,-2.0944236708158144,0.486,0.5
supermat,supermat,Probe,500,platt_fit,66,0.8184639512617523,-2.916833023994804,0.302,0.5
supermat,supermat,Probe,500,platt_fit,67,0.5678794909183592,-2.0672681674110955,0.434,0.5
supermat,supermat,Probe,500,platt_fit,68,0.9359106608795795,-3.91978012702251,0.292,0.5
supermat,supermat,Probe,500,platt_fit,69,0.902489879772597,-3.348544928583459,0.25,0.5
supermat,supermat,Probe,500,platt_fit,70,1.1732953846291194,-4.144169374704238,0.222,0.5
supermat,supermat,Probe,500,platt_fit,71,0.6666477419874198,-2.276137153679953,0.518,0.5
supermat,supermat,Probe,500,platt_fit,72,0.6787065884150972,-2.1984047801804643,0.372,0.5
supermat,supermat,Probe,500,platt_fit,73,0.7919191474563994,-2.7005762073692905,0.468,0.5
supermat,supermat,Probe,500,platt_fit,74,0.7362711377590774,-3.207598938363894,0.312,0.5
supermat,supermat,Probe,500,platt_fit,75,1.0944138190553012,-3.965877050334338,0.212,0.5
supermat,supermat,Probe,500,platt_fit,76,0.9633522803844295,-3.69996410263513,0.332,0.5
supermat,supermat,Probe,500,platt_fit,77,0.8926636620997085,-3.5375031298273254,0.244,0.5
supermat,supermat,Probe,500,platt_fit,78,0.9780408627084947,-3.8589632997088175,0.316,0.5
supermat,supermat,Probe,500,platt_fit,79,1.0089457218934723,-3.6077821145489946,0.33,0.5
supermat,supermat,Probe,500,platt_fit,80,0.9292855213767778,-3.309310208753896,0.33,0.5
supermat,supermat,Probe,500,platt_fit,81,0.7756903097903486,-2.6212000394728645,0.414,0.5
supermat,supermat,Probe,500,platt_fit,82,0.7922568341679586,-3.1163014900351533,0.322,0.5
supermat,supermat,Probe,500,platt_fit,83,0.9751444468348359,-3.289464438156283,0.426,0.5
supermat,supermat,Probe,500,platt_fit,84,1.1155397375698097,-3.9788108509866174,0.386,0.5
supermat,supermat,Probe,500,platt_fit,85,0.7546590083144584,-2.5893845095263113,0.378,0.5
supermat,supermat,Probe,500,platt_fit,86,0.8758129123571438,-3.184585862376623,0.312,0.5
supermat,supermat,Probe,500,platt_fit,87,0.7910915600125875,-2.7514053322530923,0.432,0.5
supermat,supermat,Probe,500,platt_fit,88,0.9343040470333396,-3.188710377843957,0.406,0.5
supermat,supermat,Probe,500,platt_fit,89,0.7837259404547364,-2.398021048489825,0.46,0.5
supermat,supermat,Probe,500,platt_fit,90,0.959261375876035,-3.301436364812719,0.314,0.5
supermat,supermat,Probe,500,platt_fit,91,0.9946296027660397,-3.691040990604683,0.428,0.5
supermat,supermat,Probe,500,platt_fit,92,0.9050051612675278,-3.215341400468755,0.442,0.5
supermat,supermat,Probe,500,platt_fit,93,0.9784450146165682,-3.6191180375618677,0.32,0.5
supermat,supermat,Probe,500,platt_fit,94,0.7416156999159199,-2.719887716822796,0.29,0.5
supermat,supermat,Probe,500,platt_fit,95,1.1124777027763684,-4.251985109842063,0.25,0.5
supermat,supermat,Probe,500,platt_fit,96,0.8524283377399439,-2.845320718847917,0.376,0.5
supermat,supermat,Probe,500,platt_fit,97,0.9458305855227915,-3.4924704399579314,0.316,0.5
supermat,supermat,Probe,500,platt_fit,98,1.0917301173675387,-3.770063293522612,0.276,0.5
supermat,supermat,Probe,500,platt_fit,99,0.6524347566558953,-1.972413153276777,0.494,0.5
supermat,supermat,NTP,500,platt_fit,0,0.24428929851308687,-1.9992039264372732,0.204,0.5
supermat,supermat,NTP,500,platt_fit,1,0.22095049892202218,-1.5900611098810122,0.236,0.5
supermat,supermat,NTP,500,platt_fit,2,0.2237827745263261,-1.2173679429050195,0.326,0.5
supermat,supermat,NTP,500,platt_fit,3,0.2893998216156487,-1.1216816437770585,0.368,0.5
supermat,supermat,NTP,500,platt_fit,4,0.24033891850597155,-1.2452942179560789,0.334,0.5
supermat,supermat,NTP,500,platt_fit,5,0.3515171917576302,-1.228064996550405,0.342,0.5
supermat,supermat,NTP,500,platt_fit,6,0.2896769413054917,-1.429600159254037,0.254,0.5
supermat,supermat,NTP,500,platt_fit,7,0.1961260653072096,-0.9642550672156638,0.366,0.5
supermat,supermat,NTP,500,platt_fit,8,0.3146648090019116,-1.712391180013318,0.246,0.5
supermat,supermat,NTP,500,platt_fit,9,0.2032693805502876,-0.9727616470550281,0.364,0.5
supermat,supermat,NTP,500,platt_fit,10,0.2192152784144053,-1.5156492358885578,0.242,0.5
supermat,supermat,NTP,500,platt_fit,11,0.26826955170750394,-1.1313808024375642,0.404,0.5
supermat,supermat,NTP,500,platt_fit,12,0.2734462505418033,-0.7499169850369626,0.41,0.5
supermat,supermat,NTP,500,platt_fit,13,0.27529266507581285,-1.3481924908399359,0.372,0.5
supermat,supermat,NTP,500,platt_fit,14,0.3018194373584453,-1.6483295781894876,0.262,0.5
supermat,supermat,NTP,500,platt_fit,15,0.2825638746717053,-0.5837457213874685,0.52,0.5
supermat,supermat,NTP,500,platt_fit,16,0.2912849107019114,-1.1377854863363133,0.342,0.5
supermat,supermat,NTP,500,platt_fit,17,0.26283579538197965,-1.4459125040698644,0.28,0.5
supermat,supermat,NTP,500,platt_fit,18,0.2169526707597926,-1.2611232707583706,0.324,0.5
supermat,supermat,NTP,500,platt_fit,19,0.2529087765835211,-1.0027723248878684,0.406,0.5
supermat,supermat,NTP,500,platt_fit,20,0.22147642823291092,-1.0687665363445624,0.388,0.5
supermat,supermat,NTP,500,platt_fit,21,0.2860985290365818,-1.334671733971486,0.286,0.5
supermat,supermat,NTP,500,platt_fit,22,0.302303966678989,-2.0124168537567333,0.226,0.5
supermat,supermat,NTP,500,platt_fit,23,0.2464427356422913,-1.125214015464133,0.344,0.5
supermat,supermat,NTP,500,platt_fit,24,0.21251937442937696,-1.1625920433678858,0.33,0.5
supermat,supermat,NTP,500,platt_fit,25,0.3418298428332839,-1.088006491914864,0.402,0.5
supermat,supermat,NTP,500,platt_fit,26,0.21369121158464938,-1.014704601344222,0.34,0.5
supermat,supermat,NTP,500,platt_fit,27,0.2945070134129992,-0.7588481586798951,0.426,0.5
supermat,supermat,NTP,500,platt_fit,28,0.23645558139895598,-0.9895626487300208,0.378,0.5
supermat,supermat,NTP,500,platt_fit,29,0.26646808838306807,-1.6708378321268527,0.238,0.5
supermat,supermat,NTP,500,platt_fit,30,0.3033281318012862,-1.2280113989394779,0.328,0.5
supermat,supermat,NTP,500,platt_fit,31,0.19395650891806288,-1.1803227613448084,0.32,0.5
supermat,supermat,NTP,500,platt_fit,32,0.2881246990103161,-1.4633121489046654,0.298,0.5
supermat,supermat,NTP,500,platt_fit,33,0.2989763946663349,-1.1335362536788989,0.428,0.5
supermat,supermat,NTP,500,platt_fit,34,0.22190432972295984,-1.0149588272449785,0.37,0.5
supermat,supermat,NTP,500,platt_fit,35,0.26733625546206014,-1.280389752783795,0.402,0.5
supermat,supermat,NTP,500,platt_fit,36,0.2351007991972034,-1.4784390477128089,0.27,0.5
supermat,supermat,NTP,500,platt_fit,37,0.2540749524881571,-1.200994853850332,0.334,0.5
supermat,supermat,NTP,500,platt_fit,38,0.32320444046675534,-1.950537219910292,0.2,0.5
supermat,supermat,NTP,500,platt_fit,39,0.2929373191890926,-1.3867849269625536,0.342,0.5
supermat,supermat,NTP,500,platt_fit,40,0.22251661596508385,-0.9431627813072071,0.374,0.5
supermat,supermat,NTP,500,platt_fit,41,0.27893952439448244,-0.6779643931264748,0.478,0.5
supermat,supermat,NTP,500,platt_fit,42,0.2794565968286371,-1.386616436372182,0.298,0.5
supermat,supermat,NTP,500,platt_fit,43,0.2609133844642765,-1.5229461233420711,0.28,0.5
supermat,supermat,NTP,500,platt_fit,44,0.26293544091750126,-0.8481837099089112,0.442,0.5
supermat,supermat,NTP,500,platt_fit,45,0.2969635798677096,-1.8935680693738584,0.248,0.5
supermat,supermat,NTP,500,platt_fit,46,0.2316179364718235,-1.5912390642521432,0.266,0.5
supermat,supermat,NTP,500,platt_fit,47,0.25328136076222313,-0.7436132400794989,0.458,0.5
supermat,supermat,NTP,500,platt_fit,48,0.20796456241955613,-1.0904582877335083,0.364,0.5
supermat,supermat,NTP,500,platt_fit,49,0.30809253599499453,-1.483372908439443,0.292,0.5
supermat,supermat,NTP,500,platt_fit,50,0.2609928273410376,-1.601357467405882,0.252,0.5
supermat,supermat,NTP,500,platt_fit,51,0.25885922706394987,-1.1282838070464158,0.354,0.5
supermat,supermat,NTP,500,platt_fit,52,0.29166094820221733,-1.5565677372542557,0.288,0.5
supermat,supermat,NTP,500,platt_fit,53,0.33767210533944586,-1.7438856931156645,0.25,0.5
supermat,supermat,NTP,500,platt_fit,54,0.3201124211159428,-1.3378965075980025,0.406,0.5
supermat,supermat,NTP,500,platt_fit,55,0.41149449659306087,-1.524222974776354,0.314,0.5
supermat,supermat,NTP,500,platt_fit,56,0.25154635152322863,-1.4616066747494323,0.308,0.5
supermat,supermat,NTP,500,platt_fit,57,0.2894341117558429,-1.5181030478698807,0.266,0.5
supermat,supermat,NTP,500,platt_fit,58,0.29826939112388406,-1.3666220695473232,0.316,0.5
supermat,supermat,NTP,500,platt_fit,59,0.29071878575098814,-1.5270021924809922,0.294,0.5
supermat,supermat,NTP,500,platt_fit,60,0.21884763188645984,-1.5240166126098724,0.25,0.5
supermat,supermat,NTP,500,platt_fit,61,0.23777241430268914,-1.3072376903164924,0.324,0.5
supermat,supermat,NTP,500,platt_fit,62,0.27559072098154735,-1.372383713459898,0.32,0.5
supermat,supermat,NTP,500,platt_fit,63,0.21306458666475628,-0.6894787325335134,0.44,0.5
supermat,supermat,NTP,500,platt_fit,64,0.3087693423495036,-1.1427540613383973,0.362,0.5
supermat,supermat,NTP,500,platt_fit,65,0.3102004220021422,-0.7248242631231229,0.486,0.5
supermat,supermat,NTP,500,platt_fit,66,0.22844261282525047,-1.2180396180141115,0.302,0.5
supermat,supermat,NTP,500,platt_fit,67,0.2539412807671173,-0.9118236779727519,0.434,0.5
supermat,supermat,NTP,500,platt_fit,68,0.2587774967267639,-1.4732831503536576,0.292,0.5
supermat,supermat,NTP,500,platt_fit,69,0.19615549803888935,-1.5280434518338515,0.25,0.5
supermat,supermat,NTP,500,platt_fit,70,0.29591897312156584,-1.8714218897656545,0.222,0.5
supermat,supermat,NTP,500,platt_fit,71,0.29585665407707257,-0.705866317383897,0.518,0.5
supermat,supermat,NTP,500,platt_fit,72,0.24111116091801096,-0.9544365743736309,0.372,0.5
supermat,supermat,NTP,500,platt_fit,73,0.3166729960729729,-0.8581569717468659,0.468,0.5
supermat,supermat,NTP,500,platt_fit,74,0.25522030758954795,-1.3431952717191316,0.312,0.5
supermat,supermat,NTP,500,platt_fit,75,0.27720624230225,-1.8505199635403533,0.212,0.5
supermat,supermat,NTP,500,platt_fit,76,0.35947722440072316,-1.3758108196306111,0.332,0.5
supermat,supermat,NTP,500,platt_fit,77,0.21052365779842358,-1.5166079940581645,0.244,0.5
supermat,supermat,NTP,500,platt_fit,78,0.3289657973170849,-1.5139912017252313,0.316,0.5
supermat,supermat,NTP,500,platt_fit,79,0.2673707670266846,-1.3083070660183995,0.33,0.5
supermat,supermat,NTP,500,platt_fit,80,0.2566620211668346,-1.1886372179321523,0.33,0.5
supermat,supermat,NTP,500,platt_fit,81,0.27053294555776203,-0.9459820770790143,0.414,0.5
supermat,supermat,NTP,500,platt_fit,82,0.21773022222849892,-1.247780625156316,0.322,0.5
supermat,supermat,NTP,500,platt_fit,83,0.22797800240648725,-0.8449589885209706,0.426,0.5
supermat,supermat,NTP,500,platt_fit,84,0.35946427096547423,-1.503489079065438,0.386,0.5
supermat,supermat,NTP,500,platt_fit,85,0.2103264467693044,-0.9159926172507422,0.378,0.5
supermat,supermat,NTP,500,platt_fit,86,0.24419876485149306,-1.2387318282431348,0.312,0.5
supermat,supermat,NTP,500,platt_fit,87,0.273450052929711,-1.0048890812343358,0.432,0.5
supermat,supermat,NTP,500,platt_fit,88,0.2521160594984154,-0.9093977681946422,0.406,0.5
supermat,supermat,NTP,500,platt_fit,89,0.23575690340197655,-0.5755482954925024,0.46,0.5
supermat,supermat,NTP,500,platt_fit,90,0.2568677593184049,-1.193476092071067,0.314,0.5
supermat,supermat,NTP,500,platt_fit,91,0.2596859195763557,-0.9646231104096433,0.428,0.5
supermat,supermat,NTP,500,platt_fit,92,0.40134257018819386,-0.9914972920335056,0.442,0.5
supermat,supermat,NTP,500,platt_fit,93,0.22370234260802152,-1.2402905320446087,0.32,0.5
supermat,supermat,NTP,500,platt_fit,94,0.22479871399428147,-1.24950069546126,0.29,0.5
supermat,supermat,NTP,500,platt_fit,95,0.2674299064694383,-1.6579183349747786,0.25,0.5
supermat,supermat,NTP,500,platt_fit,96,0.23595330469023765,-0.9079176054212204,0.376,0.5
supermat,supermat,NTP,500,platt_fit,97,0.2589515270350178,-1.3352540582215873,0.316,0.5
supermat,supermat,NTP,500,platt_fit,98,0.22752355044538353,-1.3472444621602855,0.276,0.5
supermat,supermat,NTP,500,platt_fit,99,0.2269926005304189,-0.6329508888355009,0.494,0.5
supermat,supermat,Probe,1000,platt_fit,0,1.2725437078956081,-4.746986961245785,0.211,0.5
supermat,supermat,Probe,1000,platt_fit,1,0.7985532946154187,-3.3784592985927535,0.215,0.5
supermat,supermat,Probe,1000,platt_fit,2,0.7044288457488823,-2.6161601391350224,0.36,0.5
supermat,supermat,Probe,1000,platt_fit,3,0.7633829780935907,-2.5761734707408057,0.401,0.5
supermat,supermat,Probe,1000,platt_fit,4,0.9207726118767886,-3.5903446944405735,0.305,0.5
supermat,supermat,Probe,1000,platt_fit,5,0.9854583499232411,-3.4617534354749644,0.305,0.5
supermat,supermat,Probe,1000,platt_fit,6,0.9977872923112046,-3.7678369303595898,0.294,0.5
supermat,supermat,Probe,1000,platt_fit,7,0.9049741954835683,-3.1524536051326972,0.401,0.5
supermat,supermat,Probe,1000,platt_fit,8,0.8967850427506271,-3.4693102184867843,0.252,0.5
supermat,supermat,Probe,1000,platt_fit,9,0.7768668532751463,-2.7638777128043763,0.361,0.5
supermat,supermat,Probe,1000,platt_fit,10,1.026016061098525,-3.813231106002198,0.259,0.5
supermat,supermat,Probe,1000,platt_fit,11,0.9390778490575467,-3.0847346008343806,0.429,0.5
supermat,supermat,Probe,1000,platt_fit,12,1.0909592640000807,-3.444487437419138,0.359,0.5
supermat,supermat,Probe,1000,platt_fit,13,0.7266339218345327,-2.87362700750228,0.377,0.5
supermat,supermat,Probe,1000,platt_fit,14,0.9522679926236777,-3.7902623309386683,0.293,0.5
supermat,supermat,Probe,1000,platt_fit,15,1.0778700637731038,-3.256848070615274,0.525,0.5
supermat,supermat,Probe,1000,platt_fit,16,1.0389022756061603,-3.549474803066876,0.345,0.5
supermat,supermat,Probe,1000,platt_fit,17,0.9139483212393802,-3.5466995732581217,0.262,0.5
supermat,supermat,Probe,1000,platt_fit,18,0.8341558020420213,-3.0241580269718393,0.307,0.5
supermat,supermat,Probe,1000,platt_fit,19,0.7629380000055507,-2.6641108757577645,0.406,0.5
supermat,supermat,Probe,1000,platt_fit,20,0.8194971245293936,-2.8769563355215935,0.392,0.5
supermat,supermat,Probe,1000,platt_fit,21,0.9716791276081815,-3.775238805915796,0.282,0.5
supermat,supermat,Probe,1000,platt_fit,22,1.1086390741231447,-4.3154385224105765,0.221,0.5
supermat,supermat,Probe,1000,platt_fit,23,0.8503105093182572,-3.238347005244584,0.309,0.5
supermat,supermat,Probe,1000,platt_fit,24,0.7585451804360619,-2.820564675454587,0.337,0.5
supermat,supermat,Probe,1000,platt_fit,25,0.8476382331376786,-2.894111385614435,0.376,0.5
supermat,supermat,Probe,1000,platt_fit,26,0.7392170049599257,-2.593829035852206,0.328,0.5
supermat,supermat,Probe,1000,platt_fit,27,0.7822092694599495,-2.359862687831655,0.466,0.5
supermat,supermat,Probe,1000,platt_fit,28,1.046776345860808,-3.6940918088575865,0.386,0.5
supermat,supermat,Probe,1000,platt_fit,29,1.046869585790741,-3.7898503887588633,0.26,0.5
supermat,supermat,Probe,1000,platt_fit,30,1.0309987458615495,-3.465751078964334,0.339,0.5
supermat,supermat,Probe,1000,platt_fit,31,0.8422808886990956,-2.972034307382382,0.353,0.5
supermat,supermat,Probe,1000,platt_fit,32,0.850855890287348,-3.2112405527138552,0.275,0.5
supermat,supermat,Probe,1000,platt_fit,33,0.7971024431697628,-3.0867895530419602,0.423,0.5
supermat,supermat,Probe,1000,platt_fit,34,0.6346523353717283,-2.1800540824033625,0.377,0.5
supermat,supermat,Probe,1000,platt_fit,35,0.74811428511342,-3.0101862810808453,0.399,0.5
supermat,supermat,Probe,1000,platt_fit,36,1.059523497703513,-3.6502878235324547,0.292,0.5
supermat,supermat,Probe,1000,platt_fit,37,0.8519043494553518,-3.01511175545398,0.32,0.5
supermat,supermat,Probe,1000,platt_fit,38,1.2440921477271656,-4.602725029475915,0.235,0.5
supermat,supermat,Probe,1000,platt_fit,39,0.8129684025066012,-3.0509448043649545,0.326,0.5
supermat,supermat,Probe,1000,platt_fit,40,0.7944023141576972,-2.7955615091305295,0.371,0.5
supermat,supermat,Probe,1000,platt_fit,41,0.8342955158155486,-2.6711535502886847,0.477,0.5
supermat,supermat,Probe,1000,platt_fit,42,0.8753597696683686,-3.204419052452452,0.313,0.5
supermat,supermat,Probe,1000,platt_fit,43,1.115752711453816,-3.77686441392289,0.298,0.5
supermat,supermat,Probe,1000,platt_fit,44,0.7713901534407905,-2.7415207914543616,0.43,0.5
supermat,supermat,Probe,1000,platt_fit,45,0.8397865049224703,-3.536694562049928,0.241,0.5
supermat,supermat,Probe,1000,platt_fit,46,0.8612087518904347,-3.4239258331039455,0.279,0.5
supermat,supermat,Probe,1000,platt_fit,47,0.7115598182255138,-2.242757910817283,0.458,0.5
supermat,supermat,Probe,1000,platt_fit,48,0.8031080573487652,-2.8151030332630307,0.38,0.5
supermat,supermat,Probe,1000,platt_fit,49,1.051345364992698,-3.6246091788460673,0.309,0.5
supermat,supermat,Probe,1000,platt_fit,50,0.8802916775373612,-3.529939927673138,0.254,0.5
supermat,supermat,Probe,1000,platt_fit,51,0.6838804249443906,-2.5388106677125744,0.365,0.5
supermat,supermat,Probe,1000,platt_fit,52,1.0744042013362467,-4.4757441792780766,0.257,0.5
supermat,supermat,Probe,1000,platt_fit,53,1.0952756623161715,-4.034865916677134,0.223,0.5
supermat,supermat,Probe,1000,platt_fit,54,0.6351074125930436,-2.4501953328068686,0.404,0.5
supermat,supermat,Probe,1000,platt_fit,55,0.9207723414780745,-3.4748993023140184,0.315,0.5
supermat,supermat,Probe,1000,platt_fit,56,1.042840486772657,-3.77696227600594,0.321,0.5
supermat,supermat,Probe,1000,platt_fit,57,1.033193427299753,-3.7790392531858865,0.271,0.5
supermat,supermat,Probe,1000,platt_fit,58,1.2477692150975481,-4.222204649907574,0.299,0.5
supermat,supermat,Probe,1000,platt_fit,59,1.254758417468049,-4.274235207803115,0.292,0.5
supermat,supermat,Probe,1000,platt_fit,60,1.0095993319487062,-3.7488913692527146,0.289,0.5
supermat,supermat,Probe,1000,platt_fit,61,1.0581564502482619,-3.456174841036663,0.348,0.5
supermat,supermat,Probe,1000,platt_fit,62,0.8289509446880908,-3.0562106752331095,0.335,0.5
supermat,supermat,Probe,1000,platt_fit,63,0.7569083711967817,-2.3164613178886415,0.462,0.5
supermat,supermat,Probe,1000,platt_fit,64,0.8461334187629628,-3.234788930602979,0.323,0.5
supermat,supermat,Probe,1000,platt_fit,65,0.6801452955568306,-2.2171471122286572,0.476,0.5
supermat,supermat,Probe,1000,platt_fit,66,0.8841634779050496,-3.22492731814759,0.3,0.5
supermat,supermat,Probe,1000,platt_fit,67,0.5929767278069713,-2.10734112490317,0.437,0.5
supermat,supermat,Probe,1000,platt_fit,68,0.9743317422297251,-4.020067351889829,0.306,0.5
supermat,supermat,Probe,1000,platt_fit,69,0.9882425911710435,-3.6734203085386326,0.247,0.5
supermat,supermat,Probe,1000,platt_fit,70,1.0696252652064397,-3.8594695282156684,0.212,0.5
supermat,supermat,Probe,1000,platt_fit,71,0.6903002297255776,-2.4270704933163794,0.491,0.5
supermat,supermat,Probe,1000,platt_fit,72,0.6689808560429812,-2.0388144586441324,0.419,0.5
supermat,supermat,Probe,1000,platt_fit,73,0.6748502793259135,-2.3461411144490865,0.473,0.5
supermat,supermat,Probe,1000,platt_fit,74,0.8579373393949264,-3.3699009152425097,0.363,0.5
supermat,supermat,Probe,1000,platt_fit,75,1.1197374730801148,-3.915998062860062,0.233,0.5
supermat,supermat,Probe,1000,platt_fit,76,0.9869562068495148,-3.90435107040667,0.305,0.5
supermat,supermat,Probe,1000,platt_fit,77,0.8490084189784599,-3.3660645113227137,0.26,0.5
supermat,supermat,Probe,1000,platt_fit,78,0.9683267331546664,-3.8752141092108223,0.287,0.5
supermat,supermat,Probe,1000,platt_fit,79,0.89745216770664,-3.2634406931148474,0.334,0.5
supermat,supermat,Probe,1000,platt_fit,80,0.8818012507124694,-3.1822757615204487,0.332,0.5
supermat,supermat,Probe,1000,platt_fit,81,0.8248392409095547,-2.7569359952314363,0.438,0.5
supermat,supermat,Probe,1000,platt_fit,82,0.8158448360733084,-3.0186556898375416,0.357,0.5
supermat,supermat,Probe,1000,platt_fit,83,0.8115426239300381,-2.6903284613495257,0.43,0.5
supermat,supermat,Probe,1000,platt_fit,84,1.0234583366614938,-3.674330029515869,0.384,0.5
supermat,supermat,Probe,1000,platt_fit,85,0.6778974885261175,-2.324025706707067,0.366,0.5
supermat,supermat,Probe,1000,platt_fit,86,0.789221127258231,-3.0019046957920734,0.306,0.5
supermat,supermat,Probe,1000,platt_fit,87,0.8211031145798404,-2.864961395164989,0.425,0.5
supermat,supermat,Probe,1000,platt_fit,88,0.927688797077884,-3.1442981456435932,0.402,0.5
supermat,supermat,Probe,1000,platt_fit,89,0.7743628552022741,-2.4365697460322195,0.429,0.5
supermat,supermat,Probe,1000,platt_fit,90,0.9892175491209795,-3.567898932082414,0.308,0.5
supermat,supermat,Probe,1000,platt_fit,91,0.9954713217067325,-3.7473798645101533,0.405,0.5
supermat,supermat,Probe,1000,platt_fit,92,0.9855621775184723,-3.5229362443365093,0.453,0.5
supermat,supermat,Probe,1000,platt_fit,93,1.0120486403346183,-3.745458698768805,0.313,0.5
supermat,supermat,Probe,1000,platt_fit,94,0.7451595981525192,-2.817382246373106,0.284,0.5
supermat,supermat,Probe,1000,platt_fit,95,0.8633874086973826,-3.683680525341405,0.237,0.5
supermat,supermat,Probe,1000,platt_fit,96,0.8619143622442254,-2.8773291849671248,0.375,0.5
supermat,supermat,Probe,1000,platt_fit,97,0.9256926519315625,-3.4208093578731202,0.314,0.5
supermat,supermat,Probe,1000,platt_fit,98,1.0713016290799793,-3.9090085855152,0.231,0.5
supermat,supermat,Probe,1000,platt_fit,99,0.6900499410446763,-1.988224729137161,0.51,0.5
supermat,supermat,NTP,1000,platt_fit,0,0.2838846028716682,-1.93081178638713,0.211,0.5
supermat,supermat,NTP,1000,platt_fit,1,0.2914486678691357,-1.8352855682424578,0.215,0.5
supermat,supermat,NTP,1000,platt_fit,2,0.27172060403235276,-1.1143343668366443,0.36,0.5
supermat,supermat,NTP,1000,platt_fit,3,0.24825740134367535,-0.9327147094201657,0.401,0.5
supermat,supermat,NTP,1000,platt_fit,4,0.22032261868591654,-1.2644948014495594,0.305,0.5
supermat,supermat,NTP,1000,platt_fit,5,0.2943967839902386,-1.2774877756667884,0.305,0.5
supermat,supermat,NTP,1000,platt_fit,6,0.23694845065151685,-1.3279007726623777,0.294,0.5
supermat,supermat,NTP,1000,platt_fit,7,0.22661359871563705,-0.903113405503666,0.401,0.5
supermat,supermat,NTP,1000,platt_fit,8,0.2521913071578381,-1.6358612249518787,0.252,0.5
supermat,supermat,NTP,1000,platt_fit,9,0.21945257389694414,-1.0254095572991682,0.361,0.5
supermat,supermat,NTP,1000,platt_fit,10,0.24506234156714668,-1.520063459748495,0.259,0.5
supermat,supermat,NTP,1000,platt_fit,11,0.25809607495410836,-0.9158763258182437,0.429,0.5
supermat,supermat,NTP,1000,platt_fit,12,0.2747058588420042,-0.9847934264011786,0.359,0.5
supermat,supermat,NTP,1000,platt_fit,13,0.2646025872507231,-1.2212428220006988,0.377,0.5
supermat,supermat,NTP,1000,platt_fit,14,0.2709465566279415,-1.5533305158676483,0.293,0.5
supermat,supermat,NTP,1000,platt_fit,15,0.29460387491663154,-0.5417509921665051,0.525,0.5
supermat,supermat,NTP,1000,platt_fit,16,0.2845421661085473,-1.0723659591623638,0.345,0.5
supermat,supermat,NTP,1000,platt_fit,17,0.26060473914221,-1.5430951517991967,0.262,0.5
supermat,supermat,NTP,1000,platt_fit,18,0.25369336609319576,-1.4031875797841489,0.307,0.5
supermat,supermat,NTP,1000,platt_fit,19,0.2934793443102992,-1.0595108694582993,0.406,0.5
supermat,supermat,NTP,1000,platt_fit,20,0.2532158321156965,-1.1031625575099124,0.392,0.5
supermat,supermat,NTP,1000,platt_fit,21,0.2586225526960848,-1.4545590610547037,0.282,0.5
supermat,supermat,NTP,1000,platt_fit,22,0.29677034252824697,-2.06037686290167,0.221,0.5
supermat,supermat,NTP,1000,platt_fit,23,0.23994399685818396,-1.2287173441091983,0.309,0.5
supermat,supermat,NTP,1000,platt_fit,24,0.22131211499933923,-1.0938120580853634,0.337,0.5
supermat,supermat,NTP,1000,platt_fit,25,0.33683999854482777,-1.1577668033882647,0.376,0.5
supermat,supermat,NTP,1000,platt_fit,26,0.23353779362824306,-1.080177285686116,0.328,0.5
supermat,supermat,NTP,1000,platt_fit,27,0.23246114683023336,-0.6789103903258599,0.466,0.5
supermat,supermat,NTP,1000,platt_fit,28,0.22741923432458735,-0.9961326954457764,0.386,0.5
supermat,supermat,NTP,1000,platt_fit,29,0.3029533155012135,-1.6547065452112422,0.26,0.5
supermat,supermat,NTP,1000,platt_fit,30,0.25133377696654646,-1.2162582834182518,0.339,0.5
supermat,supermat,NTP,1000,platt_fit,31,0.20747010932962376,-0.9923692195283438,0.353,0.5
supermat,supermat,NTP,1000,platt_fit,32,0.2799043484760496,-1.5664818466475998,0.275,0.5
supermat,supermat,NTP,1000,platt_fit,33,0.2528510465341585,-1.1117160095854428,0.423,0.5
supermat,supermat,NTP,1000,platt_fit,34,0.24591492595888345,-0.9864790275904697,0.377,0.5
supermat,supermat,NTP,1000,platt_fit,35,0.23454546718231647,-1.170852381304963,0.399,0.5
supermat,supermat,NTP,1000,platt_fit,36,0.21841945961807832,-1.293647993594313,0.292,0.5
supermat,supermat,NTP,1000,platt_fit,37,0.24598138129566915,-1.2996813519302044,0.32,0.5
supermat,supermat,NTP,1000,platt_fit,38,0.25251916410970443,-1.6898079293790322,0.235,0.5
supermat,supermat,NTP,1000,platt_fit,39,0.27568332027293935,-1.3702631214049346,0.326,0.5
supermat,supermat,NTP,1000,platt_fit,40,0.21239771137104524,-0.9303890561708738,0.371,0.5
supermat,supermat,NTP,1000,platt_fit,41,0.2701117858883504,-0.7226910275116114,0.477,0.5
supermat,supermat,NTP,1000,platt_fit,42,0.25773330657048615,-1.3344451518418763,0.313,0.5
supermat,supermat,NTP,1000,platt_fit,43,0.28962751140770526,-1.3535891802661504,0.298,0.5
supermat,supermat,NTP,1000,platt_fit,44,0.21941063153428061,-0.7819866268902984,0.43,0.5
supermat,supermat,NTP,1000,platt_fit,45,0.31950012407383055,-1.8870929502734655,0.241,0.5
supermat,supermat,NTP,1000,platt_fit,46,0.24355199469740835,-1.4287939000452152,0.279,0.5
supermat,supermat,NTP,1000,platt_fit,47,0.24217757175924773,-0.6809658543255784,0.458,0.5
supermat,supermat,NTP,1000,platt_fit,48,0.22409652953428866,-1.0491749986740047,0.38,0.5
supermat,supermat,NTP,1000,platt_fit,49,0.2902874426586589,-1.2743662298383003,0.309,0.5
supermat,supermat,NTP,1000,platt_fit,50,0.27931234673863875,-1.6867681277893054,0.254,0.5
supermat,supermat,NTP,1000,platt_fit,51,0.29405583075453784,-1.0927859856748143,0.365,0.5
supermat,supermat,NTP,1000,platt_fit,52,0.301398781218861,-1.8307682948963793,0.257,0.5
supermat,supermat,NTP,1000,platt_fit,53,0.2910653068516248,-1.8475657406376567,0.223,0.5
supermat,supermat,NTP,1000,platt_fit,54,0.31316948937749023,-1.3247320517221057,0.404,0.5
supermat,supermat,NTP,1000,platt_fit,55,0.35098436545972783,-1.4433116602886324,0.315,0.5
supermat,supermat,NTP,1000,platt_fit,56,0.2627845399384337,-1.4092148394717556,0.321,0.5
supermat,supermat,NTP,1000,platt_fit,57,0.25767793040457476,-1.5440761967407977,0.271,0.5
supermat,supermat,NTP,1000,platt_fit,58,0.29131729923480787,-1.4898152252693773,0.299,0.5
supermat,supermat,NTP,1000,platt_fit,59,0.31254473470352295,-1.4676513811078864,0.292,0.5
supermat,supermat,NTP,1000,platt_fit,60,0.23072676013407925,-1.3838911345965643,0.289,0.5
supermat,supermat,NTP,1000,platt_fit,61,0.31599884793173555,-1.315578712596408,0.348,0.5
supermat,supermat,NTP,1000,platt_fit,62,0.26690714497466034,-1.302150505324505,0.335,0.5
supermat,supermat,NTP,1000,platt_fit,63,0.21676181448078366,-0.6296146707218975,0.462,0.5
supermat,supermat,NTP,1000,platt_fit,64,0.25401724032800854,-1.268276105234602,0.323,0.5
supermat,supermat,NTP,1000,platt_fit,65,0.30106886032232677,-0.7516630689021484,0.476,0.5
supermat,supermat,NTP,1000,platt_fit,66,0.26840103527329434,-1.3310044225171804,0.3,0.5
supermat,supermat,NTP,1000,platt_fit,67,0.2227863516312877,-0.8139845223542922,0.437,0.5
supermat,supermat,NTP,1000,platt_fit,68,0.24678372876317986,-1.5170053886866284,0.306,0.5
supermat,supermat,NTP,1000,platt_fit,69,0.20733570570409293,-1.5256942763519181,0.247,0.5
supermat,supermat,NTP,1000,platt_fit,70,0.3202326782332693,-1.9520987070226419,0.212,0.5
supermat,supermat,NTP,1000,platt_fit,71,0.27458957970465764,-0.819546678997152,0.491,0.5
supermat,supermat,NTP,1000,platt_fit,72,0.23549511220330682,-0.762254889087019,0.419,0.5
supermat,supermat,NTP,1000,platt_fit,73,0.24265505935864404,-0.7397098060034113,0.473,0.5
supermat,supermat,NTP,1000,platt_fit,74,0.2607785113946813,-1.271740479749589,0.363,0.5
supermat,supermat,NTP,1000,platt_fit,75,0.28167741557803955,-1.6832810284161956,0.233,0.5
supermat,supermat,NTP,1000,platt_fit,76,0.29253499058781,-1.566207435854326,0.305,0.5
supermat,supermat,NTP,1000,platt_fit,77,0.23459272201587683,-1.4849380340195588,0.26,0.5
supermat,supermat,NTP,1000,platt_fit,78,0.35390929837575663,-1.7246421719843466,0.287,0.5
supermat,supermat,NTP,1000,platt_fit,79,0.2522168413791178,-1.3303047629172835,0.334,0.5
supermat,supermat,NTP,1000,platt_fit,80,0.21566811625015278,-1.1389700337365845,0.332,0.5
supermat,supermat,NTP,1000,platt_fit,81,0.29143658708282183,-0.9237124937129823,0.438,0.5
supermat,supermat,NTP,1000,platt_fit,82,0.23463198030282992,-1.0694967893640892,0.357,0.5
supermat,supermat,NTP,1000,platt_fit,83,0.24315220862949266,-0.7618703158470769,0.43,0.5
supermat,supermat,NTP,1000,platt_fit,84,0.3239380267137755,-1.3639502267545351,0.384,0.5
supermat,supermat,NTP,1000,platt_fit,85,0.23659534053314818,-0.9674794500437444,0.366,0.5
supermat,supermat,NTP,1000,platt_fit,86,0.21587841033272906,-1.249649600977011,0.306,0.5
supermat,supermat,NTP,1000,platt_fit,87,0.27561963396177835,-0.9762176281201774,0.425,0.5
supermat,supermat,NTP,1000,platt_fit,88,0.2502525823564413,-0.9344126230832036,0.402,0.5
supermat,supermat,NTP,1000,platt_fit,89,0.23250726222428253,-0.6949957725844482,0.429,0.5
supermat,supermat,NTP,1000,platt_fit,90,0.24521864865333654,-1.3069732719565064,0.308,0.5
supermat,supermat,NTP,1000,platt_fit,91,0.2929459734343625,-1.0945247290136055,0.405,0.5
supermat,supermat,NTP,1000,platt_fit,92,0.34959780726062256,-1.0280215500732965,0.453,0.5
supermat,supermat,NTP,1000,platt_fit,93,0.2543018136405215,-1.294180731209369,0.313,0.5
supermat,supermat,NTP,1000,platt_fit,94,0.26762687911820665,-1.4407066184652455,0.284,0.5
supermat,supermat,NTP,1000,platt_fit,95,0.2784803980761714,-1.7944645458532302,0.237,0.5
supermat,supermat,NTP,1000,platt_fit,96,0.21871904066483075,-0.907167526088562,0.375,0.5
supermat,supermat,NTP,1000,platt_fit,97,0.2730916129833523,-1.3238762484059574,0.314,0.5
supermat,supermat,NTP,1000,platt_fit,98,0.20290486513163547,-1.487460170801734,0.231,0.5
supermat,supermat,NTP,1000,platt_fit,99,0.24810668667175162,-0.5605299199251168,0.51,0.5
