,Test setting,Type,Accuracy,Precision,Recall,F1,AUROC,ECE
0,Syn. pond,NTP,0.7461038961038962,0.7818740399385561,0.33051948051948055,0.464628023733455,0.8095394459436667,0.07114006391014839
1,Syn. pond,Probe,0.7781385281385281,0.6647472808701216,0.6746753246753247,0.6696745085401226,0.8563394965424187,0.04359743177003502
2,Syn. nfix,NTP,0.680029695619896,0.7045454545454546,0.06904231625835189,0.1257606490872211,0.655935486431119,0.18402592859278644
3,Syn. nfix,Probe,0.6592427616926503,0.47844827586206895,0.24721603563474387,0.32599118942731276,0.6678501098704868,0.11625305209514132
4,Real pond,NTP,0.6384411835458264,0.8443627450980392,0.3336561743341404,0.47830614370010416,0.7985822851031716,0.19889620917188108
5,Real pond,Probe,0.689198941544383,0.6582071223905035,0.7786924939467312,0.7133984028393967,0.7692621262135473,0.10466536731794518
6,Real nfix,NTP,0.7536008230452675,0.5495750708215298,0.13179347826086957,0.21260273972602742,0.6590971841344236,0.09418169717217856
7,Real nfix,Probe,0.5838477366255144,0.31711987744159326,0.5625,0.40558412931667887,0.6055532010370962,0.25160948320677573
