,Test setting,Type,Accuracy,Precision,Recall,F1,AUROC,ECE
0,Syn. pond,NTP,0.754978354978355,0.6513353115727003,0.5701298701298702,0.6080332409972299,0.8095394459436667,0.04948967289989649
1,Syn. pond,Probe,0.7781385281385281,0.6647472808701216,0.6746753246753247,0.6696745085401226,0.8563397073705514,0.04359743177003502
2,Syn. nfix,NTP,0.682256867112101,0.5813953488372093,0.16703786191536749,0.25951557093425603,0.655935486431119,0.13597492887341547
3,Syn. nfix,Probe,0.6592427616926503,0.47844827586206895,0.24721603563474387,0.32599118942731276,0.6678488697972729,0.11625305209514132
4,Real pond,NTP,0.6904017320182824,0.8580508474576272,0.5280312907431551,0.6537530266343825,0.8237144363769875,0.14623397288906081
5,Real pond,Probe,0.7113302862641327,0.7253376995497339,0.7700999565406345,0.7470489038785835,0.7915940782868018,0.07556082593872414
6,Real nfix,NTP,0.7928669410150891,0.6836363636363636,0.37326273990734615,0.4828767123287672,0.8459357138907749,0.06371807265573759
7,Real nfix,Probe,0.6786694101508917,0.4304864036767522,0.7438782263401721,0.5453663270257156,0.7676525046365992,0.209272417833717
