,Test setting,Type,Accuracy,Precision,Recall,F1,AUROC,ECE
0,Syn. pond,NTP,0.7461038961038962,0.7818740399385561,0.33051948051948055,0.464628023733455,0.8095394459436667,0.07114006391014839
1,Syn. pond,Probe,0.6703463203463204,0.5042016806722689,0.6623376623376623,0.5725512208812797,0.7173375569235958,0.13239385564814593
2,Syn. nfix,NTP,0.680029695619896,0.7045454545454546,0.06904231625835189,0.1257606490872211,0.655935486431119,0.18402592859278644
3,Syn. nfix,Probe,0.6481069042316259,0.46200607902735563,0.33853006681514475,0.39074550128534696,0.6512628905610587,0.07106021725221241
4,Real pond,NTP,0.6244178613825222,0.7918523233609166,0.24731610337972168,0.3769125890016664,0.7387654817589985,0.18437699461521642
5,Real pond,Probe,0.6814902748607433,0.6339937434827946,0.7252485089463221,0.6765578635014836,0.7526950608458689,0.0480129054911261
6,Real nfix,NTP,0.8328059071729957,0.5879120879120879,0.16066066066066065,0.2523584905660377,0.758828646304654,0.02671562517548122
7,Real nfix,Probe,0.7223101265822784,0.251604621309371,0.29429429429429427,0.271280276816609,0.5882028861875311,0.15501826773571006
