,Test setting,Type,Accuracy,Precision,Recall,F1,AUROC,ECE
0,Syn. pond,NTP,0.7365800865800866,0.5907813378302417,0.6824675324675324,0.6333232901476348,0.8095394459436667,0.11813451322011748
1,Syn. pond,Probe,0.6703463203463204,0.5042016806722689,0.6623376623376623,0.5725512208812797,0.7173375569235959,0.13239385564814593
2,Syn. nfix,NTP,0.6844840386043058,0.5555555555555556,0.267260579064588,0.3609022556390978,0.655935486431119,0.07811996295584996
3,Syn. nfix,Probe,0.6481069042316259,0.46200607902735563,0.33853006681514475,0.39074550128534696,0.6512628905610587,0.07106021725221241
4,Real pond,NTP,0.688430280339695,0.7393354288280197,0.5939754689754689,0.6587317463492698,0.7818433249240536,0.08182506213228002
5,Real pond,Probe,0.6866039631083919,0.6835245046923879,0.7094155844155844,0.6962294211364842,0.7510263404474613,0.04024864029207367
6,Real nfix,NTP,0.8008966244725738,0.605875152998776,0.5334051724137931,0.5673352435530087,0.8653722714192832,0.10562958300086742
7,Real nfix,Probe,0.6753691983122363,0.3055198973042362,0.25646551724137934,0.27885178676039835,0.5574683797678675,0.13229086568815832
