,Test setting,Type,Accuracy,Precision,Recall,F1,AUROC,ECE
0,Syn. pond,NTP,0.7976190476190477,0.7835051546391752,0.5428571428571428,0.6413502109704642,0.87404273486254,0.1769111736223285
1,Syn. pond,Probe,0.8720779220779221,0.8031948881789137,0.8162337662337662,0.8096618357487922,0.9408902217911959,0.04410676253481077
2,Syn. nfix,NTP,0.6755753526354863,0.6764705882352942,0.051224944320712694,0.09523809523809525,0.6453576619163595,0.31292172091561904
3,Syn. nfix,Probe,0.6829992576095026,0.5625,0.22048997772828507,0.3168,0.698539441768642,0.13349573551163776
4,Real pond,NTP,0.7389944671638201,0.7962515114873036,0.637772397094431,0.7082549072331272,0.8370570002638902,0.22461171727865825
5,Real pond,Probe,0.7423622804907385,0.6953616352201258,0.8566585956416465,0.7676285528314168,0.8123787610127825,0.08093087184607886
6,Real nfix,NTP,0.7397119341563786,0.4798951048951049,0.37296195652173914,0.4197247706422018,0.7216972165436777,0.22508647187870295
7,Real nfix,Probe,0.6256858710562414,0.33818843878015475,0.5047554347826086,0.4050149904606159,0.6097537831571599,0.2050791964585449
