,Test setting,Type,Accuracy,Precision,Recall,F1,AUROC,ECE
0,Syn. pond,NTP,0.7976190476190477,0.7835051546391752,0.5428571428571428,0.6413502109704642,0.87404273486254,0.1769111736223285
1,Syn. pond,Probe,0.7837662337662338,0.6211374832064487,0.9006493506493507,0.7352239597137556,0.8858324548827796,0.13749719717872838
2,Syn. nfix,NTP,0.6755753526354863,0.6764705882352942,0.051224944320712694,0.09523809523809525,0.6453576619163595,0.31292172091561904
3,Syn. nfix,Probe,0.6904231625835189,0.5427807486631016,0.4521158129175947,0.4933171324422843,0.7210145286977743,0.05811933066998068
4,Real pond,NTP,0.7214866222262807,0.8154875717017208,0.5087475149105368,0.6265915768854066,0.8177750252412228,0.24156148713176448
5,Real pond,Probe,0.672997899735184,0.5972091775124111,0.8848906560636183,0.7131298566049827,0.7746803925643907,0.15816468784263454
6,Real nfix,NTP,0.8032700421940928,0.4444444444444444,0.4804804804804805,0.4617604617604617,0.7878353401386031,0.16885872045843886
7,Real nfix,Probe,0.5946729957805907,0.26623725174449814,0.7447447447447447,0.39224990114669833,0.7219527589009355,0.2880715358207338
