,Test setting,Type,Accuracy,Precision,Recall,F1,AUROC,ECE
0,Syn. pond,NTP,0.7984848484848485,0.7711487088156723,0.5623376623376624,0.6503942921517086,0.87404273486254,0.04688341200872154
1,Syn. pond,Probe,0.8720779220779221,0.8031948881789137,0.8162337662337662,0.8096618357487922,0.9408902217911959,0.04410676253481077
2,Syn. nfix,NTP,0.674090571640683,0.625,0.0556792873051225,0.10224948875255624,0.6453576619163595,0.11290636901390139
3,Syn. nfix,Probe,0.6829992576095026,0.5625,0.22048997772828507,0.3168,0.698539441768642,0.13349573551163776
4,Real pond,NTP,0.7483762328602358,0.8810495626822158,0.6421589460263494,0.7428711897738447,0.8729188713186826,0.09348244060537701
5,Real pond,Probe,0.7832571566033197,0.785377358490566,0.8491287717807054,0.8160098019195425,0.839739427800336,0.02865627522067766
6,Real nfix,NTP,0.7184499314128944,0.7447665056360708,0.4111111111111111,0.5297823596792669,0.7885263974191947,0.06583702830990325
7,Real nfix,Probe,0.6918724279835391,0.6030951297223487,0.5888888888888889,0.5959073532718687,0.7206587257274024,0.08393962673487129
