,Test setting,Type,Accuracy,Precision,Recall,F1,AUROC,ECE
0,Syn. pond,NTP,0.7984848484848485,0.7711487088156723,0.5623376623376624,0.6503942921517086,0.87404273486254,0.04688341200872154
1,Syn. pond,Probe,0.8720779220779221,0.8031948881789137,0.8162337662337662,0.8096618357487922,0.9408900109630628,0.04410676253481077
2,Syn. nfix,NTP,0.674090571640683,0.625,0.0556792873051225,0.10224948875255624,0.6453576619163595,0.11290636901390139
3,Syn. nfix,Probe,0.6829992576095026,0.5625,0.22048997772828507,0.3168,0.6985406818418558,0.13349573551163776
4,Real pond,NTP,0.7560740918931922,0.8752186588921282,0.6523250760538896,0.7475099601593624,0.876014481147627,0.0819356520559423
5,Real pond,Probe,0.7837382727928794,0.7755503144654088,0.8574532811820947,0.8144478844169246,0.8414302158731586,0.02906160079116248
6,Real nfix,NTP,0.8239026063100137,0.6948470209339774,0.57114493712773,0.6269524155466764,0.8825354788482395,0.09213038327981561
7,Real nfix,Probe,0.7386831275720165,0.4970414201183432,0.7227001985440106,0.5889967637540453,0.8012766366096286,0.14422795843523978
