,Test setting,Type,Accuracy,Precision,Recall,F1,AUROC,ECE
0,Syn. pond,NTP,0.8093073593073593,0.7498104624715694,0.6422077922077922,0.6918502973067506,0.87404273486254,0.14049367011267755
1,Syn. pond,Probe,0.7837662337662338,0.6211374832064487,0.9006493506493507,0.7352239597137556,0.8858325602968461,0.13749719717872838
2,Syn. nfix,NTP,0.6755753526354863,0.5652173913043478,0.11581291759465479,0.19223659889094266,0.6453576619163595,0.02794399225020862
3,Syn. nfix,Probe,0.6904231625835189,0.5427807486631016,0.4521158129175947,0.4933171324422843,0.7210145286977743,0.05811933066998068
4,Real pond,NTP,0.7502511186193042,0.8542244640605297,0.6109307359307359,0.7123777473972026,0.8587749406132983,0.06786114972883692
5,Real pond,Probe,0.7265089946123642,0.6710049644438482,0.9020562770562771,0.7695622066630762,0.8130169565346189,0.11122833499814547
6,Real nfix,NTP,0.8357067510548524,0.6590198123044838,0.6810344827586207,0.6698463169051404,0.8905004605326526,0.1869452447284989
7,Real nfix,Probe,0.6489978902953587,0.39184111647879766,0.7866379310344828,0.5231099964170548,0.7605237731169332,0.21897870881651446
