,Test setting,Type,Accuracy,Precision,Recall,F1,AUROC,ECE
0,Syn. pond,NTP,0.7984848484848485,0.7711487088156723,0.5623376623376624,0.6503942921517086,0.87404273486254,0.04688341200872154
1,Syn. pond,Probe,0.8727272727272727,0.8474452554744526,0.7538961038961038,0.7979381443298968,0.9116044020914151,0.06251525213465595
2,Syn. nfix,NTP,0.674090571640683,0.625,0.0556792873051225,0.10224948875255624,0.6453576619163595,0.11290636901390139
3,Syn. nfix,Probe,0.7052709725315516,0.6192660550458715,0.30066815144766146,0.4047976011994003,0.7029516222637785,0.07771312137147006
4,Real pond,NTP,0.7483762328602358,0.8810495626822158,0.6421589460263494,0.7428711897738447,0.8729188713186826,0.09348244060537701
5,Real pond,Probe,0.7406783738272793,0.7339449541284404,0.8499787505312367,0.7877116975187082,0.8124974674967937,0.06838362429762067
6,Real nfix,NTP,0.7184499314128944,0.7447665056360708,0.4111111111111111,0.5297823596792669,0.7885263974191947,0.06583702830990325
7,Real nfix,Probe,0.7083333333333334,0.6929023190442727,0.43822222222222224,0.5368908249387422,0.7666420993858181,0.089560239375543
