Train dataset,Test dataset,Method,Fit sample,Recalibration,coef,intercept,N,Label rate,Train prevalence,Raw mean prob,Scaled mean prob
pond,pond,probe,0,prior_shift,1.0,-0.3580469494416451,100,0.41,0.4985203973789896,0.6531848020400894,0.6064072469524744
pond,pond,ntp,0,prior_shift,1.0,-0.3580469494416451,100,0.41,0.4985203973789896,0.6030539694155727,0.5482372150249382
pond,pond,probe,1,prior_shift,1.0,-0.44139379028389814,100,0.39,0.4985203973789896,0.5385564865248085,0.48025564430074363
pond,pond,ntp,1,prior_shift,1.0,-0.44139379028389814,100,0.39,0.4985203973789896,0.5501404209827562,0.47747925896674
pond,pond,probe,2,prior_shift,1.0,0.04592376237346585,100,0.51,0.4985203973789896,0.6914205441888492,0.6989958768226758
pond,pond,ntp,2,prior_shift,1.0,0.04592376237346585,100,0.51,0.4985203973789896,0.5832747430563142,0.5910362517123321
pond,pond,probe,3,prior_shift,1.0,-1.0926938609083432,100,0.25,0.4985203973789896,0.45069757652512293,0.34372549511017825
pond,pond,ntp,3,prior_shift,1.0,-1.0926938609083432,100,0.25,0.4985203973789896,0.5339691928897782,0.36415506288586486
pond,pond,probe,4,prior_shift,1.0,0.20658912322191797,100,0.55,0.4985203973789896,0.5385621438008331,0.5766538525741004
pond,pond,ntp,4,prior_shift,1.0,0.20658912322191797,100,0.55,0.4985203973789896,0.5225689344578016,0.5610723027626069
pond,pond,probe,5,prior_shift,1.0,-0.7478533746166134,100,0.32,0.4985203973789896,0.4607341992219481,0.35723154708932287
pond,pond,ntp,5,prior_shift,1.0,-0.7478533746166134,100,0.32,0.4985203973789896,0.48280313174246037,0.35022357750647315
pond,pond,probe,6,prior_shift,1.0,-0.48362979755893915,100,0.38,0.4985203973789896,0.6169508147734041,0.5420931853037206
pond,pond,ntp,6,prior_shift,1.0,-0.48362979755893915,100,0.38,0.4985203973789896,0.626912964616045,0.557152845264694
pond,pond,probe,7,prior_shift,1.0,-0.1142258840822967,100,0.47,0.4985203973789896,0.5798935206838335,0.5598204533378558
pond,pond,ntp,7,prior_shift,1.0,-0.1142258840822967,100,0.47,0.4985203973789896,0.5743364568266849,0.5553124914437723
pond,pond,probe,8,prior_shift,1.0,-0.15442422231541264,100,0.46,0.4985203973789896,0.552932293846081,0.5342448896901985
pond,pond,ntp,8,prior_shift,1.0,-0.15442422231541264,100,0.46,0.4985203973789896,0.5468793019444373,0.5194641759603794
pond,pond,probe,9,prior_shift,1.0,-0.5262983859875415,100,0.37,0.4985203973789896,0.5989162518425053,0.5172289148528972
pond,pond,ntp,9,prior_shift,1.0,-0.5262983859875415,100,0.37,0.4985203973789896,0.5348029788698704,0.4445279795786572
pond,pond,probe,10,prior_shift,1.0,-0.23524362905712143,100,0.44,0.4985203973789896,0.6230130464288329,0.5868205610807516
pond,pond,ntp,10,prior_shift,1.0,-0.23524362905712143,100,0.44,0.4985203973789896,0.5704761827297784,0.5315985845258702
pond,pond,probe,11,prior_shift,1.0,0.04592376237346585,100,0.51,0.4985203973789896,0.5744397565924945,0.5819745576705231
pond,pond,ntp,11,prior_shift,1.0,0.04592376237346585,100,0.51,0.4985203973789896,0.5320283042198866,0.5405171215075432
pond,pond,probe,12,prior_shift,1.0,-0.39954668034839763,100,0.4,0.4985203973789896,0.537540008169928,0.4774043191050054
pond,pond,ntp,12,prior_shift,1.0,-0.39954668034839763,100,0.4,0.4985203973789896,0.5610146504327892,0.49489263414767815
pond,pond,probe,13,prior_shift,1.0,0.04592376237346585,100,0.51,0.4985203973789896,0.6434428963757844,0.6512678456464386
pond,pond,ntp,13,prior_shift,1.0,0.04592376237346585,100,0.51,0.4985203973789896,0.5848946323280048,0.592466421001826
pond,pond,probe,14,prior_shift,1.0,-0.7942008723523465,100,0.31,0.4985203973789896,0.5321929185088254,0.4283926007727707
pond,pond,ntp,14,prior_shift,1.0,-0.7942008723523465,100,0.31,0.4985203973789896,0.5717471664067714,0.4528107665297506
pond,pond,probe,15,prior_shift,1.0,-0.034086906853932536,100,0.49,0.4985203973789896,0.5706939740970614,0.5648162534056899
pond,pond,ntp,15,prior_shift,1.0,-0.034086906853932536,100,0.49,0.4985203973789896,0.5658571783281378,0.5600479872817642
pond,pond,probe,16,prior_shift,1.0,0.24708048457665494,100,0.56,0.4985203973789896,0.6514445072019888,0.6911599931117948
pond,pond,ntp,16,prior_shift,1.0,0.24708048457665494,100,0.56,0.4985203973789896,0.5821833181792865,0.6237904872558457
pond,pond,probe,17,prior_shift,1.0,-0.7942008723523465,100,0.31,0.4985203973789896,0.5507930385731156,0.4433897333251491
pond,pond,ntp,17,prior_shift,1.0,-0.7942008723523465,100,0.31,0.4985203973789896,0.5439696732108589,0.4174112114532693
pond,pond,probe,18,prior_shift,1.0,-0.3580469494416451,100,0.41,0.4985203973789896,0.5743700107434582,0.5265357105184474
pond,pond,ntp,18,prior_shift,1.0,-0.3580469494416451,100,0.41,0.4985203973789896,0.5594946641456737,0.4994914637693937
pond,pond,probe,19,prior_shift,1.0,-0.44139379028389814,100,0.39,0.4985203973789896,0.6325916479920084,0.5663142405883996
pond,pond,ntp,19,prior_shift,1.0,-0.44139379028389814,100,0.39,0.4985203973789896,0.6000482751255857,0.5326508302156554
pond,pond,probe,20,prior_shift,1.0,-0.1142258840822967,100,0.47,0.4985203973789896,0.478270386757813,0.4640997821849109
pond,pond,ntp,20,prior_shift,1.0,-0.1142258840822967,100,0.47,0.4985203973789896,0.5714462787021468,0.5523803597738014
pond,pond,probe,21,prior_shift,1.0,-0.841379432627437,100,0.3,0.4985203973789896,0.501733583296265,0.3992207967172062
pond,pond,ntp,21,prior_shift,1.0,-0.841379432627437,100,0.3,0.4985203973789896,0.5521716444239663,0.42123782917597086
pond,pond,probe,22,prior_shift,1.0,0.3698838049611782,100,0.59,0.4985203973789896,0.6417954207051533,0.7064904333094779
pond,pond,ntp,22,prior_shift,1.0,0.3698838049611782,100,0.59,0.4985203973789896,0.5366485890343519,0.6071414459272859
pond,pond,probe,23,prior_shift,1.0,-0.7478533746166134,100,0.32,0.4985203973789896,0.516598721435744,0.43818615313904935
pond,pond,ntp,23,prior_shift,1.0,-0.7478533746166134,100,0.32,0.4985203973789896,0.5909646036644173,0.4815983287225145
pond,pond,probe,24,prior_shift,1.0,0.04592376237346585,100,0.51,0.4985203973789896,0.6017525308469054,0.609848397320554
pond,pond,ntp,24,prior_shift,1.0,0.04592376237346585,100,0.51,0.4985203973789896,0.5712410258188835,0.5789381488303811
pond,pond,probe,25,prior_shift,1.0,-0.5694457171437952,100,0.36,0.4985203973789896,0.45854265003542233,0.3728903002974909
pond,pond,ntp,25,prior_shift,1.0,-0.5694457171437952,100,0.36,0.4985203973789896,0.4960576620810074,0.3929998225011756
pond,pond,probe,26,prior_shift,1.0,-0.1142258840822967,100,0.47,0.4985203973789896,0.6509640999481072,0.6344690817208201
pond,pond,ntp,26,prior_shift,1.0,-0.1142258840822967,100,0.47,0.4985203973789896,0.5706004541935552,0.551286498550101
pond,pond,probe,27,prior_shift,1.0,-0.841379432627437,100,0.3,0.4985203973789896,0.5191827489985408,0.40776272646946404
pond,pond,ntp,27,prior_shift,1.0,-0.841379432627437,100,0.3,0.4985203973789896,0.5597240429603696,0.42997145945633375
pond,pond,probe,28,prior_shift,1.0,0.12606273960183,100,0.53,0.4985203973789896,0.6564001917464232,0.6778485259889915
pond,pond,ntp,28,prior_shift,1.0,0.12606273960183,100,0.53,0.4985203973789896,0.5609225957571129,0.5832097473141221
pond,pond,probe,29,prior_shift,1.0,-0.5694457171437952,100,0.36,0.4985203973789896,0.6107558998307556,0.5075160455650647
pond,pond,ntp,29,prior_shift,1.0,-0.5694457171437952,100,0.36,0.4985203973789896,0.5290057700148108,0.4332304772730901
pond,pond,probe,30,prior_shift,1.0,0.32869182002281755,100,0.58,0.4985203973789896,0.5911131604573658,0.6524897205022792
pond,pond,ntp,30,prior_shift,1.0,0.32869182002281755,100,0.58,0.4985203973789896,0.5954915779904041,0.6500374141166827
pond,pond,probe,31,prior_shift,1.0,-0.5262983859875415,100,0.37,0.4985203973789896,0.49633737990478743,0.4301960656211704
pond,pond,ntp,31,prior_shift,1.0,-0.5262983859875415,100,0.37,0.4985203973789896,0.55202979983479,0.4673599424480328
pond,pond,probe,32,prior_shift,1.0,-0.27593272438122113,100,0.43,0.4985203973789896,0.5555711276002377,0.5113096443286009
pond,pond,ntp,32,prior_shift,1.0,-0.27593272438122113,100,0.43,0.4985203973789896,0.5375350537470599,0.48939800389521343
pond,pond,probe,33,prior_shift,1.0,-0.3168549645032845,100,0.42,0.4985203973789896,0.5981317598541741,0.5511639252217984
pond,pond,ntp,33,prior_shift,1.0,-0.3168549645032845,100,0.42,0.4985203973789896,0.5360625682073997,0.4804481253002467
pond,pond,probe,34,prior_shift,1.0,-0.15442422231541264,100,0.46,0.4985203973789896,0.5680797548217884,0.5457892451019055
pond,pond,ntp,34,prior_shift,1.0,-0.15442422231541264,100,0.46,0.4985203973789896,0.5837047734389813,0.5589826280557834
pond,pond,probe,35,prior_shift,1.0,-0.7942008723523465,100,0.31,0.4985203973789896,0.5935971363429025,0.4732532696591174
pond,pond,ntp,35,prior_shift,1.0,-0.7942008723523465,100,0.31,0.4985203973789896,0.5695959758939577,0.45083311801098863
pond,pond,probe,36,prior_shift,1.0,-0.07412427991376984,100,0.48,0.4985203973789896,0.6753713427890186,0.6634074042864674
pond,pond,ntp,36,prior_shift,1.0,-0.07412427991376984,100,0.48,0.4985203973789896,0.5578300676439957,0.5451303594574975
pond,pond,probe,37,prior_shift,1.0,-0.39954668034839763,100,0.4,0.4985203973789896,0.5295641352754908,0.47256393525629536
pond,pond,ntp,37,prior_shift,1.0,-0.39954668034839763,100,0.4,0.4985203973789896,0.51181802333855,0.4411093560501017
pond,pond,probe,38,prior_shift,1.0,-0.5694457171437952,100,0.36,0.4985203973789896,0.5295195644331747,0.4397891312025319
pond,pond,ntp,38,prior_shift,1.0,-0.5694457171437952,100,0.36,0.4985203973789896,0.5504331148948122,0.4582768497857672
pond,pond,probe,39,prior_shift,1.0,-1.0926938609083432,100,0.25,0.4985203973789896,0.4347454827206617,0.3008813556071674
pond,pond,ntp,39,prior_shift,1.0,-1.0926938609083432,100,0.25,0.4985203973789896,0.47688309171782156,0.29070064028107495
pond,pond,probe,40,prior_shift,1.0,-0.15442422231541264,100,0.46,0.4985203973789896,0.6839494263065251,0.6576020722227496
pond,pond,ntp,40,prior_shift,1.0,-0.15442422231541264,100,0.46,0.4985203973789896,0.6038206999618521,0.5800095066142776
pond,pond,probe,41,prior_shift,1.0,-0.15442422231541264,100,0.46,0.4985203973789896,0.5624645996043831,0.5387091865398014
pond,pond,ntp,41,prior_shift,1.0,-0.15442422231541264,100,0.46,0.4985203973789896,0.5381615905887029,0.5109252824899342
pond,pond,probe,42,prior_shift,1.0,-0.3168549645032845,100,0.42,0.4985203973789896,0.599890563291427,0.5490188081818153
pond,pond,ntp,42,prior_shift,1.0,-0.3168549645032845,100,0.42,0.4985203973789896,0.5955966356057117,0.545578342973459
pond,pond,probe,43,prior_shift,1.0,0.12606273960183,100,0.53,0.4985203973789896,0.6686528522321683,0.689298892645396
pond,pond,ntp,43,prior_shift,1.0,0.12606273960183,100,0.53,0.4985203973789896,0.591553588250641,0.6124544218991436
pond,pond,probe,44,prior_shift,1.0,-0.5694457171437952,100,0.36,0.4985203973789896,0.5760291438586836,0.4808268291210485
pond,pond,ntp,44,prior_shift,1.0,-0.5694457171437952,100,0.36,0.4985203973789896,0.5416471321799398,0.44416868978486385
pond,pond,probe,45,prior_shift,1.0,0.49546665307847243,100,0.62,0.4985203973789896,0.7044272652052436,0.7818989644934196
pond,pond,ntp,45,prior_shift,1.0,0.49546665307847243,100,0.62,0.4985203973789896,0.6083516128869746,0.6885847269474241
pond,pond,probe,46,prior_shift,1.0,-0.5262983859875415,100,0.37,0.4985203973789896,0.6212940591082609,0.5426879044480265
pond,pond,ntp,46,prior_shift,1.0,-0.5262983859875415,100,0.37,0.4985203973789896,0.6232079626291892,0.5484830958715023
pond,pond,probe,47,prior_shift,1.0,-0.48362979755893915,100,0.38,0.4985203973789896,0.610022886360876,0.5380727083893072
pond,pond,ntp,47,prior_shift,1.0,-0.48362979755893915,100,0.38,0.4985203973789896,0.5931761481141058,0.5170702580413018
pond,pond,probe,48,prior_shift,1.0,-0.3580469494416451,100,0.41,0.4985203973789896,0.500791421456241,0.44738874878400237
pond,pond,ntp,48,prior_shift,1.0,-0.3580469494416451,100,0.41,0.4985203973789896,0.5552904991008528,0.4953426382571147
pond,pond,probe,49,prior_shift,1.0,-0.9887041473842952,100,0.27,0.4985203973789896,0.4742850681942458,0.3387617391122895
pond,pond,ntp,49,prior_shift,1.0,-0.9887041473842952,100,0.27,0.4985203973789896,0.5059752424067917,0.34905148009693904
pond,pond,probe,50,prior_shift,1.0,-0.3580469494416451,100,0.41,0.4985203973789896,0.5707665112365151,0.5226465339272823
pond,pond,ntp,50,prior_shift,1.0,-0.3580469494416451,100,0.41,0.4985203973789896,0.586646724737258,0.5309925095322876
pond,pond,probe,51,prior_shift,1.0,-0.3580469494416451,100,0.41,0.4985203973789896,0.5751434281829071,0.5106040873338585
pond,pond,ntp,51,prior_shift,1.0,-0.3580469494416451,100,0.41,0.4985203973789896,0.5472654925849316,0.48533328765132344
pond,pond,probe,52,prior_shift,1.0,-0.1142258840822967,100,0.47,0.4985203973789896,0.7138355079655642,0.6962788222925169
pond,pond,ntp,52,prior_shift,1.0,-0.1142258840822967,100,0.47,0.4985203973789896,0.5952726840552041,0.5769598245193134
pond,pond,probe,53,prior_shift,1.0,-0.1142258840822967,100,0.47,0.4985203973789896,0.5862422284931936,0.5708217820504081
pond,pond,ntp,53,prior_shift,1.0,-0.1142258840822967,100,0.47,0.4985203973789896,0.5867168800008234,0.5681282840788129
pond,pond,probe,54,prior_shift,1.0,0.005918427759766653,100,0.5,0.4985203973789896,0.5843366407906287,0.5851241309278684
pond,pond,ntp,54,prior_shift,1.0,0.005918427759766653,100,0.5,0.4985203973789896,0.634852279808628,0.6356983794616811
pond,pond,probe,55,prior_shift,1.0,-0.39954668034839763,100,0.4,0.4985203973789896,0.6736825565407962,0.6027446029793865
pond,pond,ntp,55,prior_shift,1.0,-0.39954668034839763,100,0.4,0.4985203973789896,0.5705913777690587,0.5048209428002705
pond,pond,probe,56,prior_shift,1.0,-0.702266630164719,100,0.33,0.4985203973789896,0.583145878473263,0.4827885527185789
pond,pond,ntp,56,prior_shift,1.0,-0.702266630164719,100,0.33,0.4985203973789896,0.566249448242957,0.45228861562425476
pond,pond,probe,57,prior_shift,1.0,-0.3168549645032845,100,0.42,0.4985203973789896,0.6576501755991409,0.6122569089672422
pond,pond,ntp,57,prior_shift,1.0,-0.3168549645032845,100,0.42,0.4985203973789896,0.5968032338829845,0.5477672655977532
pond,pond,probe,58,prior_shift,1.0,-0.5694457171437952,100,0.36,0.4985203973789896,0.5575955073666437,0.46969691013278847
pond,pond,ntp,58,prior_shift,1.0,-0.5694457171437952,100,0.36,0.4985203973789896,0.5255318439175042,0.4288048804228622
pond,pond,probe,59,prior_shift,1.0,-0.23524362905712143,100,0.44,0.4985203973789896,0.5814305559517708,0.5451574571106863
pond,pond,ntp,59,prior_shift,1.0,-0.23524362905712143,100,0.44,0.4985203973789896,0.5829707169228372,0.544712382473105
pond,pond,probe,60,prior_shift,1.0,-0.15442422231541264,100,0.46,0.4985203973789896,0.6307011231637473,0.6028547129744489
pond,pond,ntp,60,prior_shift,1.0,-0.15442422231541264,100,0.46,0.4985203973789896,0.5636794540190225,0.5376303619475666
pond,pond,probe,61,prior_shift,1.0,-0.702266630164719,100,0.33,0.4985203973789896,0.5868441108622029,0.45467739618312847
pond,pond,ntp,61,prior_shift,1.0,-0.702266630164719,100,0.33,0.4985203973789896,0.5305423634629036,0.41259055824742413
pond,pond,probe,62,prior_shift,1.0,-0.48362979755893915,100,0.38,0.4985203973789896,0.5285283750425097,0.46899017514513525
pond,pond,ntp,62,prior_shift,1.0,-0.48362979755893915,100,0.38,0.4985203973789896,0.5969487437161481,0.5221355807626508
pond,pond,probe,63,prior_shift,1.0,0.005918427759766653,100,0.5,0.4985203973789896,0.674500181639253,0.6754010339601584
pond,pond,ntp,63,prior_shift,1.0,0.005918427759766653,100,0.5,0.4985203973789896,0.5767347523930796,0.577721040202775
pond,pond,probe,64,prior_shift,1.0,0.16626107783494617,100,0.54,0.4985203973789896,0.6198582237924564,0.6437623412531005
pond,pond,ntp,64,prior_shift,1.0,0.16626107783494617,100,0.54,0.4985203973789896,0.6397096743224906,0.6642559611823028
pond,pond,probe,65,prior_shift,1.0,-0.19475226770238446,100,0.45,0.4985203973789896,0.5173184897043914,0.4899752158567201
pond,pond,ntp,65,prior_shift,1.0,-0.19475226770238446,100,0.45,0.4985203973789896,0.5330447463196903,0.49749742807762765
pond,pond,probe,66,prior_shift,1.0,-0.19475226770238446,100,0.45,0.4985203973789896,0.5498379379515067,0.5220547872089655
pond,pond,ntp,66,prior_shift,1.0,-0.19475226770238446,100,0.45,0.4985203973789896,0.5432344076132609,0.5099270071128791
pond,pond,probe,67,prior_shift,1.0,-0.27593272438122113,100,0.43,0.4985203973789896,0.6349726027086425,0.584197930235257
pond,pond,ntp,67,prior_shift,1.0,-0.27593272438122113,100,0.43,0.4985203973789896,0.5298555787722894,0.4801365241487126
pond,pond,probe,68,prior_shift,1.0,-0.3168549645032845,100,0.42,0.4985203973789896,0.5454151313604158,0.508792262843022
pond,pond,ntp,68,prior_shift,1.0,-0.3168549645032845,100,0.42,0.4985203973789896,0.5919991453409881,0.5429556422843442
pond,pond,probe,69,prior_shift,1.0,-0.034086906853932536,100,0.49,0.4985203973789896,0.5663807493017808,0.5608192011391628
pond,pond,ntp,69,prior_shift,1.0,-0.034086906853932536,100,0.49,0.4985203973789896,0.5502547626953023,0.5443434926056626
pond,pond,probe,70,prior_shift,1.0,-0.39954668034839763,100,0.4,0.4985203973789896,0.6159709455532576,0.5424821726629095
pond,pond,ntp,70,prior_shift,1.0,-0.39954668034839763,100,0.4,0.4985203973789896,0.5256625498996442,0.45297257196635704
pond,pond,probe,71,prior_shift,1.0,-0.3580469494416451,100,0.41,0.4985203973789896,0.5131456316081274,0.4642896363235256
pond,pond,ntp,71,prior_shift,1.0,-0.3580469494416451,100,0.41,0.4985203973789896,0.5317223963115074,0.4690430620714561
pond,pond,probe,72,prior_shift,1.0,0.24708048457665494,100,0.56,0.4985203973789896,0.6062652507837508,0.6495680537820228
pond,pond,ntp,72,prior_shift,1.0,0.24708048457665494,100,0.56,0.4985203973789896,0.5942759798354007,0.6353464823639883
pond,pond,probe,73,prior_shift,1.0,-0.19475226770238446,100,0.45,0.4985203973789896,0.5998482801792886,0.5716360585923287
pond,pond,ntp,73,prior_shift,1.0,-0.19475226770238446,100,0.45,0.4985203973789896,0.5790600024991838,0.5471333878110365
pond,pond,probe,74,prior_shift,1.0,-0.3580469494416451,100,0.41,0.4985203973789896,0.49846845776681903,0.4476759355236154
pond,pond,ntp,74,prior_shift,1.0,-0.3580469494416451,100,0.41,0.4985203973789896,0.5458510990172731,0.48474323375790135
pond,pond,probe,75,prior_shift,1.0,0.12606273960183,100,0.53,0.4985203973789896,0.712486295634494,0.7320662539602749
pond,pond,ntp,75,prior_shift,1.0,0.12606273960183,100,0.53,0.4985203973789896,0.6154127981838655,0.6355400264811402
pond,pond,probe,76,prior_shift,1.0,-0.07412427991376984,100,0.48,0.4985203973789896,0.541897405781025,0.5310537030229816
pond,pond,ntp,76,prior_shift,1.0,-0.07412427991376984,100,0.48,0.4985203973789896,0.5631273187579642,0.5508872763473753
pond,pond,probe,77,prior_shift,1.0,-0.44139379028389814,100,0.39,0.4985203973789896,0.7177732701014691,0.6430076159786949
pond,pond,ntp,77,prior_shift,1.0,-0.44139379028389814,100,0.39,0.4985203973789896,0.5787281956212124,0.503586305081767
pond,pond,probe,78,prior_shift,1.0,0.12606273960183,100,0.53,0.4985203973789896,0.6476272746306946,0.6682622200762098
pond,pond,ntp,78,prior_shift,1.0,0.12606273960183,100,0.53,0.4985203973789896,0.6057755110480542,0.626142196885205
pond,pond,probe,79,prior_shift,1.0,-0.39954668034839763,100,0.4,0.4985203973789896,0.4955654822480934,0.4448597034063973
pond,pond,ntp,79,prior_shift,1.0,-0.39954668034839763,100,0.4,0.4985203973789896,0.5492176476027266,0.4828204786661874
pond,pond,probe,80,prior_shift,1.0,-0.15442422231541264,100,0.46,0.4985203973789896,0.5979994106326131,0.5701762818992756
pond,pond,ntp,80,prior_shift,1.0,-0.15442422231541264,100,0.46,0.4985203973789896,0.5504162341997754,0.5226135340676081
pond,pond,probe,81,prior_shift,1.0,0.005918427759766653,100,0.5,0.4985203973789896,0.6762595159932043,0.6772763393670526
pond,pond,ntp,81,prior_shift,1.0,0.005918427759766653,100,0.5,0.4985203973789896,0.6476421649944095,0.6485069181399026
pond,pond,probe,82,prior_shift,1.0,-0.7942008723523465,100,0.31,0.4985203973789896,0.6350978057055587,0.5277038186606756
pond,pond,ntp,82,prior_shift,1.0,-0.7942008723523465,100,0.31,0.4985203973789896,0.6059049014569822,0.4894899352249278
pond,pond,probe,83,prior_shift,1.0,-0.702266630164719,100,0.33,0.4985203973789896,0.4824551761237588,0.377682959934883
pond,pond,ntp,83,prior_shift,1.0,-0.702266630164719,100,0.33,0.4985203973789896,0.5506527257183094,0.43737077246752387
pond,pond,probe,84,prior_shift,1.0,-0.44139379028389814,100,0.39,0.4985203973789896,0.5725964003772172,0.5040994153473835
pond,pond,ntp,84,prior_shift,1.0,-0.44139379028389814,100,0.39,0.4985203973789896,0.5578822045929429,0.48516941899321403
pond,pond,probe,85,prior_shift,1.0,0.49546665307847243,100,0.62,0.4985203973789896,0.6471605124475269,0.7220117588897748
pond,pond,ntp,85,prior_shift,1.0,0.49546665307847243,100,0.62,0.4985203973789896,0.6381237935936298,0.7114476440293427
pond,pond,probe,86,prior_shift,1.0,-0.1142258840822967,100,0.47,0.4985203973789896,0.6680934250561851,0.6513627137119063
pond,pond,ntp,86,prior_shift,1.0,-0.1142258840822967,100,0.47,0.4985203973789896,0.5710836812473874,0.5522157469903367
pond,pond,probe,87,prior_shift,1.0,0.32869182002281755,100,0.58,0.4985203973789896,0.7516628963616568,0.7951192706158323
pond,pond,ntp,87,prior_shift,1.0,0.32869182002281755,100,0.58,0.4985203973789896,0.6898930863328515,0.7322754490408474
pond,pond,probe,88,prior_shift,1.0,-0.27593272438122113,100,0.43,0.4985203973789896,0.5263256378130257,0.49489683577450355
pond,pond,ntp,88,prior_shift,1.0,-0.27593272438122113,100,0.43,0.4985203973789896,0.5868257664240629,0.5438025886144419
pond,pond,probe,89,prior_shift,1.0,-0.3168549645032845,100,0.42,0.4985203973789896,0.5479199096853118,0.5062594002707431
pond,pond,ntp,89,prior_shift,1.0,-0.3168549645032845,100,0.42,0.4985203973789896,0.5371511220071928,0.48291836453134074
pond,pond,probe,90,prior_shift,1.0,-0.702266630164719,100,0.33,0.4985203973789896,0.600219472187264,0.5057013781739058
pond,pond,ntp,90,prior_shift,1.0,-0.702266630164719,100,0.33,0.4985203973789896,0.551365671625737,0.4353719774799918
pond,pond,probe,91,prior_shift,1.0,-0.27593272438122113,100,0.43,0.4985203973789896,0.5238518780121267,0.4882086064141386
pond,pond,ntp,91,prior_shift,1.0,-0.27593272438122113,100,0.43,0.4985203973789896,0.6135856214242247,0.5742127017417856
pond,pond,probe,92,prior_shift,1.0,-0.6573757896504974,100,0.34,0.4985203973789896,0.4236247568723705,0.34557182504044937
pond,pond,ntp,92,prior_shift,1.0,-0.6573757896504974,100,0.34,0.4985203973789896,0.5295727623541455,0.41985115034080644
pond,pond,probe,93,prior_shift,1.0,-0.7478533746166134,100,0.32,0.4985203973789896,0.48353936688550453,0.3796106082581386
pond,pond,ntp,93,prior_shift,1.0,-0.7478533746166134,100,0.32,0.4985203973789896,0.5282796296226754,0.40464291147590364
pond,pond,probe,94,prior_shift,1.0,-0.07412427991376984,100,0.48,0.4985203973789896,0.6826163874416536,0.6708049150709487
pond,pond,ntp,94,prior_shift,1.0,-0.07412427991376984,100,0.48,0.4985203973789896,0.5660816202650125,0.553556614881726
pond,pond,probe,95,prior_shift,1.0,0.12606273960183,100,0.53,0.4985203973789896,0.6250815339742991,0.6461412615444033
pond,pond,ntp,95,prior_shift,1.0,0.12606273960183,100,0.53,0.4985203973789896,0.6127632568492417,0.6323912842937743
pond,pond,probe,96,prior_shift,1.0,0.2877695799007542,100,0.57,0.4985203973789896,0.5788756057152529,0.628756040701003
pond,pond,ntp,96,prior_shift,1.0,0.2877695799007542,100,0.57,0.4985203973789896,0.5723630792659802,0.6239198261601142
pond,pond,probe,97,prior_shift,1.0,0.12606273960183,100,0.53,0.4985203973789896,0.619567831833906,0.6378380006509347
pond,pond,ntp,97,prior_shift,1.0,0.12606273960183,100,0.53,0.4985203973789896,0.5745721766147242,0.5960075122179894
pond,pond,probe,98,prior_shift,1.0,-0.15442422231541264,100,0.46,0.4985203973789896,0.6867529170547096,0.6622900627958451
pond,pond,ntp,98,prior_shift,1.0,-0.15442422231541264,100,0.46,0.4985203973789896,0.5853511132948452,0.5606744254035076
pond,pond,probe,99,prior_shift,1.0,-0.15442422231541264,100,0.46,0.4985203973789896,0.6609988073938072,0.635017877781802
pond,pond,ntp,99,prior_shift,1.0,-0.15442422231541264,100,0.46,0.4985203973789896,0.5938711243911033,0.5682823040022105
pond,nfix,probe,0,prior_shift,1.0,-1.0926938609083432,100,0.25,0.4985203973789896,0.6241906631399692,0.4334640405097482
pond,nfix,ntp,0,prior_shift,1.0,-1.0926938609083432,100,0.25,0.4985203973789896,0.6486656157762246,0.493946722007303
pond,nfix,probe,1,prior_shift,1.0,-0.6131207806464568,100,0.35,0.4985203973789896,0.6041607459721688,0.4931017578757716
pond,nfix,ntp,1,prior_shift,1.0,-0.6131207806464568,100,0.35,0.4985203973789896,0.6436160891760478,0.5530256231562962
pond,nfix,probe,2,prior_shift,1.0,-1.0926938609083432,100,0.25,0.4985203973789896,0.5679519136509834,0.38158663735245546
pond,nfix,ntp,2,prior_shift,1.0,-1.0926938609083432,100,0.25,0.4985203973789896,0.6370997635815207,0.49277920041506124
pond,nfix,probe,3,prior_shift,1.0,-1.146761082178619,100,0.24,0.4985203973789896,0.4823169848472498,0.28309332094227135
pond,nfix,ntp,3,prior_shift,1.0,-1.146761082178619,100,0.24,0.4985203973789896,0.5889398393954831,0.4235757737748309
pond,nfix,probe,4,prior_shift,1.0,-0.5694457171437952,100,0.36,0.4985203973789896,0.6047443286374093,0.5037394258523163
pond,nfix,ntp,4,prior_shift,1.0,-0.5694457171437952,100,0.36,0.4985203973789896,0.6199064172645945,0.5312911398816543
pond,nfix,probe,5,prior_shift,1.0,-0.6131207806464568,100,0.35,0.4985203973789896,0.5489849059439723,0.4450190285645568
pond,nfix,ntp,5,prior_shift,1.0,-0.6131207806464568,100,0.35,0.4985203973789896,0.6321439422857776,0.5439761763014895
pond,nfix,probe,6,prior_shift,1.0,-0.7942008723523465,100,0.31,0.4985203973789896,0.564340667170348,0.43239237746853215
pond,nfix,ntp,6,prior_shift,1.0,-0.7942008723523465,100,0.31,0.4985203973789896,0.6348962868188458,0.5220990549915391
pond,nfix,probe,7,prior_shift,1.0,-1.2023927781647676,100,0.23,0.4985203973789896,0.46568935212463797,0.2636118967876014
pond,nfix,ntp,7,prior_shift,1.0,-1.2023927781647676,100,0.23,0.4985203973789896,0.5847319847582599,0.40837290035850415
pond,nfix,probe,8,prior_shift,1.0,-0.7478533746166134,100,0.32,0.4985203973789896,0.5453827952825756,0.4081543065064813
pond,nfix,ntp,8,prior_shift,1.0,-0.7478533746166134,100,0.32,0.4985203973789896,0.6559452856858037,0.5595095567424273
pond,nfix,probe,9,prior_shift,1.0,-1.2023927781647676,100,0.23,0.4985203973789896,0.6125373378379039,0.4086494820730331
pond,nfix,ntp,9,prior_shift,1.0,-1.2023927781647676,100,0.23,0.4985203973789896,0.5847451311756341,0.39759742903966727
pond,nfix,probe,10,prior_shift,1.0,-1.2023927781647676,100,0.23,0.4985203973789896,0.5704907598813438,0.39184320544116913
pond,nfix,ntp,10,prior_shift,1.0,-1.2023927781647676,100,0.23,0.4985203973789896,0.555145499847058,0.3746049953213044
pond,nfix,probe,11,prior_shift,1.0,-1.040050127422921,100,0.26,0.4985203973789896,0.5598541993444546,0.36438865160139117
pond,nfix,ntp,11,prior_shift,1.0,-1.040050127422921,100,0.26,0.4985203973789896,0.6902495496323751,0.558298479685237
pond,nfix,probe,12,prior_shift,1.0,-0.8894656192950746,100,0.29,0.4985203973789896,0.5726420277019958,0.3995575463430691
pond,nfix,ntp,12,prior_shift,1.0,-0.8894656192950746,100,0.29,0.4985203973789896,0.6291481330026262,0.5115722470098687
pond,nfix,probe,13,prior_shift,1.0,-0.9887041473842952,100,0.27,0.4985203973789896,0.595246081247637,0.4273942563781393
pond,nfix,ntp,13,prior_shift,1.0,-0.9887041473842952,100,0.27,0.4985203973789896,0.5776955794561128,0.4138127962969878
pond,nfix,probe,14,prior_shift,1.0,-1.0926938609083432,100,0.25,0.4985203973789896,0.6267165495865086,0.4497945865653311
pond,nfix,ntp,14,prior_shift,1.0,-1.0926938609083432,100,0.25,0.4985203973789896,0.6715963504307907,0.5332052571385674
pond,nfix,probe,15,prior_shift,1.0,-0.9385431810810845,100,0.28,0.4985203973789896,0.5215040127859054,0.3521667801294421
pond,nfix,ntp,15,prior_shift,1.0,-0.9385431810810845,100,0.28,0.4985203973789896,0.6297196556764452,0.49578134989036216
pond,nfix,probe,16,prior_shift,1.0,-1.2597479455715093,100,0.22,0.4985203973789896,0.6045484810710845,0.38298719296975525
pond,nfix,ntp,16,prior_shift,1.0,-1.2597479455715093,100,0.22,0.4985203973789896,0.6110611339422737,0.4226652470439434
pond,nfix,probe,17,prior_shift,1.0,-0.841379432627437,100,0.3,0.4985203973789896,0.5884934128340191,0.4393158849919569
pond,nfix,ntp,17,prior_shift,1.0,-0.841379432627437,100,0.3,0.4985203973789896,0.6202544140252526,0.4981122607249206
pond,nfix,probe,18,prior_shift,1.0,-1.2597479455715093,100,0.22,0.4985203973789896,0.5105672350598668,0.3012228052215554
pond,nfix,ntp,18,prior_shift,1.0,-1.2597479455715093,100,0.22,0.4985203973789896,0.6458933980746151,0.49129071689612835
pond,nfix,probe,19,prior_shift,1.0,-1.2597479455715093,100,0.22,0.4985203973789896,0.5994334076367958,0.382377691112807
pond,nfix,ntp,19,prior_shift,1.0,-1.2597479455715093,100,0.22,0.4985203973789896,0.6036936050744492,0.42652412899642406
pond,nfix,probe,20,prior_shift,1.0,-0.6131207806464568,100,0.35,0.4985203973789896,0.46182826841276287,0.35407391812176287
pond,nfix,ntp,20,prior_shift,1.0,-0.6131207806464568,100,0.35,0.4985203973789896,0.6188393443300273,0.5280838141893903
pond,nfix,probe,21,prior_shift,1.0,-0.9385431810810845,100,0.28,0.4985203973789896,0.586786288431967,0.41579081115453626
pond,nfix,ntp,21,prior_shift,1.0,-0.9385431810810845,100,0.28,0.4985203973789896,0.6329374351802148,0.503580207797703
pond,nfix,probe,22,prior_shift,1.0,-1.579708835980615,100,0.17,0.4985203973789896,0.5493832188766983,0.29759892987676356
pond,nfix,ntp,22,prior_shift,1.0,-1.579708835980615,100,0.17,0.4985203973789896,0.626735881510906,0.4278862118826487
pond,nfix,probe,23,prior_shift,1.0,-0.7942008723523465,100,0.31,0.4985203973789896,0.6019755435669051,0.46866416860750815
pond,nfix,ntp,23,prior_shift,1.0,-0.7942008723523465,100,0.31,0.4985203973789896,0.6303887632694659,0.5206415396006012
pond,nfix,probe,24,prior_shift,1.0,-1.040050127422921,100,0.26,0.4985203973789896,0.6045802818143957,0.40549230104735506
pond,nfix,ntp,24,prior_shift,1.0,-1.040050127422921,100,0.26,0.4985203973789896,0.6973839989001219,0.567657041542307
pond,nfix,probe,25,prior_shift,1.0,-1.146761082178619,100,0.24,0.4985203973789896,0.4486093587349251,0.25465196854452965
pond,nfix,ntp,25,prior_shift,1.0,-1.146761082178619,100,0.24,0.4985203973789896,0.5341894703875749,0.35666387541558997
pond,nfix,probe,26,prior_shift,1.0,-1.579708835980615,100,0.17,0.4985203973789896,0.664333252869599,0.38585674370049383
pond,nfix,ntp,26,prior_shift,1.0,-1.579708835980615,100,0.17,0.4985203973789896,0.595078993582276,0.364319170182782
pond,nfix,probe,27,prior_shift,1.0,-1.2023927781647676,100,0.23,0.4985203973789896,0.6270912627716924,0.4101004996606397
pond,nfix,ntp,27,prior_shift,1.0,-1.2023927781647676,100,0.23,0.4985203973789896,0.6403617487610912,0.472038922859231
pond,nfix,probe,28,prior_shift,1.0,-1.146761082178619,100,0.24,0.4985203973789896,0.7275652552071198,0.5193469768108789
pond,nfix,ntp,28,prior_shift,1.0,-1.146761082178619,100,0.24,0.4985203973789896,0.7216625493344324,0.5811516728543854
pond,nfix,probe,29,prior_shift,1.0,-1.040050127422921,100,0.26,0.4985203973789896,0.551181097816172,0.3815011020485556
pond,nfix,ntp,29,prior_shift,1.0,-1.040050127422921,100,0.26,0.4985203973789896,0.6100814170069593,0.4633613302323505
pond,nfix,probe,30,prior_shift,1.0,-0.8894656192950746,100,0.29,0.4985203973789896,0.5062089369865531,0.34879055354112226
pond,nfix,ntp,30,prior_shift,1.0,-0.8894656192950746,100,0.29,0.4985203973789896,0.6197102815293958,0.497886077773296
pond,nfix,probe,31,prior_shift,1.0,-0.9887041473842952,100,0.27,0.4985203973789896,0.46786006441795136,0.3000864861918677
pond,nfix,ntp,31,prior_shift,1.0,-0.9887041473842952,100,0.27,0.4985203973789896,0.5715802700526331,0.419642868759393
pond,nfix,probe,32,prior_shift,1.0,-0.5694457171437952,100,0.36,0.4985203973789896,0.555481532277601,0.4484499666931635
pond,nfix,ntp,32,prior_shift,1.0,-0.5694457171437952,100,0.36,0.4985203973789896,0.6902281080357697,0.6185001866998721
pond,nfix,probe,33,prior_shift,1.0,-0.7942008723523465,100,0.31,0.4985203973789896,0.5287382847505021,0.383211465213615
pond,nfix,ntp,33,prior_shift,1.0,-0.7942008723523465,100,0.31,0.4985203973789896,0.6529471981139302,0.5432216065898857
pond,nfix,probe,34,prior_shift,1.0,-1.2023927781647676,100,0.23,0.4985203973789896,0.47277509607874607,0.2649030015852522
pond,nfix,ntp,34,prior_shift,1.0,-1.2023927781647676,100,0.23,0.4985203973789896,0.576127404408989,0.39805532249511694
pond,nfix,probe,35,prior_shift,1.0,-0.7942008723523465,100,0.31,0.4985203973789896,0.7061432436210757,0.5689657424581948
pond,nfix,ntp,35,prior_shift,1.0,-0.7942008723523465,100,0.31,0.4985203973789896,0.6726753102857858,0.568798833856677
pond,nfix,probe,36,prior_shift,1.0,-0.6573757896504974,100,0.34,0.4985203973789896,0.6091640040258457,0.49241633980750094
pond,nfix,ntp,36,prior_shift,1.0,-0.6573757896504974,100,0.34,0.4985203973789896,0.6340711989601678,0.5402912118331336
pond,nfix,probe,37,prior_shift,1.0,-1.2597479455715093,100,0.22,0.4985203973789896,0.4848019106243149,0.2702755811558021
pond,nfix,ntp,37,prior_shift,1.0,-1.2597479455715093,100,0.22,0.4985203973789896,0.5712186009997747,0.3929012784835049
pond,nfix,probe,38,prior_shift,1.0,-1.579708835980615,100,0.17,0.4985203973789896,0.5605224067249586,0.26610485307532494
pond,nfix,ntp,38,prior_shift,1.0,-1.579708835980615,100,0.17,0.4985203973789896,0.6322975660982828,0.4335635185187442
pond,nfix,probe,39,prior_shift,1.0,-0.9385431810810845,100,0.28,0.4985203973789896,0.6013365315510371,0.43298862600378507
pond,nfix,ntp,39,prior_shift,1.0,-0.9385431810810845,100,0.28,0.4985203973789896,0.6337140761945717,0.49796022977519483
pond,nfix,probe,40,prior_shift,1.0,-1.2597479455715093,100,0.22,0.4985203973789896,0.5533700391370715,0.3458136360646165
pond,nfix,ntp,40,prior_shift,1.0,-1.2597479455715093,100,0.22,0.4985203973789896,0.6204278938363952,0.4454636926670381
pond,nfix,probe,41,prior_shift,1.0,-0.9887041473842952,100,0.27,0.4985203973789896,0.5804997979695021,0.4156249651860112
pond,nfix,ntp,41,prior_shift,1.0,-0.9887041473842952,100,0.27,0.4985203973789896,0.6455274774057432,0.5103450291988194
pond,nfix,probe,42,prior_shift,1.0,-1.040050127422921,100,0.26,0.4985203973789896,0.5818989082871795,0.4067125201075561
pond,nfix,ntp,42,prior_shift,1.0,-1.040050127422921,100,0.26,0.4985203973789896,0.6077780172482291,0.4458136126616982
pond,nfix,probe,43,prior_shift,1.0,-1.2597479455715093,100,0.22,0.4985203973789896,0.6105173413630728,0.38680815508637506
pond,nfix,ntp,43,prior_shift,1.0,-1.2597479455715093,100,0.22,0.4985203973789896,0.6304946859408713,0.4571838363815934
pond,nfix,probe,44,prior_shift,1.0,-1.040050127422921,100,0.26,0.4985203973789896,0.5422354651026515,0.34547665685782697
pond,nfix,ntp,44,prior_shift,1.0,-1.040050127422921,100,0.26,0.4985203973789896,0.6459763355837331,0.5077384946602863
pond,nfix,probe,45,prior_shift,1.0,-0.9385431810810845,100,0.28,0.4985203973789896,0.5827617969554552,0.4279940264485534
pond,nfix,ntp,45,prior_shift,1.0,-0.9385431810810845,100,0.28,0.4985203973789896,0.6231039943771186,0.4837479945439156
pond,nfix,probe,46,prior_shift,1.0,-0.7942008723523465,100,0.31,0.4985203973789896,0.7294055771522677,0.595620278068497
pond,nfix,ntp,46,prior_shift,1.0,-0.7942008723523465,100,0.31,0.4985203973789896,0.697249040529026,0.5901784911125745
pond,nfix,probe,47,prior_shift,1.0,-0.7942008723523465,100,0.31,0.4985203973789896,0.6298039599941716,0.48700978471011713
pond,nfix,ntp,47,prior_shift,1.0,-0.7942008723523465,100,0.31,0.4985203973789896,0.6952126210505692,0.5961675833449598
pond,nfix,probe,48,prior_shift,1.0,-0.9385431810810845,100,0.28,0.4985203973789896,0.600508943159624,0.44054619842968157
pond,nfix,ntp,48,prior_shift,1.0,-0.9385431810810845,100,0.28,0.4985203973789896,0.6271706923588506,0.49319376810570803
pond,nfix,probe,49,prior_shift,1.0,-1.0926938609083432,100,0.25,0.4985203973789896,0.5170042389486347,0.32757720287263775
pond,nfix,ntp,49,prior_shift,1.0,-1.0926938609083432,100,0.25,0.4985203973789896,0.6054665741200652,0.45664000648150305
pond,nfix,probe,50,prior_shift,1.0,-0.702266630164719,100,0.33,0.4985203973789896,0.6126024120203336,0.49200182735180276
pond,nfix,ntp,50,prior_shift,1.0,-0.702266630164719,100,0.33,0.4985203973789896,0.6565073430858313,0.5596844085226331
pond,nfix,probe,51,prior_shift,1.0,-1.2597479455715093,100,0.22,0.4985203973789896,0.49406577523553835,0.2674451896845148
pond,nfix,ntp,51,prior_shift,1.0,-1.2597479455715093,100,0.22,0.4985203973789896,0.6383444073672402,0.4688784581776201
pond,nfix,probe,52,prior_shift,1.0,-0.6131207806464568,100,0.35,0.4985203973789896,0.7991208388124679,0.7071476188828681
pond,nfix,ntp,52,prior_shift,1.0,-0.6131207806464568,100,0.35,0.4985203973789896,0.6755812631944913,0.5908291005742581
pond,nfix,probe,53,prior_shift,1.0,-1.4440917477462318,100,0.19,0.4985203973789896,0.5246369721865574,0.2891708936234426
pond,nfix,ntp,53,prior_shift,1.0,-1.4440917477462318,100,0.19,0.4985203973789896,0.601128632312506,0.4040732670622941
pond,nfix,probe,54,prior_shift,1.0,-1.3190069869838321,100,0.21,0.4985203973789896,0.5873631555954674,0.3412278738431765
pond,nfix,ntp,54,prior_shift,1.0,-1.3190069869838321,100,0.21,0.4985203973789896,0.6729698984478699,0.5066690090933489
pond,nfix,probe,55,prior_shift,1.0,-0.7478533746166134,100,0.32,0.4985203973789896,0.6463985150723605,0.5344297025307292
pond,nfix,ntp,55,prior_shift,1.0,-0.7478533746166134,100,0.32,0.4985203973789896,0.6100569826618824,0.49982898434387635
pond,nfix,probe,56,prior_shift,1.0,-1.4440917477462318,100,0.19,0.4985203973789896,0.6168069422517931,0.36877429082474256
pond,nfix,ntp,56,prior_shift,1.0,-1.4440917477462318,100,0.19,0.4985203973789896,0.6440961017886252,0.4501295302350601
pond,nfix,probe,57,prior_shift,1.0,-1.0926938609083432,100,0.25,0.4985203973789896,0.6187491094077084,0.4301285384260497
pond,nfix,ntp,57,prior_shift,1.0,-1.0926938609083432,100,0.25,0.4985203973789896,0.6419763325664738,0.49360368662301984
pond,nfix,probe,58,prior_shift,1.0,-1.040050127422921,100,0.26,0.4985203973789896,0.6101024515261968,0.42306870432653654
pond,nfix,ntp,58,prior_shift,1.0,-1.040050127422921,100,0.26,0.4985203973789896,0.6445605267815965,0.5138759160998629
pond,nfix,probe,59,prior_shift,1.0,-0.7478533746166134,100,0.32,0.4985203973789896,0.5522518753566108,0.4151293889738581
pond,nfix,ntp,59,prior_shift,1.0,-0.7478533746166134,100,0.32,0.4985203973789896,0.6989213589438548,0.6052769991067997
pond,nfix,probe,60,prior_shift,1.0,-1.510429061608322,100,0.18,0.4985203973789896,0.5210144748378169,0.26146433734706703
pond,nfix,ntp,60,prior_shift,1.0,-1.510429061608322,100,0.18,0.4985203973789896,0.610511196743162,0.3987720056462723
pond,nfix,probe,61,prior_shift,1.0,-0.841379432627437,100,0.3,0.4985203973789896,0.48823291957597903,0.33439451339304027
pond,nfix,ntp,61,prior_shift,1.0,-0.841379432627437,100,0.3,0.4985203973789896,0.6232778851181398,0.5051943068865735
pond,nfix,probe,62,prior_shift,1.0,-1.3190069869838321,100,0.21,0.4985203973789896,0.5816637095293455,0.3494406778453483
pond,nfix,ntp,62,prior_shift,1.0,-1.3190069869838321,100,0.21,0.4985203973789896,0.6459625238028337,0.4664220252148916
pond,nfix,probe,63,prior_shift,1.0,-1.579708835980615,100,0.17,0.4985203973789896,0.7165758972624339,0.4281360678073448
pond,nfix,ntp,63,prior_shift,1.0,-1.579708835980615,100,0.17,0.4985203973789896,0.6876944561273683,0.48908045825874014
pond,nfix,probe,64,prior_shift,1.0,-1.0926938609083432,100,0.25,0.4985203973789896,0.5245680398004806,0.3465008234623233
pond,nfix,ntp,64,prior_shift,1.0,-1.0926938609083432,100,0.25,0.4985203973789896,0.5903432764156443,0.4283030480327776
pond,nfix,probe,65,prior_shift,1.0,-0.9887041473842952,100,0.27,0.4985203973789896,0.5532036893755727,0.3718958660824535
pond,nfix,ntp,65,prior_shift,1.0,-0.9887041473842952,100,0.27,0.4985203973789896,0.6817138159304298,0.5598188942429211
pond,nfix,probe,66,prior_shift,1.0,-1.040050127422921,100,0.26,0.4985203973789896,0.5117511524156201,0.33808945184209127
pond,nfix,ntp,66,prior_shift,1.0,-1.040050127422921,100,0.26,0.4985203973789896,0.6357451211972139,0.4985285306810016
pond,nfix,probe,67,prior_shift,1.0,-0.8894656192950746,100,0.29,0.4985203973789896,0.6283758888528364,0.47385683022182207
pond,nfix,ntp,67,prior_shift,1.0,-0.8894656192950746,100,0.29,0.4985203973789896,0.6773749493245524,0.563909400912961
pond,nfix,probe,68,prior_shift,1.0,-1.0926938609083432,100,0.25,0.4985203973789896,0.677472102212816,0.4797295137013935
pond,nfix,ntp,68,prior_shift,1.0,-1.0926938609083432,100,0.25,0.4985203973789896,0.6256857037374053,0.4601025171612516
pond,nfix,probe,69,prior_shift,1.0,-0.7478533746166134,100,0.32,0.4985203973789896,0.5723231276623685,0.43695292861634927
pond,nfix,ntp,69,prior_shift,1.0,-0.7478533746166134,100,0.32,0.4985203973789896,0.6668060817632483,0.5690997480057648
pond,nfix,probe,70,prior_shift,1.0,-0.8894656192950746,100,0.29,0.4985203973789896,0.5072620361226349,0.35138502357551005
pond,nfix,ntp,70,prior_shift,1.0,-0.8894656192950746,100,0.29,0.4985203973789896,0.6259430856452998,0.5035400869661644
pond,nfix,probe,71,prior_shift,1.0,-1.2597479455715093,100,0.22,0.4985203973789896,0.5240193853776552,0.3078621764141186
pond,nfix,ntp,71,prior_shift,1.0,-1.2597479455715093,100,0.22,0.4985203973789896,0.5925279147347527,0.40979747994955035
pond,nfix,probe,72,prior_shift,1.0,-0.7942008723523465,100,0.31,0.4985203973789896,0.5390788601658864,0.38820838273102043
pond,nfix,ntp,72,prior_shift,1.0,-0.7942008723523465,100,0.31,0.4985203973789896,0.5814972885461726,0.45968798079341994
pond,nfix,probe,73,prior_shift,1.0,-0.841379432627437,100,0.3,0.4985203973789896,0.588463472364221,0.4324711093791697
pond,nfix,ntp,73,prior_shift,1.0,-0.841379432627437,100,0.3,0.4985203973789896,0.6390810769077379,0.518650861588998
pond,nfix,probe,74,prior_shift,1.0,-1.146761082178619,100,0.24,0.4985203973789896,0.5699579454379625,0.36181579625258165
pond,nfix,ntp,74,prior_shift,1.0,-1.146761082178619,100,0.24,0.4985203973789896,0.6043187945476004,0.44035164778378927
pond,nfix,probe,75,prior_shift,1.0,-0.7478533746166134,100,0.32,0.4985203973789896,0.6502361744800819,0.5362245458173027
pond,nfix,ntp,75,prior_shift,1.0,-0.7478533746166134,100,0.32,0.4985203973789896,0.663604463995397,0.564793419685325
pond,nfix,probe,76,prior_shift,1.0,-1.3190069869838321,100,0.21,0.4985203973789896,0.4986511272087623,0.2775185158505275
pond,nfix,ntp,76,prior_shift,1.0,-1.3190069869838321,100,0.21,0.4985203973789896,0.6318061793137635,0.45823741153403774
pond,nfix,probe,77,prior_shift,1.0,-0.9385431810810845,100,0.28,0.4985203973789896,0.7236587659762047,0.5709983687755824
pond,nfix,ntp,77,prior_shift,1.0,-0.9385431810810845,100,0.28,0.4985203973789896,0.6757073204797314,0.5516851301837037
pond,nfix,probe,78,prior_shift,1.0,-0.6131207806464568,100,0.35,0.4985203973789896,0.6593962990669915,0.5584703612351141
pond,nfix,ntp,78,prior_shift,1.0,-0.6131207806464568,100,0.35,0.4985203973789896,0.6854845619753169,0.60678477975936
pond,nfix,probe,79,prior_shift,1.0,-1.3190069869838321,100,0.21,0.4985203973789896,0.45667737976988626,0.2549501770298854
pond,nfix,ntp,79,prior_shift,1.0,-1.3190069869838321,100,0.21,0.4985203973789896,0.6010968910991356,0.4198056620122582
pond,nfix,probe,80,prior_shift,1.0,-0.9887041473842952,100,0.27,0.4985203973789896,0.522751444869665,0.3471111411006466
pond,nfix,ntp,80,prior_shift,1.0,-0.9887041473842952,100,0.27,0.4985203973789896,0.612488359852839,0.46596327698150913
pond,nfix,probe,81,prior_shift,1.0,-1.2597479455715093,100,0.22,0.4985203973789896,0.5902077880567811,0.3646262304470956
pond,nfix,ntp,81,prior_shift,1.0,-1.2597479455715093,100,0.22,0.4985203973789896,0.6086819986271892,0.42719354797139913
pond,nfix,probe,82,prior_shift,1.0,-0.48362979755893915,100,0.38,0.4985203973789896,0.707744778877936,0.6303367581626048
pond,nfix,ntp,82,prior_shift,1.0,-0.48362979755893915,100,0.38,0.4985203973789896,0.646735118688762,0.5798988689375285
pond,nfix,probe,83,prior_shift,1.0,-1.510429061608322,100,0.18,0.4985203973789896,0.5400193329770513,0.2722209200540131
pond,nfix,ntp,83,prior_shift,1.0,-1.510429061608322,100,0.18,0.4985203973789896,0.6140589592957281,0.41776083194694386
pond,nfix,probe,84,prior_shift,1.0,-1.2023927781647676,100,0.23,0.4985203973789896,0.6260347696990536,0.43998964196668894
pond,nfix,ntp,84,prior_shift,1.0,-1.2023927781647676,100,0.23,0.4985203973789896,0.6191022072170006,0.4605872329127383
pond,nfix,probe,85,prior_shift,1.0,-0.6573757896504974,100,0.34,0.4985203973789896,0.559444272262648,0.43884204168268043
pond,nfix,ntp,85,prior_shift,1.0,-0.6573757896504974,100,0.34,0.4985203973789896,0.6400664382331978,0.5502852226857775
pond,nfix,probe,86,prior_shift,1.0,-1.2597479455715093,100,0.22,0.4985203973789896,0.6354446483128003,0.41369100130109415
pond,nfix,ntp,86,prior_shift,1.0,-1.2597479455715093,100,0.22,0.4985203973789896,0.6138002729196103,0.4230716502923083
pond,nfix,probe,87,prior_shift,1.0,-1.3190069869838321,100,0.21,0.4985203973789896,0.6424791995476758,0.40659428357505484
pond,nfix,ntp,87,prior_shift,1.0,-1.3190069869838321,100,0.21,0.4985203973789896,0.6615969190103609,0.48366005799323103
pond,nfix,probe,88,prior_shift,1.0,-0.841379432627437,100,0.3,0.4985203973789896,0.5452034224312051,0.3953309685579074
pond,nfix,ntp,88,prior_shift,1.0,-0.841379432627437,100,0.3,0.4985203973789896,0.6533508431277524,0.5403363406548051
pond,nfix,probe,89,prior_shift,1.0,-1.0926938609083432,100,0.25,0.4985203973789896,0.5283735880466217,0.3369760325629275
pond,nfix,ntp,89,prior_shift,1.0,-1.0926938609083432,100,0.25,0.4985203973789896,0.635926896033259,0.4828556268110061
pond,nfix,probe,90,prior_shift,1.0,-1.2023927781647676,100,0.23,0.4985203973789896,0.6841593513242177,0.47827096560296106
pond,nfix,ntp,90,prior_shift,1.0,-1.2023927781647676,100,0.23,0.4985203973789896,0.6495970706393756,0.4886706348154107
pond,nfix,probe,91,prior_shift,1.0,-0.8894656192950746,100,0.29,0.4985203973789896,0.5082887205428485,0.35968447611641
pond,nfix,ntp,91,prior_shift,1.0,-0.8894656192950746,100,0.29,0.4985203973789896,0.6328102780078265,0.5085118532195798
pond,nfix,probe,92,prior_shift,1.0,-0.6131207806464568,100,0.35,0.4985203973789896,0.48452356483421005,0.3672956276305044
pond,nfix,ntp,92,prior_shift,1.0,-0.6131207806464568,100,0.35,0.4985203973789896,0.6072102743358859,0.5133147039797025
pond,nfix,probe,93,prior_shift,1.0,-1.040050127422921,100,0.26,0.4985203973789896,0.541672149533722,0.3581934891286664
pond,nfix,ntp,93,prior_shift,1.0,-1.040050127422921,100,0.26,0.4985203973789896,0.5773554419547393,0.41850586832077297
pond,nfix,probe,94,prior_shift,1.0,-1.0926938609083432,100,0.25,0.4985203973789896,0.5952375096314808,0.40836655205705297
pond,nfix,ntp,94,prior_shift,1.0,-1.0926938609083432,100,0.25,0.4985203973789896,0.6049315200599031,0.44740498913077653
pond,nfix,probe,95,prior_shift,1.0,-0.841379432627437,100,0.3,0.4985203973789896,0.5347379218542195,0.37391627876247746
pond,nfix,ntp,95,prior_shift,1.0,-0.841379432627437,100,0.3,0.4985203973789896,0.6033141576788875,0.475319818068363
pond,nfix,probe,96,prior_shift,1.0,-1.146761082178619,100,0.24,0.4985203973789896,0.5236587796595574,0.3280167218717052
pond,nfix,ntp,96,prior_shift,1.0,-1.146761082178619,100,0.24,0.4985203973789896,0.6788433018764087,0.5452242647938806
pond,nfix,probe,97,prior_shift,1.0,-0.7942008723523465,100,0.31,0.4985203973789896,0.5542838429182547,0.40741947082510505
pond,nfix,ntp,97,prior_shift,1.0,-0.7942008723523465,100,0.31,0.4985203973789896,0.7246052001835878,0.635915152724932
pond,nfix,probe,98,prior_shift,1.0,-0.9887041473842952,100,0.27,0.4985203973789896,0.5688151128383956,0.4031861427087185
pond,nfix,ntp,98,prior_shift,1.0,-0.9887041473842952,100,0.27,0.4985203973789896,0.6790443658311724,0.5544254294773068
pond,nfix,probe,99,prior_shift,1.0,-1.3190069869838321,100,0.21,0.4985203973789896,0.5814496638417266,0.36818670645888624
pond,nfix,ntp,99,prior_shift,1.0,-1.3190069869838321,100,0.21,0.4985203973789896,0.6640224755187546,0.4894304685023594
pond,supermat,probe,0,prior_shift,1.0,-1.040050127422921,100,0.26,0.4985203973789896,0.6716687241599416,0.5106532389183396
pond,supermat,ntp,0,prior_shift,1.0,-1.040050127422921,100,0.26,0.4985203973789896,0.45763780261605064,0.28100772399564594
pond,supermat,probe,1,prior_shift,1.0,-1.040050127422921,100,0.26,0.4985203973789896,0.6631870766387757,0.49688042572211427
pond,supermat,ntp,1,prior_shift,1.0,-1.040050127422921,100,0.26,0.4985203973789896,0.4712891255651844,0.2975380135883392
pond,supermat,probe,2,prior_shift,1.0,-0.44139379028389814,100,0.39,0.4985203973789896,0.7764735432976476,0.7226437320710943
pond,supermat,ntp,2,prior_shift,1.0,-0.44139379028389814,100,0.39,0.4985203973789896,0.5057443184579778,0.42734818898998683
pond,supermat,probe,3,prior_shift,1.0,-0.6131207806464568,100,0.35,0.4985203973789896,0.7489290913237356,0.6710925687412599
pond,supermat,ntp,3,prior_shift,1.0,-0.6131207806464568,100,0.35,0.4985203973789896,0.5082993645559216,0.40094921358740593
pond,supermat,probe,4,prior_shift,1.0,-0.5694457171437952,100,0.36,0.4985203973789896,0.8274155811981843,0.7646700398366056
pond,supermat,ntp,4,prior_shift,1.0,-0.5694457171437952,100,0.36,0.4985203973789896,0.4929071331918962,0.38934002567894654
pond,supermat,probe,5,prior_shift,1.0,-0.3168549645032845,100,0.42,0.4985203973789896,0.7528074962771286,0.7120498543198872
pond,supermat,ntp,5,prior_shift,1.0,-0.3168549645032845,100,0.42,0.4985203973789896,0.4954780371012848,0.4363687330065234
pond,supermat,probe,6,prior_shift,1.0,-1.0926938609083432,100,0.25,0.4985203973789896,0.7097038677097229,0.5644410152004258
pond,supermat,ntp,6,prior_shift,1.0,-1.0926938609083432,100,0.25,0.4985203973789896,0.4850951543639363,0.3036779414107403
pond,supermat,probe,7,prior_shift,1.0,-0.48362979755893915,100,0.38,0.4985203973789896,0.840440967170384,0.7878660785699969
pond,supermat,ntp,7,prior_shift,1.0,-0.48362979755893915,100,0.38,0.4985203973789896,0.49798881882262847,0.41019944744154757
pond,supermat,probe,8,prior_shift,1.0,-1.146761082178619,100,0.24,0.4985203973789896,0.7252796798000993,0.5635287180321229
pond,supermat,ntp,8,prior_shift,1.0,-1.146761082178619,100,0.24,0.4985203973789896,0.4338394070215116,0.23154341941185677
pond,supermat,probe,9,prior_shift,1.0,-0.39954668034839763,100,0.4,0.4985203973789896,0.8442473559593805,0.8026765709436943
pond,supermat,ntp,9,prior_shift,1.0,-0.39954668034839763,100,0.4,0.4985203973789896,0.5306497722398027,0.4617475762395325
pond,supermat,probe,10,prior_shift,1.0,-0.6573757896504974,100,0.34,0.4985203973789896,0.7113456104768089,0.6238679588126773
pond,supermat,ntp,10,prior_shift,1.0,-0.6573757896504974,100,0.34,0.4985203973789896,0.5536013270528727,0.44826601516957054
pond,supermat,probe,11,prior_shift,1.0,-0.23524362905712143,100,0.44,0.4985203973789896,0.8134920649749688,0.7880003277219025
pond,supermat,ntp,11,prior_shift,1.0,-0.23524362905712143,100,0.44,0.4985203973789896,0.5048248889657097,0.45967456419369973
pond,supermat,probe,12,prior_shift,1.0,-0.7478533746166134,100,0.32,0.4985203973789896,0.740582062488011,0.6521000075661989
pond,supermat,ntp,12,prior_shift,1.0,-0.7478533746166134,100,0.32,0.4985203973789896,0.47139351243016064,0.33796886659751174
pond,supermat,probe,13,prior_shift,1.0,-0.15442422231541264,100,0.46,0.4985203973789896,0.8482759341399675,0.8335056283927093
pond,supermat,ntp,13,prior_shift,1.0,-0.15442422231541264,100,0.46,0.4985203973789896,0.5249907564383468,0.49688978659418226
pond,supermat,probe,14,prior_shift,1.0,-0.7942008723523465,100,0.31,0.4985203973789896,0.6979314016228403,0.5705733312633116
pond,supermat,ntp,14,prior_shift,1.0,-0.7942008723523465,100,0.31,0.4985203973789896,0.5289867134303562,0.3988778190421642
pond,supermat,probe,15,prior_shift,1.0,0.12606273960183,100,0.53,0.4985203973789896,0.8095169807847197,0.8222041653093319
pond,supermat,ntp,15,prior_shift,1.0,0.12606273960183,100,0.53,0.4985203973789896,0.5488999170240669,0.5712445221201241
pond,supermat,probe,16,prior_shift,1.0,-0.8894656192950746,100,0.29,0.4985203973789896,0.7295301141729961,0.6010678179938465
pond,supermat,ntp,16,prior_shift,1.0,-0.8894656192950746,100,0.29,0.4985203973789896,0.4928687300019513,0.344906080465526
pond,supermat,probe,17,prior_shift,1.0,-1.2023927781647676,100,0.23,0.4985203973789896,0.7245508988322432,0.5494847841710386
pond,supermat,ntp,17,prior_shift,1.0,-1.2023927781647676,100,0.23,0.4985203973789896,0.46290122242173565,0.26123989214242826
pond,supermat,probe,18,prior_shift,1.0,-0.8894656192950746,100,0.29,0.4985203973789896,0.7542513726709972,0.6269741827864245
pond,supermat,ntp,18,prior_shift,1.0,-0.8894656192950746,100,0.29,0.4985203973789896,0.5024620239565665,0.35274246233681167
pond,supermat,probe,19,prior_shift,1.0,-0.48362979755893915,100,0.38,0.4985203973789896,0.7969680634262022,0.7437808356905091
pond,supermat,ntp,19,prior_shift,1.0,-0.48362979755893915,100,0.38,0.4985203973789896,0.5346981016257765,0.44971212431636
pond,supermat,probe,20,prior_shift,1.0,-0.6573757896504974,100,0.34,0.4985203973789896,0.8539238325435936,0.7929442939945096
pond,supermat,ntp,20,prior_shift,1.0,-0.6573757896504974,100,0.34,0.4985203973789896,0.5468015692591589,0.4401143609186935
pond,supermat,probe,21,prior_shift,1.0,-0.841379432627437,100,0.3,0.4985203973789896,0.698708315288658,0.5721034621280681
pond,supermat,ntp,21,prior_shift,1.0,-0.841379432627437,100,0.3,0.4985203973789896,0.46693521751963724,0.31611577327073026
pond,supermat,probe,22,prior_shift,1.0,-1.146761082178619,100,0.24,0.4985203973789896,0.6641048754758152,0.4952452162643194
pond,supermat,ntp,22,prior_shift,1.0,-1.146761082178619,100,0.24,0.4985203973789896,0.5014292597514105,0.3181981149245113
pond,supermat,probe,23,prior_shift,1.0,-0.6573757896504974,100,0.34,0.4985203973789896,0.7440964539847817,0.6562329169299977
pond,supermat,ntp,23,prior_shift,1.0,-0.6573757896504974,100,0.34,0.4985203973789896,0.4608509099431564,0.3382661967595471
pond,supermat,probe,24,prior_shift,1.0,-0.6573757896504974,100,0.34,0.4985203973789896,0.8244531413983118,0.7594974306369948
pond,supermat,ntp,24,prior_shift,1.0,-0.6573757896504974,100,0.34,0.4985203973789896,0.5108160636782915,0.39640247247965754
pond,supermat,probe,25,prior_shift,1.0,-0.44139379028389814,100,0.39,0.4985203973789896,0.7081048887330758,0.644282408519356
pond,supermat,ntp,25,prior_shift,1.0,-0.44139379028389814,100,0.39,0.4985203973789896,0.5125294576444642,0.43421161943697784
pond,supermat,probe,26,prior_shift,1.0,-0.702266630164719,100,0.33,0.4985203973789896,0.7080966957932289,0.6200385714915159
pond,supermat,ntp,26,prior_shift,1.0,-0.702266630164719,100,0.33,0.4985203973789896,0.4536413161637405,0.3224897713179197
pond,supermat,probe,27,prior_shift,1.0,-0.15442422231541264,100,0.46,0.4985203973789896,0.7874272756102475,0.7715877759206787
pond,supermat,ntp,27,prior_shift,1.0,-0.15442422231541264,100,0.46,0.4985203973789896,0.5428295255955077,0.5154384911588883
pond,supermat,probe,28,prior_shift,1.0,-0.27593272438122113,100,0.43,0.4985203973789896,0.700903578850643,0.6631989286062047
pond,supermat,ntp,28,prior_shift,1.0,-0.27593272438122113,100,0.43,0.4985203973789896,0.5050812145069726,0.45318139352214987
pond,supermat,probe,29,prior_shift,1.0,-1.040050127422921,100,0.26,0.4985203973789896,0.6437929629960227,0.47982612753239445
pond,supermat,ntp,29,prior_shift,1.0,-1.040050127422921,100,0.26,0.4985203973789896,0.46682335717916595,0.2892279163950567
pond,supermat,probe,30,prior_shift,1.0,-0.5694457171437952,100,0.36,0.4985203973789896,0.7791567517631163,0.7090649656234386
pond,supermat,ntp,30,prior_shift,1.0,-0.5694457171437952,100,0.36,0.4985203973789896,0.5107168744305067,0.4112296224800101
pond,supermat,probe,31,prior_shift,1.0,-0.6131207806464568,100,0.35,0.4985203973789896,0.8207244453997243,0.7548205457327408
pond,supermat,ntp,31,prior_shift,1.0,-0.6131207806464568,100,0.35,0.4985203973789896,0.47933831192467274,0.36877685999123405
pond,supermat,probe,32,prior_shift,1.0,-0.9385431810810845,100,0.28,0.4985203973789896,0.6360821920681771,0.4860680125176373
pond,supermat,ntp,32,prior_shift,1.0,-0.9385431810810845,100,0.28,0.4985203973789896,0.45866471112168256,0.2950794079581694
pond,supermat,probe,33,prior_shift,1.0,-0.27593272438122113,100,0.43,0.4985203973789896,0.8015488555823521,0.7729417850957324
pond,supermat,ntp,33,prior_shift,1.0,-0.27593272438122113,100,0.43,0.4985203973789896,0.5465738885470615,0.49885297952325197
pond,supermat,probe,34,prior_shift,1.0,-0.5694457171437952,100,0.36,0.4985203973789896,0.8084866537672645,0.7420264446906971
pond,supermat,ntp,34,prior_shift,1.0,-0.5694457171437952,100,0.36,0.4985203973789896,0.5223914589983912,0.42540927581754207
pond,supermat,probe,35,prior_shift,1.0,-0.39954668034839763,100,0.4,0.4985203973789896,0.9020616970902406,0.8700568915741358
pond,supermat,ntp,35,prior_shift,1.0,-0.39954668034839763,100,0.4,0.4985203973789896,0.595687525091663,0.5353879566157304
pond,supermat,probe,36,prior_shift,1.0,-1.2597479455715093,100,0.22,0.4985203973789896,0.7789892257444332,0.6027302546113461
pond,supermat,ntp,36,prior_shift,1.0,-1.2597479455715093,100,0.22,0.4985203973789896,0.4464524474931137,0.23402099327700954
pond,supermat,probe,37,prior_shift,1.0,-0.39954668034839763,100,0.4,0.4985203973789896,0.7286380431111994,0.6762089555186089
pond,supermat,ntp,37,prior_shift,1.0,-0.39954668034839763,100,0.4,0.4985203973789896,0.5192702255418208,0.4480321049034247
pond,supermat,probe,38,prior_shift,1.0,-1.146761082178619,100,0.24,0.4985203973789896,0.6769834399336448,0.5178007560530148
pond,supermat,ntp,38,prior_shift,1.0,-1.146761082178619,100,0.24,0.4985203973789896,0.5110094276849059,0.33162261949885
pond,supermat,probe,39,prior_shift,1.0,-0.6131207806464568,100,0.35,0.4985203973789896,0.745448604796359,0.6642191620095788
pond,supermat,ntp,39,prior_shift,1.0,-0.6131207806464568,100,0.35,0.4985203973789896,0.5331585592033198,0.43032500524370854
pond,supermat,probe,40,prior_shift,1.0,-0.6131207806464568,100,0.35,0.4985203973789896,0.8099454071964907,0.7410943325049516
pond,supermat,ntp,40,prior_shift,1.0,-0.6131207806464568,100,0.35,0.4985203973789896,0.5262672087595418,0.42198321381040066
pond,supermat,probe,41,prior_shift,1.0,-0.3168549645032845,100,0.42,0.4985203973789896,0.7389477208248283,0.699630817644709
pond,supermat,ntp,41,prior_shift,1.0,-0.3168549645032845,100,0.42,0.4985203973789896,0.5081611372858097,0.44962915484665755
pond,supermat,probe,42,prior_shift,1.0,-0.841379432627437,100,0.3,0.4985203973789896,0.6560254261368956,0.5120244398100556
pond,supermat,ntp,42,prior_shift,1.0,-0.841379432627437,100,0.3,0.4985203973789896,0.4565769722999435,0.3052870891649578
pond,supermat,probe,43,prior_shift,1.0,-0.48362979755893915,100,0.38,0.4985203973789896,0.7386575519694305,0.6822579325012681
pond,supermat,ntp,43,prior_shift,1.0,-0.48362979755893915,100,0.38,0.4985203973789896,0.5219366603299507,0.435368683884045
pond,supermat,probe,44,prior_shift,1.0,-0.19475226770238446,100,0.45,0.4985203973789896,0.8806446869032172,0.8633738832673064
pond,supermat,ntp,44,prior_shift,1.0,-0.19475226770238446,100,0.45,0.4985203973789896,0.511753967864613,0.47594041036946133
pond,supermat,probe,45,prior_shift,1.0,-1.2023927781647676,100,0.23,0.4985203973789896,0.6781138727885273,0.49646387324991603
pond,supermat,ntp,45,prior_shift,1.0,-1.2023927781647676,100,0.23,0.4985203973789896,0.46941755964858395,0.27618492636770187
pond,supermat,probe,46,prior_shift,1.0,-1.040050127422921,100,0.26,0.4985203973789896,0.7622747001072651,0.6133739859100699
pond,supermat,ntp,46,prior_shift,1.0,-1.040050127422921,100,0.26,0.4985203973789896,0.47091098892942523,0.2898248786394784
pond,supermat,probe,47,prior_shift,1.0,-0.3580469494416451,100,0.41,0.4985203973789896,0.7974090108139734,0.761899861437238
pond,supermat,ntp,47,prior_shift,1.0,-0.3580469494416451,100,0.41,0.4985203973789896,0.49691250866056774,0.4297055757170832
pond,supermat,probe,48,prior_shift,1.0,-0.6131207806464568,100,0.35,0.4985203973789896,0.7800463927521822,0.7035315260284619
pond,supermat,ntp,48,prior_shift,1.0,-0.6131207806464568,100,0.35,0.4985203973789896,0.542755624113553,0.44312472964926997
pond,supermat,probe,49,prior_shift,1.0,-0.8894656192950746,100,0.29,0.4985203973789896,0.6995114183650571,0.5684660968316471
pond,supermat,ntp,49,prior_shift,1.0,-0.8894656192950746,100,0.29,0.4985203973789896,0.45992298346430593,0.3010698165626121
pond,supermat,probe,50,prior_shift,1.0,-1.040050127422921,100,0.26,0.4985203973789896,0.6662197765132324,0.5006185072245295
pond,supermat,ntp,50,prior_shift,1.0,-1.040050127422921,100,0.26,0.4985203973789896,0.4957178018801248,0.3241325188767684
pond,supermat,probe,51,prior_shift,1.0,-1.0926938609083432,100,0.25,0.4985203973789896,0.7085799272017007,0.5545257496317373
pond,supermat,ntp,51,prior_shift,1.0,-1.0926938609083432,100,0.25,0.4985203973789896,0.46896312403439366,0.2841109740556869
pond,supermat,probe,52,prior_shift,1.0,-1.146761082178619,100,0.24,0.4985203973789896,0.681910556195956,0.5011021925788003
pond,supermat,ntp,52,prior_shift,1.0,-1.146761082178619,100,0.24,0.4985203973789896,0.4577119018003824,0.2667022203278503
pond,supermat,probe,53,prior_shift,1.0,-1.146761082178619,100,0.24,0.4985203973789896,0.5891487069222553,0.3926271182888707
pond,supermat,ntp,53,prior_shift,1.0,-1.146761082178619,100,0.24,0.4985203973789896,0.4569915783469875,0.26300123309890167
pond,supermat,probe,54,prior_shift,1.0,-0.19475226770238446,100,0.45,0.4985203973789896,0.8432852177079976,0.8268271711219698
pond,supermat,ntp,54,prior_shift,1.0,-0.19475226770238446,100,0.45,0.4985203973789896,0.6042626261742373,0.5742126476654316
pond,supermat,probe,55,prior_shift,1.0,-0.5262983859875415,100,0.37,0.4985203973789896,0.7385156890822492,0.6629927110918747
pond,supermat,ntp,55,prior_shift,1.0,-0.5262983859875415,100,0.37,0.4985203973789896,0.5240692571264263,0.431144214771278
pond,supermat,probe,56,prior_shift,1.0,-0.9887041473842952,100,0.27,0.4985203973789896,0.8055566374496954,0.6826877769483737
pond,supermat,ntp,56,prior_shift,1.0,-0.9887041473842952,100,0.27,0.4985203973789896,0.5223694558793254,0.3640253473376326
pond,supermat,probe,57,prior_shift,1.0,-1.0926938609083432,100,0.25,0.4985203973789896,0.6891124089120385,0.5290874922470086
pond,supermat,ntp,57,prior_shift,1.0,-1.0926938609083432,100,0.25,0.4985203973789896,0.4914872982895784,0.3079653730994977
pond,supermat,probe,58,prior_shift,1.0,-0.841379432627437,100,0.3,0.4985203973789896,0.6669140900537246,0.5508150057756335
pond,supermat,ntp,58,prior_shift,1.0,-0.841379432627437,100,0.3,0.4985203973789896,0.49145261090020365,0.34639376458415794
pond,supermat,probe,59,prior_shift,1.0,-0.8894656192950746,100,0.29,0.4985203973789896,0.6942506869226495,0.5510796873785705
pond,supermat,ntp,59,prior_shift,1.0,-0.8894656192950746,100,0.29,0.4985203973789896,0.4815479217300272,0.32722203121966736
pond,supermat,probe,60,prior_shift,1.0,-0.5262983859875415,100,0.37,0.4985203973789896,0.7228464481294857,0.6551469689136057
pond,supermat,ntp,60,prior_shift,1.0,-0.5262983859875415,100,0.37,0.4985203973789896,0.5014525092032193,0.40408898628168394
pond,supermat,probe,61,prior_shift,1.0,-0.6573757896504974,100,0.34,0.4985203973789896,0.73094846002201,0.6427787337093582
pond,supermat,ntp,61,prior_shift,1.0,-0.6573757896504974,100,0.34,0.4985203973789896,0.5072445422465514,0.39574795011198743
pond,supermat,probe,62,prior_shift,1.0,-0.7478533746166134,100,0.32,0.4985203973789896,0.7361401187470743,0.6410111132639712
pond,supermat,ntp,62,prior_shift,1.0,-0.7478533746166134,100,0.32,0.4985203973789896,0.5188801843179185,0.3924493890881399
pond,supermat,probe,63,prior_shift,1.0,-0.07412427991376984,100,0.48,0.4985203973789896,0.7883294866331138,0.7796116746219249
pond,supermat,ntp,63,prior_shift,1.0,-0.07412427991376984,100,0.48,0.4985203973789896,0.5409406972845736,0.5274850575236543
pond,supermat,probe,64,prior_shift,1.0,-0.702266630164719,100,0.33,0.4985203973789896,0.7855265671396904,0.706191947107407
pond,supermat,ntp,64,prior_shift,1.0,-0.702266630164719,100,0.33,0.4985203973789896,0.4906066904315894,0.3670221044509548
pond,supermat,probe,65,prior_shift,1.0,0.24708048457665494,100,0.56,0.4985203973789896,0.7923089364214113,0.8186564829502236
pond,supermat,ntp,65,prior_shift,1.0,0.24708048457665494,100,0.56,0.4985203973789896,0.589720319334634,0.6304506944410633
pond,supermat,probe,66,prior_shift,1.0,-1.2023927781647676,100,0.23,0.4985203973789896,0.7228218157951926,0.5616650840179142
pond,supermat,ntp,66,prior_shift,1.0,-1.2023927781647676,100,0.23,0.4985203973789896,0.45441151290047344,0.2443861095407995
pond,supermat,probe,67,prior_shift,1.0,-0.6573757896504974,100,0.34,0.4985203973789896,0.7464671393823121,0.6567723930746371
pond,supermat,ntp,67,prior_shift,1.0,-0.6573757896504974,100,0.34,0.4985203973789896,0.515256874650473,0.40138073560912046
pond,supermat,probe,68,prior_shift,1.0,-1.2597479455715093,100,0.22,0.4985203973789896,0.7068482370350995,0.5120549161393354
pond,supermat,ntp,68,prior_shift,1.0,-1.2597479455715093,100,0.22,0.4985203973789896,0.4754519488691327,0.27908782941033355
pond,supermat,probe,69,prior_shift,1.0,-1.040050127422921,100,0.26,0.4985203973789896,0.6924894229937073,0.5423178555308408
pond,supermat,ntp,69,prior_shift,1.0,-1.040050127422921,100,0.26,0.4985203973789896,0.4558808414498391,0.2769176351721294
pond,supermat,probe,70,prior_shift,1.0,-1.579708835980615,100,0.17,0.4985203973789896,0.5871990964653692,0.3248151424609388
pond,supermat,ntp,70,prior_shift,1.0,-1.579708835980615,100,0.17,0.4985203973789896,0.4497013042325327,0.2105946999170673
pond,supermat,probe,71,prior_shift,1.0,-0.15442422231541264,100,0.46,0.4985203973789896,0.7814941453198244,0.763375225524909
pond,supermat,ntp,71,prior_shift,1.0,-0.15442422231541264,100,0.46,0.4985203973789896,0.5791219009668344,0.5540408433016561
pond,supermat,probe,72,prior_shift,1.0,-0.07412427991376984,100,0.48,0.4985203973789896,0.7318274279113788,0.7227280898145066
pond,supermat,ntp,72,prior_shift,1.0,-0.07412427991376984,100,0.48,0.4985203973789896,0.5418449909891829,0.5285619763527242
pond,supermat,probe,73,prior_shift,1.0,-0.702266630164719,100,0.33,0.4985203973789896,0.7656372284474608,0.6711237873015083
pond,supermat,ntp,73,prior_shift,1.0,-0.702266630164719,100,0.33,0.4985203973789896,0.5361058353606551,0.4203049901464801
pond,supermat,probe,74,prior_shift,1.0,-0.6131207806464568,100,0.35,0.4985203973789896,0.8237737516523042,0.7574947140228965
pond,supermat,ntp,74,prior_shift,1.0,-0.6131207806464568,100,0.35,0.4985203973789896,0.5516603024813241,0.45118596131583616
pond,supermat,probe,75,prior_shift,1.0,-1.380375933360124,100,0.2,0.4985203973789896,0.637721322886899,0.4260268306675665
pond,supermat,ntp,75,prior_shift,1.0,-1.380375933360124,100,0.2,0.4985203973789896,0.4783737221331568,0.25758615259874545
pond,supermat,probe,76,prior_shift,1.0,-0.7942008723523465,100,0.31,0.4985203973789896,0.7265243991218885,0.6206311645158559
pond,supermat,ntp,76,prior_shift,1.0,-0.7942008723523465,100,0.31,0.4985203973789896,0.5358219254624665,0.411065366730077
pond,supermat,probe,77,prior_shift,1.0,-0.7942008723523465,100,0.31,0.4985203973789896,0.7736563890440458,0.6717168890443702
pond,supermat,ntp,77,prior_shift,1.0,-0.7942008723523465,100,0.31,0.4985203973789896,0.48127269357200986,0.34271912926590564
pond,supermat,probe,78,prior_shift,1.0,-0.7478533746166134,100,0.32,0.4985203973789896,0.6950297346923814,0.584680075121735
pond,supermat,ntp,78,prior_shift,1.0,-0.7478533746166134,100,0.32,0.4985203973789896,0.5129912579097179,0.3876518007047972
pond,supermat,probe,79,prior_shift,1.0,-0.7478533746166134,100,0.32,0.4985203973789896,0.6738482854959402,0.5694494477741787
pond,supermat,ntp,79,prior_shift,1.0,-0.7478533746166134,100,0.32,0.4985203973789896,0.4932854518915575,0.3628154882834677
pond,supermat,probe,80,prior_shift,1.0,-0.6573757896504974,100,0.34,0.4985203973789896,0.7697568111533457,0.6926195654564489
pond,supermat,ntp,80,prior_shift,1.0,-0.6573757896504974,100,0.34,0.4985203973789896,0.48412606532665087,0.36489349745193844
pond,supermat,probe,81,prior_shift,1.0,-0.6573757896504974,100,0.34,0.4985203973789896,0.7521684223692426,0.6700156005372214
pond,supermat,ntp,81,prior_shift,1.0,-0.6573757896504974,100,0.34,0.4985203973789896,0.5072646734372603,0.3918596042685945
pond,supermat,probe,82,prior_shift,1.0,-0.702266630164719,100,0.33,0.4985203973789896,0.8629211948602835,0.7916904291350717
pond,supermat,ntp,82,prior_shift,1.0,-0.702266630164719,100,0.33,0.4985203973789896,0.518690935784043,0.4022524861020421
pond,supermat,probe,83,prior_shift,1.0,-0.3168549645032845,100,0.42,0.4985203973789896,0.8013518907717456,0.7620987015799103
pond,supermat,ntp,83,prior_shift,1.0,-0.3168549645032845,100,0.42,0.4985203973789896,0.5376632765380319,0.4821176172340108
pond,supermat,probe,84,prior_shift,1.0,-0.48362979755893915,100,0.38,0.4985203973789896,0.731765607441818,0.6646235034044904
pond,supermat,ntp,84,prior_shift,1.0,-0.48362979755893915,100,0.38,0.4985203973789896,0.5373789478280177,0.4558953858105783
pond,supermat,probe,85,prior_shift,1.0,-0.5694457171437952,100,0.36,0.4985203973789896,0.7387741881304616,0.664753876826616
pond,supermat,ntp,85,prior_shift,1.0,-0.5694457171437952,100,0.36,0.4985203973789896,0.5255718049352194,0.4289949876856354
pond,supermat,probe,86,prior_shift,1.0,-0.8894656192950746,100,0.29,0.4985203973789896,0.8086112275476905,0.7006036522697272
pond,supermat,ntp,86,prior_shift,1.0,-0.8894656192950746,100,0.29,0.4985203973789896,0.47458963016352435,0.31981280185630095
pond,supermat,probe,87,prior_shift,1.0,-0.5262983859875415,100,0.37,0.4985203973789896,0.7330463335728773,0.6651999063916115
pond,supermat,ntp,87,prior_shift,1.0,-0.5262983859875415,100,0.37,0.4985203973789896,0.5283100488154316,0.4384600927038039
pond,supermat,probe,88,prior_shift,1.0,-0.034086906853932536,100,0.49,0.4985203973789896,0.8094014346250162,0.806285373262466
pond,supermat,ntp,88,prior_shift,1.0,-0.034086906853932536,100,0.49,0.4985203973789896,0.5104851067279663,0.5041032056203893
pond,supermat,probe,89,prior_shift,1.0,0.16626107783494617,100,0.54,0.4985203973789896,0.8532499265470911,0.8667122972404024
pond,supermat,ntp,89,prior_shift,1.0,0.16626107783494617,100,0.54,0.4985203973789896,0.5814959852991454,0.6094963199342752
pond,supermat,probe,90,prior_shift,1.0,-0.9887041473842952,100,0.27,0.4985203973789896,0.720844243239319,0.5825127977702114
pond,supermat,ntp,90,prior_shift,1.0,-0.9887041473842952,100,0.27,0.4985203973789896,0.4619522780658769,0.2890950287140077
pond,supermat,probe,91,prior_shift,1.0,-0.39954668034839763,100,0.4,0.4985203973789896,0.7522903437449645,0.7032276678366169
pond,supermat,ntp,91,prior_shift,1.0,-0.39954668034839763,100,0.4,0.4985203973789896,0.5533980989537507,0.4864456003246815
pond,supermat,probe,92,prior_shift,1.0,-0.3168549645032845,100,0.42,0.4985203973789896,0.7915792022435668,0.7514408589087763
pond,supermat,ntp,92,prior_shift,1.0,-0.3168549645032845,100,0.42,0.4985203973789896,0.5524136286465273,0.49867793877849875
pond,supermat,probe,93,prior_shift,1.0,-0.8894656192950746,100,0.29,0.4985203973789896,0.7253821507330162,0.6072483569198015
pond,supermat,ntp,93,prior_shift,1.0,-0.8894656192950746,100,0.29,0.4985203973789896,0.47875266837845026,0.32231781576673235
pond,supermat,probe,94,prior_shift,1.0,-0.6573757896504974,100,0.34,0.4985203973789896,0.7003643303357387,0.6091944782713874
pond,supermat,ntp,94,prior_shift,1.0,-0.6573757896504974,100,0.34,0.4985203973789896,0.4754389434406444,0.35254761326136524
pond,supermat,probe,95,prior_shift,1.0,-0.9385431810810845,100,0.28,0.4985203973789896,0.7086064411354352,0.571284807551679
pond,supermat,ntp,95,prior_shift,1.0,-0.9385431810810845,100,0.28,0.4985203973789896,0.4882102626085685,0.32811232788178935
pond,supermat,probe,96,prior_shift,1.0,-0.39954668034839763,100,0.4,0.4985203973789896,0.8304979846826298,0.7891492150987233
pond,supermat,ntp,96,prior_shift,1.0,-0.39954668034839763,100,0.4,0.4985203973789896,0.465784774136284,0.38838486953883716
pond,supermat,probe,97,prior_shift,1.0,-0.9385431810810845,100,0.28,0.4985203973789896,0.7639540221405965,0.6388660121937686
pond,supermat,ntp,97,prior_shift,1.0,-0.9385431810810845,100,0.28,0.4985203973789896,0.4930907913455207,0.3358762234675041
pond,supermat,probe,98,prior_shift,1.0,-1.146761082178619,100,0.24,0.4985203973789896,0.7205518243709486,0.5526895137470652
pond,supermat,ntp,98,prior_shift,1.0,-1.146761082178619,100,0.24,0.4985203973789896,0.44710383943596665,0.24703205587214527
pond,supermat,probe,99,prior_shift,1.0,-0.15442422231541264,100,0.46,0.4985203973789896,0.8071781402685356,0.7903920707685427
pond,supermat,ntp,99,prior_shift,1.0,-0.15442422231541264,100,0.46,0.4985203973789896,0.5453561757918349,0.518192937572243
nfix,pond,probe,0,prior_shift,1.0,-0.3488564967766096,100,0.41,0.4962228517469311,0.5593456823219387,0.504828223119962
nfix,pond,ntp,0,prior_shift,1.0,-0.3488564967766096,100,0.41,0.4962228517469311,0.5945813312163282,0.5231036134457476
nfix,pond,probe,1,prior_shift,1.0,-0.43220333761886265,100,0.39,0.4962228517469311,0.42081109593133353,0.3621582419700794
nfix,pond,ntp,1,prior_shift,1.0,-0.43220333761886265,100,0.39,0.4962228517469311,0.5616822590688241,0.4702347392650685
nfix,pond,probe,2,prior_shift,1.0,0.05511421503850133,100,0.51,0.4962228517469311,0.5508108904833336,0.559668536103254
nfix,pond,ntp,2,prior_shift,1.0,0.05511421503850133,100,0.51,0.4962228517469311,0.5773120384353484,0.588904533356646
nfix,pond,probe,3,prior_shift,1.0,-1.0835034082433077,100,0.25,0.4962228517469311,0.315041065753463,0.19606250580420892
nfix,pond,ntp,3,prior_shift,1.0,-1.0835034082433077,100,0.25,0.4962228517469311,0.5471951101063531,0.3242444269563239
nfix,pond,probe,4,prior_shift,1.0,0.21577957588695346,100,0.55,0.4962228517469311,0.40239551525375516,0.4433905825102423
nfix,pond,ntp,4,prior_shift,1.0,0.21577957588695346,100,0.55,0.4962228517469311,0.5450444293091542,0.5917749955971029
nfix,pond,probe,5,prior_shift,1.0,-0.7386629219515779,100,0.32,0.4962228517469311,0.33951996763424286,0.2366333098878575
nfix,pond,ntp,5,prior_shift,1.0,-0.7386629219515779,100,0.32,0.4962228517469311,0.5171590696284686,0.3576145288829295
nfix,pond,probe,6,prior_shift,1.0,-0.47443934489390366,100,0.38,0.4962228517469311,0.5194074533974544,0.43837497869423353
nfix,pond,ntp,6,prior_shift,1.0,-0.47443934489390366,100,0.38,0.4962228517469311,0.6085102501216335,0.5125847723732696
nfix,pond,probe,7,prior_shift,1.0,-0.10503543141726121,100,0.47,0.4962228517469311,0.4566485287292199,0.4375943538913677
nfix,pond,ntp,7,prior_shift,1.0,-0.10503543141726121,100,0.47,0.4962228517469311,0.576167974997006,0.5541677785942403
nfix,pond,probe,8,prior_shift,1.0,-0.14523376965037715,100,0.46,0.4962228517469311,0.39101620908288526,0.37029994523236576
nfix,pond,ntp,8,prior_shift,1.0,-0.14523376965037715,100,0.46,0.4962228517469311,0.5546096268491992,0.5230870377463291
nfix,pond,probe,9,prior_shift,1.0,-0.517107933322506,100,0.37,0.4962228517469311,0.5175046133032619,0.4366952416423571
nfix,pond,ntp,9,prior_shift,1.0,-0.517107933322506,100,0.37,0.4962228517469311,0.5478796997844629,0.4363829909453863
nfix,pond,probe,10,prior_shift,1.0,-0.22605317639208594,100,0.44,0.4962228517469311,0.5278604304041753,0.491481963665286
nfix,pond,ntp,10,prior_shift,1.0,-0.22605317639208594,100,0.44,0.4962228517469311,0.5727696732545975,0.5251173602035173
nfix,pond,probe,11,prior_shift,1.0,0.05511421503850133,100,0.51,0.4962228517469311,0.37430595063180255,0.3842106561587195
nfix,pond,ntp,11,prior_shift,1.0,0.05511421503850133,100,0.51,0.4962228517469311,0.5467013560015953,0.5587483266784531
nfix,pond,probe,12,prior_shift,1.0,-0.39035622768336214,100,0.4,0.4962228517469311,0.40436886012579903,0.34832688321482225
nfix,pond,ntp,12,prior_shift,1.0,-0.39035622768336214,100,0.4,0.4962228517469311,0.5659957655416874,0.4832124626309465
nfix,pond,probe,13,prior_shift,1.0,0.05511421503850133,100,0.51,0.4962228517469311,0.5062257893340749,0.5148436179570174
nfix,pond,ntp,13,prior_shift,1.0,0.05511421503850133,100,0.51,0.4962228517469311,0.5816334390500275,0.5930759100082151
nfix,pond,probe,14,prior_shift,1.0,-0.785010419687311,100,0.31,0.4962228517469311,0.44783105100534526,0.3493723923934609
nfix,pond,ntp,14,prior_shift,1.0,-0.785010419687311,100,0.31,0.4962228517469311,0.5731480361944122,0.4103790218849765
nfix,pond,probe,15,prior_shift,1.0,-0.024896454188897056,100,0.49,0.4962228517469311,0.4086193440204028,0.4045894685800349
nfix,pond,ntp,15,prior_shift,1.0,-0.024896454188897056,100,0.49,0.4962228517469311,0.5696448561529854,0.5643812984957425
nfix,pond,probe,16,prior_shift,1.0,0.2562709372416904,100,0.56,0.4962228517469311,0.5117497040602816,0.559881825040784
nfix,pond,ntp,16,prior_shift,1.0,0.2562709372416904,100,0.56,0.4962228517469311,0.5775222295658178,0.6308486796673372
nfix,pond,probe,17,prior_shift,1.0,-0.785010419687311,100,0.31,0.4962228517469311,0.4326790948297708,0.31836053245481677
nfix,pond,ntp,17,prior_shift,1.0,-0.785010419687311,100,0.31,0.4962228517469311,0.5539176368888085,0.3882706495705861
nfix,pond,probe,18,prior_shift,1.0,-0.3488564967766096,100,0.41,0.4962228517469311,0.476767817015439,0.42570450733018445
nfix,pond,ntp,18,prior_shift,1.0,-0.3488564967766096,100,0.41,0.4962228517469311,0.5662474577284177,0.49247865800559915
nfix,pond,probe,19,prior_shift,1.0,-0.43220333761886265,100,0.39,0.4962228517469311,0.5347610499567605,0.46859523975731193
nfix,pond,ntp,19,prior_shift,1.0,-0.43220333761886265,100,0.39,0.4962228517469311,0.5914205555987224,0.5022868918637005
nfix,pond,probe,20,prior_shift,1.0,-0.10503543141726121,100,0.47,0.4962228517469311,0.3343880502624057,0.3208091433586791
nfix,pond,ntp,20,prior_shift,1.0,-0.10503543141726121,100,0.47,0.4962228517469311,0.5730351640058055,0.5508803678183342
nfix,pond,probe,21,prior_shift,1.0,-0.8321889799624015,100,0.3,0.4962228517469311,0.39058290405635787,0.28307613183075464
nfix,pond,ntp,21,prior_shift,1.0,-0.8321889799624015,100,0.3,0.4962228517469311,0.5615146122258705,0.3889977689169515
nfix,pond,probe,22,prior_shift,1.0,0.37907425762621366,100,0.59,0.4962228517469311,0.5129105823754165,0.5820382696812137
nfix,pond,ntp,22,prior_shift,1.0,0.37907425762621366,100,0.59,0.4962228517469311,0.5449102773701179,0.6276403022232842
nfix,pond,probe,23,prior_shift,1.0,-0.7386629219515779,100,0.32,0.4962228517469311,0.4192945384804879,0.3280029469451647
nfix,pond,ntp,23,prior_shift,1.0,-0.7386629219515779,100,0.32,0.4962228517469311,0.5879692562510652,0.43755049895145964
nfix,pond,probe,24,prior_shift,1.0,0.05511421503850133,100,0.51,0.4962228517469311,0.5198855748597935,0.5302966098523733
nfix,pond,ntp,24,prior_shift,1.0,0.05511421503850133,100,0.51,0.4962228517469311,0.5792474268733876,0.5905890749302725
nfix,pond,probe,25,prior_shift,1.0,-0.5602552644787597,100,0.36,0.4962228517469311,0.3207337424102958,0.24714017848678704
nfix,pond,ntp,25,prior_shift,1.0,-0.5602552644787597,100,0.36,0.4962228517469311,0.5246860462185021,0.40217444225114185
nfix,pond,probe,26,prior_shift,1.0,-0.10503543141726121,100,0.47,0.4962228517469311,0.5661459955251986,0.5498336177590998
nfix,pond,ntp,26,prior_shift,1.0,-0.10503543141726121,100,0.47,0.4962228517469311,0.5706803174315408,0.5483883684453039
nfix,pond,probe,27,prior_shift,1.0,-0.8321889799624015,100,0.3,0.4962228517469311,0.4412707647956956,0.33254318937013316
nfix,pond,ntp,27,prior_shift,1.0,-0.8321889799624015,100,0.3,0.4962228517469311,0.5662533468600094,0.3941288670034428
nfix,pond,probe,28,prior_shift,1.0,0.1352531922668655,100,0.53,0.4962228517469311,0.5639101374799825,0.5878879694253034
nfix,pond,ntp,28,prior_shift,1.0,0.1352531922668655,100,0.53,0.4962228517469311,0.5633018371975238,0.5922055095765062
nfix,pond,probe,29,prior_shift,1.0,-0.5602552644787597,100,0.36,0.4962228517469311,0.5136427934702723,0.4140869141787297
nfix,pond,ntp,29,prior_shift,1.0,-0.5602552644787597,100,0.36,0.4962228517469311,0.5470155278246197,0.4270550551368453
nfix,pond,probe,30,prior_shift,1.0,0.33788227268785304,100,0.58,0.4962228517469311,0.4441977857553626,0.5040852874228515
nfix,pond,ntp,30,prior_shift,1.0,0.33788227268785304,100,0.58,0.4962228517469311,0.5864852300628327,0.6553151538883891
nfix,pond,probe,31,prior_shift,1.0,-0.517107933322506,100,0.37,0.4962228517469311,0.36105742326835155,0.2906520286337814
nfix,pond,ntp,31,prior_shift,1.0,-0.517107933322506,100,0.37,0.4962228517469311,0.5640449955459318,0.45556610679518833
nfix,pond,probe,32,prior_shift,1.0,-0.26674227171618564,100,0.43,0.4962228517469311,0.38072040013172853,0.3371825016705705
nfix,pond,ntp,32,prior_shift,1.0,-0.26674227171618564,100,0.43,0.4962228517469311,0.5508484520376554,0.4930631164200054
nfix,pond,probe,33,prior_shift,1.0,-0.307664511838249,100,0.42,0.4962228517469311,0.43245603539343463,0.38454852938219264
nfix,pond,ntp,33,prior_shift,1.0,-0.307664511838249,100,0.42,0.4962228517469311,0.5489369965653494,0.4820991558935853
nfix,pond,probe,34,prior_shift,1.0,-0.14523376965037715,100,0.46,0.4962228517469311,0.43398699874149643,0.41217116139198723
nfix,pond,ntp,34,prior_shift,1.0,-0.14523376965037715,100,0.46,0.4962228517469311,0.583400320857069,0.5533442138048313
nfix,pond,probe,35,prior_shift,1.0,-0.785010419687311,100,0.31,0.4962228517469311,0.5093326104878801,0.38950346176421413
nfix,pond,ntp,35,prior_shift,1.0,-0.785010419687311,100,0.31,0.4962228517469311,0.5748999609937939,0.4138318971698981
nfix,pond,probe,36,prior_shift,1.0,-0.06493382724873435,100,0.48,0.4962228517469311,0.5764015284875753,0.5653037011766144
nfix,pond,ntp,36,prior_shift,1.0,-0.06493382724873435,100,0.48,0.4962228517469311,0.565618059872114,0.5518350428506948
nfix,pond,probe,37,prior_shift,1.0,-0.39035622768336214,100,0.4,0.4962228517469311,0.3595954384322533,0.30097816328640387
nfix,pond,ntp,37,prior_shift,1.0,-0.39035622768336214,100,0.4,0.4962228517469311,0.5381811349995783,0.45354006403316205
nfix,pond,probe,38,prior_shift,1.0,-0.5602552644787597,100,0.36,0.4962228517469311,0.44245975792175146,0.3582707693202579
nfix,pond,ntp,38,prior_shift,1.0,-0.5602552644787597,100,0.36,0.4962228517469311,0.5619574139973961,0.44424303665386716
nfix,pond,probe,39,prior_shift,1.0,-1.0835034082433077,100,0.25,0.4962228517469311,0.3394579736485905,0.22041898023340623
nfix,pond,ntp,39,prior_shift,1.0,-1.0835034082433077,100,0.25,0.4962228517469311,0.5107480854085152,0.2844068628135777
nfix,pond,probe,40,prior_shift,1.0,-0.14523376965037715,100,0.46,0.4962228517469311,0.5894196053849444,0.5644800982647797
nfix,pond,ntp,40,prior_shift,1.0,-0.14523376965037715,100,0.46,0.4962228517469311,0.5940066834087055,0.5641966246400942
nfix,pond,probe,41,prior_shift,1.0,-0.14523376965037715,100,0.46,0.4962228517469311,0.4289638014928188,0.4062138756251947
nfix,pond,ntp,41,prior_shift,1.0,-0.14523376965037715,100,0.46,0.4962228517469311,0.5525996764311465,0.5212225008036632
nfix,pond,probe,42,prior_shift,1.0,-0.307664511838249,100,0.42,0.4962228517469311,0.46771894410098447,0.4190434428881112
nfix,pond,ntp,42,prior_shift,1.0,-0.307664511838249,100,0.42,0.4962228517469311,0.5823460107140891,0.5171965761792323
nfix,pond,probe,43,prior_shift,1.0,0.1352531922668655,100,0.53,0.4962228517469311,0.5110903694133342,0.5360615251955134
nfix,pond,ntp,43,prior_shift,1.0,0.1352531922668655,100,0.53,0.4962228517469311,0.5821772309105531,0.6103438831944035
nfix,pond,probe,44,prior_shift,1.0,-0.5602552644787597,100,0.36,0.4962228517469311,0.3945667118411672,0.3008997462946358
nfix,pond,ntp,44,prior_shift,1.0,-0.5602552644787597,100,0.36,0.4962228517469311,0.5486702533478904,0.42730599911485384
nfix,pond,probe,45,prior_shift,1.0,0.504657105743508,100,0.62,0.4962228517469311,0.5845384277451318,0.6752611477247393
nfix,pond,ntp,45,prior_shift,1.0,0.504657105743508,100,0.62,0.4962228517469311,0.5942380789830309,0.6942534139005804
nfix,pond,probe,46,prior_shift,1.0,-0.517107933322506,100,0.37,0.4962228517469311,0.5384763929680797,0.46061487120908945
nfix,pond,ntp,46,prior_shift,1.0,-0.517107933322506,100,0.37,0.4962228517469311,0.6047110552608692,0.49904528496217115
nfix,pond,probe,47,prior_shift,1.0,-0.47443934489390366,100,0.38,0.4962228517469311,0.46892351405115273,0.39791478090981086
nfix,pond,ntp,47,prior_shift,1.0,-0.47443934489390366,100,0.38,0.4962228517469311,0.5825888136503911,0.4829420560973684
nfix,pond,probe,48,prior_shift,1.0,-0.3488564967766096,100,0.41,0.4962228517469311,0.4004155093734619,0.3527437375663943
nfix,pond,ntp,48,prior_shift,1.0,-0.3488564967766096,100,0.41,0.4962228517469311,0.5623979636523967,0.48803577110425
nfix,pond,probe,49,prior_shift,1.0,-0.9795136947192598,100,0.27,0.4962228517469311,0.29924688630841384,0.17642623323358264
nfix,pond,ntp,49,prior_shift,1.0,-0.9795136947192598,100,0.27,0.4962228517469311,0.5336812652938723,0.3303451862834055
nfix,pond,probe,50,prior_shift,1.0,-0.3488564967766096,100,0.41,0.4962228517469311,0.4851745781870755,0.433746977364139
nfix,pond,ntp,50,prior_shift,1.0,-0.3488564967766096,100,0.41,0.4962228517469311,0.5866887033963181,0.5150274966280916
nfix,pond,probe,51,prior_shift,1.0,-0.3488564967766096,100,0.41,0.4962228517469311,0.4829255385529645,0.4148808074849127
nfix,pond,ntp,51,prior_shift,1.0,-0.3488564967766096,100,0.41,0.4962228517469311,0.5550078126449527,0.47969504357408854
nfix,pond,probe,52,prior_shift,1.0,-0.10503543141726121,100,0.47,0.4962228517469311,0.6464393099191851,0.6292173167157796
nfix,pond,ntp,52,prior_shift,1.0,-0.10503543141726121,100,0.47,0.4962228517469311,0.5877353605025263,0.5659745935933358
nfix,pond,probe,53,prior_shift,1.0,-0.10503543141726121,100,0.47,0.4962228517469311,0.44239895329601475,0.4266569916383677
nfix,pond,ntp,53,prior_shift,1.0,-0.10503543141726121,100,0.47,0.4962228517469311,0.5829518500332557,0.5611042521748324
nfix,pond,probe,54,prior_shift,1.0,0.015108880424802138,100,0.5,0.4962228517469311,0.4852466404196363,0.48746537472191664
nfix,pond,ntp,54,prior_shift,1.0,0.015108880424802138,100,0.5,0.4962228517469311,0.6200473361169874,0.6229788984066165
nfix,pond,probe,55,prior_shift,1.0,-0.39035622768336214,100,0.4,0.4962228517469311,0.5426547430058007,0.47727727546769655
nfix,pond,ntp,55,prior_shift,1.0,-0.39035622768336214,100,0.4,0.4962228517469311,0.5699499123057323,0.4870974153744713
nfix,pond,probe,56,prior_shift,1.0,-0.6930761774996835,100,0.33,0.4962228517469311,0.5167327779028453,0.4120537829509467
nfix,pond,ntp,56,prior_shift,1.0,-0.6930761774996835,100,0.33,0.4962228517469311,0.5628237260726799,0.4149963813683317
nfix,pond,probe,57,prior_shift,1.0,-0.307664511838249,100,0.42,0.4962228517469311,0.5334825106630169,0.48496171509738617
nfix,pond,ntp,57,prior_shift,1.0,-0.307664511838249,100,0.42,0.4962228517469311,0.590361070453083,0.5269701364760558
nfix,pond,probe,58,prior_shift,1.0,-0.5602552644787597,100,0.36,0.4962228517469311,0.46098162384223,0.3709085787951111
nfix,pond,ntp,58,prior_shift,1.0,-0.5602552644787597,100,0.36,0.4962228517469311,0.543746048836711,0.4232319852896228
nfix,pond,probe,59,prior_shift,1.0,-0.22605317639208594,100,0.44,0.4962228517469311,0.40356378904906437,0.3684997573127899
nfix,pond,ntp,59,prior_shift,1.0,-0.22605317639208594,100,0.44,0.4962228517469311,0.5781760269268836,0.5305817944802843
nfix,pond,probe,60,prior_shift,1.0,-0.14523376965037715,100,0.46,0.4962228517469311,0.5083519588857386,0.48424726785886407
nfix,pond,ntp,60,prior_shift,1.0,-0.14523376965037715,100,0.46,0.4962228517469311,0.5683045665317362,0.5374947844528362
nfix,pond,probe,61,prior_shift,1.0,-0.6930761774996835,100,0.33,0.4962228517469311,0.4543042092363438,0.3270703175262802
nfix,pond,ntp,61,prior_shift,1.0,-0.6930761774996835,100,0.33,0.4962228517469311,0.5472679524432383,0.4004129855590175
nfix,pond,probe,62,prior_shift,1.0,-0.47443934489390366,100,0.38,0.4962228517469311,0.4271634185972997,0.3658879433343348
nfix,pond,ntp,62,prior_shift,1.0,-0.47443934489390366,100,0.38,0.4962228517469311,0.5882561823217612,0.49008540859601174
nfix,pond,probe,63,prior_shift,1.0,0.015108880424802138,100,0.5,0.4962228517469311,0.5684179170374302,0.5709402513279912
nfix,pond,ntp,63,prior_shift,1.0,0.015108880424802138,100,0.5,0.4962228517469311,0.57487885585826,0.5780618922682397
nfix,pond,probe,64,prior_shift,1.0,0.17545153049998166,100,0.54,0.4962228517469311,0.5240337544966384,0.5524418902577821
nfix,pond,ntp,64,prior_shift,1.0,0.17545153049998166,100,0.54,0.4962228517469311,0.6180559368843164,0.6522119823265071
nfix,pond,probe,65,prior_shift,1.0,-0.18556181503734898,100,0.45,0.4962228517469311,0.37609510827539344,0.34899349203978297
nfix,pond,ntp,65,prior_shift,1.0,-0.18556181503734898,100,0.45,0.4962228517469311,0.5453463361660992,0.5046129049336385
nfix,pond,probe,66,prior_shift,1.0,-0.18556181503734898,100,0.45,0.4962228517469311,0.41192713247365764,0.38299559302169967
nfix,pond,ntp,66,prior_shift,1.0,-0.18556181503734898,100,0.45,0.4962228517469311,0.5589812609903357,0.5194843241253791
nfix,pond,probe,67,prior_shift,1.0,-0.26674227171618564,100,0.43,0.4962228517469311,0.48775848960321305,0.43869702507378533
nfix,pond,ntp,67,prior_shift,1.0,-0.26674227171618564,100,0.43,0.4962228517469311,0.5426133823965122,0.4838821796525938
nfix,pond,probe,68,prior_shift,1.0,-0.307664511838249,100,0.42,0.4962228517469311,0.4548771724808058,0.41466027059069305
nfix,pond,ntp,68,prior_shift,1.0,-0.307664511838249,100,0.42,0.4962228517469311,0.589982085481639,0.5269703926080777
nfix,pond,probe,69,prior_shift,1.0,-0.024896454188897056,100,0.49,0.4962228517469311,0.4350665333703333,0.43055392169468726
nfix,pond,ntp,69,prior_shift,1.0,-0.024896454188897056,100,0.49,0.4962228517469311,0.5624113394146893,0.5571235428938494
nfix,pond,probe,70,prior_shift,1.0,-0.39035622768336214,100,0.4,0.4962228517469311,0.44630912250233656,0.36951907100723497
nfix,pond,ntp,70,prior_shift,1.0,-0.39035622768336214,100,0.4,0.4962228517469311,0.5383158855713134,0.4522545814450785
nfix,pond,probe,71,prior_shift,1.0,-0.3488564967766096,100,0.41,0.4962228517469311,0.4114944480535133,0.36240714137210966
nfix,pond,ntp,71,prior_shift,1.0,-0.3488564967766096,100,0.41,0.4962228517469311,0.5471411372844992,0.47150693874400423
nfix,pond,probe,72,prior_shift,1.0,0.2562709372416904,100,0.56,0.4962228517469311,0.4608162455109509,0.5041071570170892
nfix,pond,ntp,72,prior_shift,1.0,0.2562709372416904,100,0.56,0.4962228517469311,0.5822371001694084,0.6353764506266107
nfix,pond,probe,73,prior_shift,1.0,-0.18556181503734898,100,0.45,0.4962228517469311,0.47026905493785476,0.44153632156781014
nfix,pond,ntp,73,prior_shift,1.0,-0.18556181503734898,100,0.45,0.4962228517469311,0.5763803691240751,0.537292491260651
nfix,pond,probe,74,prior_shift,1.0,-0.3488564967766096,100,0.41,0.4962228517469311,0.406477754478137,0.356226894530471
nfix,pond,ntp,74,prior_shift,1.0,-0.3488564967766096,100,0.41,0.4962228517469311,0.5557418954949679,0.48075078067314386
nfix,pond,probe,75,prior_shift,1.0,0.1352531922668655,100,0.53,0.4962228517469311,0.6184289627508182,0.6405768979288337
nfix,pond,ntp,75,prior_shift,1.0,0.1352531922668655,100,0.53,0.4962228517469311,0.5921685843709247,0.6202310674256819
nfix,pond,probe,76,prior_shift,1.0,-0.06493382724873435,100,0.48,0.4962228517469311,0.3878278345290528,0.37809481785766424
nfix,pond,ntp,76,prior_shift,1.0,-0.06493382724873435,100,0.48,0.4962228517469311,0.5740370319152014,0.560547337210624
nfix,pond,probe,77,prior_shift,1.0,-0.43220333761886265,100,0.39,0.4962228517469311,0.6960667643181888,0.6207437210646617
nfix,pond,ntp,77,prior_shift,1.0,-0.43220333761886265,100,0.39,0.4962228517469311,0.5663403559676231,0.47257148637330787
nfix,pond,probe,78,prior_shift,1.0,0.1352531922668655,100,0.53,0.4962228517469311,0.5348436267750136,0.556735073165975
nfix,pond,ntp,78,prior_shift,1.0,0.1352531922668655,100,0.53,0.4962228517469311,0.5909456748843706,0.6187426773765218
nfix,pond,probe,79,prior_shift,1.0,-0.39035622768336214,100,0.4,0.4962228517469311,0.343618431609588,0.29024989333619344
nfix,pond,ntp,79,prior_shift,1.0,-0.39035622768336214,100,0.4,0.4962228517469311,0.5593569713955285,0.47609460872331655
nfix,pond,probe,80,prior_shift,1.0,-0.14523376965037715,100,0.46,0.4962228517469311,0.4434753753206577,0.41682810970072076
nfix,pond,ntp,80,prior_shift,1.0,-0.14523376965037715,100,0.46,0.4962228517469311,0.5538557190695533,0.522123362995643
nfix,pond,probe,81,prior_shift,1.0,0.015108880424802138,100,0.5,0.4962228517469311,0.5703831972384495,0.572969127000938
nfix,pond,ntp,81,prior_shift,1.0,0.015108880424802138,100,0.5,0.4962228517469311,0.6197694177347866,0.6227541480958088
nfix,pond,probe,82,prior_shift,1.0,-0.785010419687311,100,0.31,0.4962228517469311,0.513182565600524,0.39141514410431
nfix,pond,ntp,82,prior_shift,1.0,-0.785010419687311,100,0.31,0.4962228517469311,0.5892806219193188,0.4261528406599077
nfix,pond,probe,83,prior_shift,1.0,-0.6930761774996835,100,0.33,0.4962228517469311,0.407084267483156,0.31194592594472126
nfix,pond,ntp,83,prior_shift,1.0,-0.6930761774996835,100,0.33,0.4962228517469311,0.559148489859885,0.41324974347282895
nfix,pond,probe,84,prior_shift,1.0,-0.43220333761886265,100,0.39,0.4962228517469311,0.4389768476272141,0.3718411790788568
nfix,pond,ntp,84,prior_shift,1.0,-0.43220333761886265,100,0.39,0.4962228517469311,0.5661191198986731,0.47502073612812296
nfix,pond,probe,85,prior_shift,1.0,0.504657105743508,100,0.62,0.4962228517469311,0.5239445941589645,0.6115083332394453
nfix,pond,ntp,85,prior_shift,1.0,0.504657105743508,100,0.62,0.4962228517469311,0.6159389058462196,0.711781677325759
nfix,pond,probe,86,prior_shift,1.0,-0.10503543141726121,100,0.47,0.4962228517469311,0.5952950572655105,0.5794484607987672
nfix,pond,ntp,86,prior_shift,1.0,-0.10503543141726121,100,0.47,0.4962228517469311,0.5752898082114085,0.5533090633792384
nfix,pond,probe,87,prior_shift,1.0,0.33788227268785304,100,0.58,0.4962228517469311,0.6571944117139608,0.7098260768332629
nfix,pond,ntp,87,prior_shift,1.0,0.33788227268785304,100,0.58,0.4962228517469311,0.650479612290209,0.7116652779582614
nfix,pond,probe,88,prior_shift,1.0,-0.26674227171618564,100,0.43,0.4962228517469311,0.4125063082850009,0.3793799832591976
nfix,pond,ntp,88,prior_shift,1.0,-0.26674227171618564,100,0.43,0.4962228517469311,0.5857745523533829,0.530739521358153
nfix,pond,probe,89,prior_shift,1.0,-0.307664511838249,100,0.42,0.4962228517469311,0.39620786933473234,0.35100344384503596
nfix,pond,ntp,89,prior_shift,1.0,-0.307664511838249,100,0.42,0.4962228517469311,0.5532882483085766,0.48726093331509873
nfix,pond,probe,90,prior_shift,1.0,-0.6930761774996835,100,0.33,0.4962228517469311,0.5264428501623046,0.42291980757148495
nfix,pond,ntp,90,prior_shift,1.0,-0.6930761774996835,100,0.33,0.4962228517469311,0.5559361187966629,0.40832679731662147
nfix,pond,probe,91,prior_shift,1.0,-0.26674227171618564,100,0.43,0.4962228517469311,0.4324830912083687,0.3948900928919685
nfix,pond,ntp,91,prior_shift,1.0,-0.26674227171618564,100,0.43,0.4962228517469311,0.6088493801169532,0.5560630340205077
nfix,pond,probe,92,prior_shift,1.0,-0.6481853369854619,100,0.34,0.4962228517469311,0.3042819290658501,0.22218723542357785
nfix,pond,ntp,92,prior_shift,1.0,-0.6481853369854619,100,0.34,0.4962228517469311,0.5460711042849983,0.40769930286761424
nfix,pond,probe,93,prior_shift,1.0,-0.7386629219515779,100,0.32,0.4962228517469311,0.3808747277076203,0.2864112638932395
nfix,pond,ntp,93,prior_shift,1.0,-0.7386629219515779,100,0.32,0.4962228517469311,0.5450096972968845,0.3881613298733566
nfix,pond,probe,94,prior_shift,1.0,-0.06493382724873435,100,0.48,0.4962228517469311,0.5916785699610393,0.5795736130994801
nfix,pond,ntp,94,prior_shift,1.0,-0.06493382724873435,100,0.48,0.4962228517469311,0.5701742366885871,0.5564492637242605
nfix,pond,probe,95,prior_shift,1.0,0.1352531922668655,100,0.53,0.4962228517469311,0.45681182158745265,0.48109818336238225
nfix,pond,ntp,95,prior_shift,1.0,0.1352531922668655,100,0.53,0.4962228517469311,0.600373202667748,0.6275230328502899
nfix,pond,probe,96,prior_shift,1.0,0.2969600325657897,100,0.57,0.4962228517469311,0.4342951833496294,0.49444664204625055
nfix,pond,ntp,96,prior_shift,1.0,0.2969600325657897,100,0.57,0.4962228517469311,0.5619755865626246,0.6260065394973982
nfix,pond,probe,97,prior_shift,1.0,0.1352531922668655,100,0.53,0.4962228517469311,0.4343551582060019,0.4572299588715522
nfix,pond,ntp,97,prior_shift,1.0,0.1352531922668655,100,0.53,0.4962228517469311,0.5748849956220046,0.603162583804147
nfix,pond,probe,98,prior_shift,1.0,-0.14523376965037715,100,0.46,0.4962228517469311,0.5632396459309833,0.5385707012275271
nfix,pond,ntp,98,prior_shift,1.0,-0.14523376965037715,100,0.46,0.4962228517469311,0.5832444580489886,0.5530739129170479
nfix,pond,probe,99,prior_shift,1.0,-0.14523376965037715,100,0.46,0.4962228517469311,0.5785743740253099,0.5521983525120155
nfix,pond,ntp,99,prior_shift,1.0,-0.14523376965037715,100,0.46,0.4962228517469311,0.5779204244439609,0.5468822164794568
nfix,nfix,probe,0,prior_shift,1.0,-1.0835034082433077,100,0.25,0.4962228517469311,0.6473956737770823,0.44374656662189804
nfix,nfix,ntp,0,prior_shift,1.0,-1.0835034082433077,100,0.25,0.4962228517469311,0.6072628443060338,0.3823540375782335
nfix,nfix,probe,1,prior_shift,1.0,-0.6039303279814213,100,0.35,0.4962228517469311,0.606983112801026,0.4907361547945717
nfix,nfix,ntp,1,prior_shift,1.0,-0.6039303279814213,100,0.35,0.4962228517469311,0.6107306987035902,0.4865219761190967
nfix,nfix,probe,2,prior_shift,1.0,-1.0835034082433077,100,0.25,0.4962228517469311,0.5724093766699955,0.3736161774307753
nfix,nfix,ntp,2,prior_shift,1.0,-1.0835034082433077,100,0.25,0.4962228517469311,0.6114240535041152,0.3933251988533471
nfix,nfix,probe,3,prior_shift,1.0,-1.1375706295135835,100,0.24,0.4962228517469311,0.49414020449659257,0.28684028532226963
nfix,nfix,ntp,3,prior_shift,1.0,-1.1375706295135835,100,0.24,0.4962228517469311,0.5829494659458578,0.3547873080153517
nfix,nfix,probe,4,prior_shift,1.0,-0.5602552644787597,100,0.36,0.4962228517469311,0.5633383151457304,0.45433574382846176
nfix,nfix,ntp,4,prior_shift,1.0,-0.5602552644787597,100,0.36,0.4962228517469311,0.5927304221494694,0.47469660113592305
nfix,nfix,probe,5,prior_shift,1.0,-0.6039303279814213,100,0.35,0.4962228517469311,0.520088036272578,0.41486624504240155
nfix,nfix,ntp,5,prior_shift,1.0,-0.6039303279814213,100,0.35,0.4962228517469311,0.610160724339428,0.4879624197751196
nfix,nfix,probe,6,prior_shift,1.0,-0.785010419687311,100,0.31,0.4962228517469311,0.573462000800206,0.419306611503425
nfix,nfix,ntp,6,prior_shift,1.0,-0.785010419687311,100,0.31,0.4962228517469311,0.604451788815932,0.44177233102622604
nfix,nfix,probe,7,prior_shift,1.0,-1.1932023254997322,100,0.23,0.4962228517469311,0.4740995178837477,0.26285392533720076
nfix,nfix,ntp,7,prior_shift,1.0,-1.1932023254997322,100,0.23,0.4962228517469311,0.5750578106547991,0.3323201622084634
nfix,nfix,probe,8,prior_shift,1.0,-0.7386629219515779,100,0.32,0.4962228517469311,0.5441853548498969,0.403111225856933
nfix,nfix,ntp,8,prior_shift,1.0,-0.7386629219515779,100,0.32,0.4962228517469311,0.6264304543097783,0.47897104889679243
nfix,nfix,probe,9,prior_shift,1.0,-1.1932023254997322,100,0.23,0.4962228517469311,0.5888892289614739,0.3706174293744792
nfix,nfix,ntp,9,prior_shift,1.0,-1.1932023254997322,100,0.23,0.4962228517469311,0.5658037479680315,0.3160947465221557
nfix,nfix,probe,10,prior_shift,1.0,-1.1932023254997322,100,0.23,0.4962228517469311,0.6261966501630702,0.41081733189125536
nfix,nfix,ntp,10,prior_shift,1.0,-1.1932023254997322,100,0.23,0.4962228517469311,0.5587294005544298,0.3157073876057646
nfix,nfix,probe,11,prior_shift,1.0,-1.0308596747578855,100,0.26,0.4962228517469311,0.5925051373866355,0.37474085194929563
nfix,nfix,ntp,11,prior_shift,1.0,-1.0308596747578855,100,0.26,0.4962228517469311,0.6372012427658101,0.4277396397000311
nfix,nfix,probe,12,prior_shift,1.0,-0.8802751666300391,100,0.29,0.4962228517469311,0.5933781841392741,0.42228789269427836
nfix,nfix,ntp,12,prior_shift,1.0,-0.8802751666300391,100,0.29,0.4962228517469311,0.6100077484247981,0.432741320846754
nfix,nfix,probe,13,prior_shift,1.0,-0.9795136947192598,100,0.27,0.4962228517469311,0.5783712177418969,0.39366265419191376
nfix,nfix,ntp,13,prior_shift,1.0,-0.9795136947192598,100,0.27,0.4962228517469311,0.5595055008690103,0.3496980809103959
nfix,nfix,probe,14,prior_shift,1.0,-1.0835034082433077,100,0.25,0.4962228517469311,0.6094055999664625,0.4218517144977807
nfix,nfix,ntp,14,prior_shift,1.0,-1.0835034082433077,100,0.25,0.4962228517469311,0.6345989343305383,0.42018670155634924
nfix,nfix,probe,15,prior_shift,1.0,-0.929352728416049,100,0.28,0.4962228517469311,0.5311228154121231,0.3502105554176665
nfix,nfix,ntp,15,prior_shift,1.0,-0.929352728416049,100,0.28,0.4962228517469311,0.6022782491426809,0.41145375669373
nfix,nfix,probe,16,prior_shift,1.0,-1.2505574929064738,100,0.22,0.4962228517469311,0.6265135601173125,0.3799660893469281
nfix,nfix,ntp,16,prior_shift,1.0,-1.2505574929064738,100,0.22,0.4962228517469311,0.5836855012907365,0.3259653867566817
nfix,nfix,probe,17,prior_shift,1.0,-0.8321889799624015,100,0.3,0.4962228517469311,0.6045799884937404,0.4489757689987245
nfix,nfix,ntp,17,prior_shift,1.0,-0.8321889799624015,100,0.3,0.4962228517469311,0.5976030968919476,0.42589123077508817
nfix,nfix,probe,18,prior_shift,1.0,-1.2505574929064738,100,0.22,0.4962228517469311,0.5145811510167829,0.3008175904464403
nfix,nfix,ntp,18,prior_shift,1.0,-1.2505574929064738,100,0.22,0.4962228517469311,0.6189014684741994,0.37028117860751697
nfix,nfix,probe,19,prior_shift,1.0,-1.2505574929064738,100,0.22,0.4962228517469311,0.6053532455261553,0.3683345810016035
nfix,nfix,ntp,19,prior_shift,1.0,-1.2505574929064738,100,0.22,0.4962228517469311,0.5867286751361422,0.33358261475292933
nfix,nfix,probe,20,prior_shift,1.0,-0.6039303279814213,100,0.35,0.4962228517469311,0.5363897358617689,0.42137990334493286
nfix,nfix,ntp,20,prior_shift,1.0,-0.6039303279814213,100,0.35,0.4962228517469311,0.6005986781730911,0.47688971841091676
nfix,nfix,probe,21,prior_shift,1.0,-0.929352728416049,100,0.28,0.4962228517469311,0.6238104478040588,0.449393346632414
nfix,nfix,ntp,21,prior_shift,1.0,-0.929352728416049,100,0.28,0.4962228517469311,0.607554283496149,0.41856419512697973
nfix,nfix,probe,22,prior_shift,1.0,-1.5705183833155796,100,0.17,0.4962228517469311,0.5792260260499108,0.2994521533482144
nfix,nfix,ntp,22,prior_shift,1.0,-1.5705183833155796,100,0.17,0.4962228517469311,0.6052104530196423,0.2993222352187249
nfix,nfix,probe,23,prior_shift,1.0,-0.785010419687311,100,0.31,0.4962228517469311,0.6235172783939106,0.48167297233928613
nfix,nfix,ntp,23,prior_shift,1.0,-0.785010419687311,100,0.31,0.4962228517469311,0.6089865959471473,0.4500511867924851
nfix,nfix,probe,24,prior_shift,1.0,-1.0308596747578855,100,0.26,0.4962228517469311,0.577010542931925,0.36199604621157033
nfix,nfix,ntp,24,prior_shift,1.0,-1.0308596747578855,100,0.26,0.4962228517469311,0.6429692678635714,0.43484456823626144
nfix,nfix,probe,25,prior_shift,1.0,-1.1375706295135835,100,0.24,0.4962228517469311,0.4580611699374557,0.2596808176553733
nfix,nfix,ntp,25,prior_shift,1.0,-1.1375706295135835,100,0.24,0.4962228517469311,0.5462002980292116,0.31264769604270404
nfix,nfix,probe,26,prior_shift,1.0,-1.5705183833155796,100,0.17,0.4962228517469311,0.6447507063638577,0.3627440266233171
nfix,nfix,ntp,26,prior_shift,1.0,-1.5705183833155796,100,0.17,0.4962228517469311,0.5737239065067558,0.26089401922509636
nfix,nfix,probe,27,prior_shift,1.0,-1.1932023254997322,100,0.23,0.4962228517469311,0.6290737200806285,0.4016829802465006
nfix,nfix,ntp,27,prior_shift,1.0,-1.1932023254997322,100,0.23,0.4962228517469311,0.6053237374704853,0.36183580849044167
nfix,nfix,probe,28,prior_shift,1.0,-1.1375706295135835,100,0.24,0.4962228517469311,0.6896691228217747,0.4654702042124339
nfix,nfix,ntp,28,prior_shift,1.0,-1.1375706295135835,100,0.24,0.4962228517469311,0.6573837548902737,0.429272318174555
nfix,nfix,probe,29,prior_shift,1.0,-1.0308596747578855,100,0.26,0.4962228517469311,0.5788186068500144,0.39233492606508924
nfix,nfix,ntp,29,prior_shift,1.0,-1.0308596747578855,100,0.26,0.4962228517469311,0.5951356618603014,0.3866523160154157
nfix,nfix,probe,30,prior_shift,1.0,-0.8802751666300391,100,0.29,0.4962228517469311,0.481219368314585,0.3165173136705279
nfix,nfix,ntp,30,prior_shift,1.0,-0.8802751666300391,100,0.29,0.4962228517469311,0.6024778059737647,0.4238017910591571
nfix,nfix,probe,31,prior_shift,1.0,-0.9795136947192598,100,0.27,0.4962228517469311,0.48607585941466575,0.3081569951190914
nfix,nfix,ntp,31,prior_shift,1.0,-0.9795136947192598,100,0.27,0.4962228517469311,0.5677188069182388,0.3646023790271765
nfix,nfix,probe,32,prior_shift,1.0,-0.5602552644787597,100,0.36,0.4962228517469311,0.585986562372063,0.46674087389692454
nfix,nfix,ntp,32,prior_shift,1.0,-0.5602552644787597,100,0.36,0.4962228517469311,0.6455824792627288,0.5352751956322447
nfix,nfix,probe,33,prior_shift,1.0,-0.785010419687311,100,0.31,0.4962228517469311,0.5589152641340465,0.40259360603909583
nfix,nfix,ntp,33,prior_shift,1.0,-0.785010419687311,100,0.31,0.4962228517469311,0.6192184411927469,0.45997035927478785
nfix,nfix,probe,34,prior_shift,1.0,-1.1932023254997322,100,0.23,0.4962228517469311,0.5301978612068511,0.3029947775425943
nfix,nfix,ntp,34,prior_shift,1.0,-1.1932023254997322,100,0.23,0.4962228517469311,0.5680822023828547,0.32332504721487
nfix,nfix,probe,35,prior_shift,1.0,-0.785010419687311,100,0.31,0.4962228517469311,0.6503683118878625,0.5020385890167086
nfix,nfix,ntp,35,prior_shift,1.0,-0.785010419687311,100,0.31,0.4962228517469311,0.6333890936509635,0.476472298101221
nfix,nfix,probe,36,prior_shift,1.0,-0.6481853369854619,100,0.34,0.4962228517469311,0.5845600021858056,0.4631822311445848
nfix,nfix,ntp,36,prior_shift,1.0,-0.6481853369854619,100,0.34,0.4962228517469311,0.6088402770729776,0.4763719239808777
nfix,nfix,probe,37,prior_shift,1.0,-1.2505574929064738,100,0.22,0.4962228517469311,0.552347428736928,0.32184232758456605
nfix,nfix,ntp,37,prior_shift,1.0,-1.2505574929064738,100,0.22,0.4962228517469311,0.5709762919819734,0.31976128343993976
nfix,nfix,probe,38,prior_shift,1.0,-1.5705183833155796,100,0.17,0.4962228517469311,0.498692194476997,0.21465489794489737
nfix,nfix,ntp,38,prior_shift,1.0,-1.5705183833155796,100,0.17,0.4962228517469311,0.6042903747750173,0.29313896561924146
nfix,nfix,probe,39,prior_shift,1.0,-0.929352728416049,100,0.28,0.4962228517469311,0.6529749682474705,0.47263631367053227
nfix,nfix,ntp,39,prior_shift,1.0,-0.929352728416049,100,0.28,0.4962228517469311,0.6040984601681776,0.4132288153870956
nfix,nfix,probe,40,prior_shift,1.0,-1.2505574929064738,100,0.22,0.4962228517469311,0.5503245827510145,0.3305929445511703
nfix,nfix,ntp,40,prior_shift,1.0,-1.2505574929064738,100,0.22,0.4962228517469311,0.5948990852754351,0.3406240010701616
nfix,nfix,probe,41,prior_shift,1.0,-0.9795136947192598,100,0.27,0.4962228517469311,0.6051040967175764,0.4311037333453924
nfix,nfix,ntp,41,prior_shift,1.0,-0.9795136947192598,100,0.27,0.4962228517469311,0.6141987026193244,0.41571338252194484
nfix,nfix,probe,42,prior_shift,1.0,-1.0308596747578855,100,0.26,0.4962228517469311,0.611087788667634,0.4240073849728172
nfix,nfix,ntp,42,prior_shift,1.0,-1.0308596747578855,100,0.26,0.4962228517469311,0.5793498768614488,0.3617246639797957
nfix,nfix,probe,43,prior_shift,1.0,-1.2505574929064738,100,0.22,0.4962228517469311,0.5697284593826696,0.33971141269891325
nfix,nfix,ntp,43,prior_shift,1.0,-1.2505574929064738,100,0.22,0.4962228517469311,0.6001048488994666,0.3453856585812078
nfix,nfix,probe,44,prior_shift,1.0,-1.0308596747578855,100,0.26,0.4962228517469311,0.5738309189371089,0.35474255759862267
nfix,nfix,ntp,44,prior_shift,1.0,-1.0308596747578855,100,0.26,0.4962228517469311,0.6157878487493547,0.40777827684082446
nfix,nfix,probe,45,prior_shift,1.0,-0.929352728416049,100,0.28,0.4962228517469311,0.6080345204761598,0.437949821849665
nfix,nfix,ntp,45,prior_shift,1.0,-0.929352728416049,100,0.28,0.4962228517469311,0.5962474954627309,0.4042776887493105
nfix,nfix,probe,46,prior_shift,1.0,-0.785010419687311,100,0.31,0.4962228517469311,0.7049293567776939,0.571808539973249
nfix,nfix,ntp,46,prior_shift,1.0,-0.785010419687311,100,0.31,0.4962228517469311,0.6399408579052814,0.4804638072090961
nfix,nfix,probe,47,prior_shift,1.0,-0.785010419687311,100,0.31,0.4962228517469311,0.665453603750587,0.5116210355147426
nfix,nfix,ntp,47,prior_shift,1.0,-0.785010419687311,100,0.31,0.4962228517469311,0.6431798090486113,0.4850635504156077
nfix,nfix,probe,48,prior_shift,1.0,-0.929352728416049,100,0.28,0.4962228517469311,0.5923959163139699,0.41535258694623656
nfix,nfix,ntp,48,prior_shift,1.0,-0.929352728416049,100,0.28,0.4962228517469311,0.6031360263173248,0.413848436022719
nfix,nfix,probe,49,prior_shift,1.0,-1.0835034082433077,100,0.25,0.4962228517469311,0.5440294544921602,0.32220869768628324
nfix,nfix,ntp,49,prior_shift,1.0,-1.0835034082433077,100,0.25,0.4962228517469311,0.5961641987384416,0.37976857079362625
nfix,nfix,probe,50,prior_shift,1.0,-0.6930761774996835,100,0.33,0.4962228517469311,0.5917692810062406,0.4642082284093062
nfix,nfix,ntp,50,prior_shift,1.0,-0.6930761774996835,100,0.33,0.4962228517469311,0.6238501122005304,0.48488774382399663
nfix,nfix,probe,51,prior_shift,1.0,-1.2505574929064738,100,0.22,0.4962228517469311,0.5081185134277612,0.26962518469097324
nfix,nfix,ntp,51,prior_shift,1.0,-1.2505574929064738,100,0.22,0.4962228517469311,0.6073698819558182,0.3547090211668966
nfix,nfix,probe,52,prior_shift,1.0,-0.6039303279814213,100,0.35,0.4962228517469311,0.7574220228588509,0.6590842269055658
nfix,nfix,ntp,52,prior_shift,1.0,-0.6039303279814213,100,0.35,0.4962228517469311,0.6299127337335061,0.5073993840270433
nfix,nfix,probe,53,prior_shift,1.0,-1.4349012950811963,100,0.19,0.4962228517469311,0.576092125817536,0.30884949144552537
nfix,nfix,ntp,53,prior_shift,1.0,-1.4349012950811963,100,0.19,0.4962228517469311,0.5868706801459495,0.30280880754117695
nfix,nfix,probe,54,prior_shift,1.0,-1.3098165343187966,100,0.21,0.4962228517469311,0.587151582832248,0.32639816518422665
nfix,nfix,ntp,54,prior_shift,1.0,-1.3098165343187966,100,0.21,0.4962228517469311,0.6284446600803897,0.36526148739867387
nfix,nfix,probe,55,prior_shift,1.0,-0.7386629219515779,100,0.32,0.4962228517469311,0.6499849524710589,0.5221053962395286
nfix,nfix,ntp,55,prior_shift,1.0,-0.7386629219515779,100,0.32,0.4962228517469311,0.5932678901384982,0.44064589244867364
nfix,nfix,probe,56,prior_shift,1.0,-1.4349012950811963,100,0.19,0.4962228517469311,0.6040917491934649,0.3344599893160663
nfix,nfix,ntp,56,prior_shift,1.0,-1.4349012950811963,100,0.19,0.4962228517469311,0.6066117913993465,0.3170645555830184
nfix,nfix,probe,57,prior_shift,1.0,-1.0835034082433077,100,0.25,0.4962228517469311,0.6194271138923519,0.4246429134590946
nfix,nfix,ntp,57,prior_shift,1.0,-1.0835034082433077,100,0.25,0.4962228517469311,0.6124319588305019,0.3941735594854989
nfix,nfix,probe,58,prior_shift,1.0,-1.0308596747578855,100,0.26,0.4962228517469311,0.6166592137808137,0.41665675367666827
nfix,nfix,ntp,58,prior_shift,1.0,-1.0308596747578855,100,0.26,0.4962228517469311,0.6217779245501819,0.41806764533087587
nfix,nfix,probe,59,prior_shift,1.0,-0.7386629219515779,100,0.32,0.4962228517469311,0.5251850009458985,0.3795070571707139
nfix,nfix,ntp,59,prior_shift,1.0,-0.7386629219515779,100,0.32,0.4962228517469311,0.6519520690467295,0.5076830683942729
nfix,nfix,probe,60,prior_shift,1.0,-1.5012386089432865,100,0.18,0.4962228517469311,0.5164418359202664,0.2556980223695566
nfix,nfix,ntp,60,prior_shift,1.0,-1.5012386089432865,100,0.18,0.4962228517469311,0.5867604570940563,0.2872204944891886
nfix,nfix,probe,61,prior_shift,1.0,-0.8321889799624015,100,0.3,0.4962228517469311,0.5412440849624602,0.38155163466995035
nfix,nfix,ntp,61,prior_shift,1.0,-0.8321889799624015,100,0.3,0.4962228517469311,0.6048644684439741,0.43661391022660234
nfix,nfix,probe,62,prior_shift,1.0,-1.3098165343187966,100,0.21,0.4962228517469311,0.5843106421597316,0.341632099886778
nfix,nfix,ntp,62,prior_shift,1.0,-1.3098165343187966,100,0.21,0.4962228517469311,0.6091134713686699,0.3440531281706481
nfix,nfix,probe,63,prior_shift,1.0,-1.5705183833155796,100,0.17,0.4962228517469311,0.6947331579839837,0.3942264809917048
nfix,nfix,ntp,63,prior_shift,1.0,-1.5705183833155796,100,0.17,0.4962228517469311,0.6352279967008019,0.3233771849396281
nfix,nfix,probe,64,prior_shift,1.0,-1.0835034082433077,100,0.25,0.4962228517469311,0.525816661055834,0.3300542791626901
nfix,nfix,ntp,64,prior_shift,1.0,-1.0835034082433077,100,0.25,0.4962228517469311,0.5778914867019951,0.3545819843465285
nfix,nfix,probe,65,prior_shift,1.0,-0.9795136947192598,100,0.27,0.4962228517469311,0.600935032403957,0.3965782698413235
nfix,nfix,ntp,65,prior_shift,1.0,-0.9795136947192598,100,0.27,0.4962228517469311,0.6418000754329679,0.4482817124399741
nfix,nfix,probe,66,prior_shift,1.0,-1.0308596747578855,100,0.26,0.4962228517469311,0.5117965718488224,0.33337699815689315
nfix,nfix,ntp,66,prior_shift,1.0,-1.0308596747578855,100,0.26,0.4962228517469311,0.6127159043940386,0.4064125797560986
nfix,nfix,probe,67,prior_shift,1.0,-0.8802751666300391,100,0.29,0.4962228517469311,0.6218600679051882,0.44982611280710827
nfix,nfix,ntp,67,prior_shift,1.0,-0.8802751666300391,100,0.29,0.4962228517469311,0.6380585291904951,0.4636490766856226
nfix,nfix,probe,68,prior_shift,1.0,-1.0835034082433077,100,0.25,0.4962228517469311,0.6682562050782375,0.46334360368212335
nfix,nfix,ntp,68,prior_shift,1.0,-1.0835034082433077,100,0.25,0.4962228517469311,0.5913468562870631,0.365046646140739
nfix,nfix,probe,69,prior_shift,1.0,-0.7386629219515779,100,0.32,0.4962228517469311,0.580684701145005,0.4404246254004896
nfix,nfix,ntp,69,prior_shift,1.0,-0.7386629219515779,100,0.32,0.4962228517469311,0.6325604794849725,0.485670743929659
nfix,nfix,probe,70,prior_shift,1.0,-0.8802751666300391,100,0.29,0.4962228517469311,0.5405280355192001,0.37125371471353363
nfix,nfix,ntp,70,prior_shift,1.0,-0.8802751666300391,100,0.29,0.4962228517469311,0.6061959032708963,0.4281771729033645
nfix,nfix,probe,71,prior_shift,1.0,-1.2505574929064738,100,0.22,0.4962228517469311,0.5553399577770564,0.31839876595021765
nfix,nfix,ntp,71,prior_shift,1.0,-1.2505574929064738,100,0.22,0.4962228517469311,0.5798102500680711,0.3270630885695145
nfix,nfix,probe,72,prior_shift,1.0,-0.785010419687311,100,0.31,0.4962228517469311,0.5292981331188844,0.3764197902921296
nfix,nfix,ntp,72,prior_shift,1.0,-0.785010419687311,100,0.31,0.4962228517469311,0.5751796441868072,0.41130233238937747
nfix,nfix,probe,73,prior_shift,1.0,-0.8321889799624015,100,0.3,0.4962228517469311,0.5621897684364298,0.40460734555650046
nfix,nfix,ntp,73,prior_shift,1.0,-0.8321889799624015,100,0.3,0.4962228517469311,0.6084883123821669,0.43800007188214596
nfix,nfix,probe,74,prior_shift,1.0,-1.1375706295135835,100,0.24,0.4962228517469311,0.519440115971196,0.30311187938646333
nfix,nfix,ntp,74,prior_shift,1.0,-1.1375706295135835,100,0.24,0.4962228517469311,0.5878829154960994,0.3564077840491613
nfix,nfix,probe,75,prior_shift,1.0,-0.7386629219515779,100,0.32,0.4962228517469311,0.6470993457672877,0.5203633061650101
nfix,nfix,ntp,75,prior_shift,1.0,-0.7386629219515779,100,0.32,0.4962228517469311,0.6279061067508589,0.47960750238056366
nfix,nfix,probe,76,prior_shift,1.0,-1.3098165343187966,100,0.21,0.4962228517469311,0.5117270023747451,0.27494348938911395
nfix,nfix,ntp,76,prior_shift,1.0,-1.3098165343187966,100,0.21,0.4962228517469311,0.6057506481076897,0.34383410194462466
nfix,nfix,probe,77,prior_shift,1.0,-0.929352728416049,100,0.28,0.4962228517469311,0.6959542189961938,0.5371474432722403
nfix,nfix,ntp,77,prior_shift,1.0,-0.929352728416049,100,0.28,0.4962228517469311,0.6280145312372902,0.437962655775089
nfix,nfix,probe,78,prior_shift,1.0,-0.6039303279814213,100,0.35,0.4962228517469311,0.6668635000525986,0.5593117942470014
nfix,nfix,ntp,78,prior_shift,1.0,-0.6039303279814213,100,0.35,0.4962228517469311,0.6441100587095778,0.5256960448668092
nfix,nfix,probe,79,prior_shift,1.0,-1.3098165343187966,100,0.21,0.4962228517469311,0.4680971334065157,0.23694195826522033
nfix,nfix,ntp,79,prior_shift,1.0,-1.3098165343187966,100,0.21,0.4962228517469311,0.5877979634833688,0.3257633363582144
nfix,nfix,probe,80,prior_shift,1.0,-0.9795136947192598,100,0.27,0.4962228517469311,0.5436468670120914,0.34125866204390276
nfix,nfix,ntp,80,prior_shift,1.0,-0.9795136947192598,100,0.27,0.4962228517469311,0.5903780517251381,0.3881864094837374
nfix,nfix,probe,81,prior_shift,1.0,-1.2505574929064738,100,0.22,0.4962228517469311,0.5518378228818572,0.3271235469511173
nfix,nfix,ntp,81,prior_shift,1.0,-1.2505574929064738,100,0.22,0.4962228517469311,0.5853647251939568,0.3293781954501666
nfix,nfix,probe,82,prior_shift,1.0,-0.47443934489390366,100,0.38,0.4962228517469311,0.6615929942248461,0.578268835778334
nfix,nfix,ntp,82,prior_shift,1.0,-0.47443934489390366,100,0.38,0.4962228517469311,0.6221453180461514,0.5277485419375523
nfix,nfix,probe,83,prior_shift,1.0,-1.5012386089432865,100,0.18,0.4962228517469311,0.5276688105240686,0.26089170590817756
nfix,nfix,ntp,83,prior_shift,1.0,-1.5012386089432865,100,0.18,0.4962228517469311,0.5966196569313198,0.30202831120786905
nfix,nfix,probe,84,prior_shift,1.0,-1.1932023254997322,100,0.23,0.4962228517469311,0.5990162124662536,0.3923565041565813
nfix,nfix,ntp,84,prior_shift,1.0,-1.1932023254997322,100,0.23,0.4962228517469311,0.6039408380077674,0.36728423379356945
nfix,nfix,probe,85,prior_shift,1.0,-0.6481853369854619,100,0.34,0.4962228517469311,0.6079114798424374,0.48175155119945223
nfix,nfix,ntp,85,prior_shift,1.0,-0.6481853369854619,100,0.34,0.4962228517469311,0.6168707606454575,0.48670608900450996
nfix,nfix,probe,86,prior_shift,1.0,-1.2505574929064738,100,0.22,0.4962228517469311,0.6177522339471438,0.379274324925457
nfix,nfix,ntp,86,prior_shift,1.0,-1.2505574929064738,100,0.22,0.4962228517469311,0.5836512987450683,0.32544775508985757
nfix,nfix,probe,87,prior_shift,1.0,-1.3098165343187966,100,0.21,0.4962228517469311,0.6332330857561532,0.38723074664559043
nfix,nfix,ntp,87,prior_shift,1.0,-1.3098165343187966,100,0.21,0.4962228517469311,0.616942285282722,0.35088363035360554
nfix,nfix,probe,88,prior_shift,1.0,-0.8321889799624015,100,0.3,0.4962228517469311,0.6025196257494605,0.4452806318747799
nfix,nfix,ntp,88,prior_shift,1.0,-0.8321889799624015,100,0.3,0.4962228517469311,0.6219946592291806,0.4547486171503125
nfix,nfix,probe,89,prior_shift,1.0,-1.0835034082433077,100,0.25,0.4962228517469311,0.5291559982361758,0.3224364094386406
nfix,nfix,ntp,89,prior_shift,1.0,-1.0835034082433077,100,0.25,0.4962228517469311,0.6033278783941116,0.38090426978349584
nfix,nfix,probe,90,prior_shift,1.0,-1.1932023254997322,100,0.23,0.4962228517469311,0.6796811047060528,0.4601419194313051
nfix,nfix,ntp,90,prior_shift,1.0,-1.1932023254997322,100,0.23,0.4962228517469311,0.6141742830841919,0.37255445741881715
nfix,nfix,probe,91,prior_shift,1.0,-0.8802751666300391,100,0.29,0.4962228517469311,0.5086926813173807,0.3485547348726958
nfix,nfix,ntp,91,prior_shift,1.0,-0.8802751666300391,100,0.29,0.4962228517469311,0.6072362401650857,0.42802833572631166
nfix,nfix,probe,92,prior_shift,1.0,-0.6039303279814213,100,0.35,0.4962228517469311,0.5857728860174096,0.466178309946262
nfix,nfix,ntp,92,prior_shift,1.0,-0.6039303279814213,100,0.35,0.4962228517469311,0.5917715243001008,0.4666184449786155
nfix,nfix,probe,93,prior_shift,1.0,-1.0308596747578855,100,0.26,0.4962228517469311,0.5729802349623417,0.3680675221606957
nfix,nfix,ntp,93,prior_shift,1.0,-1.0308596747578855,100,0.26,0.4962228517469311,0.5716185174938831,0.35958745734087616
nfix,nfix,probe,94,prior_shift,1.0,-1.0835034082433077,100,0.25,0.4962228517469311,0.6340182982521514,0.4303526300432323
nfix,nfix,ntp,94,prior_shift,1.0,-1.0835034082433077,100,0.25,0.4962228517469311,0.5866078482666153,0.36381751016527014
nfix,nfix,probe,95,prior_shift,1.0,-0.8321889799624015,100,0.3,0.4962228517469311,0.548732367142274,0.3857907238735313
nfix,nfix,ntp,95,prior_shift,1.0,-0.8321889799624015,100,0.3,0.4962228517469311,0.5820599758820607,0.40629179824143086
nfix,nfix,probe,96,prior_shift,1.0,-1.1375706295135835,100,0.24,0.4962228517469311,0.5854095544787532,0.3657486282950423
nfix,nfix,ntp,96,prior_shift,1.0,-1.1375706295135835,100,0.24,0.4962228517469311,0.640926997377663,0.4165581135163318
nfix,nfix,probe,97,prior_shift,1.0,-0.785010419687311,100,0.31,0.4962228517469311,0.5294891113457144,0.37574539964091663
nfix,nfix,ntp,97,prior_shift,1.0,-0.785010419687311,100,0.31,0.4962228517469311,0.669725512101028,0.5183020235900743
nfix,nfix,probe,98,prior_shift,1.0,-0.9795136947192598,100,0.27,0.4962228517469311,0.6063163942354769,0.42068106881600625
nfix,nfix,ntp,98,prior_shift,1.0,-0.9795136947192598,100,0.27,0.4962228517469311,0.6374290309022261,0.44238691161264626
nfix,nfix,probe,99,prior_shift,1.0,-1.3098165343187966,100,0.21,0.4962228517469311,0.6143843249485637,0.3805521030770801
nfix,nfix,ntp,99,prior_shift,1.0,-1.3098165343187966,100,0.21,0.4962228517469311,0.6200431780933934,0.3551852352401916
nfix,supermat,probe,0,prior_shift,1.0,-1.0308596747578855,100,0.26,0.4962228517469311,0.6402570201570361,0.45905737184445855
nfix,supermat,ntp,0,prior_shift,1.0,-1.0308596747578855,100,0.26,0.4962228517469311,0.5024077763785931,0.2861217346772133
nfix,supermat,probe,1,prior_shift,1.0,-1.0308596747578855,100,0.26,0.4962228517469311,0.6283351703398439,0.4480306928191576
nfix,supermat,ntp,1,prior_shift,1.0,-1.0308596747578855,100,0.26,0.4962228517469311,0.5102586086256895,0.2942988565080135
nfix,supermat,probe,2,prior_shift,1.0,-0.43220333761886265,100,0.39,0.4962228517469311,0.5629794182816026,0.47875509772415503
nfix,supermat,ntp,2,prior_shift,1.0,-0.43220333761886265,100,0.39,0.4962228517469311,0.5328814254514275,0.4385442096255464
nfix,supermat,probe,3,prior_shift,1.0,-0.6039303279814213,100,0.35,0.4962228517469311,0.5683068679873948,0.45571858899838086
nfix,supermat,ntp,3,prior_shift,1.0,-0.6039303279814213,100,0.35,0.4962228517469311,0.5334013896831826,0.4030109782349728
nfix,supermat,probe,4,prior_shift,1.0,-0.5602552644787597,100,0.36,0.4962228517469311,0.5754840145288249,0.4733577885304763
nfix,supermat,ntp,4,prior_shift,1.0,-0.5602552644787597,100,0.36,0.4962228517469311,0.5198830270729602,0.39590550189527496
nfix,supermat,probe,5,prior_shift,1.0,-0.307664511838249,100,0.42,0.4962228517469311,0.6433770266076642,0.5922999237390174
nfix,supermat,ntp,5,prior_shift,1.0,-0.307664511838249,100,0.42,0.4962228517469311,0.5227750229624355,0.4539626740785959
nfix,supermat,probe,6,prior_shift,1.0,-1.0835034082433077,100,0.25,0.4962228517469311,0.6141467135699732,0.41428677016891496
nfix,supermat,ntp,6,prior_shift,1.0,-1.0835034082433077,100,0.25,0.4962228517469311,0.5148947672877702,0.2877707113930989
nfix,supermat,probe,7,prior_shift,1.0,-0.47443934489390366,100,0.38,0.4962228517469311,0.5916859876141737,0.5008338621169859
nfix,supermat,ntp,7,prior_shift,1.0,-0.47443934489390366,100,0.38,0.4962228517469311,0.5242054604685685,0.419149275059108
nfix,supermat,probe,8,prior_shift,1.0,-1.1375706295135835,100,0.24,0.4962228517469311,0.606867311248141,0.39416096059570616
nfix,supermat,ntp,8,prior_shift,1.0,-1.1375706295135835,100,0.24,0.4962228517469311,0.48324334527679164,0.24457373577936373
nfix,supermat,probe,9,prior_shift,1.0,-0.39035622768336214,100,0.4,0.4962228517469311,0.604111330474319,0.5292794906013547
nfix,supermat,ntp,9,prior_shift,1.0,-0.39035622768336214,100,0.4,0.4962228517469311,0.5480664371621906,0.4638714798500455
nfix,supermat,probe,10,prior_shift,1.0,-0.6481853369854619,100,0.34,0.4962228517469311,0.6796544379145506,0.5674817360191748
nfix,supermat,ntp,10,prior_shift,1.0,-0.6481853369854619,100,0.34,0.4962228517469311,0.5585882466876045,0.4204346359871798
nfix,supermat,probe,11,prior_shift,1.0,-0.22605317639208594,100,0.44,0.4962228517469311,0.6044143299875955,0.562842966136706
nfix,supermat,ntp,11,prior_shift,1.0,-0.22605317639208594,100,0.44,0.4962228517469311,0.5269523697103259,0.47628425750763065
nfix,supermat,probe,12,prior_shift,1.0,-0.7386629219515779,100,0.32,0.4962228517469311,0.6434549313109496,0.5064599490373444
nfix,supermat,ntp,12,prior_shift,1.0,-0.7386629219515779,100,0.32,0.4962228517469311,0.5104193665152397,0.35006414410527853
nfix,supermat,probe,13,prior_shift,1.0,-0.14523376965037715,100,0.46,0.4962228517469311,0.6184329529142902,0.5902989882352349
nfix,supermat,ntp,13,prior_shift,1.0,-0.14523376965037715,100,0.46,0.4962228517469311,0.5435010658997765,0.5117297430428058
nfix,supermat,probe,14,prior_shift,1.0,-0.785010419687311,100,0.31,0.4962228517469311,0.6848274557628043,0.5464529767640913
nfix,supermat,ntp,14,prior_shift,1.0,-0.785010419687311,100,0.31,0.4962228517469311,0.5444113423833042,0.3778654312256577
nfix,supermat,probe,15,prior_shift,1.0,0.1352531922668655,100,0.53,0.4962228517469311,0.6701314295746086,0.6928187673979385
nfix,supermat,ntp,15,prior_shift,1.0,0.1352531922668655,100,0.53,0.4962228517469311,0.5603752008931283,0.5891623686797983
nfix,supermat,probe,16,prior_shift,1.0,-0.8802751666300391,100,0.29,0.4962228517469311,0.6031536154416398,0.44917636858852944
nfix,supermat,ntp,16,prior_shift,1.0,-0.8802751666300391,100,0.29,0.4962228517469311,0.5247053911540185,0.33855469776902325
nfix,supermat,probe,17,prior_shift,1.0,-1.1932023254997322,100,0.23,0.4962228517469311,0.6013576949161299,0.37717218562645627
nfix,supermat,ntp,17,prior_shift,1.0,-1.1932023254997322,100,0.23,0.4962228517469311,0.5011138363210061,0.2540811269559919
nfix,supermat,probe,18,prior_shift,1.0,-0.8802751666300391,100,0.29,0.4962228517469311,0.6006292426660598,0.43953988695250445
nfix,supermat,ntp,18,prior_shift,1.0,-0.8802751666300391,100,0.29,0.4962228517469311,0.5271819591927879,0.33983423349664654
nfix,supermat,probe,19,prior_shift,1.0,-0.47443934489390366,100,0.38,0.4962228517469311,0.5682601010211472,0.4781401062614898
nfix,supermat,ntp,19,prior_shift,1.0,-0.47443934489390366,100,0.38,0.4962228517469311,0.5445205424146405,0.4409464071359776
nfix,supermat,probe,20,prior_shift,1.0,-0.6481853369854619,100,0.34,0.4962228517469311,0.6336076072119492,0.5115150758294269
nfix,supermat,ntp,20,prior_shift,1.0,-0.6481853369854619,100,0.34,0.4962228517469311,0.5544256463397101,0.415931043216866
nfix,supermat,probe,21,prior_shift,1.0,-0.8321889799624015,100,0.3,0.4962228517469311,0.6351288904041096,0.4886272073776119
nfix,supermat,ntp,21,prior_shift,1.0,-0.8321889799624015,100,0.3,0.4962228517469311,0.5049078350065609,0.32464646489209487
nfix,supermat,probe,22,prior_shift,1.0,-1.1375706295135835,100,0.24,0.4962228517469311,0.5748484950658024,0.36655880408842606
nfix,supermat,ntp,22,prior_shift,1.0,-1.1375706295135835,100,0.24,0.4962228517469311,0.5271456139298316,0.2928262677935258
nfix,supermat,probe,23,prior_shift,1.0,-0.6481853369854619,100,0.34,0.4962228517469311,0.6113774718668867,0.4945787987763579
nfix,supermat,ntp,23,prior_shift,1.0,-0.6481853369854619,100,0.34,0.4962228517469311,0.5016444546708392,0.3579066084542072
nfix,supermat,probe,24,prior_shift,1.0,-0.6481853369854619,100,0.34,0.4962228517469311,0.5267569184538161,0.40629592699444594
nfix,supermat,ntp,24,prior_shift,1.0,-0.6481853369854619,100,0.34,0.4962228517469311,0.5314003220284907,0.39044214726810983
nfix,supermat,probe,25,prior_shift,1.0,-0.43220333761886265,100,0.39,0.4962228517469311,0.6274246833008448,0.5546378326296466
nfix,supermat,ntp,25,prior_shift,1.0,-0.43220333761886265,100,0.39,0.4962228517469311,0.5372899307484951,0.4435671884129689
nfix,supermat,probe,26,prior_shift,1.0,-0.6930761774996835,100,0.33,0.4962228517469311,0.6319949335439587,0.5122366148272264
nfix,supermat,ntp,26,prior_shift,1.0,-0.6930761774996835,100,0.33,0.4962228517469311,0.4965616680961718,0.342928057637641
nfix,supermat,probe,27,prior_shift,1.0,-0.14523376965037715,100,0.46,0.4962228517469311,0.6428163731952526,0.6166238969507133
nfix,supermat,ntp,27,prior_shift,1.0,-0.14523376965037715,100,0.46,0.4962228517469311,0.5542678107749043,0.5228701535525624
nfix,supermat,probe,28,prior_shift,1.0,-0.26674227171618564,100,0.43,0.4962228517469311,0.6380329807761033,0.5906801620338888
nfix,supermat,ntp,28,prior_shift,1.0,-0.26674227171618564,100,0.43,0.4962228517469311,0.5268665611414216,0.4671156301870976
nfix,supermat,probe,29,prior_shift,1.0,-1.0308596747578855,100,0.26,0.4962228517469311,0.6894753304528526,0.5136033940224644
nfix,supermat,ntp,29,prior_shift,1.0,-1.0308596747578855,100,0.26,0.4962228517469311,0.5060400615423988,0.28915702625782647
nfix,supermat,probe,30,prior_shift,1.0,-0.5602552644787597,100,0.36,0.4962228517469311,0.6564557849999924,0.5536658292801948
nfix,supermat,ntp,30,prior_shift,1.0,-0.5602552644787597,100,0.36,0.4962228517469311,0.532342039009858,0.41001171299256695
nfix,supermat,probe,31,prior_shift,1.0,-0.6039303279814213,100,0.35,0.4962228517469311,0.5746146166627915,0.4595563189607245
nfix,supermat,ntp,31,prior_shift,1.0,-0.6039303279814213,100,0.35,0.4962228517469311,0.5153204271741935,0.38286118080291126
nfix,supermat,probe,32,prior_shift,1.0,-0.929352728416049,100,0.28,0.4962228517469311,0.6384269832669373,0.475428198865572
nfix,supermat,ntp,32,prior_shift,1.0,-0.929352728416049,100,0.28,0.4962228517469311,0.5030757794764426,0.30545984250213826
nfix,supermat,probe,33,prior_shift,1.0,-0.26674227171618564,100,0.43,0.4962228517469311,0.6342938736078566,0.5870388819505394
nfix,supermat,ntp,33,prior_shift,1.0,-0.26674227171618564,100,0.43,0.4962228517469311,0.5556086337331199,0.4980061061040141
nfix,supermat,probe,34,prior_shift,1.0,-0.5602552644787597,100,0.36,0.4962228517469311,0.570065336213084,0.4707234698101464
nfix,supermat,ntp,34,prior_shift,1.0,-0.5602552644787597,100,0.36,0.4962228517469311,0.5422425437031938,0.42172814847643864
nfix,supermat,probe,35,prior_shift,1.0,-0.39035622768336214,100,0.4,0.4962228517469311,0.6243238444239986,0.5524354006938603
nfix,supermat,ntp,35,prior_shift,1.0,-0.39035622768336214,100,0.4,0.4962228517469311,0.5931469244798001,0.5136153436094069
nfix,supermat,probe,36,prior_shift,1.0,-1.2505574929064738,100,0.22,0.4962228517469311,0.6183721413008663,0.38120882774776566
nfix,supermat,ntp,36,prior_shift,1.0,-1.2505574929064738,100,0.22,0.4962228517469311,0.4918176570461244,0.23556920898347208
nfix,supermat,probe,37,prior_shift,1.0,-0.39035622768336214,100,0.4,0.4962228517469311,0.6478353944312956,0.5816524694122597
nfix,supermat,ntp,37,prior_shift,1.0,-0.39035622768336214,100,0.4,0.4962228517469311,0.5396769337894316,0.4546417605650469
nfix,supermat,probe,38,prior_shift,1.0,-1.1375706295135835,100,0.24,0.4962228517469311,0.6142911048544238,0.40382962647311876
nfix,supermat,ntp,38,prior_shift,1.0,-1.1375706295135835,100,0.24,0.4962228517469311,0.5335080481119107,0.29981126624868354
nfix,supermat,probe,39,prior_shift,1.0,-0.6039303279814213,100,0.35,0.4962228517469311,0.6017445101922111,0.48976089616972585
nfix,supermat,ntp,39,prior_shift,1.0,-0.6039303279814213,100,0.35,0.4962228517469311,0.5463120784573703,0.41636510416407513
nfix,supermat,probe,40,prior_shift,1.0,-0.6039303279814213,100,0.35,0.4962228517469311,0.6401993177593971,0.5320382468767892
nfix,supermat,ntp,40,prior_shift,1.0,-0.6039303279814213,100,0.35,0.4962228517469311,0.5411991057900616,0.41041377201337004
nfix,supermat,probe,41,prior_shift,1.0,-0.307664511838249,100,0.42,0.4962228517469311,0.6055970502644594,0.5519352300798805
nfix,supermat,ntp,41,prior_shift,1.0,-0.307664511838249,100,0.42,0.4962228517469311,0.5334247150601046,0.46580701375956907
nfix,supermat,probe,42,prior_shift,1.0,-0.8321889799624015,100,0.3,0.4962228517469311,0.7192598761081903,0.5751700422674887
nfix,supermat,ntp,42,prior_shift,1.0,-0.8321889799624015,100,0.3,0.4962228517469311,0.5000074249040355,0.3198497524647054
nfix,supermat,probe,43,prior_shift,1.0,-0.47443934489390366,100,0.38,0.4962228517469311,0.6143816602306014,0.5268910482245793
nfix,supermat,ntp,43,prior_shift,1.0,-0.47443934489390366,100,0.38,0.4962228517469311,0.5365229562618229,0.4321989069041181
nfix,supermat,probe,44,prior_shift,1.0,-0.18556181503734898,100,0.45,0.4962228517469311,0.6656769729456576,0.634197136765154
nfix,supermat,ntp,44,prior_shift,1.0,-0.18556181503734898,100,0.45,0.4962228517469311,0.5378251633780721,0.49723201066996287
nfix,supermat,probe,45,prior_shift,1.0,-1.1932023254997322,100,0.23,0.4962228517469311,0.6381671295252793,0.4410366796303724
nfix,supermat,ntp,45,prior_shift,1.0,-1.1932023254997322,100,0.23,0.4962228517469311,0.510381010874287,0.26721818193572633
nfix,supermat,probe,46,prior_shift,1.0,-1.0308596747578855,100,0.26,0.4962228517469311,0.5486374212562017,0.35771548367957484
nfix,supermat,ntp,46,prior_shift,1.0,-1.0308596747578855,100,0.26,0.4962228517469311,0.5055001760929944,0.28717369856325076
nfix,supermat,probe,47,prior_shift,1.0,-0.3488564967766096,100,0.41,0.4962228517469311,0.6201773926259998,0.5565573202831015
nfix,supermat,ntp,47,prior_shift,1.0,-0.3488564967766096,100,0.41,0.4962228517469311,0.5236776240729014,0.44588881543520587
nfix,supermat,probe,48,prior_shift,1.0,-0.6039303279814213,100,0.35,0.4962228517469311,0.6522628887152273,0.548943173011344
nfix,supermat,ntp,48,prior_shift,1.0,-0.6039303279814213,100,0.35,0.4962228517469311,0.5558424218144971,0.42801893286846976
nfix,supermat,probe,49,prior_shift,1.0,-0.8802751666300391,100,0.29,0.4962228517469311,0.5566623569036008,0.40230501376770483
nfix,supermat,ntp,49,prior_shift,1.0,-0.8802751666300391,100,0.29,0.4962228517469311,0.5006822631134881,0.3107632890340246
nfix,supermat,probe,50,prior_shift,1.0,-1.0308596747578855,100,0.26,0.4962228517469311,0.6349075684635044,0.46121400528776085
nfix,supermat,ntp,50,prior_shift,1.0,-1.0308596747578855,100,0.26,0.4962228517469311,0.5218549848515155,0.30503054364144055
nfix,supermat,probe,51,prior_shift,1.0,-1.0835034082433077,100,0.25,0.4962228517469311,0.509939855465808,0.32307836118359134
nfix,supermat,ntp,51,prior_shift,1.0,-1.0835034082433077,100,0.25,0.4962228517469311,0.5071250834053835,0.2810248042339156
nfix,supermat,probe,52,prior_shift,1.0,-1.1375706295135835,100,0.24,0.4962228517469311,0.6755964307594593,0.47714515410024966
nfix,supermat,ntp,52,prior_shift,1.0,-1.1375706295135835,100,0.24,0.4962228517469311,0.5018065554786751,0.26657779897387895
nfix,supermat,probe,53,prior_shift,1.0,-1.1375706295135835,100,0.24,0.4962228517469311,0.6758586267642821,0.4818247072566838
nfix,supermat,ntp,53,prior_shift,1.0,-1.1375706295135835,100,0.24,0.4962228517469311,0.4994494735354392,0.2629673672314795
nfix,supermat,probe,54,prior_shift,1.0,-0.18556181503734898,100,0.45,0.4962228517469311,0.568019450009428,0.5323733133803412
nfix,supermat,ntp,54,prior_shift,1.0,-0.18556181503734898,100,0.45,0.4962228517469311,0.5927793991362453,0.5544908094594072
nfix,supermat,probe,55,prior_shift,1.0,-0.517107933322506,100,0.37,0.4962228517469311,0.6302595060210023,0.541437325572058
nfix,supermat,ntp,55,prior_shift,1.0,-0.517107933322506,100,0.37,0.4962228517469311,0.5391450259140643,0.42644093233389674
nfix,supermat,probe,56,prior_shift,1.0,-0.9795136947192598,100,0.27,0.4962228517469311,0.599174547620074,0.41714919368168274
nfix,supermat,ntp,56,prior_shift,1.0,-0.9795136947192598,100,0.27,0.4962228517469311,0.5400053550325168,0.3353718390465389
nfix,supermat,probe,57,prior_shift,1.0,-1.0835034082433077,100,0.25,0.4962228517469311,0.608153593147994,0.4074389373138758
nfix,supermat,ntp,57,prior_shift,1.0,-1.0835034082433077,100,0.25,0.4962228517469311,0.5172601408454462,0.2895709845570218
nfix,supermat,probe,58,prior_shift,1.0,-0.8321889799624015,100,0.3,0.4962228517469311,0.6504824916842893,0.5043123645522186
nfix,supermat,ntp,58,prior_shift,1.0,-0.8321889799624015,100,0.3,0.4962228517469311,0.5208853558286286,0.3424511616931849
nfix,supermat,probe,59,prior_shift,1.0,-0.8802751666300391,100,0.29,0.4962228517469311,0.6506726256635517,0.49146564541908
nfix,supermat,ntp,59,prior_shift,1.0,-0.8802751666300391,100,0.29,0.4962228517469311,0.5142737596719713,0.32570924055734096
nfix,supermat,probe,60,prior_shift,1.0,-0.517107933322506,100,0.37,0.4962228517469311,0.655672105321323,0.5694311395163887
nfix,supermat,ntp,60,prior_shift,1.0,-0.517107933322506,100,0.37,0.4962228517469311,0.5244264815780438,0.4100515819754302
nfix,supermat,probe,61,prior_shift,1.0,-0.6481853369854619,100,0.34,0.4962228517469311,0.6574690114481758,0.5491642672000956
nfix,supermat,ntp,61,prior_shift,1.0,-0.6481853369854619,100,0.34,0.4962228517469311,0.5344953038245946,0.3956164748449755
nfix,supermat,probe,62,prior_shift,1.0,-0.7386629219515779,100,0.32,0.4962228517469311,0.6233159501839072,0.5036090860119586
nfix,supermat,ntp,62,prior_shift,1.0,-0.7386629219515779,100,0.32,0.4962228517469311,0.5372415440189738,0.3788983145140145
nfix,supermat,probe,63,prior_shift,1.0,-0.06493382724873435,100,0.48,0.4962228517469311,0.617742985821546,0.6055164290318762
nfix,supermat,ntp,63,prior_shift,1.0,-0.06493382724873435,100,0.48,0.4962228517469311,0.5516343904855093,0.5375077334320573
nfix,supermat,probe,64,prior_shift,1.0,-0.6930761774996835,100,0.33,0.4962228517469311,0.6061517226521304,0.4796494231221631
nfix,supermat,ntp,64,prior_shift,1.0,-0.6930761774996835,100,0.33,0.4962228517469311,0.5220187218345331,0.37206307693066726
nfix,supermat,probe,65,prior_shift,1.0,0.2562709372416904,100,0.56,0.4962228517469311,0.6430533079915379,0.6833578061460948
nfix,supermat,ntp,65,prior_shift,1.0,0.2562709372416904,100,0.56,0.4962228517469311,0.5873203600860356,0.6392934295164795
nfix,supermat,probe,66,prior_shift,1.0,-1.1932023254997322,100,0.23,0.4962228517469311,0.622392579282515,0.42880968002265346
nfix,supermat,ntp,66,prior_shift,1.0,-1.1932023254997322,100,0.23,0.4962228517469311,0.4890411231806271,0.23669623298948272
nfix,supermat,probe,67,prior_shift,1.0,-0.6481853369854619,100,0.34,0.4962228517469311,0.6269738794690203,0.5125620640150798
nfix,supermat,ntp,67,prior_shift,1.0,-0.6481853369854619,100,0.34,0.4962228517469311,0.5364803624053749,0.3970922276746524
nfix,supermat,probe,68,prior_shift,1.0,-1.2505574929064738,100,0.22,0.4962228517469311,0.6104471744774024,0.38392551097085276
nfix,supermat,ntp,68,prior_shift,1.0,-1.2505574929064738,100,0.22,0.4962228517469311,0.5157860010061978,0.2644715284278209
nfix,supermat,probe,69,prior_shift,1.0,-1.0308596747578855,100,0.26,0.4962228517469311,0.6822290966275978,0.5024714435717494
nfix,supermat,ntp,69,prior_shift,1.0,-1.0308596747578855,100,0.26,0.4962228517469311,0.49911391865938926,0.28136266863329307
nfix,supermat,probe,70,prior_shift,1.0,-1.5705183833155796,100,0.17,0.4962228517469311,0.6355327811816079,0.3629196552336408
nfix,supermat,ntp,70,prior_shift,1.0,-1.5705183833155796,100,0.17,0.4962228517469311,0.49665751861996255,0.19434025896111717
nfix,supermat,probe,71,prior_shift,1.0,-0.14523376965037715,100,0.46,0.4962228517469311,0.6113503669880754,0.5848415426445234
nfix,supermat,ntp,71,prior_shift,1.0,-0.14523376965037715,100,0.46,0.4962228517469311,0.5799335559944906,0.5497006362708968
nfix,supermat,probe,72,prior_shift,1.0,-0.06493382724873435,100,0.48,0.4962228517469311,0.5546651427055669,0.5428819490618557
nfix,supermat,ntp,72,prior_shift,1.0,-0.06493382724873435,100,0.48,0.4962228517469311,0.5528612413461506,0.5387808739939554
nfix,supermat,probe,73,prior_shift,1.0,-0.6930761774996835,100,0.33,0.4962228517469311,0.5566174930715289,0.4311251828268393
nfix,supermat,ntp,73,prior_shift,1.0,-0.6930761774996835,100,0.33,0.4962228517469311,0.5498605827005649,0.40286770280305817
nfix,supermat,probe,74,prior_shift,1.0,-0.6039303279814213,100,0.35,0.4962228517469311,0.5608470235943002,0.4466649548006195
nfix,supermat,ntp,74,prior_shift,1.0,-0.6039303279814213,100,0.35,0.4962228517469311,0.557924996735061,0.4292227764638218
nfix,supermat,probe,75,prior_shift,1.0,-1.3711854806950885,100,0.2,0.4962228517469311,0.6483306711408838,0.40771716528727686
nfix,supermat,ntp,75,prior_shift,1.0,-1.3711854806950885,100,0.2,0.4962228517469311,0.508915898589998,0.23210838546286158
nfix,supermat,probe,76,prior_shift,1.0,-0.785010419687311,100,0.31,0.4962228517469311,0.6152223177994016,0.47281926460244833
nfix,supermat,ntp,76,prior_shift,1.0,-0.785010419687311,100,0.31,0.4962228517469311,0.5531541966881073,0.3893660077213162
nfix,supermat,probe,77,prior_shift,1.0,-0.785010419687311,100,0.31,0.4962228517469311,0.6285401152056381,0.4821057170814897
nfix,supermat,ntp,77,prior_shift,1.0,-0.785010419687311,100,0.31,0.4962228517469311,0.5152915702509862,0.345797482156083
nfix,supermat,probe,78,prior_shift,1.0,-0.7386629219515779,100,0.32,0.4962228517469311,0.6164566364105828,0.47779224151316263
nfix,supermat,ntp,78,prior_shift,1.0,-0.7386629219515779,100,0.32,0.4962228517469311,0.5357994210635029,0.3779936801172614
nfix,supermat,probe,79,prior_shift,1.0,-0.7386629219515779,100,0.32,0.4962228517469311,0.6600181394385548,0.5337394088902835
nfix,supermat,ntp,79,prior_shift,1.0,-0.7386629219515779,100,0.32,0.4962228517469311,0.5237609550910818,0.36493070426721763
nfix,supermat,probe,80,prior_shift,1.0,-0.6481853369854619,100,0.34,0.4962228517469311,0.636983176665892,0.5224239944644515
nfix,supermat,ntp,80,prior_shift,1.0,-0.6481853369854619,100,0.34,0.4962228517469311,0.5157118522429649,0.3734890725776384
nfix,supermat,probe,81,prior_shift,1.0,-0.6481853369854619,100,0.34,0.4962228517469311,0.5845852593248388,0.45864305786455134
nfix,supermat,ntp,81,prior_shift,1.0,-0.6481853369854619,100,0.34,0.4962228517469311,0.5282415160067403,0.38654561613210847
nfix,supermat,probe,82,prior_shift,1.0,-0.6930761774996835,100,0.33,0.4962228517469311,0.5840624791823358,0.45836918841824087
nfix,supermat,ntp,82,prior_shift,1.0,-0.6930761774996835,100,0.33,0.4962228517469311,0.5406149524476159,0.3927919208918222
nfix,supermat,probe,83,prior_shift,1.0,-0.307664511838249,100,0.42,0.4962228517469311,0.6283875385029712,0.5712796821002146
nfix,supermat,ntp,83,prior_shift,1.0,-0.307664511838249,100,0.42,0.4962228517469311,0.5500658622359552,0.4833683956001608
nfix,supermat,probe,84,prior_shift,1.0,-0.47443934489390366,100,0.38,0.4962228517469311,0.6328321271838042,0.5420521170181498
nfix,supermat,ntp,84,prior_shift,1.0,-0.47443934489390366,100,0.38,0.4962228517469311,0.5524418266228807,0.45104021429282837
nfix,supermat,probe,85,prior_shift,1.0,-0.5602552644787597,100,0.36,0.4962228517469311,0.6072395226018691,0.5019617983105049
nfix,supermat,ntp,85,prior_shift,1.0,-0.5602552644787597,100,0.36,0.4962228517469311,0.5428499915869733,0.42194240224268903
nfix,supermat,probe,86,prior_shift,1.0,-0.8802751666300391,100,0.29,0.4962228517469311,0.5978147313065296,0.4435560644974386
nfix,supermat,ntp,86,prior_shift,1.0,-0.8802751666300391,100,0.29,0.4962228517469311,0.5100205684522813,0.3208370151920434
nfix,supermat,probe,87,prior_shift,1.0,-0.517107933322506,100,0.37,0.4962228517469311,0.5597074020511982,0.4596859550726289
nfix,supermat,ntp,87,prior_shift,1.0,-0.517107933322506,100,0.37,0.4962228517469311,0.5460145630785584,0.43494684892807556
nfix,supermat,probe,88,prior_shift,1.0,-0.024896454188897056,100,0.49,0.4962228517469311,0.6278083068442311,0.623692432323986
nfix,supermat,ntp,88,prior_shift,1.0,-0.024896454188897056,100,0.49,0.4962228517469311,0.5358785708557768,0.53038944845255
nfix,supermat,probe,89,prior_shift,1.0,0.17545153049998166,100,0.54,0.4962228517469311,0.6918513877540814,0.7195859459452525
nfix,supermat,ntp,89,prior_shift,1.0,0.17545153049998166,100,0.54,0.4962228517469311,0.5793482206070187,0.6157215483351568
nfix,supermat,probe,90,prior_shift,1.0,-0.9795136947192598,100,0.27,0.4962228517469311,0.6045240162617985,0.42290135466599144
nfix,supermat,ntp,90,prior_shift,1.0,-0.9795136947192598,100,0.27,0.4962228517469311,0.5016297963381915,0.29280551234107555
nfix,supermat,probe,91,prior_shift,1.0,-0.39035622768336214,100,0.4,0.4962228517469311,0.5506898415576582,0.4778186345011343
nfix,supermat,ntp,91,prior_shift,1.0,-0.39035622768336214,100,0.4,0.4962228517469311,0.5627417510698804,0.480068243113926
nfix,supermat,probe,92,prior_shift,1.0,-0.307664511838249,100,0.42,0.4962228517469311,0.5612036547031709,0.5053704599041903
nfix,supermat,ntp,92,prior_shift,1.0,-0.307664511838249,100,0.42,0.4962228517469311,0.561352983939207,0.4957656614974371
nfix,supermat,probe,93,prior_shift,1.0,-0.8802751666300391,100,0.29,0.4962228517469311,0.5989091557436442,0.4319617401397533
nfix,supermat,ntp,93,prior_shift,1.0,-0.8802751666300391,100,0.29,0.4962228517469311,0.5110467066152988,0.32155119897935996
nfix,supermat,probe,94,prior_shift,1.0,-0.6481853369854619,100,0.34,0.4962228517469311,0.6146972345891363,0.5017189376507472
nfix,supermat,ntp,94,prior_shift,1.0,-0.6481853369854619,100,0.34,0.4962228517469311,0.5081878359199218,0.3645607429368292
nfix,supermat,probe,95,prior_shift,1.0,-0.929352728416049,100,0.28,0.4962228517469311,0.5969327016316421,0.4334323411628273
nfix,supermat,ntp,95,prior_shift,1.0,-0.929352728416049,100,0.28,0.4962228517469311,0.5182108560371642,0.320873250675543
nfix,supermat,probe,96,prior_shift,1.0,-0.39035622768336214,100,0.4,0.4962228517469311,0.5898860086691687,0.5137883566406929
nfix,supermat,ntp,96,prior_shift,1.0,-0.39035622768336214,100,0.4,0.4962228517469311,0.5036952297171919,0.41506307695920386
nfix,supermat,probe,97,prior_shift,1.0,-0.929352728416049,100,0.28,0.4962228517469311,0.6256904600664412,0.4559573027357579
nfix,supermat,ntp,97,prior_shift,1.0,-0.929352728416049,100,0.28,0.4962228517469311,0.5222814778783276,0.3254680877501236
nfix,supermat,probe,98,prior_shift,1.0,-1.1375706295135835,100,0.24,0.4962228517469311,0.6723407160743623,0.4694790915905436
nfix,supermat,ntp,98,prior_shift,1.0,-1.1375706295135835,100,0.24,0.4962228517469311,0.4904158476920874,0.25164142466050127
nfix,supermat,probe,99,prior_shift,1.0,-0.14523376965037715,100,0.46,0.4962228517469311,0.6441552007037501,0.6188501238107923
nfix,supermat,ntp,99,prior_shift,1.0,-0.14523376965037715,100,0.46,0.4962228517469311,0.5545865394311259,0.523128140969545
supermat,pond,probe,0,prior_shift,1.0,-0.36396537720141175,100,0.41,0.5,0.752763806258242,0.707619208118443
supermat,pond,ntp,0,prior_shift,1.0,-0.36396537720141175,100,0.41,0.5,0.6396568057014328,0.5873401350508252
supermat,pond,probe,1,prior_shift,1.0,-0.4473122180436648,100,0.39,0.5,0.7076779371277514,0.6462366960654168
supermat,pond,ntp,1,prior_shift,1.0,-0.4473122180436648,100,0.39,0.5,0.5747454258236033,0.5039214538548067
supermat,pond,probe,2,prior_shift,1.0,0.04000533461369919,100,0.51,0.5,0.7091602651500648,0.7142549378937918
supermat,pond,ntp,2,prior_shift,1.0,0.04000533461369919,100,0.51,0.5,0.626876875627365,0.6332033612512068
supermat,pond,probe,3,prior_shift,1.0,-1.0986122886681098,100,0.25,0.5,0.6104592522132877,0.45628994622037106
supermat,pond,ntp,3,prior_shift,1.0,-1.0986122886681098,100,0.25,0.5,0.5672481389155024,0.40526125048094735
supermat,pond,probe,4,prior_shift,1.0,0.20067069546215133,100,0.55,0.5,0.7485464435590682,0.7755154396335797
supermat,pond,ntp,4,prior_shift,1.0,0.20067069546215133,100,0.55,0.5,0.5444861878590246,0.5811158064340796
supermat,pond,probe,5,prior_shift,1.0,-0.7537718023763801,100,0.32,0.5,0.6866749548134327,0.5776367835913919
supermat,pond,ntp,5,prior_shift,1.0,-0.7537718023763801,100,0.32,0.5,0.5105603414474739,0.3782967196509243
supermat,pond,probe,6,prior_shift,1.0,-0.4895482253187058,100,0.38,0.5,0.7592056118098601,0.6996535422332971
supermat,pond,ntp,6,prior_shift,1.0,-0.4895482253187058,100,0.38,0.5,0.663877726796685,0.600048860024935
supermat,pond,probe,7,prior_shift,1.0,-0.12014431184206335,100,0.47,0.5,0.7303110702852225,0.7158590043819292
supermat,pond,ntp,7,prior_shift,1.0,-0.12014431184206335,100,0.47,0.5,0.609430793975107,0.5902784430214207
supermat,pond,probe,8,prior_shift,1.0,-0.16034265007517928,100,0.46,0.5,0.6844028272657549,0.6642881779597998
supermat,pond,ntp,8,prior_shift,1.0,-0.16034265007517928,100,0.46,0.5,0.5863579241705177,0.5593285194196964
supermat,pond,probe,9,prior_shift,1.0,-0.5322168137473082,100,0.37,0.5,0.6854713048437517,0.6051742449341511
supermat,pond,ntp,9,prior_shift,1.0,-0.5322168137473082,100,0.37,0.5,0.5707205487127583,0.48242517074730856
supermat,pond,probe,10,prior_shift,1.0,-0.24116205681688807,100,0.44,0.5,0.705886231044644,0.6721787730353336
supermat,pond,ntp,10,prior_shift,1.0,-0.24116205681688807,100,0.44,0.5,0.6028516455288435,0.5649365506872948
supermat,pond,probe,11,prior_shift,1.0,0.04000533461369919,100,0.51,0.5,0.7075353188306829,0.713389076983809
supermat,pond,ntp,11,prior_shift,1.0,0.04000533461369919,100,0.51,0.5,0.5681256920727875,0.5752363778758764
supermat,pond,probe,12,prior_shift,1.0,-0.4054651081081643,100,0.4,0.5,0.7601321793511806,0.7099649631275916
supermat,pond,ntp,12,prior_shift,1.0,-0.4054651081081643,100,0.4,0.5,0.5928853669050569,0.5300659973885953
supermat,pond,probe,13,prior_shift,1.0,0.04000533461369919,100,0.51,0.5,0.6945015712301621,0.6997377446706016
supermat,pond,ntp,13,prior_shift,1.0,0.04000533461369919,100,0.51,0.5,0.6162730674600818,0.622455140868179
supermat,pond,probe,14,prior_shift,1.0,-0.8001193001121132,100,0.31,0.5,0.6496451365513635,0.5414124503720752
supermat,pond,ntp,14,prior_shift,1.0,-0.8001193001121132,100,0.31,0.5,0.5973229316486137,0.4840760251816969
supermat,pond,probe,15,prior_shift,1.0,-0.04000533461369919,100,0.49,0.5,0.6728312697491399,0.6671452212291998
supermat,pond,ntp,15,prior_shift,1.0,-0.04000533461369919,100,0.49,0.5,0.5972508619844082,0.5908048466652942
supermat,pond,probe,16,prior_shift,1.0,0.2411620568168883,100,0.56,0.5,0.7172484233964941,0.7499929703137483
supermat,pond,ntp,16,prior_shift,1.0,0.2411620568168883,100,0.56,0.5,0.6156629174184928,0.6540579892367866
supermat,pond,probe,17,prior_shift,1.0,-0.8001193001121132,100,0.31,0.5,0.6393883443095095,0.5234556667357484
supermat,pond,ntp,17,prior_shift,1.0,-0.8001193001121132,100,0.31,0.5,0.5737439981051596,0.4515191282792901
supermat,pond,probe,18,prior_shift,1.0,-0.36396537720141175,100,0.41,0.5,0.7329765499284866,0.6855310376153971
supermat,pond,ntp,18,prior_shift,1.0,-0.36396537720141175,100,0.41,0.5,0.5942682573549782,0.5368719598461482
supermat,pond,probe,19,prior_shift,1.0,-0.4473122180436648,100,0.39,0.5,0.6671737960512489,0.605172475057336
supermat,pond,ntp,19,prior_shift,1.0,-0.4473122180436648,100,0.39,0.5,0.6371020099119477,0.572881814872369
supermat,pond,probe,20,prior_shift,1.0,-0.12014431184206335,100,0.47,0.5,0.5716652924302423,0.5527170818870369
supermat,pond,ntp,20,prior_shift,1.0,-0.12014431184206335,100,0.47,0.5,0.603521051902367,0.5843759075557565
supermat,pond,probe,21,prior_shift,1.0,-0.8472978603872037,100,0.3,0.5,0.657700209990507,0.5456211129745322
supermat,pond,ntp,21,prior_shift,1.0,-0.8472978603872037,100,0.3,0.5,0.5807981496927905,0.4566498891094083
supermat,pond,probe,22,prior_shift,1.0,0.36396537720141153,100,0.59,0.5,0.7256375539165093,0.773110866184276
supermat,pond,ntp,22,prior_shift,1.0,0.36396537720141153,100,0.59,0.5,0.5833999670479855,0.6473181213448181
supermat,pond,probe,23,prior_shift,1.0,-0.7537718023763801,100,0.32,0.5,0.7060775295220685,0.6133238876872606
supermat,pond,ntp,23,prior_shift,1.0,-0.7537718023763801,100,0.32,0.5,0.6201732689077953,0.5172018916479648
supermat,pond,probe,24,prior_shift,1.0,0.04000533461369919,100,0.51,0.5,0.7922542813805284,0.7967369893039999
supermat,pond,ntp,24,prior_shift,1.0,0.04000533461369919,100,0.51,0.5,0.6002927749425325,0.6068489278265633
supermat,pond,probe,25,prior_shift,1.0,-0.5753641449035619,100,0.36,0.5,0.6376166259289934,0.5566088139919668
supermat,pond,ntp,25,prior_shift,1.0,-0.5753641449035619,100,0.36,0.5,0.5282467271874722,0.42651668461697057
supermat,pond,probe,26,prior_shift,1.0,-0.12014431184206335,100,0.47,0.5,0.6865349758073223,0.6701487721254529
supermat,pond,ntp,26,prior_shift,1.0,-0.12014431184206335,100,0.47,0.5,0.6064236534778277,0.5873395892511395
supermat,pond,probe,27,prior_shift,1.0,-0.8472978603872037,100,0.3,0.5,0.6580277758214474,0.5450969831111925
supermat,pond,ntp,27,prior_shift,1.0,-0.8472978603872037,100,0.3,0.5,0.5929713270817673,0.46805859528271326
supermat,pond,probe,28,prior_shift,1.0,0.12014431184206335,100,0.53,0.5,0.6917434555881353,0.7074915807279629
supermat,pond,ntp,28,prior_shift,1.0,0.12014431184206335,100,0.53,0.5,0.5989566959261006,0.6188179035249939
supermat,pond,probe,29,prior_shift,1.0,-0.5753641449035619,100,0.36,0.5,0.7508299335770401,0.670312522150898
supermat,pond,ntp,29,prior_shift,1.0,-0.5753641449035619,100,0.36,0.5,0.5566460507889956,0.4611843882639296
supermat,pond,probe,30,prior_shift,1.0,0.3227733922630509,100,0.58,0.5,0.5898705302341769,0.6364688205764166
supermat,pond,ntp,30,prior_shift,1.0,0.3227733922630509,100,0.58,0.5,0.6353319126984133,0.6849819274162569
supermat,pond,probe,31,prior_shift,1.0,-0.5322168137473082,100,0.37,0.5,0.6834758259177214,0.6098496566079592
supermat,pond,ntp,31,prior_shift,1.0,-0.5322168137473082,100,0.37,0.5,0.5753369871695949,0.49211707657509274
supermat,pond,probe,32,prior_shift,1.0,-0.28185115214098777,100,0.43,0.5,0.7313440509297743,0.6944772805872063
supermat,pond,ntp,32,prior_shift,1.0,-0.28185115214098777,100,0.43,0.5,0.566308594298204,0.5188677426185421
supermat,pond,probe,33,prior_shift,1.0,-0.32277339226305113,100,0.42,0.5,0.7318297805538044,0.6826902330488089
supermat,pond,ntp,33,prior_shift,1.0,-0.32277339226305113,100,0.42,0.5,0.56850655123482,0.5143539556855523
supermat,pond,probe,34,prior_shift,1.0,-0.16034265007517928,100,0.46,0.5,0.73358928969644,0.711867018821296
supermat,pond,ntp,34,prior_shift,1.0,-0.16034265007517928,100,0.46,0.5,0.6098171121106618,0.585405218777117
supermat,pond,probe,35,prior_shift,1.0,-0.8001193001121132,100,0.31,0.5,0.681663828779948,0.5651289482287903
supermat,pond,ntp,35,prior_shift,1.0,-0.8001193001121132,100,0.31,0.5,0.5966403579657915,0.48099000139604725
supermat,pond,probe,36,prior_shift,1.0,-0.0800427076735365,100,0.48,0.5,0.7525040372453492,0.7425849978480931
supermat,pond,ntp,36,prior_shift,1.0,-0.0800427076735365,100,0.48,0.5,0.5866239024399438,0.5734475452019301
supermat,pond,probe,37,prior_shift,1.0,-0.4054651081081643,100,0.4,0.5,0.705775346651686,0.6478297778999234
supermat,pond,ntp,37,prior_shift,1.0,-0.4054651081081643,100,0.4,0.5,0.5349695062747983,0.4641401167307893
supermat,pond,probe,38,prior_shift,1.0,-0.5753641449035619,100,0.36,0.5,0.7390849917160142,0.6532003516559632
supermat,pond,ntp,38,prior_shift,1.0,-0.5753641449035619,100,0.36,0.5,0.5760898509629128,0.4873232590369943
supermat,pond,probe,39,prior_shift,1.0,-1.0986122886681098,100,0.25,0.5,0.6083366667250836,0.4518446565980212
supermat,pond,ntp,39,prior_shift,1.0,-1.0986122886681098,100,0.25,0.5,0.5131448116033943,0.3275594976361584
supermat,pond,probe,40,prior_shift,1.0,-0.16034265007517928,100,0.46,0.5,0.711959209485872,0.6912527310007763
supermat,pond,ntp,40,prior_shift,1.0,-0.16034265007517928,100,0.46,0.5,0.6324930014519582,0.6092567833458219
supermat,pond,probe,41,prior_shift,1.0,-0.16034265007517928,100,0.46,0.5,0.6794477777697376,0.6559612593533518
supermat,pond,ntp,41,prior_shift,1.0,-0.16034265007517928,100,0.46,0.5,0.5661882559044316,0.5387979267429666
supermat,pond,probe,42,prior_shift,1.0,-0.32277339226305113,100,0.42,0.5,0.6783658884532382,0.6338096505006752
supermat,pond,ntp,42,prior_shift,1.0,-0.32277339226305113,100,0.42,0.5,0.6325270033206879,0.5855081293039044
supermat,pond,probe,43,prior_shift,1.0,0.12014431184206335,100,0.53,0.5,0.716867656799053,0.7335315231889845
supermat,pond,ntp,43,prior_shift,1.0,0.12014431184206335,100,0.53,0.5,0.629733047996453,0.6480658808980101
supermat,pond,probe,44,prior_shift,1.0,-0.5753641449035619,100,0.36,0.5,0.7521673853260181,0.6767421274884846
supermat,pond,ntp,44,prior_shift,1.0,-0.5753641449035619,100,0.36,0.5,0.5810270335298273,0.4891394458643141
supermat,pond,probe,45,prior_shift,1.0,0.4895482253187058,100,0.62,0.5,0.7504447802493097,0.808059762489385
supermat,pond,ntp,45,prior_shift,1.0,0.4895482253187058,100,0.62,0.5,0.6478401981360675,0.7196863244755407
supermat,pond,probe,46,prior_shift,1.0,-0.5322168137473082,100,0.37,0.5,0.667809022421616,0.5921129649581236
supermat,pond,ntp,46,prior_shift,1.0,-0.5322168137473082,100,0.37,0.5,0.653634603896426,0.5839869368081103
supermat,pond,probe,47,prior_shift,1.0,-0.4895482253187058,100,0.38,0.5,0.6709979841352377,0.603910785349806
supermat,pond,ntp,47,prior_shift,1.0,-0.4895482253187058,100,0.38,0.5,0.6349896338563294,0.5647094137657218
supermat,pond,probe,48,prior_shift,1.0,-0.36396537720141175,100,0.41,0.5,0.6434873018916182,0.591383857452606
supermat,pond,ntp,48,prior_shift,1.0,-0.36396537720141175,100,0.41,0.5,0.5852369425772831,0.5275009174815751
supermat,pond,probe,49,prior_shift,1.0,-0.9946225751440619,100,0.27,0.5,0.6629906196673798,0.504739547573239
supermat,pond,ntp,49,prior_shift,1.0,-0.9946225751440619,100,0.27,0.5,0.522649992151647,0.36848805436043924
supermat,pond,probe,50,prior_shift,1.0,-0.36396537720141175,100,0.41,0.5,0.7090045910809092,0.6583731614051261
supermat,pond,ntp,50,prior_shift,1.0,-0.36396537720141175,100,0.41,0.5,0.6151211353458955,0.5611989935889848
supermat,pond,probe,51,prior_shift,1.0,-0.36396537720141175,100,0.41,0.5,0.8158904820205487,0.7736588591391245
supermat,pond,ntp,51,prior_shift,1.0,-0.36396537720141175,100,0.41,0.5,0.5847302890283119,0.5253944009799004
supermat,pond,probe,52,prior_shift,1.0,-0.12014431184206335,100,0.47,0.5,0.7476530557446948,0.7326098494720984
supermat,pond,ntp,52,prior_shift,1.0,-0.12014431184206335,100,0.47,0.5,0.6328733480534628,0.6147138080932631
supermat,pond,probe,53,prior_shift,1.0,-0.12014431184206335,100,0.47,0.5,0.6271917848950539,0.6099254836827691
supermat,pond,ntp,53,prior_shift,1.0,-0.12014431184206335,100,0.47,0.5,0.6212141756351266,0.6029220146258607
supermat,pond,probe,54,prior_shift,1.0,0.0,100,0.5,0.5,0.6889961521505641,0.6889961521505641
supermat,pond,ntp,54,prior_shift,1.0,0.0,100,0.5,0.5,0.6590935992054721,0.6590935992054721
supermat,pond,probe,55,prior_shift,1.0,-0.4054651081081643,100,0.4,0.5,0.7004461930656253,0.6463058100338717
supermat,pond,ntp,55,prior_shift,1.0,-0.4054651081081643,100,0.4,0.5,0.6083358185979262,0.5463852575986942
supermat,pond,probe,56,prior_shift,1.0,-0.7081850579244857,100,0.33,0.5,0.6945289384147929,0.601324373064565
supermat,pond,ntp,56,prior_shift,1.0,-0.7081850579244857,100,0.33,0.5,0.6100883319413686,0.5044945002538551
supermat,pond,probe,57,prior_shift,1.0,-0.32277339226305113,100,0.42,0.5,0.6743756291266224,0.6308190936186414
supermat,pond,ntp,57,prior_shift,1.0,-0.32277339226305113,100,0.42,0.5,0.6300809303808247,0.5827383537766988
supermat,pond,probe,58,prior_shift,1.0,-0.5753641449035619,100,0.36,0.5,0.7183098979444514,0.6368473343288287
supermat,pond,ntp,58,prior_shift,1.0,-0.5753641449035619,100,0.36,0.5,0.5515381948724721,0.4572671165283574
supermat,pond,probe,59,prior_shift,1.0,-0.24116205681688807,100,0.44,0.5,0.7012728626401215,0.6725642229810016
supermat,pond,ntp,59,prior_shift,1.0,-0.24116205681688807,100,0.44,0.5,0.6176629056720062,0.5812764333795286
supermat,pond,probe,60,prior_shift,1.0,-0.16034265007517928,100,0.46,0.5,0.7239958900818835,0.7022393138706441
supermat,pond,ntp,60,prior_shift,1.0,-0.16034265007517928,100,0.46,0.5,0.5947557133723719,0.5689247119259911
supermat,pond,probe,61,prior_shift,1.0,-0.7081850579244857,100,0.33,0.5,0.8042998198557446,0.7165762737486464
supermat,pond,ntp,61,prior_shift,1.0,-0.7081850579244857,100,0.33,0.5,0.5679561375254107,0.4523766165765235
supermat,pond,probe,62,prior_shift,1.0,-0.4895482253187058,100,0.38,0.5,0.6710371253035828,0.6100477392379109
supermat,pond,ntp,62,prior_shift,1.0,-0.4895482253187058,100,0.38,0.5,0.6348024612533976,0.5663303121520137
supermat,pond,probe,63,prior_shift,1.0,0.0,100,0.5,0.5,0.6997059105231469,0.6997059105231469
supermat,pond,ntp,63,prior_shift,1.0,0.0,100,0.5,0.5,0.6065809294397538,0.6065809294397538
supermat,pond,probe,64,prior_shift,1.0,0.16034265007517953,100,0.54,0.5,0.6827854438224847,0.703436449912174
supermat,pond,ntp,64,prior_shift,1.0,0.16034265007517953,100,0.54,0.5,0.6775336667866532,0.6993751313850782
supermat,pond,probe,65,prior_shift,1.0,-0.2006706954621511,100,0.45,0.5,0.6111014742466633,0.5828048944663311
supermat,pond,ntp,65,prior_shift,1.0,-0.2006706954621511,100,0.45,0.5,0.5758199484010421,0.5409364720120178
supermat,pond,probe,66,prior_shift,1.0,-0.2006706954621511,100,0.45,0.5,0.7242332495069373,0.6974545842948587
supermat,pond,ntp,66,prior_shift,1.0,-0.2006706954621511,100,0.45,0.5,0.5639245243563737,0.5304440564607554
supermat,pond,probe,67,prior_shift,1.0,-0.28185115214098777,100,0.43,0.5,0.7085921474590484,0.6646970357735935
supermat,pond,ntp,67,prior_shift,1.0,-0.28185115214098777,100,0.43,0.5,0.565661255294637,0.5175251027555025
supermat,pond,probe,68,prior_shift,1.0,-0.32277339226305113,100,0.42,0.5,0.7133625186926017,0.6705956539439538
supermat,pond,ntp,68,prior_shift,1.0,-0.32277339226305113,100,0.42,0.5,0.6217272313311818,0.5740239924274751
supermat,pond,probe,69,prior_shift,1.0,-0.04000533461369919,100,0.49,0.5,0.788046329316109,0.783590968314507
supermat,pond,ntp,69,prior_shift,1.0,-0.04000533461369919,100,0.49,0.5,0.5753141535682162,0.5685985258186509
supermat,pond,probe,70,prior_shift,1.0,-0.4054651081081643,100,0.4,0.5,0.7750913395489768,0.7214710463699647
supermat,pond,ntp,70,prior_shift,1.0,-0.4054651081081643,100,0.4,0.5,0.5672127606332148,0.4993080326158052
supermat,pond,probe,71,prior_shift,1.0,-0.36396537720141175,100,0.41,0.5,0.6965390670927474,0.6453465048286181
supermat,pond,ntp,71,prior_shift,1.0,-0.36396537720141175,100,0.41,0.5,0.5618272296818407,0.5006218398295625
supermat,pond,probe,72,prior_shift,1.0,0.2411620568168883,100,0.56,0.5,0.7530547667050661,0.7837337921813714
supermat,pond,ntp,72,prior_shift,1.0,0.2411620568168883,100,0.56,0.5,0.6325870222261892,0.6690565219255303
supermat,pond,probe,73,prior_shift,1.0,-0.2006706954621511,100,0.45,0.5,0.7401749836057143,0.7144247885939579
supermat,pond,ntp,73,prior_shift,1.0,-0.2006706954621511,100,0.45,0.5,0.6120432176180335,0.5812579793157583
supermat,pond,probe,74,prior_shift,1.0,-0.36396537720141175,100,0.41,0.5,0.7436634263119285,0.6990428222172573
supermat,pond,ntp,74,prior_shift,1.0,-0.36396537720141175,100,0.41,0.5,0.5752475014923633,0.5165476876192939
supermat,pond,probe,75,prior_shift,1.0,0.12014431184206335,100,0.53,0.5,0.7064679408445015,0.7216703948915693
supermat,pond,ntp,75,prior_shift,1.0,0.12014431184206335,100,0.53,0.5,0.6621099944350547,0.6795517217767888
supermat,pond,probe,76,prior_shift,1.0,-0.0800427076735365,100,0.48,0.5,0.6931795607829763,0.6817771906065058
supermat,pond,ntp,76,prior_shift,1.0,-0.0800427076735365,100,0.48,0.5,0.5801748852378252,0.5672062787630751
supermat,pond,probe,77,prior_shift,1.0,-0.4473122180436648,100,0.39,0.5,0.7000750077843029,0.6333432861398167
supermat,pond,ntp,77,prior_shift,1.0,-0.4473122180436648,100,0.39,0.5,0.636278158671263,0.5691623073430201
supermat,pond,probe,78,prior_shift,1.0,0.12014431184206335,100,0.53,0.5,0.7007395367503811,0.7159859851910625
supermat,pond,ntp,78,prior_shift,1.0,0.12014431184206335,100,0.53,0.5,0.6452227622465623,0.6626356787982338
supermat,pond,probe,79,prior_shift,1.0,-0.4054651081081643,100,0.4,0.5,0.664868757875367,0.6078654892714678
supermat,pond,ntp,79,prior_shift,1.0,-0.4054651081081643,100,0.4,0.5,0.5725436092026487,0.5084147172989417
supermat,pond,probe,80,prior_shift,1.0,-0.16034265007517928,100,0.46,0.5,0.697276904525826,0.6748490013554813
supermat,pond,ntp,80,prior_shift,1.0,-0.16034265007517928,100,0.46,0.5,0.5997810639827408,0.5728782073731612
supermat,pond,probe,81,prior_shift,1.0,0.0,100,0.5,0.5,0.7237166449977811,0.7237166449977809
supermat,pond,ntp,81,prior_shift,1.0,0.0,100,0.5,0.5,0.6923303477957525,0.6923303477957525
supermat,pond,probe,82,prior_shift,1.0,-0.8001193001121132,100,0.31,0.5,0.678539723832982,0.5641494901696982
supermat,pond,ntp,82,prior_shift,1.0,-0.8001193001121132,100,0.31,0.5,0.6448838323114436,0.5392592151175875
supermat,pond,probe,83,prior_shift,1.0,-0.7081850579244857,100,0.33,0.5,0.6622541496414148,0.5649909089602597
supermat,pond,ntp,83,prior_shift,1.0,-0.7081850579244857,100,0.33,0.5,0.5827744482205621,0.4752782567580009
supermat,pond,probe,84,prior_shift,1.0,-0.4473122180436648,100,0.39,0.5,0.638255175203193,0.5723955142186548
supermat,pond,ntp,84,prior_shift,1.0,-0.4473122180436648,100,0.39,0.5,0.5908237973685951,0.5200544397531451
supermat,pond,probe,85,prior_shift,1.0,0.4895482253187058,100,0.62,0.5,0.7131000804214829,0.776964580523451
supermat,pond,ntp,85,prior_shift,1.0,0.4895482253187058,100,0.62,0.5,0.6681358987721293,0.7346919475035157
supermat,pond,probe,86,prior_shift,1.0,-0.12014431184206335,100,0.47,0.5,0.7269086481992497,0.7112363926588644
supermat,pond,ntp,86,prior_shift,1.0,-0.12014431184206335,100,0.47,0.5,0.5989738608635105,0.579709105053099
supermat,pond,probe,87,prior_shift,1.0,0.3227733922630509,100,0.58,0.5,0.7927230295759407,0.8236327417410354
supermat,pond,ntp,87,prior_shift,1.0,0.3227733922630509,100,0.58,0.5,0.7226155181721593,0.7596069095903565
supermat,pond,probe,88,prior_shift,1.0,-0.28185115214098777,100,0.43,0.5,0.6572882516729109,0.6183730375600357
supermat,pond,ntp,88,prior_shift,1.0,-0.28185115214098777,100,0.43,0.5,0.6104608112957064,0.5687087109744098
supermat,pond,probe,89,prior_shift,1.0,-0.32277339226305113,100,0.42,0.5,0.7112962954433187,0.6688192445488645
supermat,pond,ntp,89,prior_shift,1.0,-0.32277339226305113,100,0.42,0.5,0.5606269596060135,0.5065923724146049
supermat,pond,probe,90,prior_shift,1.0,-0.7081850579244857,100,0.33,0.5,0.7155165931381505,0.6233078463004635
supermat,pond,ntp,90,prior_shift,1.0,-0.7081850579244857,100,0.33,0.5,0.5931781262323674,0.4839066370413814
supermat,pond,probe,91,prior_shift,1.0,-0.28185115214098777,100,0.43,0.5,0.682318171920694,0.6479203688518974
supermat,pond,ntp,91,prior_shift,1.0,-0.28185115214098777,100,0.43,0.5,0.6289002687114928,0.5897668387667665
supermat,pond,probe,92,prior_shift,1.0,-0.6632942174102641,100,0.34,0.5,0.6288104061377088,0.5358589005039697
supermat,pond,ntp,92,prior_shift,1.0,-0.6632942174102641,100,0.34,0.5,0.5579838858820112,0.4509969379892547
supermat,pond,probe,93,prior_shift,1.0,-0.7537718023763801,100,0.32,0.5,0.6357093972726416,0.5168894257956954
supermat,pond,ntp,93,prior_shift,1.0,-0.7537718023763801,100,0.32,0.5,0.5582860596647115,0.4386194124234754
supermat,pond,probe,94,prior_shift,1.0,-0.0800427076735365,100,0.48,0.5,0.7622590393294871,0.7519436278635184
supermat,pond,ntp,94,prior_shift,1.0,-0.0800427076735365,100,0.48,0.5,0.5967435912477922,0.583741066037117
supermat,pond,probe,95,prior_shift,1.0,0.12014431184206335,100,0.53,0.5,0.7428314259971184,0.7578731575814472
supermat,pond,ntp,95,prior_shift,1.0,0.12014431184206335,100,0.53,0.5,0.644004532067392,0.6613356912342765
supermat,pond,probe,96,prior_shift,1.0,0.28185115214098755,100,0.57,0.5,0.6807682461145589,0.7209946652386107
supermat,pond,ntp,96,prior_shift,1.0,0.28185115214098755,100,0.57,0.5,0.6246763532482312,0.6692856283755165
supermat,pond,probe,97,prior_shift,1.0,0.12014431184206335,100,0.53,0.5,0.7370657969016838,0.7518421608047919
supermat,pond,ntp,97,prior_shift,1.0,0.12014431184206335,100,0.53,0.5,0.6072849059675567,0.6264396800059536
supermat,pond,probe,98,prior_shift,1.0,-0.16034265007517928,100,0.46,0.5,0.7230128992649669,0.7019987281584164
supermat,pond,ntp,98,prior_shift,1.0,-0.16034265007517928,100,0.46,0.5,0.6127579039725773,0.5883299169970982
supermat,pond,probe,99,prior_shift,1.0,-0.16034265007517928,100,0.46,0.5,0.7972898323501252,0.7795584873277059
supermat,pond,ntp,99,prior_shift,1.0,-0.16034265007517928,100,0.46,0.5,0.6416177007481678,0.6178533235149759
supermat,nfix,probe,0,prior_shift,1.0,-1.0986122886681098,100,0.25,0.5,0.9058184109016598,0.8094983528849883
supermat,nfix,ntp,0,prior_shift,1.0,-1.0986122886681098,100,0.25,0.5,0.7136316825099729,0.5828653954442371
supermat,nfix,probe,1,prior_shift,1.0,-0.6190392084062235,100,0.35,0.5,0.9245332657946445,0.8788638832762438
supermat,nfix,ntp,1,prior_shift,1.0,-0.6190392084062235,100,0.35,0.5,0.706642061888801,0.6274672176858475
supermat,nfix,probe,2,prior_shift,1.0,-1.0986122886681098,100,0.25,0.5,0.8650001049371204,0.7458099002649636
supermat,nfix,ntp,2,prior_shift,1.0,-1.0986122886681098,100,0.25,0.5,0.6802198252683269,0.5505974455263435
supermat,nfix,probe,3,prior_shift,1.0,-1.1526795099383855,100,0.24,0.5,0.8657173313649635,0.7530027963365749
supermat,nfix,ntp,3,prior_shift,1.0,-1.1526795099383855,100,0.24,0.5,0.6352191081209095,0.4821150355913955
supermat,nfix,probe,4,prior_shift,1.0,-0.5753641449035619,100,0.36,0.5,0.9095863343774593,0.8670839367421259
supermat,nfix,ntp,4,prior_shift,1.0,-0.5753641449035619,100,0.36,0.5,0.6778572306639411,0.601627365861253
supermat,nfix,probe,5,prior_shift,1.0,-0.6190392084062235,100,0.35,0.5,0.8613346889148721,0.8027109978668938
supermat,nfix,ntp,5,prior_shift,1.0,-0.6190392084062235,100,0.35,0.5,0.6775305244789854,0.5986681229667893
supermat,nfix,probe,6,prior_shift,1.0,-0.8001193001121132,100,0.31,0.5,0.8954941520112427,0.8227012236967982
supermat,nfix,ntp,6,prior_shift,1.0,-0.8001193001121132,100,0.31,0.5,0.681242375190517,0.5828266774591654
supermat,nfix,probe,7,prior_shift,1.0,-1.2083112059245342,100,0.23,0.5,0.8661165945664344,0.7412450479595967
supermat,nfix,ntp,7,prior_shift,1.0,-1.2083112059245342,100,0.23,0.5,0.6305731045568951,0.47305194741379786
supermat,nfix,probe,8,prior_shift,1.0,-0.7537718023763801,100,0.32,0.5,0.9092026262509338,0.8458322522253519
supermat,nfix,ntp,8,prior_shift,1.0,-0.7537718023763801,100,0.32,0.5,0.6892303008794509,0.6017730978699789
supermat,nfix,probe,9,prior_shift,1.0,-1.2083112059245342,100,0.23,0.5,0.9056577529845253,0.8086213991583387
supermat,nfix,ntp,9,prior_shift,1.0,-1.2083112059245342,100,0.23,0.5,0.6479942883501496,0.4829608210758833
supermat,nfix,probe,10,prior_shift,1.0,-1.2083112059245342,100,0.23,0.5,0.8580173448541986,0.7196483443501664
supermat,nfix,ntp,10,prior_shift,1.0,-1.2083112059245342,100,0.23,0.5,0.5989749071066004,0.42545619510980215
supermat,nfix,probe,11,prior_shift,1.0,-1.0459685551826876,100,0.26,0.5,0.8901764076400436,0.7969558442617712
supermat,nfix,ntp,11,prior_shift,1.0,-1.0459685551826876,100,0.26,0.5,0.7386506761098175,0.6382601544306314
supermat,nfix,probe,12,prior_shift,1.0,-0.8953840470548413,100,0.29,0.5,0.8893289966009297,0.8089711202823395
supermat,nfix,ntp,12,prior_shift,1.0,-0.8953840470548413,100,0.29,0.5,0.658941642055872,0.5495071466578535
supermat,nfix,probe,13,prior_shift,1.0,-0.9946225751440619,100,0.27,0.5,0.8710514273093081,0.7737854090553066
supermat,nfix,ntp,13,prior_shift,1.0,-0.9946225751440619,100,0.27,0.5,0.6449731302239516,0.5047190479880399
supermat,nfix,probe,14,prior_shift,1.0,-1.0986122886681098,100,0.25,0.5,0.921217149127227,0.8403055952874955
supermat,nfix,ntp,14,prior_shift,1.0,-1.0986122886681098,100,0.25,0.5,0.7275670898619245,0.6037152559200676
supermat,nfix,probe,15,prior_shift,1.0,-0.9444616088408512,100,0.28,0.5,0.8625359968192201,0.7739903073682411
supermat,nfix,ntp,15,prior_shift,1.0,-0.9444616088408512,100,0.28,0.5,0.6817927880764572,0.5643905276872386
supermat,nfix,probe,16,prior_shift,1.0,-1.2656663733312759,100,0.22,0.5,0.9103594330572209,0.7943441851476518
supermat,nfix,ntp,16,prior_shift,1.0,-1.2656663733312759,100,0.22,0.5,0.6815942831580878,0.5157530765490279
supermat,nfix,probe,17,prior_shift,1.0,-0.8472978603872037,100,0.3,0.5,0.8923828125160844,0.8150781231007588
supermat,nfix,ntp,17,prior_shift,1.0,-0.8472978603872037,100,0.3,0.5,0.6688623747264552,0.5600272917118301
supermat,nfix,probe,18,prior_shift,1.0,-1.2656663733312759,100,0.22,0.5,0.876063998710394,0.7518254800788547
supermat,nfix,ntp,18,prior_shift,1.0,-1.2656663733312759,100,0.22,0.5,0.6797196834564919,0.5424154284581851
supermat,nfix,probe,19,prior_shift,1.0,-1.2656663733312759,100,0.22,0.5,0.8850158146843127,0.7479450171039598
supermat,nfix,ntp,19,prior_shift,1.0,-1.2656663733312759,100,0.22,0.5,0.6525696538519115,0.49221318487425675
supermat,nfix,probe,20,prior_shift,1.0,-0.6190392084062235,100,0.35,0.5,0.8760800889296395,0.821452267937978
supermat,nfix,ntp,20,prior_shift,1.0,-0.6190392084062235,100,0.35,0.5,0.6642977299529611,0.5825413683312896
supermat,nfix,probe,21,prior_shift,1.0,-0.9444616088408512,100,0.28,0.5,0.8789423698144865,0.7915283531377912
supermat,nfix,ntp,21,prior_shift,1.0,-0.9444616088408512,100,0.28,0.5,0.678177201045945,0.5627628444282845
supermat,nfix,probe,22,prior_shift,1.0,-1.5856272637403817,100,0.17,0.5,0.8831666378048106,0.7178627968888285
supermat,nfix,ntp,22,prior_shift,1.0,-1.5856272637403817,100,0.17,0.5,0.6743266179598367,0.4940331279929744
supermat,nfix,probe,23,prior_shift,1.0,-0.8001193001121132,100,0.31,0.5,0.9206760445369474,0.8594478080977278
supermat,nfix,ntp,23,prior_shift,1.0,-0.8001193001121132,100,0.31,0.5,0.6700260846511594,0.5697373846068523
supermat,nfix,probe,24,prior_shift,1.0,-1.0459685551826876,100,0.26,0.5,0.9135093180243259,0.82200602406471
supermat,nfix,ntp,24,prior_shift,1.0,-1.0459685551826876,100,0.26,0.5,0.7497446922930062,0.6468270153669827
supermat,nfix,probe,25,prior_shift,1.0,-1.1526795099383855,100,0.24,0.5,0.8631009568941372,0.731779139961366
supermat,nfix,ntp,25,prior_shift,1.0,-1.1526795099383855,100,0.24,0.5,0.5695579251332326,0.4004201840796434
supermat,nfix,probe,26,prior_shift,1.0,-1.5856272637403817,100,0.17,0.5,0.9078237581215686,0.7395009184213452
supermat,nfix,ntp,26,prior_shift,1.0,-1.5856272637403817,100,0.17,0.5,0.659582689790391,0.46218656407569375
supermat,nfix,probe,27,prior_shift,1.0,-1.2083112059245342,100,0.23,0.5,0.9130005924751045,0.8074913080913985
supermat,nfix,ntp,27,prior_shift,1.0,-1.2083112059245342,100,0.23,0.5,0.6992839012553077,0.5597040561955484
supermat,nfix,probe,28,prior_shift,1.0,-1.1526795099383855,100,0.24,0.5,0.9448012799481101,0.8632827175972858
supermat,nfix,ntp,28,prior_shift,1.0,-1.1526795099383855,100,0.24,0.5,0.7864155001962269,0.6808520626949701
supermat,nfix,probe,29,prior_shift,1.0,-1.0459685551826876,100,0.26,0.5,0.8701106793413221,0.7700440730614291
supermat,nfix,ntp,29,prior_shift,1.0,-1.0459685551826876,100,0.26,0.5,0.657405934735784,0.5202108172075003
supermat,nfix,probe,30,prior_shift,1.0,-0.8953840470548413,100,0.29,0.5,0.8866809361740314,0.7987844676339654
supermat,nfix,ntp,30,prior_shift,1.0,-0.8953840470548413,100,0.29,0.5,0.6536804871700879,0.5411595607961773
supermat,nfix,probe,31,prior_shift,1.0,-0.9946225751440619,100,0.27,0.5,0.8607630459323069,0.752381455481804
supermat,nfix,ntp,31,prior_shift,1.0,-0.9946225751440619,100,0.27,0.5,0.6152904517850442,0.4760009178119141
supermat,nfix,probe,32,prior_shift,1.0,-0.5753641449035619,100,0.36,0.5,0.9105952811618262,0.8641750710832534
supermat,nfix,ntp,32,prior_shift,1.0,-0.5753641449035619,100,0.36,0.5,0.7348736710360696,0.672316320613131
supermat,nfix,probe,33,prior_shift,1.0,-0.8001193001121132,100,0.31,0.5,0.9244549592675289,0.864896769396197
supermat,nfix,ntp,33,prior_shift,1.0,-0.8001193001121132,100,0.31,0.5,0.7074663026589161,0.6111354969352937
supermat,nfix,probe,34,prior_shift,1.0,-1.2083112059245342,100,0.23,0.5,0.8505796791951764,0.7198133656933398
supermat,nfix,ntp,34,prior_shift,1.0,-1.2083112059245342,100,0.23,0.5,0.6187556525647923,0.45877293370017935
supermat,nfix,probe,35,prior_shift,1.0,-0.8001193001121132,100,0.31,0.5,0.9317164395294425,0.8780503035146126
supermat,nfix,ntp,35,prior_shift,1.0,-0.8001193001121132,100,0.31,0.5,0.7229971403210641,0.6329140871654036
supermat,nfix,probe,36,prior_shift,1.0,-0.6632942174102641,100,0.34,0.5,0.8952028234876748,0.8432258735795746
supermat,nfix,ntp,36,prior_shift,1.0,-0.6632942174102641,100,0.34,0.5,0.6812112076600383,0.5956603634712269
supermat,nfix,probe,37,prior_shift,1.0,-1.2656663733312759,100,0.22,0.5,0.8417259087975285,0.708690566918055
supermat,nfix,ntp,37,prior_shift,1.0,-1.2656663733312759,100,0.22,0.5,0.6050015638044703,0.4393028079902741
supermat,nfix,probe,38,prior_shift,1.0,-1.5856272637403817,100,0.17,0.5,0.8974633411849896,0.7273770634017643
supermat,nfix,ntp,38,prior_shift,1.0,-1.5856272637403817,100,0.17,0.5,0.6744327100963435,0.5032852652489883
supermat,nfix,probe,39,prior_shift,1.0,-0.9444616088408512,100,0.28,0.5,0.9082480824914385,0.8304184485696006
supermat,nfix,ntp,39,prior_shift,1.0,-0.9444616088408512,100,0.28,0.5,0.6964721027798275,0.5757197878005446
supermat,nfix,probe,40,prior_shift,1.0,-1.2656663733312759,100,0.22,0.5,0.8588007499363696,0.7293091313403849
supermat,nfix,ntp,40,prior_shift,1.0,-1.2656663733312759,100,0.22,0.5,0.6702630845371992,0.5193558035986728
supermat,nfix,probe,41,prior_shift,1.0,-0.9946225751440619,100,0.27,0.5,0.9113922711329328,0.8273632065959576
supermat,nfix,ntp,41,prior_shift,1.0,-0.9946225751440619,100,0.27,0.5,0.6987547677764622,0.5795963828576636
supermat,nfix,probe,42,prior_shift,1.0,-1.0459685551826876,100,0.26,0.5,0.8769406482458861,0.7730539437808741
supermat,nfix,ntp,42,prior_shift,1.0,-1.0459685551826876,100,0.26,0.5,0.672709528962116,0.537373847080724
supermat,nfix,probe,43,prior_shift,1.0,-1.2656663733312759,100,0.22,0.5,0.9155008297106899,0.7998917676659584
supermat,nfix,ntp,43,prior_shift,1.0,-1.2656663733312759,100,0.22,0.5,0.6798717824623499,0.5354971519179099
supermat,nfix,probe,44,prior_shift,1.0,-1.0459685551826876,100,0.26,0.5,0.9184523441251905,0.8244487444984209
supermat,nfix,ntp,44,prior_shift,1.0,-1.0459685551826876,100,0.26,0.5,0.6943482375055323,0.569996340417675
supermat,nfix,probe,45,prior_shift,1.0,-0.9444616088408512,100,0.28,0.5,0.8784834943203689,0.7914630541074813
supermat,nfix,ntp,45,prior_shift,1.0,-0.9444616088408512,100,0.28,0.5,0.6834175292939862,0.5631423298521847
supermat,nfix,probe,46,prior_shift,1.0,-0.8001193001121132,100,0.31,0.5,0.9333575547370958,0.8748069523142267
supermat,nfix,ntp,46,prior_shift,1.0,-0.8001193001121132,100,0.31,0.5,0.7682916124918729,0.6832809245967616
supermat,nfix,probe,47,prior_shift,1.0,-0.8001193001121132,100,0.31,0.5,0.9022377062897453,0.8351090465268401
supermat,nfix,ntp,47,prior_shift,1.0,-0.8001193001121132,100,0.31,0.5,0.7410343707349634,0.6601395014719773
supermat,nfix,probe,48,prior_shift,1.0,-0.9444616088408512,100,0.28,0.5,0.9290102758088459,0.8612453015344328
supermat,nfix,ntp,48,prior_shift,1.0,-0.9444616088408512,100,0.28,0.5,0.6800155715745195,0.5612387138742914
supermat,nfix,probe,49,prior_shift,1.0,-1.0986122886681098,100,0.25,0.5,0.8599393583282597,0.753746897441947
supermat,nfix,ntp,49,prior_shift,1.0,-1.0986122886681098,100,0.25,0.5,0.644722033041537,0.5014794429912403
supermat,nfix,probe,50,prior_shift,1.0,-0.7081850579244857,100,0.33,0.5,0.895030395560794,0.832617909422776
supermat,nfix,ntp,50,prior_shift,1.0,-0.7081850579244857,100,0.33,0.5,0.7076594612464568,0.6242298177400439
supermat,nfix,probe,51,prior_shift,1.0,-1.2656663733312759,100,0.22,0.5,0.8636558783806467,0.7228329082990769
supermat,nfix,ntp,51,prior_shift,1.0,-1.2656663733312759,100,0.22,0.5,0.69130140738824,0.5442165070745483
supermat,nfix,probe,52,prior_shift,1.0,-0.6190392084062235,100,0.35,0.5,0.9315305134333259,0.8861404546350259
supermat,nfix,ntp,52,prior_shift,1.0,-0.6190392084062235,100,0.35,0.5,0.7373019030035683,0.666335923458367
supermat,nfix,probe,53,prior_shift,1.0,-1.4500101755059984,100,0.19,0.5,0.8854337745382352,0.7263337267316575
supermat,nfix,ntp,53,prior_shift,1.0,-1.4500101755059984,100,0.19,0.5,0.6510640374757446,0.47123454410415433
supermat,nfix,probe,54,prior_shift,1.0,-1.3249254147435987,100,0.21,0.5,0.925333307944521,0.8143936480835992
supermat,nfix,ntp,54,prior_shift,1.0,-1.3249254147435987,100,0.21,0.5,0.7240127631621317,0.5878581189410312
supermat,nfix,probe,55,prior_shift,1.0,-0.7537718023763801,100,0.32,0.5,0.8722505395594049,0.8058092930726092
supermat,nfix,ntp,55,prior_shift,1.0,-0.7537718023763801,100,0.32,0.5,0.6548081061747014,0.5528797379168179
supermat,nfix,probe,56,prior_shift,1.0,-1.4500101755059984,100,0.19,0.5,0.903283200989787,0.7490820554051648
supermat,nfix,ntp,56,prior_shift,1.0,-1.4500101755059984,100,0.19,0.5,0.7008636124365971,0.5409257084032558
supermat,nfix,probe,57,prior_shift,1.0,-1.0986122886681098,100,0.25,0.5,0.9134907023468185,0.8116779260638352
supermat,nfix,ntp,57,prior_shift,1.0,-1.0986122886681098,100,0.25,0.5,0.6942804148647873,0.5643140922880395
supermat,nfix,probe,58,prior_shift,1.0,-1.0459685551826876,100,0.26,0.5,0.9312122586434587,0.8498422351384315
supermat,nfix,ntp,58,prior_shift,1.0,-1.0459685551826876,100,0.26,0.5,0.6778988535378615,0.557739136380824
supermat,nfix,probe,59,prior_shift,1.0,-0.7537718023763801,100,0.32,0.5,0.9130912050632793,0.855941565845022
supermat,nfix,ntp,59,prior_shift,1.0,-0.7537718023763801,100,0.32,0.5,0.7521467592640897,0.6743962867432823
supermat,nfix,probe,60,prior_shift,1.0,-1.5163474893680886,100,0.18,0.5,0.8605037672074599,0.6916067202623575
supermat,nfix,ntp,60,prior_shift,1.0,-1.5163474893680886,100,0.18,0.5,0.669229772609139,0.48776258766674885
supermat,nfix,probe,61,prior_shift,1.0,-0.8472978603872037,100,0.3,0.5,0.8767956787864182,0.8013296079092885
supermat,nfix,ntp,61,prior_shift,1.0,-0.8472978603872037,100,0.3,0.5,0.665070775083286,0.5576542776455602
supermat,nfix,probe,62,prior_shift,1.0,-1.3249254147435987,100,0.21,0.5,0.879768779243944,0.7435861856730387
supermat,nfix,ntp,62,prior_shift,1.0,-1.3249254147435987,100,0.21,0.5,0.7043078102952446,0.5556046358998924
supermat,nfix,probe,63,prior_shift,1.0,-1.5856272637403817,100,0.17,0.5,0.9327643559872328,0.7913410043141831
supermat,nfix,ntp,63,prior_shift,1.0,-1.5856272637403817,100,0.17,0.5,0.7520917644325996,0.5979073712748743
supermat,nfix,probe,64,prior_shift,1.0,-1.0986122886681098,100,0.25,0.5,0.8421023472648242,0.7143137357629997
supermat,nfix,ntp,64,prior_shift,1.0,-1.0986122886681098,100,0.25,0.5,0.6438884224160514,0.49194771274765076
supermat,nfix,probe,65,prior_shift,1.0,-0.9946225751440619,100,0.27,0.5,0.9408901679838625,0.8699357564413873
supermat,nfix,ntp,65,prior_shift,1.0,-0.9946225751440619,100,0.27,0.5,0.7341162534531048,0.6225520294107659
supermat,nfix,probe,66,prior_shift,1.0,-1.0459685551826876,100,0.26,0.5,0.8649678357834274,0.7611582503147573
supermat,nfix,ntp,66,prior_shift,1.0,-1.0459685551826876,100,0.26,0.5,0.6749826994234389,0.5519757876912575
supermat,nfix,probe,67,prior_shift,1.0,-0.8953840470548413,100,0.29,0.5,0.9181020378579616,0.8515573820794166
supermat,nfix,ntp,67,prior_shift,1.0,-0.8953840470548413,100,0.29,0.5,0.729409156376711,0.6288456840527306
supermat,nfix,probe,68,prior_shift,1.0,-1.0986122886681098,100,0.25,0.5,0.9166816758487778,0.8202023652469377
supermat,nfix,ntp,68,prior_shift,1.0,-1.0986122886681098,100,0.25,0.5,0.6978780724568494,0.5587490716609196
supermat,nfix,probe,69,prior_shift,1.0,-0.7537718023763801,100,0.32,0.5,0.9056369538073166,0.8465531647044966
supermat,nfix,ntp,69,prior_shift,1.0,-0.7537718023763801,100,0.32,0.5,0.716259717737904,0.6269929184469013
supermat,nfix,probe,70,prior_shift,1.0,-0.8953840470548413,100,0.29,0.5,0.8604034078949995,0.7681043592591383
supermat,nfix,ntp,70,prior_shift,1.0,-0.8953840470548413,100,0.29,0.5,0.666518217079864,0.5537209665122762
supermat,nfix,probe,71,prior_shift,1.0,-1.2656663733312759,100,0.22,0.5,0.8572816807981026,0.7229426384317237
supermat,nfix,ntp,71,prior_shift,1.0,-1.2656663733312759,100,0.22,0.5,0.6470787731179647,0.4789596578755914
supermat,nfix,probe,72,prior_shift,1.0,-0.8001193001121132,100,0.31,0.5,0.8854105220268285,0.8153459366658828
supermat,nfix,ntp,72,prior_shift,1.0,-0.8001193001121132,100,0.31,0.5,0.6198587324160945,0.5081466998097018
supermat,nfix,probe,73,prior_shift,1.0,-0.8472978603872037,100,0.3,0.5,0.9116782128648316,0.8396247205698718
supermat,nfix,ntp,73,prior_shift,1.0,-0.8472978603872037,100,0.3,0.5,0.6930381154767415,0.5905704420543416
supermat,nfix,probe,74,prior_shift,1.0,-1.1526795099383855,100,0.24,0.5,0.8741748006938611,0.7668919348713008
supermat,nfix,ntp,74,prior_shift,1.0,-1.1526795099383855,100,0.24,0.5,0.6525652595892225,0.5056920175704586
supermat,nfix,probe,75,prior_shift,1.0,-0.7537718023763801,100,0.32,0.5,0.8938478068348448,0.8313133568982429
supermat,nfix,ntp,75,prior_shift,1.0,-0.7537718023763801,100,0.32,0.5,0.7076387570876712,0.6216852589745298
supermat,nfix,probe,76,prior_shift,1.0,-1.3249254147435987,100,0.21,0.5,0.8637155029285666,0.7212202245517771
supermat,nfix,ntp,76,prior_shift,1.0,-1.3249254147435987,100,0.21,0.5,0.6747124879991833,0.5268082740177583
supermat,nfix,probe,77,prior_shift,1.0,-0.9444616088408512,100,0.28,0.5,0.9197777325770886,0.8402424243415623
supermat,nfix,ntp,77,prior_shift,1.0,-0.9444616088408512,100,0.28,0.5,0.7277250263366463,0.6274999677769328
supermat,nfix,probe,78,prior_shift,1.0,-0.6190392084062235,100,0.35,0.5,0.8996770738929581,0.8503007099602478
supermat,nfix,ntp,78,prior_shift,1.0,-0.6190392084062235,100,0.35,0.5,0.7331767644312045,0.6656612767985183
supermat,nfix,probe,79,prior_shift,1.0,-1.3249254147435987,100,0.21,0.5,0.839620741876155,0.699418488265065
supermat,nfix,ntp,79,prior_shift,1.0,-1.3249254147435987,100,0.21,0.5,0.6492768846435106,0.4795579868294423
supermat,nfix,probe,80,prior_shift,1.0,-0.9946225751440619,100,0.27,0.5,0.8793224917448633,0.787569906774567
supermat,nfix,ntp,80,prior_shift,1.0,-0.9946225751440619,100,0.27,0.5,0.6680716786064537,0.5391767849981651
supermat,nfix,probe,81,prior_shift,1.0,-1.2656663733312759,100,0.22,0.5,0.8982394735165233,0.7707627865836115
supermat,nfix,ntp,81,prior_shift,1.0,-1.2656663733312759,100,0.22,0.5,0.6632587322943654,0.5044469162030978
supermat,nfix,probe,82,prior_shift,1.0,-0.4895482253187058,100,0.38,0.5,0.9275805024972373,0.8958321178668672
supermat,nfix,ntp,82,prior_shift,1.0,-0.4895482253187058,100,0.38,0.5,0.6880398527241008,0.6255215897257907
supermat,nfix,probe,83,prior_shift,1.0,-1.5163474893680886,100,0.18,0.5,0.8870388649570208,0.7330164569767775
supermat,nfix,ntp,83,prior_shift,1.0,-1.5163474893680886,100,0.18,0.5,0.660851112533202,0.48088438180428983
supermat,nfix,probe,84,prior_shift,1.0,-1.2083112059245342,100,0.23,0.5,0.9000975696703457,0.788355710819329
supermat,nfix,ntp,84,prior_shift,1.0,-1.2083112059245342,100,0.23,0.5,0.6628485678479042,0.5120148548918391
supermat,nfix,probe,85,prior_shift,1.0,-0.6632942174102641,100,0.34,0.5,0.8865875117810763,0.8265974887547652
supermat,nfix,ntp,85,prior_shift,1.0,-0.6632942174102641,100,0.34,0.5,0.6798204686503017,0.5950138587351927
supermat,nfix,probe,86,prior_shift,1.0,-1.2656663733312759,100,0.22,0.5,0.9079224864369175,0.7832755765811008
supermat,nfix,ntp,86,prior_shift,1.0,-1.2656663733312759,100,0.22,0.5,0.6831087638485799,0.5241266575230614
supermat,nfix,probe,87,prior_shift,1.0,-1.3249254147435987,100,0.21,0.5,0.9195611620746508,0.7943580702377839
supermat,nfix,ntp,87,prior_shift,1.0,-1.3249254147435987,100,0.21,0.5,0.7225897888252785,0.5810721618564946
supermat,nfix,probe,88,prior_shift,1.0,-0.8472978603872037,100,0.3,0.5,0.9112002142884116,0.8435117644856092
supermat,nfix,ntp,88,prior_shift,1.0,-0.8472978603872037,100,0.3,0.5,0.7012005835743795,0.6008446066528182
supermat,nfix,probe,89,prior_shift,1.0,-1.0986122886681098,100,0.25,0.5,0.856221595004198,0.7432493743769677
supermat,nfix,ntp,89,prior_shift,1.0,-1.0986122886681098,100,0.25,0.5,0.6852903515640472,0.5594603711256236
supermat,nfix,probe,90,prior_shift,1.0,-1.2083112059245342,100,0.23,0.5,0.9351926287732891,0.8408993584721816
supermat,nfix,ntp,90,prior_shift,1.0,-1.2083112059245342,100,0.23,0.5,0.7062782520409208,0.5660941977189164
supermat,nfix,probe,91,prior_shift,1.0,-0.8953840470548413,100,0.29,0.5,0.8746684843242748,0.7934537558614662
supermat,nfix,ntp,91,prior_shift,1.0,-0.8953840470548413,100,0.29,0.5,0.6783365050575226,0.569989062809983
supermat,nfix,probe,92,prior_shift,1.0,-0.6190392084062235,100,0.35,0.5,0.8532559735170879,0.795219487987045
supermat,nfix,ntp,92,prior_shift,1.0,-0.6190392084062235,100,0.35,0.5,0.6590101010457697,0.5716853596750446
supermat,nfix,probe,93,prior_shift,1.0,-1.0459685551826876,100,0.26,0.5,0.8910294749694933,0.7922992247426511
supermat,nfix,ntp,93,prior_shift,1.0,-1.0459685551826876,100,0.26,0.5,0.6290211048492391,0.4807909686972946
supermat,nfix,probe,94,prior_shift,1.0,-1.0986122886681098,100,0.25,0.5,0.8745596497827123,0.7598848720477136
supermat,nfix,ntp,94,prior_shift,1.0,-1.0986122886681098,100,0.25,0.5,0.6526006977279032,0.5113858059143531
supermat,nfix,probe,95,prior_shift,1.0,-0.8472978603872037,100,0.3,0.5,0.8796655560180417,0.7966934096146521
supermat,nfix,ntp,95,prior_shift,1.0,-0.8472978603872037,100,0.3,0.5,0.6526293053268869,0.5399003515259984
supermat,nfix,probe,96,prior_shift,1.0,-1.1526795099383855,100,0.24,0.5,0.8787285674942044,0.7667512054096851
supermat,nfix,ntp,96,prior_shift,1.0,-1.1526795099383855,100,0.24,0.5,0.712484839817877,0.5973751245537491
supermat,nfix,probe,97,prior_shift,1.0,-0.8001193001121132,100,0.31,0.5,0.9335001242590857,0.880148424553667
supermat,nfix,ntp,97,prior_shift,1.0,-0.8001193001121132,100,0.31,0.5,0.7638796486616681,0.691799431130203
supermat,nfix,probe,98,prior_shift,1.0,-0.9946225751440619,100,0.27,0.5,0.8650904885028692,0.7719527078808399
supermat,nfix,ntp,98,prior_shift,1.0,-0.9946225751440619,100,0.27,0.5,0.7287357119685833,0.6218930460923744
supermat,nfix,probe,99,prior_shift,1.0,-1.3249254147435987,100,0.21,0.5,0.9095417368182117,0.7758623014010461
supermat,nfix,ntp,99,prior_shift,1.0,-1.3249254147435987,100,0.21,0.5,0.7212203855986451,0.5819275296068035
supermat,supermat,probe,0,prior_shift,1.0,-1.0459685551826876,100,0.26,0.5,0.7924458051543648,0.6465464700160171
supermat,supermat,ntp,0,prior_shift,1.0,-1.0459685551826876,100,0.26,0.5,0.47617882675356005,0.2972842931234315
supermat,supermat,probe,1,prior_shift,1.0,-1.0459685551826876,100,0.26,0.5,0.8060806247997023,0.6662609594660174
supermat,supermat,ntp,1,prior_shift,1.0,-1.0459685551826876,100,0.26,0.5,0.49050691552641495,0.3168889991376001
supermat,supermat,probe,2,prior_shift,1.0,-0.4473122180436648,100,0.39,0.5,0.8320744184038216,0.7869061060245024
supermat,supermat,ntp,2,prior_shift,1.0,-0.4473122180436648,100,0.39,0.5,0.5273036376914935,0.4490439257800983
supermat,supermat,probe,3,prior_shift,1.0,-0.6190392084062235,100,0.35,0.5,0.7824854722192637,0.7134114364825949
supermat,supermat,ntp,3,prior_shift,1.0,-0.6190392084062235,100,0.35,0.5,0.5395563117669319,0.43320788882833583
supermat,supermat,probe,4,prior_shift,1.0,-0.5753641449035619,100,0.36,0.5,0.8609421389392105,0.802086062223544
supermat,supermat,ntp,4,prior_shift,1.0,-0.5753641449035619,100,0.36,0.5,0.5222028423368228,0.4208509635088732
supermat,supermat,probe,5,prior_shift,1.0,-0.32277339226305113,100,0.42,0.5,0.8344253186243065,0.802983017605758
supermat,supermat,ntp,5,prior_shift,1.0,-0.32277339226305113,100,0.42,0.5,0.5185340375878151,0.46079088625519
supermat,supermat,probe,6,prior_shift,1.0,-1.0986122886681098,100,0.25,0.5,0.8170616887937158,0.6796672237695902
supermat,supermat,ntp,6,prior_shift,1.0,-1.0986122886681098,100,0.25,0.5,0.5107744307215568,0.3348657581283235
supermat,supermat,probe,7,prior_shift,1.0,-0.4895482253187058,100,0.38,0.5,0.8762893603259846,0.8358099600392819
supermat,supermat,ntp,7,prior_shift,1.0,-0.4895482253187058,100,0.38,0.5,0.5249877559002188,0.43833792752116935
supermat,supermat,probe,8,prior_shift,1.0,-1.1526795099383855,100,0.24,0.5,0.8201240275553523,0.666139629654324
supermat,supermat,ntp,8,prior_shift,1.0,-1.1526795099383855,100,0.24,0.5,0.46043417362634487,0.2574059840376156
supermat,supermat,probe,9,prior_shift,1.0,-0.4054651081081643,100,0.4,0.5,0.8329465484142297,0.7919021889183828
supermat,supermat,ntp,9,prior_shift,1.0,-0.4054651081081643,100,0.4,0.5,0.5576777062414898,0.4891789787951153
supermat,supermat,probe,10,prior_shift,1.0,-0.6632942174102641,100,0.34,0.5,0.861587012779172,0.7904449486197553
supermat,supermat,ntp,10,prior_shift,1.0,-0.6632942174102641,100,0.34,0.5,0.5816668770762881,0.4811013843159382
supermat,supermat,probe,11,prior_shift,1.0,-0.24116205681688807,100,0.44,0.5,0.8602336494028872,0.8382537417070023
supermat,supermat,ntp,11,prior_shift,1.0,-0.24116205681688807,100,0.44,0.5,0.5492072509268272,0.5049178710403769
supermat,supermat,probe,12,prior_shift,1.0,-0.7537718023763801,100,0.32,0.5,0.808248968721785,0.7117381723556667
supermat,supermat,ntp,12,prior_shift,1.0,-0.7537718023763801,100,0.32,0.5,0.4943627806071869,0.3593144121517535
supermat,supermat,probe,13,prior_shift,1.0,-0.16034265007517928,100,0.46,0.5,0.8806914503700711,0.8690523231370548
supermat,supermat,ntp,13,prior_shift,1.0,-0.16034265007517928,100,0.46,0.5,0.5560471432315963,0.5277726024178214
supermat,supermat,probe,14,prior_shift,1.0,-0.8001193001121132,100,0.31,0.5,0.8538637609104671,0.7709510910319578
supermat,supermat,ntp,14,prior_shift,1.0,-0.8001193001121132,100,0.31,0.5,0.5568546993717906,0.4327112359935337
supermat,supermat,probe,15,prior_shift,1.0,0.12014431184206335,100,0.53,0.5,0.8987352856117634,0.9064850433910245
supermat,supermat,ntp,15,prior_shift,1.0,0.12014431184206335,100,0.53,0.5,0.5755556581627421,0.5959555602288366
supermat,supermat,probe,16,prior_shift,1.0,-0.8953840470548413,100,0.29,0.5,0.7716440086907285,0.664036237245548
supermat,supermat,ntp,16,prior_shift,1.0,-0.8953840470548413,100,0.29,0.5,0.5135988435458488,0.36482636994598594
supermat,supermat,probe,17,prior_shift,1.0,-1.2083112059245342,100,0.23,0.5,0.8152607404080595,0.6676360746783915
supermat,supermat,ntp,17,prior_shift,1.0,-1.2083112059245342,100,0.23,0.5,0.4887106280058531,0.2918798185797066
supermat,supermat,probe,18,prior_shift,1.0,-0.8953840470548413,100,0.29,0.5,0.7936382548747464,0.6753641954221317
supermat,supermat,ntp,18,prior_shift,1.0,-0.8953840470548413,100,0.29,0.5,0.5307237497212154,0.38545091725795494
supermat,supermat,probe,19,prior_shift,1.0,-0.4895482253187058,100,0.38,0.5,0.8554563642629018,0.8115601900413227
supermat,supermat,ntp,19,prior_shift,1.0,-0.4895482253187058,100,0.38,0.5,0.5751873759567327,0.49466354970650295
supermat,supermat,probe,20,prior_shift,1.0,-0.6632942174102641,100,0.34,0.5,0.8660726864711314,0.8064828558599139
supermat,supermat,ntp,20,prior_shift,1.0,-0.6632942174102641,100,0.34,0.5,0.5743443757512342,0.4726310707036882
supermat,supermat,probe,21,prior_shift,1.0,-0.8472978603872037,100,0.3,0.5,0.7918307713920225,0.687599569805499
supermat,supermat,ntp,21,prior_shift,1.0,-0.8472978603872037,100,0.3,0.5,0.49262859332954784,0.34427448626112245
supermat,supermat,probe,22,prior_shift,1.0,-1.1526795099383855,100,0.24,0.5,0.7770104592701733,0.6140796821576512
supermat,supermat,ntp,22,prior_shift,1.0,-1.1526795099383855,100,0.24,0.5,0.5293837429626678,0.3512180603771379
supermat,supermat,probe,23,prior_shift,1.0,-0.6632942174102641,100,0.34,0.5,0.8360473372239007,0.7649334864404363
supermat,supermat,ntp,23,prior_shift,1.0,-0.6632942174102641,100,0.34,0.5,0.4865775707175119,0.36340258033681816
supermat,supermat,probe,24,prior_shift,1.0,-0.6632942174102641,100,0.34,0.5,0.8267921958377569,0.7605454569633975
supermat,supermat,ntp,24,prior_shift,1.0,-0.6632942174102641,100,0.34,0.5,0.540194494986222,0.4299727016554818
supermat,supermat,probe,25,prior_shift,1.0,-0.4473122180436648,100,0.39,0.5,0.8217223976494726,0.7787236119705956
supermat,supermat,ntp,25,prior_shift,1.0,-0.4473122180436648,100,0.39,0.5,0.5383150657897753,0.46137384676829707
supermat,supermat,probe,26,prior_shift,1.0,-0.7081850579244857,100,0.33,0.5,0.7708885732441069,0.6836586955683298
supermat,supermat,ntp,26,prior_shift,1.0,-0.7081850579244857,100,0.33,0.5,0.47596340923470476,0.3458422292225097
supermat,supermat,probe,27,prior_shift,1.0,-0.16034265007517928,100,0.46,0.5,0.8479289056131475,0.8340446501915382
supermat,supermat,ntp,27,prior_shift,1.0,-0.16034265007517928,100,0.46,0.5,0.5789161325086978,0.5516825557608225
supermat,supermat,probe,28,prior_shift,1.0,-0.28185115214098777,100,0.43,0.5,0.827953017121935,0.8023116435340424
supermat,supermat,ntp,28,prior_shift,1.0,-0.28185115214098777,100,0.43,0.5,0.5394386706491752,0.48885692597873714
supermat,supermat,probe,29,prior_shift,1.0,-1.0459685551826876,100,0.26,0.5,0.8136113358973612,0.6788997372792843
supermat,supermat,ntp,29,prior_shift,1.0,-1.0459685551826876,100,0.26,0.5,0.4916130539114645,0.31487778133755634
supermat,supermat,probe,30,prior_shift,1.0,-0.5753641449035619,100,0.36,0.5,0.8421886892438333,0.7773953361931544
supermat,supermat,ntp,30,prior_shift,1.0,-0.5753641449035619,100,0.36,0.5,0.5354752581944283,0.4385866844849729
supermat,supermat,probe,31,prior_shift,1.0,-0.6190392084062235,100,0.35,0.5,0.8542395613793821,0.7932117648288087
supermat,supermat,ntp,31,prior_shift,1.0,-0.6190392084062235,100,0.35,0.5,0.49999441626874513,0.38905705846116967
supermat,supermat,probe,32,prior_shift,1.0,-0.9444616088408512,100,0.28,0.5,0.8243280067342371,0.6983455099951663
supermat,supermat,ntp,32,prior_shift,1.0,-0.9444616088408512,100,0.28,0.5,0.48102376384878087,0.31384025907532964
supermat,supermat,probe,33,prior_shift,1.0,-0.28185115214098777,100,0.43,0.5,0.8998705059566454,0.8795803961151943
supermat,supermat,ntp,33,prior_shift,1.0,-0.28185115214098777,100,0.43,0.5,0.5800077025575626,0.5332877233049647
supermat,supermat,probe,34,prior_shift,1.0,-0.5753641449035619,100,0.36,0.5,0.8271782436836201,0.7626411526131699
supermat,supermat,ntp,34,prior_shift,1.0,-0.5753641449035619,100,0.36,0.5,0.5469660310017455,0.45226275816652645
supermat,supermat,probe,35,prior_shift,1.0,-0.4054651081081643,100,0.4,0.5,0.9083248274901531,0.8790788657663614
supermat,supermat,ntp,35,prior_shift,1.0,-0.4054651081081643,100,0.4,0.5,0.624728171185077,0.5652865171266676
supermat,supermat,probe,36,prior_shift,1.0,-1.2656663733312759,100,0.22,0.5,0.8216537048638324,0.6562774584553434
supermat,supermat,ntp,36,prior_shift,1.0,-1.2656663733312759,100,0.22,0.5,0.4717901162421423,0.2608245598948337
supermat,supermat,probe,37,prior_shift,1.0,-0.4054651081081643,100,0.4,0.5,0.8336419795319833,0.7921541918845442
supermat,supermat,ntp,37,prior_shift,1.0,-0.4054651081081643,100,0.4,0.5,0.5501895171592142,0.48055453182166147
supermat,supermat,probe,38,prior_shift,1.0,-1.1526795099383855,100,0.24,0.5,0.8152736668942149,0.6647724430349625
supermat,supermat,ntp,38,prior_shift,1.0,-1.1526795099383855,100,0.24,0.5,0.535445345848774,0.36292361069005885
supermat,supermat,probe,39,prior_shift,1.0,-0.6190392084062235,100,0.35,0.5,0.8583815469567331,0.7929230092807508
supermat,supermat,ntp,39,prior_shift,1.0,-0.6190392084062235,100,0.35,0.5,0.5606936121220876,0.46224573859840407
supermat,supermat,probe,40,prior_shift,1.0,-0.6190392084062235,100,0.35,0.5,0.8713559432349746,0.8186170064222787
supermat,supermat,ntp,40,prior_shift,1.0,-0.6190392084062235,100,0.35,0.5,0.5540383744687549,0.45405581955001073
supermat,supermat,probe,41,prior_shift,1.0,-0.32277339226305113,100,0.42,0.5,0.853040295340406,0.8259830692624617
supermat,supermat,ntp,41,prior_shift,1.0,-0.32277339226305113,100,0.42,0.5,0.5426294186714165,0.48459742034564707
supermat,supermat,probe,42,prior_shift,1.0,-0.8472978603872037,100,0.3,0.5,0.8294153645963805,0.7280251223602113
supermat,supermat,ntp,42,prior_shift,1.0,-0.8472978603872037,100,0.3,0.5,0.47719753078039967,0.32680177851014425
supermat,supermat,probe,43,prior_shift,1.0,-0.4895482253187058,100,0.38,0.5,0.844610974225261,0.7903082437973716
supermat,supermat,ntp,43,prior_shift,1.0,-0.4895482253187058,100,0.38,0.5,0.559423230131068,0.47729050981025994
supermat,supermat,probe,44,prior_shift,1.0,-0.2006706954621511,100,0.45,0.5,0.9030691721515983,0.8902344403293657
supermat,supermat,ntp,44,prior_shift,1.0,-0.2006706954621511,100,0.45,0.5,0.5390840879456629,0.5028753235336657
supermat,supermat,probe,45,prior_shift,1.0,-1.2083112059245342,100,0.23,0.5,0.8086438950425299,0.6629691724821614
supermat,supermat,ntp,45,prior_shift,1.0,-1.2083112059245342,100,0.23,0.5,0.4873304653154183,0.2936733067633032
supermat,supermat,probe,46,prior_shift,1.0,-1.0459685551826876,100,0.26,0.5,0.8167906299748066,0.6826060704607765
supermat,supermat,ntp,46,prior_shift,1.0,-1.0459685551826876,100,0.26,0.5,0.5034781253281373,0.3274851464113299
supermat,supermat,probe,47,prior_shift,1.0,-0.36396537720141175,100,0.41,0.5,0.8328289646452499,0.7979720104357725
supermat,supermat,ntp,47,prior_shift,1.0,-0.36396537720141175,100,0.41,0.5,0.5309123616536227,0.46453839761235516
supermat,supermat,probe,48,prior_shift,1.0,-0.6190392084062235,100,0.35,0.5,0.8459698710953287,0.7882536427380348
supermat,supermat,ntp,48,prior_shift,1.0,-0.6190392084062235,100,0.35,0.5,0.5671361397983277,0.47016595690493623
supermat,supermat,probe,49,prior_shift,1.0,-0.8953840470548413,100,0.29,0.5,0.815926616965347,0.7024988680794156
supermat,supermat,ntp,49,prior_shift,1.0,-0.8953840470548413,100,0.29,0.5,0.48265862218782024,0.32664299747420505
supermat,supermat,probe,50,prior_shift,1.0,-1.0459685551826876,100,0.26,0.5,0.7944935878673337,0.6499809474718192
supermat,supermat,ntp,50,prior_shift,1.0,-1.0459685551826876,100,0.26,0.5,0.520721171350753,0.3557554746916308
supermat,supermat,probe,51,prior_shift,1.0,-1.0986122886681098,100,0.25,0.5,0.7769869031592019,0.6533523339446067
supermat,supermat,ntp,51,prior_shift,1.0,-1.0986122886681098,100,0.25,0.5,0.49558188213311233,0.3121995786848405
supermat,supermat,probe,52,prior_shift,1.0,-1.1526795099383855,100,0.24,0.5,0.8434320264271621,0.6987991038817882
supermat,supermat,ntp,52,prior_shift,1.0,-1.1526795099383855,100,0.24,0.5,0.4774350999298717,0.2849428314119459
supermat,supermat,probe,53,prior_shift,1.0,-1.1526795099383855,100,0.24,0.5,0.7990958786516599,0.6131028673359812
supermat,supermat,ntp,53,prior_shift,1.0,-1.1526795099383855,100,0.24,0.5,0.4806930308024977,0.28756518777974205
supermat,supermat,probe,54,prior_shift,1.0,-0.2006706954621511,100,0.45,0.5,0.8657133088425141,0.8512632213112868
supermat,supermat,ntp,54,prior_shift,1.0,-0.2006706954621511,100,0.45,0.5,0.634179278877992,0.6054965409062649
supermat,supermat,probe,55,prior_shift,1.0,-0.5322168137473082,100,0.37,0.5,0.8629278696100374,0.8092664532419974
supermat,supermat,ntp,55,prior_shift,1.0,-0.5322168137473082,100,0.37,0.5,0.5591295555715079,0.47158648823272253
supermat,supermat,probe,56,prior_shift,1.0,-0.9946225751440619,100,0.27,0.5,0.8432618041693529,0.7246663486269749
supermat,supermat,ntp,56,prior_shift,1.0,-0.9946225751440619,100,0.27,0.5,0.5514936841151813,0.3996938113533288
supermat,supermat,probe,57,prior_shift,1.0,-1.0986122886681098,100,0.25,0.5,0.8236588507429645,0.6732797130384531
supermat,supermat,ntp,57,prior_shift,1.0,-1.0986122886681098,100,0.25,0.5,0.5270648159252476,0.34905232600937297
supermat,supermat,probe,58,prior_shift,1.0,-0.8472978603872037,100,0.3,0.5,0.8017624151844323,0.6826653855511576
supermat,supermat,ntp,58,prior_shift,1.0,-0.8472978603872037,100,0.3,0.5,0.5195998563690818,0.3767404435076307
supermat,supermat,probe,59,prior_shift,1.0,-0.8953840470548413,100,0.29,0.5,0.8543266091911659,0.7372358140978984
supermat,supermat,ntp,59,prior_shift,1.0,-0.8953840470548413,100,0.29,0.5,0.5085424101543251,0.35679664174420717
supermat,supermat,probe,60,prior_shift,1.0,-0.5322168137473082,100,0.37,0.5,0.8525857682248066,0.7991923875639902
supermat,supermat,ntp,60,prior_shift,1.0,-0.5322168137473082,100,0.37,0.5,0.5430625413770649,0.44900059545238535
supermat,supermat,probe,61,prior_shift,1.0,-0.6632942174102641,100,0.34,0.5,0.8486810909658022,0.7762507260125574
supermat,supermat,ntp,61,prior_shift,1.0,-0.6632942174102641,100,0.34,0.5,0.5259537548792506,0.415362489934683
supermat,supermat,probe,62,prior_shift,1.0,-0.7537718023763801,100,0.32,0.5,0.8367594515983137,0.7642097369739166
supermat,supermat,ntp,62,prior_shift,1.0,-0.7537718023763801,100,0.32,0.5,0.5492469062803209,0.4273366340332213
supermat,supermat,probe,63,prior_shift,1.0,-0.0800427076735365,100,0.48,0.5,0.8461250646503603,0.8386944341063117
supermat,supermat,ntp,63,prior_shift,1.0,-0.0800427076735365,100,0.48,0.5,0.5827421006718194,0.5689065586251049
supermat,supermat,probe,64,prior_shift,1.0,-0.7081850579244857,100,0.33,0.5,0.889071217750072,0.8223967171239989
supermat,supermat,ntp,64,prior_shift,1.0,-0.7081850579244857,100,0.33,0.5,0.5166131192548511,0.39378624671987866
supermat,supermat,probe,65,prior_shift,1.0,0.2411620568168883,100,0.56,0.5,0.885262405096115,0.8980109555056306
supermat,supermat,ntp,65,prior_shift,1.0,0.2411620568168883,100,0.56,0.5,0.6204101549616194,0.6578496091558117
supermat,supermat,probe,66,prior_shift,1.0,-1.2083112059245342,100,0.23,0.5,0.7930481820592857,0.6293049092673484
supermat,supermat,ntp,66,prior_shift,1.0,-1.2083112059245342,100,0.23,0.5,0.4820513374937218,0.2856273062774425
supermat,supermat,probe,67,prior_shift,1.0,-0.6632942174102641,100,0.34,0.5,0.8615240799015568,0.7977515408374548
supermat,supermat,ntp,67,prior_shift,1.0,-0.6632942174102641,100,0.34,0.5,0.5479842308350813,0.43753957991893233
supermat,supermat,probe,68,prior_shift,1.0,-1.2656663733312759,100,0.22,0.5,0.8310590986855466,0.678167885487913
supermat,supermat,ntp,68,prior_shift,1.0,-1.2656663733312759,100,0.22,0.5,0.4930421863290368,0.2940008819934934
supermat,supermat,probe,69,prior_shift,1.0,-1.0459685551826876,100,0.26,0.5,0.8371149376865684,0.7007920856148482
supermat,supermat,ntp,69,prior_shift,1.0,-1.0459685551826876,100,0.26,0.5,0.47517496189675046,0.297431303190499
supermat,supermat,probe,70,prior_shift,1.0,-1.5856272637403817,100,0.17,0.5,0.716291056570529,0.4660947346496747
supermat,supermat,ntp,70,prior_shift,1.0,-1.5856272637403817,100,0.17,0.5,0.4649457997724643,0.22760748267494943
supermat,supermat,probe,71,prior_shift,1.0,-0.16034265007517928,100,0.46,0.5,0.9162232787037031,0.9063595843209726
supermat,supermat,ntp,71,prior_shift,1.0,-0.16034265007517928,100,0.46,0.5,0.6081054541534282,0.5832486514186617
supermat,supermat,probe,72,prior_shift,1.0,-0.0800427076735365,100,0.48,0.5,0.8116910327458099,0.803894149833637
supermat,supermat,ntp,72,prior_shift,1.0,-0.0800427076735365,100,0.48,0.5,0.5759029077763416,0.5623177060953877
supermat,supermat,probe,73,prior_shift,1.0,-0.7081850579244857,100,0.33,0.5,0.8742972357457127,0.8118666350534159
supermat,supermat,ntp,73,prior_shift,1.0,-0.7081850579244857,100,0.33,0.5,0.5662394534537625,0.45526388134921314
supermat,supermat,probe,74,prior_shift,1.0,-0.6190392084062235,100,0.35,0.5,0.8743042482070623,0.8193978793938844
supermat,supermat,ntp,74,prior_shift,1.0,-0.6190392084062235,100,0.35,0.5,0.5857680561000386,0.4894243126408673
supermat,supermat,probe,75,prior_shift,1.0,-1.3862943611198906,100,0.2,0.5,0.7969901881752167,0.5930692917730004
supermat,supermat,ntp,75,prior_shift,1.0,-1.3862943611198906,100,0.2,0.5,0.5060095185110725,0.2963839190143022
supermat,supermat,probe,76,prior_shift,1.0,-0.8001193001121132,100,0.31,0.5,0.8706334158554015,0.7928116059881739
supermat,supermat,ntp,76,prior_shift,1.0,-0.8001193001121132,100,0.31,0.5,0.5543244896995518,0.4330190049537477
supermat,supermat,probe,77,prior_shift,1.0,-0.8001193001121132,100,0.31,0.5,0.8008615604526718,0.6955792325841936
supermat,supermat,ntp,77,prior_shift,1.0,-0.8001193001121132,100,0.31,0.5,0.5018530469067592,0.3652257292436742
supermat,supermat,probe,78,prior_shift,1.0,-0.7537718023763801,100,0.32,0.5,0.8403743652568564,0.756175685984623
supermat,supermat,ntp,78,prior_shift,1.0,-0.7537718023763801,100,0.32,0.5,0.536810230113909,0.41450445272861564
supermat,supermat,probe,79,prior_shift,1.0,-0.7537718023763801,100,0.32,0.5,0.8306793823992105,0.7477558195229221
supermat,supermat,ntp,79,prior_shift,1.0,-0.7537718023763801,100,0.32,0.5,0.5225606226132998,0.39218323706115826
supermat,supermat,probe,80,prior_shift,1.0,-0.6632942174102641,100,0.34,0.5,0.8392264826456705,0.7673152160500394
supermat,supermat,ntp,80,prior_shift,1.0,-0.6632942174102641,100,0.34,0.5,0.5128075371764124,0.39589199893272076
supermat,supermat,probe,81,prior_shift,1.0,-0.6632942174102641,100,0.34,0.5,0.8694124552971187,0.8055321743007815
supermat,supermat,ntp,81,prior_shift,1.0,-0.6632942174102641,100,0.34,0.5,0.537459983070718,0.4264374165047361
supermat,supermat,probe,82,prior_shift,1.0,-0.7081850579244857,100,0.33,0.5,0.8674303401778322,0.7997348240360259
supermat,supermat,ntp,82,prior_shift,1.0,-0.7081850579244857,100,0.33,0.5,0.5407987876125196,0.4253849936249482
supermat,supermat,probe,83,prior_shift,1.0,-0.32277339226305113,100,0.42,0.5,0.8243093563000113,0.7910156672057282
supermat,supermat,ntp,83,prior_shift,1.0,-0.32277339226305113,100,0.42,0.5,0.5701957364819737,0.5165125871908205
supermat,supermat,probe,84,prior_shift,1.0,-0.4895482253187058,100,0.38,0.5,0.8927522119317786,0.849208426142392
supermat,supermat,ntp,84,prior_shift,1.0,-0.4895482253187058,100,0.38,0.5,0.5645276667880529,0.4847313552683981
supermat,supermat,probe,85,prior_shift,1.0,-0.5753641449035619,100,0.36,0.5,0.8179355620932179,0.7569699871632022
supermat,supermat,ntp,85,prior_shift,1.0,-0.5753641449035619,100,0.36,0.5,0.549167272512356,0.45586437777209243
supermat,supermat,probe,86,prior_shift,1.0,-0.8953840470548413,100,0.29,0.5,0.8146399279365801,0.7085577156050885
supermat,supermat,ntp,86,prior_shift,1.0,-0.8953840470548413,100,0.29,0.5,0.49835140404150763,0.34484885405238414
supermat,supermat,probe,87,prior_shift,1.0,-0.5322168137473082,100,0.37,0.5,0.8478578410691208,0.7939024764450835
supermat,supermat,ntp,87,prior_shift,1.0,-0.5322168137473082,100,0.37,0.5,0.5554814508688825,0.46822781164011795
supermat,supermat,probe,88,prior_shift,1.0,-0.04000533461369919,100,0.49,0.5,0.8352317883250823,0.831751497827719
supermat,supermat,ntp,88,prior_shift,1.0,-0.04000533461369919,100,0.49,0.5,0.5340882111821531,0.526790566153784
supermat,supermat,probe,89,prior_shift,1.0,0.16034265007517953,100,0.54,0.5,0.8704891610269371,0.8814292044578477
supermat,supermat,ntp,89,prior_shift,1.0,0.16034265007517953,100,0.54,0.5,0.6159657694861171,0.6411544513326471
supermat,supermat,probe,90,prior_shift,1.0,-0.9946225751440619,100,0.27,0.5,0.7845370031288756,0.6585676826798073
supermat,supermat,ntp,90,prior_shift,1.0,-0.9946225751440619,100,0.27,0.5,0.48924534058647956,0.31596632083766474
supermat,supermat,probe,91,prior_shift,1.0,-0.4054651081081643,100,0.4,0.5,0.8642273379030938,0.8344820408156182
supermat,supermat,ntp,91,prior_shift,1.0,-0.4054651081081643,100,0.4,0.5,0.5850144182327609,0.5207766487178201
supermat,supermat,probe,92,prior_shift,1.0,-0.32277339226305113,100,0.42,0.5,0.8769155925807517,0.8529777542685462
supermat,supermat,ntp,92,prior_shift,1.0,-0.32277339226305113,100,0.42,0.5,0.5843473471352995,0.5321660311760794
supermat,supermat,probe,93,prior_shift,1.0,-0.8953840470548413,100,0.29,0.5,0.7966366992847259,0.6888127581674452
supermat,supermat,ntp,93,prior_shift,1.0,-0.8953840470548413,100,0.29,0.5,0.5082916255101317,0.35545175645382115
supermat,supermat,probe,94,prior_shift,1.0,-0.6632942174102641,100,0.34,0.5,0.8097010586695592,0.7313179163525118
supermat,supermat,ntp,94,prior_shift,1.0,-0.6632942174102641,100,0.34,0.5,0.5104952723230077,0.3908505884258306
supermat,supermat,probe,95,prior_shift,1.0,-0.9444616088408512,100,0.28,0.5,0.7943158038613434,0.6818712944068759
supermat,supermat,ntp,95,prior_shift,1.0,-0.9444616088408512,100,0.28,0.5,0.5133969714662152,0.3600573438104997
supermat,supermat,probe,96,prior_shift,1.0,-0.4054651081081643,100,0.4,0.5,0.8303003955694528,0.7870819193568448
supermat,supermat,ntp,96,prior_shift,1.0,-0.4054651081081643,100,0.4,0.5,0.4891476457570307,0.4124278605890833
supermat,supermat,probe,97,prior_shift,1.0,-0.9444616088408512,100,0.28,0.5,0.8362994632096208,0.7240163782177444
supermat,supermat,ntp,97,prior_shift,1.0,-0.9444616088408512,100,0.28,0.5,0.5177198544838091,0.36344199762606394
supermat,supermat,probe,98,prior_shift,1.0,-1.1526795099383855,100,0.24,0.5,0.8264725151371033,0.667208966902366
supermat,supermat,ntp,98,prior_shift,1.0,-1.1526795099383855,100,0.24,0.5,0.47450409536610283,0.27789127328891877
supermat,supermat,probe,99,prior_shift,1.0,-0.16034265007517928,100,0.46,0.5,0.8725831630750398,0.8599056400100821
supermat,supermat,ntp,99,prior_shift,1.0,-0.16034265007517928,100,0.46,0.5,0.5776186834641346,0.5508391388008096
