dataset,model,baseline_recovery,baseline_hallucination,ablation_1_recovery,ablation_1_hallucination,ablation_2_recovery,ablation_2_hallucination,ablation_3_recovery,ablation_3_hallucination,ablation_4_recovery,ablation_4_hallucination,ablation_5_recovery,ablation_5_hallucination,ablation_6_recovery,ablation_6_hallucination
nfix,llama-3.1-8b,0.3826086956521739,0.8583743842364532,0.28804347826086957,0.8382919145957298,0.0,1.0,0.0,1.0,0.3130434782608696,0.7697398799445898,0.3684782608695652,0.8386957925320133,0.28804347826086957,0.8523386821440765
nfix,gemma-3-27b,0.6739130434782609,0.5723593964334706,0.3782608695652174,0.7126168224299065,0.7108695652173913,0.7185844697396596,0.46195652173913043,0.6197640117994101,0.44565217391304346,0.5464654487688642,0.6695652173913044,0.6472742066720911,0.5945652173913043,0.6491273100616016
nfix,gpt-oss-120b,0.7434782608695653,0.5300207039337475,0.6423913043478261,0.5076013513513513,0.566304347826087,0.5978009259259259,0.5510869565217391,0.5357698289269051,0.48043478260869565,0.49792874896437445,0.5228260869565218,0.5785060975609756,0.0,1.0
