dataset,model,baseline_recovery,baseline_hallucination,ablation_1_recovery,ablation_1_hallucination,ablation_2_recovery,ablation_2_hallucination,ablation_3_recovery,ablation_3_hallucination,ablation_4_recovery,ablation_4_hallucination,ablation_5_recovery,ablation_5_hallucination,ablation_6_recovery,ablation_6_hallucination
pond,llama-3.1-8b,0.28862886288628864,0.8456908802139931,0.30063006300630063,0.8616451691409102,0.3177317731773177,0.8970125786163522,,,0.14431443144314432,0.7998119038022302,0.2814281428142814,0.8572430234188754,0.3189318931893189,0.846860241385342
pond,gemma-3-27b,0.57995799579958,0.7288832070130582,0.17641764176417643,0.7805796010538201,0.34563456345634563,0.7770398481973435,0.5010501050105011,0.6408978739559605,0.3384338433843384,0.6578080386558314,0.561956195619562,0.6803404778997026,0.5454545454545454,0.7099606077658975
pond,gpt-oss-120b,0.6252625262526252,0.5277050171267379,0.6384638463846385,0.5012835472578763,0.6537653765376538,0.5070383659950317,0.6579657965796579,0.4946822308690013,0.5703570357035703,0.5109639104613979,0.6297629762976298,0.515926071569013,0.6372637263726373,0.5223076923076924
