dataset,model,baseline_recovery,baseline_hallucination,ablation_1_recovery,ablation_1_hallucination,ablation_2_recovery,ablation_2_hallucination,ablation_3_recovery,ablation_3_hallucination,ablation_4_recovery,ablation_4_hallucination,ablation_5_recovery,ablation_5_hallucination,ablation_6_recovery,ablation_6_hallucination
nfix,llama-3.1-8b,0.1967391304347826,0.9520730706075534,0.035869565217391305,0.9831991599579979,0.31956521739130433,0.9679621202804083,0.19782608695652174,0.9516497198588919,0.13804347826086957,0.9311990149299677,0.19891304347826086,0.9342515872161842,0.14347826086956522,0.9574940252645954
nfix,gemma-3-27b,0.0,1.0,0.175,0.8870716510903427,0.45869565217391306,0.8830158909049927,0.30869565217391304,0.7778761061946903,0.2793478260869565,0.8129467831612391,0.5054347826086957,0.8199755899104963,0.3967391304347826,0.824435318275154
nfix,gpt-oss-120b,0.625,0.6319875776397516,0.22717391304347825,0.8217905405405406,0.49782608695652175,0.6695601851851851,0.4826086956521739,0.6189735614307932,0.39565217391304347,0.5882352941176471,0.4532608695652174,0.6532012195121951,0.3673913043478261,0.6311827956989247
