dataset,model,baseline_recovery,baseline_hallucination,ablation_1_recovery,ablation_1_hallucination,ablation_2_recovery,ablation_2_hallucination,ablation_3_recovery,ablation_3_hallucination,ablation_4_recovery,ablation_4_hallucination,ablation_5_recovery,ablation_5_hallucination,ablation_6_recovery,ablation_6_hallucination
pond,llama-3.1-8b,,,0.1854185418541854,0.9128741786322706,,,,,0.11281128112811281,0.8449549912669623,0.1863186318631863,0.9066750806338522,0.21002100210021002,0.8974112296659087
pond,gemma-3-27b,0.4383438343834383,0.6665809768637532,0.10981098109810981,0.8645088445615355,0.22412241224122412,0.8419512966476913,0.3009300930093009,0.7706909643128321,,,0.3576357635763576,0.782483847810481,0.3408340834083408,0.8115925717501407
pond,gpt-oss-120b,0.7758775877587759,0.4184968768889784,0.41044104410441046,0.6807467911318553,0.42514251425142513,0.6907949213359095,0.4296429642964296,0.6842412451361868,0.37113711371137115,0.676564641388762,0.40324032403240323,0.6777428234368856,0.41044104410441046,0.6832692307692307
