dataset,model,baseline_recovery,baseline_hallucination,ablation_1_recovery,ablation_1_hallucination,ablation_2_recovery,ablation_2_hallucination,ablation_3_recovery,ablation_3_hallucination,ablation_4_recovery,ablation_4_hallucination,ablation_5_recovery,ablation_5_hallucination,ablation_6_recovery,ablation_6_hallucination
nfix,llama-3.1-8b,0.18695652173913044,0.8414408866995073,0.035869565217391305,0.7787889394469724,0.31630434782608696,0.8815951297503382,0.19021739130434784,0.8834474648958982,0.1358695652173913,0.9002616592273357,0.1858695652173913,0.811578607554073,0.14130434782608695,0.8320245817685217
nfix,gemma-3-27b,0.4282608695652174,0.6141975308641976,0.175,0.7048286604361371,0.4315217391304348,0.652766820691987,0.28369565217391307,0.6693215339233038,0.2728260869565217,0.675933280381255,0.483695652173913,0.5624491456468674,0.3641304347826087,0.5752053388090349
nfix,gpt-oss-120b,0.5978260869565217,0.2230848861283644,0.21304347826086956,0.10641891891891897,0.4923913043478261,0.15104166666666663,0.4782608695652174,0.1376360808709176,0.38804347826086955,0.3314001657000829,0.45,0.14786585365853655,0.3673913043478261,0.10752688172043012
