,Test setting,Type,Accuracy,Precision,Recall,F1,AUROC,ECE
0,Syn. pond,NTP,0.754978354978355,0.6513353115727003,0.5701298701298702,0.6080332409972299,0.8095394459436667,0.04948967289989649
1,Syn. pond,Probe,0.7781385281385281,0.6647472808701216,0.6746753246753247,0.6696745085401226,0.8563394965424187,0.04359743177003502
2,Syn. nfix,NTP,0.682256867112101,0.5813953488372093,0.16703786191536749,0.25951557093425603,0.655935486431119,0.13597492887341547
3,Syn. nfix,Probe,0.6592427616926503,0.47844827586206895,0.24721603563474387,0.32599118942731276,0.6678501098704868,0.11625305209514132
4,Real pond,NTP,0.6836661053644455,0.8665254237288136,0.5214619634509138,0.6511010878217035,0.8263603900478985,0.15821746203925283
5,Real pond,Probe,0.7084435891267741,0.7335243553008596,0.7615809604759881,0.7472894078398666,0.787329332842067,0.08340530952988626
6,Real nfix,NTP,0.6802126200274349,0.7333333333333333,0.2688888888888889,0.39349593495934965,0.7463989081208512,0.1352437969880631
7,Real nfix,Probe,0.6592935528120714,0.5503638452700115,0.6386666666666667,0.5912363711170541,0.7061718468887648,0.11237765878976617
