,Test setting,Type,Accuracy,Precision,Recall,F1,AUROC,ECE
0,Syn. pond,NTP,0.7365800865800866,0.5907813378302417,0.6824675324675324,0.6333232901476348,0.8095394459436667,0.11813451322011748
1,Syn. pond,Probe,0.7367965367965368,0.6208955223880597,0.5402597402597402,0.5777777777777777,0.7801619160060719,0.05527715465094447
2,Syn. nfix,NTP,0.6844840386043058,0.5555555555555556,0.267260579064588,0.3609022556390978,0.655935486431119,0.07811996295584996
3,Syn. nfix,Probe,0.6926503340757239,0.6223776223776224,0.19821826280623608,0.30067567567567566,0.682223798493063,0.0862096235061238
4,Real pond,NTP,0.688430280339695,0.7393354288280197,0.5939754689754689,0.6587317463492698,0.7818433249240536,0.08182506213228002
5,Real pond,Probe,0.6036891608072322,0.6215179652805813,0.5553751803751804,0.5865879215088589,0.6665963446988045,0.06581335043551131
6,Real nfix,NTP,0.8008966244725738,0.605875152998776,0.5334051724137931,0.5673352435530087,0.8653722714192832,0.10562958300086742
7,Real nfix,Probe,0.7565928270042194,0.5095057034220533,0.14439655172413793,0.22502099076406384,0.622678524128299,0.048022516102843395
