,Test setting,Type,Accuracy,Precision,Recall,F1,AUROC,ECE
0,Syn. pond,NTP,0.7461038961038962,0.7818740399385561,0.33051948051948055,0.464628023733455,0.8095394459436667,0.07114006391014839
1,Syn. pond,Probe,0.7367965367965368,0.6208955223880597,0.5402597402597402,0.5777777777777777,0.7801619160060719,0.05527715465094447
2,Syn. nfix,NTP,0.680029695619896,0.7045454545454546,0.06904231625835189,0.1257606490872211,0.655935486431119,0.18402592859278644
3,Syn. nfix,Probe,0.6926503340757239,0.6223776223776224,0.19821826280623608,0.30067567567567566,0.6822225584198491,0.0862096235061238
4,Real pond,NTP,0.6244178613825222,0.7918523233609166,0.24731610337972168,0.3769125890016664,0.7387654817589985,0.18437699461521642
5,Real pond,Probe,0.5987581042827139,0.5641905530884134,0.5556660039761432,0.5598958333333333,0.6468921482085364,0.06880093723206102
6,Real nfix,NTP,0.8328059071729957,0.5879120879120879,0.16066066066066065,0.2523584905660377,0.758828646304654,0.02671562517548122
7,Real nfix,Probe,0.7982594936708861,0.311787072243346,0.12312312312312312,0.17653390742734124,0.5719750460633378,0.11429582412382053
