,Test setting,Type,Accuracy,Precision,Recall,F1,AUROC,ECE
0,Syn. pond,NTP,0.7461038961038962,0.7818740399385561,0.33051948051948055,0.464628023733455,0.8095394459436667,0.07114006391014839
1,Syn. pond,Probe,0.8244588744588744,0.7647058823529411,0.6837662337662338,0.7219746314706891,0.8974696407488616,0.04785980912530117
2,Syn. nfix,NTP,0.680029695619896,0.7045454545454546,0.06904231625835189,0.1257606490872211,0.655935486431119,0.18402592859278644
3,Syn. nfix,Probe,0.6666666666666666,0.5,0.29398663697104677,0.3702664796633941,0.6500277776399919,0.07921927603123574
4,Real pond,NTP,0.6384411835458264,0.8443627450980392,0.3336561743341404,0.47830614370010416,0.7985822851031716,0.19889620917188108
5,Real pond,Probe,0.684628337743565,0.6404619970193741,0.8324455205811138,0.7239418825015792,0.7794790716623688,0.10907709980245162
6,Real nfix,NTP,0.7536008230452675,0.5495750708215298,0.13179347826086957,0.21260273972602742,0.6590971841344236,0.09418169717217856
7,Real nfix,Probe,0.4046639231824417,0.26042165788212746,0.7384510869565217,0.3850513637973787,0.5291259473474272,0.3785249313334376
