,Test setting,Type,Accuracy,Precision,Recall,F1,AUROC,ECE
0,Syn. pond,NTP,0.754978354978355,0.6513353115727003,0.5701298701298702,0.6080332409972299,0.8095394459436667,0.04948967289989649
1,Syn. pond,Probe,0.8244588744588744,0.7647058823529411,0.6837662337662338,0.7219746314706891,0.8974696407488616,0.04785980912530117
2,Syn. nfix,NTP,0.682256867112101,0.5813953488372093,0.16703786191536749,0.25951557093425603,0.655935486431119,0.13597492887341547
3,Syn. nfix,Probe,0.6666666666666666,0.5,0.29398663697104677,0.3702664796633941,0.650026537566778,0.07921927603123574
4,Real pond,NTP,0.6904017320182824,0.8580508474576272,0.5280312907431551,0.6537530266343825,0.8237144363769875,0.14623397288906081
5,Real pond,Probe,0.7048352177050757,0.7000745156482862,0.8166014776184267,0.7538615847542628,0.7833838642119619,0.06019834364951681
6,Real nfix,NTP,0.7928669410150891,0.6836363636363636,0.37326273990734615,0.4828767123287672,0.8459357138907749,0.06371807265573759
7,Real nfix,Probe,0.4645061728395062,0.3068998562529947,0.8477829252150894,0.4506596306068602,0.6361991542083351,0.3623218485055728
