,Test setting,Type,Accuracy,Precision,Recall,F1,AUROC,ECE
0,Syn. pond,NTP,0.754978354978355,0.6513353115727003,0.5701298701298702,0.6080332409972299,0.8095394459436667,0.04948967289989649
1,Syn. pond,Probe,0.8244588744588744,0.7647058823529411,0.6837662337662338,0.7219746314706891,0.8974696407488616,0.04785980912530117
2,Syn. nfix,NTP,0.682256867112101,0.5813953488372093,0.16703786191536749,0.25951557093425603,0.655935486431119,0.13597492887341547
3,Syn. nfix,Probe,0.6666666666666666,0.5,0.29398663697104677,0.3702664796633941,0.6500277776399919,0.07921927603123574
4,Real pond,NTP,0.6836661053644455,0.8665254237288136,0.5214619634509138,0.6511010878217035,0.8263603900478985,0.15821746203925283
5,Real pond,Probe,0.7096463796006736,0.7134873323397913,0.8138546536336592,0.760373238038515,0.7842695978055093,0.054424949374799476
6,Real nfix,NTP,0.6802126200274349,0.7333333333333333,0.2688888888888889,0.39349593495934965,0.7463989081208512,0.1352437969880631
7,Real nfix,Probe,0.5504115226337448,0.45543842836607573,0.8448888888888889,0.5918430884184308,0.68385904832806,0.23560717086496924
