Train dataset,Test dataset,Method,Fit sample,Recalibration,coef,intercept,N,Label rate,Train prevalence,Raw mean prob,Scaled mean prob
pond,pond,probe,0,platt_fit,0.7492456515465552,-1.231560488233146,100,0.41,0.4985203973789896,0.6531848020400894,0.4100338119822875
pond,pond,ntp,0,platt_fit,0.3808528367047587,-0.916606497779884,100,0.41,0.4985203973789896,0.6030539694155727,0.41000524737982635
pond,pond,probe,1,platt_fit,0.889506151224365,-0.9965958432402285,100,0.39,0.4985203973789896,0.5385564865248085,0.38999949489758456
pond,pond,ntp,1,platt_fit,0.5206008710024018,-0.952413456681407,100,0.39,0.4985203973789896,0.5501404209827562,0.3899946140676896
pond,pond,probe,2,platt_fit,0.6132249294603613,-0.6017607743886595,100,0.51,0.4985203973789896,0.6914205441888492,0.5099524734119246
pond,pond,ntp,2,platt_fit,0.35268592622275613,-0.3090027498896438,100,0.51,0.4985203973789896,0.5832747430563142,0.5099937862183981
pond,pond,probe,3,platt_fit,0.6653541678003206,-1.4800773042126398,100,0.25,0.4985203973789896,0.45069757652512293,0.24999318150661887
pond,pond,ntp,3,platt_fit,0.6130835001266977,-1.8557511993979499,100,0.25,0.4985203973789896,0.5339691928897782,0.25000417910502776
pond,pond,probe,4,platt_fit,1.0205281320572692,0.05927969469779099,100,0.55,0.4985203973789896,0.5385621438008331,0.5499900253765344
pond,pond,ntp,4,platt_fit,0.5555234185768234,0.008661495699714456,100,0.55,0.4985203973789896,0.5225689344578016,0.5500414048901945
pond,pond,probe,5,platt_fit,0.8935476033294129,-0.9550355484535664,100,0.32,0.4985203973789896,0.4607341992219481,0.3200021246468262
pond,pond,ntp,5,platt_fit,0.5664343807246887,-1.0027817628179987,100,0.32,0.4985203973789896,0.48280313174246037,0.32000138944556616
pond,pond,probe,6,platt_fit,0.595937044026009,-1.0126400458514153,100,0.38,0.4985203973789896,0.6169508147734041,0.38000746697765814
pond,pond,ntp,6,platt_fit,0.39058852206321953,-1.168566989026562,100,0.38,0.4985203973789896,0.626912964616045,0.3800060802461856
pond,pond,probe,7,platt_fit,1.0537280842145536,-0.6489410076270243,100,0.47,0.4985203973789896,0.5798935206838335,0.4699997645245623
pond,pond,ntp,7,platt_fit,0.5804219435538243,-0.642957685518716,100,0.47,0.4985203973789896,0.5743364568266849,0.469986685486699
pond,pond,probe,8,platt_fit,0.7333995397682956,-0.5169692000477555,100,0.46,0.4985203973789896,0.552932293846081,0.46000562690565583
pond,pond,ntp,8,platt_fit,0.6093014356334201,-0.5333525251357382,100,0.46,0.4985203973789896,0.5468793019444373,0.45999931370630653
pond,pond,probe,9,platt_fit,0.9796812925214765,-1.407009605342244,100,0.37,0.4985203973789896,0.5989162518425053,0.3700276466733085
pond,pond,ntp,9,platt_fit,0.46668911575841954,-0.9153034081223165,100,0.37,0.4985203973789896,0.5348029788698704,0.37000437863779045
pond,pond,probe,10,platt_fit,0.813021911011062,-0.9107609703390609,100,0.44,0.4985203973789896,0.6230130464288329,0.440011384129011
pond,pond,ntp,10,platt_fit,0.3653795574124706,-0.6298242109493105,100,0.44,0.4985203973789896,0.5704761827297784,0.4400155374564338
pond,pond,probe,11,platt_fit,0.8285919763035179,-0.30427235548454645,100,0.51,0.4985203973789896,0.5744397565924945,0.5100134480775474
pond,pond,ntp,11,platt_fit,0.4269436996081507,-0.19321660653094908,100,0.51,0.4985203973789896,0.5320283042198866,0.5100339297213101
pond,pond,probe,12,platt_fit,0.5673029199243809,-0.6427229502320922,100,0.4,0.4985203973789896,0.537540008169928,0.3999987117655943
pond,pond,ntp,12,platt_fit,0.4061588884999028,-0.8289894287829682,100,0.4,0.4985203973789896,0.5610146504327892,0.4000362214813332
pond,pond,probe,13,platt_fit,0.777773381282044,-0.5622794187295749,100,0.51,0.4985203973789896,0.6434428963757844,0.5100122277151037
pond,pond,ntp,13,platt_fit,0.5257536885778004,-0.4413544247364087,100,0.51,0.4985203973789896,0.5848946323280048,0.5100010309017158
pond,pond,probe,14,platt_fit,0.8426526937812283,-1.434460164574257,100,0.31,0.4985203973789896,0.5321929185088254,0.31000329766474366
pond,pond,ntp,14,platt_fit,0.5094678315322086,-1.5282264435219157,100,0.31,0.4985203973789896,0.5717471664067714,0.3100465819152205
pond,pond,probe,15,platt_fit,1.171220941924198,-0.5362917809308567,100,0.49,0.4985203973789896,0.5706939740970614,0.4899035120667442
pond,pond,ntp,15,platt_fit,0.49007061595068924,-0.4468866664076998,100,0.49,0.4985203973789896,0.5658571783281378,0.4900002150125392
pond,pond,probe,16,platt_fit,0.8115133327832845,-0.37806466670970107,100,0.56,0.4985203973789896,0.6514445072019888,0.560016323555067
pond,pond,ntp,16,platt_fit,0.6113346398373126,-0.17388891167151976,100,0.56,0.4985203973789896,0.5821833181792865,0.5600212347962404
pond,pond,probe,17,platt_fit,0.8091093618546183,-1.4903048328931672,100,0.31,0.4985203973789896,0.5507930385731156,0.3100027646485858
pond,pond,ntp,17,platt_fit,0.676976346316385,-1.5309041518207553,100,0.31,0.4985203973789896,0.5439696732108589,0.31000979184792526
pond,pond,probe,18,platt_fit,1.012889471872942,-1.185100287395026,100,0.41,0.4985203973789896,0.5743700107434582,0.40999177109063956
pond,pond,ntp,18,platt_fit,0.4449556053263972,-0.8158222659013243,100,0.41,0.4985203973789896,0.5594946641456737,0.4099994704577097
pond,pond,probe,19,platt_fit,0.8149099163756605,-1.275251838025505,100,0.39,0.4985203973789896,0.6325916479920084,0.39005079366799317
pond,pond,ntp,19,platt_fit,0.40480270067836255,-1.0331531881820297,100,0.39,0.4985203973789896,0.6000482751255857,0.39000418453784297
pond,pond,probe,20,platt_fit,0.8815105671906996,-0.058183146379004166,100,0.47,0.4985203973789896,0.478270386757813,0.47000383513087374
pond,pond,ntp,20,platt_fit,0.5509844278030768,-0.6060094269944728,100,0.47,0.4985203973789896,0.5714462787021468,0.4699341520036951
pond,pond,probe,21,platt_fit,0.7986755043843711,-1.3699025851991484,100,0.3,0.4985203973789896,0.501733583296265,0.2999967934233346
pond,pond,ntp,21,platt_fit,0.5707260472170345,-1.5883072683375148,100,0.3,0.4985203973789896,0.5521716444239663,0.3000053305535795
pond,pond,probe,22,platt_fit,0.8051094826721465,-0.16260097552128958,100,0.59,0.4985203973789896,0.6417954207051533,0.5900000273407501
pond,pond,ntp,22,platt_fit,0.5260308621862541,0.1794358269446481,100,0.59,0.4985203973789896,0.5366485890343519,0.5899961528293496
pond,pond,probe,23,platt_fit,0.5798851434725758,-1.1304718102409463,100,0.32,0.4985203973789896,0.516598721435744,0.3199837057540642
pond,pond,ntp,23,platt_fit,0.4563536475250745,-1.5101628971592267,100,0.32,0.4985203973789896,0.5909646036644173,0.32002090084188495
pond,pond,probe,24,platt_fit,0.7135789436292735,-0.35334566451025934,100,0.51,0.4985203973789896,0.6017525308469054,0.5100134955197342
pond,pond,ntp,24,platt_fit,0.38194336511035515,-0.34422006736553845,100,0.51,0.4985203973789896,0.5712410258188835,0.509995977020421
pond,pond,probe,25,platt_fit,0.73223721600795,-0.5772320981826732,100,0.36,0.4985203973789896,0.45854265003542233,0.360040943823318
pond,pond,ntp,25,platt_fit,0.44699062611501333,-0.8038881429242583,100,0.36,0.4985203973789896,0.4960576620810074,0.36000151170135686
pond,pond,probe,26,platt_fit,0.6075215534135541,-0.6823545756110309,100,0.47,0.4985203973789896,0.6509640999481072,0.4699878775237273
pond,pond,ntp,26,platt_fit,0.4482556841772589,-0.5328161408815226,100,0.47,0.4985203973789896,0.5706004541935552,0.4699904480653543
pond,pond,probe,27,platt_fit,0.8003873402580858,-1.395077902360876,100,0.3,0.4985203973789896,0.5191827489985408,0.29999580428108025
pond,pond,ntp,27,platt_fit,0.5848005382799315,-1.658636587169717,100,0.3,0.4985203973789896,0.5597240429603696,0.30001090607900555
pond,pond,probe,28,platt_fit,0.9419252895266457,-0.6344863437721234,100,0.53,0.4985203973789896,0.6564001917464232,0.5300002136713318
pond,pond,ntp,28,platt_fit,0.4878917434899447,-0.20643386038599804,100,0.53,0.4985203973789896,0.5609225957571129,0.530097262543373
pond,pond,probe,29,platt_fit,0.41876607433127927,-0.8665383337712969,100,0.36,0.4985203973789896,0.6107558998307556,0.3600253299635438
pond,pond,ntp,29,platt_fit,0.28009181688868867,-0.8162831951646374,100,0.36,0.4985203973789896,0.5290057700148108,0.3600124883781741
pond,pond,probe,30,platt_fit,0.5240772551016155,0.09951488742776332,100,0.58,0.4985203973789896,0.5911131604573658,0.5799986159437316
pond,pond,ntp,30,platt_fit,0.3027203007250984,0.010193160065748483,100,0.58,0.4985203973789896,0.5954915779904041,0.5799899869746844
pond,pond,probe,31,platt_fit,0.6659662257884214,-0.7373675865670922,100,0.37,0.4985203973789896,0.49633737990478743,0.3700099937268773
pond,pond,ntp,31,platt_fit,0.5102982845581707,-1.0850142355003216,100,0.37,0.4985203973789896,0.55202979983479,0.3700073834506172
pond,pond,probe,32,platt_fit,0.7304668733564339,-0.5963658471692534,100,0.43,0.4985203973789896,0.5555711276002377,0.43000228162144666
pond,pond,ntp,32,platt_fit,0.17156759469229185,-0.4228612335010126,100,0.43,0.4985203973789896,0.5375350537470599,0.43004790576363705
pond,pond,probe,33,platt_fit,0.8622485009517697,-1.0069254340059,100,0.42,0.4985203973789896,0.5981317598541741,0.4200292455234277
pond,pond,ntp,33,platt_fit,0.4535111048267429,-0.6518857467723814,100,0.42,0.4985203973789896,0.5360625682073997,0.41999852709605173
pond,pond,probe,34,platt_fit,0.8944111318877618,-0.6643619314748699,100,0.46,0.4985203973789896,0.5680797548217884,0.46002061563489716
pond,pond,ntp,34,platt_fit,0.5688406784583084,-0.7575096577724526,100,0.46,0.4985203973789896,0.5837047734389813,0.4599986330923553
pond,pond,probe,35,platt_fit,0.921617422706066,-1.7254711667887253,100,0.31,0.4985203973789896,0.5935971363429025,0.31003326646026275
pond,pond,ntp,35,platt_fit,0.3570868222859857,-1.3078119334776943,100,0.31,0.4985203973789896,0.5695959758939577,0.31000232261895194
pond,pond,probe,36,platt_fit,0.9573127847606796,-1.050556047539801,100,0.48,0.4985203973789896,0.6753713427890186,0.48000702179072663
pond,pond,ntp,36,platt_fit,0.6066400339342523,-0.5063690179940826,100,0.48,0.4985203973789896,0.5578300676439957,0.4800121869420576
pond,pond,probe,37,platt_fit,0.6786644043338774,-0.6582923144439453,100,0.4,0.4985203973789896,0.5295641352754908,0.4000019419071483
pond,pond,ntp,37,platt_fit,0.42648209980745805,-0.6780636100927836,100,0.4,0.4985203973789896,0.51181802333855,0.39998143618041043
pond,pond,probe,38,platt_fit,0.8098210783226834,-0.9255508774571611,100,0.36,0.4985203973789896,0.5295195644331747,0.3600029842246966
pond,pond,ntp,38,platt_fit,0.297884764115595,-0.9014543838771477,100,0.36,0.4985203973789896,0.5504331148948122,0.3600224992485771
pond,pond,probe,39,platt_fit,0.5840239476686183,-1.1676622301583086,100,0.25,0.4985203973789896,0.4347454827206617,0.24999125849326287
pond,pond,ntp,39,platt_fit,0.49679302607580944,-1.3604257809238784,100,0.25,0.4985203973789896,0.47688309171782156,0.2499997377079799
pond,pond,probe,40,platt_fit,0.9071490889761794,-1.1135837576149668,100,0.46,0.4985203973789896,0.6839494263065251,0.4600012724258131
pond,pond,ntp,40,platt_fit,0.41454844689463377,-0.6970961941314945,100,0.46,0.4985203973789896,0.6038206999618521,0.4599977520765396
pond,pond,probe,41,platt_fit,0.7689838248938174,-0.5149772465688315,100,0.46,0.4985203973789896,0.5624645996043831,0.4600031893204333
pond,pond,ntp,41,platt_fit,0.5168742522831725,-0.49527183518818696,100,0.46,0.4985203973789896,0.5381615905887029,0.459999734799635
pond,pond,probe,42,platt_fit,0.9112267208958733,-1.0052372711068125,100,0.42,0.4985203973789896,0.599890563291427,0.4200062002453804
pond,pond,ntp,42,platt_fit,0.48403304511321216,-0.8954317402485525,100,0.42,0.4985203973789896,0.5955966356057117,0.4199985493630419
pond,pond,probe,43,platt_fit,0.7920123174726531,-0.591058178919784,100,0.53,0.4985203973789896,0.6686528522321683,0.5300002462161592
pond,pond,ntp,43,platt_fit,0.2666371333516233,-0.16598765261587992,100,0.53,0.4985203973789896,0.591553588250641,0.5299993075103762
pond,pond,probe,44,platt_fit,0.44650038850253265,-0.8257310964837982,100,0.36,0.4985203973789896,0.5760291438586836,0.3600085542891114
pond,pond,ntp,44,platt_fit,0.20964553306776315,-0.7531921201461963,100,0.36,0.4985203973789896,0.5416471321799398,0.3600013718235842
pond,pond,probe,45,platt_fit,0.38387285691607054,0.09051603977799161,100,0.62,0.4985203973789896,0.7044272652052436,0.6199996958424205
pond,pond,ntp,45,platt_fit,0.1659266012460926,0.2887760830191332,100,0.62,0.4985203973789896,0.6083516128869746,0.6199957385370558
pond,pond,probe,46,platt_fit,0.8047786292599048,-1.3142917193053867,100,0.37,0.4985203973789896,0.6212940591082609,0.3700505116575691
pond,pond,ntp,46,platt_fit,0.43720989434134977,-1.273096666903323,100,0.37,0.4985203973789896,0.6232079626291892,0.3700078502692255
pond,pond,probe,47,platt_fit,0.5481546668591221,-0.9226511120255663,100,0.38,0.4985203973789896,0.610022886360876,0.38002440627304424
pond,pond,ntp,47,platt_fit,0.3087520665416607,-0.8940006859235947,100,0.38,0.4985203973789896,0.5931761481141058,0.3800215006463565
pond,pond,probe,48,platt_fit,0.9657975324250467,-0.587358573097392,100,0.41,0.4985203973789896,0.500791421456241,0.41006013069038266
pond,pond,ntp,48,platt_fit,0.48402347292035813,-0.8150513091769057,100,0.41,0.4985203973789896,0.5552904991008528,0.4100743231808536
pond,pond,probe,49,platt_fit,0.9956737459229535,-1.525834273842738,100,0.27,0.4985203973789896,0.4742850681942458,0.27002629613698104
pond,pond,ntp,49,platt_fit,0.6044626468152292,-1.54384907387281,100,0.27,0.4985203973789896,0.5059752424067917,0.26999849757598793
pond,pond,probe,50,platt_fit,0.8956282478646961,-1.0557295660765469,100,0.41,0.4985203973789896,0.5707665112365151,0.409998930121858
pond,pond,ntp,50,platt_fit,0.5783262929901404,-1.1077736784811356,100,0.41,0.4985203973789896,0.586646724737258,0.40999544339226995
pond,pond,probe,51,platt_fit,0.6546572932233101,-0.7118594576389593,100,0.41,0.4985203973789896,0.5751434281829071,0.41000377882103334
pond,pond,ntp,51,platt_fit,0.2660205434303951,-0.601349783293274,100,0.41,0.4985203973789896,0.5472654925849316,0.41000406254669597
pond,pond,probe,52,platt_fit,0.35683823226580197,-0.5374803291499379,100,0.47,0.4985203973789896,0.7138355079655642,0.4699992129895884
pond,pond,ntp,52,platt_fit,0.3894124420548439,-0.5843678434569083,100,0.47,0.4985203973789896,0.5952726840552041,0.46999738478900066
pond,pond,probe,53,platt_fit,0.6065365930102844,-0.4297586363723063,100,0.47,0.4985203973789896,0.5862422284931936,0.46999821602225417
pond,pond,ntp,53,platt_fit,0.5428685894183961,-0.679708648207757,100,0.47,0.4985203973789896,0.5867168800008234,0.4699990603290262
pond,pond,probe,54,platt_fit,0.6607766150968022,-0.34125557725947314,100,0.5,0.4985203973789896,0.5843366407906287,0.499995572670063
pond,pond,ntp,54,platt_fit,0.34778770807291504,-0.5624613665620509,100,0.5,0.4985203973789896,0.634852279808628,0.4999902671295712
pond,pond,probe,55,platt_fit,0.9434942073569137,-1.3951008390062354,100,0.4,0.4985203973789896,0.6736825565407962,0.4000022702271405
pond,pond,ntp,55,platt_fit,0.40542289061182213,-0.8481468060192973,100,0.4,0.4985203973789896,0.5705913777690587,0.40003748905705794
pond,pond,probe,56,platt_fit,0.4298857988513797,-1.0208694891652972,100,0.33,0.4985203973789896,0.583145878473263,0.3300060886931034
pond,pond,ntp,56,platt_fit,0.41474670089422355,-1.1760297291629225,100,0.33,0.4985203973789896,0.566249448242957,0.3300875394805798
pond,pond,probe,57,platt_fit,0.5260797763687646,-0.8506772559907266,100,0.42,0.4985203973789896,0.6576501755991409,0.4199962562978547
pond,pond,ntp,57,platt_fit,0.335968674794147,-0.7818730717584305,100,0.42,0.4985203973789896,0.5968032338829845,0.42006578141225454
pond,pond,probe,58,platt_fit,0.6322983952588154,-0.9594109093000275,100,0.36,0.4985203973789896,0.5575955073666437,0.36000554609459934
pond,pond,ntp,58,platt_fit,0.4137658016300472,-0.9072520271187966,100,0.36,0.4985203973789896,0.5255318439175042,0.36003021883640174
pond,pond,probe,59,platt_fit,0.7639538724215893,-0.7281390794651081,100,0.44,0.4985203973789896,0.5814305559517708,0.4400083226416942
pond,pond,ntp,59,platt_fit,0.4926082370623301,-0.771235111257354,100,0.44,0.4985203973789896,0.5829707169228372,0.44001067623643647
pond,pond,probe,60,platt_fit,0.6297643417796254,-0.6102570583804647,100,0.46,0.4985203973789896,0.6307011231637473,0.4600021744310193
pond,pond,ntp,60,platt_fit,0.2216920483224497,-0.3849359385099075,100,0.46,0.4985203973789896,0.5636794540190225,0.4599978908634929
pond,pond,probe,61,platt_fit,0.44984848723991866,-0.9691017413936408,100,0.33,0.4985203973789896,0.5868441108622029,0.3300101623914783
pond,pond,ntp,61,platt_fit,0.09869444736247258,-0.7914518208338841,100,0.33,0.4985203973789896,0.5305423634629036,0.330007977618533
pond,pond,probe,62,platt_fit,0.7514375477591988,-0.9072536448796269,100,0.38,0.4985203973789896,0.5285283750425097,0.3799919935432702
pond,pond,ntp,62,platt_fit,0.7085160862406066,-1.467264205088976,100,0.38,0.4985203973789896,0.5969487437161481,0.3800624951745944
pond,pond,probe,63,platt_fit,0.6139095640861568,-0.5892982471782424,100,0.5,0.4985203973789896,0.674500181639253,0.499996667829396
pond,pond,ntp,63,platt_fit,0.3784563345332053,-0.36167896557077517,100,0.5,0.4985203973789896,0.5767347523930796,0.49999836126486336
pond,pond,probe,64,platt_fit,0.7151465645455902,-0.31216104557962027,100,0.54,0.4985203973789896,0.6198582237924564,0.5400034827081654
pond,pond,ntp,64,platt_fit,0.47558419119030587,-0.49982016127345075,100,0.54,0.4985203973789896,0.6397096743224906,0.5400002791350861
pond,pond,probe,65,platt_fit,0.680331698538084,-0.3359069702585518,100,0.45,0.4985203973789896,0.5173184897043914,0.44999726232722814
pond,pond,ntp,65,platt_fit,0.7564072649818007,-0.5133409803925882,100,0.45,0.4985203973789896,0.5330447463196903,0.4500389676173148
pond,pond,probe,66,platt_fit,1.124802378832298,-0.7712080906158195,100,0.45,0.4985203973789896,0.5498379379515067,0.4500012047937397
pond,pond,ntp,66,platt_fit,0.7404490020057853,-0.6277700273046085,100,0.45,0.4985203973789896,0.5432344076132609,0.45003556451832716
pond,pond,probe,67,platt_fit,1.0541442739074636,-1.1224866159848697,100,0.43,0.4985203973789896,0.6349726027086425,0.43000395036731115
pond,pond,ntp,67,platt_fit,0.5132015058390003,-0.5808710390303697,100,0.43,0.4985203973789896,0.5298555787722894,0.4300008392579472
pond,pond,probe,68,platt_fit,0.9184301714112622,-0.9372099022100956,100,0.42,0.4985203973789896,0.5454151313604158,0.41999637391218253
pond,pond,ntp,68,platt_fit,0.6285883141818825,-1.1228458062389628,100,0.42,0.4985203973789896,0.5919991453409881,0.4199929133659688
pond,pond,probe,69,platt_fit,0.84661792926419,-0.4100380667093711,100,0.49,0.4985203973789896,0.5663807493017808,0.4900262228248854
pond,pond,ntp,69,platt_fit,0.5322415955027363,-0.41000926989506287,100,0.49,0.4985203973789896,0.5502547626953023,0.48995311779395684
pond,pond,probe,70,platt_fit,0.5328151188458302,-0.7773151109274938,100,0.4,0.4985203973789896,0.6159709455532576,0.4000109403224468
pond,pond,ntp,70,platt_fit,0.26156560589655636,-0.5822188690632939,100,0.4,0.4985203973789896,0.5256625498996442,0.40000222780370065
pond,pond,probe,71,platt_fit,0.565507125469985,-0.4980961897725982,100,0.41,0.4985203973789896,0.5131456316081274,0.40999819570813323
pond,pond,ntp,71,platt_fit,0.4403819780624222,-0.6859556865387687,100,0.41,0.4985203973789896,0.5317223963115074,0.4099983823427754
pond,pond,probe,72,platt_fit,0.92461012923838,-0.22104632416960493,100,0.56,0.4985203973789896,0.6062652507837508,0.5599998653455348
pond,pond,ntp,72,platt_fit,0.44337252008906525,-0.15360031168541907,100,0.56,0.4985203973789896,0.5942759798354007,0.5600073365851036
pond,pond,probe,73,platt_fit,1.0044016301176018,-0.98762081359573,100,0.45,0.4985203973789896,0.5998482801792886,0.4500210041295283
pond,pond,ntp,73,platt_fit,0.532179446237327,-0.7321679585964461,100,0.45,0.4985203973789896,0.5790600024991838,0.4499969729069544
pond,pond,probe,74,platt_fit,0.7574156389681185,-0.5007301165626973,100,0.41,0.4985203973789896,0.49846845776681903,0.4100021240526094
pond,pond,ntp,74,platt_fit,0.42717195414303766,-0.7312746626812779,100,0.41,0.4985203973789896,0.5458510990172731,0.41000624564013116
pond,pond,probe,75,platt_fit,0.4698762399929666,-0.40352406417135234,100,0.53,0.4985203973789896,0.712486295634494,0.5299971595001182
pond,pond,ntp,75,platt_fit,0.2648304548099022,-0.19271424785361355,100,0.53,0.4985203973789896,0.6154127981838655,0.5299637046250383
pond,pond,probe,76,platt_fit,0.6262815203554847,-0.24088639247322147,100,0.48,0.4985203973789896,0.541897405781025,0.4799977796105677
pond,pond,ntp,76,platt_fit,0.3574592652674621,-0.4426283552188094,100,0.48,0.4985203973789896,0.5631273187579642,0.4799975222473482
pond,pond,probe,77,platt_fit,0.6635889792342696,-1.277972051512636,100,0.39,0.4985203973789896,0.7177732701014691,0.39000280938844045
pond,pond,ntp,77,platt_fit,0.5083021702849282,-0.9585197792543371,100,0.39,0.4985203973789896,0.5787281956212124,0.3899971434476636
pond,pond,probe,78,platt_fit,0.5476469138032648,-0.2983819986872513,100,0.53,0.4985203973789896,0.6476272746306946,0.5299872818780815
pond,pond,ntp,78,platt_fit,0.46381672289580483,-0.3660860915164368,100,0.53,0.4985203973789896,0.6057755110480542,0.5300222279417633
pond,pond,probe,79,platt_fit,0.8647358870513308,-0.6754907638905868,100,0.4,0.4985203973789896,0.4955654822480934,0.40003568620758295
pond,pond,ntp,79,platt_fit,0.6673801296607893,-0.9486321661680883,100,0.4,0.4985203973789896,0.5492176476027266,0.40000103222955
pond,pond,probe,80,platt_fit,0.6684548311227256,-0.550397357670249,100,0.46,0.4985203973789896,0.5979994106326131,0.46000069739715654
pond,pond,ntp,80,platt_fit,0.24084532182199517,-0.355543090206918,100,0.46,0.4985203973789896,0.5504162341997754,0.4599996732537745
pond,pond,probe,81,platt_fit,0.5819627619660911,-0.5408405457846356,100,0.5,0.4985203973789896,0.6762595159932043,0.4999919003136155
pond,pond,ntp,81,platt_fit,0.3569275325537955,-0.5666475015418689,100,0.5,0.4985203973789896,0.6476421649944095,0.4999926977370725
pond,pond,probe,82,platt_fit,0.7392895736740056,-1.7842371946651148,100,0.31,0.4985203973789896,0.6350978057055587,0.31000151331067916
pond,pond,ntp,82,platt_fit,0.5172976279448068,-1.6541162166589602,100,0.31,0.4985203973789896,0.6059049014569822,0.31003628193645966
pond,pond,probe,83,platt_fit,0.9506590244204669,-0.997974176694518,100,0.33,0.4985203973789896,0.4824551761237588,0.33002756545719175
pond,pond,ntp,83,platt_fit,0.37410349776779245,-1.1242542388169046,100,0.33,0.4985203973789896,0.5506527257183094,0.33009486905665264
pond,pond,probe,84,platt_fit,0.9749879987725627,-1.1394606452034246,100,0.39,0.4985203973789896,0.5725964003772172,0.3900172478121654
pond,pond,ntp,84,platt_fit,0.5933932609950548,-1.0423407098183,100,0.39,0.4985203973789896,0.5578822045929429,0.3900005908890842
pond,pond,probe,85,platt_fit,0.7318258071735907,-0.010774326945498978,100,0.62,0.4985203973789896,0.6471605124475269,0.6200010274400359
pond,pond,ntp,85,platt_fit,0.4163107804201247,-0.01604689205062734,100,0.62,0.4985203973789896,0.6381237935936298,0.6200005037108819
pond,pond,probe,86,platt_fit,0.709543189427971,-0.8458111116386849,100,0.47,0.4985203973789896,0.6680934250561851,0.4699648885127396
pond,pond,ntp,86,platt_fit,0.5784830191024628,-0.6351973841928711,100,0.47,0.4985203973789896,0.5710836812473874,0.4699862882317526
pond,pond,probe,87,platt_fit,0.8646327656720747,-0.8435435811551963,100,0.58,0.4985203973789896,0.7516628963616568,0.5799682324980595
pond,pond,ntp,87,platt_fit,0.3845753347792239,-0.3763766188993719,100,0.58,0.4985203973789896,0.6898930863328515,0.5799921922741922
pond,pond,probe,88,platt_fit,0.8823872685319074,-0.7152547617077667,100,0.43,0.4985203973789896,0.5263256378130257,0.43003524324221426
pond,pond,ntp,88,platt_fit,0.6451154141041103,-1.0230146972621454,100,0.43,0.4985203973789896,0.5868257664240629,0.43000565327788826
pond,pond,probe,89,platt_fit,0.9389282608703743,-0.891328965948807,100,0.42,0.4985203973789896,0.5479199096853118,0.42006444937558257
pond,pond,ntp,89,platt_fit,0.6165673023086519,-0.7470018223476752,100,0.42,0.4985203973789896,0.5371511220071928,0.4200114086831257
pond,pond,probe,90,platt_fit,0.600772794230419,-1.3053560569653821,100,0.33,0.4985203973789896,0.600219472187264,0.3300020152255255
pond,pond,ntp,90,platt_fit,0.4897504463827997,-1.2196676076281858,100,0.33,0.4985203973789896,0.551365671625737,0.32999302530504854
pond,pond,probe,91,platt_fit,0.5391515676871408,-0.42234836137840215,100,0.43,0.4985203973789896,0.5238518780121267,0.43000677448669644
pond,pond,ntp,91,platt_fit,0.282876890820428,-0.7454485377289439,100,0.43,0.4985203973789896,0.6135856214242247,0.43000185063594737
pond,pond,probe,92,platt_fit,0.6249101919340032,-0.5707848503775069,100,0.34,0.4985203973789896,0.4236247568723705,0.3399994658397111
pond,pond,ntp,92,platt_fit,0.4588153837885251,-1.0671180756944503,100,0.34,0.4985203973789896,0.5295727623541455,0.3399997271646589
pond,pond,probe,93,platt_fit,0.8490457449852433,-1.0590748538146564,100,0.32,0.4985203973789896,0.48353936688550453,0.32000376625366045
pond,pond,ntp,93,platt_fit,0.6443046637947093,-1.3219289701161,100,0.32,0.4985203973789896,0.5282796296226754,0.3200077288735562
pond,pond,probe,94,platt_fit,0.6612476217998813,-0.758959860116462,100,0.48,0.4985203973789896,0.6826163874416536,0.47999455999753166
pond,pond,ntp,94,platt_fit,0.434196289959439,-0.47127527663482593,100,0.48,0.4985203973789896,0.5660816202650125,0.4800055325081706
pond,pond,probe,95,platt_fit,0.5641559564347322,-0.2512311465811225,100,0.53,0.4985203973789896,0.6250815339742991,0.5300008810660818
pond,pond,ntp,95,platt_fit,0.3004460904588494,-0.2706101973732971,100,0.53,0.4985203973789896,0.6127632568492417,0.5300208352226771
pond,pond,probe,96,platt_fit,1.1397806781417061,-0.0987996649984948,100,0.57,0.4985203973789896,0.5788756057152529,0.5699780556853864
pond,pond,ntp,96,platt_fit,0.6454828836672706,-0.04051832539668968,100,0.57,0.4985203973789896,0.5723630792659802,0.5700286917055252
pond,pond,probe,97,platt_fit,0.8155667572533428,-0.4395590868489214,100,0.53,0.4985203973789896,0.619567831833906,0.530008696020883
pond,pond,ntp,97,platt_fit,0.402440604671363,-0.23627859312536956,100,0.53,0.4985203973789896,0.5745721766147242,0.5299980892937445
pond,pond,probe,98,platt_fit,1.0243962929918815,-1.3112241661133903,100,0.46,0.4985203973789896,0.6867529170547096,0.46002337628587275
pond,pond,ntp,98,platt_fit,0.3596694608539382,-0.5802495289819769,100,0.46,0.4985203973789896,0.5853511132948452,0.45999877200059885
pond,pond,probe,99,platt_fit,0.38268280498546403,-0.5026467318061559,100,0.46,0.4985203973789896,0.6609988073938072,0.45999742468113963
pond,pond,ntp,99,platt_fit,0.16258506204265202,-0.34169395456554436,100,0.46,0.4985203973789896,0.5938711243911033,0.460019893616727
pond,nfix,probe,0,platt_fit,0.14780941299263373,-1.2019809038622635,100,0.25,0.4985203973789896,0.6241906631399692,0.250045634000376
pond,nfix,ntp,0,platt_fit,0.5130444942633551,-2.141468956933479,100,0.25,0.4985203973789896,0.6486656157762246,0.25002232282065956
pond,nfix,probe,1,platt_fit,0.4646692800668511,-0.9184673547591792,100,0.35,0.4985203973789896,0.6041607459721688,0.349952546690108
pond,nfix,ntp,1,platt_fit,0.3878686118941008,-1.3160501369442554,100,0.35,0.4985203973789896,0.6436160891760478,0.3500026940199048
pond,nfix,probe,2,platt_fit,0.439489471157066,-1.3490797005939972,100,0.25,0.4985203973789896,0.5679519136509834,0.2499805053722423
pond,nfix,ntp,2,platt_fit,0.5555165581604053,-2.385863490020305,100,0.25,0.4985203973789896,0.6370997635815207,0.25000129438926133
pond,nfix,probe,3,platt_fit,0.8581412914201263,-1.3443871305449018,100,0.24,0.4985203973789896,0.4823169848472498,0.23999763186196812
pond,nfix,ntp,3,platt_fit,0.5557062742584259,-2.2519324577889135,100,0.24,0.4985203973789896,0.5889398393954831,0.2400128755313366
pond,nfix,probe,4,platt_fit,0.5227501195373498,-0.9131303609871657,100,0.36,0.4985203973789896,0.6047443286374093,0.360015459889885
pond,nfix,ntp,4,platt_fit,0.4426827003930637,-1.2369153948664995,100,0.36,0.4985203973789896,0.6199064172645945,0.36000355102175474
pond,nfix,probe,5,platt_fit,0.8612691720878463,-1.0578957604725512,100,0.35,0.4985203973789896,0.5489849059439723,0.35000739687476917
pond,nfix,ntp,5,platt_fit,0.5525998181605475,-1.6819784052270665,100,0.35,0.4985203973789896,0.6321439422857776,0.3500929775044039
pond,nfix,probe,6,platt_fit,0.6398589496467387,-1.1905853235171537,100,0.31,0.4985203973789896,0.564340667170348,0.30999830664970096
pond,nfix,ntp,6,platt_fit,0.4725338358401663,-1.6663061869739597,100,0.31,0.4985203973789896,0.6348962868188458,0.3100259340415341
pond,nfix,probe,7,platt_fit,1.108359550068488,-1.4969360112892474,100,0.23,0.4985203973789896,0.46568935212463797,0.23000903951532561
pond,nfix,ntp,7,platt_fit,0.5742026735927209,-2.237358807199456,100,0.23,0.4985203973789896,0.5847319847582599,0.2300552339420786
pond,nfix,probe,8,platt_fit,0.5186840590679976,-0.9564816400721602,100,0.32,0.4985203973789896,0.5453827952825756,0.31997205857733335
pond,nfix,ntp,8,platt_fit,0.23821135664023352,-1.2287907545445487,100,0.32,0.4985203973789896,0.6559452856858037,0.32000812096839015
pond,nfix,probe,9,platt_fit,0.3528372689221881,-1.4756548458493164,100,0.23,0.4985203973789896,0.6125373378379039,0.22999312559704488
pond,nfix,ntp,9,platt_fit,0.4582062705453593,-1.838500392753607,100,0.23,0.4985203973789896,0.5847451311756341,0.23000471592366145
pond,nfix,probe,10,platt_fit,0.2854782205368011,-1.3822383600821302,100,0.23,0.4985203973789896,0.5704907598813438,0.229991474271796
pond,nfix,ntp,10,platt_fit,0.4450452375884719,-1.830972662553717,100,0.23,0.4985203973789896,0.555145499847058,0.23000893183731033
pond,nfix,probe,11,platt_fit,0.5741697537100459,-1.330340979179184,100,0.26,0.4985203973789896,0.5598541993444546,0.260072026672761
pond,nfix,ntp,11,platt_fit,0.4523287016362974,-2.1400875488141358,100,0.26,0.4985203973789896,0.6902495496323751,0.25999646484771266
pond,nfix,probe,12,platt_fit,0.419125181589311,-1.087032044827125,100,0.29,0.4985203973789896,0.5726420277019958,0.2900001670935712
pond,nfix,ntp,12,platt_fit,0.4122576756945201,-1.7263386621222157,100,0.29,0.4985203973789896,0.6291481330026262,0.29002536726540784
pond,nfix,probe,13,platt_fit,0.5333691033453163,-1.3921739061205647,100,0.27,0.4985203973789896,0.595246081247637,0.26999162456345344
pond,nfix,ntp,13,platt_fit,0.6131271230539018,-1.7375889646547658,100,0.27,0.4985203973789896,0.5776955794561128,0.26999634227997704
pond,nfix,probe,14,platt_fit,0.41417803792558927,-1.4878869137171324,100,0.25,0.4985203973789896,0.6267165495865086,0.24999195830743606
pond,nfix,ntp,14,platt_fit,0.440679782914038,-2.216766099968582,100,0.25,0.4985203973789896,0.6715963504307907,0.2500015130378005
pond,nfix,probe,15,platt_fit,0.7719263295372334,-1.220520664773887,100,0.28,0.4985203973789896,0.5215040127859054,0.28001537369216983
pond,nfix,ntp,15,platt_fit,0.6001559550667722,-2.1699536313912637,100,0.28,0.4985203973789896,0.6297196556764452,0.2800062505707346
pond,nfix,probe,16,platt_fit,0.029908160395270934,-1.2815591770451644,100,0.22,0.4985203973789896,0.6045484810710845,0.220030996897555
pond,nfix,ntp,16,platt_fit,0.5615442152884732,-2.29766539118621,100,0.22,0.4985203973789896,0.6110611339422737,0.22000085801325292
pond,nfix,probe,17,platt_fit,0.45076839308362143,-1.1344404920109645,100,0.3,0.4985203973789896,0.5884934128340191,0.2999464322611836
pond,nfix,ntp,17,platt_fit,0.3496797445933396,-1.440969049694768,100,0.3,0.4985203973789896,0.6202544140252526,0.30003275141995195
pond,nfix,probe,18,platt_fit,0.6796825762636186,-1.5419845055523083,100,0.22,0.4985203973789896,0.5105672350598668,0.2200035272624903
pond,nfix,ntp,18,platt_fit,0.3557195788261853,-2.057658686541227,100,0.22,0.4985203973789896,0.6458933980746151,0.2200225363681884
pond,nfix,probe,19,platt_fit,0.4962820743527053,-1.6549116733193305,100,0.22,0.4985203973789896,0.5994334076367958,0.21998227557161662
pond,nfix,ntp,19,platt_fit,0.5035305157497092,-2.237016718259317,100,0.22,0.4985203973789896,0.6036936050744492,0.2200013555404453
pond,nfix,probe,20,platt_fit,1.0305174692241375,-0.645043687046843,100,0.35,0.4985203973789896,0.46182826841276287,0.34996724448783084
pond,nfix,ntp,20,platt_fit,0.657181160464027,-1.785034459475466,100,0.35,0.4985203973789896,0.6188393443300273,0.35001679271174857
pond,nfix,probe,21,platt_fit,0.17969028512830137,-1.0331833943416355,100,0.28,0.4985203973789896,0.586786288431967,0.2800542782278106
pond,nfix,ntp,21,platt_fit,0.485585338322383,-1.9403018166445631,100,0.28,0.4985203973789896,0.6329374351802148,0.2800804690510901
pond,nfix,probe,22,platt_fit,0.3587925530343867,-1.778279430874856,100,0.17,0.4985203973789896,0.5493832188766983,0.17004121550461285
pond,nfix,ntp,22,platt_fit,0.28318751348826027,-2.163723153250601,100,0.17,0.4985203973789896,0.626735881510906,0.17000512439216492
pond,nfix,probe,23,platt_fit,0.2828953293021358,-0.9935018927796878,100,0.31,0.4985203973789896,0.6019755435669051,0.3099636633555041
pond,nfix,ntp,23,platt_fit,0.28907040387659805,-1.3285394325395343,100,0.31,0.4985203973789896,0.6303887632694659,0.3099741417011988
pond,nfix,probe,24,platt_fit,0.9267142447642289,-1.7882008147958341,100,0.26,0.4985203973789896,0.6045802818143957,0.2600435186656552
pond,nfix,ntp,24,platt_fit,0.6076252040778922,-2.694298298810901,100,0.26,0.4985203973789896,0.6973839989001219,0.26001448927469867
pond,nfix,probe,25,platt_fit,0.9912216495827034,-1.2420191968234469,100,0.24,0.4985203973789896,0.4486093587349251,0.24000287374267196
pond,nfix,ntp,25,platt_fit,0.6532045116544648,-1.9777762039479345,100,0.24,0.4985203973789896,0.5341894703875749,0.23999535471567252
pond,nfix,probe,26,platt_fit,0.42567525471132794,-2.0577860920269364,100,0.17,0.4985203973789896,0.664333252869599,0.16999762402213178
pond,nfix,ntp,26,platt_fit,0.498292159772086,-2.4843690077112353,100,0.17,0.4985203973789896,0.595078993582276,0.16999979478281435
pond,nfix,probe,27,platt_fit,0.16900795368442267,-1.3309773232234745,100,0.23,0.4985203973789896,0.6270912627716924,0.2300920586641979
pond,nfix,ntp,27,platt_fit,0.26761405413965295,-1.6971196678789524,100,0.23,0.4985203973789896,0.6403617487610912,0.23001652733712732
pond,nfix,probe,28,platt_fit,0.3189706896512593,-1.5594780507956325,100,0.24,0.4985203973789896,0.7275652552071198,0.24006779666601147
pond,nfix,ntp,28,platt_fit,0.36164777544104926,-2.103935353336945,100,0.24,0.4985203973789896,0.7216625493344324,0.2400799090941627
pond,nfix,probe,29,platt_fit,0.6219780369258389,-1.413774246242948,100,0.26,0.4985203973789896,0.551181097816172,0.2599970948510183
pond,nfix,ntp,29,platt_fit,0.525985074679062,-2.107066921492071,100,0.26,0.4985203973789896,0.6100814170069593,0.26001843876463465
pond,nfix,probe,30,platt_fit,1.035702760208914,-1.2708364009616064,100,0.29,0.4985203973789896,0.5062089369865531,0.2900547767184661
pond,nfix,ntp,30,platt_fit,0.38709905660770305,-1.6180678115904263,100,0.29,0.4985203973789896,0.6197102815293958,0.2900065141346472
pond,nfix,probe,31,platt_fit,0.9050191170112836,-1.1380888876108193,100,0.27,0.4985203973789896,0.46786006441795136,0.269964831449035
pond,nfix,ntp,31,platt_fit,0.73731165036649,-2.13691387815699,100,0.27,0.4985203973789896,0.5715802700526331,0.2700000316926015
pond,nfix,probe,32,platt_fit,0.6122517858170389,-0.8318274393781411,100,0.36,0.4985203973789896,0.555481532277601,0.36000250877657713
pond,nfix,ntp,32,platt_fit,0.4149417802379519,-1.5367735969250769,100,0.36,0.4985203973789896,0.6902281080357697,0.360005052029532
pond,nfix,probe,33,platt_fit,0.46614773024849,-0.9291744060895011,100,0.31,0.4985203973789896,0.5287382847505021,0.31000126788401305
pond,nfix,ntp,33,platt_fit,0.3063327954479393,-1.4003491913525068,100,0.31,0.4985203973789896,0.6529471981139302,0.3100439461806741
pond,nfix,probe,34,platt_fit,0.4775169716283144,-1.219933729054507,100,0.23,0.4985203973789896,0.47277509607874607,0.2299901300023317
pond,nfix,ntp,34,platt_fit,0.4095377997919735,-1.8097417567467178,100,0.23,0.4985203973789896,0.576127404408989,0.2300190953436341
pond,nfix,probe,35,platt_fit,0.12594243848208564,-0.9412516678040455,100,0.31,0.4985203973789896,0.7061432436210757,0.31000978228161613
pond,nfix,ntp,35,platt_fit,0.47980147555082203,-1.9276744247456934,100,0.31,0.4985203973789896,0.6726753102857858,0.31009879227068315
pond,nfix,probe,36,platt_fit,0.3846430974230812,-0.9121580956543194,100,0.34,0.4985203973789896,0.6091640040258457,0.340000934401481
pond,nfix,ntp,36,platt_fit,0.43224271591084845,-1.4568707426695773,100,0.34,0.4985203973789896,0.6340711989601678,0.34001038324618854
pond,nfix,probe,37,platt_fit,0.47893810534313347,-1.3231982591453162,100,0.22,0.4985203973789896,0.4848019106243149,0.21999035049452498
pond,nfix,ntp,37,platt_fit,0.5560554101945819,-2.2665264331321167,100,0.22,0.4985203973789896,0.5712186009997747,0.22000093038645882
pond,nfix,probe,38,platt_fit,0.857156570039711,-2.118145467587028,100,0.17,0.4985203973789896,0.5605224067249586,0.17003890402417518
pond,nfix,ntp,38,platt_fit,0.5188833252496818,-2.801342787108758,100,0.17,0.4985203973789896,0.6322975660982828,0.16999786497295713
pond,nfix,probe,39,platt_fit,0.21457698198585115,-1.0756382839895564,100,0.28,0.4985203973789896,0.6013365315510371,0.2800030139385383
pond,nfix,ntp,39,platt_fit,0.21916923332342458,-1.3171288953023714,100,0.28,0.4985203973789896,0.6337140761945717,0.2800658860262606
pond,nfix,probe,40,platt_fit,0.3943952068556855,-1.465028237825963,100,0.22,0.4985203973789896,0.5533700391370715,0.2199738339588577
pond,nfix,ntp,40,platt_fit,0.3739599193246211,-1.9566231016610725,100,0.22,0.4985203973789896,0.6204278938363952,0.21999704465701997
pond,nfix,probe,41,platt_fit,0.49366579799094396,-1.331967219235039,100,0.27,0.4985203973789896,0.5804997979695021,0.27005521334073335
pond,nfix,ntp,41,platt_fit,0.4730782485883167,-2.0207965147955806,100,0.27,0.4985203973789896,0.6455274774057432,0.27000851331402476
pond,nfix,probe,42,platt_fit,0.11978002452470728,-1.106414260238947,100,0.26,0.4985203973789896,0.5818989082871795,0.25995740148786073
pond,nfix,ntp,42,platt_fit,0.42298312603823146,-1.676487355575775,100,0.26,0.4985203973789896,0.6077780172482291,0.26002241572199486
pond,nfix,probe,43,platt_fit,0.5233797903877879,-1.7061001196820618,100,0.22,0.4985203973789896,0.6105173413630728,0.2200228392072382
pond,nfix,ntp,43,platt_fit,0.38579056903227366,-2.007022070567624,100,0.22,0.4985203973789896,0.6304946859408713,0.22008653533098216
pond,nfix,probe,44,platt_fit,0.5817574112278409,-1.282869119699958,100,0.26,0.4985203973789896,0.5422354651026515,0.2599587334346338
pond,nfix,ntp,44,platt_fit,0.44796417347656786,-2.030693007831572,100,0.26,0.4985203973789896,0.6459763355837331,0.2600149328579857
pond,nfix,probe,45,platt_fit,0.33264286846865376,-1.1422930884103972,100,0.28,0.4985203973789896,0.5827617969554552,0.2799998082761213
pond,nfix,ntp,45,platt_fit,0.4287989314248727,-1.7122621540987915,100,0.28,0.4985203973789896,0.6231039943771186,0.28000208154626105
pond,nfix,probe,46,platt_fit,0.10795381197407561,-0.9300379066839805,100,0.31,0.4985203973789896,0.7294055771522677,0.31000517468466926
pond,nfix,ntp,46,platt_fit,0.32142206441059423,-1.5107196325708792,100,0.31,0.4985203973789896,0.697249040529026,0.3100039470926448
pond,nfix,probe,47,platt_fit,0.4174151956450302,-1.1364365004397157,100,0.31,0.4985203973789896,0.6298039599941716,0.310001791951629
pond,nfix,ntp,47,platt_fit,0.3569814263811404,-1.6173121911361752,100,0.31,0.4985203973789896,0.6952126210505692,0.3100011704433699
pond,nfix,probe,48,platt_fit,0.4295566693174174,-1.260382333202728,100,0.28,0.4985203973789896,0.600508943159624,0.280029702528952
pond,nfix,ntp,48,platt_fit,0.46277988645857454,-1.8572855798019543,100,0.28,0.4985203973789896,0.6271706923588506,0.2799973231917109
pond,nfix,probe,49,platt_fit,0.4869915540668344,-1.2476291238900377,100,0.25,0.4985203973789896,0.5170042389486347,0.2500064998475343
pond,nfix,ntp,49,platt_fit,0.4338809680305321,-1.9678407170521899,100,0.25,0.4985203973789896,0.6054665741200652,0.2500026070019684
pond,nfix,probe,50,platt_fit,0.4524746443596587,-1.045591362415743,100,0.33,0.4985203973789896,0.6126024120203336,0.33000093431736005
pond,nfix,ntp,50,platt_fit,0.2781348750683148,-1.2635297730186368,100,0.33,0.4985203973789896,0.6565073430858313,0.3300327105466939
pond,nfix,probe,51,platt_fit,0.8846813051682528,-1.509491462448783,100,0.22,0.4985203973789896,0.49406577523553835,0.22000329694754966
pond,nfix,ntp,51,platt_fit,0.4183146547077707,-2.148199756081085,100,0.22,0.4985203973789896,0.6383444073672402,0.2199944492383671
pond,nfix,probe,52,platt_fit,-0.0926325946650882,-0.47138560120825923,100,0.35,0.4985203973789896,0.7991208388124679,0.3499944943574048
pond,nfix,ntp,52,platt_fit,0.21346596327509598,-1.0327442922373753,100,0.35,0.4985203973789896,0.6755812631944913,0.35003395063133963
pond,nfix,probe,53,platt_fit,0.30199371434451977,-1.5520940031576442,100,0.19,0.4985203973789896,0.5246369721865574,0.18995820525433924
pond,nfix,ntp,53,platt_fit,0.5903315881488849,-2.768544577539544,100,0.19,0.4985203973789896,0.601128632312506,0.19000761446387082
pond,nfix,probe,54,platt_fit,0.7847472744976245,-1.910688456429191,100,0.21,0.4985203973789896,0.5873631555954674,0.2100259409192896
pond,nfix,ntp,54,platt_fit,0.5528571616421436,-2.776061200312797,100,0.21,0.4985203973789896,0.6729698984478699,0.2100148608420552
pond,nfix,probe,55,platt_fit,0.3055035688035768,-1.0421981909466518,100,0.32,0.4985203973789896,0.6463985150723605,0.3200001500636362
pond,nfix,ntp,55,platt_fit,0.39334431472458353,-1.3963638536230973,100,0.32,0.4985203973789896,0.6100569826618824,0.3200042626870379
pond,nfix,probe,56,platt_fit,0.2685218875445048,-1.6587304900525797,100,0.19,0.4985203973789896,0.6168069422517931,0.19002170434636426
pond,nfix,ntp,56,platt_fit,0.728195227401975,-3.3185391620561804,100,0.19,0.4985203973789896,0.6440961017886252,0.19000922539209758
pond,nfix,probe,57,platt_fit,0.23929237269263415,-1.274297236549337,100,0.25,0.4985203973789896,0.6187491094077084,0.2500110783991699
pond,nfix,ntp,57,platt_fit,0.3745331497676116,-1.8840973513345298,100,0.25,0.4985203973789896,0.6419763325664738,0.2500036831934782
pond,nfix,probe,58,platt_fit,-0.0849175767490699,-1.0000813440555303,100,0.26,0.4985203973789896,0.6101024515261968,0.2600461511011146
pond,nfix,ntp,58,platt_fit,0.33022290801622517,-1.7722285118553445,100,0.26,0.4985203973789896,0.6445605267815965,0.2600019746281345
pond,nfix,probe,59,platt_fit,0.6716967557379362,-1.0577512381197365,100,0.32,0.4985203973789896,0.5522518753566108,0.3200794505208483
pond,nfix,ntp,59,platt_fit,0.40519141757305255,-1.7865964625184771,100,0.32,0.4985203973789896,0.6989213589438548,0.32003132987309596
pond,nfix,probe,60,platt_fit,0.387148189149683,-1.6228733833172617,100,0.18,0.4985203973789896,0.5210144748378169,0.18002612978296034
pond,nfix,ntp,60,platt_fit,0.29204281151594413,-2.0118012851856446,100,0.18,0.4985203973789896,0.610511196743162,0.1800012289509192
pond,nfix,probe,61,platt_fit,0.6040166576635877,-0.9071555110481428,100,0.3,0.4985203973789896,0.48823291957597903,0.2999982303369221
pond,nfix,ntp,61,platt_fit,0.3541020946866172,-1.5098786549443421,100,0.3,0.4985203973789896,0.6232778851181398,0.3000045473133046
pond,nfix,probe,62,platt_fit,0.478358033924478,-1.6427695530241015,100,0.21,0.4985203973789896,0.5816637095293455,0.2100633923120472
pond,nfix,ntp,62,platt_fit,0.2973073805227198,-1.9065091273318133,100,0.21,0.4985203973789896,0.6459625238028337,0.2100633034069868
pond,nfix,probe,63,platt_fit,0.4837772044986432,-2.229232489583536,100,0.17,0.4985203973789896,0.7165758972624339,0.16997132112562938
pond,nfix,ntp,63,platt_fit,0.2789283491020197,-2.241642617898087,100,0.17,0.4985203973789896,0.6876944561273683,0.1700005537681963
pond,nfix,probe,64,platt_fit,0.6337986025462021,-1.4126236278138913,100,0.25,0.4985203973789896,0.5245680398004806,0.25000439244396144
pond,nfix,ntp,64,platt_fit,0.48912414563144374,-1.9031212268706525,100,0.25,0.4985203973789896,0.5903432764156443,0.2500064590609682
pond,nfix,probe,65,platt_fit,0.6614394591972054,-1.328834692974004,100,0.27,0.4985203973789896,0.5532036893755727,0.27003626268438663
pond,nfix,ntp,65,platt_fit,0.17360039307642783,-1.3747781994252486,100,0.27,0.4985203973789896,0.6817138159304298,0.2700017054650832
pond,nfix,probe,66,platt_fit,0.6932345546106865,-1.3139893993720912,100,0.26,0.4985203973789896,0.5117511524156201,0.2599668715092132
pond,nfix,ntp,66,platt_fit,0.6048013574844685,-2.504491917842514,100,0.26,0.4985203973789896,0.6357451211972139,0.2600345293599793
pond,nfix,probe,67,platt_fit,0.4930178593441653,-1.3293889831058072,100,0.29,0.4985203973789896,0.6283758888528364,0.2899960667960497
pond,nfix,ntp,67,platt_fit,0.4375783372887549,-1.972842723975966,100,0.29,0.4985203973789896,0.6773749493245524,0.29000588688275364
pond,nfix,probe,68,platt_fit,0.35691761554745344,-1.4747670433963107,100,0.25,0.4985203973789896,0.677472102212816,0.25000223729135995
pond,nfix,ntp,68,platt_fit,0.5249097222635419,-2.0443984276478298,100,0.25,0.4985203973789896,0.6256857037374053,0.25000153637330463
pond,nfix,probe,69,platt_fit,0.5243879054452237,-1.0195373759212267,100,0.32,0.4985203973789896,0.5723231276623685,0.32003090658721
pond,nfix,ntp,69,platt_fit,0.3980485895531074,-1.646270284020244,100,0.32,0.4985203973789896,0.6668060817632483,0.32001995233196545
pond,nfix,probe,70,platt_fit,0.8195267414251645,-1.1560812699109373,100,0.29,0.4985203973789896,0.5072620361226349,0.2899811297096226
pond,nfix,ntp,70,platt_fit,0.5200134588683245,-1.9715835515041842,100,0.29,0.4985203973789896,0.6259430856452998,0.2900020030377689
pond,nfix,probe,71,platt_fit,0.2755401029657636,-1.332689450584867,100,0.22,0.4985203973789896,0.5240193853776552,0.21999561473600554
pond,nfix,ntp,71,platt_fit,0.32930375503818005,-1.799702885365882,100,0.22,0.4985203973789896,0.5925279147347527,0.219999462978361
pond,nfix,probe,72,platt_fit,0.6671752223959574,-1.0356277166944248,100,0.31,0.4985203973789896,0.5390788601658864,0.3100860511434306
pond,nfix,ntp,72,platt_fit,0.623637814768194,-1.7135332927880478,100,0.31,0.4985203973789896,0.5814972885461726,0.3099998516455268
pond,nfix,probe,73,platt_fit,0.29978752448302975,-1.0140487770196454,100,0.3,0.4985203973789896,0.588463472364221,0.3000004952901787
pond,nfix,ntp,73,platt_fit,0.31102196688337447,-1.4158957166447674,100,0.3,0.4985203973789896,0.6390810769077379,0.30000125664618044
pond,nfix,probe,74,platt_fit,0.867028523616572,-1.7529424440899355,100,0.24,0.4985203973789896,0.5699579454379625,0.24007960984305496
pond,nfix,ntp,74,platt_fit,0.484205667608327,-2.058128455140527,100,0.24,0.4985203973789896,0.6043187945476004,0.24002455829948743
pond,nfix,probe,75,platt_fit,0.2332493048211438,-0.9651998305423143,100,0.32,0.4985203973789896,0.6502361744800819,0.32001493549017057
pond,nfix,ntp,75,platt_fit,0.4013427009924982,-1.620237647163935,100,0.32,0.4985203973789896,0.663604463995397,0.32001681339103594
pond,nfix,probe,76,platt_fit,1.0094932327354458,-1.809750392385635,100,0.21,0.4985203973789896,0.4986511272087623,0.2100147742486561
pond,nfix,ntp,76,platt_fit,0.5675378781173905,-2.678705913222079,100,0.21,0.4985203973789896,0.6318061793137635,0.21001573174805482
pond,nfix,probe,77,platt_fit,0.43686249324787013,-1.534638606234354,100,0.28,0.4985203973789896,0.7236587659762047,0.280034650707955
pond,nfix,ntp,77,platt_fit,0.5395687214816814,-2.200340654930838,100,0.28,0.4985203973789896,0.6757073204797314,0.280026851584686
pond,nfix,probe,78,platt_fit,0.46521985992462184,-1.0784478979143468,100,0.35,0.4985203973789896,0.6593962990669915,0.3499953579792395
pond,nfix,ntp,78,platt_fit,0.4858358100362097,-1.795128930136276,100,0.35,0.4985203973789896,0.6854845619753169,0.35003398529726565
pond,nfix,probe,79,platt_fit,0.8038340694226187,-1.525410345046845,100,0.21,0.4985203973789896,0.45667737976988626,0.20994805997898924
pond,nfix,ntp,79,platt_fit,0.5310196104215326,-2.4228467327829057,100,0.21,0.4985203973789896,0.6010968910991356,0.21000316752122636
pond,nfix,probe,80,platt_fit,0.621709918714758,-1.215626930280184,100,0.27,0.4985203973789896,0.522751444869665,0.27000569525612855
pond,nfix,ntp,80,platt_fit,0.3546025920352724,-1.5850857107398753,100,0.27,0.4985203973789896,0.612488359852839,0.2700009268804674
pond,nfix,probe,81,platt_fit,0.4207955246373462,-1.5520330375401434,100,0.22,0.4985203973789896,0.5902077880567811,0.21999368830348778
pond,nfix,ntp,81,platt_fit,0.29914025204393296,-1.7433763091839805,100,0.22,0.4985203973789896,0.6086819986271892,0.21999798350603506
pond,nfix,probe,82,platt_fit,0.1659208936493638,-0.6797062585664839,100,0.38,0.4985203973789896,0.707744778877936,0.380001730090998
pond,nfix,ntp,82,platt_fit,0.5381041670900587,-1.570850968292852,100,0.38,0.4985203973789896,0.646735118688762,0.38000180949337464
pond,nfix,probe,83,platt_fit,1.2543857114766477,-2.4245935016956994,100,0.18,0.4985203973789896,0.5400193329770513,0.18004856779428152
pond,nfix,ntp,83,platt_fit,0.7855199296948583,-3.696607528546682,100,0.18,0.4985203973789896,0.6140589592957281,0.18005712595698914
pond,nfix,probe,84,platt_fit,0.8779914322196202,-2.3175130177545307,100,0.23,0.4985203973789896,0.6260347696990536,0.22999290704113878
pond,nfix,ntp,84,platt_fit,0.40038441450281803,-2.0575713037352106,100,0.23,0.4985203973789896,0.6191022072170006,0.23003729536723594
pond,nfix,probe,85,platt_fit,0.5342673651424521,-0.8982923672244718,100,0.34,0.4985203973789896,0.559444272262648,0.3400007128118073
pond,nfix,ntp,85,platt_fit,0.28311118992401824,-1.1966120260785607,100,0.34,0.4985203973789896,0.6400664382331978,0.34006111977676495
pond,nfix,probe,86,platt_fit,0.08007333327949706,-1.3262589395259397,100,0.22,0.4985203973789896,0.6354446483128003,0.21999914827948977
pond,nfix,ntp,86,platt_fit,0.5840314916599715,-2.3462082473472856,100,0.22,0.4985203973789896,0.6138002729196103,0.22000085998823585
pond,nfix,probe,87,platt_fit,-0.16427211985082016,-1.2189889845665598,100,0.21,0.4985203973789896,0.6424791995476758,0.21000077161589126
pond,nfix,ntp,87,platt_fit,0.4400111676657297,-2.3143748739802534,100,0.21,0.4985203973789896,0.6615969190103609,0.21004305233632908
pond,nfix,probe,88,platt_fit,0.290183698090747,-0.9447094579439272,100,0.3,0.4985203973789896,0.5452034224312051,0.29997874887645404
pond,nfix,ntp,88,platt_fit,0.3605725489490398,-1.6045679126448396,100,0.3,0.4985203973789896,0.6533508431277524,0.3000145401871588
pond,nfix,probe,89,platt_fit,0.9007750652354618,-1.5662822442119926,100,0.25,0.4985203973789896,0.5283735880466217,0.2500075796359437
pond,nfix,ntp,89,platt_fit,0.4757739209555301,-2.0534856183839083,100,0.25,0.4985203973789896,0.635926896033259,0.2500168511303631
pond,nfix,probe,90,platt_fit,0.09739550603955185,-1.3067062280957882,100,0.23,0.4985203973789896,0.6841593513242177,0.22999270671213248
pond,nfix,ntp,90,platt_fit,0.18158124446190338,-1.5413311331205028,100,0.23,0.4985203973789896,0.6495970706393756,0.2300103201830864
pond,nfix,probe,91,platt_fit,0.7732533497414532,-1.1691075722165145,100,0.29,0.4985203973789896,0.5082887205428485,0.28999294661615904
pond,nfix,ntp,91,platt_fit,0.550022700248282,-2.039005590079182,100,0.29,0.4985203973789896,0.6328102780078265,0.29000297392765967
pond,nfix,probe,92,platt_fit,0.9013306020005948,-0.6845609034287978,100,0.35,0.4985203973789896,0.48452356483421005,0.34996908740352206
pond,nfix,ntp,92,platt_fit,0.5135332593108343,-1.426843978734237,100,0.35,0.4985203973789896,0.6072102743358859,0.35001970419025613
pond,nfix,probe,93,platt_fit,0.24955763114530424,-1.1263835586291806,100,0.26,0.4985203973789896,0.541672149533722,0.2599770546488687
pond,nfix,ntp,93,platt_fit,0.32189432496555437,-1.501997623873871,100,0.26,0.4985203973789896,0.5773554419547393,0.26000508696007424
pond,nfix,probe,94,platt_fit,0.37703209654619696,-1.3589819616120058,100,0.25,0.4985203973789896,0.5952375096314808,0.2500288298312936
pond,nfix,ntp,94,platt_fit,0.64921924325004,-2.3552765147631125,100,0.25,0.4985203973789896,0.6049315200599031,0.2500085209794134
pond,nfix,probe,95,platt_fit,0.4615210926254521,-0.9707143480230439,100,0.3,0.4985203973789896,0.5347379218542195,0.3000103835066211
pond,nfix,ntp,95,platt_fit,0.3047701895277888,-1.2717847234803923,100,0.3,0.4985203973789896,0.6033141576788875,0.2999990386222329
pond,nfix,probe,96,platt_fit,1.0098593816229877,-1.7284436710231514,100,0.24,0.4985203973789896,0.5236587796595574,0.24002389429176496
pond,nfix,ntp,96,platt_fit,0.5393872400293872,-2.656637284576021,100,0.24,0.4985203973789896,0.6788433018764087,0.24000733263636287
pond,nfix,probe,97,platt_fit,0.47381153208536086,-0.9847730968470186,100,0.31,0.4985203973789896,0.5542838429182547,0.31001529693052715
pond,nfix,ntp,97,platt_fit,0.4466691198174056,-2.0711459023516587,100,0.31,0.4985203973789896,0.7246052001835878,0.3100214738613879
pond,nfix,probe,98,platt_fit,0.41726947458502023,-1.2489718026435328,100,0.27,0.4985203973789896,0.5688151128383956,0.2700056510204095
pond,nfix,ntp,98,platt_fit,0.5130641005245323,-2.3208602494630495,100,0.27,0.4985203973789896,0.6790443658311724,0.26999961173790654
pond,nfix,probe,99,platt_fit,0.4931003844005871,-1.7073430073988543,100,0.21,0.4985203973789896,0.5814496638417266,0.21004115536213963
pond,nfix,ntp,99,platt_fit,0.37473408638038824,-2.15624872773101,100,0.21,0.4985203973789896,0.6640224755187546,0.21000253727141888
pond,supermat,probe,0,platt_fit,0.8891066376226202,-2.6086331352410226,100,0.26,0.4985203973789896,0.6716687241599416,0.2599995039224282
pond,supermat,ntp,0,platt_fit,0.6489596996070706,-1.2617040950610352,100,0.26,0.4985203973789896,0.45763780261605064,0.2600018447237324
pond,supermat,probe,1,platt_fit,0.8696646530395238,-2.3889475969007137,100,0.26,0.4985203973789896,0.6631870766387757,0.2600150246834602
pond,supermat,ntp,1,platt_fit,1.0128163579126104,-1.3571657546933353,100,0.26,0.4985203973789896,0.4712891255651844,0.2600031966365645
pond,supermat,probe,2,platt_fit,0.7472543349913854,-2.0457511141927123,100,0.39,0.4985203973789896,0.7764735432976476,0.39007778465557796
pond,supermat,ntp,2,platt_fit,0.38160376539031426,-0.6749264474549401,100,0.39,0.4985203973789896,0.5057443184579778,0.3900280029196893
pond,supermat,probe,3,platt_fit,0.5064178209440063,-1.6474442397371099,100,0.35,0.4985203973789896,0.7489290913237356,0.35002713313661793
pond,supermat,ntp,3,platt_fit,0.6959440055273498,-0.9953385737402995,100,0.35,0.4985203973789896,0.5082993645559216,0.34999168613455917
pond,supermat,probe,4,platt_fit,0.5424440581602297,-1.9125317316500556,100,0.36,0.4985203973789896,0.8274155811981843,0.3600145573957668
pond,supermat,ntp,4,platt_fit,0.4075238376446325,-0.7553603103366369,100,0.36,0.4985203973789896,0.4929071331918962,0.35999769796065606
pond,supermat,probe,5,platt_fit,0.7617014261727655,-1.814477775779022,100,0.42,0.4985203973789896,0.7528074962771286,0.4199908122215669
pond,supermat,ntp,5,platt_fit,0.542848433609469,-0.49771457157035875,100,0.42,0.4985203973789896,0.4954780371012848,0.4200128491536632
pond,supermat,probe,6,platt_fit,0.7641471729196564,-2.7368428757421084,100,0.25,0.4985203973789896,0.7097038677097229,0.24997057635671738
pond,supermat,ntp,6,platt_fit,0.6609099648866671,-1.4760356478960572,100,0.25,0.4985203973789896,0.4850951543639363,0.25000483034679233
pond,supermat,probe,7,platt_fit,0.39896607737806367,-1.4249677910475123,100,0.38,0.4985203973789896,0.840440967170384,0.38005211039672654
pond,supermat,ntp,7,platt_fit,0.38437594889971716,-0.673400227446228,100,0.38,0.4985203973789896,0.49798881882262847,0.3800004071122045
pond,supermat,probe,8,platt_fit,0.7243215148996123,-2.637093450794848,100,0.24,0.4985203973789896,0.7252796798000993,0.23999915572736427
pond,supermat,ntp,8,platt_fit,0.5351139060504726,-1.1827560729053397,100,0.24,0.4985203973789896,0.4338394070215116,0.24001235839768473
pond,supermat,probe,9,platt_fit,0.6483827133576516,-1.95573314903342,100,0.4,0.4985203973789896,0.8442473559593805,0.4000088386129239
pond,supermat,ntp,9,platt_fit,0.6175955621572813,-0.8182549574715637,100,0.4,0.4985203973789896,0.5306497722398027,0.4000111300181986
pond,supermat,probe,10,platt_fit,0.43924450744221544,-1.427243011141428,100,0.34,0.4985203973789896,0.7113456104768089,0.3400154172416682
pond,supermat,ntp,10,platt_fit,0.2973119119544241,-0.9690272752664004,100,0.34,0.4985203973789896,0.5536013270528727,0.3400197437348065
pond,supermat,probe,11,platt_fit,0.42177619485496315,-1.1375610600123656,100,0.44,0.4985203973789896,0.8134920649749688,0.44003354597906097
pond,supermat,ntp,11,platt_fit,1.804737775477729,-0.05220252939564529,100,0.44,0.4985203973789896,0.5048248889657097,0.44001045772347214
pond,supermat,probe,12,platt_fit,0.9241140382667205,-2.8228941792526925,100,0.32,0.4985203973789896,0.740582062488011,0.3200849700959252
pond,supermat,ntp,12,platt_fit,0.732424370239316,-0.93894428760586,100,0.32,0.4985203973789896,0.47139351243016064,0.32000482477088515
pond,supermat,probe,13,platt_fit,0.6582706760473893,-1.7783035489586747,100,0.46,0.4985203973789896,0.8482759341399675,0.4599959232842414
pond,supermat,ntp,13,platt_fit,0.4087995890695416,-0.40639475516168244,100,0.46,0.4985203973789896,0.5249907564383468,0.45999713835858225
pond,supermat,probe,14,platt_fit,0.8673295528793767,-2.162382536964259,100,0.31,0.4985203973789896,0.6979314016228403,0.31000742136925474
pond,supermat,ntp,14,platt_fit,0.7298556228257743,-1.442109890021197,100,0.31,0.4985203973789896,0.5289867134303562,0.31001094178741573
pond,supermat,probe,15,platt_fit,0.614876683249518,-1.199053052900887,100,0.53,0.4985203973789896,0.8095169807847197,0.5300113843225633
pond,supermat,ntp,15,platt_fit,0.5996018921669581,-0.19490449811199043,100,0.53,0.4985203973789896,0.5488999170240669,0.5299932390104912
pond,supermat,probe,16,platt_fit,0.6539947725924888,-2.1648117807635288,100,0.29,0.4985203973789896,0.7295301141729961,0.2900074802198418
pond,supermat,ntp,16,platt_fit,0.7438190936723393,-1.33785958264657,100,0.29,0.4985203973789896,0.4928687300019513,0.2900003096016804
pond,supermat,probe,17,platt_fit,1.1453583496971165,-3.857358000671103,100,0.23,0.4985203973789896,0.7245508988322432,0.23004553285293208
pond,supermat,ntp,17,platt_fit,0.7285390223049945,-1.4705565547960489,100,0.23,0.4985203973789896,0.46290122242173565,0.2300928993805511
pond,supermat,probe,18,platt_fit,0.5300905954938622,-1.9171554417829255,100,0.29,0.4985203973789896,0.7542513726709972,0.29001105304874597
pond,supermat,ntp,18,platt_fit,0.7221744912229737,-1.3574963489307132,100,0.29,0.4985203973789896,0.5024620239565665,0.29000300443741006
pond,supermat,probe,19,platt_fit,0.6119960401912303,-1.888197278850986,100,0.38,0.4985203973789896,0.7969680634262022,0.38005129698816215
pond,supermat,ntp,19,platt_fit,0.6466173096599127,-0.9128520313172779,100,0.38,0.4985203973789896,0.5346981016257765,0.3800174281157665
pond,supermat,probe,20,platt_fit,0.45988445566832725,-1.907828046154115,100,0.34,0.4985203973789896,0.8539238325435936,0.34001719273419767
pond,supermat,ntp,20,platt_fit,0.5164710115774661,-1.1736636131820617,100,0.34,0.4985203973789896,0.5468015692591589,0.33999320997180654
pond,supermat,probe,21,platt_fit,0.6636902685719499,-1.9693416967989186,100,0.3,0.4985203973789896,0.698708315288658,0.3000225506255097
pond,supermat,ntp,21,platt_fit,1.1248576019373728,-0.9145344119925904,100,0.3,0.4985203973789896,0.46693521751963724,0.29990746745013047
pond,supermat,probe,22,platt_fit,0.6725241407984239,-2.302826355349878,100,0.24,0.4985203973789896,0.6641048754758152,0.2399917361061528
pond,supermat,ntp,22,platt_fit,1.0878581072146893,-1.974228870627384,100,0.24,0.4985203973789896,0.5014292597514105,0.23999141931138482
pond,supermat,probe,23,platt_fit,0.8433941730135058,-2.3741905773599945,100,0.34,0.4985203973789896,0.7440964539847817,0.340031386432276
pond,supermat,ntp,23,platt_fit,0.6756375034581243,-0.7422276289915096,100,0.34,0.4985203973789896,0.4608509099431564,0.3399552594470411
pond,supermat,probe,24,platt_fit,0.5271737028412148,-2.028482185529168,100,0.34,0.4985203973789896,0.8244531413983118,0.34004255089883956
pond,supermat,ntp,24,platt_fit,0.5768502713689361,-1.010095008133446,100,0.34,0.4985203973789896,0.5108160636782915,0.3399996149930806
pond,supermat,probe,25,platt_fit,0.8406506267303785,-1.8352679677099744,100,0.39,0.4985203973789896,0.7081048887330758,0.38999332548511256
pond,supermat,ntp,25,platt_fit,1.7181634390442708,-0.4544897455675478,100,0.39,0.4985203973789896,0.5125294576444642,0.38998237942149383
pond,supermat,probe,26,platt_fit,0.538522445887742,-1.7282939970329674,100,0.33,0.4985203973789896,0.7080966957932289,0.33005400122296036
pond,supermat,ntp,26,platt_fit,0.8839597202542933,-0.6969331785166437,100,0.33,0.4985203973789896,0.4536413161637405,0.3300026088594864
pond,supermat,probe,27,platt_fit,0.49224999284374416,-1.2199513835365916,100,0.46,0.4985203973789896,0.7874272756102475,0.4600012489218521
pond,supermat,ntp,27,platt_fit,0.8428344329143627,-0.5223167051702922,100,0.46,0.4985203973789896,0.5428295255955077,0.4600111552123415
pond,supermat,probe,28,platt_fit,1.2566464180678598,-2.3431752072874046,100,0.43,0.4985203973789896,0.700903578850643,0.430002500624365
pond,supermat,ntp,28,platt_fit,0.5422181243344432,-0.47687147639749233,100,0.43,0.4985203973789896,0.5050812145069726,0.4300085821512386
pond,supermat,probe,29,platt_fit,1.0474657476647082,-2.6650708627242667,100,0.26,0.4985203973789896,0.6437929629960227,0.26005260778281086
pond,supermat,ntp,29,platt_fit,1.0798706686589876,-1.256372033950505,100,0.26,0.4985203973789896,0.46682335717916595,0.25999202730230253
pond,supermat,probe,30,platt_fit,0.6258770108912065,-1.9282362378985296,100,0.36,0.4985203973789896,0.7791567517631163,0.3600085270873763
pond,supermat,ntp,30,platt_fit,0.5228905815718365,-0.8827623845398673,100,0.36,0.4985203973789896,0.5107168744305067,0.36000039199500483
pond,supermat,probe,31,platt_fit,0.8709622168576842,-2.784090168047339,100,0.35,0.4985203973789896,0.8207244453997243,0.3499928228300175
pond,supermat,ntp,31,platt_fit,0.4242788079017854,-0.7888756898803737,100,0.35,0.4985203973789896,0.47933831192467274,0.3500339358886748
pond,supermat,probe,32,platt_fit,0.8573854202147807,-2.0725325651211386,100,0.28,0.4985203973789896,0.6360821920681771,0.28000915684179833
pond,supermat,ntp,32,platt_fit,9.301528439767562,2.901285462081148,100,0.28,0.4985203973789896,0.45866471112168256,0.27998768877447067
pond,supermat,probe,33,platt_fit,0.4924607084776054,-1.4002004864894573,100,0.43,0.4985203973789896,0.8015488555823521,0.4300001616422415
pond,supermat,ntp,33,platt_fit,0.48539019361256736,-0.6599743913155459,100,0.43,0.4985203973789896,0.5465738885470615,0.42999790704988217
pond,supermat,probe,34,platt_fit,0.5436048342491991,-1.8230934463930146,100,0.36,0.4985203973789896,0.8084866537672645,0.3600066777459351
pond,supermat,ntp,34,platt_fit,0.8152253006762666,-1.0502714953047898,100,0.36,0.4985203973789896,0.5223914589983912,0.3600537795440992
pond,supermat,probe,35,platt_fit,0.7292278403767556,-2.5041708946266787,100,0.4,0.4985203973789896,0.9020616970902406,0.399993571358256
pond,supermat,ntp,35,platt_fit,0.5278827147799439,-1.1741779676676882,100,0.4,0.4985203973789896,0.595687525091663,0.40000260910891017
pond,supermat,probe,36,platt_fit,0.600993740581241,-2.6282166578676627,100,0.22,0.4985203973789896,0.7789892257444332,0.22000356920857697
pond,supermat,ntp,36,platt_fit,0.5649575469824242,-1.4087172221435864,100,0.22,0.4985203973789896,0.4464524474931137,0.22000195309404766
pond,supermat,probe,37,platt_fit,0.7229227293775975,-1.646752958767834,100,0.4,0.4985203973789896,0.7286380431111994,0.4000379643920744
pond,supermat,ntp,37,platt_fit,0.5764084054182504,-0.7336039455956997,100,0.4,0.4985203973789896,0.5192702255418208,0.4000107133992065
pond,supermat,probe,38,platt_fit,0.9935065121112144,-3.295473482027642,100,0.24,0.4985203973789896,0.6769834399336448,0.24001844402023445
pond,supermat,ntp,38,platt_fit,0.5825417853616477,-1.737615297602507,100,0.24,0.4985203973789896,0.5110094276849059,0.24002027955547617
pond,supermat,probe,39,platt_fit,0.6823748474810912,-1.9408370165385673,100,0.35,0.4985203973789896,0.745448604796359,0.3500337370990869
pond,supermat,ntp,39,platt_fit,0.6762422166197675,-1.1400988497366162,100,0.35,0.4985203973789896,0.5331585592033198,0.35007696692373264
pond,supermat,probe,40,platt_fit,0.4137724818829301,-1.5732020021499835,100,0.35,0.4985203973789896,0.8099454071964907,0.35000257572153126
pond,supermat,ntp,40,platt_fit,0.6578167879517957,-1.076386368794061,100,0.35,0.4985203973789896,0.5262672087595418,0.35004980517036044
pond,supermat,probe,41,platt_fit,0.6664699508219754,-1.5450838381821366,100,0.42,0.4985203973789896,0.7389477208248283,0.4200131981527222
pond,supermat,ntp,41,platt_fit,1.7910851412173265,-0.178020606359932,100,0.42,0.4985203973789896,0.5081611372858097,0.4200836542684862
pond,supermat,probe,42,platt_fit,1.3688178172169425,-2.742528825393904,100,0.3,0.4985203973789896,0.6560254261368956,0.29998344948848976
pond,supermat,ntp,42,platt_fit,1.0676613391238738,-0.8532047145437395,100,0.3,0.4985203973789896,0.4565769722999435,0.29992569669416913
pond,supermat,probe,43,platt_fit,0.6437093142502219,-1.776758198709618,100,0.38,0.4985203973789896,0.7386575519694305,0.3800665306929145
pond,supermat,ntp,43,platt_fit,0.5556513677572037,-0.8136632848652158,100,0.38,0.4985203973789896,0.5219366603299507,0.38000015087561684
pond,supermat,probe,44,platt_fit,0.5461406093193917,-1.6059096321957362,100,0.45,0.4985203973789896,0.8806446869032172,0.45001718461623885
pond,supermat,ntp,44,platt_fit,0.6086944410259602,-0.4445671712252882,100,0.45,0.4985203973789896,0.511753967864613,0.4500001284257065
pond,supermat,probe,45,platt_fit,0.8476220561430503,-2.886580847795508,100,0.23,0.4985203973789896,0.6781138727885273,0.2300119757792805
pond,supermat,ntp,45,platt_fit,0.9533996500361948,-1.6634699312679906,100,0.23,0.4985203973789896,0.46941755964858395,0.23004160582287284
pond,supermat,probe,46,platt_fit,0.9527094281594326,-3.2110107186909844,100,0.26,0.4985203973789896,0.7622747001072651,0.26002728110482937
pond,supermat,ntp,46,platt_fit,0.6188094890875497,-1.2770358311337355,100,0.26,0.4985203973789896,0.47091098892942523,0.25999995503664375
pond,supermat,probe,47,platt_fit,0.6505887578892013,-1.8724297652007729,100,0.41,0.4985203973789896,0.7974090108139734,0.41002132071417285
pond,supermat,ntp,47,platt_fit,0.4433701565154759,-0.5427722866064969,100,0.41,0.4985203973789896,0.49691250866056774,0.4100000717345514
pond,supermat,probe,48,platt_fit,0.7385019940611113,-2.233898262707388,100,0.35,0.4985203973789896,0.7800463927521822,0.3500021849349938
pond,supermat,ntp,48,platt_fit,0.6356490398397546,-1.2307472238864683,100,0.35,0.4985203973789896,0.542755624113553,0.3500033535190196
pond,supermat,probe,49,platt_fit,0.7324372765515561,-2.156389643844535,100,0.29,0.4985203973789896,0.6995114183650571,0.2900748175802779
pond,supermat,ntp,49,platt_fit,0.983857525585115,-0.9722675911411226,100,0.29,0.4985203973789896,0.45992298346430593,0.28990217205798774
pond,supermat,probe,50,platt_fit,0.8369705180084607,-2.3193513154631478,100,0.26,0.4985203973789896,0.6662197765132324,0.2599900840024078
pond,supermat,ntp,50,platt_fit,1.210354962603143,-1.6227923018938926,100,0.26,0.4985203973789896,0.4957178018801248,0.2599645623160442
pond,supermat,probe,51,platt_fit,0.7124159431424089,-2.4285608525317333,100,0.25,0.4985203973789896,0.7085799272017007,0.25003893402847915
pond,supermat,ntp,51,platt_fit,1.0896515133454452,-1.3614314791522184,100,0.25,0.4985203973789896,0.46896312403439366,0.24998304706601845
pond,supermat,probe,52,platt_fit,0.5563744022206941,-2.0757046737691796,100,0.24,0.4985203973789896,0.681910556195956,0.24000346250979973
pond,supermat,ntp,52,platt_fit,0.7443478443900099,-1.4109317213151307,100,0.24,0.4985203973789896,0.4577119018003824,0.2400067896878985
pond,supermat,probe,53,platt_fit,0.7499115096536857,-1.9136115764391897,100,0.24,0.4985203973789896,0.5891487069222553,0.240003192694997
pond,supermat,ntp,53,platt_fit,1.4377953603555524,-1.1977839022130377,100,0.24,0.4985203973789896,0.4569915783469875,0.23992854678354994
pond,supermat,probe,54,platt_fit,0.49685086514536714,-1.4750140453901028,100,0.45,0.4985203973789896,0.8432852177079976,0.45000184200105947
pond,supermat,ntp,54,platt_fit,0.8689470016416649,-1.099548344442005,100,0.45,0.4985203973789896,0.6042626261742373,0.4500062737594297
pond,supermat,probe,55,platt_fit,0.7430735482984864,-1.864519108505764,100,0.37,0.4985203973789896,0.7385156890822492,0.369988837879483
pond,supermat,ntp,55,platt_fit,0.9285624047677571,-0.9389408470682533,100,0.37,0.4985203973789896,0.5240692571264263,0.37000237486557697
pond,supermat,probe,56,platt_fit,0.44503995328080315,-2.05339148398044,100,0.27,0.4985203973789896,0.8055566374496954,0.270034867665738
pond,supermat,ntp,56,platt_fit,0.5732679944833154,-1.5648723732589795,100,0.27,0.4985203973789896,0.5223694558793254,0.2700000594872389
pond,supermat,probe,57,platt_fit,0.8938658413407071,-2.799060275581866,100,0.25,0.4985203973789896,0.6891124089120385,0.25001397899598643
pond,supermat,ntp,57,platt_fit,0.5633764271213128,-1.4450778022235304,100,0.25,0.4985203973789896,0.4914872982895784,0.24999366597830733
pond,supermat,probe,58,platt_fit,0.8269237009075463,-2.253948928637402,100,0.3,0.4985203973789896,0.6669140900537246,0.30002181220669294
pond,supermat,ntp,58,platt_fit,0.8504004236046621,-1.2087358460911424,100,0.3,0.4985203973789896,0.49145261090020365,0.30000757477927315
pond,supermat,probe,59,platt_fit,0.8951472982372705,-2.306255921759527,100,0.29,0.4985203973789896,0.6942506869226495,0.2900603974384309
pond,supermat,ntp,59,platt_fit,0.6464704247132788,-1.1791728595695503,100,0.29,0.4985203973789896,0.4815479217300272,0.2899720999800259
pond,supermat,probe,60,platt_fit,0.461672862108052,-1.345288056218972,100,0.37,0.4985203973789896,0.7228464481294857,0.36999817591773315
pond,supermat,ntp,60,platt_fit,0.4735152383150039,-0.7540907229197704,100,0.37,0.4985203973789896,0.5014525092032193,0.3700001948251655
pond,supermat,probe,61,platt_fit,0.90487602845784,-2.455113298487674,100,0.34,0.4985203973789896,0.73094846002201,0.34000775352778134
pond,supermat,ntp,61,platt_fit,0.9814645864341206,-1.075519546633676,100,0.34,0.4985203973789896,0.5072445422465514,0.34001606212478636
pond,supermat,probe,62,platt_fit,0.49206670132659597,-1.706059650516857,100,0.32,0.4985203973789896,0.7361401187470743,0.3199863853869489
pond,supermat,ntp,62,platt_fit,0.5891912310918188,-1.1975867120948607,100,0.32,0.4985203973789896,0.5188801843179185,0.31999907650058435
pond,supermat,probe,63,platt_fit,0.5996913859205452,-1.2141161475548086,100,0.48,0.4985203973789896,0.7883294866331138,0.4799957348042843
pond,supermat,ntp,63,platt_fit,0.7497675356888982,-0.3970777886784325,100,0.48,0.4985203973789896,0.5409406972845736,0.4800109665174037
pond,supermat,probe,64,platt_fit,0.5081693921931677,-1.9207972681830496,100,0.33,0.4985203973789896,0.7855265671396904,0.3300261504731015
pond,supermat,ntp,64,platt_fit,0.4654126987412068,-0.9548071237475005,100,0.33,0.4985203973789896,0.4906066904315894,0.33002373697615206
pond,supermat,probe,65,platt_fit,0.7789766449098509,-1.250556742855236,100,0.56,0.4985203973789896,0.7923089364214113,0.5599840098686343
pond,supermat,ntp,65,platt_fit,1.0813342074437544,-0.16324316465019412,100,0.56,0.4985203973789896,0.589720319334634,0.5599435726335303
pond,supermat,probe,66,platt_fit,0.9751284826971752,-3.4936586236078657,100,0.23,0.4985203973789896,0.7228218157951926,0.22999569566223543
pond,supermat,ntp,66,platt_fit,0.7565202943717042,-1.3044584030734334,100,0.23,0.4985203973789896,0.45441151290047344,0.22999974343242063
pond,supermat,probe,67,platt_fit,0.4938787822160368,-1.5177906327330883,100,0.34,0.4985203973789896,0.7464671393823121,0.3400009845941658
pond,supermat,ntp,67,platt_fit,0.853569642019381,-1.1113562146422151,100,0.34,0.4985203973789896,0.515256874650473,0.3399835405943608
pond,supermat,probe,68,platt_fit,1.1840173655937531,-3.660785889757515,100,0.22,0.4985203973789896,0.7068482370350995,0.21998790295742882
pond,supermat,ntp,68,platt_fit,0.5314775798651489,-1.6820756889828574,100,0.22,0.4985203973789896,0.4754519488691327,0.22004292305454112
pond,supermat,probe,69,platt_fit,0.49756258253878083,-1.9459048752510215,100,0.26,0.4985203973789896,0.6924894229937073,0.2600034498116413
pond,supermat,ntp,69,platt_fit,0.45611032384312766,-1.1864795660984855,100,0.26,0.4985203973789896,0.4558808414498391,0.260012197560968
pond,supermat,probe,70,platt_fit,1.17065566582444,-3.199263121300302,100,0.17,0.4985203973789896,0.5871990964653692,0.17000067110687156
pond,supermat,ntp,70,platt_fit,0.6193403470295578,-1.9350339785575341,100,0.17,0.4985203973789896,0.4497013042325327,0.17004198864245829
pond,supermat,probe,71,platt_fit,0.75740031099558,-1.7129591185233515,100,0.46,0.4985203973789896,0.7814941453198244,0.46001507874708436
pond,supermat,ntp,71,platt_fit,0.6313731180428058,-0.7585028410149012,100,0.46,0.4985203973789896,0.5791219009668344,0.46005359320704237
pond,supermat,probe,72,platt_fit,0.6611317692189639,-1.1698869882031306,100,0.48,0.4985203973789896,0.7318274279113788,0.4799831003863882
pond,supermat,ntp,72,platt_fit,0.6536271512792835,-0.4113323583901428,100,0.48,0.4985203973789896,0.5418449909891829,0.4800006787494871
pond,supermat,probe,73,platt_fit,0.8938408757102431,-2.564000856572021,100,0.33,0.4985203973789896,0.7656372284474608,0.330008990529762
pond,supermat,ntp,73,platt_fit,0.7373264394329769,-1.358082543752159,100,0.33,0.4985203973789896,0.5361058353606551,0.33006847423512986
pond,supermat,probe,74,platt_fit,0.8068719359650247,-2.7135915405908655,100,0.35,0.4985203973789896,0.8237737516523042,0.3500013002684206
pond,supermat,ntp,74,platt_fit,0.5303978921922576,-1.1575416336932902,100,0.35,0.4985203973789896,0.5516603024813241,0.3499990225947905
pond,supermat,probe,75,platt_fit,1.1078299955555244,-3.339158705634273,100,0.2,0.4985203973789896,0.637721322886899,0.1999829090544029
pond,supermat,ntp,75,platt_fit,0.9014392489381174,-1.937828861006659,100,0.2,0.4985203973789896,0.4783737221331568,0.2000055439616149
pond,supermat,probe,76,platt_fit,0.71418054506622,-2.2159874829661086,100,0.31,0.4985203973789896,0.7265243991218885,0.3100039392821462
pond,supermat,ntp,76,platt_fit,0.7658752835868508,-1.6182900040075243,100,0.31,0.4985203973789896,0.5358219254624665,0.31002403585620947
pond,supermat,probe,77,platt_fit,0.9976743775858299,-3.1785909677693973,100,0.31,0.4985203973789896,0.7736563890440458,0.3100074323722413
pond,supermat,ntp,77,platt_fit,0.5876838599507882,-1.0508016867728167,100,0.31,0.4985203973789896,0.48127269357200986,0.3100053905312001
pond,supermat,probe,78,platt_fit,1.0489560353560945,-2.562708451612698,100,0.32,0.4985203973789896,0.6950297346923814,0.3200723400410759
pond,supermat,ntp,78,platt_fit,0.8440789763863868,-1.276617144839992,100,0.32,0.4985203973789896,0.5129912579097179,0.32000520771641644
pond,supermat,probe,79,platt_fit,0.9867616786561757,-2.5124970519953576,100,0.32,0.4985203973789896,0.6738482854959402,0.32002948041794904
pond,supermat,ntp,79,platt_fit,0.6565054092993401,-1.082998519567918,100,0.32,0.4985203973789896,0.4932854518915575,0.3200100291296051
pond,supermat,probe,80,platt_fit,0.6064137485688518,-2.0115577563429454,100,0.34,0.4985203973789896,0.7697568111533457,0.3400270295474516
pond,supermat,ntp,80,platt_fit,0.6241189523073685,-0.8748321075444769,100,0.34,0.4985203973789896,0.48412606532665087,0.3399993780781645
pond,supermat,probe,81,platt_fit,0.5889226039928618,-1.8024146090588922,100,0.34,0.4985203973789896,0.7521684223692426,0.3399891246190128
pond,supermat,ntp,81,platt_fit,0.7289965598768782,-1.0175332478799437,100,0.34,0.4985203973789896,0.5072646734372603,0.3400502924101728
pond,supermat,probe,82,platt_fit,0.9764741931981777,-3.4458240204153934,100,0.33,0.4985203973789896,0.8629211948602835,0.3300124556034627
pond,supermat,ntp,82,platt_fit,0.4724417511776248,-1.0964553849243608,100,0.33,0.4985203973789896,0.518690935784043,0.3299996612333284
pond,supermat,probe,83,platt_fit,0.40941822295517305,-1.1767513378888534,100,0.42,0.4985203973789896,0.8013518907717456,0.41999487453397427
pond,supermat,ntp,83,platt_fit,0.57869797444162,-0.7089200725552361,100,0.42,0.4985203973789896,0.5376632765380319,0.4200035092189931
pond,supermat,probe,84,platt_fit,1.115462952415355,-2.559267383808647,100,0.38,0.4985203973789896,0.731765607441818,0.380010444355178
pond,supermat,ntp,84,platt_fit,0.85738816453398,-1.0378041758810201,100,0.38,0.4985203973789896,0.5373789478280177,0.3799699948754398
pond,supermat,probe,85,platt_fit,0.5829885992519513,-1.6794519540614368,100,0.36,0.4985203973789896,0.7387741881304616,0.3599955253807976
pond,supermat,ntp,85,platt_fit,0.6335920411323773,-1.0217865752430542,100,0.36,0.4985203973789896,0.5255718049352194,0.35999955716577164
pond,supermat,probe,86,platt_fit,0.5639256945810397,-2.2692257001230374,100,0.29,0.4985203973789896,0.8086112275476905,0.2900738818502868
pond,supermat,ntp,86,platt_fit,0.5326510589132192,-1.1103232749651042,100,0.29,0.4985203973789896,0.47458963016352435,0.290086699496484
pond,supermat,probe,87,platt_fit,0.5748836782168438,-1.6076565399486382,100,0.37,0.4985203973789896,0.7330463335728773,0.36999473581538905
pond,supermat,ntp,87,platt_fit,0.578381331791074,-0.9661101499671794,100,0.37,0.4985203973789896,0.5283100488154316,0.37003088215528007
pond,supermat,probe,88,platt_fit,0.550431540929272,-1.322468603234182,100,0.49,0.4985203973789896,0.8094014346250162,0.49000509867441805
pond,supermat,ntp,88,platt_fit,0.5172141425596719,-0.23400219655471413,100,0.49,0.4985203973789896,0.5104851067279663,0.4900091468722391
pond,supermat,probe,89,platt_fit,0.5936058199611873,-1.2715248369437202,100,0.54,0.4985203973789896,0.8532499265470911,0.5400437946147101
pond,supermat,ntp,89,platt_fit,0.5355202885978009,-0.26995005459525767,100,0.54,0.4985203973789896,0.5814959852991454,0.5399695794651411
pond,supermat,probe,90,platt_fit,1.0938272153794166,-3.355254460792658,100,0.27,0.4985203973789896,0.720844243239319,0.27001548855717095
pond,supermat,ntp,90,platt_fit,0.4179046994800945,-1.1298917001808049,100,0.27,0.4985203973789896,0.4619522780658769,0.27000239430292033
pond,supermat,probe,91,platt_fit,1.052567169909964,-2.5563194238595313,100,0.4,0.4985203973789896,0.7522903437449645,0.40002517537534166
pond,supermat,ntp,91,platt_fit,0.8213358340290294,-1.013678924478873,100,0.4,0.4985203973789896,0.5533980989537507,0.3999850512744592
pond,supermat,probe,92,platt_fit,1.349139899504791,-3.195288017457316,100,0.42,0.4985203973789896,0.7915792022435668,0.4199940319069452
pond,supermat,ntp,92,platt_fit,0.8227191041535604,-0.8595422674888689,100,0.42,0.4985203973789896,0.5524136286465273,0.4199901905683198
pond,supermat,probe,93,platt_fit,0.6926828820778137,-2.258520714131956,100,0.29,0.4985203973789896,0.7253821507330162,0.29003647949099287
pond,supermat,ntp,93,platt_fit,0.6301376085786963,-1.1380935914541712,100,0.29,0.4985203973789896,0.47875266837845026,0.28999901307814796
pond,supermat,probe,94,platt_fit,0.5036582908701951,-1.4735298528913725,100,0.34,0.4985203973789896,0.7003643303357387,0.34000073300616146
pond,supermat,ntp,94,platt_fit,0.5216304751636535,-0.8048930345938683,100,0.34,0.4985203973789896,0.4754389434406444,0.34000279914428383
pond,supermat,probe,95,platt_fit,1.037177657442487,-3.0484426388553105,100,0.28,0.4985203973789896,0.7086064411354352,0.2800067464303169
pond,supermat,ntp,95,platt_fit,0.7146541887637945,-1.3096624133735606,100,0.28,0.4985203973789896,0.4882102626085685,0.2800049565255074
pond,supermat,probe,96,platt_fit,0.7491515264464571,-2.2463975854539364,100,0.4,0.4985203973789896,0.8304979846826298,0.40004603306087316
pond,supermat,ntp,96,platt_fit,0.35032818597925725,-0.4713337589695446,100,0.4,0.4985203973789896,0.465784774136284,0.39999935845505485
pond,supermat,probe,97,platt_fit,0.49084240634880544,-1.9446975918358602,100,0.28,0.4985203973789896,0.7639540221405965,0.2800603991322983
pond,supermat,ntp,97,platt_fit,0.6074685383764902,-1.3264804793440743,100,0.28,0.4985203973789896,0.4930907913455207,0.28001394323466333
pond,supermat,probe,98,platt_fit,0.7441638152212208,-2.6350472498862825,100,0.24,0.4985203973789896,0.7205518243709486,0.239995732186599
pond,supermat,ntp,98,platt_fit,0.37786280784872933,-1.2190483331689408,100,0.24,0.4985203973789896,0.44710383943596665,0.24003411606725358
pond,supermat,probe,99,platt_fit,0.3370237606735664,-0.8669041617771649,100,0.46,0.4985203973789896,0.8071781402685356,0.46000062904316136
pond,supermat,ntp,99,platt_fit,0.5619502789740164,-0.5227725723904123,100,0.46,0.4985203973789896,0.5453561757918349,0.46000624849558613
nfix,pond,probe,0,platt_fit,0.5466607946843235,-0.5658723518182591,100,0.41,0.4962228517469311,0.5593456823219387,0.40999987422070816
nfix,pond,ntp,0,platt_fit,0.9688265242369252,-0.8978634426997502,100,0.41,0.4962228517469311,0.5945813312163282,0.40999240427851547
nfix,pond,probe,1,platt_fit,1.0463126530667537,-0.232606330321409,100,0.39,0.4962228517469311,0.42081109593133353,0.38999950719362453
nfix,pond,ntp,1,platt_fit,1.3327436387064007,-0.9325839811598646,100,0.39,0.4962228517469311,0.5616822590688241,0.38999493940230634
nfix,pond,probe,2,platt_fit,0.20295896489438767,-0.010764966204134035,100,0.51,0.4962228517469311,0.5508108904833336,0.5100006485763202
nfix,pond,ntp,2,platt_fit,0.905273726018463,-0.29370699828696245,100,0.51,0.4962228517469311,0.5773120384353484,0.5099836651745294
nfix,pond,probe,3,platt_fit,0.6946496109978839,-0.5694189252448048,100,0.25,0.4962228517469311,0.315041065753463,0.24999788510132329
nfix,pond,ntp,3,platt_fit,1.552485020121516,-1.8193638256781977,100,0.25,0.4962228517469311,0.5471951101063531,0.2500560600012416
nfix,pond,probe,4,platt_fit,0.8345931335994632,0.6790747073497911,100,0.55,0.4962228517469311,0.40239551525375516,0.5499928342819949
nfix,pond,ntp,4,platt_fit,1.4132589349904514,0.027423053281567866,100,0.55,0.4962228517469311,0.5450444293091542,0.5499956924951812
nfix,pond,probe,5,platt_fit,0.9823772974488268,-0.13758688988831205,100,0.32,0.4962228517469311,0.33951996763424286,0.32000292369531175
nfix,pond,ntp,5,platt_fit,1.4464657722935577,-0.9811056163140515,100,0.32,0.4962228517469311,0.5171590696284686,0.31999703444459177
nfix,pond,probe,6,platt_fit,0.6112211563396122,-0.6225294459577817,100,0.38,0.4962228517469311,0.5194074533974544,0.38000694276193364
nfix,pond,ntp,6,platt_fit,0.9980047372425036,-1.1504100845508682,100,0.38,0.4962228517469311,0.6085102501216335,0.38000712033794243
nfix,pond,probe,7,platt_fit,0.5834680830861175,0.009539923977158252,100,0.47,0.4962228517469311,0.4566485287292199,0.46995354724691624
nfix,pond,ntp,7,platt_fit,1.4718871501742223,-0.6161427488899508,100,0.47,0.4962228517469311,0.576167974997006,0.46999192458669187
nfix,pond,probe,8,platt_fit,0.7282352880470133,0.34692684771066895,100,0.46,0.4962228517469311,0.39101620908288526,0.4600074083256908
nfix,pond,ntp,8,platt_fit,1.5540032086008821,-0.5052286780480486,100,0.46,0.4962228517469311,0.5546096268491992,0.46000350070025775
nfix,pond,probe,9,platt_fit,0.8314173082212726,-0.8040037062536464,100,0.37,0.4962228517469311,0.5175046133032619,0.370045860704144
nfix,pond,ntp,9,platt_fit,1.1902065967799458,-0.8944261134065693,100,0.37,0.4962228517469311,0.5478796997844629,0.37000220176741117
nfix,pond,probe,10,platt_fit,0.4313568882029678,-0.28921067220337177,100,0.44,0.4962228517469311,0.5278604304041753,0.4400013584460076
nfix,pond,ntp,10,platt_fit,0.9268123384647606,-0.6122660099682361,100,0.44,0.4962228517469311,0.5727696732545975,0.44000214619950917
nfix,pond,probe,11,platt_fit,0.6286064942516084,0.47210892262813237,100,0.51,0.4962228517469311,0.37430595063180255,0.5099980429455848
nfix,pond,ntp,11,platt_fit,1.0817795471967169,-0.17495934260534832,100,0.51,0.4962228517469311,0.5467013560015953,0.5100145665754411
nfix,pond,probe,12,platt_fit,0.6237396070545425,-0.11962686550327355,100,0.4,0.4962228517469311,0.40436886012579903,0.40005102909075674
nfix,pond,ntp,12,platt_fit,1.0304719604147745,-0.8092574931876657,100,0.4,0.4962228517469311,0.5659957655416874,0.3999721596068319
nfix,pond,probe,13,platt_fit,0.4290191608692546,0.07004153766453393,100,0.51,0.4962228517469311,0.5062257893340749,0.5100000135317576
nfix,pond,ntp,13,platt_fit,1.3541253148700532,-0.4201960561076054,100,0.51,0.4962228517469311,0.5816334390500275,0.5099807690149005
nfix,pond,probe,14,platt_fit,0.5927563437564567,-0.7817800545931297,100,0.31,0.4962228517469311,0.44783105100534526,0.31000496045978315
nfix,pond,ntp,14,platt_fit,1.2951579283777337,-1.502955142472848,100,0.31,0.4962228517469311,0.5731480361944122,0.3100028814641548
nfix,pond,probe,15,platt_fit,0.545344137230572,0.24119088732982147,100,0.49,0.4962228517469311,0.4086193440204028,0.48997483420180266
nfix,pond,ntp,15,platt_fit,1.2442245958263116,-0.42484792320152254,100,0.49,0.4962228517469311,0.5696448561529854,0.48995759093794555
nfix,pond,probe,16,platt_fit,0.2870752318936602,0.23950944226041299,100,0.56,0.4962228517469311,0.5117497040602816,0.5600034303847499
nfix,pond,ntp,16,platt_fit,1.5606189734392093,-0.14861414784377436,100,0.56,0.4962228517469311,0.5775222295658178,0.5599513524523085
nfix,pond,probe,17,platt_fit,0.638387703234709,-0.6957230423870551,100,0.31,0.4962228517469311,0.4326790948297708,0.31009513254217813
nfix,pond,ntp,17,platt_fit,1.7273040503831416,-1.4999814402594986,100,0.31,0.4962228517469311,0.5539176368888085,0.30999000130694243
nfix,pond,probe,18,platt_fit,0.5968784532602706,-0.2952803240181539,100,0.41,0.4962228517469311,0.476767817015439,0.40999832436840455
nfix,pond,ntp,18,platt_fit,1.1371655177853983,-0.7962040184103092,100,0.41,0.4962228517469311,0.5662474577284177,0.4100064105111605
nfix,pond,probe,19,platt_fit,0.42693085379884876,-0.5379238947084493,100,0.39,0.4962228517469311,0.5347610499567605,0.3900222938707176
nfix,pond,ntp,19,platt_fit,1.024364872455688,-1.0099397158868457,100,0.39,0.4962228517469311,0.5914205555987224,0.3900039486788958
nfix,pond,probe,20,platt_fit,0.8780963121808708,0.8525295388161093,100,0.47,0.4962228517469311,0.3343880502624057,0.47000100729582356
nfix,pond,ntp,20,platt_fit,1.4079736193098904,-0.5823752738728999,100,0.47,0.4962228517469311,0.5730351640058055,0.46997470726420154
nfix,pond,probe,21,platt_fit,0.9991549964032829,-0.6981919427821052,100,0.3,0.4962228517469311,0.39058290405635787,0.3000033326475273
nfix,pond,ntp,21,platt_fit,1.4525380952991624,-1.5603450748025836,100,0.3,0.4962228517469311,0.5615146122258705,0.2999945155038416
nfix,pond,probe,22,platt_fit,0.3989916338501497,0.3556995311050006,100,0.59,0.4962228517469311,0.5129105823754165,0.5899464242900588
nfix,pond,ntp,22,platt_fit,1.3584569266082729,0.20507909512326455,100,0.59,0.4962228517469311,0.5449102773701179,0.5899536753470371
nfix,pond,probe,23,platt_fit,0.6717412157211644,-0.6273367164453217,100,0.32,0.4962228517469311,0.4192945384804879,0.32000221784755795
nfix,pond,ntp,23,platt_fit,1.1637209456517037,-1.4894893682355186,100,0.32,0.4962228517469311,0.5879692562510652,0.32000084571287907
nfix,pond,probe,24,platt_fit,0.4639945972765571,-0.01560504228996223,100,0.51,0.4962228517469311,0.5198855748597935,0.5100005350897395
nfix,pond,ntp,24,platt_fit,0.9775780661053428,-0.3304775615520029,100,0.51,0.4962228517469311,0.5792474268733876,0.509999811008761
nfix,pond,probe,25,platt_fit,0.6989833368029608,0.08134908321632514,100,0.36,0.4962228517469311,0.3207337424102958,0.3600025502938481
nfix,pond,ntp,25,platt_fit,1.126873131492752,-0.7841987354669323,100,0.36,0.4962228517469311,0.5246860462185021,0.3600060234890558
nfix,pond,probe,26,platt_fit,0.4447252591056351,-0.25589581331547867,100,0.47,0.4962228517469311,0.5661459955251986,0.46999975780508757
nfix,pond,ntp,26,platt_fit,1.145137684100925,-0.5125106914767157,100,0.47,0.4962228517469311,0.5706803174315408,0.4699878151897404
nfix,pond,probe,27,platt_fit,0.721475749021669,-0.8714398091440769,100,0.3,0.4962228517469311,0.4412707647956956,0.300014061938306
nfix,pond,ntp,27,platt_fit,1.4940924634036354,-1.6331715745103237,100,0.3,0.4962228517469311,0.5662533468600094,0.2999931219814484
nfix,pond,probe,28,platt_fit,0.12753767146453654,0.08413737149770682,100,0.53,0.4962228517469311,0.5639101374799825,0.5300002864331801
nfix,pond,ntp,28,platt_fit,1.237183861966881,-0.18394551407377246,100,0.53,0.4962228517469311,0.5633018371975238,0.5299300176588269
nfix,pond,probe,29,platt_fit,0.21359536441070592,-0.5947455193154654,100,0.36,0.4962228517469311,0.5136427934702723,0.359974268889336
nfix,pond,ntp,29,platt_fit,0.7108265378401791,-0.804438707413245,100,0.36,0.4962228517469311,0.5470155278246197,0.35998485492355153
nfix,pond,probe,30,platt_fit,0.11948942065499506,0.36268564943695597,100,0.58,0.4962228517469311,0.4441977857553626,0.5799955361050816
nfix,pond,ntp,30,platt_fit,0.7607106930258679,0.027559065497454655,100,0.58,0.4962228517469311,0.5864852300628327,0.5799995734725464
nfix,pond,probe,31,platt_fit,0.6923239094462219,-0.038512371739167,100,0.37,0.4962228517469311,0.36105742326835155,0.3700025468400721
nfix,pond,ntp,31,platt_fit,1.3021384142266754,-1.065027264114667,100,0.37,0.4962228517469311,0.5640449955459318,0.3699933691843939
nfix,pond,probe,32,platt_fit,0.7887107141732809,0.20800163271027802,100,0.43,0.4962228517469311,0.38072040013172853,0.4299763224917183
nfix,pond,ntp,32,platt_fit,0.4397859969603253,-0.41665067672842865,100,0.43,0.4962228517469311,0.5508484520376554,0.43002728388441525
nfix,pond,probe,33,platt_fit,0.851450460977454,-0.09329431562877302,100,0.42,0.4962228517469311,0.43245603539343463,0.4200000001374577
nfix,pond,ntp,33,platt_fit,1.153251749006313,-0.6315559382833138,100,0.42,0.4962228517469311,0.5489369965653494,0.42001940353997935
nfix,pond,probe,34,platt_fit,0.7377938715684136,0.1082798011352143,100,0.46,0.4962228517469311,0.43398699874149643,0.45999654350343727
nfix,pond,ntp,34,platt_fit,1.45338416735302,-0.7339541089409076,100,0.46,0.4962228517469311,0.583400320857069,0.45998901654322016
nfix,pond,probe,35,platt_fit,0.5330308588118053,-0.9319413472511114,100,0.31,0.4962228517469311,0.5093326104878801,0.31009827685332203
nfix,pond,ntp,35,platt_fit,0.9113643935688049,-1.2934748796112194,100,0.31,0.4962228517469311,0.5748999609937939,0.3100131469708938
nfix,pond,probe,36,platt_fit,0.5926922920669037,-0.32215403667000986,100,0.48,0.4962228517469311,0.5764015284875753,0.48000723236807746
nfix,pond,ntp,36,platt_fit,1.5607482249719467,-0.48263447025408346,100,0.48,0.4962228517469311,0.565618059872114,0.4799547777915299
nfix,pond,probe,37,platt_fit,0.8103965455165075,0.18096564624965922,100,0.4,0.4962228517469311,0.3595954384322533,0.39997079860626117
nfix,pond,ntp,37,platt_fit,1.0885579350753787,-0.663066442056457,100,0.4,0.4962228517469311,0.5381811349995783,0.39996374510825566
nfix,pond,probe,38,platt_fit,0.43320878311876854,-0.4787477607229515,100,0.36,0.4962228517469311,0.44245975792175146,0.36000119514079565
nfix,pond,ntp,38,platt_fit,0.7597299297382981,-0.8892093425892686,100,0.36,0.4962228517469311,0.5619574139973961,0.3600492018304676
nfix,pond,probe,39,platt_fit,0.8748117293662935,-0.7581476890693627,100,0.25,0.4962228517469311,0.3394579736485905,0.25002108087445896
nfix,pond,ntp,39,platt_fit,1.2559356613647372,-1.3371890152765034,100,0.25,0.4962228517469311,0.5107480854085152,0.2500020292097965
nfix,pond,probe,40,platt_fit,0.7019925506150395,-0.5270116508282083,100,0.46,0.4962228517469311,0.5894196053849444,0.46000249210283434
nfix,pond,ntp,40,platt_fit,1.0604075941760178,-0.6800586885464708,100,0.46,0.4962228517469311,0.5940066834087055,0.45998741460183523
nfix,pond,probe,41,platt_fit,0.6643362669451215,0.11036536818545432,100,0.46,0.4962228517469311,0.4289638014928188,0.46000046473858025
nfix,pond,ntp,41,platt_fit,1.3191344762330297,-0.47446360549588895,100,0.46,0.4962228517469311,0.5525996764311465,0.4600618143664231
nfix,pond,probe,42,platt_fit,0.45809436399094544,-0.23768441549914224,100,0.42,0.4962228517469311,0.46771894410098447,0.42002103009970015
nfix,pond,ntp,42,platt_fit,1.2320789281886495,-0.8702167054767153,100,0.42,0.4962228517469311,0.5823460107140891,0.4200044654885925
nfix,pond,probe,43,platt_fit,0.21798408156371815,0.11301236282870163,100,0.53,0.4962228517469311,0.5110903694133342,0.5300016389888911
nfix,pond,ntp,43,platt_fit,0.6798798791768462,-0.15327151997853158,100,0.53,0.4962228517469311,0.5821772309105531,0.530000394290148
nfix,pond,probe,44,platt_fit,0.4949578720902107,-0.3332321698658895,100,0.36,0.4962228517469311,0.3945667118411672,0.3600028856715998
nfix,pond,ntp,44,platt_fit,0.5308909357685765,-0.7420154347721174,100,0.36,0.4962228517469311,0.5486702533478904,0.36000380419640576
nfix,pond,probe,45,platt_fit,0.13060638007979528,0.4382138163622158,100,0.62,0.4962228517469311,0.5845384277451318,0.6199137672468695
nfix,pond,ntp,45,platt_fit,0.4278112849886609,0.29508655545542,100,0.62,0.4962228517469311,0.5942380789830309,0.6200087173531766
nfix,pond,probe,46,platt_fit,0.6002913228089702,-0.7469714556312897,100,0.37,0.4962228517469311,0.5384763929680797,0.3700003549997622
nfix,pond,ntp,46,platt_fit,1.1146573774223463,-1.252111378372724,100,0.37,0.4962228517469311,0.6047110552608692,0.3699843310297753
nfix,pond,probe,47,platt_fit,0.4084181823736069,-0.4338368884556493,100,0.38,0.4962228517469311,0.46892351405115273,0.3800091093193885
nfix,pond,ntp,47,platt_fit,0.7821985900668742,-0.8760257810518203,100,0.38,0.4962228517469311,0.5825888136503911,0.3799782874957364
nfix,pond,probe,48,platt_fit,0.6548081089770214,-0.012222973530466126,100,0.41,0.4962228517469311,0.4004155093734619,0.41000214603283597
nfix,pond,ntp,48,platt_fit,1.2295779551334853,-0.7930797706061581,100,0.41,0.4962228517469311,0.5623979636523967,0.40995163190707273
nfix,pond,probe,49,platt_fit,1.032811466808334,-0.20113702133084355,100,0.27,0.4962228517469311,0.29924688630841384,0.26999259297107847
nfix,pond,ntp,49,platt_fit,1.5390030780881612,-1.5199817748313185,100,0.27,0.4962228517469311,0.5336812652938723,0.26999723077232407
nfix,pond,probe,50,platt_fit,0.6505656702138901,-0.36369050910975653,100,0.41,0.4962228517469311,0.4851745781870755,0.41000682599304256
nfix,pond,ntp,50,platt_fit,1.4759618229496587,-1.0830910177350124,100,0.41,0.4962228517469311,0.5866887033963181,0.40998593963074087
nfix,pond,probe,51,platt_fit,0.490982102161601,-0.35675270190056513,100,0.41,0.4962228517469311,0.4829255385529645,0.40999747850304774
nfix,pond,ntp,51,platt_fit,0.6767007426500611,-0.5886566539790234,100,0.41,0.4962228517469311,0.5550078126449527,0.4100012002213974
nfix,pond,probe,52,platt_fit,0.09320534077067369,-0.18721052183451214,100,0.47,0.4962228517469311,0.6464393099191851,0.4699930429056263
nfix,pond,ntp,52,platt_fit,0.9972907959305838,-0.5684158423401633,100,0.47,0.4962228517469311,0.5877353605025263,0.4699454137987206
nfix,pond,probe,53,platt_fit,0.37067291823288245,0.042329353650385745,100,0.47,0.4962228517469311,0.44239895329601475,0.47000168074347826
nfix,pond,ntp,53,platt_fit,1.3802164810477775,-0.653550926471235,100,0.47,0.4962228517469311,0.5829518500332557,0.46999205110898856
nfix,pond,probe,54,platt_fit,0.43816747688252,0.09933203186997464,100,0.5,0.4962228517469311,0.4852466404196363,0.5000000264315435
nfix,pond,ntp,54,platt_fit,0.8897254147106894,-0.5495869333359718,100,0.5,0.4962228517469311,0.6200473361169874,0.5000453271001678
nfix,pond,probe,55,platt_fit,0.4291751222015026,-0.5237735520466105,100,0.4,0.4962228517469311,0.5426547430058007,0.4000025829634325
nfix,pond,ntp,55,platt_fit,1.0339342485850114,-0.8290382816077536,100,0.4,0.4962228517469311,0.5699499123057323,0.39996815209386566
nfix,pond,probe,56,platt_fit,0.3221173946515503,-0.7422743371003756,100,0.33,0.4962228517469311,0.5167327779028453,0.3300202382321884
nfix,pond,ntp,56,platt_fit,1.0574151136036432,-1.1545624641500685,100,0.33,0.4962228517469311,0.5628237260726799,0.32999641420649956
nfix,pond,probe,57,platt_fit,0.2924984384579951,-0.35544320259100076,100,0.42,0.4962228517469311,0.5334825106630169,0.4200003932108132
nfix,pond,ntp,57,platt_fit,0.8606140066708146,-0.7690704448303193,100,0.42,0.4962228517469311,0.590361070453083,0.42000016494601383
nfix,pond,probe,58,platt_fit,0.7493203558211431,-0.5500264457006865,100,0.36,0.4962228517469311,0.46098162384223,0.3600441436670518
nfix,pond,ntp,58,platt_fit,1.0531007655015858,-0.8901441051111857,100,0.36,0.4962228517469311,0.543746048836711,0.3600020017294294
nfix,pond,probe,59,platt_fit,0.6090907307053751,0.06359036787364389,100,0.44,0.4962228517469311,0.40356378904906437,0.4400039872597953
nfix,pond,ntp,59,platt_fit,1.2485564060874683,-0.7450383534445102,100,0.44,0.4962228517469311,0.5781760269268836,0.4400246178526804
nfix,pond,probe,60,platt_fit,0.25048240869311006,-0.1688008195106966,100,0.46,0.4962228517469311,0.5083519588857386,0.4600018437777615
nfix,pond,ntp,60,platt_fit,0.5616106995891512,-0.3743577742473828,100,0.46,0.4962228517469311,0.5683045665317362,0.45999216080602706
nfix,pond,probe,61,platt_fit,0.23662936474756532,-0.656163297364155,100,0.33,0.4962228517469311,0.4543042092363438,0.33001388201951165
nfix,pond,ntp,61,platt_fit,0.2524429459952262,-0.7875581522343209,100,0.33,0.4962228517469311,0.5472679524432383,0.3300014112208814
nfix,pond,probe,62,platt_fit,0.7237568641945116,-0.2864534310985328,100,0.38,0.4962228517469311,0.4271634185972997,0.3800002651967101
nfix,pond,ntp,62,platt_fit,1.7980546012440826,-1.4240917846823955,100,0.38,0.4962228517469311,0.5882561823217612,0.3800920013614401
nfix,pond,probe,63,platt_fit,0.34236634027464113,-0.10956940384449491,100,0.5,0.4962228517469311,0.5684179170374302,0.4999971220392841
nfix,pond,ntp,63,platt_fit,0.9734956499124995,-0.34774371407895055,100,0.5,0.4962228517469311,0.57487885585826,0.4999991075323502
nfix,pond,probe,64,platt_fit,0.3755072332149504,0.15756619164371552,100,0.54,0.4962228517469311,0.5240337544966384,0.5399999110070057
nfix,pond,ntp,64,platt_fit,1.205806620290173,-0.47422633795369434,100,0.54,0.4962228517469311,0.6180559368843164,0.5399828900253312
nfix,pond,probe,65,platt_fit,0.8654158388778632,0.41082800655175117,100,0.45,0.4962228517469311,0.37609510827539344,0.44999660073983727
nfix,pond,ntp,65,platt_fit,1.90903405772138,-0.4790984082195345,100,0.45,0.4962228517469311,0.5453463361660992,0.4499889973181769
nfix,pond,probe,66,platt_fit,1.1327662506392975,0.2797772533508629,100,0.45,0.4962228517469311,0.41192713247365764,0.4500197641482909
nfix,pond,ntp,66,platt_fit,1.8953686840459039,-0.6011259906420671,100,0.45,0.4962228517469311,0.5589812609903357,0.44999411860226735
nfix,pond,probe,67,platt_fit,0.41839263896303847,-0.2632209702668364,100,0.43,0.4962228517469311,0.48775848960321305,0.43005042543462485
nfix,pond,ntp,67,platt_fit,1.316919189981263,-0.5584432490139969,100,0.43,0.4962228517469311,0.5426133823965122,0.42999629845186177
nfix,pond,probe,68,platt_fit,0.877357159456602,-0.21422138878297828,100,0.42,0.4962228517469311,0.4548771724808058,0.42003496377079785
nfix,pond,ntp,68,platt_fit,1.600524688268453,-1.0945739965788523,100,0.42,0.4962228517469311,0.589982085481639,0.41995846898083544
nfix,pond,probe,69,platt_fit,1.091520441832658,0.3325668366155962,100,0.49,0.4962228517469311,0.4350665333703333,0.4900848933952058
nfix,pond,ntp,69,platt_fit,1.362538941621134,-0.3897389159221652,100,0.49,0.4962228517469311,0.5624113394146893,0.48999164894539826
nfix,pond,probe,70,platt_fit,0.5027593871677902,-0.281764638021902,100,0.4,0.4962228517469311,0.44630912250233656,0.3999982655654069
nfix,pond,ntp,70,platt_fit,0.6651548868472114,-0.5690658878722878,100,0.4,0.4962228517469311,0.5383158855713134,0.3999971905040847
nfix,pond,probe,71,platt_fit,0.5922815765420114,-0.07338889664919349,100,0.41,0.4962228517469311,0.4114944480535133,0.40999982375391747
nfix,pond,ntp,71,platt_fit,1.125488150788181,-0.6672827946030917,100,0.41,0.4962228517469311,0.5471411372844992,0.4100825353315689
nfix,pond,probe,72,platt_fit,0.37818102160173395,0.3570003041633518,100,0.56,0.4962228517469311,0.4608162455109509,0.5599999456853803
nfix,pond,ntp,72,platt_fit,1.1407850301024394,-0.13359493593809676,100,0.56,0.4962228517469311,0.5822371001694084,0.5599736643935938
nfix,pond,probe,73,platt_fit,0.6749745522533855,-0.10662198215854445,100,0.45,0.4962228517469311,0.47026905493785476,0.4500415387657404
nfix,pond,ntp,73,platt_fit,1.3597616087016653,-0.707548988193199,100,0.45,0.4962228517469311,0.5763803691240751,0.4500045155793026
nfix,pond,probe,74,platt_fit,0.7331244017464942,-0.02380958247755154,100,0.41,0.4962228517469311,0.406477754478137,0.40999992519592593
nfix,pond,ntp,74,platt_fit,1.092345988151898,-0.7133036087888921,100,0.41,0.4962228517469311,0.5557418954949679,0.40999336624207705
nfix,pond,probe,75,platt_fit,-0.08949232719506645,0.17429381365535998,100,0.53,0.4962228517469311,0.6184289627508182,0.5300032545924795
nfix,pond,ntp,75,platt_fit,0.679034972807701,-0.18031250745102403,100,0.53,0.4962228517469311,0.5921685843709247,0.5299931298694041
nfix,pond,probe,76,platt_fit,0.7531806384754496,0.4441827019918478,100,0.48,0.4962228517469311,0.3878278345290528,0.479997026690497
nfix,pond,ntp,76,platt_fit,0.9133894533218941,-0.43060645370998824,100,0.48,0.4962228517469311,0.5740370319152014,0.4799993692966402
nfix,pond,probe,77,platt_fit,-0.008117860796330654,-0.439375064805463,100,0.39,0.4962228517469311,0.6960667643181888,0.390005246187641
nfix,pond,ntp,77,platt_fit,1.293288723590118,-0.9264791183443029,100,0.39,0.4962228517469311,0.5663403559676231,0.3899904362033864
nfix,pond,probe,78,platt_fit,0.36276861682072314,0.0799711774925644,100,0.53,0.4962228517469311,0.5348436267750136,0.5299970845964495
nfix,pond,ntp,78,platt_fit,1.1807973881888385,-0.34166605277436096,100,0.53,0.4962228517469311,0.5909456748843706,0.5300059197486435
nfix,pond,probe,79,platt_fit,1.0715417399113976,0.43512278497775775,100,0.4,0.4962228517469311,0.343618431609588,0.40000412482512687
nfix,pond,ntp,79,platt_fit,1.6985781918789877,-0.9199567377259986,100,0.4,0.4962228517469311,0.5593569713955285,0.3999952325836697
nfix,pond,probe,80,platt_fit,0.21759813040828194,-0.10145474223649636,100,0.46,0.4962228517469311,0.4434753753206577,0.4599917239970672
nfix,pond,ntp,80,platt_fit,0.615868093771582,-0.3441684833393884,100,0.46,0.4962228517469311,0.5538557190695533,0.4599622682621722
nfix,pond,probe,81,platt_fit,-0.0671661416575634,0.024024204595943087,100,0.5,0.4962228517469311,0.5703831972384495,0.4999947667622081
nfix,pond,ntp,81,platt_fit,0.9078025209178491,-0.5464725660812662,100,0.5,0.4962228517469311,0.6197694177347866,0.5000168023076306
nfix,pond,probe,82,platt_fit,0.4161417984414441,-0.8662019975466159,100,0.31,0.4962228517469311,0.513182565600524,0.3100200927568639
nfix,pond,ntp,82,platt_fit,1.3169844269464352,-1.624718725404975,100,0.31,0.4962228517469311,0.5892806219193188,0.3099730657730337
nfix,pond,probe,83,platt_fit,0.6408296860201239,-0.4868642419753524,100,0.33,0.4962228517469311,0.407084267483156,0.3300122295359263
nfix,pond,ntp,83,platt_fit,0.9439913078681543,-1.1038397245760512,100,0.33,0.4962228517469311,0.559148489859885,0.32993734101466615
nfix,pond,probe,84,platt_fit,0.4871621064064636,-0.31180674022702126,100,0.39,0.4962228517469311,0.4389768476272141,0.3900174224869318
nfix,pond,ntp,84,platt_fit,1.5020004818606714,-1.013398908737343,100,0.39,0.4962228517469311,0.5661191198986731,0.39000321098733215
nfix,pond,probe,85,platt_fit,0.47339907347368065,0.4825483537118413,100,0.62,0.4962228517469311,0.5239445941589645,0.6199999348755209
nfix,pond,ntp,85,platt_fit,1.0620711226458992,0.002428208864100918,100,0.62,0.4962228517469311,0.6159389058462196,0.6199521686796569
nfix,pond,probe,86,platt_fit,0.4890254164455699,-0.3499275370161762,100,0.47,0.4962228517469311,0.5952950572655105,0.4699944302968243
nfix,pond,ntp,86,platt_fit,1.4829462513641123,-0.6131370339406568,100,0.47,0.4962228517469311,0.5752898082114085,0.46999210349292464
nfix,pond,probe,87,platt_fit,0.2399046673263076,0.13537546912696596,100,0.58,0.4962228517469311,0.6571944117139608,0.5800042318694733
nfix,pond,ntp,87,platt_fit,0.9752961202001971,-0.35366979815403093,100,0.58,0.4962228517469311,0.650479612290209,0.5799951437837904
nfix,pond,probe,88,platt_fit,0.7344888191241956,0.10674617840459906,100,0.43,0.4962228517469311,0.4125063082850009,0.42999950003466575
nfix,pond,ntp,88,platt_fit,1.645045385061918,-0.995275033086372,100,0.43,0.4962228517469311,0.5857745523533829,0.42998468537981405
nfix,pond,probe,89,platt_fit,0.8076249608340027,0.11072763875151223,100,0.42,0.4962228517469311,0.39620786933473234,0.41999702702011904
nfix,pond,ntp,89,platt_fit,1.5683482289857404,-0.7234046218779502,100,0.42,0.4962228517469311,0.5532882483085766,0.42000598689851565
nfix,pond,probe,90,platt_fit,0.4761536011698354,-0.8309149407909319,100,0.33,0.4962228517469311,0.5264428501623046,0.3300001829739456
nfix,pond,ntp,90,platt_fit,1.2501237912868848,-1.1953779010031182,100,0.33,0.4962228517469311,0.5559361187966629,0.3299973616176598
nfix,pond,probe,91,platt_fit,0.5676661325500992,-0.051800602496109446,100,0.43,0.4962228517469311,0.4324830912083687,0.4299997648376066
nfix,pond,ntp,91,platt_fit,0.7212482363063563,-0.7349957407133767,100,0.43,0.4962228517469311,0.6088493801169532,0.4300251895493465
nfix,pond,probe,92,platt_fit,0.8555961145171006,0.1806755340679303,100,0.34,0.4962228517469311,0.3042819290658501,0.33999328540443285
nfix,pond,ntp,92,platt_fit,1.1693426653345171,-1.0480546080597068,100,0.34,0.4962228517469311,0.5460711042849983,0.33992051047160127
nfix,pond,probe,93,platt_fit,0.486540751165654,-0.46876745281073856,100,0.32,0.4962228517469311,0.3808747277076203,0.3199972068049837
nfix,pond,ntp,93,platt_fit,1.6354246234429783,-1.2918972653401135,100,0.32,0.4962228517469311,0.5450096972968845,0.31999246228766237
nfix,pond,probe,94,platt_fit,0.671333893613441,-0.4125927255045569,100,0.48,0.4962228517469311,0.5916785699610393,0.47999723663450417
nfix,pond,ntp,94,platt_fit,1.1127627583975341,-0.4543112655141535,100,0.48,0.4962228517469311,0.5701742366885871,0.47999129710996835
nfix,pond,probe,95,platt_fit,0.46311553445265397,0.2313682974286512,100,0.53,0.4962228517469311,0.45681182158745265,0.5300000784869731
nfix,pond,ntp,95,platt_fit,0.7674595681404723,-0.2576011208676846,100,0.53,0.4962228517469311,0.600373202667748,0.5299979673321806
nfix,pond,probe,96,platt_fit,0.588802072714895,0.49585004361672025,100,0.57,0.4962228517469311,0.4342951833496294,0.5699619895646196
nfix,pond,ntp,96,platt_fit,1.6461866029634322,-0.005371738446050996,100,0.57,0.4962228517469311,0.5619755865626246,0.5699308817525192
nfix,pond,probe,97,platt_fit,0.6267261128825218,0.40497304086045266,100,0.53,0.4962228517469311,0.4343551582060019,0.5299914650783409
nfix,pond,ntp,97,platt_fit,1.024640330978768,-0.21831749508482123,100,0.53,0.4962228517469311,0.5748849956220046,0.5299920273875218
nfix,pond,probe,98,platt_fit,0.3033175294790467,-0.2504446129225326,100,0.46,0.4962228517469311,0.5632396459309833,0.459999959394896
nfix,pond,ntp,98,platt_fit,0.9171350970456283,-0.5656505487321146,100,0.46,0.4962228517469311,0.5832444580489886,0.4599253834927445
nfix,pond,probe,99,platt_fit,0.3957284549213979,-0.3178540222971159,100,0.46,0.4962228517469311,0.5785743740253099,0.459996888905264
nfix,pond,ntp,99,platt_fit,0.4111544028726638,-0.3317564936577648,100,0.46,0.4962228517469311,0.5779204244439609,0.45997278193108715
nfix,nfix,probe,0,platt_fit,0.3737445884666078,-1.422148269611227,100,0.25,0.4962228517469311,0.6473956737770823,0.25000930586281833
nfix,nfix,ntp,0,platt_fit,1.2920643874581592,-2.0928718997196056,100,0.25,0.4962228517469311,0.6072628443060338,0.24998512590694244
nfix,nfix,probe,1,platt_fit,0.46034670527584565,-0.8987772572651008,100,0.35,0.4962228517469311,0.606983112801026,0.34992020654898115
nfix,nfix,ntp,1,platt_fit,0.9947799946377351,-1.2965743966956542,100,0.35,0.4962228517469311,0.6107306987035902,0.35000532979542415
nfix,nfix,probe,2,platt_fit,0.6415225536260093,-1.485027065915601,100,0.25,0.4962228517469311,0.5724093766699955,0.25003970145059773
nfix,nfix,ntp,2,platt_fit,1.4159438435973195,-2.3563035936772616,100,0.25,0.4962228517469311,0.6114240535041152,0.24998808574840162
nfix,nfix,probe,3,platt_fit,1.0233397723335567,-1.4454980320564095,100,0.24,0.4962228517469311,0.49414020449659257,0.24002202781537002
nfix,nfix,ntp,3,platt_fit,1.4102367189656915,-2.2164757018529806,100,0.24,0.4962228517469311,0.5829494659458578,0.24000449244778488
nfix,nfix,probe,4,platt_fit,0.7630165182642932,-0.8939162940642982,100,0.36,0.4962228517469311,0.5633383151457304,0.360061300240245
nfix,nfix,ntp,4,platt_fit,1.1246823508698847,-1.2062717178341464,100,0.36,0.4962228517469311,0.5927304221494694,0.36000678125085395
nfix,nfix,probe,5,platt_fit,0.8201986896174684,-0.8693593601550882,100,0.35,0.4962228517469311,0.520088036272578,0.35003394172404045
nfix,nfix,ntp,5,platt_fit,1.4107906726673214,-1.6535816707654873,100,0.35,0.4962228517469311,0.610160724339428,0.3499568892398191
nfix,nfix,probe,6,platt_fit,0.5995465582684927,-1.0857486781271966,100,0.31,0.4962228517469311,0.573462000800206,0.310006088251558
nfix,nfix,ntp,6,platt_fit,1.1966407694200405,-1.6318055463091063,100,0.31,0.4962228517469311,0.604451788815932,0.3100009033444166
nfix,nfix,probe,7,platt_fit,1.7308202324873492,-1.8386452210425928,100,0.23,0.4962228517469311,0.4740995178837477,0.22999909791348558
nfix,nfix,ntp,7,platt_fit,1.4520557728848658,-2.194181656856684,100,0.23,0.4962228517469311,0.5750578106547991,0.23000597789969418
nfix,nfix,probe,8,platt_fit,0.7021018735310484,-1.0148158350079421,100,0.32,0.4962228517469311,0.5441853548498969,0.3200026904799707
nfix,nfix,ntp,8,platt_fit,0.6118748575737917,-1.2211260869250344,100,0.32,0.4962228517469311,0.6264304543097783,0.32000768100422355
nfix,nfix,probe,9,platt_fit,0.5121273058729321,-1.5460946145694734,100,0.23,0.4962228517469311,0.5888892289614739,0.22999327057626032
nfix,nfix,ntp,9,platt_fit,1.1749724232715737,-1.8130982950795043,100,0.23,0.4962228517469311,0.5658037479680315,0.23003779967178833
nfix,nfix,probe,10,platt_fit,0.8400143135959399,-2.0506908414970977,100,0.23,0.4962228517469311,0.6261966501630702,0.2299875370927453
nfix,nfix,ntp,10,platt_fit,1.133369647641507,-1.808283223609976,100,0.23,0.4962228517469311,0.5587294005544298,0.22995759591191636
nfix,nfix,probe,11,platt_fit,0.9430613230985991,-1.5939031358389064,100,0.26,0.4962228517469311,0.5925051373866355,0.2600790085247311
nfix,nfix,ntp,11,platt_fit,1.1474165035019654,-2.10536723988108,100,0.26,0.4962228517469311,0.6372012427658101,0.2600053664272484
nfix,nfix,probe,12,platt_fit,0.9045460330223878,-1.5012905970795207,100,0.29,0.4962228517469311,0.5933781841392741,0.2900649674621171
nfix,nfix,ntp,12,platt_fit,1.051411937995505,-1.7072151708538734,100,0.29,0.4962228517469311,0.6100077484247981,0.28999925356352074
nfix,nfix,probe,13,platt_fit,0.7976710739183325,-1.4988994756915885,100,0.27,0.4962228517469311,0.5783712177418969,0.2700036263196614
nfix,nfix,ntp,13,platt_fit,1.5611383510433714,-1.691486293357817,100,0.27,0.4962228517469311,0.5595055008690103,0.26999245624412116
nfix,nfix,probe,14,platt_fit,0.39745907819990844,-1.4063673474089722,100,0.25,0.4962228517469311,0.6094055999664625,0.25002170656894895
nfix,nfix,ntp,14,platt_fit,1.1211989826071849,-2.1905588944983916,100,0.25,0.4962228517469311,0.6345989343305383,0.25000401374138564
nfix,nfix,probe,15,platt_fit,1.2136267393681481,-1.4540974039797356,100,0.28,0.4962228517469311,0.5311228154121231,0.2799854952567772
nfix,nfix,ntp,15,platt_fit,1.5168357166834436,-2.1201942596741783,100,0.28,0.4962228517469311,0.6022782491426809,0.27999708926409345
nfix,nfix,probe,16,platt_fit,0.5539791082301326,-1.7005958474205587,100,0.22,0.4962228517469311,0.6265135601173125,0.2200080378608021
nfix,nfix,ntp,16,platt_fit,1.421869537868635,-2.2519638152084216,100,0.22,0.4962228517469311,0.5836855012907365,0.21999999017926886
nfix,nfix,probe,17,platt_fit,1.1307542002425004,-1.7944359030900314,100,0.3,0.4962228517469311,0.6045799884937404,0.30000237539892416
nfix,nfix,ntp,17,platt_fit,0.8835105683510237,-1.4159102958220755,100,0.3,0.4962228517469311,0.5976030968919476,0.2999940925692218
nfix,nfix,probe,18,platt_fit,0.781621776746998,-1.6052938558517007,100,0.22,0.4962228517469311,0.5145811510167829,0.22001461033247272
nfix,nfix,ntp,18,platt_fit,0.9034523395803358,-2.0365953138735455,100,0.22,0.4962228517469311,0.6189014684741994,0.2200082199921725
nfix,nfix,probe,19,platt_fit,0.6270208871131839,-1.7376544441182096,100,0.22,0.4962228517469311,0.6053532455261553,0.22009497960899668
nfix,nfix,ntp,19,platt_fit,1.2795261504431008,-2.2049391379279006,100,0.22,0.4962228517469311,0.5867286751361422,0.21999110856257886
nfix,nfix,probe,20,platt_fit,1.13564964528002,-1.066266504556617,100,0.35,0.4962228517469311,0.5363897358617689,0.3500279088508255
nfix,nfix,ntp,20,platt_fit,1.6672911670893686,-1.7410997310157126,100,0.35,0.4962228517469311,0.6005986781730911,0.35004939854429984
nfix,nfix,probe,21,platt_fit,0.4866894305510253,-1.3218460574420519,100,0.28,0.4962228517469311,0.6238104478040588,0.2800053465631669
nfix,nfix,ntp,21,platt_fit,1.2353226401233586,-1.9115942807416397,100,0.28,0.4962228517469311,0.607554283496149,0.2799986952160036
nfix,nfix,probe,22,platt_fit,0.6226645008036082,-2.036683414949475,100,0.17,0.4962228517469311,0.5792260260499108,0.17003891212533873
nfix,nfix,ntp,22,platt_fit,0.7175171059707265,-2.1446394754438325,100,0.17,0.4962228517469311,0.6052104530196423,0.17002429052939355
nfix,nfix,probe,23,platt_fit,0.44047198086542466,-1.1342534113998057,100,0.31,0.4962228517469311,0.6235172783939106,0.3099386685348419
nfix,nfix,ntp,23,platt_fit,0.7341193459072317,-1.311640861779435,100,0.31,0.4962228517469311,0.6089865959471473,0.30999674498353136
nfix,nfix,probe,24,platt_fit,1.3340355201837577,-1.812811132181251,100,0.26,0.4962228517469311,0.577010542931925,0.26006572161421515
nfix,nfix,ntp,24,platt_fit,1.5462946995666336,-2.653175854815822,100,0.26,0.4962228517469311,0.6429692678635714,0.25999650970340343
nfix,nfix,probe,25,platt_fit,2.3077601923495528,-2.069337051220022,100,0.24,0.4962228517469311,0.4580611699374557,0.24000007297385062
nfix,nfix,ntp,25,platt_fit,1.6559521178386343,-1.9382935979809692,100,0.24,0.4962228517469311,0.5462002980292116,0.24006367562897665
nfix,nfix,probe,26,platt_fit,0.5435182022318366,-2.1474125247001887,100,0.17,0.4962228517469311,0.6447507063638577,0.1700082063473507
nfix,nfix,ntp,26,platt_fit,1.2602368038697156,-2.442599170246837,100,0.17,0.4962228517469311,0.5737239065067558,0.17003220412522757
nfix,nfix,probe,27,platt_fit,0.176027610485308,-1.3298347701978503,100,0.23,0.4962228517469311,0.6290737200806285,0.23007613437937405
nfix,nfix,ntp,27,platt_fit,0.6775565607731496,-1.6764036698492035,100,0.23,0.4962228517469311,0.6053237374704853,0.23008935673480801
nfix,nfix,probe,28,platt_fit,0.35784767263551825,-1.519123906952481,100,0.24,0.4962228517469311,0.6896691228217747,0.2400073280863449
nfix,nfix,ntp,28,platt_fit,0.9153143748621267,-2.0738944117420677,100,0.24,0.4962228517469311,0.6573837548902737,0.23999650874696854
nfix,nfix,probe,29,platt_fit,0.9156144601276937,-1.7278819248815074,100,0.26,0.4962228517469311,0.5788186068500144,0.2600801983784129
nfix,nfix,ntp,29,platt_fit,1.336214058252421,-2.0744314671141795,100,0.26,0.4962228517469311,0.5951356618603014,0.25999710512828045
nfix,nfix,probe,30,platt_fit,1.0099944100624347,-1.0389309238869056,100,0.29,0.4962228517469311,0.481219368314585,0.2899711302031457
nfix,nfix,ntp,30,platt_fit,0.9850968487040535,-1.5976717165952847,100,0.29,0.4962228517469311,0.6024778059737647,0.28999822906325745
nfix,nfix,probe,31,platt_fit,1.1633773240819725,-1.2940499651406139,100,0.27,0.4962228517469311,0.48607585941466575,0.27003306173535097
nfix,nfix,ntp,31,platt_fit,1.869425856629672,-2.0848758365621283,100,0.27,0.4962228517469311,0.5677188069182388,0.27009327459596416
nfix,nfix,probe,32,platt_fit,1.0000810464887677,-1.0621494848419635,100,0.36,0.4962228517469311,0.585986562372063,0.35995998414366787
nfix,nfix,ntp,32,platt_fit,1.0574918154880606,-1.5130795259624623,100,0.36,0.4962228517469311,0.6455824792627288,0.35999315430563233
nfix,nfix,probe,33,platt_fit,1.2790167217273383,-1.462088053157735,100,0.31,0.4962228517469311,0.5589152641340465,0.3100961922768314
nfix,nfix,ntp,33,platt_fit,0.7724995651573027,-1.375939651478019,100,0.31,0.4962228517469311,0.6192184411927469,0.3100025186638808
nfix,nfix,probe,34,platt_fit,1.2387990450539237,-1.8112878888849333,100,0.23,0.4962228517469311,0.5301978612068511,0.2300075023494802
nfix,nfix,ntp,34,platt_fit,1.041789567307427,-1.7855821777371905,100,0.23,0.4962228517469311,0.5680822023828547,0.230000784344392
nfix,nfix,probe,35,platt_fit,0.23333947081681775,-0.9897592759400222,100,0.31,0.4962228517469311,0.6503683118878625,0.3100097195848113
nfix,nfix,ntp,35,platt_fit,1.2200006024270522,-1.8973799665267395,100,0.31,0.4962228517469311,0.6333890936509635,0.310014304448515
nfix,nfix,probe,36,platt_fit,0.5504392072380274,-0.9638277104281485,100,0.34,0.4962228517469311,0.5845600021858056,0.340043533104968
nfix,nfix,ntp,36,platt_fit,1.0995826213149844,-1.4314454330886777,100,0.34,0.4962228517469311,0.6088402770729776,0.34002695118351384
nfix,nfix,probe,37,platt_fit,0.5951813344657445,-1.5468472499151082,100,0.22,0.4962228517469311,0.552347428736928,0.2200150152048833
nfix,nfix,ntp,37,platt_fit,1.4124860328277622,-2.2340067598734175,100,0.22,0.4962228517469311,0.5709762919819734,0.2200104895555843
nfix,nfix,probe,38,platt_fit,1.1920393184282858,-2.019826623927978,100,0.17,0.4962228517469311,0.498692194476997,0.1699559426474472
nfix,nfix,ntp,38,platt_fit,1.3222917611259226,-2.772343051538889,100,0.17,0.4962228517469311,0.6042903747750173,0.1700044364564132
nfix,nfix,probe,39,platt_fit,0.5524918098163025,-1.4524624337666376,100,0.28,0.4962228517469311,0.6529749682474705,0.2800071750345621
nfix,nfix,ntp,39,platt_fit,0.5562388593990257,-1.3025692085857912,100,0.28,0.4962228517469311,0.6040984601681776,0.28003385159297955
nfix,nfix,probe,40,platt_fit,0.4383660483434704,-1.4651843747688733,100,0.22,0.4962228517469311,0.5503245827510145,0.21998705870981936
nfix,nfix,ntp,40,platt_fit,0.9407214715893916,-1.9237862351727086,100,0.22,0.4962228517469311,0.5948990852754351,0.22000122878221057
nfix,nfix,probe,41,platt_fit,0.608255272364253,-1.4685870406046193,100,0.27,0.4962228517469311,0.6051040967175764,0.2700029698804211
nfix,nfix,ntp,41,platt_fit,1.2045722919993833,-1.9923323144029612,100,0.27,0.4962228517469311,0.6141987026193244,0.2699879513548015
nfix,nfix,probe,42,platt_fit,0.5063888908717148,-1.4342953844625757,100,0.26,0.4962228517469311,0.611087788667634,0.25999243168754504
nfix,nfix,ntp,42,platt_fit,1.082882573743984,-1.650923885123182,100,0.26,0.4962228517469311,0.5793498768614488,0.26001076649868726
nfix,nfix,probe,43,platt_fit,0.7050323705050392,-1.7096735880409413,100,0.22,0.4962228517469311,0.5697284593826696,0.22000031201900316
nfix,nfix,ntp,43,platt_fit,0.9833817635689773,-1.984742200512143,100,0.22,0.4962228517469311,0.6001048488994666,0.22000235546774394
nfix,nfix,probe,44,platt_fit,1.6165785509339414,-1.9480617956314283,100,0.26,0.4962228517469311,0.5738309189371089,0.2599921132410271
nfix,nfix,ntp,44,platt_fit,1.1361382601828554,-1.999486166991092,100,0.26,0.4962228517469311,0.6157878487493547,0.2600702441384149
nfix,nfix,probe,45,platt_fit,0.27993474176235994,-1.1228661307412233,100,0.28,0.4962228517469311,0.6080345204761598,0.280000015939148
nfix,nfix,ntp,45,platt_fit,1.0801498788714248,-1.6751122070093736,100,0.28,0.4962228517469311,0.5962474954627309,0.27999759193513163
nfix,nfix,probe,46,platt_fit,0.20381161290315591,-1.0317673762735284,100,0.31,0.4962228517469311,0.7049293567776939,0.3100320701721864
nfix,nfix,ntp,46,platt_fit,0.8073138088812281,-1.477380409311322,100,0.31,0.4962228517469311,0.6399408579052814,0.31003057311807575
nfix,nfix,probe,47,platt_fit,0.8099818300715274,-1.5922779966519287,100,0.31,0.4962228517469311,0.665453603750587,0.3099994501412498
nfix,nfix,ntp,47,platt_fit,0.897141440778846,-1.5828002155155048,100,0.31,0.4962228517469311,0.6431798090486113,0.3100551062264937
nfix,nfix,probe,48,platt_fit,0.44315527277380323,-1.204248121401233,100,0.28,0.4962228517469311,0.5923959163139699,0.28000143387593524
nfix,nfix,ntp,48,platt_fit,1.175268716243744,-1.8266529134492973,100,0.28,0.4962228517469311,0.6031360263173248,0.2799993129491465
nfix,nfix,probe,49,platt_fit,1.2064823650776126,-1.6064465977124684,100,0.25,0.4962228517469311,0.5440294544921602,0.25002341673310435
nfix,nfix,ntp,49,platt_fit,1.1068787176931094,-1.9481592460416182,100,0.25,0.4962228517469311,0.5961641987384416,0.2499953784028461
nfix,nfix,probe,50,platt_fit,0.4774084039582138,-0.985861473306098,100,0.33,0.4962228517469311,0.5917692810062406,0.330029430621495
nfix,nfix,ntp,50,platt_fit,0.7104438120617969,-1.2491511447206884,100,0.33,0.4962228517469311,0.6238501122005304,0.32999887954393087
nfix,nfix,probe,51,platt_fit,1.851477941645655,-2.1000765789992557,100,0.22,0.4962228517469311,0.5081185134277612,0.22004046321678314
nfix,nfix,ntp,51,platt_fit,1.0608553437196355,-2.1183679981846106,100,0.22,0.4962228517469311,0.6073698819558182,0.22000593451775405
nfix,nfix,probe,52,platt_fit,0.11533488210201795,-0.7778146384018114,100,0.35,0.4962228517469311,0.7574220228588509,0.35000281286142
nfix,nfix,ntp,52,platt_fit,0.5466536301885064,-1.0216435870951996,100,0.35,0.4962228517469311,0.6299127337335061,0.35000728669157943
nfix,nfix,probe,53,platt_fit,0.8604201101001698,-2.0692826684550005,100,0.19,0.4962228517469311,0.576092125817536,0.19006507632322955
nfix,nfix,ntp,53,platt_fit,1.4863864269793527,-2.714400160437114,100,0.19,0.4962228517469311,0.5868706801459495,0.19000683001042734
nfix,nfix,probe,54,platt_fit,1.2716656759166798,-2.2475632130790415,100,0.21,0.4962228517469311,0.587151582832248,0.21000293751671667
nfix,nfix,ntp,54,platt_fit,1.4002718647655263,-2.7316533037806834,100,0.21,0.4962228517469311,0.6284446600803897,0.2100049430818729
nfix,nfix,probe,55,platt_fit,0.3276645342111064,-1.0407748714475258,100,0.32,0.4962228517469311,0.6499849524710589,0.31999296337140937
nfix,nfix,ntp,55,platt_fit,1.0041187249635017,-1.3765068640514162,100,0.32,0.4962228517469311,0.5932678901384982,0.3200001607883764
nfix,nfix,probe,56,platt_fit,0.6134744792076517,-1.9179187010513457,100,0.19,0.4962228517469311,0.6040917491934649,0.1900105231424585
nfix,nfix,ntp,56,platt_fit,1.8449724563985257,-3.2590437355494486,100,0.19,0.4962228517469311,0.6066117913993465,0.18998950315954835
nfix,nfix,probe,57,platt_fit,0.503599532427962,-1.5214958511630892,100,0.25,0.4962228517469311,0.6194271138923519,0.25000987146701276
nfix,nfix,ntp,57,platt_fit,0.949432606189499,-1.857055799607844,100,0.25,0.4962228517469311,0.6124319588305019,0.25008454886107706
nfix,nfix,probe,58,platt_fit,0.16223767262159772,-1.1442079328853094,100,0.26,0.4962228517469311,0.6166592137808137,0.260023250174538
nfix,nfix,ntp,58,platt_fit,0.8385373991408787,-1.7525732277050667,100,0.26,0.4962228517469311,0.6217779245501819,0.2600929270028822
nfix,nfix,probe,59,platt_fit,0.9913459804310958,-1.0510095612952302,100,0.32,0.4962228517469311,0.5251850009458985,0.3200318252774547
nfix,nfix,ntp,59,platt_fit,1.017029419757341,-1.7448608209659509,100,0.32,0.4962228517469311,0.6519520690467295,0.320003331892731
nfix,nfix,probe,60,platt_fit,0.8539657537629506,-1.9252998755961082,100,0.18,0.4962228517469311,0.5164418359202664,0.18004916117019198
nfix,nfix,ntp,60,platt_fit,0.7412862824221603,-1.9918299479490655,100,0.18,0.4962228517469311,0.5867604570940563,0.1800044462057817
nfix,nfix,probe,61,platt_fit,1.2650882213441648,-1.4683045541248394,100,0.3,0.4962228517469311,0.5412440849624602,0.30000267900813915
nfix,nfix,ntp,61,platt_fit,0.8993123235483083,-1.4888137999343778,100,0.3,0.4962228517469311,0.6048644684439741,0.2999993395243337
nfix,nfix,probe,62,platt_fit,0.6440556599427687,-1.763709982811737,100,0.21,0.4962228517469311,0.5843106421597316,0.21004463307391855
nfix,nfix,ntp,62,platt_fit,0.7541114176740462,-1.8853230253062905,100,0.21,0.4962228517469311,0.6091134713686699,0.21000301405170563
nfix,nfix,probe,63,platt_fit,0.2383869854212898,-1.8446064425749684,100,0.17,0.4962228517469311,0.6947331579839837,0.1699926205375356
nfix,nfix,ntp,63,platt_fit,0.7076918009922447,-2.2204159499521916,100,0.17,0.4962228517469311,0.6352279967008019,0.1700278982907397
nfix,nfix,probe,64,platt_fit,0.8901061635855979,-1.4974826858354557,100,0.25,0.4962228517469311,0.525816661055834,0.25001068611592486
nfix,nfix,ntp,64,platt_fit,1.2455683872075929,-1.8749106407071512,100,0.25,0.4962228517469311,0.5778914867019951,0.25002197368853396
nfix,nfix,probe,65,platt_fit,0.5316006672654233,-1.2971640881043214,100,0.27,0.4962228517469311,0.600935032403957,0.2700613604175265
nfix,nfix,ntp,65,platt_fit,0.4360515804590604,-1.3593439536895637,100,0.27,0.4962228517469311,0.6418000754329679,0.27002910934011576
nfix,nfix,probe,66,platt_fit,1.0930277224819978,-1.567912371393265,100,0.26,0.4962228517469311,0.5117965718488224,0.2600242332399648
nfix,nfix,ntp,66,platt_fit,1.5315387123405904,-2.4601313439696697,100,0.26,0.4962228517469311,0.6127159043940386,0.26003305188342074
nfix,nfix,probe,67,platt_fit,0.39803821554478813,-1.1726420648297888,100,0.29,0.4962228517469311,0.6218600679051882,0.2900076975777164
nfix,nfix,ntp,67,platt_fit,1.112761840578175,-1.945453732702463,100,0.29,0.4962228517469311,0.6380585291904951,0.28998678710678805
nfix,nfix,probe,68,platt_fit,0.1944672190362578,-1.2780876703469803,100,0.25,0.4962228517469311,0.6682562050782375,0.25005621142964374
nfix,nfix,ntp,68,platt_fit,1.3338015648373938,-2.004843724619744,100,0.25,0.4962228517469311,0.5913468562870631,0.25000225325782816
nfix,nfix,probe,69,platt_fit,0.5843506017859131,-1.0560055954365912,100,0.32,0.4962228517469311,0.580684701145005,0.3200019019112489
nfix,nfix,ntp,69,platt_fit,1.0128098216931158,-1.6235721434339019,100,0.32,0.4962228517469311,0.6325604794849725,0.3200056731124459
nfix,nfix,probe,70,platt_fit,1.305981846917587,-1.5493809762632942,100,0.29,0.4962228517469311,0.5405280355192001,0.2900058388783144
nfix,nfix,ntp,70,platt_fit,1.3248415175556139,-1.9433243060358385,100,0.29,0.4962228517469311,0.6061959032708963,0.29001908892612394
nfix,nfix,probe,71,platt_fit,0.5371436722211461,-1.5073338540177674,100,0.22,0.4962228517469311,0.5553399577770564,0.2200080976947691
nfix,nfix,ntp,71,platt_fit,0.8390751499068951,-1.7809276886849326,100,0.22,0.4962228517469311,0.5798102500680711,0.2200397888344539
nfix,nfix,probe,72,platt_fit,1.1755247716268562,-1.2463996022558692,100,0.31,0.4962228517469311,0.5292981331188844,0.30999308514989243
nfix,nfix,ntp,72,platt_fit,1.6004851232324817,-1.6849495994275323,100,0.31,0.4962228517469311,0.5751796441868072,0.30999931851557455
nfix,nfix,probe,73,platt_fit,0.6510167612608103,-1.162020340755856,100,0.3,0.4962228517469311,0.5621897684364298,0.3000415344648021
nfix,nfix,ntp,73,platt_fit,0.7874095342155398,-1.393244650414353,100,0.3,0.4962228517469311,0.6084883123821669,0.3000042439752538
nfix,nfix,probe,74,platt_fit,1.2618649028022353,-1.6863174711800308,100,0.24,0.4962228517469311,0.519440115971196,0.2400366355746459
nfix,nfix,ntp,74,platt_fit,1.2309211861817646,-2.027746925802786,100,0.24,0.4962228517469311,0.5878829154960994,0.24007089838188356
nfix,nfix,probe,75,platt_fit,0.2615735394098567,-0.9768538810411822,100,0.32,0.4962228517469311,0.6470993457672877,0.3200203568506624
nfix,nfix,ntp,75,platt_fit,1.0191944291142776,-1.594220766682901,100,0.32,0.4962228517469311,0.6279061067508589,0.3200035282754191
nfix,nfix,probe,76,platt_fit,1.097028692639534,-1.8090337134316958,100,0.21,0.4962228517469311,0.5117270023747451,0.21002892310601506
nfix,nfix,ntp,76,platt_fit,1.4502374176865978,-2.6516957168163,100,0.21,0.4962228517469311,0.6057506481076897,0.2099973020194026
nfix,nfix,probe,77,platt_fit,0.44429451214191534,-1.4810064905687665,100,0.28,0.4962228517469311,0.6959542189961938,0.28000573402818824
nfix,nfix,ntp,77,platt_fit,1.3648769658214601,-2.1546253318636794,100,0.28,0.4962228517469311,0.6280145312372902,0.27997626550663673
nfix,nfix,probe,78,platt_fit,0.4727946904386631,-1.0656677945261213,100,0.35,0.4962228517469311,0.6668635000525986,0.35000130308693644
nfix,nfix,ntp,78,platt_fit,1.234594462104105,-1.7631155382934323,100,0.35,0.4962228517469311,0.6441100587095778,0.3500203344196776
nfix,nfix,probe,79,platt_fit,1.2806652736307904,-1.6349243575278274,100,0.21,0.4962228517469311,0.4680971334065157,0.209999574503842
nfix,nfix,ntp,79,platt_fit,1.3476374220480836,-2.3886095663428417,100,0.21,0.4962228517469311,0.5877979634833688,0.20998893481884803
nfix,nfix,probe,80,platt_fit,1.1454813687573604,-1.444535309929527,100,0.27,0.4962228517469311,0.5436468670120914,0.2700906120890222
nfix,nfix,ntp,80,platt_fit,0.9079987723603138,-1.5672272410332557,100,0.27,0.4962228517469311,0.5903780517251381,0.27000185405876426
nfix,nfix,probe,81,platt_fit,0.576330009641092,-1.564811369474592,100,0.22,0.4962228517469311,0.5518378228818572,0.2200066976861346
nfix,nfix,ntp,81,platt_fit,0.758419414095674,-1.7221202764080799,100,0.22,0.4962228517469311,0.5853647251939568,0.22005944439102204
nfix,nfix,probe,82,platt_fit,0.27853336841803306,-0.7287600265414889,100,0.38,0.4962228517469311,0.6615929942248461,0.37999997870603186
nfix,nfix,ntp,82,platt_fit,1.363654425687503,-1.5355034453407348,100,0.38,0.4962228517469311,0.6221453180461514,0.38003043601106745
nfix,nfix,probe,83,platt_fit,1.212788033178495,-2.27675293291943,100,0.18,0.4962228517469311,0.5276688105240686,0.1799974777899531
nfix,nfix,ntp,83,platt_fit,1.9931833556871799,-3.6426400441518663,100,0.18,0.4962228517469311,0.5966196569313198,0.18006822699346592
nfix,nfix,probe,84,platt_fit,0.7156985501101417,-1.8329564865079297,100,0.23,0.4962228517469311,0.5990162124662536,0.23000346167228986
nfix,nfix,ntp,84,platt_fit,1.0139821673499985,-2.0315750129281445,100,0.23,0.4962228517469311,0.6039408380077674,0.22998403085438793
nfix,nfix,probe,85,platt_fit,0.7170012434588687,-1.1452618586028438,100,0.34,0.4962228517469311,0.6079114798424374,0.34000161718537314
nfix,nfix,ntp,85,platt_fit,0.7169214595522703,-1.1790664162726148,100,0.34,0.4962228517469311,0.6168707606454575,0.34001196065758416
nfix,nfix,probe,86,platt_fit,0.2356104418436483,-1.4239427789652532,100,0.22,0.4962228517469311,0.6177522339471438,0.22008259773372957
nfix,nfix,ntp,86,platt_fit,1.474575556450738,-2.292454438171337,100,0.22,0.4962228517469311,0.5836512987450683,0.219982823411823
nfix,nfix,probe,87,platt_fit,0.34243618010018706,-1.6051096908249445,100,0.21,0.4962228517469311,0.6332330857561532,0.21000275142278096
nfix,nfix,ntp,87,platt_fit,1.0964518200548845,-2.2589706691783564,100,0.21,0.4962228517469311,0.616942285282722,0.21002351167867583
nfix,nfix,probe,88,platt_fit,0.7291409497517478,-1.3715547625802982,100,0.3,0.4962228517469311,0.6025196257494605,0.30004842389316666
nfix,nfix,ntp,88,platt_fit,0.9145847835077572,-1.5805999325218765,100,0.3,0.4962228517469311,0.6219946592291806,0.2999973126304267
nfix,nfix,probe,89,platt_fit,1.7977661142929233,-2.117682126230516,100,0.25,0.4962228517469311,0.5291559982361758,0.24998849530187703
nfix,nfix,ntp,89,platt_fit,1.1983268076718951,-2.0102469500770885,100,0.25,0.4962228517469311,0.6033278783941116,0.24997934654975645
nfix,nfix,probe,90,platt_fit,0.10884490243510694,-1.3133823036325272,100,0.23,0.4962228517469311,0.6796811047060528,0.22999469803754036
nfix,nfix,ntp,90,platt_fit,0.4538308506035268,-1.5237289922387312,100,0.23,0.4962228517469311,0.6141742830841919,0.22999643644774173
nfix,nfix,probe,91,platt_fit,0.8479600938835694,-1.133382196724574,100,0.29,0.4962228517469311,0.5086926813173807,0.28998191237304627
nfix,nfix,ntp,91,platt_fit,1.401191754454144,-2.006527628020884,100,0.29,0.4962228517469311,0.6072362401650857,0.29001186935731554
nfix,nfix,probe,92,platt_fit,0.8203696263935304,-1.0669300389240561,100,0.35,0.4962228517469311,0.5857728860174096,0.350000934083751
nfix,nfix,ntp,92,platt_fit,1.2961659900591416,-1.3898849395119468,100,0.35,0.4962228517469311,0.5917715243001008,0.35000158852229984
nfix,nfix,probe,93,platt_fit,0.4186511469420586,-1.238434984536028,100,0.26,0.4962228517469311,0.5729802349623417,0.2600803736903535
nfix,nfix,ntp,93,platt_fit,0.8223657207284364,-1.4859360813181564,100,0.26,0.4962228517469311,0.5716185174938831,0.26000106152806857
nfix,nfix,probe,94,platt_fit,1.0551726907151084,-2.1478605650840503,100,0.25,0.4962228517469311,0.6340182982521514,0.24998299067536028
nfix,nfix,ntp,94,platt_fit,1.6401536770841272,-2.302457549446557,100,0.25,0.4962228517469311,0.5866078482666153,0.2500101524328188
nfix,nfix,probe,95,platt_fit,0.9917158488824342,-1.290524601754387,100,0.3,0.4962228517469311,0.548732367142274,0.30006634109383773
nfix,nfix,ntp,95,platt_fit,0.7747644184179034,-1.2529209623838946,100,0.3,0.4962228517469311,0.5820599758820607,0.3000055031436584
nfix,nfix,probe,96,platt_fit,1.5747923727227475,-2.4520119737475916,100,0.24,0.4962228517469311,0.5854095544787532,0.24000981667285234
nfix,nfix,ntp,96,platt_fit,1.3721683673311396,-2.624360377266311,100,0.24,0.4962228517469311,0.640926997377663,0.24009239615557104
nfix,nfix,probe,97,platt_fit,1.0464793727313508,-1.16512825745905,100,0.31,0.4962228517469311,0.5294891113457144,0.31002418328187287
nfix,nfix,ntp,97,platt_fit,1.1366953564389923,-2.0437800833084965,100,0.31,0.4962228517469311,0.669725512101028,0.3100486492668202
nfix,nfix,probe,98,platt_fit,0.6335856983777645,-1.4589228565551522,100,0.27,0.4962228517469311,0.6063163942354769,0.2699912198426075
nfix,nfix,ntp,98,platt_fit,1.2980582226481048,-2.2796322613236675,100,0.27,0.4962228517469311,0.6374290309022261,0.2700002171729186
nfix,nfix,probe,99,platt_fit,0.33563079509503074,-1.5800133268300736,100,0.21,0.4962228517469311,0.6143843249485637,0.21000449771951477
nfix,nfix,ntp,99,platt_fit,0.9505212912916087,-2.1278782606950353,100,0.21,0.4962228517469311,0.6200431780933934,0.21001482610708222
nfix,supermat,probe,0,platt_fit,-0.05585139503694996,-1.0034048666328008,100,0.26,0.4962228517469311,0.6402570201570361,0.26000326525363504
nfix,supermat,ntp,0,platt_fit,1.6527847141978338,-1.240420727273248,100,0.26,0.4962228517469311,0.5024077763785931,0.25999273389118516
nfix,supermat,probe,1,platt_fit,0.028621127125832473,-1.0664966766789228,100,0.26,0.4962228517469311,0.6283351703398439,0.2600003247057062
nfix,supermat,ntp,1,platt_fit,2.6087262151664956,-1.318804293991627,100,0.26,0.4962228517469311,0.5102586086256895,0.260001717001495
nfix,supermat,probe,2,platt_fit,0.24346612144918756,-0.5297218498270246,100,0.39,0.4962228517469311,0.5629794182816026,0.39000537310469885
nfix,supermat,ntp,2,platt_fit,0.9743321370959557,-0.6616411333688462,100,0.39,0.4962228517469311,0.5328814254514275,0.38998517241054453
nfix,supermat,probe,3,platt_fit,0.5039370485195824,-0.8725696070240897,100,0.35,0.4962228517469311,0.5683068679873948,0.350000842889376
nfix,supermat,ntp,3,platt_fit,1.7676873833481779,-0.967046013122693,100,0.35,0.4962228517469311,0.5334013896831826,0.34993169088290266
nfix,supermat,probe,4,platt_fit,0.1966830342376674,-0.6605468259387208,100,0.36,0.4962228517469311,0.5754840145288249,0.3600151054886203
nfix,supermat,ntp,4,platt_fit,1.0328452026652768,-0.7379729503678443,100,0.36,0.4962228517469311,0.5198830270729602,0.3599877664894526
nfix,supermat,probe,5,platt_fit,0.2297102138371566,-0.5174866987899638,100,0.42,0.4962228517469311,0.6433770266076642,0.41999263275483156
nfix,supermat,ntp,5,platt_fit,1.398009486090095,-0.47662575092405834,100,0.42,0.4962228517469311,0.5227750229624355,0.4200075354840211
nfix,supermat,probe,6,platt_fit,0.0628780462915475,-1.1380450953685943,100,0.25,0.4962228517469311,0.6141467135699732,0.2500610183584191
nfix,supermat,ntp,6,platt_fit,1.6882551048213175,-1.4470581803268283,100,0.25,0.4962228517469311,0.5148947672877702,0.25002211550082004
nfix,supermat,probe,7,platt_fit,0.516284387396079,-0.7684504072797786,100,0.38,0.4962228517469311,0.5916859876141737,0.38005751886073363
nfix,supermat,ntp,7,platt_fit,0.9837613826604266,-0.658861341675639,100,0.38,0.4962228517469311,0.5242054604685685,0.37999391668176297
nfix,supermat,probe,8,platt_fit,0.04539468545419579,-1.178284087183384,100,0.24,0.4962228517469311,0.606867311248141,0.24001993160459367
nfix,supermat,ntp,8,platt_fit,1.3567748742600672,-1.1629926290832322,100,0.24,0.4962228517469311,0.48324334527679164,0.24000216152223688
nfix,supermat,probe,9,platt_fit,0.5203500306353718,-0.7160973759371786,100,0.4,0.4962228517469311,0.604111330474319,0.4000028063574893
nfix,supermat,ntp,9,platt_fit,1.5850275340682818,-0.7949761185464662,100,0.4,0.4962228517469311,0.5480664371621906,0.39998542393208536
nfix,supermat,probe,10,platt_fit,0.026043625667003696,-0.6890143541649263,100,0.34,0.4962228517469311,0.6796544379145506,0.340001614402143
nfix,supermat,ntp,10,platt_fit,0.7598148031984026,-0.9569316220243781,100,0.34,0.4962228517469311,0.5585882466876045,0.3400051571581606
nfix,supermat,probe,11,platt_fit,0.2287531560324137,-0.3706056960849432,100,0.44,0.4962228517469311,0.6044143299875955,0.43998776120503436
nfix,supermat,ntp,11,platt_fit,5.197125080364471,0.12867985672933668,100,0.44,0.4962228517469311,0.5269523697103259,0.4399772387592356
nfix,supermat,probe,12,platt_fit,0.2360200130837778,-0.9457901264584178,100,0.32,0.4962228517469311,0.6434549313109496,0.32000322040989426
nfix,supermat,ntp,12,platt_fit,1.8609810464353984,-0.9136495614478428,100,0.32,0.4962228517469311,0.5104193665152397,0.32009294490550494
nfix,supermat,probe,13,platt_fit,0.2505780403080239,-0.3115238436341603,100,0.46,0.4962228517469311,0.6184329529142902,0.4600054644664918
nfix,supermat,ntp,13,platt_fit,1.0414332370675743,-0.38973770607811486,100,0.46,0.4962228517469311,0.5435010658997765,0.4600093401702049
nfix,supermat,probe,14,platt_fit,0.16538186159844054,-0.9717692192981487,100,0.31,0.4962228517469311,0.6848274557628043,0.31001187646746
nfix,supermat,ntp,14,platt_fit,1.8481952324003563,-1.4052738868833263,100,0.31,0.4962228517469311,0.5444113423833042,0.3099993055429716
nfix,supermat,probe,15,platt_fit,0.4592604897077331,-0.30346779909926597,100,0.53,0.4962228517469311,0.6701314295746086,0.5299955037306916
nfix,supermat,ntp,15,platt_fit,1.5510348953734732,-0.17131010253881956,100,0.53,0.4962228517469311,0.5603752008931283,0.5299819313383491
nfix,supermat,probe,16,platt_fit,0.7233602285267527,-1.5105188017436029,100,0.29,0.4962228517469311,0.6031536154416398,0.2900116827759207
nfix,supermat,ntp,16,platt_fit,1.9124379719019653,-1.3124706323113604,100,0.29,0.4962228517469311,0.5247053911540185,0.28999804994154743
nfix,supermat,probe,17,platt_fit,0.023607878658891558,-1.2213132168184695,100,0.23,0.4962228517469311,0.6013576949161299,0.23002791352344862
nfix,supermat,ntp,17,platt_fit,1.8613162598218682,-1.4405674682287128,100,0.23,0.4962228517469311,0.5011138363210061,0.22998426100305522
nfix,supermat,probe,18,platt_fit,0.3524461051052007,-1.1314797692114198,100,0.29,0.4962228517469311,0.6006292426660598,0.28995693932084565
nfix,supermat,ntp,18,platt_fit,1.8475027007227927,-1.3270674363076729,100,0.29,0.4962228517469311,0.5271819591927879,0.2899085705459626
nfix,supermat,probe,19,platt_fit,0.5680774837797683,-0.7495712550828497,100,0.38,0.4962228517469311,0.5682601010211472,0.3800026390648488
nfix,supermat,ntp,19,platt_fit,1.6423509997383332,-0.8795364273788551,100,0.38,0.4962228517469311,0.5445205424146405,0.38001290773733953
nfix,supermat,probe,20,platt_fit,0.3036969598328824,-0.9005488566683558,100,0.34,0.4962228517469311,0.6336076072119492,0.3400219554467433
nfix,supermat,ntp,20,platt_fit,1.319392818855732,-1.151160466359548,100,0.34,0.4962228517469311,0.5544256463397101,0.3400019838194143
nfix,supermat,probe,21,platt_fit,0.12296619801819933,-0.9429637846599169,100,0.3,0.4962228517469311,0.6351288904041096,0.3000008961826238
nfix,supermat,ntp,21,platt_fit,2.862429610271621,-0.8700887129976167,100,0.3,0.4962228517469311,0.5049078350065609,0.2999783856231541
nfix,supermat,probe,22,platt_fit,0.07694411904364729,-1.1879301472616235,100,0.24,0.4962228517469311,0.5748484950658024,0.24000184327946492
nfix,supermat,ntp,22,platt_fit,2.767956413452226,-1.9186067291423035,100,0.24,0.4962228517469311,0.5271456139298316,0.23999635716274448
nfix,supermat,probe,23,platt_fit,0.28719096945440364,-0.863407827924336,100,0.34,0.4962228517469311,0.6113774718668867,0.34000293238615414
nfix,supermat,ntp,23,platt_fit,1.7161319106685469,-0.718394540846185,100,0.34,0.4962228517469311,0.5016444546708392,0.3399781100884738
nfix,supermat,probe,24,platt_fit,0.5836434555461952,-0.8373946106582132,100,0.34,0.4962228517469311,0.5267569184538161,0.3399984734505289
nfix,supermat,ntp,24,platt_fit,1.4779425965031983,-0.9854564232274027,100,0.34,0.4962228517469311,0.5314003220284907,0.3400270514415751
nfix,supermat,probe,25,platt_fit,0.13409498027332437,-0.5476929207497012,100,0.39,0.4962228517469311,0.6274246833008448,0.38992620046031107
nfix,supermat,ntp,25,platt_fit,4.658686461998034,-0.3409339488916622,100,0.39,0.4962228517469311,0.5372899307484951,0.3899259689749565
nfix,supermat,probe,26,platt_fit,0.5390605958268908,-1.1885473384968734,100,0.33,0.4962228517469311,0.6319949335439587,0.33001269968751323
nfix,supermat,ntp,26,platt_fit,2.2565858952857374,-0.6648672022151605,100,0.33,0.4962228517469311,0.4965616680961718,0.3300206012983908
nfix,supermat,probe,27,platt_fit,0.403890176410206,-0.4783250982981346,100,0.46,0.4962228517469311,0.6428163731952526,0.4599986939464604
nfix,supermat,ntp,27,platt_fit,2.152764498503277,-0.4852924815259808,100,0.46,0.4962228517469311,0.5542678107749043,0.4599957072367487
nfix,supermat,probe,28,platt_fit,0.5437936601336107,-0.7297898108610412,100,0.43,0.4962228517469311,0.6380329807761033,0.4299911285276679
nfix,supermat,ntp,28,platt_fit,1.3821440154551656,-0.45340553160479513,100,0.43,0.4962228517469311,0.5268665611414216,0.43000500022617466
nfix,supermat,probe,29,platt_fit,0.07891288590443511,-1.1318279789148689,100,0.26,0.4962228517469311,0.6894753304528526,0.2600006037110876
nfix,supermat,ntp,29,platt_fit,2.7433283456703488,-1.2145411012308975,100,0.26,0.4962228517469311,0.5060400615423988,0.26005950223499774
nfix,supermat,probe,30,platt_fit,-0.018419094979091787,-0.560513560084894,100,0.36,0.4962228517469311,0.6564557849999924,0.3600379230871286
nfix,supermat,ntp,30,platt_fit,1.341022339618572,-0.8622727372081939,100,0.36,0.4962228517469311,0.532342039009858,0.3600035541759663
nfix,supermat,probe,31,platt_fit,0.4265598068818555,-0.8256967483108754,100,0.35,0.4962228517469311,0.5746146166627915,0.35001321324803697
nfix,supermat,ntp,31,platt_fit,1.0778027008976516,-0.7740244609303434,100,0.35,0.4962228517469311,0.5153204271741935,0.3499691973512894
nfix,supermat,probe,32,platt_fit,0.3518356566169751,-1.2700395140278373,100,0.28,0.4962228517469311,0.6384269832669373,0.2800834992345242
nfix,supermat,ntp,32,platt_fit,27.476090102299125,3.9669928170085402,100,0.28,0.4962228517469311,0.5030757794764426,0.2799218021583053
nfix,supermat,probe,33,platt_fit,0.5704136535132649,-0.7279603030050783,100,0.43,0.4962228517469311,0.6342938736078566,0.43003162347273116
nfix,supermat,ntp,33,platt_fit,1.2314398931213306,-0.6375662681837851,100,0.43,0.4962228517469311,0.5556086337331199,0.43001140505112284
nfix,supermat,probe,34,platt_fit,0.2534556976751005,-0.6878493490658376,100,0.36,0.4962228517469311,0.570065336213084,0.35999968136865396
nfix,supermat,ntp,34,platt_fit,2.1008256092364563,-1.0173702828137974,100,0.36,0.4962228517469311,0.5422425437031938,0.36000151491254534
nfix,supermat,probe,35,platt_fit,0.4375197414531426,-0.7192309690481731,100,0.4,0.4962228517469311,0.6243238444239986,0.4000977972082546
nfix,supermat,ntp,35,platt_fit,1.3442767777240894,-1.1510879517777637,100,0.4,0.4962228517469311,0.5931469244798001,0.40001568535399484
nfix,supermat,probe,36,platt_fit,0.537655300357945,-1.7043316409283369,100,0.22,0.4962228517469311,0.6183721413008663,0.22000198901845525
nfix,supermat,ntp,36,platt_fit,1.4407664163617897,-1.3870749096154218,100,0.22,0.4962228517469311,0.4918176570461244,0.2199562560012237
nfix,supermat,probe,37,platt_fit,0.3570166467772186,-0.7206728159965547,100,0.4,0.4962228517469311,0.6478353944312956,0.399999506566581
nfix,supermat,ntp,37,platt_fit,1.4643725664810183,-0.7090783190964359,100,0.4,0.4962228517469311,0.5396769337894316,0.39998977918468176
nfix,supermat,probe,38,platt_fit,-0.18211353788038961,-1.0533452961415781,100,0.24,0.4962228517469311,0.6142911048544238,0.23999953568706198
nfix,supermat,ntp,38,platt_fit,1.4846785384372931,-1.7113748953223173,100,0.24,0.4962228517469311,0.5335080481119107,0.24001406689638746
nfix,supermat,probe,39,platt_fit,0.47318343311025884,-0.9490026557888126,100,0.35,0.4962228517469311,0.6017445101922111,0.3500058003511088
nfix,supermat,ntp,39,platt_fit,1.725321494557082,-1.1100568948617209,100,0.35,0.4962228517469311,0.5463120784573703,0.3499961559842577
nfix,supermat,probe,40,platt_fit,0.38474968494571665,-0.9392296414625892,100,0.35,0.4962228517469311,0.6401993177593971,0.35000225230565163
nfix,supermat,ntp,40,platt_fit,1.6769150239061128,-1.047160027215684,100,0.35,0.4962228517469311,0.5411991057900616,0.3499889121536569
nfix,supermat,probe,41,platt_fit,0.8387732633959178,-0.917878743824041,100,0.42,0.4962228517469311,0.6055970502644594,0.420018663283254
nfix,supermat,ntp,41,platt_fit,5.1604441498973515,0.001145974407001281,100,0.42,0.4962228517469311,0.5334247150601046,0.4199110416809899
nfix,supermat,probe,42,platt_fit,0.04915598063715016,-0.907195847053382,100,0.3,0.4962228517469311,0.7192598761081903,0.30000554171205146
nfix,supermat,ntp,42,platt_fit,2.791705262904034,-0.803980679786702,100,0.3,0.4962228517469311,0.5000074249040355,0.29994383987444145
nfix,supermat,probe,43,platt_fit,0.34743484370257444,-0.7270742442379451,100,0.38,0.4962228517469311,0.6143816602306014,0.379969019119924
nfix,supermat,ntp,43,platt_fit,1.4028354865143777,-0.7853239243418277,100,0.38,0.4962228517469311,0.5365229562618229,0.3800059824531143
nfix,supermat,probe,44,platt_fit,0.5030596754733899,-0.6695536297420034,100,0.45,0.4962228517469311,0.6656769729456576,0.44999163657973384
nfix,supermat,ntp,44,platt_fit,1.542427662130747,-0.4223472590057153,100,0.45,0.4962228517469311,0.5378251633780721,0.45000023852896887
nfix,supermat,probe,45,platt_fit,0.4114454826648032,-1.6532651147059998,100,0.23,0.4962228517469311,0.6381671295252793,0.2300021512657893
nfix,supermat,ntp,45,platt_fit,2.4242262960856813,-1.6302128589197893,100,0.23,0.4962228517469311,0.510381010874287,0.23000552902719243
nfix,supermat,probe,46,platt_fit,0.0008256174909660346,-1.0461312429607412,100,0.26,0.4962228517469311,0.5486374212562017,0.2600146543546687
nfix,supermat,ntp,46,platt_fit,1.5812273797561465,-1.2496172127305876,100,0.26,0.4962228517469311,0.5055001760929944,0.2600117550492854
nfix,supermat,probe,47,platt_fit,0.36680417931619097,-0.6109646236932218,100,0.41,0.4962228517469311,0.6201773926259998,0.4099985880079192
nfix,supermat,ntp,47,platt_fit,1.1277927501852933,-0.5244005908148338,100,0.41,0.4962228517469311,0.5236776240729014,0.4100092033307594
nfix,supermat,probe,48,platt_fit,0.45238251520562395,-1.051339156315591,100,0.35,0.4962228517469311,0.6522628887152273,0.35005826007062657
nfix,supermat,ntp,48,platt_fit,1.6244786209877893,-1.204719371808764,100,0.35,0.4962228517469311,0.5558424218144971,0.34999553078273876
nfix,supermat,probe,49,platt_fit,0.18526439078758156,-0.9730496839819276,100,0.29,0.4962228517469311,0.5566623569036008,0.2900006601953028
nfix,supermat,ntp,49,platt_fit,2.542265282083779,-0.9294986410026993,100,0.29,0.4962228517469311,0.5006822631134881,0.2899486525312737
nfix,supermat,probe,50,platt_fit,0.2192261655014495,-1.2386254189138126,100,0.26,0.4962228517469311,0.6349075684635044,0.25999942475533155
nfix,supermat,ntp,50,platt_fit,3.1068747963370145,-1.562737828105423,100,0.26,0.4962228517469311,0.5218549848515155,0.26000642020493614
nfix,supermat,probe,51,platt_fit,0.7128048183075194,-1.3652443459444203,100,0.25,0.4962228517469311,0.509939855465808,0.25003462629233836
nfix,supermat,ntp,51,platt_fit,2.804645098774708,-1.3125617289302784,100,0.25,0.4962228517469311,0.5071250834053835,0.2500189558476639
nfix,supermat,probe,52,platt_fit,0.26947442746285893,-1.4505030221028408,100,0.24,0.4962228517469311,0.6755964307594593,0.2399957921222397
nfix,supermat,ntp,52,platt_fit,1.8937787809688005,-1.3853900615944845,100,0.24,0.4962228517469311,0.5018065554786751,0.23996260339688033
nfix,supermat,probe,53,platt_fit,0.10653637321115526,-1.2642651693793483,100,0.24,0.4962228517469311,0.6758586267642821,0.2399989601638034
nfix,supermat,ntp,53,platt_fit,3.5845235876719554,-1.1544773833756494,100,0.24,0.4962228517469311,0.4994494735354392,0.23997227986373051
nfix,supermat,probe,54,platt_fit,0.4938027064183021,-0.409503767991207,100,0.45,0.4962228517469311,0.568019450009428,0.45007440982026803
nfix,supermat,ntp,54,platt_fit,2.217680123427729,-1.0555309846319514,100,0.45,0.4962228517469311,0.5927793991362453,0.4499852473557136
nfix,supermat,probe,55,platt_fit,0.15190937543272193,-0.6482576295041393,100,0.37,0.4962228517469311,0.6302595060210023,0.3700378047847475
nfix,supermat,ntp,55,platt_fit,2.3757708881894035,-0.8900979266322405,100,0.37,0.4962228517469311,0.5391450259140643,0.3700924586975961
nfix,supermat,probe,56,platt_fit,0.32471771840382313,-1.2099273326012008,100,0.27,0.4962228517469311,0.599174547620074,0.2700032454825175
nfix,supermat,ntp,56,platt_fit,1.4641050662653108,-1.5395896257117192,100,0.27,0.4962228517469311,0.5400053550325168,0.2700040742079266
nfix,supermat,probe,57,platt_fit,0.03768911779345815,-1.1218186144273439,100,0.25,0.4962228517469311,0.608153593147994,0.24999889421659513
nfix,supermat,ntp,57,platt_fit,1.432697806970938,-1.4177507454406897,100,0.25,0.4962228517469311,0.5172601408454462,0.2500132533295134
nfix,supermat,probe,58,platt_fit,0.017667964149218125,-0.8621114122192417,100,0.3,0.4962228517469311,0.6504824916842893,0.3000141599039839
nfix,supermat,ntp,58,platt_fit,2.1766706010391994,-1.1738042025858213,100,0.3,0.4962228517469311,0.5208853558286286,0.2999312889016858
nfix,supermat,probe,59,platt_fit,-0.23288119854751846,-0.7195713234511796,100,0.29,0.4962228517469311,0.6506726256635517,0.28999840240687486
nfix,supermat,ntp,59,platt_fit,1.6409183961484075,-1.1523404167572295,100,0.29,0.4962228517469311,0.5142737596719713,0.2899742331026482
nfix,supermat,probe,60,platt_fit,0.3487575708898492,-0.8559934541582952,100,0.37,0.4962228517469311,0.655672105321323,0.3700568240828623
nfix,supermat,ntp,60,platt_fit,1.2016431813670794,-0.7318817588068148,100,0.37,0.4962228517469311,0.5244264815780438,0.3699480525200022
nfix,supermat,probe,61,platt_fit,0.1880252236384245,-0.835156110067585,100,0.34,0.4962228517469311,0.6574690114481758,0.3400043609265875
nfix,supermat,ntp,61,platt_fit,2.546367155747963,-1.0368834862290934,100,0.34,0.4962228517469311,0.5344953038245946,0.3400061669173969
nfix,supermat,probe,62,platt_fit,0.34822583710124133,-1.057910596186906,100,0.32,0.4962228517469311,0.6233159501839072,0.3200482203981567
nfix,supermat,ntp,62,platt_fit,1.5018869891333286,-1.170452730182656,100,0.32,0.4962228517469311,0.5372415440189738,0.3200352569081637
nfix,supermat,probe,63,platt_fit,0.3934443827322755,-0.317710862209483,100,0.48,0.4962228517469311,0.617742985821546,0.4799917309262045
nfix,supermat,ntp,63,platt_fit,1.9024799904446297,-0.3633644600855597,100,0.48,0.4962228517469311,0.5516343904855093,0.47998726512730694
nfix,supermat,probe,64,platt_fit,0.18525764438763886,-0.8270782230636154,100,0.33,0.4962228517469311,0.6061517226521304,0.33000860966746665
nfix,supermat,ntp,64,platt_fit,1.1882353548800115,-0.9377748871805254,100,0.33,0.4962228517469311,0.5220187218345331,0.3299268564863867
nfix,supermat,probe,65,platt_fit,0.37606811344664914,-0.030593982748519984,100,0.56,0.4962228517469311,0.6430533079915379,0.5599952205470753
nfix,supermat,ntp,65,platt_fit,2.851355161473642,-0.10486521132499663,100,0.56,0.4962228517469311,0.5873203600860356,0.5599991385458037
nfix,supermat,probe,66,platt_fit,0.28094074564309557,-1.4563222298496008,100,0.23,0.4962228517469311,0.622392579282515,0.23000088101199953
nfix,supermat,ntp,66,platt_fit,1.912613094556038,-1.2670912824830582,100,0.23,0.4962228517469311,0.4890411231806271,0.23000192212462722
nfix,supermat,probe,67,platt_fit,0.45352803363416627,-1.0310870345395995,100,0.34,0.4962228517469311,0.6269738794690203,0.34005537564113114
nfix,supermat,ntp,67,platt_fit,2.1815152233610275,-1.0716435243866356,100,0.34,0.4962228517469311,0.5364803624053749,0.3399979141986422
nfix,supermat,probe,68,platt_fit,0.3862674395366558,-1.5684265349996394,100,0.22,0.4962228517469311,0.6104471744774024,0.22009326315791702
nfix,supermat,ntp,68,platt_fit,1.3529125867850094,-1.663717447536747,100,0.22,0.4962228517469311,0.5157860010061978,0.21999957150089816
nfix,supermat,probe,69,platt_fit,0.07960375292209178,-1.13045511825863,100,0.26,0.4962228517469311,0.6822290966275978,0.2600013711834002
nfix,supermat,ntp,69,platt_fit,1.1646124377140192,-1.1704951321775805,100,0.26,0.4962228517469311,0.49911391865938926,0.2599937403119958
nfix,supermat,probe,70,platt_fit,0.19683640655643186,-1.7565302066761945,100,0.17,0.4962228517469311,0.6355327811816079,0.17000895193389554
nfix,supermat,ntp,70,platt_fit,1.582360639533565,-1.9139024323706335,100,0.17,0.4962228517469311,0.49665751861996255,0.1700000373398799
nfix,supermat,probe,71,platt_fit,0.6570745105923038,-0.586049653753231,100,0.46,0.4962228517469311,0.6113503669880754,0.4599968225561497
nfix,supermat,ntp,71,platt_fit,1.6124575450337448,-0.7322577657803176,100,0.46,0.4962228517469311,0.5799335559944906,0.459981232515883
nfix,supermat,probe,72,platt_fit,0.8901319453709533,-0.3630211744585108,100,0.48,0.4962228517469311,0.5546651427055669,0.4800301980679742
nfix,supermat,ntp,72,platt_fit,1.6682159535219974,-0.3824693381794572,100,0.48,0.4962228517469311,0.5528612413461506,0.48000231450403164
nfix,supermat,probe,73,platt_fit,0.4975342046902,-0.9402435993119904,100,0.33,0.4962228517469311,0.5566174930715289,0.3299310701756108
nfix,supermat,ntp,73,platt_fit,1.8654269227349636,-1.3208099969374243,100,0.33,0.4962228517469311,0.5498605827005649,0.3299921679292017
nfix,supermat,probe,74,platt_fit,0.4658129458822262,-0.8183728949518541,100,0.35,0.4962228517469311,0.5608470235943002,0.3500006649044201
nfix,supermat,ntp,74,platt_fit,1.3439268923053276,-1.129701338587579,100,0.35,0.4962228517469311,0.557924996735061,0.350006527915731
nfix,supermat,probe,75,platt_fit,0.14700594543827528,-1.5191564320490776,100,0.2,0.4962228517469311,0.6483306711408838,0.1999925156041414
nfix,supermat,ntp,75,platt_fit,2.3040984877836275,-1.89099486684107,100,0.2,0.4962228517469311,0.508915898589998,0.19998312444145216
nfix,supermat,probe,76,platt_fit,0.062156835132050586,-0.8422430220541456,100,0.31,0.4962228517469311,0.6152223177994016,0.3100018173552593
nfix,supermat,ntp,76,platt_fit,1.9641920203753531,-1.5900140303988308,100,0.31,0.4962228517469311,0.5531541966881073,0.31000469098436656
nfix,supermat,probe,77,platt_fit,0.1304514343059105,-0.8959717701900594,100,0.31,0.4962228517469311,0.6285401152056381,0.3100018833613271
nfix,supermat,ntp,77,platt_fit,1.5095844831253715,-1.029471106553967,100,0.31,0.4962228517469311,0.5152915702509862,0.30998728225328054
nfix,supermat,probe,78,platt_fit,0.36526881337908024,-1.0181111568137078,100,0.32,0.4962228517469311,0.6164566364105828,0.3200004068241652
nfix,supermat,ntp,78,platt_fit,2.1426616955219107,-1.2414379023993403,100,0.32,0.4962228517469311,0.5357994210635029,0.32000078798272397
nfix,supermat,probe,79,platt_fit,0.3483416327127534,-1.1145078923219334,100,0.32,0.4962228517469311,0.6600181394385548,0.3200432263254306
nfix,supermat,ntp,79,platt_fit,1.6693016845328261,-1.0572122828627815,100,0.32,0.4962228517469311,0.5237609550910818,0.3199507081942769
nfix,supermat,probe,80,platt_fit,-0.0549267811347343,-0.62178952280545,100,0.34,0.4962228517469311,0.636983176665892,0.3400741276535225
nfix,supermat,ntp,80,platt_fit,1.6045628194606107,-0.8492821487793567,100,0.34,0.4962228517469311,0.5157118522429649,0.3400006640797607
nfix,supermat,probe,81,platt_fit,0.679826186945411,-1.053651174222369,100,0.34,0.4962228517469311,0.5845852593248388,0.3400006133279112
nfix,supermat,ntp,81,platt_fit,1.8767366049680971,-0.9859710433819544,100,0.34,0.4962228517469311,0.5282415160067403,0.3399996465622056
nfix,supermat,probe,82,platt_fit,0.2706918819503109,-0.8560595057958786,100,0.33,0.4962228517469311,0.5840624791823358,0.330002096646652
nfix,supermat,ntp,82,platt_fit,1.2036141272452,-1.078742820850462,100,0.33,0.4962228517469311,0.5406149524476159,0.32994482854450496
nfix,supermat,probe,83,platt_fit,0.43317569952104557,-0.6317524965419402,100,0.42,0.4962228517469311,0.6283875385029712,0.4199950172624808
nfix,supermat,ntp,83,platt_fit,1.4795421350650326,-0.6832877606395883,100,0.42,0.4962228517469311,0.5500658622359552,0.42000072087494256
nfix,supermat,probe,84,platt_fit,-0.08453772154433044,-0.4291867541344974,100,0.38,0.4962228517469311,0.6328321271838042,0.3800140354098099
nfix,supermat,ntp,84,platt_fit,2.201968060322397,-1.0016170820288752,100,0.38,0.4962228517469311,0.5524418266228807,0.37997668127539297
nfix,supermat,probe,85,platt_fit,0.45017188594666413,-0.8629464653161366,100,0.36,0.4962228517469311,0.6072395226018691,0.36000712343170865
nfix,supermat,ntp,85,platt_fit,1.630575452347874,-0.9975105190265233,100,0.36,0.4962228517469311,0.5428499915869733,0.3599693716802024
nfix,supermat,probe,86,platt_fit,0.1354676982590456,-0.9775180029456458,100,0.29,0.4962228517469311,0.5978147313065296,0.29001760454262465
nfix,supermat,ntp,86,platt_fit,1.354641431767104,-1.0902830223488307,100,0.29,0.4962228517469311,0.5100205684522813,0.2899959329629137
nfix,supermat,probe,87,platt_fit,0.2652714949967035,-0.6374914108533395,100,0.37,0.4962228517469311,0.5597074020511982,0.37000541843986956
nfix,supermat,ntp,87,platt_fit,1.4730625102577883,-0.9418496988070114,100,0.37,0.4962228517469311,0.5460145630785584,0.36997259516186515
nfix,supermat,probe,88,platt_fit,0.503532342005206,-0.4172513755089205,100,0.49,0.4962228517469311,0.6278083068442311,0.4899886848823957
nfix,supermat,ntp,88,platt_fit,1.330587631042801,-0.21511193725554775,100,0.49,0.4962228517469311,0.5358785708557768,0.4900053578252486
nfix,supermat,probe,89,platt_fit,0.356659260388067,-0.1865497638207166,100,0.54,0.4962228517469311,0.6918513877540814,0.5400018139191056
nfix,supermat,ntp,89,platt_fit,1.3772408179027218,-0.2470301863693557,100,0.54,0.4962228517469311,0.5793482206070187,0.5399694569694424
nfix,supermat,probe,90,platt_fit,0.1593702788391824,-1.0926108276384547,100,0.27,0.4962228517469311,0.6045240162617985,0.2700215562764402
nfix,supermat,ntp,90,platt_fit,1.067724949795181,-1.1142754983192924,100,0.27,0.4962228517469311,0.5016297963381915,0.2699937673508029
nfix,supermat,probe,91,platt_fit,0.8404699924446933,-0.730744458951835,100,0.4,0.4962228517469311,0.5506898415576582,0.400017211457741
nfix,supermat,ntp,91,platt_fit,2.0724878719866906,-0.9737213644514714,100,0.4,0.4962228517469311,0.5627417510698804,0.3999740814640681
nfix,supermat,probe,92,platt_fit,0.4865794116352072,-0.5297483302177465,100,0.42,0.4962228517469311,0.5612036547031709,0.42000021438032376
nfix,supermat,ntp,92,platt_fit,2.086368602276994,-0.8221996668022132,100,0.42,0.4962228517469311,0.561352983939207,0.41997819973716216
nfix,supermat,probe,93,platt_fit,0.2876552572623265,-1.062846689944848,100,0.29,0.4962228517469311,0.5989091557436442,0.2900009688746349
nfix,supermat,ntp,93,platt_fit,1.6114230213513354,-1.1114496485069103,100,0.29,0.4962228517469311,0.5110467066152988,0.28997039243366957
nfix,supermat,probe,94,platt_fit,0.3609606599347548,-0.9394530291903093,100,0.34,0.4962228517469311,0.6146972345891363,0.3400022571249891
nfix,supermat,ntp,94,platt_fit,1.3251202062950234,-0.7822533791965641,100,0.34,0.4962228517469311,0.5081878359199218,0.3399853928837093
nfix,supermat,probe,95,platt_fit,0.3183376837069141,-1.1606805049357665,100,0.28,0.4962228517469311,0.5969327016316421,0.2799972575462142
nfix,supermat,ntp,95,platt_fit,1.8089425935089285,-1.2768209609402832,100,0.28,0.4962228517469311,0.5182108560371642,0.2800175321645096
nfix,supermat,probe,96,platt_fit,-0.09846372101048415,-0.3609440769455209,100,0.4,0.4962228517469311,0.5898860086691687,0.40005655243190213
nfix,supermat,ntp,96,platt_fit,0.8904796122029233,-0.458378283369352,100,0.4,0.4962228517469311,0.5036952297171919,0.399991620203889
nfix,supermat,probe,97,platt_fit,0.07172626097994889,-0.9960293369527383,100,0.28,0.4962228517469311,0.6256904600664412,0.280001830889054
nfix,supermat,ntp,97,platt_fit,1.5457291567807114,-1.301476002034049,100,0.28,0.4962228517469311,0.5222814778783276,0.279992331361753
nfix,supermat,probe,98,platt_fit,0.406791368890589,-1.603859924025759,100,0.24,0.4962228517469311,0.6723407160743623,0.23999672865080054
nfix,supermat,ntp,98,platt_fit,0.9595321836388235,-1.204122856411304,100,0.24,0.4962228517469311,0.4904158476920874,0.23998156511479216
nfix,supermat,probe,99,platt_fit,0.6988145234612323,-0.7168208462972795,100,0.46,0.4962228517469311,0.6441552007037501,0.4600226569722117
nfix,supermat,ntp,99,platt_fit,1.4284746229740752,-0.49755856662226583,100,0.46,0.4962228517469311,0.5545865394311259,0.4600576303020346
supermat,pond,probe,0,platt_fit,0.49052530301389924,-1.3487416635726786,100,0.41,0.5,0.752763806258242,0.4100021809526984
supermat,pond,ntp,0,platt_fit,0.1537242119177556,-1.0424230277680653,100,0.41,0.5,0.6396568057014328,0.41000044064785995
supermat,pond,probe,1,platt_fit,0.5209782861046502,-1.3868686397809427,100,0.39,0.5,0.7076779371277514,0.38999910902088686
supermat,pond,ntp,1,platt_fit,0.21085546983435743,-1.1250919399532864,100,0.39,0.5,0.5747454258236033,0.38999316057833205
supermat,pond,probe,2,platt_fit,0.2564255846690657,-0.34688845663559104,100,0.51,0.5,0.7091602651500648,0.5099940601501324
supermat,pond,ntp,2,platt_fit,0.14339250258140712,-0.42869310262609667,100,0.51,0.5,0.626876875627365,0.5099551723490832
supermat,pond,probe,3,platt_fit,0.40762325914185366,-1.6882447972837296,100,0.25,0.5,0.6104592522132877,0.25008794983090343
supermat,pond,ntp,3,platt_fit,0.2461990659148335,-2.0493828620677217,100,0.25,0.5,0.5672481389155024,0.2500024031004859
supermat,pond,probe,4,platt_fit,0.19771926022887487,-0.12792894162093296,100,0.55,0.5,0.7485464435590682,0.549968818561808
supermat,pond,ntp,4,platt_fit,0.2253512886447242,-0.1766140561355109,100,0.55,0.5,0.5444861878590246,0.5500032894538113
supermat,pond,probe,5,platt_fit,0.607963165307892,-1.7688977440119804,100,0.32,0.5,0.6866749548134327,0.32007756367565043
supermat,pond,ntp,5,platt_fit,0.22970015882477243,-1.1927161515761575,100,0.32,0.5,0.5105603414474739,0.31997668754997277
supermat,pond,probe,6,platt_fit,0.3602910095936359,-1.25404006858454,100,0.38,0.5,0.7592056118098601,0.3800064517685902
supermat,pond,ntp,6,platt_fit,0.15774218544762364,-1.2965062891943473,100,0.38,0.5,0.663877726796685,0.3800008601971569
supermat,pond,probe,7,platt_fit,0.2440563305824108,-0.5606376478527336,100,0.47,0.5,0.7303110702852225,0.4699972245542614
supermat,pond,ntp,7,platt_fit,0.2355281880445878,-0.8381057464496214,100,0.47,0.5,0.609430793975107,0.4699949479952725
supermat,pond,probe,8,platt_fit,0.2842491310382235,-0.5890050536982941,100,0.46,0.5,0.6844028272657549,0.45999763203152605
supermat,pond,ntp,8,platt_fit,0.2467367970299406,-0.7354657206563715,100,0.46,0.5,0.5863579241705177,0.45999938124957224
supermat,pond,probe,9,platt_fit,0.6234910437364104,-1.4883575545845233,100,0.37,0.5,0.6854713048437517,0.3699884595022978
supermat,pond,ntp,9,platt_fit,0.18994667461978926,-1.0736386235577,100,0.37,0.5,0.5707205487127583,0.3699868300231067
supermat,pond,probe,10,platt_fit,0.48510687893533205,-1.0223773925155377,100,0.44,0.5,0.705886231044644,0.4399972549888623
supermat,pond,ntp,10,platt_fit,0.147841015922886,-0.7516293296826594,100,0.44,0.5,0.6028516455288435,0.4399951766365538
supermat,pond,probe,11,platt_fit,0.2902412479212057,-0.3447739176461594,100,0.51,0.5,0.7075353188306829,0.5099978722563605
supermat,pond,ntp,11,platt_fit,0.1739921862878059,-0.33784204679631996,100,0.51,0.5,0.5681256920727875,0.5099969193364828
supermat,pond,probe,12,platt_fit,0.2968764592541055,-1.0296034504077016,100,0.4,0.5,0.7601321793511806,0.4000027707205098
supermat,pond,ntp,12,platt_fit,0.16388178517498583,-0.9613767157979086,100,0.4,0.5,0.5928853669050569,0.4000211059947598
supermat,pond,probe,13,platt_fit,0.399260629000059,-0.5469737405083486,100,0.51,0.5,0.6945015712301621,0.5099884779412492
supermat,pond,ntp,13,platt_fit,0.21361024742712995,-0.6157739079901616,100,0.51,0.5,0.6162730674600818,0.5100003326163108
supermat,pond,probe,14,platt_fit,0.5098715874014609,-1.6218081840741976,100,0.31,0.5,0.6496451365513635,0.3100178105041935
supermat,pond,ntp,14,platt_fit,0.2056061489159328,-1.693349784777499,100,0.31,0.5,0.5973229316486137,0.30999903978158166
supermat,pond,probe,15,platt_fit,0.3269604907166417,-0.4593012890642198,100,0.49,0.5,0.6728312697491399,0.4899679935315011
supermat,pond,ntp,15,platt_fit,0.19861920010213388,-0.6093196137938525,100,0.49,0.5,0.5972508619844082,0.489982028512007
supermat,pond,probe,16,platt_fit,0.11555775259830792,0.062168811501931626,100,0.56,0.5,0.7172484233964941,0.5599922337771343
supermat,pond,ntp,16,platt_fit,0.25014466765675125,-0.3797459535292084,100,0.56,0.5,0.6156629174184928,0.5600004272902205
supermat,pond,probe,17,platt_fit,0.3386212095322393,-1.2497888126382422,100,0.31,0.5,0.6393883443095095,0.31000628427393534
supermat,pond,ntp,17,platt_fit,0.2752643805184599,-1.7565534177913213,100,0.31,0.5,0.5737439981051596,0.30999621670419936
supermat,pond,probe,18,platt_fit,0.6028509128660046,-1.5238318821704855,100,0.41,0.5,0.7329765499284866,0.4100009421743669
supermat,pond,ntp,18,platt_fit,0.18054184925899194,-0.9649419000463452,100,0.41,0.5,0.5942682573549782,0.410000092597293
supermat,pond,probe,19,platt_fit,0.4506812962475397,-1.1314515559708787,100,0.39,0.5,0.6671737960512489,0.39000051416441134
supermat,pond,ntp,19,platt_fit,0.163239201513249,-1.1660088059324853,100,0.39,0.5,0.6371020099119477,0.38994181660258853
supermat,pond,probe,20,platt_fit,0.4487311637525679,-0.4390539507677387,100,0.47,0.5,0.5716652924302423,0.4699906761961863
supermat,pond,ntp,20,platt_fit,0.22492797761640987,-0.7920898710143025,100,0.47,0.5,0.603521051902367,0.47000943428560377
supermat,pond,probe,21,platt_fit,0.7081534750395401,-2.192114925343936,100,0.3,0.5,0.657700209990507,0.3000035263869762
supermat,pond,ntp,21,platt_fit,0.23017762880626275,-1.7735410509438845,100,0.3,0.5,0.5807981496927905,0.2999988149780245
supermat,pond,probe,22,platt_fit,0.12973821019107212,0.16642641234953762,100,0.59,0.5,0.7256375539165093,0.5900043848040019
supermat,pond,ntp,22,platt_fit,0.21701565710411508,0.0029864110669703087,100,0.59,0.5,0.5833999670479855,0.590002414781358
supermat,pond,probe,23,platt_fit,0.6934383947227094,-2.2316204406939906,100,0.32,0.5,0.7060775295220685,0.3200148563775522
supermat,pond,ntp,23,platt_fit,0.18395685837297532,-1.659091338018403,100,0.32,0.5,0.6201732689077953,0.3199995219683311
supermat,pond,probe,24,platt_fit,0.37374270923976693,-0.7604965458108579,100,0.51,0.5,0.7922542813805284,0.5099753794047696
supermat,pond,ntp,24,platt_fit,0.15445707267688638,-0.47418883662830125,100,0.51,0.5,0.6002927749425325,0.5099602572400369
supermat,pond,probe,25,platt_fit,0.24971162693113702,-0.8843850493350075,100,0.36,0.5,0.6376166259289934,0.3600186587311813
supermat,pond,ntp,25,platt_fit,0.17993055774801142,-0.9515982027337553,100,0.36,0.5,0.5282467271874722,0.3600001873639642
supermat,pond,probe,26,platt_fit,0.231885091990611,-0.4613763443089317,100,0.47,0.5,0.6865349758073223,0.46999938877073916
supermat,pond,ntp,26,platt_fit,0.181941220797101,-0.6820013149818283,100,0.47,0.5,0.6064236534778277,0.469993373158777
supermat,pond,probe,27,platt_fit,0.5997733759205804,-1.9307391302677557,100,0.3,0.5,0.6580277758214474,0.30003219587383795
supermat,pond,ntp,27,platt_fit,0.2362728385921649,-1.851931057803571,100,0.3,0.5,0.5929713270817673,0.29999341669735896
supermat,pond,probe,28,platt_fit,0.3263161952123433,-0.32868100941205575,100,0.53,0.5,0.6917434555881353,0.529974811014614
supermat,pond,ntp,28,platt_fit,0.1979103636590694,-0.36850634618021616,100,0.53,0.5,0.5989566959261006,0.5300018865702047
supermat,pond,probe,29,platt_fit,0.2817469128048637,-1.0849292954066123,100,0.36,0.5,0.7508299335770401,0.3600169285260674
supermat,pond,ntp,29,platt_fit,0.11330992781189961,-0.9103397592632557,100,0.36,0.5,0.5566460507889956,0.35999701916278687
supermat,pond,probe,30,platt_fit,0.012039716032774563,0.311549787598994,100,0.58,0.5,0.5898705302341769,0.5799940239462487
supermat,pond,ntp,30,platt_fit,0.12185468530293922,-0.08873653582259937,100,0.58,0.5,0.6353319126984133,0.5799911860342233
supermat,pond,probe,31,platt_fit,0.5203100250315674,-1.4012116589229637,100,0.37,0.5,0.6834758259177214,0.3699956117346872
supermat,pond,ntp,31,platt_fit,0.20521559715792867,-1.2512392416885176,100,0.37,0.5,0.5753369871695949,0.3700005103556558
supermat,pond,probe,32,platt_fit,0.46160545118327223,-1.0942943317394964,100,0.43,0.5,0.7313440509297743,0.4299868347270702
supermat,pond,ntp,32,platt_fit,0.07075560209667624,-0.48417891021073295,100,0.43,0.5,0.566308594298204,0.42996976539076365
supermat,pond,probe,33,platt_fit,0.4564627589703359,-1.0851127867263721,100,0.42,0.5,0.7318297805538044,0.41998934981456415
supermat,pond,ntp,33,platt_fit,0.18432608050295218,-0.8033968187708429,100,0.42,0.5,0.56850655123482,0.4199970739321974
supermat,pond,probe,34,platt_fit,0.38269483218606287,-0.8399970065725318,100,0.46,0.5,0.73358928969644,0.45999244092878355
supermat,pond,ntp,34,platt_fit,0.22985888400526477,-0.9440319298673445,100,0.46,0.5,0.6098171121106618,0.46000207172506546
supermat,pond,probe,35,platt_fit,0.7260342616422583,-2.0548954163346536,100,0.31,0.5,0.681663828779948,0.3100172631041352
supermat,pond,ntp,35,platt_fit,0.1446335584893196,-1.4288093268441637,100,0.31,0.5,0.5966403579657915,0.31000012255487874
supermat,pond,probe,36,platt_fit,0.6612217193843941,-1.3787185607133674,100,0.48,0.5,0.7525040372453492,0.4800194756058719
supermat,pond,ntp,36,platt_fit,0.2463017114008354,-0.7083933698786535,100,0.48,0.5,0.5866239024399438,0.4799999430939858
supermat,pond,probe,37,platt_fit,0.5289767149299364,-1.1838146195674302,100,0.4,0.5,0.705775346651686,0.3999889667244353
supermat,pond,ntp,37,platt_fit,0.1721207633745122,-0.8199286021640161,100,0.4,0.5,0.5349695062747983,0.3999999590722139
supermat,pond,probe,38,platt_fit,0.43800528895139995,-1.3754605965100326,100,0.36,0.5,0.7390849917160142,0.36000128205235343
supermat,pond,ntp,38,platt_fit,0.12015741847135725,-0.9995915482705294,100,0.36,0.5,0.5760898509629128,0.36000046180802087
supermat,pond,probe,39,platt_fit,0.4196877352136403,-1.6587666794822116,100,0.25,0.5,0.6083366667250836,0.2500021774798035
supermat,pond,ntp,39,platt_fit,0.20003857564669317,-1.5245636998589756,100,0.25,0.5,0.5131448116033943,0.2500238860994065
supermat,pond,probe,40,platt_fit,0.44795526705503474,-0.9093703099593254,100,0.46,0.5,0.711959209485872,0.4599933756738961
supermat,pond,ntp,40,platt_fit,0.16811427381354158,-0.8349703530746051,100,0.46,0.5,0.6324930014519582,0.4600029212094164
supermat,pond,probe,41,platt_fit,0.34421995863931815,-0.6201983138463836,100,0.46,0.5,0.6794477777697376,0.4599907910623929
supermat,pond,ntp,41,platt_fit,0.2086699040546765,-0.6662156846872129,100,0.46,0.5,0.5661882559044316,0.4600029984419994
supermat,pond,probe,42,platt_fit,0.4408971300685478,-0.9718974233905169,100,0.42,0.5,0.6783658884532382,0.41999623558173743
supermat,pond,ntp,42,platt_fit,0.19686650368676614,-1.055851284765252,100,0.42,0.5,0.6325270033206879,0.41999999893506684
supermat,pond,probe,43,platt_fit,0.0749863288094202,0.0033236165908649517,100,0.53,0.5,0.716867656799053,0.5299839166959999
supermat,pond,ntp,43,platt_fit,0.1078612053296193,-0.25365991310102187,100,0.53,0.5,0.629733047996453,0.5299932792411209
supermat,pond,probe,44,platt_fit,0.10607568775566376,-0.7670552465535415,100,0.36,0.5,0.7521673853260181,0.36000086395870246
supermat,pond,ntp,44,platt_fit,0.08529758087127016,-0.8237524054414865,100,0.36,0.5,0.5810270335298273,0.3600001687454346
supermat,pond,probe,45,platt_fit,-0.008958347858580315,0.5050502184130573,100,0.62,0.5,0.7504447802493097,0.6199591777750222
supermat,pond,ntp,45,platt_fit,0.06700507293858728,0.23466845602396383,100,0.62,0.5,0.6478401981360675,0.6200286771423392
supermat,pond,probe,46,platt_fit,0.33617939445867606,-1.0285793003872032,100,0.37,0.5,0.667809022421616,0.3700088221211367
supermat,pond,ntp,46,platt_fit,0.17647548566980575,-1.4140606751924947,100,0.37,0.5,0.653634603896426,0.37000006087630266
supermat,pond,probe,47,platt_fit,0.2712069421812471,-0.9070195486575197,100,0.38,0.5,0.6709979841352377,0.380004273603291
supermat,pond,ntp,47,platt_fit,0.12486468707802699,-0.9954518122069309,100,0.38,0.5,0.6349896338563294,0.3800004468745135
supermat,pond,probe,48,platt_fit,0.46683289127237837,-0.9653953210243895,100,0.41,0.5,0.6434873018916182,0.40999723466531
supermat,pond,ntp,48,platt_fit,0.19579463347964182,-0.9747078833956017,100,0.41,0.5,0.5852369425772831,0.40999910428852393
supermat,pond,probe,49,platt_fit,0.8265348458545326,-2.2795605660129383,100,0.27,0.5,0.6629906196673798,0.2700064406787781
supermat,pond,ntp,49,platt_fit,0.24368208852540105,-1.7406126958421768,100,0.27,0.5,0.522649992151647,0.2699967852545367
supermat,pond,probe,50,platt_fit,0.6870276927376403,-1.5513995627567878,100,0.41,0.5,0.7090045910809092,0.40998477911354775
supermat,pond,ntp,50,platt_fit,0.23376991340376935,-1.2994740095053865,100,0.41,0.5,0.6151211353458955,0.40999777523938397
supermat,pond,probe,51,platt_fit,0.3802786547606762,-1.2149350882357035,100,0.41,0.5,0.8158904820205487,0.41000054652914464
supermat,pond,ntp,51,platt_fit,0.10681709893150908,-0.6873474716278255,100,0.41,0.5,0.5847302890283119,0.4099941732873776
supermat,pond,probe,52,platt_fit,0.25014994920034184,-0.5955398137720337,100,0.47,0.5,0.7476530557446948,0.4699998222044025
supermat,pond,ntp,52,platt_fit,0.15834239770690248,-0.7168410744691935,100,0.47,0.5,0.6328733480534628,0.46999930145972046
supermat,pond,probe,53,platt_fit,0.32343948231279934,-0.4509865028890847,100,0.47,0.5,0.6271917848950539,0.4699955822865558
supermat,pond,ntp,53,platt_fit,0.21988994181942936,-0.8591923472801659,100,0.47,0.5,0.6212141756351266,0.4699928007683386
supermat,pond,probe,54,platt_fit,0.29077873930147885,-0.44039327087351793,100,0.5,0.5,0.6889961521505641,0.4999900265083138
supermat,pond,ntp,54,platt_fit,0.14051731398267245,-0.678848166820864,100,0.5,0.5,0.6590935992054721,0.4999988587279
supermat,pond,probe,55,platt_fit,0.12081534482744168,-0.5998160619291243,100,0.4,0.5,0.7004461930656253,0.40000027206905714
supermat,pond,ntp,55,platt_fit,0.163218190759251,-0.9791593985608025,100,0.4,0.5,0.6083358185979262,0.399994819548452
supermat,pond,probe,56,platt_fit,0.4330148717850414,-1.4532557752826485,100,0.33,0.5,0.6945289384147929,0.3300150330672549
supermat,pond,ntp,56,platt_fit,0.16787850666426188,-1.3121374577340914,100,0.33,0.5,0.6100883319413686,0.3300004698006261
supermat,pond,probe,57,platt_fit,0.2462500771692953,-0.6785732016010331,100,0.42,0.5,0.6743756291266224,0.4200010107510873
supermat,pond,ntp,57,platt_fit,0.13603747993157334,-0.8951272927238294,100,0.42,0.5,0.6300809303808247,0.41998651707037277
supermat,pond,probe,58,platt_fit,0.46077623952100316,-1.3938819410442722,100,0.36,0.5,0.7183098979444514,0.3599954061775661
supermat,pond,ntp,58,platt_fit,0.16795059308190458,-1.0456039763603537,100,0.36,0.5,0.5515381948724721,0.3600182730423004
supermat,pond,probe,59,platt_fit,0.2740274365143154,-0.711827522021913,100,0.44,0.5,0.7012728626401215,0.4400067216122838
supermat,pond,ntp,59,platt_fit,0.19948599465711375,-0.9328140322752158,100,0.44,0.5,0.6176629056720062,0.44000020156952524
supermat,pond,probe,60,platt_fit,0.09914764324952194,-0.3212823655085379,100,0.46,0.5,0.7239958900818835,0.45992833463202987
supermat,pond,ntp,60,platt_fit,0.0889823310268777,-0.4565566677265027,100,0.46,0.5,0.5947557133723719,0.45999996939149285
supermat,pond,probe,61,platt_fit,0.0373991402085576,-0.78861520282126,100,0.33,0.5,0.8042998198557446,0.3300414710424533
supermat,pond,ntp,61,platt_fit,0.04019494253213705,-0.8255965918536573,100,0.33,0.5,0.5679561375254107,0.33000859643976654
supermat,pond,probe,62,platt_fit,0.5488503385686493,-1.4222739695669449,100,0.38,0.5,0.6710371253035828,0.38001935391362296
supermat,pond,ntp,62,platt_fit,0.28466169078727105,-1.6896055418279976,100,0.38,0.5,0.6348024612533976,0.3799955408081064
supermat,pond,probe,63,platt_fit,0.4090916717803026,-0.5668757324226958,100,0.5,0.5,0.6997059105231469,0.49997322012939116
supermat,pond,ntp,63,platt_fit,0.15370848688443162,-0.48810762085608955,100,0.5,0.5,0.6065809294397538,0.4999519497675198
supermat,pond,probe,64,platt_fit,0.3531322632678587,-0.37912458988073494,100,0.54,0.5,0.6827854438224847,0.5399908056211576
supermat,pond,ntp,64,platt_fit,0.19223250133456182,-0.6578399776259192,100,0.54,0.5,0.6775336667866532,0.5399479792886893
supermat,pond,probe,65,platt_fit,0.269063173725934,-0.5040585647795355,100,0.45,0.5,0.6111014742466633,0.45000076001035316
supermat,pond,ntp,65,platt_fit,0.3104035674616577,-0.7679983378107877,100,0.45,0.5,0.5758199484010421,0.449997494210964
supermat,pond,probe,66,platt_fit,0.7038143753007758,-1.420258222254781,100,0.45,0.5,0.7242332495069373,0.4499659920821082
supermat,pond,ntp,66,platt_fit,0.301081901047061,-0.8737571937016199,100,0.45,0.5,0.5639245243563737,0.4500000370359085
supermat,pond,probe,67,platt_fit,0.232086637832866,-0.6000225430487871,100,0.43,0.5,0.7085921474590484,0.43000917142951695
supermat,pond,ntp,67,platt_fit,0.20865467162986845,-0.7510374038984566,100,0.43,0.5,0.565661255294637,0.4299897637339833
supermat,pond,probe,68,platt_fit,0.6283164376742637,-1.469489274032469,100,0.42,0.5,0.7133625186926017,0.4199866497635248
supermat,pond,ntp,68,platt_fit,0.25409930002200226,-1.3312530288279014,100,0.42,0.5,0.6217272313311818,0.4199999749377617
supermat,pond,probe,69,platt_fit,0.5639477639341568,-1.1757081747955898,100,0.49,0.5,0.788046329316109,0.4900051069782451
supermat,pond,ntp,69,platt_fit,0.2156287517657361,-0.5867935968253188,100,0.49,0.5,0.5753141535682162,0.48999982285748855
supermat,pond,probe,70,platt_fit,0.3192120198182454,-1.034735771263452,100,0.4,0.5,0.7750913395489768,0.40000051935474784
supermat,pond,ntp,70,platt_fit,0.10540563733775363,-0.6671608469275143,100,0.4,0.5,0.5672127606332148,0.3999546607533555
supermat,pond,probe,71,platt_fit,0.6608091316680057,-1.4034954452002621,100,0.41,0.5,0.6965390670927474,0.4099925969748086
supermat,pond,ntp,71,platt_fit,0.17758491635307772,-0.8306042568313657,100,0.41,0.5,0.5618272296818407,0.40998394821841294
supermat,pond,probe,72,platt_fit,0.2720199245005462,-0.22097892771990071,100,0.56,0.5,0.7530547667050661,0.5599970509946277
supermat,pond,ntp,72,platt_fit,0.18031032062050423,-0.2993868994619973,100,0.56,0.5,0.6325870222261892,0.560018579075076
supermat,pond,probe,73,platt_fit,0.7392798326167479,-1.6099922527467816,100,0.45,0.5,0.7401749836057143,0.44999127200010525
supermat,pond,ntp,73,platt_fit,0.21711420762055164,-0.9107125572993072,100,0.45,0.5,0.6120432176180335,0.4499795290851486
supermat,pond,probe,74,platt_fit,0.6463130361116187,-1.6527104616019528,100,0.41,0.5,0.7436634263119285,0.40999491332153115
supermat,pond,ntp,74,platt_fit,0.17282062756609,-0.8715411228565817,100,0.41,0.5,0.5752475014923633,0.4100029194018774
supermat,pond,probe,75,platt_fit,0.24907379691686798,-0.26838127941787376,100,0.53,0.5,0.7064679408445015,0.5299849482725348
supermat,pond,ntp,75,platt_fit,0.10838812868498715,-0.28373317327036784,100,0.53,0.5,0.6621099944350547,0.5299890475420291
supermat,pond,probe,76,platt_fit,0.2684463720561014,-0.49036980926533885,100,0.48,0.5,0.6931795607829763,0.47998978625817423
supermat,pond,ntp,76,platt_fit,0.14434094809831155,-0.5614731089013697,100,0.48,0.5,0.5801748852378252,0.4800007534347715
supermat,pond,probe,77,platt_fit,0.6667774538099113,-1.5538339246400132,100,0.39,0.5,0.7000750077843029,0.3899975485266115
supermat,pond,ntp,77,platt_fit,0.20512398604456733,-1.1202000341437395,100,0.39,0.5,0.636278158671263,0.3900335911381864
supermat,pond,probe,78,platt_fit,0.3551736379743628,-0.4328057697752712,100,0.53,0.5,0.7007395367503811,0.529959128234698
supermat,pond,ntp,78,platt_fit,0.18778394202390525,-0.5166053229612657,100,0.53,0.5,0.6452227622465623,0.5299822694143088
supermat,pond,probe,79,platt_fit,0.5491055881238133,-1.213151568522839,100,0.4,0.5,0.664868757875367,0.39997789502089376
supermat,pond,ntp,79,platt_fit,0.26872231830487653,-1.1633296015350125,100,0.4,0.5,0.5725436092026487,0.400000271248154
supermat,pond,probe,80,platt_fit,0.04803688294001663,-0.2311342460748691,100,0.46,0.5,0.697276904525826,0.460000773197347
supermat,pond,ntp,80,platt_fit,0.09848026130740853,-0.43884133020692,100,0.46,0.5,0.5997810639827408,0.4599275149011825
supermat,pond,probe,81,platt_fit,0.17074314659572257,-0.309666993635528,100,0.5,0.5,0.7237166449977811,0.5000022143562767
supermat,pond,ntp,81,platt_fit,0.14387502246125727,-0.6826012896807652,100,0.5,0.5,0.6923303477957525,0.5000017342893363
supermat,pond,probe,82,platt_fit,0.46067714332678006,-1.5884192737461529,100,0.31,0.5,0.678539723832982,0.31000243758650864
supermat,pond,ntp,82,platt_fit,0.2095356776369316,-1.8229334458542163,100,0.31,0.5,0.6448838323114436,0.31000055154449463
supermat,pond,probe,83,platt_fit,0.428536126047919,-1.3485095827680478,100,0.33,0.5,0.6622541496414148,0.33003049059601325
supermat,pond,ntp,83,platt_fit,0.1503086817720511,-1.2446178394281557,100,0.33,0.5,0.5827744482205621,0.3300004270233702
supermat,pond,probe,84,platt_fit,0.253827206537697,-0.7610129359363962,100,0.39,0.5,0.638255175203193,0.3900010259799022
supermat,pond,ntp,84,platt_fit,0.23929307214555762,-1.2380902676075367,100,0.39,0.5,0.5908237973685951,0.3899998877474404
supermat,pond,probe,85,platt_fit,0.4036929167457522,-0.07829986782977252,100,0.62,0.5,0.7131000804214829,0.6199819591918996
supermat,pond,ntp,85,platt_fit,0.16840688886235086,-0.15206113397205417,100,0.62,0.5,0.6681358987721293,0.6199887785352494
supermat,pond,probe,86,platt_fit,0.49460516206582,-0.9875907149210467,100,0.47,0.5,0.7269086481992497,0.46997802475857875
supermat,pond,ntp,86,platt_fit,0.23514844181257333,-0.8302494850879067,100,0.47,0.5,0.5989738608635105,0.46999491131901033
supermat,pond,probe,87,platt_fit,0.4014400851999396,-0.5796910404211795,100,0.58,0.5,0.7927230295759407,0.5799868172821425
supermat,pond,ntp,87,platt_fit,0.15436828512270342,-0.4967459094005504,100,0.58,0.5,0.7226155181721593,0.579976326028378
supermat,pond,probe,88,platt_fit,0.46627631882137016,-0.9840366394911761,100,0.43,0.5,0.6572882516729109,0.4299965258350834
supermat,pond,ntp,88,platt_fit,0.26082700355241556,-1.2337969951124221,100,0.43,0.5,0.6104608112957064,0.4299997641858907
supermat,pond,probe,89,platt_fit,0.7261398301068522,-1.549609879919186,100,0.42,0.5,0.7112962954433187,0.4199808812940987
supermat,pond,ntp,89,platt_fit,0.2487987622453338,-0.9507540571905131,100,0.42,0.5,0.5606269596060135,0.41998947485873855
supermat,pond,probe,90,platt_fit,0.3851638453180942,-1.4203053667201804,100,0.33,0.5,0.7155165931381505,0.3300180702209123
supermat,pond,ntp,90,platt_fit,0.19829597423230635,-1.380850545619339,100,0.33,0.5,0.5931781262323674,0.33000307326325823
supermat,pond,probe,91,platt_fit,0.3012510842334781,-0.7792746110091848,100,0.43,0.5,0.682318171920694,0.430013510740794
supermat,pond,ntp,91,platt_fit,0.11362502345331217,-0.8368439187806951,100,0.43,0.5,0.6289002687114928,0.43000016296543914
supermat,pond,probe,92,platt_fit,0.43051797712198153,-1.2363508491427204,100,0.34,0.5,0.6288104061377088,0.3400016517662337
supermat,pond,ntp,92,platt_fit,0.18577089001272495,-1.219564116659105,100,0.34,0.5,0.5579838858820112,0.3400052349797966
supermat,pond,probe,93,platt_fit,0.44722170520030674,-1.30312741026734,100,0.32,0.5,0.6357093972726416,0.320082744554394
supermat,pond,ntp,93,platt_fit,0.26002912559090274,-1.5325225876013802,100,0.32,0.5,0.5582860596647115,0.31999922815998205
supermat,pond,probe,94,platt_fit,0.6036240379228489,-1.2272379772343713,100,0.48,0.5,0.7622590393294871,0.47999905045949703
supermat,pond,ntp,94,platt_fit,0.17670274736536745,-0.6182496675596014,100,0.48,0.5,0.5967435912477922,0.47999654687713617
supermat,pond,probe,95,platt_fit,0.22057069400072776,-0.250822538534176,100,0.53,0.5,0.7428314259971184,0.5299966889109057
supermat,pond,ntp,95,platt_fit,0.12162448192489594,-0.37032135352901474,100,0.53,0.5,0.644004532067392,0.5299844934748535
supermat,pond,probe,96,platt_fit,0.1913386237318179,0.04024870188353416,100,0.57,0.5,0.6807682461145589,0.5699961312377712
supermat,pond,ntp,96,platt_fit,0.2663422763694735,-0.2540431373519366,100,0.57,0.5,0.6246763532482312,0.5699979610949842
supermat,pond,probe,97,platt_fit,0.30583622528283716,-0.4077562479558773,100,0.53,0.5,0.7370657969016838,0.5299957806505473
supermat,pond,ntp,97,platt_fit,0.16217071962719704,-0.36755665667894466,100,0.53,0.5,0.6072849059675567,0.5299902580763428
supermat,pond,probe,98,platt_fit,0.431711805513179,-0.9005942540171343,100,0.46,0.5,0.7230128992649669,0.4600051864338648
supermat,pond,ntp,98,platt_fit,0.14606689964793412,-0.7013261896802407,100,0.46,0.5,0.6127579039725773,0.4599998756069818
supermat,pond,probe,99,platt_fit,0.25321460098978965,-0.720293314261813,100,0.46,0.5,0.7972898323501252,0.4599999748752964
supermat,pond,ntp,99,platt_fit,0.06583672276591057,-0.3952229468433865,100,0.46,0.5,0.6416177007481678,0.4599623207900539
supermat,nfix,probe,0,platt_fit,0.8329995023338276,-3.909814615249318,100,0.25,0.5,0.9058184109016598,0.25000068156844435
supermat,nfix,ntp,0,platt_fit,0.20548062488264074,-2.2906398896072524,100,0.25,0.5,0.7136316825099729,0.25000078184388824
supermat,nfix,probe,1,platt_fit,0.4744102597127963,-2.1538025928416777,100,0.35,0.5,0.9245332657946445,0.3499984744479925
supermat,nfix,ntp,1,platt_fit,0.15809703822285118,-1.4504247183608805,100,0.35,0.5,0.706642061888801,0.3499992748250561
supermat,nfix,probe,2,platt_fit,0.7627698426440246,-3.422678954800244,100,0.25,0.5,0.8650001049371204,0.24999776016357905
supermat,nfix,ntp,2,platt_fit,0.22391919019931014,-2.5626977883428497,100,0.25,0.5,0.6802198252683269,0.2500027671180843
supermat,nfix,probe,3,platt_fit,0.7784804528960573,-3.7278181297620008,100,0.24,0.5,0.8657173313649635,0.2400179331244824
supermat,nfix,ntp,3,platt_fit,0.22338703018986708,-2.4294350947573333,100,0.24,0.5,0.6352191081209095,0.23999696472854615
supermat,nfix,probe,4,platt_fit,0.36470611964486643,-1.7542774661679068,100,0.36,0.5,0.9095863343774593,0.35999635009654907
supermat,nfix,ntp,4,platt_fit,0.17972440064967238,-1.3822510025210903,100,0.36,0.5,0.6778572306639411,0.3600007814135372
supermat,nfix,probe,5,platt_fit,0.5424260174302875,-2.28239714458703,100,0.35,0.5,0.8613346889148721,0.3500340151245752
supermat,nfix,ntp,5,platt_fit,0.22327195826855667,-1.8633662574230152,100,0.35,0.5,0.6775305244789854,0.34999130088178027
supermat,nfix,probe,6,platt_fit,0.5261276608066066,-2.4269319651307826,100,0.31,0.5,0.8954941520112427,0.3099982299140383
supermat,nfix,ntp,6,platt_fit,0.1906650956013112,-1.8151639517561666,100,0.31,0.5,0.681242375190517,0.30999942957273374
supermat,nfix,probe,7,platt_fit,0.8000668377278871,-3.8141423212814547,100,0.23,0.5,0.8661165945664344,0.23002308983093503
supermat,nfix,ntp,7,platt_fit,0.2301554273911836,-2.411094668821985,100,0.23,0.5,0.6305731045568951,0.22999885488282343
supermat,nfix,probe,8,platt_fit,0.22412963765892505,-1.478354366464353,100,0.32,0.5,0.9092026262509338,0.31999643540936384
supermat,nfix,ntp,8,platt_fit,0.09743904202171531,-1.3147060314655543,100,0.32,0.5,0.6892303008794509,0.31999808650872674
supermat,nfix,probe,9,platt_fit,0.1264785758348212,-1.6160271805203827,100,0.23,0.5,0.9056577529845253,0.22998380663105544
supermat,nfix,ntp,9,platt_fit,0.18697252596702024,-1.9925083374539925,100,0.23,0.5,0.6479942883501496,0.22999293855137037
supermat,nfix,probe,10,platt_fit,0.4941115539872941,-2.662087682164917,100,0.23,0.5,0.8580173448541986,0.23000416208063135
supermat,nfix,ntp,10,platt_fit,0.18054817588540417,-1.9819371238221442,100,0.23,0.5,0.5989749071066004,0.22999907052182067
supermat,nfix,probe,11,platt_fit,0.3927552361587945,-2.314539235896267,100,0.26,0.5,0.8901764076400436,0.26001256213525975
supermat,nfix,ntp,11,platt_fit,0.18187326925226424,-2.2754563191418007,100,0.26,0.5,0.7386506761098175,0.2600008644698053
supermat,nfix,probe,12,platt_fit,0.6137832178647069,-2.8726204441802587,100,0.29,0.5,0.8893289966009297,0.29001070347910085
supermat,nfix,ntp,12,platt_fit,0.16630040543065655,-1.859957844648528,100,0.29,0.5,0.658941642055872,0.2900028277827788
supermat,nfix,probe,13,platt_fit,0.45448526089631347,-2.3586238296651834,100,0.27,0.5,0.8710514273093081,0.2699836201103969
supermat,nfix,ntp,13,platt_fit,0.24906930171402264,-1.9331039470328886,100,0.27,0.5,0.6449731302239516,0.2699989014839986
supermat,nfix,probe,14,platt_fit,0.5318670963070287,-3.031819351984058,100,0.25,0.5,0.921217149127227,0.24998169006440654
supermat,nfix,ntp,14,platt_fit,0.17745818031763025,-2.3582603876784134,100,0.25,0.5,0.7275670898619245,0.2500013976782916
supermat,nfix,probe,15,platt_fit,0.7412119523522249,-3.399003172384346,100,0.28,0.5,0.8625359968192201,0.2800315498784518
supermat,nfix,ntp,15,platt_fit,0.24115255528934,-2.3529978730182437,100,0.28,0.5,0.6817927880764572,0.27999433724175593
supermat,nfix,probe,16,platt_fit,0.31270689808790936,-2.290677237882554,100,0.22,0.5,0.9103594330572209,0.2199861521102291
supermat,nfix,ntp,16,platt_fit,0.22624001038684272,-2.4722199779200884,100,0.22,0.5,0.6815942831580878,0.22001307339941284
supermat,nfix,probe,17,platt_fit,0.5008858835417745,-2.4411310320532937,100,0.3,0.5,0.8923828125160844,0.2999974984834424
supermat,nfix,ntp,17,platt_fit,0.14060301693338137,-1.5507862504709886,100,0.3,0.5,0.6688623747264552,0.29999949167678125
supermat,nfix,probe,18,platt_fit,0.4388073113820425,-2.7016987918028947,100,0.22,0.5,0.876063998710394,0.2200004071236231
supermat,nfix,ntp,18,platt_fit,0.14385871888258558,-2.1750202070598204,100,0.22,0.5,0.6797196834564919,0.2200071757084492
supermat,nfix,probe,19,platt_fit,0.6047045553415921,-3.0875497135985595,100,0.22,0.5,0.8850158146843127,0.21999157409436645
supermat,nfix,ntp,19,platt_fit,0.2025576201054205,-2.3941270609246303,100,0.22,0.5,0.6525696538519115,0.22000582654241072
supermat,nfix,probe,20,platt_fit,0.7461587772103937,-3.0434951185831274,100,0.35,0.5,0.8760800889296395,0.3500023462981624
supermat,nfix,ntp,20,platt_fit,0.2644238582497177,-1.991984367733255,100,0.35,0.5,0.6642977299529611,0.349996148155143
supermat,nfix,probe,21,platt_fit,0.37055829329496637,-2.0905667297719295,100,0.28,0.5,0.8789423698144865,0.27999569174808747
supermat,nfix,ntp,21,platt_fit,0.1962942460707159,-2.0995270228014378,100,0.28,0.5,0.678177201045945,0.27999942917370574
supermat,nfix,probe,22,platt_fit,0.7347411793137218,-4.010649454253061,100,0.17,0.5,0.8831666378048106,0.1699808797934592
supermat,nfix,ntp,22,platt_fit,0.11507601769696724,-2.262547970100039,100,0.17,0.5,0.6743266179598367,0.16999602312716927
supermat,nfix,probe,23,platt_fit,0.28164910543450455,-1.7480614201609204,100,0.31,0.5,0.9206760445369474,0.30998784695047044
supermat,nfix,ntp,23,platt_fit,0.11637090071130417,-1.4210966248643468,100,0.31,0.5,0.6700260846511594,0.3100025215566793
supermat,nfix,probe,24,platt_fit,0.8972658852596527,-4.190513173169286,100,0.26,0.5,0.9135093180243259,0.2600041527293697
supermat,nfix,ntp,24,platt_fit,0.2459456777947902,-2.8920704512857847,100,0.26,0.5,0.7497446922930062,0.26004394851838425
supermat,nfix,probe,25,platt_fit,1.0814796209587716,-4.652566831730048,100,0.24,0.5,0.8631009568941372,0.239998128875612
supermat,nfix,ntp,25,platt_fit,0.26229256906657133,-2.1825679590631664,100,0.24,0.5,0.5695579251332326,0.24000674570066752
supermat,nfix,probe,26,platt_fit,0.6737401252843772,-3.7915034744619964,100,0.17,0.5,0.9078237581215686,0.17000294028948204
supermat,nfix,ntp,26,platt_fit,0.19993678276978868,-2.634064231919226,100,0.17,0.5,0.659582689790391,0.16999922396520004
supermat,nfix,probe,27,platt_fit,0.42407686377164067,-2.6088411182866564,100,0.23,0.5,0.9130005924751045,0.23001477567955006
supermat,nfix,ntp,27,platt_fit,0.10790972968762198,-1.7818428602278782,100,0.23,0.5,0.6992839012553077,0.22998918407265748
supermat,nfix,probe,28,platt_fit,0.6422665196389638,-3.522543743920246,100,0.24,0.5,0.9448012799481101,0.23999798709796438
supermat,nfix,ntp,28,platt_fit,0.1450665269016519,-2.2115603415027154,100,0.24,0.5,0.7864155001962269,0.2399926394245671
supermat,nfix,probe,29,platt_fit,0.8144160461138772,-3.7499961783198463,100,0.26,0.5,0.8701106793413221,0.2599893061591656
supermat,nfix,ntp,29,platt_fit,0.2124133334014864,-2.281051627830903,100,0.26,0.5,0.657405934735784,0.2599972657006252
supermat,nfix,probe,30,platt_fit,0.5437217925452243,-2.659578353204968,100,0.29,0.5,0.8866809361740314,0.2899978939913601
supermat,nfix,ntp,30,platt_fit,0.156596675863239,-1.7461170350695228,100,0.29,0.5,0.6536804871700879,0.2900047436230367
supermat,nfix,probe,31,platt_fit,0.6247238573442767,-2.94417393363757,100,0.27,0.5,0.8607630459323069,0.2700038888491971
supermat,nfix,ntp,31,platt_fit,0.2965068066137982,-2.3651394796525946,100,0.27,0.5,0.6152904517850442,0.26999413081240353
supermat,nfix,probe,32,platt_fit,0.6452354949509406,-2.70253883792408,100,0.36,0.5,0.9105952811618262,0.3600093425947958
supermat,nfix,ntp,32,platt_fit,0.16863547286694197,-1.6791278199432929,100,0.36,0.5,0.7348736710360696,0.3600019046834672
supermat,nfix,probe,33,platt_fit,0.426464286861384,-2.241533361788188,100,0.31,0.5,0.9244549592675289,0.30997517035906047
supermat,nfix,ntp,33,platt_fit,0.1235348861137989,-1.4993475008796757,100,0.31,0.5,0.7074663026589161,0.3100008561419511
supermat,nfix,probe,34,platt_fit,0.4702821514011696,-2.6089054205493722,100,0.23,0.5,0.8505796791951764,0.22997997235811163
supermat,nfix,ntp,34,platt_fit,0.16542990205265473,-1.9418785879458245,100,0.23,0.5,0.6187556525647923,0.23000080439329118
supermat,nfix,probe,35,platt_fit,0.35763659392007763,-2.0399968684910195,100,0.31,0.5,0.9317164395294425,0.3099617337848641
supermat,nfix,ntp,35,platt_fit,0.19374737586026455,-2.0841221203764393,100,0.31,0.5,0.7229971403210641,0.30999934728345685
supermat,nfix,probe,36,platt_fit,0.36545263947774703,-1.9230813535954643,100,0.34,0.5,0.8952028234876748,0.3399979706638318
supermat,nfix,ntp,36,platt_fit,0.17546726527451983,-1.6032309866845058,100,0.34,0.5,0.6812112076600383,0.3399994089828979
supermat,nfix,probe,37,platt_fit,0.5361803560687544,-2.944026624327475,100,0.22,0.5,0.8417259087975285,0.21999418969696147
supermat,nfix,ntp,37,platt_fit,0.22449843733556507,-2.4474204589996615,100,0.22,0.5,0.6050015638044703,0.2199986009398934
supermat,nfix,probe,38,platt_fit,0.6559457282877406,-3.7782531163191,100,0.17,0.5,0.8974633411849896,0.17000283832416205
supermat,nfix,ntp,38,platt_fit,0.2096287998685709,-2.967815685358045,100,0.17,0.5,0.6744327100963435,0.16999744031131797
supermat,nfix,probe,39,platt_fit,0.11937336091815333,-1.3167701148878745,100,0.28,0.5,0.9082480824914385,0.27995266387607154
supermat,nfix,ntp,39,platt_fit,0.0888882163675418,-1.3913247093445964,100,0.28,0.5,0.6964721027798275,0.28000223776529914
supermat,nfix,probe,40,platt_fit,0.4818094762636082,-2.801920570715721,100,0.22,0.5,0.8588007499363696,0.22001260295681516
supermat,nfix,ntp,40,platt_fit,0.15003053113262832,-2.0700436084208973,100,0.22,0.5,0.6702630845371992,0.22000089214165253
supermat,nfix,probe,41,platt_fit,0.6614590793784614,-3.228072804213819,100,0.27,0.5,0.9113922711329328,0.27002049621213897
supermat,nfix,ntp,41,platt_fit,0.1916020660028307,-2.1787726629126976,100,0.27,0.5,0.6987547677764622,0.2700013721315081
supermat,nfix,probe,42,platt_fit,0.4192158561941693,-2.296445921788279,100,0.26,0.5,0.8769406482458861,0.25999692550709136
supermat,nfix,ntp,42,platt_fit,0.17141563504425972,-1.8120747365646457,100,0.26,0.5,0.672709528962116,0.2600271894360955
supermat,nfix,probe,43,platt_fit,0.4725089073571594,-2.854085779518136,100,0.22,0.5,0.9155008297106899,0.2200029934767918
supermat,nfix,ntp,43,platt_fit,0.15609793893921053,-2.1321341926111326,100,0.22,0.5,0.6798717824623499,0.21999083443970904
supermat,nfix,probe,44,platt_fit,0.4986652603992657,-2.7020255586941677,100,0.26,0.5,0.9184523441251905,0.25998953272384184
supermat,nfix,ntp,44,platt_fit,0.1813683565914946,-2.1804772682671634,100,0.26,0.5,0.6943482375055323,0.260001787660739
supermat,nfix,probe,45,platt_fit,0.3843257479446612,-2.1387390453589568,100,0.28,0.5,0.8784834943203689,0.2799950141865809
supermat,nfix,ntp,45,platt_fit,0.17198100260175267,-1.843351705895354,100,0.28,0.5,0.6834175292939862,0.27999219081362225
supermat,nfix,probe,46,platt_fit,0.528342544939207,-2.5925812107409576,100,0.31,0.5,0.9333575547370958,0.3099787557165813
supermat,nfix,ntp,46,platt_fit,0.129497818350544,-1.611573429568899,100,0.31,0.5,0.7682916124918729,0.31000001175429526
supermat,nfix,probe,47,platt_fit,0.6930744292438039,-2.9474078385334295,100,0.31,0.5,0.9022377062897453,0.30998754433882025
supermat,nfix,ntp,47,platt_fit,0.1421435407113584,-1.7157688820660306,100,0.31,0.5,0.7410343707349634,0.31001560321552335
supermat,nfix,probe,48,platt_fit,0.43269569916770284,-2.562947159637722,100,0.28,0.5,0.9290102758088459,0.2799944614731299
supermat,nfix,ntp,48,platt_fit,0.186157384654359,-2.00308717619694,100,0.28,0.5,0.6800155715745195,0.27999991365420757
supermat,nfix,probe,49,platt_fit,0.1653812179783532,-1.5727018784324265,100,0.25,0.5,0.8599393583282597,0.24999628063123097
supermat,nfix,ntp,49,platt_fit,0.17539741345790527,-2.114262658643766,100,0.25,0.5,0.644722033041537,0.2499994121736387
supermat,nfix,probe,50,platt_fit,0.2633222889757532,-1.519258939341442,100,0.33,0.5,0.895030395560794,0.329998051810053
supermat,nfix,ntp,50,platt_fit,0.11251702099411975,-1.3561123097962495,100,0.33,0.5,0.7076594612464568,0.3299996575020442
supermat,nfix,probe,51,platt_fit,0.45603110387148127,-2.614767233422733,100,0.22,0.5,0.8636558783806467,0.22000964090567762
supermat,nfix,ntp,51,platt_fit,0.17020362974413,-2.292972202649511,100,0.22,0.5,0.69130140738824,0.21999711517841006
supermat,nfix,probe,52,platt_fit,0.2330048292154916,-1.3672370894590224,100,0.35,0.5,0.9315305134333259,0.3499708260522145
supermat,nfix,ntp,52,platt_fit,0.08707888226030956,-1.1071803107082614,100,0.35,0.5,0.7373019030035683,0.3499966617720773
supermat,nfix,probe,53,platt_fit,0.7568062265429845,-3.8984031444065073,100,0.19,0.5,0.8854337745382352,0.18997775661859972
supermat,nfix,ntp,53,platt_fit,0.2370336837491676,-2.949766946442304,100,0.19,0.5,0.6510640374757446,0.19005368646500773
supermat,nfix,probe,54,platt_fit,0.7237470678775811,-4.040776388443909,100,0.21,0.5,0.925333307944521,0.2099980184768727
supermat,nfix,ntp,54,platt_fit,0.22308816182862468,-2.952094470493387,100,0.21,0.5,0.7240127631621317,0.20999877298439817
supermat,nfix,probe,55,platt_fit,0.5219260302986026,-2.330655736503166,100,0.32,0.5,0.8722505395594049,0.3200625969620662
supermat,nfix,ntp,55,platt_fit,0.16010335340345272,-1.5318331575382091,100,0.32,0.5,0.6548081061747014,0.31999946080440717
supermat,nfix,probe,56,platt_fit,0.548597963876181,-3.255483808826506,100,0.19,0.5,0.903283200989787,0.1900161315600058
supermat,nfix,ntp,56,platt_fit,0.2930292782291966,-3.5386893536132,100,0.19,0.5,0.7008636124365971,0.1900003039631337
supermat,nfix,probe,57,platt_fit,0.5800641361157401,-2.964312358975479,100,0.25,0.5,0.9134907023468185,0.24999637859461657
supermat,nfix,ntp,57,platt_fit,0.1514410196222198,-2.008030317709881,100,0.25,0.5,0.6942804148647873,0.2500004274679322
supermat,nfix,probe,58,platt_fit,0.4082169915303483,-2.468860128438437,100,0.26,0.5,0.9312122586434587,0.26000137625085523
supermat,nfix,ntp,58,platt_fit,0.13335350762994092,-1.8817084004997797,100,0.26,0.5,0.6778988535378615,0.2600006291470619
supermat,nfix,probe,59,platt_fit,0.7142231389982958,-3.288390442093278,100,0.32,0.5,0.9130912050632793,0.31998419627996116
supermat,nfix,ntp,59,platt_fit,0.16252073519710228,-1.9105767891761627,100,0.32,0.5,0.7521467592640897,0.31999965160353466
supermat,nfix,probe,60,platt_fit,0.46639795506807963,-2.987493387273588,100,0.18,0.5,0.8605037672074599,0.18002111699409354
supermat,nfix,ntp,60,platt_fit,0.11766258094511495,-2.1044640892031374,100,0.18,0.5,0.669229772609139,0.1799955731717002
supermat,nfix,probe,61,platt_fit,0.26455587218401727,-1.6422437262997716,100,0.3,0.5,0.8767956787864182,0.2999850731924151
supermat,nfix,ntp,61,platt_fit,0.14222690903602653,-1.621659272929828,100,0.3,0.5,0.665070775083286,0.300001001825331
supermat,nfix,probe,62,platt_fit,0.7245031714825456,-3.636159962480425,100,0.21,0.5,0.879768779243944,0.21001921246405847
supermat,nfix,ntp,62,platt_fit,0.12012905528669375,-2.002725134863816,100,0.21,0.5,0.7043078102952446,0.21000189144059023
supermat,nfix,probe,63,platt_fit,0.4270344829863046,-3.1059445999394133,100,0.17,0.5,0.9327643559872328,0.1699906439178668
supermat,nfix,ntp,63,platt_fit,0.11206708740490472,-2.326738399735205,100,0.17,0.5,0.7520917644325996,0.16999870779137752
supermat,nfix,probe,64,platt_fit,0.5591945537096635,-2.6742192086624135,100,0.25,0.5,0.8421023472648242,0.2500071984506485
supermat,nfix,ntp,64,platt_fit,0.19790682372109256,-2.0645020311712483,100,0.25,0.5,0.6438884224160514,0.24999983084199756
supermat,nfix,probe,65,platt_fit,0.6298604751797572,-3.3257502895218405,100,0.27,0.5,0.9408901679838625,0.26999589950366903
supermat,nfix,ntp,65,platt_fit,0.0709771413655282,-1.4386590852022094,100,0.27,0.5,0.7341162534531048,0.2699908569273346
supermat,nfix,probe,66,platt_fit,0.4558306316128679,-2.5366489528096627,100,0.26,0.5,0.8649678357834274,0.25999189608035206
supermat,nfix,ntp,66,platt_fit,0.24290176483229078,-2.6904809214307335,100,0.26,0.5,0.6749826994234389,0.26000786132217507
supermat,nfix,probe,67,platt_fit,0.7436268651099792,-3.4892202588522268,100,0.29,0.5,0.9181020378579616,0.2899922974107406
supermat,nfix,ntp,67,platt_fit,0.17691518078432258,-2.119086805378829,100,0.29,0.5,0.729409156376711,0.28999868434025106
supermat,nfix,probe,68,platt_fit,0.335091716009331,-2.195122782569652,100,0.25,0.5,0.9166816758487778,0.24999404582915033
supermat,nfix,ntp,68,platt_fit,0.2135190901961737,-2.21886196469954,100,0.25,0.5,0.6978780724568494,0.2500004296106051
supermat,nfix,probe,69,platt_fit,0.5641708179625836,-2.7247551171218944,100,0.32,0.5,0.9056369538073166,0.3199903006008238
supermat,nfix,ntp,69,platt_fit,0.16081937423119294,-1.7782607899539586,100,0.32,0.5,0.716259717737904,0.3199962846482796
supermat,nfix,probe,70,platt_fit,0.48839424491866795,-2.390701357336765,100,0.29,0.5,0.8604034078949995,0.2899908170309365
supermat,nfix,ntp,70,platt_fit,0.20971823515389076,-2.139339910723606,100,0.29,0.5,0.666518217079864,0.2900395432567156
supermat,nfix,probe,71,platt_fit,0.23664862966940237,-1.9278425511506097,100,0.22,0.5,0.8572816807981026,0.21998217258377278
supermat,nfix,ntp,71,platt_fit,0.13265569495382154,-1.9064224210584308,100,0.22,0.5,0.6470787731179647,0.21999654494234788
supermat,nfix,probe,72,platt_fit,0.4313940663236259,-2.1469512114513862,100,0.31,0.5,0.8854105220268285,0.3099884947699201
supermat,nfix,ntp,72,platt_fit,0.253328779692941,-1.9194445406901557,100,0.31,0.5,0.6198587324160945,0.31006010781152066
supermat,nfix,probe,73,platt_fit,0.523152886989198,-2.5387540315468646,100,0.3,0.5,0.9116782128648316,0.2999951990112304
supermat,nfix,ntp,73,platt_fit,0.12532843777668431,-1.5145985962385393,100,0.3,0.5,0.6930381154767415,0.3000007933503826
supermat,nfix,probe,74,platt_fit,0.4733237866736803,-2.7016348019482512,100,0.24,0.5,0.8741748006938611,0.2399985258041432
supermat,nfix,ntp,74,platt_fit,0.19563802215534165,-2.2160012847286903,100,0.24,0.5,0.6525652595892225,0.24000908302437313
supermat,nfix,probe,75,platt_fit,0.656761653963826,-2.845796344231837,100,0.32,0.5,0.8938478068348448,0.3200013613278436
supermat,nfix,ntp,75,platt_fit,0.16103889035497276,-1.7428263637166441,100,0.32,0.5,0.7076387570876712,0.3199993172279617
supermat,nfix,probe,76,platt_fit,0.7746009381124852,-3.9576747754290675,100,0.21,0.5,0.8637155029285666,0.21000071671795342
supermat,nfix,ntp,76,platt_fit,0.22955991361459352,-2.8654167253038114,100,0.21,0.5,0.6747124879991833,0.2099977126582954
supermat,nfix,probe,77,platt_fit,0.40128194782159754,-2.260240319249581,100,0.28,0.5,0.9197777325770886,0.27998800379664357
supermat,nfix,ntp,77,platt_fit,0.2158520531457116,-2.3536480990801367,100,0.28,0.5,0.7277250263366463,0.27999718222405234
supermat,nfix,probe,78,platt_fit,0.48950342376162786,-2.2170797070041766,100,0.35,0.5,0.8996770738929581,0.34999523598557813
supermat,nfix,ntp,78,platt_fit,0.19537030452525123,-1.9474090392603083,100,0.35,0.5,0.7331767644312045,0.35000059270087247
supermat,nfix,probe,79,platt_fit,0.39089864840692545,-2.535413229702491,100,0.21,0.5,0.839620741876155,0.210006394568927
supermat,nfix,ntp,79,platt_fit,0.21491728543060032,-2.6006870068855603,100,0.21,0.5,0.6492768846435106,0.20999853835733695
supermat,nfix,probe,80,platt_fit,0.33269940992816477,-2.012445280778819,100,0.27,0.5,0.8793224917448633,0.2699953501388561
supermat,nfix,ntp,80,platt_fit,0.14387738989983156,-1.7038570656557948,100,0.27,0.5,0.6680716786064537,0.2700003909980729
supermat,nfix,probe,81,platt_fit,0.1728530676284434,-1.7918423290872065,100,0.22,0.5,0.8982394735165233,0.2199773582090706
supermat,nfix,ntp,81,platt_fit,0.12059972797885668,-1.8385531255868004,100,0.22,0.5,0.6632587322943654,0.21999567856970131
supermat,nfix,probe,82,platt_fit,0.6769518592512784,-2.8310326531967824,100,0.38,0.5,0.9275805024972373,0.37999862345496643
supermat,nfix,ntp,82,platt_fit,0.21660279564046694,-1.7439869142985733,100,0.38,0.5,0.6880398527241008,0.37999932580781043
supermat,nfix,probe,83,platt_fit,0.9885303626571099,-5.095373304320727,100,0.18,0.5,0.8870388649570208,0.18000292764380604
supermat,nfix,ntp,83,platt_fit,0.3174097614340523,-3.9580612618831097,100,0.18,0.5,0.660851112533202,0.17999704869190036
supermat,nfix,probe,84,platt_fit,0.731527722104316,-3.646408162569369,100,0.23,0.5,0.9000975696703457,0.23000001906766251
supermat,nfix,ntp,84,platt_fit,0.1622920236074344,-2.1961730793074916,100,0.23,0.5,0.6628485678479042,0.23000064772947013
supermat,nfix,probe,85,platt_fit,0.6488227573255232,-2.624172954327433,100,0.34,0.5,0.8865875117810763,0.3400380488015953
supermat,nfix,ntp,85,platt_fit,0.11398812361059671,-1.289010103566783,100,0.34,0.5,0.6798204686503017,0.3400008571392965
supermat,nfix,probe,86,platt_fit,0.6785251636534378,-3.5244032067098052,100,0.22,0.5,0.9079224864369175,0.2200160919165033
supermat,nfix,ntp,86,platt_fit,0.2345300428459441,-2.520536363114915,100,0.22,0.5,0.6831087638485799,0.2200039772848429
supermat,nfix,probe,87,platt_fit,0.505615297694243,-3.0298918946065196,100,0.21,0.5,0.9195611620746508,0.20997662513984303
supermat,nfix,ntp,87,platt_fit,0.17509016174617584,-2.433690031815129,100,0.21,0.5,0.7225897888252785,0.20999589291826304
supermat,nfix,probe,88,platt_fit,0.5590459297068013,-2.7479059274502062,100,0.3,0.5,0.9112002142884116,0.300014887624327
supermat,nfix,ntp,88,platt_fit,0.1453935352120116,-1.7212760956813724,100,0.3,0.5,0.7012005835743795,0.29999945781374654
supermat,nfix,probe,89,platt_fit,0.8529441608389484,-3.7785553920527315,100,0.25,0.5,0.856221595004198,0.24998571846556705
supermat,nfix,ntp,89,platt_fit,0.1905621176083628,-2.1927259006816464,100,0.25,0.5,0.6852903515640472,0.2500019949947269
supermat,nfix,probe,90,platt_fit,0.6182849460761172,-3.380647305145666,100,0.23,0.5,0.9351926287732891,0.229989419102717
supermat,nfix,ntp,90,platt_fit,0.0720104337209429,-1.5924432226829695,100,0.23,0.5,0.7062782520409208,0.22999867283270095
supermat,nfix,probe,91,platt_fit,0.43953049510062653,-2.3347956339505376,100,0.29,0.5,0.8746684843242748,0.2899957136216773
supermat,nfix,ntp,91,platt_fit,0.22234540999226154,-2.2174994631232776,100,0.29,0.5,0.6783365050575226,0.28999416673453127
supermat,nfix,probe,92,platt_fit,0.5911830585704874,-2.2864287903270792,100,0.35,0.5,0.8532559735170879,0.3500627582403555
supermat,nfix,ntp,92,platt_fit,0.20609308510149038,-1.5899256706738452,100,0.35,0.5,0.6590101010457697,0.34991128234234314
supermat,nfix,probe,93,platt_fit,0.17729011474092934,-1.5690055838455548,100,0.26,0.5,0.8910294749694933,0.2599882425575199
supermat,nfix,ntp,93,platt_fit,0.1306626525938619,-1.6118914976705099,100,0.26,0.5,0.6290211048492391,0.2600115280052421
supermat,nfix,probe,94,platt_fit,0.5991907569841894,-2.944507501410578,100,0.25,0.5,0.8745596497827123,0.2500024773498164
supermat,nfix,ntp,94,platt_fit,0.2620257304893249,-2.5602557199300295,100,0.25,0.5,0.6526006977279032,0.2499950865482705
supermat,nfix,probe,95,platt_fit,0.556515336896385,-2.537910486277252,100,0.3,0.5,0.8796655560180417,0.2999953060874716
supermat,nfix,ntp,95,platt_fit,0.12301017584616225,-1.3680882823267462,100,0.3,0.5,0.6526293053268869,0.3000957032685107
supermat,nfix,probe,96,platt_fit,1.0469063346569087,-4.90801981318022,100,0.24,0.5,0.8787285674942044,0.2400054916471847
supermat,nfix,ntp,96,platt_fit,0.21762433995235256,-2.830556579787679,100,0.24,0.5,0.712484839817877,0.24000326814298437
supermat,nfix,probe,97,platt_fit,0.5071666647648918,-2.698643966459315,100,0.31,0.5,0.9335001242590857,0.3099981637051637
supermat,nfix,ntp,97,platt_fit,0.18037564614791093,-2.216330479465637,100,0.31,0.5,0.7638796486616681,0.3099995452880702
supermat,nfix,probe,98,platt_fit,0.7412695611909248,-3.3980351430503464,100,0.27,0.5,0.8650904885028692,0.2700017297996223
supermat,nfix,ntp,98,platt_fit,0.20576240850219543,-2.475454182535374,100,0.27,0.5,0.7287357119685833,0.2700022934467363
supermat,nfix,probe,99,platt_fit,0.5972791030601469,-3.291648975302461,100,0.21,0.5,0.9095417368182117,0.2099936308646176
supermat,nfix,ntp,99,platt_fit,0.15071019958648962,-2.2709366321899505,100,0.21,0.5,0.7212203855986451,0.2100042584167678
supermat,supermat,probe,0,platt_fit,0.9021883715057708,-3.3987837645747154,100,0.26,0.5,0.7924458051543648,0.2600254593866099
supermat,supermat,ntp,0,platt_fit,0.2618280540687345,-1.4774406334525954,100,0.26,0.5,0.47617882675356005,0.26000089660205256
supermat,supermat,probe,1,platt_fit,1.1734589926916268,-3.879216299971269,100,0.26,0.5,0.8060806247997023,0.2599787632003677
supermat,supermat,ntp,1,platt_fit,0.42030283113484224,-1.6940884362154658,100,0.26,0.5,0.49050691552641495,0.26000527438163457
supermat,supermat,probe,2,platt_fit,0.7998018315114992,-2.6028081942238255,100,0.39,0.5,0.8320744184038216,0.3899704591042812
supermat,supermat,ntp,2,platt_fit,0.1543064427316805,-0.8020360803422615,100,0.39,0.5,0.5273036376914935,0.38999723764182015
supermat,supermat,probe,3,platt_fit,0.7893952173288055,-2.853624849258663,100,0.35,0.5,0.7824854722192637,0.3500314731466044
supermat,supermat,ntp,3,platt_fit,0.28068297444590457,-1.2266239774986745,100,0.35,0.5,0.5395563117669319,0.34991433948221234
supermat,supermat,probe,4,platt_fit,0.602579811181079,-2.322438222859057,100,0.36,0.5,0.8609421389392105,0.3600170326224703
supermat,supermat,ntp,4,platt_fit,0.16526890939201186,-0.8901276746510919,100,0.36,0.5,0.5222028423368228,0.36000282960022983
supermat,supermat,probe,5,platt_fit,0.8298800869379532,-2.5755798128530714,100,0.42,0.5,0.8344253186243065,0.41999148568953415
supermat,supermat,ntp,5,platt_fit,0.22164561546878442,-0.6763196506771965,100,0.42,0.5,0.5185340375878151,0.420000252519983
supermat,supermat,probe,6,platt_fit,1.0406351101530718,-4.109406633777085,100,0.25,0.5,0.8170616887937158,0.2500203663007764
supermat,supermat,ntp,6,platt_fit,0.2679577531560533,-1.6916163850797017,100,0.25,0.5,0.5107744307215568,0.2500117641721469
supermat,supermat,probe,7,platt_fit,0.9440967251056565,-3.4759718067316516,100,0.38,0.5,0.8762893603259846,0.3799829427835995
supermat,supermat,ntp,7,platt_fit,0.155903514299022,-0.8011005442903811,100,0.38,0.5,0.5249877559002188,0.3799994214728779
supermat,supermat,probe,8,platt_fit,1.0526411900545583,-3.917481295624744,100,0.24,0.5,0.8201240275553523,0.24003321766759644
supermat,supermat,ntp,8,platt_fit,0.21755442061715644,-1.3611191884495888,100,0.24,0.5,0.46043417362634487,0.24000095702314514
supermat,supermat,probe,9,platt_fit,0.929675950300067,-2.935534868547711,100,0.4,0.5,0.8329465484142297,0.399994595066616
supermat,supermat,ntp,9,platt_fit,0.25165073721900066,-1.0263894451783382,100,0.4,0.5,0.5576777062414898,0.3999962822569661
supermat,supermat,probe,10,platt_fit,0.6553906826231783,-2.48250015546843,100,0.34,0.5,0.861587012779172,0.34002446651674517
supermat,supermat,ntp,10,platt_fit,0.12133356322246062,-1.0703190129047813,100,0.34,0.5,0.5816668770762881,0.3399979117271777
supermat,supermat,probe,11,platt_fit,0.702155990352573,-2.183434888038071,100,0.44,0.5,0.8602336494028872,0.4400144820125007
supermat,supermat,ntp,11,platt_fit,0.7354889614472939,-0.6576767972920706,100,0.44,0.5,0.5492072509268272,0.44000301295781746
supermat,supermat,probe,12,platt_fit,1.01081302822044,-3.2176763854496735,100,0.32,0.5,0.808248968721785,0.3199606426802662
supermat,supermat,ntp,12,platt_fit,0.29952029099209404,-1.185187393867598,100,0.32,0.5,0.4943627806071869,0.31999162296379213
supermat,supermat,probe,13,platt_fit,0.5473033360584605,-1.8692041963679293,100,0.46,0.5,0.8806914503700711,0.4599849301008602
supermat,supermat,ntp,13,platt_fit,0.165458425584539,-0.5428734017749658,100,0.46,0.5,0.5560471432315963,0.45999809681116255
supermat,supermat,probe,14,platt_fit,1.0073090000081448,-3.841274029802379,100,0.31,0.5,0.8538637609104671,0.3100538772304825
supermat,supermat,ntp,14,platt_fit,0.2952034328523944,-1.6781829521026956,100,0.31,0.5,0.5568546993717906,0.31002532974456115
supermat,supermat,probe,15,platt_fit,0.7817196132852839,-2.3288194473231485,100,0.53,0.5,0.8987352856117634,0.530014857973813
supermat,supermat,ntp,15,platt_fit,0.2462846088232802,-0.39554995113878405,100,0.53,0.5,0.5755556581627421,0.5300223206180411
supermat,supermat,probe,16,platt_fit,1.173107274532104,-4.181928321590445,100,0.29,0.5,0.7716440086907285,0.2900094309622595
supermat,supermat,ntp,16,platt_fit,0.3028691307561451,-1.5874755173150907,100,0.29,0.5,0.5135988435458488,0.2900254482534571
supermat,supermat,probe,17,platt_fit,1.3937479848542584,-5.495115926585645,100,0.23,0.5,0.8152607404080595,0.2300137357826112
supermat,supermat,ntp,17,platt_fit,0.2949843405770069,-1.708657004185869,100,0.23,0.5,0.4887106280058531,0.2300006724880181
supermat,supermat,probe,18,platt_fit,0.5245105848119592,-2.2048337424956252,100,0.29,0.5,0.7936382548747464,0.28999135103131674
supermat,supermat,ntp,18,platt_fit,0.293356204642128,-1.5954162477099207,100,0.29,0.5,0.5307237497212154,0.28999954940530154
supermat,supermat,probe,19,platt_fit,0.5993058916631155,-2.2997577069886934,100,0.38,0.5,0.8554563642629018,0.3799966995984389
supermat,supermat,ntp,19,platt_fit,0.2639620644215646,-1.1275885821071978,100,0.38,0.5,0.5751873759567327,0.3799528610874875
supermat,supermat,probe,20,platt_fit,0.6380875210186104,-2.697952078965765,100,0.34,0.5,0.8660726864711314,0.34007540282871274
supermat,supermat,ntp,20,platt_fit,0.20982160696057955,-1.343992730524677,100,0.34,0.5,0.5743443757512342,0.3400018372868873
supermat,supermat,probe,21,platt_fit,1.081503624562536,-3.76119225686178,100,0.3,0.5,0.7918307713920225,0.300003232620091
supermat,supermat,ntp,21,platt_fit,0.46840281014840374,-1.282602004776641,100,0.3,0.5,0.49262859332954784,0.29995919030880464
supermat,supermat,probe,22,platt_fit,1.0573453967575297,-3.875698694349615,100,0.24,0.5,0.7770104592701733,0.23999246835362956
supermat,supermat,ntp,22,platt_fit,0.4419637541328635,-2.3264562078818756,100,0.24,0.5,0.5293837429626678,0.23998715296710327
supermat,supermat,probe,23,platt_fit,0.7647494303343567,-2.8074118591806188,100,0.34,0.5,0.8360473372239007,0.34002054093092254
supermat,supermat,ntp,23,platt_fit,0.2762338722650891,-0.9677701139403349,100,0.34,0.5,0.4865775707175119,0.34000138425951826
supermat,supermat,probe,24,platt_fit,0.8455605665321726,-3.1168012509838543,100,0.34,0.5,0.8267921958377569,0.3400118554173257
supermat,supermat,ntp,24,platt_fit,0.23557551796173834,-1.202222768007604,100,0.34,0.5,0.540194494986222,0.3399833001349533
supermat,supermat,probe,25,platt_fit,0.7958090023115763,-2.67143576451822,100,0.39,0.5,0.8217223976494726,0.3899811097329391
supermat,supermat,ntp,25,platt_fit,0.7735670709282524,-1.0054408231718799,100,0.39,0.5,0.5383150657897753,0.38998813709099567
supermat,supermat,probe,26,platt_fit,0.870695663516791,-2.729033963183635,100,0.33,0.5,0.7708885732441069,0.3299967960488319
supermat,supermat,ntp,26,platt_fit,0.36116202150631965,-0.9878670577255623,100,0.33,0.5,0.47596340923470476,0.32997271460247135
supermat,supermat,probe,27,platt_fit,1.2075599389542766,-3.6012392490033984,100,0.46,0.5,0.8479289056131475,0.46002567139894496
supermat,supermat,ntp,27,platt_fit,0.34554286208150375,-0.804794510234938,100,0.46,0.5,0.5789161325086978,0.4599964468907367
supermat,supermat,probe,28,platt_fit,1.2549482341614973,-4.0783137527080635,100,0.43,0.5,0.827953017121935,0.43000945215107594
supermat,supermat,ntp,28,platt_fit,0.22108399431140272,-0.6569481015603159,100,0.43,0.5,0.5394386706491752,0.42996800213855
supermat,supermat,probe,29,platt_fit,1.599968701951365,-5.315635630608983,100,0.26,0.5,0.8136113358973612,0.2599842374693146
supermat,supermat,ntp,29,platt_fit,0.4418466408301513,-1.613202869534756,100,0.26,0.5,0.4916130539114645,0.25992545955276136
supermat,supermat,probe,30,platt_fit,0.9713256090537061,-3.21161820389493,100,0.36,0.5,0.8421886892438333,0.3600311012270476
supermat,supermat,ntp,30,platt_fit,0.21273523373088976,-1.0559450528070815,100,0.36,0.5,0.5354752581944283,0.3599966749925102
supermat,supermat,probe,31,platt_fit,1.107390189190344,-3.992920562999548,100,0.35,0.5,0.8542395613793821,0.3499875991713474
supermat,supermat,ntp,31,platt_fit,0.17143129302294632,-0.92991079381982,100,0.35,0.5,0.49999441626874513,0.3499999769472998
supermat,supermat,probe,32,platt_fit,0.6994313714238574,-2.74961035705273,100,0.28,0.5,0.8243280067342371,0.28005017853318703
supermat,supermat,ntp,32,platt_fit,3.403521245146279,-0.37498828000084644,100,0.28,0.5,0.48102376384878087,0.2799826899874165
supermat,supermat,probe,33,platt_fit,0.8048793906592228,-3.0708646862436986,100,0.43,0.5,0.8998705059566454,0.4300005361617389
supermat,supermat,ntp,33,platt_fit,0.195274019940357,-0.8184291575102972,100,0.43,0.5,0.5800077025575626,0.4300001742353578
supermat,supermat,probe,34,platt_fit,0.8605516861539612,-2.8151367318238716,100,0.36,0.5,0.8271782436836201,0.3599678492196231
supermat,supermat,ntp,34,platt_fit,0.33377926319663975,-1.3210381080533578,100,0.36,0.5,0.5469660310017455,0.36001228509097893
supermat,supermat,probe,35,platt_fit,0.6959147730328642,-2.8875488287646283,100,0.4,0.5,0.9083248274901531,0.4000088723665617
supermat,supermat,ntp,35,platt_fit,0.2138855042374016,-1.3534651486163158,100,0.4,0.5,0.624728171185077,0.39999989997843477
supermat,supermat,probe,36,platt_fit,0.8889529269314851,-3.681450752158136,100,0.22,0.5,0.8216537048638324,0.22005702652928907
supermat,supermat,ntp,36,platt_fit,0.22946563537006048,-1.5964870828664712,100,0.22,0.5,0.4717901162421423,0.21999646691680033
supermat,supermat,probe,37,platt_fit,0.8008794179733973,-2.5234792167801285,100,0.4,0.5,0.8336419795319833,0.399986044464945
supermat,supermat,ntp,37,platt_fit,0.2336188946969828,-0.9247392544956413,100,0.4,0.5,0.5501895171592142,0.3999996650362061
supermat,supermat,probe,38,platt_fit,1.526138760178556,-5.89335101219633,100,0.24,0.5,0.8152736668942149,0.2399961742945938
supermat,supermat,ntp,38,platt_fit,0.23579121683677304,-1.9288303116563,100,0.24,0.5,0.535445345848774,0.23999851218574236
supermat,supermat,probe,39,platt_fit,0.868637197919635,-3.1883084079352435,100,0.35,0.5,0.8583815469567331,0.3499980306985914
supermat,supermat,ntp,39,platt_fit,0.2746318630967762,-1.361515017669026,100,0.35,0.5,0.5606936121220876,0.35000346088251433
supermat,supermat,probe,40,platt_fit,0.9467237153183049,-3.7238714814394624,100,0.35,0.5,0.8713559432349746,0.35001559652122116
supermat,supermat,ntp,40,platt_fit,0.2663479236589756,-1.2902234169281335,100,0.35,0.5,0.5540383744687549,0.34999898307909577
supermat,supermat,probe,41,platt_fit,0.8564881468220544,-3.0019249359572524,100,0.42,0.5,0.853040295340406,0.42000541435800903
supermat,supermat,ntp,41,platt_fit,0.7548657212348477,-0.7711123208257995,100,0.42,0.5,0.5426294186714165,0.42000068403190655
supermat,supermat,probe,42,platt_fit,1.156898509886835,-3.971253586083266,100,0.3,0.5,0.8294153645963805,0.3000009024416923
supermat,supermat,ntp,42,platt_fit,0.4442966941624835,-1.202268668809096,100,0.3,0.5,0.47719753078039967,0.29999784612460223
supermat,supermat,probe,43,platt_fit,1.117819929185794,-3.5050326376563348,100,0.38,0.5,0.844610974225261,0.37999759385186843
supermat,supermat,ntp,43,platt_fit,0.22451593539803794,-0.9943149183174009,100,0.38,0.5,0.559423230131068,0.37998260785314136
supermat,supermat,probe,44,platt_fit,0.7245657577718655,-2.6043803212902517,100,0.45,0.5,0.9030691721515983,0.4500076797528073
supermat,supermat,ntp,44,platt_fit,0.24629184443002955,-0.6480072155754263,100,0.45,0.5,0.5390840879456629,0.44999992269185
supermat,supermat,probe,45,platt_fit,1.0858631991865342,-4.6159462858790175,100,0.23,0.5,0.8086438950425299,0.22999373366826428
supermat,supermat,ntp,45,platt_fit,0.38426756016431607,-1.9773957147639216,100,0.23,0.5,0.4873304653154183,0.2299978105606785
supermat,supermat,probe,46,platt_fit,0.8995573847546298,-3.638817521339043,100,0.26,0.5,0.8167906299748066,0.260035876584069
supermat,supermat,ntp,46,platt_fit,0.25184244572020464,-1.4813214530481291,100,0.26,0.5,0.5034781253281373,0.26005625274465394
supermat,supermat,probe,47,platt_fit,0.8969676644815859,-2.9043528966227825,100,0.41,0.5,0.8328289646452499,0.41001896943437877
supermat,supermat,ntp,47,platt_fit,0.18078942281113072,-0.6922748525727159,100,0.41,0.5,0.5309123616536227,0.4099809385316982
supermat,supermat,probe,48,platt_fit,0.9634200437640036,-3.631751332061551,100,0.35,0.5,0.8459698710953287,0.34999134645453417
supermat,supermat,ntp,48,platt_fit,0.2563416215481503,-1.43756778111416,100,0.35,0.5,0.5671361397983277,0.3499999505107688
supermat,supermat,probe,49,platt_fit,1.131908001978255,-3.8105890280458383,100,0.29,0.5,0.815926616965347,0.28999786939701017
supermat,supermat,ntp,49,platt_fit,0.40292028975900734,-1.2929799162061615,100,0.29,0.5,0.48265862218782024,0.2899991291057817
supermat,supermat,probe,50,platt_fit,1.349362260208464,-4.608590956892875,100,0.26,0.5,0.7944935878673337,0.2600061630959816
supermat,supermat,ntp,50,platt_fit,0.49933910857405833,-2.0153703787753243,100,0.26,0.5,0.520721171350753,0.2600272697279949
supermat,supermat,probe,51,platt_fit,0.7632643584904394,-3.255272184017773,100,0.25,0.5,0.7769869031592019,0.250006246612762
supermat,supermat,ntp,51,platt_fit,0.4469781716295081,-1.7197882960103577,100,0.25,0.5,0.49558188213311233,0.2500399392701727
supermat,supermat,probe,52,platt_fit,0.8297075036884338,-3.7477462944561117,100,0.24,0.5,0.8434320264271621,0.24005584993121898
supermat,supermat,ntp,52,platt_fit,0.30223384644539436,-1.6589779861909906,100,0.24,0.5,0.4774350999298717,0.24000245789937458
supermat,supermat,probe,53,platt_fit,2.177198963222936,-6.054197097488479,100,0.24,0.5,0.7990958786516599,0.23996339252715806
supermat,supermat,ntp,53,platt_fit,0.6080923348761533,-1.6665211973254697,100,0.24,0.5,0.4806930308024977,0.23999742588371004
supermat,supermat,probe,54,platt_fit,0.6356843446570506,-2.17659823362215,100,0.45,0.5,0.8657133088425141,0.4500237457842175
supermat,supermat,ntp,54,platt_fit,0.3509305340527401,-1.3770804761823068,100,0.45,0.5,0.634179278877992,0.44998066740685194
supermat,supermat,probe,55,platt_fit,1.3389264673503742,-4.468109443155526,100,0.37,0.5,0.8629278696100374,0.3699725601701179
supermat,supermat,ntp,55,platt_fit,0.380503971506226,-1.240291176835796,100,0.37,0.5,0.5591295555715079,0.36998870916459464
supermat,supermat,probe,56,platt_fit,0.9765563730681216,-3.8328250891697366,100,0.27,0.5,0.8432618041693529,0.2699749815928496
supermat,supermat,ntp,56,platt_fit,0.23177318658802556,-1.7520904213669792,100,0.27,0.5,0.5514936841151813,0.2699897340617716
supermat,supermat,probe,57,platt_fit,0.8839946447608195,-3.3944245499861188,100,0.25,0.5,0.8236588507429645,0.25000753518144736
supermat,supermat,ntp,57,platt_fit,0.2287683013336385,-1.631336732927321,100,0.25,0.5,0.5270648159252476,0.24999822428027246
supermat,supermat,probe,58,platt_fit,0.9702614568310416,-3.1308715271221903,100,0.3,0.5,0.8017624151844323,0.29999784546504293
supermat,supermat,ntp,58,platt_fit,0.3468947103530568,-1.4906102374205084,100,0.3,0.5,0.5195998563690818,0.2999971658765423
supermat,supermat,probe,59,platt_fit,0.8469785687652572,-3.1024086292662076,100,0.29,0.5,0.8543266091911659,0.2900609964086511
supermat,supermat,ntp,59,platt_fit,0.26173671591829006,-1.391749990371683,100,0.29,0.5,0.5085424101543251,0.2900144342593783
supermat,supermat,probe,60,platt_fit,0.8740897644531466,-3.115057886785953,100,0.37,0.5,0.8525857682248066,0.3699841586515792
supermat,supermat,ntp,60,platt_fit,0.19347235480884972,-0.9136148565296619,100,0.37,0.5,0.5430625413770649,0.36999883268973494
supermat,supermat,probe,61,platt_fit,1.2983785932654823,-4.472212103843874,100,0.34,0.5,0.8486810909658022,0.33999646660981225
supermat,supermat,ntp,61,platt_fit,0.40278343378309944,-1.4003091303323458,100,0.34,0.5,0.5259537548792506,0.34000032109528505
supermat,supermat,probe,62,platt_fit,0.6433963171449207,-2.695019274176207,100,0.32,0.5,0.8367594515983137,0.3200053893669017
supermat,supermat,ntp,62,platt_fit,0.23904108708354826,-1.3915966192334601,100,0.32,0.5,0.5492469062803209,0.3200050063750482
supermat,supermat,probe,63,platt_fit,0.8677911038578436,-2.373896460719836,100,0.48,0.5,0.8461250646503603,0.48005094078302113
supermat,supermat,ntp,63,platt_fit,0.30549178789822384,-0.6487890065065999,100,0.48,0.5,0.5827421006718194,0.47999845618863013
supermat,supermat,probe,64,platt_fit,0.8507093673469683,-3.3714940806775617,100,0.33,0.5,0.889071217750072,0.3299803150844184
supermat,supermat,ntp,64,platt_fit,0.18916655846063452,-1.1116117882782126,100,0.33,0.5,0.5166131192548511,0.3299997504386958
supermat,supermat,probe,65,platt_fit,0.44358792023865345,-1.2545453106776054,100,0.56,0.5,0.885262405096115,0.5599945892055096
supermat,supermat,ntp,65,platt_fit,0.45381664777944725,-0.5204760367459956,100,0.56,0.5,0.6204101549616194,0.5600053816815608
supermat,supermat,probe,66,platt_fit,1.1544083342589235,-4.279310636531419,100,0.23,0.5,0.7930481820592857,0.22997484242532945
supermat,supermat,ntp,66,platt_fit,0.30949337366078106,-1.546354859569413,100,0.23,0.5,0.4820513374937218,0.22999979854276986
supermat,supermat,probe,67,platt_fit,0.6355130032711677,-2.577708108787075,100,0.34,0.5,0.8615240799015568,0.3400298995280214
supermat,supermat,ntp,67,platt_fit,0.3460478979400399,-1.3910730250546093,100,0.34,0.5,0.5479842308350813,0.33999741454085614
supermat,supermat,probe,68,platt_fit,0.8512507571228746,-3.9627674823766563,100,0.22,0.5,0.8310590986855466,0.22000404786357805
supermat,supermat,ntp,68,platt_fit,0.21494789898492234,-1.8614480740264776,100,0.22,0.5,0.4930421863290368,0.22002149385471476
supermat,supermat,probe,69,platt_fit,0.6433604618728699,-2.7709733720523406,100,0.26,0.5,0.8371149376865684,0.25999442579490023
supermat,supermat,ntp,69,platt_fit,0.18516096701647944,-1.3381309763814568,100,0.26,0.5,0.47517496189675046,0.2600015264322582
supermat,supermat,probe,70,platt_fit,1.6894814804423417,-5.656350724959452,100,0.17,0.5,0.716291056570529,0.17001089061172756
supermat,supermat,ntp,70,platt_fit,0.24989093397845935,-2.1386367143961764,100,0.17,0.5,0.4649457997724643,0.16999878407821023
supermat,supermat,probe,71,platt_fit,1.0052959194045035,-3.6796767324341806,100,0.46,0.5,0.9162232787037031,0.4600106632808806
supermat,supermat,ntp,71,platt_fit,0.2570663923362329,-0.9703842095161841,100,0.46,0.5,0.6081054541534282,0.45999910033018493
supermat,supermat,probe,72,platt_fit,0.7273143324647905,-1.9025829437626476,100,0.48,0.5,0.8116910327458099,0.4799763117314078
supermat,supermat,ntp,72,platt_fit,0.26362267746078755,-0.6259361090714769,100,0.48,0.5,0.5759029077763416,0.4800021109264501
supermat,supermat,probe,73,platt_fit,0.9961734234292446,-4.289193073348779,100,0.33,0.5,0.8742972357457127,0.32999000491374275
supermat,supermat,ntp,73,platt_fit,0.2975412298950181,-1.5968153769163878,100,0.33,0.5,0.5662394534537625,0.33001869539031525
supermat,supermat,probe,74,platt_fit,0.6497241725312679,-2.746994553468181,100,0.35,0.5,0.8743042482070623,0.3500665536066089
supermat,supermat,ntp,74,platt_fit,0.21516361993946523,-1.3335300405768025,100,0.35,0.5,0.5857680561000386,0.3500001182271148
supermat,supermat,probe,75,platt_fit,1.1544565157761792,-4.44569903566876,100,0.2,0.5,0.7969901881752167,0.199981135020408
supermat,supermat,ntp,75,platt_fit,0.36941133114619007,-2.2312544487812906,100,0.2,0.5,0.5060095185110725,0.19999547638999282
supermat,supermat,probe,76,platt_fit,0.8799449839179848,-3.778629985913869,100,0.31,0.5,0.8706334158554015,0.31002838840482694
supermat,supermat,ntp,76,platt_fit,0.31017095006930834,-1.8694703162995308,100,0.31,0.5,0.5543244896995518,0.31000004459574515
supermat,supermat,probe,77,platt_fit,1.2975270547708306,-4.179109536569262,100,0.31,0.5,0.8008615604526718,0.30998656099108124
supermat,supermat,ntp,77,platt_fit,0.23824973179804138,-1.2445936161000897,100,0.31,0.5,0.5018530469067592,0.30999656249070584
supermat,supermat,probe,78,platt_fit,1.3790393877156117,-5.059289241683672,100,0.32,0.5,0.8403743652568564,0.32002114404349
supermat,supermat,ntp,78,platt_fit,0.3436670507683226,-1.5546161579702225,100,0.32,0.5,0.536810230113909,0.32000209376687716
supermat,supermat,probe,79,platt_fit,1.073469486616266,-3.8826771377770424,100,0.32,0.5,0.8306793823992105,0.319951868060891
supermat,supermat,ntp,79,platt_fit,0.2671784745443071,-1.3041644236627064,100,0.32,0.5,0.5225606226132998,0.31999676066014865
supermat,supermat,probe,80,platt_fit,0.7158467552430928,-2.6720824703772545,100,0.34,0.5,0.8392264826456705,0.3399971025310996
supermat,supermat,ntp,80,platt_fit,0.2540800401059385,-1.0815398231311126,100,0.34,0.5,0.5128075371764124,0.3400112464943254
supermat,supermat,probe,81,platt_fit,1.050003133490085,-3.784479045569345,100,0.34,0.5,0.8694124552971187,0.3400227938074149
supermat,supermat,ntp,81,platt_fit,0.2992517370882607,-1.2598165767922966,100,0.34,0.5,0.537459983070718,0.3399892888787391
supermat,supermat,probe,82,platt_fit,0.8404740733316237,-3.3446178420484163,100,0.33,0.5,0.8674303401778322,0.3299875093363521
supermat,supermat,ntp,82,platt_fit,0.19042224598931057,-1.2512699466577084,100,0.33,0.5,0.5407987876125196,0.3300012657830067
supermat,supermat,probe,83,platt_fit,0.8063868958704599,-2.5620817151166366,100,0.42,0.5,0.8243093563000113,0.42001611098159125
supermat,supermat,ntp,83,platt_fit,0.2346361466058563,-0.8997109197371865,100,0.42,0.5,0.5701957364819737,0.419999011133047
supermat,supermat,probe,84,platt_fit,0.9807467425970009,-3.6372900493909768,100,0.38,0.5,0.8927522119317786,0.3799779252475488
supermat,supermat,ntp,84,platt_fit,0.35196207759871256,-1.3239973708140407,100,0.38,0.5,0.5645276667880529,0.3800032199286693
supermat,supermat,probe,85,platt_fit,1.118911549445737,-3.7886033064008435,100,0.36,0.5,0.8179355620932179,0.3599854874390607
supermat,supermat,ntp,85,platt_fit,0.25738247014535903,-1.2296303754153608,100,0.36,0.5,0.549167272512356,0.360019998742585
supermat,supermat,probe,86,platt_fit,0.5509574794258582,-2.340565482521746,100,0.29,0.5,0.8146399279365801,0.29004037611671657
supermat,supermat,ntp,86,platt_fit,0.21542805024154513,-1.2863959163384289,100,0.29,0.5,0.49835140404150763,0.2900167063331099
supermat,supermat,probe,87,platt_fit,0.9114263471367717,-3.2735318689733437,100,0.37,0.5,0.8478578410691208,0.369983398261902
supermat,supermat,ntp,87,platt_fit,0.23420122995372183,-1.1568484173275644,100,0.37,0.5,0.5554814508688825,0.3700153021861493
supermat,supermat,probe,88,platt_fit,0.6719493432559196,-1.8442750348184456,100,0.49,0.5,0.8352317883250823,0.4900385559306508
supermat,supermat,ntp,88,platt_fit,0.20964182346952537,-0.40566283906027467,100,0.49,0.5,0.5340882111821531,0.48999970195991494
supermat,supermat,probe,89,platt_fit,1.0149130368330297,-2.7736031727589237,100,0.54,0.5,0.8704891610269371,0.5400269748733056
supermat,supermat,ntp,89,platt_fit,0.21859169709155987,-0.44905422693228464,100,0.54,0.5,0.6159657694861171,0.5399960032952739
supermat,supermat,probe,90,platt_fit,1.4475417553353453,-5.094239272357739,100,0.27,0.5,0.7845370031288756,0.26999414511303876
supermat,supermat,ntp,90,platt_fit,0.17095609828057495,-1.2720578548019892,100,0.27,0.5,0.48924534058647956,0.2699996805986836
supermat,supermat,probe,91,platt_fit,1.2398949673189466,-5.005495499126019,100,0.4,0.5,0.8642273379030938,0.3999903489736331
supermat,supermat,ntp,91,platt_fit,0.3311015592787772,-1.2800060881641053,100,0.4,0.5,0.5850144182327609,0.39999795235542734
supermat,supermat,probe,92,platt_fit,1.211139779214223,-4.642161782243139,100,0.42,0.5,0.8769155925807517,0.4200039293721246
supermat,supermat,ntp,92,platt_fit,0.3358271868104246,-1.1325418561467906,100,0.42,0.5,0.5843473471352995,0.4199762990458755
supermat,supermat,probe,93,platt_fit,0.9066672231557771,-3.361069548908515,100,0.29,0.5,0.7966366992847259,0.2900000233854971
supermat,supermat,ntp,93,platt_fit,0.25619832739063675,-1.3459712745865142,100,0.29,0.5,0.5082916255101317,0.2900114587416528
supermat,supermat,probe,94,platt_fit,1.1311031065076087,-3.409884789782133,100,0.34,0.5,0.8097010586695592,0.33999905785004175
supermat,supermat,ntp,94,platt_fit,0.21040532566540462,-0.9760390120414533,100,0.34,0.5,0.5104952723230077,0.3399999781116167
supermat,supermat,probe,95,platt_fit,0.9819217187317588,-3.9362612633285003,100,0.28,0.5,0.7943158038613434,0.2800071681173617
supermat,supermat,ntp,95,platt_fit,0.2883549921692438,-1.539816047319862,100,0.28,0.5,0.5133969714662152,0.2799922722774964
supermat,supermat,probe,96,platt_fit,0.7688707263866412,-2.3784589715799376,100,0.4,0.5,0.8303003955694528,0.39997746958992203
supermat,supermat,ntp,96,platt_fit,0.14183132824621889,-0.5868161776551835,100,0.4,0.5,0.4891476457570307,0.3999970480007999
supermat,supermat,probe,97,platt_fit,1.2523070808833814,-4.607850722575936,100,0.28,0.5,0.8362994632096208,0.2800072661705958
supermat,supermat,ntp,97,platt_fit,0.24478191681864137,-1.524263247129856,100,0.28,0.5,0.5177198544838091,0.2800016122498604
supermat,supermat,probe,98,platt_fit,1.2899197847428205,-4.5556745863522785,100,0.24,0.5,0.8264725151371033,0.23999741601962632
supermat,supermat,ntp,98,platt_fit,0.15349869919230338,-1.3445208164341431,100,0.24,0.5,0.47450409536610283,0.2399997477446204
supermat,supermat,probe,99,platt_fit,0.8620044639249331,-2.8312465603969788,100,0.46,0.5,0.8725831630750398,0.46001626162402365
supermat,supermat,ntp,99,platt_fit,0.23007373148239454,-0.7113336004373675,100,0.46,0.5,0.5776186834641346,0.45999896205204144
