,Test setting,Type,Accuracy,Precision,Recall,F1,AUROC,ECE
0,Syn. pond,NTP,0.8093073593073593,0.7498104624715694,0.6422077922077922,0.6918502973067506,0.87404273486254,0.14049367011267755
1,Syn. pond,Probe,0.7837662337662338,0.6211374832064487,0.9006493506493507,0.7352239597137556,0.8858324548827796,0.13749719717872838
2,Syn. nfix,NTP,0.6755753526354863,0.5652173913043478,0.11581291759465479,0.19223659889094266,0.6453576619163595,0.02794399225020862
3,Syn. nfix,Probe,0.6904231625835189,0.5427807486631016,0.4521158129175947,0.4933171324422843,0.7210145286977743,0.05811933066998068
4,Real pond,NTP,0.7337229476760113,0.8610340479192938,0.5907596469977505,0.7007389162561577,0.8445531176900336,0.05772508909510483
5,Real pond,Probe,0.7269655739201899,0.6871058634107071,0.8861394704966257,0.7740326481257557,0.8052160548225988,0.09252405866533857
6,Real nfix,NTP,0.7241561181434599,0.7309697601668405,0.470785762256548,0.5727124183006536,0.7975177353567209,0.05546407668488616
7,Real nfix,Probe,0.7220464135021097,0.6167471819645732,0.7716588314304903,0.6855608591885441,0.8008440533808938,0.07603705002737264
