Train dataset,Test dataset,Type,Platt N,Recalibration,Fit sample,coef,intercept,Label rate,Train prevalence
pond,pond,Probe,10,prior_shift,0,1.0,-0.39954668034839763,0.4,0.4985203973789896
pond,pond,Probe,10,prior_shift,1,1.0,-0.39954668034839763,0.4,0.4985203973789896
pond,pond,Probe,10,prior_shift,2,1.0,0.005918427759766653,0.5,0.4985203973789896
pond,pond,Probe,10,prior_shift,3,1.0,-0.39954668034839763,0.4,0.4985203973789896
pond,pond,Probe,10,prior_shift,4,1.0,0.4113835358679309,0.6,0.4985203973789896
pond,pond,Probe,10,prior_shift,5,1.0,-0.841379432627437,0.3,0.4985203973789896
pond,pond,Probe,10,prior_shift,6,1.0,1.3922127888796574,0.8,0.4985203973789896
pond,pond,Probe,10,prior_shift,7,1.0,-0.841379432627437,0.3,0.4985203973789896
pond,pond,Probe,10,prior_shift,8,1.0,-0.39954668034839763,0.4,0.4985203973789896
pond,pond,Probe,10,prior_shift,9,1.0,0.005918427759766653,0.5,0.4985203973789896
pond,pond,Probe,10,prior_shift,10,1.0,-0.841379432627437,0.3,0.4985203973789896
pond,pond,Probe,10,prior_shift,11,1.0,-0.841379432627437,0.3,0.4985203973789896
pond,pond,Probe,10,prior_shift,12,1.0,-1.380375933360124,0.2,0.4985203973789896
pond,pond,Probe,10,prior_shift,13,1.0,-0.39954668034839763,0.4,0.4985203973789896
pond,pond,Probe,10,prior_shift,14,1.0,-0.841379432627437,0.3,0.4985203973789896
pond,pond,Probe,10,prior_shift,15,1.0,-0.841379432627437,0.3,0.4985203973789896
pond,pond,Probe,10,prior_shift,16,1.0,-0.39954668034839763,0.4,0.4985203973789896
pond,pond,Probe,10,prior_shift,18,1.0,-1.380375933360124,0.2,0.4985203973789896
pond,pond,Probe,10,prior_shift,19,1.0,-0.39954668034839763,0.4,0.4985203973789896
pond,pond,Probe,10,prior_shift,20,1.0,-1.380375933360124,0.2,0.4985203973789896
pond,pond,Probe,10,prior_shift,21,1.0,0.005918427759766653,0.5,0.4985203973789896
pond,pond,Probe,10,prior_shift,22,1.0,0.8532162881469701,0.7,0.4985203973789896
pond,pond,Probe,10,prior_shift,23,1.0,0.005918427759766653,0.5,0.4985203973789896
pond,pond,Probe,10,prior_shift,24,1.0,-0.841379432627437,0.3,0.4985203973789896
pond,pond,Probe,10,prior_shift,25,1.0,-0.841379432627437,0.3,0.4985203973789896
pond,pond,Probe,10,prior_shift,26,1.0,-0.39954668034839763,0.4,0.4985203973789896
pond,pond,Probe,10,prior_shift,27,1.0,-2.1913061495764525,0.1,0.4985203973789896
pond,pond,Probe,10,prior_shift,28,1.0,0.005918427759766653,0.5,0.4985203973789896
pond,pond,Probe,10,prior_shift,29,1.0,-1.380375933360124,0.2,0.4985203973789896
pond,pond,Probe,10,prior_shift,30,1.0,-0.841379432627437,0.3,0.4985203973789896
pond,pond,Probe,10,prior_shift,31,1.0,-0.39954668034839763,0.4,0.4985203973789896
pond,pond,Probe,10,prior_shift,32,1.0,-0.841379432627437,0.3,0.4985203973789896
pond,pond,Probe,10,prior_shift,33,1.0,-0.39954668034839763,0.4,0.4985203973789896
pond,pond,Probe,10,prior_shift,34,1.0,0.8532162881469701,0.7,0.4985203973789896
pond,pond,Probe,10,prior_shift,35,1.0,-0.39954668034839763,0.4,0.4985203973789896
pond,pond,Probe,10,prior_shift,36,1.0,-0.39954668034839763,0.4,0.4985203973789896
pond,pond,Probe,10,prior_shift,37,1.0,-1.380375933360124,0.2,0.4985203973789896
pond,pond,Probe,10,prior_shift,38,1.0,-0.841379432627437,0.3,0.4985203973789896
pond,pond,Probe,10,prior_shift,39,1.0,-1.380375933360124,0.2,0.4985203973789896
pond,pond,Probe,10,prior_shift,40,1.0,-0.39954668034839763,0.4,0.4985203973789896
pond,pond,Probe,10,prior_shift,41,1.0,0.005918427759766653,0.5,0.4985203973789896
pond,pond,Probe,10,prior_shift,42,1.0,0.8532162881469701,0.7,0.4985203973789896
pond,pond,Probe,10,prior_shift,43,1.0,0.005918427759766653,0.5,0.4985203973789896
pond,pond,Probe,10,prior_shift,44,1.0,-1.380375933360124,0.2,0.4985203973789896
pond,pond,Probe,10,prior_shift,45,1.0,1.3922127888796574,0.8,0.4985203973789896
pond,pond,Probe,10,prior_shift,46,1.0,-1.380375933360124,0.2,0.4985203973789896
pond,pond,Probe,10,prior_shift,47,1.0,-0.39954668034839763,0.4,0.4985203973789896
pond,pond,Probe,10,prior_shift,48,1.0,0.005918427759766653,0.5,0.4985203973789896
pond,pond,Probe,10,prior_shift,49,1.0,-0.39954668034839763,0.4,0.4985203973789896
pond,pond,Probe,10,prior_shift,50,1.0,-0.39954668034839763,0.4,0.4985203973789896
pond,pond,Probe,10,prior_shift,51,1.0,-0.39954668034839763,0.4,0.4985203973789896
pond,pond,Probe,10,prior_shift,52,1.0,0.4113835358679309,0.6,0.4985203973789896
pond,pond,Probe,10,prior_shift,53,1.0,0.005918427759766653,0.5,0.4985203973789896
pond,pond,Probe,10,prior_shift,54,1.0,0.8532162881469701,0.7,0.4985203973789896
pond,pond,Probe,10,prior_shift,55,1.0,-0.841379432627437,0.3,0.4985203973789896
pond,pond,Probe,10,prior_shift,56,1.0,-0.841379432627437,0.3,0.4985203973789896
pond,pond,Probe,10,prior_shift,57,1.0,-0.39954668034839763,0.4,0.4985203973789896
pond,pond,Probe,10,prior_shift,58,1.0,-0.39954668034839763,0.4,0.4985203973789896
pond,pond,Probe,10,prior_shift,59,1.0,-0.841379432627437,0.3,0.4985203973789896
pond,pond,Probe,10,prior_shift,60,1.0,-0.39954668034839763,0.4,0.4985203973789896
pond,pond,Probe,10,prior_shift,61,1.0,-0.841379432627437,0.3,0.4985203973789896
pond,pond,Probe,10,prior_shift,62,1.0,-0.841379432627437,0.3,0.4985203973789896
pond,pond,Probe,10,prior_shift,63,1.0,-0.841379432627437,0.3,0.4985203973789896
pond,pond,Probe,10,prior_shift,64,1.0,0.4113835358679309,0.6,0.4985203973789896
pond,pond,Probe,10,prior_shift,65,1.0,0.4113835358679309,0.6,0.4985203973789896
pond,pond,Probe,10,prior_shift,66,1.0,0.005918427759766653,0.5,0.4985203973789896
pond,pond,Probe,10,prior_shift,67,1.0,-0.39954668034839763,0.4,0.4985203973789896
pond,pond,Probe,10,prior_shift,68,1.0,0.4113835358679309,0.6,0.4985203973789896
pond,pond,Probe,10,prior_shift,69,1.0,0.4113835358679309,0.6,0.4985203973789896
pond,pond,Probe,10,prior_shift,70,1.0,-0.39954668034839763,0.4,0.4985203973789896
pond,pond,Probe,10,prior_shift,71,1.0,-0.841379432627437,0.3,0.4985203973789896
pond,pond,Probe,10,prior_shift,72,1.0,0.8532162881469701,0.7,0.4985203973789896
pond,pond,Probe,10,prior_shift,73,1.0,-0.841379432627437,0.3,0.4985203973789896
pond,pond,Probe,10,prior_shift,74,1.0,0.005918427759766653,0.5,0.4985203973789896
pond,pond,Probe,10,prior_shift,75,1.0,0.8532162881469701,0.7,0.4985203973789896
pond,pond,Probe,10,prior_shift,76,1.0,-0.39954668034839763,0.4,0.4985203973789896
pond,pond,Probe,10,prior_shift,77,1.0,0.005918427759766653,0.5,0.4985203973789896
pond,pond,Probe,10,prior_shift,78,1.0,0.8532162881469701,0.7,0.4985203973789896
pond,pond,Probe,10,prior_shift,79,1.0,-1.380375933360124,0.2,0.4985203973789896
pond,pond,Probe,10,prior_shift,80,1.0,0.4113835358679309,0.6,0.4985203973789896
pond,pond,Probe,10,prior_shift,81,1.0,0.8532162881469701,0.7,0.4985203973789896
pond,pond,Probe,10,prior_shift,82,1.0,-0.841379432627437,0.3,0.4985203973789896
pond,pond,Probe,10,prior_shift,83,1.0,-0.841379432627437,0.3,0.4985203973789896
pond,pond,Probe,10,prior_shift,84,1.0,-0.841379432627437,0.3,0.4985203973789896
pond,pond,Probe,10,prior_shift,85,1.0,0.4113835358679309,0.6,0.4985203973789896
pond,pond,Probe,10,prior_shift,86,1.0,0.005918427759766653,0.5,0.4985203973789896
pond,pond,Probe,10,prior_shift,87,1.0,0.005918427759766653,0.5,0.4985203973789896
pond,pond,Probe,10,prior_shift,88,1.0,-2.1913061495764525,0.1,0.4985203973789896
pond,pond,Probe,10,prior_shift,89,1.0,-0.841379432627437,0.3,0.4985203973789896
pond,pond,Probe,10,prior_shift,90,1.0,-0.841379432627437,0.3,0.4985203973789896
pond,pond,Probe,10,prior_shift,91,1.0,-1.380375933360124,0.2,0.4985203973789896
pond,pond,Probe,10,prior_shift,92,1.0,-0.39954668034839763,0.4,0.4985203973789896
pond,pond,Probe,10,prior_shift,93,1.0,0.005918427759766653,0.5,0.4985203973789896
pond,pond,Probe,10,prior_shift,94,1.0,-0.39954668034839763,0.4,0.4985203973789896
pond,pond,Probe,10,prior_shift,95,1.0,0.4113835358679309,0.6,0.4985203973789896
pond,pond,Probe,10,prior_shift,96,1.0,-0.39954668034839763,0.4,0.4985203973789896
pond,pond,Probe,10,prior_shift,97,1.0,-0.841379432627437,0.3,0.4985203973789896
pond,pond,Probe,10,prior_shift,98,1.0,-0.39954668034839763,0.4,0.4985203973789896
pond,pond,Probe,10,prior_shift,99,1.0,-0.841379432627437,0.3,0.4985203973789896
pond,pond,Probe,10,prior_shift,100,1.0,0.4113835358679309,0.6,0.4985203973789896
pond,pond,NTP,10,prior_shift,0,1.0,-0.39954668034839763,0.4,0.4985203973789896
pond,pond,NTP,10,prior_shift,1,1.0,-0.39954668034839763,0.4,0.4985203973789896
pond,pond,NTP,10,prior_shift,2,1.0,0.005918427759766653,0.5,0.4985203973789896
pond,pond,NTP,10,prior_shift,3,1.0,-0.39954668034839763,0.4,0.4985203973789896
pond,pond,NTP,10,prior_shift,4,1.0,0.4113835358679309,0.6,0.4985203973789896
pond,pond,NTP,10,prior_shift,5,1.0,-0.841379432627437,0.3,0.4985203973789896
pond,pond,NTP,10,prior_shift,6,1.0,1.3922127888796574,0.8,0.4985203973789896
pond,pond,NTP,10,prior_shift,7,1.0,-0.841379432627437,0.3,0.4985203973789896
pond,pond,NTP,10,prior_shift,8,1.0,-0.39954668034839763,0.4,0.4985203973789896
pond,pond,NTP,10,prior_shift,9,1.0,0.005918427759766653,0.5,0.4985203973789896
pond,pond,NTP,10,prior_shift,10,1.0,-0.841379432627437,0.3,0.4985203973789896
pond,pond,NTP,10,prior_shift,11,1.0,-0.841379432627437,0.3,0.4985203973789896
pond,pond,NTP,10,prior_shift,12,1.0,-1.380375933360124,0.2,0.4985203973789896
pond,pond,NTP,10,prior_shift,13,1.0,-0.39954668034839763,0.4,0.4985203973789896
pond,pond,NTP,10,prior_shift,14,1.0,-0.841379432627437,0.3,0.4985203973789896
pond,pond,NTP,10,prior_shift,15,1.0,-0.841379432627437,0.3,0.4985203973789896
pond,pond,NTP,10,prior_shift,16,1.0,-0.39954668034839763,0.4,0.4985203973789896
pond,pond,NTP,10,prior_shift,18,1.0,-1.380375933360124,0.2,0.4985203973789896
pond,pond,NTP,10,prior_shift,19,1.0,-0.39954668034839763,0.4,0.4985203973789896
pond,pond,NTP,10,prior_shift,20,1.0,-1.380375933360124,0.2,0.4985203973789896
pond,pond,NTP,10,prior_shift,21,1.0,0.005918427759766653,0.5,0.4985203973789896
pond,pond,NTP,10,prior_shift,22,1.0,0.8532162881469701,0.7,0.4985203973789896
pond,pond,NTP,10,prior_shift,23,1.0,0.005918427759766653,0.5,0.4985203973789896
pond,pond,NTP,10,prior_shift,24,1.0,-0.841379432627437,0.3,0.4985203973789896
pond,pond,NTP,10,prior_shift,25,1.0,-0.841379432627437,0.3,0.4985203973789896
pond,pond,NTP,10,prior_shift,26,1.0,-0.39954668034839763,0.4,0.4985203973789896
pond,pond,NTP,10,prior_shift,27,1.0,-2.1913061495764525,0.1,0.4985203973789896
pond,pond,NTP,10,prior_shift,28,1.0,0.005918427759766653,0.5,0.4985203973789896
pond,pond,NTP,10,prior_shift,29,1.0,-1.380375933360124,0.2,0.4985203973789896
pond,pond,NTP,10,prior_shift,30,1.0,-0.841379432627437,0.3,0.4985203973789896
pond,pond,NTP,10,prior_shift,31,1.0,-0.39954668034839763,0.4,0.4985203973789896
pond,pond,NTP,10,prior_shift,32,1.0,-0.841379432627437,0.3,0.4985203973789896
pond,pond,NTP,10,prior_shift,33,1.0,-0.39954668034839763,0.4,0.4985203973789896
pond,pond,NTP,10,prior_shift,34,1.0,0.8532162881469701,0.7,0.4985203973789896
pond,pond,NTP,10,prior_shift,35,1.0,-0.39954668034839763,0.4,0.4985203973789896
pond,pond,NTP,10,prior_shift,36,1.0,-0.39954668034839763,0.4,0.4985203973789896
pond,pond,NTP,10,prior_shift,37,1.0,-1.380375933360124,0.2,0.4985203973789896
pond,pond,NTP,10,prior_shift,38,1.0,-0.841379432627437,0.3,0.4985203973789896
pond,pond,NTP,10,prior_shift,39,1.0,-1.380375933360124,0.2,0.4985203973789896
pond,pond,NTP,10,prior_shift,40,1.0,-0.39954668034839763,0.4,0.4985203973789896
pond,pond,NTP,10,prior_shift,41,1.0,0.005918427759766653,0.5,0.4985203973789896
pond,pond,NTP,10,prior_shift,42,1.0,0.8532162881469701,0.7,0.4985203973789896
pond,pond,NTP,10,prior_shift,43,1.0,0.005918427759766653,0.5,0.4985203973789896
pond,pond,NTP,10,prior_shift,44,1.0,-1.380375933360124,0.2,0.4985203973789896
pond,pond,NTP,10,prior_shift,45,1.0,1.3922127888796574,0.8,0.4985203973789896
pond,pond,NTP,10,prior_shift,46,1.0,-1.380375933360124,0.2,0.4985203973789896
pond,pond,NTP,10,prior_shift,47,1.0,-0.39954668034839763,0.4,0.4985203973789896
pond,pond,NTP,10,prior_shift,48,1.0,0.005918427759766653,0.5,0.4985203973789896
pond,pond,NTP,10,prior_shift,49,1.0,-0.39954668034839763,0.4,0.4985203973789896
pond,pond,NTP,10,prior_shift,50,1.0,-0.39954668034839763,0.4,0.4985203973789896
pond,pond,NTP,10,prior_shift,51,1.0,-0.39954668034839763,0.4,0.4985203973789896
pond,pond,NTP,10,prior_shift,52,1.0,0.4113835358679309,0.6,0.4985203973789896
pond,pond,NTP,10,prior_shift,53,1.0,0.005918427759766653,0.5,0.4985203973789896
pond,pond,NTP,10,prior_shift,54,1.0,0.8532162881469701,0.7,0.4985203973789896
pond,pond,NTP,10,prior_shift,55,1.0,-0.841379432627437,0.3,0.4985203973789896
pond,pond,NTP,10,prior_shift,56,1.0,-0.841379432627437,0.3,0.4985203973789896
pond,pond,NTP,10,prior_shift,57,1.0,-0.39954668034839763,0.4,0.4985203973789896
pond,pond,NTP,10,prior_shift,58,1.0,-0.39954668034839763,0.4,0.4985203973789896
pond,pond,NTP,10,prior_shift,59,1.0,-0.841379432627437,0.3,0.4985203973789896
pond,pond,NTP,10,prior_shift,60,1.0,-0.39954668034839763,0.4,0.4985203973789896
pond,pond,NTP,10,prior_shift,61,1.0,-0.841379432627437,0.3,0.4985203973789896
pond,pond,NTP,10,prior_shift,62,1.0,-0.841379432627437,0.3,0.4985203973789896
pond,pond,NTP,10,prior_shift,63,1.0,-0.841379432627437,0.3,0.4985203973789896
pond,pond,NTP,10,prior_shift,64,1.0,0.4113835358679309,0.6,0.4985203973789896
pond,pond,NTP,10,prior_shift,65,1.0,0.4113835358679309,0.6,0.4985203973789896
pond,pond,NTP,10,prior_shift,66,1.0,0.005918427759766653,0.5,0.4985203973789896
pond,pond,NTP,10,prior_shift,67,1.0,-0.39954668034839763,0.4,0.4985203973789896
pond,pond,NTP,10,prior_shift,68,1.0,0.4113835358679309,0.6,0.4985203973789896
pond,pond,NTP,10,prior_shift,69,1.0,0.4113835358679309,0.6,0.4985203973789896
pond,pond,NTP,10,prior_shift,70,1.0,-0.39954668034839763,0.4,0.4985203973789896
pond,pond,NTP,10,prior_shift,71,1.0,-0.841379432627437,0.3,0.4985203973789896
pond,pond,NTP,10,prior_shift,72,1.0,0.8532162881469701,0.7,0.4985203973789896
pond,pond,NTP,10,prior_shift,73,1.0,-0.841379432627437,0.3,0.4985203973789896
pond,pond,NTP,10,prior_shift,74,1.0,0.005918427759766653,0.5,0.4985203973789896
pond,pond,NTP,10,prior_shift,75,1.0,0.8532162881469701,0.7,0.4985203973789896
pond,pond,NTP,10,prior_shift,76,1.0,-0.39954668034839763,0.4,0.4985203973789896
pond,pond,NTP,10,prior_shift,77,1.0,0.005918427759766653,0.5,0.4985203973789896
pond,pond,NTP,10,prior_shift,78,1.0,0.8532162881469701,0.7,0.4985203973789896
pond,pond,NTP,10,prior_shift,79,1.0,-1.380375933360124,0.2,0.4985203973789896
pond,pond,NTP,10,prior_shift,80,1.0,0.4113835358679309,0.6,0.4985203973789896
pond,pond,NTP,10,prior_shift,81,1.0,0.8532162881469701,0.7,0.4985203973789896
pond,pond,NTP,10,prior_shift,82,1.0,-0.841379432627437,0.3,0.4985203973789896
pond,pond,NTP,10,prior_shift,83,1.0,-0.841379432627437,0.3,0.4985203973789896
pond,pond,NTP,10,prior_shift,84,1.0,-0.841379432627437,0.3,0.4985203973789896
pond,pond,NTP,10,prior_shift,85,1.0,0.4113835358679309,0.6,0.4985203973789896
pond,pond,NTP,10,prior_shift,86,1.0,0.005918427759766653,0.5,0.4985203973789896
pond,pond,NTP,10,prior_shift,87,1.0,0.005918427759766653,0.5,0.4985203973789896
pond,pond,NTP,10,prior_shift,88,1.0,-2.1913061495764525,0.1,0.4985203973789896
pond,pond,NTP,10,prior_shift,89,1.0,-0.841379432627437,0.3,0.4985203973789896
pond,pond,NTP,10,prior_shift,90,1.0,-0.841379432627437,0.3,0.4985203973789896
pond,pond,NTP,10,prior_shift,91,1.0,-1.380375933360124,0.2,0.4985203973789896
pond,pond,NTP,10,prior_shift,92,1.0,-0.39954668034839763,0.4,0.4985203973789896
pond,pond,NTP,10,prior_shift,93,1.0,0.005918427759766653,0.5,0.4985203973789896
pond,pond,NTP,10,prior_shift,94,1.0,-0.39954668034839763,0.4,0.4985203973789896
pond,pond,NTP,10,prior_shift,95,1.0,0.4113835358679309,0.6,0.4985203973789896
pond,pond,NTP,10,prior_shift,96,1.0,-0.39954668034839763,0.4,0.4985203973789896
pond,pond,NTP,10,prior_shift,97,1.0,-0.841379432627437,0.3,0.4985203973789896
pond,pond,NTP,10,prior_shift,98,1.0,-0.39954668034839763,0.4,0.4985203973789896
pond,pond,NTP,10,prior_shift,99,1.0,-0.841379432627437,0.3,0.4985203973789896
pond,pond,NTP,10,prior_shift,100,1.0,0.4113835358679309,0.6,0.4985203973789896
pond,pond,Probe,50,prior_shift,0,1.0,-0.6573757896504974,0.34,0.4985203973789896
pond,pond,Probe,50,prior_shift,1,1.0,-1.040050127422921,0.26,0.4985203973789896
pond,pond,Probe,50,prior_shift,2,1.0,0.08596113543330315,0.52,0.4985203973789896
pond,pond,Probe,50,prior_shift,3,1.0,-0.48362979755893915,0.38,0.4985203973789896
pond,pond,Probe,50,prior_shift,4,1.0,-0.07412427991376984,0.48,0.4985203973789896
pond,pond,Probe,50,prior_shift,5,1.0,-1.040050127422921,0.26,0.4985203973789896
pond,pond,Probe,50,prior_shift,6,1.0,-1.040050127422921,0.26,0.4985203973789896
pond,pond,Probe,50,prior_shift,7,1.0,-0.15442422231541264,0.46,0.4985203973789896
pond,pond,Probe,50,prior_shift,8,1.0,-0.7478533746166134,0.32,0.4985203973789896
pond,pond,Probe,50,prior_shift,9,1.0,-0.5694457171437952,0.36,0.4985203973789896
pond,pond,Probe,50,prior_shift,10,1.0,-0.48362979755893915,0.38,0.4985203973789896
pond,pond,Probe,50,prior_shift,11,1.0,-0.15442422231541264,0.46,0.4985203973789896
pond,pond,Probe,50,prior_shift,12,1.0,-0.9385431810810845,0.28,0.4985203973789896
pond,pond,Probe,50,prior_shift,13,1.0,-0.39954668034839763,0.4,0.4985203973789896
pond,pond,Probe,50,prior_shift,14,1.0,-0.7478533746166134,0.32,0.4985203973789896
pond,pond,Probe,50,prior_shift,15,1.0,-0.15442422231541264,0.46,0.4985203973789896
pond,pond,Probe,50,prior_shift,16,1.0,-0.48362979755893915,0.38,0.4985203973789896
pond,pond,Probe,50,prior_shift,17,1.0,-1.146761082178619,0.24,0.4985203973789896
pond,pond,Probe,50,prior_shift,18,1.0,-0.841379432627437,0.3,0.4985203973789896
pond,pond,Probe,50,prior_shift,19,1.0,-0.23524362905712143,0.44,0.4985203973789896
pond,pond,Probe,50,prior_shift,20,1.0,-0.23524362905712143,0.44,0.4985203973789896
pond,pond,Probe,50,prior_shift,21,1.0,-0.7478533746166134,0.32,0.4985203973789896
pond,pond,Probe,50,prior_shift,22,1.0,0.16626107783494617,0.54,0.4985203973789896
pond,pond,Probe,50,prior_shift,23,1.0,-0.48362979755893915,0.38,0.4985203973789896
pond,pond,Probe,50,prior_shift,24,1.0,0.005918427759766653,0.5,0.4985203973789896
pond,pond,Probe,50,prior_shift,25,1.0,-0.6573757896504974,0.34,0.4985203973789896
pond,pond,Probe,50,prior_shift,26,1.0,-0.48362979755893915,0.38,0.4985203973789896
pond,pond,Probe,50,prior_shift,27,1.0,-0.5694457171437952,0.36,0.4985203973789896
pond,pond,Probe,50,prior_shift,28,1.0,-0.07412427991376984,0.48,0.4985203973789896
pond,pond,Probe,50,prior_shift,29,1.0,-0.07412427991376984,0.48,0.4985203973789896
pond,pond,Probe,50,prior_shift,30,1.0,-0.07412427991376984,0.48,0.4985203973789896
pond,pond,Probe,50,prior_shift,31,1.0,-0.5694457171437952,0.36,0.4985203973789896
pond,pond,Probe,50,prior_shift,32,1.0,0.5812825726633286,0.64,0.4985203973789896
pond,pond,Probe,50,prior_shift,33,1.0,-0.3168549645032845,0.42,0.4985203973789896
pond,pond,Probe,50,prior_shift,34,1.0,0.24708048457665494,0.56,0.4985203973789896
pond,pond,Probe,50,prior_shift,35,1.0,-0.07412427991376984,0.48,0.4985203973789896
pond,pond,Probe,50,prior_shift,36,1.0,0.16626107783494617,0.54,0.4985203973789896
pond,pond,Probe,50,prior_shift,37,1.0,-0.5694457171437952,0.36,0.4985203973789896
pond,pond,Probe,50,prior_shift,38,1.0,0.005918427759766653,0.5,0.4985203973789896
pond,pond,Probe,50,prior_shift,39,1.0,-0.48362979755893915,0.38,0.4985203973789896
pond,pond,Probe,50,prior_shift,40,1.0,0.4113835358679309,0.6,0.4985203973789896
pond,pond,Probe,50,prior_shift,41,1.0,-0.39954668034839763,0.4,0.4985203973789896
pond,pond,Probe,50,prior_shift,42,1.0,-0.23524362905712143,0.44,0.4985203973789896
pond,pond,Probe,50,prior_shift,43,1.0,0.08596113543330315,0.52,0.4985203973789896
pond,pond,Probe,50,prior_shift,44,1.0,-0.48362979755893915,0.38,0.4985203973789896
pond,pond,Probe,50,prior_shift,45,1.0,0.8532162881469701,0.7,0.4985203973789896
pond,pond,Probe,50,prior_shift,46,1.0,0.08596113543330315,0.52,0.4985203973789896
pond,pond,Probe,50,prior_shift,47,1.0,-0.39954668034839763,0.4,0.4985203973789896
pond,pond,Probe,50,prior_shift,48,1.0,-0.39954668034839763,0.4,0.4985203973789896
pond,pond,Probe,50,prior_shift,49,1.0,-0.48362979755893915,0.38,0.4985203973789896
pond,pond,Probe,50,prior_shift,50,1.0,-0.3168549645032845,0.42,0.4985203973789896
pond,pond,Probe,50,prior_shift,51,1.0,0.005918427759766653,0.5,0.4985203973789896
pond,pond,Probe,50,prior_shift,52,1.0,0.16626107783494617,0.54,0.4985203973789896
pond,pond,Probe,50,prior_shift,53,1.0,-0.5694457171437952,0.36,0.4985203973789896
pond,pond,Probe,50,prior_shift,54,1.0,0.4113835358679309,0.6,0.4985203973789896
pond,pond,Probe,50,prior_shift,55,1.0,-0.39954668034839763,0.4,0.4985203973789896
pond,pond,Probe,50,prior_shift,56,1.0,-0.9385431810810845,0.28,0.4985203973789896
pond,pond,Probe,50,prior_shift,57,1.0,0.08596113543330315,0.52,0.4985203973789896
pond,pond,Probe,50,prior_shift,58,1.0,-0.23524362905712143,0.44,0.4985203973789896
pond,pond,Probe,50,prior_shift,59,1.0,-0.39954668034839763,0.4,0.4985203973789896
pond,pond,Probe,50,prior_shift,60,1.0,-0.23524362905712143,0.44,0.4985203973789896
pond,pond,Probe,50,prior_shift,61,1.0,-0.23524362905712143,0.44,0.4985203973789896
pond,pond,Probe,50,prior_shift,62,1.0,-0.6573757896504974,0.34,0.4985203973789896
pond,pond,Probe,50,prior_shift,63,1.0,0.005918427759766653,0.5,0.4985203973789896
pond,pond,Probe,50,prior_shift,64,1.0,-0.3168549645032845,0.42,0.4985203973789896
pond,pond,Probe,50,prior_shift,65,1.0,-0.3168549645032845,0.42,0.4985203973789896
pond,pond,Probe,50,prior_shift,66,1.0,-0.39954668034839763,0.4,0.4985203973789896
pond,pond,Probe,50,prior_shift,67,1.0,0.005918427759766653,0.5,0.4985203973789896
pond,pond,Probe,50,prior_shift,68,1.0,-0.39954668034839763,0.4,0.4985203973789896
pond,pond,Probe,50,prior_shift,69,1.0,0.08596113543330315,0.52,0.4985203973789896
pond,pond,Probe,50,prior_shift,70,1.0,-0.23524362905712143,0.44,0.4985203973789896
pond,pond,Probe,50,prior_shift,71,1.0,-0.23524362905712143,0.44,0.4985203973789896
pond,pond,Probe,50,prior_shift,72,1.0,0.4113835358679309,0.6,0.4985203973789896
pond,pond,Probe,50,prior_shift,73,1.0,-0.6573757896504974,0.34,0.4985203973789896
pond,pond,Probe,50,prior_shift,74,1.0,-0.07412427991376984,0.48,0.4985203973789896
pond,pond,Probe,50,prior_shift,75,1.0,0.32869182002281755,0.58,0.4985203973789896
pond,pond,Probe,50,prior_shift,76,1.0,-0.841379432627437,0.3,0.4985203973789896
pond,pond,Probe,50,prior_shift,77,1.0,-0.48362979755893915,0.38,0.4985203973789896
pond,pond,Probe,50,prior_shift,78,1.0,0.32869182002281755,0.58,0.4985203973789896
pond,pond,Probe,50,prior_shift,79,1.0,-0.5694457171437952,0.36,0.4985203973789896
pond,pond,Probe,50,prior_shift,80,1.0,0.08596113543330315,0.52,0.4985203973789896
pond,pond,Probe,50,prior_shift,81,1.0,0.49546665307847243,0.62,0.4985203973789896
pond,pond,Probe,50,prior_shift,82,1.0,-0.39954668034839763,0.4,0.4985203973789896
pond,pond,Probe,50,prior_shift,83,1.0,-0.23524362905712143,0.44,0.4985203973789896
pond,pond,Probe,50,prior_shift,84,1.0,-0.07412427991376984,0.48,0.4985203973789896
pond,pond,Probe,50,prior_shift,85,1.0,0.8532162881469701,0.7,0.4985203973789896
pond,pond,Probe,50,prior_shift,86,1.0,-0.07412427991376984,0.48,0.4985203973789896
pond,pond,Probe,50,prior_shift,87,1.0,0.16626107783494617,0.54,0.4985203973789896
pond,pond,Probe,50,prior_shift,88,1.0,-0.39954668034839763,0.4,0.4985203973789896
pond,pond,Probe,50,prior_shift,89,1.0,-0.23524362905712143,0.44,0.4985203973789896
pond,pond,Probe,50,prior_shift,90,1.0,-0.841379432627437,0.3,0.4985203973789896
pond,pond,Probe,50,prior_shift,91,1.0,-0.07412427991376984,0.48,0.4985203973789896
pond,pond,Probe,50,prior_shift,92,1.0,-0.7478533746166134,0.32,0.4985203973789896
pond,pond,Probe,50,prior_shift,93,1.0,-0.48362979755893915,0.38,0.4985203973789896
pond,pond,Probe,50,prior_shift,94,1.0,-0.07412427991376984,0.48,0.4985203973789896
pond,pond,Probe,50,prior_shift,95,1.0,0.32869182002281755,0.58,0.4985203973789896
pond,pond,Probe,50,prior_shift,96,1.0,0.16626107783494617,0.54,0.4985203973789896
pond,pond,Probe,50,prior_shift,97,1.0,0.08596113543330315,0.52,0.4985203973789896
pond,pond,Probe,50,prior_shift,98,1.0,-0.07412427991376984,0.48,0.4985203973789896
pond,pond,Probe,50,prior_shift,99,1.0,-0.07412427991376984,0.48,0.4985203973789896
pond,pond,NTP,50,prior_shift,0,1.0,-0.6573757896504974,0.34,0.4985203973789896
pond,pond,NTP,50,prior_shift,1,1.0,-1.040050127422921,0.26,0.4985203973789896
pond,pond,NTP,50,prior_shift,2,1.0,0.08596113543330315,0.52,0.4985203973789896
pond,pond,NTP,50,prior_shift,3,1.0,-0.48362979755893915,0.38,0.4985203973789896
pond,pond,NTP,50,prior_shift,4,1.0,-0.07412427991376984,0.48,0.4985203973789896
pond,pond,NTP,50,prior_shift,5,1.0,-1.040050127422921,0.26,0.4985203973789896
pond,pond,NTP,50,prior_shift,6,1.0,-1.040050127422921,0.26,0.4985203973789896
pond,pond,NTP,50,prior_shift,7,1.0,-0.15442422231541264,0.46,0.4985203973789896
pond,pond,NTP,50,prior_shift,8,1.0,-0.7478533746166134,0.32,0.4985203973789896
pond,pond,NTP,50,prior_shift,9,1.0,-0.5694457171437952,0.36,0.4985203973789896
pond,pond,NTP,50,prior_shift,10,1.0,-0.48362979755893915,0.38,0.4985203973789896
pond,pond,NTP,50,prior_shift,11,1.0,-0.15442422231541264,0.46,0.4985203973789896
pond,pond,NTP,50,prior_shift,12,1.0,-0.9385431810810845,0.28,0.4985203973789896
pond,pond,NTP,50,prior_shift,13,1.0,-0.39954668034839763,0.4,0.4985203973789896
pond,pond,NTP,50,prior_shift,14,1.0,-0.7478533746166134,0.32,0.4985203973789896
pond,pond,NTP,50,prior_shift,15,1.0,-0.15442422231541264,0.46,0.4985203973789896
pond,pond,NTP,50,prior_shift,16,1.0,-0.48362979755893915,0.38,0.4985203973789896
pond,pond,NTP,50,prior_shift,17,1.0,-1.146761082178619,0.24,0.4985203973789896
pond,pond,NTP,50,prior_shift,18,1.0,-0.841379432627437,0.3,0.4985203973789896
pond,pond,NTP,50,prior_shift,19,1.0,-0.23524362905712143,0.44,0.4985203973789896
pond,pond,NTP,50,prior_shift,20,1.0,-0.23524362905712143,0.44,0.4985203973789896
pond,pond,NTP,50,prior_shift,21,1.0,-0.7478533746166134,0.32,0.4985203973789896
pond,pond,NTP,50,prior_shift,22,1.0,0.16626107783494617,0.54,0.4985203973789896
pond,pond,NTP,50,prior_shift,23,1.0,-0.48362979755893915,0.38,0.4985203973789896
pond,pond,NTP,50,prior_shift,24,1.0,0.005918427759766653,0.5,0.4985203973789896
pond,pond,NTP,50,prior_shift,25,1.0,-0.6573757896504974,0.34,0.4985203973789896
pond,pond,NTP,50,prior_shift,26,1.0,-0.48362979755893915,0.38,0.4985203973789896
pond,pond,NTP,50,prior_shift,27,1.0,-0.5694457171437952,0.36,0.4985203973789896
pond,pond,NTP,50,prior_shift,28,1.0,-0.07412427991376984,0.48,0.4985203973789896
pond,pond,NTP,50,prior_shift,29,1.0,-0.07412427991376984,0.48,0.4985203973789896
pond,pond,NTP,50,prior_shift,30,1.0,-0.07412427991376984,0.48,0.4985203973789896
pond,pond,NTP,50,prior_shift,31,1.0,-0.5694457171437952,0.36,0.4985203973789896
pond,pond,NTP,50,prior_shift,32,1.0,0.5812825726633286,0.64,0.4985203973789896
pond,pond,NTP,50,prior_shift,33,1.0,-0.3168549645032845,0.42,0.4985203973789896
pond,pond,NTP,50,prior_shift,34,1.0,0.24708048457665494,0.56,0.4985203973789896
pond,pond,NTP,50,prior_shift,35,1.0,-0.07412427991376984,0.48,0.4985203973789896
pond,pond,NTP,50,prior_shift,36,1.0,0.16626107783494617,0.54,0.4985203973789896
pond,pond,NTP,50,prior_shift,37,1.0,-0.5694457171437952,0.36,0.4985203973789896
pond,pond,NTP,50,prior_shift,38,1.0,0.005918427759766653,0.5,0.4985203973789896
pond,pond,NTP,50,prior_shift,39,1.0,-0.48362979755893915,0.38,0.4985203973789896
pond,pond,NTP,50,prior_shift,40,1.0,0.4113835358679309,0.6,0.4985203973789896
pond,pond,NTP,50,prior_shift,41,1.0,-0.39954668034839763,0.4,0.4985203973789896
pond,pond,NTP,50,prior_shift,42,1.0,-0.23524362905712143,0.44,0.4985203973789896
pond,pond,NTP,50,prior_shift,43,1.0,0.08596113543330315,0.52,0.4985203973789896
pond,pond,NTP,50,prior_shift,44,1.0,-0.48362979755893915,0.38,0.4985203973789896
pond,pond,NTP,50,prior_shift,45,1.0,0.8532162881469701,0.7,0.4985203973789896
pond,pond,NTP,50,prior_shift,46,1.0,0.08596113543330315,0.52,0.4985203973789896
pond,pond,NTP,50,prior_shift,47,1.0,-0.39954668034839763,0.4,0.4985203973789896
pond,pond,NTP,50,prior_shift,48,1.0,-0.39954668034839763,0.4,0.4985203973789896
pond,pond,NTP,50,prior_shift,49,1.0,-0.48362979755893915,0.38,0.4985203973789896
pond,pond,NTP,50,prior_shift,50,1.0,-0.3168549645032845,0.42,0.4985203973789896
pond,pond,NTP,50,prior_shift,51,1.0,0.005918427759766653,0.5,0.4985203973789896
pond,pond,NTP,50,prior_shift,52,1.0,0.16626107783494617,0.54,0.4985203973789896
pond,pond,NTP,50,prior_shift,53,1.0,-0.5694457171437952,0.36,0.4985203973789896
pond,pond,NTP,50,prior_shift,54,1.0,0.4113835358679309,0.6,0.4985203973789896
pond,pond,NTP,50,prior_shift,55,1.0,-0.39954668034839763,0.4,0.4985203973789896
pond,pond,NTP,50,prior_shift,56,1.0,-0.9385431810810845,0.28,0.4985203973789896
pond,pond,NTP,50,prior_shift,57,1.0,0.08596113543330315,0.52,0.4985203973789896
pond,pond,NTP,50,prior_shift,58,1.0,-0.23524362905712143,0.44,0.4985203973789896
pond,pond,NTP,50,prior_shift,59,1.0,-0.39954668034839763,0.4,0.4985203973789896
pond,pond,NTP,50,prior_shift,60,1.0,-0.23524362905712143,0.44,0.4985203973789896
pond,pond,NTP,50,prior_shift,61,1.0,-0.23524362905712143,0.44,0.4985203973789896
pond,pond,NTP,50,prior_shift,62,1.0,-0.6573757896504974,0.34,0.4985203973789896
pond,pond,NTP,50,prior_shift,63,1.0,0.005918427759766653,0.5,0.4985203973789896
pond,pond,NTP,50,prior_shift,64,1.0,-0.3168549645032845,0.42,0.4985203973789896
pond,pond,NTP,50,prior_shift,65,1.0,-0.3168549645032845,0.42,0.4985203973789896
pond,pond,NTP,50,prior_shift,66,1.0,-0.39954668034839763,0.4,0.4985203973789896
pond,pond,NTP,50,prior_shift,67,1.0,0.005918427759766653,0.5,0.4985203973789896
pond,pond,NTP,50,prior_shift,68,1.0,-0.39954668034839763,0.4,0.4985203973789896
pond,pond,NTP,50,prior_shift,69,1.0,0.08596113543330315,0.52,0.4985203973789896
pond,pond,NTP,50,prior_shift,70,1.0,-0.23524362905712143,0.44,0.4985203973789896
pond,pond,NTP,50,prior_shift,71,1.0,-0.23524362905712143,0.44,0.4985203973789896
pond,pond,NTP,50,prior_shift,72,1.0,0.4113835358679309,0.6,0.4985203973789896
pond,pond,NTP,50,prior_shift,73,1.0,-0.6573757896504974,0.34,0.4985203973789896
pond,pond,NTP,50,prior_shift,74,1.0,-0.07412427991376984,0.48,0.4985203973789896
pond,pond,NTP,50,prior_shift,75,1.0,0.32869182002281755,0.58,0.4985203973789896
pond,pond,NTP,50,prior_shift,76,1.0,-0.841379432627437,0.3,0.4985203973789896
pond,pond,NTP,50,prior_shift,77,1.0,-0.48362979755893915,0.38,0.4985203973789896
pond,pond,NTP,50,prior_shift,78,1.0,0.32869182002281755,0.58,0.4985203973789896
pond,pond,NTP,50,prior_shift,79,1.0,-0.5694457171437952,0.36,0.4985203973789896
pond,pond,NTP,50,prior_shift,80,1.0,0.08596113543330315,0.52,0.4985203973789896
pond,pond,NTP,50,prior_shift,81,1.0,0.49546665307847243,0.62,0.4985203973789896
pond,pond,NTP,50,prior_shift,82,1.0,-0.39954668034839763,0.4,0.4985203973789896
pond,pond,NTP,50,prior_shift,83,1.0,-0.23524362905712143,0.44,0.4985203973789896
pond,pond,NTP,50,prior_shift,84,1.0,-0.07412427991376984,0.48,0.4985203973789896
pond,pond,NTP,50,prior_shift,85,1.0,0.8532162881469701,0.7,0.4985203973789896
pond,pond,NTP,50,prior_shift,86,1.0,-0.07412427991376984,0.48,0.4985203973789896
pond,pond,NTP,50,prior_shift,87,1.0,0.16626107783494617,0.54,0.4985203973789896
pond,pond,NTP,50,prior_shift,88,1.0,-0.39954668034839763,0.4,0.4985203973789896
pond,pond,NTP,50,prior_shift,89,1.0,-0.23524362905712143,0.44,0.4985203973789896
pond,pond,NTP,50,prior_shift,90,1.0,-0.841379432627437,0.3,0.4985203973789896
pond,pond,NTP,50,prior_shift,91,1.0,-0.07412427991376984,0.48,0.4985203973789896
pond,pond,NTP,50,prior_shift,92,1.0,-0.7478533746166134,0.32,0.4985203973789896
pond,pond,NTP,50,prior_shift,93,1.0,-0.48362979755893915,0.38,0.4985203973789896
pond,pond,NTP,50,prior_shift,94,1.0,-0.07412427991376984,0.48,0.4985203973789896
pond,pond,NTP,50,prior_shift,95,1.0,0.32869182002281755,0.58,0.4985203973789896
pond,pond,NTP,50,prior_shift,96,1.0,0.16626107783494617,0.54,0.4985203973789896
pond,pond,NTP,50,prior_shift,97,1.0,0.08596113543330315,0.52,0.4985203973789896
pond,pond,NTP,50,prior_shift,98,1.0,-0.07412427991376984,0.48,0.4985203973789896
pond,pond,NTP,50,prior_shift,99,1.0,-0.07412427991376984,0.48,0.4985203973789896
pond,pond,Probe,100,prior_shift,0,1.0,-0.3580469494416451,0.41,0.4985203973789896
pond,pond,Probe,100,prior_shift,1,1.0,-0.44139379028389814,0.39,0.4985203973789896
pond,pond,Probe,100,prior_shift,2,1.0,0.04592376237346585,0.51,0.4985203973789896
pond,pond,Probe,100,prior_shift,3,1.0,-1.0926938609083432,0.25,0.4985203973789896
pond,pond,Probe,100,prior_shift,4,1.0,0.20658912322191797,0.55,0.4985203973789896
pond,pond,Probe,100,prior_shift,5,1.0,-0.7478533746166134,0.32,0.4985203973789896
pond,pond,Probe,100,prior_shift,6,1.0,-0.48362979755893915,0.38,0.4985203973789896
pond,pond,Probe,100,prior_shift,7,1.0,-0.1142258840822967,0.47,0.4985203973789896
pond,pond,Probe,100,prior_shift,8,1.0,-0.15442422231541264,0.46,0.4985203973789896
pond,pond,Probe,100,prior_shift,9,1.0,-0.5262983859875415,0.37,0.4985203973789896
pond,pond,Probe,100,prior_shift,10,1.0,-0.23524362905712143,0.44,0.4985203973789896
pond,pond,Probe,100,prior_shift,11,1.0,0.04592376237346585,0.51,0.4985203973789896
pond,pond,Probe,100,prior_shift,12,1.0,-0.39954668034839763,0.4,0.4985203973789896
pond,pond,Probe,100,prior_shift,13,1.0,0.04592376237346585,0.51,0.4985203973789896
pond,pond,Probe,100,prior_shift,14,1.0,-0.7942008723523465,0.31,0.4985203973789896
pond,pond,Probe,100,prior_shift,15,1.0,-0.034086906853932536,0.49,0.4985203973789896
pond,pond,Probe,100,prior_shift,16,1.0,0.24708048457665494,0.56,0.4985203973789896
pond,pond,Probe,100,prior_shift,17,1.0,-0.7942008723523465,0.31,0.4985203973789896
pond,pond,Probe,100,prior_shift,18,1.0,-0.3580469494416451,0.41,0.4985203973789896
pond,pond,Probe,100,prior_shift,19,1.0,-0.44139379028389814,0.39,0.4985203973789896
pond,pond,Probe,100,prior_shift,20,1.0,-0.1142258840822967,0.47,0.4985203973789896
pond,pond,Probe,100,prior_shift,21,1.0,-0.841379432627437,0.3,0.4985203973789896
pond,pond,Probe,100,prior_shift,22,1.0,0.3698838049611782,0.59,0.4985203973789896
pond,pond,Probe,100,prior_shift,23,1.0,-0.7478533746166134,0.32,0.4985203973789896
pond,pond,Probe,100,prior_shift,24,1.0,0.04592376237346585,0.51,0.4985203973789896
pond,pond,Probe,100,prior_shift,25,1.0,-0.5694457171437952,0.36,0.4985203973789896
pond,pond,Probe,100,prior_shift,26,1.0,-0.1142258840822967,0.47,0.4985203973789896
pond,pond,Probe,100,prior_shift,27,1.0,-0.841379432627437,0.3,0.4985203973789896
pond,pond,Probe,100,prior_shift,28,1.0,0.12606273960183,0.53,0.4985203973789896
pond,pond,Probe,100,prior_shift,29,1.0,-0.5694457171437952,0.36,0.4985203973789896
pond,pond,Probe,100,prior_shift,30,1.0,0.32869182002281755,0.58,0.4985203973789896
pond,pond,Probe,100,prior_shift,31,1.0,-0.5262983859875415,0.37,0.4985203973789896
pond,pond,Probe,100,prior_shift,32,1.0,-0.27593272438122113,0.43,0.4985203973789896
pond,pond,Probe,100,prior_shift,33,1.0,-0.3168549645032845,0.42,0.4985203973789896
pond,pond,Probe,100,prior_shift,34,1.0,-0.15442422231541264,0.46,0.4985203973789896
pond,pond,Probe,100,prior_shift,35,1.0,-0.7942008723523465,0.31,0.4985203973789896
pond,pond,Probe,100,prior_shift,36,1.0,-0.07412427991376984,0.48,0.4985203973789896
pond,pond,Probe,100,prior_shift,37,1.0,-0.39954668034839763,0.4,0.4985203973789896
pond,pond,Probe,100,prior_shift,38,1.0,-0.5694457171437952,0.36,0.4985203973789896
pond,pond,Probe,100,prior_shift,39,1.0,-1.0926938609083432,0.25,0.4985203973789896
pond,pond,Probe,100,prior_shift,40,1.0,-0.15442422231541264,0.46,0.4985203973789896
pond,pond,Probe,100,prior_shift,41,1.0,-0.15442422231541264,0.46,0.4985203973789896
pond,pond,Probe,100,prior_shift,42,1.0,-0.3168549645032845,0.42,0.4985203973789896
pond,pond,Probe,100,prior_shift,43,1.0,0.12606273960183,0.53,0.4985203973789896
pond,pond,Probe,100,prior_shift,44,1.0,-0.5694457171437952,0.36,0.4985203973789896
pond,pond,Probe,100,prior_shift,45,1.0,0.49546665307847243,0.62,0.4985203973789896
pond,pond,Probe,100,prior_shift,46,1.0,-0.5262983859875415,0.37,0.4985203973789896
pond,pond,Probe,100,prior_shift,47,1.0,-0.48362979755893915,0.38,0.4985203973789896
pond,pond,Probe,100,prior_shift,48,1.0,-0.3580469494416451,0.41,0.4985203973789896
pond,pond,Probe,100,prior_shift,49,1.0,-0.9887041473842952,0.27,0.4985203973789896
pond,pond,Probe,100,prior_shift,50,1.0,-0.3580469494416451,0.41,0.4985203973789896
pond,pond,Probe,100,prior_shift,51,1.0,-0.3580469494416451,0.41,0.4985203973789896
pond,pond,Probe,100,prior_shift,52,1.0,-0.1142258840822967,0.47,0.4985203973789896
pond,pond,Probe,100,prior_shift,53,1.0,-0.1142258840822967,0.47,0.4985203973789896
pond,pond,Probe,100,prior_shift,54,1.0,0.005918427759766653,0.5,0.4985203973789896
pond,pond,Probe,100,prior_shift,55,1.0,-0.39954668034839763,0.4,0.4985203973789896
pond,pond,Probe,100,prior_shift,56,1.0,-0.702266630164719,0.33,0.4985203973789896
pond,pond,Probe,100,prior_shift,57,1.0,-0.3168549645032845,0.42,0.4985203973789896
pond,pond,Probe,100,prior_shift,58,1.0,-0.5694457171437952,0.36,0.4985203973789896
pond,pond,Probe,100,prior_shift,59,1.0,-0.23524362905712143,0.44,0.4985203973789896
pond,pond,Probe,100,prior_shift,60,1.0,-0.15442422231541264,0.46,0.4985203973789896
pond,pond,Probe,100,prior_shift,61,1.0,-0.702266630164719,0.33,0.4985203973789896
pond,pond,Probe,100,prior_shift,62,1.0,-0.48362979755893915,0.38,0.4985203973789896
pond,pond,Probe,100,prior_shift,63,1.0,0.005918427759766653,0.5,0.4985203973789896
pond,pond,Probe,100,prior_shift,64,1.0,0.16626107783494617,0.54,0.4985203973789896
pond,pond,Probe,100,prior_shift,65,1.0,-0.19475226770238446,0.45,0.4985203973789896
pond,pond,Probe,100,prior_shift,66,1.0,-0.19475226770238446,0.45,0.4985203973789896
pond,pond,Probe,100,prior_shift,67,1.0,-0.27593272438122113,0.43,0.4985203973789896
pond,pond,Probe,100,prior_shift,68,1.0,-0.3168549645032845,0.42,0.4985203973789896
pond,pond,Probe,100,prior_shift,69,1.0,-0.034086906853932536,0.49,0.4985203973789896
pond,pond,Probe,100,prior_shift,70,1.0,-0.39954668034839763,0.4,0.4985203973789896
pond,pond,Probe,100,prior_shift,71,1.0,-0.3580469494416451,0.41,0.4985203973789896
pond,pond,Probe,100,prior_shift,72,1.0,0.24708048457665494,0.56,0.4985203973789896
pond,pond,Probe,100,prior_shift,73,1.0,-0.19475226770238446,0.45,0.4985203973789896
pond,pond,Probe,100,prior_shift,74,1.0,-0.3580469494416451,0.41,0.4985203973789896
pond,pond,Probe,100,prior_shift,75,1.0,0.12606273960183,0.53,0.4985203973789896
pond,pond,Probe,100,prior_shift,76,1.0,-0.07412427991376984,0.48,0.4985203973789896
pond,pond,Probe,100,prior_shift,77,1.0,-0.44139379028389814,0.39,0.4985203973789896
pond,pond,Probe,100,prior_shift,78,1.0,0.12606273960183,0.53,0.4985203973789896
pond,pond,Probe,100,prior_shift,79,1.0,-0.39954668034839763,0.4,0.4985203973789896
pond,pond,Probe,100,prior_shift,80,1.0,-0.15442422231541264,0.46,0.4985203973789896
pond,pond,Probe,100,prior_shift,81,1.0,0.005918427759766653,0.5,0.4985203973789896
pond,pond,Probe,100,prior_shift,82,1.0,-0.7942008723523465,0.31,0.4985203973789896
pond,pond,Probe,100,prior_shift,83,1.0,-0.702266630164719,0.33,0.4985203973789896
pond,pond,Probe,100,prior_shift,84,1.0,-0.44139379028389814,0.39,0.4985203973789896
pond,pond,Probe,100,prior_shift,85,1.0,0.49546665307847243,0.62,0.4985203973789896
pond,pond,Probe,100,prior_shift,86,1.0,-0.1142258840822967,0.47,0.4985203973789896
pond,pond,Probe,100,prior_shift,87,1.0,0.32869182002281755,0.58,0.4985203973789896
pond,pond,Probe,100,prior_shift,88,1.0,-0.27593272438122113,0.43,0.4985203973789896
pond,pond,Probe,100,prior_shift,89,1.0,-0.3168549645032845,0.42,0.4985203973789896
pond,pond,Probe,100,prior_shift,90,1.0,-0.702266630164719,0.33,0.4985203973789896
pond,pond,Probe,100,prior_shift,91,1.0,-0.27593272438122113,0.43,0.4985203973789896
pond,pond,Probe,100,prior_shift,92,1.0,-0.6573757896504974,0.34,0.4985203973789896
pond,pond,Probe,100,prior_shift,93,1.0,-0.7478533746166134,0.32,0.4985203973789896
pond,pond,Probe,100,prior_shift,94,1.0,-0.07412427991376984,0.48,0.4985203973789896
pond,pond,Probe,100,prior_shift,95,1.0,0.12606273960183,0.53,0.4985203973789896
pond,pond,Probe,100,prior_shift,96,1.0,0.2877695799007542,0.57,0.4985203973789896
pond,pond,Probe,100,prior_shift,97,1.0,0.12606273960183,0.53,0.4985203973789896
pond,pond,Probe,100,prior_shift,98,1.0,-0.15442422231541264,0.46,0.4985203973789896
pond,pond,Probe,100,prior_shift,99,1.0,-0.15442422231541264,0.46,0.4985203973789896
pond,pond,NTP,100,prior_shift,0,1.0,-0.3580469494416451,0.41,0.4985203973789896
pond,pond,NTP,100,prior_shift,1,1.0,-0.44139379028389814,0.39,0.4985203973789896
pond,pond,NTP,100,prior_shift,2,1.0,0.04592376237346585,0.51,0.4985203973789896
pond,pond,NTP,100,prior_shift,3,1.0,-1.0926938609083432,0.25,0.4985203973789896
pond,pond,NTP,100,prior_shift,4,1.0,0.20658912322191797,0.55,0.4985203973789896
pond,pond,NTP,100,prior_shift,5,1.0,-0.7478533746166134,0.32,0.4985203973789896
pond,pond,NTP,100,prior_shift,6,1.0,-0.48362979755893915,0.38,0.4985203973789896
pond,pond,NTP,100,prior_shift,7,1.0,-0.1142258840822967,0.47,0.4985203973789896
pond,pond,NTP,100,prior_shift,8,1.0,-0.15442422231541264,0.46,0.4985203973789896
pond,pond,NTP,100,prior_shift,9,1.0,-0.5262983859875415,0.37,0.4985203973789896
pond,pond,NTP,100,prior_shift,10,1.0,-0.23524362905712143,0.44,0.4985203973789896
pond,pond,NTP,100,prior_shift,11,1.0,0.04592376237346585,0.51,0.4985203973789896
pond,pond,NTP,100,prior_shift,12,1.0,-0.39954668034839763,0.4,0.4985203973789896
pond,pond,NTP,100,prior_shift,13,1.0,0.04592376237346585,0.51,0.4985203973789896
pond,pond,NTP,100,prior_shift,14,1.0,-0.7942008723523465,0.31,0.4985203973789896
pond,pond,NTP,100,prior_shift,15,1.0,-0.034086906853932536,0.49,0.4985203973789896
pond,pond,NTP,100,prior_shift,16,1.0,0.24708048457665494,0.56,0.4985203973789896
pond,pond,NTP,100,prior_shift,17,1.0,-0.7942008723523465,0.31,0.4985203973789896
pond,pond,NTP,100,prior_shift,18,1.0,-0.3580469494416451,0.41,0.4985203973789896
pond,pond,NTP,100,prior_shift,19,1.0,-0.44139379028389814,0.39,0.4985203973789896
pond,pond,NTP,100,prior_shift,20,1.0,-0.1142258840822967,0.47,0.4985203973789896
pond,pond,NTP,100,prior_shift,21,1.0,-0.841379432627437,0.3,0.4985203973789896
pond,pond,NTP,100,prior_shift,22,1.0,0.3698838049611782,0.59,0.4985203973789896
pond,pond,NTP,100,prior_shift,23,1.0,-0.7478533746166134,0.32,0.4985203973789896
pond,pond,NTP,100,prior_shift,24,1.0,0.04592376237346585,0.51,0.4985203973789896
pond,pond,NTP,100,prior_shift,25,1.0,-0.5694457171437952,0.36,0.4985203973789896
pond,pond,NTP,100,prior_shift,26,1.0,-0.1142258840822967,0.47,0.4985203973789896
pond,pond,NTP,100,prior_shift,27,1.0,-0.841379432627437,0.3,0.4985203973789896
pond,pond,NTP,100,prior_shift,28,1.0,0.12606273960183,0.53,0.4985203973789896
pond,pond,NTP,100,prior_shift,29,1.0,-0.5694457171437952,0.36,0.4985203973789896
pond,pond,NTP,100,prior_shift,30,1.0,0.32869182002281755,0.58,0.4985203973789896
pond,pond,NTP,100,prior_shift,31,1.0,-0.5262983859875415,0.37,0.4985203973789896
pond,pond,NTP,100,prior_shift,32,1.0,-0.27593272438122113,0.43,0.4985203973789896
pond,pond,NTP,100,prior_shift,33,1.0,-0.3168549645032845,0.42,0.4985203973789896
pond,pond,NTP,100,prior_shift,34,1.0,-0.15442422231541264,0.46,0.4985203973789896
pond,pond,NTP,100,prior_shift,35,1.0,-0.7942008723523465,0.31,0.4985203973789896
pond,pond,NTP,100,prior_shift,36,1.0,-0.07412427991376984,0.48,0.4985203973789896
pond,pond,NTP,100,prior_shift,37,1.0,-0.39954668034839763,0.4,0.4985203973789896
pond,pond,NTP,100,prior_shift,38,1.0,-0.5694457171437952,0.36,0.4985203973789896
pond,pond,NTP,100,prior_shift,39,1.0,-1.0926938609083432,0.25,0.4985203973789896
pond,pond,NTP,100,prior_shift,40,1.0,-0.15442422231541264,0.46,0.4985203973789896
pond,pond,NTP,100,prior_shift,41,1.0,-0.15442422231541264,0.46,0.4985203973789896
pond,pond,NTP,100,prior_shift,42,1.0,-0.3168549645032845,0.42,0.4985203973789896
pond,pond,NTP,100,prior_shift,43,1.0,0.12606273960183,0.53,0.4985203973789896
pond,pond,NTP,100,prior_shift,44,1.0,-0.5694457171437952,0.36,0.4985203973789896
pond,pond,NTP,100,prior_shift,45,1.0,0.49546665307847243,0.62,0.4985203973789896
pond,pond,NTP,100,prior_shift,46,1.0,-0.5262983859875415,0.37,0.4985203973789896
pond,pond,NTP,100,prior_shift,47,1.0,-0.48362979755893915,0.38,0.4985203973789896
pond,pond,NTP,100,prior_shift,48,1.0,-0.3580469494416451,0.41,0.4985203973789896
pond,pond,NTP,100,prior_shift,49,1.0,-0.9887041473842952,0.27,0.4985203973789896
pond,pond,NTP,100,prior_shift,50,1.0,-0.3580469494416451,0.41,0.4985203973789896
pond,pond,NTP,100,prior_shift,51,1.0,-0.3580469494416451,0.41,0.4985203973789896
pond,pond,NTP,100,prior_shift,52,1.0,-0.1142258840822967,0.47,0.4985203973789896
pond,pond,NTP,100,prior_shift,53,1.0,-0.1142258840822967,0.47,0.4985203973789896
pond,pond,NTP,100,prior_shift,54,1.0,0.005918427759766653,0.5,0.4985203973789896
pond,pond,NTP,100,prior_shift,55,1.0,-0.39954668034839763,0.4,0.4985203973789896
pond,pond,NTP,100,prior_shift,56,1.0,-0.702266630164719,0.33,0.4985203973789896
pond,pond,NTP,100,prior_shift,57,1.0,-0.3168549645032845,0.42,0.4985203973789896
pond,pond,NTP,100,prior_shift,58,1.0,-0.5694457171437952,0.36,0.4985203973789896
pond,pond,NTP,100,prior_shift,59,1.0,-0.23524362905712143,0.44,0.4985203973789896
pond,pond,NTP,100,prior_shift,60,1.0,-0.15442422231541264,0.46,0.4985203973789896
pond,pond,NTP,100,prior_shift,61,1.0,-0.702266630164719,0.33,0.4985203973789896
pond,pond,NTP,100,prior_shift,62,1.0,-0.48362979755893915,0.38,0.4985203973789896
pond,pond,NTP,100,prior_shift,63,1.0,0.005918427759766653,0.5,0.4985203973789896
pond,pond,NTP,100,prior_shift,64,1.0,0.16626107783494617,0.54,0.4985203973789896
pond,pond,NTP,100,prior_shift,65,1.0,-0.19475226770238446,0.45,0.4985203973789896
pond,pond,NTP,100,prior_shift,66,1.0,-0.19475226770238446,0.45,0.4985203973789896
pond,pond,NTP,100,prior_shift,67,1.0,-0.27593272438122113,0.43,0.4985203973789896
pond,pond,NTP,100,prior_shift,68,1.0,-0.3168549645032845,0.42,0.4985203973789896
pond,pond,NTP,100,prior_shift,69,1.0,-0.034086906853932536,0.49,0.4985203973789896
pond,pond,NTP,100,prior_shift,70,1.0,-0.39954668034839763,0.4,0.4985203973789896
pond,pond,NTP,100,prior_shift,71,1.0,-0.3580469494416451,0.41,0.4985203973789896
pond,pond,NTP,100,prior_shift,72,1.0,0.24708048457665494,0.56,0.4985203973789896
pond,pond,NTP,100,prior_shift,73,1.0,-0.19475226770238446,0.45,0.4985203973789896
pond,pond,NTP,100,prior_shift,74,1.0,-0.3580469494416451,0.41,0.4985203973789896
pond,pond,NTP,100,prior_shift,75,1.0,0.12606273960183,0.53,0.4985203973789896
pond,pond,NTP,100,prior_shift,76,1.0,-0.07412427991376984,0.48,0.4985203973789896
pond,pond,NTP,100,prior_shift,77,1.0,-0.44139379028389814,0.39,0.4985203973789896
pond,pond,NTP,100,prior_shift,78,1.0,0.12606273960183,0.53,0.4985203973789896
pond,pond,NTP,100,prior_shift,79,1.0,-0.39954668034839763,0.4,0.4985203973789896
pond,pond,NTP,100,prior_shift,80,1.0,-0.15442422231541264,0.46,0.4985203973789896
pond,pond,NTP,100,prior_shift,81,1.0,0.005918427759766653,0.5,0.4985203973789896
pond,pond,NTP,100,prior_shift,82,1.0,-0.7942008723523465,0.31,0.4985203973789896
pond,pond,NTP,100,prior_shift,83,1.0,-0.702266630164719,0.33,0.4985203973789896
pond,pond,NTP,100,prior_shift,84,1.0,-0.44139379028389814,0.39,0.4985203973789896
pond,pond,NTP,100,prior_shift,85,1.0,0.49546665307847243,0.62,0.4985203973789896
pond,pond,NTP,100,prior_shift,86,1.0,-0.1142258840822967,0.47,0.4985203973789896
pond,pond,NTP,100,prior_shift,87,1.0,0.32869182002281755,0.58,0.4985203973789896
pond,pond,NTP,100,prior_shift,88,1.0,-0.27593272438122113,0.43,0.4985203973789896
pond,pond,NTP,100,prior_shift,89,1.0,-0.3168549645032845,0.42,0.4985203973789896
pond,pond,NTP,100,prior_shift,90,1.0,-0.702266630164719,0.33,0.4985203973789896
pond,pond,NTP,100,prior_shift,91,1.0,-0.27593272438122113,0.43,0.4985203973789896
pond,pond,NTP,100,prior_shift,92,1.0,-0.6573757896504974,0.34,0.4985203973789896
pond,pond,NTP,100,prior_shift,93,1.0,-0.7478533746166134,0.32,0.4985203973789896
pond,pond,NTP,100,prior_shift,94,1.0,-0.07412427991376984,0.48,0.4985203973789896
pond,pond,NTP,100,prior_shift,95,1.0,0.12606273960183,0.53,0.4985203973789896
pond,pond,NTP,100,prior_shift,96,1.0,0.2877695799007542,0.57,0.4985203973789896
pond,pond,NTP,100,prior_shift,97,1.0,0.12606273960183,0.53,0.4985203973789896
pond,pond,NTP,100,prior_shift,98,1.0,-0.15442422231541264,0.46,0.4985203973789896
pond,pond,NTP,100,prior_shift,99,1.0,-0.15442422231541264,0.46,0.4985203973789896
pond,pond,Probe,250,prior_shift,0,1.0,-0.3168549645032845,0.42,0.4985203973789896
pond,pond,Probe,250,prior_shift,1,1.0,-0.5868495674925566,0.356,0.4985203973789896
pond,pond,Probe,250,prior_shift,2,1.0,0.27961425823680747,0.568,0.4985203973789896
pond,pond,Probe,250,prior_shift,3,1.0,-0.8035677448843285,0.308,0.4985203973789896
pond,pond,Probe,250,prior_shift,4,1.0,0.4113835358679309,0.6,0.4985203973789896
pond,pond,Probe,250,prior_shift,5,1.0,-0.2677774027172744,0.432,0.4985203973789896
pond,pond,Probe,250,prior_shift,6,1.0,-0.25149358038925795,0.436,0.4985203973789896
pond,pond,Probe,250,prior_shift,7,1.0,0.4113835358679309,0.6,0.4985203973789896
pond,pond,Probe,250,prior_shift,8,1.0,-0.23524362905712143,0.44,0.4985203973789896
pond,pond,Probe,250,prior_shift,9,1.0,-0.48362979755893915,0.38,0.4985203973789896
pond,pond,Probe,250,prior_shift,10,1.0,-0.2840973680382345,0.428,0.4985203973789896
pond,pond,Probe,250,prior_shift,11,1.0,0.1019922578493889,0.524,0.4985203973789896
pond,pond,Probe,250,prior_shift,12,1.0,-0.4666859831860262,0.384,0.4985203973789896
pond,pond,Probe,250,prior_shift,13,1.0,-0.042090791426594,0.488,0.4985203973789896
pond,pond,Probe,250,prior_shift,14,1.0,-0.5177278844352854,0.372,0.4985203973789896
pond,pond,Probe,250,prior_shift,15,1.0,0.4113835358679309,0.6,0.4985203973789896
pond,pond,Probe,250,prior_shift,16,1.0,0.03792115884594047,0.508,0.4985203973789896
pond,pond,Probe,250,prior_shift,17,1.0,-0.43299461441593773,0.392,0.4985203973789896
pond,pond,Probe,250,prior_shift,18,1.0,-0.2840973680382345,0.428,0.4985203973789896
pond,pond,Probe,250,prior_shift,19,1.0,-0.39954668034839763,0.4,0.4985203973789896
pond,pond,Probe,250,prior_shift,20,1.0,0.06994028652469773,0.516,0.4985203973789896
pond,pond,Probe,250,prior_shift,21,1.0,-0.6932347768603904,0.332,0.4985203973789896
pond,pond,Probe,250,prior_shift,22,1.0,-0.18667467935601767,0.452,0.4985203973789896
pond,pond,Probe,250,prior_shift,23,1.0,-0.7848672223640946,0.312,0.4985203973789896
pond,pond,Probe,250,prior_shift,24,1.0,0.18237486510132334,0.544,0.4985203973789896
pond,pond,Probe,250,prior_shift,25,1.0,-0.2840973680382345,0.428,0.4985203973789896
pond,pond,Probe,250,prior_shift,26,1.0,-0.18667467935601767,0.452,0.4985203973789896
pond,pond,Probe,250,prior_shift,27,1.0,-0.729531132490868,0.324,0.4985203973789896
pond,pond,Probe,250,prior_shift,28,1.0,-0.026084303326407158,0.492,0.4985203973789896
pond,pond,Probe,250,prior_shift,29,1.0,0.16626107783494617,0.54,0.4985203973789896
pond,pond,Probe,250,prior_shift,30,1.0,0.005918427759766653,0.5,0.4985203973789896
pond,pond,Probe,250,prior_shift,31,1.0,-0.639600703810924,0.344,0.4985203973789896
pond,pond,Probe,250,prior_shift,32,1.0,-0.13833118108477999,0.464,0.4985203973789896
pond,pond,Probe,250,prior_shift,33,1.0,-0.3332972948071972,0.416,0.4985203973789896
pond,pond,Probe,250,prior_shift,34,1.0,0.05392764694612731,0.512,0.4985203973789896
pond,pond,Probe,250,prior_shift,35,1.0,-0.17053800958178983,0.456,0.4985203973789896
pond,pond,Probe,250,prior_shift,36,1.0,-0.10619887036093954,0.472,0.4985203973789896
pond,pond,Probe,250,prior_shift,37,1.0,-0.3332972948071972,0.416,0.4985203973789896
pond,pond,Probe,250,prior_shift,38,1.0,-0.10619887036093954,0.472,0.4985203973789896
pond,pond,Probe,250,prior_shift,39,1.0,-0.729531132490868,0.324,0.4985203973789896
pond,pond,Probe,250,prior_shift,40,1.0,-0.010081913586674495,0.496,0.4985203973789896
pond,pond,Probe,250,prior_shift,41,1.0,-0.41624155892056763,0.396,0.4985203973789896
pond,pond,Probe,250,prior_shift,42,1.0,-0.17053800958178983,0.456,0.4985203973789896
pond,pond,Probe,250,prior_shift,43,1.0,0.3947442168639662,0.596,0.4985203973789896
pond,pond,Probe,250,prior_shift,44,1.0,-0.8224035311684313,0.304,0.4985203973789896
pond,pond,Probe,250,prior_shift,45,1.0,0.03792115884594047,0.508,0.4985203973789896
pond,pond,Probe,250,prior_shift,46,1.0,-0.09015540232985558,0.476,0.4985203973789896
pond,pond,Probe,250,prior_shift,47,1.0,-0.44980851512928594,0.388,0.4985203973789896
pond,pond,Probe,250,prior_shift,48,1.0,-0.5006427972197665,0.376,0.4985203973789896
pond,pond,Probe,250,prior_shift,49,1.0,-0.6573757896504974,0.34,0.4985203973789896
pond,pond,Probe,250,prior_shift,50,1.0,-0.3332972948071972,0.416,0.4985203973789896
pond,pond,Probe,250,prior_shift,51,1.0,0.03792115884594047,0.508,0.4985203973789896
pond,pond,Probe,250,prior_shift,52,1.0,0.1019922578493889,0.524,0.4985203973789896
pond,pond,Probe,250,prior_shift,53,1.0,0.005918427759766653,0.5,0.4985203973789896
pond,pond,Probe,250,prior_shift,54,1.0,-0.18667467935601767,0.452,0.4985203973789896
pond,pond,Probe,250,prior_shift,55,1.0,-0.18667467935601767,0.452,0.4985203973789896
pond,pond,Probe,250,prior_shift,56,1.0,-0.21902530405859094,0.444,0.4985203973789896
pond,pond,Probe,250,prior_shift,57,1.0,0.03792115884594047,0.508,0.4985203973789896
pond,pond,Probe,250,prior_shift,58,1.0,-0.6752525617534628,0.336,0.4985203973789896
pond,pond,Probe,250,prior_shift,59,1.0,-0.34978517078933397,0.412,0.4985203973789896
pond,pond,Probe,250,prior_shift,60,1.0,-0.3168549645032845,0.42,0.4985203973789896
pond,pond,Probe,250,prior_shift,61,1.0,-0.026084303326407158,0.492,0.4985203973789896
pond,pond,Probe,250,prior_shift,62,1.0,-0.5348880282181598,0.368,0.4985203973789896
pond,pond,Probe,250,prior_shift,63,1.0,-0.09015540232985558,0.476,0.4985203973789896
pond,pond,Probe,250,prior_shift,64,1.0,-0.09015540232985558,0.476,0.4985203973789896
pond,pond,Probe,250,prior_shift,65,1.0,0.13409362118376442,0.532,0.4985203973789896
pond,pond,Probe,250,prior_shift,66,1.0,-0.5694457171437952,0.36,0.4985203973789896
pond,pond,Probe,250,prior_shift,67,1.0,-0.15442422231541264,0.46,0.4985203973789896
pond,pond,Probe,250,prior_shift,68,1.0,-0.41624155892056763,0.396,0.4985203973789896
pond,pond,Probe,250,prior_shift,69,1.0,-0.05810343100516442,0.484,0.4985203973789896
pond,pond,Probe,250,prior_shift,70,1.0,-0.09015540232985558,0.476,0.4985203973789896
pond,pond,Probe,250,prior_shift,71,1.0,-0.41624155892056763,0.396,0.4985203973789896
pond,pond,Probe,250,prior_shift,72,1.0,0.0219187691062078,0.504,0.4985203973789896
pond,pond,Probe,250,prior_shift,73,1.0,-0.23524362905712143,0.44,0.4985203973789896
pond,pond,Probe,250,prior_shift,74,1.0,-0.34978517078933397,0.412,0.4985203973789896
pond,pond,Probe,250,prior_shift,75,1.0,-0.10619887036093954,0.472,0.4985203973789896
pond,pond,Probe,250,prior_shift,76,1.0,-0.3168549645032845,0.42,0.4985203973789896
pond,pond,Probe,250,prior_shift,77,1.0,-0.042090791426594,0.488,0.4985203973789896
pond,pond,Probe,250,prior_shift,78,1.0,0.16626107783494617,0.54,0.4985203973789896
pond,pond,Probe,250,prior_shift,79,1.0,-0.6573757896504974,0.34,0.4985203973789896
pond,pond,Probe,250,prior_shift,80,1.0,0.1501680366043135,0.536,0.4985203973789896
pond,pond,Probe,250,prior_shift,81,1.0,0.3451341503267303,0.584,0.4985203973789896
pond,pond,Probe,250,prior_shift,82,1.0,-0.2677774027172744,0.432,0.4985203973789896
pond,pond,Probe,250,prior_shift,83,1.0,-0.43299461441593773,0.392,0.4985203973789896
pond,pond,Probe,250,prior_shift,84,1.0,-0.042090791426594,0.488,0.4985203973789896
pond,pond,Probe,250,prior_shift,85,1.0,0.36162202630886703,0.588,0.4985203973789896
pond,pond,Probe,250,prior_shift,86,1.0,-0.026084303326407158,0.492,0.4985203973789896
pond,pond,Probe,250,prior_shift,87,1.0,0.05392764694612731,0.512,0.4985203973789896
pond,pond,Probe,250,prior_shift,88,1.0,-0.5868495674925566,0.356,0.4985203973789896
pond,pond,Probe,250,prior_shift,89,1.0,-0.4666859831860262,0.384,0.4985203973789896
pond,pond,Probe,250,prior_shift,90,1.0,-0.841379432627437,0.3,0.4985203973789896
pond,pond,Probe,250,prior_shift,91,1.0,-0.3332972948071972,0.416,0.4985203973789896
pond,pond,Probe,250,prior_shift,92,1.0,-0.998875105690688,0.268,0.4985203973789896
pond,pond,Probe,250,prior_shift,93,1.0,-0.3168549645032845,0.42,0.4985203973789896
pond,pond,Probe,250,prior_shift,94,1.0,-0.12225676566423087,0.468,0.4985203973789896
pond,pond,Probe,250,prior_shift,95,1.0,0.32869182002281755,0.58,0.4985203973789896
pond,pond,Probe,250,prior_shift,96,1.0,0.08596113543330315,0.52,0.4985203973789896
pond,pond,Probe,250,prior_shift,97,1.0,-0.2677774027172744,0.432,0.4985203973789896
pond,pond,Probe,250,prior_shift,98,1.0,0.06994028652469773,0.516,0.4985203973789896
pond,pond,Probe,250,prior_shift,99,1.0,-0.23524362905712143,0.44,0.4985203973789896
pond,pond,NTP,250,prior_shift,0,1.0,-0.3168549645032845,0.42,0.4985203973789896
pond,pond,NTP,250,prior_shift,1,1.0,-0.5868495674925566,0.356,0.4985203973789896
pond,pond,NTP,250,prior_shift,2,1.0,0.27961425823680747,0.568,0.4985203973789896
pond,pond,NTP,250,prior_shift,3,1.0,-0.8035677448843285,0.308,0.4985203973789896
pond,pond,NTP,250,prior_shift,4,1.0,0.4113835358679309,0.6,0.4985203973789896
pond,pond,NTP,250,prior_shift,5,1.0,-0.2677774027172744,0.432,0.4985203973789896
pond,pond,NTP,250,prior_shift,6,1.0,-0.25149358038925795,0.436,0.4985203973789896
pond,pond,NTP,250,prior_shift,7,1.0,0.4113835358679309,0.6,0.4985203973789896
pond,pond,NTP,250,prior_shift,8,1.0,-0.23524362905712143,0.44,0.4985203973789896
pond,pond,NTP,250,prior_shift,9,1.0,-0.48362979755893915,0.38,0.4985203973789896
pond,pond,NTP,250,prior_shift,10,1.0,-0.2840973680382345,0.428,0.4985203973789896
pond,pond,NTP,250,prior_shift,11,1.0,0.1019922578493889,0.524,0.4985203973789896
pond,pond,NTP,250,prior_shift,12,1.0,-0.4666859831860262,0.384,0.4985203973789896
pond,pond,NTP,250,prior_shift,13,1.0,-0.042090791426594,0.488,0.4985203973789896
pond,pond,NTP,250,prior_shift,14,1.0,-0.5177278844352854,0.372,0.4985203973789896
pond,pond,NTP,250,prior_shift,15,1.0,0.4113835358679309,0.6,0.4985203973789896
pond,pond,NTP,250,prior_shift,16,1.0,0.03792115884594047,0.508,0.4985203973789896
pond,pond,NTP,250,prior_shift,17,1.0,-0.43299461441593773,0.392,0.4985203973789896
pond,pond,NTP,250,prior_shift,18,1.0,-0.2840973680382345,0.428,0.4985203973789896
pond,pond,NTP,250,prior_shift,19,1.0,-0.39954668034839763,0.4,0.4985203973789896
pond,pond,NTP,250,prior_shift,20,1.0,0.06994028652469773,0.516,0.4985203973789896
pond,pond,NTP,250,prior_shift,21,1.0,-0.6932347768603904,0.332,0.4985203973789896
pond,pond,NTP,250,prior_shift,22,1.0,-0.18667467935601767,0.452,0.4985203973789896
pond,pond,NTP,250,prior_shift,23,1.0,-0.7848672223640946,0.312,0.4985203973789896
pond,pond,NTP,250,prior_shift,24,1.0,0.18237486510132334,0.544,0.4985203973789896
pond,pond,NTP,250,prior_shift,25,1.0,-0.2840973680382345,0.428,0.4985203973789896
pond,pond,NTP,250,prior_shift,26,1.0,-0.18667467935601767,0.452,0.4985203973789896
pond,pond,NTP,250,prior_shift,27,1.0,-0.729531132490868,0.324,0.4985203973789896
pond,pond,NTP,250,prior_shift,28,1.0,-0.026084303326407158,0.492,0.4985203973789896
pond,pond,NTP,250,prior_shift,29,1.0,0.16626107783494617,0.54,0.4985203973789896
pond,pond,NTP,250,prior_shift,30,1.0,0.005918427759766653,0.5,0.4985203973789896
pond,pond,NTP,250,prior_shift,31,1.0,-0.639600703810924,0.344,0.4985203973789896
pond,pond,NTP,250,prior_shift,32,1.0,-0.13833118108477999,0.464,0.4985203973789896
pond,pond,NTP,250,prior_shift,33,1.0,-0.3332972948071972,0.416,0.4985203973789896
pond,pond,NTP,250,prior_shift,34,1.0,0.05392764694612731,0.512,0.4985203973789896
pond,pond,NTP,250,prior_shift,35,1.0,-0.17053800958178983,0.456,0.4985203973789896
pond,pond,NTP,250,prior_shift,36,1.0,-0.10619887036093954,0.472,0.4985203973789896
pond,pond,NTP,250,prior_shift,37,1.0,-0.3332972948071972,0.416,0.4985203973789896
pond,pond,NTP,250,prior_shift,38,1.0,-0.10619887036093954,0.472,0.4985203973789896
pond,pond,NTP,250,prior_shift,39,1.0,-0.729531132490868,0.324,0.4985203973789896
pond,pond,NTP,250,prior_shift,40,1.0,-0.010081913586674495,0.496,0.4985203973789896
pond,pond,NTP,250,prior_shift,41,1.0,-0.41624155892056763,0.396,0.4985203973789896
pond,pond,NTP,250,prior_shift,42,1.0,-0.17053800958178983,0.456,0.4985203973789896
pond,pond,NTP,250,prior_shift,43,1.0,0.3947442168639662,0.596,0.4985203973789896
pond,pond,NTP,250,prior_shift,44,1.0,-0.8224035311684313,0.304,0.4985203973789896
pond,pond,NTP,250,prior_shift,45,1.0,0.03792115884594047,0.508,0.4985203973789896
pond,pond,NTP,250,prior_shift,46,1.0,-0.09015540232985558,0.476,0.4985203973789896
pond,pond,NTP,250,prior_shift,47,1.0,-0.44980851512928594,0.388,0.4985203973789896
pond,pond,NTP,250,prior_shift,48,1.0,-0.5006427972197665,0.376,0.4985203973789896
pond,pond,NTP,250,prior_shift,49,1.0,-0.6573757896504974,0.34,0.4985203973789896
pond,pond,NTP,250,prior_shift,50,1.0,-0.3332972948071972,0.416,0.4985203973789896
pond,pond,NTP,250,prior_shift,51,1.0,0.03792115884594047,0.508,0.4985203973789896
pond,pond,NTP,250,prior_shift,52,1.0,0.1019922578493889,0.524,0.4985203973789896
pond,pond,NTP,250,prior_shift,53,1.0,0.005918427759766653,0.5,0.4985203973789896
pond,pond,NTP,250,prior_shift,54,1.0,-0.18667467935601767,0.452,0.4985203973789896
pond,pond,NTP,250,prior_shift,55,1.0,-0.18667467935601767,0.452,0.4985203973789896
pond,pond,NTP,250,prior_shift,56,1.0,-0.21902530405859094,0.444,0.4985203973789896
pond,pond,NTP,250,prior_shift,57,1.0,0.03792115884594047,0.508,0.4985203973789896
pond,pond,NTP,250,prior_shift,58,1.0,-0.6752525617534628,0.336,0.4985203973789896
pond,pond,NTP,250,prior_shift,59,1.0,-0.34978517078933397,0.412,0.4985203973789896
pond,pond,NTP,250,prior_shift,60,1.0,-0.3168549645032845,0.42,0.4985203973789896
pond,pond,NTP,250,prior_shift,61,1.0,-0.026084303326407158,0.492,0.4985203973789896
pond,pond,NTP,250,prior_shift,62,1.0,-0.5348880282181598,0.368,0.4985203973789896
pond,pond,NTP,250,prior_shift,63,1.0,-0.09015540232985558,0.476,0.4985203973789896
pond,pond,NTP,250,prior_shift,64,1.0,-0.09015540232985558,0.476,0.4985203973789896
pond,pond,NTP,250,prior_shift,65,1.0,0.13409362118376442,0.532,0.4985203973789896
pond,pond,NTP,250,prior_shift,66,1.0,-0.5694457171437952,0.36,0.4985203973789896
pond,pond,NTP,250,prior_shift,67,1.0,-0.15442422231541264,0.46,0.4985203973789896
pond,pond,NTP,250,prior_shift,68,1.0,-0.41624155892056763,0.396,0.4985203973789896
pond,pond,NTP,250,prior_shift,69,1.0,-0.05810343100516442,0.484,0.4985203973789896
pond,pond,NTP,250,prior_shift,70,1.0,-0.09015540232985558,0.476,0.4985203973789896
pond,pond,NTP,250,prior_shift,71,1.0,-0.41624155892056763,0.396,0.4985203973789896
pond,pond,NTP,250,prior_shift,72,1.0,0.0219187691062078,0.504,0.4985203973789896
pond,pond,NTP,250,prior_shift,73,1.0,-0.23524362905712143,0.44,0.4985203973789896
pond,pond,NTP,250,prior_shift,74,1.0,-0.34978517078933397,0.412,0.4985203973789896
pond,pond,NTP,250,prior_shift,75,1.0,-0.10619887036093954,0.472,0.4985203973789896
pond,pond,NTP,250,prior_shift,76,1.0,-0.3168549645032845,0.42,0.4985203973789896
pond,pond,NTP,250,prior_shift,77,1.0,-0.042090791426594,0.488,0.4985203973789896
pond,pond,NTP,250,prior_shift,78,1.0,0.16626107783494617,0.54,0.4985203973789896
pond,pond,NTP,250,prior_shift,79,1.0,-0.6573757896504974,0.34,0.4985203973789896
pond,pond,NTP,250,prior_shift,80,1.0,0.1501680366043135,0.536,0.4985203973789896
pond,pond,NTP,250,prior_shift,81,1.0,0.3451341503267303,0.584,0.4985203973789896
pond,pond,NTP,250,prior_shift,82,1.0,-0.2677774027172744,0.432,0.4985203973789896
pond,pond,NTP,250,prior_shift,83,1.0,-0.43299461441593773,0.392,0.4985203973789896
pond,pond,NTP,250,prior_shift,84,1.0,-0.042090791426594,0.488,0.4985203973789896
pond,pond,NTP,250,prior_shift,85,1.0,0.36162202630886703,0.588,0.4985203973789896
pond,pond,NTP,250,prior_shift,86,1.0,-0.026084303326407158,0.492,0.4985203973789896
pond,pond,NTP,250,prior_shift,87,1.0,0.05392764694612731,0.512,0.4985203973789896
pond,pond,NTP,250,prior_shift,88,1.0,-0.5868495674925566,0.356,0.4985203973789896
pond,pond,NTP,250,prior_shift,89,1.0,-0.4666859831860262,0.384,0.4985203973789896
pond,pond,NTP,250,prior_shift,90,1.0,-0.841379432627437,0.3,0.4985203973789896
pond,pond,NTP,250,prior_shift,91,1.0,-0.3332972948071972,0.416,0.4985203973789896
pond,pond,NTP,250,prior_shift,92,1.0,-0.998875105690688,0.268,0.4985203973789896
pond,pond,NTP,250,prior_shift,93,1.0,-0.3168549645032845,0.42,0.4985203973789896
pond,pond,NTP,250,prior_shift,94,1.0,-0.12225676566423087,0.468,0.4985203973789896
pond,pond,NTP,250,prior_shift,95,1.0,0.32869182002281755,0.58,0.4985203973789896
pond,pond,NTP,250,prior_shift,96,1.0,0.08596113543330315,0.52,0.4985203973789896
pond,pond,NTP,250,prior_shift,97,1.0,-0.2677774027172744,0.432,0.4985203973789896
pond,pond,NTP,250,prior_shift,98,1.0,0.06994028652469773,0.516,0.4985203973789896
pond,pond,NTP,250,prior_shift,99,1.0,-0.23524362905712143,0.44,0.4985203973789896
pond,pond,Probe,500,prior_shift,0,1.0,-0.25963111634301145,0.434,0.4985203973789896
pond,pond,Probe,500,prior_shift,1,1.0,-0.44139379028389814,0.39,0.4985203973789896
pond,pond,Probe,500,prior_shift,2,1.0,-0.1142258840822967,0.47,0.4985203973789896
pond,pond,Probe,500,prior_shift,3,1.0,-0.9385431810810845,0.28,0.4985203973789896
pond,pond,Probe,500,prior_shift,4,1.0,0.36162202630886703,0.588,0.4985203973789896
pond,pond,Probe,500,prior_shift,5,1.0,-0.4582391309225449,0.386,0.4985203973789896
pond,pond,Probe,500,prior_shift,6,1.0,-0.37460773200114555,0.406,0.4985203973789896
pond,pond,Probe,500,prior_shift,7,1.0,0.013918470426842931,0.502,0.4985203973789896
pond,pond,Probe,500,prior_shift,8,1.0,-0.13029177707478223,0.466,0.4985203973789896
pond,pond,Probe,500,prior_shift,9,1.0,-0.4582391309225449,0.386,0.4985203973789896
pond,pond,Probe,500,prior_shift,10,1.0,-0.23524362905712143,0.44,0.4985203973789896
pond,pond,Probe,500,prior_shift,11,1.0,-0.018082724339776406,0.494,0.4985203973789896
pond,pond,Probe,500,prior_shift,12,1.0,-0.4666859831860262,0.384,0.4985203973789896
pond,pond,Probe,500,prior_shift,13,1.0,-0.07412427991376984,0.48,0.4985203973789896
pond,pond,Probe,500,prior_shift,14,1.0,-0.5694457171437952,0.36,0.4985203973789896
pond,pond,Probe,500,prior_shift,15,1.0,0.19044020546332385,0.546,0.4985203973789896
pond,pond,Probe,500,prior_shift,16,1.0,-0.034086906853932536,0.49,0.4985203973789896
pond,pond,Probe,500,prior_shift,17,1.0,-0.5694457171437952,0.36,0.4985203973789896
pond,pond,Probe,500,prior_shift,18,1.0,-0.3086501268765991,0.422,0.4985203973789896
pond,pond,Probe,500,prior_shift,19,1.0,-0.39954668034839763,0.4,0.4985203973789896
pond,pond,Probe,500,prior_shift,20,1.0,-0.07412427991376984,0.48,0.4985203973789896
pond,pond,Probe,500,prior_shift,21,1.0,-0.729531132490868,0.324,0.4985203973789896
pond,pond,Probe,500,prior_shift,22,1.0,0.04592376237346585,0.51,0.4985203973789896
pond,pond,Probe,500,prior_shift,23,1.0,-0.5868495674925566,0.356,0.4985203973789896
pond,pond,Probe,500,prior_shift,24,1.0,-0.06611270044911616,0.482,0.4985203973789896
pond,pond,Probe,500,prior_shift,25,1.0,-0.3086501268765991,0.422,0.4985203973789896
pond,pond,Probe,500,prior_shift,26,1.0,-0.3086501268765991,0.422,0.4985203973789896
pond,pond,Probe,500,prior_shift,27,1.0,-0.5694457171437952,0.36,0.4985203973789896
pond,pond,Probe,500,prior_shift,28,1.0,-0.20283638610234347,0.448,0.4985203973789896
pond,pond,Probe,500,prior_shift,29,1.0,-0.25149358038925795,0.436,0.4985203973789896
pond,pond,Probe,500,prior_shift,30,1.0,0.1019922578493889,0.524,0.4985203973789896
pond,pond,Probe,500,prior_shift,31,1.0,-0.6752525617534628,0.336,0.4985203973789896
pond,pond,Probe,500,prior_shift,32,1.0,-0.3004557777041669,0.424,0.4985203973789896
pond,pond,Probe,500,prior_shift,33,1.0,-0.43299461441593773,0.392,0.4985203973789896
pond,pond,Probe,500,prior_shift,34,1.0,-0.25963111634301145,0.434,0.4985203973789896
pond,pond,Probe,500,prior_shift,35,1.0,-0.48362979755893915,0.38,0.4985203973789896
pond,pond,Probe,500,prior_shift,36,1.0,0.11001231880240012,0.526,0.4985203973789896
pond,pond,Probe,500,prior_shift,37,1.0,-0.42461064901161394,0.394,0.4985203973789896
pond,pond,Probe,500,prior_shift,38,1.0,-0.18667467935601767,0.452,0.4985203973789896
pond,pond,Probe,500,prior_shift,39,1.0,-0.621923654392412,0.348,0.4985203973789896
pond,pond,Probe,500,prior_shift,40,1.0,-0.12225676566423087,0.468,0.4985203973789896
pond,pond,Probe,500,prior_shift,41,1.0,-0.25963111634301145,0.434,0.4985203973789896
pond,pond,Probe,500,prior_shift,42,1.0,-0.3168549645032845,0.42,0.4985203973789896
pond,pond,Probe,500,prior_shift,43,1.0,0.12606273960183,0.53,0.4985203973789896
pond,pond,Probe,500,prior_shift,44,1.0,-0.5177278844352854,0.372,0.4985203973789896
pond,pond,Probe,500,prior_shift,45,1.0,0.263330435908791,0.564,0.4985203973789896
pond,pond,Probe,500,prior_shift,46,1.0,-0.25149358038925795,0.436,0.4985203973789896
pond,pond,Probe,500,prior_shift,47,1.0,-0.38290736134443293,0.404,0.4985203973789896
pond,pond,Probe,500,prior_shift,48,1.0,-0.42461064901161394,0.394,0.4985203973789896
pond,pond,Probe,500,prior_shift,49,1.0,-0.5868495674925566,0.356,0.4985203973789896
pond,pond,Probe,500,prior_shift,50,1.0,-0.3663210327200775,0.408,0.4985203973789896
pond,pond,Probe,500,prior_shift,51,1.0,-0.14637524132027885,0.462,0.4985203973789896
pond,pond,Probe,500,prior_shift,52,1.0,-0.18667467935601767,0.452,0.4985203973789896
pond,pond,Probe,500,prior_shift,53,1.0,-0.22713065254384615,0.442,0.4985203973789896
pond,pond,Probe,500,prior_shift,54,1.0,-0.27593272438122113,0.43,0.4985203973789896
pond,pond,Probe,500,prior_shift,55,1.0,-0.37460773200114555,0.406,0.4985203973789896
pond,pond,Probe,500,prior_shift,56,1.0,-0.3004557777041669,0.424,0.4985203973789896
pond,pond,Probe,500,prior_shift,57,1.0,-0.010081913586674495,0.496,0.4985203973789896
pond,pond,Probe,500,prior_shift,58,1.0,-0.4582391309225449,0.386,0.4985203973789896
pond,pond,Probe,500,prior_shift,59,1.0,-0.19475226770238446,0.45,0.4985203973789896
pond,pond,Probe,500,prior_shift,60,1.0,-0.27593272438122113,0.43,0.4985203973789896
pond,pond,Probe,500,prior_shift,61,1.0,-0.12225676566423087,0.468,0.4985203973789896
pond,pond,Probe,500,prior_shift,62,1.0,-0.5521262679436149,0.364,0.4985203973789896
pond,pond,Probe,500,prior_shift,63,1.0,-0.07412427991376984,0.48,0.4985203973789896
pond,pond,Probe,500,prior_shift,64,1.0,-0.042090791426594,0.488,0.4985203973789896
pond,pond,Probe,500,prior_shift,65,1.0,-0.17860334994379035,0.454,0.4985203973789896
pond,pond,Probe,500,prior_shift,66,1.0,-0.2922716222904294,0.426,0.4985203973789896
pond,pond,Probe,500,prior_shift,67,1.0,0.07794955596864947,0.518,0.4985203973789896
pond,pond,Probe,500,prior_shift,68,1.0,-0.4078870122646166,0.398,0.4985203973789896
pond,pond,Probe,500,prior_shift,69,1.0,0.013918470426842931,0.502,0.4985203973789896
pond,pond,Probe,500,prior_shift,70,1.0,-0.27593272438122113,0.43,0.4985203973789896
pond,pond,Probe,500,prior_shift,71,1.0,-0.5868495674925566,0.356,0.4985203973789896
pond,pond,Probe,500,prior_shift,72,1.0,0.0219187691062078,0.504,0.4985203973789896
pond,pond,Probe,500,prior_shift,73,1.0,-0.2677774027172744,0.432,0.4985203973789896
pond,pond,Probe,500,prior_shift,74,1.0,-0.38290736134443293,0.404,0.4985203973789896
pond,pond,Probe,500,prior_shift,75,1.0,0.12606273960183,0.53,0.4985203973789896
pond,pond,Probe,500,prior_shift,76,1.0,-0.39122023757184393,0.402,0.4985203973789896
pond,pond,Probe,500,prior_shift,77,1.0,-0.034086906853932536,0.49,0.4985203973789896
pond,pond,Probe,500,prior_shift,78,1.0,-0.06611270044911616,0.482,0.4985203973789896
pond,pond,Probe,500,prior_shift,79,1.0,-0.3663210327200775,0.408,0.4985203973789896
pond,pond,Probe,500,prior_shift,80,1.0,0.15821209683981236,0.538,0.4985203973789896
pond,pond,Probe,500,prior_shift,81,1.0,0.3204869823961321,0.578,0.4985203973789896
pond,pond,Probe,500,prior_shift,82,1.0,-0.5262983859875415,0.37,0.4985203973789896
pond,pond,Probe,500,prior_shift,83,1.0,-0.3004557777041669,0.424,0.4985203973789896
pond,pond,Probe,500,prior_shift,84,1.0,-0.17860334994379035,0.454,0.4985203973789896
pond,pond,Probe,500,prior_shift,85,1.0,0.2714679718625445,0.566,0.4985203973789896
pond,pond,Probe,500,prior_shift,86,1.0,-0.2840973680382345,0.428,0.4985203973789896
pond,pond,Probe,500,prior_shift,87,1.0,-0.22713065254384615,0.442,0.4985203973789896
pond,pond,Probe,500,prior_shift,88,1.0,-0.5781368895294943,0.358,0.4985203973789896
pond,pond,Probe,500,prior_shift,89,1.0,-0.3250705874469149,0.418,0.4985203973789896
pond,pond,Probe,500,prior_shift,90,1.0,-0.44980851512928594,0.388,0.4985203973789896
pond,pond,Probe,500,prior_shift,91,1.0,-0.20283638610234347,0.448,0.4985203973789896
pond,pond,Probe,500,prior_shift,92,1.0,-0.6752525617534628,0.336,0.4985203973789896
pond,pond,Probe,500,prior_shift,93,1.0,-0.5607756437592522,0.362,0.4985203973789896
pond,pond,Probe,500,prior_shift,94,1.0,-0.17860334994379035,0.454,0.4985203973789896
pond,pond,Probe,500,prior_shift,95,1.0,0.07794955596864947,0.518,0.4985203973789896
pond,pond,Probe,500,prior_shift,96,1.0,0.21467324162187698,0.552,0.4985203973789896
pond,pond,Probe,500,prior_shift,97,1.0,-0.0020816149073096257,0.498,0.4985203973789896
pond,pond,Probe,500,prior_shift,98,1.0,-0.12225676566423087,0.468,0.4985203973789896
pond,pond,Probe,500,prior_shift,99,1.0,-0.2840973680382345,0.428,0.4985203973789896
pond,pond,NTP,500,prior_shift,0,1.0,-0.25963111634301145,0.434,0.4985203973789896
pond,pond,NTP,500,prior_shift,1,1.0,-0.44139379028389814,0.39,0.4985203973789896
pond,pond,NTP,500,prior_shift,2,1.0,-0.1142258840822967,0.47,0.4985203973789896
pond,pond,NTP,500,prior_shift,3,1.0,-0.9385431810810845,0.28,0.4985203973789896
pond,pond,NTP,500,prior_shift,4,1.0,0.36162202630886703,0.588,0.4985203973789896
pond,pond,NTP,500,prior_shift,5,1.0,-0.4582391309225449,0.386,0.4985203973789896
pond,pond,NTP,500,prior_shift,6,1.0,-0.37460773200114555,0.406,0.4985203973789896
pond,pond,NTP,500,prior_shift,7,1.0,0.013918470426842931,0.502,0.4985203973789896
pond,pond,NTP,500,prior_shift,8,1.0,-0.13029177707478223,0.466,0.4985203973789896
pond,pond,NTP,500,prior_shift,9,1.0,-0.4582391309225449,0.386,0.4985203973789896
pond,pond,NTP,500,prior_shift,10,1.0,-0.23524362905712143,0.44,0.4985203973789896
pond,pond,NTP,500,prior_shift,11,1.0,-0.018082724339776406,0.494,0.4985203973789896
pond,pond,NTP,500,prior_shift,12,1.0,-0.4666859831860262,0.384,0.4985203973789896
pond,pond,NTP,500,prior_shift,13,1.0,-0.07412427991376984,0.48,0.4985203973789896
pond,pond,NTP,500,prior_shift,14,1.0,-0.5694457171437952,0.36,0.4985203973789896
pond,pond,NTP,500,prior_shift,15,1.0,0.19044020546332385,0.546,0.4985203973789896
pond,pond,NTP,500,prior_shift,16,1.0,-0.034086906853932536,0.49,0.4985203973789896
pond,pond,NTP,500,prior_shift,17,1.0,-0.5694457171437952,0.36,0.4985203973789896
pond,pond,NTP,500,prior_shift,18,1.0,-0.3086501268765991,0.422,0.4985203973789896
pond,pond,NTP,500,prior_shift,19,1.0,-0.39954668034839763,0.4,0.4985203973789896
pond,pond,NTP,500,prior_shift,20,1.0,-0.07412427991376984,0.48,0.4985203973789896
pond,pond,NTP,500,prior_shift,21,1.0,-0.729531132490868,0.324,0.4985203973789896
pond,pond,NTP,500,prior_shift,22,1.0,0.04592376237346585,0.51,0.4985203973789896
pond,pond,NTP,500,prior_shift,23,1.0,-0.5868495674925566,0.356,0.4985203973789896
pond,pond,NTP,500,prior_shift,24,1.0,-0.06611270044911616,0.482,0.4985203973789896
pond,pond,NTP,500,prior_shift,25,1.0,-0.3086501268765991,0.422,0.4985203973789896
pond,pond,NTP,500,prior_shift,26,1.0,-0.3086501268765991,0.422,0.4985203973789896
pond,pond,NTP,500,prior_shift,27,1.0,-0.5694457171437952,0.36,0.4985203973789896
pond,pond,NTP,500,prior_shift,28,1.0,-0.20283638610234347,0.448,0.4985203973789896
pond,pond,NTP,500,prior_shift,29,1.0,-0.25149358038925795,0.436,0.4985203973789896
pond,pond,NTP,500,prior_shift,30,1.0,0.1019922578493889,0.524,0.4985203973789896
pond,pond,NTP,500,prior_shift,31,1.0,-0.6752525617534628,0.336,0.4985203973789896
pond,pond,NTP,500,prior_shift,32,1.0,-0.3004557777041669,0.424,0.4985203973789896
pond,pond,NTP,500,prior_shift,33,1.0,-0.43299461441593773,0.392,0.4985203973789896
pond,pond,NTP,500,prior_shift,34,1.0,-0.25963111634301145,0.434,0.4985203973789896
pond,pond,NTP,500,prior_shift,35,1.0,-0.48362979755893915,0.38,0.4985203973789896
pond,pond,NTP,500,prior_shift,36,1.0,0.11001231880240012,0.526,0.4985203973789896
pond,pond,NTP,500,prior_shift,37,1.0,-0.42461064901161394,0.394,0.4985203973789896
pond,pond,NTP,500,prior_shift,38,1.0,-0.18667467935601767,0.452,0.4985203973789896
pond,pond,NTP,500,prior_shift,39,1.0,-0.621923654392412,0.348,0.4985203973789896
pond,pond,NTP,500,prior_shift,40,1.0,-0.12225676566423087,0.468,0.4985203973789896
pond,pond,NTP,500,prior_shift,41,1.0,-0.25963111634301145,0.434,0.4985203973789896
pond,pond,NTP,500,prior_shift,42,1.0,-0.3168549645032845,0.42,0.4985203973789896
pond,pond,NTP,500,prior_shift,43,1.0,0.12606273960183,0.53,0.4985203973789896
pond,pond,NTP,500,prior_shift,44,1.0,-0.5177278844352854,0.372,0.4985203973789896
pond,pond,NTP,500,prior_shift,45,1.0,0.263330435908791,0.564,0.4985203973789896
pond,pond,NTP,500,prior_shift,46,1.0,-0.25149358038925795,0.436,0.4985203973789896
pond,pond,NTP,500,prior_shift,47,1.0,-0.38290736134443293,0.404,0.4985203973789896
pond,pond,NTP,500,prior_shift,48,1.0,-0.42461064901161394,0.394,0.4985203973789896
pond,pond,NTP,500,prior_shift,49,1.0,-0.5868495674925566,0.356,0.4985203973789896
pond,pond,NTP,500,prior_shift,50,1.0,-0.3663210327200775,0.408,0.4985203973789896
pond,pond,NTP,500,prior_shift,51,1.0,-0.14637524132027885,0.462,0.4985203973789896
pond,pond,NTP,500,prior_shift,52,1.0,-0.18667467935601767,0.452,0.4985203973789896
pond,pond,NTP,500,prior_shift,53,1.0,-0.22713065254384615,0.442,0.4985203973789896
pond,pond,NTP,500,prior_shift,54,1.0,-0.27593272438122113,0.43,0.4985203973789896
pond,pond,NTP,500,prior_shift,55,1.0,-0.37460773200114555,0.406,0.4985203973789896
pond,pond,NTP,500,prior_shift,56,1.0,-0.3004557777041669,0.424,0.4985203973789896
pond,pond,NTP,500,prior_shift,57,1.0,-0.010081913586674495,0.496,0.4985203973789896
pond,pond,NTP,500,prior_shift,58,1.0,-0.4582391309225449,0.386,0.4985203973789896
pond,pond,NTP,500,prior_shift,59,1.0,-0.19475226770238446,0.45,0.4985203973789896
pond,pond,NTP,500,prior_shift,60,1.0,-0.27593272438122113,0.43,0.4985203973789896
pond,pond,NTP,500,prior_shift,61,1.0,-0.12225676566423087,0.468,0.4985203973789896
pond,pond,NTP,500,prior_shift,62,1.0,-0.5521262679436149,0.364,0.4985203973789896
pond,pond,NTP,500,prior_shift,63,1.0,-0.07412427991376984,0.48,0.4985203973789896
pond,pond,NTP,500,prior_shift,64,1.0,-0.042090791426594,0.488,0.4985203973789896
pond,pond,NTP,500,prior_shift,65,1.0,-0.17860334994379035,0.454,0.4985203973789896
pond,pond,NTP,500,prior_shift,66,1.0,-0.2922716222904294,0.426,0.4985203973789896
pond,pond,NTP,500,prior_shift,67,1.0,0.07794955596864947,0.518,0.4985203973789896
pond,pond,NTP,500,prior_shift,68,1.0,-0.4078870122646166,0.398,0.4985203973789896
pond,pond,NTP,500,prior_shift,69,1.0,0.013918470426842931,0.502,0.4985203973789896
pond,pond,NTP,500,prior_shift,70,1.0,-0.27593272438122113,0.43,0.4985203973789896
pond,pond,NTP,500,prior_shift,71,1.0,-0.5868495674925566,0.356,0.4985203973789896
pond,pond,NTP,500,prior_shift,72,1.0,0.0219187691062078,0.504,0.4985203973789896
pond,pond,NTP,500,prior_shift,73,1.0,-0.2677774027172744,0.432,0.4985203973789896
pond,pond,NTP,500,prior_shift,74,1.0,-0.38290736134443293,0.404,0.4985203973789896
pond,pond,NTP,500,prior_shift,75,1.0,0.12606273960183,0.53,0.4985203973789896
pond,pond,NTP,500,prior_shift,76,1.0,-0.39122023757184393,0.402,0.4985203973789896
pond,pond,NTP,500,prior_shift,77,1.0,-0.034086906853932536,0.49,0.4985203973789896
pond,pond,NTP,500,prior_shift,78,1.0,-0.06611270044911616,0.482,0.4985203973789896
pond,pond,NTP,500,prior_shift,79,1.0,-0.3663210327200775,0.408,0.4985203973789896
pond,pond,NTP,500,prior_shift,80,1.0,0.15821209683981236,0.538,0.4985203973789896
pond,pond,NTP,500,prior_shift,81,1.0,0.3204869823961321,0.578,0.4985203973789896
pond,pond,NTP,500,prior_shift,82,1.0,-0.5262983859875415,0.37,0.4985203973789896
pond,pond,NTP,500,prior_shift,83,1.0,-0.3004557777041669,0.424,0.4985203973789896
pond,pond,NTP,500,prior_shift,84,1.0,-0.17860334994379035,0.454,0.4985203973789896
pond,pond,NTP,500,prior_shift,85,1.0,0.2714679718625445,0.566,0.4985203973789896
pond,pond,NTP,500,prior_shift,86,1.0,-0.2840973680382345,0.428,0.4985203973789896
pond,pond,NTP,500,prior_shift,87,1.0,-0.22713065254384615,0.442,0.4985203973789896
pond,pond,NTP,500,prior_shift,88,1.0,-0.5781368895294943,0.358,0.4985203973789896
pond,pond,NTP,500,prior_shift,89,1.0,-0.3250705874469149,0.418,0.4985203973789896
pond,pond,NTP,500,prior_shift,90,1.0,-0.44980851512928594,0.388,0.4985203973789896
pond,pond,NTP,500,prior_shift,91,1.0,-0.20283638610234347,0.448,0.4985203973789896
pond,pond,NTP,500,prior_shift,92,1.0,-0.6752525617534628,0.336,0.4985203973789896
pond,pond,NTP,500,prior_shift,93,1.0,-0.5607756437592522,0.362,0.4985203973789896
pond,pond,NTP,500,prior_shift,94,1.0,-0.17860334994379035,0.454,0.4985203973789896
pond,pond,NTP,500,prior_shift,95,1.0,0.07794955596864947,0.518,0.4985203973789896
pond,pond,NTP,500,prior_shift,96,1.0,0.21467324162187698,0.552,0.4985203973789896
pond,pond,NTP,500,prior_shift,97,1.0,-0.0020816149073096257,0.498,0.4985203973789896
pond,pond,NTP,500,prior_shift,98,1.0,-0.12225676566423087,0.468,0.4985203973789896
pond,pond,NTP,500,prior_shift,99,1.0,-0.2840973680382345,0.428,0.4985203973789896
pond,pond,Probe,1000,prior_shift,0,1.0,-0.3250705874469149,0.418,0.4985203973789896
pond,pond,Probe,1000,prior_shift,1,1.0,-0.4455991877933823,0.389,0.4985203973789896
pond,pond,Probe,1000,prior_shift,2,1.0,-0.010081913586674495,0.496,0.4985203973789896
pond,pond,Probe,1000,prior_shift,3,1.0,-0.8653040187126823,0.295,0.4985203973789896
pond,pond,Probe,1000,prior_shift,4,1.0,0.31229263322369993,0.576,0.4985203973789896
pond,pond,Probe,1000,prior_shift,5,1.0,-0.4288007514304703,0.393,0.4985203973789896
pond,pond,Probe,1000,prior_shift,6,1.0,-0.3953817430491134,0.401,0.4985203973789896
pond,pond,Probe,1000,prior_shift,7,1.0,0.03792115884594047,0.508,0.4985203973789896
pond,pond,Probe,1000,prior_shift,8,1.0,-0.23524362905712143,0.44,0.4985203973789896
pond,pond,Probe,1000,prior_shift,9,1.0,-0.39954668034839763,0.4,0.4985203973789896
pond,pond,Probe,1000,prior_shift,10,1.0,-0.21902530405859094,0.444,0.4985203973789896
pond,pond,Probe,1000,prior_shift,11,1.0,-0.006081716243343837,0.497,0.4985203973789896
pond,pond,Probe,1000,prior_shift,12,1.0,-0.5006427972197665,0.376,0.4985203973789896
pond,pond,Probe,1000,prior_shift,13,1.0,0.017918571762877145,0.503,0.4985203973789896
pond,pond,Probe,1000,prior_shift,14,1.0,-0.4963829035796758,0.377,0.4985203973789896
pond,pond,Probe,1000,prior_shift,15,1.0,0.18237486510132334,0.544,0.4985203973789896
pond,pond,Probe,1000,prior_shift,16,1.0,-0.15442422231541264,0.46,0.4985203973789896
pond,pond,Probe,1000,prior_shift,17,1.0,-0.59121409956059,0.355,0.4985203973789896
pond,pond,Probe,1000,prior_shift,18,1.0,-0.2311861699484865,0.441,0.4985203973789896
pond,pond,Probe,1000,prior_shift,19,1.0,-0.34565879910729713,0.413,0.4985203973789896
pond,pond,Probe,1000,prior_shift,20,1.0,0.21871783466853278,0.553,0.4985203973789896
pond,pond,Probe,1000,prior_shift,21,1.0,-0.6887291281754131,0.333,0.4985203973789896
pond,pond,Probe,1000,prior_shift,22,1.0,0.14212863259431574,0.534,0.4985203973789896
pond,pond,Probe,1000,prior_shift,23,1.0,-0.6977472569913987,0.331,0.4985203973789896
pond,pond,Probe,1000,prior_shift,24,1.0,0.1019922578493889,0.524,0.4985203973789896
pond,pond,Probe,1000,prior_shift,25,1.0,-0.3580469494416451,0.41,0.4985203973789896
pond,pond,Probe,1000,prior_shift,26,1.0,-0.17860334994379035,0.454,0.4985203973789896
pond,pond,Probe,1000,prior_shift,27,1.0,-0.5134496932293385,0.373,0.4985203973789896
pond,pond,Probe,1000,prior_shift,28,1.0,-0.19475226770238446,0.45,0.4985203973789896
pond,pond,Probe,1000,prior_shift,29,1.0,-0.1503991001525819,0.461,0.4985203973789896
pond,pond,Probe,1000,prior_shift,30,1.0,0.24708048457665494,0.56,0.4985203973789896
pond,pond,Probe,1000,prior_shift,31,1.0,-0.5091761459257999,0.374,0.4985203973789896
pond,pond,Probe,1000,prior_shift,32,1.0,-0.17860334994379035,0.454,0.4985203973789896
pond,pond,Probe,1000,prior_shift,33,1.0,-0.27593272438122113,0.43,0.4985203973789896
pond,pond,Probe,1000,prior_shift,34,1.0,-0.17860334994379035,0.454,0.4985203973789896
pond,pond,Probe,1000,prior_shift,35,1.0,-0.20283638610234347,0.448,0.4985203973789896
pond,pond,Probe,1000,prior_shift,36,1.0,-0.0981754632828668,0.474,0.4985203973789896
pond,pond,Probe,1000,prior_shift,37,1.0,-0.3663210327200775,0.408,0.4985203973789896
pond,pond,Probe,1000,prior_shift,38,1.0,-0.3704627857953639,0.407,0.4985203973789896
pond,pond,Probe,1000,prior_shift,39,1.0,-0.6573757896504974,0.34,0.4985203973789896
pond,pond,Probe,1000,prior_shift,40,1.0,-0.11824082503589292,0.469,0.4985203973789896
pond,pond,Probe,1000,prior_shift,41,1.0,-0.19475226770238446,0.45,0.4985203973789896
pond,pond,Probe,1000,prior_shift,42,1.0,-0.1907126742470856,0.451,0.4985203973789896
pond,pond,Probe,1000,prior_shift,43,1.0,0.18640680347206046,0.545,0.4985203973789896
pond,pond,Probe,1000,prior_shift,44,1.0,-0.48787644909128575,0.379,0.4985203973789896
pond,pond,Probe,1000,prior_shift,45,1.0,0.11402358780919612,0.527,0.4985203973789896
pond,pond,Probe,1000,prior_shift,46,1.0,-0.37460773200114555,0.406,0.4985203973789896
pond,pond,Probe,1000,prior_shift,47,1.0,-0.25556127229799025,0.435,0.4985203973789896
pond,pond,Probe,1000,prior_shift,48,1.0,-0.3663210327200775,0.408,0.4985203973789896
pond,pond,Probe,1000,prior_shift,49,1.0,-0.5607756437592522,0.362,0.4985203973789896
pond,pond,Probe,1000,prior_shift,50,1.0,-0.3250705874469149,0.418,0.4985203973789896
pond,pond,Probe,1000,prior_shift,51,1.0,-0.09416503079721597,0.475,0.4985203973789896
pond,pond,Probe,1000,prior_shift,52,1.0,-0.14637524132027885,0.462,0.4985203973789896
pond,pond,Probe,1000,prior_shift,53,1.0,-0.22713065254384615,0.442,0.4985203973789896
pond,pond,Probe,1000,prior_shift,54,1.0,-0.28818327572634844,0.427,0.4985203973789896
pond,pond,Probe,1000,prior_shift,55,1.0,-0.17053800958178983,0.456,0.4985203973789896
pond,pond,Probe,1000,prior_shift,56,1.0,-0.24742800528433356,0.437,0.4985203973789896
pond,pond,Probe,1000,prior_shift,57,1.0,-0.08213842763141617,0.478,0.4985203973789896
pond,pond,Probe,1000,prior_shift,58,1.0,-0.5262983859875415,0.37,0.4985203973789896
pond,pond,Probe,1000,prior_shift,59,1.0,-0.3621824336035299,0.409,0.4985203973789896
pond,pond,Probe,1000,prior_shift,60,1.0,-0.304551659702055,0.423,0.4985203973789896
pond,pond,Probe,1000,prior_shift,61,1.0,0.04592376237346585,0.51,0.4985203973789896
pond,pond,Probe,1000,prior_shift,62,1.0,-0.5781368895294943,0.358,0.4985203973789896
pond,pond,Probe,1000,prior_shift,63,1.0,-0.09015540232985558,0.476,0.4985203973789896
pond,pond,Probe,1000,prior_shift,64,1.0,-0.1503991001525819,0.461,0.4985203973789896
pond,pond,Probe,1000,prior_shift,65,1.0,-0.22307704212238172,0.443,0.4985203973789896
pond,pond,Probe,1000,prior_shift,66,1.0,-0.3291825367919244,0.417,0.4985203973789896
pond,pond,Probe,1000,prior_shift,67,1.0,-0.026084303326407158,0.492,0.4985203973789896
pond,pond,Probe,1000,prior_shift,68,1.0,-0.6087280654784576,0.351,0.4985203973789896
pond,pond,Probe,1000,prior_shift,69,1.0,0.05392764694612731,0.512,0.4985203973789896
pond,pond,Probe,1000,prior_shift,70,1.0,-0.17456994795252695,0.455,0.4985203973789896
pond,pond,Probe,1000,prior_shift,71,1.0,-0.504907196006224,0.375,0.4985203973789896
pond,pond,Probe,1000,prior_shift,72,1.0,-0.05409958196648634,0.485,0.4985203973789896
pond,pond,Probe,1000,prior_shift,73,1.0,-0.2637031479654956,0.433,0.4985203973789896
pond,pond,Probe,1000,prior_shift,74,1.0,-0.38290736134443293,0.404,0.4985203973789896
pond,pond,Probe,1000,prior_shift,75,1.0,0.16626107783494617,0.54,0.4985203973789896
pond,pond,Probe,1000,prior_shift,76,1.0,-0.3374148992413916,0.415,0.4985203973789896
pond,pond,Probe,1000,prior_shift,77,1.0,-0.13029177707478223,0.466,0.4985203973789896
pond,pond,Probe,1000,prior_shift,78,1.0,0.009918433093112789,0.501,0.4985203973789896
pond,pond,Probe,1000,prior_shift,79,1.0,-0.5781368895294943,0.358,0.4985203973789896
pond,pond,Probe,1000,prior_shift,80,1.0,0.17028749654570316,0.541,0.4985203973789896
pond,pond,Probe,1000,prior_shift,81,1.0,0.24708048457665494,0.56,0.4985203973789896
pond,pond,Probe,1000,prior_shift,82,1.0,-0.5651080682848872,0.361,0.4985203973789896
pond,pond,Probe,1000,prior_shift,83,1.0,-0.18263824917918048,0.453,0.4985203973789896
pond,pond,Probe,1000,prior_shift,84,1.0,-0.14235261266286386,0.463,0.4985203973789896
pond,pond,Probe,1000,prior_shift,85,1.0,0.2552013672770118,0.562,0.4985203973789896
pond,pond,Probe,1000,prior_shift,86,1.0,-0.34565879910729713,0.413,0.4985203973789896
pond,pond,Probe,1000,prior_shift,87,1.0,-0.11021191008211507,0.471,0.4985203973789896
pond,pond,Probe,1000,prior_shift,88,1.0,-0.47514942109134894,0.382,0.4985203973789896
pond,pond,Probe,1000,prior_shift,89,1.0,-0.5262983859875415,0.37,0.4985203973789896
pond,pond,Probe,1000,prior_shift,90,1.0,-0.621923654392412,0.348,0.4985203973789896
pond,pond,Probe,1000,prior_shift,91,1.0,-0.17053800958178983,0.456,0.4985203973789896
pond,pond,Probe,1000,prior_shift,92,1.0,-0.8797718636656714,0.292,0.4985203973789896
pond,pond,Probe,1000,prior_shift,93,1.0,-0.47938746979812846,0.381,0.4985203973789896
pond,pond,Probe,1000,prior_shift,94,1.0,-0.11021191008211507,0.471,0.4985203973789896
pond,pond,Probe,1000,prior_shift,95,1.0,0.2714679718625445,0.566,0.4985203973789896
pond,pond,Probe,1000,prior_shift,96,1.0,0.146147769068417,0.535,0.4985203973789896
pond,pond,Probe,1000,prior_shift,97,1.0,0.0019184224264205156,0.499,0.4985203973789896
pond,pond,Probe,1000,prior_shift,98,1.0,-0.05810343100516442,0.484,0.4985203973789896
pond,pond,Probe,1000,prior_shift,99,1.0,-0.21902530405859094,0.444,0.4985203973789896
pond,pond,NTP,1000,prior_shift,0,1.0,-0.3250705874469149,0.418,0.4985203973789896
pond,pond,NTP,1000,prior_shift,1,1.0,-0.4455991877933823,0.389,0.4985203973789896
pond,pond,NTP,1000,prior_shift,2,1.0,-0.010081913586674495,0.496,0.4985203973789896
pond,pond,NTP,1000,prior_shift,3,1.0,-0.8653040187126823,0.295,0.4985203973789896
pond,pond,NTP,1000,prior_shift,4,1.0,0.31229263322369993,0.576,0.4985203973789896
pond,pond,NTP,1000,prior_shift,5,1.0,-0.4288007514304703,0.393,0.4985203973789896
pond,pond,NTP,1000,prior_shift,6,1.0,-0.3953817430491134,0.401,0.4985203973789896
pond,pond,NTP,1000,prior_shift,7,1.0,0.03792115884594047,0.508,0.4985203973789896
pond,pond,NTP,1000,prior_shift,8,1.0,-0.23524362905712143,0.44,0.4985203973789896
pond,pond,NTP,1000,prior_shift,9,1.0,-0.39954668034839763,0.4,0.4985203973789896
pond,pond,NTP,1000,prior_shift,10,1.0,-0.21902530405859094,0.444,0.4985203973789896
pond,pond,NTP,1000,prior_shift,11,1.0,-0.006081716243343837,0.497,0.4985203973789896
pond,pond,NTP,1000,prior_shift,12,1.0,-0.5006427972197665,0.376,0.4985203973789896
pond,pond,NTP,1000,prior_shift,13,1.0,0.017918571762877145,0.503,0.4985203973789896
pond,pond,NTP,1000,prior_shift,14,1.0,-0.4963829035796758,0.377,0.4985203973789896
pond,pond,NTP,1000,prior_shift,15,1.0,0.18237486510132334,0.544,0.4985203973789896
pond,pond,NTP,1000,prior_shift,16,1.0,-0.15442422231541264,0.46,0.4985203973789896
pond,pond,NTP,1000,prior_shift,17,1.0,-0.59121409956059,0.355,0.4985203973789896
pond,pond,NTP,1000,prior_shift,18,1.0,-0.2311861699484865,0.441,0.4985203973789896
pond,pond,NTP,1000,prior_shift,19,1.0,-0.34565879910729713,0.413,0.4985203973789896
pond,pond,NTP,1000,prior_shift,20,1.0,0.21871783466853278,0.553,0.4985203973789896
pond,pond,NTP,1000,prior_shift,21,1.0,-0.6887291281754131,0.333,0.4985203973789896
pond,pond,NTP,1000,prior_shift,22,1.0,0.14212863259431574,0.534,0.4985203973789896
pond,pond,NTP,1000,prior_shift,23,1.0,-0.6977472569913987,0.331,0.4985203973789896
pond,pond,NTP,1000,prior_shift,24,1.0,0.1019922578493889,0.524,0.4985203973789896
pond,pond,NTP,1000,prior_shift,25,1.0,-0.3580469494416451,0.41,0.4985203973789896
pond,pond,NTP,1000,prior_shift,26,1.0,-0.17860334994379035,0.454,0.4985203973789896
pond,pond,NTP,1000,prior_shift,27,1.0,-0.5134496932293385,0.373,0.4985203973789896
pond,pond,NTP,1000,prior_shift,28,1.0,-0.19475226770238446,0.45,0.4985203973789896
pond,pond,NTP,1000,prior_shift,29,1.0,-0.1503991001525819,0.461,0.4985203973789896
pond,pond,NTP,1000,prior_shift,30,1.0,0.24708048457665494,0.56,0.4985203973789896
pond,pond,NTP,1000,prior_shift,31,1.0,-0.5091761459257999,0.374,0.4985203973789896
pond,pond,NTP,1000,prior_shift,32,1.0,-0.17860334994379035,0.454,0.4985203973789896
pond,pond,NTP,1000,prior_shift,33,1.0,-0.27593272438122113,0.43,0.4985203973789896
pond,pond,NTP,1000,prior_shift,34,1.0,-0.17860334994379035,0.454,0.4985203973789896
pond,pond,NTP,1000,prior_shift,35,1.0,-0.20283638610234347,0.448,0.4985203973789896
pond,pond,NTP,1000,prior_shift,36,1.0,-0.0981754632828668,0.474,0.4985203973789896
pond,pond,NTP,1000,prior_shift,37,1.0,-0.3663210327200775,0.408,0.4985203973789896
pond,pond,NTP,1000,prior_shift,38,1.0,-0.3704627857953639,0.407,0.4985203973789896
pond,pond,NTP,1000,prior_shift,39,1.0,-0.6573757896504974,0.34,0.4985203973789896
pond,pond,NTP,1000,prior_shift,40,1.0,-0.11824082503589292,0.469,0.4985203973789896
pond,pond,NTP,1000,prior_shift,41,1.0,-0.19475226770238446,0.45,0.4985203973789896
pond,pond,NTP,1000,prior_shift,42,1.0,-0.1907126742470856,0.451,0.4985203973789896
pond,pond,NTP,1000,prior_shift,43,1.0,0.18640680347206046,0.545,0.4985203973789896
pond,pond,NTP,1000,prior_shift,44,1.0,-0.48787644909128575,0.379,0.4985203973789896
pond,pond,NTP,1000,prior_shift,45,1.0,0.11402358780919612,0.527,0.4985203973789896
pond,pond,NTP,1000,prior_shift,46,1.0,-0.37460773200114555,0.406,0.4985203973789896
pond,pond,NTP,1000,prior_shift,47,1.0,-0.25556127229799025,0.435,0.4985203973789896
pond,pond,NTP,1000,prior_shift,48,1.0,-0.3663210327200775,0.408,0.4985203973789896
pond,pond,NTP,1000,prior_shift,49,1.0,-0.5607756437592522,0.362,0.4985203973789896
pond,pond,NTP,1000,prior_shift,50,1.0,-0.3250705874469149,0.418,0.4985203973789896
pond,pond,NTP,1000,prior_shift,51,1.0,-0.09416503079721597,0.475,0.4985203973789896
pond,pond,NTP,1000,prior_shift,52,1.0,-0.14637524132027885,0.462,0.4985203973789896
pond,pond,NTP,1000,prior_shift,53,1.0,-0.22713065254384615,0.442,0.4985203973789896
pond,pond,NTP,1000,prior_shift,54,1.0,-0.28818327572634844,0.427,0.4985203973789896
pond,pond,NTP,1000,prior_shift,55,1.0,-0.17053800958178983,0.456,0.4985203973789896
pond,pond,NTP,1000,prior_shift,56,1.0,-0.24742800528433356,0.437,0.4985203973789896
pond,pond,NTP,1000,prior_shift,57,1.0,-0.08213842763141617,0.478,0.4985203973789896
pond,pond,NTP,1000,prior_shift,58,1.0,-0.5262983859875415,0.37,0.4985203973789896
pond,pond,NTP,1000,prior_shift,59,1.0,-0.3621824336035299,0.409,0.4985203973789896
pond,pond,NTP,1000,prior_shift,60,1.0,-0.304551659702055,0.423,0.4985203973789896
pond,pond,NTP,1000,prior_shift,61,1.0,0.04592376237346585,0.51,0.4985203973789896
pond,pond,NTP,1000,prior_shift,62,1.0,-0.5781368895294943,0.358,0.4985203973789896
pond,pond,NTP,1000,prior_shift,63,1.0,-0.09015540232985558,0.476,0.4985203973789896
pond,pond,NTP,1000,prior_shift,64,1.0,-0.1503991001525819,0.461,0.4985203973789896
pond,pond,NTP,1000,prior_shift,65,1.0,-0.22307704212238172,0.443,0.4985203973789896
pond,pond,NTP,1000,prior_shift,66,1.0,-0.3291825367919244,0.417,0.4985203973789896
pond,pond,NTP,1000,prior_shift,67,1.0,-0.026084303326407158,0.492,0.4985203973789896
pond,pond,NTP,1000,prior_shift,68,1.0,-0.6087280654784576,0.351,0.4985203973789896
pond,pond,NTP,1000,prior_shift,69,1.0,0.05392764694612731,0.512,0.4985203973789896
pond,pond,NTP,1000,prior_shift,70,1.0,-0.17456994795252695,0.455,0.4985203973789896
pond,pond,NTP,1000,prior_shift,71,1.0,-0.504907196006224,0.375,0.4985203973789896
pond,pond,NTP,1000,prior_shift,72,1.0,-0.05409958196648634,0.485,0.4985203973789896
pond,pond,NTP,1000,prior_shift,73,1.0,-0.2637031479654956,0.433,0.4985203973789896
pond,pond,NTP,1000,prior_shift,74,1.0,-0.38290736134443293,0.404,0.4985203973789896
pond,pond,NTP,1000,prior_shift,75,1.0,0.16626107783494617,0.54,0.4985203973789896
pond,pond,NTP,1000,prior_shift,76,1.0,-0.3374148992413916,0.415,0.4985203973789896
pond,pond,NTP,1000,prior_shift,77,1.0,-0.13029177707478223,0.466,0.4985203973789896
pond,pond,NTP,1000,prior_shift,78,1.0,0.009918433093112789,0.501,0.4985203973789896
pond,pond,NTP,1000,prior_shift,79,1.0,-0.5781368895294943,0.358,0.4985203973789896
pond,pond,NTP,1000,prior_shift,80,1.0,0.17028749654570316,0.541,0.4985203973789896
pond,pond,NTP,1000,prior_shift,81,1.0,0.24708048457665494,0.56,0.4985203973789896
pond,pond,NTP,1000,prior_shift,82,1.0,-0.5651080682848872,0.361,0.4985203973789896
pond,pond,NTP,1000,prior_shift,83,1.0,-0.18263824917918048,0.453,0.4985203973789896
pond,pond,NTP,1000,prior_shift,84,1.0,-0.14235261266286386,0.463,0.4985203973789896
pond,pond,NTP,1000,prior_shift,85,1.0,0.2552013672770118,0.562,0.4985203973789896
pond,pond,NTP,1000,prior_shift,86,1.0,-0.34565879910729713,0.413,0.4985203973789896
pond,pond,NTP,1000,prior_shift,87,1.0,-0.11021191008211507,0.471,0.4985203973789896
pond,pond,NTP,1000,prior_shift,88,1.0,-0.47514942109134894,0.382,0.4985203973789896
pond,pond,NTP,1000,prior_shift,89,1.0,-0.5262983859875415,0.37,0.4985203973789896
pond,pond,NTP,1000,prior_shift,90,1.0,-0.621923654392412,0.348,0.4985203973789896
pond,pond,NTP,1000,prior_shift,91,1.0,-0.17053800958178983,0.456,0.4985203973789896
pond,pond,NTP,1000,prior_shift,92,1.0,-0.8797718636656714,0.292,0.4985203973789896
pond,pond,NTP,1000,prior_shift,93,1.0,-0.47938746979812846,0.381,0.4985203973789896
pond,pond,NTP,1000,prior_shift,94,1.0,-0.11021191008211507,0.471,0.4985203973789896
pond,pond,NTP,1000,prior_shift,95,1.0,0.2714679718625445,0.566,0.4985203973789896
pond,pond,NTP,1000,prior_shift,96,1.0,0.146147769068417,0.535,0.4985203973789896
pond,pond,NTP,1000,prior_shift,97,1.0,0.0019184224264205156,0.499,0.4985203973789896
pond,pond,NTP,1000,prior_shift,98,1.0,-0.05810343100516442,0.484,0.4985203973789896
pond,pond,NTP,1000,prior_shift,99,1.0,-0.21902530405859094,0.444,0.4985203973789896
pond,nfix,Probe,10,prior_shift,0,1.0,-0.841379432627437,0.3,0.4985203973789896
pond,nfix,Probe,10,prior_shift,1,1.0,-0.841379432627437,0.3,0.4985203973789896
pond,nfix,Probe,10,prior_shift,2,1.0,-2.1913061495764525,0.1,0.4985203973789896
pond,nfix,Probe,10,prior_shift,3,1.0,-2.1913061495764525,0.1,0.4985203973789896
pond,nfix,Probe,10,prior_shift,4,1.0,-0.841379432627437,0.3,0.4985203973789896
pond,nfix,Probe,10,prior_shift,5,1.0,-0.841379432627437,0.3,0.4985203973789896
pond,nfix,Probe,10,prior_shift,6,1.0,-1.380375933360124,0.2,0.4985203973789896
pond,nfix,Probe,10,prior_shift,7,1.0,-0.841379432627437,0.3,0.4985203973789896
pond,nfix,Probe,10,prior_shift,8,1.0,-2.1913061495764525,0.1,0.4985203973789896
pond,nfix,Probe,10,prior_shift,9,1.0,0.005918427759766653,0.5,0.4985203973789896
pond,nfix,Probe,10,prior_shift,10,1.0,-0.841379432627437,0.3,0.4985203973789896
pond,nfix,Probe,10,prior_shift,11,1.0,-0.39954668034839763,0.4,0.4985203973789896
pond,nfix,Probe,10,prior_shift,12,1.0,-0.39954668034839763,0.4,0.4985203973789896
pond,nfix,Probe,10,prior_shift,13,1.0,-2.1913061495764525,0.1,0.4985203973789896
pond,nfix,Probe,10,prior_shift,14,1.0,-0.841379432627437,0.3,0.4985203973789896
pond,nfix,Probe,10,prior_shift,15,1.0,-2.1913061495764525,0.1,0.4985203973789896
pond,nfix,Probe,10,prior_shift,16,1.0,-0.841379432627437,0.3,0.4985203973789896
pond,nfix,Probe,10,prior_shift,17,1.0,-1.380375933360124,0.2,0.4985203973789896
pond,nfix,Probe,10,prior_shift,18,1.0,-0.39954668034839763,0.4,0.4985203973789896
pond,nfix,Probe,10,prior_shift,19,1.0,-1.380375933360124,0.2,0.4985203973789896
pond,nfix,Probe,10,prior_shift,20,1.0,-0.39954668034839763,0.4,0.4985203973789896
pond,nfix,Probe,10,prior_shift,22,1.0,-2.1913061495764525,0.1,0.4985203973789896
pond,nfix,Probe,10,prior_shift,23,1.0,-0.39954668034839763,0.4,0.4985203973789896
pond,nfix,Probe,10,prior_shift,24,1.0,-1.380375933360124,0.2,0.4985203973789896
pond,nfix,Probe,10,prior_shift,25,1.0,-0.841379432627437,0.3,0.4985203973789896
pond,nfix,Probe,10,prior_shift,26,1.0,-1.380375933360124,0.2,0.4985203973789896
pond,nfix,Probe,10,prior_shift,27,1.0,-2.1913061495764525,0.1,0.4985203973789896
pond,nfix,Probe,10,prior_shift,28,1.0,-1.380375933360124,0.2,0.4985203973789896
pond,nfix,Probe,10,prior_shift,29,1.0,-0.841379432627437,0.3,0.4985203973789896
pond,nfix,Probe,10,prior_shift,30,1.0,-1.380375933360124,0.2,0.4985203973789896
pond,nfix,Probe,10,prior_shift,31,1.0,-0.841379432627437,0.3,0.4985203973789896
pond,nfix,Probe,10,prior_shift,32,1.0,-1.380375933360124,0.2,0.4985203973789896
pond,nfix,Probe,10,prior_shift,33,1.0,-0.39954668034839763,0.4,0.4985203973789896
pond,nfix,Probe,10,prior_shift,34,1.0,-0.841379432627437,0.3,0.4985203973789896
pond,nfix,Probe,10,prior_shift,35,1.0,-0.39954668034839763,0.4,0.4985203973789896
pond,nfix,Probe,10,prior_shift,36,1.0,-0.39954668034839763,0.4,0.4985203973789896
pond,nfix,Probe,10,prior_shift,38,1.0,-0.841379432627437,0.3,0.4985203973789896
pond,nfix,Probe,10,prior_shift,39,1.0,-0.39954668034839763,0.4,0.4985203973789896
pond,nfix,Probe,10,prior_shift,40,1.0,-2.1913061495764525,0.1,0.4985203973789896
pond,nfix,Probe,10,prior_shift,41,1.0,-0.841379432627437,0.3,0.4985203973789896
pond,nfix,Probe,10,prior_shift,42,1.0,-0.841379432627437,0.3,0.4985203973789896
pond,nfix,Probe,10,prior_shift,43,1.0,0.005918427759766653,0.5,0.4985203973789896
pond,nfix,Probe,10,prior_shift,44,1.0,-0.39954668034839763,0.4,0.4985203973789896
pond,nfix,Probe,10,prior_shift,45,1.0,-2.1913061495764525,0.1,0.4985203973789896
pond,nfix,Probe,10,prior_shift,46,1.0,-0.841379432627437,0.3,0.4985203973789896
pond,nfix,Probe,10,prior_shift,47,1.0,-1.380375933360124,0.2,0.4985203973789896
pond,nfix,Probe,10,prior_shift,48,1.0,-1.380375933360124,0.2,0.4985203973789896
pond,nfix,Probe,10,prior_shift,49,1.0,-2.1913061495764525,0.1,0.4985203973789896
pond,nfix,Probe,10,prior_shift,50,1.0,0.005918427759766653,0.5,0.4985203973789896
pond,nfix,Probe,10,prior_shift,51,1.0,-0.39954668034839763,0.4,0.4985203973789896
pond,nfix,Probe,10,prior_shift,52,1.0,-1.380375933360124,0.2,0.4985203973789896
pond,nfix,Probe,10,prior_shift,53,1.0,2.203143005095986,0.9,0.4985203973789896
pond,nfix,Probe,10,prior_shift,54,1.0,-0.841379432627437,0.3,0.4985203973789896
pond,nfix,Probe,10,prior_shift,55,1.0,-2.1913061495764525,0.1,0.4985203973789896
pond,nfix,Probe,10,prior_shift,56,1.0,-0.841379432627437,0.3,0.4985203973789896
pond,nfix,Probe,10,prior_shift,57,1.0,-0.39954668034839763,0.4,0.4985203973789896
pond,nfix,Probe,10,prior_shift,58,1.0,-0.39954668034839763,0.4,0.4985203973789896
pond,nfix,Probe,10,prior_shift,59,1.0,0.4113835358679309,0.6,0.4985203973789896
pond,nfix,Probe,10,prior_shift,60,1.0,-0.841379432627437,0.3,0.4985203973789896
pond,nfix,Probe,10,prior_shift,61,1.0,-1.380375933360124,0.2,0.4985203973789896
pond,nfix,Probe,10,prior_shift,62,1.0,-0.841379432627437,0.3,0.4985203973789896
pond,nfix,Probe,10,prior_shift,63,1.0,-1.380375933360124,0.2,0.4985203973789896
pond,nfix,Probe,10,prior_shift,64,1.0,-0.841379432627437,0.3,0.4985203973789896
pond,nfix,Probe,10,prior_shift,65,1.0,0.005918427759766653,0.5,0.4985203973789896
pond,nfix,Probe,10,prior_shift,67,1.0,-1.380375933360124,0.2,0.4985203973789896
pond,nfix,Probe,10,prior_shift,68,1.0,-1.380375933360124,0.2,0.4985203973789896
pond,nfix,Probe,10,prior_shift,69,1.0,-1.380375933360124,0.2,0.4985203973789896
pond,nfix,Probe,10,prior_shift,70,1.0,-2.1913061495764525,0.1,0.4985203973789896
pond,nfix,Probe,10,prior_shift,71,1.0,-0.39954668034839763,0.4,0.4985203973789896
pond,nfix,Probe,10,prior_shift,72,1.0,-1.380375933360124,0.2,0.4985203973789896
pond,nfix,Probe,10,prior_shift,73,1.0,-1.380375933360124,0.2,0.4985203973789896
pond,nfix,Probe,10,prior_shift,74,1.0,-2.1913061495764525,0.1,0.4985203973789896
pond,nfix,Probe,10,prior_shift,75,1.0,-2.1913061495764525,0.1,0.4985203973789896
pond,nfix,Probe,10,prior_shift,76,1.0,-0.39954668034839763,0.4,0.4985203973789896
pond,nfix,Probe,10,prior_shift,77,1.0,-1.380375933360124,0.2,0.4985203973789896
pond,nfix,Probe,10,prior_shift,78,1.0,-0.841379432627437,0.3,0.4985203973789896
pond,nfix,Probe,10,prior_shift,79,1.0,-0.841379432627437,0.3,0.4985203973789896
pond,nfix,Probe,10,prior_shift,80,1.0,-0.841379432627437,0.3,0.4985203973789896
pond,nfix,Probe,10,prior_shift,81,1.0,-0.39954668034839763,0.4,0.4985203973789896
pond,nfix,Probe,10,prior_shift,82,1.0,-2.1913061495764525,0.1,0.4985203973789896
pond,nfix,Probe,10,prior_shift,83,1.0,-0.39954668034839763,0.4,0.4985203973789896
pond,nfix,Probe,10,prior_shift,84,1.0,-0.841379432627437,0.3,0.4985203973789896
pond,nfix,Probe,10,prior_shift,85,1.0,-0.841379432627437,0.3,0.4985203973789896
pond,nfix,Probe,10,prior_shift,86,1.0,-1.380375933360124,0.2,0.4985203973789896
pond,nfix,Probe,10,prior_shift,87,1.0,-1.380375933360124,0.2,0.4985203973789896
pond,nfix,Probe,10,prior_shift,88,1.0,-0.39954668034839763,0.4,0.4985203973789896
pond,nfix,Probe,10,prior_shift,89,1.0,-0.39954668034839763,0.4,0.4985203973789896
pond,nfix,Probe,10,prior_shift,90,1.0,-0.841379432627437,0.3,0.4985203973789896
pond,nfix,Probe,10,prior_shift,91,1.0,-1.380375933360124,0.2,0.4985203973789896
pond,nfix,Probe,10,prior_shift,92,1.0,-0.39954668034839763,0.4,0.4985203973789896
pond,nfix,Probe,10,prior_shift,93,1.0,0.005918427759766653,0.5,0.4985203973789896
pond,nfix,Probe,10,prior_shift,94,1.0,-0.841379432627437,0.3,0.4985203973789896
pond,nfix,Probe,10,prior_shift,95,1.0,-0.39954668034839763,0.4,0.4985203973789896
pond,nfix,Probe,10,prior_shift,96,1.0,-0.841379432627437,0.3,0.4985203973789896
pond,nfix,Probe,10,prior_shift,97,1.0,-0.39954668034839763,0.4,0.4985203973789896
pond,nfix,Probe,10,prior_shift,98,1.0,-1.380375933360124,0.2,0.4985203973789896
pond,nfix,Probe,10,prior_shift,99,1.0,-2.1913061495764525,0.1,0.4985203973789896
pond,nfix,Probe,10,prior_shift,100,1.0,-2.1913061495764525,0.1,0.4985203973789896
pond,nfix,Probe,10,prior_shift,101,1.0,-2.1913061495764525,0.1,0.4985203973789896
pond,nfix,Probe,10,prior_shift,102,1.0,0.005918427759766653,0.5,0.4985203973789896
pond,nfix,NTP,10,prior_shift,0,1.0,-0.841379432627437,0.3,0.4985203973789896
pond,nfix,NTP,10,prior_shift,1,1.0,-0.841379432627437,0.3,0.4985203973789896
pond,nfix,NTP,10,prior_shift,2,1.0,-2.1913061495764525,0.1,0.4985203973789896
pond,nfix,NTP,10,prior_shift,3,1.0,-2.1913061495764525,0.1,0.4985203973789896
pond,nfix,NTP,10,prior_shift,4,1.0,-0.841379432627437,0.3,0.4985203973789896
pond,nfix,NTP,10,prior_shift,5,1.0,-0.841379432627437,0.3,0.4985203973789896
pond,nfix,NTP,10,prior_shift,6,1.0,-1.380375933360124,0.2,0.4985203973789896
pond,nfix,NTP,10,prior_shift,7,1.0,-0.841379432627437,0.3,0.4985203973789896
pond,nfix,NTP,10,prior_shift,8,1.0,-2.1913061495764525,0.1,0.4985203973789896
pond,nfix,NTP,10,prior_shift,9,1.0,0.005918427759766653,0.5,0.4985203973789896
pond,nfix,NTP,10,prior_shift,10,1.0,-0.841379432627437,0.3,0.4985203973789896
pond,nfix,NTP,10,prior_shift,11,1.0,-0.39954668034839763,0.4,0.4985203973789896
pond,nfix,NTP,10,prior_shift,12,1.0,-0.39954668034839763,0.4,0.4985203973789896
pond,nfix,NTP,10,prior_shift,13,1.0,-2.1913061495764525,0.1,0.4985203973789896
pond,nfix,NTP,10,prior_shift,14,1.0,-0.841379432627437,0.3,0.4985203973789896
pond,nfix,NTP,10,prior_shift,15,1.0,-2.1913061495764525,0.1,0.4985203973789896
pond,nfix,NTP,10,prior_shift,16,1.0,-0.841379432627437,0.3,0.4985203973789896
pond,nfix,NTP,10,prior_shift,17,1.0,-1.380375933360124,0.2,0.4985203973789896
pond,nfix,NTP,10,prior_shift,18,1.0,-0.39954668034839763,0.4,0.4985203973789896
pond,nfix,NTP,10,prior_shift,19,1.0,-1.380375933360124,0.2,0.4985203973789896
pond,nfix,NTP,10,prior_shift,20,1.0,-0.39954668034839763,0.4,0.4985203973789896
pond,nfix,NTP,10,prior_shift,22,1.0,-2.1913061495764525,0.1,0.4985203973789896
pond,nfix,NTP,10,prior_shift,23,1.0,-0.39954668034839763,0.4,0.4985203973789896
pond,nfix,NTP,10,prior_shift,24,1.0,-1.380375933360124,0.2,0.4985203973789896
pond,nfix,NTP,10,prior_shift,25,1.0,-0.841379432627437,0.3,0.4985203973789896
pond,nfix,NTP,10,prior_shift,26,1.0,-1.380375933360124,0.2,0.4985203973789896
pond,nfix,NTP,10,prior_shift,27,1.0,-2.1913061495764525,0.1,0.4985203973789896
pond,nfix,NTP,10,prior_shift,28,1.0,-1.380375933360124,0.2,0.4985203973789896
pond,nfix,NTP,10,prior_shift,29,1.0,-0.841379432627437,0.3,0.4985203973789896
pond,nfix,NTP,10,prior_shift,30,1.0,-1.380375933360124,0.2,0.4985203973789896
pond,nfix,NTP,10,prior_shift,31,1.0,-0.841379432627437,0.3,0.4985203973789896
pond,nfix,NTP,10,prior_shift,32,1.0,-1.380375933360124,0.2,0.4985203973789896
pond,nfix,NTP,10,prior_shift,33,1.0,-0.39954668034839763,0.4,0.4985203973789896
pond,nfix,NTP,10,prior_shift,34,1.0,-0.841379432627437,0.3,0.4985203973789896
pond,nfix,NTP,10,prior_shift,35,1.0,-0.39954668034839763,0.4,0.4985203973789896
pond,nfix,NTP,10,prior_shift,36,1.0,-0.39954668034839763,0.4,0.4985203973789896
pond,nfix,NTP,10,prior_shift,38,1.0,-0.841379432627437,0.3,0.4985203973789896
pond,nfix,NTP,10,prior_shift,39,1.0,-0.39954668034839763,0.4,0.4985203973789896
pond,nfix,NTP,10,prior_shift,40,1.0,-2.1913061495764525,0.1,0.4985203973789896
pond,nfix,NTP,10,prior_shift,41,1.0,-0.841379432627437,0.3,0.4985203973789896
pond,nfix,NTP,10,prior_shift,42,1.0,-0.841379432627437,0.3,0.4985203973789896
pond,nfix,NTP,10,prior_shift,43,1.0,0.005918427759766653,0.5,0.4985203973789896
pond,nfix,NTP,10,prior_shift,44,1.0,-0.39954668034839763,0.4,0.4985203973789896
pond,nfix,NTP,10,prior_shift,45,1.0,-2.1913061495764525,0.1,0.4985203973789896
pond,nfix,NTP,10,prior_shift,46,1.0,-0.841379432627437,0.3,0.4985203973789896
pond,nfix,NTP,10,prior_shift,47,1.0,-1.380375933360124,0.2,0.4985203973789896
pond,nfix,NTP,10,prior_shift,48,1.0,-1.380375933360124,0.2,0.4985203973789896
pond,nfix,NTP,10,prior_shift,49,1.0,-2.1913061495764525,0.1,0.4985203973789896
pond,nfix,NTP,10,prior_shift,50,1.0,0.005918427759766653,0.5,0.4985203973789896
pond,nfix,NTP,10,prior_shift,51,1.0,-0.39954668034839763,0.4,0.4985203973789896
pond,nfix,NTP,10,prior_shift,52,1.0,-1.380375933360124,0.2,0.4985203973789896
pond,nfix,NTP,10,prior_shift,53,1.0,2.203143005095986,0.9,0.4985203973789896
pond,nfix,NTP,10,prior_shift,54,1.0,-0.841379432627437,0.3,0.4985203973789896
pond,nfix,NTP,10,prior_shift,55,1.0,-2.1913061495764525,0.1,0.4985203973789896
pond,nfix,NTP,10,prior_shift,56,1.0,-0.841379432627437,0.3,0.4985203973789896
pond,nfix,NTP,10,prior_shift,57,1.0,-0.39954668034839763,0.4,0.4985203973789896
pond,nfix,NTP,10,prior_shift,58,1.0,-0.39954668034839763,0.4,0.4985203973789896
pond,nfix,NTP,10,prior_shift,59,1.0,0.4113835358679309,0.6,0.4985203973789896
pond,nfix,NTP,10,prior_shift,60,1.0,-0.841379432627437,0.3,0.4985203973789896
pond,nfix,NTP,10,prior_shift,61,1.0,-1.380375933360124,0.2,0.4985203973789896
pond,nfix,NTP,10,prior_shift,62,1.0,-0.841379432627437,0.3,0.4985203973789896
pond,nfix,NTP,10,prior_shift,63,1.0,-1.380375933360124,0.2,0.4985203973789896
pond,nfix,NTP,10,prior_shift,64,1.0,-0.841379432627437,0.3,0.4985203973789896
pond,nfix,NTP,10,prior_shift,65,1.0,0.005918427759766653,0.5,0.4985203973789896
pond,nfix,NTP,10,prior_shift,67,1.0,-1.380375933360124,0.2,0.4985203973789896
pond,nfix,NTP,10,prior_shift,68,1.0,-1.380375933360124,0.2,0.4985203973789896
pond,nfix,NTP,10,prior_shift,69,1.0,-1.380375933360124,0.2,0.4985203973789896
pond,nfix,NTP,10,prior_shift,70,1.0,-2.1913061495764525,0.1,0.4985203973789896
pond,nfix,NTP,10,prior_shift,71,1.0,-0.39954668034839763,0.4,0.4985203973789896
pond,nfix,NTP,10,prior_shift,72,1.0,-1.380375933360124,0.2,0.4985203973789896
pond,nfix,NTP,10,prior_shift,73,1.0,-1.380375933360124,0.2,0.4985203973789896
pond,nfix,NTP,10,prior_shift,74,1.0,-2.1913061495764525,0.1,0.4985203973789896
pond,nfix,NTP,10,prior_shift,75,1.0,-2.1913061495764525,0.1,0.4985203973789896
pond,nfix,NTP,10,prior_shift,76,1.0,-0.39954668034839763,0.4,0.4985203973789896
pond,nfix,NTP,10,prior_shift,77,1.0,-1.380375933360124,0.2,0.4985203973789896
pond,nfix,NTP,10,prior_shift,78,1.0,-0.841379432627437,0.3,0.4985203973789896
pond,nfix,NTP,10,prior_shift,79,1.0,-0.841379432627437,0.3,0.4985203973789896
pond,nfix,NTP,10,prior_shift,80,1.0,-0.841379432627437,0.3,0.4985203973789896
pond,nfix,NTP,10,prior_shift,81,1.0,-0.39954668034839763,0.4,0.4985203973789896
pond,nfix,NTP,10,prior_shift,82,1.0,-2.1913061495764525,0.1,0.4985203973789896
pond,nfix,NTP,10,prior_shift,83,1.0,-0.39954668034839763,0.4,0.4985203973789896
pond,nfix,NTP,10,prior_shift,84,1.0,-0.841379432627437,0.3,0.4985203973789896
pond,nfix,NTP,10,prior_shift,85,1.0,-0.841379432627437,0.3,0.4985203973789896
pond,nfix,NTP,10,prior_shift,86,1.0,-1.380375933360124,0.2,0.4985203973789896
pond,nfix,NTP,10,prior_shift,87,1.0,-1.380375933360124,0.2,0.4985203973789896
pond,nfix,NTP,10,prior_shift,88,1.0,-0.39954668034839763,0.4,0.4985203973789896
pond,nfix,NTP,10,prior_shift,89,1.0,-0.39954668034839763,0.4,0.4985203973789896
pond,nfix,NTP,10,prior_shift,90,1.0,-0.841379432627437,0.3,0.4985203973789896
pond,nfix,NTP,10,prior_shift,91,1.0,-1.380375933360124,0.2,0.4985203973789896
pond,nfix,NTP,10,prior_shift,92,1.0,-0.39954668034839763,0.4,0.4985203973789896
pond,nfix,NTP,10,prior_shift,93,1.0,0.005918427759766653,0.5,0.4985203973789896
pond,nfix,NTP,10,prior_shift,94,1.0,-0.841379432627437,0.3,0.4985203973789896
pond,nfix,NTP,10,prior_shift,95,1.0,-0.39954668034839763,0.4,0.4985203973789896
pond,nfix,NTP,10,prior_shift,96,1.0,-0.841379432627437,0.3,0.4985203973789896
pond,nfix,NTP,10,prior_shift,97,1.0,-0.39954668034839763,0.4,0.4985203973789896
pond,nfix,NTP,10,prior_shift,98,1.0,-1.380375933360124,0.2,0.4985203973789896
pond,nfix,NTP,10,prior_shift,99,1.0,-2.1913061495764525,0.1,0.4985203973789896
pond,nfix,NTP,10,prior_shift,100,1.0,-2.1913061495764525,0.1,0.4985203973789896
pond,nfix,NTP,10,prior_shift,101,1.0,-2.1913061495764525,0.1,0.4985203973789896
pond,nfix,NTP,10,prior_shift,102,1.0,0.005918427759766653,0.5,0.4985203973789896
pond,nfix,Probe,50,prior_shift,0,1.0,-1.2597479455715093,0.22,0.4985203973789896
pond,nfix,Probe,50,prior_shift,1,1.0,-0.6573757896504974,0.34,0.4985203973789896
pond,nfix,Probe,50,prior_shift,2,1.0,-1.040050127422921,0.26,0.4985203973789896
pond,nfix,Probe,50,prior_shift,3,1.0,-0.9385431810810845,0.28,0.4985203973789896
pond,nfix,Probe,50,prior_shift,4,1.0,-0.5694457171437952,0.36,0.4985203973789896
pond,nfix,Probe,50,prior_shift,5,1.0,-1.2597479455715093,0.22,0.4985203973789896
pond,nfix,Probe,50,prior_shift,6,1.0,-0.7478533746166134,0.32,0.4985203973789896
pond,nfix,Probe,50,prior_shift,7,1.0,-0.6573757896504974,0.34,0.4985203973789896
pond,nfix,Probe,50,prior_shift,8,1.0,-1.146761082178619,0.24,0.4985203973789896
pond,nfix,Probe,50,prior_shift,9,1.0,-0.841379432627437,0.3,0.4985203973789896
pond,nfix,Probe,50,prior_shift,10,1.0,-0.9385431810810845,0.28,0.4985203973789896
pond,nfix,Probe,50,prior_shift,11,1.0,-0.7478533746166134,0.32,0.4985203973789896
pond,nfix,Probe,50,prior_shift,12,1.0,-0.7478533746166134,0.32,0.4985203973789896
pond,nfix,Probe,50,prior_shift,13,1.0,-1.380375933360124,0.2,0.4985203973789896
pond,nfix,Probe,50,prior_shift,14,1.0,-1.040050127422921,0.26,0.4985203973789896
pond,nfix,Probe,50,prior_shift,15,1.0,-1.8093715388784826,0.14,0.4985203973789896
pond,nfix,Probe,50,prior_shift,16,1.0,-1.6523096488437656,0.16,0.4985203973789896
pond,nfix,Probe,50,prior_shift,17,1.0,-0.841379432627437,0.3,0.4985203973789896
pond,nfix,Probe,50,prior_shift,18,1.0,-0.39954668034839763,0.4,0.4985203973789896
pond,nfix,Probe,50,prior_shift,19,1.0,-2.1913061495764525,0.1,0.4985203973789896
pond,nfix,Probe,50,prior_shift,20,1.0,-1.040050127422921,0.26,0.4985203973789896
pond,nfix,Probe,50,prior_shift,21,1.0,-0.6573757896504974,0.34,0.4985203973789896
pond,nfix,Probe,50,prior_shift,22,1.0,-1.2597479455715093,0.22,0.4985203973789896
pond,nfix,Probe,50,prior_shift,23,1.0,-1.146761082178619,0.24,0.4985203973789896
pond,nfix,Probe,50,prior_shift,24,1.0,-1.146761082178619,0.24,0.4985203973789896
pond,nfix,Probe,50,prior_shift,25,1.0,-0.7478533746166134,0.32,0.4985203973789896
pond,nfix,Probe,50,prior_shift,26,1.0,-0.841379432627437,0.3,0.4985203973789896
pond,nfix,Probe,50,prior_shift,27,1.0,-1.2597479455715093,0.22,0.4985203973789896
pond,nfix,Probe,50,prior_shift,28,1.0,-1.146761082178619,0.24,0.4985203973789896
pond,nfix,Probe,50,prior_shift,29,1.0,-0.6573757896504974,0.34,0.4985203973789896
pond,nfix,Probe,50,prior_shift,30,1.0,-0.7478533746166134,0.32,0.4985203973789896
pond,nfix,Probe,50,prior_shift,31,1.0,-0.9385431810810845,0.28,0.4985203973789896
pond,nfix,Probe,50,prior_shift,32,1.0,-1.6523096488437656,0.16,0.4985203973789896
pond,nfix,Probe,50,prior_shift,33,1.0,-1.146761082178619,0.24,0.4985203973789896
pond,nfix,Probe,50,prior_shift,34,1.0,-1.146761082178619,0.24,0.4985203973789896
pond,nfix,Probe,50,prior_shift,35,1.0,-1.146761082178619,0.24,0.4985203973789896
pond,nfix,Probe,50,prior_shift,36,1.0,-0.9385431810810845,0.28,0.4985203973789896
pond,nfix,Probe,50,prior_shift,37,1.0,-1.040050127422921,0.26,0.4985203973789896
pond,nfix,Probe,50,prior_shift,38,1.0,-1.146761082178619,0.24,0.4985203973789896
pond,nfix,Probe,50,prior_shift,39,1.0,-0.6573757896504974,0.34,0.4985203973789896
pond,nfix,Probe,50,prior_shift,40,1.0,-1.8093715388784826,0.14,0.4985203973789896
pond,nfix,Probe,50,prior_shift,41,1.0,-1.146761082178619,0.24,0.4985203973789896
pond,nfix,Probe,50,prior_shift,42,1.0,-1.380375933360124,0.2,0.4985203973789896
pond,nfix,Probe,50,prior_shift,43,1.0,-1.510429061608322,0.18,0.4985203973789896
pond,nfix,Probe,50,prior_shift,44,1.0,-0.7478533746166134,0.32,0.4985203973789896
pond,nfix,Probe,50,prior_shift,45,1.0,-1.146761082178619,0.24,0.4985203973789896
pond,nfix,Probe,50,prior_shift,46,1.0,-1.2597479455715093,0.22,0.4985203973789896
pond,nfix,Probe,50,prior_shift,47,1.0,-0.5694457171437952,0.36,0.4985203973789896
pond,nfix,Probe,50,prior_shift,48,1.0,-1.2597479455715093,0.22,0.4985203973789896
pond,nfix,Probe,50,prior_shift,49,1.0,-1.380375933360124,0.2,0.4985203973789896
pond,nfix,Probe,50,prior_shift,50,1.0,-0.5694457171437952,0.36,0.4985203973789896
pond,nfix,Probe,50,prior_shift,51,1.0,-1.510429061608322,0.18,0.4985203973789896
pond,nfix,Probe,50,prior_shift,52,1.0,-0.9385431810810845,0.28,0.4985203973789896
pond,nfix,Probe,50,prior_shift,53,1.0,-1.040050127422921,0.26,0.4985203973789896
pond,nfix,Probe,50,prior_shift,54,1.0,-1.510429061608322,0.18,0.4985203973789896
pond,nfix,Probe,50,prior_shift,55,1.0,-1.380375933360124,0.2,0.4985203973789896
pond,nfix,Probe,50,prior_shift,56,1.0,-1.6523096488437656,0.16,0.4985203973789896
pond,nfix,Probe,50,prior_shift,57,1.0,-0.6573757896504974,0.34,0.4985203973789896
pond,nfix,Probe,50,prior_shift,58,1.0,-0.48362979755893915,0.38,0.4985203973789896
pond,nfix,Probe,50,prior_shift,59,1.0,-0.9385431810810845,0.28,0.4985203973789896
pond,nfix,Probe,50,prior_shift,60,1.0,-1.040050127422921,0.26,0.4985203973789896
pond,nfix,Probe,50,prior_shift,61,1.0,-0.5694457171437952,0.36,0.4985203973789896
pond,nfix,Probe,50,prior_shift,62,1.0,-0.7478533746166134,0.32,0.4985203973789896
pond,nfix,Probe,50,prior_shift,63,1.0,-0.841379432627437,0.3,0.4985203973789896
pond,nfix,Probe,50,prior_shift,64,1.0,-1.9865117369304397,0.12,0.4985203973789896
pond,nfix,Probe,50,prior_shift,65,1.0,-0.9385431810810845,0.28,0.4985203973789896
pond,nfix,Probe,50,prior_shift,66,1.0,-1.040050127422921,0.26,0.4985203973789896
pond,nfix,Probe,50,prior_shift,67,1.0,-0.9385431810810845,0.28,0.4985203973789896
pond,nfix,Probe,50,prior_shift,68,1.0,-1.2597479455715093,0.22,0.4985203973789896
pond,nfix,Probe,50,prior_shift,69,1.0,-0.6573757896504974,0.34,0.4985203973789896
pond,nfix,Probe,50,prior_shift,70,1.0,-0.9385431810810845,0.28,0.4985203973789896
pond,nfix,Probe,50,prior_shift,71,1.0,-0.7478533746166134,0.32,0.4985203973789896
pond,nfix,Probe,50,prior_shift,72,1.0,-1.040050127422921,0.26,0.4985203973789896
pond,nfix,Probe,50,prior_shift,73,1.0,-0.9385431810810845,0.28,0.4985203973789896
pond,nfix,Probe,50,prior_shift,74,1.0,-1.9865117369304397,0.12,0.4985203973789896
pond,nfix,Probe,50,prior_shift,75,1.0,-1.2597479455715093,0.22,0.4985203973789896
pond,nfix,Probe,50,prior_shift,76,1.0,-0.7478533746166134,0.32,0.4985203973789896
pond,nfix,Probe,50,prior_shift,77,1.0,-1.510429061608322,0.18,0.4985203973789896
pond,nfix,Probe,50,prior_shift,78,1.0,-0.7478533746166134,0.32,0.4985203973789896
pond,nfix,Probe,50,prior_shift,79,1.0,-0.841379432627437,0.3,0.4985203973789896
pond,nfix,Probe,50,prior_shift,80,1.0,-0.9385431810810845,0.28,0.4985203973789896
pond,nfix,Probe,50,prior_shift,81,1.0,-0.48362979755893915,0.38,0.4985203973789896
pond,nfix,Probe,50,prior_shift,82,1.0,-1.380375933360124,0.2,0.4985203973789896
pond,nfix,Probe,50,prior_shift,83,1.0,-1.146761082178619,0.24,0.4985203973789896
pond,nfix,Probe,50,prior_shift,84,1.0,-1.510429061608322,0.18,0.4985203973789896
pond,nfix,Probe,50,prior_shift,85,1.0,-0.6573757896504974,0.34,0.4985203973789896
pond,nfix,Probe,50,prior_shift,86,1.0,-1.040050127422921,0.26,0.4985203973789896
pond,nfix,Probe,50,prior_shift,87,1.0,-1.2597479455715093,0.22,0.4985203973789896
pond,nfix,Probe,50,prior_shift,88,1.0,-1.146761082178619,0.24,0.4985203973789896
pond,nfix,Probe,50,prior_shift,89,1.0,-0.841379432627437,0.3,0.4985203973789896
pond,nfix,Probe,50,prior_shift,90,1.0,-0.9385431810810845,0.28,0.4985203973789896
pond,nfix,Probe,50,prior_shift,91,1.0,-0.841379432627437,0.3,0.4985203973789896
pond,nfix,Probe,50,prior_shift,92,1.0,-2.1913061495764525,0.1,0.4985203973789896
pond,nfix,Probe,50,prior_shift,93,1.0,-0.9385431810810845,0.28,0.4985203973789896
pond,nfix,Probe,50,prior_shift,94,1.0,-1.040050127422921,0.26,0.4985203973789896
pond,nfix,Probe,50,prior_shift,95,1.0,-1.380375933360124,0.2,0.4985203973789896
pond,nfix,Probe,50,prior_shift,96,1.0,-0.9385431810810845,0.28,0.4985203973789896
pond,nfix,Probe,50,prior_shift,97,1.0,-0.841379432627437,0.3,0.4985203973789896
pond,nfix,Probe,50,prior_shift,98,1.0,-0.841379432627437,0.3,0.4985203973789896
pond,nfix,Probe,50,prior_shift,99,1.0,-1.040050127422921,0.26,0.4985203973789896
pond,nfix,NTP,50,prior_shift,0,1.0,-1.2597479455715093,0.22,0.4985203973789896
pond,nfix,NTP,50,prior_shift,1,1.0,-0.6573757896504974,0.34,0.4985203973789896
pond,nfix,NTP,50,prior_shift,2,1.0,-1.040050127422921,0.26,0.4985203973789896
pond,nfix,NTP,50,prior_shift,3,1.0,-0.9385431810810845,0.28,0.4985203973789896
pond,nfix,NTP,50,prior_shift,4,1.0,-0.5694457171437952,0.36,0.4985203973789896
pond,nfix,NTP,50,prior_shift,5,1.0,-1.2597479455715093,0.22,0.4985203973789896
pond,nfix,NTP,50,prior_shift,6,1.0,-0.7478533746166134,0.32,0.4985203973789896
pond,nfix,NTP,50,prior_shift,7,1.0,-0.6573757896504974,0.34,0.4985203973789896
pond,nfix,NTP,50,prior_shift,8,1.0,-1.146761082178619,0.24,0.4985203973789896
pond,nfix,NTP,50,prior_shift,9,1.0,-0.841379432627437,0.3,0.4985203973789896
pond,nfix,NTP,50,prior_shift,10,1.0,-0.9385431810810845,0.28,0.4985203973789896
pond,nfix,NTP,50,prior_shift,11,1.0,-0.7478533746166134,0.32,0.4985203973789896
pond,nfix,NTP,50,prior_shift,12,1.0,-0.7478533746166134,0.32,0.4985203973789896
pond,nfix,NTP,50,prior_shift,13,1.0,-1.380375933360124,0.2,0.4985203973789896
pond,nfix,NTP,50,prior_shift,14,1.0,-1.040050127422921,0.26,0.4985203973789896
pond,nfix,NTP,50,prior_shift,15,1.0,-1.8093715388784826,0.14,0.4985203973789896
pond,nfix,NTP,50,prior_shift,16,1.0,-1.6523096488437656,0.16,0.4985203973789896
pond,nfix,NTP,50,prior_shift,17,1.0,-0.841379432627437,0.3,0.4985203973789896
pond,nfix,NTP,50,prior_shift,18,1.0,-0.39954668034839763,0.4,0.4985203973789896
pond,nfix,NTP,50,prior_shift,19,1.0,-2.1913061495764525,0.1,0.4985203973789896
pond,nfix,NTP,50,prior_shift,20,1.0,-1.040050127422921,0.26,0.4985203973789896
pond,nfix,NTP,50,prior_shift,21,1.0,-0.6573757896504974,0.34,0.4985203973789896
pond,nfix,NTP,50,prior_shift,22,1.0,-1.2597479455715093,0.22,0.4985203973789896
pond,nfix,NTP,50,prior_shift,23,1.0,-1.146761082178619,0.24,0.4985203973789896
pond,nfix,NTP,50,prior_shift,24,1.0,-1.146761082178619,0.24,0.4985203973789896
pond,nfix,NTP,50,prior_shift,25,1.0,-0.7478533746166134,0.32,0.4985203973789896
pond,nfix,NTP,50,prior_shift,26,1.0,-0.841379432627437,0.3,0.4985203973789896
pond,nfix,NTP,50,prior_shift,27,1.0,-1.2597479455715093,0.22,0.4985203973789896
pond,nfix,NTP,50,prior_shift,28,1.0,-1.146761082178619,0.24,0.4985203973789896
pond,nfix,NTP,50,prior_shift,29,1.0,-0.6573757896504974,0.34,0.4985203973789896
pond,nfix,NTP,50,prior_shift,30,1.0,-0.7478533746166134,0.32,0.4985203973789896
pond,nfix,NTP,50,prior_shift,31,1.0,-0.9385431810810845,0.28,0.4985203973789896
pond,nfix,NTP,50,prior_shift,32,1.0,-1.6523096488437656,0.16,0.4985203973789896
pond,nfix,NTP,50,prior_shift,33,1.0,-1.146761082178619,0.24,0.4985203973789896
pond,nfix,NTP,50,prior_shift,34,1.0,-1.146761082178619,0.24,0.4985203973789896
pond,nfix,NTP,50,prior_shift,35,1.0,-1.146761082178619,0.24,0.4985203973789896
pond,nfix,NTP,50,prior_shift,36,1.0,-0.9385431810810845,0.28,0.4985203973789896
pond,nfix,NTP,50,prior_shift,37,1.0,-1.040050127422921,0.26,0.4985203973789896
pond,nfix,NTP,50,prior_shift,38,1.0,-1.146761082178619,0.24,0.4985203973789896
pond,nfix,NTP,50,prior_shift,39,1.0,-0.6573757896504974,0.34,0.4985203973789896
pond,nfix,NTP,50,prior_shift,40,1.0,-1.8093715388784826,0.14,0.4985203973789896
pond,nfix,NTP,50,prior_shift,41,1.0,-1.146761082178619,0.24,0.4985203973789896
pond,nfix,NTP,50,prior_shift,42,1.0,-1.380375933360124,0.2,0.4985203973789896
pond,nfix,NTP,50,prior_shift,43,1.0,-1.510429061608322,0.18,0.4985203973789896
pond,nfix,NTP,50,prior_shift,44,1.0,-0.7478533746166134,0.32,0.4985203973789896
pond,nfix,NTP,50,prior_shift,45,1.0,-1.146761082178619,0.24,0.4985203973789896
pond,nfix,NTP,50,prior_shift,46,1.0,-1.2597479455715093,0.22,0.4985203973789896
pond,nfix,NTP,50,prior_shift,47,1.0,-0.5694457171437952,0.36,0.4985203973789896
pond,nfix,NTP,50,prior_shift,48,1.0,-1.2597479455715093,0.22,0.4985203973789896
pond,nfix,NTP,50,prior_shift,49,1.0,-1.380375933360124,0.2,0.4985203973789896
pond,nfix,NTP,50,prior_shift,50,1.0,-0.5694457171437952,0.36,0.4985203973789896
pond,nfix,NTP,50,prior_shift,51,1.0,-1.510429061608322,0.18,0.4985203973789896
pond,nfix,NTP,50,prior_shift,52,1.0,-0.9385431810810845,0.28,0.4985203973789896
pond,nfix,NTP,50,prior_shift,53,1.0,-1.040050127422921,0.26,0.4985203973789896
pond,nfix,NTP,50,prior_shift,54,1.0,-1.510429061608322,0.18,0.4985203973789896
pond,nfix,NTP,50,prior_shift,55,1.0,-1.380375933360124,0.2,0.4985203973789896
pond,nfix,NTP,50,prior_shift,56,1.0,-1.6523096488437656,0.16,0.4985203973789896
pond,nfix,NTP,50,prior_shift,57,1.0,-0.6573757896504974,0.34,0.4985203973789896
pond,nfix,NTP,50,prior_shift,58,1.0,-0.48362979755893915,0.38,0.4985203973789896
pond,nfix,NTP,50,prior_shift,59,1.0,-0.9385431810810845,0.28,0.4985203973789896
pond,nfix,NTP,50,prior_shift,60,1.0,-1.040050127422921,0.26,0.4985203973789896
pond,nfix,NTP,50,prior_shift,61,1.0,-0.5694457171437952,0.36,0.4985203973789896
pond,nfix,NTP,50,prior_shift,62,1.0,-0.7478533746166134,0.32,0.4985203973789896
pond,nfix,NTP,50,prior_shift,63,1.0,-0.841379432627437,0.3,0.4985203973789896
pond,nfix,NTP,50,prior_shift,64,1.0,-1.9865117369304397,0.12,0.4985203973789896
pond,nfix,NTP,50,prior_shift,65,1.0,-0.9385431810810845,0.28,0.4985203973789896
pond,nfix,NTP,50,prior_shift,66,1.0,-1.040050127422921,0.26,0.4985203973789896
pond,nfix,NTP,50,prior_shift,67,1.0,-0.9385431810810845,0.28,0.4985203973789896
pond,nfix,NTP,50,prior_shift,68,1.0,-1.2597479455715093,0.22,0.4985203973789896
pond,nfix,NTP,50,prior_shift,69,1.0,-0.6573757896504974,0.34,0.4985203973789896
pond,nfix,NTP,50,prior_shift,70,1.0,-0.9385431810810845,0.28,0.4985203973789896
pond,nfix,NTP,50,prior_shift,71,1.0,-0.7478533746166134,0.32,0.4985203973789896
pond,nfix,NTP,50,prior_shift,72,1.0,-1.040050127422921,0.26,0.4985203973789896
pond,nfix,NTP,50,prior_shift,73,1.0,-0.9385431810810845,0.28,0.4985203973789896
pond,nfix,NTP,50,prior_shift,74,1.0,-1.9865117369304397,0.12,0.4985203973789896
pond,nfix,NTP,50,prior_shift,75,1.0,-1.2597479455715093,0.22,0.4985203973789896
pond,nfix,NTP,50,prior_shift,76,1.0,-0.7478533746166134,0.32,0.4985203973789896
pond,nfix,NTP,50,prior_shift,77,1.0,-1.510429061608322,0.18,0.4985203973789896
pond,nfix,NTP,50,prior_shift,78,1.0,-0.7478533746166134,0.32,0.4985203973789896
pond,nfix,NTP,50,prior_shift,79,1.0,-0.841379432627437,0.3,0.4985203973789896
pond,nfix,NTP,50,prior_shift,80,1.0,-0.9385431810810845,0.28,0.4985203973789896
pond,nfix,NTP,50,prior_shift,81,1.0,-0.48362979755893915,0.38,0.4985203973789896
pond,nfix,NTP,50,prior_shift,82,1.0,-1.380375933360124,0.2,0.4985203973789896
pond,nfix,NTP,50,prior_shift,83,1.0,-1.146761082178619,0.24,0.4985203973789896
pond,nfix,NTP,50,prior_shift,84,1.0,-1.510429061608322,0.18,0.4985203973789896
pond,nfix,NTP,50,prior_shift,85,1.0,-0.6573757896504974,0.34,0.4985203973789896
pond,nfix,NTP,50,prior_shift,86,1.0,-1.040050127422921,0.26,0.4985203973789896
pond,nfix,NTP,50,prior_shift,87,1.0,-1.2597479455715093,0.22,0.4985203973789896
pond,nfix,NTP,50,prior_shift,88,1.0,-1.146761082178619,0.24,0.4985203973789896
pond,nfix,NTP,50,prior_shift,89,1.0,-0.841379432627437,0.3,0.4985203973789896
pond,nfix,NTP,50,prior_shift,90,1.0,-0.9385431810810845,0.28,0.4985203973789896
pond,nfix,NTP,50,prior_shift,91,1.0,-0.841379432627437,0.3,0.4985203973789896
pond,nfix,NTP,50,prior_shift,92,1.0,-2.1913061495764525,0.1,0.4985203973789896
pond,nfix,NTP,50,prior_shift,93,1.0,-0.9385431810810845,0.28,0.4985203973789896
pond,nfix,NTP,50,prior_shift,94,1.0,-1.040050127422921,0.26,0.4985203973789896
pond,nfix,NTP,50,prior_shift,95,1.0,-1.380375933360124,0.2,0.4985203973789896
pond,nfix,NTP,50,prior_shift,96,1.0,-0.9385431810810845,0.28,0.4985203973789896
pond,nfix,NTP,50,prior_shift,97,1.0,-0.841379432627437,0.3,0.4985203973789896
pond,nfix,NTP,50,prior_shift,98,1.0,-0.841379432627437,0.3,0.4985203973789896
pond,nfix,NTP,50,prior_shift,99,1.0,-1.040050127422921,0.26,0.4985203973789896
pond,nfix,Probe,100,prior_shift,0,1.0,-1.0926938609083432,0.25,0.4985203973789896
pond,nfix,Probe,100,prior_shift,1,1.0,-0.6131207806464568,0.35,0.4985203973789896
pond,nfix,Probe,100,prior_shift,2,1.0,-1.0926938609083432,0.25,0.4985203973789896
pond,nfix,Probe,100,prior_shift,3,1.0,-1.146761082178619,0.24,0.4985203973789896
pond,nfix,Probe,100,prior_shift,4,1.0,-0.5694457171437952,0.36,0.4985203973789896
pond,nfix,Probe,100,prior_shift,5,1.0,-0.6131207806464568,0.35,0.4985203973789896
pond,nfix,Probe,100,prior_shift,6,1.0,-0.7942008723523465,0.31,0.4985203973789896
pond,nfix,Probe,100,prior_shift,7,1.0,-1.2023927781647676,0.23,0.4985203973789896
pond,nfix,Probe,100,prior_shift,8,1.0,-0.7478533746166134,0.32,0.4985203973789896
pond,nfix,Probe,100,prior_shift,9,1.0,-1.2023927781647676,0.23,0.4985203973789896
pond,nfix,Probe,100,prior_shift,10,1.0,-1.2023927781647676,0.23,0.4985203973789896
pond,nfix,Probe,100,prior_shift,11,1.0,-1.040050127422921,0.26,0.4985203973789896
pond,nfix,Probe,100,prior_shift,12,1.0,-0.8894656192950746,0.29,0.4985203973789896
pond,nfix,Probe,100,prior_shift,13,1.0,-0.9887041473842952,0.27,0.4985203973789896
pond,nfix,Probe,100,prior_shift,14,1.0,-1.0926938609083432,0.25,0.4985203973789896
pond,nfix,Probe,100,prior_shift,15,1.0,-0.9385431810810845,0.28,0.4985203973789896
pond,nfix,Probe,100,prior_shift,16,1.0,-1.2597479455715093,0.22,0.4985203973789896
pond,nfix,Probe,100,prior_shift,17,1.0,-0.841379432627437,0.3,0.4985203973789896
pond,nfix,Probe,100,prior_shift,18,1.0,-1.2597479455715093,0.22,0.4985203973789896
pond,nfix,Probe,100,prior_shift,19,1.0,-1.2597479455715093,0.22,0.4985203973789896
pond,nfix,Probe,100,prior_shift,20,1.0,-0.6131207806464568,0.35,0.4985203973789896
pond,nfix,Probe,100,prior_shift,21,1.0,-0.9385431810810845,0.28,0.4985203973789896
pond,nfix,Probe,100,prior_shift,22,1.0,-1.579708835980615,0.17,0.4985203973789896
pond,nfix,Probe,100,prior_shift,23,1.0,-0.7942008723523465,0.31,0.4985203973789896
pond,nfix,Probe,100,prior_shift,24,1.0,-1.040050127422921,0.26,0.4985203973789896
pond,nfix,Probe,100,prior_shift,25,1.0,-1.146761082178619,0.24,0.4985203973789896
pond,nfix,Probe,100,prior_shift,26,1.0,-1.579708835980615,0.17,0.4985203973789896
pond,nfix,Probe,100,prior_shift,27,1.0,-1.2023927781647676,0.23,0.4985203973789896
pond,nfix,Probe,100,prior_shift,28,1.0,-1.146761082178619,0.24,0.4985203973789896
pond,nfix,Probe,100,prior_shift,29,1.0,-1.040050127422921,0.26,0.4985203973789896
pond,nfix,Probe,100,prior_shift,30,1.0,-0.8894656192950746,0.29,0.4985203973789896
pond,nfix,Probe,100,prior_shift,31,1.0,-0.9887041473842952,0.27,0.4985203973789896
pond,nfix,Probe,100,prior_shift,32,1.0,-0.5694457171437952,0.36,0.4985203973789896
pond,nfix,Probe,100,prior_shift,33,1.0,-0.7942008723523465,0.31,0.4985203973789896
pond,nfix,Probe,100,prior_shift,34,1.0,-1.2023927781647676,0.23,0.4985203973789896
pond,nfix,Probe,100,prior_shift,35,1.0,-0.7942008723523465,0.31,0.4985203973789896
pond,nfix,Probe,100,prior_shift,36,1.0,-0.6573757896504974,0.34,0.4985203973789896
pond,nfix,Probe,100,prior_shift,37,1.0,-1.2597479455715093,0.22,0.4985203973789896
pond,nfix,Probe,100,prior_shift,38,1.0,-1.579708835980615,0.17,0.4985203973789896
pond,nfix,Probe,100,prior_shift,39,1.0,-0.9385431810810845,0.28,0.4985203973789896
pond,nfix,Probe,100,prior_shift,40,1.0,-1.2597479455715093,0.22,0.4985203973789896
pond,nfix,Probe,100,prior_shift,41,1.0,-0.9887041473842952,0.27,0.4985203973789896
pond,nfix,Probe,100,prior_shift,42,1.0,-1.040050127422921,0.26,0.4985203973789896
pond,nfix,Probe,100,prior_shift,43,1.0,-1.2597479455715093,0.22,0.4985203973789896
pond,nfix,Probe,100,prior_shift,44,1.0,-1.040050127422921,0.26,0.4985203973789896
pond,nfix,Probe,100,prior_shift,45,1.0,-0.9385431810810845,0.28,0.4985203973789896
pond,nfix,Probe,100,prior_shift,46,1.0,-0.7942008723523465,0.31,0.4985203973789896
pond,nfix,Probe,100,prior_shift,47,1.0,-0.7942008723523465,0.31,0.4985203973789896
pond,nfix,Probe,100,prior_shift,48,1.0,-0.9385431810810845,0.28,0.4985203973789896
pond,nfix,Probe,100,prior_shift,49,1.0,-1.0926938609083432,0.25,0.4985203973789896
pond,nfix,Probe,100,prior_shift,50,1.0,-0.702266630164719,0.33,0.4985203973789896
pond,nfix,Probe,100,prior_shift,51,1.0,-1.2597479455715093,0.22,0.4985203973789896
pond,nfix,Probe,100,prior_shift,52,1.0,-0.6131207806464568,0.35,0.4985203973789896
pond,nfix,Probe,100,prior_shift,53,1.0,-1.4440917477462318,0.19,0.4985203973789896
pond,nfix,Probe,100,prior_shift,54,1.0,-1.3190069869838321,0.21,0.4985203973789896
pond,nfix,Probe,100,prior_shift,55,1.0,-0.7478533746166134,0.32,0.4985203973789896
pond,nfix,Probe,100,prior_shift,56,1.0,-1.4440917477462318,0.19,0.4985203973789896
pond,nfix,Probe,100,prior_shift,57,1.0,-1.0926938609083432,0.25,0.4985203973789896
pond,nfix,Probe,100,prior_shift,58,1.0,-1.040050127422921,0.26,0.4985203973789896
pond,nfix,Probe,100,prior_shift,59,1.0,-0.7478533746166134,0.32,0.4985203973789896
pond,nfix,Probe,100,prior_shift,60,1.0,-1.510429061608322,0.18,0.4985203973789896
pond,nfix,Probe,100,prior_shift,61,1.0,-0.841379432627437,0.3,0.4985203973789896
pond,nfix,Probe,100,prior_shift,62,1.0,-1.3190069869838321,0.21,0.4985203973789896
pond,nfix,Probe,100,prior_shift,63,1.0,-1.579708835980615,0.17,0.4985203973789896
pond,nfix,Probe,100,prior_shift,64,1.0,-1.0926938609083432,0.25,0.4985203973789896
pond,nfix,Probe,100,prior_shift,65,1.0,-0.9887041473842952,0.27,0.4985203973789896
pond,nfix,Probe,100,prior_shift,66,1.0,-1.040050127422921,0.26,0.4985203973789896
pond,nfix,Probe,100,prior_shift,67,1.0,-0.8894656192950746,0.29,0.4985203973789896
pond,nfix,Probe,100,prior_shift,68,1.0,-1.0926938609083432,0.25,0.4985203973789896
pond,nfix,Probe,100,prior_shift,69,1.0,-0.7478533746166134,0.32,0.4985203973789896
pond,nfix,Probe,100,prior_shift,70,1.0,-0.8894656192950746,0.29,0.4985203973789896
pond,nfix,Probe,100,prior_shift,71,1.0,-1.2597479455715093,0.22,0.4985203973789896
pond,nfix,Probe,100,prior_shift,72,1.0,-0.7942008723523465,0.31,0.4985203973789896
pond,nfix,Probe,100,prior_shift,73,1.0,-0.841379432627437,0.3,0.4985203973789896
pond,nfix,Probe,100,prior_shift,74,1.0,-1.146761082178619,0.24,0.4985203973789896
pond,nfix,Probe,100,prior_shift,75,1.0,-0.7478533746166134,0.32,0.4985203973789896
pond,nfix,Probe,100,prior_shift,76,1.0,-1.3190069869838321,0.21,0.4985203973789896
pond,nfix,Probe,100,prior_shift,77,1.0,-0.9385431810810845,0.28,0.4985203973789896
pond,nfix,Probe,100,prior_shift,78,1.0,-0.6131207806464568,0.35,0.4985203973789896
pond,nfix,Probe,100,prior_shift,79,1.0,-1.3190069869838321,0.21,0.4985203973789896
pond,nfix,Probe,100,prior_shift,80,1.0,-0.9887041473842952,0.27,0.4985203973789896
pond,nfix,Probe,100,prior_shift,81,1.0,-1.2597479455715093,0.22,0.4985203973789896
pond,nfix,Probe,100,prior_shift,82,1.0,-0.48362979755893915,0.38,0.4985203973789896
pond,nfix,Probe,100,prior_shift,83,1.0,-1.510429061608322,0.18,0.4985203973789896
pond,nfix,Probe,100,prior_shift,84,1.0,-1.2023927781647676,0.23,0.4985203973789896
pond,nfix,Probe,100,prior_shift,85,1.0,-0.6573757896504974,0.34,0.4985203973789896
pond,nfix,Probe,100,prior_shift,86,1.0,-1.2597479455715093,0.22,0.4985203973789896
pond,nfix,Probe,100,prior_shift,87,1.0,-1.3190069869838321,0.21,0.4985203973789896
pond,nfix,Probe,100,prior_shift,88,1.0,-0.841379432627437,0.3,0.4985203973789896
pond,nfix,Probe,100,prior_shift,89,1.0,-1.0926938609083432,0.25,0.4985203973789896
pond,nfix,Probe,100,prior_shift,90,1.0,-1.2023927781647676,0.23,0.4985203973789896
pond,nfix,Probe,100,prior_shift,91,1.0,-0.8894656192950746,0.29,0.4985203973789896
pond,nfix,Probe,100,prior_shift,92,1.0,-0.6131207806464568,0.35,0.4985203973789896
pond,nfix,Probe,100,prior_shift,93,1.0,-1.040050127422921,0.26,0.4985203973789896
pond,nfix,Probe,100,prior_shift,94,1.0,-1.0926938609083432,0.25,0.4985203973789896
pond,nfix,Probe,100,prior_shift,95,1.0,-0.841379432627437,0.3,0.4985203973789896
pond,nfix,Probe,100,prior_shift,96,1.0,-1.146761082178619,0.24,0.4985203973789896
pond,nfix,Probe,100,prior_shift,97,1.0,-0.7942008723523465,0.31,0.4985203973789896
pond,nfix,Probe,100,prior_shift,98,1.0,-0.9887041473842952,0.27,0.4985203973789896
pond,nfix,Probe,100,prior_shift,99,1.0,-1.3190069869838321,0.21,0.4985203973789896
pond,nfix,NTP,100,prior_shift,0,1.0,-1.0926938609083432,0.25,0.4985203973789896
pond,nfix,NTP,100,prior_shift,1,1.0,-0.6131207806464568,0.35,0.4985203973789896
pond,nfix,NTP,100,prior_shift,2,1.0,-1.0926938609083432,0.25,0.4985203973789896
pond,nfix,NTP,100,prior_shift,3,1.0,-1.146761082178619,0.24,0.4985203973789896
pond,nfix,NTP,100,prior_shift,4,1.0,-0.5694457171437952,0.36,0.4985203973789896
pond,nfix,NTP,100,prior_shift,5,1.0,-0.6131207806464568,0.35,0.4985203973789896
pond,nfix,NTP,100,prior_shift,6,1.0,-0.7942008723523465,0.31,0.4985203973789896
pond,nfix,NTP,100,prior_shift,7,1.0,-1.2023927781647676,0.23,0.4985203973789896
pond,nfix,NTP,100,prior_shift,8,1.0,-0.7478533746166134,0.32,0.4985203973789896
pond,nfix,NTP,100,prior_shift,9,1.0,-1.2023927781647676,0.23,0.4985203973789896
pond,nfix,NTP,100,prior_shift,10,1.0,-1.2023927781647676,0.23,0.4985203973789896
pond,nfix,NTP,100,prior_shift,11,1.0,-1.040050127422921,0.26,0.4985203973789896
pond,nfix,NTP,100,prior_shift,12,1.0,-0.8894656192950746,0.29,0.4985203973789896
pond,nfix,NTP,100,prior_shift,13,1.0,-0.9887041473842952,0.27,0.4985203973789896
pond,nfix,NTP,100,prior_shift,14,1.0,-1.0926938609083432,0.25,0.4985203973789896
pond,nfix,NTP,100,prior_shift,15,1.0,-0.9385431810810845,0.28,0.4985203973789896
pond,nfix,NTP,100,prior_shift,16,1.0,-1.2597479455715093,0.22,0.4985203973789896
pond,nfix,NTP,100,prior_shift,17,1.0,-0.841379432627437,0.3,0.4985203973789896
pond,nfix,NTP,100,prior_shift,18,1.0,-1.2597479455715093,0.22,0.4985203973789896
pond,nfix,NTP,100,prior_shift,19,1.0,-1.2597479455715093,0.22,0.4985203973789896
pond,nfix,NTP,100,prior_shift,20,1.0,-0.6131207806464568,0.35,0.4985203973789896
pond,nfix,NTP,100,prior_shift,21,1.0,-0.9385431810810845,0.28,0.4985203973789896
pond,nfix,NTP,100,prior_shift,22,1.0,-1.579708835980615,0.17,0.4985203973789896
pond,nfix,NTP,100,prior_shift,23,1.0,-0.7942008723523465,0.31,0.4985203973789896
pond,nfix,NTP,100,prior_shift,24,1.0,-1.040050127422921,0.26,0.4985203973789896
pond,nfix,NTP,100,prior_shift,25,1.0,-1.146761082178619,0.24,0.4985203973789896
pond,nfix,NTP,100,prior_shift,26,1.0,-1.579708835980615,0.17,0.4985203973789896
pond,nfix,NTP,100,prior_shift,27,1.0,-1.2023927781647676,0.23,0.4985203973789896
pond,nfix,NTP,100,prior_shift,28,1.0,-1.146761082178619,0.24,0.4985203973789896
pond,nfix,NTP,100,prior_shift,29,1.0,-1.040050127422921,0.26,0.4985203973789896
pond,nfix,NTP,100,prior_shift,30,1.0,-0.8894656192950746,0.29,0.4985203973789896
pond,nfix,NTP,100,prior_shift,31,1.0,-0.9887041473842952,0.27,0.4985203973789896
pond,nfix,NTP,100,prior_shift,32,1.0,-0.5694457171437952,0.36,0.4985203973789896
pond,nfix,NTP,100,prior_shift,33,1.0,-0.7942008723523465,0.31,0.4985203973789896
pond,nfix,NTP,100,prior_shift,34,1.0,-1.2023927781647676,0.23,0.4985203973789896
pond,nfix,NTP,100,prior_shift,35,1.0,-0.7942008723523465,0.31,0.4985203973789896
pond,nfix,NTP,100,prior_shift,36,1.0,-0.6573757896504974,0.34,0.4985203973789896
pond,nfix,NTP,100,prior_shift,37,1.0,-1.2597479455715093,0.22,0.4985203973789896
pond,nfix,NTP,100,prior_shift,38,1.0,-1.579708835980615,0.17,0.4985203973789896
pond,nfix,NTP,100,prior_shift,39,1.0,-0.9385431810810845,0.28,0.4985203973789896
pond,nfix,NTP,100,prior_shift,40,1.0,-1.2597479455715093,0.22,0.4985203973789896
pond,nfix,NTP,100,prior_shift,41,1.0,-0.9887041473842952,0.27,0.4985203973789896
pond,nfix,NTP,100,prior_shift,42,1.0,-1.040050127422921,0.26,0.4985203973789896
pond,nfix,NTP,100,prior_shift,43,1.0,-1.2597479455715093,0.22,0.4985203973789896
pond,nfix,NTP,100,prior_shift,44,1.0,-1.040050127422921,0.26,0.4985203973789896
pond,nfix,NTP,100,prior_shift,45,1.0,-0.9385431810810845,0.28,0.4985203973789896
pond,nfix,NTP,100,prior_shift,46,1.0,-0.7942008723523465,0.31,0.4985203973789896
pond,nfix,NTP,100,prior_shift,47,1.0,-0.7942008723523465,0.31,0.4985203973789896
pond,nfix,NTP,100,prior_shift,48,1.0,-0.9385431810810845,0.28,0.4985203973789896
pond,nfix,NTP,100,prior_shift,49,1.0,-1.0926938609083432,0.25,0.4985203973789896
pond,nfix,NTP,100,prior_shift,50,1.0,-0.702266630164719,0.33,0.4985203973789896
pond,nfix,NTP,100,prior_shift,51,1.0,-1.2597479455715093,0.22,0.4985203973789896
pond,nfix,NTP,100,prior_shift,52,1.0,-0.6131207806464568,0.35,0.4985203973789896
pond,nfix,NTP,100,prior_shift,53,1.0,-1.4440917477462318,0.19,0.4985203973789896
pond,nfix,NTP,100,prior_shift,54,1.0,-1.3190069869838321,0.21,0.4985203973789896
pond,nfix,NTP,100,prior_shift,55,1.0,-0.7478533746166134,0.32,0.4985203973789896
pond,nfix,NTP,100,prior_shift,56,1.0,-1.4440917477462318,0.19,0.4985203973789896
pond,nfix,NTP,100,prior_shift,57,1.0,-1.0926938609083432,0.25,0.4985203973789896
pond,nfix,NTP,100,prior_shift,58,1.0,-1.040050127422921,0.26,0.4985203973789896
pond,nfix,NTP,100,prior_shift,59,1.0,-0.7478533746166134,0.32,0.4985203973789896
pond,nfix,NTP,100,prior_shift,60,1.0,-1.510429061608322,0.18,0.4985203973789896
pond,nfix,NTP,100,prior_shift,61,1.0,-0.841379432627437,0.3,0.4985203973789896
pond,nfix,NTP,100,prior_shift,62,1.0,-1.3190069869838321,0.21,0.4985203973789896
pond,nfix,NTP,100,prior_shift,63,1.0,-1.579708835980615,0.17,0.4985203973789896
pond,nfix,NTP,100,prior_shift,64,1.0,-1.0926938609083432,0.25,0.4985203973789896
pond,nfix,NTP,100,prior_shift,65,1.0,-0.9887041473842952,0.27,0.4985203973789896
pond,nfix,NTP,100,prior_shift,66,1.0,-1.040050127422921,0.26,0.4985203973789896
pond,nfix,NTP,100,prior_shift,67,1.0,-0.8894656192950746,0.29,0.4985203973789896
pond,nfix,NTP,100,prior_shift,68,1.0,-1.0926938609083432,0.25,0.4985203973789896
pond,nfix,NTP,100,prior_shift,69,1.0,-0.7478533746166134,0.32,0.4985203973789896
pond,nfix,NTP,100,prior_shift,70,1.0,-0.8894656192950746,0.29,0.4985203973789896
pond,nfix,NTP,100,prior_shift,71,1.0,-1.2597479455715093,0.22,0.4985203973789896
pond,nfix,NTP,100,prior_shift,72,1.0,-0.7942008723523465,0.31,0.4985203973789896
pond,nfix,NTP,100,prior_shift,73,1.0,-0.841379432627437,0.3,0.4985203973789896
pond,nfix,NTP,100,prior_shift,74,1.0,-1.146761082178619,0.24,0.4985203973789896
pond,nfix,NTP,100,prior_shift,75,1.0,-0.7478533746166134,0.32,0.4985203973789896
pond,nfix,NTP,100,prior_shift,76,1.0,-1.3190069869838321,0.21,0.4985203973789896
pond,nfix,NTP,100,prior_shift,77,1.0,-0.9385431810810845,0.28,0.4985203973789896
pond,nfix,NTP,100,prior_shift,78,1.0,-0.6131207806464568,0.35,0.4985203973789896
pond,nfix,NTP,100,prior_shift,79,1.0,-1.3190069869838321,0.21,0.4985203973789896
pond,nfix,NTP,100,prior_shift,80,1.0,-0.9887041473842952,0.27,0.4985203973789896
pond,nfix,NTP,100,prior_shift,81,1.0,-1.2597479455715093,0.22,0.4985203973789896
pond,nfix,NTP,100,prior_shift,82,1.0,-0.48362979755893915,0.38,0.4985203973789896
pond,nfix,NTP,100,prior_shift,83,1.0,-1.510429061608322,0.18,0.4985203973789896
pond,nfix,NTP,100,prior_shift,84,1.0,-1.2023927781647676,0.23,0.4985203973789896
pond,nfix,NTP,100,prior_shift,85,1.0,-0.6573757896504974,0.34,0.4985203973789896
pond,nfix,NTP,100,prior_shift,86,1.0,-1.2597479455715093,0.22,0.4985203973789896
pond,nfix,NTP,100,prior_shift,87,1.0,-1.3190069869838321,0.21,0.4985203973789896
pond,nfix,NTP,100,prior_shift,88,1.0,-0.841379432627437,0.3,0.4985203973789896
pond,nfix,NTP,100,prior_shift,89,1.0,-1.0926938609083432,0.25,0.4985203973789896
pond,nfix,NTP,100,prior_shift,90,1.0,-1.2023927781647676,0.23,0.4985203973789896
pond,nfix,NTP,100,prior_shift,91,1.0,-0.8894656192950746,0.29,0.4985203973789896
pond,nfix,NTP,100,prior_shift,92,1.0,-0.6131207806464568,0.35,0.4985203973789896
pond,nfix,NTP,100,prior_shift,93,1.0,-1.040050127422921,0.26,0.4985203973789896
pond,nfix,NTP,100,prior_shift,94,1.0,-1.0926938609083432,0.25,0.4985203973789896
pond,nfix,NTP,100,prior_shift,95,1.0,-0.841379432627437,0.3,0.4985203973789896
pond,nfix,NTP,100,prior_shift,96,1.0,-1.146761082178619,0.24,0.4985203973789896
pond,nfix,NTP,100,prior_shift,97,1.0,-0.7942008723523465,0.31,0.4985203973789896
pond,nfix,NTP,100,prior_shift,98,1.0,-0.9887041473842952,0.27,0.4985203973789896
pond,nfix,NTP,100,prior_shift,99,1.0,-1.3190069869838321,0.21,0.4985203973789896
pond,nfix,Probe,250,prior_shift,0,1.0,-1.3069933874261002,0.212,0.4985203973789896
pond,nfix,Probe,250,prior_shift,1,1.0,-0.7848672223640946,0.312,0.4985203973789896
pond,nfix,Probe,250,prior_shift,2,1.0,-0.9385431810810845,0.28,0.4985203973789896
pond,nfix,Probe,250,prior_shift,3,1.0,-0.9385431810810845,0.28,0.4985203973789896
pond,nfix,Probe,250,prior_shift,4,1.0,-0.8797718636656714,0.292,0.4985203973789896
pond,nfix,Probe,250,prior_shift,5,1.0,-0.918787501039673,0.284,0.4985203973789896
pond,nfix,Probe,250,prior_shift,6,1.0,-0.8991990035162631,0.288,0.4985203973789896
pond,nfix,Probe,250,prior_shift,7,1.0,-0.9584720989087996,0.276,0.4985203973789896
pond,nfix,Probe,250,prior_shift,8,1.0,-0.8035677448843285,0.308,0.4985203973789896
pond,nfix,Probe,250,prior_shift,9,1.0,-0.998875105690688,0.268,0.4985203973789896
pond,nfix,Probe,250,prior_shift,10,1.0,-1.2832121849064764,0.216,0.4985203973789896
pond,nfix,Probe,250,prior_shift,11,1.0,-0.604341092994411,0.352,0.4985203973789896
pond,nfix,Probe,250,prior_shift,12,1.0,-1.0820554627032872,0.252,0.4985203973789896
pond,nfix,Probe,250,prior_shift,13,1.0,-1.1688175563811438,0.236,0.4985203973789896
pond,nfix,Probe,250,prior_shift,14,1.0,-0.918787501039673,0.284,0.4985203973789896
pond,nfix,Probe,250,prior_shift,15,1.0,-1.3069933874261002,0.212,0.4985203973789896
pond,nfix,Probe,250,prior_shift,16,1.0,-0.9785805541409218,0.272,0.4985203973789896
pond,nfix,Probe,250,prior_shift,17,1.0,-1.1033891500250912,0.248,0.4985203973789896
pond,nfix,Probe,250,prior_shift,18,1.0,-0.9584720989087996,0.276,0.4985203973789896
pond,nfix,Probe,250,prior_shift,19,1.0,-1.1911339337215956,0.232,0.4985203973789896
pond,nfix,Probe,250,prior_shift,20,1.0,-0.9385431810810845,0.28,0.4985203973789896
pond,nfix,Probe,250,prior_shift,21,1.0,-0.8605004740742153,0.296,0.4985203973789896
pond,nfix,Probe,250,prior_shift,22,1.0,-0.8797718636656714,0.292,0.4985203973789896
pond,nfix,Probe,250,prior_shift,23,1.0,-0.7848672223640946,0.312,0.4985203973789896
pond,nfix,Probe,250,prior_shift,24,1.0,-0.9584720989087996,0.276,0.4985203973789896
pond,nfix,Probe,250,prior_shift,25,1.0,-1.1249547231265646,0.244,0.4985203973789896
pond,nfix,Probe,250,prior_shift,26,1.0,-1.2137204933105687,0.228,0.4985203973789896
pond,nfix,Probe,250,prior_shift,27,1.0,-1.1911339337215956,0.232,0.4985203973789896
pond,nfix,Probe,250,prior_shift,28,1.0,-1.0193625878227934,0.264,0.4985203973789896
pond,nfix,Probe,250,prior_shift,29,1.0,-0.8991990035162631,0.288,0.4985203973789896
pond,nfix,Probe,250,prior_shift,30,1.0,-0.8605004740742153,0.296,0.4985203973789896
pond,nfix,Probe,250,prior_shift,31,1.0,-0.8224035311684313,0.304,0.4985203973789896
pond,nfix,Probe,250,prior_shift,32,1.0,-0.918787501039673,0.284,0.4985203973789896
pond,nfix,Probe,250,prior_shift,33,1.0,-1.146761082178619,0.24,0.4985203973789896
pond,nfix,Probe,250,prior_shift,34,1.0,-1.1249547231265646,0.244,0.4985203973789896
pond,nfix,Probe,250,prior_shift,35,1.0,-0.9785805541409218,0.272,0.4985203973789896
pond,nfix,Probe,250,prior_shift,36,1.0,-0.8797718636656714,0.292,0.4985203973789896
pond,nfix,Probe,250,prior_shift,37,1.0,-0.7662972762758716,0.316,0.4985203973789896
pond,nfix,Probe,250,prior_shift,38,1.0,-0.998875105690688,0.268,0.4985203973789896
pond,nfix,Probe,250,prior_shift,39,1.0,-0.841379432627437,0.3,0.4985203973789896
pond,nfix,Probe,250,prior_shift,40,1.0,-1.1911339337215956,0.232,0.4985203973789896
pond,nfix,Probe,250,prior_shift,41,1.0,-1.1688175563811438,0.236,0.4985203973789896
pond,nfix,Probe,250,prior_shift,42,1.0,-1.1249547231265646,0.244,0.4985203973789896
pond,nfix,Probe,250,prior_shift,43,1.0,-0.998875105690688,0.268,0.4985203973789896
pond,nfix,Probe,250,prior_shift,44,1.0,-0.711326304379239,0.328,0.4985203973789896
pond,nfix,Probe,250,prior_shift,45,1.0,-0.9785805541409218,0.272,0.4985203973789896
pond,nfix,Probe,250,prior_shift,46,1.0,-1.0820554627032872,0.252,0.4985203973789896
pond,nfix,Probe,250,prior_shift,47,1.0,-0.621923654392412,0.348,0.4985203973789896
pond,nfix,Probe,250,prior_shift,48,1.0,-0.7848672223640946,0.312,0.4985203973789896
pond,nfix,Probe,250,prior_shift,49,1.0,-0.918787501039673,0.284,0.4985203973789896
pond,nfix,Probe,250,prior_shift,50,1.0,-0.841379432627437,0.3,0.4985203973789896
pond,nfix,Probe,250,prior_shift,51,1.0,-1.040050127422921,0.26,0.4985203973789896
pond,nfix,Probe,250,prior_shift,52,1.0,-1.1249547231265646,0.244,0.4985203973789896
pond,nfix,Probe,250,prior_shift,53,1.0,-0.9584720989087996,0.276,0.4985203973789896
pond,nfix,Probe,250,prior_shift,54,1.0,-1.0609451625937627,0.256,0.4985203973789896
pond,nfix,Probe,250,prior_shift,55,1.0,-1.040050127422921,0.26,0.4985203973789896
pond,nfix,Probe,250,prior_shift,56,1.0,-1.0609451625937627,0.256,0.4985203973789896
pond,nfix,Probe,250,prior_shift,57,1.0,-1.0609451625937627,0.256,0.4985203973789896
pond,nfix,Probe,250,prior_shift,58,1.0,-0.8991990035162631,0.288,0.4985203973789896
pond,nfix,Probe,250,prior_shift,59,1.0,-0.8797718636656714,0.292,0.4985203973789896
pond,nfix,Probe,250,prior_shift,60,1.0,-1.2832121849064764,0.216,0.4985203973789896
pond,nfix,Probe,250,prior_shift,61,1.0,-1.3311048843533415,0.208,0.4985203973789896
pond,nfix,Probe,250,prior_shift,62,1.0,-0.9785805541409218,0.272,0.4985203973789896
pond,nfix,Probe,250,prior_shift,63,1.0,-0.8224035311684313,0.304,0.4985203973789896
pond,nfix,Probe,250,prior_shift,64,1.0,-1.2137204933105687,0.228,0.4985203973789896
pond,nfix,Probe,250,prior_shift,65,1.0,-1.0193625878227934,0.264,0.4985203973789896
pond,nfix,Probe,250,prior_shift,66,1.0,-0.8991990035162631,0.288,0.4985203973789896
pond,nfix,Probe,250,prior_shift,67,1.0,-0.8605004740742153,0.296,0.4985203973789896
pond,nfix,Probe,250,prior_shift,68,1.0,-0.8991990035162631,0.288,0.4985203973789896
pond,nfix,Probe,250,prior_shift,69,1.0,-0.8797718636656714,0.292,0.4985203973789896
pond,nfix,Probe,250,prior_shift,70,1.0,-1.2365880405684124,0.224,0.4985203973789896
pond,nfix,Probe,250,prior_shift,71,1.0,-1.040050127422921,0.26,0.4985203973789896
pond,nfix,Probe,250,prior_shift,72,1.0,-1.2832121849064764,0.216,0.4985203973789896
pond,nfix,Probe,250,prior_shift,73,1.0,-1.146761082178619,0.24,0.4985203973789896
pond,nfix,Probe,250,prior_shift,74,1.0,-1.3555607642404002,0.204,0.4985203973789896
pond,nfix,Probe,250,prior_shift,75,1.0,-1.2597479455715093,0.22,0.4985203973789896
pond,nfix,Probe,250,prior_shift,76,1.0,-1.0193625878227934,0.264,0.4985203973789896
pond,nfix,Probe,250,prior_shift,77,1.0,-1.040050127422921,0.26,0.4985203973789896
pond,nfix,Probe,250,prior_shift,78,1.0,-0.7662972762758716,0.316,0.4985203973789896
pond,nfix,Probe,250,prior_shift,79,1.0,-0.998875105690688,0.268,0.4985203973789896
pond,nfix,Probe,250,prior_shift,80,1.0,-0.998875105690688,0.268,0.4985203973789896
pond,nfix,Probe,250,prior_shift,81,1.0,-0.7478533746166134,0.32,0.4985203973789896
pond,nfix,Probe,250,prior_shift,82,1.0,-0.998875105690688,0.268,0.4985203973789896
pond,nfix,Probe,250,prior_shift,83,1.0,-1.2597479455715093,0.22,0.4985203973789896
pond,nfix,Probe,250,prior_shift,84,1.0,-0.9785805541409218,0.272,0.4985203973789896
pond,nfix,Probe,250,prior_shift,85,1.0,-1.2137204933105687,0.228,0.4985203973789896
pond,nfix,Probe,250,prior_shift,86,1.0,-0.8991990035162631,0.288,0.4985203973789896
pond,nfix,Probe,250,prior_shift,87,1.0,-1.2832121849064764,0.216,0.4985203973789896
pond,nfix,Probe,250,prior_shift,88,1.0,-1.0820554627032872,0.252,0.4985203973789896
pond,nfix,Probe,250,prior_shift,89,1.0,-0.729531132490868,0.324,0.4985203973789896
pond,nfix,Probe,250,prior_shift,90,1.0,-1.0820554627032872,0.252,0.4985203973789896
pond,nfix,Probe,250,prior_shift,91,1.0,-0.729531132490868,0.324,0.4985203973789896
pond,nfix,Probe,250,prior_shift,92,1.0,-1.0820554627032872,0.252,0.4985203973789896
pond,nfix,Probe,250,prior_shift,93,1.0,-1.040050127422921,0.26,0.4985203973789896
pond,nfix,Probe,250,prior_shift,94,1.0,-1.2137204933105687,0.228,0.4985203973789896
pond,nfix,Probe,250,prior_shift,95,1.0,-0.9785805541409218,0.272,0.4985203973789896
pond,nfix,Probe,250,prior_shift,96,1.0,-0.8797718636656714,0.292,0.4985203973789896
pond,nfix,Probe,250,prior_shift,97,1.0,-0.8605004740742153,0.296,0.4985203973789896
pond,nfix,Probe,250,prior_shift,98,1.0,-1.146761082178619,0.24,0.4985203973789896
pond,nfix,Probe,250,prior_shift,99,1.0,-0.7848672223640946,0.312,0.4985203973789896
pond,nfix,NTP,250,prior_shift,0,1.0,-1.3069933874261002,0.212,0.4985203973789896
pond,nfix,NTP,250,prior_shift,1,1.0,-0.7848672223640946,0.312,0.4985203973789896
pond,nfix,NTP,250,prior_shift,2,1.0,-0.9385431810810845,0.28,0.4985203973789896
pond,nfix,NTP,250,prior_shift,3,1.0,-0.9385431810810845,0.28,0.4985203973789896
pond,nfix,NTP,250,prior_shift,4,1.0,-0.8797718636656714,0.292,0.4985203973789896
pond,nfix,NTP,250,prior_shift,5,1.0,-0.918787501039673,0.284,0.4985203973789896
pond,nfix,NTP,250,prior_shift,6,1.0,-0.8991990035162631,0.288,0.4985203973789896
pond,nfix,NTP,250,prior_shift,7,1.0,-0.9584720989087996,0.276,0.4985203973789896
pond,nfix,NTP,250,prior_shift,8,1.0,-0.8035677448843285,0.308,0.4985203973789896
pond,nfix,NTP,250,prior_shift,9,1.0,-0.998875105690688,0.268,0.4985203973789896
pond,nfix,NTP,250,prior_shift,10,1.0,-1.2832121849064764,0.216,0.4985203973789896
pond,nfix,NTP,250,prior_shift,11,1.0,-0.604341092994411,0.352,0.4985203973789896
pond,nfix,NTP,250,prior_shift,12,1.0,-1.0820554627032872,0.252,0.4985203973789896
pond,nfix,NTP,250,prior_shift,13,1.0,-1.1688175563811438,0.236,0.4985203973789896
pond,nfix,NTP,250,prior_shift,14,1.0,-0.918787501039673,0.284,0.4985203973789896
pond,nfix,NTP,250,prior_shift,15,1.0,-1.3069933874261002,0.212,0.4985203973789896
pond,nfix,NTP,250,prior_shift,16,1.0,-0.9785805541409218,0.272,0.4985203973789896
pond,nfix,NTP,250,prior_shift,17,1.0,-1.1033891500250912,0.248,0.4985203973789896
pond,nfix,NTP,250,prior_shift,18,1.0,-0.9584720989087996,0.276,0.4985203973789896
pond,nfix,NTP,250,prior_shift,19,1.0,-1.1911339337215956,0.232,0.4985203973789896
pond,nfix,NTP,250,prior_shift,20,1.0,-0.9385431810810845,0.28,0.4985203973789896
pond,nfix,NTP,250,prior_shift,21,1.0,-0.8605004740742153,0.296,0.4985203973789896
pond,nfix,NTP,250,prior_shift,22,1.0,-0.8797718636656714,0.292,0.4985203973789896
pond,nfix,NTP,250,prior_shift,23,1.0,-0.7848672223640946,0.312,0.4985203973789896
pond,nfix,NTP,250,prior_shift,24,1.0,-0.9584720989087996,0.276,0.4985203973789896
pond,nfix,NTP,250,prior_shift,25,1.0,-1.1249547231265646,0.244,0.4985203973789896
pond,nfix,NTP,250,prior_shift,26,1.0,-1.2137204933105687,0.228,0.4985203973789896
pond,nfix,NTP,250,prior_shift,27,1.0,-1.1911339337215956,0.232,0.4985203973789896
pond,nfix,NTP,250,prior_shift,28,1.0,-1.0193625878227934,0.264,0.4985203973789896
pond,nfix,NTP,250,prior_shift,29,1.0,-0.8991990035162631,0.288,0.4985203973789896
pond,nfix,NTP,250,prior_shift,30,1.0,-0.8605004740742153,0.296,0.4985203973789896
pond,nfix,NTP,250,prior_shift,31,1.0,-0.8224035311684313,0.304,0.4985203973789896
pond,nfix,NTP,250,prior_shift,32,1.0,-0.918787501039673,0.284,0.4985203973789896
pond,nfix,NTP,250,prior_shift,33,1.0,-1.146761082178619,0.24,0.4985203973789896
pond,nfix,NTP,250,prior_shift,34,1.0,-1.1249547231265646,0.244,0.4985203973789896
pond,nfix,NTP,250,prior_shift,35,1.0,-0.9785805541409218,0.272,0.4985203973789896
pond,nfix,NTP,250,prior_shift,36,1.0,-0.8797718636656714,0.292,0.4985203973789896
pond,nfix,NTP,250,prior_shift,37,1.0,-0.7662972762758716,0.316,0.4985203973789896
pond,nfix,NTP,250,prior_shift,38,1.0,-0.998875105690688,0.268,0.4985203973789896
pond,nfix,NTP,250,prior_shift,39,1.0,-0.841379432627437,0.3,0.4985203973789896
pond,nfix,NTP,250,prior_shift,40,1.0,-1.1911339337215956,0.232,0.4985203973789896
pond,nfix,NTP,250,prior_shift,41,1.0,-1.1688175563811438,0.236,0.4985203973789896
pond,nfix,NTP,250,prior_shift,42,1.0,-1.1249547231265646,0.244,0.4985203973789896
pond,nfix,NTP,250,prior_shift,43,1.0,-0.998875105690688,0.268,0.4985203973789896
pond,nfix,NTP,250,prior_shift,44,1.0,-0.711326304379239,0.328,0.4985203973789896
pond,nfix,NTP,250,prior_shift,45,1.0,-0.9785805541409218,0.272,0.4985203973789896
pond,nfix,NTP,250,prior_shift,46,1.0,-1.0820554627032872,0.252,0.4985203973789896
pond,nfix,NTP,250,prior_shift,47,1.0,-0.621923654392412,0.348,0.4985203973789896
pond,nfix,NTP,250,prior_shift,48,1.0,-0.7848672223640946,0.312,0.4985203973789896
pond,nfix,NTP,250,prior_shift,49,1.0,-0.918787501039673,0.284,0.4985203973789896
pond,nfix,NTP,250,prior_shift,50,1.0,-0.841379432627437,0.3,0.4985203973789896
pond,nfix,NTP,250,prior_shift,51,1.0,-1.040050127422921,0.26,0.4985203973789896
pond,nfix,NTP,250,prior_shift,52,1.0,-1.1249547231265646,0.244,0.4985203973789896
pond,nfix,NTP,250,prior_shift,53,1.0,-0.9584720989087996,0.276,0.4985203973789896
pond,nfix,NTP,250,prior_shift,54,1.0,-1.0609451625937627,0.256,0.4985203973789896
pond,nfix,NTP,250,prior_shift,55,1.0,-1.040050127422921,0.26,0.4985203973789896
pond,nfix,NTP,250,prior_shift,56,1.0,-1.0609451625937627,0.256,0.4985203973789896
pond,nfix,NTP,250,prior_shift,57,1.0,-1.0609451625937627,0.256,0.4985203973789896
pond,nfix,NTP,250,prior_shift,58,1.0,-0.8991990035162631,0.288,0.4985203973789896
pond,nfix,NTP,250,prior_shift,59,1.0,-0.8797718636656714,0.292,0.4985203973789896
pond,nfix,NTP,250,prior_shift,60,1.0,-1.2832121849064764,0.216,0.4985203973789896
pond,nfix,NTP,250,prior_shift,61,1.0,-1.3311048843533415,0.208,0.4985203973789896
pond,nfix,NTP,250,prior_shift,62,1.0,-0.9785805541409218,0.272,0.4985203973789896
pond,nfix,NTP,250,prior_shift,63,1.0,-0.8224035311684313,0.304,0.4985203973789896
pond,nfix,NTP,250,prior_shift,64,1.0,-1.2137204933105687,0.228,0.4985203973789896
pond,nfix,NTP,250,prior_shift,65,1.0,-1.0193625878227934,0.264,0.4985203973789896
pond,nfix,NTP,250,prior_shift,66,1.0,-0.8991990035162631,0.288,0.4985203973789896
pond,nfix,NTP,250,prior_shift,67,1.0,-0.8605004740742153,0.296,0.4985203973789896
pond,nfix,NTP,250,prior_shift,68,1.0,-0.8991990035162631,0.288,0.4985203973789896
pond,nfix,NTP,250,prior_shift,69,1.0,-0.8797718636656714,0.292,0.4985203973789896
pond,nfix,NTP,250,prior_shift,70,1.0,-1.2365880405684124,0.224,0.4985203973789896
pond,nfix,NTP,250,prior_shift,71,1.0,-1.040050127422921,0.26,0.4985203973789896
pond,nfix,NTP,250,prior_shift,72,1.0,-1.2832121849064764,0.216,0.4985203973789896
pond,nfix,NTP,250,prior_shift,73,1.0,-1.146761082178619,0.24,0.4985203973789896
pond,nfix,NTP,250,prior_shift,74,1.0,-1.3555607642404002,0.204,0.4985203973789896
pond,nfix,NTP,250,prior_shift,75,1.0,-1.2597479455715093,0.22,0.4985203973789896
pond,nfix,NTP,250,prior_shift,76,1.0,-1.0193625878227934,0.264,0.4985203973789896
pond,nfix,NTP,250,prior_shift,77,1.0,-1.040050127422921,0.26,0.4985203973789896
pond,nfix,NTP,250,prior_shift,78,1.0,-0.7662972762758716,0.316,0.4985203973789896
pond,nfix,NTP,250,prior_shift,79,1.0,-0.998875105690688,0.268,0.4985203973789896
pond,nfix,NTP,250,prior_shift,80,1.0,-0.998875105690688,0.268,0.4985203973789896
pond,nfix,NTP,250,prior_shift,81,1.0,-0.7478533746166134,0.32,0.4985203973789896
pond,nfix,NTP,250,prior_shift,82,1.0,-0.998875105690688,0.268,0.4985203973789896
pond,nfix,NTP,250,prior_shift,83,1.0,-1.2597479455715093,0.22,0.4985203973789896
pond,nfix,NTP,250,prior_shift,84,1.0,-0.9785805541409218,0.272,0.4985203973789896
pond,nfix,NTP,250,prior_shift,85,1.0,-1.2137204933105687,0.228,0.4985203973789896
pond,nfix,NTP,250,prior_shift,86,1.0,-0.8991990035162631,0.288,0.4985203973789896
pond,nfix,NTP,250,prior_shift,87,1.0,-1.2832121849064764,0.216,0.4985203973789896
pond,nfix,NTP,250,prior_shift,88,1.0,-1.0820554627032872,0.252,0.4985203973789896
pond,nfix,NTP,250,prior_shift,89,1.0,-0.729531132490868,0.324,0.4985203973789896
pond,nfix,NTP,250,prior_shift,90,1.0,-1.0820554627032872,0.252,0.4985203973789896
pond,nfix,NTP,250,prior_shift,91,1.0,-0.729531132490868,0.324,0.4985203973789896
pond,nfix,NTP,250,prior_shift,92,1.0,-1.0820554627032872,0.252,0.4985203973789896
pond,nfix,NTP,250,prior_shift,93,1.0,-1.040050127422921,0.26,0.4985203973789896
pond,nfix,NTP,250,prior_shift,94,1.0,-1.2137204933105687,0.228,0.4985203973789896
pond,nfix,NTP,250,prior_shift,95,1.0,-0.9785805541409218,0.272,0.4985203973789896
pond,nfix,NTP,250,prior_shift,96,1.0,-0.8797718636656714,0.292,0.4985203973789896
pond,nfix,NTP,250,prior_shift,97,1.0,-0.8605004740742153,0.296,0.4985203973789896
pond,nfix,NTP,250,prior_shift,98,1.0,-1.146761082178619,0.24,0.4985203973789896
pond,nfix,NTP,250,prior_shift,99,1.0,-0.7848672223640946,0.312,0.4985203973789896
pond,nfix,Probe,500,prior_shift,0,1.0,-1.0820554627032872,0.252,0.4985203973789896
pond,nfix,Probe,500,prior_shift,1,1.0,-0.998875105690688,0.268,0.4985203973789896
pond,nfix,Probe,500,prior_shift,2,1.0,-1.1688175563811438,0.236,0.4985203973789896
pond,nfix,Probe,500,prior_shift,3,1.0,-1.0609451625937627,0.256,0.4985203973789896
pond,nfix,Probe,500,prior_shift,4,1.0,-0.7478533746166134,0.32,0.4985203973789896
pond,nfix,Probe,500,prior_shift,5,1.0,-0.841379432627437,0.3,0.4985203973789896
pond,nfix,Probe,500,prior_shift,6,1.0,-0.9385431810810845,0.28,0.4985203973789896
pond,nfix,Probe,500,prior_shift,7,1.0,-1.00909429207305,0.266,0.4985203973789896
pond,nfix,Probe,500,prior_shift,8,1.0,-0.6663012326942226,0.338,0.4985203973789896
pond,nfix,Probe,500,prior_shift,9,1.0,-1.0714729054254577,0.254,0.4985203973789896
pond,nfix,Probe,500,prior_shift,10,1.0,-1.1688175563811438,0.236,0.4985203973789896
pond,nfix,Probe,500,prior_shift,11,1.0,-0.7204143017858327,0.326,0.4985203973789896
pond,nfix,Probe,500,prior_shift,12,1.0,-0.9887041473842952,0.27,0.4985203973789896
pond,nfix,Probe,500,prior_shift,13,1.0,-1.0820554627032872,0.252,0.4985203973789896
pond,nfix,Probe,500,prior_shift,14,1.0,-0.968503480676959,0.274,0.4985203973789896
pond,nfix,Probe,500,prior_shift,15,1.0,-1.1799426266231232,0.234,0.4985203973789896
pond,nfix,Probe,500,prior_shift,16,1.0,-0.8318736576277362,0.302,0.4985203973789896
pond,nfix,Probe,500,prior_shift,17,1.0,-1.2481307145463456,0.222,0.4985203973789896
pond,nfix,Probe,500,prior_shift,18,1.0,-1.0820554627032872,0.252,0.4985203973789896
pond,nfix,Probe,500,prior_shift,19,1.0,-1.0714729054254577,0.254,0.4985203973789896
pond,nfix,Probe,500,prior_shift,20,1.0,-1.1033891500250912,0.248,0.4985203973789896
pond,nfix,Probe,500,prior_shift,21,1.0,-0.8509214897606399,0.298,0.4985203973789896
pond,nfix,Probe,500,prior_shift,22,1.0,-1.0820554627032872,0.252,0.4985203973789896
pond,nfix,Probe,500,prior_shift,23,1.0,-0.998875105690688,0.268,0.4985203973789896
pond,nfix,Probe,500,prior_shift,24,1.0,-0.7478533746166134,0.32,0.4985203973789896
pond,nfix,Probe,500,prior_shift,25,1.0,-1.0609451625937627,0.256,0.4985203973789896
pond,nfix,Probe,500,prior_shift,26,1.0,-1.2251184465576745,0.226,0.4985203973789896
pond,nfix,Probe,500,prior_shift,27,1.0,-1.1358272317259186,0.242,0.4985203973789896
pond,nfix,Probe,500,prior_shift,28,1.0,-0.928644070350344,0.282,0.4985203973789896
pond,nfix,Probe,500,prior_shift,29,1.0,-0.7570598473035185,0.318,0.4985203973789896
pond,nfix,Probe,500,prior_shift,30,1.0,-0.7478533746166134,0.32,0.4985203973789896
pond,nfix,Probe,500,prior_shift,31,1.0,-0.918787501039673,0.284,0.4985203973789896
pond,nfix,Probe,500,prior_shift,32,1.0,-0.7755662140578651,0.314,0.4985203973789896
pond,nfix,Probe,500,prior_shift,33,1.0,-1.040050127422921,0.26,0.4985203973789896
pond,nfix,Probe,500,prior_shift,34,1.0,-0.928644070350344,0.282,0.4985203973789896
pond,nfix,Probe,500,prior_shift,35,1.0,-1.1141424043158266,0.246,0.4985203973789896
pond,nfix,Probe,500,prior_shift,36,1.0,-1.0820554627032872,0.252,0.4985203973789896
pond,nfix,Probe,500,prior_shift,37,1.0,-0.8797718636656714,0.292,0.4985203973789896
pond,nfix,Probe,500,prior_shift,38,1.0,-1.2251184465576745,0.226,0.4985203973789896
pond,nfix,Probe,500,prior_shift,39,1.0,-0.9484855974424223,0.278,0.4985203973789896
pond,nfix,Probe,500,prior_shift,40,1.0,-1.157757454255405,0.238,0.4985203973789896
pond,nfix,Probe,500,prior_shift,41,1.0,-1.0714729054254577,0.254,0.4985203973789896
pond,nfix,Probe,500,prior_shift,42,1.0,-0.918787501039673,0.284,0.4985203973789896
pond,nfix,Probe,500,prior_shift,43,1.0,-0.9089727237599652,0.286,0.4985203973789896
pond,nfix,Probe,500,prior_shift,44,1.0,-0.7204143017858327,0.326,0.4985203973789896
pond,nfix,Probe,500,prior_shift,45,1.0,-1.2251184465576745,0.226,0.4985203973789896
pond,nfix,Probe,500,prior_shift,46,1.0,-1.1799426266231232,0.234,0.4985203973789896
pond,nfix,Probe,500,prior_shift,47,1.0,-0.7386773146362205,0.322,0.4985203973789896
pond,nfix,Probe,500,prior_shift,48,1.0,-0.8224035311684313,0.304,0.4985203973789896
pond,nfix,Probe,500,prior_shift,49,1.0,-0.928644070350344,0.282,0.4985203973789896
pond,nfix,Probe,500,prior_shift,50,1.0,-0.7662972762758716,0.316,0.4985203973789896
pond,nfix,Probe,500,prior_shift,51,1.0,-1.040050127422921,0.26,0.4985203973789896
pond,nfix,Probe,500,prior_shift,52,1.0,-0.9584720989087996,0.276,0.4985203973789896
pond,nfix,Probe,500,prior_shift,53,1.0,-0.8224035311684313,0.304,0.4985203973789896
pond,nfix,Probe,500,prior_shift,54,1.0,-1.0609451625937627,0.256,0.4985203973789896
pond,nfix,Probe,500,prior_shift,55,1.0,-0.9785805541409218,0.272,0.4985203973789896
pond,nfix,Probe,500,prior_shift,56,1.0,-1.0714729054254577,0.254,0.4985203973789896
pond,nfix,Probe,500,prior_shift,57,1.0,-1.0820554627032872,0.252,0.4985203973789896
pond,nfix,Probe,500,prior_shift,58,1.0,-0.928644070350344,0.282,0.4985203973789896
pond,nfix,Probe,500,prior_shift,59,1.0,-0.8701170423947937,0.294,0.4985203973789896
pond,nfix,Probe,500,prior_shift,60,1.0,-1.2597479455715093,0.22,0.4985203973789896
pond,nfix,Probe,500,prior_shift,61,1.0,-0.998875105690688,0.268,0.4985203973789896
pond,nfix,Probe,500,prior_shift,62,1.0,-0.9584720989087996,0.276,0.4985203973789896
pond,nfix,Probe,500,prior_shift,63,1.0,-1.0609451625937627,0.256,0.4985203973789896
pond,nfix,Probe,500,prior_shift,64,1.0,-1.1358272317259186,0.242,0.4985203973789896
pond,nfix,Probe,500,prior_shift,65,1.0,-0.5694457171437952,0.36,0.4985203973789896
pond,nfix,Probe,500,prior_shift,66,1.0,-0.9484855974424223,0.278,0.4985203973789896
pond,nfix,Probe,500,prior_shift,67,1.0,-0.9887041473842952,0.27,0.4985203973789896
pond,nfix,Probe,500,prior_shift,68,1.0,-0.841379432627437,0.3,0.4985203973789896
pond,nfix,Probe,500,prior_shift,69,1.0,-1.0609451625937627,0.256,0.4985203973789896
pond,nfix,Probe,500,prior_shift,70,1.0,-0.9385431810810845,0.28,0.4985203973789896
pond,nfix,Probe,500,prior_shift,71,1.0,-1.2251184465576745,0.226,0.4985203973789896
pond,nfix,Probe,500,prior_shift,72,1.0,-1.1799426266231232,0.234,0.4985203973789896
pond,nfix,Probe,500,prior_shift,73,1.0,-1.0926938609083432,0.25,0.4985203973789896
pond,nfix,Probe,500,prior_shift,74,1.0,-1.0714729054254577,0.254,0.4985203973789896
pond,nfix,Probe,500,prior_shift,75,1.0,-0.968503480676959,0.274,0.4985203973789896
pond,nfix,Probe,500,prior_shift,76,1.0,-1.0504712304859964,0.258,0.4985203973789896
pond,nfix,Probe,500,prior_shift,77,1.0,-1.3190069869838321,0.21,0.4985203973789896
pond,nfix,Probe,500,prior_shift,78,1.0,-0.8991990035162631,0.288,0.4985203973789896
pond,nfix,Probe,500,prior_shift,79,1.0,-1.1358272317259186,0.242,0.4985203973789896
pond,nfix,Probe,500,prior_shift,80,1.0,-1.1358272317259186,0.242,0.4985203973789896
pond,nfix,Probe,500,prior_shift,81,1.0,-0.928644070350344,0.282,0.4985203973789896
pond,nfix,Probe,500,prior_shift,82,1.0,-0.8605004740742153,0.296,0.4985203973789896
pond,nfix,Probe,500,prior_shift,83,1.0,-1.0714729054254577,0.254,0.4985203973789896
pond,nfix,Probe,500,prior_shift,84,1.0,-0.968503480676959,0.274,0.4985203973789896
pond,nfix,Probe,500,prior_shift,85,1.0,-0.9089727237599652,0.286,0.4985203973789896
pond,nfix,Probe,500,prior_shift,86,1.0,-1.0609451625937627,0.256,0.4985203973789896
pond,nfix,Probe,500,prior_shift,87,1.0,-1.1033891500250912,0.248,0.4985203973789896
pond,nfix,Probe,500,prior_shift,88,1.0,-1.1688175563811438,0.236,0.4985203973789896
pond,nfix,Probe,500,prior_shift,89,1.0,-0.8894656192950746,0.29,0.4985203973789896
pond,nfix,Probe,500,prior_shift,90,1.0,-1.1033891500250912,0.248,0.4985203973789896
pond,nfix,Probe,500,prior_shift,91,1.0,-0.8991990035162631,0.288,0.4985203973789896
pond,nfix,Probe,500,prior_shift,92,1.0,-0.8701170423947937,0.294,0.4985203973789896
pond,nfix,Probe,500,prior_shift,93,1.0,-0.928644070350344,0.282,0.4985203973789896
pond,nfix,Probe,500,prior_shift,94,1.0,-1.1033891500250912,0.248,0.4985203973789896
pond,nfix,Probe,500,prior_shift,95,1.0,-0.9785805541409218,0.272,0.4985203973789896
pond,nfix,Probe,500,prior_shift,96,1.0,-0.8035677448843285,0.308,0.4985203973789896
pond,nfix,Probe,500,prior_shift,97,1.0,-0.6842302498039219,0.334,0.4985203973789896
pond,nfix,Probe,500,prior_shift,98,1.0,-1.1141424043158266,0.246,0.4985203973789896
pond,nfix,Probe,500,prior_shift,99,1.0,-0.8701170423947937,0.294,0.4985203973789896
pond,nfix,NTP,500,prior_shift,0,1.0,-1.0820554627032872,0.252,0.4985203973789896
pond,nfix,NTP,500,prior_shift,1,1.0,-0.998875105690688,0.268,0.4985203973789896
pond,nfix,NTP,500,prior_shift,2,1.0,-1.1688175563811438,0.236,0.4985203973789896
pond,nfix,NTP,500,prior_shift,3,1.0,-1.0609451625937627,0.256,0.4985203973789896
pond,nfix,NTP,500,prior_shift,4,1.0,-0.7478533746166134,0.32,0.4985203973789896
pond,nfix,NTP,500,prior_shift,5,1.0,-0.841379432627437,0.3,0.4985203973789896
pond,nfix,NTP,500,prior_shift,6,1.0,-0.9385431810810845,0.28,0.4985203973789896
pond,nfix,NTP,500,prior_shift,7,1.0,-1.00909429207305,0.266,0.4985203973789896
pond,nfix,NTP,500,prior_shift,8,1.0,-0.6663012326942226,0.338,0.4985203973789896
pond,nfix,NTP,500,prior_shift,9,1.0,-1.0714729054254577,0.254,0.4985203973789896
pond,nfix,NTP,500,prior_shift,10,1.0,-1.1688175563811438,0.236,0.4985203973789896
pond,nfix,NTP,500,prior_shift,11,1.0,-0.7204143017858327,0.326,0.4985203973789896
pond,nfix,NTP,500,prior_shift,12,1.0,-0.9887041473842952,0.27,0.4985203973789896
pond,nfix,NTP,500,prior_shift,13,1.0,-1.0820554627032872,0.252,0.4985203973789896
pond,nfix,NTP,500,prior_shift,14,1.0,-0.968503480676959,0.274,0.4985203973789896
pond,nfix,NTP,500,prior_shift,15,1.0,-1.1799426266231232,0.234,0.4985203973789896
pond,nfix,NTP,500,prior_shift,16,1.0,-0.8318736576277362,0.302,0.4985203973789896
pond,nfix,NTP,500,prior_shift,17,1.0,-1.2481307145463456,0.222,0.4985203973789896
pond,nfix,NTP,500,prior_shift,18,1.0,-1.0820554627032872,0.252,0.4985203973789896
pond,nfix,NTP,500,prior_shift,19,1.0,-1.0714729054254577,0.254,0.4985203973789896
pond,nfix,NTP,500,prior_shift,20,1.0,-1.1033891500250912,0.248,0.4985203973789896
pond,nfix,NTP,500,prior_shift,21,1.0,-0.8509214897606399,0.298,0.4985203973789896
pond,nfix,NTP,500,prior_shift,22,1.0,-1.0820554627032872,0.252,0.4985203973789896
pond,nfix,NTP,500,prior_shift,23,1.0,-0.998875105690688,0.268,0.4985203973789896
pond,nfix,NTP,500,prior_shift,24,1.0,-0.7478533746166134,0.32,0.4985203973789896
pond,nfix,NTP,500,prior_shift,25,1.0,-1.0609451625937627,0.256,0.4985203973789896
pond,nfix,NTP,500,prior_shift,26,1.0,-1.2251184465576745,0.226,0.4985203973789896
pond,nfix,NTP,500,prior_shift,27,1.0,-1.1358272317259186,0.242,0.4985203973789896
pond,nfix,NTP,500,prior_shift,28,1.0,-0.928644070350344,0.282,0.4985203973789896
pond,nfix,NTP,500,prior_shift,29,1.0,-0.7570598473035185,0.318,0.4985203973789896
pond,nfix,NTP,500,prior_shift,30,1.0,-0.7478533746166134,0.32,0.4985203973789896
pond,nfix,NTP,500,prior_shift,31,1.0,-0.918787501039673,0.284,0.4985203973789896
pond,nfix,NTP,500,prior_shift,32,1.0,-0.7755662140578651,0.314,0.4985203973789896
pond,nfix,NTP,500,prior_shift,33,1.0,-1.040050127422921,0.26,0.4985203973789896
pond,nfix,NTP,500,prior_shift,34,1.0,-0.928644070350344,0.282,0.4985203973789896
pond,nfix,NTP,500,prior_shift,35,1.0,-1.1141424043158266,0.246,0.4985203973789896
pond,nfix,NTP,500,prior_shift,36,1.0,-1.0820554627032872,0.252,0.4985203973789896
pond,nfix,NTP,500,prior_shift,37,1.0,-0.8797718636656714,0.292,0.4985203973789896
pond,nfix,NTP,500,prior_shift,38,1.0,-1.2251184465576745,0.226,0.4985203973789896
pond,nfix,NTP,500,prior_shift,39,1.0,-0.9484855974424223,0.278,0.4985203973789896
pond,nfix,NTP,500,prior_shift,40,1.0,-1.157757454255405,0.238,0.4985203973789896
pond,nfix,NTP,500,prior_shift,41,1.0,-1.0714729054254577,0.254,0.4985203973789896
pond,nfix,NTP,500,prior_shift,42,1.0,-0.918787501039673,0.284,0.4985203973789896
pond,nfix,NTP,500,prior_shift,43,1.0,-0.9089727237599652,0.286,0.4985203973789896
pond,nfix,NTP,500,prior_shift,44,1.0,-0.7204143017858327,0.326,0.4985203973789896
pond,nfix,NTP,500,prior_shift,45,1.0,-1.2251184465576745,0.226,0.4985203973789896
pond,nfix,NTP,500,prior_shift,46,1.0,-1.1799426266231232,0.234,0.4985203973789896
pond,nfix,NTP,500,prior_shift,47,1.0,-0.7386773146362205,0.322,0.4985203973789896
pond,nfix,NTP,500,prior_shift,48,1.0,-0.8224035311684313,0.304,0.4985203973789896
pond,nfix,NTP,500,prior_shift,49,1.0,-0.928644070350344,0.282,0.4985203973789896
pond,nfix,NTP,500,prior_shift,50,1.0,-0.7662972762758716,0.316,0.4985203973789896
pond,nfix,NTP,500,prior_shift,51,1.0,-1.040050127422921,0.26,0.4985203973789896
pond,nfix,NTP,500,prior_shift,52,1.0,-0.9584720989087996,0.276,0.4985203973789896
pond,nfix,NTP,500,prior_shift,53,1.0,-0.8224035311684313,0.304,0.4985203973789896
pond,nfix,NTP,500,prior_shift,54,1.0,-1.0609451625937627,0.256,0.4985203973789896
pond,nfix,NTP,500,prior_shift,55,1.0,-0.9785805541409218,0.272,0.4985203973789896
pond,nfix,NTP,500,prior_shift,56,1.0,-1.0714729054254577,0.254,0.4985203973789896
pond,nfix,NTP,500,prior_shift,57,1.0,-1.0820554627032872,0.252,0.4985203973789896
pond,nfix,NTP,500,prior_shift,58,1.0,-0.928644070350344,0.282,0.4985203973789896
pond,nfix,NTP,500,prior_shift,59,1.0,-0.8701170423947937,0.294,0.4985203973789896
pond,nfix,NTP,500,prior_shift,60,1.0,-1.2597479455715093,0.22,0.4985203973789896
pond,nfix,NTP,500,prior_shift,61,1.0,-0.998875105690688,0.268,0.4985203973789896
pond,nfix,NTP,500,prior_shift,62,1.0,-0.9584720989087996,0.276,0.4985203973789896
pond,nfix,NTP,500,prior_shift,63,1.0,-1.0609451625937627,0.256,0.4985203973789896
pond,nfix,NTP,500,prior_shift,64,1.0,-1.1358272317259186,0.242,0.4985203973789896
pond,nfix,NTP,500,prior_shift,65,1.0,-0.5694457171437952,0.36,0.4985203973789896
pond,nfix,NTP,500,prior_shift,66,1.0,-0.9484855974424223,0.278,0.4985203973789896
pond,nfix,NTP,500,prior_shift,67,1.0,-0.9887041473842952,0.27,0.4985203973789896
pond,nfix,NTP,500,prior_shift,68,1.0,-0.841379432627437,0.3,0.4985203973789896
pond,nfix,NTP,500,prior_shift,69,1.0,-1.0609451625937627,0.256,0.4985203973789896
pond,nfix,NTP,500,prior_shift,70,1.0,-0.9385431810810845,0.28,0.4985203973789896
pond,nfix,NTP,500,prior_shift,71,1.0,-1.2251184465576745,0.226,0.4985203973789896
pond,nfix,NTP,500,prior_shift,72,1.0,-1.1799426266231232,0.234,0.4985203973789896
pond,nfix,NTP,500,prior_shift,73,1.0,-1.0926938609083432,0.25,0.4985203973789896
pond,nfix,NTP,500,prior_shift,74,1.0,-1.0714729054254577,0.254,0.4985203973789896
pond,nfix,NTP,500,prior_shift,75,1.0,-0.968503480676959,0.274,0.4985203973789896
pond,nfix,NTP,500,prior_shift,76,1.0,-1.0504712304859964,0.258,0.4985203973789896
pond,nfix,NTP,500,prior_shift,77,1.0,-1.3190069869838321,0.21,0.4985203973789896
pond,nfix,NTP,500,prior_shift,78,1.0,-0.8991990035162631,0.288,0.4985203973789896
pond,nfix,NTP,500,prior_shift,79,1.0,-1.1358272317259186,0.242,0.4985203973789896
pond,nfix,NTP,500,prior_shift,80,1.0,-1.1358272317259186,0.242,0.4985203973789896
pond,nfix,NTP,500,prior_shift,81,1.0,-0.928644070350344,0.282,0.4985203973789896
pond,nfix,NTP,500,prior_shift,82,1.0,-0.8605004740742153,0.296,0.4985203973789896
pond,nfix,NTP,500,prior_shift,83,1.0,-1.0714729054254577,0.254,0.4985203973789896
pond,nfix,NTP,500,prior_shift,84,1.0,-0.968503480676959,0.274,0.4985203973789896
pond,nfix,NTP,500,prior_shift,85,1.0,-0.9089727237599652,0.286,0.4985203973789896
pond,nfix,NTP,500,prior_shift,86,1.0,-1.0609451625937627,0.256,0.4985203973789896
pond,nfix,NTP,500,prior_shift,87,1.0,-1.1033891500250912,0.248,0.4985203973789896
pond,nfix,NTP,500,prior_shift,88,1.0,-1.1688175563811438,0.236,0.4985203973789896
pond,nfix,NTP,500,prior_shift,89,1.0,-0.8894656192950746,0.29,0.4985203973789896
pond,nfix,NTP,500,prior_shift,90,1.0,-1.1033891500250912,0.248,0.4985203973789896
pond,nfix,NTP,500,prior_shift,91,1.0,-0.8991990035162631,0.288,0.4985203973789896
pond,nfix,NTP,500,prior_shift,92,1.0,-0.8701170423947937,0.294,0.4985203973789896
pond,nfix,NTP,500,prior_shift,93,1.0,-0.928644070350344,0.282,0.4985203973789896
pond,nfix,NTP,500,prior_shift,94,1.0,-1.1033891500250912,0.248,0.4985203973789896
pond,nfix,NTP,500,prior_shift,95,1.0,-0.9785805541409218,0.272,0.4985203973789896
pond,nfix,NTP,500,prior_shift,96,1.0,-0.8035677448843285,0.308,0.4985203973789896
pond,nfix,NTP,500,prior_shift,97,1.0,-0.6842302498039219,0.334,0.4985203973789896
pond,nfix,NTP,500,prior_shift,98,1.0,-1.1141424043158266,0.246,0.4985203973789896
pond,nfix,NTP,500,prior_shift,99,1.0,-0.8701170423947937,0.294,0.4985203973789896
pond,nfix,Probe,1000,prior_shift,0,1.0,-1.146761082178619,0.24,0.4985203973789896
pond,nfix,Probe,1000,prior_shift,1,1.0,-0.9138749346655906,0.285,0.4985203973789896
pond,nfix,Probe,1000,prior_shift,2,1.0,-1.1632794623895593,0.237,0.4985203973789896
pond,nfix,Probe,1000,prior_shift,3,1.0,-0.9634821294283367,0.275,0.4985203973789896
pond,nfix,Probe,1000,prior_shift,4,1.0,-0.7616746579337427,0.317,0.4985203973789896
pond,nfix,Probe,1000,prior_shift,5,1.0,-0.998875105690688,0.268,0.4985203973789896
pond,nfix,Probe,1000,prior_shift,6,1.0,-0.968503480676959,0.274,0.4985203973789896
pond,nfix,Probe,1000,prior_shift,7,1.0,-0.9887041473842952,0.27,0.4985203973789896
pond,nfix,Probe,1000,prior_shift,8,1.0,-0.8224035311684313,0.304,0.4985203973789896
pond,nfix,Probe,1000,prior_shift,9,1.0,-1.087367616625669,0.251,0.4985203973789896
pond,nfix,Probe,1000,prior_shift,10,1.0,-1.0504712304859964,0.258,0.4985203973789896
pond,nfix,Probe,1000,prior_shift,11,1.0,-0.6175192922463755,0.349,0.4985203973789896
pond,nfix,Probe,1000,prior_shift,12,1.0,-0.9634821294283367,0.275,0.4985203973789896
pond,nfix,Probe,1000,prior_shift,13,1.0,-1.146761082178619,0.24,0.4985203973789896
pond,nfix,Probe,1000,prior_shift,14,1.0,-0.9584720989087996,0.276,0.4985203973789896
pond,nfix,Probe,1000,prior_shift,15,1.0,-1.1522513781704087,0.239,0.4985203973789896
pond,nfix,Probe,1000,prior_shift,16,1.0,-0.8846138316008685,0.291,0.4985203973789896
pond,nfix,Probe,1000,prior_shift,17,1.0,-1.0980343275396607,0.249,0.4985203973789896
pond,nfix,Probe,1000,prior_shift,18,1.0,-1.1249547231265646,0.244,0.4985203973789896
pond,nfix,Probe,1000,prior_shift,19,1.0,-1.1799426266231232,0.234,0.4985203973789896
pond,nfix,Probe,1000,prior_shift,20,1.0,-0.9785805541409218,0.272,0.4985203973789896
pond,nfix,Probe,1000,prior_shift,21,1.0,-1.0714729054254577,0.254,0.4985203973789896
pond,nfix,Probe,1000,prior_shift,22,1.0,-1.1412864161452085,0.241,0.4985203973789896
pond,nfix,Probe,1000,prior_shift,23,1.0,-1.0348590858657416,0.261,0.4985203973789896
pond,nfix,Probe,1000,prior_shift,24,1.0,-0.8176816411976139,0.305,0.4985203973789896
pond,nfix,Probe,1000,prior_shift,25,1.0,-0.9584720989087996,0.276,0.4985203973789896
pond,nfix,Probe,1000,prior_shift,26,1.0,-1.157757454255405,0.238,0.4985203973789896
pond,nfix,Probe,1000,prior_shift,27,1.0,-1.1967548312240839,0.231,0.4985203973789896
pond,nfix,Probe,1000,prior_shift,28,1.0,-0.928644070350344,0.282,0.4985203973789896
pond,nfix,Probe,1000,prior_shift,29,1.0,-1.1141424043158266,0.246,0.4985203973789896
pond,nfix,Probe,1000,prior_shift,30,1.0,-0.8653040187126823,0.295,0.4985203973789896
pond,nfix,Probe,1000,prior_shift,31,1.0,-0.8701170423947937,0.294,0.4985203973789896
pond,nfix,Probe,1000,prior_shift,32,1.0,-0.7988801191101577,0.309,0.4985203973789896
pond,nfix,Probe,1000,prior_shift,33,1.0,-1.0820554627032872,0.252,0.4985203973789896
pond,nfix,Probe,1000,prior_shift,34,1.0,-0.9484855974424223,0.278,0.4985203973789896
pond,nfix,Probe,1000,prior_shift,35,1.0,-1.040050127422921,0.26,0.4985203973789896
pond,nfix,Probe,1000,prior_shift,36,1.0,-1.014222245466848,0.265,0.4985203973789896
pond,nfix,Probe,1000,prior_shift,37,1.0,-0.9634821294283367,0.275,0.4985203973789896
pond,nfix,Probe,1000,prior_shift,38,1.0,-1.1033891500250912,0.248,0.4985203973789896
pond,nfix,Probe,1000,prior_shift,39,1.0,-1.0193625878227934,0.264,0.4985203973789896
pond,nfix,Probe,1000,prior_shift,40,1.0,-1.1141424043158266,0.246,0.4985203973789896
pond,nfix,Probe,1000,prior_shift,41,1.0,-1.0039786157266353,0.267,0.4985203973789896
pond,nfix,Probe,1000,prior_shift,42,1.0,-0.9634821294283367,0.275,0.4985203973789896
pond,nfix,Probe,1000,prior_shift,43,1.0,-0.9385431810810845,0.28,0.4985203973789896
pond,nfix,Probe,1000,prior_shift,44,1.0,-0.6887291281754131,0.333,0.4985203973789896
pond,nfix,Probe,1000,prior_shift,45,1.0,-1.014222245466848,0.265,0.4985203973789896
pond,nfix,Probe,1000,prior_shift,46,1.0,-0.9634821294283367,0.275,0.4985203973789896
pond,nfix,Probe,1000,prior_shift,47,1.0,-0.7802126739224294,0.313,0.4985203973789896
pond,nfix,Probe,1000,prior_shift,48,1.0,-0.8846138316008685,0.291,0.4985203973789896
pond,nfix,Probe,1000,prior_shift,49,1.0,-0.9887041473842952,0.27,0.4985203973789896
pond,nfix,Probe,1000,prior_shift,50,1.0,-0.7478533746166134,0.32,0.4985203973789896
pond,nfix,Probe,1000,prior_shift,51,1.0,-1.087367616625669,0.251,0.4985203973789896
pond,nfix,Probe,1000,prior_shift,52,1.0,-1.0609451625937627,0.256,0.4985203973789896
pond,nfix,Probe,1000,prior_shift,53,1.0,-1.0245154322518053,0.263,0.4985203973789896
pond,nfix,Probe,1000,prior_shift,54,1.0,-1.0926938609083432,0.25,0.4985203973789896
pond,nfix,Probe,1000,prior_shift,55,1.0,-1.2023927781647676,0.23,0.4985203973789896
pond,nfix,Probe,1000,prior_shift,56,1.0,-1.1358272317259186,0.242,0.4985203973789896
pond,nfix,Probe,1000,prior_shift,57,1.0,-1.0193625878227934,0.264,0.4985203973789896
pond,nfix,Probe,1000,prior_shift,58,1.0,-1.040050127422921,0.26,0.4985203973789896
pond,nfix,Probe,1000,prior_shift,59,1.0,-0.8557063252481988,0.297,0.4985203973789896
pond,nfix,Probe,1000,prior_shift,60,1.0,-1.1522513781704087,0.239,0.4985203973789896
pond,nfix,Probe,1000,prior_shift,61,1.0,-0.968503480676959,0.274,0.4985203973789896
pond,nfix,Probe,1000,prior_shift,62,1.0,-0.9138749346655906,0.285,0.4985203973789896
pond,nfix,Probe,1000,prior_shift,63,1.0,-0.9735362545887928,0.273,0.4985203973789896
pond,nfix,Probe,1000,prior_shift,64,1.0,-1.0820554627032872,0.252,0.4985203973789896
pond,nfix,Probe,1000,prior_shift,65,1.0,-0.6752525617534628,0.336,0.4985203973789896
pond,nfix,Probe,1000,prior_shift,66,1.0,-1.00909429207305,0.266,0.4985203973789896
pond,nfix,Probe,1000,prior_shift,67,1.0,-0.9335882606275341,0.281,0.4985203973789896
pond,nfix,Probe,1000,prior_shift,68,1.0,-0.8797718636656714,0.292,0.4985203973789896
pond,nfix,Probe,1000,prior_shift,69,1.0,-1.0245154322518053,0.263,0.4985203973789896
pond,nfix,Probe,1000,prior_shift,70,1.0,-0.8035677448843285,0.308,0.4985203973789896
pond,nfix,Probe,1000,prior_shift,71,1.0,-1.0557015320627727,0.257,0.4985203973789896
pond,nfix,Probe,1000,prior_shift,72,1.0,-1.2308441993891601,0.225,0.4985203973789896
pond,nfix,Probe,1000,prior_shift,73,1.0,-1.0557015320627727,0.257,0.4985203973789896
pond,nfix,Probe,1000,prior_shift,74,1.0,-0.8943273139310421,0.289,0.4985203973789896
pond,nfix,Probe,1000,prior_shift,75,1.0,-1.10875846341215,0.247,0.4985203973789896
pond,nfix,Probe,1000,prior_shift,76,1.0,-0.8366220497251678,0.301,0.4985203973789896
pond,nfix,Probe,1000,prior_shift,77,1.0,-1.2080479422493233,0.229,0.4985203973789896
pond,nfix,Probe,1000,prior_shift,78,1.0,-0.8318736576277362,0.302,0.4985203973789896
pond,nfix,Probe,1000,prior_shift,79,1.0,-1.0245154322518053,0.263,0.4985203973789896
pond,nfix,Probe,1000,prior_shift,80,1.0,-1.146761082178619,0.24,0.4985203973789896
pond,nfix,Probe,1000,prior_shift,81,1.0,-0.9484855974424223,0.278,0.4985203973789896
pond,nfix,Probe,1000,prior_shift,82,1.0,-0.918787501039673,0.284,0.4985203973789896
pond,nfix,Probe,1000,prior_shift,83,1.0,-1.00909429207305,0.266,0.4985203973789896
pond,nfix,Probe,1000,prior_shift,84,1.0,-1.146761082178619,0.24,0.4985203973789896
pond,nfix,Probe,1000,prior_shift,85,1.0,-1.0039786157266353,0.267,0.4985203973789896
pond,nfix,Probe,1000,prior_shift,86,1.0,-1.0926938609083432,0.25,0.4985203973789896
pond,nfix,Probe,1000,prior_shift,87,1.0,-1.1911339337215956,0.232,0.4985203973789896
pond,nfix,Probe,1000,prior_shift,88,1.0,-0.9937836523881726,0.269,0.4985203973789896
pond,nfix,Probe,1000,prior_shift,89,1.0,-0.8894656192950746,0.29,0.4985203973789896
pond,nfix,Probe,1000,prior_shift,90,1.0,-1.0039786157266353,0.267,0.4985203973789896
pond,nfix,Probe,1000,prior_shift,91,1.0,-0.9385431810810845,0.28,0.4985203973789896
pond,nfix,Probe,1000,prior_shift,92,1.0,-0.928644070350344,0.282,0.4985203973789896
pond,nfix,Probe,1000,prior_shift,93,1.0,-0.9435089277038167,0.279,0.4985203973789896
pond,nfix,Probe,1000,prior_shift,94,1.0,-1.1249547231265646,0.244,0.4985203973789896
pond,nfix,Probe,1000,prior_shift,95,1.0,-0.9335882606275341,0.281,0.4985203973789896
pond,nfix,Probe,1000,prior_shift,96,1.0,-0.9836364833691904,0.271,0.4985203973789896
pond,nfix,Probe,1000,prior_shift,97,1.0,-0.8749396291197389,0.293,0.4985203973789896
pond,nfix,Probe,1000,prior_shift,98,1.0,-1.0714729054254577,0.254,0.4985203973789896
pond,nfix,Probe,1000,prior_shift,99,1.0,-0.8701170423947937,0.294,0.4985203973789896
pond,nfix,NTP,1000,prior_shift,0,1.0,-1.146761082178619,0.24,0.4985203973789896
pond,nfix,NTP,1000,prior_shift,1,1.0,-0.9138749346655906,0.285,0.4985203973789896
pond,nfix,NTP,1000,prior_shift,2,1.0,-1.1632794623895593,0.237,0.4985203973789896
pond,nfix,NTP,1000,prior_shift,3,1.0,-0.9634821294283367,0.275,0.4985203973789896
pond,nfix,NTP,1000,prior_shift,4,1.0,-0.7616746579337427,0.317,0.4985203973789896
pond,nfix,NTP,1000,prior_shift,5,1.0,-0.998875105690688,0.268,0.4985203973789896
pond,nfix,NTP,1000,prior_shift,6,1.0,-0.968503480676959,0.274,0.4985203973789896
pond,nfix,NTP,1000,prior_shift,7,1.0,-0.9887041473842952,0.27,0.4985203973789896
pond,nfix,NTP,1000,prior_shift,8,1.0,-0.8224035311684313,0.304,0.4985203973789896
pond,nfix,NTP,1000,prior_shift,9,1.0,-1.087367616625669,0.251,0.4985203973789896
pond,nfix,NTP,1000,prior_shift,10,1.0,-1.0504712304859964,0.258,0.4985203973789896
pond,nfix,NTP,1000,prior_shift,11,1.0,-0.6175192922463755,0.349,0.4985203973789896
pond,nfix,NTP,1000,prior_shift,12,1.0,-0.9634821294283367,0.275,0.4985203973789896
pond,nfix,NTP,1000,prior_shift,13,1.0,-1.146761082178619,0.24,0.4985203973789896
pond,nfix,NTP,1000,prior_shift,14,1.0,-0.9584720989087996,0.276,0.4985203973789896
pond,nfix,NTP,1000,prior_shift,15,1.0,-1.1522513781704087,0.239,0.4985203973789896
pond,nfix,NTP,1000,prior_shift,16,1.0,-0.8846138316008685,0.291,0.4985203973789896
pond,nfix,NTP,1000,prior_shift,17,1.0,-1.0980343275396607,0.249,0.4985203973789896
pond,nfix,NTP,1000,prior_shift,18,1.0,-1.1249547231265646,0.244,0.4985203973789896
pond,nfix,NTP,1000,prior_shift,19,1.0,-1.1799426266231232,0.234,0.4985203973789896
pond,nfix,NTP,1000,prior_shift,20,1.0,-0.9785805541409218,0.272,0.4985203973789896
pond,nfix,NTP,1000,prior_shift,21,1.0,-1.0714729054254577,0.254,0.4985203973789896
pond,nfix,NTP,1000,prior_shift,22,1.0,-1.1412864161452085,0.241,0.4985203973789896
pond,nfix,NTP,1000,prior_shift,23,1.0,-1.0348590858657416,0.261,0.4985203973789896
pond,nfix,NTP,1000,prior_shift,24,1.0,-0.8176816411976139,0.305,0.4985203973789896
pond,nfix,NTP,1000,prior_shift,25,1.0,-0.9584720989087996,0.276,0.4985203973789896
pond,nfix,NTP,1000,prior_shift,26,1.0,-1.157757454255405,0.238,0.4985203973789896
pond,nfix,NTP,1000,prior_shift,27,1.0,-1.1967548312240839,0.231,0.4985203973789896
pond,nfix,NTP,1000,prior_shift,28,1.0,-0.928644070350344,0.282,0.4985203973789896
pond,nfix,NTP,1000,prior_shift,29,1.0,-1.1141424043158266,0.246,0.4985203973789896
pond,nfix,NTP,1000,prior_shift,30,1.0,-0.8653040187126823,0.295,0.4985203973789896
pond,nfix,NTP,1000,prior_shift,31,1.0,-0.8701170423947937,0.294,0.4985203973789896
pond,nfix,NTP,1000,prior_shift,32,1.0,-0.7988801191101577,0.309,0.4985203973789896
pond,nfix,NTP,1000,prior_shift,33,1.0,-1.0820554627032872,0.252,0.4985203973789896
pond,nfix,NTP,1000,prior_shift,34,1.0,-0.9484855974424223,0.278,0.4985203973789896
pond,nfix,NTP,1000,prior_shift,35,1.0,-1.040050127422921,0.26,0.4985203973789896
pond,nfix,NTP,1000,prior_shift,36,1.0,-1.014222245466848,0.265,0.4985203973789896
pond,nfix,NTP,1000,prior_shift,37,1.0,-0.9634821294283367,0.275,0.4985203973789896
pond,nfix,NTP,1000,prior_shift,38,1.0,-1.1033891500250912,0.248,0.4985203973789896
pond,nfix,NTP,1000,prior_shift,39,1.0,-1.0193625878227934,0.264,0.4985203973789896
pond,nfix,NTP,1000,prior_shift,40,1.0,-1.1141424043158266,0.246,0.4985203973789896
pond,nfix,NTP,1000,prior_shift,41,1.0,-1.0039786157266353,0.267,0.4985203973789896
pond,nfix,NTP,1000,prior_shift,42,1.0,-0.9634821294283367,0.275,0.4985203973789896
pond,nfix,NTP,1000,prior_shift,43,1.0,-0.9385431810810845,0.28,0.4985203973789896
pond,nfix,NTP,1000,prior_shift,44,1.0,-0.6887291281754131,0.333,0.4985203973789896
pond,nfix,NTP,1000,prior_shift,45,1.0,-1.014222245466848,0.265,0.4985203973789896
pond,nfix,NTP,1000,prior_shift,46,1.0,-0.9634821294283367,0.275,0.4985203973789896
pond,nfix,NTP,1000,prior_shift,47,1.0,-0.7802126739224294,0.313,0.4985203973789896
pond,nfix,NTP,1000,prior_shift,48,1.0,-0.8846138316008685,0.291,0.4985203973789896
pond,nfix,NTP,1000,prior_shift,49,1.0,-0.9887041473842952,0.27,0.4985203973789896
pond,nfix,NTP,1000,prior_shift,50,1.0,-0.7478533746166134,0.32,0.4985203973789896
pond,nfix,NTP,1000,prior_shift,51,1.0,-1.087367616625669,0.251,0.4985203973789896
pond,nfix,NTP,1000,prior_shift,52,1.0,-1.0609451625937627,0.256,0.4985203973789896
pond,nfix,NTP,1000,prior_shift,53,1.0,-1.0245154322518053,0.263,0.4985203973789896
pond,nfix,NTP,1000,prior_shift,54,1.0,-1.0926938609083432,0.25,0.4985203973789896
pond,nfix,NTP,1000,prior_shift,55,1.0,-1.2023927781647676,0.23,0.4985203973789896
pond,nfix,NTP,1000,prior_shift,56,1.0,-1.1358272317259186,0.242,0.4985203973789896
pond,nfix,NTP,1000,prior_shift,57,1.0,-1.0193625878227934,0.264,0.4985203973789896
pond,nfix,NTP,1000,prior_shift,58,1.0,-1.040050127422921,0.26,0.4985203973789896
pond,nfix,NTP,1000,prior_shift,59,1.0,-0.8557063252481988,0.297,0.4985203973789896
pond,nfix,NTP,1000,prior_shift,60,1.0,-1.1522513781704087,0.239,0.4985203973789896
pond,nfix,NTP,1000,prior_shift,61,1.0,-0.968503480676959,0.274,0.4985203973789896
pond,nfix,NTP,1000,prior_shift,62,1.0,-0.9138749346655906,0.285,0.4985203973789896
pond,nfix,NTP,1000,prior_shift,63,1.0,-0.9735362545887928,0.273,0.4985203973789896
pond,nfix,NTP,1000,prior_shift,64,1.0,-1.0820554627032872,0.252,0.4985203973789896
pond,nfix,NTP,1000,prior_shift,65,1.0,-0.6752525617534628,0.336,0.4985203973789896
pond,nfix,NTP,1000,prior_shift,66,1.0,-1.00909429207305,0.266,0.4985203973789896
pond,nfix,NTP,1000,prior_shift,67,1.0,-0.9335882606275341,0.281,0.4985203973789896
pond,nfix,NTP,1000,prior_shift,68,1.0,-0.8797718636656714,0.292,0.4985203973789896
pond,nfix,NTP,1000,prior_shift,69,1.0,-1.0245154322518053,0.263,0.4985203973789896
pond,nfix,NTP,1000,prior_shift,70,1.0,-0.8035677448843285,0.308,0.4985203973789896
pond,nfix,NTP,1000,prior_shift,71,1.0,-1.0557015320627727,0.257,0.4985203973789896
pond,nfix,NTP,1000,prior_shift,72,1.0,-1.2308441993891601,0.225,0.4985203973789896
pond,nfix,NTP,1000,prior_shift,73,1.0,-1.0557015320627727,0.257,0.4985203973789896
pond,nfix,NTP,1000,prior_shift,74,1.0,-0.8943273139310421,0.289,0.4985203973789896
pond,nfix,NTP,1000,prior_shift,75,1.0,-1.10875846341215,0.247,0.4985203973789896
pond,nfix,NTP,1000,prior_shift,76,1.0,-0.8366220497251678,0.301,0.4985203973789896
pond,nfix,NTP,1000,prior_shift,77,1.0,-1.2080479422493233,0.229,0.4985203973789896
pond,nfix,NTP,1000,prior_shift,78,1.0,-0.8318736576277362,0.302,0.4985203973789896
pond,nfix,NTP,1000,prior_shift,79,1.0,-1.0245154322518053,0.263,0.4985203973789896
pond,nfix,NTP,1000,prior_shift,80,1.0,-1.146761082178619,0.24,0.4985203973789896
pond,nfix,NTP,1000,prior_shift,81,1.0,-0.9484855974424223,0.278,0.4985203973789896
pond,nfix,NTP,1000,prior_shift,82,1.0,-0.918787501039673,0.284,0.4985203973789896
pond,nfix,NTP,1000,prior_shift,83,1.0,-1.00909429207305,0.266,0.4985203973789896
pond,nfix,NTP,1000,prior_shift,84,1.0,-1.146761082178619,0.24,0.4985203973789896
pond,nfix,NTP,1000,prior_shift,85,1.0,-1.0039786157266353,0.267,0.4985203973789896
pond,nfix,NTP,1000,prior_shift,86,1.0,-1.0926938609083432,0.25,0.4985203973789896
pond,nfix,NTP,1000,prior_shift,87,1.0,-1.1911339337215956,0.232,0.4985203973789896
pond,nfix,NTP,1000,prior_shift,88,1.0,-0.9937836523881726,0.269,0.4985203973789896
pond,nfix,NTP,1000,prior_shift,89,1.0,-0.8894656192950746,0.29,0.4985203973789896
pond,nfix,NTP,1000,prior_shift,90,1.0,-1.0039786157266353,0.267,0.4985203973789896
pond,nfix,NTP,1000,prior_shift,91,1.0,-0.9385431810810845,0.28,0.4985203973789896
pond,nfix,NTP,1000,prior_shift,92,1.0,-0.928644070350344,0.282,0.4985203973789896
pond,nfix,NTP,1000,prior_shift,93,1.0,-0.9435089277038167,0.279,0.4985203973789896
pond,nfix,NTP,1000,prior_shift,94,1.0,-1.1249547231265646,0.244,0.4985203973789896
pond,nfix,NTP,1000,prior_shift,95,1.0,-0.9335882606275341,0.281,0.4985203973789896
pond,nfix,NTP,1000,prior_shift,96,1.0,-0.9836364833691904,0.271,0.4985203973789896
pond,nfix,NTP,1000,prior_shift,97,1.0,-0.8749396291197389,0.293,0.4985203973789896
pond,nfix,NTP,1000,prior_shift,98,1.0,-1.0714729054254577,0.254,0.4985203973789896
pond,nfix,NTP,1000,prior_shift,99,1.0,-0.8701170423947937,0.294,0.4985203973789896
pond,supermat,Probe,10,prior_shift,0,1.0,-2.1913061495764525,0.1,0.4985203973789896
pond,supermat,Probe,10,prior_shift,1,1.0,-1.380375933360124,0.2,0.4985203973789896
pond,supermat,Probe,10,prior_shift,2,1.0,0.005918427759766653,0.5,0.4985203973789896
pond,supermat,Probe,10,prior_shift,3,1.0,0.005918427759766653,0.5,0.4985203973789896
pond,supermat,Probe,10,prior_shift,4,1.0,-0.39954668034839763,0.4,0.4985203973789896
pond,supermat,Probe,10,prior_shift,5,1.0,-1.380375933360124,0.2,0.4985203973789896
pond,supermat,Probe,10,prior_shift,6,1.0,-1.380375933360124,0.2,0.4985203973789896
pond,supermat,Probe,10,prior_shift,7,1.0,0.8532162881469701,0.7,0.4985203973789896
pond,supermat,Probe,10,prior_shift,8,1.0,-0.841379432627437,0.3,0.4985203973789896
pond,supermat,Probe,10,prior_shift,9,1.0,-0.841379432627437,0.3,0.4985203973789896
pond,supermat,Probe,10,prior_shift,10,1.0,-1.380375933360124,0.2,0.4985203973789896
pond,supermat,Probe,10,prior_shift,11,1.0,-0.39954668034839763,0.4,0.4985203973789896
pond,supermat,Probe,10,prior_shift,12,1.0,0.005918427759766653,0.5,0.4985203973789896
pond,supermat,Probe,10,prior_shift,13,1.0,-1.380375933360124,0.2,0.4985203973789896
pond,supermat,Probe,10,prior_shift,14,1.0,0.005918427759766653,0.5,0.4985203973789896
pond,supermat,Probe,10,prior_shift,15,1.0,0.4113835358679309,0.6,0.4985203973789896
pond,supermat,Probe,10,prior_shift,16,1.0,0.005918427759766653,0.5,0.4985203973789896
pond,supermat,Probe,10,prior_shift,17,1.0,-0.841379432627437,0.3,0.4985203973789896
pond,supermat,Probe,10,prior_shift,18,1.0,-0.841379432627437,0.3,0.4985203973789896
pond,supermat,Probe,10,prior_shift,19,1.0,-1.380375933360124,0.2,0.4985203973789896
pond,supermat,Probe,10,prior_shift,20,1.0,0.005918427759766653,0.5,0.4985203973789896
pond,supermat,Probe,10,prior_shift,21,1.0,-2.1913061495764525,0.1,0.4985203973789896
pond,supermat,Probe,10,prior_shift,22,1.0,-1.380375933360124,0.2,0.4985203973789896
pond,supermat,Probe,10,prior_shift,23,1.0,-0.39954668034839763,0.4,0.4985203973789896
pond,supermat,Probe,10,prior_shift,24,1.0,-2.1913061495764525,0.1,0.4985203973789896
pond,supermat,Probe,10,prior_shift,25,1.0,-0.841379432627437,0.3,0.4985203973789896
pond,supermat,Probe,10,prior_shift,26,1.0,0.005918427759766653,0.5,0.4985203973789896
pond,supermat,Probe,10,prior_shift,27,1.0,-1.380375933360124,0.2,0.4985203973789896
pond,supermat,Probe,10,prior_shift,28,1.0,-0.841379432627437,0.3,0.4985203973789896
pond,supermat,Probe,10,prior_shift,29,1.0,-1.380375933360124,0.2,0.4985203973789896
pond,supermat,Probe,10,prior_shift,30,1.0,-1.380375933360124,0.2,0.4985203973789896
pond,supermat,Probe,10,prior_shift,31,1.0,-0.841379432627437,0.3,0.4985203973789896
pond,supermat,Probe,10,prior_shift,32,1.0,-0.841379432627437,0.3,0.4985203973789896
pond,supermat,Probe,10,prior_shift,33,1.0,-2.1913061495764525,0.1,0.4985203973789896
pond,supermat,Probe,10,prior_shift,34,1.0,0.4113835358679309,0.6,0.4985203973789896
pond,supermat,Probe,10,prior_shift,35,1.0,-0.841379432627437,0.3,0.4985203973789896
pond,supermat,Probe,10,prior_shift,36,1.0,0.005918427759766653,0.5,0.4985203973789896
pond,supermat,Probe,10,prior_shift,37,1.0,-1.380375933360124,0.2,0.4985203973789896
pond,supermat,Probe,10,prior_shift,38,1.0,-0.39954668034839763,0.4,0.4985203973789896
pond,supermat,Probe,10,prior_shift,39,1.0,-1.380375933360124,0.2,0.4985203973789896
pond,supermat,Probe,10,prior_shift,40,1.0,0.4113835358679309,0.6,0.4985203973789896
pond,supermat,Probe,10,prior_shift,41,1.0,-0.39954668034839763,0.4,0.4985203973789896
pond,supermat,Probe,10,prior_shift,42,1.0,-0.841379432627437,0.3,0.4985203973789896
pond,supermat,Probe,10,prior_shift,43,1.0,0.005918427759766653,0.5,0.4985203973789896
pond,supermat,Probe,10,prior_shift,44,1.0,0.005918427759766653,0.5,0.4985203973789896
pond,supermat,Probe,10,prior_shift,45,1.0,-1.380375933360124,0.2,0.4985203973789896
pond,supermat,Probe,10,prior_shift,46,1.0,-1.380375933360124,0.2,0.4985203973789896
pond,supermat,Probe,10,prior_shift,47,1.0,0.4113835358679309,0.6,0.4985203973789896
pond,supermat,Probe,10,prior_shift,48,1.0,0.005918427759766653,0.5,0.4985203973789896
pond,supermat,Probe,10,prior_shift,50,1.0,-1.380375933360124,0.2,0.4985203973789896
pond,supermat,Probe,10,prior_shift,51,1.0,-0.39954668034839763,0.4,0.4985203973789896
pond,supermat,Probe,10,prior_shift,52,1.0,-0.39954668034839763,0.4,0.4985203973789896
pond,supermat,Probe,10,prior_shift,53,1.0,-1.380375933360124,0.2,0.4985203973789896
pond,supermat,Probe,10,prior_shift,54,1.0,0.005918427759766653,0.5,0.4985203973789896
pond,supermat,Probe,10,prior_shift,55,1.0,0.005918427759766653,0.5,0.4985203973789896
pond,supermat,Probe,10,prior_shift,56,1.0,-1.380375933360124,0.2,0.4985203973789896
pond,supermat,Probe,10,prior_shift,57,1.0,-0.841379432627437,0.3,0.4985203973789896
pond,supermat,Probe,10,prior_shift,58,1.0,-0.39954668034839763,0.4,0.4985203973789896
pond,supermat,Probe,10,prior_shift,59,1.0,-1.380375933360124,0.2,0.4985203973789896
pond,supermat,Probe,10,prior_shift,60,1.0,-1.380375933360124,0.2,0.4985203973789896
pond,supermat,Probe,10,prior_shift,61,1.0,1.3922127888796574,0.8,0.4985203973789896
pond,supermat,Probe,10,prior_shift,62,1.0,-0.841379432627437,0.3,0.4985203973789896
pond,supermat,Probe,10,prior_shift,63,1.0,-0.841379432627437,0.3,0.4985203973789896
pond,supermat,Probe,10,prior_shift,64,1.0,-0.841379432627437,0.3,0.4985203973789896
pond,supermat,Probe,10,prior_shift,65,1.0,-0.39954668034839763,0.4,0.4985203973789896
pond,supermat,Probe,10,prior_shift,66,1.0,-2.1913061495764525,0.1,0.4985203973789896
pond,supermat,Probe,10,prior_shift,67,1.0,0.4113835358679309,0.6,0.4985203973789896
pond,supermat,Probe,10,prior_shift,68,1.0,-1.380375933360124,0.2,0.4985203973789896
pond,supermat,Probe,10,prior_shift,69,1.0,-0.841379432627437,0.3,0.4985203973789896
pond,supermat,Probe,10,prior_shift,70,1.0,-1.380375933360124,0.2,0.4985203973789896
pond,supermat,Probe,10,prior_shift,71,1.0,-0.39954668034839763,0.4,0.4985203973789896
pond,supermat,Probe,10,prior_shift,72,1.0,-0.841379432627437,0.3,0.4985203973789896
pond,supermat,Probe,10,prior_shift,73,1.0,0.005918427759766653,0.5,0.4985203973789896
pond,supermat,Probe,10,prior_shift,74,1.0,-0.841379432627437,0.3,0.4985203973789896
pond,supermat,Probe,10,prior_shift,75,1.0,-1.380375933360124,0.2,0.4985203973789896
pond,supermat,Probe,10,prior_shift,76,1.0,-0.841379432627437,0.3,0.4985203973789896
pond,supermat,Probe,10,prior_shift,77,1.0,0.005918427759766653,0.5,0.4985203973789896
pond,supermat,Probe,10,prior_shift,78,1.0,-0.841379432627437,0.3,0.4985203973789896
pond,supermat,Probe,10,prior_shift,79,1.0,-0.39954668034839763,0.4,0.4985203973789896
pond,supermat,Probe,10,prior_shift,80,1.0,-0.39954668034839763,0.4,0.4985203973789896
pond,supermat,Probe,10,prior_shift,81,1.0,0.005918427759766653,0.5,0.4985203973789896
pond,supermat,Probe,10,prior_shift,82,1.0,0.005918427759766653,0.5,0.4985203973789896
pond,supermat,Probe,10,prior_shift,83,1.0,0.005918427759766653,0.5,0.4985203973789896
pond,supermat,Probe,10,prior_shift,84,1.0,-0.39954668034839763,0.4,0.4985203973789896
pond,supermat,Probe,10,prior_shift,85,1.0,0.005918427759766653,0.5,0.4985203973789896
pond,supermat,Probe,10,prior_shift,86,1.0,-0.39954668034839763,0.4,0.4985203973789896
pond,supermat,Probe,10,prior_shift,87,1.0,0.005918427759766653,0.5,0.4985203973789896
pond,supermat,Probe,10,prior_shift,88,1.0,-0.39954668034839763,0.4,0.4985203973789896
pond,supermat,Probe,10,prior_shift,89,1.0,0.4113835358679309,0.6,0.4985203973789896
pond,supermat,Probe,10,prior_shift,90,1.0,-0.39954668034839763,0.4,0.4985203973789896
pond,supermat,Probe,10,prior_shift,91,1.0,-1.380375933360124,0.2,0.4985203973789896
pond,supermat,Probe,10,prior_shift,92,1.0,-0.39954668034839763,0.4,0.4985203973789896
pond,supermat,Probe,10,prior_shift,93,1.0,0.005918427759766653,0.5,0.4985203973789896
pond,supermat,Probe,10,prior_shift,94,1.0,-0.39954668034839763,0.4,0.4985203973789896
pond,supermat,Probe,10,prior_shift,95,1.0,-2.1913061495764525,0.1,0.4985203973789896
pond,supermat,Probe,10,prior_shift,96,1.0,-1.380375933360124,0.2,0.4985203973789896
pond,supermat,Probe,10,prior_shift,97,1.0,-0.39954668034839763,0.4,0.4985203973789896
pond,supermat,Probe,10,prior_shift,98,1.0,-2.1913061495764525,0.1,0.4985203973789896
pond,supermat,Probe,10,prior_shift,99,1.0,0.4113835358679309,0.6,0.4985203973789896
pond,supermat,Probe,10,prior_shift,100,1.0,-0.841379432627437,0.3,0.4985203973789896
pond,supermat,NTP,10,prior_shift,0,1.0,-2.1913061495764525,0.1,0.4985203973789896
pond,supermat,NTP,10,prior_shift,1,1.0,-1.380375933360124,0.2,0.4985203973789896
pond,supermat,NTP,10,prior_shift,2,1.0,0.005918427759766653,0.5,0.4985203973789896
pond,supermat,NTP,10,prior_shift,3,1.0,0.005918427759766653,0.5,0.4985203973789896
pond,supermat,NTP,10,prior_shift,4,1.0,-0.39954668034839763,0.4,0.4985203973789896
pond,supermat,NTP,10,prior_shift,5,1.0,-1.380375933360124,0.2,0.4985203973789896
pond,supermat,NTP,10,prior_shift,6,1.0,-1.380375933360124,0.2,0.4985203973789896
pond,supermat,NTP,10,prior_shift,7,1.0,0.8532162881469701,0.7,0.4985203973789896
pond,supermat,NTP,10,prior_shift,8,1.0,-0.841379432627437,0.3,0.4985203973789896
pond,supermat,NTP,10,prior_shift,9,1.0,-0.841379432627437,0.3,0.4985203973789896
pond,supermat,NTP,10,prior_shift,10,1.0,-1.380375933360124,0.2,0.4985203973789896
pond,supermat,NTP,10,prior_shift,11,1.0,-0.39954668034839763,0.4,0.4985203973789896
pond,supermat,NTP,10,prior_shift,12,1.0,0.005918427759766653,0.5,0.4985203973789896
pond,supermat,NTP,10,prior_shift,13,1.0,-1.380375933360124,0.2,0.4985203973789896
pond,supermat,NTP,10,prior_shift,14,1.0,0.005918427759766653,0.5,0.4985203973789896
pond,supermat,NTP,10,prior_shift,15,1.0,0.4113835358679309,0.6,0.4985203973789896
pond,supermat,NTP,10,prior_shift,16,1.0,0.005918427759766653,0.5,0.4985203973789896
pond,supermat,NTP,10,prior_shift,17,1.0,-0.841379432627437,0.3,0.4985203973789896
pond,supermat,NTP,10,prior_shift,18,1.0,-0.841379432627437,0.3,0.4985203973789896
pond,supermat,NTP,10,prior_shift,19,1.0,-1.380375933360124,0.2,0.4985203973789896
pond,supermat,NTP,10,prior_shift,20,1.0,0.005918427759766653,0.5,0.4985203973789896
pond,supermat,NTP,10,prior_shift,21,1.0,-2.1913061495764525,0.1,0.4985203973789896
pond,supermat,NTP,10,prior_shift,22,1.0,-1.380375933360124,0.2,0.4985203973789896
pond,supermat,NTP,10,prior_shift,23,1.0,-0.39954668034839763,0.4,0.4985203973789896
pond,supermat,NTP,10,prior_shift,24,1.0,-2.1913061495764525,0.1,0.4985203973789896
pond,supermat,NTP,10,prior_shift,25,1.0,-0.841379432627437,0.3,0.4985203973789896
pond,supermat,NTP,10,prior_shift,26,1.0,0.005918427759766653,0.5,0.4985203973789896
pond,supermat,NTP,10,prior_shift,27,1.0,-1.380375933360124,0.2,0.4985203973789896
pond,supermat,NTP,10,prior_shift,28,1.0,-0.841379432627437,0.3,0.4985203973789896
pond,supermat,NTP,10,prior_shift,29,1.0,-1.380375933360124,0.2,0.4985203973789896
pond,supermat,NTP,10,prior_shift,30,1.0,-1.380375933360124,0.2,0.4985203973789896
pond,supermat,NTP,10,prior_shift,31,1.0,-0.841379432627437,0.3,0.4985203973789896
pond,supermat,NTP,10,prior_shift,32,1.0,-0.841379432627437,0.3,0.4985203973789896
pond,supermat,NTP,10,prior_shift,33,1.0,-2.1913061495764525,0.1,0.4985203973789896
pond,supermat,NTP,10,prior_shift,34,1.0,0.4113835358679309,0.6,0.4985203973789896
pond,supermat,NTP,10,prior_shift,35,1.0,-0.841379432627437,0.3,0.4985203973789896
pond,supermat,NTP,10,prior_shift,36,1.0,0.005918427759766653,0.5,0.4985203973789896
pond,supermat,NTP,10,prior_shift,37,1.0,-1.380375933360124,0.2,0.4985203973789896
pond,supermat,NTP,10,prior_shift,38,1.0,-0.39954668034839763,0.4,0.4985203973789896
pond,supermat,NTP,10,prior_shift,39,1.0,-1.380375933360124,0.2,0.4985203973789896
pond,supermat,NTP,10,prior_shift,40,1.0,0.4113835358679309,0.6,0.4985203973789896
pond,supermat,NTP,10,prior_shift,41,1.0,-0.39954668034839763,0.4,0.4985203973789896
pond,supermat,NTP,10,prior_shift,42,1.0,-0.841379432627437,0.3,0.4985203973789896
pond,supermat,NTP,10,prior_shift,43,1.0,0.005918427759766653,0.5,0.4985203973789896
pond,supermat,NTP,10,prior_shift,44,1.0,0.005918427759766653,0.5,0.4985203973789896
pond,supermat,NTP,10,prior_shift,45,1.0,-1.380375933360124,0.2,0.4985203973789896
pond,supermat,NTP,10,prior_shift,46,1.0,-1.380375933360124,0.2,0.4985203973789896
pond,supermat,NTP,10,prior_shift,47,1.0,0.4113835358679309,0.6,0.4985203973789896
pond,supermat,NTP,10,prior_shift,48,1.0,0.005918427759766653,0.5,0.4985203973789896
pond,supermat,NTP,10,prior_shift,50,1.0,-1.380375933360124,0.2,0.4985203973789896
pond,supermat,NTP,10,prior_shift,51,1.0,-0.39954668034839763,0.4,0.4985203973789896
pond,supermat,NTP,10,prior_shift,52,1.0,-0.39954668034839763,0.4,0.4985203973789896
pond,supermat,NTP,10,prior_shift,53,1.0,-1.380375933360124,0.2,0.4985203973789896
pond,supermat,NTP,10,prior_shift,54,1.0,0.005918427759766653,0.5,0.4985203973789896
pond,supermat,NTP,10,prior_shift,55,1.0,0.005918427759766653,0.5,0.4985203973789896
pond,supermat,NTP,10,prior_shift,56,1.0,-1.380375933360124,0.2,0.4985203973789896
pond,supermat,NTP,10,prior_shift,57,1.0,-0.841379432627437,0.3,0.4985203973789896
pond,supermat,NTP,10,prior_shift,58,1.0,-0.39954668034839763,0.4,0.4985203973789896
pond,supermat,NTP,10,prior_shift,59,1.0,-1.380375933360124,0.2,0.4985203973789896
pond,supermat,NTP,10,prior_shift,60,1.0,-1.380375933360124,0.2,0.4985203973789896
pond,supermat,NTP,10,prior_shift,61,1.0,1.3922127888796574,0.8,0.4985203973789896
pond,supermat,NTP,10,prior_shift,62,1.0,-0.841379432627437,0.3,0.4985203973789896
pond,supermat,NTP,10,prior_shift,63,1.0,-0.841379432627437,0.3,0.4985203973789896
pond,supermat,NTP,10,prior_shift,64,1.0,-0.841379432627437,0.3,0.4985203973789896
pond,supermat,NTP,10,prior_shift,65,1.0,-0.39954668034839763,0.4,0.4985203973789896
pond,supermat,NTP,10,prior_shift,66,1.0,-2.1913061495764525,0.1,0.4985203973789896
pond,supermat,NTP,10,prior_shift,67,1.0,0.4113835358679309,0.6,0.4985203973789896
pond,supermat,NTP,10,prior_shift,68,1.0,-1.380375933360124,0.2,0.4985203973789896
pond,supermat,NTP,10,prior_shift,69,1.0,-0.841379432627437,0.3,0.4985203973789896
pond,supermat,NTP,10,prior_shift,70,1.0,-1.380375933360124,0.2,0.4985203973789896
pond,supermat,NTP,10,prior_shift,71,1.0,-0.39954668034839763,0.4,0.4985203973789896
pond,supermat,NTP,10,prior_shift,72,1.0,-0.841379432627437,0.3,0.4985203973789896
pond,supermat,NTP,10,prior_shift,73,1.0,0.005918427759766653,0.5,0.4985203973789896
pond,supermat,NTP,10,prior_shift,74,1.0,-0.841379432627437,0.3,0.4985203973789896
pond,supermat,NTP,10,prior_shift,75,1.0,-1.380375933360124,0.2,0.4985203973789896
pond,supermat,NTP,10,prior_shift,76,1.0,-0.841379432627437,0.3,0.4985203973789896
pond,supermat,NTP,10,prior_shift,77,1.0,0.005918427759766653,0.5,0.4985203973789896
pond,supermat,NTP,10,prior_shift,78,1.0,-0.841379432627437,0.3,0.4985203973789896
pond,supermat,NTP,10,prior_shift,79,1.0,-0.39954668034839763,0.4,0.4985203973789896
pond,supermat,NTP,10,prior_shift,80,1.0,-0.39954668034839763,0.4,0.4985203973789896
pond,supermat,NTP,10,prior_shift,81,1.0,0.005918427759766653,0.5,0.4985203973789896
pond,supermat,NTP,10,prior_shift,82,1.0,0.005918427759766653,0.5,0.4985203973789896
pond,supermat,NTP,10,prior_shift,83,1.0,0.005918427759766653,0.5,0.4985203973789896
pond,supermat,NTP,10,prior_shift,84,1.0,-0.39954668034839763,0.4,0.4985203973789896
pond,supermat,NTP,10,prior_shift,85,1.0,0.005918427759766653,0.5,0.4985203973789896
pond,supermat,NTP,10,prior_shift,86,1.0,-0.39954668034839763,0.4,0.4985203973789896
pond,supermat,NTP,10,prior_shift,87,1.0,0.005918427759766653,0.5,0.4985203973789896
pond,supermat,NTP,10,prior_shift,88,1.0,-0.39954668034839763,0.4,0.4985203973789896
pond,supermat,NTP,10,prior_shift,89,1.0,0.4113835358679309,0.6,0.4985203973789896
pond,supermat,NTP,10,prior_shift,90,1.0,-0.39954668034839763,0.4,0.4985203973789896
pond,supermat,NTP,10,prior_shift,91,1.0,-1.380375933360124,0.2,0.4985203973789896
pond,supermat,NTP,10,prior_shift,92,1.0,-0.39954668034839763,0.4,0.4985203973789896
pond,supermat,NTP,10,prior_shift,93,1.0,0.005918427759766653,0.5,0.4985203973789896
pond,supermat,NTP,10,prior_shift,94,1.0,-0.39954668034839763,0.4,0.4985203973789896
pond,supermat,NTP,10,prior_shift,95,1.0,-2.1913061495764525,0.1,0.4985203973789896
pond,supermat,NTP,10,prior_shift,96,1.0,-1.380375933360124,0.2,0.4985203973789896
pond,supermat,NTP,10,prior_shift,97,1.0,-0.39954668034839763,0.4,0.4985203973789896
pond,supermat,NTP,10,prior_shift,98,1.0,-2.1913061495764525,0.1,0.4985203973789896
pond,supermat,NTP,10,prior_shift,99,1.0,0.4113835358679309,0.6,0.4985203973789896
pond,supermat,NTP,10,prior_shift,100,1.0,-0.841379432627437,0.3,0.4985203973789896
pond,supermat,Probe,50,prior_shift,0,1.0,-1.040050127422921,0.26,0.4985203973789896
pond,supermat,Probe,50,prior_shift,1,1.0,-1.510429061608322,0.18,0.4985203973789896
pond,supermat,Probe,50,prior_shift,2,1.0,-0.23524362905712143,0.44,0.4985203973789896
pond,supermat,Probe,50,prior_shift,3,1.0,-0.3168549645032845,0.42,0.4985203973789896
pond,supermat,Probe,50,prior_shift,4,1.0,-0.5694457171437952,0.36,0.4985203973789896
pond,supermat,Probe,50,prior_shift,5,1.0,-0.7478533746166134,0.32,0.4985203973789896
pond,supermat,Probe,50,prior_shift,6,1.0,-0.6573757896504974,0.34,0.4985203973789896
pond,supermat,Probe,50,prior_shift,7,1.0,-0.07412427991376984,0.48,0.4985203973789896
pond,supermat,Probe,50,prior_shift,8,1.0,-0.9385431810810845,0.28,0.4985203973789896
pond,supermat,Probe,50,prior_shift,9,1.0,-1.040050127422921,0.26,0.4985203973789896
pond,supermat,Probe,50,prior_shift,10,1.0,-1.040050127422921,0.26,0.4985203973789896
pond,supermat,Probe,50,prior_shift,11,1.0,-0.39954668034839763,0.4,0.4985203973789896
pond,supermat,Probe,50,prior_shift,12,1.0,-0.841379432627437,0.3,0.4985203973789896
pond,supermat,Probe,50,prior_shift,13,1.0,-0.39954668034839763,0.4,0.4985203973789896
pond,supermat,Probe,50,prior_shift,14,1.0,-1.2597479455715093,0.22,0.4985203973789896
pond,supermat,Probe,50,prior_shift,15,1.0,0.4113835358679309,0.6,0.4985203973789896
pond,supermat,Probe,50,prior_shift,16,1.0,-0.3168549645032845,0.42,0.4985203973789896
pond,supermat,Probe,50,prior_shift,17,1.0,-1.6523096488437656,0.16,0.4985203973789896
pond,supermat,Probe,50,prior_shift,18,1.0,-0.7478533746166134,0.32,0.4985203973789896
pond,supermat,Probe,50,prior_shift,19,1.0,-0.23524362905712143,0.44,0.4985203973789896
pond,supermat,Probe,50,prior_shift,20,1.0,-0.39954668034839763,0.4,0.4985203973789896
pond,supermat,Probe,50,prior_shift,21,1.0,-0.9385431810810845,0.28,0.4985203973789896
pond,supermat,Probe,50,prior_shift,22,1.0,-1.146761082178619,0.24,0.4985203973789896
pond,supermat,Probe,50,prior_shift,23,1.0,-1.2597479455715093,0.22,0.4985203973789896
pond,supermat,Probe,50,prior_shift,24,1.0,-0.841379432627437,0.3,0.4985203973789896
pond,supermat,Probe,50,prior_shift,25,1.0,0.08596113543330315,0.52,0.4985203973789896
pond,supermat,Probe,50,prior_shift,26,1.0,-0.39954668034839763,0.4,0.4985203973789896
pond,supermat,Probe,50,prior_shift,27,1.0,-0.5694457171437952,0.36,0.4985203973789896
pond,supermat,Probe,50,prior_shift,28,1.0,-0.6573757896504974,0.34,0.4985203973789896
pond,supermat,Probe,50,prior_shift,29,1.0,-1.146761082178619,0.24,0.4985203973789896
pond,supermat,Probe,50,prior_shift,30,1.0,-0.5694457171437952,0.36,0.4985203973789896
pond,supermat,Probe,50,prior_shift,31,1.0,-0.841379432627437,0.3,0.4985203973789896
pond,supermat,Probe,50,prior_shift,32,1.0,-0.48362979755893915,0.38,0.4985203973789896
pond,supermat,Probe,50,prior_shift,33,1.0,-0.9385431810810845,0.28,0.4985203973789896
pond,supermat,Probe,50,prior_shift,34,1.0,-0.6573757896504974,0.34,0.4985203973789896
pond,supermat,Probe,50,prior_shift,35,1.0,-0.48362979755893915,0.38,0.4985203973789896
pond,supermat,Probe,50,prior_shift,36,1.0,-1.2597479455715093,0.22,0.4985203973789896
pond,supermat,Probe,50,prior_shift,37,1.0,-1.040050127422921,0.26,0.4985203973789896
pond,supermat,Probe,50,prior_shift,38,1.0,-1.380375933360124,0.2,0.4985203973789896
pond,supermat,Probe,50,prior_shift,39,1.0,-0.841379432627437,0.3,0.4985203973789896
pond,supermat,Probe,50,prior_shift,40,1.0,-0.3168549645032845,0.42,0.4985203973789896
pond,supermat,Probe,50,prior_shift,41,1.0,-0.15442422231541264,0.46,0.4985203973789896
pond,supermat,Probe,50,prior_shift,42,1.0,-0.9385431810810845,0.28,0.4985203973789896
pond,supermat,Probe,50,prior_shift,43,1.0,-0.841379432627437,0.3,0.4985203973789896
pond,supermat,Probe,50,prior_shift,44,1.0,0.24708048457665494,0.56,0.4985203973789896
pond,supermat,Probe,50,prior_shift,45,1.0,-1.040050127422921,0.26,0.4985203973789896
pond,supermat,Probe,50,prior_shift,46,1.0,-1.040050127422921,0.26,0.4985203973789896
pond,supermat,Probe,50,prior_shift,47,1.0,0.005918427759766653,0.5,0.4985203973789896
pond,supermat,Probe,50,prior_shift,48,1.0,-0.5694457171437952,0.36,0.4985203973789896
pond,supermat,Probe,50,prior_shift,49,1.0,-0.6573757896504974,0.34,0.4985203973789896
pond,supermat,Probe,50,prior_shift,50,1.0,-0.9385431810810845,0.28,0.4985203973789896
pond,supermat,Probe,50,prior_shift,51,1.0,-0.5694457171437952,0.36,0.4985203973789896
pond,supermat,Probe,50,prior_shift,52,1.0,-1.040050127422921,0.26,0.4985203973789896
pond,supermat,Probe,50,prior_shift,53,1.0,-1.510429061608322,0.18,0.4985203973789896
pond,supermat,Probe,50,prior_shift,54,1.0,-0.23524362905712143,0.44,0.4985203973789896
pond,supermat,Probe,50,prior_shift,55,1.0,-0.48362979755893915,0.38,0.4985203973789896
pond,supermat,Probe,50,prior_shift,56,1.0,-0.39954668034839763,0.4,0.4985203973789896
pond,supermat,Probe,50,prior_shift,57,1.0,-0.841379432627437,0.3,0.4985203973789896
pond,supermat,Probe,50,prior_shift,58,1.0,-1.040050127422921,0.26,0.4985203973789896
pond,supermat,Probe,50,prior_shift,59,1.0,-0.7478533746166134,0.32,0.4985203973789896
pond,supermat,Probe,50,prior_shift,60,1.0,-1.380375933360124,0.2,0.4985203973789896
pond,supermat,Probe,50,prior_shift,61,1.0,-0.48362979755893915,0.38,0.4985203973789896
pond,supermat,Probe,50,prior_shift,62,1.0,-0.48362979755893915,0.38,0.4985203973789896
pond,supermat,Probe,50,prior_shift,63,1.0,-0.23524362905712143,0.44,0.4985203973789896
pond,supermat,Probe,50,prior_shift,64,1.0,-0.5694457171437952,0.36,0.4985203973789896
pond,supermat,Probe,50,prior_shift,65,1.0,-0.23524362905712143,0.44,0.4985203973789896
pond,supermat,Probe,50,prior_shift,66,1.0,-0.9385431810810845,0.28,0.4985203973789896
pond,supermat,Probe,50,prior_shift,67,1.0,-0.07412427991376984,0.48,0.4985203973789896
pond,supermat,Probe,50,prior_shift,68,1.0,-1.510429061608322,0.18,0.4985203973789896
pond,supermat,Probe,50,prior_shift,69,1.0,-1.040050127422921,0.26,0.4985203973789896
pond,supermat,Probe,50,prior_shift,70,1.0,-1.510429061608322,0.18,0.4985203973789896
pond,supermat,Probe,50,prior_shift,71,1.0,-0.6573757896504974,0.34,0.4985203973789896
pond,supermat,Probe,50,prior_shift,72,1.0,0.08596113543330315,0.52,0.4985203973789896
pond,supermat,Probe,50,prior_shift,73,1.0,-0.3168549645032845,0.42,0.4985203973789896
pond,supermat,Probe,50,prior_shift,74,1.0,-1.040050127422921,0.26,0.4985203973789896
pond,supermat,Probe,50,prior_shift,75,1.0,-0.6573757896504974,0.34,0.4985203973789896
pond,supermat,Probe,50,prior_shift,76,1.0,-1.146761082178619,0.24,0.4985203973789896
pond,supermat,Probe,50,prior_shift,77,1.0,-1.2597479455715093,0.22,0.4985203973789896
pond,supermat,Probe,50,prior_shift,78,1.0,-1.040050127422921,0.26,0.4985203973789896
pond,supermat,Probe,50,prior_shift,79,1.0,-0.3168549645032845,0.42,0.4985203973789896
pond,supermat,Probe,50,prior_shift,80,1.0,-0.6573757896504974,0.34,0.4985203973789896
pond,supermat,Probe,50,prior_shift,81,1.0,0.08596113543330315,0.52,0.4985203973789896
pond,supermat,Probe,50,prior_shift,82,1.0,-0.48362979755893915,0.38,0.4985203973789896
pond,supermat,Probe,50,prior_shift,83,1.0,0.08596113543330315,0.52,0.4985203973789896
pond,supermat,Probe,50,prior_shift,84,1.0,-0.6573757896504974,0.34,0.4985203973789896
pond,supermat,Probe,50,prior_shift,85,1.0,-0.3168549645032845,0.42,0.4985203973789896
pond,supermat,Probe,50,prior_shift,86,1.0,-1.040050127422921,0.26,0.4985203973789896
pond,supermat,Probe,50,prior_shift,87,1.0,-0.3168549645032845,0.42,0.4985203973789896
pond,supermat,Probe,50,prior_shift,88,1.0,-0.3168549645032845,0.42,0.4985203973789896
pond,supermat,Probe,50,prior_shift,89,1.0,-0.15442422231541264,0.46,0.4985203973789896
pond,supermat,Probe,50,prior_shift,90,1.0,-0.9385431810810845,0.28,0.4985203973789896
pond,supermat,Probe,50,prior_shift,91,1.0,-0.3168549645032845,0.42,0.4985203973789896
pond,supermat,Probe,50,prior_shift,92,1.0,-0.15442422231541264,0.46,0.4985203973789896
pond,supermat,Probe,50,prior_shift,93,1.0,-0.5694457171437952,0.36,0.4985203973789896
pond,supermat,Probe,50,prior_shift,94,1.0,-0.6573757896504974,0.34,0.4985203973789896
pond,supermat,Probe,50,prior_shift,95,1.0,-0.9385431810810845,0.28,0.4985203973789896
pond,supermat,Probe,50,prior_shift,96,1.0,-0.39954668034839763,0.4,0.4985203973789896
pond,supermat,Probe,50,prior_shift,97,1.0,-1.2597479455715093,0.22,0.4985203973789896
pond,supermat,Probe,50,prior_shift,98,1.0,-1.2597479455715093,0.22,0.4985203973789896
pond,supermat,Probe,50,prior_shift,99,1.0,-0.07412427991376984,0.48,0.4985203973789896
pond,supermat,NTP,50,prior_shift,0,1.0,-1.040050127422921,0.26,0.4985203973789896
pond,supermat,NTP,50,prior_shift,1,1.0,-1.510429061608322,0.18,0.4985203973789896
pond,supermat,NTP,50,prior_shift,2,1.0,-0.23524362905712143,0.44,0.4985203973789896
pond,supermat,NTP,50,prior_shift,3,1.0,-0.3168549645032845,0.42,0.4985203973789896
pond,supermat,NTP,50,prior_shift,4,1.0,-0.5694457171437952,0.36,0.4985203973789896
pond,supermat,NTP,50,prior_shift,5,1.0,-0.7478533746166134,0.32,0.4985203973789896
pond,supermat,NTP,50,prior_shift,6,1.0,-0.6573757896504974,0.34,0.4985203973789896
pond,supermat,NTP,50,prior_shift,7,1.0,-0.07412427991376984,0.48,0.4985203973789896
pond,supermat,NTP,50,prior_shift,8,1.0,-0.9385431810810845,0.28,0.4985203973789896
pond,supermat,NTP,50,prior_shift,9,1.0,-1.040050127422921,0.26,0.4985203973789896
pond,supermat,NTP,50,prior_shift,10,1.0,-1.040050127422921,0.26,0.4985203973789896
pond,supermat,NTP,50,prior_shift,11,1.0,-0.39954668034839763,0.4,0.4985203973789896
pond,supermat,NTP,50,prior_shift,12,1.0,-0.841379432627437,0.3,0.4985203973789896
pond,supermat,NTP,50,prior_shift,13,1.0,-0.39954668034839763,0.4,0.4985203973789896
pond,supermat,NTP,50,prior_shift,14,1.0,-1.2597479455715093,0.22,0.4985203973789896
pond,supermat,NTP,50,prior_shift,15,1.0,0.4113835358679309,0.6,0.4985203973789896
pond,supermat,NTP,50,prior_shift,16,1.0,-0.3168549645032845,0.42,0.4985203973789896
pond,supermat,NTP,50,prior_shift,17,1.0,-1.6523096488437656,0.16,0.4985203973789896
pond,supermat,NTP,50,prior_shift,18,1.0,-0.7478533746166134,0.32,0.4985203973789896
pond,supermat,NTP,50,prior_shift,19,1.0,-0.23524362905712143,0.44,0.4985203973789896
pond,supermat,NTP,50,prior_shift,20,1.0,-0.39954668034839763,0.4,0.4985203973789896
pond,supermat,NTP,50,prior_shift,21,1.0,-0.9385431810810845,0.28,0.4985203973789896
pond,supermat,NTP,50,prior_shift,22,1.0,-1.146761082178619,0.24,0.4985203973789896
pond,supermat,NTP,50,prior_shift,23,1.0,-1.2597479455715093,0.22,0.4985203973789896
pond,supermat,NTP,50,prior_shift,24,1.0,-0.841379432627437,0.3,0.4985203973789896
pond,supermat,NTP,50,prior_shift,25,1.0,0.08596113543330315,0.52,0.4985203973789896
pond,supermat,NTP,50,prior_shift,26,1.0,-0.39954668034839763,0.4,0.4985203973789896
pond,supermat,NTP,50,prior_shift,27,1.0,-0.5694457171437952,0.36,0.4985203973789896
pond,supermat,NTP,50,prior_shift,28,1.0,-0.6573757896504974,0.34,0.4985203973789896
pond,supermat,NTP,50,prior_shift,29,1.0,-1.146761082178619,0.24,0.4985203973789896
pond,supermat,NTP,50,prior_shift,30,1.0,-0.5694457171437952,0.36,0.4985203973789896
pond,supermat,NTP,50,prior_shift,31,1.0,-0.841379432627437,0.3,0.4985203973789896
pond,supermat,NTP,50,prior_shift,32,1.0,-0.48362979755893915,0.38,0.4985203973789896
pond,supermat,NTP,50,prior_shift,33,1.0,-0.9385431810810845,0.28,0.4985203973789896
pond,supermat,NTP,50,prior_shift,34,1.0,-0.6573757896504974,0.34,0.4985203973789896
pond,supermat,NTP,50,prior_shift,35,1.0,-0.48362979755893915,0.38,0.4985203973789896
pond,supermat,NTP,50,prior_shift,36,1.0,-1.2597479455715093,0.22,0.4985203973789896
pond,supermat,NTP,50,prior_shift,37,1.0,-1.040050127422921,0.26,0.4985203973789896
pond,supermat,NTP,50,prior_shift,38,1.0,-1.380375933360124,0.2,0.4985203973789896
pond,supermat,NTP,50,prior_shift,39,1.0,-0.841379432627437,0.3,0.4985203973789896
pond,supermat,NTP,50,prior_shift,40,1.0,-0.3168549645032845,0.42,0.4985203973789896
pond,supermat,NTP,50,prior_shift,41,1.0,-0.15442422231541264,0.46,0.4985203973789896
pond,supermat,NTP,50,prior_shift,42,1.0,-0.9385431810810845,0.28,0.4985203973789896
pond,supermat,NTP,50,prior_shift,43,1.0,-0.841379432627437,0.3,0.4985203973789896
pond,supermat,NTP,50,prior_shift,44,1.0,0.24708048457665494,0.56,0.4985203973789896
pond,supermat,NTP,50,prior_shift,45,1.0,-1.040050127422921,0.26,0.4985203973789896
pond,supermat,NTP,50,prior_shift,46,1.0,-1.040050127422921,0.26,0.4985203973789896
pond,supermat,NTP,50,prior_shift,47,1.0,0.005918427759766653,0.5,0.4985203973789896
pond,supermat,NTP,50,prior_shift,48,1.0,-0.5694457171437952,0.36,0.4985203973789896
pond,supermat,NTP,50,prior_shift,49,1.0,-0.6573757896504974,0.34,0.4985203973789896
pond,supermat,NTP,50,prior_shift,50,1.0,-0.9385431810810845,0.28,0.4985203973789896
pond,supermat,NTP,50,prior_shift,51,1.0,-0.5694457171437952,0.36,0.4985203973789896
pond,supermat,NTP,50,prior_shift,52,1.0,-1.040050127422921,0.26,0.4985203973789896
pond,supermat,NTP,50,prior_shift,53,1.0,-1.510429061608322,0.18,0.4985203973789896
pond,supermat,NTP,50,prior_shift,54,1.0,-0.23524362905712143,0.44,0.4985203973789896
pond,supermat,NTP,50,prior_shift,55,1.0,-0.48362979755893915,0.38,0.4985203973789896
pond,supermat,NTP,50,prior_shift,56,1.0,-0.39954668034839763,0.4,0.4985203973789896
pond,supermat,NTP,50,prior_shift,57,1.0,-0.841379432627437,0.3,0.4985203973789896
pond,supermat,NTP,50,prior_shift,58,1.0,-1.040050127422921,0.26,0.4985203973789896
pond,supermat,NTP,50,prior_shift,59,1.0,-0.7478533746166134,0.32,0.4985203973789896
pond,supermat,NTP,50,prior_shift,60,1.0,-1.380375933360124,0.2,0.4985203973789896
pond,supermat,NTP,50,prior_shift,61,1.0,-0.48362979755893915,0.38,0.4985203973789896
pond,supermat,NTP,50,prior_shift,62,1.0,-0.48362979755893915,0.38,0.4985203973789896
pond,supermat,NTP,50,prior_shift,63,1.0,-0.23524362905712143,0.44,0.4985203973789896
pond,supermat,NTP,50,prior_shift,64,1.0,-0.5694457171437952,0.36,0.4985203973789896
pond,supermat,NTP,50,prior_shift,65,1.0,-0.23524362905712143,0.44,0.4985203973789896
pond,supermat,NTP,50,prior_shift,66,1.0,-0.9385431810810845,0.28,0.4985203973789896
pond,supermat,NTP,50,prior_shift,67,1.0,-0.07412427991376984,0.48,0.4985203973789896
pond,supermat,NTP,50,prior_shift,68,1.0,-1.510429061608322,0.18,0.4985203973789896
pond,supermat,NTP,50,prior_shift,69,1.0,-1.040050127422921,0.26,0.4985203973789896
pond,supermat,NTP,50,prior_shift,70,1.0,-1.510429061608322,0.18,0.4985203973789896
pond,supermat,NTP,50,prior_shift,71,1.0,-0.6573757896504974,0.34,0.4985203973789896
pond,supermat,NTP,50,prior_shift,72,1.0,0.08596113543330315,0.52,0.4985203973789896
pond,supermat,NTP,50,prior_shift,73,1.0,-0.3168549645032845,0.42,0.4985203973789896
pond,supermat,NTP,50,prior_shift,74,1.0,-1.040050127422921,0.26,0.4985203973789896
pond,supermat,NTP,50,prior_shift,75,1.0,-0.6573757896504974,0.34,0.4985203973789896
pond,supermat,NTP,50,prior_shift,76,1.0,-1.146761082178619,0.24,0.4985203973789896
pond,supermat,NTP,50,prior_shift,77,1.0,-1.2597479455715093,0.22,0.4985203973789896
pond,supermat,NTP,50,prior_shift,78,1.0,-1.040050127422921,0.26,0.4985203973789896
pond,supermat,NTP,50,prior_shift,79,1.0,-0.3168549645032845,0.42,0.4985203973789896
pond,supermat,NTP,50,prior_shift,80,1.0,-0.6573757896504974,0.34,0.4985203973789896
pond,supermat,NTP,50,prior_shift,81,1.0,0.08596113543330315,0.52,0.4985203973789896
pond,supermat,NTP,50,prior_shift,82,1.0,-0.48362979755893915,0.38,0.4985203973789896
pond,supermat,NTP,50,prior_shift,83,1.0,0.08596113543330315,0.52,0.4985203973789896
pond,supermat,NTP,50,prior_shift,84,1.0,-0.6573757896504974,0.34,0.4985203973789896
pond,supermat,NTP,50,prior_shift,85,1.0,-0.3168549645032845,0.42,0.4985203973789896
pond,supermat,NTP,50,prior_shift,86,1.0,-1.040050127422921,0.26,0.4985203973789896
pond,supermat,NTP,50,prior_shift,87,1.0,-0.3168549645032845,0.42,0.4985203973789896
pond,supermat,NTP,50,prior_shift,88,1.0,-0.3168549645032845,0.42,0.4985203973789896
pond,supermat,NTP,50,prior_shift,89,1.0,-0.15442422231541264,0.46,0.4985203973789896
pond,supermat,NTP,50,prior_shift,90,1.0,-0.9385431810810845,0.28,0.4985203973789896
pond,supermat,NTP,50,prior_shift,91,1.0,-0.3168549645032845,0.42,0.4985203973789896
pond,supermat,NTP,50,prior_shift,92,1.0,-0.15442422231541264,0.46,0.4985203973789896
pond,supermat,NTP,50,prior_shift,93,1.0,-0.5694457171437952,0.36,0.4985203973789896
pond,supermat,NTP,50,prior_shift,94,1.0,-0.6573757896504974,0.34,0.4985203973789896
pond,supermat,NTP,50,prior_shift,95,1.0,-0.9385431810810845,0.28,0.4985203973789896
pond,supermat,NTP,50,prior_shift,96,1.0,-0.39954668034839763,0.4,0.4985203973789896
pond,supermat,NTP,50,prior_shift,97,1.0,-1.2597479455715093,0.22,0.4985203973789896
pond,supermat,NTP,50,prior_shift,98,1.0,-1.2597479455715093,0.22,0.4985203973789896
pond,supermat,NTP,50,prior_shift,99,1.0,-0.07412427991376984,0.48,0.4985203973789896
pond,supermat,Probe,100,prior_shift,0,1.0,-1.040050127422921,0.26,0.4985203973789896
pond,supermat,Probe,100,prior_shift,1,1.0,-1.040050127422921,0.26,0.4985203973789896
pond,supermat,Probe,100,prior_shift,2,1.0,-0.44139379028389814,0.39,0.4985203973789896
pond,supermat,Probe,100,prior_shift,3,1.0,-0.6131207806464568,0.35,0.4985203973789896
pond,supermat,Probe,100,prior_shift,4,1.0,-0.5694457171437952,0.36,0.4985203973789896
pond,supermat,Probe,100,prior_shift,5,1.0,-0.3168549645032845,0.42,0.4985203973789896
pond,supermat,Probe,100,prior_shift,6,1.0,-1.0926938609083432,0.25,0.4985203973789896
pond,supermat,Probe,100,prior_shift,7,1.0,-0.48362979755893915,0.38,0.4985203973789896
pond,supermat,Probe,100,prior_shift,8,1.0,-1.146761082178619,0.24,0.4985203973789896
pond,supermat,Probe,100,prior_shift,9,1.0,-0.39954668034839763,0.4,0.4985203973789896
pond,supermat,Probe,100,prior_shift,10,1.0,-0.6573757896504974,0.34,0.4985203973789896
pond,supermat,Probe,100,prior_shift,11,1.0,-0.23524362905712143,0.44,0.4985203973789896
pond,supermat,Probe,100,prior_shift,12,1.0,-0.7478533746166134,0.32,0.4985203973789896
pond,supermat,Probe,100,prior_shift,13,1.0,-0.15442422231541264,0.46,0.4985203973789896
pond,supermat,Probe,100,prior_shift,14,1.0,-0.7942008723523465,0.31,0.4985203973789896
pond,supermat,Probe,100,prior_shift,15,1.0,0.12606273960183,0.53,0.4985203973789896
pond,supermat,Probe,100,prior_shift,16,1.0,-0.8894656192950746,0.29,0.4985203973789896
pond,supermat,Probe,100,prior_shift,17,1.0,-1.2023927781647676,0.23,0.4985203973789896
pond,supermat,Probe,100,prior_shift,18,1.0,-0.8894656192950746,0.29,0.4985203973789896
pond,supermat,Probe,100,prior_shift,19,1.0,-0.48362979755893915,0.38,0.4985203973789896
pond,supermat,Probe,100,prior_shift,20,1.0,-0.6573757896504974,0.34,0.4985203973789896
pond,supermat,Probe,100,prior_shift,21,1.0,-0.841379432627437,0.3,0.4985203973789896
pond,supermat,Probe,100,prior_shift,22,1.0,-1.146761082178619,0.24,0.4985203973789896
pond,supermat,Probe,100,prior_shift,23,1.0,-0.6573757896504974,0.34,0.4985203973789896
pond,supermat,Probe,100,prior_shift,24,1.0,-0.6573757896504974,0.34,0.4985203973789896
pond,supermat,Probe,100,prior_shift,25,1.0,-0.44139379028389814,0.39,0.4985203973789896
pond,supermat,Probe,100,prior_shift,26,1.0,-0.702266630164719,0.33,0.4985203973789896
pond,supermat,Probe,100,prior_shift,27,1.0,-0.15442422231541264,0.46,0.4985203973789896
pond,supermat,Probe,100,prior_shift,28,1.0,-0.27593272438122113,0.43,0.4985203973789896
pond,supermat,Probe,100,prior_shift,29,1.0,-1.040050127422921,0.26,0.4985203973789896
pond,supermat,Probe,100,prior_shift,30,1.0,-0.5694457171437952,0.36,0.4985203973789896
pond,supermat,Probe,100,prior_shift,31,1.0,-0.6131207806464568,0.35,0.4985203973789896
pond,supermat,Probe,100,prior_shift,32,1.0,-0.9385431810810845,0.28,0.4985203973789896
pond,supermat,Probe,100,prior_shift,33,1.0,-0.27593272438122113,0.43,0.4985203973789896
pond,supermat,Probe,100,prior_shift,34,1.0,-0.5694457171437952,0.36,0.4985203973789896
pond,supermat,Probe,100,prior_shift,35,1.0,-0.39954668034839763,0.4,0.4985203973789896
pond,supermat,Probe,100,prior_shift,36,1.0,-1.2597479455715093,0.22,0.4985203973789896
pond,supermat,Probe,100,prior_shift,37,1.0,-0.39954668034839763,0.4,0.4985203973789896
pond,supermat,Probe,100,prior_shift,38,1.0,-1.146761082178619,0.24,0.4985203973789896
pond,supermat,Probe,100,prior_shift,39,1.0,-0.6131207806464568,0.35,0.4985203973789896
pond,supermat,Probe,100,prior_shift,40,1.0,-0.6131207806464568,0.35,0.4985203973789896
pond,supermat,Probe,100,prior_shift,41,1.0,-0.3168549645032845,0.42,0.4985203973789896
pond,supermat,Probe,100,prior_shift,42,1.0,-0.841379432627437,0.3,0.4985203973789896
pond,supermat,Probe,100,prior_shift,43,1.0,-0.48362979755893915,0.38,0.4985203973789896
pond,supermat,Probe,100,prior_shift,44,1.0,-0.19475226770238446,0.45,0.4985203973789896
pond,supermat,Probe,100,prior_shift,45,1.0,-1.2023927781647676,0.23,0.4985203973789896
pond,supermat,Probe,100,prior_shift,46,1.0,-1.040050127422921,0.26,0.4985203973789896
pond,supermat,Probe,100,prior_shift,47,1.0,-0.3580469494416451,0.41,0.4985203973789896
pond,supermat,Probe,100,prior_shift,48,1.0,-0.6131207806464568,0.35,0.4985203973789896
pond,supermat,Probe,100,prior_shift,49,1.0,-0.8894656192950746,0.29,0.4985203973789896
pond,supermat,Probe,100,prior_shift,50,1.0,-1.040050127422921,0.26,0.4985203973789896
pond,supermat,Probe,100,prior_shift,51,1.0,-1.0926938609083432,0.25,0.4985203973789896
pond,supermat,Probe,100,prior_shift,52,1.0,-1.146761082178619,0.24,0.4985203973789896
pond,supermat,Probe,100,prior_shift,53,1.0,-1.146761082178619,0.24,0.4985203973789896
pond,supermat,Probe,100,prior_shift,54,1.0,-0.19475226770238446,0.45,0.4985203973789896
pond,supermat,Probe,100,prior_shift,55,1.0,-0.5262983859875415,0.37,0.4985203973789896
pond,supermat,Probe,100,prior_shift,56,1.0,-0.9887041473842952,0.27,0.4985203973789896
pond,supermat,Probe,100,prior_shift,57,1.0,-1.0926938609083432,0.25,0.4985203973789896
pond,supermat,Probe,100,prior_shift,58,1.0,-0.841379432627437,0.3,0.4985203973789896
pond,supermat,Probe,100,prior_shift,59,1.0,-0.8894656192950746,0.29,0.4985203973789896
pond,supermat,Probe,100,prior_shift,60,1.0,-0.5262983859875415,0.37,0.4985203973789896
pond,supermat,Probe,100,prior_shift,61,1.0,-0.6573757896504974,0.34,0.4985203973789896
pond,supermat,Probe,100,prior_shift,62,1.0,-0.7478533746166134,0.32,0.4985203973789896
pond,supermat,Probe,100,prior_shift,63,1.0,-0.07412427991376984,0.48,0.4985203973789896
pond,supermat,Probe,100,prior_shift,64,1.0,-0.702266630164719,0.33,0.4985203973789896
pond,supermat,Probe,100,prior_shift,65,1.0,0.24708048457665494,0.56,0.4985203973789896
pond,supermat,Probe,100,prior_shift,66,1.0,-1.2023927781647676,0.23,0.4985203973789896
pond,supermat,Probe,100,prior_shift,67,1.0,-0.6573757896504974,0.34,0.4985203973789896
pond,supermat,Probe,100,prior_shift,68,1.0,-1.2597479455715093,0.22,0.4985203973789896
pond,supermat,Probe,100,prior_shift,69,1.0,-1.040050127422921,0.26,0.4985203973789896
pond,supermat,Probe,100,prior_shift,70,1.0,-1.579708835980615,0.17,0.4985203973789896
pond,supermat,Probe,100,prior_shift,71,1.0,-0.15442422231541264,0.46,0.4985203973789896
pond,supermat,Probe,100,prior_shift,72,1.0,-0.07412427991376984,0.48,0.4985203973789896
pond,supermat,Probe,100,prior_shift,73,1.0,-0.702266630164719,0.33,0.4985203973789896
pond,supermat,Probe,100,prior_shift,74,1.0,-0.6131207806464568,0.35,0.4985203973789896
pond,supermat,Probe,100,prior_shift,75,1.0,-1.380375933360124,0.2,0.4985203973789896
pond,supermat,Probe,100,prior_shift,76,1.0,-0.7942008723523465,0.31,0.4985203973789896
pond,supermat,Probe,100,prior_shift,77,1.0,-0.7942008723523465,0.31,0.4985203973789896
pond,supermat,Probe,100,prior_shift,78,1.0,-0.7478533746166134,0.32,0.4985203973789896
pond,supermat,Probe,100,prior_shift,79,1.0,-0.7478533746166134,0.32,0.4985203973789896
pond,supermat,Probe,100,prior_shift,80,1.0,-0.6573757896504974,0.34,0.4985203973789896
pond,supermat,Probe,100,prior_shift,81,1.0,-0.6573757896504974,0.34,0.4985203973789896
pond,supermat,Probe,100,prior_shift,82,1.0,-0.702266630164719,0.33,0.4985203973789896
pond,supermat,Probe,100,prior_shift,83,1.0,-0.3168549645032845,0.42,0.4985203973789896
pond,supermat,Probe,100,prior_shift,84,1.0,-0.48362979755893915,0.38,0.4985203973789896
pond,supermat,Probe,100,prior_shift,85,1.0,-0.5694457171437952,0.36,0.4985203973789896
pond,supermat,Probe,100,prior_shift,86,1.0,-0.8894656192950746,0.29,0.4985203973789896
pond,supermat,Probe,100,prior_shift,87,1.0,-0.5262983859875415,0.37,0.4985203973789896
pond,supermat,Probe,100,prior_shift,88,1.0,-0.034086906853932536,0.49,0.4985203973789896
pond,supermat,Probe,100,prior_shift,89,1.0,0.16626107783494617,0.54,0.4985203973789896
pond,supermat,Probe,100,prior_shift,90,1.0,-0.9887041473842952,0.27,0.4985203973789896
pond,supermat,Probe,100,prior_shift,91,1.0,-0.39954668034839763,0.4,0.4985203973789896
pond,supermat,Probe,100,prior_shift,92,1.0,-0.3168549645032845,0.42,0.4985203973789896
pond,supermat,Probe,100,prior_shift,93,1.0,-0.8894656192950746,0.29,0.4985203973789896
pond,supermat,Probe,100,prior_shift,94,1.0,-0.6573757896504974,0.34,0.4985203973789896
pond,supermat,Probe,100,prior_shift,95,1.0,-0.9385431810810845,0.28,0.4985203973789896
pond,supermat,Probe,100,prior_shift,96,1.0,-0.39954668034839763,0.4,0.4985203973789896
pond,supermat,Probe,100,prior_shift,97,1.0,-0.9385431810810845,0.28,0.4985203973789896
pond,supermat,Probe,100,prior_shift,98,1.0,-1.146761082178619,0.24,0.4985203973789896
pond,supermat,Probe,100,prior_shift,99,1.0,-0.15442422231541264,0.46,0.4985203973789896
pond,supermat,NTP,100,prior_shift,0,1.0,-1.040050127422921,0.26,0.4985203973789896
pond,supermat,NTP,100,prior_shift,1,1.0,-1.040050127422921,0.26,0.4985203973789896
pond,supermat,NTP,100,prior_shift,2,1.0,-0.44139379028389814,0.39,0.4985203973789896
pond,supermat,NTP,100,prior_shift,3,1.0,-0.6131207806464568,0.35,0.4985203973789896
pond,supermat,NTP,100,prior_shift,4,1.0,-0.5694457171437952,0.36,0.4985203973789896
pond,supermat,NTP,100,prior_shift,5,1.0,-0.3168549645032845,0.42,0.4985203973789896
pond,supermat,NTP,100,prior_shift,6,1.0,-1.0926938609083432,0.25,0.4985203973789896
pond,supermat,NTP,100,prior_shift,7,1.0,-0.48362979755893915,0.38,0.4985203973789896
pond,supermat,NTP,100,prior_shift,8,1.0,-1.146761082178619,0.24,0.4985203973789896
pond,supermat,NTP,100,prior_shift,9,1.0,-0.39954668034839763,0.4,0.4985203973789896
pond,supermat,NTP,100,prior_shift,10,1.0,-0.6573757896504974,0.34,0.4985203973789896
pond,supermat,NTP,100,prior_shift,11,1.0,-0.23524362905712143,0.44,0.4985203973789896
pond,supermat,NTP,100,prior_shift,12,1.0,-0.7478533746166134,0.32,0.4985203973789896
pond,supermat,NTP,100,prior_shift,13,1.0,-0.15442422231541264,0.46,0.4985203973789896
pond,supermat,NTP,100,prior_shift,14,1.0,-0.7942008723523465,0.31,0.4985203973789896
pond,supermat,NTP,100,prior_shift,15,1.0,0.12606273960183,0.53,0.4985203973789896
pond,supermat,NTP,100,prior_shift,16,1.0,-0.8894656192950746,0.29,0.4985203973789896
pond,supermat,NTP,100,prior_shift,17,1.0,-1.2023927781647676,0.23,0.4985203973789896
pond,supermat,NTP,100,prior_shift,18,1.0,-0.8894656192950746,0.29,0.4985203973789896
pond,supermat,NTP,100,prior_shift,19,1.0,-0.48362979755893915,0.38,0.4985203973789896
pond,supermat,NTP,100,prior_shift,20,1.0,-0.6573757896504974,0.34,0.4985203973789896
pond,supermat,NTP,100,prior_shift,21,1.0,-0.841379432627437,0.3,0.4985203973789896
pond,supermat,NTP,100,prior_shift,22,1.0,-1.146761082178619,0.24,0.4985203973789896
pond,supermat,NTP,100,prior_shift,23,1.0,-0.6573757896504974,0.34,0.4985203973789896
pond,supermat,NTP,100,prior_shift,24,1.0,-0.6573757896504974,0.34,0.4985203973789896
pond,supermat,NTP,100,prior_shift,25,1.0,-0.44139379028389814,0.39,0.4985203973789896
pond,supermat,NTP,100,prior_shift,26,1.0,-0.702266630164719,0.33,0.4985203973789896
pond,supermat,NTP,100,prior_shift,27,1.0,-0.15442422231541264,0.46,0.4985203973789896
pond,supermat,NTP,100,prior_shift,28,1.0,-0.27593272438122113,0.43,0.4985203973789896
pond,supermat,NTP,100,prior_shift,29,1.0,-1.040050127422921,0.26,0.4985203973789896
pond,supermat,NTP,100,prior_shift,30,1.0,-0.5694457171437952,0.36,0.4985203973789896
pond,supermat,NTP,100,prior_shift,31,1.0,-0.6131207806464568,0.35,0.4985203973789896
pond,supermat,NTP,100,prior_shift,32,1.0,-0.9385431810810845,0.28,0.4985203973789896
pond,supermat,NTP,100,prior_shift,33,1.0,-0.27593272438122113,0.43,0.4985203973789896
pond,supermat,NTP,100,prior_shift,34,1.0,-0.5694457171437952,0.36,0.4985203973789896
pond,supermat,NTP,100,prior_shift,35,1.0,-0.39954668034839763,0.4,0.4985203973789896
pond,supermat,NTP,100,prior_shift,36,1.0,-1.2597479455715093,0.22,0.4985203973789896
pond,supermat,NTP,100,prior_shift,37,1.0,-0.39954668034839763,0.4,0.4985203973789896
pond,supermat,NTP,100,prior_shift,38,1.0,-1.146761082178619,0.24,0.4985203973789896
pond,supermat,NTP,100,prior_shift,39,1.0,-0.6131207806464568,0.35,0.4985203973789896
pond,supermat,NTP,100,prior_shift,40,1.0,-0.6131207806464568,0.35,0.4985203973789896
pond,supermat,NTP,100,prior_shift,41,1.0,-0.3168549645032845,0.42,0.4985203973789896
pond,supermat,NTP,100,prior_shift,42,1.0,-0.841379432627437,0.3,0.4985203973789896
pond,supermat,NTP,100,prior_shift,43,1.0,-0.48362979755893915,0.38,0.4985203973789896
pond,supermat,NTP,100,prior_shift,44,1.0,-0.19475226770238446,0.45,0.4985203973789896
pond,supermat,NTP,100,prior_shift,45,1.0,-1.2023927781647676,0.23,0.4985203973789896
pond,supermat,NTP,100,prior_shift,46,1.0,-1.040050127422921,0.26,0.4985203973789896
pond,supermat,NTP,100,prior_shift,47,1.0,-0.3580469494416451,0.41,0.4985203973789896
pond,supermat,NTP,100,prior_shift,48,1.0,-0.6131207806464568,0.35,0.4985203973789896
pond,supermat,NTP,100,prior_shift,49,1.0,-0.8894656192950746,0.29,0.4985203973789896
pond,supermat,NTP,100,prior_shift,50,1.0,-1.040050127422921,0.26,0.4985203973789896
pond,supermat,NTP,100,prior_shift,51,1.0,-1.0926938609083432,0.25,0.4985203973789896
pond,supermat,NTP,100,prior_shift,52,1.0,-1.146761082178619,0.24,0.4985203973789896
pond,supermat,NTP,100,prior_shift,53,1.0,-1.146761082178619,0.24,0.4985203973789896
pond,supermat,NTP,100,prior_shift,54,1.0,-0.19475226770238446,0.45,0.4985203973789896
pond,supermat,NTP,100,prior_shift,55,1.0,-0.5262983859875415,0.37,0.4985203973789896
pond,supermat,NTP,100,prior_shift,56,1.0,-0.9887041473842952,0.27,0.4985203973789896
pond,supermat,NTP,100,prior_shift,57,1.0,-1.0926938609083432,0.25,0.4985203973789896
pond,supermat,NTP,100,prior_shift,58,1.0,-0.841379432627437,0.3,0.4985203973789896
pond,supermat,NTP,100,prior_shift,59,1.0,-0.8894656192950746,0.29,0.4985203973789896
pond,supermat,NTP,100,prior_shift,60,1.0,-0.5262983859875415,0.37,0.4985203973789896
pond,supermat,NTP,100,prior_shift,61,1.0,-0.6573757896504974,0.34,0.4985203973789896
pond,supermat,NTP,100,prior_shift,62,1.0,-0.7478533746166134,0.32,0.4985203973789896
pond,supermat,NTP,100,prior_shift,63,1.0,-0.07412427991376984,0.48,0.4985203973789896
pond,supermat,NTP,100,prior_shift,64,1.0,-0.702266630164719,0.33,0.4985203973789896
pond,supermat,NTP,100,prior_shift,65,1.0,0.24708048457665494,0.56,0.4985203973789896
pond,supermat,NTP,100,prior_shift,66,1.0,-1.2023927781647676,0.23,0.4985203973789896
pond,supermat,NTP,100,prior_shift,67,1.0,-0.6573757896504974,0.34,0.4985203973789896
pond,supermat,NTP,100,prior_shift,68,1.0,-1.2597479455715093,0.22,0.4985203973789896
pond,supermat,NTP,100,prior_shift,69,1.0,-1.040050127422921,0.26,0.4985203973789896
pond,supermat,NTP,100,prior_shift,70,1.0,-1.579708835980615,0.17,0.4985203973789896
pond,supermat,NTP,100,prior_shift,71,1.0,-0.15442422231541264,0.46,0.4985203973789896
pond,supermat,NTP,100,prior_shift,72,1.0,-0.07412427991376984,0.48,0.4985203973789896
pond,supermat,NTP,100,prior_shift,73,1.0,-0.702266630164719,0.33,0.4985203973789896
pond,supermat,NTP,100,prior_shift,74,1.0,-0.6131207806464568,0.35,0.4985203973789896
pond,supermat,NTP,100,prior_shift,75,1.0,-1.380375933360124,0.2,0.4985203973789896
pond,supermat,NTP,100,prior_shift,76,1.0,-0.7942008723523465,0.31,0.4985203973789896
pond,supermat,NTP,100,prior_shift,77,1.0,-0.7942008723523465,0.31,0.4985203973789896
pond,supermat,NTP,100,prior_shift,78,1.0,-0.7478533746166134,0.32,0.4985203973789896
pond,supermat,NTP,100,prior_shift,79,1.0,-0.7478533746166134,0.32,0.4985203973789896
pond,supermat,NTP,100,prior_shift,80,1.0,-0.6573757896504974,0.34,0.4985203973789896
pond,supermat,NTP,100,prior_shift,81,1.0,-0.6573757896504974,0.34,0.4985203973789896
pond,supermat,NTP,100,prior_shift,82,1.0,-0.702266630164719,0.33,0.4985203973789896
pond,supermat,NTP,100,prior_shift,83,1.0,-0.3168549645032845,0.42,0.4985203973789896
pond,supermat,NTP,100,prior_shift,84,1.0,-0.48362979755893915,0.38,0.4985203973789896
pond,supermat,NTP,100,prior_shift,85,1.0,-0.5694457171437952,0.36,0.4985203973789896
pond,supermat,NTP,100,prior_shift,86,1.0,-0.8894656192950746,0.29,0.4985203973789896
pond,supermat,NTP,100,prior_shift,87,1.0,-0.5262983859875415,0.37,0.4985203973789896
pond,supermat,NTP,100,prior_shift,88,1.0,-0.034086906853932536,0.49,0.4985203973789896
pond,supermat,NTP,100,prior_shift,89,1.0,0.16626107783494617,0.54,0.4985203973789896
pond,supermat,NTP,100,prior_shift,90,1.0,-0.9887041473842952,0.27,0.4985203973789896
pond,supermat,NTP,100,prior_shift,91,1.0,-0.39954668034839763,0.4,0.4985203973789896
pond,supermat,NTP,100,prior_shift,92,1.0,-0.3168549645032845,0.42,0.4985203973789896
pond,supermat,NTP,100,prior_shift,93,1.0,-0.8894656192950746,0.29,0.4985203973789896
pond,supermat,NTP,100,prior_shift,94,1.0,-0.6573757896504974,0.34,0.4985203973789896
pond,supermat,NTP,100,prior_shift,95,1.0,-0.9385431810810845,0.28,0.4985203973789896
pond,supermat,NTP,100,prior_shift,96,1.0,-0.39954668034839763,0.4,0.4985203973789896
pond,supermat,NTP,100,prior_shift,97,1.0,-0.9385431810810845,0.28,0.4985203973789896
pond,supermat,NTP,100,prior_shift,98,1.0,-1.146761082178619,0.24,0.4985203973789896
pond,supermat,NTP,100,prior_shift,99,1.0,-0.15442422231541264,0.46,0.4985203973789896
pond,supermat,Probe,250,prior_shift,0,1.0,-1.2137204933105687,0.228,0.4985203973789896
pond,supermat,Probe,250,prior_shift,1,1.0,-1.146761082178619,0.24,0.4985203973789896
pond,supermat,Probe,250,prior_shift,2,1.0,-0.5694457171437952,0.36,0.4985203973789896
pond,supermat,Probe,250,prior_shift,3,1.0,-0.15442422231541264,0.46,0.4985203973789896
pond,supermat,Probe,250,prior_shift,4,1.0,-0.711326304379239,0.328,0.4985203973789896
pond,supermat,Probe,250,prior_shift,5,1.0,-0.48362979755893915,0.38,0.4985203973789896
pond,supermat,Probe,250,prior_shift,6,1.0,-0.841379432627437,0.3,0.4985203973789896
pond,supermat,Probe,250,prior_shift,7,1.0,-0.43299461441593773,0.392,0.4985203973789896
pond,supermat,Probe,250,prior_shift,8,1.0,-1.0193625878227934,0.264,0.4985203973789896
pond,supermat,Probe,250,prior_shift,9,1.0,-0.4666859831860262,0.384,0.4985203973789896
pond,supermat,Probe,250,prior_shift,10,1.0,-1.146761082178619,0.24,0.4985203973789896
pond,supermat,Probe,250,prior_shift,11,1.0,-0.21902530405859094,0.444,0.4985203973789896
pond,supermat,Probe,250,prior_shift,12,1.0,-0.6573757896504974,0.34,0.4985203973789896
pond,supermat,Probe,250,prior_shift,13,1.0,-0.5868495674925566,0.356,0.4985203973789896
pond,supermat,Probe,250,prior_shift,14,1.0,-0.9385431810810845,0.28,0.4985203973789896
pond,supermat,Probe,250,prior_shift,15,1.0,0.0219187691062078,0.504,0.4985203973789896
pond,supermat,Probe,250,prior_shift,16,1.0,-0.5868495674925566,0.356,0.4985203973789896
pond,supermat,Probe,250,prior_shift,17,1.0,-0.9385431810810845,0.28,0.4985203973789896
pond,supermat,Probe,250,prior_shift,18,1.0,-0.8797718636656714,0.292,0.4985203973789896
pond,supermat,Probe,250,prior_shift,19,1.0,-0.5868495674925566,0.356,0.4985203973789896
pond,supermat,Probe,250,prior_shift,20,1.0,-0.5521262679436149,0.364,0.4985203973789896
pond,supermat,Probe,250,prior_shift,21,1.0,-1.0609451625937627,0.256,0.4985203973789896
pond,supermat,Probe,250,prior_shift,22,1.0,-0.7848672223640946,0.312,0.4985203973789896
pond,supermat,Probe,250,prior_shift,23,1.0,-0.8605004740742153,0.296,0.4985203973789896
pond,supermat,Probe,250,prior_shift,24,1.0,-0.5348880282181598,0.368,0.4985203973789896
pond,supermat,Probe,250,prior_shift,25,1.0,-0.3332972948071972,0.416,0.4985203973789896
pond,supermat,Probe,250,prior_shift,26,1.0,-0.8797718636656714,0.292,0.4985203973789896
pond,supermat,Probe,250,prior_shift,27,1.0,-0.3004557777041669,0.424,0.4985203973789896
pond,supermat,Probe,250,prior_shift,28,1.0,-0.6573757896504974,0.34,0.4985203973789896
pond,supermat,Probe,250,prior_shift,29,1.0,-0.9385431810810845,0.28,0.4985203973789896
pond,supermat,Probe,250,prior_shift,30,1.0,-0.39954668034839763,0.4,0.4985203973789896
pond,supermat,Probe,250,prior_shift,31,1.0,-0.4666859831860262,0.384,0.4985203973789896
pond,supermat,Probe,250,prior_shift,32,1.0,-1.040050127422921,0.26,0.4985203973789896
pond,supermat,Probe,250,prior_shift,33,1.0,-0.2677774027172744,0.432,0.4985203973789896
pond,supermat,Probe,250,prior_shift,34,1.0,-0.43299461441593773,0.392,0.4985203973789896
pond,supermat,Probe,250,prior_shift,35,1.0,-0.3168549645032845,0.42,0.4985203973789896
pond,supermat,Probe,250,prior_shift,36,1.0,-1.0609451625937627,0.256,0.4985203973789896
pond,supermat,Probe,250,prior_shift,37,1.0,-0.729531132490868,0.324,0.4985203973789896
pond,supermat,Probe,250,prior_shift,38,1.0,-1.0820554627032872,0.252,0.4985203973789896
pond,supermat,Probe,250,prior_shift,39,1.0,-0.639600703810924,0.344,0.4985203973789896
pond,supermat,Probe,250,prior_shift,40,1.0,-0.44980851512928594,0.388,0.4985203973789896
pond,supermat,Probe,250,prior_shift,41,1.0,-0.12225676566423087,0.468,0.4985203973789896
pond,supermat,Probe,250,prior_shift,42,1.0,-0.9785805541409218,0.272,0.4985203973789896
pond,supermat,Probe,250,prior_shift,43,1.0,-0.729531132490868,0.324,0.4985203973789896
pond,supermat,Probe,250,prior_shift,44,1.0,-0.042090791426594,0.488,0.4985203973789896
pond,supermat,Probe,250,prior_shift,45,1.0,-1.0609451625937627,0.256,0.4985203973789896
pond,supermat,Probe,250,prior_shift,46,1.0,-0.918787501039673,0.284,0.4985203973789896
pond,supermat,Probe,250,prior_shift,47,1.0,-0.3332972948071972,0.416,0.4985203973789896
pond,supermat,Probe,250,prior_shift,48,1.0,-0.4666859831860262,0.384,0.4985203973789896
pond,supermat,Probe,250,prior_shift,49,1.0,-0.9785805541409218,0.272,0.4985203973789896
pond,supermat,Probe,250,prior_shift,50,1.0,-1.0193625878227934,0.264,0.4985203973789896
pond,supermat,Probe,250,prior_shift,51,1.0,-0.5177278844352854,0.372,0.4985203973789896
pond,supermat,Probe,250,prior_shift,52,1.0,-0.8991990035162631,0.288,0.4985203973789896
pond,supermat,Probe,250,prior_shift,53,1.0,-1.510429061608322,0.18,0.4985203973789896
pond,supermat,Probe,250,prior_shift,54,1.0,-0.5177278844352854,0.372,0.4985203973789896
pond,supermat,Probe,250,prior_shift,55,1.0,-0.5348880282181598,0.368,0.4985203973789896
pond,supermat,Probe,250,prior_shift,56,1.0,-0.6752525617534628,0.336,0.4985203973789896
pond,supermat,Probe,250,prior_shift,57,1.0,-0.8605004740742153,0.296,0.4985203973789896
pond,supermat,Probe,250,prior_shift,58,1.0,-0.998875105690688,0.268,0.4985203973789896
pond,supermat,Probe,250,prior_shift,59,1.0,-0.8991990035162631,0.288,0.4985203973789896
pond,supermat,Probe,250,prior_shift,60,1.0,-1.0193625878227934,0.264,0.4985203973789896
pond,supermat,Probe,250,prior_shift,61,1.0,-0.6932347768603904,0.332,0.4985203973789896
pond,supermat,Probe,250,prior_shift,62,1.0,-0.604341092994411,0.352,0.4985203973789896
pond,supermat,Probe,250,prior_shift,63,1.0,-0.3004557777041669,0.424,0.4985203973789896
pond,supermat,Probe,250,prior_shift,64,1.0,-0.7662972762758716,0.316,0.4985203973789896
pond,supermat,Probe,250,prior_shift,65,1.0,0.03792115884594047,0.508,0.4985203973789896
pond,supermat,Probe,250,prior_shift,66,1.0,-0.7662972762758716,0.316,0.4985203973789896
pond,supermat,Probe,250,prior_shift,67,1.0,-0.3004557777041669,0.424,0.4985203973789896
pond,supermat,Probe,250,prior_shift,68,1.0,-0.841379432627437,0.3,0.4985203973789896
pond,supermat,Probe,250,prior_shift,69,1.0,-1.1688175563811438,0.236,0.4985203973789896
pond,supermat,Probe,250,prior_shift,70,1.0,-1.3311048843533415,0.208,0.4985203973789896
pond,supermat,Probe,250,prior_shift,71,1.0,-0.010081913586674495,0.496,0.4985203973789896
pond,supermat,Probe,250,prior_shift,72,1.0,-0.3663210327200775,0.408,0.4985203973789896
pond,supermat,Probe,250,prior_shift,73,1.0,-0.09015540232985558,0.476,0.4985203973789896
pond,supermat,Probe,250,prior_shift,74,1.0,-0.3004557777041669,0.424,0.4985203973789896
pond,supermat,Probe,250,prior_shift,75,1.0,-1.2137204933105687,0.228,0.4985203973789896
pond,supermat,Probe,250,prior_shift,76,1.0,-0.729531132490868,0.324,0.4985203973789896
pond,supermat,Probe,250,prior_shift,77,1.0,-0.998875105690688,0.268,0.4985203973789896
pond,supermat,Probe,250,prior_shift,78,1.0,-0.9785805541409218,0.272,0.4985203973789896
pond,supermat,Probe,250,prior_shift,79,1.0,-0.711326304379239,0.328,0.4985203973789896
pond,supermat,Probe,250,prior_shift,80,1.0,-0.711326304379239,0.328,0.4985203973789896
pond,supermat,Probe,250,prior_shift,81,1.0,-0.026084303326407158,0.492,0.4985203973789896
pond,supermat,Probe,250,prior_shift,82,1.0,-0.6573757896504974,0.34,0.4985203973789896
pond,supermat,Probe,250,prior_shift,83,1.0,-0.38290736134443293,0.404,0.4985203973789896
pond,supermat,Probe,250,prior_shift,84,1.0,-0.43299461441593773,0.392,0.4985203973789896
pond,supermat,Probe,250,prior_shift,85,1.0,-0.21902530405859094,0.444,0.4985203973789896
pond,supermat,Probe,250,prior_shift,86,1.0,-0.918787501039673,0.284,0.4985203973789896
pond,supermat,Probe,250,prior_shift,87,1.0,-0.3004557777041669,0.424,0.4985203973789896
pond,supermat,Probe,250,prior_shift,88,1.0,-0.48362979755893915,0.38,0.4985203973789896
pond,supermat,Probe,250,prior_shift,89,1.0,-0.2840973680382345,0.428,0.4985203973789896
pond,supermat,Probe,250,prior_shift,90,1.0,-0.8797718636656714,0.292,0.4985203973789896
pond,supermat,Probe,250,prior_shift,91,1.0,-0.41624155892056763,0.396,0.4985203973789896
pond,supermat,Probe,250,prior_shift,92,1.0,-0.3168549645032845,0.42,0.4985203973789896
pond,supermat,Probe,250,prior_shift,93,1.0,-0.6752525617534628,0.336,0.4985203973789896
pond,supermat,Probe,250,prior_shift,94,1.0,-0.7478533746166134,0.32,0.4985203973789896
pond,supermat,Probe,250,prior_shift,95,1.0,-1.0820554627032872,0.252,0.4985203973789896
pond,supermat,Probe,250,prior_shift,96,1.0,-0.4666859831860262,0.384,0.4985203973789896
pond,supermat,Probe,250,prior_shift,97,1.0,-0.7662972762758716,0.316,0.4985203973789896
pond,supermat,Probe,250,prior_shift,98,1.0,-1.2597479455715093,0.22,0.4985203973789896
pond,supermat,Probe,250,prior_shift,99,1.0,0.03792115884594047,0.508,0.4985203973789896
pond,supermat,NTP,250,prior_shift,0,1.0,-1.2137204933105687,0.228,0.4985203973789896
pond,supermat,NTP,250,prior_shift,1,1.0,-1.146761082178619,0.24,0.4985203973789896
pond,supermat,NTP,250,prior_shift,2,1.0,-0.5694457171437952,0.36,0.4985203973789896
pond,supermat,NTP,250,prior_shift,3,1.0,-0.15442422231541264,0.46,0.4985203973789896
pond,supermat,NTP,250,prior_shift,4,1.0,-0.711326304379239,0.328,0.4985203973789896
pond,supermat,NTP,250,prior_shift,5,1.0,-0.48362979755893915,0.38,0.4985203973789896
pond,supermat,NTP,250,prior_shift,6,1.0,-0.841379432627437,0.3,0.4985203973789896
pond,supermat,NTP,250,prior_shift,7,1.0,-0.43299461441593773,0.392,0.4985203973789896
pond,supermat,NTP,250,prior_shift,8,1.0,-1.0193625878227934,0.264,0.4985203973789896
pond,supermat,NTP,250,prior_shift,9,1.0,-0.4666859831860262,0.384,0.4985203973789896
pond,supermat,NTP,250,prior_shift,10,1.0,-1.146761082178619,0.24,0.4985203973789896
pond,supermat,NTP,250,prior_shift,11,1.0,-0.21902530405859094,0.444,0.4985203973789896
pond,supermat,NTP,250,prior_shift,12,1.0,-0.6573757896504974,0.34,0.4985203973789896
pond,supermat,NTP,250,prior_shift,13,1.0,-0.5868495674925566,0.356,0.4985203973789896
pond,supermat,NTP,250,prior_shift,14,1.0,-0.9385431810810845,0.28,0.4985203973789896
pond,supermat,NTP,250,prior_shift,15,1.0,0.0219187691062078,0.504,0.4985203973789896
pond,supermat,NTP,250,prior_shift,16,1.0,-0.5868495674925566,0.356,0.4985203973789896
pond,supermat,NTP,250,prior_shift,17,1.0,-0.9385431810810845,0.28,0.4985203973789896
pond,supermat,NTP,250,prior_shift,18,1.0,-0.8797718636656714,0.292,0.4985203973789896
pond,supermat,NTP,250,prior_shift,19,1.0,-0.5868495674925566,0.356,0.4985203973789896
pond,supermat,NTP,250,prior_shift,20,1.0,-0.5521262679436149,0.364,0.4985203973789896
pond,supermat,NTP,250,prior_shift,21,1.0,-1.0609451625937627,0.256,0.4985203973789896
pond,supermat,NTP,250,prior_shift,22,1.0,-0.7848672223640946,0.312,0.4985203973789896
pond,supermat,NTP,250,prior_shift,23,1.0,-0.8605004740742153,0.296,0.4985203973789896
pond,supermat,NTP,250,prior_shift,24,1.0,-0.5348880282181598,0.368,0.4985203973789896
pond,supermat,NTP,250,prior_shift,25,1.0,-0.3332972948071972,0.416,0.4985203973789896
pond,supermat,NTP,250,prior_shift,26,1.0,-0.8797718636656714,0.292,0.4985203973789896
pond,supermat,NTP,250,prior_shift,27,1.0,-0.3004557777041669,0.424,0.4985203973789896
pond,supermat,NTP,250,prior_shift,28,1.0,-0.6573757896504974,0.34,0.4985203973789896
pond,supermat,NTP,250,prior_shift,29,1.0,-0.9385431810810845,0.28,0.4985203973789896
pond,supermat,NTP,250,prior_shift,30,1.0,-0.39954668034839763,0.4,0.4985203973789896
pond,supermat,NTP,250,prior_shift,31,1.0,-0.4666859831860262,0.384,0.4985203973789896
pond,supermat,NTP,250,prior_shift,32,1.0,-1.040050127422921,0.26,0.4985203973789896
pond,supermat,NTP,250,prior_shift,33,1.0,-0.2677774027172744,0.432,0.4985203973789896
pond,supermat,NTP,250,prior_shift,34,1.0,-0.43299461441593773,0.392,0.4985203973789896
pond,supermat,NTP,250,prior_shift,35,1.0,-0.3168549645032845,0.42,0.4985203973789896
pond,supermat,NTP,250,prior_shift,36,1.0,-1.0609451625937627,0.256,0.4985203973789896
pond,supermat,NTP,250,prior_shift,37,1.0,-0.729531132490868,0.324,0.4985203973789896
pond,supermat,NTP,250,prior_shift,38,1.0,-1.0820554627032872,0.252,0.4985203973789896
pond,supermat,NTP,250,prior_shift,39,1.0,-0.639600703810924,0.344,0.4985203973789896
pond,supermat,NTP,250,prior_shift,40,1.0,-0.44980851512928594,0.388,0.4985203973789896
pond,supermat,NTP,250,prior_shift,41,1.0,-0.12225676566423087,0.468,0.4985203973789896
pond,supermat,NTP,250,prior_shift,42,1.0,-0.9785805541409218,0.272,0.4985203973789896
pond,supermat,NTP,250,prior_shift,43,1.0,-0.729531132490868,0.324,0.4985203973789896
pond,supermat,NTP,250,prior_shift,44,1.0,-0.042090791426594,0.488,0.4985203973789896
pond,supermat,NTP,250,prior_shift,45,1.0,-1.0609451625937627,0.256,0.4985203973789896
pond,supermat,NTP,250,prior_shift,46,1.0,-0.918787501039673,0.284,0.4985203973789896
pond,supermat,NTP,250,prior_shift,47,1.0,-0.3332972948071972,0.416,0.4985203973789896
pond,supermat,NTP,250,prior_shift,48,1.0,-0.4666859831860262,0.384,0.4985203973789896
pond,supermat,NTP,250,prior_shift,49,1.0,-0.9785805541409218,0.272,0.4985203973789896
pond,supermat,NTP,250,prior_shift,50,1.0,-1.0193625878227934,0.264,0.4985203973789896
pond,supermat,NTP,250,prior_shift,51,1.0,-0.5177278844352854,0.372,0.4985203973789896
pond,supermat,NTP,250,prior_shift,52,1.0,-0.8991990035162631,0.288,0.4985203973789896
pond,supermat,NTP,250,prior_shift,53,1.0,-1.510429061608322,0.18,0.4985203973789896
pond,supermat,NTP,250,prior_shift,54,1.0,-0.5177278844352854,0.372,0.4985203973789896
pond,supermat,NTP,250,prior_shift,55,1.0,-0.5348880282181598,0.368,0.4985203973789896
pond,supermat,NTP,250,prior_shift,56,1.0,-0.6752525617534628,0.336,0.4985203973789896
pond,supermat,NTP,250,prior_shift,57,1.0,-0.8605004740742153,0.296,0.4985203973789896
pond,supermat,NTP,250,prior_shift,58,1.0,-0.998875105690688,0.268,0.4985203973789896
pond,supermat,NTP,250,prior_shift,59,1.0,-0.8991990035162631,0.288,0.4985203973789896
pond,supermat,NTP,250,prior_shift,60,1.0,-1.0193625878227934,0.264,0.4985203973789896
pond,supermat,NTP,250,prior_shift,61,1.0,-0.6932347768603904,0.332,0.4985203973789896
pond,supermat,NTP,250,prior_shift,62,1.0,-0.604341092994411,0.352,0.4985203973789896
pond,supermat,NTP,250,prior_shift,63,1.0,-0.3004557777041669,0.424,0.4985203973789896
pond,supermat,NTP,250,prior_shift,64,1.0,-0.7662972762758716,0.316,0.4985203973789896
pond,supermat,NTP,250,prior_shift,65,1.0,0.03792115884594047,0.508,0.4985203973789896
pond,supermat,NTP,250,prior_shift,66,1.0,-0.7662972762758716,0.316,0.4985203973789896
pond,supermat,NTP,250,prior_shift,67,1.0,-0.3004557777041669,0.424,0.4985203973789896
pond,supermat,NTP,250,prior_shift,68,1.0,-0.841379432627437,0.3,0.4985203973789896
pond,supermat,NTP,250,prior_shift,69,1.0,-1.1688175563811438,0.236,0.4985203973789896
pond,supermat,NTP,250,prior_shift,70,1.0,-1.3311048843533415,0.208,0.4985203973789896
pond,supermat,NTP,250,prior_shift,71,1.0,-0.010081913586674495,0.496,0.4985203973789896
pond,supermat,NTP,250,prior_shift,72,1.0,-0.3663210327200775,0.408,0.4985203973789896
pond,supermat,NTP,250,prior_shift,73,1.0,-0.09015540232985558,0.476,0.4985203973789896
pond,supermat,NTP,250,prior_shift,74,1.0,-0.3004557777041669,0.424,0.4985203973789896
pond,supermat,NTP,250,prior_shift,75,1.0,-1.2137204933105687,0.228,0.4985203973789896
pond,supermat,NTP,250,prior_shift,76,1.0,-0.729531132490868,0.324,0.4985203973789896
pond,supermat,NTP,250,prior_shift,77,1.0,-0.998875105690688,0.268,0.4985203973789896
pond,supermat,NTP,250,prior_shift,78,1.0,-0.9785805541409218,0.272,0.4985203973789896
pond,supermat,NTP,250,prior_shift,79,1.0,-0.711326304379239,0.328,0.4985203973789896
pond,supermat,NTP,250,prior_shift,80,1.0,-0.711326304379239,0.328,0.4985203973789896
pond,supermat,NTP,250,prior_shift,81,1.0,-0.026084303326407158,0.492,0.4985203973789896
pond,supermat,NTP,250,prior_shift,82,1.0,-0.6573757896504974,0.34,0.4985203973789896
pond,supermat,NTP,250,prior_shift,83,1.0,-0.38290736134443293,0.404,0.4985203973789896
pond,supermat,NTP,250,prior_shift,84,1.0,-0.43299461441593773,0.392,0.4985203973789896
pond,supermat,NTP,250,prior_shift,85,1.0,-0.21902530405859094,0.444,0.4985203973789896
pond,supermat,NTP,250,prior_shift,86,1.0,-0.918787501039673,0.284,0.4985203973789896
pond,supermat,NTP,250,prior_shift,87,1.0,-0.3004557777041669,0.424,0.4985203973789896
pond,supermat,NTP,250,prior_shift,88,1.0,-0.48362979755893915,0.38,0.4985203973789896
pond,supermat,NTP,250,prior_shift,89,1.0,-0.2840973680382345,0.428,0.4985203973789896
pond,supermat,NTP,250,prior_shift,90,1.0,-0.8797718636656714,0.292,0.4985203973789896
pond,supermat,NTP,250,prior_shift,91,1.0,-0.41624155892056763,0.396,0.4985203973789896
pond,supermat,NTP,250,prior_shift,92,1.0,-0.3168549645032845,0.42,0.4985203973789896
pond,supermat,NTP,250,prior_shift,93,1.0,-0.6752525617534628,0.336,0.4985203973789896
pond,supermat,NTP,250,prior_shift,94,1.0,-0.7478533746166134,0.32,0.4985203973789896
pond,supermat,NTP,250,prior_shift,95,1.0,-1.0820554627032872,0.252,0.4985203973789896
pond,supermat,NTP,250,prior_shift,96,1.0,-0.4666859831860262,0.384,0.4985203973789896
pond,supermat,NTP,250,prior_shift,97,1.0,-0.7662972762758716,0.316,0.4985203973789896
pond,supermat,NTP,250,prior_shift,98,1.0,-1.2597479455715093,0.22,0.4985203973789896
pond,supermat,NTP,250,prior_shift,99,1.0,0.03792115884594047,0.508,0.4985203973789896
pond,supermat,Probe,500,prior_shift,0,1.0,-1.3555607642404002,0.204,0.4985203973789896
pond,supermat,Probe,500,prior_shift,1,1.0,-1.1688175563811438,0.236,0.4985203973789896
pond,supermat,Probe,500,prior_shift,2,1.0,-0.7204143017858327,0.326,0.4985203973789896
pond,supermat,Probe,500,prior_shift,3,1.0,-0.5348880282181598,0.368,0.4985203973789896
pond,supermat,Probe,500,prior_shift,4,1.0,-0.6842302498039219,0.334,0.4985203973789896
pond,supermat,Probe,500,prior_shift,5,1.0,-0.6484757665029453,0.342,0.4985203973789896
pond,supermat,Probe,500,prior_shift,6,1.0,-1.0714729054254577,0.254,0.4985203973789896
pond,supermat,Probe,500,prior_shift,7,1.0,-0.543497193276093,0.366,0.4985203973789896
pond,supermat,Probe,500,prior_shift,8,1.0,-1.1141424043158266,0.246,0.4985203973789896
pond,supermat,Probe,500,prior_shift,9,1.0,-0.5521262679436149,0.364,0.4985203973789896
pond,supermat,Probe,500,prior_shift,10,1.0,-1.1358272317259186,0.242,0.4985203973789896
pond,supermat,Probe,500,prior_shift,11,1.0,-0.38290736134443293,0.404,0.4985203973789896
pond,supermat,Probe,500,prior_shift,12,1.0,-0.3580469494416451,0.41,0.4985203973789896
pond,supermat,Probe,500,prior_shift,13,1.0,-0.5177278844352854,0.372,0.4985203973789896
pond,supermat,Probe,500,prior_shift,14,1.0,-1.0296808930796089,0.262,0.4985203973789896
pond,supermat,Probe,500,prior_shift,15,1.0,0.08596113543330315,0.52,0.4985203973789896
pond,supermat,Probe,500,prior_shift,16,1.0,-0.6484757665029453,0.342,0.4985203973789896
pond,supermat,Probe,500,prior_shift,17,1.0,-0.9385431810810845,0.28,0.4985203973789896
pond,supermat,Probe,500,prior_shift,18,1.0,-0.729531132490868,0.324,0.4985203973789896
pond,supermat,Probe,500,prior_shift,19,1.0,-0.37460773200114555,0.406,0.4985203973789896
pond,supermat,Probe,500,prior_shift,20,1.0,-0.44980851512928594,0.388,0.4985203973789896
pond,supermat,Probe,500,prior_shift,21,1.0,-0.9089727237599652,0.286,0.4985203973789896
pond,supermat,Probe,500,prior_shift,22,1.0,-1.2251184465576745,0.226,0.4985203973789896
pond,supermat,Probe,500,prior_shift,23,1.0,-0.639600703810924,0.344,0.4985203973789896
pond,supermat,Probe,500,prior_shift,24,1.0,-0.702266630164719,0.33,0.4985203973789896
pond,supermat,Probe,500,prior_shift,25,1.0,-0.39122023757184393,0.402,0.4985203973789896
pond,supermat,Probe,500,prior_shift,26,1.0,-0.6573757896504974,0.34,0.4985203973789896
pond,supermat,Probe,500,prior_shift,27,1.0,-0.2922716222904294,0.426,0.4985203973789896
pond,supermat,Probe,500,prior_shift,28,1.0,-0.4921274693598251,0.378,0.4985203973789896
pond,supermat,Probe,500,prior_shift,29,1.0,-1.157757454255405,0.238,0.4985203973789896
pond,supermat,Probe,500,prior_shift,30,1.0,-0.711326304379239,0.328,0.4985203973789896
pond,supermat,Probe,500,prior_shift,31,1.0,-0.7478533746166134,0.32,0.4985203973789896
pond,supermat,Probe,500,prior_shift,32,1.0,-0.8509214897606399,0.298,0.4985203973789896
pond,supermat,Probe,500,prior_shift,33,1.0,-0.2840973680382345,0.428,0.4985203973789896
pond,supermat,Probe,500,prior_shift,34,1.0,-0.5262983859875415,0.37,0.4985203973789896
pond,supermat,Probe,500,prior_shift,35,1.0,-0.39122023757184393,0.402,0.4985203973789896
pond,supermat,Probe,500,prior_shift,36,1.0,-0.9887041473842952,0.27,0.4985203973789896
pond,supermat,Probe,500,prior_shift,37,1.0,-0.6842302498039219,0.334,0.4985203973789896
pond,supermat,Probe,500,prior_shift,38,1.0,-1.380375933360124,0.2,0.4985203973789896
pond,supermat,Probe,500,prior_shift,39,1.0,-0.6484757665029453,0.342,0.4985203973789896
pond,supermat,Probe,500,prior_shift,40,1.0,-0.5091761459257999,0.374,0.4985203973789896
pond,supermat,Probe,500,prior_shift,41,1.0,-0.08213842763141617,0.478,0.4985203973789896
pond,supermat,Probe,500,prior_shift,42,1.0,-0.8509214897606399,0.298,0.4985203973789896
pond,supermat,Probe,500,prior_shift,43,1.0,-0.9385431810810845,0.28,0.4985203973789896
pond,supermat,Probe,500,prior_shift,44,1.0,-0.22713065254384615,0.442,0.4985203973789896
pond,supermat,Probe,500,prior_shift,45,1.0,-1.1033891500250912,0.248,0.4985203973789896
pond,supermat,Probe,500,prior_shift,46,1.0,-1.00909429207305,0.266,0.4985203973789896
pond,supermat,Probe,500,prior_shift,47,1.0,-0.16247838956569455,0.458,0.4985203973789896
pond,supermat,Probe,500,prior_shift,48,1.0,-0.5521262679436149,0.364,0.4985203973789896
pond,supermat,Probe,500,prior_shift,49,1.0,-0.8797718636656714,0.292,0.4985203973789896
pond,supermat,Probe,500,prior_shift,50,1.0,-1.0820554627032872,0.252,0.4985203973789896
pond,supermat,Probe,500,prior_shift,51,1.0,-0.5955841628890607,0.354,0.4985203973789896
pond,supermat,Probe,500,prior_shift,52,1.0,-0.8991990035162631,0.288,0.4985203973789896
pond,supermat,Probe,500,prior_shift,53,1.0,-1.0926938609083432,0.25,0.4985203973789896
pond,supermat,Probe,500,prior_shift,54,1.0,-0.37460773200114555,0.406,0.4985203973789896
pond,supermat,Probe,500,prior_shift,55,1.0,-0.7755662140578651,0.314,0.4985203973789896
pond,supermat,Probe,500,prior_shift,56,1.0,-0.8035677448843285,0.308,0.4985203973789896
pond,supermat,Probe,500,prior_shift,57,1.0,-1.00909429207305,0.266,0.4985203973789896
pond,supermat,Probe,500,prior_shift,58,1.0,-0.7662972762758716,0.316,0.4985203973789896
pond,supermat,Probe,500,prior_shift,59,1.0,-0.8701170423947937,0.294,0.4985203973789896
pond,supermat,Probe,500,prior_shift,60,1.0,-1.0926938609083432,0.25,0.4985203973789896
pond,supermat,Probe,500,prior_shift,61,1.0,-0.729531132490868,0.324,0.4985203973789896
pond,supermat,Probe,500,prior_shift,62,1.0,-0.7478533746166134,0.32,0.4985203973789896
pond,supermat,Probe,500,prior_shift,63,1.0,-0.23524362905712143,0.44,0.4985203973789896
pond,supermat,Probe,500,prior_shift,64,1.0,-0.5607756437592522,0.362,0.4985203973789896
pond,supermat,Probe,500,prior_shift,65,1.0,-0.05009621379490474,0.486,0.4985203973789896
pond,supermat,Probe,500,prior_shift,66,1.0,-0.8318736576277362,0.302,0.4985203973789896
pond,supermat,Probe,500,prior_shift,67,1.0,-0.25963111634301145,0.434,0.4985203973789896
pond,supermat,Probe,500,prior_shift,68,1.0,-0.8797718636656714,0.292,0.4985203973789896
pond,supermat,Probe,500,prior_shift,69,1.0,-1.0926938609083432,0.25,0.4985203973789896
pond,supermat,Probe,500,prior_shift,70,1.0,-1.2481307145463456,0.222,0.4985203973789896
pond,supermat,Probe,500,prior_shift,71,1.0,0.07794955596864947,0.518,0.4985203973789896
pond,supermat,Probe,500,prior_shift,72,1.0,-0.5177278844352854,0.372,0.4985203973789896
pond,supermat,Probe,500,prior_shift,73,1.0,-0.12225676566423087,0.468,0.4985203973789896
pond,supermat,Probe,500,prior_shift,74,1.0,-0.7848672223640946,0.312,0.4985203973789896
pond,supermat,Probe,500,prior_shift,75,1.0,-1.3069933874261002,0.212,0.4985203973789896
pond,supermat,Probe,500,prior_shift,76,1.0,-0.6932347768603904,0.332,0.4985203973789896
pond,supermat,Probe,500,prior_shift,77,1.0,-1.1249547231265646,0.244,0.4985203973789896
pond,supermat,Probe,500,prior_shift,78,1.0,-0.7662972762758716,0.316,0.4985203973789896
pond,supermat,Probe,500,prior_shift,79,1.0,-0.702266630164719,0.33,0.4985203973789896
pond,supermat,Probe,500,prior_shift,80,1.0,-0.702266630164719,0.33,0.4985203973789896
pond,supermat,Probe,500,prior_shift,81,1.0,-0.34153538799193167,0.414,0.4985203973789896
pond,supermat,Probe,500,prior_shift,82,1.0,-0.7386773146362205,0.322,0.4985203973789896
pond,supermat,Probe,500,prior_shift,83,1.0,-0.2922716222904294,0.426,0.4985203973789896
pond,supermat,Probe,500,prior_shift,84,1.0,-0.4582391309225449,0.386,0.4985203973789896
pond,supermat,Probe,500,prior_shift,85,1.0,-0.4921274693598251,0.378,0.4985203973789896
pond,supermat,Probe,500,prior_shift,86,1.0,-0.7848672223640946,0.312,0.4985203973789896
pond,supermat,Probe,500,prior_shift,87,1.0,-0.2677774027172744,0.432,0.4985203973789896
pond,supermat,Probe,500,prior_shift,88,1.0,-0.37460773200114555,0.406,0.4985203973789896
pond,supermat,Probe,500,prior_shift,89,1.0,-0.15442422231541264,0.46,0.4985203973789896
pond,supermat,Probe,500,prior_shift,90,1.0,-0.7755662140578651,0.314,0.4985203973789896
pond,supermat,Probe,500,prior_shift,91,1.0,-0.2840973680382345,0.428,0.4985203973789896
pond,supermat,Probe,500,prior_shift,92,1.0,-0.22713065254384615,0.442,0.4985203973789896
pond,supermat,Probe,500,prior_shift,93,1.0,-0.7478533746166134,0.32,0.4985203973789896
pond,supermat,Probe,500,prior_shift,94,1.0,-0.8894656192950746,0.29,0.4985203973789896
pond,supermat,Probe,500,prior_shift,95,1.0,-1.0926938609083432,0.25,0.4985203973789896
pond,supermat,Probe,500,prior_shift,96,1.0,-0.5006427972197665,0.376,0.4985203973789896
pond,supermat,Probe,500,prior_shift,97,1.0,-0.7662972762758716,0.316,0.4985203973789896
pond,supermat,Probe,500,prior_shift,98,1.0,-0.9584720989087996,0.276,0.4985203973789896
pond,supermat,Probe,500,prior_shift,99,1.0,-0.018082724339776406,0.494,0.4985203973789896
pond,supermat,NTP,500,prior_shift,0,1.0,-1.3555607642404002,0.204,0.4985203973789896
pond,supermat,NTP,500,prior_shift,1,1.0,-1.1688175563811438,0.236,0.4985203973789896
pond,supermat,NTP,500,prior_shift,2,1.0,-0.7204143017858327,0.326,0.4985203973789896
pond,supermat,NTP,500,prior_shift,3,1.0,-0.5348880282181598,0.368,0.4985203973789896
pond,supermat,NTP,500,prior_shift,4,1.0,-0.6842302498039219,0.334,0.4985203973789896
pond,supermat,NTP,500,prior_shift,5,1.0,-0.6484757665029453,0.342,0.4985203973789896
pond,supermat,NTP,500,prior_shift,6,1.0,-1.0714729054254577,0.254,0.4985203973789896
pond,supermat,NTP,500,prior_shift,7,1.0,-0.543497193276093,0.366,0.4985203973789896
pond,supermat,NTP,500,prior_shift,8,1.0,-1.1141424043158266,0.246,0.4985203973789896
pond,supermat,NTP,500,prior_shift,9,1.0,-0.5521262679436149,0.364,0.4985203973789896
pond,supermat,NTP,500,prior_shift,10,1.0,-1.1358272317259186,0.242,0.4985203973789896
pond,supermat,NTP,500,prior_shift,11,1.0,-0.38290736134443293,0.404,0.4985203973789896
pond,supermat,NTP,500,prior_shift,12,1.0,-0.3580469494416451,0.41,0.4985203973789896
pond,supermat,NTP,500,prior_shift,13,1.0,-0.5177278844352854,0.372,0.4985203973789896
pond,supermat,NTP,500,prior_shift,14,1.0,-1.0296808930796089,0.262,0.4985203973789896
pond,supermat,NTP,500,prior_shift,15,1.0,0.08596113543330315,0.52,0.4985203973789896
pond,supermat,NTP,500,prior_shift,16,1.0,-0.6484757665029453,0.342,0.4985203973789896
pond,supermat,NTP,500,prior_shift,17,1.0,-0.9385431810810845,0.28,0.4985203973789896
pond,supermat,NTP,500,prior_shift,18,1.0,-0.729531132490868,0.324,0.4985203973789896
pond,supermat,NTP,500,prior_shift,19,1.0,-0.37460773200114555,0.406,0.4985203973789896
pond,supermat,NTP,500,prior_shift,20,1.0,-0.44980851512928594,0.388,0.4985203973789896
pond,supermat,NTP,500,prior_shift,21,1.0,-0.9089727237599652,0.286,0.4985203973789896
pond,supermat,NTP,500,prior_shift,22,1.0,-1.2251184465576745,0.226,0.4985203973789896
pond,supermat,NTP,500,prior_shift,23,1.0,-0.639600703810924,0.344,0.4985203973789896
pond,supermat,NTP,500,prior_shift,24,1.0,-0.702266630164719,0.33,0.4985203973789896
pond,supermat,NTP,500,prior_shift,25,1.0,-0.39122023757184393,0.402,0.4985203973789896
pond,supermat,NTP,500,prior_shift,26,1.0,-0.6573757896504974,0.34,0.4985203973789896
pond,supermat,NTP,500,prior_shift,27,1.0,-0.2922716222904294,0.426,0.4985203973789896
pond,supermat,NTP,500,prior_shift,28,1.0,-0.4921274693598251,0.378,0.4985203973789896
pond,supermat,NTP,500,prior_shift,29,1.0,-1.157757454255405,0.238,0.4985203973789896
pond,supermat,NTP,500,prior_shift,30,1.0,-0.711326304379239,0.328,0.4985203973789896
pond,supermat,NTP,500,prior_shift,31,1.0,-0.7478533746166134,0.32,0.4985203973789896
pond,supermat,NTP,500,prior_shift,32,1.0,-0.8509214897606399,0.298,0.4985203973789896
pond,supermat,NTP,500,prior_shift,33,1.0,-0.2840973680382345,0.428,0.4985203973789896
pond,supermat,NTP,500,prior_shift,34,1.0,-0.5262983859875415,0.37,0.4985203973789896
pond,supermat,NTP,500,prior_shift,35,1.0,-0.39122023757184393,0.402,0.4985203973789896
pond,supermat,NTP,500,prior_shift,36,1.0,-0.9887041473842952,0.27,0.4985203973789896
pond,supermat,NTP,500,prior_shift,37,1.0,-0.6842302498039219,0.334,0.4985203973789896
pond,supermat,NTP,500,prior_shift,38,1.0,-1.380375933360124,0.2,0.4985203973789896
pond,supermat,NTP,500,prior_shift,39,1.0,-0.6484757665029453,0.342,0.4985203973789896
pond,supermat,NTP,500,prior_shift,40,1.0,-0.5091761459257999,0.374,0.4985203973789896
pond,supermat,NTP,500,prior_shift,41,1.0,-0.08213842763141617,0.478,0.4985203973789896
pond,supermat,NTP,500,prior_shift,42,1.0,-0.8509214897606399,0.298,0.4985203973789896
pond,supermat,NTP,500,prior_shift,43,1.0,-0.9385431810810845,0.28,0.4985203973789896
pond,supermat,NTP,500,prior_shift,44,1.0,-0.22713065254384615,0.442,0.4985203973789896
pond,supermat,NTP,500,prior_shift,45,1.0,-1.1033891500250912,0.248,0.4985203973789896
pond,supermat,NTP,500,prior_shift,46,1.0,-1.00909429207305,0.266,0.4985203973789896
pond,supermat,NTP,500,prior_shift,47,1.0,-0.16247838956569455,0.458,0.4985203973789896
pond,supermat,NTP,500,prior_shift,48,1.0,-0.5521262679436149,0.364,0.4985203973789896
pond,supermat,NTP,500,prior_shift,49,1.0,-0.8797718636656714,0.292,0.4985203973789896
pond,supermat,NTP,500,prior_shift,50,1.0,-1.0820554627032872,0.252,0.4985203973789896
pond,supermat,NTP,500,prior_shift,51,1.0,-0.5955841628890607,0.354,0.4985203973789896
pond,supermat,NTP,500,prior_shift,52,1.0,-0.8991990035162631,0.288,0.4985203973789896
pond,supermat,NTP,500,prior_shift,53,1.0,-1.0926938609083432,0.25,0.4985203973789896
pond,supermat,NTP,500,prior_shift,54,1.0,-0.37460773200114555,0.406,0.4985203973789896
pond,supermat,NTP,500,prior_shift,55,1.0,-0.7755662140578651,0.314,0.4985203973789896
pond,supermat,NTP,500,prior_shift,56,1.0,-0.8035677448843285,0.308,0.4985203973789896
pond,supermat,NTP,500,prior_shift,57,1.0,-1.00909429207305,0.266,0.4985203973789896
pond,supermat,NTP,500,prior_shift,58,1.0,-0.7662972762758716,0.316,0.4985203973789896
pond,supermat,NTP,500,prior_shift,59,1.0,-0.8701170423947937,0.294,0.4985203973789896
pond,supermat,NTP,500,prior_shift,60,1.0,-1.0926938609083432,0.25,0.4985203973789896
pond,supermat,NTP,500,prior_shift,61,1.0,-0.729531132490868,0.324,0.4985203973789896
pond,supermat,NTP,500,prior_shift,62,1.0,-0.7478533746166134,0.32,0.4985203973789896
pond,supermat,NTP,500,prior_shift,63,1.0,-0.23524362905712143,0.44,0.4985203973789896
pond,supermat,NTP,500,prior_shift,64,1.0,-0.5607756437592522,0.362,0.4985203973789896
pond,supermat,NTP,500,prior_shift,65,1.0,-0.05009621379490474,0.486,0.4985203973789896
pond,supermat,NTP,500,prior_shift,66,1.0,-0.8318736576277362,0.302,0.4985203973789896
pond,supermat,NTP,500,prior_shift,67,1.0,-0.25963111634301145,0.434,0.4985203973789896
pond,supermat,NTP,500,prior_shift,68,1.0,-0.8797718636656714,0.292,0.4985203973789896
pond,supermat,NTP,500,prior_shift,69,1.0,-1.0926938609083432,0.25,0.4985203973789896
pond,supermat,NTP,500,prior_shift,70,1.0,-1.2481307145463456,0.222,0.4985203973789896
pond,supermat,NTP,500,prior_shift,71,1.0,0.07794955596864947,0.518,0.4985203973789896
pond,supermat,NTP,500,prior_shift,72,1.0,-0.5177278844352854,0.372,0.4985203973789896
pond,supermat,NTP,500,prior_shift,73,1.0,-0.12225676566423087,0.468,0.4985203973789896
pond,supermat,NTP,500,prior_shift,74,1.0,-0.7848672223640946,0.312,0.4985203973789896
pond,supermat,NTP,500,prior_shift,75,1.0,-1.3069933874261002,0.212,0.4985203973789896
pond,supermat,NTP,500,prior_shift,76,1.0,-0.6932347768603904,0.332,0.4985203973789896
pond,supermat,NTP,500,prior_shift,77,1.0,-1.1249547231265646,0.244,0.4985203973789896
pond,supermat,NTP,500,prior_shift,78,1.0,-0.7662972762758716,0.316,0.4985203973789896
pond,supermat,NTP,500,prior_shift,79,1.0,-0.702266630164719,0.33,0.4985203973789896
pond,supermat,NTP,500,prior_shift,80,1.0,-0.702266630164719,0.33,0.4985203973789896
pond,supermat,NTP,500,prior_shift,81,1.0,-0.34153538799193167,0.414,0.4985203973789896
pond,supermat,NTP,500,prior_shift,82,1.0,-0.7386773146362205,0.322,0.4985203973789896
pond,supermat,NTP,500,prior_shift,83,1.0,-0.2922716222904294,0.426,0.4985203973789896
pond,supermat,NTP,500,prior_shift,84,1.0,-0.4582391309225449,0.386,0.4985203973789896
pond,supermat,NTP,500,prior_shift,85,1.0,-0.4921274693598251,0.378,0.4985203973789896
pond,supermat,NTP,500,prior_shift,86,1.0,-0.7848672223640946,0.312,0.4985203973789896
pond,supermat,NTP,500,prior_shift,87,1.0,-0.2677774027172744,0.432,0.4985203973789896
pond,supermat,NTP,500,prior_shift,88,1.0,-0.37460773200114555,0.406,0.4985203973789896
pond,supermat,NTP,500,prior_shift,89,1.0,-0.15442422231541264,0.46,0.4985203973789896
pond,supermat,NTP,500,prior_shift,90,1.0,-0.7755662140578651,0.314,0.4985203973789896
pond,supermat,NTP,500,prior_shift,91,1.0,-0.2840973680382345,0.428,0.4985203973789896
pond,supermat,NTP,500,prior_shift,92,1.0,-0.22713065254384615,0.442,0.4985203973789896
pond,supermat,NTP,500,prior_shift,93,1.0,-0.7478533746166134,0.32,0.4985203973789896
pond,supermat,NTP,500,prior_shift,94,1.0,-0.8894656192950746,0.29,0.4985203973789896
pond,supermat,NTP,500,prior_shift,95,1.0,-1.0926938609083432,0.25,0.4985203973789896
pond,supermat,NTP,500,prior_shift,96,1.0,-0.5006427972197665,0.376,0.4985203973789896
pond,supermat,NTP,500,prior_shift,97,1.0,-0.7662972762758716,0.316,0.4985203973789896
pond,supermat,NTP,500,prior_shift,98,1.0,-0.9584720989087996,0.276,0.4985203973789896
pond,supermat,NTP,500,prior_shift,99,1.0,-0.018082724339776406,0.494,0.4985203973789896
pond,supermat,Probe,1000,prior_shift,0,1.0,-1.3129897596100413,0.211,0.4985203973789896
pond,supermat,Probe,1000,prior_shift,1,1.0,-1.2891272618949792,0.215,0.4985203973789896
pond,supermat,Probe,1000,prior_shift,2,1.0,-0.5694457171437952,0.36,0.4985203973789896
pond,supermat,Probe,1000,prior_shift,3,1.0,-0.3953817430491134,0.401,0.4985203973789896
pond,supermat,Probe,1000,prior_shift,4,1.0,-0.8176816411976139,0.305,0.4985203973789896
pond,supermat,Probe,1000,prior_shift,5,1.0,-0.8176816411976139,0.305,0.4985203973789896
pond,supermat,Probe,1000,prior_shift,6,1.0,-0.8701170423947937,0.294,0.4985203973789896
pond,supermat,Probe,1000,prior_shift,7,1.0,-0.3953817430491134,0.401,0.4985203973789896
pond,supermat,Probe,1000,prior_shift,8,1.0,-1.0820554627032872,0.252,0.4985203973789896
pond,supermat,Probe,1000,prior_shift,9,1.0,-0.5651080682848872,0.361,0.4985203973789896
pond,supermat,Probe,1000,prior_shift,10,1.0,-1.0452541358367824,0.259,0.4985203973789896
pond,supermat,Probe,1000,prior_shift,11,1.0,-0.28001386296822667,0.429,0.4985203973789896
pond,supermat,Probe,1000,prior_shift,12,1.0,-0.5737886406726246,0.359,0.4985203973789896
pond,supermat,Probe,1000,prior_shift,13,1.0,-0.4963829035796758,0.377,0.4985203973789896
pond,supermat,Probe,1000,prior_shift,14,1.0,-0.8749396291197389,0.293,0.4985203973789896
pond,supermat,Probe,1000,prior_shift,15,1.0,0.10600188631674928,0.525,0.4985203973789896
pond,supermat,Probe,1000,prior_shift,16,1.0,-0.6351723908441256,0.345,0.4985203973789896
pond,supermat,Probe,1000,prior_shift,17,1.0,-1.0296808930796089,0.262,0.4985203973789896
pond,supermat,Probe,1000,prior_shift,18,1.0,-0.8082638238429394,0.307,0.4985203973789896
pond,supermat,Probe,1000,prior_shift,19,1.0,-0.37460773200114555,0.406,0.4985203973789896
pond,supermat,Probe,1000,prior_shift,20,1.0,-0.43299461441593773,0.392,0.4985203973789896
pond,supermat,Probe,1000,prior_shift,21,1.0,-0.928644070350344,0.282,0.4985203973789896
pond,supermat,Probe,1000,prior_shift,22,1.0,-1.253929916593229,0.221,0.4985203973789896
pond,supermat,Probe,1000,prior_shift,23,1.0,-0.7988801191101577,0.309,0.4985203973789896
pond,supermat,Probe,1000,prior_shift,24,1.0,-0.670773632073734,0.337,0.4985203973789896
pond,supermat,Probe,1000,prior_shift,25,1.0,-0.5006427972197665,0.376,0.4985203973789896
pond,supermat,Probe,1000,prior_shift,26,1.0,-0.711326304379239,0.328,0.4985203973789896
pond,supermat,Probe,1000,prior_shift,27,1.0,-0.13029177707478223,0.466,0.4985203973789896
pond,supermat,Probe,1000,prior_shift,28,1.0,-0.4582391309225449,0.386,0.4985203973789896
pond,supermat,Probe,1000,prior_shift,29,1.0,-1.040050127422921,0.26,0.4985203973789896
pond,supermat,Probe,1000,prior_shift,30,1.0,-0.6618353047114692,0.339,0.4985203973789896
pond,supermat,Probe,1000,prior_shift,31,1.0,-0.5999598098078373,0.353,0.4985203973789896
pond,supermat,Probe,1000,prior_shift,32,1.0,-0.9634821294283367,0.275,0.4985203973789896
pond,supermat,Probe,1000,prior_shift,33,1.0,-0.304551659702055,0.423,0.4985203973789896
pond,supermat,Probe,1000,prior_shift,34,1.0,-0.4963829035796758,0.377,0.4985203973789896
pond,supermat,Probe,1000,prior_shift,35,1.0,-0.4037150898855774,0.399,0.4985203973789896
pond,supermat,Probe,1000,prior_shift,36,1.0,-0.8797718636656714,0.292,0.4985203973789896
pond,supermat,Probe,1000,prior_shift,37,1.0,-0.7478533746166134,0.32,0.4985203973789896
pond,supermat,Probe,1000,prior_shift,38,1.0,-1.1743718919226105,0.235,0.4985203973789896
pond,supermat,Probe,1000,prior_shift,39,1.0,-0.7204143017858327,0.326,0.4985203973789896
pond,supermat,Probe,1000,prior_shift,40,1.0,-0.5220107663332387,0.371,0.4985203973789896
pond,supermat,Probe,1000,prior_shift,41,1.0,-0.08614654541681512,0.477,0.4985203973789896
pond,supermat,Probe,1000,prior_shift,42,1.0,-0.7802126739224294,0.313,0.4985203973789896
pond,supermat,Probe,1000,prior_shift,43,1.0,-0.8509214897606399,0.298,0.4985203973789896
pond,supermat,Probe,1000,prior_shift,44,1.0,-0.27593272438122113,0.43,0.4985203973789896
pond,supermat,Probe,1000,prior_shift,45,1.0,-1.1412864161452085,0.241,0.4985203973789896
pond,supermat,Probe,1000,prior_shift,46,1.0,-0.9435089277038167,0.279,0.4985203973789896
pond,supermat,Probe,1000,prior_shift,47,1.0,-0.16247838956569455,0.458,0.4985203973789896
pond,supermat,Probe,1000,prior_shift,48,1.0,-0.48362979755893915,0.38,0.4985203973789896
pond,supermat,Probe,1000,prior_shift,49,1.0,-0.7988801191101577,0.309,0.4985203973789896
pond,supermat,Probe,1000,prior_shift,50,1.0,-1.0714729054254577,0.254,0.4985203973789896
pond,supermat,Probe,1000,prior_shift,51,1.0,-0.5478092175504334,0.365,0.4985203973789896
pond,supermat,Probe,1000,prior_shift,52,1.0,-1.0557015320627727,0.257,0.4985203973789896
pond,supermat,Probe,1000,prior_shift,53,1.0,-1.242350151147762,0.223,0.4985203973789896
pond,supermat,Probe,1000,prior_shift,54,1.0,-0.38290736134443293,0.404,0.4985203973789896
pond,supermat,Probe,1000,prior_shift,55,1.0,-0.7709277716768256,0.315,0.4985203973789896
pond,supermat,Probe,1000,prior_shift,56,1.0,-0.7432615766689136,0.321,0.4985203973789896
pond,supermat,Probe,1000,prior_shift,57,1.0,-0.9836364833691904,0.271,0.4985203973789896
pond,supermat,Probe,1000,prior_shift,58,1.0,-0.8461458858841371,0.299,0.4985203973789896
pond,supermat,Probe,1000,prior_shift,59,1.0,-0.8797718636656714,0.292,0.4985203973789896
pond,supermat,Probe,1000,prior_shift,60,1.0,-0.8943273139310421,0.289,0.4985203973789896
pond,supermat,Probe,1000,prior_shift,61,1.0,-0.621923654392412,0.348,0.4985203973789896
pond,supermat,Probe,1000,prior_shift,62,1.0,-0.6797380810710208,0.335,0.4985203973789896
pond,supermat,Probe,1000,prior_shift,63,1.0,-0.14637524132027885,0.462,0.4985203973789896
pond,supermat,Probe,1000,prior_shift,64,1.0,-0.7341005219298516,0.323,0.4985203973789896
pond,supermat,Probe,1000,prior_shift,65,1.0,-0.09015540232985558,0.476,0.4985203973789896
pond,supermat,Probe,1000,prior_shift,66,1.0,-0.841379432627437,0.3,0.4985203973789896
pond,supermat,Probe,1000,prior_shift,67,1.0,-0.24742800528433356,0.437,0.4985203973789896
pond,supermat,Probe,1000,prior_shift,68,1.0,-0.8129684307946571,0.306,0.4985203973789896
pond,supermat,Probe,1000,prior_shift,69,1.0,-1.10875846341215,0.247,0.4985203973789896
pond,supermat,Probe,1000,prior_shift,70,1.0,-1.3069933874261002,0.212,0.4985203973789896
pond,supermat,Probe,1000,prior_shift,71,1.0,-0.030085460996235543,0.491,0.4985203973789896
pond,supermat,Probe,1000,prior_shift,72,1.0,-0.32096140917000693,0.419,0.4985203973789896
pond,supermat,Probe,1000,prior_shift,73,1.0,-0.10218673228966281,0.473,0.4985203973789896
pond,supermat,Probe,1000,prior_shift,74,1.0,-0.5564483935475459,0.363,0.4985203973789896
pond,supermat,Probe,1000,prior_shift,75,1.0,-1.185529920041789,0.233,0.4985203973789896
pond,supermat,Probe,1000,prior_shift,76,1.0,-0.8176816411976139,0.305,0.4985203973789896
pond,supermat,Probe,1000,prior_shift,77,1.0,-1.040050127422921,0.26,0.4985203973789896
pond,supermat,Probe,1000,prior_shift,78,1.0,-0.9040807768949084,0.287,0.4985203973789896
pond,supermat,Probe,1000,prior_shift,79,1.0,-0.6842302498039219,0.334,0.4985203973789896
pond,supermat,Probe,1000,prior_shift,80,1.0,-0.6932347768603904,0.332,0.4985203973789896
pond,supermat,Probe,1000,prior_shift,81,1.0,-0.2433645117574783,0.438,0.4985203973789896
pond,supermat,Probe,1000,prior_shift,82,1.0,-0.5824905146982137,0.357,0.4985203973789896
pond,supermat,Probe,1000,prior_shift,83,1.0,-0.27593272438122113,0.43,0.4985203973789896
pond,supermat,Probe,1000,prior_shift,84,1.0,-0.4666859831860262,0.384,0.4985203973789896
pond,supermat,Probe,1000,prior_shift,85,1.0,-0.543497193276093,0.366,0.4985203973789896
pond,supermat,Probe,1000,prior_shift,86,1.0,-0.8129684307946571,0.306,0.4985203973789896
pond,supermat,Probe,1000,prior_shift,87,1.0,-0.296362444113167,0.425,0.4985203973789896
pond,supermat,Probe,1000,prior_shift,88,1.0,-0.39122023757184393,0.402,0.4985203973789896
pond,supermat,Probe,1000,prior_shift,89,1.0,-0.28001386296822667,0.429,0.4985203973789896
pond,supermat,Probe,1000,prior_shift,90,1.0,-0.8035677448843285,0.308,0.4985203973789896
pond,supermat,Probe,1000,prior_shift,91,1.0,-0.37875591067932385,0.405,0.4985203973789896
pond,supermat,Probe,1000,prior_shift,92,1.0,-0.18263824917918048,0.453,0.4985203973789896
pond,supermat,Probe,1000,prior_shift,93,1.0,-0.7802126739224294,0.313,0.4985203973789896
pond,supermat,Probe,1000,prior_shift,94,1.0,-0.918787501039673,0.284,0.4985203973789896
pond,supermat,Probe,1000,prior_shift,95,1.0,-1.1632794623895593,0.237,0.4985203973789896
pond,supermat,Probe,1000,prior_shift,96,1.0,-0.504907196006224,0.375,0.4985203973789896
pond,supermat,Probe,1000,prior_shift,97,1.0,-0.7755662140578651,0.314,0.4985203973789896
pond,supermat,Probe,1000,prior_shift,98,1.0,-1.1967548312240839,0.231,0.4985203973789896
pond,supermat,Probe,1000,prior_shift,99,1.0,0.04592376237346585,0.51,0.4985203973789896
pond,supermat,NTP,1000,prior_shift,0,1.0,-1.3129897596100413,0.211,0.4985203973789896
pond,supermat,NTP,1000,prior_shift,1,1.0,-1.2891272618949792,0.215,0.4985203973789896
pond,supermat,NTP,1000,prior_shift,2,1.0,-0.5694457171437952,0.36,0.4985203973789896
pond,supermat,NTP,1000,prior_shift,3,1.0,-0.3953817430491134,0.401,0.4985203973789896
pond,supermat,NTP,1000,prior_shift,4,1.0,-0.8176816411976139,0.305,0.4985203973789896
pond,supermat,NTP,1000,prior_shift,5,1.0,-0.8176816411976139,0.305,0.4985203973789896
pond,supermat,NTP,1000,prior_shift,6,1.0,-0.8701170423947937,0.294,0.4985203973789896
pond,supermat,NTP,1000,prior_shift,7,1.0,-0.3953817430491134,0.401,0.4985203973789896
pond,supermat,NTP,1000,prior_shift,8,1.0,-1.0820554627032872,0.252,0.4985203973789896
pond,supermat,NTP,1000,prior_shift,9,1.0,-0.5651080682848872,0.361,0.4985203973789896
pond,supermat,NTP,1000,prior_shift,10,1.0,-1.0452541358367824,0.259,0.4985203973789896
pond,supermat,NTP,1000,prior_shift,11,1.0,-0.28001386296822667,0.429,0.4985203973789896
pond,supermat,NTP,1000,prior_shift,12,1.0,-0.5737886406726246,0.359,0.4985203973789896
pond,supermat,NTP,1000,prior_shift,13,1.0,-0.4963829035796758,0.377,0.4985203973789896
pond,supermat,NTP,1000,prior_shift,14,1.0,-0.8749396291197389,0.293,0.4985203973789896
pond,supermat,NTP,1000,prior_shift,15,1.0,0.10600188631674928,0.525,0.4985203973789896
pond,supermat,NTP,1000,prior_shift,16,1.0,-0.6351723908441256,0.345,0.4985203973789896
pond,supermat,NTP,1000,prior_shift,17,1.0,-1.0296808930796089,0.262,0.4985203973789896
pond,supermat,NTP,1000,prior_shift,18,1.0,-0.8082638238429394,0.307,0.4985203973789896
pond,supermat,NTP,1000,prior_shift,19,1.0,-0.37460773200114555,0.406,0.4985203973789896
pond,supermat,NTP,1000,prior_shift,20,1.0,-0.43299461441593773,0.392,0.4985203973789896
pond,supermat,NTP,1000,prior_shift,21,1.0,-0.928644070350344,0.282,0.4985203973789896
pond,supermat,NTP,1000,prior_shift,22,1.0,-1.253929916593229,0.221,0.4985203973789896
pond,supermat,NTP,1000,prior_shift,23,1.0,-0.7988801191101577,0.309,0.4985203973789896
pond,supermat,NTP,1000,prior_shift,24,1.0,-0.670773632073734,0.337,0.4985203973789896
pond,supermat,NTP,1000,prior_shift,25,1.0,-0.5006427972197665,0.376,0.4985203973789896
pond,supermat,NTP,1000,prior_shift,26,1.0,-0.711326304379239,0.328,0.4985203973789896
pond,supermat,NTP,1000,prior_shift,27,1.0,-0.13029177707478223,0.466,0.4985203973789896
pond,supermat,NTP,1000,prior_shift,28,1.0,-0.4582391309225449,0.386,0.4985203973789896
pond,supermat,NTP,1000,prior_shift,29,1.0,-1.040050127422921,0.26,0.4985203973789896
pond,supermat,NTP,1000,prior_shift,30,1.0,-0.6618353047114692,0.339,0.4985203973789896
pond,supermat,NTP,1000,prior_shift,31,1.0,-0.5999598098078373,0.353,0.4985203973789896
pond,supermat,NTP,1000,prior_shift,32,1.0,-0.9634821294283367,0.275,0.4985203973789896
pond,supermat,NTP,1000,prior_shift,33,1.0,-0.304551659702055,0.423,0.4985203973789896
pond,supermat,NTP,1000,prior_shift,34,1.0,-0.4963829035796758,0.377,0.4985203973789896
pond,supermat,NTP,1000,prior_shift,35,1.0,-0.4037150898855774,0.399,0.4985203973789896
pond,supermat,NTP,1000,prior_shift,36,1.0,-0.8797718636656714,0.292,0.4985203973789896
pond,supermat,NTP,1000,prior_shift,37,1.0,-0.7478533746166134,0.32,0.4985203973789896
pond,supermat,NTP,1000,prior_shift,38,1.0,-1.1743718919226105,0.235,0.4985203973789896
pond,supermat,NTP,1000,prior_shift,39,1.0,-0.7204143017858327,0.326,0.4985203973789896
pond,supermat,NTP,1000,prior_shift,40,1.0,-0.5220107663332387,0.371,0.4985203973789896
pond,supermat,NTP,1000,prior_shift,41,1.0,-0.08614654541681512,0.477,0.4985203973789896
pond,supermat,NTP,1000,prior_shift,42,1.0,-0.7802126739224294,0.313,0.4985203973789896
pond,supermat,NTP,1000,prior_shift,43,1.0,-0.8509214897606399,0.298,0.4985203973789896
pond,supermat,NTP,1000,prior_shift,44,1.0,-0.27593272438122113,0.43,0.4985203973789896
pond,supermat,NTP,1000,prior_shift,45,1.0,-1.1412864161452085,0.241,0.4985203973789896
pond,supermat,NTP,1000,prior_shift,46,1.0,-0.9435089277038167,0.279,0.4985203973789896
pond,supermat,NTP,1000,prior_shift,47,1.0,-0.16247838956569455,0.458,0.4985203973789896
pond,supermat,NTP,1000,prior_shift,48,1.0,-0.48362979755893915,0.38,0.4985203973789896
pond,supermat,NTP,1000,prior_shift,49,1.0,-0.7988801191101577,0.309,0.4985203973789896
pond,supermat,NTP,1000,prior_shift,50,1.0,-1.0714729054254577,0.254,0.4985203973789896
pond,supermat,NTP,1000,prior_shift,51,1.0,-0.5478092175504334,0.365,0.4985203973789896
pond,supermat,NTP,1000,prior_shift,52,1.0,-1.0557015320627727,0.257,0.4985203973789896
pond,supermat,NTP,1000,prior_shift,53,1.0,-1.242350151147762,0.223,0.4985203973789896
pond,supermat,NTP,1000,prior_shift,54,1.0,-0.38290736134443293,0.404,0.4985203973789896
pond,supermat,NTP,1000,prior_shift,55,1.0,-0.7709277716768256,0.315,0.4985203973789896
pond,supermat,NTP,1000,prior_shift,56,1.0,-0.7432615766689136,0.321,0.4985203973789896
pond,supermat,NTP,1000,prior_shift,57,1.0,-0.9836364833691904,0.271,0.4985203973789896
pond,supermat,NTP,1000,prior_shift,58,1.0,-0.8461458858841371,0.299,0.4985203973789896
pond,supermat,NTP,1000,prior_shift,59,1.0,-0.8797718636656714,0.292,0.4985203973789896
pond,supermat,NTP,1000,prior_shift,60,1.0,-0.8943273139310421,0.289,0.4985203973789896
pond,supermat,NTP,1000,prior_shift,61,1.0,-0.621923654392412,0.348,0.4985203973789896
pond,supermat,NTP,1000,prior_shift,62,1.0,-0.6797380810710208,0.335,0.4985203973789896
pond,supermat,NTP,1000,prior_shift,63,1.0,-0.14637524132027885,0.462,0.4985203973789896
pond,supermat,NTP,1000,prior_shift,64,1.0,-0.7341005219298516,0.323,0.4985203973789896
pond,supermat,NTP,1000,prior_shift,65,1.0,-0.09015540232985558,0.476,0.4985203973789896
pond,supermat,NTP,1000,prior_shift,66,1.0,-0.841379432627437,0.3,0.4985203973789896
pond,supermat,NTP,1000,prior_shift,67,1.0,-0.24742800528433356,0.437,0.4985203973789896
pond,supermat,NTP,1000,prior_shift,68,1.0,-0.8129684307946571,0.306,0.4985203973789896
pond,supermat,NTP,1000,prior_shift,69,1.0,-1.10875846341215,0.247,0.4985203973789896
pond,supermat,NTP,1000,prior_shift,70,1.0,-1.3069933874261002,0.212,0.4985203973789896
pond,supermat,NTP,1000,prior_shift,71,1.0,-0.030085460996235543,0.491,0.4985203973789896
pond,supermat,NTP,1000,prior_shift,72,1.0,-0.32096140917000693,0.419,0.4985203973789896
pond,supermat,NTP,1000,prior_shift,73,1.0,-0.10218673228966281,0.473,0.4985203973789896
pond,supermat,NTP,1000,prior_shift,74,1.0,-0.5564483935475459,0.363,0.4985203973789896
pond,supermat,NTP,1000,prior_shift,75,1.0,-1.185529920041789,0.233,0.4985203973789896
pond,supermat,NTP,1000,prior_shift,76,1.0,-0.8176816411976139,0.305,0.4985203973789896
pond,supermat,NTP,1000,prior_shift,77,1.0,-1.040050127422921,0.26,0.4985203973789896
pond,supermat,NTP,1000,prior_shift,78,1.0,-0.9040807768949084,0.287,0.4985203973789896
pond,supermat,NTP,1000,prior_shift,79,1.0,-0.6842302498039219,0.334,0.4985203973789896
pond,supermat,NTP,1000,prior_shift,80,1.0,-0.6932347768603904,0.332,0.4985203973789896
pond,supermat,NTP,1000,prior_shift,81,1.0,-0.2433645117574783,0.438,0.4985203973789896
pond,supermat,NTP,1000,prior_shift,82,1.0,-0.5824905146982137,0.357,0.4985203973789896
pond,supermat,NTP,1000,prior_shift,83,1.0,-0.27593272438122113,0.43,0.4985203973789896
pond,supermat,NTP,1000,prior_shift,84,1.0,-0.4666859831860262,0.384,0.4985203973789896
pond,supermat,NTP,1000,prior_shift,85,1.0,-0.543497193276093,0.366,0.4985203973789896
pond,supermat,NTP,1000,prior_shift,86,1.0,-0.8129684307946571,0.306,0.4985203973789896
pond,supermat,NTP,1000,prior_shift,87,1.0,-0.296362444113167,0.425,0.4985203973789896
pond,supermat,NTP,1000,prior_shift,88,1.0,-0.39122023757184393,0.402,0.4985203973789896
pond,supermat,NTP,1000,prior_shift,89,1.0,-0.28001386296822667,0.429,0.4985203973789896
pond,supermat,NTP,1000,prior_shift,90,1.0,-0.8035677448843285,0.308,0.4985203973789896
pond,supermat,NTP,1000,prior_shift,91,1.0,-0.37875591067932385,0.405,0.4985203973789896
pond,supermat,NTP,1000,prior_shift,92,1.0,-0.18263824917918048,0.453,0.4985203973789896
pond,supermat,NTP,1000,prior_shift,93,1.0,-0.7802126739224294,0.313,0.4985203973789896
pond,supermat,NTP,1000,prior_shift,94,1.0,-0.918787501039673,0.284,0.4985203973789896
pond,supermat,NTP,1000,prior_shift,95,1.0,-1.1632794623895593,0.237,0.4985203973789896
pond,supermat,NTP,1000,prior_shift,96,1.0,-0.504907196006224,0.375,0.4985203973789896
pond,supermat,NTP,1000,prior_shift,97,1.0,-0.7755662140578651,0.314,0.4985203973789896
pond,supermat,NTP,1000,prior_shift,98,1.0,-1.1967548312240839,0.231,0.4985203973789896
pond,supermat,NTP,1000,prior_shift,99,1.0,0.04592376237346585,0.51,0.4985203973789896
nfix,pond,Probe,10,prior_shift,0,1.0,-0.39035622768336214,0.4,0.4962228517469311
nfix,pond,Probe,10,prior_shift,1,1.0,-0.39035622768336214,0.4,0.4962228517469311
nfix,pond,Probe,10,prior_shift,2,1.0,0.015108880424802138,0.5,0.4962228517469311
nfix,pond,Probe,10,prior_shift,3,1.0,-0.39035622768336214,0.4,0.4962228517469311
nfix,pond,Probe,10,prior_shift,4,1.0,0.4205739885329664,0.6,0.4962228517469311
nfix,pond,Probe,10,prior_shift,5,1.0,-0.8321889799624015,0.3,0.4962228517469311
nfix,pond,Probe,10,prior_shift,6,1.0,1.4014032415446929,0.8,0.4962228517469311
nfix,pond,Probe,10,prior_shift,7,1.0,-0.8321889799624015,0.3,0.4962228517469311
nfix,pond,Probe,10,prior_shift,8,1.0,-0.39035622768336214,0.4,0.4962228517469311
nfix,pond,Probe,10,prior_shift,9,1.0,0.015108880424802138,0.5,0.4962228517469311
nfix,pond,Probe,10,prior_shift,10,1.0,-0.8321889799624015,0.3,0.4962228517469311
nfix,pond,Probe,10,prior_shift,11,1.0,-0.8321889799624015,0.3,0.4962228517469311
nfix,pond,Probe,10,prior_shift,12,1.0,-1.3711854806950885,0.2,0.4962228517469311
nfix,pond,Probe,10,prior_shift,13,1.0,-0.39035622768336214,0.4,0.4962228517469311
nfix,pond,Probe,10,prior_shift,14,1.0,-0.8321889799624015,0.3,0.4962228517469311
nfix,pond,Probe,10,prior_shift,15,1.0,-0.8321889799624015,0.3,0.4962228517469311
nfix,pond,Probe,10,prior_shift,16,1.0,-0.39035622768336214,0.4,0.4962228517469311
nfix,pond,Probe,10,prior_shift,18,1.0,-1.3711854806950885,0.2,0.4962228517469311
nfix,pond,Probe,10,prior_shift,19,1.0,-0.39035622768336214,0.4,0.4962228517469311
nfix,pond,Probe,10,prior_shift,20,1.0,-1.3711854806950885,0.2,0.4962228517469311
nfix,pond,Probe,10,prior_shift,21,1.0,0.015108880424802138,0.5,0.4962228517469311
nfix,pond,Probe,10,prior_shift,22,1.0,0.8624067408120056,0.7,0.4962228517469311
nfix,pond,Probe,10,prior_shift,23,1.0,0.015108880424802138,0.5,0.4962228517469311
nfix,pond,Probe,10,prior_shift,24,1.0,-0.8321889799624015,0.3,0.4962228517469311
nfix,pond,Probe,10,prior_shift,25,1.0,-0.8321889799624015,0.3,0.4962228517469311
nfix,pond,Probe,10,prior_shift,26,1.0,-0.39035622768336214,0.4,0.4962228517469311
nfix,pond,Probe,10,prior_shift,27,1.0,-2.182115696911417,0.1,0.4962228517469311
nfix,pond,Probe,10,prior_shift,28,1.0,0.015108880424802138,0.5,0.4962228517469311
nfix,pond,Probe,10,prior_shift,29,1.0,-1.3711854806950885,0.2,0.4962228517469311
nfix,pond,Probe,10,prior_shift,30,1.0,-0.8321889799624015,0.3,0.4962228517469311
nfix,pond,Probe,10,prior_shift,31,1.0,-0.39035622768336214,0.4,0.4962228517469311
nfix,pond,Probe,10,prior_shift,32,1.0,-0.8321889799624015,0.3,0.4962228517469311
nfix,pond,Probe,10,prior_shift,33,1.0,-0.39035622768336214,0.4,0.4962228517469311
nfix,pond,Probe,10,prior_shift,34,1.0,0.8624067408120056,0.7,0.4962228517469311
nfix,pond,Probe,10,prior_shift,35,1.0,-0.39035622768336214,0.4,0.4962228517469311
nfix,pond,Probe,10,prior_shift,36,1.0,-0.39035622768336214,0.4,0.4962228517469311
nfix,pond,Probe,10,prior_shift,37,1.0,-1.3711854806950885,0.2,0.4962228517469311
nfix,pond,Probe,10,prior_shift,38,1.0,-0.8321889799624015,0.3,0.4962228517469311
nfix,pond,Probe,10,prior_shift,39,1.0,-1.3711854806950885,0.2,0.4962228517469311
nfix,pond,Probe,10,prior_shift,40,1.0,-0.39035622768336214,0.4,0.4962228517469311
nfix,pond,Probe,10,prior_shift,41,1.0,0.015108880424802138,0.5,0.4962228517469311
nfix,pond,Probe,10,prior_shift,42,1.0,0.8624067408120056,0.7,0.4962228517469311
nfix,pond,Probe,10,prior_shift,43,1.0,0.015108880424802138,0.5,0.4962228517469311
nfix,pond,Probe,10,prior_shift,44,1.0,-1.3711854806950885,0.2,0.4962228517469311
nfix,pond,Probe,10,prior_shift,45,1.0,1.4014032415446929,0.8,0.4962228517469311
nfix,pond,Probe,10,prior_shift,46,1.0,-1.3711854806950885,0.2,0.4962228517469311
nfix,pond,Probe,10,prior_shift,47,1.0,-0.39035622768336214,0.4,0.4962228517469311
nfix,pond,Probe,10,prior_shift,48,1.0,0.015108880424802138,0.5,0.4962228517469311
nfix,pond,Probe,10,prior_shift,49,1.0,-0.39035622768336214,0.4,0.4962228517469311
nfix,pond,Probe,10,prior_shift,50,1.0,-0.39035622768336214,0.4,0.4962228517469311
nfix,pond,Probe,10,prior_shift,51,1.0,-0.39035622768336214,0.4,0.4962228517469311
nfix,pond,Probe,10,prior_shift,52,1.0,0.4205739885329664,0.6,0.4962228517469311
nfix,pond,Probe,10,prior_shift,53,1.0,0.015108880424802138,0.5,0.4962228517469311
nfix,pond,Probe,10,prior_shift,54,1.0,0.8624067408120056,0.7,0.4962228517469311
nfix,pond,Probe,10,prior_shift,55,1.0,-0.8321889799624015,0.3,0.4962228517469311
nfix,pond,Probe,10,prior_shift,56,1.0,-0.8321889799624015,0.3,0.4962228517469311
nfix,pond,Probe,10,prior_shift,57,1.0,-0.39035622768336214,0.4,0.4962228517469311
nfix,pond,Probe,10,prior_shift,58,1.0,-0.39035622768336214,0.4,0.4962228517469311
nfix,pond,Probe,10,prior_shift,59,1.0,-0.8321889799624015,0.3,0.4962228517469311
nfix,pond,Probe,10,prior_shift,60,1.0,-0.39035622768336214,0.4,0.4962228517469311
nfix,pond,Probe,10,prior_shift,61,1.0,-0.8321889799624015,0.3,0.4962228517469311
nfix,pond,Probe,10,prior_shift,62,1.0,-0.8321889799624015,0.3,0.4962228517469311
nfix,pond,Probe,10,prior_shift,63,1.0,-0.8321889799624015,0.3,0.4962228517469311
nfix,pond,Probe,10,prior_shift,64,1.0,0.4205739885329664,0.6,0.4962228517469311
nfix,pond,Probe,10,prior_shift,65,1.0,0.4205739885329664,0.6,0.4962228517469311
nfix,pond,Probe,10,prior_shift,66,1.0,0.015108880424802138,0.5,0.4962228517469311
nfix,pond,Probe,10,prior_shift,67,1.0,-0.39035622768336214,0.4,0.4962228517469311
nfix,pond,Probe,10,prior_shift,68,1.0,0.4205739885329664,0.6,0.4962228517469311
nfix,pond,Probe,10,prior_shift,69,1.0,0.4205739885329664,0.6,0.4962228517469311
nfix,pond,Probe,10,prior_shift,70,1.0,-0.39035622768336214,0.4,0.4962228517469311
nfix,pond,Probe,10,prior_shift,71,1.0,-0.8321889799624015,0.3,0.4962228517469311
nfix,pond,Probe,10,prior_shift,72,1.0,0.8624067408120056,0.7,0.4962228517469311
nfix,pond,Probe,10,prior_shift,73,1.0,-0.8321889799624015,0.3,0.4962228517469311
nfix,pond,Probe,10,prior_shift,74,1.0,0.015108880424802138,0.5,0.4962228517469311
nfix,pond,Probe,10,prior_shift,75,1.0,0.8624067408120056,0.7,0.4962228517469311
nfix,pond,Probe,10,prior_shift,76,1.0,-0.39035622768336214,0.4,0.4962228517469311
nfix,pond,Probe,10,prior_shift,77,1.0,0.015108880424802138,0.5,0.4962228517469311
nfix,pond,Probe,10,prior_shift,78,1.0,0.8624067408120056,0.7,0.4962228517469311
nfix,pond,Probe,10,prior_shift,79,1.0,-1.3711854806950885,0.2,0.4962228517469311
nfix,pond,Probe,10,prior_shift,80,1.0,0.4205739885329664,0.6,0.4962228517469311
nfix,pond,Probe,10,prior_shift,81,1.0,0.8624067408120056,0.7,0.4962228517469311
nfix,pond,Probe,10,prior_shift,82,1.0,-0.8321889799624015,0.3,0.4962228517469311
nfix,pond,Probe,10,prior_shift,83,1.0,-0.8321889799624015,0.3,0.4962228517469311
nfix,pond,Probe,10,prior_shift,84,1.0,-0.8321889799624015,0.3,0.4962228517469311
nfix,pond,Probe,10,prior_shift,85,1.0,0.4205739885329664,0.6,0.4962228517469311
nfix,pond,Probe,10,prior_shift,86,1.0,0.015108880424802138,0.5,0.4962228517469311
nfix,pond,Probe,10,prior_shift,87,1.0,0.015108880424802138,0.5,0.4962228517469311
nfix,pond,Probe,10,prior_shift,88,1.0,-2.182115696911417,0.1,0.4962228517469311
nfix,pond,Probe,10,prior_shift,89,1.0,-0.8321889799624015,0.3,0.4962228517469311
nfix,pond,Probe,10,prior_shift,90,1.0,-0.8321889799624015,0.3,0.4962228517469311
nfix,pond,Probe,10,prior_shift,91,1.0,-1.3711854806950885,0.2,0.4962228517469311
nfix,pond,Probe,10,prior_shift,92,1.0,-0.39035622768336214,0.4,0.4962228517469311
nfix,pond,Probe,10,prior_shift,93,1.0,0.015108880424802138,0.5,0.4962228517469311
nfix,pond,Probe,10,prior_shift,94,1.0,-0.39035622768336214,0.4,0.4962228517469311
nfix,pond,Probe,10,prior_shift,95,1.0,0.4205739885329664,0.6,0.4962228517469311
nfix,pond,Probe,10,prior_shift,96,1.0,-0.39035622768336214,0.4,0.4962228517469311
nfix,pond,Probe,10,prior_shift,97,1.0,-0.8321889799624015,0.3,0.4962228517469311
nfix,pond,Probe,10,prior_shift,98,1.0,-0.39035622768336214,0.4,0.4962228517469311
nfix,pond,Probe,10,prior_shift,99,1.0,-0.8321889799624015,0.3,0.4962228517469311
nfix,pond,Probe,10,prior_shift,100,1.0,0.4205739885329664,0.6,0.4962228517469311
nfix,pond,NTP,10,prior_shift,0,1.0,-0.39035622768336214,0.4,0.4962228517469311
nfix,pond,NTP,10,prior_shift,1,1.0,-0.39035622768336214,0.4,0.4962228517469311
nfix,pond,NTP,10,prior_shift,2,1.0,0.015108880424802138,0.5,0.4962228517469311
nfix,pond,NTP,10,prior_shift,3,1.0,-0.39035622768336214,0.4,0.4962228517469311
nfix,pond,NTP,10,prior_shift,4,1.0,0.4205739885329664,0.6,0.4962228517469311
nfix,pond,NTP,10,prior_shift,5,1.0,-0.8321889799624015,0.3,0.4962228517469311
nfix,pond,NTP,10,prior_shift,6,1.0,1.4014032415446929,0.8,0.4962228517469311
nfix,pond,NTP,10,prior_shift,7,1.0,-0.8321889799624015,0.3,0.4962228517469311
nfix,pond,NTP,10,prior_shift,8,1.0,-0.39035622768336214,0.4,0.4962228517469311
nfix,pond,NTP,10,prior_shift,9,1.0,0.015108880424802138,0.5,0.4962228517469311
nfix,pond,NTP,10,prior_shift,10,1.0,-0.8321889799624015,0.3,0.4962228517469311
nfix,pond,NTP,10,prior_shift,11,1.0,-0.8321889799624015,0.3,0.4962228517469311
nfix,pond,NTP,10,prior_shift,12,1.0,-1.3711854806950885,0.2,0.4962228517469311
nfix,pond,NTP,10,prior_shift,13,1.0,-0.39035622768336214,0.4,0.4962228517469311
nfix,pond,NTP,10,prior_shift,14,1.0,-0.8321889799624015,0.3,0.4962228517469311
nfix,pond,NTP,10,prior_shift,15,1.0,-0.8321889799624015,0.3,0.4962228517469311
nfix,pond,NTP,10,prior_shift,16,1.0,-0.39035622768336214,0.4,0.4962228517469311
nfix,pond,NTP,10,prior_shift,18,1.0,-1.3711854806950885,0.2,0.4962228517469311
nfix,pond,NTP,10,prior_shift,19,1.0,-0.39035622768336214,0.4,0.4962228517469311
nfix,pond,NTP,10,prior_shift,20,1.0,-1.3711854806950885,0.2,0.4962228517469311
nfix,pond,NTP,10,prior_shift,21,1.0,0.015108880424802138,0.5,0.4962228517469311
nfix,pond,NTP,10,prior_shift,22,1.0,0.8624067408120056,0.7,0.4962228517469311
nfix,pond,NTP,10,prior_shift,23,1.0,0.015108880424802138,0.5,0.4962228517469311
nfix,pond,NTP,10,prior_shift,24,1.0,-0.8321889799624015,0.3,0.4962228517469311
nfix,pond,NTP,10,prior_shift,25,1.0,-0.8321889799624015,0.3,0.4962228517469311
nfix,pond,NTP,10,prior_shift,26,1.0,-0.39035622768336214,0.4,0.4962228517469311
nfix,pond,NTP,10,prior_shift,27,1.0,-2.182115696911417,0.1,0.4962228517469311
nfix,pond,NTP,10,prior_shift,28,1.0,0.015108880424802138,0.5,0.4962228517469311
nfix,pond,NTP,10,prior_shift,29,1.0,-1.3711854806950885,0.2,0.4962228517469311
nfix,pond,NTP,10,prior_shift,30,1.0,-0.8321889799624015,0.3,0.4962228517469311
nfix,pond,NTP,10,prior_shift,31,1.0,-0.39035622768336214,0.4,0.4962228517469311
nfix,pond,NTP,10,prior_shift,32,1.0,-0.8321889799624015,0.3,0.4962228517469311
nfix,pond,NTP,10,prior_shift,33,1.0,-0.39035622768336214,0.4,0.4962228517469311
nfix,pond,NTP,10,prior_shift,34,1.0,0.8624067408120056,0.7,0.4962228517469311
nfix,pond,NTP,10,prior_shift,35,1.0,-0.39035622768336214,0.4,0.4962228517469311
nfix,pond,NTP,10,prior_shift,36,1.0,-0.39035622768336214,0.4,0.4962228517469311
nfix,pond,NTP,10,prior_shift,37,1.0,-1.3711854806950885,0.2,0.4962228517469311
nfix,pond,NTP,10,prior_shift,38,1.0,-0.8321889799624015,0.3,0.4962228517469311
nfix,pond,NTP,10,prior_shift,39,1.0,-1.3711854806950885,0.2,0.4962228517469311
nfix,pond,NTP,10,prior_shift,40,1.0,-0.39035622768336214,0.4,0.4962228517469311
nfix,pond,NTP,10,prior_shift,41,1.0,0.015108880424802138,0.5,0.4962228517469311
nfix,pond,NTP,10,prior_shift,42,1.0,0.8624067408120056,0.7,0.4962228517469311
nfix,pond,NTP,10,prior_shift,43,1.0,0.015108880424802138,0.5,0.4962228517469311
nfix,pond,NTP,10,prior_shift,44,1.0,-1.3711854806950885,0.2,0.4962228517469311
nfix,pond,NTP,10,prior_shift,45,1.0,1.4014032415446929,0.8,0.4962228517469311
nfix,pond,NTP,10,prior_shift,46,1.0,-1.3711854806950885,0.2,0.4962228517469311
nfix,pond,NTP,10,prior_shift,47,1.0,-0.39035622768336214,0.4,0.4962228517469311
nfix,pond,NTP,10,prior_shift,48,1.0,0.015108880424802138,0.5,0.4962228517469311
nfix,pond,NTP,10,prior_shift,49,1.0,-0.39035622768336214,0.4,0.4962228517469311
nfix,pond,NTP,10,prior_shift,50,1.0,-0.39035622768336214,0.4,0.4962228517469311
nfix,pond,NTP,10,prior_shift,51,1.0,-0.39035622768336214,0.4,0.4962228517469311
nfix,pond,NTP,10,prior_shift,52,1.0,0.4205739885329664,0.6,0.4962228517469311
nfix,pond,NTP,10,prior_shift,53,1.0,0.015108880424802138,0.5,0.4962228517469311
nfix,pond,NTP,10,prior_shift,54,1.0,0.8624067408120056,0.7,0.4962228517469311
nfix,pond,NTP,10,prior_shift,55,1.0,-0.8321889799624015,0.3,0.4962228517469311
nfix,pond,NTP,10,prior_shift,56,1.0,-0.8321889799624015,0.3,0.4962228517469311
nfix,pond,NTP,10,prior_shift,57,1.0,-0.39035622768336214,0.4,0.4962228517469311
nfix,pond,NTP,10,prior_shift,58,1.0,-0.39035622768336214,0.4,0.4962228517469311
nfix,pond,NTP,10,prior_shift,59,1.0,-0.8321889799624015,0.3,0.4962228517469311
nfix,pond,NTP,10,prior_shift,60,1.0,-0.39035622768336214,0.4,0.4962228517469311
nfix,pond,NTP,10,prior_shift,61,1.0,-0.8321889799624015,0.3,0.4962228517469311
nfix,pond,NTP,10,prior_shift,62,1.0,-0.8321889799624015,0.3,0.4962228517469311
nfix,pond,NTP,10,prior_shift,63,1.0,-0.8321889799624015,0.3,0.4962228517469311
nfix,pond,NTP,10,prior_shift,64,1.0,0.4205739885329664,0.6,0.4962228517469311
nfix,pond,NTP,10,prior_shift,65,1.0,0.4205739885329664,0.6,0.4962228517469311
nfix,pond,NTP,10,prior_shift,66,1.0,0.015108880424802138,0.5,0.4962228517469311
nfix,pond,NTP,10,prior_shift,67,1.0,-0.39035622768336214,0.4,0.4962228517469311
nfix,pond,NTP,10,prior_shift,68,1.0,0.4205739885329664,0.6,0.4962228517469311
nfix,pond,NTP,10,prior_shift,69,1.0,0.4205739885329664,0.6,0.4962228517469311
nfix,pond,NTP,10,prior_shift,70,1.0,-0.39035622768336214,0.4,0.4962228517469311
nfix,pond,NTP,10,prior_shift,71,1.0,-0.8321889799624015,0.3,0.4962228517469311
nfix,pond,NTP,10,prior_shift,72,1.0,0.8624067408120056,0.7,0.4962228517469311
nfix,pond,NTP,10,prior_shift,73,1.0,-0.8321889799624015,0.3,0.4962228517469311
nfix,pond,NTP,10,prior_shift,74,1.0,0.015108880424802138,0.5,0.4962228517469311
nfix,pond,NTP,10,prior_shift,75,1.0,0.8624067408120056,0.7,0.4962228517469311
nfix,pond,NTP,10,prior_shift,76,1.0,-0.39035622768336214,0.4,0.4962228517469311
nfix,pond,NTP,10,prior_shift,77,1.0,0.015108880424802138,0.5,0.4962228517469311
nfix,pond,NTP,10,prior_shift,78,1.0,0.8624067408120056,0.7,0.4962228517469311
nfix,pond,NTP,10,prior_shift,79,1.0,-1.3711854806950885,0.2,0.4962228517469311
nfix,pond,NTP,10,prior_shift,80,1.0,0.4205739885329664,0.6,0.4962228517469311
nfix,pond,NTP,10,prior_shift,81,1.0,0.8624067408120056,0.7,0.4962228517469311
nfix,pond,NTP,10,prior_shift,82,1.0,-0.8321889799624015,0.3,0.4962228517469311
nfix,pond,NTP,10,prior_shift,83,1.0,-0.8321889799624015,0.3,0.4962228517469311
nfix,pond,NTP,10,prior_shift,84,1.0,-0.8321889799624015,0.3,0.4962228517469311
nfix,pond,NTP,10,prior_shift,85,1.0,0.4205739885329664,0.6,0.4962228517469311
nfix,pond,NTP,10,prior_shift,86,1.0,0.015108880424802138,0.5,0.4962228517469311
nfix,pond,NTP,10,prior_shift,87,1.0,0.015108880424802138,0.5,0.4962228517469311
nfix,pond,NTP,10,prior_shift,88,1.0,-2.182115696911417,0.1,0.4962228517469311
nfix,pond,NTP,10,prior_shift,89,1.0,-0.8321889799624015,0.3,0.4962228517469311
nfix,pond,NTP,10,prior_shift,90,1.0,-0.8321889799624015,0.3,0.4962228517469311
nfix,pond,NTP,10,prior_shift,91,1.0,-1.3711854806950885,0.2,0.4962228517469311
nfix,pond,NTP,10,prior_shift,92,1.0,-0.39035622768336214,0.4,0.4962228517469311
nfix,pond,NTP,10,prior_shift,93,1.0,0.015108880424802138,0.5,0.4962228517469311
nfix,pond,NTP,10,prior_shift,94,1.0,-0.39035622768336214,0.4,0.4962228517469311
nfix,pond,NTP,10,prior_shift,95,1.0,0.4205739885329664,0.6,0.4962228517469311
nfix,pond,NTP,10,prior_shift,96,1.0,-0.39035622768336214,0.4,0.4962228517469311
nfix,pond,NTP,10,prior_shift,97,1.0,-0.8321889799624015,0.3,0.4962228517469311
nfix,pond,NTP,10,prior_shift,98,1.0,-0.39035622768336214,0.4,0.4962228517469311
nfix,pond,NTP,10,prior_shift,99,1.0,-0.8321889799624015,0.3,0.4962228517469311
nfix,pond,NTP,10,prior_shift,100,1.0,0.4205739885329664,0.6,0.4962228517469311
nfix,pond,Probe,50,prior_shift,0,1.0,-0.6481853369854619,0.34,0.4962228517469311
nfix,pond,Probe,50,prior_shift,1,1.0,-1.0308596747578855,0.26,0.4962228517469311
nfix,pond,Probe,50,prior_shift,2,1.0,0.09515158809833864,0.52,0.4962228517469311
nfix,pond,Probe,50,prior_shift,3,1.0,-0.47443934489390366,0.38,0.4962228517469311
nfix,pond,Probe,50,prior_shift,4,1.0,-0.06493382724873435,0.48,0.4962228517469311
nfix,pond,Probe,50,prior_shift,5,1.0,-1.0308596747578855,0.26,0.4962228517469311
nfix,pond,Probe,50,prior_shift,6,1.0,-1.0308596747578855,0.26,0.4962228517469311
nfix,pond,Probe,50,prior_shift,7,1.0,-0.14523376965037715,0.46,0.4962228517469311
nfix,pond,Probe,50,prior_shift,8,1.0,-0.7386629219515779,0.32,0.4962228517469311
nfix,pond,Probe,50,prior_shift,9,1.0,-0.5602552644787597,0.36,0.4962228517469311
nfix,pond,Probe,50,prior_shift,10,1.0,-0.47443934489390366,0.38,0.4962228517469311
nfix,pond,Probe,50,prior_shift,11,1.0,-0.14523376965037715,0.46,0.4962228517469311
nfix,pond,Probe,50,prior_shift,12,1.0,-0.929352728416049,0.28,0.4962228517469311
nfix,pond,Probe,50,prior_shift,13,1.0,-0.39035622768336214,0.4,0.4962228517469311
nfix,pond,Probe,50,prior_shift,14,1.0,-0.7386629219515779,0.32,0.4962228517469311
nfix,pond,Probe,50,prior_shift,15,1.0,-0.14523376965037715,0.46,0.4962228517469311
nfix,pond,Probe,50,prior_shift,16,1.0,-0.47443934489390366,0.38,0.4962228517469311
nfix,pond,Probe,50,prior_shift,17,1.0,-1.1375706295135835,0.24,0.4962228517469311
nfix,pond,Probe,50,prior_shift,18,1.0,-0.8321889799624015,0.3,0.4962228517469311
nfix,pond,Probe,50,prior_shift,19,1.0,-0.22605317639208594,0.44,0.4962228517469311
nfix,pond,Probe,50,prior_shift,20,1.0,-0.22605317639208594,0.44,0.4962228517469311
nfix,pond,Probe,50,prior_shift,21,1.0,-0.7386629219515779,0.32,0.4962228517469311
nfix,pond,Probe,50,prior_shift,22,1.0,0.17545153049998166,0.54,0.4962228517469311
nfix,pond,Probe,50,prior_shift,23,1.0,-0.47443934489390366,0.38,0.4962228517469311
nfix,pond,Probe,50,prior_shift,24,1.0,0.015108880424802138,0.5,0.4962228517469311
nfix,pond,Probe,50,prior_shift,25,1.0,-0.6481853369854619,0.34,0.4962228517469311
nfix,pond,Probe,50,prior_shift,26,1.0,-0.47443934489390366,0.38,0.4962228517469311
nfix,pond,Probe,50,prior_shift,27,1.0,-0.5602552644787597,0.36,0.4962228517469311
nfix,pond,Probe,50,prior_shift,28,1.0,-0.06493382724873435,0.48,0.4962228517469311
nfix,pond,Probe,50,prior_shift,29,1.0,-0.06493382724873435,0.48,0.4962228517469311
nfix,pond,Probe,50,prior_shift,30,1.0,-0.06493382724873435,0.48,0.4962228517469311
nfix,pond,Probe,50,prior_shift,31,1.0,-0.5602552644787597,0.36,0.4962228517469311
nfix,pond,Probe,50,prior_shift,32,1.0,0.5904730253283641,0.64,0.4962228517469311
nfix,pond,Probe,50,prior_shift,33,1.0,-0.307664511838249,0.42,0.4962228517469311
nfix,pond,Probe,50,prior_shift,34,1.0,0.2562709372416904,0.56,0.4962228517469311
nfix,pond,Probe,50,prior_shift,35,1.0,-0.06493382724873435,0.48,0.4962228517469311
nfix,pond,Probe,50,prior_shift,36,1.0,0.17545153049998166,0.54,0.4962228517469311
nfix,pond,Probe,50,prior_shift,37,1.0,-0.5602552644787597,0.36,0.4962228517469311
nfix,pond,Probe,50,prior_shift,38,1.0,0.015108880424802138,0.5,0.4962228517469311
nfix,pond,Probe,50,prior_shift,39,1.0,-0.47443934489390366,0.38,0.4962228517469311
nfix,pond,Probe,50,prior_shift,40,1.0,0.4205739885329664,0.6,0.4962228517469311
nfix,pond,Probe,50,prior_shift,41,1.0,-0.39035622768336214,0.4,0.4962228517469311
nfix,pond,Probe,50,prior_shift,42,1.0,-0.22605317639208594,0.44,0.4962228517469311
nfix,pond,Probe,50,prior_shift,43,1.0,0.09515158809833864,0.52,0.4962228517469311
nfix,pond,Probe,50,prior_shift,44,1.0,-0.47443934489390366,0.38,0.4962228517469311
nfix,pond,Probe,50,prior_shift,45,1.0,0.8624067408120056,0.7,0.4962228517469311
nfix,pond,Probe,50,prior_shift,46,1.0,0.09515158809833864,0.52,0.4962228517469311
nfix,pond,Probe,50,prior_shift,47,1.0,-0.39035622768336214,0.4,0.4962228517469311
nfix,pond,Probe,50,prior_shift,48,1.0,-0.39035622768336214,0.4,0.4962228517469311
nfix,pond,Probe,50,prior_shift,49,1.0,-0.47443934489390366,0.38,0.4962228517469311
nfix,pond,Probe,50,prior_shift,50,1.0,-0.307664511838249,0.42,0.4962228517469311
nfix,pond,Probe,50,prior_shift,51,1.0,0.015108880424802138,0.5,0.4962228517469311
nfix,pond,Probe,50,prior_shift,52,1.0,0.17545153049998166,0.54,0.4962228517469311
nfix,pond,Probe,50,prior_shift,53,1.0,-0.5602552644787597,0.36,0.4962228517469311
nfix,pond,Probe,50,prior_shift,54,1.0,0.4205739885329664,0.6,0.4962228517469311
nfix,pond,Probe,50,prior_shift,55,1.0,-0.39035622768336214,0.4,0.4962228517469311
nfix,pond,Probe,50,prior_shift,56,1.0,-0.929352728416049,0.28,0.4962228517469311
nfix,pond,Probe,50,prior_shift,57,1.0,0.09515158809833864,0.52,0.4962228517469311
nfix,pond,Probe,50,prior_shift,58,1.0,-0.22605317639208594,0.44,0.4962228517469311
nfix,pond,Probe,50,prior_shift,59,1.0,-0.39035622768336214,0.4,0.4962228517469311
nfix,pond,Probe,50,prior_shift,60,1.0,-0.22605317639208594,0.44,0.4962228517469311
nfix,pond,Probe,50,prior_shift,61,1.0,-0.22605317639208594,0.44,0.4962228517469311
nfix,pond,Probe,50,prior_shift,62,1.0,-0.6481853369854619,0.34,0.4962228517469311
nfix,pond,Probe,50,prior_shift,63,1.0,0.015108880424802138,0.5,0.4962228517469311
nfix,pond,Probe,50,prior_shift,64,1.0,-0.307664511838249,0.42,0.4962228517469311
nfix,pond,Probe,50,prior_shift,65,1.0,-0.307664511838249,0.42,0.4962228517469311
nfix,pond,Probe,50,prior_shift,66,1.0,-0.39035622768336214,0.4,0.4962228517469311
nfix,pond,Probe,50,prior_shift,67,1.0,0.015108880424802138,0.5,0.4962228517469311
nfix,pond,Probe,50,prior_shift,68,1.0,-0.39035622768336214,0.4,0.4962228517469311
nfix,pond,Probe,50,prior_shift,69,1.0,0.09515158809833864,0.52,0.4962228517469311
nfix,pond,Probe,50,prior_shift,70,1.0,-0.22605317639208594,0.44,0.4962228517469311
nfix,pond,Probe,50,prior_shift,71,1.0,-0.22605317639208594,0.44,0.4962228517469311
nfix,pond,Probe,50,prior_shift,72,1.0,0.4205739885329664,0.6,0.4962228517469311
nfix,pond,Probe,50,prior_shift,73,1.0,-0.6481853369854619,0.34,0.4962228517469311
nfix,pond,Probe,50,prior_shift,74,1.0,-0.06493382724873435,0.48,0.4962228517469311
nfix,pond,Probe,50,prior_shift,75,1.0,0.33788227268785304,0.58,0.4962228517469311
nfix,pond,Probe,50,prior_shift,76,1.0,-0.8321889799624015,0.3,0.4962228517469311
nfix,pond,Probe,50,prior_shift,77,1.0,-0.47443934489390366,0.38,0.4962228517469311
nfix,pond,Probe,50,prior_shift,78,1.0,0.33788227268785304,0.58,0.4962228517469311
nfix,pond,Probe,50,prior_shift,79,1.0,-0.5602552644787597,0.36,0.4962228517469311
nfix,pond,Probe,50,prior_shift,80,1.0,0.09515158809833864,0.52,0.4962228517469311
nfix,pond,Probe,50,prior_shift,81,1.0,0.504657105743508,0.62,0.4962228517469311
nfix,pond,Probe,50,prior_shift,82,1.0,-0.39035622768336214,0.4,0.4962228517469311
nfix,pond,Probe,50,prior_shift,83,1.0,-0.22605317639208594,0.44,0.4962228517469311
nfix,pond,Probe,50,prior_shift,84,1.0,-0.06493382724873435,0.48,0.4962228517469311
nfix,pond,Probe,50,prior_shift,85,1.0,0.8624067408120056,0.7,0.4962228517469311
nfix,pond,Probe,50,prior_shift,86,1.0,-0.06493382724873435,0.48,0.4962228517469311
nfix,pond,Probe,50,prior_shift,87,1.0,0.17545153049998166,0.54,0.4962228517469311
nfix,pond,Probe,50,prior_shift,88,1.0,-0.39035622768336214,0.4,0.4962228517469311
nfix,pond,Probe,50,prior_shift,89,1.0,-0.22605317639208594,0.44,0.4962228517469311
nfix,pond,Probe,50,prior_shift,90,1.0,-0.8321889799624015,0.3,0.4962228517469311
nfix,pond,Probe,50,prior_shift,91,1.0,-0.06493382724873435,0.48,0.4962228517469311
nfix,pond,Probe,50,prior_shift,92,1.0,-0.7386629219515779,0.32,0.4962228517469311
nfix,pond,Probe,50,prior_shift,93,1.0,-0.47443934489390366,0.38,0.4962228517469311
nfix,pond,Probe,50,prior_shift,94,1.0,-0.06493382724873435,0.48,0.4962228517469311
nfix,pond,Probe,50,prior_shift,95,1.0,0.33788227268785304,0.58,0.4962228517469311
nfix,pond,Probe,50,prior_shift,96,1.0,0.17545153049998166,0.54,0.4962228517469311
nfix,pond,Probe,50,prior_shift,97,1.0,0.09515158809833864,0.52,0.4962228517469311
nfix,pond,Probe,50,prior_shift,98,1.0,-0.06493382724873435,0.48,0.4962228517469311
nfix,pond,Probe,50,prior_shift,99,1.0,-0.06493382724873435,0.48,0.4962228517469311
nfix,pond,NTP,50,prior_shift,0,1.0,-0.6481853369854619,0.34,0.4962228517469311
nfix,pond,NTP,50,prior_shift,1,1.0,-1.0308596747578855,0.26,0.4962228517469311
nfix,pond,NTP,50,prior_shift,2,1.0,0.09515158809833864,0.52,0.4962228517469311
nfix,pond,NTP,50,prior_shift,3,1.0,-0.47443934489390366,0.38,0.4962228517469311
nfix,pond,NTP,50,prior_shift,4,1.0,-0.06493382724873435,0.48,0.4962228517469311
nfix,pond,NTP,50,prior_shift,5,1.0,-1.0308596747578855,0.26,0.4962228517469311
nfix,pond,NTP,50,prior_shift,6,1.0,-1.0308596747578855,0.26,0.4962228517469311
nfix,pond,NTP,50,prior_shift,7,1.0,-0.14523376965037715,0.46,0.4962228517469311
nfix,pond,NTP,50,prior_shift,8,1.0,-0.7386629219515779,0.32,0.4962228517469311
nfix,pond,NTP,50,prior_shift,9,1.0,-0.5602552644787597,0.36,0.4962228517469311
nfix,pond,NTP,50,prior_shift,10,1.0,-0.47443934489390366,0.38,0.4962228517469311
nfix,pond,NTP,50,prior_shift,11,1.0,-0.14523376965037715,0.46,0.4962228517469311
nfix,pond,NTP,50,prior_shift,12,1.0,-0.929352728416049,0.28,0.4962228517469311
nfix,pond,NTP,50,prior_shift,13,1.0,-0.39035622768336214,0.4,0.4962228517469311
nfix,pond,NTP,50,prior_shift,14,1.0,-0.7386629219515779,0.32,0.4962228517469311
nfix,pond,NTP,50,prior_shift,15,1.0,-0.14523376965037715,0.46,0.4962228517469311
nfix,pond,NTP,50,prior_shift,16,1.0,-0.47443934489390366,0.38,0.4962228517469311
nfix,pond,NTP,50,prior_shift,17,1.0,-1.1375706295135835,0.24,0.4962228517469311
nfix,pond,NTP,50,prior_shift,18,1.0,-0.8321889799624015,0.3,0.4962228517469311
nfix,pond,NTP,50,prior_shift,19,1.0,-0.22605317639208594,0.44,0.4962228517469311
nfix,pond,NTP,50,prior_shift,20,1.0,-0.22605317639208594,0.44,0.4962228517469311
nfix,pond,NTP,50,prior_shift,21,1.0,-0.7386629219515779,0.32,0.4962228517469311
nfix,pond,NTP,50,prior_shift,22,1.0,0.17545153049998166,0.54,0.4962228517469311
nfix,pond,NTP,50,prior_shift,23,1.0,-0.47443934489390366,0.38,0.4962228517469311
nfix,pond,NTP,50,prior_shift,24,1.0,0.015108880424802138,0.5,0.4962228517469311
nfix,pond,NTP,50,prior_shift,25,1.0,-0.6481853369854619,0.34,0.4962228517469311
nfix,pond,NTP,50,prior_shift,26,1.0,-0.47443934489390366,0.38,0.4962228517469311
nfix,pond,NTP,50,prior_shift,27,1.0,-0.5602552644787597,0.36,0.4962228517469311
nfix,pond,NTP,50,prior_shift,28,1.0,-0.06493382724873435,0.48,0.4962228517469311
nfix,pond,NTP,50,prior_shift,29,1.0,-0.06493382724873435,0.48,0.4962228517469311
nfix,pond,NTP,50,prior_shift,30,1.0,-0.06493382724873435,0.48,0.4962228517469311
nfix,pond,NTP,50,prior_shift,31,1.0,-0.5602552644787597,0.36,0.4962228517469311
nfix,pond,NTP,50,prior_shift,32,1.0,0.5904730253283641,0.64,0.4962228517469311
nfix,pond,NTP,50,prior_shift,33,1.0,-0.307664511838249,0.42,0.4962228517469311
nfix,pond,NTP,50,prior_shift,34,1.0,0.2562709372416904,0.56,0.4962228517469311
nfix,pond,NTP,50,prior_shift,35,1.0,-0.06493382724873435,0.48,0.4962228517469311
nfix,pond,NTP,50,prior_shift,36,1.0,0.17545153049998166,0.54,0.4962228517469311
nfix,pond,NTP,50,prior_shift,37,1.0,-0.5602552644787597,0.36,0.4962228517469311
nfix,pond,NTP,50,prior_shift,38,1.0,0.015108880424802138,0.5,0.4962228517469311
nfix,pond,NTP,50,prior_shift,39,1.0,-0.47443934489390366,0.38,0.4962228517469311
nfix,pond,NTP,50,prior_shift,40,1.0,0.4205739885329664,0.6,0.4962228517469311
nfix,pond,NTP,50,prior_shift,41,1.0,-0.39035622768336214,0.4,0.4962228517469311
nfix,pond,NTP,50,prior_shift,42,1.0,-0.22605317639208594,0.44,0.4962228517469311
nfix,pond,NTP,50,prior_shift,43,1.0,0.09515158809833864,0.52,0.4962228517469311
nfix,pond,NTP,50,prior_shift,44,1.0,-0.47443934489390366,0.38,0.4962228517469311
nfix,pond,NTP,50,prior_shift,45,1.0,0.8624067408120056,0.7,0.4962228517469311
nfix,pond,NTP,50,prior_shift,46,1.0,0.09515158809833864,0.52,0.4962228517469311
nfix,pond,NTP,50,prior_shift,47,1.0,-0.39035622768336214,0.4,0.4962228517469311
nfix,pond,NTP,50,prior_shift,48,1.0,-0.39035622768336214,0.4,0.4962228517469311
nfix,pond,NTP,50,prior_shift,49,1.0,-0.47443934489390366,0.38,0.4962228517469311
nfix,pond,NTP,50,prior_shift,50,1.0,-0.307664511838249,0.42,0.4962228517469311
nfix,pond,NTP,50,prior_shift,51,1.0,0.015108880424802138,0.5,0.4962228517469311
nfix,pond,NTP,50,prior_shift,52,1.0,0.17545153049998166,0.54,0.4962228517469311
nfix,pond,NTP,50,prior_shift,53,1.0,-0.5602552644787597,0.36,0.4962228517469311
nfix,pond,NTP,50,prior_shift,54,1.0,0.4205739885329664,0.6,0.4962228517469311
nfix,pond,NTP,50,prior_shift,55,1.0,-0.39035622768336214,0.4,0.4962228517469311
nfix,pond,NTP,50,prior_shift,56,1.0,-0.929352728416049,0.28,0.4962228517469311
nfix,pond,NTP,50,prior_shift,57,1.0,0.09515158809833864,0.52,0.4962228517469311
nfix,pond,NTP,50,prior_shift,58,1.0,-0.22605317639208594,0.44,0.4962228517469311
nfix,pond,NTP,50,prior_shift,59,1.0,-0.39035622768336214,0.4,0.4962228517469311
nfix,pond,NTP,50,prior_shift,60,1.0,-0.22605317639208594,0.44,0.4962228517469311
nfix,pond,NTP,50,prior_shift,61,1.0,-0.22605317639208594,0.44,0.4962228517469311
nfix,pond,NTP,50,prior_shift,62,1.0,-0.6481853369854619,0.34,0.4962228517469311
nfix,pond,NTP,50,prior_shift,63,1.0,0.015108880424802138,0.5,0.4962228517469311
nfix,pond,NTP,50,prior_shift,64,1.0,-0.307664511838249,0.42,0.4962228517469311
nfix,pond,NTP,50,prior_shift,65,1.0,-0.307664511838249,0.42,0.4962228517469311
nfix,pond,NTP,50,prior_shift,66,1.0,-0.39035622768336214,0.4,0.4962228517469311
nfix,pond,NTP,50,prior_shift,67,1.0,0.015108880424802138,0.5,0.4962228517469311
nfix,pond,NTP,50,prior_shift,68,1.0,-0.39035622768336214,0.4,0.4962228517469311
nfix,pond,NTP,50,prior_shift,69,1.0,0.09515158809833864,0.52,0.4962228517469311
nfix,pond,NTP,50,prior_shift,70,1.0,-0.22605317639208594,0.44,0.4962228517469311
nfix,pond,NTP,50,prior_shift,71,1.0,-0.22605317639208594,0.44,0.4962228517469311
nfix,pond,NTP,50,prior_shift,72,1.0,0.4205739885329664,0.6,0.4962228517469311
nfix,pond,NTP,50,prior_shift,73,1.0,-0.6481853369854619,0.34,0.4962228517469311
nfix,pond,NTP,50,prior_shift,74,1.0,-0.06493382724873435,0.48,0.4962228517469311
nfix,pond,NTP,50,prior_shift,75,1.0,0.33788227268785304,0.58,0.4962228517469311
nfix,pond,NTP,50,prior_shift,76,1.0,-0.8321889799624015,0.3,0.4962228517469311
nfix,pond,NTP,50,prior_shift,77,1.0,-0.47443934489390366,0.38,0.4962228517469311
nfix,pond,NTP,50,prior_shift,78,1.0,0.33788227268785304,0.58,0.4962228517469311
nfix,pond,NTP,50,prior_shift,79,1.0,-0.5602552644787597,0.36,0.4962228517469311
nfix,pond,NTP,50,prior_shift,80,1.0,0.09515158809833864,0.52,0.4962228517469311
nfix,pond,NTP,50,prior_shift,81,1.0,0.504657105743508,0.62,0.4962228517469311
nfix,pond,NTP,50,prior_shift,82,1.0,-0.39035622768336214,0.4,0.4962228517469311
nfix,pond,NTP,50,prior_shift,83,1.0,-0.22605317639208594,0.44,0.4962228517469311
nfix,pond,NTP,50,prior_shift,84,1.0,-0.06493382724873435,0.48,0.4962228517469311
nfix,pond,NTP,50,prior_shift,85,1.0,0.8624067408120056,0.7,0.4962228517469311
nfix,pond,NTP,50,prior_shift,86,1.0,-0.06493382724873435,0.48,0.4962228517469311
nfix,pond,NTP,50,prior_shift,87,1.0,0.17545153049998166,0.54,0.4962228517469311
nfix,pond,NTP,50,prior_shift,88,1.0,-0.39035622768336214,0.4,0.4962228517469311
nfix,pond,NTP,50,prior_shift,89,1.0,-0.22605317639208594,0.44,0.4962228517469311
nfix,pond,NTP,50,prior_shift,90,1.0,-0.8321889799624015,0.3,0.4962228517469311
nfix,pond,NTP,50,prior_shift,91,1.0,-0.06493382724873435,0.48,0.4962228517469311
nfix,pond,NTP,50,prior_shift,92,1.0,-0.7386629219515779,0.32,0.4962228517469311
nfix,pond,NTP,50,prior_shift,93,1.0,-0.47443934489390366,0.38,0.4962228517469311
nfix,pond,NTP,50,prior_shift,94,1.0,-0.06493382724873435,0.48,0.4962228517469311
nfix,pond,NTP,50,prior_shift,95,1.0,0.33788227268785304,0.58,0.4962228517469311
nfix,pond,NTP,50,prior_shift,96,1.0,0.17545153049998166,0.54,0.4962228517469311
nfix,pond,NTP,50,prior_shift,97,1.0,0.09515158809833864,0.52,0.4962228517469311
nfix,pond,NTP,50,prior_shift,98,1.0,-0.06493382724873435,0.48,0.4962228517469311
nfix,pond,NTP,50,prior_shift,99,1.0,-0.06493382724873435,0.48,0.4962228517469311
nfix,pond,Probe,100,prior_shift,0,1.0,-0.3488564967766096,0.41,0.4962228517469311
nfix,pond,Probe,100,prior_shift,1,1.0,-0.43220333761886265,0.39,0.4962228517469311
nfix,pond,Probe,100,prior_shift,2,1.0,0.05511421503850133,0.51,0.4962228517469311
nfix,pond,Probe,100,prior_shift,3,1.0,-1.0835034082433077,0.25,0.4962228517469311
nfix,pond,Probe,100,prior_shift,4,1.0,0.21577957588695346,0.55,0.4962228517469311
nfix,pond,Probe,100,prior_shift,5,1.0,-0.7386629219515779,0.32,0.4962228517469311
nfix,pond,Probe,100,prior_shift,6,1.0,-0.47443934489390366,0.38,0.4962228517469311
nfix,pond,Probe,100,prior_shift,7,1.0,-0.10503543141726121,0.47,0.4962228517469311
nfix,pond,Probe,100,prior_shift,8,1.0,-0.14523376965037715,0.46,0.4962228517469311
nfix,pond,Probe,100,prior_shift,9,1.0,-0.517107933322506,0.37,0.4962228517469311
nfix,pond,Probe,100,prior_shift,10,1.0,-0.22605317639208594,0.44,0.4962228517469311
nfix,pond,Probe,100,prior_shift,11,1.0,0.05511421503850133,0.51,0.4962228517469311
nfix,pond,Probe,100,prior_shift,12,1.0,-0.39035622768336214,0.4,0.4962228517469311
nfix,pond,Probe,100,prior_shift,13,1.0,0.05511421503850133,0.51,0.4962228517469311
nfix,pond,Probe,100,prior_shift,14,1.0,-0.785010419687311,0.31,0.4962228517469311
nfix,pond,Probe,100,prior_shift,15,1.0,-0.024896454188897056,0.49,0.4962228517469311
nfix,pond,Probe,100,prior_shift,16,1.0,0.2562709372416904,0.56,0.4962228517469311
nfix,pond,Probe,100,prior_shift,17,1.0,-0.785010419687311,0.31,0.4962228517469311
nfix,pond,Probe,100,prior_shift,18,1.0,-0.3488564967766096,0.41,0.4962228517469311
nfix,pond,Probe,100,prior_shift,19,1.0,-0.43220333761886265,0.39,0.4962228517469311
nfix,pond,Probe,100,prior_shift,20,1.0,-0.10503543141726121,0.47,0.4962228517469311
nfix,pond,Probe,100,prior_shift,21,1.0,-0.8321889799624015,0.3,0.4962228517469311
nfix,pond,Probe,100,prior_shift,22,1.0,0.37907425762621366,0.59,0.4962228517469311
nfix,pond,Probe,100,prior_shift,23,1.0,-0.7386629219515779,0.32,0.4962228517469311
nfix,pond,Probe,100,prior_shift,24,1.0,0.05511421503850133,0.51,0.4962228517469311
nfix,pond,Probe,100,prior_shift,25,1.0,-0.5602552644787597,0.36,0.4962228517469311
nfix,pond,Probe,100,prior_shift,26,1.0,-0.10503543141726121,0.47,0.4962228517469311
nfix,pond,Probe,100,prior_shift,27,1.0,-0.8321889799624015,0.3,0.4962228517469311
nfix,pond,Probe,100,prior_shift,28,1.0,0.1352531922668655,0.53,0.4962228517469311
nfix,pond,Probe,100,prior_shift,29,1.0,-0.5602552644787597,0.36,0.4962228517469311
nfix,pond,Probe,100,prior_shift,30,1.0,0.33788227268785304,0.58,0.4962228517469311
nfix,pond,Probe,100,prior_shift,31,1.0,-0.517107933322506,0.37,0.4962228517469311
nfix,pond,Probe,100,prior_shift,32,1.0,-0.26674227171618564,0.43,0.4962228517469311
nfix,pond,Probe,100,prior_shift,33,1.0,-0.307664511838249,0.42,0.4962228517469311
nfix,pond,Probe,100,prior_shift,34,1.0,-0.14523376965037715,0.46,0.4962228517469311
nfix,pond,Probe,100,prior_shift,35,1.0,-0.785010419687311,0.31,0.4962228517469311
nfix,pond,Probe,100,prior_shift,36,1.0,-0.06493382724873435,0.48,0.4962228517469311
nfix,pond,Probe,100,prior_shift,37,1.0,-0.39035622768336214,0.4,0.4962228517469311
nfix,pond,Probe,100,prior_shift,38,1.0,-0.5602552644787597,0.36,0.4962228517469311
nfix,pond,Probe,100,prior_shift,39,1.0,-1.0835034082433077,0.25,0.4962228517469311
nfix,pond,Probe,100,prior_shift,40,1.0,-0.14523376965037715,0.46,0.4962228517469311
nfix,pond,Probe,100,prior_shift,41,1.0,-0.14523376965037715,0.46,0.4962228517469311
nfix,pond,Probe,100,prior_shift,42,1.0,-0.307664511838249,0.42,0.4962228517469311
nfix,pond,Probe,100,prior_shift,43,1.0,0.1352531922668655,0.53,0.4962228517469311
nfix,pond,Probe,100,prior_shift,44,1.0,-0.5602552644787597,0.36,0.4962228517469311
nfix,pond,Probe,100,prior_shift,45,1.0,0.504657105743508,0.62,0.4962228517469311
nfix,pond,Probe,100,prior_shift,46,1.0,-0.517107933322506,0.37,0.4962228517469311
nfix,pond,Probe,100,prior_shift,47,1.0,-0.47443934489390366,0.38,0.4962228517469311
nfix,pond,Probe,100,prior_shift,48,1.0,-0.3488564967766096,0.41,0.4962228517469311
nfix,pond,Probe,100,prior_shift,49,1.0,-0.9795136947192598,0.27,0.4962228517469311
nfix,pond,Probe,100,prior_shift,50,1.0,-0.3488564967766096,0.41,0.4962228517469311
nfix,pond,Probe,100,prior_shift,51,1.0,-0.3488564967766096,0.41,0.4962228517469311
nfix,pond,Probe,100,prior_shift,52,1.0,-0.10503543141726121,0.47,0.4962228517469311
nfix,pond,Probe,100,prior_shift,53,1.0,-0.10503543141726121,0.47,0.4962228517469311
nfix,pond,Probe,100,prior_shift,54,1.0,0.015108880424802138,0.5,0.4962228517469311
nfix,pond,Probe,100,prior_shift,55,1.0,-0.39035622768336214,0.4,0.4962228517469311
nfix,pond,Probe,100,prior_shift,56,1.0,-0.6930761774996835,0.33,0.4962228517469311
nfix,pond,Probe,100,prior_shift,57,1.0,-0.307664511838249,0.42,0.4962228517469311
nfix,pond,Probe,100,prior_shift,58,1.0,-0.5602552644787597,0.36,0.4962228517469311
nfix,pond,Probe,100,prior_shift,59,1.0,-0.22605317639208594,0.44,0.4962228517469311
nfix,pond,Probe,100,prior_shift,60,1.0,-0.14523376965037715,0.46,0.4962228517469311
nfix,pond,Probe,100,prior_shift,61,1.0,-0.6930761774996835,0.33,0.4962228517469311
nfix,pond,Probe,100,prior_shift,62,1.0,-0.47443934489390366,0.38,0.4962228517469311
nfix,pond,Probe,100,prior_shift,63,1.0,0.015108880424802138,0.5,0.4962228517469311
nfix,pond,Probe,100,prior_shift,64,1.0,0.17545153049998166,0.54,0.4962228517469311
nfix,pond,Probe,100,prior_shift,65,1.0,-0.18556181503734898,0.45,0.4962228517469311
nfix,pond,Probe,100,prior_shift,66,1.0,-0.18556181503734898,0.45,0.4962228517469311
nfix,pond,Probe,100,prior_shift,67,1.0,-0.26674227171618564,0.43,0.4962228517469311
nfix,pond,Probe,100,prior_shift,68,1.0,-0.307664511838249,0.42,0.4962228517469311
nfix,pond,Probe,100,prior_shift,69,1.0,-0.024896454188897056,0.49,0.4962228517469311
nfix,pond,Probe,100,prior_shift,70,1.0,-0.39035622768336214,0.4,0.4962228517469311
nfix,pond,Probe,100,prior_shift,71,1.0,-0.3488564967766096,0.41,0.4962228517469311
nfix,pond,Probe,100,prior_shift,72,1.0,0.2562709372416904,0.56,0.4962228517469311
nfix,pond,Probe,100,prior_shift,73,1.0,-0.18556181503734898,0.45,0.4962228517469311
nfix,pond,Probe,100,prior_shift,74,1.0,-0.3488564967766096,0.41,0.4962228517469311
nfix,pond,Probe,100,prior_shift,75,1.0,0.1352531922668655,0.53,0.4962228517469311
nfix,pond,Probe,100,prior_shift,76,1.0,-0.06493382724873435,0.48,0.4962228517469311
nfix,pond,Probe,100,prior_shift,77,1.0,-0.43220333761886265,0.39,0.4962228517469311
nfix,pond,Probe,100,prior_shift,78,1.0,0.1352531922668655,0.53,0.4962228517469311
nfix,pond,Probe,100,prior_shift,79,1.0,-0.39035622768336214,0.4,0.4962228517469311
nfix,pond,Probe,100,prior_shift,80,1.0,-0.14523376965037715,0.46,0.4962228517469311
nfix,pond,Probe,100,prior_shift,81,1.0,0.015108880424802138,0.5,0.4962228517469311
nfix,pond,Probe,100,prior_shift,82,1.0,-0.785010419687311,0.31,0.4962228517469311
nfix,pond,Probe,100,prior_shift,83,1.0,-0.6930761774996835,0.33,0.4962228517469311
nfix,pond,Probe,100,prior_shift,84,1.0,-0.43220333761886265,0.39,0.4962228517469311
nfix,pond,Probe,100,prior_shift,85,1.0,0.504657105743508,0.62,0.4962228517469311
nfix,pond,Probe,100,prior_shift,86,1.0,-0.10503543141726121,0.47,0.4962228517469311
nfix,pond,Probe,100,prior_shift,87,1.0,0.33788227268785304,0.58,0.4962228517469311
nfix,pond,Probe,100,prior_shift,88,1.0,-0.26674227171618564,0.43,0.4962228517469311
nfix,pond,Probe,100,prior_shift,89,1.0,-0.307664511838249,0.42,0.4962228517469311
nfix,pond,Probe,100,prior_shift,90,1.0,-0.6930761774996835,0.33,0.4962228517469311
nfix,pond,Probe,100,prior_shift,91,1.0,-0.26674227171618564,0.43,0.4962228517469311
nfix,pond,Probe,100,prior_shift,92,1.0,-0.6481853369854619,0.34,0.4962228517469311
nfix,pond,Probe,100,prior_shift,93,1.0,-0.7386629219515779,0.32,0.4962228517469311
nfix,pond,Probe,100,prior_shift,94,1.0,-0.06493382724873435,0.48,0.4962228517469311
nfix,pond,Probe,100,prior_shift,95,1.0,0.1352531922668655,0.53,0.4962228517469311
nfix,pond,Probe,100,prior_shift,96,1.0,0.2969600325657897,0.57,0.4962228517469311
nfix,pond,Probe,100,prior_shift,97,1.0,0.1352531922668655,0.53,0.4962228517469311
nfix,pond,Probe,100,prior_shift,98,1.0,-0.14523376965037715,0.46,0.4962228517469311
nfix,pond,Probe,100,prior_shift,99,1.0,-0.14523376965037715,0.46,0.4962228517469311
nfix,pond,NTP,100,prior_shift,0,1.0,-0.3488564967766096,0.41,0.4962228517469311
nfix,pond,NTP,100,prior_shift,1,1.0,-0.43220333761886265,0.39,0.4962228517469311
nfix,pond,NTP,100,prior_shift,2,1.0,0.05511421503850133,0.51,0.4962228517469311
nfix,pond,NTP,100,prior_shift,3,1.0,-1.0835034082433077,0.25,0.4962228517469311
nfix,pond,NTP,100,prior_shift,4,1.0,0.21577957588695346,0.55,0.4962228517469311
nfix,pond,NTP,100,prior_shift,5,1.0,-0.7386629219515779,0.32,0.4962228517469311
nfix,pond,NTP,100,prior_shift,6,1.0,-0.47443934489390366,0.38,0.4962228517469311
nfix,pond,NTP,100,prior_shift,7,1.0,-0.10503543141726121,0.47,0.4962228517469311
nfix,pond,NTP,100,prior_shift,8,1.0,-0.14523376965037715,0.46,0.4962228517469311
nfix,pond,NTP,100,prior_shift,9,1.0,-0.517107933322506,0.37,0.4962228517469311
nfix,pond,NTP,100,prior_shift,10,1.0,-0.22605317639208594,0.44,0.4962228517469311
nfix,pond,NTP,100,prior_shift,11,1.0,0.05511421503850133,0.51,0.4962228517469311
nfix,pond,NTP,100,prior_shift,12,1.0,-0.39035622768336214,0.4,0.4962228517469311
nfix,pond,NTP,100,prior_shift,13,1.0,0.05511421503850133,0.51,0.4962228517469311
nfix,pond,NTP,100,prior_shift,14,1.0,-0.785010419687311,0.31,0.4962228517469311
nfix,pond,NTP,100,prior_shift,15,1.0,-0.024896454188897056,0.49,0.4962228517469311
nfix,pond,NTP,100,prior_shift,16,1.0,0.2562709372416904,0.56,0.4962228517469311
nfix,pond,NTP,100,prior_shift,17,1.0,-0.785010419687311,0.31,0.4962228517469311
nfix,pond,NTP,100,prior_shift,18,1.0,-0.3488564967766096,0.41,0.4962228517469311
nfix,pond,NTP,100,prior_shift,19,1.0,-0.43220333761886265,0.39,0.4962228517469311
nfix,pond,NTP,100,prior_shift,20,1.0,-0.10503543141726121,0.47,0.4962228517469311
nfix,pond,NTP,100,prior_shift,21,1.0,-0.8321889799624015,0.3,0.4962228517469311
nfix,pond,NTP,100,prior_shift,22,1.0,0.37907425762621366,0.59,0.4962228517469311
nfix,pond,NTP,100,prior_shift,23,1.0,-0.7386629219515779,0.32,0.4962228517469311
nfix,pond,NTP,100,prior_shift,24,1.0,0.05511421503850133,0.51,0.4962228517469311
nfix,pond,NTP,100,prior_shift,25,1.0,-0.5602552644787597,0.36,0.4962228517469311
nfix,pond,NTP,100,prior_shift,26,1.0,-0.10503543141726121,0.47,0.4962228517469311
nfix,pond,NTP,100,prior_shift,27,1.0,-0.8321889799624015,0.3,0.4962228517469311
nfix,pond,NTP,100,prior_shift,28,1.0,0.1352531922668655,0.53,0.4962228517469311
nfix,pond,NTP,100,prior_shift,29,1.0,-0.5602552644787597,0.36,0.4962228517469311
nfix,pond,NTP,100,prior_shift,30,1.0,0.33788227268785304,0.58,0.4962228517469311
nfix,pond,NTP,100,prior_shift,31,1.0,-0.517107933322506,0.37,0.4962228517469311
nfix,pond,NTP,100,prior_shift,32,1.0,-0.26674227171618564,0.43,0.4962228517469311
nfix,pond,NTP,100,prior_shift,33,1.0,-0.307664511838249,0.42,0.4962228517469311
nfix,pond,NTP,100,prior_shift,34,1.0,-0.14523376965037715,0.46,0.4962228517469311
nfix,pond,NTP,100,prior_shift,35,1.0,-0.785010419687311,0.31,0.4962228517469311
nfix,pond,NTP,100,prior_shift,36,1.0,-0.06493382724873435,0.48,0.4962228517469311
nfix,pond,NTP,100,prior_shift,37,1.0,-0.39035622768336214,0.4,0.4962228517469311
nfix,pond,NTP,100,prior_shift,38,1.0,-0.5602552644787597,0.36,0.4962228517469311
nfix,pond,NTP,100,prior_shift,39,1.0,-1.0835034082433077,0.25,0.4962228517469311
nfix,pond,NTP,100,prior_shift,40,1.0,-0.14523376965037715,0.46,0.4962228517469311
nfix,pond,NTP,100,prior_shift,41,1.0,-0.14523376965037715,0.46,0.4962228517469311
nfix,pond,NTP,100,prior_shift,42,1.0,-0.307664511838249,0.42,0.4962228517469311
nfix,pond,NTP,100,prior_shift,43,1.0,0.1352531922668655,0.53,0.4962228517469311
nfix,pond,NTP,100,prior_shift,44,1.0,-0.5602552644787597,0.36,0.4962228517469311
nfix,pond,NTP,100,prior_shift,45,1.0,0.504657105743508,0.62,0.4962228517469311
nfix,pond,NTP,100,prior_shift,46,1.0,-0.517107933322506,0.37,0.4962228517469311
nfix,pond,NTP,100,prior_shift,47,1.0,-0.47443934489390366,0.38,0.4962228517469311
nfix,pond,NTP,100,prior_shift,48,1.0,-0.3488564967766096,0.41,0.4962228517469311
nfix,pond,NTP,100,prior_shift,49,1.0,-0.9795136947192598,0.27,0.4962228517469311
nfix,pond,NTP,100,prior_shift,50,1.0,-0.3488564967766096,0.41,0.4962228517469311
nfix,pond,NTP,100,prior_shift,51,1.0,-0.3488564967766096,0.41,0.4962228517469311
nfix,pond,NTP,100,prior_shift,52,1.0,-0.10503543141726121,0.47,0.4962228517469311
nfix,pond,NTP,100,prior_shift,53,1.0,-0.10503543141726121,0.47,0.4962228517469311
nfix,pond,NTP,100,prior_shift,54,1.0,0.015108880424802138,0.5,0.4962228517469311
nfix,pond,NTP,100,prior_shift,55,1.0,-0.39035622768336214,0.4,0.4962228517469311
nfix,pond,NTP,100,prior_shift,56,1.0,-0.6930761774996835,0.33,0.4962228517469311
nfix,pond,NTP,100,prior_shift,57,1.0,-0.307664511838249,0.42,0.4962228517469311
nfix,pond,NTP,100,prior_shift,58,1.0,-0.5602552644787597,0.36,0.4962228517469311
nfix,pond,NTP,100,prior_shift,59,1.0,-0.22605317639208594,0.44,0.4962228517469311
nfix,pond,NTP,100,prior_shift,60,1.0,-0.14523376965037715,0.46,0.4962228517469311
nfix,pond,NTP,100,prior_shift,61,1.0,-0.6930761774996835,0.33,0.4962228517469311
nfix,pond,NTP,100,prior_shift,62,1.0,-0.47443934489390366,0.38,0.4962228517469311
nfix,pond,NTP,100,prior_shift,63,1.0,0.015108880424802138,0.5,0.4962228517469311
nfix,pond,NTP,100,prior_shift,64,1.0,0.17545153049998166,0.54,0.4962228517469311
nfix,pond,NTP,100,prior_shift,65,1.0,-0.18556181503734898,0.45,0.4962228517469311
nfix,pond,NTP,100,prior_shift,66,1.0,-0.18556181503734898,0.45,0.4962228517469311
nfix,pond,NTP,100,prior_shift,67,1.0,-0.26674227171618564,0.43,0.4962228517469311
nfix,pond,NTP,100,prior_shift,68,1.0,-0.307664511838249,0.42,0.4962228517469311
nfix,pond,NTP,100,prior_shift,69,1.0,-0.024896454188897056,0.49,0.4962228517469311
nfix,pond,NTP,100,prior_shift,70,1.0,-0.39035622768336214,0.4,0.4962228517469311
nfix,pond,NTP,100,prior_shift,71,1.0,-0.3488564967766096,0.41,0.4962228517469311
nfix,pond,NTP,100,prior_shift,72,1.0,0.2562709372416904,0.56,0.4962228517469311
nfix,pond,NTP,100,prior_shift,73,1.0,-0.18556181503734898,0.45,0.4962228517469311
nfix,pond,NTP,100,prior_shift,74,1.0,-0.3488564967766096,0.41,0.4962228517469311
nfix,pond,NTP,100,prior_shift,75,1.0,0.1352531922668655,0.53,0.4962228517469311
nfix,pond,NTP,100,prior_shift,76,1.0,-0.06493382724873435,0.48,0.4962228517469311
nfix,pond,NTP,100,prior_shift,77,1.0,-0.43220333761886265,0.39,0.4962228517469311
nfix,pond,NTP,100,prior_shift,78,1.0,0.1352531922668655,0.53,0.4962228517469311
nfix,pond,NTP,100,prior_shift,79,1.0,-0.39035622768336214,0.4,0.4962228517469311
nfix,pond,NTP,100,prior_shift,80,1.0,-0.14523376965037715,0.46,0.4962228517469311
nfix,pond,NTP,100,prior_shift,81,1.0,0.015108880424802138,0.5,0.4962228517469311
nfix,pond,NTP,100,prior_shift,82,1.0,-0.785010419687311,0.31,0.4962228517469311
nfix,pond,NTP,100,prior_shift,83,1.0,-0.6930761774996835,0.33,0.4962228517469311
nfix,pond,NTP,100,prior_shift,84,1.0,-0.43220333761886265,0.39,0.4962228517469311
nfix,pond,NTP,100,prior_shift,85,1.0,0.504657105743508,0.62,0.4962228517469311
nfix,pond,NTP,100,prior_shift,86,1.0,-0.10503543141726121,0.47,0.4962228517469311
nfix,pond,NTP,100,prior_shift,87,1.0,0.33788227268785304,0.58,0.4962228517469311
nfix,pond,NTP,100,prior_shift,88,1.0,-0.26674227171618564,0.43,0.4962228517469311
nfix,pond,NTP,100,prior_shift,89,1.0,-0.307664511838249,0.42,0.4962228517469311
nfix,pond,NTP,100,prior_shift,90,1.0,-0.6930761774996835,0.33,0.4962228517469311
nfix,pond,NTP,100,prior_shift,91,1.0,-0.26674227171618564,0.43,0.4962228517469311
nfix,pond,NTP,100,prior_shift,92,1.0,-0.6481853369854619,0.34,0.4962228517469311
nfix,pond,NTP,100,prior_shift,93,1.0,-0.7386629219515779,0.32,0.4962228517469311
nfix,pond,NTP,100,prior_shift,94,1.0,-0.06493382724873435,0.48,0.4962228517469311
nfix,pond,NTP,100,prior_shift,95,1.0,0.1352531922668655,0.53,0.4962228517469311
nfix,pond,NTP,100,prior_shift,96,1.0,0.2969600325657897,0.57,0.4962228517469311
nfix,pond,NTP,100,prior_shift,97,1.0,0.1352531922668655,0.53,0.4962228517469311
nfix,pond,NTP,100,prior_shift,98,1.0,-0.14523376965037715,0.46,0.4962228517469311
nfix,pond,NTP,100,prior_shift,99,1.0,-0.14523376965037715,0.46,0.4962228517469311
nfix,pond,Probe,250,prior_shift,0,1.0,-0.307664511838249,0.42,0.4962228517469311
nfix,pond,Probe,250,prior_shift,1,1.0,-0.5776591148275211,0.356,0.4962228517469311
nfix,pond,Probe,250,prior_shift,2,1.0,0.28880471090184295,0.568,0.4962228517469311
nfix,pond,Probe,250,prior_shift,3,1.0,-0.794377292219293,0.308,0.4962228517469311
nfix,pond,Probe,250,prior_shift,4,1.0,0.4205739885329664,0.6,0.4962228517469311
nfix,pond,Probe,250,prior_shift,5,1.0,-0.2585869500522389,0.432,0.4962228517469311
nfix,pond,Probe,250,prior_shift,6,1.0,-0.24230312772422247,0.436,0.4962228517469311
nfix,pond,Probe,250,prior_shift,7,1.0,0.4205739885329664,0.6,0.4962228517469311
nfix,pond,Probe,250,prior_shift,8,1.0,-0.22605317639208594,0.44,0.4962228517469311
nfix,pond,Probe,250,prior_shift,9,1.0,-0.47443934489390366,0.38,0.4962228517469311
nfix,pond,Probe,250,prior_shift,10,1.0,-0.274906915373199,0.428,0.4962228517469311
nfix,pond,Probe,250,prior_shift,11,1.0,0.11118271051442438,0.524,0.4962228517469311
nfix,pond,Probe,250,prior_shift,12,1.0,-0.45749553052099073,0.384,0.4962228517469311
nfix,pond,Probe,250,prior_shift,13,1.0,-0.03290033876155852,0.488,0.4962228517469311
nfix,pond,Probe,250,prior_shift,14,1.0,-0.5085374317702499,0.372,0.4962228517469311
nfix,pond,Probe,250,prior_shift,15,1.0,0.4205739885329664,0.6,0.4962228517469311
nfix,pond,Probe,250,prior_shift,16,1.0,0.04711161151097595,0.508,0.4962228517469311
nfix,pond,Probe,250,prior_shift,17,1.0,-0.42380416175090224,0.392,0.4962228517469311
nfix,pond,Probe,250,prior_shift,18,1.0,-0.274906915373199,0.428,0.4962228517469311
nfix,pond,Probe,250,prior_shift,19,1.0,-0.39035622768336214,0.4,0.4962228517469311
nfix,pond,Probe,250,prior_shift,20,1.0,0.07913073918973322,0.516,0.4962228517469311
nfix,pond,Probe,250,prior_shift,21,1.0,-0.6840443241953549,0.332,0.4962228517469311
nfix,pond,Probe,250,prior_shift,22,1.0,-0.17748422669098218,0.452,0.4962228517469311
nfix,pond,Probe,250,prior_shift,23,1.0,-0.7756767696990591,0.312,0.4962228517469311
nfix,pond,Probe,250,prior_shift,24,1.0,0.19156531776635882,0.544,0.4962228517469311
nfix,pond,Probe,250,prior_shift,25,1.0,-0.274906915373199,0.428,0.4962228517469311
nfix,pond,Probe,250,prior_shift,26,1.0,-0.17748422669098218,0.452,0.4962228517469311
nfix,pond,Probe,250,prior_shift,27,1.0,-0.7203406798258325,0.324,0.4962228517469311
nfix,pond,Probe,250,prior_shift,28,1.0,-0.016893850661371675,0.492,0.4962228517469311
nfix,pond,Probe,250,prior_shift,29,1.0,0.17545153049998166,0.54,0.4962228517469311
nfix,pond,Probe,250,prior_shift,30,1.0,0.015108880424802138,0.5,0.4962228517469311
nfix,pond,Probe,250,prior_shift,31,1.0,-0.6304102511458886,0.344,0.4962228517469311
nfix,pond,Probe,250,prior_shift,32,1.0,-0.1291407284197445,0.464,0.4962228517469311
nfix,pond,Probe,250,prior_shift,33,1.0,-0.32410684214216173,0.416,0.4962228517469311
nfix,pond,Probe,250,prior_shift,34,1.0,0.0631180996111628,0.512,0.4962228517469311
nfix,pond,Probe,250,prior_shift,35,1.0,-0.16134755691675434,0.456,0.4962228517469311
nfix,pond,Probe,250,prior_shift,36,1.0,-0.09700841769590406,0.472,0.4962228517469311
nfix,pond,Probe,250,prior_shift,37,1.0,-0.32410684214216173,0.416,0.4962228517469311
nfix,pond,Probe,250,prior_shift,38,1.0,-0.09700841769590406,0.472,0.4962228517469311
nfix,pond,Probe,250,prior_shift,39,1.0,-0.7203406798258325,0.324,0.4962228517469311
nfix,pond,Probe,250,prior_shift,40,1.0,-0.0008914609216390101,0.496,0.4962228517469311
nfix,pond,Probe,250,prior_shift,41,1.0,-0.40705110625553215,0.396,0.4962228517469311
nfix,pond,Probe,250,prior_shift,42,1.0,-0.16134755691675434,0.456,0.4962228517469311
nfix,pond,Probe,250,prior_shift,43,1.0,0.4039346695290017,0.596,0.4962228517469311
nfix,pond,Probe,250,prior_shift,44,1.0,-0.8132130785033959,0.304,0.4962228517469311
nfix,pond,Probe,250,prior_shift,45,1.0,0.04711161151097595,0.508,0.4962228517469311
nfix,pond,Probe,250,prior_shift,46,1.0,-0.0809649496648201,0.476,0.4962228517469311
nfix,pond,Probe,250,prior_shift,47,1.0,-0.44061806246425045,0.388,0.4962228517469311
nfix,pond,Probe,250,prior_shift,48,1.0,-0.491452344554731,0.376,0.4962228517469311
nfix,pond,Probe,250,prior_shift,49,1.0,-0.6481853369854619,0.34,0.4962228517469311
nfix,pond,Probe,250,prior_shift,50,1.0,-0.32410684214216173,0.416,0.4962228517469311
nfix,pond,Probe,250,prior_shift,51,1.0,0.04711161151097595,0.508,0.4962228517469311
nfix,pond,Probe,250,prior_shift,52,1.0,0.11118271051442438,0.524,0.4962228517469311
nfix,pond,Probe,250,prior_shift,53,1.0,0.015108880424802138,0.5,0.4962228517469311
nfix,pond,Probe,250,prior_shift,54,1.0,-0.17748422669098218,0.452,0.4962228517469311
nfix,pond,Probe,250,prior_shift,55,1.0,-0.17748422669098218,0.452,0.4962228517469311
nfix,pond,Probe,250,prior_shift,56,1.0,-0.20983485139355545,0.444,0.4962228517469311
nfix,pond,Probe,250,prior_shift,57,1.0,0.04711161151097595,0.508,0.4962228517469311
nfix,pond,Probe,250,prior_shift,58,1.0,-0.6660621090884273,0.336,0.4962228517469311
nfix,pond,Probe,250,prior_shift,59,1.0,-0.3405947181242985,0.412,0.4962228517469311
nfix,pond,Probe,250,prior_shift,60,1.0,-0.307664511838249,0.42,0.4962228517469311
nfix,pond,Probe,250,prior_shift,61,1.0,-0.016893850661371675,0.492,0.4962228517469311
nfix,pond,Probe,250,prior_shift,62,1.0,-0.5256975755531244,0.368,0.4962228517469311
nfix,pond,Probe,250,prior_shift,63,1.0,-0.0809649496648201,0.476,0.4962228517469311
nfix,pond,Probe,250,prior_shift,64,1.0,-0.0809649496648201,0.476,0.4962228517469311
nfix,pond,Probe,250,prior_shift,65,1.0,0.1432840738487999,0.532,0.4962228517469311
nfix,pond,Probe,250,prior_shift,66,1.0,-0.5602552644787597,0.36,0.4962228517469311
nfix,pond,Probe,250,prior_shift,67,1.0,-0.14523376965037715,0.46,0.4962228517469311
nfix,pond,Probe,250,prior_shift,68,1.0,-0.40705110625553215,0.396,0.4962228517469311
nfix,pond,Probe,250,prior_shift,69,1.0,-0.04891297834012894,0.484,0.4962228517469311
nfix,pond,Probe,250,prior_shift,70,1.0,-0.0809649496648201,0.476,0.4962228517469311
nfix,pond,Probe,250,prior_shift,71,1.0,-0.40705110625553215,0.396,0.4962228517469311
nfix,pond,Probe,250,prior_shift,72,1.0,0.031109221771243284,0.504,0.4962228517469311
nfix,pond,Probe,250,prior_shift,73,1.0,-0.22605317639208594,0.44,0.4962228517469311
nfix,pond,Probe,250,prior_shift,74,1.0,-0.3405947181242985,0.412,0.4962228517469311
nfix,pond,Probe,250,prior_shift,75,1.0,-0.09700841769590406,0.472,0.4962228517469311
nfix,pond,Probe,250,prior_shift,76,1.0,-0.307664511838249,0.42,0.4962228517469311
nfix,pond,Probe,250,prior_shift,77,1.0,-0.03290033876155852,0.488,0.4962228517469311
nfix,pond,Probe,250,prior_shift,78,1.0,0.17545153049998166,0.54,0.4962228517469311
nfix,pond,Probe,250,prior_shift,79,1.0,-0.6481853369854619,0.34,0.4962228517469311
nfix,pond,Probe,250,prior_shift,80,1.0,0.15935848926934898,0.536,0.4962228517469311
nfix,pond,Probe,250,prior_shift,81,1.0,0.35432460299176577,0.584,0.4962228517469311
nfix,pond,Probe,250,prior_shift,82,1.0,-0.2585869500522389,0.432,0.4962228517469311
nfix,pond,Probe,250,prior_shift,83,1.0,-0.42380416175090224,0.392,0.4962228517469311
nfix,pond,Probe,250,prior_shift,84,1.0,-0.03290033876155852,0.488,0.4962228517469311
nfix,pond,Probe,250,prior_shift,85,1.0,0.3708124789739025,0.588,0.4962228517469311
nfix,pond,Probe,250,prior_shift,86,1.0,-0.016893850661371675,0.492,0.4962228517469311
nfix,pond,Probe,250,prior_shift,87,1.0,0.0631180996111628,0.512,0.4962228517469311
nfix,pond,Probe,250,prior_shift,88,1.0,-0.5776591148275211,0.356,0.4962228517469311
nfix,pond,Probe,250,prior_shift,89,1.0,-0.45749553052099073,0.384,0.4962228517469311
nfix,pond,Probe,250,prior_shift,90,1.0,-0.8321889799624015,0.3,0.4962228517469311
nfix,pond,Probe,250,prior_shift,91,1.0,-0.32410684214216173,0.416,0.4962228517469311
nfix,pond,Probe,250,prior_shift,92,1.0,-0.9896846530256526,0.268,0.4962228517469311
nfix,pond,Probe,250,prior_shift,93,1.0,-0.307664511838249,0.42,0.4962228517469311
nfix,pond,Probe,250,prior_shift,94,1.0,-0.11306631299919538,0.468,0.4962228517469311
nfix,pond,Probe,250,prior_shift,95,1.0,0.33788227268785304,0.58,0.4962228517469311
nfix,pond,Probe,250,prior_shift,96,1.0,0.09515158809833864,0.52,0.4962228517469311
nfix,pond,Probe,250,prior_shift,97,1.0,-0.2585869500522389,0.432,0.4962228517469311
nfix,pond,Probe,250,prior_shift,98,1.0,0.07913073918973322,0.516,0.4962228517469311
nfix,pond,Probe,250,prior_shift,99,1.0,-0.22605317639208594,0.44,0.4962228517469311
nfix,pond,NTP,250,prior_shift,0,1.0,-0.307664511838249,0.42,0.4962228517469311
nfix,pond,NTP,250,prior_shift,1,1.0,-0.5776591148275211,0.356,0.4962228517469311
nfix,pond,NTP,250,prior_shift,2,1.0,0.28880471090184295,0.568,0.4962228517469311
nfix,pond,NTP,250,prior_shift,3,1.0,-0.794377292219293,0.308,0.4962228517469311
nfix,pond,NTP,250,prior_shift,4,1.0,0.4205739885329664,0.6,0.4962228517469311
nfix,pond,NTP,250,prior_shift,5,1.0,-0.2585869500522389,0.432,0.4962228517469311
nfix,pond,NTP,250,prior_shift,6,1.0,-0.24230312772422247,0.436,0.4962228517469311
nfix,pond,NTP,250,prior_shift,7,1.0,0.4205739885329664,0.6,0.4962228517469311
nfix,pond,NTP,250,prior_shift,8,1.0,-0.22605317639208594,0.44,0.4962228517469311
nfix,pond,NTP,250,prior_shift,9,1.0,-0.47443934489390366,0.38,0.4962228517469311
nfix,pond,NTP,250,prior_shift,10,1.0,-0.274906915373199,0.428,0.4962228517469311
nfix,pond,NTP,250,prior_shift,11,1.0,0.11118271051442438,0.524,0.4962228517469311
nfix,pond,NTP,250,prior_shift,12,1.0,-0.45749553052099073,0.384,0.4962228517469311
nfix,pond,NTP,250,prior_shift,13,1.0,-0.03290033876155852,0.488,0.4962228517469311
nfix,pond,NTP,250,prior_shift,14,1.0,-0.5085374317702499,0.372,0.4962228517469311
nfix,pond,NTP,250,prior_shift,15,1.0,0.4205739885329664,0.6,0.4962228517469311
nfix,pond,NTP,250,prior_shift,16,1.0,0.04711161151097595,0.508,0.4962228517469311
nfix,pond,NTP,250,prior_shift,17,1.0,-0.42380416175090224,0.392,0.4962228517469311
nfix,pond,NTP,250,prior_shift,18,1.0,-0.274906915373199,0.428,0.4962228517469311
nfix,pond,NTP,250,prior_shift,19,1.0,-0.39035622768336214,0.4,0.4962228517469311
nfix,pond,NTP,250,prior_shift,20,1.0,0.07913073918973322,0.516,0.4962228517469311
nfix,pond,NTP,250,prior_shift,21,1.0,-0.6840443241953549,0.332,0.4962228517469311
nfix,pond,NTP,250,prior_shift,22,1.0,-0.17748422669098218,0.452,0.4962228517469311
nfix,pond,NTP,250,prior_shift,23,1.0,-0.7756767696990591,0.312,0.4962228517469311
nfix,pond,NTP,250,prior_shift,24,1.0,0.19156531776635882,0.544,0.4962228517469311
nfix,pond,NTP,250,prior_shift,25,1.0,-0.274906915373199,0.428,0.4962228517469311
nfix,pond,NTP,250,prior_shift,26,1.0,-0.17748422669098218,0.452,0.4962228517469311
nfix,pond,NTP,250,prior_shift,27,1.0,-0.7203406798258325,0.324,0.4962228517469311
nfix,pond,NTP,250,prior_shift,28,1.0,-0.016893850661371675,0.492,0.4962228517469311
nfix,pond,NTP,250,prior_shift,29,1.0,0.17545153049998166,0.54,0.4962228517469311
nfix,pond,NTP,250,prior_shift,30,1.0,0.015108880424802138,0.5,0.4962228517469311
nfix,pond,NTP,250,prior_shift,31,1.0,-0.6304102511458886,0.344,0.4962228517469311
nfix,pond,NTP,250,prior_shift,32,1.0,-0.1291407284197445,0.464,0.4962228517469311
nfix,pond,NTP,250,prior_shift,33,1.0,-0.32410684214216173,0.416,0.4962228517469311
nfix,pond,NTP,250,prior_shift,34,1.0,0.0631180996111628,0.512,0.4962228517469311
nfix,pond,NTP,250,prior_shift,35,1.0,-0.16134755691675434,0.456,0.4962228517469311
nfix,pond,NTP,250,prior_shift,36,1.0,-0.09700841769590406,0.472,0.4962228517469311
nfix,pond,NTP,250,prior_shift,37,1.0,-0.32410684214216173,0.416,0.4962228517469311
nfix,pond,NTP,250,prior_shift,38,1.0,-0.09700841769590406,0.472,0.4962228517469311
nfix,pond,NTP,250,prior_shift,39,1.0,-0.7203406798258325,0.324,0.4962228517469311
nfix,pond,NTP,250,prior_shift,40,1.0,-0.0008914609216390101,0.496,0.4962228517469311
nfix,pond,NTP,250,prior_shift,41,1.0,-0.40705110625553215,0.396,0.4962228517469311
nfix,pond,NTP,250,prior_shift,42,1.0,-0.16134755691675434,0.456,0.4962228517469311
nfix,pond,NTP,250,prior_shift,43,1.0,0.4039346695290017,0.596,0.4962228517469311
nfix,pond,NTP,250,prior_shift,44,1.0,-0.8132130785033959,0.304,0.4962228517469311
nfix,pond,NTP,250,prior_shift,45,1.0,0.04711161151097595,0.508,0.4962228517469311
nfix,pond,NTP,250,prior_shift,46,1.0,-0.0809649496648201,0.476,0.4962228517469311
nfix,pond,NTP,250,prior_shift,47,1.0,-0.44061806246425045,0.388,0.4962228517469311
nfix,pond,NTP,250,prior_shift,48,1.0,-0.491452344554731,0.376,0.4962228517469311
nfix,pond,NTP,250,prior_shift,49,1.0,-0.6481853369854619,0.34,0.4962228517469311
nfix,pond,NTP,250,prior_shift,50,1.0,-0.32410684214216173,0.416,0.4962228517469311
nfix,pond,NTP,250,prior_shift,51,1.0,0.04711161151097595,0.508,0.4962228517469311
nfix,pond,NTP,250,prior_shift,52,1.0,0.11118271051442438,0.524,0.4962228517469311
nfix,pond,NTP,250,prior_shift,53,1.0,0.015108880424802138,0.5,0.4962228517469311
nfix,pond,NTP,250,prior_shift,54,1.0,-0.17748422669098218,0.452,0.4962228517469311
nfix,pond,NTP,250,prior_shift,55,1.0,-0.17748422669098218,0.452,0.4962228517469311
nfix,pond,NTP,250,prior_shift,56,1.0,-0.20983485139355545,0.444,0.4962228517469311
nfix,pond,NTP,250,prior_shift,57,1.0,0.04711161151097595,0.508,0.4962228517469311
nfix,pond,NTP,250,prior_shift,58,1.0,-0.6660621090884273,0.336,0.4962228517469311
nfix,pond,NTP,250,prior_shift,59,1.0,-0.3405947181242985,0.412,0.4962228517469311
nfix,pond,NTP,250,prior_shift,60,1.0,-0.307664511838249,0.42,0.4962228517469311
nfix,pond,NTP,250,prior_shift,61,1.0,-0.016893850661371675,0.492,0.4962228517469311
nfix,pond,NTP,250,prior_shift,62,1.0,-0.5256975755531244,0.368,0.4962228517469311
nfix,pond,NTP,250,prior_shift,63,1.0,-0.0809649496648201,0.476,0.4962228517469311
nfix,pond,NTP,250,prior_shift,64,1.0,-0.0809649496648201,0.476,0.4962228517469311
nfix,pond,NTP,250,prior_shift,65,1.0,0.1432840738487999,0.532,0.4962228517469311
nfix,pond,NTP,250,prior_shift,66,1.0,-0.5602552644787597,0.36,0.4962228517469311
nfix,pond,NTP,250,prior_shift,67,1.0,-0.14523376965037715,0.46,0.4962228517469311
nfix,pond,NTP,250,prior_shift,68,1.0,-0.40705110625553215,0.396,0.4962228517469311
nfix,pond,NTP,250,prior_shift,69,1.0,-0.04891297834012894,0.484,0.4962228517469311
nfix,pond,NTP,250,prior_shift,70,1.0,-0.0809649496648201,0.476,0.4962228517469311
nfix,pond,NTP,250,prior_shift,71,1.0,-0.40705110625553215,0.396,0.4962228517469311
nfix,pond,NTP,250,prior_shift,72,1.0,0.031109221771243284,0.504,0.4962228517469311
nfix,pond,NTP,250,prior_shift,73,1.0,-0.22605317639208594,0.44,0.4962228517469311
nfix,pond,NTP,250,prior_shift,74,1.0,-0.3405947181242985,0.412,0.4962228517469311
nfix,pond,NTP,250,prior_shift,75,1.0,-0.09700841769590406,0.472,0.4962228517469311
nfix,pond,NTP,250,prior_shift,76,1.0,-0.307664511838249,0.42,0.4962228517469311
nfix,pond,NTP,250,prior_shift,77,1.0,-0.03290033876155852,0.488,0.4962228517469311
nfix,pond,NTP,250,prior_shift,78,1.0,0.17545153049998166,0.54,0.4962228517469311
nfix,pond,NTP,250,prior_shift,79,1.0,-0.6481853369854619,0.34,0.4962228517469311
nfix,pond,NTP,250,prior_shift,80,1.0,0.15935848926934898,0.536,0.4962228517469311
nfix,pond,NTP,250,prior_shift,81,1.0,0.35432460299176577,0.584,0.4962228517469311
nfix,pond,NTP,250,prior_shift,82,1.0,-0.2585869500522389,0.432,0.4962228517469311
nfix,pond,NTP,250,prior_shift,83,1.0,-0.42380416175090224,0.392,0.4962228517469311
nfix,pond,NTP,250,prior_shift,84,1.0,-0.03290033876155852,0.488,0.4962228517469311
nfix,pond,NTP,250,prior_shift,85,1.0,0.3708124789739025,0.588,0.4962228517469311
nfix,pond,NTP,250,prior_shift,86,1.0,-0.016893850661371675,0.492,0.4962228517469311
nfix,pond,NTP,250,prior_shift,87,1.0,0.0631180996111628,0.512,0.4962228517469311
nfix,pond,NTP,250,prior_shift,88,1.0,-0.5776591148275211,0.356,0.4962228517469311
nfix,pond,NTP,250,prior_shift,89,1.0,-0.45749553052099073,0.384,0.4962228517469311
nfix,pond,NTP,250,prior_shift,90,1.0,-0.8321889799624015,0.3,0.4962228517469311
nfix,pond,NTP,250,prior_shift,91,1.0,-0.32410684214216173,0.416,0.4962228517469311
nfix,pond,NTP,250,prior_shift,92,1.0,-0.9896846530256526,0.268,0.4962228517469311
nfix,pond,NTP,250,prior_shift,93,1.0,-0.307664511838249,0.42,0.4962228517469311
nfix,pond,NTP,250,prior_shift,94,1.0,-0.11306631299919538,0.468,0.4962228517469311
nfix,pond,NTP,250,prior_shift,95,1.0,0.33788227268785304,0.58,0.4962228517469311
nfix,pond,NTP,250,prior_shift,96,1.0,0.09515158809833864,0.52,0.4962228517469311
nfix,pond,NTP,250,prior_shift,97,1.0,-0.2585869500522389,0.432,0.4962228517469311
nfix,pond,NTP,250,prior_shift,98,1.0,0.07913073918973322,0.516,0.4962228517469311
nfix,pond,NTP,250,prior_shift,99,1.0,-0.22605317639208594,0.44,0.4962228517469311
nfix,pond,Probe,500,prior_shift,0,1.0,-0.25044066367797596,0.434,0.4962228517469311
nfix,pond,Probe,500,prior_shift,1,1.0,-0.43220333761886265,0.39,0.4962228517469311
nfix,pond,Probe,500,prior_shift,2,1.0,-0.10503543141726121,0.47,0.4962228517469311
nfix,pond,Probe,500,prior_shift,3,1.0,-0.929352728416049,0.28,0.4962228517469311
nfix,pond,Probe,500,prior_shift,4,1.0,0.3708124789739025,0.588,0.4962228517469311
nfix,pond,Probe,500,prior_shift,5,1.0,-0.44904867825750944,0.386,0.4962228517469311
nfix,pond,Probe,500,prior_shift,6,1.0,-0.36541727933611007,0.406,0.4962228517469311
nfix,pond,Probe,500,prior_shift,7,1.0,0.023108923091878418,0.502,0.4962228517469311
nfix,pond,Probe,500,prior_shift,8,1.0,-0.12110132440974673,0.466,0.4962228517469311
nfix,pond,Probe,500,prior_shift,9,1.0,-0.44904867825750944,0.386,0.4962228517469311
nfix,pond,Probe,500,prior_shift,10,1.0,-0.22605317639208594,0.44,0.4962228517469311
nfix,pond,Probe,500,prior_shift,11,1.0,-0.008892271674740921,0.494,0.4962228517469311
nfix,pond,Probe,500,prior_shift,12,1.0,-0.45749553052099073,0.384,0.4962228517469311
nfix,pond,Probe,500,prior_shift,13,1.0,-0.06493382724873435,0.48,0.4962228517469311
nfix,pond,Probe,500,prior_shift,14,1.0,-0.5602552644787597,0.36,0.4962228517469311
nfix,pond,Probe,500,prior_shift,15,1.0,0.19963065812835934,0.546,0.4962228517469311
nfix,pond,Probe,500,prior_shift,16,1.0,-0.024896454188897056,0.49,0.4962228517469311
nfix,pond,Probe,500,prior_shift,17,1.0,-0.5602552644787597,0.36,0.4962228517469311
nfix,pond,Probe,500,prior_shift,18,1.0,-0.2994596742115636,0.422,0.4962228517469311
nfix,pond,Probe,500,prior_shift,19,1.0,-0.39035622768336214,0.4,0.4962228517469311
nfix,pond,Probe,500,prior_shift,20,1.0,-0.06493382724873435,0.48,0.4962228517469311
nfix,pond,Probe,500,prior_shift,21,1.0,-0.7203406798258325,0.324,0.4962228517469311
nfix,pond,Probe,500,prior_shift,22,1.0,0.05511421503850133,0.51,0.4962228517469311
nfix,pond,Probe,500,prior_shift,23,1.0,-0.5776591148275211,0.356,0.4962228517469311
nfix,pond,Probe,500,prior_shift,24,1.0,-0.05692224778408068,0.482,0.4962228517469311
nfix,pond,Probe,500,prior_shift,25,1.0,-0.2994596742115636,0.422,0.4962228517469311
nfix,pond,Probe,500,prior_shift,26,1.0,-0.2994596742115636,0.422,0.4962228517469311
nfix,pond,Probe,500,prior_shift,27,1.0,-0.5602552644787597,0.36,0.4962228517469311
nfix,pond,Probe,500,prior_shift,28,1.0,-0.193645933437308,0.448,0.4962228517469311
nfix,pond,Probe,500,prior_shift,29,1.0,-0.24230312772422247,0.436,0.4962228517469311
nfix,pond,Probe,500,prior_shift,30,1.0,0.11118271051442438,0.524,0.4962228517469311
nfix,pond,Probe,500,prior_shift,31,1.0,-0.6660621090884273,0.336,0.4962228517469311
nfix,pond,Probe,500,prior_shift,32,1.0,-0.29126532503913144,0.424,0.4962228517469311
nfix,pond,Probe,500,prior_shift,33,1.0,-0.42380416175090224,0.392,0.4962228517469311
nfix,pond,Probe,500,prior_shift,34,1.0,-0.25044066367797596,0.434,0.4962228517469311
nfix,pond,Probe,500,prior_shift,35,1.0,-0.47443934489390366,0.38,0.4962228517469311
nfix,pond,Probe,500,prior_shift,36,1.0,0.1192027714674356,0.526,0.4962228517469311
nfix,pond,Probe,500,prior_shift,37,1.0,-0.41542019634657845,0.394,0.4962228517469311
nfix,pond,Probe,500,prior_shift,38,1.0,-0.17748422669098218,0.452,0.4962228517469311
nfix,pond,Probe,500,prior_shift,39,1.0,-0.6127332017273766,0.348,0.4962228517469311
nfix,pond,Probe,500,prior_shift,40,1.0,-0.11306631299919538,0.468,0.4962228517469311
nfix,pond,Probe,500,prior_shift,41,1.0,-0.25044066367797596,0.434,0.4962228517469311
nfix,pond,Probe,500,prior_shift,42,1.0,-0.307664511838249,0.42,0.4962228517469311
nfix,pond,Probe,500,prior_shift,43,1.0,0.1352531922668655,0.53,0.4962228517469311
nfix,pond,Probe,500,prior_shift,44,1.0,-0.5085374317702499,0.372,0.4962228517469311
nfix,pond,Probe,500,prior_shift,45,1.0,0.2725208885738265,0.564,0.4962228517469311
nfix,pond,Probe,500,prior_shift,46,1.0,-0.24230312772422247,0.436,0.4962228517469311
nfix,pond,Probe,500,prior_shift,47,1.0,-0.37371690867939744,0.404,0.4962228517469311
nfix,pond,Probe,500,prior_shift,48,1.0,-0.41542019634657845,0.394,0.4962228517469311
nfix,pond,Probe,500,prior_shift,49,1.0,-0.5776591148275211,0.356,0.4962228517469311
nfix,pond,Probe,500,prior_shift,50,1.0,-0.357130580055042,0.408,0.4962228517469311
nfix,pond,Probe,500,prior_shift,51,1.0,-0.13718478865524336,0.462,0.4962228517469311
nfix,pond,Probe,500,prior_shift,52,1.0,-0.17748422669098218,0.452,0.4962228517469311
nfix,pond,Probe,500,prior_shift,53,1.0,-0.21794019987881066,0.442,0.4962228517469311
nfix,pond,Probe,500,prior_shift,54,1.0,-0.26674227171618564,0.43,0.4962228517469311
nfix,pond,Probe,500,prior_shift,55,1.0,-0.36541727933611007,0.406,0.4962228517469311
nfix,pond,Probe,500,prior_shift,56,1.0,-0.29126532503913144,0.424,0.4962228517469311
nfix,pond,Probe,500,prior_shift,57,1.0,-0.0008914609216390101,0.496,0.4962228517469311
nfix,pond,Probe,500,prior_shift,58,1.0,-0.44904867825750944,0.386,0.4962228517469311
nfix,pond,Probe,500,prior_shift,59,1.0,-0.18556181503734898,0.45,0.4962228517469311
nfix,pond,Probe,500,prior_shift,60,1.0,-0.26674227171618564,0.43,0.4962228517469311
nfix,pond,Probe,500,prior_shift,61,1.0,-0.11306631299919538,0.468,0.4962228517469311
nfix,pond,Probe,500,prior_shift,62,1.0,-0.5429358152785794,0.364,0.4962228517469311
nfix,pond,Probe,500,prior_shift,63,1.0,-0.06493382724873435,0.48,0.4962228517469311
nfix,pond,Probe,500,prior_shift,64,1.0,-0.03290033876155852,0.488,0.4962228517469311
nfix,pond,Probe,500,prior_shift,65,1.0,-0.16941289727875486,0.454,0.4962228517469311
nfix,pond,Probe,500,prior_shift,66,1.0,-0.2830811696253939,0.426,0.4962228517469311
nfix,pond,Probe,500,prior_shift,67,1.0,0.08714000863368496,0.518,0.4962228517469311
nfix,pond,Probe,500,prior_shift,68,1.0,-0.3986965595995811,0.398,0.4962228517469311
nfix,pond,Probe,500,prior_shift,69,1.0,0.023108923091878418,0.502,0.4962228517469311
nfix,pond,Probe,500,prior_shift,70,1.0,-0.26674227171618564,0.43,0.4962228517469311
nfix,pond,Probe,500,prior_shift,71,1.0,-0.5776591148275211,0.356,0.4962228517469311
nfix,pond,Probe,500,prior_shift,72,1.0,0.031109221771243284,0.504,0.4962228517469311
nfix,pond,Probe,500,prior_shift,73,1.0,-0.2585869500522389,0.432,0.4962228517469311
nfix,pond,Probe,500,prior_shift,74,1.0,-0.37371690867939744,0.404,0.4962228517469311
nfix,pond,Probe,500,prior_shift,75,1.0,0.1352531922668655,0.53,0.4962228517469311
nfix,pond,Probe,500,prior_shift,76,1.0,-0.38202978490680845,0.402,0.4962228517469311
nfix,pond,Probe,500,prior_shift,77,1.0,-0.024896454188897056,0.49,0.4962228517469311
nfix,pond,Probe,500,prior_shift,78,1.0,-0.05692224778408068,0.482,0.4962228517469311
nfix,pond,Probe,500,prior_shift,79,1.0,-0.357130580055042,0.408,0.4962228517469311
nfix,pond,Probe,500,prior_shift,80,1.0,0.16740254950484784,0.538,0.4962228517469311
nfix,pond,Probe,500,prior_shift,81,1.0,0.3296774350611676,0.578,0.4962228517469311
nfix,pond,Probe,500,prior_shift,82,1.0,-0.517107933322506,0.37,0.4962228517469311
nfix,pond,Probe,500,prior_shift,83,1.0,-0.29126532503913144,0.424,0.4962228517469311
nfix,pond,Probe,500,prior_shift,84,1.0,-0.16941289727875486,0.454,0.4962228517469311
nfix,pond,Probe,500,prior_shift,85,1.0,0.28065842452758,0.566,0.4962228517469311
nfix,pond,Probe,500,prior_shift,86,1.0,-0.274906915373199,0.428,0.4962228517469311
nfix,pond,Probe,500,prior_shift,87,1.0,-0.21794019987881066,0.442,0.4962228517469311
nfix,pond,Probe,500,prior_shift,88,1.0,-0.5689464368644588,0.358,0.4962228517469311
nfix,pond,Probe,500,prior_shift,89,1.0,-0.31588013478187943,0.418,0.4962228517469311
nfix,pond,Probe,500,prior_shift,90,1.0,-0.44061806246425045,0.388,0.4962228517469311
nfix,pond,Probe,500,prior_shift,91,1.0,-0.193645933437308,0.448,0.4962228517469311
nfix,pond,Probe,500,prior_shift,92,1.0,-0.6660621090884273,0.336,0.4962228517469311
nfix,pond,Probe,500,prior_shift,93,1.0,-0.5515851910942167,0.362,0.4962228517469311
nfix,pond,Probe,500,prior_shift,94,1.0,-0.16941289727875486,0.454,0.4962228517469311
nfix,pond,Probe,500,prior_shift,95,1.0,0.08714000863368496,0.518,0.4962228517469311
nfix,pond,Probe,500,prior_shift,96,1.0,0.22386369428691247,0.552,0.4962228517469311
nfix,pond,Probe,500,prior_shift,97,1.0,0.007108837757725859,0.498,0.4962228517469311
nfix,pond,Probe,500,prior_shift,98,1.0,-0.11306631299919538,0.468,0.4962228517469311
nfix,pond,Probe,500,prior_shift,99,1.0,-0.274906915373199,0.428,0.4962228517469311
nfix,pond,NTP,500,prior_shift,0,1.0,-0.25044066367797596,0.434,0.4962228517469311
nfix,pond,NTP,500,prior_shift,1,1.0,-0.43220333761886265,0.39,0.4962228517469311
nfix,pond,NTP,500,prior_shift,2,1.0,-0.10503543141726121,0.47,0.4962228517469311
nfix,pond,NTP,500,prior_shift,3,1.0,-0.929352728416049,0.28,0.4962228517469311
nfix,pond,NTP,500,prior_shift,4,1.0,0.3708124789739025,0.588,0.4962228517469311
nfix,pond,NTP,500,prior_shift,5,1.0,-0.44904867825750944,0.386,0.4962228517469311
nfix,pond,NTP,500,prior_shift,6,1.0,-0.36541727933611007,0.406,0.4962228517469311
nfix,pond,NTP,500,prior_shift,7,1.0,0.023108923091878418,0.502,0.4962228517469311
nfix,pond,NTP,500,prior_shift,8,1.0,-0.12110132440974673,0.466,0.4962228517469311
nfix,pond,NTP,500,prior_shift,9,1.0,-0.44904867825750944,0.386,0.4962228517469311
nfix,pond,NTP,500,prior_shift,10,1.0,-0.22605317639208594,0.44,0.4962228517469311
nfix,pond,NTP,500,prior_shift,11,1.0,-0.008892271674740921,0.494,0.4962228517469311
nfix,pond,NTP,500,prior_shift,12,1.0,-0.45749553052099073,0.384,0.4962228517469311
nfix,pond,NTP,500,prior_shift,13,1.0,-0.06493382724873435,0.48,0.4962228517469311
nfix,pond,NTP,500,prior_shift,14,1.0,-0.5602552644787597,0.36,0.4962228517469311
nfix,pond,NTP,500,prior_shift,15,1.0,0.19963065812835934,0.546,0.4962228517469311
nfix,pond,NTP,500,prior_shift,16,1.0,-0.024896454188897056,0.49,0.4962228517469311
nfix,pond,NTP,500,prior_shift,17,1.0,-0.5602552644787597,0.36,0.4962228517469311
nfix,pond,NTP,500,prior_shift,18,1.0,-0.2994596742115636,0.422,0.4962228517469311
nfix,pond,NTP,500,prior_shift,19,1.0,-0.39035622768336214,0.4,0.4962228517469311
nfix,pond,NTP,500,prior_shift,20,1.0,-0.06493382724873435,0.48,0.4962228517469311
nfix,pond,NTP,500,prior_shift,21,1.0,-0.7203406798258325,0.324,0.4962228517469311
nfix,pond,NTP,500,prior_shift,22,1.0,0.05511421503850133,0.51,0.4962228517469311
nfix,pond,NTP,500,prior_shift,23,1.0,-0.5776591148275211,0.356,0.4962228517469311
nfix,pond,NTP,500,prior_shift,24,1.0,-0.05692224778408068,0.482,0.4962228517469311
nfix,pond,NTP,500,prior_shift,25,1.0,-0.2994596742115636,0.422,0.4962228517469311
nfix,pond,NTP,500,prior_shift,26,1.0,-0.2994596742115636,0.422,0.4962228517469311
nfix,pond,NTP,500,prior_shift,27,1.0,-0.5602552644787597,0.36,0.4962228517469311
nfix,pond,NTP,500,prior_shift,28,1.0,-0.193645933437308,0.448,0.4962228517469311
nfix,pond,NTP,500,prior_shift,29,1.0,-0.24230312772422247,0.436,0.4962228517469311
nfix,pond,NTP,500,prior_shift,30,1.0,0.11118271051442438,0.524,0.4962228517469311
nfix,pond,NTP,500,prior_shift,31,1.0,-0.6660621090884273,0.336,0.4962228517469311
nfix,pond,NTP,500,prior_shift,32,1.0,-0.29126532503913144,0.424,0.4962228517469311
nfix,pond,NTP,500,prior_shift,33,1.0,-0.42380416175090224,0.392,0.4962228517469311
nfix,pond,NTP,500,prior_shift,34,1.0,-0.25044066367797596,0.434,0.4962228517469311
nfix,pond,NTP,500,prior_shift,35,1.0,-0.47443934489390366,0.38,0.4962228517469311
nfix,pond,NTP,500,prior_shift,36,1.0,0.1192027714674356,0.526,0.4962228517469311
nfix,pond,NTP,500,prior_shift,37,1.0,-0.41542019634657845,0.394,0.4962228517469311
nfix,pond,NTP,500,prior_shift,38,1.0,-0.17748422669098218,0.452,0.4962228517469311
nfix,pond,NTP,500,prior_shift,39,1.0,-0.6127332017273766,0.348,0.4962228517469311
nfix,pond,NTP,500,prior_shift,40,1.0,-0.11306631299919538,0.468,0.4962228517469311
nfix,pond,NTP,500,prior_shift,41,1.0,-0.25044066367797596,0.434,0.4962228517469311
nfix,pond,NTP,500,prior_shift,42,1.0,-0.307664511838249,0.42,0.4962228517469311
nfix,pond,NTP,500,prior_shift,43,1.0,0.1352531922668655,0.53,0.4962228517469311
nfix,pond,NTP,500,prior_shift,44,1.0,-0.5085374317702499,0.372,0.4962228517469311
nfix,pond,NTP,500,prior_shift,45,1.0,0.2725208885738265,0.564,0.4962228517469311
nfix,pond,NTP,500,prior_shift,46,1.0,-0.24230312772422247,0.436,0.4962228517469311
nfix,pond,NTP,500,prior_shift,47,1.0,-0.37371690867939744,0.404,0.4962228517469311
nfix,pond,NTP,500,prior_shift,48,1.0,-0.41542019634657845,0.394,0.4962228517469311
nfix,pond,NTP,500,prior_shift,49,1.0,-0.5776591148275211,0.356,0.4962228517469311
nfix,pond,NTP,500,prior_shift,50,1.0,-0.357130580055042,0.408,0.4962228517469311
nfix,pond,NTP,500,prior_shift,51,1.0,-0.13718478865524336,0.462,0.4962228517469311
nfix,pond,NTP,500,prior_shift,52,1.0,-0.17748422669098218,0.452,0.4962228517469311
nfix,pond,NTP,500,prior_shift,53,1.0,-0.21794019987881066,0.442,0.4962228517469311
nfix,pond,NTP,500,prior_shift,54,1.0,-0.26674227171618564,0.43,0.4962228517469311
nfix,pond,NTP,500,prior_shift,55,1.0,-0.36541727933611007,0.406,0.4962228517469311
nfix,pond,NTP,500,prior_shift,56,1.0,-0.29126532503913144,0.424,0.4962228517469311
nfix,pond,NTP,500,prior_shift,57,1.0,-0.0008914609216390101,0.496,0.4962228517469311
nfix,pond,NTP,500,prior_shift,58,1.0,-0.44904867825750944,0.386,0.4962228517469311
nfix,pond,NTP,500,prior_shift,59,1.0,-0.18556181503734898,0.45,0.4962228517469311
nfix,pond,NTP,500,prior_shift,60,1.0,-0.26674227171618564,0.43,0.4962228517469311
nfix,pond,NTP,500,prior_shift,61,1.0,-0.11306631299919538,0.468,0.4962228517469311
nfix,pond,NTP,500,prior_shift,62,1.0,-0.5429358152785794,0.364,0.4962228517469311
nfix,pond,NTP,500,prior_shift,63,1.0,-0.06493382724873435,0.48,0.4962228517469311
nfix,pond,NTP,500,prior_shift,64,1.0,-0.03290033876155852,0.488,0.4962228517469311
nfix,pond,NTP,500,prior_shift,65,1.0,-0.16941289727875486,0.454,0.4962228517469311
nfix,pond,NTP,500,prior_shift,66,1.0,-0.2830811696253939,0.426,0.4962228517469311
nfix,pond,NTP,500,prior_shift,67,1.0,0.08714000863368496,0.518,0.4962228517469311
nfix,pond,NTP,500,prior_shift,68,1.0,-0.3986965595995811,0.398,0.4962228517469311
nfix,pond,NTP,500,prior_shift,69,1.0,0.023108923091878418,0.502,0.4962228517469311
nfix,pond,NTP,500,prior_shift,70,1.0,-0.26674227171618564,0.43,0.4962228517469311
nfix,pond,NTP,500,prior_shift,71,1.0,-0.5776591148275211,0.356,0.4962228517469311
nfix,pond,NTP,500,prior_shift,72,1.0,0.031109221771243284,0.504,0.4962228517469311
nfix,pond,NTP,500,prior_shift,73,1.0,-0.2585869500522389,0.432,0.4962228517469311
nfix,pond,NTP,500,prior_shift,74,1.0,-0.37371690867939744,0.404,0.4962228517469311
nfix,pond,NTP,500,prior_shift,75,1.0,0.1352531922668655,0.53,0.4962228517469311
nfix,pond,NTP,500,prior_shift,76,1.0,-0.38202978490680845,0.402,0.4962228517469311
nfix,pond,NTP,500,prior_shift,77,1.0,-0.024896454188897056,0.49,0.4962228517469311
nfix,pond,NTP,500,prior_shift,78,1.0,-0.05692224778408068,0.482,0.4962228517469311
nfix,pond,NTP,500,prior_shift,79,1.0,-0.357130580055042,0.408,0.4962228517469311
nfix,pond,NTP,500,prior_shift,80,1.0,0.16740254950484784,0.538,0.4962228517469311
nfix,pond,NTP,500,prior_shift,81,1.0,0.3296774350611676,0.578,0.4962228517469311
nfix,pond,NTP,500,prior_shift,82,1.0,-0.517107933322506,0.37,0.4962228517469311
nfix,pond,NTP,500,prior_shift,83,1.0,-0.29126532503913144,0.424,0.4962228517469311
nfix,pond,NTP,500,prior_shift,84,1.0,-0.16941289727875486,0.454,0.4962228517469311
nfix,pond,NTP,500,prior_shift,85,1.0,0.28065842452758,0.566,0.4962228517469311
nfix,pond,NTP,500,prior_shift,86,1.0,-0.274906915373199,0.428,0.4962228517469311
nfix,pond,NTP,500,prior_shift,87,1.0,-0.21794019987881066,0.442,0.4962228517469311
nfix,pond,NTP,500,prior_shift,88,1.0,-0.5689464368644588,0.358,0.4962228517469311
nfix,pond,NTP,500,prior_shift,89,1.0,-0.31588013478187943,0.418,0.4962228517469311
nfix,pond,NTP,500,prior_shift,90,1.0,-0.44061806246425045,0.388,0.4962228517469311
nfix,pond,NTP,500,prior_shift,91,1.0,-0.193645933437308,0.448,0.4962228517469311
nfix,pond,NTP,500,prior_shift,92,1.0,-0.6660621090884273,0.336,0.4962228517469311
nfix,pond,NTP,500,prior_shift,93,1.0,-0.5515851910942167,0.362,0.4962228517469311
nfix,pond,NTP,500,prior_shift,94,1.0,-0.16941289727875486,0.454,0.4962228517469311
nfix,pond,NTP,500,prior_shift,95,1.0,0.08714000863368496,0.518,0.4962228517469311
nfix,pond,NTP,500,prior_shift,96,1.0,0.22386369428691247,0.552,0.4962228517469311
nfix,pond,NTP,500,prior_shift,97,1.0,0.007108837757725859,0.498,0.4962228517469311
nfix,pond,NTP,500,prior_shift,98,1.0,-0.11306631299919538,0.468,0.4962228517469311
nfix,pond,NTP,500,prior_shift,99,1.0,-0.274906915373199,0.428,0.4962228517469311
nfix,pond,Probe,1000,prior_shift,0,1.0,-0.31588013478187943,0.418,0.4962228517469311
nfix,pond,Probe,1000,prior_shift,1,1.0,-0.4364087351283468,0.389,0.4962228517469311
nfix,pond,Probe,1000,prior_shift,2,1.0,-0.0008914609216390101,0.496,0.4962228517469311
nfix,pond,Probe,1000,prior_shift,3,1.0,-0.8561135660476468,0.295,0.4962228517469311
nfix,pond,Probe,1000,prior_shift,4,1.0,0.3214830858887354,0.576,0.4962228517469311
nfix,pond,Probe,1000,prior_shift,5,1.0,-0.4196102987654348,0.393,0.4962228517469311
nfix,pond,Probe,1000,prior_shift,6,1.0,-0.3861912903840779,0.401,0.4962228517469311
nfix,pond,Probe,1000,prior_shift,7,1.0,0.04711161151097595,0.508,0.4962228517469311
nfix,pond,Probe,1000,prior_shift,8,1.0,-0.22605317639208594,0.44,0.4962228517469311
nfix,pond,Probe,1000,prior_shift,9,1.0,-0.39035622768336214,0.4,0.4962228517469311
nfix,pond,Probe,1000,prior_shift,10,1.0,-0.20983485139355545,0.444,0.4962228517469311
nfix,pond,Probe,1000,prior_shift,11,1.0,0.0031087364216916477,0.497,0.4962228517469311
nfix,pond,Probe,1000,prior_shift,12,1.0,-0.491452344554731,0.376,0.4962228517469311
nfix,pond,Probe,1000,prior_shift,13,1.0,0.027109024427912628,0.503,0.4962228517469311
nfix,pond,Probe,1000,prior_shift,14,1.0,-0.4871924509146403,0.377,0.4962228517469311
nfix,pond,Probe,1000,prior_shift,15,1.0,0.19156531776635882,0.544,0.4962228517469311
nfix,pond,Probe,1000,prior_shift,16,1.0,-0.14523376965037715,0.46,0.4962228517469311
nfix,pond,Probe,1000,prior_shift,17,1.0,-0.5820236468955545,0.355,0.4962228517469311
nfix,pond,Probe,1000,prior_shift,18,1.0,-0.22199571728345102,0.441,0.4962228517469311
nfix,pond,Probe,1000,prior_shift,19,1.0,-0.33646834644226165,0.413,0.4962228517469311
nfix,pond,Probe,1000,prior_shift,20,1.0,0.22790828733356827,0.553,0.4962228517469311
nfix,pond,Probe,1000,prior_shift,21,1.0,-0.6795386755103776,0.333,0.4962228517469311
nfix,pond,Probe,1000,prior_shift,22,1.0,0.15131908525935123,0.534,0.4962228517469311
nfix,pond,Probe,1000,prior_shift,23,1.0,-0.6885568043263632,0.331,0.4962228517469311
nfix,pond,Probe,1000,prior_shift,24,1.0,0.11118271051442438,0.524,0.4962228517469311
nfix,pond,Probe,1000,prior_shift,25,1.0,-0.3488564967766096,0.41,0.4962228517469311
nfix,pond,Probe,1000,prior_shift,26,1.0,-0.16941289727875486,0.454,0.4962228517469311
nfix,pond,Probe,1000,prior_shift,27,1.0,-0.504259240564303,0.373,0.4962228517469311
nfix,pond,Probe,1000,prior_shift,28,1.0,-0.18556181503734898,0.45,0.4962228517469311
nfix,pond,Probe,1000,prior_shift,29,1.0,-0.1412086474875464,0.461,0.4962228517469311
nfix,pond,Probe,1000,prior_shift,30,1.0,0.2562709372416904,0.56,0.4962228517469311
nfix,pond,Probe,1000,prior_shift,31,1.0,-0.4999856932607644,0.374,0.4962228517469311
nfix,pond,Probe,1000,prior_shift,32,1.0,-0.16941289727875486,0.454,0.4962228517469311
nfix,pond,Probe,1000,prior_shift,33,1.0,-0.26674227171618564,0.43,0.4962228517469311
nfix,pond,Probe,1000,prior_shift,34,1.0,-0.16941289727875486,0.454,0.4962228517469311
nfix,pond,Probe,1000,prior_shift,35,1.0,-0.193645933437308,0.448,0.4962228517469311
nfix,pond,Probe,1000,prior_shift,36,1.0,-0.08898501061783132,0.474,0.4962228517469311
nfix,pond,Probe,1000,prior_shift,37,1.0,-0.357130580055042,0.408,0.4962228517469311
nfix,pond,Probe,1000,prior_shift,38,1.0,-0.3612723331303284,0.407,0.4962228517469311
nfix,pond,Probe,1000,prior_shift,39,1.0,-0.6481853369854619,0.34,0.4962228517469311
nfix,pond,Probe,1000,prior_shift,40,1.0,-0.10905037237085743,0.469,0.4962228517469311
nfix,pond,Probe,1000,prior_shift,41,1.0,-0.18556181503734898,0.45,0.4962228517469311
nfix,pond,Probe,1000,prior_shift,42,1.0,-0.18152222158205011,0.451,0.4962228517469311
nfix,pond,Probe,1000,prior_shift,43,1.0,0.19559725613709594,0.545,0.4962228517469311
nfix,pond,Probe,1000,prior_shift,44,1.0,-0.47868599642625026,0.379,0.4962228517469311
nfix,pond,Probe,1000,prior_shift,45,1.0,0.12321404047423161,0.527,0.4962228517469311
nfix,pond,Probe,1000,prior_shift,46,1.0,-0.36541727933611007,0.406,0.4962228517469311
nfix,pond,Probe,1000,prior_shift,47,1.0,-0.24637081963295476,0.435,0.4962228517469311
nfix,pond,Probe,1000,prior_shift,48,1.0,-0.357130580055042,0.408,0.4962228517469311
nfix,pond,Probe,1000,prior_shift,49,1.0,-0.5515851910942167,0.362,0.4962228517469311
nfix,pond,Probe,1000,prior_shift,50,1.0,-0.31588013478187943,0.418,0.4962228517469311
nfix,pond,Probe,1000,prior_shift,51,1.0,-0.08497457813218048,0.475,0.4962228517469311
nfix,pond,Probe,1000,prior_shift,52,1.0,-0.13718478865524336,0.462,0.4962228517469311
nfix,pond,Probe,1000,prior_shift,53,1.0,-0.21794019987881066,0.442,0.4962228517469311
nfix,pond,Probe,1000,prior_shift,54,1.0,-0.27899282306131296,0.427,0.4962228517469311
nfix,pond,Probe,1000,prior_shift,55,1.0,-0.16134755691675434,0.456,0.4962228517469311
nfix,pond,Probe,1000,prior_shift,56,1.0,-0.23823755261929808,0.437,0.4962228517469311
nfix,pond,Probe,1000,prior_shift,57,1.0,-0.07294797496638068,0.478,0.4962228517469311
nfix,pond,Probe,1000,prior_shift,58,1.0,-0.517107933322506,0.37,0.4962228517469311
nfix,pond,Probe,1000,prior_shift,59,1.0,-0.35299198093849443,0.409,0.4962228517469311
nfix,pond,Probe,1000,prior_shift,60,1.0,-0.2953612070370195,0.423,0.4962228517469311
nfix,pond,Probe,1000,prior_shift,61,1.0,0.05511421503850133,0.51,0.4962228517469311
nfix,pond,Probe,1000,prior_shift,62,1.0,-0.5689464368644588,0.358,0.4962228517469311
nfix,pond,Probe,1000,prior_shift,63,1.0,-0.0809649496648201,0.476,0.4962228517469311
nfix,pond,Probe,1000,prior_shift,64,1.0,-0.1412086474875464,0.461,0.4962228517469311
nfix,pond,Probe,1000,prior_shift,65,1.0,-0.21388658945734623,0.443,0.4962228517469311
nfix,pond,Probe,1000,prior_shift,66,1.0,-0.3199920841268889,0.417,0.4962228517469311
nfix,pond,Probe,1000,prior_shift,67,1.0,-0.016893850661371675,0.492,0.4962228517469311
nfix,pond,Probe,1000,prior_shift,68,1.0,-0.5995376128134221,0.351,0.4962228517469311
nfix,pond,Probe,1000,prior_shift,69,1.0,0.0631180996111628,0.512,0.4962228517469311
nfix,pond,Probe,1000,prior_shift,70,1.0,-0.16537949528749146,0.455,0.4962228517469311
nfix,pond,Probe,1000,prior_shift,71,1.0,-0.4957167433411886,0.375,0.4962228517469311
nfix,pond,Probe,1000,prior_shift,72,1.0,-0.04490912930145086,0.485,0.4962228517469311
nfix,pond,Probe,1000,prior_shift,73,1.0,-0.2545126953004601,0.433,0.4962228517469311
nfix,pond,Probe,1000,prior_shift,74,1.0,-0.37371690867939744,0.404,0.4962228517469311
nfix,pond,Probe,1000,prior_shift,75,1.0,0.17545153049998166,0.54,0.4962228517469311
nfix,pond,Probe,1000,prior_shift,76,1.0,-0.32822444657635613,0.415,0.4962228517469311
nfix,pond,Probe,1000,prior_shift,77,1.0,-0.12110132440974673,0.466,0.4962228517469311
nfix,pond,Probe,1000,prior_shift,78,1.0,0.019108885758148276,0.501,0.4962228517469311
nfix,pond,Probe,1000,prior_shift,79,1.0,-0.5689464368644588,0.358,0.4962228517469311
nfix,pond,Probe,1000,prior_shift,80,1.0,0.17947794921073865,0.541,0.4962228517469311
nfix,pond,Probe,1000,prior_shift,81,1.0,0.2562709372416904,0.56,0.4962228517469311
nfix,pond,Probe,1000,prior_shift,82,1.0,-0.5559176156198518,0.361,0.4962228517469311
nfix,pond,Probe,1000,prior_shift,83,1.0,-0.173447796514145,0.453,0.4962228517469311
nfix,pond,Probe,1000,prior_shift,84,1.0,-0.13316215999782838,0.463,0.4962228517469311
nfix,pond,Probe,1000,prior_shift,85,1.0,0.2643918199420473,0.562,0.4962228517469311
nfix,pond,Probe,1000,prior_shift,86,1.0,-0.33646834644226165,0.413,0.4962228517469311
nfix,pond,Probe,1000,prior_shift,87,1.0,-0.10102145741707959,0.471,0.4962228517469311
nfix,pond,Probe,1000,prior_shift,88,1.0,-0.46595896842631346,0.382,0.4962228517469311
nfix,pond,Probe,1000,prior_shift,89,1.0,-0.517107933322506,0.37,0.4962228517469311
nfix,pond,Probe,1000,prior_shift,90,1.0,-0.6127332017273766,0.348,0.4962228517469311
nfix,pond,Probe,1000,prior_shift,91,1.0,-0.16134755691675434,0.456,0.4962228517469311
nfix,pond,Probe,1000,prior_shift,92,1.0,-0.8705814110006359,0.292,0.4962228517469311
nfix,pond,Probe,1000,prior_shift,93,1.0,-0.470197017133093,0.381,0.4962228517469311
nfix,pond,Probe,1000,prior_shift,94,1.0,-0.10102145741707959,0.471,0.4962228517469311
nfix,pond,Probe,1000,prior_shift,95,1.0,0.28065842452758,0.566,0.4962228517469311
nfix,pond,Probe,1000,prior_shift,96,1.0,0.1553382217334525,0.535,0.4962228517469311
nfix,pond,Probe,1000,prior_shift,97,1.0,0.011108875091456,0.499,0.4962228517469311
nfix,pond,Probe,1000,prior_shift,98,1.0,-0.04891297834012894,0.484,0.4962228517469311
nfix,pond,Probe,1000,prior_shift,99,1.0,-0.20983485139355545,0.444,0.4962228517469311
nfix,pond,NTP,1000,prior_shift,0,1.0,-0.31588013478187943,0.418,0.4962228517469311
nfix,pond,NTP,1000,prior_shift,1,1.0,-0.4364087351283468,0.389,0.4962228517469311
nfix,pond,NTP,1000,prior_shift,2,1.0,-0.0008914609216390101,0.496,0.4962228517469311
nfix,pond,NTP,1000,prior_shift,3,1.0,-0.8561135660476468,0.295,0.4962228517469311
nfix,pond,NTP,1000,prior_shift,4,1.0,0.3214830858887354,0.576,0.4962228517469311
nfix,pond,NTP,1000,prior_shift,5,1.0,-0.4196102987654348,0.393,0.4962228517469311
nfix,pond,NTP,1000,prior_shift,6,1.0,-0.3861912903840779,0.401,0.4962228517469311
nfix,pond,NTP,1000,prior_shift,7,1.0,0.04711161151097595,0.508,0.4962228517469311
nfix,pond,NTP,1000,prior_shift,8,1.0,-0.22605317639208594,0.44,0.4962228517469311
nfix,pond,NTP,1000,prior_shift,9,1.0,-0.39035622768336214,0.4,0.4962228517469311
nfix,pond,NTP,1000,prior_shift,10,1.0,-0.20983485139355545,0.444,0.4962228517469311
nfix,pond,NTP,1000,prior_shift,11,1.0,0.0031087364216916477,0.497,0.4962228517469311
nfix,pond,NTP,1000,prior_shift,12,1.0,-0.491452344554731,0.376,0.4962228517469311
nfix,pond,NTP,1000,prior_shift,13,1.0,0.027109024427912628,0.503,0.4962228517469311
nfix,pond,NTP,1000,prior_shift,14,1.0,-0.4871924509146403,0.377,0.4962228517469311
nfix,pond,NTP,1000,prior_shift,15,1.0,0.19156531776635882,0.544,0.4962228517469311
nfix,pond,NTP,1000,prior_shift,16,1.0,-0.14523376965037715,0.46,0.4962228517469311
nfix,pond,NTP,1000,prior_shift,17,1.0,-0.5820236468955545,0.355,0.4962228517469311
nfix,pond,NTP,1000,prior_shift,18,1.0,-0.22199571728345102,0.441,0.4962228517469311
nfix,pond,NTP,1000,prior_shift,19,1.0,-0.33646834644226165,0.413,0.4962228517469311
nfix,pond,NTP,1000,prior_shift,20,1.0,0.22790828733356827,0.553,0.4962228517469311
nfix,pond,NTP,1000,prior_shift,21,1.0,-0.6795386755103776,0.333,0.4962228517469311
nfix,pond,NTP,1000,prior_shift,22,1.0,0.15131908525935123,0.534,0.4962228517469311
nfix,pond,NTP,1000,prior_shift,23,1.0,-0.6885568043263632,0.331,0.4962228517469311
nfix,pond,NTP,1000,prior_shift,24,1.0,0.11118271051442438,0.524,0.4962228517469311
nfix,pond,NTP,1000,prior_shift,25,1.0,-0.3488564967766096,0.41,0.4962228517469311
nfix,pond,NTP,1000,prior_shift,26,1.0,-0.16941289727875486,0.454,0.4962228517469311
nfix,pond,NTP,1000,prior_shift,27,1.0,-0.504259240564303,0.373,0.4962228517469311
nfix,pond,NTP,1000,prior_shift,28,1.0,-0.18556181503734898,0.45,0.4962228517469311
nfix,pond,NTP,1000,prior_shift,29,1.0,-0.1412086474875464,0.461,0.4962228517469311
nfix,pond,NTP,1000,prior_shift,30,1.0,0.2562709372416904,0.56,0.4962228517469311
nfix,pond,NTP,1000,prior_shift,31,1.0,-0.4999856932607644,0.374,0.4962228517469311
nfix,pond,NTP,1000,prior_shift,32,1.0,-0.16941289727875486,0.454,0.4962228517469311
nfix,pond,NTP,1000,prior_shift,33,1.0,-0.26674227171618564,0.43,0.4962228517469311
nfix,pond,NTP,1000,prior_shift,34,1.0,-0.16941289727875486,0.454,0.4962228517469311
nfix,pond,NTP,1000,prior_shift,35,1.0,-0.193645933437308,0.448,0.4962228517469311
nfix,pond,NTP,1000,prior_shift,36,1.0,-0.08898501061783132,0.474,0.4962228517469311
nfix,pond,NTP,1000,prior_shift,37,1.0,-0.357130580055042,0.408,0.4962228517469311
nfix,pond,NTP,1000,prior_shift,38,1.0,-0.3612723331303284,0.407,0.4962228517469311
nfix,pond,NTP,1000,prior_shift,39,1.0,-0.6481853369854619,0.34,0.4962228517469311
nfix,pond,NTP,1000,prior_shift,40,1.0,-0.10905037237085743,0.469,0.4962228517469311
nfix,pond,NTP,1000,prior_shift,41,1.0,-0.18556181503734898,0.45,0.4962228517469311
nfix,pond,NTP,1000,prior_shift,42,1.0,-0.18152222158205011,0.451,0.4962228517469311
nfix,pond,NTP,1000,prior_shift,43,1.0,0.19559725613709594,0.545,0.4962228517469311
nfix,pond,NTP,1000,prior_shift,44,1.0,-0.47868599642625026,0.379,0.4962228517469311
nfix,pond,NTP,1000,prior_shift,45,1.0,0.12321404047423161,0.527,0.4962228517469311
nfix,pond,NTP,1000,prior_shift,46,1.0,-0.36541727933611007,0.406,0.4962228517469311
nfix,pond,NTP,1000,prior_shift,47,1.0,-0.24637081963295476,0.435,0.4962228517469311
nfix,pond,NTP,1000,prior_shift,48,1.0,-0.357130580055042,0.408,0.4962228517469311
nfix,pond,NTP,1000,prior_shift,49,1.0,-0.5515851910942167,0.362,0.4962228517469311
nfix,pond,NTP,1000,prior_shift,50,1.0,-0.31588013478187943,0.418,0.4962228517469311
nfix,pond,NTP,1000,prior_shift,51,1.0,-0.08497457813218048,0.475,0.4962228517469311
nfix,pond,NTP,1000,prior_shift,52,1.0,-0.13718478865524336,0.462,0.4962228517469311
nfix,pond,NTP,1000,prior_shift,53,1.0,-0.21794019987881066,0.442,0.4962228517469311
nfix,pond,NTP,1000,prior_shift,54,1.0,-0.27899282306131296,0.427,0.4962228517469311
nfix,pond,NTP,1000,prior_shift,55,1.0,-0.16134755691675434,0.456,0.4962228517469311
nfix,pond,NTP,1000,prior_shift,56,1.0,-0.23823755261929808,0.437,0.4962228517469311
nfix,pond,NTP,1000,prior_shift,57,1.0,-0.07294797496638068,0.478,0.4962228517469311
nfix,pond,NTP,1000,prior_shift,58,1.0,-0.517107933322506,0.37,0.4962228517469311
nfix,pond,NTP,1000,prior_shift,59,1.0,-0.35299198093849443,0.409,0.4962228517469311
nfix,pond,NTP,1000,prior_shift,60,1.0,-0.2953612070370195,0.423,0.4962228517469311
nfix,pond,NTP,1000,prior_shift,61,1.0,0.05511421503850133,0.51,0.4962228517469311
nfix,pond,NTP,1000,prior_shift,62,1.0,-0.5689464368644588,0.358,0.4962228517469311
nfix,pond,NTP,1000,prior_shift,63,1.0,-0.0809649496648201,0.476,0.4962228517469311
nfix,pond,NTP,1000,prior_shift,64,1.0,-0.1412086474875464,0.461,0.4962228517469311
nfix,pond,NTP,1000,prior_shift,65,1.0,-0.21388658945734623,0.443,0.4962228517469311
nfix,pond,NTP,1000,prior_shift,66,1.0,-0.3199920841268889,0.417,0.4962228517469311
nfix,pond,NTP,1000,prior_shift,67,1.0,-0.016893850661371675,0.492,0.4962228517469311
nfix,pond,NTP,1000,prior_shift,68,1.0,-0.5995376128134221,0.351,0.4962228517469311
nfix,pond,NTP,1000,prior_shift,69,1.0,0.0631180996111628,0.512,0.4962228517469311
nfix,pond,NTP,1000,prior_shift,70,1.0,-0.16537949528749146,0.455,0.4962228517469311
nfix,pond,NTP,1000,prior_shift,71,1.0,-0.4957167433411886,0.375,0.4962228517469311
nfix,pond,NTP,1000,prior_shift,72,1.0,-0.04490912930145086,0.485,0.4962228517469311
nfix,pond,NTP,1000,prior_shift,73,1.0,-0.2545126953004601,0.433,0.4962228517469311
nfix,pond,NTP,1000,prior_shift,74,1.0,-0.37371690867939744,0.404,0.4962228517469311
nfix,pond,NTP,1000,prior_shift,75,1.0,0.17545153049998166,0.54,0.4962228517469311
nfix,pond,NTP,1000,prior_shift,76,1.0,-0.32822444657635613,0.415,0.4962228517469311
nfix,pond,NTP,1000,prior_shift,77,1.0,-0.12110132440974673,0.466,0.4962228517469311
nfix,pond,NTP,1000,prior_shift,78,1.0,0.019108885758148276,0.501,0.4962228517469311
nfix,pond,NTP,1000,prior_shift,79,1.0,-0.5689464368644588,0.358,0.4962228517469311
nfix,pond,NTP,1000,prior_shift,80,1.0,0.17947794921073865,0.541,0.4962228517469311
nfix,pond,NTP,1000,prior_shift,81,1.0,0.2562709372416904,0.56,0.4962228517469311
nfix,pond,NTP,1000,prior_shift,82,1.0,-0.5559176156198518,0.361,0.4962228517469311
nfix,pond,NTP,1000,prior_shift,83,1.0,-0.173447796514145,0.453,0.4962228517469311
nfix,pond,NTP,1000,prior_shift,84,1.0,-0.13316215999782838,0.463,0.4962228517469311
nfix,pond,NTP,1000,prior_shift,85,1.0,0.2643918199420473,0.562,0.4962228517469311
nfix,pond,NTP,1000,prior_shift,86,1.0,-0.33646834644226165,0.413,0.4962228517469311
nfix,pond,NTP,1000,prior_shift,87,1.0,-0.10102145741707959,0.471,0.4962228517469311
nfix,pond,NTP,1000,prior_shift,88,1.0,-0.46595896842631346,0.382,0.4962228517469311
nfix,pond,NTP,1000,prior_shift,89,1.0,-0.517107933322506,0.37,0.4962228517469311
nfix,pond,NTP,1000,prior_shift,90,1.0,-0.6127332017273766,0.348,0.4962228517469311
nfix,pond,NTP,1000,prior_shift,91,1.0,-0.16134755691675434,0.456,0.4962228517469311
nfix,pond,NTP,1000,prior_shift,92,1.0,-0.8705814110006359,0.292,0.4962228517469311
nfix,pond,NTP,1000,prior_shift,93,1.0,-0.470197017133093,0.381,0.4962228517469311
nfix,pond,NTP,1000,prior_shift,94,1.0,-0.10102145741707959,0.471,0.4962228517469311
nfix,pond,NTP,1000,prior_shift,95,1.0,0.28065842452758,0.566,0.4962228517469311
nfix,pond,NTP,1000,prior_shift,96,1.0,0.1553382217334525,0.535,0.4962228517469311
nfix,pond,NTP,1000,prior_shift,97,1.0,0.011108875091456,0.499,0.4962228517469311
nfix,pond,NTP,1000,prior_shift,98,1.0,-0.04891297834012894,0.484,0.4962228517469311
nfix,pond,NTP,1000,prior_shift,99,1.0,-0.20983485139355545,0.444,0.4962228517469311
nfix,nfix,Probe,10,prior_shift,0,1.0,-0.8321889799624015,0.3,0.4962228517469311
nfix,nfix,Probe,10,prior_shift,1,1.0,-0.8321889799624015,0.3,0.4962228517469311
nfix,nfix,Probe,10,prior_shift,2,1.0,-2.182115696911417,0.1,0.4962228517469311
nfix,nfix,Probe,10,prior_shift,3,1.0,-2.182115696911417,0.1,0.4962228517469311
nfix,nfix,Probe,10,prior_shift,4,1.0,-0.8321889799624015,0.3,0.4962228517469311
nfix,nfix,Probe,10,prior_shift,5,1.0,-0.8321889799624015,0.3,0.4962228517469311
nfix,nfix,Probe,10,prior_shift,6,1.0,-1.3711854806950885,0.2,0.4962228517469311
nfix,nfix,Probe,10,prior_shift,7,1.0,-0.8321889799624015,0.3,0.4962228517469311
nfix,nfix,Probe,10,prior_shift,8,1.0,-2.182115696911417,0.1,0.4962228517469311
nfix,nfix,Probe,10,prior_shift,9,1.0,0.015108880424802138,0.5,0.4962228517469311
nfix,nfix,Probe,10,prior_shift,10,1.0,-0.8321889799624015,0.3,0.4962228517469311
nfix,nfix,Probe,10,prior_shift,11,1.0,-0.39035622768336214,0.4,0.4962228517469311
nfix,nfix,Probe,10,prior_shift,12,1.0,-0.39035622768336214,0.4,0.4962228517469311
nfix,nfix,Probe,10,prior_shift,13,1.0,-2.182115696911417,0.1,0.4962228517469311
nfix,nfix,Probe,10,prior_shift,14,1.0,-0.8321889799624015,0.3,0.4962228517469311
nfix,nfix,Probe,10,prior_shift,15,1.0,-2.182115696911417,0.1,0.4962228517469311
nfix,nfix,Probe,10,prior_shift,16,1.0,-0.8321889799624015,0.3,0.4962228517469311
nfix,nfix,Probe,10,prior_shift,17,1.0,-1.3711854806950885,0.2,0.4962228517469311
nfix,nfix,Probe,10,prior_shift,18,1.0,-0.39035622768336214,0.4,0.4962228517469311
nfix,nfix,Probe,10,prior_shift,19,1.0,-1.3711854806950885,0.2,0.4962228517469311
nfix,nfix,Probe,10,prior_shift,20,1.0,-0.39035622768336214,0.4,0.4962228517469311
nfix,nfix,Probe,10,prior_shift,22,1.0,-2.182115696911417,0.1,0.4962228517469311
nfix,nfix,Probe,10,prior_shift,23,1.0,-0.39035622768336214,0.4,0.4962228517469311
nfix,nfix,Probe,10,prior_shift,24,1.0,-1.3711854806950885,0.2,0.4962228517469311
nfix,nfix,Probe,10,prior_shift,25,1.0,-0.8321889799624015,0.3,0.4962228517469311
nfix,nfix,Probe,10,prior_shift,26,1.0,-1.3711854806950885,0.2,0.4962228517469311
nfix,nfix,Probe,10,prior_shift,27,1.0,-2.182115696911417,0.1,0.4962228517469311
nfix,nfix,Probe,10,prior_shift,28,1.0,-1.3711854806950885,0.2,0.4962228517469311
nfix,nfix,Probe,10,prior_shift,29,1.0,-0.8321889799624015,0.3,0.4962228517469311
nfix,nfix,Probe,10,prior_shift,30,1.0,-1.3711854806950885,0.2,0.4962228517469311
nfix,nfix,Probe,10,prior_shift,31,1.0,-0.8321889799624015,0.3,0.4962228517469311
nfix,nfix,Probe,10,prior_shift,32,1.0,-1.3711854806950885,0.2,0.4962228517469311
nfix,nfix,Probe,10,prior_shift,33,1.0,-0.39035622768336214,0.4,0.4962228517469311
nfix,nfix,Probe,10,prior_shift,34,1.0,-0.8321889799624015,0.3,0.4962228517469311
nfix,nfix,Probe,10,prior_shift,35,1.0,-0.39035622768336214,0.4,0.4962228517469311
nfix,nfix,Probe,10,prior_shift,36,1.0,-0.39035622768336214,0.4,0.4962228517469311
nfix,nfix,Probe,10,prior_shift,38,1.0,-0.8321889799624015,0.3,0.4962228517469311
nfix,nfix,Probe,10,prior_shift,39,1.0,-0.39035622768336214,0.4,0.4962228517469311
nfix,nfix,Probe,10,prior_shift,40,1.0,-2.182115696911417,0.1,0.4962228517469311
nfix,nfix,Probe,10,prior_shift,41,1.0,-0.8321889799624015,0.3,0.4962228517469311
nfix,nfix,Probe,10,prior_shift,42,1.0,-0.8321889799624015,0.3,0.4962228517469311
nfix,nfix,Probe,10,prior_shift,43,1.0,0.015108880424802138,0.5,0.4962228517469311
nfix,nfix,Probe,10,prior_shift,44,1.0,-0.39035622768336214,0.4,0.4962228517469311
nfix,nfix,Probe,10,prior_shift,45,1.0,-2.182115696911417,0.1,0.4962228517469311
nfix,nfix,Probe,10,prior_shift,46,1.0,-0.8321889799624015,0.3,0.4962228517469311
nfix,nfix,Probe,10,prior_shift,47,1.0,-1.3711854806950885,0.2,0.4962228517469311
nfix,nfix,Probe,10,prior_shift,48,1.0,-1.3711854806950885,0.2,0.4962228517469311
nfix,nfix,Probe,10,prior_shift,49,1.0,-2.182115696911417,0.1,0.4962228517469311
nfix,nfix,Probe,10,prior_shift,50,1.0,0.015108880424802138,0.5,0.4962228517469311
nfix,nfix,Probe,10,prior_shift,51,1.0,-0.39035622768336214,0.4,0.4962228517469311
nfix,nfix,Probe,10,prior_shift,52,1.0,-1.3711854806950885,0.2,0.4962228517469311
nfix,nfix,Probe,10,prior_shift,53,1.0,2.2123334577610216,0.9,0.4962228517469311
nfix,nfix,Probe,10,prior_shift,54,1.0,-0.8321889799624015,0.3,0.4962228517469311
nfix,nfix,Probe,10,prior_shift,55,1.0,-2.182115696911417,0.1,0.4962228517469311
nfix,nfix,Probe,10,prior_shift,56,1.0,-0.8321889799624015,0.3,0.4962228517469311
nfix,nfix,Probe,10,prior_shift,57,1.0,-0.39035622768336214,0.4,0.4962228517469311
nfix,nfix,Probe,10,prior_shift,58,1.0,-0.39035622768336214,0.4,0.4962228517469311
nfix,nfix,Probe,10,prior_shift,59,1.0,0.4205739885329664,0.6,0.4962228517469311
nfix,nfix,Probe,10,prior_shift,60,1.0,-0.8321889799624015,0.3,0.4962228517469311
nfix,nfix,Probe,10,prior_shift,61,1.0,-1.3711854806950885,0.2,0.4962228517469311
nfix,nfix,Probe,10,prior_shift,62,1.0,-0.8321889799624015,0.3,0.4962228517469311
nfix,nfix,Probe,10,prior_shift,63,1.0,-1.3711854806950885,0.2,0.4962228517469311
nfix,nfix,Probe,10,prior_shift,64,1.0,-0.8321889799624015,0.3,0.4962228517469311
nfix,nfix,Probe,10,prior_shift,65,1.0,0.015108880424802138,0.5,0.4962228517469311
nfix,nfix,Probe,10,prior_shift,67,1.0,-1.3711854806950885,0.2,0.4962228517469311
nfix,nfix,Probe,10,prior_shift,68,1.0,-1.3711854806950885,0.2,0.4962228517469311
nfix,nfix,Probe,10,prior_shift,69,1.0,-1.3711854806950885,0.2,0.4962228517469311
nfix,nfix,Probe,10,prior_shift,70,1.0,-2.182115696911417,0.1,0.4962228517469311
nfix,nfix,Probe,10,prior_shift,71,1.0,-0.39035622768336214,0.4,0.4962228517469311
nfix,nfix,Probe,10,prior_shift,72,1.0,-1.3711854806950885,0.2,0.4962228517469311
nfix,nfix,Probe,10,prior_shift,73,1.0,-1.3711854806950885,0.2,0.4962228517469311
nfix,nfix,Probe,10,prior_shift,74,1.0,-2.182115696911417,0.1,0.4962228517469311
nfix,nfix,Probe,10,prior_shift,75,1.0,-2.182115696911417,0.1,0.4962228517469311
nfix,nfix,Probe,10,prior_shift,76,1.0,-0.39035622768336214,0.4,0.4962228517469311
nfix,nfix,Probe,10,prior_shift,77,1.0,-1.3711854806950885,0.2,0.4962228517469311
nfix,nfix,Probe,10,prior_shift,78,1.0,-0.8321889799624015,0.3,0.4962228517469311
nfix,nfix,Probe,10,prior_shift,79,1.0,-0.8321889799624015,0.3,0.4962228517469311
nfix,nfix,Probe,10,prior_shift,80,1.0,-0.8321889799624015,0.3,0.4962228517469311
nfix,nfix,Probe,10,prior_shift,81,1.0,-0.39035622768336214,0.4,0.4962228517469311
nfix,nfix,Probe,10,prior_shift,82,1.0,-2.182115696911417,0.1,0.4962228517469311
nfix,nfix,Probe,10,prior_shift,83,1.0,-0.39035622768336214,0.4,0.4962228517469311
nfix,nfix,Probe,10,prior_shift,84,1.0,-0.8321889799624015,0.3,0.4962228517469311
nfix,nfix,Probe,10,prior_shift,85,1.0,-0.8321889799624015,0.3,0.4962228517469311
nfix,nfix,Probe,10,prior_shift,86,1.0,-1.3711854806950885,0.2,0.4962228517469311
nfix,nfix,Probe,10,prior_shift,87,1.0,-1.3711854806950885,0.2,0.4962228517469311
nfix,nfix,Probe,10,prior_shift,88,1.0,-0.39035622768336214,0.4,0.4962228517469311
nfix,nfix,Probe,10,prior_shift,89,1.0,-0.39035622768336214,0.4,0.4962228517469311
nfix,nfix,Probe,10,prior_shift,90,1.0,-0.8321889799624015,0.3,0.4962228517469311
nfix,nfix,Probe,10,prior_shift,91,1.0,-1.3711854806950885,0.2,0.4962228517469311
nfix,nfix,Probe,10,prior_shift,92,1.0,-0.39035622768336214,0.4,0.4962228517469311
nfix,nfix,Probe,10,prior_shift,93,1.0,0.015108880424802138,0.5,0.4962228517469311
nfix,nfix,Probe,10,prior_shift,94,1.0,-0.8321889799624015,0.3,0.4962228517469311
nfix,nfix,Probe,10,prior_shift,95,1.0,-0.39035622768336214,0.4,0.4962228517469311
nfix,nfix,Probe,10,prior_shift,96,1.0,-0.8321889799624015,0.3,0.4962228517469311
nfix,nfix,Probe,10,prior_shift,97,1.0,-0.39035622768336214,0.4,0.4962228517469311
nfix,nfix,Probe,10,prior_shift,98,1.0,-1.3711854806950885,0.2,0.4962228517469311
nfix,nfix,Probe,10,prior_shift,99,1.0,-2.182115696911417,0.1,0.4962228517469311
nfix,nfix,Probe,10,prior_shift,100,1.0,-2.182115696911417,0.1,0.4962228517469311
nfix,nfix,Probe,10,prior_shift,101,1.0,-2.182115696911417,0.1,0.4962228517469311
nfix,nfix,Probe,10,prior_shift,102,1.0,0.015108880424802138,0.5,0.4962228517469311
nfix,nfix,NTP,10,prior_shift,0,1.0,-0.8321889799624015,0.3,0.4962228517469311
nfix,nfix,NTP,10,prior_shift,1,1.0,-0.8321889799624015,0.3,0.4962228517469311
nfix,nfix,NTP,10,prior_shift,2,1.0,-2.182115696911417,0.1,0.4962228517469311
nfix,nfix,NTP,10,prior_shift,3,1.0,-2.182115696911417,0.1,0.4962228517469311
nfix,nfix,NTP,10,prior_shift,4,1.0,-0.8321889799624015,0.3,0.4962228517469311
nfix,nfix,NTP,10,prior_shift,5,1.0,-0.8321889799624015,0.3,0.4962228517469311
nfix,nfix,NTP,10,prior_shift,6,1.0,-1.3711854806950885,0.2,0.4962228517469311
nfix,nfix,NTP,10,prior_shift,7,1.0,-0.8321889799624015,0.3,0.4962228517469311
nfix,nfix,NTP,10,prior_shift,8,1.0,-2.182115696911417,0.1,0.4962228517469311
nfix,nfix,NTP,10,prior_shift,9,1.0,0.015108880424802138,0.5,0.4962228517469311
nfix,nfix,NTP,10,prior_shift,10,1.0,-0.8321889799624015,0.3,0.4962228517469311
nfix,nfix,NTP,10,prior_shift,11,1.0,-0.39035622768336214,0.4,0.4962228517469311
nfix,nfix,NTP,10,prior_shift,12,1.0,-0.39035622768336214,0.4,0.4962228517469311
nfix,nfix,NTP,10,prior_shift,13,1.0,-2.182115696911417,0.1,0.4962228517469311
nfix,nfix,NTP,10,prior_shift,14,1.0,-0.8321889799624015,0.3,0.4962228517469311
nfix,nfix,NTP,10,prior_shift,15,1.0,-2.182115696911417,0.1,0.4962228517469311
nfix,nfix,NTP,10,prior_shift,16,1.0,-0.8321889799624015,0.3,0.4962228517469311
nfix,nfix,NTP,10,prior_shift,17,1.0,-1.3711854806950885,0.2,0.4962228517469311
nfix,nfix,NTP,10,prior_shift,18,1.0,-0.39035622768336214,0.4,0.4962228517469311
nfix,nfix,NTP,10,prior_shift,19,1.0,-1.3711854806950885,0.2,0.4962228517469311
nfix,nfix,NTP,10,prior_shift,20,1.0,-0.39035622768336214,0.4,0.4962228517469311
nfix,nfix,NTP,10,prior_shift,22,1.0,-2.182115696911417,0.1,0.4962228517469311
nfix,nfix,NTP,10,prior_shift,23,1.0,-0.39035622768336214,0.4,0.4962228517469311
nfix,nfix,NTP,10,prior_shift,24,1.0,-1.3711854806950885,0.2,0.4962228517469311
nfix,nfix,NTP,10,prior_shift,25,1.0,-0.8321889799624015,0.3,0.4962228517469311
nfix,nfix,NTP,10,prior_shift,26,1.0,-1.3711854806950885,0.2,0.4962228517469311
nfix,nfix,NTP,10,prior_shift,27,1.0,-2.182115696911417,0.1,0.4962228517469311
nfix,nfix,NTP,10,prior_shift,28,1.0,-1.3711854806950885,0.2,0.4962228517469311
nfix,nfix,NTP,10,prior_shift,29,1.0,-0.8321889799624015,0.3,0.4962228517469311
nfix,nfix,NTP,10,prior_shift,30,1.0,-1.3711854806950885,0.2,0.4962228517469311
nfix,nfix,NTP,10,prior_shift,31,1.0,-0.8321889799624015,0.3,0.4962228517469311
nfix,nfix,NTP,10,prior_shift,32,1.0,-1.3711854806950885,0.2,0.4962228517469311
nfix,nfix,NTP,10,prior_shift,33,1.0,-0.39035622768336214,0.4,0.4962228517469311
nfix,nfix,NTP,10,prior_shift,34,1.0,-0.8321889799624015,0.3,0.4962228517469311
nfix,nfix,NTP,10,prior_shift,35,1.0,-0.39035622768336214,0.4,0.4962228517469311
nfix,nfix,NTP,10,prior_shift,36,1.0,-0.39035622768336214,0.4,0.4962228517469311
nfix,nfix,NTP,10,prior_shift,38,1.0,-0.8321889799624015,0.3,0.4962228517469311
nfix,nfix,NTP,10,prior_shift,39,1.0,-0.39035622768336214,0.4,0.4962228517469311
nfix,nfix,NTP,10,prior_shift,40,1.0,-2.182115696911417,0.1,0.4962228517469311
nfix,nfix,NTP,10,prior_shift,41,1.0,-0.8321889799624015,0.3,0.4962228517469311
nfix,nfix,NTP,10,prior_shift,42,1.0,-0.8321889799624015,0.3,0.4962228517469311
nfix,nfix,NTP,10,prior_shift,43,1.0,0.015108880424802138,0.5,0.4962228517469311
nfix,nfix,NTP,10,prior_shift,44,1.0,-0.39035622768336214,0.4,0.4962228517469311
nfix,nfix,NTP,10,prior_shift,45,1.0,-2.182115696911417,0.1,0.4962228517469311
nfix,nfix,NTP,10,prior_shift,46,1.0,-0.8321889799624015,0.3,0.4962228517469311
nfix,nfix,NTP,10,prior_shift,47,1.0,-1.3711854806950885,0.2,0.4962228517469311
nfix,nfix,NTP,10,prior_shift,48,1.0,-1.3711854806950885,0.2,0.4962228517469311
nfix,nfix,NTP,10,prior_shift,49,1.0,-2.182115696911417,0.1,0.4962228517469311
nfix,nfix,NTP,10,prior_shift,50,1.0,0.015108880424802138,0.5,0.4962228517469311
nfix,nfix,NTP,10,prior_shift,51,1.0,-0.39035622768336214,0.4,0.4962228517469311
nfix,nfix,NTP,10,prior_shift,52,1.0,-1.3711854806950885,0.2,0.4962228517469311
nfix,nfix,NTP,10,prior_shift,53,1.0,2.2123334577610216,0.9,0.4962228517469311
nfix,nfix,NTP,10,prior_shift,54,1.0,-0.8321889799624015,0.3,0.4962228517469311
nfix,nfix,NTP,10,prior_shift,55,1.0,-2.182115696911417,0.1,0.4962228517469311
nfix,nfix,NTP,10,prior_shift,56,1.0,-0.8321889799624015,0.3,0.4962228517469311
nfix,nfix,NTP,10,prior_shift,57,1.0,-0.39035622768336214,0.4,0.4962228517469311
nfix,nfix,NTP,10,prior_shift,58,1.0,-0.39035622768336214,0.4,0.4962228517469311
nfix,nfix,NTP,10,prior_shift,59,1.0,0.4205739885329664,0.6,0.4962228517469311
nfix,nfix,NTP,10,prior_shift,60,1.0,-0.8321889799624015,0.3,0.4962228517469311
nfix,nfix,NTP,10,prior_shift,61,1.0,-1.3711854806950885,0.2,0.4962228517469311
nfix,nfix,NTP,10,prior_shift,62,1.0,-0.8321889799624015,0.3,0.4962228517469311
nfix,nfix,NTP,10,prior_shift,63,1.0,-1.3711854806950885,0.2,0.4962228517469311
nfix,nfix,NTP,10,prior_shift,64,1.0,-0.8321889799624015,0.3,0.4962228517469311
nfix,nfix,NTP,10,prior_shift,65,1.0,0.015108880424802138,0.5,0.4962228517469311
nfix,nfix,NTP,10,prior_shift,67,1.0,-1.3711854806950885,0.2,0.4962228517469311
nfix,nfix,NTP,10,prior_shift,68,1.0,-1.3711854806950885,0.2,0.4962228517469311
nfix,nfix,NTP,10,prior_shift,69,1.0,-1.3711854806950885,0.2,0.4962228517469311
nfix,nfix,NTP,10,prior_shift,70,1.0,-2.182115696911417,0.1,0.4962228517469311
nfix,nfix,NTP,10,prior_shift,71,1.0,-0.39035622768336214,0.4,0.4962228517469311
nfix,nfix,NTP,10,prior_shift,72,1.0,-1.3711854806950885,0.2,0.4962228517469311
nfix,nfix,NTP,10,prior_shift,73,1.0,-1.3711854806950885,0.2,0.4962228517469311
nfix,nfix,NTP,10,prior_shift,74,1.0,-2.182115696911417,0.1,0.4962228517469311
nfix,nfix,NTP,10,prior_shift,75,1.0,-2.182115696911417,0.1,0.4962228517469311
nfix,nfix,NTP,10,prior_shift,76,1.0,-0.39035622768336214,0.4,0.4962228517469311
nfix,nfix,NTP,10,prior_shift,77,1.0,-1.3711854806950885,0.2,0.4962228517469311
nfix,nfix,NTP,10,prior_shift,78,1.0,-0.8321889799624015,0.3,0.4962228517469311
nfix,nfix,NTP,10,prior_shift,79,1.0,-0.8321889799624015,0.3,0.4962228517469311
nfix,nfix,NTP,10,prior_shift,80,1.0,-0.8321889799624015,0.3,0.4962228517469311
nfix,nfix,NTP,10,prior_shift,81,1.0,-0.39035622768336214,0.4,0.4962228517469311
nfix,nfix,NTP,10,prior_shift,82,1.0,-2.182115696911417,0.1,0.4962228517469311
nfix,nfix,NTP,10,prior_shift,83,1.0,-0.39035622768336214,0.4,0.4962228517469311
nfix,nfix,NTP,10,prior_shift,84,1.0,-0.8321889799624015,0.3,0.4962228517469311
nfix,nfix,NTP,10,prior_shift,85,1.0,-0.8321889799624015,0.3,0.4962228517469311
nfix,nfix,NTP,10,prior_shift,86,1.0,-1.3711854806950885,0.2,0.4962228517469311
nfix,nfix,NTP,10,prior_shift,87,1.0,-1.3711854806950885,0.2,0.4962228517469311
nfix,nfix,NTP,10,prior_shift,88,1.0,-0.39035622768336214,0.4,0.4962228517469311
nfix,nfix,NTP,10,prior_shift,89,1.0,-0.39035622768336214,0.4,0.4962228517469311
nfix,nfix,NTP,10,prior_shift,90,1.0,-0.8321889799624015,0.3,0.4962228517469311
nfix,nfix,NTP,10,prior_shift,91,1.0,-1.3711854806950885,0.2,0.4962228517469311
nfix,nfix,NTP,10,prior_shift,92,1.0,-0.39035622768336214,0.4,0.4962228517469311
nfix,nfix,NTP,10,prior_shift,93,1.0,0.015108880424802138,0.5,0.4962228517469311
nfix,nfix,NTP,10,prior_shift,94,1.0,-0.8321889799624015,0.3,0.4962228517469311
nfix,nfix,NTP,10,prior_shift,95,1.0,-0.39035622768336214,0.4,0.4962228517469311
nfix,nfix,NTP,10,prior_shift,96,1.0,-0.8321889799624015,0.3,0.4962228517469311
nfix,nfix,NTP,10,prior_shift,97,1.0,-0.39035622768336214,0.4,0.4962228517469311
nfix,nfix,NTP,10,prior_shift,98,1.0,-1.3711854806950885,0.2,0.4962228517469311
nfix,nfix,NTP,10,prior_shift,99,1.0,-2.182115696911417,0.1,0.4962228517469311
nfix,nfix,NTP,10,prior_shift,100,1.0,-2.182115696911417,0.1,0.4962228517469311
nfix,nfix,NTP,10,prior_shift,101,1.0,-2.182115696911417,0.1,0.4962228517469311
nfix,nfix,NTP,10,prior_shift,102,1.0,0.015108880424802138,0.5,0.4962228517469311
nfix,nfix,Probe,50,prior_shift,0,1.0,-1.2505574929064738,0.22,0.4962228517469311
nfix,nfix,Probe,50,prior_shift,1,1.0,-0.6481853369854619,0.34,0.4962228517469311
nfix,nfix,Probe,50,prior_shift,2,1.0,-1.0308596747578855,0.26,0.4962228517469311
nfix,nfix,Probe,50,prior_shift,3,1.0,-0.929352728416049,0.28,0.4962228517469311
nfix,nfix,Probe,50,prior_shift,4,1.0,-0.5602552644787597,0.36,0.4962228517469311
nfix,nfix,Probe,50,prior_shift,5,1.0,-1.2505574929064738,0.22,0.4962228517469311
nfix,nfix,Probe,50,prior_shift,6,1.0,-0.7386629219515779,0.32,0.4962228517469311
nfix,nfix,Probe,50,prior_shift,7,1.0,-0.6481853369854619,0.34,0.4962228517469311
nfix,nfix,Probe,50,prior_shift,8,1.0,-1.1375706295135835,0.24,0.4962228517469311
nfix,nfix,Probe,50,prior_shift,9,1.0,-0.8321889799624015,0.3,0.4962228517469311
nfix,nfix,Probe,50,prior_shift,10,1.0,-0.929352728416049,0.28,0.4962228517469311
nfix,nfix,Probe,50,prior_shift,11,1.0,-0.7386629219515779,0.32,0.4962228517469311
nfix,nfix,Probe,50,prior_shift,12,1.0,-0.7386629219515779,0.32,0.4962228517469311
nfix,nfix,Probe,50,prior_shift,13,1.0,-1.3711854806950885,0.2,0.4962228517469311
nfix,nfix,Probe,50,prior_shift,14,1.0,-1.0308596747578855,0.26,0.4962228517469311
nfix,nfix,Probe,50,prior_shift,15,1.0,-1.800181086213447,0.14,0.4962228517469311
nfix,nfix,Probe,50,prior_shift,16,1.0,-1.6431191961787301,0.16,0.4962228517469311
nfix,nfix,Probe,50,prior_shift,17,1.0,-0.8321889799624015,0.3,0.4962228517469311
nfix,nfix,Probe,50,prior_shift,18,1.0,-0.39035622768336214,0.4,0.4962228517469311
nfix,nfix,Probe,50,prior_shift,19,1.0,-2.182115696911417,0.1,0.4962228517469311
nfix,nfix,Probe,50,prior_shift,20,1.0,-1.0308596747578855,0.26,0.4962228517469311
nfix,nfix,Probe,50,prior_shift,21,1.0,-0.6481853369854619,0.34,0.4962228517469311
nfix,nfix,Probe,50,prior_shift,22,1.0,-1.2505574929064738,0.22,0.4962228517469311
nfix,nfix,Probe,50,prior_shift,23,1.0,-1.1375706295135835,0.24,0.4962228517469311
nfix,nfix,Probe,50,prior_shift,24,1.0,-1.1375706295135835,0.24,0.4962228517469311
nfix,nfix,Probe,50,prior_shift,25,1.0,-0.7386629219515779,0.32,0.4962228517469311
nfix,nfix,Probe,50,prior_shift,26,1.0,-0.8321889799624015,0.3,0.4962228517469311
nfix,nfix,Probe,50,prior_shift,27,1.0,-1.2505574929064738,0.22,0.4962228517469311
nfix,nfix,Probe,50,prior_shift,28,1.0,-1.1375706295135835,0.24,0.4962228517469311
nfix,nfix,Probe,50,prior_shift,29,1.0,-0.6481853369854619,0.34,0.4962228517469311
nfix,nfix,Probe,50,prior_shift,30,1.0,-0.7386629219515779,0.32,0.4962228517469311
nfix,nfix,Probe,50,prior_shift,31,1.0,-0.929352728416049,0.28,0.4962228517469311
nfix,nfix,Probe,50,prior_shift,32,1.0,-1.6431191961787301,0.16,0.4962228517469311
nfix,nfix,Probe,50,prior_shift,33,1.0,-1.1375706295135835,0.24,0.4962228517469311
nfix,nfix,Probe,50,prior_shift,34,1.0,-1.1375706295135835,0.24,0.4962228517469311
nfix,nfix,Probe,50,prior_shift,35,1.0,-1.1375706295135835,0.24,0.4962228517469311
nfix,nfix,Probe,50,prior_shift,36,1.0,-0.929352728416049,0.28,0.4962228517469311
nfix,nfix,Probe,50,prior_shift,37,1.0,-1.0308596747578855,0.26,0.4962228517469311
nfix,nfix,Probe,50,prior_shift,38,1.0,-1.1375706295135835,0.24,0.4962228517469311
nfix,nfix,Probe,50,prior_shift,39,1.0,-0.6481853369854619,0.34,0.4962228517469311
nfix,nfix,Probe,50,prior_shift,40,1.0,-1.800181086213447,0.14,0.4962228517469311
nfix,nfix,Probe,50,prior_shift,41,1.0,-1.1375706295135835,0.24,0.4962228517469311
nfix,nfix,Probe,50,prior_shift,42,1.0,-1.3711854806950885,0.2,0.4962228517469311
nfix,nfix,Probe,50,prior_shift,43,1.0,-1.5012386089432865,0.18,0.4962228517469311
nfix,nfix,Probe,50,prior_shift,44,1.0,-0.7386629219515779,0.32,0.4962228517469311
nfix,nfix,Probe,50,prior_shift,45,1.0,-1.1375706295135835,0.24,0.4962228517469311
nfix,nfix,Probe,50,prior_shift,46,1.0,-1.2505574929064738,0.22,0.4962228517469311
nfix,nfix,Probe,50,prior_shift,47,1.0,-0.5602552644787597,0.36,0.4962228517469311
nfix,nfix,Probe,50,prior_shift,48,1.0,-1.2505574929064738,0.22,0.4962228517469311
nfix,nfix,Probe,50,prior_shift,49,1.0,-1.3711854806950885,0.2,0.4962228517469311
nfix,nfix,Probe,50,prior_shift,50,1.0,-0.5602552644787597,0.36,0.4962228517469311
nfix,nfix,Probe,50,prior_shift,51,1.0,-1.5012386089432865,0.18,0.4962228517469311
nfix,nfix,Probe,50,prior_shift,52,1.0,-0.929352728416049,0.28,0.4962228517469311
nfix,nfix,Probe,50,prior_shift,53,1.0,-1.0308596747578855,0.26,0.4962228517469311
nfix,nfix,Probe,50,prior_shift,54,1.0,-1.5012386089432865,0.18,0.4962228517469311
nfix,nfix,Probe,50,prior_shift,55,1.0,-1.3711854806950885,0.2,0.4962228517469311
nfix,nfix,Probe,50,prior_shift,56,1.0,-1.6431191961787301,0.16,0.4962228517469311
nfix,nfix,Probe,50,prior_shift,57,1.0,-0.6481853369854619,0.34,0.4962228517469311
nfix,nfix,Probe,50,prior_shift,58,1.0,-0.47443934489390366,0.38,0.4962228517469311
nfix,nfix,Probe,50,prior_shift,59,1.0,-0.929352728416049,0.28,0.4962228517469311
nfix,nfix,Probe,50,prior_shift,60,1.0,-1.0308596747578855,0.26,0.4962228517469311
nfix,nfix,Probe,50,prior_shift,61,1.0,-0.5602552644787597,0.36,0.4962228517469311
nfix,nfix,Probe,50,prior_shift,62,1.0,-0.7386629219515779,0.32,0.4962228517469311
nfix,nfix,Probe,50,prior_shift,63,1.0,-0.8321889799624015,0.3,0.4962228517469311
nfix,nfix,Probe,50,prior_shift,64,1.0,-1.9773212842654042,0.12,0.4962228517469311
nfix,nfix,Probe,50,prior_shift,65,1.0,-0.929352728416049,0.28,0.4962228517469311
nfix,nfix,Probe,50,prior_shift,66,1.0,-1.0308596747578855,0.26,0.4962228517469311
nfix,nfix,Probe,50,prior_shift,67,1.0,-0.929352728416049,0.28,0.4962228517469311
nfix,nfix,Probe,50,prior_shift,68,1.0,-1.2505574929064738,0.22,0.4962228517469311
nfix,nfix,Probe,50,prior_shift,69,1.0,-0.6481853369854619,0.34,0.4962228517469311
nfix,nfix,Probe,50,prior_shift,70,1.0,-0.929352728416049,0.28,0.4962228517469311
nfix,nfix,Probe,50,prior_shift,71,1.0,-0.7386629219515779,0.32,0.4962228517469311
nfix,nfix,Probe,50,prior_shift,72,1.0,-1.0308596747578855,0.26,0.4962228517469311
nfix,nfix,Probe,50,prior_shift,73,1.0,-0.929352728416049,0.28,0.4962228517469311
nfix,nfix,Probe,50,prior_shift,74,1.0,-1.9773212842654042,0.12,0.4962228517469311
nfix,nfix,Probe,50,prior_shift,75,1.0,-1.2505574929064738,0.22,0.4962228517469311
nfix,nfix,Probe,50,prior_shift,76,1.0,-0.7386629219515779,0.32,0.4962228517469311
nfix,nfix,Probe,50,prior_shift,77,1.0,-1.5012386089432865,0.18,0.4962228517469311
nfix,nfix,Probe,50,prior_shift,78,1.0,-0.7386629219515779,0.32,0.4962228517469311
nfix,nfix,Probe,50,prior_shift,79,1.0,-0.8321889799624015,0.3,0.4962228517469311
nfix,nfix,Probe,50,prior_shift,80,1.0,-0.929352728416049,0.28,0.4962228517469311
nfix,nfix,Probe,50,prior_shift,81,1.0,-0.47443934489390366,0.38,0.4962228517469311
nfix,nfix,Probe,50,prior_shift,82,1.0,-1.3711854806950885,0.2,0.4962228517469311
nfix,nfix,Probe,50,prior_shift,83,1.0,-1.1375706295135835,0.24,0.4962228517469311
nfix,nfix,Probe,50,prior_shift,84,1.0,-1.5012386089432865,0.18,0.4962228517469311
nfix,nfix,Probe,50,prior_shift,85,1.0,-0.6481853369854619,0.34,0.4962228517469311
nfix,nfix,Probe,50,prior_shift,86,1.0,-1.0308596747578855,0.26,0.4962228517469311
nfix,nfix,Probe,50,prior_shift,87,1.0,-1.2505574929064738,0.22,0.4962228517469311
nfix,nfix,Probe,50,prior_shift,88,1.0,-1.1375706295135835,0.24,0.4962228517469311
nfix,nfix,Probe,50,prior_shift,89,1.0,-0.8321889799624015,0.3,0.4962228517469311
nfix,nfix,Probe,50,prior_shift,90,1.0,-0.929352728416049,0.28,0.4962228517469311
nfix,nfix,Probe,50,prior_shift,91,1.0,-0.8321889799624015,0.3,0.4962228517469311
nfix,nfix,Probe,50,prior_shift,92,1.0,-2.182115696911417,0.1,0.4962228517469311
nfix,nfix,Probe,50,prior_shift,93,1.0,-0.929352728416049,0.28,0.4962228517469311
nfix,nfix,Probe,50,prior_shift,94,1.0,-1.0308596747578855,0.26,0.4962228517469311
nfix,nfix,Probe,50,prior_shift,95,1.0,-1.3711854806950885,0.2,0.4962228517469311
nfix,nfix,Probe,50,prior_shift,96,1.0,-0.929352728416049,0.28,0.4962228517469311
nfix,nfix,Probe,50,prior_shift,97,1.0,-0.8321889799624015,0.3,0.4962228517469311
nfix,nfix,Probe,50,prior_shift,98,1.0,-0.8321889799624015,0.3,0.4962228517469311
nfix,nfix,Probe,50,prior_shift,99,1.0,-1.0308596747578855,0.26,0.4962228517469311
nfix,nfix,NTP,50,prior_shift,0,1.0,-1.2505574929064738,0.22,0.4962228517469311
nfix,nfix,NTP,50,prior_shift,1,1.0,-0.6481853369854619,0.34,0.4962228517469311
nfix,nfix,NTP,50,prior_shift,2,1.0,-1.0308596747578855,0.26,0.4962228517469311
nfix,nfix,NTP,50,prior_shift,3,1.0,-0.929352728416049,0.28,0.4962228517469311
nfix,nfix,NTP,50,prior_shift,4,1.0,-0.5602552644787597,0.36,0.4962228517469311
nfix,nfix,NTP,50,prior_shift,5,1.0,-1.2505574929064738,0.22,0.4962228517469311
nfix,nfix,NTP,50,prior_shift,6,1.0,-0.7386629219515779,0.32,0.4962228517469311
nfix,nfix,NTP,50,prior_shift,7,1.0,-0.6481853369854619,0.34,0.4962228517469311
nfix,nfix,NTP,50,prior_shift,8,1.0,-1.1375706295135835,0.24,0.4962228517469311
nfix,nfix,NTP,50,prior_shift,9,1.0,-0.8321889799624015,0.3,0.4962228517469311
nfix,nfix,NTP,50,prior_shift,10,1.0,-0.929352728416049,0.28,0.4962228517469311
nfix,nfix,NTP,50,prior_shift,11,1.0,-0.7386629219515779,0.32,0.4962228517469311
nfix,nfix,NTP,50,prior_shift,12,1.0,-0.7386629219515779,0.32,0.4962228517469311
nfix,nfix,NTP,50,prior_shift,13,1.0,-1.3711854806950885,0.2,0.4962228517469311
nfix,nfix,NTP,50,prior_shift,14,1.0,-1.0308596747578855,0.26,0.4962228517469311
nfix,nfix,NTP,50,prior_shift,15,1.0,-1.800181086213447,0.14,0.4962228517469311
nfix,nfix,NTP,50,prior_shift,16,1.0,-1.6431191961787301,0.16,0.4962228517469311
nfix,nfix,NTP,50,prior_shift,17,1.0,-0.8321889799624015,0.3,0.4962228517469311
nfix,nfix,NTP,50,prior_shift,18,1.0,-0.39035622768336214,0.4,0.4962228517469311
nfix,nfix,NTP,50,prior_shift,19,1.0,-2.182115696911417,0.1,0.4962228517469311
nfix,nfix,NTP,50,prior_shift,20,1.0,-1.0308596747578855,0.26,0.4962228517469311
nfix,nfix,NTP,50,prior_shift,21,1.0,-0.6481853369854619,0.34,0.4962228517469311
nfix,nfix,NTP,50,prior_shift,22,1.0,-1.2505574929064738,0.22,0.4962228517469311
nfix,nfix,NTP,50,prior_shift,23,1.0,-1.1375706295135835,0.24,0.4962228517469311
nfix,nfix,NTP,50,prior_shift,24,1.0,-1.1375706295135835,0.24,0.4962228517469311
nfix,nfix,NTP,50,prior_shift,25,1.0,-0.7386629219515779,0.32,0.4962228517469311
nfix,nfix,NTP,50,prior_shift,26,1.0,-0.8321889799624015,0.3,0.4962228517469311
nfix,nfix,NTP,50,prior_shift,27,1.0,-1.2505574929064738,0.22,0.4962228517469311
nfix,nfix,NTP,50,prior_shift,28,1.0,-1.1375706295135835,0.24,0.4962228517469311
nfix,nfix,NTP,50,prior_shift,29,1.0,-0.6481853369854619,0.34,0.4962228517469311
nfix,nfix,NTP,50,prior_shift,30,1.0,-0.7386629219515779,0.32,0.4962228517469311
nfix,nfix,NTP,50,prior_shift,31,1.0,-0.929352728416049,0.28,0.4962228517469311
nfix,nfix,NTP,50,prior_shift,32,1.0,-1.6431191961787301,0.16,0.4962228517469311
nfix,nfix,NTP,50,prior_shift,33,1.0,-1.1375706295135835,0.24,0.4962228517469311
nfix,nfix,NTP,50,prior_shift,34,1.0,-1.1375706295135835,0.24,0.4962228517469311
nfix,nfix,NTP,50,prior_shift,35,1.0,-1.1375706295135835,0.24,0.4962228517469311
nfix,nfix,NTP,50,prior_shift,36,1.0,-0.929352728416049,0.28,0.4962228517469311
nfix,nfix,NTP,50,prior_shift,37,1.0,-1.0308596747578855,0.26,0.4962228517469311
nfix,nfix,NTP,50,prior_shift,38,1.0,-1.1375706295135835,0.24,0.4962228517469311
nfix,nfix,NTP,50,prior_shift,39,1.0,-0.6481853369854619,0.34,0.4962228517469311
nfix,nfix,NTP,50,prior_shift,40,1.0,-1.800181086213447,0.14,0.4962228517469311
nfix,nfix,NTP,50,prior_shift,41,1.0,-1.1375706295135835,0.24,0.4962228517469311
nfix,nfix,NTP,50,prior_shift,42,1.0,-1.3711854806950885,0.2,0.4962228517469311
nfix,nfix,NTP,50,prior_shift,43,1.0,-1.5012386089432865,0.18,0.4962228517469311
nfix,nfix,NTP,50,prior_shift,44,1.0,-0.7386629219515779,0.32,0.4962228517469311
nfix,nfix,NTP,50,prior_shift,45,1.0,-1.1375706295135835,0.24,0.4962228517469311
nfix,nfix,NTP,50,prior_shift,46,1.0,-1.2505574929064738,0.22,0.4962228517469311
nfix,nfix,NTP,50,prior_shift,47,1.0,-0.5602552644787597,0.36,0.4962228517469311
nfix,nfix,NTP,50,prior_shift,48,1.0,-1.2505574929064738,0.22,0.4962228517469311
nfix,nfix,NTP,50,prior_shift,49,1.0,-1.3711854806950885,0.2,0.4962228517469311
nfix,nfix,NTP,50,prior_shift,50,1.0,-0.5602552644787597,0.36,0.4962228517469311
nfix,nfix,NTP,50,prior_shift,51,1.0,-1.5012386089432865,0.18,0.4962228517469311
nfix,nfix,NTP,50,prior_shift,52,1.0,-0.929352728416049,0.28,0.4962228517469311
nfix,nfix,NTP,50,prior_shift,53,1.0,-1.0308596747578855,0.26,0.4962228517469311
nfix,nfix,NTP,50,prior_shift,54,1.0,-1.5012386089432865,0.18,0.4962228517469311
nfix,nfix,NTP,50,prior_shift,55,1.0,-1.3711854806950885,0.2,0.4962228517469311
nfix,nfix,NTP,50,prior_shift,56,1.0,-1.6431191961787301,0.16,0.4962228517469311
nfix,nfix,NTP,50,prior_shift,57,1.0,-0.6481853369854619,0.34,0.4962228517469311
nfix,nfix,NTP,50,prior_shift,58,1.0,-0.47443934489390366,0.38,0.4962228517469311
nfix,nfix,NTP,50,prior_shift,59,1.0,-0.929352728416049,0.28,0.4962228517469311
nfix,nfix,NTP,50,prior_shift,60,1.0,-1.0308596747578855,0.26,0.4962228517469311
nfix,nfix,NTP,50,prior_shift,61,1.0,-0.5602552644787597,0.36,0.4962228517469311
nfix,nfix,NTP,50,prior_shift,62,1.0,-0.7386629219515779,0.32,0.4962228517469311
nfix,nfix,NTP,50,prior_shift,63,1.0,-0.8321889799624015,0.3,0.4962228517469311
nfix,nfix,NTP,50,prior_shift,64,1.0,-1.9773212842654042,0.12,0.4962228517469311
nfix,nfix,NTP,50,prior_shift,65,1.0,-0.929352728416049,0.28,0.4962228517469311
nfix,nfix,NTP,50,prior_shift,66,1.0,-1.0308596747578855,0.26,0.4962228517469311
nfix,nfix,NTP,50,prior_shift,67,1.0,-0.929352728416049,0.28,0.4962228517469311
nfix,nfix,NTP,50,prior_shift,68,1.0,-1.2505574929064738,0.22,0.4962228517469311
nfix,nfix,NTP,50,prior_shift,69,1.0,-0.6481853369854619,0.34,0.4962228517469311
nfix,nfix,NTP,50,prior_shift,70,1.0,-0.929352728416049,0.28,0.4962228517469311
nfix,nfix,NTP,50,prior_shift,71,1.0,-0.7386629219515779,0.32,0.4962228517469311
nfix,nfix,NTP,50,prior_shift,72,1.0,-1.0308596747578855,0.26,0.4962228517469311
nfix,nfix,NTP,50,prior_shift,73,1.0,-0.929352728416049,0.28,0.4962228517469311
nfix,nfix,NTP,50,prior_shift,74,1.0,-1.9773212842654042,0.12,0.4962228517469311
nfix,nfix,NTP,50,prior_shift,75,1.0,-1.2505574929064738,0.22,0.4962228517469311
nfix,nfix,NTP,50,prior_shift,76,1.0,-0.7386629219515779,0.32,0.4962228517469311
nfix,nfix,NTP,50,prior_shift,77,1.0,-1.5012386089432865,0.18,0.4962228517469311
nfix,nfix,NTP,50,prior_shift,78,1.0,-0.7386629219515779,0.32,0.4962228517469311
nfix,nfix,NTP,50,prior_shift,79,1.0,-0.8321889799624015,0.3,0.4962228517469311
nfix,nfix,NTP,50,prior_shift,80,1.0,-0.929352728416049,0.28,0.4962228517469311
nfix,nfix,NTP,50,prior_shift,81,1.0,-0.47443934489390366,0.38,0.4962228517469311
nfix,nfix,NTP,50,prior_shift,82,1.0,-1.3711854806950885,0.2,0.4962228517469311
nfix,nfix,NTP,50,prior_shift,83,1.0,-1.1375706295135835,0.24,0.4962228517469311
nfix,nfix,NTP,50,prior_shift,84,1.0,-1.5012386089432865,0.18,0.4962228517469311
nfix,nfix,NTP,50,prior_shift,85,1.0,-0.6481853369854619,0.34,0.4962228517469311
nfix,nfix,NTP,50,prior_shift,86,1.0,-1.0308596747578855,0.26,0.4962228517469311
nfix,nfix,NTP,50,prior_shift,87,1.0,-1.2505574929064738,0.22,0.4962228517469311
nfix,nfix,NTP,50,prior_shift,88,1.0,-1.1375706295135835,0.24,0.4962228517469311
nfix,nfix,NTP,50,prior_shift,89,1.0,-0.8321889799624015,0.3,0.4962228517469311
nfix,nfix,NTP,50,prior_shift,90,1.0,-0.929352728416049,0.28,0.4962228517469311
nfix,nfix,NTP,50,prior_shift,91,1.0,-0.8321889799624015,0.3,0.4962228517469311
nfix,nfix,NTP,50,prior_shift,92,1.0,-2.182115696911417,0.1,0.4962228517469311
nfix,nfix,NTP,50,prior_shift,93,1.0,-0.929352728416049,0.28,0.4962228517469311
nfix,nfix,NTP,50,prior_shift,94,1.0,-1.0308596747578855,0.26,0.4962228517469311
nfix,nfix,NTP,50,prior_shift,95,1.0,-1.3711854806950885,0.2,0.4962228517469311
nfix,nfix,NTP,50,prior_shift,96,1.0,-0.929352728416049,0.28,0.4962228517469311
nfix,nfix,NTP,50,prior_shift,97,1.0,-0.8321889799624015,0.3,0.4962228517469311
nfix,nfix,NTP,50,prior_shift,98,1.0,-0.8321889799624015,0.3,0.4962228517469311
nfix,nfix,NTP,50,prior_shift,99,1.0,-1.0308596747578855,0.26,0.4962228517469311
nfix,nfix,Probe,100,prior_shift,0,1.0,-1.0835034082433077,0.25,0.4962228517469311
nfix,nfix,Probe,100,prior_shift,1,1.0,-0.6039303279814213,0.35,0.4962228517469311
nfix,nfix,Probe,100,prior_shift,2,1.0,-1.0835034082433077,0.25,0.4962228517469311
nfix,nfix,Probe,100,prior_shift,3,1.0,-1.1375706295135835,0.24,0.4962228517469311
nfix,nfix,Probe,100,prior_shift,4,1.0,-0.5602552644787597,0.36,0.4962228517469311
nfix,nfix,Probe,100,prior_shift,5,1.0,-0.6039303279814213,0.35,0.4962228517469311
nfix,nfix,Probe,100,prior_shift,6,1.0,-0.785010419687311,0.31,0.4962228517469311
nfix,nfix,Probe,100,prior_shift,7,1.0,-1.1932023254997322,0.23,0.4962228517469311
nfix,nfix,Probe,100,prior_shift,8,1.0,-0.7386629219515779,0.32,0.4962228517469311
nfix,nfix,Probe,100,prior_shift,9,1.0,-1.1932023254997322,0.23,0.4962228517469311
nfix,nfix,Probe,100,prior_shift,10,1.0,-1.1932023254997322,0.23,0.4962228517469311
nfix,nfix,Probe,100,prior_shift,11,1.0,-1.0308596747578855,0.26,0.4962228517469311
nfix,nfix,Probe,100,prior_shift,12,1.0,-0.8802751666300391,0.29,0.4962228517469311
nfix,nfix,Probe,100,prior_shift,13,1.0,-0.9795136947192598,0.27,0.4962228517469311
nfix,nfix,Probe,100,prior_shift,14,1.0,-1.0835034082433077,0.25,0.4962228517469311
nfix,nfix,Probe,100,prior_shift,15,1.0,-0.929352728416049,0.28,0.4962228517469311
nfix,nfix,Probe,100,prior_shift,16,1.0,-1.2505574929064738,0.22,0.4962228517469311
nfix,nfix,Probe,100,prior_shift,17,1.0,-0.8321889799624015,0.3,0.4962228517469311
nfix,nfix,Probe,100,prior_shift,18,1.0,-1.2505574929064738,0.22,0.4962228517469311
nfix,nfix,Probe,100,prior_shift,19,1.0,-1.2505574929064738,0.22,0.4962228517469311
nfix,nfix,Probe,100,prior_shift,20,1.0,-0.6039303279814213,0.35,0.4962228517469311
nfix,nfix,Probe,100,prior_shift,21,1.0,-0.929352728416049,0.28,0.4962228517469311
nfix,nfix,Probe,100,prior_shift,22,1.0,-1.5705183833155796,0.17,0.4962228517469311
nfix,nfix,Probe,100,prior_shift,23,1.0,-0.785010419687311,0.31,0.4962228517469311
nfix,nfix,Probe,100,prior_shift,24,1.0,-1.0308596747578855,0.26,0.4962228517469311
nfix,nfix,Probe,100,prior_shift,25,1.0,-1.1375706295135835,0.24,0.4962228517469311
nfix,nfix,Probe,100,prior_shift,26,1.0,-1.5705183833155796,0.17,0.4962228517469311
nfix,nfix,Probe,100,prior_shift,27,1.0,-1.1932023254997322,0.23,0.4962228517469311
nfix,nfix,Probe,100,prior_shift,28,1.0,-1.1375706295135835,0.24,0.4962228517469311
nfix,nfix,Probe,100,prior_shift,29,1.0,-1.0308596747578855,0.26,0.4962228517469311
nfix,nfix,Probe,100,prior_shift,30,1.0,-0.8802751666300391,0.29,0.4962228517469311
nfix,nfix,Probe,100,prior_shift,31,1.0,-0.9795136947192598,0.27,0.4962228517469311
nfix,nfix,Probe,100,prior_shift,32,1.0,-0.5602552644787597,0.36,0.4962228517469311
nfix,nfix,Probe,100,prior_shift,33,1.0,-0.785010419687311,0.31,0.4962228517469311
nfix,nfix,Probe,100,prior_shift,34,1.0,-1.1932023254997322,0.23,0.4962228517469311
nfix,nfix,Probe,100,prior_shift,35,1.0,-0.785010419687311,0.31,0.4962228517469311
nfix,nfix,Probe,100,prior_shift,36,1.0,-0.6481853369854619,0.34,0.4962228517469311
nfix,nfix,Probe,100,prior_shift,37,1.0,-1.2505574929064738,0.22,0.4962228517469311
nfix,nfix,Probe,100,prior_shift,38,1.0,-1.5705183833155796,0.17,0.4962228517469311
nfix,nfix,Probe,100,prior_shift,39,1.0,-0.929352728416049,0.28,0.4962228517469311
nfix,nfix,Probe,100,prior_shift,40,1.0,-1.2505574929064738,0.22,0.4962228517469311
nfix,nfix,Probe,100,prior_shift,41,1.0,-0.9795136947192598,0.27,0.4962228517469311
nfix,nfix,Probe,100,prior_shift,42,1.0,-1.0308596747578855,0.26,0.4962228517469311
nfix,nfix,Probe,100,prior_shift,43,1.0,-1.2505574929064738,0.22,0.4962228517469311
nfix,nfix,Probe,100,prior_shift,44,1.0,-1.0308596747578855,0.26,0.4962228517469311
nfix,nfix,Probe,100,prior_shift,45,1.0,-0.929352728416049,0.28,0.4962228517469311
nfix,nfix,Probe,100,prior_shift,46,1.0,-0.785010419687311,0.31,0.4962228517469311
nfix,nfix,Probe,100,prior_shift,47,1.0,-0.785010419687311,0.31,0.4962228517469311
nfix,nfix,Probe,100,prior_shift,48,1.0,-0.929352728416049,0.28,0.4962228517469311
nfix,nfix,Probe,100,prior_shift,49,1.0,-1.0835034082433077,0.25,0.4962228517469311
nfix,nfix,Probe,100,prior_shift,50,1.0,-0.6930761774996835,0.33,0.4962228517469311
nfix,nfix,Probe,100,prior_shift,51,1.0,-1.2505574929064738,0.22,0.4962228517469311
nfix,nfix,Probe,100,prior_shift,52,1.0,-0.6039303279814213,0.35,0.4962228517469311
nfix,nfix,Probe,100,prior_shift,53,1.0,-1.4349012950811963,0.19,0.4962228517469311
nfix,nfix,Probe,100,prior_shift,54,1.0,-1.3098165343187966,0.21,0.4962228517469311
nfix,nfix,Probe,100,prior_shift,55,1.0,-0.7386629219515779,0.32,0.4962228517469311
nfix,nfix,Probe,100,prior_shift,56,1.0,-1.4349012950811963,0.19,0.4962228517469311
nfix,nfix,Probe,100,prior_shift,57,1.0,-1.0835034082433077,0.25,0.4962228517469311
nfix,nfix,Probe,100,prior_shift,58,1.0,-1.0308596747578855,0.26,0.4962228517469311
nfix,nfix,Probe,100,prior_shift,59,1.0,-0.7386629219515779,0.32,0.4962228517469311
nfix,nfix,Probe,100,prior_shift,60,1.0,-1.5012386089432865,0.18,0.4962228517469311
nfix,nfix,Probe,100,prior_shift,61,1.0,-0.8321889799624015,0.3,0.4962228517469311
nfix,nfix,Probe,100,prior_shift,62,1.0,-1.3098165343187966,0.21,0.4962228517469311
nfix,nfix,Probe,100,prior_shift,63,1.0,-1.5705183833155796,0.17,0.4962228517469311
nfix,nfix,Probe,100,prior_shift,64,1.0,-1.0835034082433077,0.25,0.4962228517469311
nfix,nfix,Probe,100,prior_shift,65,1.0,-0.9795136947192598,0.27,0.4962228517469311
nfix,nfix,Probe,100,prior_shift,66,1.0,-1.0308596747578855,0.26,0.4962228517469311
nfix,nfix,Probe,100,prior_shift,67,1.0,-0.8802751666300391,0.29,0.4962228517469311
nfix,nfix,Probe,100,prior_shift,68,1.0,-1.0835034082433077,0.25,0.4962228517469311
nfix,nfix,Probe,100,prior_shift,69,1.0,-0.7386629219515779,0.32,0.4962228517469311
nfix,nfix,Probe,100,prior_shift,70,1.0,-0.8802751666300391,0.29,0.4962228517469311
nfix,nfix,Probe,100,prior_shift,71,1.0,-1.2505574929064738,0.22,0.4962228517469311
nfix,nfix,Probe,100,prior_shift,72,1.0,-0.785010419687311,0.31,0.4962228517469311
nfix,nfix,Probe,100,prior_shift,73,1.0,-0.8321889799624015,0.3,0.4962228517469311
nfix,nfix,Probe,100,prior_shift,74,1.0,-1.1375706295135835,0.24,0.4962228517469311
nfix,nfix,Probe,100,prior_shift,75,1.0,-0.7386629219515779,0.32,0.4962228517469311
nfix,nfix,Probe,100,prior_shift,76,1.0,-1.3098165343187966,0.21,0.4962228517469311
nfix,nfix,Probe,100,prior_shift,77,1.0,-0.929352728416049,0.28,0.4962228517469311
nfix,nfix,Probe,100,prior_shift,78,1.0,-0.6039303279814213,0.35,0.4962228517469311
nfix,nfix,Probe,100,prior_shift,79,1.0,-1.3098165343187966,0.21,0.4962228517469311
nfix,nfix,Probe,100,prior_shift,80,1.0,-0.9795136947192598,0.27,0.4962228517469311
nfix,nfix,Probe,100,prior_shift,81,1.0,-1.2505574929064738,0.22,0.4962228517469311
nfix,nfix,Probe,100,prior_shift,82,1.0,-0.47443934489390366,0.38,0.4962228517469311
nfix,nfix,Probe,100,prior_shift,83,1.0,-1.5012386089432865,0.18,0.4962228517469311
nfix,nfix,Probe,100,prior_shift,84,1.0,-1.1932023254997322,0.23,0.4962228517469311
nfix,nfix,Probe,100,prior_shift,85,1.0,-0.6481853369854619,0.34,0.4962228517469311
nfix,nfix,Probe,100,prior_shift,86,1.0,-1.2505574929064738,0.22,0.4962228517469311
nfix,nfix,Probe,100,prior_shift,87,1.0,-1.3098165343187966,0.21,0.4962228517469311
nfix,nfix,Probe,100,prior_shift,88,1.0,-0.8321889799624015,0.3,0.4962228517469311
nfix,nfix,Probe,100,prior_shift,89,1.0,-1.0835034082433077,0.25,0.4962228517469311
nfix,nfix,Probe,100,prior_shift,90,1.0,-1.1932023254997322,0.23,0.4962228517469311
nfix,nfix,Probe,100,prior_shift,91,1.0,-0.8802751666300391,0.29,0.4962228517469311
nfix,nfix,Probe,100,prior_shift,92,1.0,-0.6039303279814213,0.35,0.4962228517469311
nfix,nfix,Probe,100,prior_shift,93,1.0,-1.0308596747578855,0.26,0.4962228517469311
nfix,nfix,Probe,100,prior_shift,94,1.0,-1.0835034082433077,0.25,0.4962228517469311
nfix,nfix,Probe,100,prior_shift,95,1.0,-0.8321889799624015,0.3,0.4962228517469311
nfix,nfix,Probe,100,prior_shift,96,1.0,-1.1375706295135835,0.24,0.4962228517469311
nfix,nfix,Probe,100,prior_shift,97,1.0,-0.785010419687311,0.31,0.4962228517469311
nfix,nfix,Probe,100,prior_shift,98,1.0,-0.9795136947192598,0.27,0.4962228517469311
nfix,nfix,Probe,100,prior_shift,99,1.0,-1.3098165343187966,0.21,0.4962228517469311
nfix,nfix,NTP,100,prior_shift,0,1.0,-1.0835034082433077,0.25,0.4962228517469311
nfix,nfix,NTP,100,prior_shift,1,1.0,-0.6039303279814213,0.35,0.4962228517469311
nfix,nfix,NTP,100,prior_shift,2,1.0,-1.0835034082433077,0.25,0.4962228517469311
nfix,nfix,NTP,100,prior_shift,3,1.0,-1.1375706295135835,0.24,0.4962228517469311
nfix,nfix,NTP,100,prior_shift,4,1.0,-0.5602552644787597,0.36,0.4962228517469311
nfix,nfix,NTP,100,prior_shift,5,1.0,-0.6039303279814213,0.35,0.4962228517469311
nfix,nfix,NTP,100,prior_shift,6,1.0,-0.785010419687311,0.31,0.4962228517469311
nfix,nfix,NTP,100,prior_shift,7,1.0,-1.1932023254997322,0.23,0.4962228517469311
nfix,nfix,NTP,100,prior_shift,8,1.0,-0.7386629219515779,0.32,0.4962228517469311
nfix,nfix,NTP,100,prior_shift,9,1.0,-1.1932023254997322,0.23,0.4962228517469311
nfix,nfix,NTP,100,prior_shift,10,1.0,-1.1932023254997322,0.23,0.4962228517469311
nfix,nfix,NTP,100,prior_shift,11,1.0,-1.0308596747578855,0.26,0.4962228517469311
nfix,nfix,NTP,100,prior_shift,12,1.0,-0.8802751666300391,0.29,0.4962228517469311
nfix,nfix,NTP,100,prior_shift,13,1.0,-0.9795136947192598,0.27,0.4962228517469311
nfix,nfix,NTP,100,prior_shift,14,1.0,-1.0835034082433077,0.25,0.4962228517469311
nfix,nfix,NTP,100,prior_shift,15,1.0,-0.929352728416049,0.28,0.4962228517469311
nfix,nfix,NTP,100,prior_shift,16,1.0,-1.2505574929064738,0.22,0.4962228517469311
nfix,nfix,NTP,100,prior_shift,17,1.0,-0.8321889799624015,0.3,0.4962228517469311
nfix,nfix,NTP,100,prior_shift,18,1.0,-1.2505574929064738,0.22,0.4962228517469311
nfix,nfix,NTP,100,prior_shift,19,1.0,-1.2505574929064738,0.22,0.4962228517469311
nfix,nfix,NTP,100,prior_shift,20,1.0,-0.6039303279814213,0.35,0.4962228517469311
nfix,nfix,NTP,100,prior_shift,21,1.0,-0.929352728416049,0.28,0.4962228517469311
nfix,nfix,NTP,100,prior_shift,22,1.0,-1.5705183833155796,0.17,0.4962228517469311
nfix,nfix,NTP,100,prior_shift,23,1.0,-0.785010419687311,0.31,0.4962228517469311
nfix,nfix,NTP,100,prior_shift,24,1.0,-1.0308596747578855,0.26,0.4962228517469311
nfix,nfix,NTP,100,prior_shift,25,1.0,-1.1375706295135835,0.24,0.4962228517469311
nfix,nfix,NTP,100,prior_shift,26,1.0,-1.5705183833155796,0.17,0.4962228517469311
nfix,nfix,NTP,100,prior_shift,27,1.0,-1.1932023254997322,0.23,0.4962228517469311
nfix,nfix,NTP,100,prior_shift,28,1.0,-1.1375706295135835,0.24,0.4962228517469311
nfix,nfix,NTP,100,prior_shift,29,1.0,-1.0308596747578855,0.26,0.4962228517469311
nfix,nfix,NTP,100,prior_shift,30,1.0,-0.8802751666300391,0.29,0.4962228517469311
nfix,nfix,NTP,100,prior_shift,31,1.0,-0.9795136947192598,0.27,0.4962228517469311
nfix,nfix,NTP,100,prior_shift,32,1.0,-0.5602552644787597,0.36,0.4962228517469311
nfix,nfix,NTP,100,prior_shift,33,1.0,-0.785010419687311,0.31,0.4962228517469311
nfix,nfix,NTP,100,prior_shift,34,1.0,-1.1932023254997322,0.23,0.4962228517469311
nfix,nfix,NTP,100,prior_shift,35,1.0,-0.785010419687311,0.31,0.4962228517469311
nfix,nfix,NTP,100,prior_shift,36,1.0,-0.6481853369854619,0.34,0.4962228517469311
nfix,nfix,NTP,100,prior_shift,37,1.0,-1.2505574929064738,0.22,0.4962228517469311
nfix,nfix,NTP,100,prior_shift,38,1.0,-1.5705183833155796,0.17,0.4962228517469311
nfix,nfix,NTP,100,prior_shift,39,1.0,-0.929352728416049,0.28,0.4962228517469311
nfix,nfix,NTP,100,prior_shift,40,1.0,-1.2505574929064738,0.22,0.4962228517469311
nfix,nfix,NTP,100,prior_shift,41,1.0,-0.9795136947192598,0.27,0.4962228517469311
nfix,nfix,NTP,100,prior_shift,42,1.0,-1.0308596747578855,0.26,0.4962228517469311
nfix,nfix,NTP,100,prior_shift,43,1.0,-1.2505574929064738,0.22,0.4962228517469311
nfix,nfix,NTP,100,prior_shift,44,1.0,-1.0308596747578855,0.26,0.4962228517469311
nfix,nfix,NTP,100,prior_shift,45,1.0,-0.929352728416049,0.28,0.4962228517469311
nfix,nfix,NTP,100,prior_shift,46,1.0,-0.785010419687311,0.31,0.4962228517469311
nfix,nfix,NTP,100,prior_shift,47,1.0,-0.785010419687311,0.31,0.4962228517469311
nfix,nfix,NTP,100,prior_shift,48,1.0,-0.929352728416049,0.28,0.4962228517469311
nfix,nfix,NTP,100,prior_shift,49,1.0,-1.0835034082433077,0.25,0.4962228517469311
nfix,nfix,NTP,100,prior_shift,50,1.0,-0.6930761774996835,0.33,0.4962228517469311
nfix,nfix,NTP,100,prior_shift,51,1.0,-1.2505574929064738,0.22,0.4962228517469311
nfix,nfix,NTP,100,prior_shift,52,1.0,-0.6039303279814213,0.35,0.4962228517469311
nfix,nfix,NTP,100,prior_shift,53,1.0,-1.4349012950811963,0.19,0.4962228517469311
nfix,nfix,NTP,100,prior_shift,54,1.0,-1.3098165343187966,0.21,0.4962228517469311
nfix,nfix,NTP,100,prior_shift,55,1.0,-0.7386629219515779,0.32,0.4962228517469311
nfix,nfix,NTP,100,prior_shift,56,1.0,-1.4349012950811963,0.19,0.4962228517469311
nfix,nfix,NTP,100,prior_shift,57,1.0,-1.0835034082433077,0.25,0.4962228517469311
nfix,nfix,NTP,100,prior_shift,58,1.0,-1.0308596747578855,0.26,0.4962228517469311
nfix,nfix,NTP,100,prior_shift,59,1.0,-0.7386629219515779,0.32,0.4962228517469311
nfix,nfix,NTP,100,prior_shift,60,1.0,-1.5012386089432865,0.18,0.4962228517469311
nfix,nfix,NTP,100,prior_shift,61,1.0,-0.8321889799624015,0.3,0.4962228517469311
nfix,nfix,NTP,100,prior_shift,62,1.0,-1.3098165343187966,0.21,0.4962228517469311
nfix,nfix,NTP,100,prior_shift,63,1.0,-1.5705183833155796,0.17,0.4962228517469311
nfix,nfix,NTP,100,prior_shift,64,1.0,-1.0835034082433077,0.25,0.4962228517469311
nfix,nfix,NTP,100,prior_shift,65,1.0,-0.9795136947192598,0.27,0.4962228517469311
nfix,nfix,NTP,100,prior_shift,66,1.0,-1.0308596747578855,0.26,0.4962228517469311
nfix,nfix,NTP,100,prior_shift,67,1.0,-0.8802751666300391,0.29,0.4962228517469311
nfix,nfix,NTP,100,prior_shift,68,1.0,-1.0835034082433077,0.25,0.4962228517469311
nfix,nfix,NTP,100,prior_shift,69,1.0,-0.7386629219515779,0.32,0.4962228517469311
nfix,nfix,NTP,100,prior_shift,70,1.0,-0.8802751666300391,0.29,0.4962228517469311
nfix,nfix,NTP,100,prior_shift,71,1.0,-1.2505574929064738,0.22,0.4962228517469311
nfix,nfix,NTP,100,prior_shift,72,1.0,-0.785010419687311,0.31,0.4962228517469311
nfix,nfix,NTP,100,prior_shift,73,1.0,-0.8321889799624015,0.3,0.4962228517469311
nfix,nfix,NTP,100,prior_shift,74,1.0,-1.1375706295135835,0.24,0.4962228517469311
nfix,nfix,NTP,100,prior_shift,75,1.0,-0.7386629219515779,0.32,0.4962228517469311
nfix,nfix,NTP,100,prior_shift,76,1.0,-1.3098165343187966,0.21,0.4962228517469311
nfix,nfix,NTP,100,prior_shift,77,1.0,-0.929352728416049,0.28,0.4962228517469311
nfix,nfix,NTP,100,prior_shift,78,1.0,-0.6039303279814213,0.35,0.4962228517469311
nfix,nfix,NTP,100,prior_shift,79,1.0,-1.3098165343187966,0.21,0.4962228517469311
nfix,nfix,NTP,100,prior_shift,80,1.0,-0.9795136947192598,0.27,0.4962228517469311
nfix,nfix,NTP,100,prior_shift,81,1.0,-1.2505574929064738,0.22,0.4962228517469311
nfix,nfix,NTP,100,prior_shift,82,1.0,-0.47443934489390366,0.38,0.4962228517469311
nfix,nfix,NTP,100,prior_shift,83,1.0,-1.5012386089432865,0.18,0.4962228517469311
nfix,nfix,NTP,100,prior_shift,84,1.0,-1.1932023254997322,0.23,0.4962228517469311
nfix,nfix,NTP,100,prior_shift,85,1.0,-0.6481853369854619,0.34,0.4962228517469311
nfix,nfix,NTP,100,prior_shift,86,1.0,-1.2505574929064738,0.22,0.4962228517469311
nfix,nfix,NTP,100,prior_shift,87,1.0,-1.3098165343187966,0.21,0.4962228517469311
nfix,nfix,NTP,100,prior_shift,88,1.0,-0.8321889799624015,0.3,0.4962228517469311
nfix,nfix,NTP,100,prior_shift,89,1.0,-1.0835034082433077,0.25,0.4962228517469311
nfix,nfix,NTP,100,prior_shift,90,1.0,-1.1932023254997322,0.23,0.4962228517469311
nfix,nfix,NTP,100,prior_shift,91,1.0,-0.8802751666300391,0.29,0.4962228517469311
nfix,nfix,NTP,100,prior_shift,92,1.0,-0.6039303279814213,0.35,0.4962228517469311
nfix,nfix,NTP,100,prior_shift,93,1.0,-1.0308596747578855,0.26,0.4962228517469311
nfix,nfix,NTP,100,prior_shift,94,1.0,-1.0835034082433077,0.25,0.4962228517469311
nfix,nfix,NTP,100,prior_shift,95,1.0,-0.8321889799624015,0.3,0.4962228517469311
nfix,nfix,NTP,100,prior_shift,96,1.0,-1.1375706295135835,0.24,0.4962228517469311
nfix,nfix,NTP,100,prior_shift,97,1.0,-0.785010419687311,0.31,0.4962228517469311
nfix,nfix,NTP,100,prior_shift,98,1.0,-0.9795136947192598,0.27,0.4962228517469311
nfix,nfix,NTP,100,prior_shift,99,1.0,-1.3098165343187966,0.21,0.4962228517469311
nfix,nfix,Probe,250,prior_shift,0,1.0,-1.2978029347610647,0.212,0.4962228517469311
nfix,nfix,Probe,250,prior_shift,1,1.0,-0.7756767696990591,0.312,0.4962228517469311
nfix,nfix,Probe,250,prior_shift,2,1.0,-0.929352728416049,0.28,0.4962228517469311
nfix,nfix,Probe,250,prior_shift,3,1.0,-0.929352728416049,0.28,0.4962228517469311
nfix,nfix,Probe,250,prior_shift,4,1.0,-0.8705814110006359,0.292,0.4962228517469311
nfix,nfix,Probe,250,prior_shift,5,1.0,-0.9095970483746375,0.284,0.4962228517469311
nfix,nfix,Probe,250,prior_shift,6,1.0,-0.8900085508512277,0.288,0.4962228517469311
nfix,nfix,Probe,250,prior_shift,7,1.0,-0.9492816462437641,0.276,0.4962228517469311
nfix,nfix,Probe,250,prior_shift,8,1.0,-0.794377292219293,0.308,0.4962228517469311
nfix,nfix,Probe,250,prior_shift,9,1.0,-0.9896846530256526,0.268,0.4962228517469311
nfix,nfix,Probe,250,prior_shift,10,1.0,-1.2740217322414409,0.216,0.4962228517469311
nfix,nfix,Probe,250,prior_shift,11,1.0,-0.5951506403293755,0.352,0.4962228517469311
nfix,nfix,Probe,250,prior_shift,12,1.0,-1.0728650100382517,0.252,0.4962228517469311
nfix,nfix,Probe,250,prior_shift,13,1.0,-1.1596271037161083,0.236,0.4962228517469311
nfix,nfix,Probe,250,prior_shift,14,1.0,-0.9095970483746375,0.284,0.4962228517469311
nfix,nfix,Probe,250,prior_shift,15,1.0,-1.2978029347610647,0.212,0.4962228517469311
nfix,nfix,Probe,250,prior_shift,16,1.0,-0.9693901014758863,0.272,0.4962228517469311
nfix,nfix,Probe,250,prior_shift,17,1.0,-1.0941986973600557,0.248,0.4962228517469311
nfix,nfix,Probe,250,prior_shift,18,1.0,-0.9492816462437641,0.276,0.4962228517469311
nfix,nfix,Probe,250,prior_shift,19,1.0,-1.18194348105656,0.232,0.4962228517469311
nfix,nfix,Probe,250,prior_shift,20,1.0,-0.929352728416049,0.28,0.4962228517469311
nfix,nfix,Probe,250,prior_shift,21,1.0,-0.8513100214091798,0.296,0.4962228517469311
nfix,nfix,Probe,250,prior_shift,22,1.0,-0.8705814110006359,0.292,0.4962228517469311
nfix,nfix,Probe,250,prior_shift,23,1.0,-0.7756767696990591,0.312,0.4962228517469311
nfix,nfix,Probe,250,prior_shift,24,1.0,-0.9492816462437641,0.276,0.4962228517469311
nfix,nfix,Probe,250,prior_shift,25,1.0,-1.1157642704615292,0.244,0.4962228517469311
nfix,nfix,Probe,250,prior_shift,26,1.0,-1.2045300406455333,0.228,0.4962228517469311
nfix,nfix,Probe,250,prior_shift,27,1.0,-1.18194348105656,0.232,0.4962228517469311
nfix,nfix,Probe,250,prior_shift,28,1.0,-1.010172135157758,0.264,0.4962228517469311
nfix,nfix,Probe,250,prior_shift,29,1.0,-0.8900085508512277,0.288,0.4962228517469311
nfix,nfix,Probe,250,prior_shift,30,1.0,-0.8513100214091798,0.296,0.4962228517469311
nfix,nfix,Probe,250,prior_shift,31,1.0,-0.8132130785033959,0.304,0.4962228517469311
nfix,nfix,Probe,250,prior_shift,32,1.0,-0.9095970483746375,0.284,0.4962228517469311
nfix,nfix,Probe,250,prior_shift,33,1.0,-1.1375706295135835,0.24,0.4962228517469311
nfix,nfix,Probe,250,prior_shift,34,1.0,-1.1157642704615292,0.244,0.4962228517469311
nfix,nfix,Probe,250,prior_shift,35,1.0,-0.9693901014758863,0.272,0.4962228517469311
nfix,nfix,Probe,250,prior_shift,36,1.0,-0.8705814110006359,0.292,0.4962228517469311
nfix,nfix,Probe,250,prior_shift,37,1.0,-0.7571068236108361,0.316,0.4962228517469311
nfix,nfix,Probe,250,prior_shift,38,1.0,-0.9896846530256526,0.268,0.4962228517469311
nfix,nfix,Probe,250,prior_shift,39,1.0,-0.8321889799624015,0.3,0.4962228517469311
nfix,nfix,Probe,250,prior_shift,40,1.0,-1.18194348105656,0.232,0.4962228517469311
nfix,nfix,Probe,250,prior_shift,41,1.0,-1.1596271037161083,0.236,0.4962228517469311
nfix,nfix,Probe,250,prior_shift,42,1.0,-1.1157642704615292,0.244,0.4962228517469311
nfix,nfix,Probe,250,prior_shift,43,1.0,-0.9896846530256526,0.268,0.4962228517469311
nfix,nfix,Probe,250,prior_shift,44,1.0,-0.7021358517142036,0.328,0.4962228517469311
nfix,nfix,Probe,250,prior_shift,45,1.0,-0.9693901014758863,0.272,0.4962228517469311
nfix,nfix,Probe,250,prior_shift,46,1.0,-1.0728650100382517,0.252,0.4962228517469311
nfix,nfix,Probe,250,prior_shift,47,1.0,-0.6127332017273766,0.348,0.4962228517469311
nfix,nfix,Probe,250,prior_shift,48,1.0,-0.7756767696990591,0.312,0.4962228517469311
nfix,nfix,Probe,250,prior_shift,49,1.0,-0.9095970483746375,0.284,0.4962228517469311
nfix,nfix,Probe,250,prior_shift,50,1.0,-0.8321889799624015,0.3,0.4962228517469311
nfix,nfix,Probe,250,prior_shift,51,1.0,-1.0308596747578855,0.26,0.4962228517469311
nfix,nfix,Probe,250,prior_shift,52,1.0,-1.1157642704615292,0.244,0.4962228517469311
nfix,nfix,Probe,250,prior_shift,53,1.0,-0.9492816462437641,0.276,0.4962228517469311
nfix,nfix,Probe,250,prior_shift,54,1.0,-1.0517547099287272,0.256,0.4962228517469311
nfix,nfix,Probe,250,prior_shift,55,1.0,-1.0308596747578855,0.26,0.4962228517469311
nfix,nfix,Probe,250,prior_shift,56,1.0,-1.0517547099287272,0.256,0.4962228517469311
nfix,nfix,Probe,250,prior_shift,57,1.0,-1.0517547099287272,0.256,0.4962228517469311
nfix,nfix,Probe,250,prior_shift,58,1.0,-0.8900085508512277,0.288,0.4962228517469311
nfix,nfix,Probe,250,prior_shift,59,1.0,-0.8705814110006359,0.292,0.4962228517469311
nfix,nfix,Probe,250,prior_shift,60,1.0,-1.2740217322414409,0.216,0.4962228517469311
nfix,nfix,Probe,250,prior_shift,61,1.0,-1.321914431688306,0.208,0.4962228517469311
nfix,nfix,Probe,250,prior_shift,62,1.0,-0.9693901014758863,0.272,0.4962228517469311
nfix,nfix,Probe,250,prior_shift,63,1.0,-0.8132130785033959,0.304,0.4962228517469311
nfix,nfix,Probe,250,prior_shift,64,1.0,-1.2045300406455333,0.228,0.4962228517469311
nfix,nfix,Probe,250,prior_shift,65,1.0,-1.010172135157758,0.264,0.4962228517469311
nfix,nfix,Probe,250,prior_shift,66,1.0,-0.8900085508512277,0.288,0.4962228517469311
nfix,nfix,Probe,250,prior_shift,67,1.0,-0.8513100214091798,0.296,0.4962228517469311
nfix,nfix,Probe,250,prior_shift,68,1.0,-0.8900085508512277,0.288,0.4962228517469311
nfix,nfix,Probe,250,prior_shift,69,1.0,-0.8705814110006359,0.292,0.4962228517469311
nfix,nfix,Probe,250,prior_shift,70,1.0,-1.227397587903377,0.224,0.4962228517469311
nfix,nfix,Probe,250,prior_shift,71,1.0,-1.0308596747578855,0.26,0.4962228517469311
nfix,nfix,Probe,250,prior_shift,72,1.0,-1.2740217322414409,0.216,0.4962228517469311
nfix,nfix,Probe,250,prior_shift,73,1.0,-1.1375706295135835,0.24,0.4962228517469311
nfix,nfix,Probe,250,prior_shift,74,1.0,-1.3463703115753647,0.204,0.4962228517469311
nfix,nfix,Probe,250,prior_shift,75,1.0,-1.2505574929064738,0.22,0.4962228517469311
nfix,nfix,Probe,250,prior_shift,76,1.0,-1.010172135157758,0.264,0.4962228517469311
nfix,nfix,Probe,250,prior_shift,77,1.0,-1.0308596747578855,0.26,0.4962228517469311
nfix,nfix,Probe,250,prior_shift,78,1.0,-0.7571068236108361,0.316,0.4962228517469311
nfix,nfix,Probe,250,prior_shift,79,1.0,-0.9896846530256526,0.268,0.4962228517469311
nfix,nfix,Probe,250,prior_shift,80,1.0,-0.9896846530256526,0.268,0.4962228517469311
nfix,nfix,Probe,250,prior_shift,81,1.0,-0.7386629219515779,0.32,0.4962228517469311
nfix,nfix,Probe,250,prior_shift,82,1.0,-0.9896846530256526,0.268,0.4962228517469311
nfix,nfix,Probe,250,prior_shift,83,1.0,-1.2505574929064738,0.22,0.4962228517469311
nfix,nfix,Probe,250,prior_shift,84,1.0,-0.9693901014758863,0.272,0.4962228517469311
nfix,nfix,Probe,250,prior_shift,85,1.0,-1.2045300406455333,0.228,0.4962228517469311
nfix,nfix,Probe,250,prior_shift,86,1.0,-0.8900085508512277,0.288,0.4962228517469311
nfix,nfix,Probe,250,prior_shift,87,1.0,-1.2740217322414409,0.216,0.4962228517469311
nfix,nfix,Probe,250,prior_shift,88,1.0,-1.0728650100382517,0.252,0.4962228517469311
nfix,nfix,Probe,250,prior_shift,89,1.0,-0.7203406798258325,0.324,0.4962228517469311
nfix,nfix,Probe,250,prior_shift,90,1.0,-1.0728650100382517,0.252,0.4962228517469311
nfix,nfix,Probe,250,prior_shift,91,1.0,-0.7203406798258325,0.324,0.4962228517469311
nfix,nfix,Probe,250,prior_shift,92,1.0,-1.0728650100382517,0.252,0.4962228517469311
nfix,nfix,Probe,250,prior_shift,93,1.0,-1.0308596747578855,0.26,0.4962228517469311
nfix,nfix,Probe,250,prior_shift,94,1.0,-1.2045300406455333,0.228,0.4962228517469311
nfix,nfix,Probe,250,prior_shift,95,1.0,-0.9693901014758863,0.272,0.4962228517469311
nfix,nfix,Probe,250,prior_shift,96,1.0,-0.8705814110006359,0.292,0.4962228517469311
nfix,nfix,Probe,250,prior_shift,97,1.0,-0.8513100214091798,0.296,0.4962228517469311
nfix,nfix,Probe,250,prior_shift,98,1.0,-1.1375706295135835,0.24,0.4962228517469311
nfix,nfix,Probe,250,prior_shift,99,1.0,-0.7756767696990591,0.312,0.4962228517469311
nfix,nfix,NTP,250,prior_shift,0,1.0,-1.2978029347610647,0.212,0.4962228517469311
nfix,nfix,NTP,250,prior_shift,1,1.0,-0.7756767696990591,0.312,0.4962228517469311
nfix,nfix,NTP,250,prior_shift,2,1.0,-0.929352728416049,0.28,0.4962228517469311
nfix,nfix,NTP,250,prior_shift,3,1.0,-0.929352728416049,0.28,0.4962228517469311
nfix,nfix,NTP,250,prior_shift,4,1.0,-0.8705814110006359,0.292,0.4962228517469311
nfix,nfix,NTP,250,prior_shift,5,1.0,-0.9095970483746375,0.284,0.4962228517469311
nfix,nfix,NTP,250,prior_shift,6,1.0,-0.8900085508512277,0.288,0.4962228517469311
nfix,nfix,NTP,250,prior_shift,7,1.0,-0.9492816462437641,0.276,0.4962228517469311
nfix,nfix,NTP,250,prior_shift,8,1.0,-0.794377292219293,0.308,0.4962228517469311
nfix,nfix,NTP,250,prior_shift,9,1.0,-0.9896846530256526,0.268,0.4962228517469311
nfix,nfix,NTP,250,prior_shift,10,1.0,-1.2740217322414409,0.216,0.4962228517469311
nfix,nfix,NTP,250,prior_shift,11,1.0,-0.5951506403293755,0.352,0.4962228517469311
nfix,nfix,NTP,250,prior_shift,12,1.0,-1.0728650100382517,0.252,0.4962228517469311
nfix,nfix,NTP,250,prior_shift,13,1.0,-1.1596271037161083,0.236,0.4962228517469311
nfix,nfix,NTP,250,prior_shift,14,1.0,-0.9095970483746375,0.284,0.4962228517469311
nfix,nfix,NTP,250,prior_shift,15,1.0,-1.2978029347610647,0.212,0.4962228517469311
nfix,nfix,NTP,250,prior_shift,16,1.0,-0.9693901014758863,0.272,0.4962228517469311
nfix,nfix,NTP,250,prior_shift,17,1.0,-1.0941986973600557,0.248,0.4962228517469311
nfix,nfix,NTP,250,prior_shift,18,1.0,-0.9492816462437641,0.276,0.4962228517469311
nfix,nfix,NTP,250,prior_shift,19,1.0,-1.18194348105656,0.232,0.4962228517469311
nfix,nfix,NTP,250,prior_shift,20,1.0,-0.929352728416049,0.28,0.4962228517469311
nfix,nfix,NTP,250,prior_shift,21,1.0,-0.8513100214091798,0.296,0.4962228517469311
nfix,nfix,NTP,250,prior_shift,22,1.0,-0.8705814110006359,0.292,0.4962228517469311
nfix,nfix,NTP,250,prior_shift,23,1.0,-0.7756767696990591,0.312,0.4962228517469311
nfix,nfix,NTP,250,prior_shift,24,1.0,-0.9492816462437641,0.276,0.4962228517469311
nfix,nfix,NTP,250,prior_shift,25,1.0,-1.1157642704615292,0.244,0.4962228517469311
nfix,nfix,NTP,250,prior_shift,26,1.0,-1.2045300406455333,0.228,0.4962228517469311
nfix,nfix,NTP,250,prior_shift,27,1.0,-1.18194348105656,0.232,0.4962228517469311
nfix,nfix,NTP,250,prior_shift,28,1.0,-1.010172135157758,0.264,0.4962228517469311
nfix,nfix,NTP,250,prior_shift,29,1.0,-0.8900085508512277,0.288,0.4962228517469311
nfix,nfix,NTP,250,prior_shift,30,1.0,-0.8513100214091798,0.296,0.4962228517469311
nfix,nfix,NTP,250,prior_shift,31,1.0,-0.8132130785033959,0.304,0.4962228517469311
nfix,nfix,NTP,250,prior_shift,32,1.0,-0.9095970483746375,0.284,0.4962228517469311
nfix,nfix,NTP,250,prior_shift,33,1.0,-1.1375706295135835,0.24,0.4962228517469311
nfix,nfix,NTP,250,prior_shift,34,1.0,-1.1157642704615292,0.244,0.4962228517469311
nfix,nfix,NTP,250,prior_shift,35,1.0,-0.9693901014758863,0.272,0.4962228517469311
nfix,nfix,NTP,250,prior_shift,36,1.0,-0.8705814110006359,0.292,0.4962228517469311
nfix,nfix,NTP,250,prior_shift,37,1.0,-0.7571068236108361,0.316,0.4962228517469311
nfix,nfix,NTP,250,prior_shift,38,1.0,-0.9896846530256526,0.268,0.4962228517469311
nfix,nfix,NTP,250,prior_shift,39,1.0,-0.8321889799624015,0.3,0.4962228517469311
nfix,nfix,NTP,250,prior_shift,40,1.0,-1.18194348105656,0.232,0.4962228517469311
nfix,nfix,NTP,250,prior_shift,41,1.0,-1.1596271037161083,0.236,0.4962228517469311
nfix,nfix,NTP,250,prior_shift,42,1.0,-1.1157642704615292,0.244,0.4962228517469311
nfix,nfix,NTP,250,prior_shift,43,1.0,-0.9896846530256526,0.268,0.4962228517469311
nfix,nfix,NTP,250,prior_shift,44,1.0,-0.7021358517142036,0.328,0.4962228517469311
nfix,nfix,NTP,250,prior_shift,45,1.0,-0.9693901014758863,0.272,0.4962228517469311
nfix,nfix,NTP,250,prior_shift,46,1.0,-1.0728650100382517,0.252,0.4962228517469311
nfix,nfix,NTP,250,prior_shift,47,1.0,-0.6127332017273766,0.348,0.4962228517469311
nfix,nfix,NTP,250,prior_shift,48,1.0,-0.7756767696990591,0.312,0.4962228517469311
nfix,nfix,NTP,250,prior_shift,49,1.0,-0.9095970483746375,0.284,0.4962228517469311
nfix,nfix,NTP,250,prior_shift,50,1.0,-0.8321889799624015,0.3,0.4962228517469311
nfix,nfix,NTP,250,prior_shift,51,1.0,-1.0308596747578855,0.26,0.4962228517469311
nfix,nfix,NTP,250,prior_shift,52,1.0,-1.1157642704615292,0.244,0.4962228517469311
nfix,nfix,NTP,250,prior_shift,53,1.0,-0.9492816462437641,0.276,0.4962228517469311
nfix,nfix,NTP,250,prior_shift,54,1.0,-1.0517547099287272,0.256,0.4962228517469311
nfix,nfix,NTP,250,prior_shift,55,1.0,-1.0308596747578855,0.26,0.4962228517469311
nfix,nfix,NTP,250,prior_shift,56,1.0,-1.0517547099287272,0.256,0.4962228517469311
nfix,nfix,NTP,250,prior_shift,57,1.0,-1.0517547099287272,0.256,0.4962228517469311
nfix,nfix,NTP,250,prior_shift,58,1.0,-0.8900085508512277,0.288,0.4962228517469311
nfix,nfix,NTP,250,prior_shift,59,1.0,-0.8705814110006359,0.292,0.4962228517469311
nfix,nfix,NTP,250,prior_shift,60,1.0,-1.2740217322414409,0.216,0.4962228517469311
nfix,nfix,NTP,250,prior_shift,61,1.0,-1.321914431688306,0.208,0.4962228517469311
nfix,nfix,NTP,250,prior_shift,62,1.0,-0.9693901014758863,0.272,0.4962228517469311
nfix,nfix,NTP,250,prior_shift,63,1.0,-0.8132130785033959,0.304,0.4962228517469311
nfix,nfix,NTP,250,prior_shift,64,1.0,-1.2045300406455333,0.228,0.4962228517469311
nfix,nfix,NTP,250,prior_shift,65,1.0,-1.010172135157758,0.264,0.4962228517469311
nfix,nfix,NTP,250,prior_shift,66,1.0,-0.8900085508512277,0.288,0.4962228517469311
nfix,nfix,NTP,250,prior_shift,67,1.0,-0.8513100214091798,0.296,0.4962228517469311
nfix,nfix,NTP,250,prior_shift,68,1.0,-0.8900085508512277,0.288,0.4962228517469311
nfix,nfix,NTP,250,prior_shift,69,1.0,-0.8705814110006359,0.292,0.4962228517469311
nfix,nfix,NTP,250,prior_shift,70,1.0,-1.227397587903377,0.224,0.4962228517469311
nfix,nfix,NTP,250,prior_shift,71,1.0,-1.0308596747578855,0.26,0.4962228517469311
nfix,nfix,NTP,250,prior_shift,72,1.0,-1.2740217322414409,0.216,0.4962228517469311
nfix,nfix,NTP,250,prior_shift,73,1.0,-1.1375706295135835,0.24,0.4962228517469311
nfix,nfix,NTP,250,prior_shift,74,1.0,-1.3463703115753647,0.204,0.4962228517469311
nfix,nfix,NTP,250,prior_shift,75,1.0,-1.2505574929064738,0.22,0.4962228517469311
nfix,nfix,NTP,250,prior_shift,76,1.0,-1.010172135157758,0.264,0.4962228517469311
nfix,nfix,NTP,250,prior_shift,77,1.0,-1.0308596747578855,0.26,0.4962228517469311
nfix,nfix,NTP,250,prior_shift,78,1.0,-0.7571068236108361,0.316,0.4962228517469311
nfix,nfix,NTP,250,prior_shift,79,1.0,-0.9896846530256526,0.268,0.4962228517469311
nfix,nfix,NTP,250,prior_shift,80,1.0,-0.9896846530256526,0.268,0.4962228517469311
nfix,nfix,NTP,250,prior_shift,81,1.0,-0.7386629219515779,0.32,0.4962228517469311
nfix,nfix,NTP,250,prior_shift,82,1.0,-0.9896846530256526,0.268,0.4962228517469311
nfix,nfix,NTP,250,prior_shift,83,1.0,-1.2505574929064738,0.22,0.4962228517469311
nfix,nfix,NTP,250,prior_shift,84,1.0,-0.9693901014758863,0.272,0.4962228517469311
nfix,nfix,NTP,250,prior_shift,85,1.0,-1.2045300406455333,0.228,0.4962228517469311
nfix,nfix,NTP,250,prior_shift,86,1.0,-0.8900085508512277,0.288,0.4962228517469311
nfix,nfix,NTP,250,prior_shift,87,1.0,-1.2740217322414409,0.216,0.4962228517469311
nfix,nfix,NTP,250,prior_shift,88,1.0,-1.0728650100382517,0.252,0.4962228517469311
nfix,nfix,NTP,250,prior_shift,89,1.0,-0.7203406798258325,0.324,0.4962228517469311
nfix,nfix,NTP,250,prior_shift,90,1.0,-1.0728650100382517,0.252,0.4962228517469311
nfix,nfix,NTP,250,prior_shift,91,1.0,-0.7203406798258325,0.324,0.4962228517469311
nfix,nfix,NTP,250,prior_shift,92,1.0,-1.0728650100382517,0.252,0.4962228517469311
nfix,nfix,NTP,250,prior_shift,93,1.0,-1.0308596747578855,0.26,0.4962228517469311
nfix,nfix,NTP,250,prior_shift,94,1.0,-1.2045300406455333,0.228,0.4962228517469311
nfix,nfix,NTP,250,prior_shift,95,1.0,-0.9693901014758863,0.272,0.4962228517469311
nfix,nfix,NTP,250,prior_shift,96,1.0,-0.8705814110006359,0.292,0.4962228517469311
nfix,nfix,NTP,250,prior_shift,97,1.0,-0.8513100214091798,0.296,0.4962228517469311
nfix,nfix,NTP,250,prior_shift,98,1.0,-1.1375706295135835,0.24,0.4962228517469311
nfix,nfix,NTP,250,prior_shift,99,1.0,-0.7756767696990591,0.312,0.4962228517469311
nfix,nfix,Probe,500,prior_shift,0,1.0,-1.0728650100382517,0.252,0.4962228517469311
nfix,nfix,Probe,500,prior_shift,1,1.0,-0.9896846530256526,0.268,0.4962228517469311
nfix,nfix,Probe,500,prior_shift,2,1.0,-1.1596271037161083,0.236,0.4962228517469311
nfix,nfix,Probe,500,prior_shift,3,1.0,-1.0517547099287272,0.256,0.4962228517469311
nfix,nfix,Probe,500,prior_shift,4,1.0,-0.7386629219515779,0.32,0.4962228517469311
nfix,nfix,Probe,500,prior_shift,5,1.0,-0.8321889799624015,0.3,0.4962228517469311
nfix,nfix,Probe,500,prior_shift,6,1.0,-0.929352728416049,0.28,0.4962228517469311
nfix,nfix,Probe,500,prior_shift,7,1.0,-0.9999038394080143,0.266,0.4962228517469311
nfix,nfix,Probe,500,prior_shift,8,1.0,-0.6571107800291871,0.338,0.4962228517469311
nfix,nfix,Probe,500,prior_shift,9,1.0,-1.0622824527604222,0.254,0.4962228517469311
nfix,nfix,Probe,500,prior_shift,10,1.0,-1.1596271037161083,0.236,0.4962228517469311
nfix,nfix,Probe,500,prior_shift,11,1.0,-0.7112238491207972,0.326,0.4962228517469311
nfix,nfix,Probe,500,prior_shift,12,1.0,-0.9795136947192598,0.27,0.4962228517469311
nfix,nfix,Probe,500,prior_shift,13,1.0,-1.0728650100382517,0.252,0.4962228517469311
nfix,nfix,Probe,500,prior_shift,14,1.0,-0.9593130280119235,0.274,0.4962228517469311
nfix,nfix,Probe,500,prior_shift,15,1.0,-1.1707521739580877,0.234,0.4962228517469311
nfix,nfix,Probe,500,prior_shift,16,1.0,-0.8226832049627008,0.302,0.4962228517469311
nfix,nfix,Probe,500,prior_shift,17,1.0,-1.2389402618813101,0.222,0.4962228517469311
nfix,nfix,Probe,500,prior_shift,18,1.0,-1.0728650100382517,0.252,0.4962228517469311
nfix,nfix,Probe,500,prior_shift,19,1.0,-1.0622824527604222,0.254,0.4962228517469311
nfix,nfix,Probe,500,prior_shift,20,1.0,-1.0941986973600557,0.248,0.4962228517469311
nfix,nfix,Probe,500,prior_shift,21,1.0,-0.8417310370956044,0.298,0.4962228517469311
nfix,nfix,Probe,500,prior_shift,22,1.0,-1.0728650100382517,0.252,0.4962228517469311
nfix,nfix,Probe,500,prior_shift,23,1.0,-0.9896846530256526,0.268,0.4962228517469311
nfix,nfix,Probe,500,prior_shift,24,1.0,-0.7386629219515779,0.32,0.4962228517469311
nfix,nfix,Probe,500,prior_shift,25,1.0,-1.0517547099287272,0.256,0.4962228517469311
nfix,nfix,Probe,500,prior_shift,26,1.0,-1.215927993892639,0.226,0.4962228517469311
nfix,nfix,Probe,500,prior_shift,27,1.0,-1.126636779060883,0.242,0.4962228517469311
nfix,nfix,Probe,500,prior_shift,28,1.0,-0.9194536176853085,0.282,0.4962228517469311
nfix,nfix,Probe,500,prior_shift,29,1.0,-0.747869394638483,0.318,0.4962228517469311
nfix,nfix,Probe,500,prior_shift,30,1.0,-0.7386629219515779,0.32,0.4962228517469311
nfix,nfix,Probe,500,prior_shift,31,1.0,-0.9095970483746375,0.284,0.4962228517469311
nfix,nfix,Probe,500,prior_shift,32,1.0,-0.7663757613928296,0.314,0.4962228517469311
nfix,nfix,Probe,500,prior_shift,33,1.0,-1.0308596747578855,0.26,0.4962228517469311
nfix,nfix,Probe,500,prior_shift,34,1.0,-0.9194536176853085,0.282,0.4962228517469311
nfix,nfix,Probe,500,prior_shift,35,1.0,-1.104951951650791,0.246,0.4962228517469311
nfix,nfix,Probe,500,prior_shift,36,1.0,-1.0728650100382517,0.252,0.4962228517469311
nfix,nfix,Probe,500,prior_shift,37,1.0,-0.8705814110006359,0.292,0.4962228517469311
nfix,nfix,Probe,500,prior_shift,38,1.0,-1.215927993892639,0.226,0.4962228517469311
nfix,nfix,Probe,500,prior_shift,39,1.0,-0.9392951447773868,0.278,0.4962228517469311
nfix,nfix,Probe,500,prior_shift,40,1.0,-1.1485670015903695,0.238,0.4962228517469311
nfix,nfix,Probe,500,prior_shift,41,1.0,-1.0622824527604222,0.254,0.4962228517469311
nfix,nfix,Probe,500,prior_shift,42,1.0,-0.9095970483746375,0.284,0.4962228517469311
nfix,nfix,Probe,500,prior_shift,43,1.0,-0.8997822710949297,0.286,0.4962228517469311
nfix,nfix,Probe,500,prior_shift,44,1.0,-0.7112238491207972,0.326,0.4962228517469311
nfix,nfix,Probe,500,prior_shift,45,1.0,-1.215927993892639,0.226,0.4962228517469311
nfix,nfix,Probe,500,prior_shift,46,1.0,-1.1707521739580877,0.234,0.4962228517469311
nfix,nfix,Probe,500,prior_shift,47,1.0,-0.7294868619711851,0.322,0.4962228517469311
nfix,nfix,Probe,500,prior_shift,48,1.0,-0.8132130785033959,0.304,0.4962228517469311
nfix,nfix,Probe,500,prior_shift,49,1.0,-0.9194536176853085,0.282,0.4962228517469311
nfix,nfix,Probe,500,prior_shift,50,1.0,-0.7571068236108361,0.316,0.4962228517469311
nfix,nfix,Probe,500,prior_shift,51,1.0,-1.0308596747578855,0.26,0.4962228517469311
nfix,nfix,Probe,500,prior_shift,52,1.0,-0.9492816462437641,0.276,0.4962228517469311
nfix,nfix,Probe,500,prior_shift,53,1.0,-0.8132130785033959,0.304,0.4962228517469311
nfix,nfix,Probe,500,prior_shift,54,1.0,-1.0517547099287272,0.256,0.4962228517469311
nfix,nfix,Probe,500,prior_shift,55,1.0,-0.9693901014758863,0.272,0.4962228517469311
nfix,nfix,Probe,500,prior_shift,56,1.0,-1.0622824527604222,0.254,0.4962228517469311
nfix,nfix,Probe,500,prior_shift,57,1.0,-1.0728650100382517,0.252,0.4962228517469311
nfix,nfix,Probe,500,prior_shift,58,1.0,-0.9194536176853085,0.282,0.4962228517469311
nfix,nfix,Probe,500,prior_shift,59,1.0,-0.8609265897297582,0.294,0.4962228517469311
nfix,nfix,Probe,500,prior_shift,60,1.0,-1.2505574929064738,0.22,0.4962228517469311
nfix,nfix,Probe,500,prior_shift,61,1.0,-0.9896846530256526,0.268,0.4962228517469311
nfix,nfix,Probe,500,prior_shift,62,1.0,-0.9492816462437641,0.276,0.4962228517469311
nfix,nfix,Probe,500,prior_shift,63,1.0,-1.0517547099287272,0.256,0.4962228517469311
nfix,nfix,Probe,500,prior_shift,64,1.0,-1.126636779060883,0.242,0.4962228517469311
nfix,nfix,Probe,500,prior_shift,65,1.0,-0.5602552644787597,0.36,0.4962228517469311
nfix,nfix,Probe,500,prior_shift,66,1.0,-0.9392951447773868,0.278,0.4962228517469311
nfix,nfix,Probe,500,prior_shift,67,1.0,-0.9795136947192598,0.27,0.4962228517469311
nfix,nfix,Probe,500,prior_shift,68,1.0,-0.8321889799624015,0.3,0.4962228517469311
nfix,nfix,Probe,500,prior_shift,69,1.0,-1.0517547099287272,0.256,0.4962228517469311
nfix,nfix,Probe,500,prior_shift,70,1.0,-0.929352728416049,0.28,0.4962228517469311
nfix,nfix,Probe,500,prior_shift,71,1.0,-1.215927993892639,0.226,0.4962228517469311
nfix,nfix,Probe,500,prior_shift,72,1.0,-1.1707521739580877,0.234,0.4962228517469311
nfix,nfix,Probe,500,prior_shift,73,1.0,-1.0835034082433077,0.25,0.4962228517469311
nfix,nfix,Probe,500,prior_shift,74,1.0,-1.0622824527604222,0.254,0.4962228517469311
nfix,nfix,Probe,500,prior_shift,75,1.0,-0.9593130280119235,0.274,0.4962228517469311
nfix,nfix,Probe,500,prior_shift,76,1.0,-1.041280777820961,0.258,0.4962228517469311
nfix,nfix,Probe,500,prior_shift,77,1.0,-1.3098165343187966,0.21,0.4962228517469311
nfix,nfix,Probe,500,prior_shift,78,1.0,-0.8900085508512277,0.288,0.4962228517469311
nfix,nfix,Probe,500,prior_shift,79,1.0,-1.126636779060883,0.242,0.4962228517469311
nfix,nfix,Probe,500,prior_shift,80,1.0,-1.126636779060883,0.242,0.4962228517469311
nfix,nfix,Probe,500,prior_shift,81,1.0,-0.9194536176853085,0.282,0.4962228517469311
nfix,nfix,Probe,500,prior_shift,82,1.0,-0.8513100214091798,0.296,0.4962228517469311
nfix,nfix,Probe,500,prior_shift,83,1.0,-1.0622824527604222,0.254,0.4962228517469311
nfix,nfix,Probe,500,prior_shift,84,1.0,-0.9593130280119235,0.274,0.4962228517469311
nfix,nfix,Probe,500,prior_shift,85,1.0,-0.8997822710949297,0.286,0.4962228517469311
nfix,nfix,Probe,500,prior_shift,86,1.0,-1.0517547099287272,0.256,0.4962228517469311
nfix,nfix,Probe,500,prior_shift,87,1.0,-1.0941986973600557,0.248,0.4962228517469311
nfix,nfix,Probe,500,prior_shift,88,1.0,-1.1596271037161083,0.236,0.4962228517469311
nfix,nfix,Probe,500,prior_shift,89,1.0,-0.8802751666300391,0.29,0.4962228517469311
nfix,nfix,Probe,500,prior_shift,90,1.0,-1.0941986973600557,0.248,0.4962228517469311
nfix,nfix,Probe,500,prior_shift,91,1.0,-0.8900085508512277,0.288,0.4962228517469311
nfix,nfix,Probe,500,prior_shift,92,1.0,-0.8609265897297582,0.294,0.4962228517469311
nfix,nfix,Probe,500,prior_shift,93,1.0,-0.9194536176853085,0.282,0.4962228517469311
nfix,nfix,Probe,500,prior_shift,94,1.0,-1.0941986973600557,0.248,0.4962228517469311
nfix,nfix,Probe,500,prior_shift,95,1.0,-0.9693901014758863,0.272,0.4962228517469311
nfix,nfix,Probe,500,prior_shift,96,1.0,-0.794377292219293,0.308,0.4962228517469311
nfix,nfix,Probe,500,prior_shift,97,1.0,-0.6750397971388864,0.334,0.4962228517469311
nfix,nfix,Probe,500,prior_shift,98,1.0,-1.104951951650791,0.246,0.4962228517469311
nfix,nfix,Probe,500,prior_shift,99,1.0,-0.8609265897297582,0.294,0.4962228517469311
nfix,nfix,NTP,500,prior_shift,0,1.0,-1.0728650100382517,0.252,0.4962228517469311
nfix,nfix,NTP,500,prior_shift,1,1.0,-0.9896846530256526,0.268,0.4962228517469311
nfix,nfix,NTP,500,prior_shift,2,1.0,-1.1596271037161083,0.236,0.4962228517469311
nfix,nfix,NTP,500,prior_shift,3,1.0,-1.0517547099287272,0.256,0.4962228517469311
nfix,nfix,NTP,500,prior_shift,4,1.0,-0.7386629219515779,0.32,0.4962228517469311
nfix,nfix,NTP,500,prior_shift,5,1.0,-0.8321889799624015,0.3,0.4962228517469311
nfix,nfix,NTP,500,prior_shift,6,1.0,-0.929352728416049,0.28,0.4962228517469311
nfix,nfix,NTP,500,prior_shift,7,1.0,-0.9999038394080143,0.266,0.4962228517469311
nfix,nfix,NTP,500,prior_shift,8,1.0,-0.6571107800291871,0.338,0.4962228517469311
nfix,nfix,NTP,500,prior_shift,9,1.0,-1.0622824527604222,0.254,0.4962228517469311
nfix,nfix,NTP,500,prior_shift,10,1.0,-1.1596271037161083,0.236,0.4962228517469311
nfix,nfix,NTP,500,prior_shift,11,1.0,-0.7112238491207972,0.326,0.4962228517469311
nfix,nfix,NTP,500,prior_shift,12,1.0,-0.9795136947192598,0.27,0.4962228517469311
nfix,nfix,NTP,500,prior_shift,13,1.0,-1.0728650100382517,0.252,0.4962228517469311
nfix,nfix,NTP,500,prior_shift,14,1.0,-0.9593130280119235,0.274,0.4962228517469311
nfix,nfix,NTP,500,prior_shift,15,1.0,-1.1707521739580877,0.234,0.4962228517469311
nfix,nfix,NTP,500,prior_shift,16,1.0,-0.8226832049627008,0.302,0.4962228517469311
nfix,nfix,NTP,500,prior_shift,17,1.0,-1.2389402618813101,0.222,0.4962228517469311
nfix,nfix,NTP,500,prior_shift,18,1.0,-1.0728650100382517,0.252,0.4962228517469311
nfix,nfix,NTP,500,prior_shift,19,1.0,-1.0622824527604222,0.254,0.4962228517469311
nfix,nfix,NTP,500,prior_shift,20,1.0,-1.0941986973600557,0.248,0.4962228517469311
nfix,nfix,NTP,500,prior_shift,21,1.0,-0.8417310370956044,0.298,0.4962228517469311
nfix,nfix,NTP,500,prior_shift,22,1.0,-1.0728650100382517,0.252,0.4962228517469311
nfix,nfix,NTP,500,prior_shift,23,1.0,-0.9896846530256526,0.268,0.4962228517469311
nfix,nfix,NTP,500,prior_shift,24,1.0,-0.7386629219515779,0.32,0.4962228517469311
nfix,nfix,NTP,500,prior_shift,25,1.0,-1.0517547099287272,0.256,0.4962228517469311
nfix,nfix,NTP,500,prior_shift,26,1.0,-1.215927993892639,0.226,0.4962228517469311
nfix,nfix,NTP,500,prior_shift,27,1.0,-1.126636779060883,0.242,0.4962228517469311
nfix,nfix,NTP,500,prior_shift,28,1.0,-0.9194536176853085,0.282,0.4962228517469311
nfix,nfix,NTP,500,prior_shift,29,1.0,-0.747869394638483,0.318,0.4962228517469311
nfix,nfix,NTP,500,prior_shift,30,1.0,-0.7386629219515779,0.32,0.4962228517469311
nfix,nfix,NTP,500,prior_shift,31,1.0,-0.9095970483746375,0.284,0.4962228517469311
nfix,nfix,NTP,500,prior_shift,32,1.0,-0.7663757613928296,0.314,0.4962228517469311
nfix,nfix,NTP,500,prior_shift,33,1.0,-1.0308596747578855,0.26,0.4962228517469311
nfix,nfix,NTP,500,prior_shift,34,1.0,-0.9194536176853085,0.282,0.4962228517469311
nfix,nfix,NTP,500,prior_shift,35,1.0,-1.104951951650791,0.246,0.4962228517469311
nfix,nfix,NTP,500,prior_shift,36,1.0,-1.0728650100382517,0.252,0.4962228517469311
nfix,nfix,NTP,500,prior_shift,37,1.0,-0.8705814110006359,0.292,0.4962228517469311
nfix,nfix,NTP,500,prior_shift,38,1.0,-1.215927993892639,0.226,0.4962228517469311
nfix,nfix,NTP,500,prior_shift,39,1.0,-0.9392951447773868,0.278,0.4962228517469311
nfix,nfix,NTP,500,prior_shift,40,1.0,-1.1485670015903695,0.238,0.4962228517469311
nfix,nfix,NTP,500,prior_shift,41,1.0,-1.0622824527604222,0.254,0.4962228517469311
nfix,nfix,NTP,500,prior_shift,42,1.0,-0.9095970483746375,0.284,0.4962228517469311
nfix,nfix,NTP,500,prior_shift,43,1.0,-0.8997822710949297,0.286,0.4962228517469311
nfix,nfix,NTP,500,prior_shift,44,1.0,-0.7112238491207972,0.326,0.4962228517469311
nfix,nfix,NTP,500,prior_shift,45,1.0,-1.215927993892639,0.226,0.4962228517469311
nfix,nfix,NTP,500,prior_shift,46,1.0,-1.1707521739580877,0.234,0.4962228517469311
nfix,nfix,NTP,500,prior_shift,47,1.0,-0.7294868619711851,0.322,0.4962228517469311
nfix,nfix,NTP,500,prior_shift,48,1.0,-0.8132130785033959,0.304,0.4962228517469311
nfix,nfix,NTP,500,prior_shift,49,1.0,-0.9194536176853085,0.282,0.4962228517469311
nfix,nfix,NTP,500,prior_shift,50,1.0,-0.7571068236108361,0.316,0.4962228517469311
nfix,nfix,NTP,500,prior_shift,51,1.0,-1.0308596747578855,0.26,0.4962228517469311
nfix,nfix,NTP,500,prior_shift,52,1.0,-0.9492816462437641,0.276,0.4962228517469311
nfix,nfix,NTP,500,prior_shift,53,1.0,-0.8132130785033959,0.304,0.4962228517469311
nfix,nfix,NTP,500,prior_shift,54,1.0,-1.0517547099287272,0.256,0.4962228517469311
nfix,nfix,NTP,500,prior_shift,55,1.0,-0.9693901014758863,0.272,0.4962228517469311
nfix,nfix,NTP,500,prior_shift,56,1.0,-1.0622824527604222,0.254,0.4962228517469311
nfix,nfix,NTP,500,prior_shift,57,1.0,-1.0728650100382517,0.252,0.4962228517469311
nfix,nfix,NTP,500,prior_shift,58,1.0,-0.9194536176853085,0.282,0.4962228517469311
nfix,nfix,NTP,500,prior_shift,59,1.0,-0.8609265897297582,0.294,0.4962228517469311
nfix,nfix,NTP,500,prior_shift,60,1.0,-1.2505574929064738,0.22,0.4962228517469311
nfix,nfix,NTP,500,prior_shift,61,1.0,-0.9896846530256526,0.268,0.4962228517469311
nfix,nfix,NTP,500,prior_shift,62,1.0,-0.9492816462437641,0.276,0.4962228517469311
nfix,nfix,NTP,500,prior_shift,63,1.0,-1.0517547099287272,0.256,0.4962228517469311
nfix,nfix,NTP,500,prior_shift,64,1.0,-1.126636779060883,0.242,0.4962228517469311
nfix,nfix,NTP,500,prior_shift,65,1.0,-0.5602552644787597,0.36,0.4962228517469311
nfix,nfix,NTP,500,prior_shift,66,1.0,-0.9392951447773868,0.278,0.4962228517469311
nfix,nfix,NTP,500,prior_shift,67,1.0,-0.9795136947192598,0.27,0.4962228517469311
nfix,nfix,NTP,500,prior_shift,68,1.0,-0.8321889799624015,0.3,0.4962228517469311
nfix,nfix,NTP,500,prior_shift,69,1.0,-1.0517547099287272,0.256,0.4962228517469311
nfix,nfix,NTP,500,prior_shift,70,1.0,-0.929352728416049,0.28,0.4962228517469311
nfix,nfix,NTP,500,prior_shift,71,1.0,-1.215927993892639,0.226,0.4962228517469311
nfix,nfix,NTP,500,prior_shift,72,1.0,-1.1707521739580877,0.234,0.4962228517469311
nfix,nfix,NTP,500,prior_shift,73,1.0,-1.0835034082433077,0.25,0.4962228517469311
nfix,nfix,NTP,500,prior_shift,74,1.0,-1.0622824527604222,0.254,0.4962228517469311
nfix,nfix,NTP,500,prior_shift,75,1.0,-0.9593130280119235,0.274,0.4962228517469311
nfix,nfix,NTP,500,prior_shift,76,1.0,-1.041280777820961,0.258,0.4962228517469311
nfix,nfix,NTP,500,prior_shift,77,1.0,-1.3098165343187966,0.21,0.4962228517469311
nfix,nfix,NTP,500,prior_shift,78,1.0,-0.8900085508512277,0.288,0.4962228517469311
nfix,nfix,NTP,500,prior_shift,79,1.0,-1.126636779060883,0.242,0.4962228517469311
nfix,nfix,NTP,500,prior_shift,80,1.0,-1.126636779060883,0.242,0.4962228517469311
nfix,nfix,NTP,500,prior_shift,81,1.0,-0.9194536176853085,0.282,0.4962228517469311
nfix,nfix,NTP,500,prior_shift,82,1.0,-0.8513100214091798,0.296,0.4962228517469311
nfix,nfix,NTP,500,prior_shift,83,1.0,-1.0622824527604222,0.254,0.4962228517469311
nfix,nfix,NTP,500,prior_shift,84,1.0,-0.9593130280119235,0.274,0.4962228517469311
nfix,nfix,NTP,500,prior_shift,85,1.0,-0.8997822710949297,0.286,0.4962228517469311
nfix,nfix,NTP,500,prior_shift,86,1.0,-1.0517547099287272,0.256,0.4962228517469311
nfix,nfix,NTP,500,prior_shift,87,1.0,-1.0941986973600557,0.248,0.4962228517469311
nfix,nfix,NTP,500,prior_shift,88,1.0,-1.1596271037161083,0.236,0.4962228517469311
nfix,nfix,NTP,500,prior_shift,89,1.0,-0.8802751666300391,0.29,0.4962228517469311
nfix,nfix,NTP,500,prior_shift,90,1.0,-1.0941986973600557,0.248,0.4962228517469311
nfix,nfix,NTP,500,prior_shift,91,1.0,-0.8900085508512277,0.288,0.4962228517469311
nfix,nfix,NTP,500,prior_shift,92,1.0,-0.8609265897297582,0.294,0.4962228517469311
nfix,nfix,NTP,500,prior_shift,93,1.0,-0.9194536176853085,0.282,0.4962228517469311
nfix,nfix,NTP,500,prior_shift,94,1.0,-1.0941986973600557,0.248,0.4962228517469311
nfix,nfix,NTP,500,prior_shift,95,1.0,-0.9693901014758863,0.272,0.4962228517469311
nfix,nfix,NTP,500,prior_shift,96,1.0,-0.794377292219293,0.308,0.4962228517469311
nfix,nfix,NTP,500,prior_shift,97,1.0,-0.6750397971388864,0.334,0.4962228517469311
nfix,nfix,NTP,500,prior_shift,98,1.0,-1.104951951650791,0.246,0.4962228517469311
nfix,nfix,NTP,500,prior_shift,99,1.0,-0.8609265897297582,0.294,0.4962228517469311
nfix,nfix,Probe,1000,prior_shift,0,1.0,-1.1375706295135835,0.24,0.4962228517469311
nfix,nfix,Probe,1000,prior_shift,1,1.0,-0.9046844820005551,0.285,0.4962228517469311
nfix,nfix,Probe,1000,prior_shift,2,1.0,-1.1540890097245238,0.237,0.4962228517469311
nfix,nfix,Probe,1000,prior_shift,3,1.0,-0.9542916767633012,0.275,0.4962228517469311
nfix,nfix,Probe,1000,prior_shift,4,1.0,-0.7524842052687072,0.317,0.4962228517469311
nfix,nfix,Probe,1000,prior_shift,5,1.0,-0.9896846530256526,0.268,0.4962228517469311
nfix,nfix,Probe,1000,prior_shift,6,1.0,-0.9593130280119235,0.274,0.4962228517469311
nfix,nfix,Probe,1000,prior_shift,7,1.0,-0.9795136947192598,0.27,0.4962228517469311
nfix,nfix,Probe,1000,prior_shift,8,1.0,-0.8132130785033959,0.304,0.4962228517469311
nfix,nfix,Probe,1000,prior_shift,9,1.0,-1.0781771639606335,0.251,0.4962228517469311
nfix,nfix,Probe,1000,prior_shift,10,1.0,-1.041280777820961,0.258,0.4962228517469311
nfix,nfix,Probe,1000,prior_shift,11,1.0,-0.60832883958134,0.349,0.4962228517469311
nfix,nfix,Probe,1000,prior_shift,12,1.0,-0.9542916767633012,0.275,0.4962228517469311
nfix,nfix,Probe,1000,prior_shift,13,1.0,-1.1375706295135835,0.24,0.4962228517469311
nfix,nfix,Probe,1000,prior_shift,14,1.0,-0.9492816462437641,0.276,0.4962228517469311
nfix,nfix,Probe,1000,prior_shift,15,1.0,-1.1430609255053732,0.239,0.4962228517469311
nfix,nfix,Probe,1000,prior_shift,16,1.0,-0.875423378935833,0.291,0.4962228517469311
nfix,nfix,Probe,1000,prior_shift,17,1.0,-1.0888438748746252,0.249,0.4962228517469311
nfix,nfix,Probe,1000,prior_shift,18,1.0,-1.1157642704615292,0.244,0.4962228517469311
nfix,nfix,Probe,1000,prior_shift,19,1.0,-1.1707521739580877,0.234,0.4962228517469311
nfix,nfix,Probe,1000,prior_shift,20,1.0,-0.9693901014758863,0.272,0.4962228517469311
nfix,nfix,Probe,1000,prior_shift,21,1.0,-1.0622824527604222,0.254,0.4962228517469311
nfix,nfix,Probe,1000,prior_shift,22,1.0,-1.132095963480173,0.241,0.4962228517469311
nfix,nfix,Probe,1000,prior_shift,23,1.0,-1.0256686332007061,0.261,0.4962228517469311
nfix,nfix,Probe,1000,prior_shift,24,1.0,-0.8084911885325784,0.305,0.4962228517469311
nfix,nfix,Probe,1000,prior_shift,25,1.0,-0.9492816462437641,0.276,0.4962228517469311
nfix,nfix,Probe,1000,prior_shift,26,1.0,-1.1485670015903695,0.238,0.4962228517469311
nfix,nfix,Probe,1000,prior_shift,27,1.0,-1.1875643785590484,0.231,0.4962228517469311
nfix,nfix,Probe,1000,prior_shift,28,1.0,-0.9194536176853085,0.282,0.4962228517469311
nfix,nfix,Probe,1000,prior_shift,29,1.0,-1.104951951650791,0.246,0.4962228517469311
nfix,nfix,Probe,1000,prior_shift,30,1.0,-0.8561135660476468,0.295,0.4962228517469311
nfix,nfix,Probe,1000,prior_shift,31,1.0,-0.8609265897297582,0.294,0.4962228517469311
nfix,nfix,Probe,1000,prior_shift,32,1.0,-0.7896896664451222,0.309,0.4962228517469311
nfix,nfix,Probe,1000,prior_shift,33,1.0,-1.0728650100382517,0.252,0.4962228517469311
nfix,nfix,Probe,1000,prior_shift,34,1.0,-0.9392951447773868,0.278,0.4962228517469311
nfix,nfix,Probe,1000,prior_shift,35,1.0,-1.0308596747578855,0.26,0.4962228517469311
nfix,nfix,Probe,1000,prior_shift,36,1.0,-1.0050317928018124,0.265,0.4962228517469311
nfix,nfix,Probe,1000,prior_shift,37,1.0,-0.9542916767633012,0.275,0.4962228517469311
nfix,nfix,Probe,1000,prior_shift,38,1.0,-1.0941986973600557,0.248,0.4962228517469311
nfix,nfix,Probe,1000,prior_shift,39,1.0,-1.010172135157758,0.264,0.4962228517469311
nfix,nfix,Probe,1000,prior_shift,40,1.0,-1.104951951650791,0.246,0.4962228517469311
nfix,nfix,Probe,1000,prior_shift,41,1.0,-0.9947881630615997,0.267,0.4962228517469311
nfix,nfix,Probe,1000,prior_shift,42,1.0,-0.9542916767633012,0.275,0.4962228517469311
nfix,nfix,Probe,1000,prior_shift,43,1.0,-0.929352728416049,0.28,0.4962228517469311
nfix,nfix,Probe,1000,prior_shift,44,1.0,-0.6795386755103776,0.333,0.4962228517469311
nfix,nfix,Probe,1000,prior_shift,45,1.0,-1.0050317928018124,0.265,0.4962228517469311
nfix,nfix,Probe,1000,prior_shift,46,1.0,-0.9542916767633012,0.275,0.4962228517469311
nfix,nfix,Probe,1000,prior_shift,47,1.0,-0.771022221257394,0.313,0.4962228517469311
nfix,nfix,Probe,1000,prior_shift,48,1.0,-0.875423378935833,0.291,0.4962228517469311
nfix,nfix,Probe,1000,prior_shift,49,1.0,-0.9795136947192598,0.27,0.4962228517469311
nfix,nfix,Probe,1000,prior_shift,50,1.0,-0.7386629219515779,0.32,0.4962228517469311
nfix,nfix,Probe,1000,prior_shift,51,1.0,-1.0781771639606335,0.251,0.4962228517469311
nfix,nfix,Probe,1000,prior_shift,52,1.0,-1.0517547099287272,0.256,0.4962228517469311
nfix,nfix,Probe,1000,prior_shift,53,1.0,-1.0153249795867698,0.263,0.4962228517469311
nfix,nfix,Probe,1000,prior_shift,54,1.0,-1.0835034082433077,0.25,0.4962228517469311
nfix,nfix,Probe,1000,prior_shift,55,1.0,-1.1932023254997322,0.23,0.4962228517469311
nfix,nfix,Probe,1000,prior_shift,56,1.0,-1.126636779060883,0.242,0.4962228517469311
nfix,nfix,Probe,1000,prior_shift,57,1.0,-1.010172135157758,0.264,0.4962228517469311
nfix,nfix,Probe,1000,prior_shift,58,1.0,-1.0308596747578855,0.26,0.4962228517469311
nfix,nfix,Probe,1000,prior_shift,59,1.0,-0.8465158725831633,0.297,0.4962228517469311
nfix,nfix,Probe,1000,prior_shift,60,1.0,-1.1430609255053732,0.239,0.4962228517469311
nfix,nfix,Probe,1000,prior_shift,61,1.0,-0.9593130280119235,0.274,0.4962228517469311
nfix,nfix,Probe,1000,prior_shift,62,1.0,-0.9046844820005551,0.285,0.4962228517469311
nfix,nfix,Probe,1000,prior_shift,63,1.0,-0.9643458019237573,0.273,0.4962228517469311
nfix,nfix,Probe,1000,prior_shift,64,1.0,-1.0728650100382517,0.252,0.4962228517469311
nfix,nfix,Probe,1000,prior_shift,65,1.0,-0.6660621090884273,0.336,0.4962228517469311
nfix,nfix,Probe,1000,prior_shift,66,1.0,-0.9999038394080143,0.266,0.4962228517469311
nfix,nfix,Probe,1000,prior_shift,67,1.0,-0.9243978079624986,0.281,0.4962228517469311
nfix,nfix,Probe,1000,prior_shift,68,1.0,-0.8705814110006359,0.292,0.4962228517469311
nfix,nfix,Probe,1000,prior_shift,69,1.0,-1.0153249795867698,0.263,0.4962228517469311
nfix,nfix,Probe,1000,prior_shift,70,1.0,-0.794377292219293,0.308,0.4962228517469311
nfix,nfix,Probe,1000,prior_shift,71,1.0,-1.0465110793977372,0.257,0.4962228517469311
nfix,nfix,Probe,1000,prior_shift,72,1.0,-1.2216537467241246,0.225,0.4962228517469311
nfix,nfix,Probe,1000,prior_shift,73,1.0,-1.0465110793977372,0.257,0.4962228517469311
nfix,nfix,Probe,1000,prior_shift,74,1.0,-0.8851368612660067,0.289,0.4962228517469311
nfix,nfix,Probe,1000,prior_shift,75,1.0,-1.0995680107471144,0.247,0.4962228517469311
nfix,nfix,Probe,1000,prior_shift,76,1.0,-0.8274315970601324,0.301,0.4962228517469311
nfix,nfix,Probe,1000,prior_shift,77,1.0,-1.1988574895842878,0.229,0.4962228517469311
nfix,nfix,Probe,1000,prior_shift,78,1.0,-0.8226832049627008,0.302,0.4962228517469311
nfix,nfix,Probe,1000,prior_shift,79,1.0,-1.0153249795867698,0.263,0.4962228517469311
nfix,nfix,Probe,1000,prior_shift,80,1.0,-1.1375706295135835,0.24,0.4962228517469311
nfix,nfix,Probe,1000,prior_shift,81,1.0,-0.9392951447773868,0.278,0.4962228517469311
nfix,nfix,Probe,1000,prior_shift,82,1.0,-0.9095970483746375,0.284,0.4962228517469311
nfix,nfix,Probe,1000,prior_shift,83,1.0,-0.9999038394080143,0.266,0.4962228517469311
nfix,nfix,Probe,1000,prior_shift,84,1.0,-1.1375706295135835,0.24,0.4962228517469311
nfix,nfix,Probe,1000,prior_shift,85,1.0,-0.9947881630615997,0.267,0.4962228517469311
nfix,nfix,Probe,1000,prior_shift,86,1.0,-1.0835034082433077,0.25,0.4962228517469311
nfix,nfix,Probe,1000,prior_shift,87,1.0,-1.18194348105656,0.232,0.4962228517469311
nfix,nfix,Probe,1000,prior_shift,88,1.0,-0.9845931997231371,0.269,0.4962228517469311
nfix,nfix,Probe,1000,prior_shift,89,1.0,-0.8802751666300391,0.29,0.4962228517469311
nfix,nfix,Probe,1000,prior_shift,90,1.0,-0.9947881630615997,0.267,0.4962228517469311
nfix,nfix,Probe,1000,prior_shift,91,1.0,-0.929352728416049,0.28,0.4962228517469311
nfix,nfix,Probe,1000,prior_shift,92,1.0,-0.9194536176853085,0.282,0.4962228517469311
nfix,nfix,Probe,1000,prior_shift,93,1.0,-0.9343184750387812,0.279,0.4962228517469311
nfix,nfix,Probe,1000,prior_shift,94,1.0,-1.1157642704615292,0.244,0.4962228517469311
nfix,nfix,Probe,1000,prior_shift,95,1.0,-0.9243978079624986,0.281,0.4962228517469311
nfix,nfix,Probe,1000,prior_shift,96,1.0,-0.9744460307041549,0.271,0.4962228517469311
nfix,nfix,Probe,1000,prior_shift,97,1.0,-0.8657491764547034,0.293,0.4962228517469311
nfix,nfix,Probe,1000,prior_shift,98,1.0,-1.0622824527604222,0.254,0.4962228517469311
nfix,nfix,Probe,1000,prior_shift,99,1.0,-0.8609265897297582,0.294,0.4962228517469311
nfix,nfix,NTP,1000,prior_shift,0,1.0,-1.1375706295135835,0.24,0.4962228517469311
nfix,nfix,NTP,1000,prior_shift,1,1.0,-0.9046844820005551,0.285,0.4962228517469311
nfix,nfix,NTP,1000,prior_shift,2,1.0,-1.1540890097245238,0.237,0.4962228517469311
nfix,nfix,NTP,1000,prior_shift,3,1.0,-0.9542916767633012,0.275,0.4962228517469311
nfix,nfix,NTP,1000,prior_shift,4,1.0,-0.7524842052687072,0.317,0.4962228517469311
nfix,nfix,NTP,1000,prior_shift,5,1.0,-0.9896846530256526,0.268,0.4962228517469311
nfix,nfix,NTP,1000,prior_shift,6,1.0,-0.9593130280119235,0.274,0.4962228517469311
nfix,nfix,NTP,1000,prior_shift,7,1.0,-0.9795136947192598,0.27,0.4962228517469311
nfix,nfix,NTP,1000,prior_shift,8,1.0,-0.8132130785033959,0.304,0.4962228517469311
nfix,nfix,NTP,1000,prior_shift,9,1.0,-1.0781771639606335,0.251,0.4962228517469311
nfix,nfix,NTP,1000,prior_shift,10,1.0,-1.041280777820961,0.258,0.4962228517469311
nfix,nfix,NTP,1000,prior_shift,11,1.0,-0.60832883958134,0.349,0.4962228517469311
nfix,nfix,NTP,1000,prior_shift,12,1.0,-0.9542916767633012,0.275,0.4962228517469311
nfix,nfix,NTP,1000,prior_shift,13,1.0,-1.1375706295135835,0.24,0.4962228517469311
nfix,nfix,NTP,1000,prior_shift,14,1.0,-0.9492816462437641,0.276,0.4962228517469311
nfix,nfix,NTP,1000,prior_shift,15,1.0,-1.1430609255053732,0.239,0.4962228517469311
nfix,nfix,NTP,1000,prior_shift,16,1.0,-0.875423378935833,0.291,0.4962228517469311
nfix,nfix,NTP,1000,prior_shift,17,1.0,-1.0888438748746252,0.249,0.4962228517469311
nfix,nfix,NTP,1000,prior_shift,18,1.0,-1.1157642704615292,0.244,0.4962228517469311
nfix,nfix,NTP,1000,prior_shift,19,1.0,-1.1707521739580877,0.234,0.4962228517469311
nfix,nfix,NTP,1000,prior_shift,20,1.0,-0.9693901014758863,0.272,0.4962228517469311
nfix,nfix,NTP,1000,prior_shift,21,1.0,-1.0622824527604222,0.254,0.4962228517469311
nfix,nfix,NTP,1000,prior_shift,22,1.0,-1.132095963480173,0.241,0.4962228517469311
nfix,nfix,NTP,1000,prior_shift,23,1.0,-1.0256686332007061,0.261,0.4962228517469311
nfix,nfix,NTP,1000,prior_shift,24,1.0,-0.8084911885325784,0.305,0.4962228517469311
nfix,nfix,NTP,1000,prior_shift,25,1.0,-0.9492816462437641,0.276,0.4962228517469311
nfix,nfix,NTP,1000,prior_shift,26,1.0,-1.1485670015903695,0.238,0.4962228517469311
nfix,nfix,NTP,1000,prior_shift,27,1.0,-1.1875643785590484,0.231,0.4962228517469311
nfix,nfix,NTP,1000,prior_shift,28,1.0,-0.9194536176853085,0.282,0.4962228517469311
nfix,nfix,NTP,1000,prior_shift,29,1.0,-1.104951951650791,0.246,0.4962228517469311
nfix,nfix,NTP,1000,prior_shift,30,1.0,-0.8561135660476468,0.295,0.4962228517469311
nfix,nfix,NTP,1000,prior_shift,31,1.0,-0.8609265897297582,0.294,0.4962228517469311
nfix,nfix,NTP,1000,prior_shift,32,1.0,-0.7896896664451222,0.309,0.4962228517469311
nfix,nfix,NTP,1000,prior_shift,33,1.0,-1.0728650100382517,0.252,0.4962228517469311
nfix,nfix,NTP,1000,prior_shift,34,1.0,-0.9392951447773868,0.278,0.4962228517469311
nfix,nfix,NTP,1000,prior_shift,35,1.0,-1.0308596747578855,0.26,0.4962228517469311
nfix,nfix,NTP,1000,prior_shift,36,1.0,-1.0050317928018124,0.265,0.4962228517469311
nfix,nfix,NTP,1000,prior_shift,37,1.0,-0.9542916767633012,0.275,0.4962228517469311
nfix,nfix,NTP,1000,prior_shift,38,1.0,-1.0941986973600557,0.248,0.4962228517469311
nfix,nfix,NTP,1000,prior_shift,39,1.0,-1.010172135157758,0.264,0.4962228517469311
nfix,nfix,NTP,1000,prior_shift,40,1.0,-1.104951951650791,0.246,0.4962228517469311
nfix,nfix,NTP,1000,prior_shift,41,1.0,-0.9947881630615997,0.267,0.4962228517469311
nfix,nfix,NTP,1000,prior_shift,42,1.0,-0.9542916767633012,0.275,0.4962228517469311
nfix,nfix,NTP,1000,prior_shift,43,1.0,-0.929352728416049,0.28,0.4962228517469311
nfix,nfix,NTP,1000,prior_shift,44,1.0,-0.6795386755103776,0.333,0.4962228517469311
nfix,nfix,NTP,1000,prior_shift,45,1.0,-1.0050317928018124,0.265,0.4962228517469311
nfix,nfix,NTP,1000,prior_shift,46,1.0,-0.9542916767633012,0.275,0.4962228517469311
nfix,nfix,NTP,1000,prior_shift,47,1.0,-0.771022221257394,0.313,0.4962228517469311
nfix,nfix,NTP,1000,prior_shift,48,1.0,-0.875423378935833,0.291,0.4962228517469311
nfix,nfix,NTP,1000,prior_shift,49,1.0,-0.9795136947192598,0.27,0.4962228517469311
nfix,nfix,NTP,1000,prior_shift,50,1.0,-0.7386629219515779,0.32,0.4962228517469311
nfix,nfix,NTP,1000,prior_shift,51,1.0,-1.0781771639606335,0.251,0.4962228517469311
nfix,nfix,NTP,1000,prior_shift,52,1.0,-1.0517547099287272,0.256,0.4962228517469311
nfix,nfix,NTP,1000,prior_shift,53,1.0,-1.0153249795867698,0.263,0.4962228517469311
nfix,nfix,NTP,1000,prior_shift,54,1.0,-1.0835034082433077,0.25,0.4962228517469311
nfix,nfix,NTP,1000,prior_shift,55,1.0,-1.1932023254997322,0.23,0.4962228517469311
nfix,nfix,NTP,1000,prior_shift,56,1.0,-1.126636779060883,0.242,0.4962228517469311
nfix,nfix,NTP,1000,prior_shift,57,1.0,-1.010172135157758,0.264,0.4962228517469311
nfix,nfix,NTP,1000,prior_shift,58,1.0,-1.0308596747578855,0.26,0.4962228517469311
nfix,nfix,NTP,1000,prior_shift,59,1.0,-0.8465158725831633,0.297,0.4962228517469311
nfix,nfix,NTP,1000,prior_shift,60,1.0,-1.1430609255053732,0.239,0.4962228517469311
nfix,nfix,NTP,1000,prior_shift,61,1.0,-0.9593130280119235,0.274,0.4962228517469311
nfix,nfix,NTP,1000,prior_shift,62,1.0,-0.9046844820005551,0.285,0.4962228517469311
nfix,nfix,NTP,1000,prior_shift,63,1.0,-0.9643458019237573,0.273,0.4962228517469311
nfix,nfix,NTP,1000,prior_shift,64,1.0,-1.0728650100382517,0.252,0.4962228517469311
nfix,nfix,NTP,1000,prior_shift,65,1.0,-0.6660621090884273,0.336,0.4962228517469311
nfix,nfix,NTP,1000,prior_shift,66,1.0,-0.9999038394080143,0.266,0.4962228517469311
nfix,nfix,NTP,1000,prior_shift,67,1.0,-0.9243978079624986,0.281,0.4962228517469311
nfix,nfix,NTP,1000,prior_shift,68,1.0,-0.8705814110006359,0.292,0.4962228517469311
nfix,nfix,NTP,1000,prior_shift,69,1.0,-1.0153249795867698,0.263,0.4962228517469311
nfix,nfix,NTP,1000,prior_shift,70,1.0,-0.794377292219293,0.308,0.4962228517469311
nfix,nfix,NTP,1000,prior_shift,71,1.0,-1.0465110793977372,0.257,0.4962228517469311
nfix,nfix,NTP,1000,prior_shift,72,1.0,-1.2216537467241246,0.225,0.4962228517469311
nfix,nfix,NTP,1000,prior_shift,73,1.0,-1.0465110793977372,0.257,0.4962228517469311
nfix,nfix,NTP,1000,prior_shift,74,1.0,-0.8851368612660067,0.289,0.4962228517469311
nfix,nfix,NTP,1000,prior_shift,75,1.0,-1.0995680107471144,0.247,0.4962228517469311
nfix,nfix,NTP,1000,prior_shift,76,1.0,-0.8274315970601324,0.301,0.4962228517469311
nfix,nfix,NTP,1000,prior_shift,77,1.0,-1.1988574895842878,0.229,0.4962228517469311
nfix,nfix,NTP,1000,prior_shift,78,1.0,-0.8226832049627008,0.302,0.4962228517469311
nfix,nfix,NTP,1000,prior_shift,79,1.0,-1.0153249795867698,0.263,0.4962228517469311
nfix,nfix,NTP,1000,prior_shift,80,1.0,-1.1375706295135835,0.24,0.4962228517469311
nfix,nfix,NTP,1000,prior_shift,81,1.0,-0.9392951447773868,0.278,0.4962228517469311
nfix,nfix,NTP,1000,prior_shift,82,1.0,-0.9095970483746375,0.284,0.4962228517469311
nfix,nfix,NTP,1000,prior_shift,83,1.0,-0.9999038394080143,0.266,0.4962228517469311
nfix,nfix,NTP,1000,prior_shift,84,1.0,-1.1375706295135835,0.24,0.4962228517469311
nfix,nfix,NTP,1000,prior_shift,85,1.0,-0.9947881630615997,0.267,0.4962228517469311
nfix,nfix,NTP,1000,prior_shift,86,1.0,-1.0835034082433077,0.25,0.4962228517469311
nfix,nfix,NTP,1000,prior_shift,87,1.0,-1.18194348105656,0.232,0.4962228517469311
nfix,nfix,NTP,1000,prior_shift,88,1.0,-0.9845931997231371,0.269,0.4962228517469311
nfix,nfix,NTP,1000,prior_shift,89,1.0,-0.8802751666300391,0.29,0.4962228517469311
nfix,nfix,NTP,1000,prior_shift,90,1.0,-0.9947881630615997,0.267,0.4962228517469311
nfix,nfix,NTP,1000,prior_shift,91,1.0,-0.929352728416049,0.28,0.4962228517469311
nfix,nfix,NTP,1000,prior_shift,92,1.0,-0.9194536176853085,0.282,0.4962228517469311
nfix,nfix,NTP,1000,prior_shift,93,1.0,-0.9343184750387812,0.279,0.4962228517469311
nfix,nfix,NTP,1000,prior_shift,94,1.0,-1.1157642704615292,0.244,0.4962228517469311
nfix,nfix,NTP,1000,prior_shift,95,1.0,-0.9243978079624986,0.281,0.4962228517469311
nfix,nfix,NTP,1000,prior_shift,96,1.0,-0.9744460307041549,0.271,0.4962228517469311
nfix,nfix,NTP,1000,prior_shift,97,1.0,-0.8657491764547034,0.293,0.4962228517469311
nfix,nfix,NTP,1000,prior_shift,98,1.0,-1.0622824527604222,0.254,0.4962228517469311
nfix,nfix,NTP,1000,prior_shift,99,1.0,-0.8609265897297582,0.294,0.4962228517469311
nfix,supermat,Probe,10,prior_shift,0,1.0,-2.182115696911417,0.1,0.4962228517469311
nfix,supermat,Probe,10,prior_shift,1,1.0,-1.3711854806950885,0.2,0.4962228517469311
nfix,supermat,Probe,10,prior_shift,2,1.0,0.015108880424802138,0.5,0.4962228517469311
nfix,supermat,Probe,10,prior_shift,3,1.0,0.015108880424802138,0.5,0.4962228517469311
nfix,supermat,Probe,10,prior_shift,4,1.0,-0.39035622768336214,0.4,0.4962228517469311
nfix,supermat,Probe,10,prior_shift,5,1.0,-1.3711854806950885,0.2,0.4962228517469311
nfix,supermat,Probe,10,prior_shift,6,1.0,-1.3711854806950885,0.2,0.4962228517469311
nfix,supermat,Probe,10,prior_shift,7,1.0,0.8624067408120056,0.7,0.4962228517469311
nfix,supermat,Probe,10,prior_shift,8,1.0,-0.8321889799624015,0.3,0.4962228517469311
nfix,supermat,Probe,10,prior_shift,9,1.0,-0.8321889799624015,0.3,0.4962228517469311
nfix,supermat,Probe,10,prior_shift,10,1.0,-1.3711854806950885,0.2,0.4962228517469311
nfix,supermat,Probe,10,prior_shift,11,1.0,-0.39035622768336214,0.4,0.4962228517469311
nfix,supermat,Probe,10,prior_shift,12,1.0,0.015108880424802138,0.5,0.4962228517469311
nfix,supermat,Probe,10,prior_shift,13,1.0,-1.3711854806950885,0.2,0.4962228517469311
nfix,supermat,Probe,10,prior_shift,14,1.0,0.015108880424802138,0.5,0.4962228517469311
nfix,supermat,Probe,10,prior_shift,15,1.0,0.4205739885329664,0.6,0.4962228517469311
nfix,supermat,Probe,10,prior_shift,16,1.0,0.015108880424802138,0.5,0.4962228517469311
nfix,supermat,Probe,10,prior_shift,17,1.0,-0.8321889799624015,0.3,0.4962228517469311
nfix,supermat,Probe,10,prior_shift,18,1.0,-0.8321889799624015,0.3,0.4962228517469311
nfix,supermat,Probe,10,prior_shift,19,1.0,-1.3711854806950885,0.2,0.4962228517469311
nfix,supermat,Probe,10,prior_shift,20,1.0,0.015108880424802138,0.5,0.4962228517469311
nfix,supermat,Probe,10,prior_shift,21,1.0,-2.182115696911417,0.1,0.4962228517469311
nfix,supermat,Probe,10,prior_shift,22,1.0,-1.3711854806950885,0.2,0.4962228517469311
nfix,supermat,Probe,10,prior_shift,23,1.0,-0.39035622768336214,0.4,0.4962228517469311
nfix,supermat,Probe,10,prior_shift,24,1.0,-2.182115696911417,0.1,0.4962228517469311
nfix,supermat,Probe,10,prior_shift,25,1.0,-0.8321889799624015,0.3,0.4962228517469311
nfix,supermat,Probe,10,prior_shift,26,1.0,0.015108880424802138,0.5,0.4962228517469311
nfix,supermat,Probe,10,prior_shift,27,1.0,-1.3711854806950885,0.2,0.4962228517469311
nfix,supermat,Probe,10,prior_shift,28,1.0,-0.8321889799624015,0.3,0.4962228517469311
nfix,supermat,Probe,10,prior_shift,29,1.0,-1.3711854806950885,0.2,0.4962228517469311
nfix,supermat,Probe,10,prior_shift,30,1.0,-1.3711854806950885,0.2,0.4962228517469311
nfix,supermat,Probe,10,prior_shift,31,1.0,-0.8321889799624015,0.3,0.4962228517469311
nfix,supermat,Probe,10,prior_shift,32,1.0,-0.8321889799624015,0.3,0.4962228517469311
nfix,supermat,Probe,10,prior_shift,33,1.0,-2.182115696911417,0.1,0.4962228517469311
nfix,supermat,Probe,10,prior_shift,34,1.0,0.4205739885329664,0.6,0.4962228517469311
nfix,supermat,Probe,10,prior_shift,35,1.0,-0.8321889799624015,0.3,0.4962228517469311
nfix,supermat,Probe,10,prior_shift,36,1.0,0.015108880424802138,0.5,0.4962228517469311
nfix,supermat,Probe,10,prior_shift,37,1.0,-1.3711854806950885,0.2,0.4962228517469311
nfix,supermat,Probe,10,prior_shift,38,1.0,-0.39035622768336214,0.4,0.4962228517469311
nfix,supermat,Probe,10,prior_shift,39,1.0,-1.3711854806950885,0.2,0.4962228517469311
nfix,supermat,Probe,10,prior_shift,40,1.0,0.4205739885329664,0.6,0.4962228517469311
nfix,supermat,Probe,10,prior_shift,41,1.0,-0.39035622768336214,0.4,0.4962228517469311
nfix,supermat,Probe,10,prior_shift,42,1.0,-0.8321889799624015,0.3,0.4962228517469311
nfix,supermat,Probe,10,prior_shift,43,1.0,0.015108880424802138,0.5,0.4962228517469311
nfix,supermat,Probe,10,prior_shift,44,1.0,0.015108880424802138,0.5,0.4962228517469311
nfix,supermat,Probe,10,prior_shift,45,1.0,-1.3711854806950885,0.2,0.4962228517469311
nfix,supermat,Probe,10,prior_shift,46,1.0,-1.3711854806950885,0.2,0.4962228517469311
nfix,supermat,Probe,10,prior_shift,47,1.0,0.4205739885329664,0.6,0.4962228517469311
nfix,supermat,Probe,10,prior_shift,48,1.0,0.015108880424802138,0.5,0.4962228517469311
nfix,supermat,Probe,10,prior_shift,50,1.0,-1.3711854806950885,0.2,0.4962228517469311
nfix,supermat,Probe,10,prior_shift,51,1.0,-0.39035622768336214,0.4,0.4962228517469311
nfix,supermat,Probe,10,prior_shift,52,1.0,-0.39035622768336214,0.4,0.4962228517469311
nfix,supermat,Probe,10,prior_shift,53,1.0,-1.3711854806950885,0.2,0.4962228517469311
nfix,supermat,Probe,10,prior_shift,54,1.0,0.015108880424802138,0.5,0.4962228517469311
nfix,supermat,Probe,10,prior_shift,55,1.0,0.015108880424802138,0.5,0.4962228517469311
nfix,supermat,Probe,10,prior_shift,56,1.0,-1.3711854806950885,0.2,0.4962228517469311
nfix,supermat,Probe,10,prior_shift,57,1.0,-0.8321889799624015,0.3,0.4962228517469311
nfix,supermat,Probe,10,prior_shift,58,1.0,-0.39035622768336214,0.4,0.4962228517469311
nfix,supermat,Probe,10,prior_shift,59,1.0,-1.3711854806950885,0.2,0.4962228517469311
nfix,supermat,Probe,10,prior_shift,60,1.0,-1.3711854806950885,0.2,0.4962228517469311
nfix,supermat,Probe,10,prior_shift,61,1.0,1.4014032415446929,0.8,0.4962228517469311
nfix,supermat,Probe,10,prior_shift,62,1.0,-0.8321889799624015,0.3,0.4962228517469311
nfix,supermat,Probe,10,prior_shift,63,1.0,-0.8321889799624015,0.3,0.4962228517469311
nfix,supermat,Probe,10,prior_shift,64,1.0,-0.8321889799624015,0.3,0.4962228517469311
nfix,supermat,Probe,10,prior_shift,65,1.0,-0.39035622768336214,0.4,0.4962228517469311
nfix,supermat,Probe,10,prior_shift,66,1.0,-2.182115696911417,0.1,0.4962228517469311
nfix,supermat,Probe,10,prior_shift,67,1.0,0.4205739885329664,0.6,0.4962228517469311
nfix,supermat,Probe,10,prior_shift,68,1.0,-1.3711854806950885,0.2,0.4962228517469311
nfix,supermat,Probe,10,prior_shift,69,1.0,-0.8321889799624015,0.3,0.4962228517469311
nfix,supermat,Probe,10,prior_shift,70,1.0,-1.3711854806950885,0.2,0.4962228517469311
nfix,supermat,Probe,10,prior_shift,71,1.0,-0.39035622768336214,0.4,0.4962228517469311
nfix,supermat,Probe,10,prior_shift,72,1.0,-0.8321889799624015,0.3,0.4962228517469311
nfix,supermat,Probe,10,prior_shift,73,1.0,0.015108880424802138,0.5,0.4962228517469311
nfix,supermat,Probe,10,prior_shift,74,1.0,-0.8321889799624015,0.3,0.4962228517469311
nfix,supermat,Probe,10,prior_shift,75,1.0,-1.3711854806950885,0.2,0.4962228517469311
nfix,supermat,Probe,10,prior_shift,76,1.0,-0.8321889799624015,0.3,0.4962228517469311
nfix,supermat,Probe,10,prior_shift,77,1.0,0.015108880424802138,0.5,0.4962228517469311
nfix,supermat,Probe,10,prior_shift,78,1.0,-0.8321889799624015,0.3,0.4962228517469311
nfix,supermat,Probe,10,prior_shift,79,1.0,-0.39035622768336214,0.4,0.4962228517469311
nfix,supermat,Probe,10,prior_shift,80,1.0,-0.39035622768336214,0.4,0.4962228517469311
nfix,supermat,Probe,10,prior_shift,81,1.0,0.015108880424802138,0.5,0.4962228517469311
nfix,supermat,Probe,10,prior_shift,82,1.0,0.015108880424802138,0.5,0.4962228517469311
nfix,supermat,Probe,10,prior_shift,83,1.0,0.015108880424802138,0.5,0.4962228517469311
nfix,supermat,Probe,10,prior_shift,84,1.0,-0.39035622768336214,0.4,0.4962228517469311
nfix,supermat,Probe,10,prior_shift,85,1.0,0.015108880424802138,0.5,0.4962228517469311
nfix,supermat,Probe,10,prior_shift,86,1.0,-0.39035622768336214,0.4,0.4962228517469311
nfix,supermat,Probe,10,prior_shift,87,1.0,0.015108880424802138,0.5,0.4962228517469311
nfix,supermat,Probe,10,prior_shift,88,1.0,-0.39035622768336214,0.4,0.4962228517469311
nfix,supermat,Probe,10,prior_shift,89,1.0,0.4205739885329664,0.6,0.4962228517469311
nfix,supermat,Probe,10,prior_shift,90,1.0,-0.39035622768336214,0.4,0.4962228517469311
nfix,supermat,Probe,10,prior_shift,91,1.0,-1.3711854806950885,0.2,0.4962228517469311
nfix,supermat,Probe,10,prior_shift,92,1.0,-0.39035622768336214,0.4,0.4962228517469311
nfix,supermat,Probe,10,prior_shift,93,1.0,0.015108880424802138,0.5,0.4962228517469311
nfix,supermat,Probe,10,prior_shift,94,1.0,-0.39035622768336214,0.4,0.4962228517469311
nfix,supermat,Probe,10,prior_shift,95,1.0,-2.182115696911417,0.1,0.4962228517469311
nfix,supermat,Probe,10,prior_shift,96,1.0,-1.3711854806950885,0.2,0.4962228517469311
nfix,supermat,Probe,10,prior_shift,97,1.0,-0.39035622768336214,0.4,0.4962228517469311
nfix,supermat,Probe,10,prior_shift,98,1.0,-2.182115696911417,0.1,0.4962228517469311
nfix,supermat,Probe,10,prior_shift,99,1.0,0.4205739885329664,0.6,0.4962228517469311
nfix,supermat,Probe,10,prior_shift,100,1.0,-0.8321889799624015,0.3,0.4962228517469311
nfix,supermat,NTP,10,prior_shift,0,1.0,-2.182115696911417,0.1,0.4962228517469311
nfix,supermat,NTP,10,prior_shift,1,1.0,-1.3711854806950885,0.2,0.4962228517469311
nfix,supermat,NTP,10,prior_shift,2,1.0,0.015108880424802138,0.5,0.4962228517469311
nfix,supermat,NTP,10,prior_shift,3,1.0,0.015108880424802138,0.5,0.4962228517469311
nfix,supermat,NTP,10,prior_shift,4,1.0,-0.39035622768336214,0.4,0.4962228517469311
nfix,supermat,NTP,10,prior_shift,5,1.0,-1.3711854806950885,0.2,0.4962228517469311
nfix,supermat,NTP,10,prior_shift,6,1.0,-1.3711854806950885,0.2,0.4962228517469311
nfix,supermat,NTP,10,prior_shift,7,1.0,0.8624067408120056,0.7,0.4962228517469311
nfix,supermat,NTP,10,prior_shift,8,1.0,-0.8321889799624015,0.3,0.4962228517469311
nfix,supermat,NTP,10,prior_shift,9,1.0,-0.8321889799624015,0.3,0.4962228517469311
nfix,supermat,NTP,10,prior_shift,10,1.0,-1.3711854806950885,0.2,0.4962228517469311
nfix,supermat,NTP,10,prior_shift,11,1.0,-0.39035622768336214,0.4,0.4962228517469311
nfix,supermat,NTP,10,prior_shift,12,1.0,0.015108880424802138,0.5,0.4962228517469311
nfix,supermat,NTP,10,prior_shift,13,1.0,-1.3711854806950885,0.2,0.4962228517469311
nfix,supermat,NTP,10,prior_shift,14,1.0,0.015108880424802138,0.5,0.4962228517469311
nfix,supermat,NTP,10,prior_shift,15,1.0,0.4205739885329664,0.6,0.4962228517469311
nfix,supermat,NTP,10,prior_shift,16,1.0,0.015108880424802138,0.5,0.4962228517469311
nfix,supermat,NTP,10,prior_shift,17,1.0,-0.8321889799624015,0.3,0.4962228517469311
nfix,supermat,NTP,10,prior_shift,18,1.0,-0.8321889799624015,0.3,0.4962228517469311
nfix,supermat,NTP,10,prior_shift,19,1.0,-1.3711854806950885,0.2,0.4962228517469311
nfix,supermat,NTP,10,prior_shift,20,1.0,0.015108880424802138,0.5,0.4962228517469311
nfix,supermat,NTP,10,prior_shift,21,1.0,-2.182115696911417,0.1,0.4962228517469311
nfix,supermat,NTP,10,prior_shift,22,1.0,-1.3711854806950885,0.2,0.4962228517469311
nfix,supermat,NTP,10,prior_shift,23,1.0,-0.39035622768336214,0.4,0.4962228517469311
nfix,supermat,NTP,10,prior_shift,24,1.0,-2.182115696911417,0.1,0.4962228517469311
nfix,supermat,NTP,10,prior_shift,25,1.0,-0.8321889799624015,0.3,0.4962228517469311
nfix,supermat,NTP,10,prior_shift,26,1.0,0.015108880424802138,0.5,0.4962228517469311
nfix,supermat,NTP,10,prior_shift,27,1.0,-1.3711854806950885,0.2,0.4962228517469311
nfix,supermat,NTP,10,prior_shift,28,1.0,-0.8321889799624015,0.3,0.4962228517469311
nfix,supermat,NTP,10,prior_shift,29,1.0,-1.3711854806950885,0.2,0.4962228517469311
nfix,supermat,NTP,10,prior_shift,30,1.0,-1.3711854806950885,0.2,0.4962228517469311
nfix,supermat,NTP,10,prior_shift,31,1.0,-0.8321889799624015,0.3,0.4962228517469311
nfix,supermat,NTP,10,prior_shift,32,1.0,-0.8321889799624015,0.3,0.4962228517469311
nfix,supermat,NTP,10,prior_shift,33,1.0,-2.182115696911417,0.1,0.4962228517469311
nfix,supermat,NTP,10,prior_shift,34,1.0,0.4205739885329664,0.6,0.4962228517469311
nfix,supermat,NTP,10,prior_shift,35,1.0,-0.8321889799624015,0.3,0.4962228517469311
nfix,supermat,NTP,10,prior_shift,36,1.0,0.015108880424802138,0.5,0.4962228517469311
nfix,supermat,NTP,10,prior_shift,37,1.0,-1.3711854806950885,0.2,0.4962228517469311
nfix,supermat,NTP,10,prior_shift,38,1.0,-0.39035622768336214,0.4,0.4962228517469311
nfix,supermat,NTP,10,prior_shift,39,1.0,-1.3711854806950885,0.2,0.4962228517469311
nfix,supermat,NTP,10,prior_shift,40,1.0,0.4205739885329664,0.6,0.4962228517469311
nfix,supermat,NTP,10,prior_shift,41,1.0,-0.39035622768336214,0.4,0.4962228517469311
nfix,supermat,NTP,10,prior_shift,42,1.0,-0.8321889799624015,0.3,0.4962228517469311
nfix,supermat,NTP,10,prior_shift,43,1.0,0.015108880424802138,0.5,0.4962228517469311
nfix,supermat,NTP,10,prior_shift,44,1.0,0.015108880424802138,0.5,0.4962228517469311
nfix,supermat,NTP,10,prior_shift,45,1.0,-1.3711854806950885,0.2,0.4962228517469311
nfix,supermat,NTP,10,prior_shift,46,1.0,-1.3711854806950885,0.2,0.4962228517469311
nfix,supermat,NTP,10,prior_shift,47,1.0,0.4205739885329664,0.6,0.4962228517469311
nfix,supermat,NTP,10,prior_shift,48,1.0,0.015108880424802138,0.5,0.4962228517469311
nfix,supermat,NTP,10,prior_shift,50,1.0,-1.3711854806950885,0.2,0.4962228517469311
nfix,supermat,NTP,10,prior_shift,51,1.0,-0.39035622768336214,0.4,0.4962228517469311
nfix,supermat,NTP,10,prior_shift,52,1.0,-0.39035622768336214,0.4,0.4962228517469311
nfix,supermat,NTP,10,prior_shift,53,1.0,-1.3711854806950885,0.2,0.4962228517469311
nfix,supermat,NTP,10,prior_shift,54,1.0,0.015108880424802138,0.5,0.4962228517469311
nfix,supermat,NTP,10,prior_shift,55,1.0,0.015108880424802138,0.5,0.4962228517469311
nfix,supermat,NTP,10,prior_shift,56,1.0,-1.3711854806950885,0.2,0.4962228517469311
nfix,supermat,NTP,10,prior_shift,57,1.0,-0.8321889799624015,0.3,0.4962228517469311
nfix,supermat,NTP,10,prior_shift,58,1.0,-0.39035622768336214,0.4,0.4962228517469311
nfix,supermat,NTP,10,prior_shift,59,1.0,-1.3711854806950885,0.2,0.4962228517469311
nfix,supermat,NTP,10,prior_shift,60,1.0,-1.3711854806950885,0.2,0.4962228517469311
nfix,supermat,NTP,10,prior_shift,61,1.0,1.4014032415446929,0.8,0.4962228517469311
nfix,supermat,NTP,10,prior_shift,62,1.0,-0.8321889799624015,0.3,0.4962228517469311
nfix,supermat,NTP,10,prior_shift,63,1.0,-0.8321889799624015,0.3,0.4962228517469311
nfix,supermat,NTP,10,prior_shift,64,1.0,-0.8321889799624015,0.3,0.4962228517469311
nfix,supermat,NTP,10,prior_shift,65,1.0,-0.39035622768336214,0.4,0.4962228517469311
nfix,supermat,NTP,10,prior_shift,66,1.0,-2.182115696911417,0.1,0.4962228517469311
nfix,supermat,NTP,10,prior_shift,67,1.0,0.4205739885329664,0.6,0.4962228517469311
nfix,supermat,NTP,10,prior_shift,68,1.0,-1.3711854806950885,0.2,0.4962228517469311
nfix,supermat,NTP,10,prior_shift,69,1.0,-0.8321889799624015,0.3,0.4962228517469311
nfix,supermat,NTP,10,prior_shift,70,1.0,-1.3711854806950885,0.2,0.4962228517469311
nfix,supermat,NTP,10,prior_shift,71,1.0,-0.39035622768336214,0.4,0.4962228517469311
nfix,supermat,NTP,10,prior_shift,72,1.0,-0.8321889799624015,0.3,0.4962228517469311
nfix,supermat,NTP,10,prior_shift,73,1.0,0.015108880424802138,0.5,0.4962228517469311
nfix,supermat,NTP,10,prior_shift,74,1.0,-0.8321889799624015,0.3,0.4962228517469311
nfix,supermat,NTP,10,prior_shift,75,1.0,-1.3711854806950885,0.2,0.4962228517469311
nfix,supermat,NTP,10,prior_shift,76,1.0,-0.8321889799624015,0.3,0.4962228517469311
nfix,supermat,NTP,10,prior_shift,77,1.0,0.015108880424802138,0.5,0.4962228517469311
nfix,supermat,NTP,10,prior_shift,78,1.0,-0.8321889799624015,0.3,0.4962228517469311
nfix,supermat,NTP,10,prior_shift,79,1.0,-0.39035622768336214,0.4,0.4962228517469311
nfix,supermat,NTP,10,prior_shift,80,1.0,-0.39035622768336214,0.4,0.4962228517469311
nfix,supermat,NTP,10,prior_shift,81,1.0,0.015108880424802138,0.5,0.4962228517469311
nfix,supermat,NTP,10,prior_shift,82,1.0,0.015108880424802138,0.5,0.4962228517469311
nfix,supermat,NTP,10,prior_shift,83,1.0,0.015108880424802138,0.5,0.4962228517469311
nfix,supermat,NTP,10,prior_shift,84,1.0,-0.39035622768336214,0.4,0.4962228517469311
nfix,supermat,NTP,10,prior_shift,85,1.0,0.015108880424802138,0.5,0.4962228517469311
nfix,supermat,NTP,10,prior_shift,86,1.0,-0.39035622768336214,0.4,0.4962228517469311
nfix,supermat,NTP,10,prior_shift,87,1.0,0.015108880424802138,0.5,0.4962228517469311
nfix,supermat,NTP,10,prior_shift,88,1.0,-0.39035622768336214,0.4,0.4962228517469311
nfix,supermat,NTP,10,prior_shift,89,1.0,0.4205739885329664,0.6,0.4962228517469311
nfix,supermat,NTP,10,prior_shift,90,1.0,-0.39035622768336214,0.4,0.4962228517469311
nfix,supermat,NTP,10,prior_shift,91,1.0,-1.3711854806950885,0.2,0.4962228517469311
nfix,supermat,NTP,10,prior_shift,92,1.0,-0.39035622768336214,0.4,0.4962228517469311
nfix,supermat,NTP,10,prior_shift,93,1.0,0.015108880424802138,0.5,0.4962228517469311
nfix,supermat,NTP,10,prior_shift,94,1.0,-0.39035622768336214,0.4,0.4962228517469311
nfix,supermat,NTP,10,prior_shift,95,1.0,-2.182115696911417,0.1,0.4962228517469311
nfix,supermat,NTP,10,prior_shift,96,1.0,-1.3711854806950885,0.2,0.4962228517469311
nfix,supermat,NTP,10,prior_shift,97,1.0,-0.39035622768336214,0.4,0.4962228517469311
nfix,supermat,NTP,10,prior_shift,98,1.0,-2.182115696911417,0.1,0.4962228517469311
nfix,supermat,NTP,10,prior_shift,99,1.0,0.4205739885329664,0.6,0.4962228517469311
nfix,supermat,NTP,10,prior_shift,100,1.0,-0.8321889799624015,0.3,0.4962228517469311
nfix,supermat,Probe,50,prior_shift,0,1.0,-1.0308596747578855,0.26,0.4962228517469311
nfix,supermat,Probe,50,prior_shift,1,1.0,-1.5012386089432865,0.18,0.4962228517469311
nfix,supermat,Probe,50,prior_shift,2,1.0,-0.22605317639208594,0.44,0.4962228517469311
nfix,supermat,Probe,50,prior_shift,3,1.0,-0.307664511838249,0.42,0.4962228517469311
nfix,supermat,Probe,50,prior_shift,4,1.0,-0.5602552644787597,0.36,0.4962228517469311
nfix,supermat,Probe,50,prior_shift,5,1.0,-0.7386629219515779,0.32,0.4962228517469311
nfix,supermat,Probe,50,prior_shift,6,1.0,-0.6481853369854619,0.34,0.4962228517469311
nfix,supermat,Probe,50,prior_shift,7,1.0,-0.06493382724873435,0.48,0.4962228517469311
nfix,supermat,Probe,50,prior_shift,8,1.0,-0.929352728416049,0.28,0.4962228517469311
nfix,supermat,Probe,50,prior_shift,9,1.0,-1.0308596747578855,0.26,0.4962228517469311
nfix,supermat,Probe,50,prior_shift,10,1.0,-1.0308596747578855,0.26,0.4962228517469311
nfix,supermat,Probe,50,prior_shift,11,1.0,-0.39035622768336214,0.4,0.4962228517469311
nfix,supermat,Probe,50,prior_shift,12,1.0,-0.8321889799624015,0.3,0.4962228517469311
nfix,supermat,Probe,50,prior_shift,13,1.0,-0.39035622768336214,0.4,0.4962228517469311
nfix,supermat,Probe,50,prior_shift,14,1.0,-1.2505574929064738,0.22,0.4962228517469311
nfix,supermat,Probe,50,prior_shift,15,1.0,0.4205739885329664,0.6,0.4962228517469311
nfix,supermat,Probe,50,prior_shift,16,1.0,-0.307664511838249,0.42,0.4962228517469311
nfix,supermat,Probe,50,prior_shift,17,1.0,-1.6431191961787301,0.16,0.4962228517469311
nfix,supermat,Probe,50,prior_shift,18,1.0,-0.7386629219515779,0.32,0.4962228517469311
nfix,supermat,Probe,50,prior_shift,19,1.0,-0.22605317639208594,0.44,0.4962228517469311
nfix,supermat,Probe,50,prior_shift,20,1.0,-0.39035622768336214,0.4,0.4962228517469311
nfix,supermat,Probe,50,prior_shift,21,1.0,-0.929352728416049,0.28,0.4962228517469311
nfix,supermat,Probe,50,prior_shift,22,1.0,-1.1375706295135835,0.24,0.4962228517469311
nfix,supermat,Probe,50,prior_shift,23,1.0,-1.2505574929064738,0.22,0.4962228517469311
nfix,supermat,Probe,50,prior_shift,24,1.0,-0.8321889799624015,0.3,0.4962228517469311
nfix,supermat,Probe,50,prior_shift,25,1.0,0.09515158809833864,0.52,0.4962228517469311
nfix,supermat,Probe,50,prior_shift,26,1.0,-0.39035622768336214,0.4,0.4962228517469311
nfix,supermat,Probe,50,prior_shift,27,1.0,-0.5602552644787597,0.36,0.4962228517469311
nfix,supermat,Probe,50,prior_shift,28,1.0,-0.6481853369854619,0.34,0.4962228517469311
nfix,supermat,Probe,50,prior_shift,29,1.0,-1.1375706295135835,0.24,0.4962228517469311
nfix,supermat,Probe,50,prior_shift,30,1.0,-0.5602552644787597,0.36,0.4962228517469311
nfix,supermat,Probe,50,prior_shift,31,1.0,-0.8321889799624015,0.3,0.4962228517469311
nfix,supermat,Probe,50,prior_shift,32,1.0,-0.47443934489390366,0.38,0.4962228517469311
nfix,supermat,Probe,50,prior_shift,33,1.0,-0.929352728416049,0.28,0.4962228517469311
nfix,supermat,Probe,50,prior_shift,34,1.0,-0.6481853369854619,0.34,0.4962228517469311
nfix,supermat,Probe,50,prior_shift,35,1.0,-0.47443934489390366,0.38,0.4962228517469311
nfix,supermat,Probe,50,prior_shift,36,1.0,-1.2505574929064738,0.22,0.4962228517469311
nfix,supermat,Probe,50,prior_shift,37,1.0,-1.0308596747578855,0.26,0.4962228517469311
nfix,supermat,Probe,50,prior_shift,38,1.0,-1.3711854806950885,0.2,0.4962228517469311
nfix,supermat,Probe,50,prior_shift,39,1.0,-0.8321889799624015,0.3,0.4962228517469311
nfix,supermat,Probe,50,prior_shift,40,1.0,-0.307664511838249,0.42,0.4962228517469311
nfix,supermat,Probe,50,prior_shift,41,1.0,-0.14523376965037715,0.46,0.4962228517469311
nfix,supermat,Probe,50,prior_shift,42,1.0,-0.929352728416049,0.28,0.4962228517469311
nfix,supermat,Probe,50,prior_shift,43,1.0,-0.8321889799624015,0.3,0.4962228517469311
nfix,supermat,Probe,50,prior_shift,44,1.0,0.2562709372416904,0.56,0.4962228517469311
nfix,supermat,Probe,50,prior_shift,45,1.0,-1.0308596747578855,0.26,0.4962228517469311
nfix,supermat,Probe,50,prior_shift,46,1.0,-1.0308596747578855,0.26,0.4962228517469311
nfix,supermat,Probe,50,prior_shift,47,1.0,0.015108880424802138,0.5,0.4962228517469311
nfix,supermat,Probe,50,prior_shift,48,1.0,-0.5602552644787597,0.36,0.4962228517469311
nfix,supermat,Probe,50,prior_shift,49,1.0,-0.6481853369854619,0.34,0.4962228517469311
nfix,supermat,Probe,50,prior_shift,50,1.0,-0.929352728416049,0.28,0.4962228517469311
nfix,supermat,Probe,50,prior_shift,51,1.0,-0.5602552644787597,0.36,0.4962228517469311
nfix,supermat,Probe,50,prior_shift,52,1.0,-1.0308596747578855,0.26,0.4962228517469311
nfix,supermat,Probe,50,prior_shift,53,1.0,-1.5012386089432865,0.18,0.4962228517469311
nfix,supermat,Probe,50,prior_shift,54,1.0,-0.22605317639208594,0.44,0.4962228517469311
nfix,supermat,Probe,50,prior_shift,55,1.0,-0.47443934489390366,0.38,0.4962228517469311
nfix,supermat,Probe,50,prior_shift,56,1.0,-0.39035622768336214,0.4,0.4962228517469311
nfix,supermat,Probe,50,prior_shift,57,1.0,-0.8321889799624015,0.3,0.4962228517469311
nfix,supermat,Probe,50,prior_shift,58,1.0,-1.0308596747578855,0.26,0.4962228517469311
nfix,supermat,Probe,50,prior_shift,59,1.0,-0.7386629219515779,0.32,0.4962228517469311
nfix,supermat,Probe,50,prior_shift,60,1.0,-1.3711854806950885,0.2,0.4962228517469311
nfix,supermat,Probe,50,prior_shift,61,1.0,-0.47443934489390366,0.38,0.4962228517469311
nfix,supermat,Probe,50,prior_shift,62,1.0,-0.47443934489390366,0.38,0.4962228517469311
nfix,supermat,Probe,50,prior_shift,63,1.0,-0.22605317639208594,0.44,0.4962228517469311
nfix,supermat,Probe,50,prior_shift,64,1.0,-0.5602552644787597,0.36,0.4962228517469311
nfix,supermat,Probe,50,prior_shift,65,1.0,-0.22605317639208594,0.44,0.4962228517469311
nfix,supermat,Probe,50,prior_shift,66,1.0,-0.929352728416049,0.28,0.4962228517469311
nfix,supermat,Probe,50,prior_shift,67,1.0,-0.06493382724873435,0.48,0.4962228517469311
nfix,supermat,Probe,50,prior_shift,68,1.0,-1.5012386089432865,0.18,0.4962228517469311
nfix,supermat,Probe,50,prior_shift,69,1.0,-1.0308596747578855,0.26,0.4962228517469311
nfix,supermat,Probe,50,prior_shift,70,1.0,-1.5012386089432865,0.18,0.4962228517469311
nfix,supermat,Probe,50,prior_shift,71,1.0,-0.6481853369854619,0.34,0.4962228517469311
nfix,supermat,Probe,50,prior_shift,72,1.0,0.09515158809833864,0.52,0.4962228517469311
nfix,supermat,Probe,50,prior_shift,73,1.0,-0.307664511838249,0.42,0.4962228517469311
nfix,supermat,Probe,50,prior_shift,74,1.0,-1.0308596747578855,0.26,0.4962228517469311
nfix,supermat,Probe,50,prior_shift,75,1.0,-0.6481853369854619,0.34,0.4962228517469311
nfix,supermat,Probe,50,prior_shift,76,1.0,-1.1375706295135835,0.24,0.4962228517469311
nfix,supermat,Probe,50,prior_shift,77,1.0,-1.2505574929064738,0.22,0.4962228517469311
nfix,supermat,Probe,50,prior_shift,78,1.0,-1.0308596747578855,0.26,0.4962228517469311
nfix,supermat,Probe,50,prior_shift,79,1.0,-0.307664511838249,0.42,0.4962228517469311
nfix,supermat,Probe,50,prior_shift,80,1.0,-0.6481853369854619,0.34,0.4962228517469311
nfix,supermat,Probe,50,prior_shift,81,1.0,0.09515158809833864,0.52,0.4962228517469311
nfix,supermat,Probe,50,prior_shift,82,1.0,-0.47443934489390366,0.38,0.4962228517469311
nfix,supermat,Probe,50,prior_shift,83,1.0,0.09515158809833864,0.52,0.4962228517469311
nfix,supermat,Probe,50,prior_shift,84,1.0,-0.6481853369854619,0.34,0.4962228517469311
nfix,supermat,Probe,50,prior_shift,85,1.0,-0.307664511838249,0.42,0.4962228517469311
nfix,supermat,Probe,50,prior_shift,86,1.0,-1.0308596747578855,0.26,0.4962228517469311
nfix,supermat,Probe,50,prior_shift,87,1.0,-0.307664511838249,0.42,0.4962228517469311
nfix,supermat,Probe,50,prior_shift,88,1.0,-0.307664511838249,0.42,0.4962228517469311
nfix,supermat,Probe,50,prior_shift,89,1.0,-0.14523376965037715,0.46,0.4962228517469311
nfix,supermat,Probe,50,prior_shift,90,1.0,-0.929352728416049,0.28,0.4962228517469311
nfix,supermat,Probe,50,prior_shift,91,1.0,-0.307664511838249,0.42,0.4962228517469311
nfix,supermat,Probe,50,prior_shift,92,1.0,-0.14523376965037715,0.46,0.4962228517469311
nfix,supermat,Probe,50,prior_shift,93,1.0,-0.5602552644787597,0.36,0.4962228517469311
nfix,supermat,Probe,50,prior_shift,94,1.0,-0.6481853369854619,0.34,0.4962228517469311
nfix,supermat,Probe,50,prior_shift,95,1.0,-0.929352728416049,0.28,0.4962228517469311
nfix,supermat,Probe,50,prior_shift,96,1.0,-0.39035622768336214,0.4,0.4962228517469311
nfix,supermat,Probe,50,prior_shift,97,1.0,-1.2505574929064738,0.22,0.4962228517469311
nfix,supermat,Probe,50,prior_shift,98,1.0,-1.2505574929064738,0.22,0.4962228517469311
nfix,supermat,Probe,50,prior_shift,99,1.0,-0.06493382724873435,0.48,0.4962228517469311
nfix,supermat,NTP,50,prior_shift,0,1.0,-1.0308596747578855,0.26,0.4962228517469311
nfix,supermat,NTP,50,prior_shift,1,1.0,-1.5012386089432865,0.18,0.4962228517469311
nfix,supermat,NTP,50,prior_shift,2,1.0,-0.22605317639208594,0.44,0.4962228517469311
nfix,supermat,NTP,50,prior_shift,3,1.0,-0.307664511838249,0.42,0.4962228517469311
nfix,supermat,NTP,50,prior_shift,4,1.0,-0.5602552644787597,0.36,0.4962228517469311
nfix,supermat,NTP,50,prior_shift,5,1.0,-0.7386629219515779,0.32,0.4962228517469311
nfix,supermat,NTP,50,prior_shift,6,1.0,-0.6481853369854619,0.34,0.4962228517469311
nfix,supermat,NTP,50,prior_shift,7,1.0,-0.06493382724873435,0.48,0.4962228517469311
nfix,supermat,NTP,50,prior_shift,8,1.0,-0.929352728416049,0.28,0.4962228517469311
nfix,supermat,NTP,50,prior_shift,9,1.0,-1.0308596747578855,0.26,0.4962228517469311
nfix,supermat,NTP,50,prior_shift,10,1.0,-1.0308596747578855,0.26,0.4962228517469311
nfix,supermat,NTP,50,prior_shift,11,1.0,-0.39035622768336214,0.4,0.4962228517469311
nfix,supermat,NTP,50,prior_shift,12,1.0,-0.8321889799624015,0.3,0.4962228517469311
nfix,supermat,NTP,50,prior_shift,13,1.0,-0.39035622768336214,0.4,0.4962228517469311
nfix,supermat,NTP,50,prior_shift,14,1.0,-1.2505574929064738,0.22,0.4962228517469311
nfix,supermat,NTP,50,prior_shift,15,1.0,0.4205739885329664,0.6,0.4962228517469311
nfix,supermat,NTP,50,prior_shift,16,1.0,-0.307664511838249,0.42,0.4962228517469311
nfix,supermat,NTP,50,prior_shift,17,1.0,-1.6431191961787301,0.16,0.4962228517469311
nfix,supermat,NTP,50,prior_shift,18,1.0,-0.7386629219515779,0.32,0.4962228517469311
nfix,supermat,NTP,50,prior_shift,19,1.0,-0.22605317639208594,0.44,0.4962228517469311
nfix,supermat,NTP,50,prior_shift,20,1.0,-0.39035622768336214,0.4,0.4962228517469311
nfix,supermat,NTP,50,prior_shift,21,1.0,-0.929352728416049,0.28,0.4962228517469311
nfix,supermat,NTP,50,prior_shift,22,1.0,-1.1375706295135835,0.24,0.4962228517469311
nfix,supermat,NTP,50,prior_shift,23,1.0,-1.2505574929064738,0.22,0.4962228517469311
nfix,supermat,NTP,50,prior_shift,24,1.0,-0.8321889799624015,0.3,0.4962228517469311
nfix,supermat,NTP,50,prior_shift,25,1.0,0.09515158809833864,0.52,0.4962228517469311
nfix,supermat,NTP,50,prior_shift,26,1.0,-0.39035622768336214,0.4,0.4962228517469311
nfix,supermat,NTP,50,prior_shift,27,1.0,-0.5602552644787597,0.36,0.4962228517469311
nfix,supermat,NTP,50,prior_shift,28,1.0,-0.6481853369854619,0.34,0.4962228517469311
nfix,supermat,NTP,50,prior_shift,29,1.0,-1.1375706295135835,0.24,0.4962228517469311
nfix,supermat,NTP,50,prior_shift,30,1.0,-0.5602552644787597,0.36,0.4962228517469311
nfix,supermat,NTP,50,prior_shift,31,1.0,-0.8321889799624015,0.3,0.4962228517469311
nfix,supermat,NTP,50,prior_shift,32,1.0,-0.47443934489390366,0.38,0.4962228517469311
nfix,supermat,NTP,50,prior_shift,33,1.0,-0.929352728416049,0.28,0.4962228517469311
nfix,supermat,NTP,50,prior_shift,34,1.0,-0.6481853369854619,0.34,0.4962228517469311
nfix,supermat,NTP,50,prior_shift,35,1.0,-0.47443934489390366,0.38,0.4962228517469311
nfix,supermat,NTP,50,prior_shift,36,1.0,-1.2505574929064738,0.22,0.4962228517469311
nfix,supermat,NTP,50,prior_shift,37,1.0,-1.0308596747578855,0.26,0.4962228517469311
nfix,supermat,NTP,50,prior_shift,38,1.0,-1.3711854806950885,0.2,0.4962228517469311
nfix,supermat,NTP,50,prior_shift,39,1.0,-0.8321889799624015,0.3,0.4962228517469311
nfix,supermat,NTP,50,prior_shift,40,1.0,-0.307664511838249,0.42,0.4962228517469311
nfix,supermat,NTP,50,prior_shift,41,1.0,-0.14523376965037715,0.46,0.4962228517469311
nfix,supermat,NTP,50,prior_shift,42,1.0,-0.929352728416049,0.28,0.4962228517469311
nfix,supermat,NTP,50,prior_shift,43,1.0,-0.8321889799624015,0.3,0.4962228517469311
nfix,supermat,NTP,50,prior_shift,44,1.0,0.2562709372416904,0.56,0.4962228517469311
nfix,supermat,NTP,50,prior_shift,45,1.0,-1.0308596747578855,0.26,0.4962228517469311
nfix,supermat,NTP,50,prior_shift,46,1.0,-1.0308596747578855,0.26,0.4962228517469311
nfix,supermat,NTP,50,prior_shift,47,1.0,0.015108880424802138,0.5,0.4962228517469311
nfix,supermat,NTP,50,prior_shift,48,1.0,-0.5602552644787597,0.36,0.4962228517469311
nfix,supermat,NTP,50,prior_shift,49,1.0,-0.6481853369854619,0.34,0.4962228517469311
nfix,supermat,NTP,50,prior_shift,50,1.0,-0.929352728416049,0.28,0.4962228517469311
nfix,supermat,NTP,50,prior_shift,51,1.0,-0.5602552644787597,0.36,0.4962228517469311
nfix,supermat,NTP,50,prior_shift,52,1.0,-1.0308596747578855,0.26,0.4962228517469311
nfix,supermat,NTP,50,prior_shift,53,1.0,-1.5012386089432865,0.18,0.4962228517469311
nfix,supermat,NTP,50,prior_shift,54,1.0,-0.22605317639208594,0.44,0.4962228517469311
nfix,supermat,NTP,50,prior_shift,55,1.0,-0.47443934489390366,0.38,0.4962228517469311
nfix,supermat,NTP,50,prior_shift,56,1.0,-0.39035622768336214,0.4,0.4962228517469311
nfix,supermat,NTP,50,prior_shift,57,1.0,-0.8321889799624015,0.3,0.4962228517469311
nfix,supermat,NTP,50,prior_shift,58,1.0,-1.0308596747578855,0.26,0.4962228517469311
nfix,supermat,NTP,50,prior_shift,59,1.0,-0.7386629219515779,0.32,0.4962228517469311
nfix,supermat,NTP,50,prior_shift,60,1.0,-1.3711854806950885,0.2,0.4962228517469311
nfix,supermat,NTP,50,prior_shift,61,1.0,-0.47443934489390366,0.38,0.4962228517469311
nfix,supermat,NTP,50,prior_shift,62,1.0,-0.47443934489390366,0.38,0.4962228517469311
nfix,supermat,NTP,50,prior_shift,63,1.0,-0.22605317639208594,0.44,0.4962228517469311
nfix,supermat,NTP,50,prior_shift,64,1.0,-0.5602552644787597,0.36,0.4962228517469311
nfix,supermat,NTP,50,prior_shift,65,1.0,-0.22605317639208594,0.44,0.4962228517469311
nfix,supermat,NTP,50,prior_shift,66,1.0,-0.929352728416049,0.28,0.4962228517469311
nfix,supermat,NTP,50,prior_shift,67,1.0,-0.06493382724873435,0.48,0.4962228517469311
nfix,supermat,NTP,50,prior_shift,68,1.0,-1.5012386089432865,0.18,0.4962228517469311
nfix,supermat,NTP,50,prior_shift,69,1.0,-1.0308596747578855,0.26,0.4962228517469311
nfix,supermat,NTP,50,prior_shift,70,1.0,-1.5012386089432865,0.18,0.4962228517469311
nfix,supermat,NTP,50,prior_shift,71,1.0,-0.6481853369854619,0.34,0.4962228517469311
nfix,supermat,NTP,50,prior_shift,72,1.0,0.09515158809833864,0.52,0.4962228517469311
nfix,supermat,NTP,50,prior_shift,73,1.0,-0.307664511838249,0.42,0.4962228517469311
nfix,supermat,NTP,50,prior_shift,74,1.0,-1.0308596747578855,0.26,0.4962228517469311
nfix,supermat,NTP,50,prior_shift,75,1.0,-0.6481853369854619,0.34,0.4962228517469311
nfix,supermat,NTP,50,prior_shift,76,1.0,-1.1375706295135835,0.24,0.4962228517469311
nfix,supermat,NTP,50,prior_shift,77,1.0,-1.2505574929064738,0.22,0.4962228517469311
nfix,supermat,NTP,50,prior_shift,78,1.0,-1.0308596747578855,0.26,0.4962228517469311
nfix,supermat,NTP,50,prior_shift,79,1.0,-0.307664511838249,0.42,0.4962228517469311
nfix,supermat,NTP,50,prior_shift,80,1.0,-0.6481853369854619,0.34,0.4962228517469311
nfix,supermat,NTP,50,prior_shift,81,1.0,0.09515158809833864,0.52,0.4962228517469311
nfix,supermat,NTP,50,prior_shift,82,1.0,-0.47443934489390366,0.38,0.4962228517469311
nfix,supermat,NTP,50,prior_shift,83,1.0,0.09515158809833864,0.52,0.4962228517469311
nfix,supermat,NTP,50,prior_shift,84,1.0,-0.6481853369854619,0.34,0.4962228517469311
nfix,supermat,NTP,50,prior_shift,85,1.0,-0.307664511838249,0.42,0.4962228517469311
nfix,supermat,NTP,50,prior_shift,86,1.0,-1.0308596747578855,0.26,0.4962228517469311
nfix,supermat,NTP,50,prior_shift,87,1.0,-0.307664511838249,0.42,0.4962228517469311
nfix,supermat,NTP,50,prior_shift,88,1.0,-0.307664511838249,0.42,0.4962228517469311
nfix,supermat,NTP,50,prior_shift,89,1.0,-0.14523376965037715,0.46,0.4962228517469311
nfix,supermat,NTP,50,prior_shift,90,1.0,-0.929352728416049,0.28,0.4962228517469311
nfix,supermat,NTP,50,prior_shift,91,1.0,-0.307664511838249,0.42,0.4962228517469311
nfix,supermat,NTP,50,prior_shift,92,1.0,-0.14523376965037715,0.46,0.4962228517469311
nfix,supermat,NTP,50,prior_shift,93,1.0,-0.5602552644787597,0.36,0.4962228517469311
nfix,supermat,NTP,50,prior_shift,94,1.0,-0.6481853369854619,0.34,0.4962228517469311
nfix,supermat,NTP,50,prior_shift,95,1.0,-0.929352728416049,0.28,0.4962228517469311
nfix,supermat,NTP,50,prior_shift,96,1.0,-0.39035622768336214,0.4,0.4962228517469311
nfix,supermat,NTP,50,prior_shift,97,1.0,-1.2505574929064738,0.22,0.4962228517469311
nfix,supermat,NTP,50,prior_shift,98,1.0,-1.2505574929064738,0.22,0.4962228517469311
nfix,supermat,NTP,50,prior_shift,99,1.0,-0.06493382724873435,0.48,0.4962228517469311
nfix,supermat,Probe,100,prior_shift,0,1.0,-1.0308596747578855,0.26,0.4962228517469311
nfix,supermat,Probe,100,prior_shift,1,1.0,-1.0308596747578855,0.26,0.4962228517469311
nfix,supermat,Probe,100,prior_shift,2,1.0,-0.43220333761886265,0.39,0.4962228517469311
nfix,supermat,Probe,100,prior_shift,3,1.0,-0.6039303279814213,0.35,0.4962228517469311
nfix,supermat,Probe,100,prior_shift,4,1.0,-0.5602552644787597,0.36,0.4962228517469311
nfix,supermat,Probe,100,prior_shift,5,1.0,-0.307664511838249,0.42,0.4962228517469311
nfix,supermat,Probe,100,prior_shift,6,1.0,-1.0835034082433077,0.25,0.4962228517469311
nfix,supermat,Probe,100,prior_shift,7,1.0,-0.47443934489390366,0.38,0.4962228517469311
nfix,supermat,Probe,100,prior_shift,8,1.0,-1.1375706295135835,0.24,0.4962228517469311
nfix,supermat,Probe,100,prior_shift,9,1.0,-0.39035622768336214,0.4,0.4962228517469311
nfix,supermat,Probe,100,prior_shift,10,1.0,-0.6481853369854619,0.34,0.4962228517469311
nfix,supermat,Probe,100,prior_shift,11,1.0,-0.22605317639208594,0.44,0.4962228517469311
nfix,supermat,Probe,100,prior_shift,12,1.0,-0.7386629219515779,0.32,0.4962228517469311
nfix,supermat,Probe,100,prior_shift,13,1.0,-0.14523376965037715,0.46,0.4962228517469311
nfix,supermat,Probe,100,prior_shift,14,1.0,-0.785010419687311,0.31,0.4962228517469311
nfix,supermat,Probe,100,prior_shift,15,1.0,0.1352531922668655,0.53,0.4962228517469311
nfix,supermat,Probe,100,prior_shift,16,1.0,-0.8802751666300391,0.29,0.4962228517469311
nfix,supermat,Probe,100,prior_shift,17,1.0,-1.1932023254997322,0.23,0.4962228517469311
nfix,supermat,Probe,100,prior_shift,18,1.0,-0.8802751666300391,0.29,0.4962228517469311
nfix,supermat,Probe,100,prior_shift,19,1.0,-0.47443934489390366,0.38,0.4962228517469311
nfix,supermat,Probe,100,prior_shift,20,1.0,-0.6481853369854619,0.34,0.4962228517469311
nfix,supermat,Probe,100,prior_shift,21,1.0,-0.8321889799624015,0.3,0.4962228517469311
nfix,supermat,Probe,100,prior_shift,22,1.0,-1.1375706295135835,0.24,0.4962228517469311
nfix,supermat,Probe,100,prior_shift,23,1.0,-0.6481853369854619,0.34,0.4962228517469311
nfix,supermat,Probe,100,prior_shift,24,1.0,-0.6481853369854619,0.34,0.4962228517469311
nfix,supermat,Probe,100,prior_shift,25,1.0,-0.43220333761886265,0.39,0.4962228517469311
nfix,supermat,Probe,100,prior_shift,26,1.0,-0.6930761774996835,0.33,0.4962228517469311
nfix,supermat,Probe,100,prior_shift,27,1.0,-0.14523376965037715,0.46,0.4962228517469311
nfix,supermat,Probe,100,prior_shift,28,1.0,-0.26674227171618564,0.43,0.4962228517469311
nfix,supermat,Probe,100,prior_shift,29,1.0,-1.0308596747578855,0.26,0.4962228517469311
nfix,supermat,Probe,100,prior_shift,30,1.0,-0.5602552644787597,0.36,0.4962228517469311
nfix,supermat,Probe,100,prior_shift,31,1.0,-0.6039303279814213,0.35,0.4962228517469311
nfix,supermat,Probe,100,prior_shift,32,1.0,-0.929352728416049,0.28,0.4962228517469311
nfix,supermat,Probe,100,prior_shift,33,1.0,-0.26674227171618564,0.43,0.4962228517469311
nfix,supermat,Probe,100,prior_shift,34,1.0,-0.5602552644787597,0.36,0.4962228517469311
nfix,supermat,Probe,100,prior_shift,35,1.0,-0.39035622768336214,0.4,0.4962228517469311
nfix,supermat,Probe,100,prior_shift,36,1.0,-1.2505574929064738,0.22,0.4962228517469311
nfix,supermat,Probe,100,prior_shift,37,1.0,-0.39035622768336214,0.4,0.4962228517469311
nfix,supermat,Probe,100,prior_shift,38,1.0,-1.1375706295135835,0.24,0.4962228517469311
nfix,supermat,Probe,100,prior_shift,39,1.0,-0.6039303279814213,0.35,0.4962228517469311
nfix,supermat,Probe,100,prior_shift,40,1.0,-0.6039303279814213,0.35,0.4962228517469311
nfix,supermat,Probe,100,prior_shift,41,1.0,-0.307664511838249,0.42,0.4962228517469311
nfix,supermat,Probe,100,prior_shift,42,1.0,-0.8321889799624015,0.3,0.4962228517469311
nfix,supermat,Probe,100,prior_shift,43,1.0,-0.47443934489390366,0.38,0.4962228517469311
nfix,supermat,Probe,100,prior_shift,44,1.0,-0.18556181503734898,0.45,0.4962228517469311
nfix,supermat,Probe,100,prior_shift,45,1.0,-1.1932023254997322,0.23,0.4962228517469311
nfix,supermat,Probe,100,prior_shift,46,1.0,-1.0308596747578855,0.26,0.4962228517469311
nfix,supermat,Probe,100,prior_shift,47,1.0,-0.3488564967766096,0.41,0.4962228517469311
nfix,supermat,Probe,100,prior_shift,48,1.0,-0.6039303279814213,0.35,0.4962228517469311
nfix,supermat,Probe,100,prior_shift,49,1.0,-0.8802751666300391,0.29,0.4962228517469311
nfix,supermat,Probe,100,prior_shift,50,1.0,-1.0308596747578855,0.26,0.4962228517469311
nfix,supermat,Probe,100,prior_shift,51,1.0,-1.0835034082433077,0.25,0.4962228517469311
nfix,supermat,Probe,100,prior_shift,52,1.0,-1.1375706295135835,0.24,0.4962228517469311
nfix,supermat,Probe,100,prior_shift,53,1.0,-1.1375706295135835,0.24,0.4962228517469311
nfix,supermat,Probe,100,prior_shift,54,1.0,-0.18556181503734898,0.45,0.4962228517469311
nfix,supermat,Probe,100,prior_shift,55,1.0,-0.517107933322506,0.37,0.4962228517469311
nfix,supermat,Probe,100,prior_shift,56,1.0,-0.9795136947192598,0.27,0.4962228517469311
nfix,supermat,Probe,100,prior_shift,57,1.0,-1.0835034082433077,0.25,0.4962228517469311
nfix,supermat,Probe,100,prior_shift,58,1.0,-0.8321889799624015,0.3,0.4962228517469311
nfix,supermat,Probe,100,prior_shift,59,1.0,-0.8802751666300391,0.29,0.4962228517469311
nfix,supermat,Probe,100,prior_shift,60,1.0,-0.517107933322506,0.37,0.4962228517469311
nfix,supermat,Probe,100,prior_shift,61,1.0,-0.6481853369854619,0.34,0.4962228517469311
nfix,supermat,Probe,100,prior_shift,62,1.0,-0.7386629219515779,0.32,0.4962228517469311
nfix,supermat,Probe,100,prior_shift,63,1.0,-0.06493382724873435,0.48,0.4962228517469311
nfix,supermat,Probe,100,prior_shift,64,1.0,-0.6930761774996835,0.33,0.4962228517469311
nfix,supermat,Probe,100,prior_shift,65,1.0,0.2562709372416904,0.56,0.4962228517469311
nfix,supermat,Probe,100,prior_shift,66,1.0,-1.1932023254997322,0.23,0.4962228517469311
nfix,supermat,Probe,100,prior_shift,67,1.0,-0.6481853369854619,0.34,0.4962228517469311
nfix,supermat,Probe,100,prior_shift,68,1.0,-1.2505574929064738,0.22,0.4962228517469311
nfix,supermat,Probe,100,prior_shift,69,1.0,-1.0308596747578855,0.26,0.4962228517469311
nfix,supermat,Probe,100,prior_shift,70,1.0,-1.5705183833155796,0.17,0.4962228517469311
nfix,supermat,Probe,100,prior_shift,71,1.0,-0.14523376965037715,0.46,0.4962228517469311
nfix,supermat,Probe,100,prior_shift,72,1.0,-0.06493382724873435,0.48,0.4962228517469311
nfix,supermat,Probe,100,prior_shift,73,1.0,-0.6930761774996835,0.33,0.4962228517469311
nfix,supermat,Probe,100,prior_shift,74,1.0,-0.6039303279814213,0.35,0.4962228517469311
nfix,supermat,Probe,100,prior_shift,75,1.0,-1.3711854806950885,0.2,0.4962228517469311
nfix,supermat,Probe,100,prior_shift,76,1.0,-0.785010419687311,0.31,0.4962228517469311
nfix,supermat,Probe,100,prior_shift,77,1.0,-0.785010419687311,0.31,0.4962228517469311
nfix,supermat,Probe,100,prior_shift,78,1.0,-0.7386629219515779,0.32,0.4962228517469311
nfix,supermat,Probe,100,prior_shift,79,1.0,-0.7386629219515779,0.32,0.4962228517469311
nfix,supermat,Probe,100,prior_shift,80,1.0,-0.6481853369854619,0.34,0.4962228517469311
nfix,supermat,Probe,100,prior_shift,81,1.0,-0.6481853369854619,0.34,0.4962228517469311
nfix,supermat,Probe,100,prior_shift,82,1.0,-0.6930761774996835,0.33,0.4962228517469311
nfix,supermat,Probe,100,prior_shift,83,1.0,-0.307664511838249,0.42,0.4962228517469311
nfix,supermat,Probe,100,prior_shift,84,1.0,-0.47443934489390366,0.38,0.4962228517469311
nfix,supermat,Probe,100,prior_shift,85,1.0,-0.5602552644787597,0.36,0.4962228517469311
nfix,supermat,Probe,100,prior_shift,86,1.0,-0.8802751666300391,0.29,0.4962228517469311
nfix,supermat,Probe,100,prior_shift,87,1.0,-0.517107933322506,0.37,0.4962228517469311
nfix,supermat,Probe,100,prior_shift,88,1.0,-0.024896454188897056,0.49,0.4962228517469311
nfix,supermat,Probe,100,prior_shift,89,1.0,0.17545153049998166,0.54,0.4962228517469311
nfix,supermat,Probe,100,prior_shift,90,1.0,-0.9795136947192598,0.27,0.4962228517469311
nfix,supermat,Probe,100,prior_shift,91,1.0,-0.39035622768336214,0.4,0.4962228517469311
nfix,supermat,Probe,100,prior_shift,92,1.0,-0.307664511838249,0.42,0.4962228517469311
nfix,supermat,Probe,100,prior_shift,93,1.0,-0.8802751666300391,0.29,0.4962228517469311
nfix,supermat,Probe,100,prior_shift,94,1.0,-0.6481853369854619,0.34,0.4962228517469311
nfix,supermat,Probe,100,prior_shift,95,1.0,-0.929352728416049,0.28,0.4962228517469311
nfix,supermat,Probe,100,prior_shift,96,1.0,-0.39035622768336214,0.4,0.4962228517469311
nfix,supermat,Probe,100,prior_shift,97,1.0,-0.929352728416049,0.28,0.4962228517469311
nfix,supermat,Probe,100,prior_shift,98,1.0,-1.1375706295135835,0.24,0.4962228517469311
nfix,supermat,Probe,100,prior_shift,99,1.0,-0.14523376965037715,0.46,0.4962228517469311
nfix,supermat,NTP,100,prior_shift,0,1.0,-1.0308596747578855,0.26,0.4962228517469311
nfix,supermat,NTP,100,prior_shift,1,1.0,-1.0308596747578855,0.26,0.4962228517469311
nfix,supermat,NTP,100,prior_shift,2,1.0,-0.43220333761886265,0.39,0.4962228517469311
nfix,supermat,NTP,100,prior_shift,3,1.0,-0.6039303279814213,0.35,0.4962228517469311
nfix,supermat,NTP,100,prior_shift,4,1.0,-0.5602552644787597,0.36,0.4962228517469311
nfix,supermat,NTP,100,prior_shift,5,1.0,-0.307664511838249,0.42,0.4962228517469311
nfix,supermat,NTP,100,prior_shift,6,1.0,-1.0835034082433077,0.25,0.4962228517469311
nfix,supermat,NTP,100,prior_shift,7,1.0,-0.47443934489390366,0.38,0.4962228517469311
nfix,supermat,NTP,100,prior_shift,8,1.0,-1.1375706295135835,0.24,0.4962228517469311
nfix,supermat,NTP,100,prior_shift,9,1.0,-0.39035622768336214,0.4,0.4962228517469311
nfix,supermat,NTP,100,prior_shift,10,1.0,-0.6481853369854619,0.34,0.4962228517469311
nfix,supermat,NTP,100,prior_shift,11,1.0,-0.22605317639208594,0.44,0.4962228517469311
nfix,supermat,NTP,100,prior_shift,12,1.0,-0.7386629219515779,0.32,0.4962228517469311
nfix,supermat,NTP,100,prior_shift,13,1.0,-0.14523376965037715,0.46,0.4962228517469311
nfix,supermat,NTP,100,prior_shift,14,1.0,-0.785010419687311,0.31,0.4962228517469311
nfix,supermat,NTP,100,prior_shift,15,1.0,0.1352531922668655,0.53,0.4962228517469311
nfix,supermat,NTP,100,prior_shift,16,1.0,-0.8802751666300391,0.29,0.4962228517469311
nfix,supermat,NTP,100,prior_shift,17,1.0,-1.1932023254997322,0.23,0.4962228517469311
nfix,supermat,NTP,100,prior_shift,18,1.0,-0.8802751666300391,0.29,0.4962228517469311
nfix,supermat,NTP,100,prior_shift,19,1.0,-0.47443934489390366,0.38,0.4962228517469311
nfix,supermat,NTP,100,prior_shift,20,1.0,-0.6481853369854619,0.34,0.4962228517469311
nfix,supermat,NTP,100,prior_shift,21,1.0,-0.8321889799624015,0.3,0.4962228517469311
nfix,supermat,NTP,100,prior_shift,22,1.0,-1.1375706295135835,0.24,0.4962228517469311
nfix,supermat,NTP,100,prior_shift,23,1.0,-0.6481853369854619,0.34,0.4962228517469311
nfix,supermat,NTP,100,prior_shift,24,1.0,-0.6481853369854619,0.34,0.4962228517469311
nfix,supermat,NTP,100,prior_shift,25,1.0,-0.43220333761886265,0.39,0.4962228517469311
nfix,supermat,NTP,100,prior_shift,26,1.0,-0.6930761774996835,0.33,0.4962228517469311
nfix,supermat,NTP,100,prior_shift,27,1.0,-0.14523376965037715,0.46,0.4962228517469311
nfix,supermat,NTP,100,prior_shift,28,1.0,-0.26674227171618564,0.43,0.4962228517469311
nfix,supermat,NTP,100,prior_shift,29,1.0,-1.0308596747578855,0.26,0.4962228517469311
nfix,supermat,NTP,100,prior_shift,30,1.0,-0.5602552644787597,0.36,0.4962228517469311
nfix,supermat,NTP,100,prior_shift,31,1.0,-0.6039303279814213,0.35,0.4962228517469311
nfix,supermat,NTP,100,prior_shift,32,1.0,-0.929352728416049,0.28,0.4962228517469311
nfix,supermat,NTP,100,prior_shift,33,1.0,-0.26674227171618564,0.43,0.4962228517469311
nfix,supermat,NTP,100,prior_shift,34,1.0,-0.5602552644787597,0.36,0.4962228517469311
nfix,supermat,NTP,100,prior_shift,35,1.0,-0.39035622768336214,0.4,0.4962228517469311
nfix,supermat,NTP,100,prior_shift,36,1.0,-1.2505574929064738,0.22,0.4962228517469311
nfix,supermat,NTP,100,prior_shift,37,1.0,-0.39035622768336214,0.4,0.4962228517469311
nfix,supermat,NTP,100,prior_shift,38,1.0,-1.1375706295135835,0.24,0.4962228517469311
nfix,supermat,NTP,100,prior_shift,39,1.0,-0.6039303279814213,0.35,0.4962228517469311
nfix,supermat,NTP,100,prior_shift,40,1.0,-0.6039303279814213,0.35,0.4962228517469311
nfix,supermat,NTP,100,prior_shift,41,1.0,-0.307664511838249,0.42,0.4962228517469311
nfix,supermat,NTP,100,prior_shift,42,1.0,-0.8321889799624015,0.3,0.4962228517469311
nfix,supermat,NTP,100,prior_shift,43,1.0,-0.47443934489390366,0.38,0.4962228517469311
nfix,supermat,NTP,100,prior_shift,44,1.0,-0.18556181503734898,0.45,0.4962228517469311
nfix,supermat,NTP,100,prior_shift,45,1.0,-1.1932023254997322,0.23,0.4962228517469311
nfix,supermat,NTP,100,prior_shift,46,1.0,-1.0308596747578855,0.26,0.4962228517469311
nfix,supermat,NTP,100,prior_shift,47,1.0,-0.3488564967766096,0.41,0.4962228517469311
nfix,supermat,NTP,100,prior_shift,48,1.0,-0.6039303279814213,0.35,0.4962228517469311
nfix,supermat,NTP,100,prior_shift,49,1.0,-0.8802751666300391,0.29,0.4962228517469311
nfix,supermat,NTP,100,prior_shift,50,1.0,-1.0308596747578855,0.26,0.4962228517469311
nfix,supermat,NTP,100,prior_shift,51,1.0,-1.0835034082433077,0.25,0.4962228517469311
nfix,supermat,NTP,100,prior_shift,52,1.0,-1.1375706295135835,0.24,0.4962228517469311
nfix,supermat,NTP,100,prior_shift,53,1.0,-1.1375706295135835,0.24,0.4962228517469311
nfix,supermat,NTP,100,prior_shift,54,1.0,-0.18556181503734898,0.45,0.4962228517469311
nfix,supermat,NTP,100,prior_shift,55,1.0,-0.517107933322506,0.37,0.4962228517469311
nfix,supermat,NTP,100,prior_shift,56,1.0,-0.9795136947192598,0.27,0.4962228517469311
nfix,supermat,NTP,100,prior_shift,57,1.0,-1.0835034082433077,0.25,0.4962228517469311
nfix,supermat,NTP,100,prior_shift,58,1.0,-0.8321889799624015,0.3,0.4962228517469311
nfix,supermat,NTP,100,prior_shift,59,1.0,-0.8802751666300391,0.29,0.4962228517469311
nfix,supermat,NTP,100,prior_shift,60,1.0,-0.517107933322506,0.37,0.4962228517469311
nfix,supermat,NTP,100,prior_shift,61,1.0,-0.6481853369854619,0.34,0.4962228517469311
nfix,supermat,NTP,100,prior_shift,62,1.0,-0.7386629219515779,0.32,0.4962228517469311
nfix,supermat,NTP,100,prior_shift,63,1.0,-0.06493382724873435,0.48,0.4962228517469311
nfix,supermat,NTP,100,prior_shift,64,1.0,-0.6930761774996835,0.33,0.4962228517469311
nfix,supermat,NTP,100,prior_shift,65,1.0,0.2562709372416904,0.56,0.4962228517469311
nfix,supermat,NTP,100,prior_shift,66,1.0,-1.1932023254997322,0.23,0.4962228517469311
nfix,supermat,NTP,100,prior_shift,67,1.0,-0.6481853369854619,0.34,0.4962228517469311
nfix,supermat,NTP,100,prior_shift,68,1.0,-1.2505574929064738,0.22,0.4962228517469311
nfix,supermat,NTP,100,prior_shift,69,1.0,-1.0308596747578855,0.26,0.4962228517469311
nfix,supermat,NTP,100,prior_shift,70,1.0,-1.5705183833155796,0.17,0.4962228517469311
nfix,supermat,NTP,100,prior_shift,71,1.0,-0.14523376965037715,0.46,0.4962228517469311
nfix,supermat,NTP,100,prior_shift,72,1.0,-0.06493382724873435,0.48,0.4962228517469311
nfix,supermat,NTP,100,prior_shift,73,1.0,-0.6930761774996835,0.33,0.4962228517469311
nfix,supermat,NTP,100,prior_shift,74,1.0,-0.6039303279814213,0.35,0.4962228517469311
nfix,supermat,NTP,100,prior_shift,75,1.0,-1.3711854806950885,0.2,0.4962228517469311
nfix,supermat,NTP,100,prior_shift,76,1.0,-0.785010419687311,0.31,0.4962228517469311
nfix,supermat,NTP,100,prior_shift,77,1.0,-0.785010419687311,0.31,0.4962228517469311
nfix,supermat,NTP,100,prior_shift,78,1.0,-0.7386629219515779,0.32,0.4962228517469311
nfix,supermat,NTP,100,prior_shift,79,1.0,-0.7386629219515779,0.32,0.4962228517469311
nfix,supermat,NTP,100,prior_shift,80,1.0,-0.6481853369854619,0.34,0.4962228517469311
nfix,supermat,NTP,100,prior_shift,81,1.0,-0.6481853369854619,0.34,0.4962228517469311
nfix,supermat,NTP,100,prior_shift,82,1.0,-0.6930761774996835,0.33,0.4962228517469311
nfix,supermat,NTP,100,prior_shift,83,1.0,-0.307664511838249,0.42,0.4962228517469311
nfix,supermat,NTP,100,prior_shift,84,1.0,-0.47443934489390366,0.38,0.4962228517469311
nfix,supermat,NTP,100,prior_shift,85,1.0,-0.5602552644787597,0.36,0.4962228517469311
nfix,supermat,NTP,100,prior_shift,86,1.0,-0.8802751666300391,0.29,0.4962228517469311
nfix,supermat,NTP,100,prior_shift,87,1.0,-0.517107933322506,0.37,0.4962228517469311
nfix,supermat,NTP,100,prior_shift,88,1.0,-0.024896454188897056,0.49,0.4962228517469311
nfix,supermat,NTP,100,prior_shift,89,1.0,0.17545153049998166,0.54,0.4962228517469311
nfix,supermat,NTP,100,prior_shift,90,1.0,-0.9795136947192598,0.27,0.4962228517469311
nfix,supermat,NTP,100,prior_shift,91,1.0,-0.39035622768336214,0.4,0.4962228517469311
nfix,supermat,NTP,100,prior_shift,92,1.0,-0.307664511838249,0.42,0.4962228517469311
nfix,supermat,NTP,100,prior_shift,93,1.0,-0.8802751666300391,0.29,0.4962228517469311
nfix,supermat,NTP,100,prior_shift,94,1.0,-0.6481853369854619,0.34,0.4962228517469311
nfix,supermat,NTP,100,prior_shift,95,1.0,-0.929352728416049,0.28,0.4962228517469311
nfix,supermat,NTP,100,prior_shift,96,1.0,-0.39035622768336214,0.4,0.4962228517469311
nfix,supermat,NTP,100,prior_shift,97,1.0,-0.929352728416049,0.28,0.4962228517469311
nfix,supermat,NTP,100,prior_shift,98,1.0,-1.1375706295135835,0.24,0.4962228517469311
nfix,supermat,NTP,100,prior_shift,99,1.0,-0.14523376965037715,0.46,0.4962228517469311
nfix,supermat,Probe,250,prior_shift,0,1.0,-1.2045300406455333,0.228,0.4962228517469311
nfix,supermat,Probe,250,prior_shift,1,1.0,-1.1375706295135835,0.24,0.4962228517469311
nfix,supermat,Probe,250,prior_shift,2,1.0,-0.5602552644787597,0.36,0.4962228517469311
nfix,supermat,Probe,250,prior_shift,3,1.0,-0.14523376965037715,0.46,0.4962228517469311
nfix,supermat,Probe,250,prior_shift,4,1.0,-0.7021358517142036,0.328,0.4962228517469311
nfix,supermat,Probe,250,prior_shift,5,1.0,-0.47443934489390366,0.38,0.4962228517469311
nfix,supermat,Probe,250,prior_shift,6,1.0,-0.8321889799624015,0.3,0.4962228517469311
nfix,supermat,Probe,250,prior_shift,7,1.0,-0.42380416175090224,0.392,0.4962228517469311
nfix,supermat,Probe,250,prior_shift,8,1.0,-1.010172135157758,0.264,0.4962228517469311
nfix,supermat,Probe,250,prior_shift,9,1.0,-0.45749553052099073,0.384,0.4962228517469311
nfix,supermat,Probe,250,prior_shift,10,1.0,-1.1375706295135835,0.24,0.4962228517469311
nfix,supermat,Probe,250,prior_shift,11,1.0,-0.20983485139355545,0.444,0.4962228517469311
nfix,supermat,Probe,250,prior_shift,12,1.0,-0.6481853369854619,0.34,0.4962228517469311
nfix,supermat,Probe,250,prior_shift,13,1.0,-0.5776591148275211,0.356,0.4962228517469311
nfix,supermat,Probe,250,prior_shift,14,1.0,-0.929352728416049,0.28,0.4962228517469311
nfix,supermat,Probe,250,prior_shift,15,1.0,0.031109221771243284,0.504,0.4962228517469311
nfix,supermat,Probe,250,prior_shift,16,1.0,-0.5776591148275211,0.356,0.4962228517469311
nfix,supermat,Probe,250,prior_shift,17,1.0,-0.929352728416049,0.28,0.4962228517469311
nfix,supermat,Probe,250,prior_shift,18,1.0,-0.8705814110006359,0.292,0.4962228517469311
nfix,supermat,Probe,250,prior_shift,19,1.0,-0.5776591148275211,0.356,0.4962228517469311
nfix,supermat,Probe,250,prior_shift,20,1.0,-0.5429358152785794,0.364,0.4962228517469311
nfix,supermat,Probe,250,prior_shift,21,1.0,-1.0517547099287272,0.256,0.4962228517469311
nfix,supermat,Probe,250,prior_shift,22,1.0,-0.7756767696990591,0.312,0.4962228517469311
nfix,supermat,Probe,250,prior_shift,23,1.0,-0.8513100214091798,0.296,0.4962228517469311
nfix,supermat,Probe,250,prior_shift,24,1.0,-0.5256975755531244,0.368,0.4962228517469311
nfix,supermat,Probe,250,prior_shift,25,1.0,-0.32410684214216173,0.416,0.4962228517469311
nfix,supermat,Probe,250,prior_shift,26,1.0,-0.8705814110006359,0.292,0.4962228517469311
nfix,supermat,Probe,250,prior_shift,27,1.0,-0.29126532503913144,0.424,0.4962228517469311
nfix,supermat,Probe,250,prior_shift,28,1.0,-0.6481853369854619,0.34,0.4962228517469311
nfix,supermat,Probe,250,prior_shift,29,1.0,-0.929352728416049,0.28,0.4962228517469311
nfix,supermat,Probe,250,prior_shift,30,1.0,-0.39035622768336214,0.4,0.4962228517469311
nfix,supermat,Probe,250,prior_shift,31,1.0,-0.45749553052099073,0.384,0.4962228517469311
nfix,supermat,Probe,250,prior_shift,32,1.0,-1.0308596747578855,0.26,0.4962228517469311
nfix,supermat,Probe,250,prior_shift,33,1.0,-0.2585869500522389,0.432,0.4962228517469311
nfix,supermat,Probe,250,prior_shift,34,1.0,-0.42380416175090224,0.392,0.4962228517469311
nfix,supermat,Probe,250,prior_shift,35,1.0,-0.307664511838249,0.42,0.4962228517469311
nfix,supermat,Probe,250,prior_shift,36,1.0,-1.0517547099287272,0.256,0.4962228517469311
nfix,supermat,Probe,250,prior_shift,37,1.0,-0.7203406798258325,0.324,0.4962228517469311
nfix,supermat,Probe,250,prior_shift,38,1.0,-1.0728650100382517,0.252,0.4962228517469311
nfix,supermat,Probe,250,prior_shift,39,1.0,-0.6304102511458886,0.344,0.4962228517469311
nfix,supermat,Probe,250,prior_shift,40,1.0,-0.44061806246425045,0.388,0.4962228517469311
nfix,supermat,Probe,250,prior_shift,41,1.0,-0.11306631299919538,0.468,0.4962228517469311
nfix,supermat,Probe,250,prior_shift,42,1.0,-0.9693901014758863,0.272,0.4962228517469311
nfix,supermat,Probe,250,prior_shift,43,1.0,-0.7203406798258325,0.324,0.4962228517469311
nfix,supermat,Probe,250,prior_shift,44,1.0,-0.03290033876155852,0.488,0.4962228517469311
nfix,supermat,Probe,250,prior_shift,45,1.0,-1.0517547099287272,0.256,0.4962228517469311
nfix,supermat,Probe,250,prior_shift,46,1.0,-0.9095970483746375,0.284,0.4962228517469311
nfix,supermat,Probe,250,prior_shift,47,1.0,-0.32410684214216173,0.416,0.4962228517469311
nfix,supermat,Probe,250,prior_shift,48,1.0,-0.45749553052099073,0.384,0.4962228517469311
nfix,supermat,Probe,250,prior_shift,49,1.0,-0.9693901014758863,0.272,0.4962228517469311
nfix,supermat,Probe,250,prior_shift,50,1.0,-1.010172135157758,0.264,0.4962228517469311
nfix,supermat,Probe,250,prior_shift,51,1.0,-0.5085374317702499,0.372,0.4962228517469311
nfix,supermat,Probe,250,prior_shift,52,1.0,-0.8900085508512277,0.288,0.4962228517469311
nfix,supermat,Probe,250,prior_shift,53,1.0,-1.5012386089432865,0.18,0.4962228517469311
nfix,supermat,Probe,250,prior_shift,54,1.0,-0.5085374317702499,0.372,0.4962228517469311
nfix,supermat,Probe,250,prior_shift,55,1.0,-0.5256975755531244,0.368,0.4962228517469311
nfix,supermat,Probe,250,prior_shift,56,1.0,-0.6660621090884273,0.336,0.4962228517469311
nfix,supermat,Probe,250,prior_shift,57,1.0,-0.8513100214091798,0.296,0.4962228517469311
nfix,supermat,Probe,250,prior_shift,58,1.0,-0.9896846530256526,0.268,0.4962228517469311
nfix,supermat,Probe,250,prior_shift,59,1.0,-0.8900085508512277,0.288,0.4962228517469311
nfix,supermat,Probe,250,prior_shift,60,1.0,-1.010172135157758,0.264,0.4962228517469311
nfix,supermat,Probe,250,prior_shift,61,1.0,-0.6840443241953549,0.332,0.4962228517469311
nfix,supermat,Probe,250,prior_shift,62,1.0,-0.5951506403293755,0.352,0.4962228517469311
nfix,supermat,Probe,250,prior_shift,63,1.0,-0.29126532503913144,0.424,0.4962228517469311
nfix,supermat,Probe,250,prior_shift,64,1.0,-0.7571068236108361,0.316,0.4962228517469311
nfix,supermat,Probe,250,prior_shift,65,1.0,0.04711161151097595,0.508,0.4962228517469311
nfix,supermat,Probe,250,prior_shift,66,1.0,-0.7571068236108361,0.316,0.4962228517469311
nfix,supermat,Probe,250,prior_shift,67,1.0,-0.29126532503913144,0.424,0.4962228517469311
nfix,supermat,Probe,250,prior_shift,68,1.0,-0.8321889799624015,0.3,0.4962228517469311
nfix,supermat,Probe,250,prior_shift,69,1.0,-1.1596271037161083,0.236,0.4962228517469311
nfix,supermat,Probe,250,prior_shift,70,1.0,-1.321914431688306,0.208,0.4962228517469311
nfix,supermat,Probe,250,prior_shift,71,1.0,-0.0008914609216390101,0.496,0.4962228517469311
nfix,supermat,Probe,250,prior_shift,72,1.0,-0.357130580055042,0.408,0.4962228517469311
nfix,supermat,Probe,250,prior_shift,73,1.0,-0.0809649496648201,0.476,0.4962228517469311
nfix,supermat,Probe,250,prior_shift,74,1.0,-0.29126532503913144,0.424,0.4962228517469311
nfix,supermat,Probe,250,prior_shift,75,1.0,-1.2045300406455333,0.228,0.4962228517469311
nfix,supermat,Probe,250,prior_shift,76,1.0,-0.7203406798258325,0.324,0.4962228517469311
nfix,supermat,Probe,250,prior_shift,77,1.0,-0.9896846530256526,0.268,0.4962228517469311
nfix,supermat,Probe,250,prior_shift,78,1.0,-0.9693901014758863,0.272,0.4962228517469311
nfix,supermat,Probe,250,prior_shift,79,1.0,-0.7021358517142036,0.328,0.4962228517469311
nfix,supermat,Probe,250,prior_shift,80,1.0,-0.7021358517142036,0.328,0.4962228517469311
nfix,supermat,Probe,250,prior_shift,81,1.0,-0.016893850661371675,0.492,0.4962228517469311
nfix,supermat,Probe,250,prior_shift,82,1.0,-0.6481853369854619,0.34,0.4962228517469311
nfix,supermat,Probe,250,prior_shift,83,1.0,-0.37371690867939744,0.404,0.4962228517469311
nfix,supermat,Probe,250,prior_shift,84,1.0,-0.42380416175090224,0.392,0.4962228517469311
nfix,supermat,Probe,250,prior_shift,85,1.0,-0.20983485139355545,0.444,0.4962228517469311
nfix,supermat,Probe,250,prior_shift,86,1.0,-0.9095970483746375,0.284,0.4962228517469311
nfix,supermat,Probe,250,prior_shift,87,1.0,-0.29126532503913144,0.424,0.4962228517469311
nfix,supermat,Probe,250,prior_shift,88,1.0,-0.47443934489390366,0.38,0.4962228517469311
nfix,supermat,Probe,250,prior_shift,89,1.0,-0.274906915373199,0.428,0.4962228517469311
nfix,supermat,Probe,250,prior_shift,90,1.0,-0.8705814110006359,0.292,0.4962228517469311
nfix,supermat,Probe,250,prior_shift,91,1.0,-0.40705110625553215,0.396,0.4962228517469311
nfix,supermat,Probe,250,prior_shift,92,1.0,-0.307664511838249,0.42,0.4962228517469311
nfix,supermat,Probe,250,prior_shift,93,1.0,-0.6660621090884273,0.336,0.4962228517469311
nfix,supermat,Probe,250,prior_shift,94,1.0,-0.7386629219515779,0.32,0.4962228517469311
nfix,supermat,Probe,250,prior_shift,95,1.0,-1.0728650100382517,0.252,0.4962228517469311
nfix,supermat,Probe,250,prior_shift,96,1.0,-0.45749553052099073,0.384,0.4962228517469311
nfix,supermat,Probe,250,prior_shift,97,1.0,-0.7571068236108361,0.316,0.4962228517469311
nfix,supermat,Probe,250,prior_shift,98,1.0,-1.2505574929064738,0.22,0.4962228517469311
nfix,supermat,Probe,250,prior_shift,99,1.0,0.04711161151097595,0.508,0.4962228517469311
nfix,supermat,NTP,250,prior_shift,0,1.0,-1.2045300406455333,0.228,0.4962228517469311
nfix,supermat,NTP,250,prior_shift,1,1.0,-1.1375706295135835,0.24,0.4962228517469311
nfix,supermat,NTP,250,prior_shift,2,1.0,-0.5602552644787597,0.36,0.4962228517469311
nfix,supermat,NTP,250,prior_shift,3,1.0,-0.14523376965037715,0.46,0.4962228517469311
nfix,supermat,NTP,250,prior_shift,4,1.0,-0.7021358517142036,0.328,0.4962228517469311
nfix,supermat,NTP,250,prior_shift,5,1.0,-0.47443934489390366,0.38,0.4962228517469311
nfix,supermat,NTP,250,prior_shift,6,1.0,-0.8321889799624015,0.3,0.4962228517469311
nfix,supermat,NTP,250,prior_shift,7,1.0,-0.42380416175090224,0.392,0.4962228517469311
nfix,supermat,NTP,250,prior_shift,8,1.0,-1.010172135157758,0.264,0.4962228517469311
nfix,supermat,NTP,250,prior_shift,9,1.0,-0.45749553052099073,0.384,0.4962228517469311
nfix,supermat,NTP,250,prior_shift,10,1.0,-1.1375706295135835,0.24,0.4962228517469311
nfix,supermat,NTP,250,prior_shift,11,1.0,-0.20983485139355545,0.444,0.4962228517469311
nfix,supermat,NTP,250,prior_shift,12,1.0,-0.6481853369854619,0.34,0.4962228517469311
nfix,supermat,NTP,250,prior_shift,13,1.0,-0.5776591148275211,0.356,0.4962228517469311
nfix,supermat,NTP,250,prior_shift,14,1.0,-0.929352728416049,0.28,0.4962228517469311
nfix,supermat,NTP,250,prior_shift,15,1.0,0.031109221771243284,0.504,0.4962228517469311
nfix,supermat,NTP,250,prior_shift,16,1.0,-0.5776591148275211,0.356,0.4962228517469311
nfix,supermat,NTP,250,prior_shift,17,1.0,-0.929352728416049,0.28,0.4962228517469311
nfix,supermat,NTP,250,prior_shift,18,1.0,-0.8705814110006359,0.292,0.4962228517469311
nfix,supermat,NTP,250,prior_shift,19,1.0,-0.5776591148275211,0.356,0.4962228517469311
nfix,supermat,NTP,250,prior_shift,20,1.0,-0.5429358152785794,0.364,0.4962228517469311
nfix,supermat,NTP,250,prior_shift,21,1.0,-1.0517547099287272,0.256,0.4962228517469311
nfix,supermat,NTP,250,prior_shift,22,1.0,-0.7756767696990591,0.312,0.4962228517469311
nfix,supermat,NTP,250,prior_shift,23,1.0,-0.8513100214091798,0.296,0.4962228517469311
nfix,supermat,NTP,250,prior_shift,24,1.0,-0.5256975755531244,0.368,0.4962228517469311
nfix,supermat,NTP,250,prior_shift,25,1.0,-0.32410684214216173,0.416,0.4962228517469311
nfix,supermat,NTP,250,prior_shift,26,1.0,-0.8705814110006359,0.292,0.4962228517469311
nfix,supermat,NTP,250,prior_shift,27,1.0,-0.29126532503913144,0.424,0.4962228517469311
nfix,supermat,NTP,250,prior_shift,28,1.0,-0.6481853369854619,0.34,0.4962228517469311
nfix,supermat,NTP,250,prior_shift,29,1.0,-0.929352728416049,0.28,0.4962228517469311
nfix,supermat,NTP,250,prior_shift,30,1.0,-0.39035622768336214,0.4,0.4962228517469311
nfix,supermat,NTP,250,prior_shift,31,1.0,-0.45749553052099073,0.384,0.4962228517469311
nfix,supermat,NTP,250,prior_shift,32,1.0,-1.0308596747578855,0.26,0.4962228517469311
nfix,supermat,NTP,250,prior_shift,33,1.0,-0.2585869500522389,0.432,0.4962228517469311
nfix,supermat,NTP,250,prior_shift,34,1.0,-0.42380416175090224,0.392,0.4962228517469311
nfix,supermat,NTP,250,prior_shift,35,1.0,-0.307664511838249,0.42,0.4962228517469311
nfix,supermat,NTP,250,prior_shift,36,1.0,-1.0517547099287272,0.256,0.4962228517469311
nfix,supermat,NTP,250,prior_shift,37,1.0,-0.7203406798258325,0.324,0.4962228517469311
nfix,supermat,NTP,250,prior_shift,38,1.0,-1.0728650100382517,0.252,0.4962228517469311
nfix,supermat,NTP,250,prior_shift,39,1.0,-0.6304102511458886,0.344,0.4962228517469311
nfix,supermat,NTP,250,prior_shift,40,1.0,-0.44061806246425045,0.388,0.4962228517469311
nfix,supermat,NTP,250,prior_shift,41,1.0,-0.11306631299919538,0.468,0.4962228517469311
nfix,supermat,NTP,250,prior_shift,42,1.0,-0.9693901014758863,0.272,0.4962228517469311
nfix,supermat,NTP,250,prior_shift,43,1.0,-0.7203406798258325,0.324,0.4962228517469311
nfix,supermat,NTP,250,prior_shift,44,1.0,-0.03290033876155852,0.488,0.4962228517469311
nfix,supermat,NTP,250,prior_shift,45,1.0,-1.0517547099287272,0.256,0.4962228517469311
nfix,supermat,NTP,250,prior_shift,46,1.0,-0.9095970483746375,0.284,0.4962228517469311
nfix,supermat,NTP,250,prior_shift,47,1.0,-0.32410684214216173,0.416,0.4962228517469311
nfix,supermat,NTP,250,prior_shift,48,1.0,-0.45749553052099073,0.384,0.4962228517469311
nfix,supermat,NTP,250,prior_shift,49,1.0,-0.9693901014758863,0.272,0.4962228517469311
nfix,supermat,NTP,250,prior_shift,50,1.0,-1.010172135157758,0.264,0.4962228517469311
nfix,supermat,NTP,250,prior_shift,51,1.0,-0.5085374317702499,0.372,0.4962228517469311
nfix,supermat,NTP,250,prior_shift,52,1.0,-0.8900085508512277,0.288,0.4962228517469311
nfix,supermat,NTP,250,prior_shift,53,1.0,-1.5012386089432865,0.18,0.4962228517469311
nfix,supermat,NTP,250,prior_shift,54,1.0,-0.5085374317702499,0.372,0.4962228517469311
nfix,supermat,NTP,250,prior_shift,55,1.0,-0.5256975755531244,0.368,0.4962228517469311
nfix,supermat,NTP,250,prior_shift,56,1.0,-0.6660621090884273,0.336,0.4962228517469311
nfix,supermat,NTP,250,prior_shift,57,1.0,-0.8513100214091798,0.296,0.4962228517469311
nfix,supermat,NTP,250,prior_shift,58,1.0,-0.9896846530256526,0.268,0.4962228517469311
nfix,supermat,NTP,250,prior_shift,59,1.0,-0.8900085508512277,0.288,0.4962228517469311
nfix,supermat,NTP,250,prior_shift,60,1.0,-1.010172135157758,0.264,0.4962228517469311
nfix,supermat,NTP,250,prior_shift,61,1.0,-0.6840443241953549,0.332,0.4962228517469311
nfix,supermat,NTP,250,prior_shift,62,1.0,-0.5951506403293755,0.352,0.4962228517469311
nfix,supermat,NTP,250,prior_shift,63,1.0,-0.29126532503913144,0.424,0.4962228517469311
nfix,supermat,NTP,250,prior_shift,64,1.0,-0.7571068236108361,0.316,0.4962228517469311
nfix,supermat,NTP,250,prior_shift,65,1.0,0.04711161151097595,0.508,0.4962228517469311
nfix,supermat,NTP,250,prior_shift,66,1.0,-0.7571068236108361,0.316,0.4962228517469311
nfix,supermat,NTP,250,prior_shift,67,1.0,-0.29126532503913144,0.424,0.4962228517469311
nfix,supermat,NTP,250,prior_shift,68,1.0,-0.8321889799624015,0.3,0.4962228517469311
nfix,supermat,NTP,250,prior_shift,69,1.0,-1.1596271037161083,0.236,0.4962228517469311
nfix,supermat,NTP,250,prior_shift,70,1.0,-1.321914431688306,0.208,0.4962228517469311
nfix,supermat,NTP,250,prior_shift,71,1.0,-0.0008914609216390101,0.496,0.4962228517469311
nfix,supermat,NTP,250,prior_shift,72,1.0,-0.357130580055042,0.408,0.4962228517469311
nfix,supermat,NTP,250,prior_shift,73,1.0,-0.0809649496648201,0.476,0.4962228517469311
nfix,supermat,NTP,250,prior_shift,74,1.0,-0.29126532503913144,0.424,0.4962228517469311
nfix,supermat,NTP,250,prior_shift,75,1.0,-1.2045300406455333,0.228,0.4962228517469311
nfix,supermat,NTP,250,prior_shift,76,1.0,-0.7203406798258325,0.324,0.4962228517469311
nfix,supermat,NTP,250,prior_shift,77,1.0,-0.9896846530256526,0.268,0.4962228517469311
nfix,supermat,NTP,250,prior_shift,78,1.0,-0.9693901014758863,0.272,0.4962228517469311
nfix,supermat,NTP,250,prior_shift,79,1.0,-0.7021358517142036,0.328,0.4962228517469311
nfix,supermat,NTP,250,prior_shift,80,1.0,-0.7021358517142036,0.328,0.4962228517469311
nfix,supermat,NTP,250,prior_shift,81,1.0,-0.016893850661371675,0.492,0.4962228517469311
nfix,supermat,NTP,250,prior_shift,82,1.0,-0.6481853369854619,0.34,0.4962228517469311
nfix,supermat,NTP,250,prior_shift,83,1.0,-0.37371690867939744,0.404,0.4962228517469311
nfix,supermat,NTP,250,prior_shift,84,1.0,-0.42380416175090224,0.392,0.4962228517469311
nfix,supermat,NTP,250,prior_shift,85,1.0,-0.20983485139355545,0.444,0.4962228517469311
nfix,supermat,NTP,250,prior_shift,86,1.0,-0.9095970483746375,0.284,0.4962228517469311
nfix,supermat,NTP,250,prior_shift,87,1.0,-0.29126532503913144,0.424,0.4962228517469311
nfix,supermat,NTP,250,prior_shift,88,1.0,-0.47443934489390366,0.38,0.4962228517469311
nfix,supermat,NTP,250,prior_shift,89,1.0,-0.274906915373199,0.428,0.4962228517469311
nfix,supermat,NTP,250,prior_shift,90,1.0,-0.8705814110006359,0.292,0.4962228517469311
nfix,supermat,NTP,250,prior_shift,91,1.0,-0.40705110625553215,0.396,0.4962228517469311
nfix,supermat,NTP,250,prior_shift,92,1.0,-0.307664511838249,0.42,0.4962228517469311
nfix,supermat,NTP,250,prior_shift,93,1.0,-0.6660621090884273,0.336,0.4962228517469311
nfix,supermat,NTP,250,prior_shift,94,1.0,-0.7386629219515779,0.32,0.4962228517469311
nfix,supermat,NTP,250,prior_shift,95,1.0,-1.0728650100382517,0.252,0.4962228517469311
nfix,supermat,NTP,250,prior_shift,96,1.0,-0.45749553052099073,0.384,0.4962228517469311
nfix,supermat,NTP,250,prior_shift,97,1.0,-0.7571068236108361,0.316,0.4962228517469311
nfix,supermat,NTP,250,prior_shift,98,1.0,-1.2505574929064738,0.22,0.4962228517469311
nfix,supermat,NTP,250,prior_shift,99,1.0,0.04711161151097595,0.508,0.4962228517469311
nfix,supermat,Probe,500,prior_shift,0,1.0,-1.3463703115753647,0.204,0.4962228517469311
nfix,supermat,Probe,500,prior_shift,1,1.0,-1.1596271037161083,0.236,0.4962228517469311
nfix,supermat,Probe,500,prior_shift,2,1.0,-0.7112238491207972,0.326,0.4962228517469311
nfix,supermat,Probe,500,prior_shift,3,1.0,-0.5256975755531244,0.368,0.4962228517469311
nfix,supermat,Probe,500,prior_shift,4,1.0,-0.6750397971388864,0.334,0.4962228517469311
nfix,supermat,Probe,500,prior_shift,5,1.0,-0.6392853138379098,0.342,0.4962228517469311
nfix,supermat,Probe,500,prior_shift,6,1.0,-1.0622824527604222,0.254,0.4962228517469311
nfix,supermat,Probe,500,prior_shift,7,1.0,-0.5343067406110575,0.366,0.4962228517469311
nfix,supermat,Probe,500,prior_shift,8,1.0,-1.104951951650791,0.246,0.4962228517469311
nfix,supermat,Probe,500,prior_shift,9,1.0,-0.5429358152785794,0.364,0.4962228517469311
nfix,supermat,Probe,500,prior_shift,10,1.0,-1.126636779060883,0.242,0.4962228517469311
nfix,supermat,Probe,500,prior_shift,11,1.0,-0.37371690867939744,0.404,0.4962228517469311
nfix,supermat,Probe,500,prior_shift,12,1.0,-0.3488564967766096,0.41,0.4962228517469311
nfix,supermat,Probe,500,prior_shift,13,1.0,-0.5085374317702499,0.372,0.4962228517469311
nfix,supermat,Probe,500,prior_shift,14,1.0,-1.0204904404145734,0.262,0.4962228517469311
nfix,supermat,Probe,500,prior_shift,15,1.0,0.09515158809833864,0.52,0.4962228517469311
nfix,supermat,Probe,500,prior_shift,16,1.0,-0.6392853138379098,0.342,0.4962228517469311
nfix,supermat,Probe,500,prior_shift,17,1.0,-0.929352728416049,0.28,0.4962228517469311
nfix,supermat,Probe,500,prior_shift,18,1.0,-0.7203406798258325,0.324,0.4962228517469311
nfix,supermat,Probe,500,prior_shift,19,1.0,-0.36541727933611007,0.406,0.4962228517469311
nfix,supermat,Probe,500,prior_shift,20,1.0,-0.44061806246425045,0.388,0.4962228517469311
nfix,supermat,Probe,500,prior_shift,21,1.0,-0.8997822710949297,0.286,0.4962228517469311
nfix,supermat,Probe,500,prior_shift,22,1.0,-1.215927993892639,0.226,0.4962228517469311
nfix,supermat,Probe,500,prior_shift,23,1.0,-0.6304102511458886,0.344,0.4962228517469311
nfix,supermat,Probe,500,prior_shift,24,1.0,-0.6930761774996835,0.33,0.4962228517469311
nfix,supermat,Probe,500,prior_shift,25,1.0,-0.38202978490680845,0.402,0.4962228517469311
nfix,supermat,Probe,500,prior_shift,26,1.0,-0.6481853369854619,0.34,0.4962228517469311
nfix,supermat,Probe,500,prior_shift,27,1.0,-0.2830811696253939,0.426,0.4962228517469311
nfix,supermat,Probe,500,prior_shift,28,1.0,-0.4829370166947896,0.378,0.4962228517469311
nfix,supermat,Probe,500,prior_shift,29,1.0,-1.1485670015903695,0.238,0.4962228517469311
nfix,supermat,Probe,500,prior_shift,30,1.0,-0.7021358517142036,0.328,0.4962228517469311
nfix,supermat,Probe,500,prior_shift,31,1.0,-0.7386629219515779,0.32,0.4962228517469311
nfix,supermat,Probe,500,prior_shift,32,1.0,-0.8417310370956044,0.298,0.4962228517469311
nfix,supermat,Probe,500,prior_shift,33,1.0,-0.274906915373199,0.428,0.4962228517469311
nfix,supermat,Probe,500,prior_shift,34,1.0,-0.517107933322506,0.37,0.4962228517469311
nfix,supermat,Probe,500,prior_shift,35,1.0,-0.38202978490680845,0.402,0.4962228517469311
nfix,supermat,Probe,500,prior_shift,36,1.0,-0.9795136947192598,0.27,0.4962228517469311
nfix,supermat,Probe,500,prior_shift,37,1.0,-0.6750397971388864,0.334,0.4962228517469311
nfix,supermat,Probe,500,prior_shift,38,1.0,-1.3711854806950885,0.2,0.4962228517469311
nfix,supermat,Probe,500,prior_shift,39,1.0,-0.6392853138379098,0.342,0.4962228517469311
nfix,supermat,Probe,500,prior_shift,40,1.0,-0.4999856932607644,0.374,0.4962228517469311
nfix,supermat,Probe,500,prior_shift,41,1.0,-0.07294797496638068,0.478,0.4962228517469311
nfix,supermat,Probe,500,prior_shift,42,1.0,-0.8417310370956044,0.298,0.4962228517469311
nfix,supermat,Probe,500,prior_shift,43,1.0,-0.929352728416049,0.28,0.4962228517469311
nfix,supermat,Probe,500,prior_shift,44,1.0,-0.21794019987881066,0.442,0.4962228517469311
nfix,supermat,Probe,500,prior_shift,45,1.0,-1.0941986973600557,0.248,0.4962228517469311
nfix,supermat,Probe,500,prior_shift,46,1.0,-0.9999038394080143,0.266,0.4962228517469311
nfix,supermat,Probe,500,prior_shift,47,1.0,-0.15328793690065906,0.458,0.4962228517469311
nfix,supermat,Probe,500,prior_shift,48,1.0,-0.5429358152785794,0.364,0.4962228517469311
nfix,supermat,Probe,500,prior_shift,49,1.0,-0.8705814110006359,0.292,0.4962228517469311
nfix,supermat,Probe,500,prior_shift,50,1.0,-1.0728650100382517,0.252,0.4962228517469311
nfix,supermat,Probe,500,prior_shift,51,1.0,-0.5863937102240252,0.354,0.4962228517469311
nfix,supermat,Probe,500,prior_shift,52,1.0,-0.8900085508512277,0.288,0.4962228517469311
nfix,supermat,Probe,500,prior_shift,53,1.0,-1.0835034082433077,0.25,0.4962228517469311
nfix,supermat,Probe,500,prior_shift,54,1.0,-0.36541727933611007,0.406,0.4962228517469311
nfix,supermat,Probe,500,prior_shift,55,1.0,-0.7663757613928296,0.314,0.4962228517469311
nfix,supermat,Probe,500,prior_shift,56,1.0,-0.794377292219293,0.308,0.4962228517469311
nfix,supermat,Probe,500,prior_shift,57,1.0,-0.9999038394080143,0.266,0.4962228517469311
nfix,supermat,Probe,500,prior_shift,58,1.0,-0.7571068236108361,0.316,0.4962228517469311
nfix,supermat,Probe,500,prior_shift,59,1.0,-0.8609265897297582,0.294,0.4962228517469311
nfix,supermat,Probe,500,prior_shift,60,1.0,-1.0835034082433077,0.25,0.4962228517469311
nfix,supermat,Probe,500,prior_shift,61,1.0,-0.7203406798258325,0.324,0.4962228517469311
nfix,supermat,Probe,500,prior_shift,62,1.0,-0.7386629219515779,0.32,0.4962228517469311
nfix,supermat,Probe,500,prior_shift,63,1.0,-0.22605317639208594,0.44,0.4962228517469311
nfix,supermat,Probe,500,prior_shift,64,1.0,-0.5515851910942167,0.362,0.4962228517469311
nfix,supermat,Probe,500,prior_shift,65,1.0,-0.04090576112986926,0.486,0.4962228517469311
nfix,supermat,Probe,500,prior_shift,66,1.0,-0.8226832049627008,0.302,0.4962228517469311
nfix,supermat,Probe,500,prior_shift,67,1.0,-0.25044066367797596,0.434,0.4962228517469311
nfix,supermat,Probe,500,prior_shift,68,1.0,-0.8705814110006359,0.292,0.4962228517469311
nfix,supermat,Probe,500,prior_shift,69,1.0,-1.0835034082433077,0.25,0.4962228517469311
nfix,supermat,Probe,500,prior_shift,70,1.0,-1.2389402618813101,0.222,0.4962228517469311
nfix,supermat,Probe,500,prior_shift,71,1.0,0.08714000863368496,0.518,0.4962228517469311
nfix,supermat,Probe,500,prior_shift,72,1.0,-0.5085374317702499,0.372,0.4962228517469311
nfix,supermat,Probe,500,prior_shift,73,1.0,-0.11306631299919538,0.468,0.4962228517469311
nfix,supermat,Probe,500,prior_shift,74,1.0,-0.7756767696990591,0.312,0.4962228517469311
nfix,supermat,Probe,500,prior_shift,75,1.0,-1.2978029347610647,0.212,0.4962228517469311
nfix,supermat,Probe,500,prior_shift,76,1.0,-0.6840443241953549,0.332,0.4962228517469311
nfix,supermat,Probe,500,prior_shift,77,1.0,-1.1157642704615292,0.244,0.4962228517469311
nfix,supermat,Probe,500,prior_shift,78,1.0,-0.7571068236108361,0.316,0.4962228517469311
nfix,supermat,Probe,500,prior_shift,79,1.0,-0.6930761774996835,0.33,0.4962228517469311
nfix,supermat,Probe,500,prior_shift,80,1.0,-0.6930761774996835,0.33,0.4962228517469311
nfix,supermat,Probe,500,prior_shift,81,1.0,-0.3323449353268962,0.414,0.4962228517469311
nfix,supermat,Probe,500,prior_shift,82,1.0,-0.7294868619711851,0.322,0.4962228517469311
nfix,supermat,Probe,500,prior_shift,83,1.0,-0.2830811696253939,0.426,0.4962228517469311
nfix,supermat,Probe,500,prior_shift,84,1.0,-0.44904867825750944,0.386,0.4962228517469311
nfix,supermat,Probe,500,prior_shift,85,1.0,-0.4829370166947896,0.378,0.4962228517469311
nfix,supermat,Probe,500,prior_shift,86,1.0,-0.7756767696990591,0.312,0.4962228517469311
nfix,supermat,Probe,500,prior_shift,87,1.0,-0.2585869500522389,0.432,0.4962228517469311
nfix,supermat,Probe,500,prior_shift,88,1.0,-0.36541727933611007,0.406,0.4962228517469311
nfix,supermat,Probe,500,prior_shift,89,1.0,-0.14523376965037715,0.46,0.4962228517469311
nfix,supermat,Probe,500,prior_shift,90,1.0,-0.7663757613928296,0.314,0.4962228517469311
nfix,supermat,Probe,500,prior_shift,91,1.0,-0.274906915373199,0.428,0.4962228517469311
nfix,supermat,Probe,500,prior_shift,92,1.0,-0.21794019987881066,0.442,0.4962228517469311
nfix,supermat,Probe,500,prior_shift,93,1.0,-0.7386629219515779,0.32,0.4962228517469311
nfix,supermat,Probe,500,prior_shift,94,1.0,-0.8802751666300391,0.29,0.4962228517469311
nfix,supermat,Probe,500,prior_shift,95,1.0,-1.0835034082433077,0.25,0.4962228517469311
nfix,supermat,Probe,500,prior_shift,96,1.0,-0.491452344554731,0.376,0.4962228517469311
nfix,supermat,Probe,500,prior_shift,97,1.0,-0.7571068236108361,0.316,0.4962228517469311
nfix,supermat,Probe,500,prior_shift,98,1.0,-0.9492816462437641,0.276,0.4962228517469311
nfix,supermat,Probe,500,prior_shift,99,1.0,-0.008892271674740921,0.494,0.4962228517469311
nfix,supermat,NTP,500,prior_shift,0,1.0,-1.3463703115753647,0.204,0.4962228517469311
nfix,supermat,NTP,500,prior_shift,1,1.0,-1.1596271037161083,0.236,0.4962228517469311
nfix,supermat,NTP,500,prior_shift,2,1.0,-0.7112238491207972,0.326,0.4962228517469311
nfix,supermat,NTP,500,prior_shift,3,1.0,-0.5256975755531244,0.368,0.4962228517469311
nfix,supermat,NTP,500,prior_shift,4,1.0,-0.6750397971388864,0.334,0.4962228517469311
nfix,supermat,NTP,500,prior_shift,5,1.0,-0.6392853138379098,0.342,0.4962228517469311
nfix,supermat,NTP,500,prior_shift,6,1.0,-1.0622824527604222,0.254,0.4962228517469311
nfix,supermat,NTP,500,prior_shift,7,1.0,-0.5343067406110575,0.366,0.4962228517469311
nfix,supermat,NTP,500,prior_shift,8,1.0,-1.104951951650791,0.246,0.4962228517469311
nfix,supermat,NTP,500,prior_shift,9,1.0,-0.5429358152785794,0.364,0.4962228517469311
nfix,supermat,NTP,500,prior_shift,10,1.0,-1.126636779060883,0.242,0.4962228517469311
nfix,supermat,NTP,500,prior_shift,11,1.0,-0.37371690867939744,0.404,0.4962228517469311
nfix,supermat,NTP,500,prior_shift,12,1.0,-0.3488564967766096,0.41,0.4962228517469311
nfix,supermat,NTP,500,prior_shift,13,1.0,-0.5085374317702499,0.372,0.4962228517469311
nfix,supermat,NTP,500,prior_shift,14,1.0,-1.0204904404145734,0.262,0.4962228517469311
nfix,supermat,NTP,500,prior_shift,15,1.0,0.09515158809833864,0.52,0.4962228517469311
nfix,supermat,NTP,500,prior_shift,16,1.0,-0.6392853138379098,0.342,0.4962228517469311
nfix,supermat,NTP,500,prior_shift,17,1.0,-0.929352728416049,0.28,0.4962228517469311
nfix,supermat,NTP,500,prior_shift,18,1.0,-0.7203406798258325,0.324,0.4962228517469311
nfix,supermat,NTP,500,prior_shift,19,1.0,-0.36541727933611007,0.406,0.4962228517469311
nfix,supermat,NTP,500,prior_shift,20,1.0,-0.44061806246425045,0.388,0.4962228517469311
nfix,supermat,NTP,500,prior_shift,21,1.0,-0.8997822710949297,0.286,0.4962228517469311
nfix,supermat,NTP,500,prior_shift,22,1.0,-1.215927993892639,0.226,0.4962228517469311
nfix,supermat,NTP,500,prior_shift,23,1.0,-0.6304102511458886,0.344,0.4962228517469311
nfix,supermat,NTP,500,prior_shift,24,1.0,-0.6930761774996835,0.33,0.4962228517469311
nfix,supermat,NTP,500,prior_shift,25,1.0,-0.38202978490680845,0.402,0.4962228517469311
nfix,supermat,NTP,500,prior_shift,26,1.0,-0.6481853369854619,0.34,0.4962228517469311
nfix,supermat,NTP,500,prior_shift,27,1.0,-0.2830811696253939,0.426,0.4962228517469311
nfix,supermat,NTP,500,prior_shift,28,1.0,-0.4829370166947896,0.378,0.4962228517469311
nfix,supermat,NTP,500,prior_shift,29,1.0,-1.1485670015903695,0.238,0.4962228517469311
nfix,supermat,NTP,500,prior_shift,30,1.0,-0.7021358517142036,0.328,0.4962228517469311
nfix,supermat,NTP,500,prior_shift,31,1.0,-0.7386629219515779,0.32,0.4962228517469311
nfix,supermat,NTP,500,prior_shift,32,1.0,-0.8417310370956044,0.298,0.4962228517469311
nfix,supermat,NTP,500,prior_shift,33,1.0,-0.274906915373199,0.428,0.4962228517469311
nfix,supermat,NTP,500,prior_shift,34,1.0,-0.517107933322506,0.37,0.4962228517469311
nfix,supermat,NTP,500,prior_shift,35,1.0,-0.38202978490680845,0.402,0.4962228517469311
nfix,supermat,NTP,500,prior_shift,36,1.0,-0.9795136947192598,0.27,0.4962228517469311
nfix,supermat,NTP,500,prior_shift,37,1.0,-0.6750397971388864,0.334,0.4962228517469311
nfix,supermat,NTP,500,prior_shift,38,1.0,-1.3711854806950885,0.2,0.4962228517469311
nfix,supermat,NTP,500,prior_shift,39,1.0,-0.6392853138379098,0.342,0.4962228517469311
nfix,supermat,NTP,500,prior_shift,40,1.0,-0.4999856932607644,0.374,0.4962228517469311
nfix,supermat,NTP,500,prior_shift,41,1.0,-0.07294797496638068,0.478,0.4962228517469311
nfix,supermat,NTP,500,prior_shift,42,1.0,-0.8417310370956044,0.298,0.4962228517469311
nfix,supermat,NTP,500,prior_shift,43,1.0,-0.929352728416049,0.28,0.4962228517469311
nfix,supermat,NTP,500,prior_shift,44,1.0,-0.21794019987881066,0.442,0.4962228517469311
nfix,supermat,NTP,500,prior_shift,45,1.0,-1.0941986973600557,0.248,0.4962228517469311
nfix,supermat,NTP,500,prior_shift,46,1.0,-0.9999038394080143,0.266,0.4962228517469311
nfix,supermat,NTP,500,prior_shift,47,1.0,-0.15328793690065906,0.458,0.4962228517469311
nfix,supermat,NTP,500,prior_shift,48,1.0,-0.5429358152785794,0.364,0.4962228517469311
nfix,supermat,NTP,500,prior_shift,49,1.0,-0.8705814110006359,0.292,0.4962228517469311
nfix,supermat,NTP,500,prior_shift,50,1.0,-1.0728650100382517,0.252,0.4962228517469311
nfix,supermat,NTP,500,prior_shift,51,1.0,-0.5863937102240252,0.354,0.4962228517469311
nfix,supermat,NTP,500,prior_shift,52,1.0,-0.8900085508512277,0.288,0.4962228517469311
nfix,supermat,NTP,500,prior_shift,53,1.0,-1.0835034082433077,0.25,0.4962228517469311
nfix,supermat,NTP,500,prior_shift,54,1.0,-0.36541727933611007,0.406,0.4962228517469311
nfix,supermat,NTP,500,prior_shift,55,1.0,-0.7663757613928296,0.314,0.4962228517469311
nfix,supermat,NTP,500,prior_shift,56,1.0,-0.794377292219293,0.308,0.4962228517469311
nfix,supermat,NTP,500,prior_shift,57,1.0,-0.9999038394080143,0.266,0.4962228517469311
nfix,supermat,NTP,500,prior_shift,58,1.0,-0.7571068236108361,0.316,0.4962228517469311
nfix,supermat,NTP,500,prior_shift,59,1.0,-0.8609265897297582,0.294,0.4962228517469311
nfix,supermat,NTP,500,prior_shift,60,1.0,-1.0835034082433077,0.25,0.4962228517469311
nfix,supermat,NTP,500,prior_shift,61,1.0,-0.7203406798258325,0.324,0.4962228517469311
nfix,supermat,NTP,500,prior_shift,62,1.0,-0.7386629219515779,0.32,0.4962228517469311
nfix,supermat,NTP,500,prior_shift,63,1.0,-0.22605317639208594,0.44,0.4962228517469311
nfix,supermat,NTP,500,prior_shift,64,1.0,-0.5515851910942167,0.362,0.4962228517469311
nfix,supermat,NTP,500,prior_shift,65,1.0,-0.04090576112986926,0.486,0.4962228517469311
nfix,supermat,NTP,500,prior_shift,66,1.0,-0.8226832049627008,0.302,0.4962228517469311
nfix,supermat,NTP,500,prior_shift,67,1.0,-0.25044066367797596,0.434,0.4962228517469311
nfix,supermat,NTP,500,prior_shift,68,1.0,-0.8705814110006359,0.292,0.4962228517469311
nfix,supermat,NTP,500,prior_shift,69,1.0,-1.0835034082433077,0.25,0.4962228517469311
nfix,supermat,NTP,500,prior_shift,70,1.0,-1.2389402618813101,0.222,0.4962228517469311
nfix,supermat,NTP,500,prior_shift,71,1.0,0.08714000863368496,0.518,0.4962228517469311
nfix,supermat,NTP,500,prior_shift,72,1.0,-0.5085374317702499,0.372,0.4962228517469311
nfix,supermat,NTP,500,prior_shift,73,1.0,-0.11306631299919538,0.468,0.4962228517469311
nfix,supermat,NTP,500,prior_shift,74,1.0,-0.7756767696990591,0.312,0.4962228517469311
nfix,supermat,NTP,500,prior_shift,75,1.0,-1.2978029347610647,0.212,0.4962228517469311
nfix,supermat,NTP,500,prior_shift,76,1.0,-0.6840443241953549,0.332,0.4962228517469311
nfix,supermat,NTP,500,prior_shift,77,1.0,-1.1157642704615292,0.244,0.4962228517469311
nfix,supermat,NTP,500,prior_shift,78,1.0,-0.7571068236108361,0.316,0.4962228517469311
nfix,supermat,NTP,500,prior_shift,79,1.0,-0.6930761774996835,0.33,0.4962228517469311
nfix,supermat,NTP,500,prior_shift,80,1.0,-0.6930761774996835,0.33,0.4962228517469311
nfix,supermat,NTP,500,prior_shift,81,1.0,-0.3323449353268962,0.414,0.4962228517469311
nfix,supermat,NTP,500,prior_shift,82,1.0,-0.7294868619711851,0.322,0.4962228517469311
nfix,supermat,NTP,500,prior_shift,83,1.0,-0.2830811696253939,0.426,0.4962228517469311
nfix,supermat,NTP,500,prior_shift,84,1.0,-0.44904867825750944,0.386,0.4962228517469311
nfix,supermat,NTP,500,prior_shift,85,1.0,-0.4829370166947896,0.378,0.4962228517469311
nfix,supermat,NTP,500,prior_shift,86,1.0,-0.7756767696990591,0.312,0.4962228517469311
nfix,supermat,NTP,500,prior_shift,87,1.0,-0.2585869500522389,0.432,0.4962228517469311
nfix,supermat,NTP,500,prior_shift,88,1.0,-0.36541727933611007,0.406,0.4962228517469311
nfix,supermat,NTP,500,prior_shift,89,1.0,-0.14523376965037715,0.46,0.4962228517469311
nfix,supermat,NTP,500,prior_shift,90,1.0,-0.7663757613928296,0.314,0.4962228517469311
nfix,supermat,NTP,500,prior_shift,91,1.0,-0.274906915373199,0.428,0.4962228517469311
nfix,supermat,NTP,500,prior_shift,92,1.0,-0.21794019987881066,0.442,0.4962228517469311
nfix,supermat,NTP,500,prior_shift,93,1.0,-0.7386629219515779,0.32,0.4962228517469311
nfix,supermat,NTP,500,prior_shift,94,1.0,-0.8802751666300391,0.29,0.4962228517469311
nfix,supermat,NTP,500,prior_shift,95,1.0,-1.0835034082433077,0.25,0.4962228517469311
nfix,supermat,NTP,500,prior_shift,96,1.0,-0.491452344554731,0.376,0.4962228517469311
nfix,supermat,NTP,500,prior_shift,97,1.0,-0.7571068236108361,0.316,0.4962228517469311
nfix,supermat,NTP,500,prior_shift,98,1.0,-0.9492816462437641,0.276,0.4962228517469311
nfix,supermat,NTP,500,prior_shift,99,1.0,-0.008892271674740921,0.494,0.4962228517469311
nfix,supermat,Probe,1000,prior_shift,0,1.0,-1.3037993069450058,0.211,0.4962228517469311
nfix,supermat,Probe,1000,prior_shift,1,1.0,-1.2799368092299437,0.215,0.4962228517469311
nfix,supermat,Probe,1000,prior_shift,2,1.0,-0.5602552644787597,0.36,0.4962228517469311
nfix,supermat,Probe,1000,prior_shift,3,1.0,-0.3861912903840779,0.401,0.4962228517469311
nfix,supermat,Probe,1000,prior_shift,4,1.0,-0.8084911885325784,0.305,0.4962228517469311
nfix,supermat,Probe,1000,prior_shift,5,1.0,-0.8084911885325784,0.305,0.4962228517469311
nfix,supermat,Probe,1000,prior_shift,6,1.0,-0.8609265897297582,0.294,0.4962228517469311
nfix,supermat,Probe,1000,prior_shift,7,1.0,-0.3861912903840779,0.401,0.4962228517469311
nfix,supermat,Probe,1000,prior_shift,8,1.0,-1.0728650100382517,0.252,0.4962228517469311
nfix,supermat,Probe,1000,prior_shift,9,1.0,-0.5559176156198518,0.361,0.4962228517469311
nfix,supermat,Probe,1000,prior_shift,10,1.0,-1.036063683171747,0.259,0.4962228517469311
nfix,supermat,Probe,1000,prior_shift,11,1.0,-0.2708234103031912,0.429,0.4962228517469311
nfix,supermat,Probe,1000,prior_shift,12,1.0,-0.5645981880075891,0.359,0.4962228517469311
nfix,supermat,Probe,1000,prior_shift,13,1.0,-0.4871924509146403,0.377,0.4962228517469311
nfix,supermat,Probe,1000,prior_shift,14,1.0,-0.8657491764547034,0.293,0.4962228517469311
nfix,supermat,Probe,1000,prior_shift,15,1.0,0.11519233898178477,0.525,0.4962228517469311
nfix,supermat,Probe,1000,prior_shift,16,1.0,-0.6259819381790901,0.345,0.4962228517469311
nfix,supermat,Probe,1000,prior_shift,17,1.0,-1.0204904404145734,0.262,0.4962228517469311
nfix,supermat,Probe,1000,prior_shift,18,1.0,-0.7990733711779039,0.307,0.4962228517469311
nfix,supermat,Probe,1000,prior_shift,19,1.0,-0.36541727933611007,0.406,0.4962228517469311
nfix,supermat,Probe,1000,prior_shift,20,1.0,-0.42380416175090224,0.392,0.4962228517469311
nfix,supermat,Probe,1000,prior_shift,21,1.0,-0.9194536176853085,0.282,0.4962228517469311
nfix,supermat,Probe,1000,prior_shift,22,1.0,-1.2447394639281935,0.221,0.4962228517469311
nfix,supermat,Probe,1000,prior_shift,23,1.0,-0.7896896664451222,0.309,0.4962228517469311
nfix,supermat,Probe,1000,prior_shift,24,1.0,-0.6615831794086985,0.337,0.4962228517469311
nfix,supermat,Probe,1000,prior_shift,25,1.0,-0.491452344554731,0.376,0.4962228517469311
nfix,supermat,Probe,1000,prior_shift,26,1.0,-0.7021358517142036,0.328,0.4962228517469311
nfix,supermat,Probe,1000,prior_shift,27,1.0,-0.12110132440974673,0.466,0.4962228517469311
nfix,supermat,Probe,1000,prior_shift,28,1.0,-0.44904867825750944,0.386,0.4962228517469311
nfix,supermat,Probe,1000,prior_shift,29,1.0,-1.0308596747578855,0.26,0.4962228517469311
nfix,supermat,Probe,1000,prior_shift,30,1.0,-0.6526448520464337,0.339,0.4962228517469311
nfix,supermat,Probe,1000,prior_shift,31,1.0,-0.5907693571428018,0.353,0.4962228517469311
nfix,supermat,Probe,1000,prior_shift,32,1.0,-0.9542916767633012,0.275,0.4962228517469311
nfix,supermat,Probe,1000,prior_shift,33,1.0,-0.2953612070370195,0.423,0.4962228517469311
nfix,supermat,Probe,1000,prior_shift,34,1.0,-0.4871924509146403,0.377,0.4962228517469311
nfix,supermat,Probe,1000,prior_shift,35,1.0,-0.39452463722054193,0.399,0.4962228517469311
nfix,supermat,Probe,1000,prior_shift,36,1.0,-0.8705814110006359,0.292,0.4962228517469311
nfix,supermat,Probe,1000,prior_shift,37,1.0,-0.7386629219515779,0.32,0.4962228517469311
nfix,supermat,Probe,1000,prior_shift,38,1.0,-1.165181439257575,0.235,0.4962228517469311
nfix,supermat,Probe,1000,prior_shift,39,1.0,-0.7112238491207972,0.326,0.4962228517469311
nfix,supermat,Probe,1000,prior_shift,40,1.0,-0.5128203136682032,0.371,0.4962228517469311
nfix,supermat,Probe,1000,prior_shift,41,1.0,-0.07695609275177963,0.477,0.4962228517469311
nfix,supermat,Probe,1000,prior_shift,42,1.0,-0.771022221257394,0.313,0.4962228517469311
nfix,supermat,Probe,1000,prior_shift,43,1.0,-0.8417310370956044,0.298,0.4962228517469311
nfix,supermat,Probe,1000,prior_shift,44,1.0,-0.26674227171618564,0.43,0.4962228517469311
nfix,supermat,Probe,1000,prior_shift,45,1.0,-1.132095963480173,0.241,0.4962228517469311
nfix,supermat,Probe,1000,prior_shift,46,1.0,-0.9343184750387812,0.279,0.4962228517469311
nfix,supermat,Probe,1000,prior_shift,47,1.0,-0.15328793690065906,0.458,0.4962228517469311
nfix,supermat,Probe,1000,prior_shift,48,1.0,-0.47443934489390366,0.38,0.4962228517469311
nfix,supermat,Probe,1000,prior_shift,49,1.0,-0.7896896664451222,0.309,0.4962228517469311
nfix,supermat,Probe,1000,prior_shift,50,1.0,-1.0622824527604222,0.254,0.4962228517469311
nfix,supermat,Probe,1000,prior_shift,51,1.0,-0.538618764885398,0.365,0.4962228517469311
nfix,supermat,Probe,1000,prior_shift,52,1.0,-1.0465110793977372,0.257,0.4962228517469311
nfix,supermat,Probe,1000,prior_shift,53,1.0,-1.2331596984827264,0.223,0.4962228517469311
nfix,supermat,Probe,1000,prior_shift,54,1.0,-0.37371690867939744,0.404,0.4962228517469311
nfix,supermat,Probe,1000,prior_shift,55,1.0,-0.7617373190117901,0.315,0.4962228517469311
nfix,supermat,Probe,1000,prior_shift,56,1.0,-0.7340711240038781,0.321,0.4962228517469311
nfix,supermat,Probe,1000,prior_shift,57,1.0,-0.9744460307041549,0.271,0.4962228517469311
nfix,supermat,Probe,1000,prior_shift,58,1.0,-0.8369554332191016,0.299,0.4962228517469311
nfix,supermat,Probe,1000,prior_shift,59,1.0,-0.8705814110006359,0.292,0.4962228517469311
nfix,supermat,Probe,1000,prior_shift,60,1.0,-0.8851368612660067,0.289,0.4962228517469311
nfix,supermat,Probe,1000,prior_shift,61,1.0,-0.6127332017273766,0.348,0.4962228517469311
nfix,supermat,Probe,1000,prior_shift,62,1.0,-0.6705476284059854,0.335,0.4962228517469311
nfix,supermat,Probe,1000,prior_shift,63,1.0,-0.13718478865524336,0.462,0.4962228517469311
nfix,supermat,Probe,1000,prior_shift,64,1.0,-0.7249100692648162,0.323,0.4962228517469311
nfix,supermat,Probe,1000,prior_shift,65,1.0,-0.0809649496648201,0.476,0.4962228517469311
nfix,supermat,Probe,1000,prior_shift,66,1.0,-0.8321889799624015,0.3,0.4962228517469311
nfix,supermat,Probe,1000,prior_shift,67,1.0,-0.23823755261929808,0.437,0.4962228517469311
nfix,supermat,Probe,1000,prior_shift,68,1.0,-0.8037779781296216,0.306,0.4962228517469311
nfix,supermat,Probe,1000,prior_shift,69,1.0,-1.0995680107471144,0.247,0.4962228517469311
nfix,supermat,Probe,1000,prior_shift,70,1.0,-1.2978029347610647,0.212,0.4962228517469311
nfix,supermat,Probe,1000,prior_shift,71,1.0,-0.02089500833120006,0.491,0.4962228517469311
nfix,supermat,Probe,1000,prior_shift,72,1.0,-0.31177095650497144,0.419,0.4962228517469311
nfix,supermat,Probe,1000,prior_shift,73,1.0,-0.09299627962462732,0.473,0.4962228517469311
nfix,supermat,Probe,1000,prior_shift,74,1.0,-0.5472579408825105,0.363,0.4962228517469311
nfix,supermat,Probe,1000,prior_shift,75,1.0,-1.1763394673767535,0.233,0.4962228517469311
nfix,supermat,Probe,1000,prior_shift,76,1.0,-0.8084911885325784,0.305,0.4962228517469311
nfix,supermat,Probe,1000,prior_shift,77,1.0,-1.0308596747578855,0.26,0.4962228517469311
nfix,supermat,Probe,1000,prior_shift,78,1.0,-0.8948903242298729,0.287,0.4962228517469311
nfix,supermat,Probe,1000,prior_shift,79,1.0,-0.6750397971388864,0.334,0.4962228517469311
nfix,supermat,Probe,1000,prior_shift,80,1.0,-0.6840443241953549,0.332,0.4962228517469311
nfix,supermat,Probe,1000,prior_shift,81,1.0,-0.23417405909244282,0.438,0.4962228517469311
nfix,supermat,Probe,1000,prior_shift,82,1.0,-0.5733000620331782,0.357,0.4962228517469311
nfix,supermat,Probe,1000,prior_shift,83,1.0,-0.26674227171618564,0.43,0.4962228517469311
nfix,supermat,Probe,1000,prior_shift,84,1.0,-0.45749553052099073,0.384,0.4962228517469311
nfix,supermat,Probe,1000,prior_shift,85,1.0,-0.5343067406110575,0.366,0.4962228517469311
nfix,supermat,Probe,1000,prior_shift,86,1.0,-0.8037779781296216,0.306,0.4962228517469311
nfix,supermat,Probe,1000,prior_shift,87,1.0,-0.2871719914481315,0.425,0.4962228517469311
nfix,supermat,Probe,1000,prior_shift,88,1.0,-0.38202978490680845,0.402,0.4962228517469311
nfix,supermat,Probe,1000,prior_shift,89,1.0,-0.2708234103031912,0.429,0.4962228517469311
nfix,supermat,Probe,1000,prior_shift,90,1.0,-0.794377292219293,0.308,0.4962228517469311
nfix,supermat,Probe,1000,prior_shift,91,1.0,-0.36956545801428836,0.405,0.4962228517469311
nfix,supermat,Probe,1000,prior_shift,92,1.0,-0.173447796514145,0.453,0.4962228517469311
nfix,supermat,Probe,1000,prior_shift,93,1.0,-0.771022221257394,0.313,0.4962228517469311
nfix,supermat,Probe,1000,prior_shift,94,1.0,-0.9095970483746375,0.284,0.4962228517469311
nfix,supermat,Probe,1000,prior_shift,95,1.0,-1.1540890097245238,0.237,0.4962228517469311
nfix,supermat,Probe,1000,prior_shift,96,1.0,-0.4957167433411886,0.375,0.4962228517469311
nfix,supermat,Probe,1000,prior_shift,97,1.0,-0.7663757613928296,0.314,0.4962228517469311
nfix,supermat,Probe,1000,prior_shift,98,1.0,-1.1875643785590484,0.231,0.4962228517469311
nfix,supermat,Probe,1000,prior_shift,99,1.0,0.05511421503850133,0.51,0.4962228517469311
nfix,supermat,NTP,1000,prior_shift,0,1.0,-1.3037993069450058,0.211,0.4962228517469311
nfix,supermat,NTP,1000,prior_shift,1,1.0,-1.2799368092299437,0.215,0.4962228517469311
nfix,supermat,NTP,1000,prior_shift,2,1.0,-0.5602552644787597,0.36,0.4962228517469311
nfix,supermat,NTP,1000,prior_shift,3,1.0,-0.3861912903840779,0.401,0.4962228517469311
nfix,supermat,NTP,1000,prior_shift,4,1.0,-0.8084911885325784,0.305,0.4962228517469311
nfix,supermat,NTP,1000,prior_shift,5,1.0,-0.8084911885325784,0.305,0.4962228517469311
nfix,supermat,NTP,1000,prior_shift,6,1.0,-0.8609265897297582,0.294,0.4962228517469311
nfix,supermat,NTP,1000,prior_shift,7,1.0,-0.3861912903840779,0.401,0.4962228517469311
nfix,supermat,NTP,1000,prior_shift,8,1.0,-1.0728650100382517,0.252,0.4962228517469311
nfix,supermat,NTP,1000,prior_shift,9,1.0,-0.5559176156198518,0.361,0.4962228517469311
nfix,supermat,NTP,1000,prior_shift,10,1.0,-1.036063683171747,0.259,0.4962228517469311
nfix,supermat,NTP,1000,prior_shift,11,1.0,-0.2708234103031912,0.429,0.4962228517469311
nfix,supermat,NTP,1000,prior_shift,12,1.0,-0.5645981880075891,0.359,0.4962228517469311
nfix,supermat,NTP,1000,prior_shift,13,1.0,-0.4871924509146403,0.377,0.4962228517469311
nfix,supermat,NTP,1000,prior_shift,14,1.0,-0.8657491764547034,0.293,0.4962228517469311
nfix,supermat,NTP,1000,prior_shift,15,1.0,0.11519233898178477,0.525,0.4962228517469311
nfix,supermat,NTP,1000,prior_shift,16,1.0,-0.6259819381790901,0.345,0.4962228517469311
nfix,supermat,NTP,1000,prior_shift,17,1.0,-1.0204904404145734,0.262,0.4962228517469311
nfix,supermat,NTP,1000,prior_shift,18,1.0,-0.7990733711779039,0.307,0.4962228517469311
nfix,supermat,NTP,1000,prior_shift,19,1.0,-0.36541727933611007,0.406,0.4962228517469311
nfix,supermat,NTP,1000,prior_shift,20,1.0,-0.42380416175090224,0.392,0.4962228517469311
nfix,supermat,NTP,1000,prior_shift,21,1.0,-0.9194536176853085,0.282,0.4962228517469311
nfix,supermat,NTP,1000,prior_shift,22,1.0,-1.2447394639281935,0.221,0.4962228517469311
nfix,supermat,NTP,1000,prior_shift,23,1.0,-0.7896896664451222,0.309,0.4962228517469311
nfix,supermat,NTP,1000,prior_shift,24,1.0,-0.6615831794086985,0.337,0.4962228517469311
nfix,supermat,NTP,1000,prior_shift,25,1.0,-0.491452344554731,0.376,0.4962228517469311
nfix,supermat,NTP,1000,prior_shift,26,1.0,-0.7021358517142036,0.328,0.4962228517469311
nfix,supermat,NTP,1000,prior_shift,27,1.0,-0.12110132440974673,0.466,0.4962228517469311
nfix,supermat,NTP,1000,prior_shift,28,1.0,-0.44904867825750944,0.386,0.4962228517469311
nfix,supermat,NTP,1000,prior_shift,29,1.0,-1.0308596747578855,0.26,0.4962228517469311
nfix,supermat,NTP,1000,prior_shift,30,1.0,-0.6526448520464337,0.339,0.4962228517469311
nfix,supermat,NTP,1000,prior_shift,31,1.0,-0.5907693571428018,0.353,0.4962228517469311
nfix,supermat,NTP,1000,prior_shift,32,1.0,-0.9542916767633012,0.275,0.4962228517469311
nfix,supermat,NTP,1000,prior_shift,33,1.0,-0.2953612070370195,0.423,0.4962228517469311
nfix,supermat,NTP,1000,prior_shift,34,1.0,-0.4871924509146403,0.377,0.4962228517469311
nfix,supermat,NTP,1000,prior_shift,35,1.0,-0.39452463722054193,0.399,0.4962228517469311
nfix,supermat,NTP,1000,prior_shift,36,1.0,-0.8705814110006359,0.292,0.4962228517469311
nfix,supermat,NTP,1000,prior_shift,37,1.0,-0.7386629219515779,0.32,0.4962228517469311
nfix,supermat,NTP,1000,prior_shift,38,1.0,-1.165181439257575,0.235,0.4962228517469311
nfix,supermat,NTP,1000,prior_shift,39,1.0,-0.7112238491207972,0.326,0.4962228517469311
nfix,supermat,NTP,1000,prior_shift,40,1.0,-0.5128203136682032,0.371,0.4962228517469311
nfix,supermat,NTP,1000,prior_shift,41,1.0,-0.07695609275177963,0.477,0.4962228517469311
nfix,supermat,NTP,1000,prior_shift,42,1.0,-0.771022221257394,0.313,0.4962228517469311
nfix,supermat,NTP,1000,prior_shift,43,1.0,-0.8417310370956044,0.298,0.4962228517469311
nfix,supermat,NTP,1000,prior_shift,44,1.0,-0.26674227171618564,0.43,0.4962228517469311
nfix,supermat,NTP,1000,prior_shift,45,1.0,-1.132095963480173,0.241,0.4962228517469311
nfix,supermat,NTP,1000,prior_shift,46,1.0,-0.9343184750387812,0.279,0.4962228517469311
nfix,supermat,NTP,1000,prior_shift,47,1.0,-0.15328793690065906,0.458,0.4962228517469311
nfix,supermat,NTP,1000,prior_shift,48,1.0,-0.47443934489390366,0.38,0.4962228517469311
nfix,supermat,NTP,1000,prior_shift,49,1.0,-0.7896896664451222,0.309,0.4962228517469311
nfix,supermat,NTP,1000,prior_shift,50,1.0,-1.0622824527604222,0.254,0.4962228517469311
nfix,supermat,NTP,1000,prior_shift,51,1.0,-0.538618764885398,0.365,0.4962228517469311
nfix,supermat,NTP,1000,prior_shift,52,1.0,-1.0465110793977372,0.257,0.4962228517469311
nfix,supermat,NTP,1000,prior_shift,53,1.0,-1.2331596984827264,0.223,0.4962228517469311
nfix,supermat,NTP,1000,prior_shift,54,1.0,-0.37371690867939744,0.404,0.4962228517469311
nfix,supermat,NTP,1000,prior_shift,55,1.0,-0.7617373190117901,0.315,0.4962228517469311
nfix,supermat,NTP,1000,prior_shift,56,1.0,-0.7340711240038781,0.321,0.4962228517469311
nfix,supermat,NTP,1000,prior_shift,57,1.0,-0.9744460307041549,0.271,0.4962228517469311
nfix,supermat,NTP,1000,prior_shift,58,1.0,-0.8369554332191016,0.299,0.4962228517469311
nfix,supermat,NTP,1000,prior_shift,59,1.0,-0.8705814110006359,0.292,0.4962228517469311
nfix,supermat,NTP,1000,prior_shift,60,1.0,-0.8851368612660067,0.289,0.4962228517469311
nfix,supermat,NTP,1000,prior_shift,61,1.0,-0.6127332017273766,0.348,0.4962228517469311
nfix,supermat,NTP,1000,prior_shift,62,1.0,-0.6705476284059854,0.335,0.4962228517469311
nfix,supermat,NTP,1000,prior_shift,63,1.0,-0.13718478865524336,0.462,0.4962228517469311
nfix,supermat,NTP,1000,prior_shift,64,1.0,-0.7249100692648162,0.323,0.4962228517469311
nfix,supermat,NTP,1000,prior_shift,65,1.0,-0.0809649496648201,0.476,0.4962228517469311
nfix,supermat,NTP,1000,prior_shift,66,1.0,-0.8321889799624015,0.3,0.4962228517469311
nfix,supermat,NTP,1000,prior_shift,67,1.0,-0.23823755261929808,0.437,0.4962228517469311
nfix,supermat,NTP,1000,prior_shift,68,1.0,-0.8037779781296216,0.306,0.4962228517469311
nfix,supermat,NTP,1000,prior_shift,69,1.0,-1.0995680107471144,0.247,0.4962228517469311
nfix,supermat,NTP,1000,prior_shift,70,1.0,-1.2978029347610647,0.212,0.4962228517469311
nfix,supermat,NTP,1000,prior_shift,71,1.0,-0.02089500833120006,0.491,0.4962228517469311
nfix,supermat,NTP,1000,prior_shift,72,1.0,-0.31177095650497144,0.419,0.4962228517469311
nfix,supermat,NTP,1000,prior_shift,73,1.0,-0.09299627962462732,0.473,0.4962228517469311
nfix,supermat,NTP,1000,prior_shift,74,1.0,-0.5472579408825105,0.363,0.4962228517469311
nfix,supermat,NTP,1000,prior_shift,75,1.0,-1.1763394673767535,0.233,0.4962228517469311
nfix,supermat,NTP,1000,prior_shift,76,1.0,-0.8084911885325784,0.305,0.4962228517469311
nfix,supermat,NTP,1000,prior_shift,77,1.0,-1.0308596747578855,0.26,0.4962228517469311
nfix,supermat,NTP,1000,prior_shift,78,1.0,-0.8948903242298729,0.287,0.4962228517469311
nfix,supermat,NTP,1000,prior_shift,79,1.0,-0.6750397971388864,0.334,0.4962228517469311
nfix,supermat,NTP,1000,prior_shift,80,1.0,-0.6840443241953549,0.332,0.4962228517469311
nfix,supermat,NTP,1000,prior_shift,81,1.0,-0.23417405909244282,0.438,0.4962228517469311
nfix,supermat,NTP,1000,prior_shift,82,1.0,-0.5733000620331782,0.357,0.4962228517469311
nfix,supermat,NTP,1000,prior_shift,83,1.0,-0.26674227171618564,0.43,0.4962228517469311
nfix,supermat,NTP,1000,prior_shift,84,1.0,-0.45749553052099073,0.384,0.4962228517469311
nfix,supermat,NTP,1000,prior_shift,85,1.0,-0.5343067406110575,0.366,0.4962228517469311
nfix,supermat,NTP,1000,prior_shift,86,1.0,-0.8037779781296216,0.306,0.4962228517469311
nfix,supermat,NTP,1000,prior_shift,87,1.0,-0.2871719914481315,0.425,0.4962228517469311
nfix,supermat,NTP,1000,prior_shift,88,1.0,-0.38202978490680845,0.402,0.4962228517469311
nfix,supermat,NTP,1000,prior_shift,89,1.0,-0.2708234103031912,0.429,0.4962228517469311
nfix,supermat,NTP,1000,prior_shift,90,1.0,-0.794377292219293,0.308,0.4962228517469311
nfix,supermat,NTP,1000,prior_shift,91,1.0,-0.36956545801428836,0.405,0.4962228517469311
nfix,supermat,NTP,1000,prior_shift,92,1.0,-0.173447796514145,0.453,0.4962228517469311
nfix,supermat,NTP,1000,prior_shift,93,1.0,-0.771022221257394,0.313,0.4962228517469311
nfix,supermat,NTP,1000,prior_shift,94,1.0,-0.9095970483746375,0.284,0.4962228517469311
nfix,supermat,NTP,1000,prior_shift,95,1.0,-1.1540890097245238,0.237,0.4962228517469311
nfix,supermat,NTP,1000,prior_shift,96,1.0,-0.4957167433411886,0.375,0.4962228517469311
nfix,supermat,NTP,1000,prior_shift,97,1.0,-0.7663757613928296,0.314,0.4962228517469311
nfix,supermat,NTP,1000,prior_shift,98,1.0,-1.1875643785590484,0.231,0.4962228517469311
nfix,supermat,NTP,1000,prior_shift,99,1.0,0.05511421503850133,0.51,0.4962228517469311
supermat,pond,Probe,10,prior_shift,0,1.0,-0.4054651081081643,0.4,0.5
supermat,pond,Probe,10,prior_shift,1,1.0,-0.4054651081081643,0.4,0.5
supermat,pond,Probe,10,prior_shift,2,1.0,0.0,0.5,0.5
supermat,pond,Probe,10,prior_shift,3,1.0,-0.4054651081081643,0.4,0.5
supermat,pond,Probe,10,prior_shift,4,1.0,0.4054651081081643,0.6,0.5
supermat,pond,Probe,10,prior_shift,5,1.0,-0.8472978603872037,0.3,0.5
supermat,pond,Probe,10,prior_shift,6,1.0,1.3862943611198908,0.8,0.5
supermat,pond,Probe,10,prior_shift,7,1.0,-0.8472978603872037,0.3,0.5
supermat,pond,Probe,10,prior_shift,8,1.0,-0.4054651081081643,0.4,0.5
supermat,pond,Probe,10,prior_shift,9,1.0,0.0,0.5,0.5
supermat,pond,Probe,10,prior_shift,10,1.0,-0.8472978603872037,0.3,0.5
supermat,pond,Probe,10,prior_shift,11,1.0,-0.8472978603872037,0.3,0.5
supermat,pond,Probe,10,prior_shift,12,1.0,-1.3862943611198906,0.2,0.5
supermat,pond,Probe,10,prior_shift,13,1.0,-0.4054651081081643,0.4,0.5
supermat,pond,Probe,10,prior_shift,14,1.0,-0.8472978603872037,0.3,0.5
supermat,pond,Probe,10,prior_shift,15,1.0,-0.8472978603872037,0.3,0.5
supermat,pond,Probe,10,prior_shift,16,1.0,-0.4054651081081643,0.4,0.5
supermat,pond,Probe,10,prior_shift,18,1.0,-1.3862943611198906,0.2,0.5
supermat,pond,Probe,10,prior_shift,19,1.0,-0.4054651081081643,0.4,0.5
supermat,pond,Probe,10,prior_shift,20,1.0,-1.3862943611198906,0.2,0.5
supermat,pond,Probe,10,prior_shift,21,1.0,0.0,0.5,0.5
supermat,pond,Probe,10,prior_shift,22,1.0,0.8472978603872034,0.7,0.5
supermat,pond,Probe,10,prior_shift,23,1.0,0.0,0.5,0.5
supermat,pond,Probe,10,prior_shift,24,1.0,-0.8472978603872037,0.3,0.5
supermat,pond,Probe,10,prior_shift,25,1.0,-0.8472978603872037,0.3,0.5
supermat,pond,Probe,10,prior_shift,26,1.0,-0.4054651081081643,0.4,0.5
supermat,pond,Probe,10,prior_shift,27,1.0,-2.197224577336219,0.1,0.5
supermat,pond,Probe,10,prior_shift,28,1.0,0.0,0.5,0.5
supermat,pond,Probe,10,prior_shift,29,1.0,-1.3862943611198906,0.2,0.5
supermat,pond,Probe,10,prior_shift,30,1.0,-0.8472978603872037,0.3,0.5
supermat,pond,Probe,10,prior_shift,31,1.0,-0.4054651081081643,0.4,0.5
supermat,pond,Probe,10,prior_shift,32,1.0,-0.8472978603872037,0.3,0.5
supermat,pond,Probe,10,prior_shift,33,1.0,-0.4054651081081643,0.4,0.5
supermat,pond,Probe,10,prior_shift,34,1.0,0.8472978603872034,0.7,0.5
supermat,pond,Probe,10,prior_shift,35,1.0,-0.4054651081081643,0.4,0.5
supermat,pond,Probe,10,prior_shift,36,1.0,-0.4054651081081643,0.4,0.5
supermat,pond,Probe,10,prior_shift,37,1.0,-1.3862943611198906,0.2,0.5
supermat,pond,Probe,10,prior_shift,38,1.0,-0.8472978603872037,0.3,0.5
supermat,pond,Probe,10,prior_shift,39,1.0,-1.3862943611198906,0.2,0.5
supermat,pond,Probe,10,prior_shift,40,1.0,-0.4054651081081643,0.4,0.5
supermat,pond,Probe,10,prior_shift,41,1.0,0.0,0.5,0.5
supermat,pond,Probe,10,prior_shift,42,1.0,0.8472978603872034,0.7,0.5
supermat,pond,Probe,10,prior_shift,43,1.0,0.0,0.5,0.5
supermat,pond,Probe,10,prior_shift,44,1.0,-1.3862943611198906,0.2,0.5
supermat,pond,Probe,10,prior_shift,45,1.0,1.3862943611198908,0.8,0.5
supermat,pond,Probe,10,prior_shift,46,1.0,-1.3862943611198906,0.2,0.5
supermat,pond,Probe,10,prior_shift,47,1.0,-0.4054651081081643,0.4,0.5
supermat,pond,Probe,10,prior_shift,48,1.0,0.0,0.5,0.5
supermat,pond,Probe,10,prior_shift,49,1.0,-0.4054651081081643,0.4,0.5
supermat,pond,Probe,10,prior_shift,50,1.0,-0.4054651081081643,0.4,0.5
supermat,pond,Probe,10,prior_shift,51,1.0,-0.4054651081081643,0.4,0.5
supermat,pond,Probe,10,prior_shift,52,1.0,0.4054651081081643,0.6,0.5
supermat,pond,Probe,10,prior_shift,53,1.0,0.0,0.5,0.5
supermat,pond,Probe,10,prior_shift,54,1.0,0.8472978603872034,0.7,0.5
supermat,pond,Probe,10,prior_shift,55,1.0,-0.8472978603872037,0.3,0.5
supermat,pond,Probe,10,prior_shift,56,1.0,-0.8472978603872037,0.3,0.5
supermat,pond,Probe,10,prior_shift,57,1.0,-0.4054651081081643,0.4,0.5
supermat,pond,Probe,10,prior_shift,58,1.0,-0.4054651081081643,0.4,0.5
supermat,pond,Probe,10,prior_shift,59,1.0,-0.8472978603872037,0.3,0.5
supermat,pond,Probe,10,prior_shift,60,1.0,-0.4054651081081643,0.4,0.5
supermat,pond,Probe,10,prior_shift,61,1.0,-0.8472978603872037,0.3,0.5
supermat,pond,Probe,10,prior_shift,62,1.0,-0.8472978603872037,0.3,0.5
supermat,pond,Probe,10,prior_shift,63,1.0,-0.8472978603872037,0.3,0.5
supermat,pond,Probe,10,prior_shift,64,1.0,0.4054651081081643,0.6,0.5
supermat,pond,Probe,10,prior_shift,65,1.0,0.4054651081081643,0.6,0.5
supermat,pond,Probe,10,prior_shift,66,1.0,0.0,0.5,0.5
supermat,pond,Probe,10,prior_shift,67,1.0,-0.4054651081081643,0.4,0.5
supermat,pond,Probe,10,prior_shift,68,1.0,0.4054651081081643,0.6,0.5
supermat,pond,Probe,10,prior_shift,69,1.0,0.4054651081081643,0.6,0.5
supermat,pond,Probe,10,prior_shift,70,1.0,-0.4054651081081643,0.4,0.5
supermat,pond,Probe,10,prior_shift,71,1.0,-0.8472978603872037,0.3,0.5
supermat,pond,Probe,10,prior_shift,72,1.0,0.8472978603872034,0.7,0.5
supermat,pond,Probe,10,prior_shift,73,1.0,-0.8472978603872037,0.3,0.5
supermat,pond,Probe,10,prior_shift,74,1.0,0.0,0.5,0.5
supermat,pond,Probe,10,prior_shift,75,1.0,0.8472978603872034,0.7,0.5
supermat,pond,Probe,10,prior_shift,76,1.0,-0.4054651081081643,0.4,0.5
supermat,pond,Probe,10,prior_shift,77,1.0,0.0,0.5,0.5
supermat,pond,Probe,10,prior_shift,78,1.0,0.8472978603872034,0.7,0.5
supermat,pond,Probe,10,prior_shift,79,1.0,-1.3862943611198906,0.2,0.5
supermat,pond,Probe,10,prior_shift,80,1.0,0.4054651081081643,0.6,0.5
supermat,pond,Probe,10,prior_shift,81,1.0,0.8472978603872034,0.7,0.5
supermat,pond,Probe,10,prior_shift,82,1.0,-0.8472978603872037,0.3,0.5
supermat,pond,Probe,10,prior_shift,83,1.0,-0.8472978603872037,0.3,0.5
supermat,pond,Probe,10,prior_shift,84,1.0,-0.8472978603872037,0.3,0.5
supermat,pond,Probe,10,prior_shift,85,1.0,0.4054651081081643,0.6,0.5
supermat,pond,Probe,10,prior_shift,86,1.0,0.0,0.5,0.5
supermat,pond,Probe,10,prior_shift,87,1.0,0.0,0.5,0.5
supermat,pond,Probe,10,prior_shift,88,1.0,-2.197224577336219,0.1,0.5
supermat,pond,Probe,10,prior_shift,89,1.0,-0.8472978603872037,0.3,0.5
supermat,pond,Probe,10,prior_shift,90,1.0,-0.8472978603872037,0.3,0.5
supermat,pond,Probe,10,prior_shift,91,1.0,-1.3862943611198906,0.2,0.5
supermat,pond,Probe,10,prior_shift,92,1.0,-0.4054651081081643,0.4,0.5
supermat,pond,Probe,10,prior_shift,93,1.0,0.0,0.5,0.5
supermat,pond,Probe,10,prior_shift,94,1.0,-0.4054651081081643,0.4,0.5
supermat,pond,Probe,10,prior_shift,95,1.0,0.4054651081081643,0.6,0.5
supermat,pond,Probe,10,prior_shift,96,1.0,-0.4054651081081643,0.4,0.5
supermat,pond,Probe,10,prior_shift,97,1.0,-0.8472978603872037,0.3,0.5
supermat,pond,Probe,10,prior_shift,98,1.0,-0.4054651081081643,0.4,0.5
supermat,pond,Probe,10,prior_shift,99,1.0,-0.8472978603872037,0.3,0.5
supermat,pond,Probe,10,prior_shift,100,1.0,0.4054651081081643,0.6,0.5
supermat,pond,NTP,10,prior_shift,0,1.0,-0.4054651081081643,0.4,0.5
supermat,pond,NTP,10,prior_shift,1,1.0,-0.4054651081081643,0.4,0.5
supermat,pond,NTP,10,prior_shift,2,1.0,0.0,0.5,0.5
supermat,pond,NTP,10,prior_shift,3,1.0,-0.4054651081081643,0.4,0.5
supermat,pond,NTP,10,prior_shift,4,1.0,0.4054651081081643,0.6,0.5
supermat,pond,NTP,10,prior_shift,5,1.0,-0.8472978603872037,0.3,0.5
supermat,pond,NTP,10,prior_shift,6,1.0,1.3862943611198908,0.8,0.5
supermat,pond,NTP,10,prior_shift,7,1.0,-0.8472978603872037,0.3,0.5
supermat,pond,NTP,10,prior_shift,8,1.0,-0.4054651081081643,0.4,0.5
supermat,pond,NTP,10,prior_shift,9,1.0,0.0,0.5,0.5
supermat,pond,NTP,10,prior_shift,10,1.0,-0.8472978603872037,0.3,0.5
supermat,pond,NTP,10,prior_shift,11,1.0,-0.8472978603872037,0.3,0.5
supermat,pond,NTP,10,prior_shift,12,1.0,-1.3862943611198906,0.2,0.5
supermat,pond,NTP,10,prior_shift,13,1.0,-0.4054651081081643,0.4,0.5
supermat,pond,NTP,10,prior_shift,14,1.0,-0.8472978603872037,0.3,0.5
supermat,pond,NTP,10,prior_shift,15,1.0,-0.8472978603872037,0.3,0.5
supermat,pond,NTP,10,prior_shift,16,1.0,-0.4054651081081643,0.4,0.5
supermat,pond,NTP,10,prior_shift,18,1.0,-1.3862943611198906,0.2,0.5
supermat,pond,NTP,10,prior_shift,19,1.0,-0.4054651081081643,0.4,0.5
supermat,pond,NTP,10,prior_shift,20,1.0,-1.3862943611198906,0.2,0.5
supermat,pond,NTP,10,prior_shift,21,1.0,0.0,0.5,0.5
supermat,pond,NTP,10,prior_shift,22,1.0,0.8472978603872034,0.7,0.5
supermat,pond,NTP,10,prior_shift,23,1.0,0.0,0.5,0.5
supermat,pond,NTP,10,prior_shift,24,1.0,-0.8472978603872037,0.3,0.5
supermat,pond,NTP,10,prior_shift,25,1.0,-0.8472978603872037,0.3,0.5
supermat,pond,NTP,10,prior_shift,26,1.0,-0.4054651081081643,0.4,0.5
supermat,pond,NTP,10,prior_shift,27,1.0,-2.197224577336219,0.1,0.5
supermat,pond,NTP,10,prior_shift,28,1.0,0.0,0.5,0.5
supermat,pond,NTP,10,prior_shift,29,1.0,-1.3862943611198906,0.2,0.5
supermat,pond,NTP,10,prior_shift,30,1.0,-0.8472978603872037,0.3,0.5
supermat,pond,NTP,10,prior_shift,31,1.0,-0.4054651081081643,0.4,0.5
supermat,pond,NTP,10,prior_shift,32,1.0,-0.8472978603872037,0.3,0.5
supermat,pond,NTP,10,prior_shift,33,1.0,-0.4054651081081643,0.4,0.5
supermat,pond,NTP,10,prior_shift,34,1.0,0.8472978603872034,0.7,0.5
supermat,pond,NTP,10,prior_shift,35,1.0,-0.4054651081081643,0.4,0.5
supermat,pond,NTP,10,prior_shift,36,1.0,-0.4054651081081643,0.4,0.5
supermat,pond,NTP,10,prior_shift,37,1.0,-1.3862943611198906,0.2,0.5
supermat,pond,NTP,10,prior_shift,38,1.0,-0.8472978603872037,0.3,0.5
supermat,pond,NTP,10,prior_shift,39,1.0,-1.3862943611198906,0.2,0.5
supermat,pond,NTP,10,prior_shift,40,1.0,-0.4054651081081643,0.4,0.5
supermat,pond,NTP,10,prior_shift,41,1.0,0.0,0.5,0.5
supermat,pond,NTP,10,prior_shift,42,1.0,0.8472978603872034,0.7,0.5
supermat,pond,NTP,10,prior_shift,43,1.0,0.0,0.5,0.5
supermat,pond,NTP,10,prior_shift,44,1.0,-1.3862943611198906,0.2,0.5
supermat,pond,NTP,10,prior_shift,45,1.0,1.3862943611198908,0.8,0.5
supermat,pond,NTP,10,prior_shift,46,1.0,-1.3862943611198906,0.2,0.5
supermat,pond,NTP,10,prior_shift,47,1.0,-0.4054651081081643,0.4,0.5
supermat,pond,NTP,10,prior_shift,48,1.0,0.0,0.5,0.5
supermat,pond,NTP,10,prior_shift,49,1.0,-0.4054651081081643,0.4,0.5
supermat,pond,NTP,10,prior_shift,50,1.0,-0.4054651081081643,0.4,0.5
supermat,pond,NTP,10,prior_shift,51,1.0,-0.4054651081081643,0.4,0.5
supermat,pond,NTP,10,prior_shift,52,1.0,0.4054651081081643,0.6,0.5
supermat,pond,NTP,10,prior_shift,53,1.0,0.0,0.5,0.5
supermat,pond,NTP,10,prior_shift,54,1.0,0.8472978603872034,0.7,0.5
supermat,pond,NTP,10,prior_shift,55,1.0,-0.8472978603872037,0.3,0.5
supermat,pond,NTP,10,prior_shift,56,1.0,-0.8472978603872037,0.3,0.5
supermat,pond,NTP,10,prior_shift,57,1.0,-0.4054651081081643,0.4,0.5
supermat,pond,NTP,10,prior_shift,58,1.0,-0.4054651081081643,0.4,0.5
supermat,pond,NTP,10,prior_shift,59,1.0,-0.8472978603872037,0.3,0.5
supermat,pond,NTP,10,prior_shift,60,1.0,-0.4054651081081643,0.4,0.5
supermat,pond,NTP,10,prior_shift,61,1.0,-0.8472978603872037,0.3,0.5
supermat,pond,NTP,10,prior_shift,62,1.0,-0.8472978603872037,0.3,0.5
supermat,pond,NTP,10,prior_shift,63,1.0,-0.8472978603872037,0.3,0.5
supermat,pond,NTP,10,prior_shift,64,1.0,0.4054651081081643,0.6,0.5
supermat,pond,NTP,10,prior_shift,65,1.0,0.4054651081081643,0.6,0.5
supermat,pond,NTP,10,prior_shift,66,1.0,0.0,0.5,0.5
supermat,pond,NTP,10,prior_shift,67,1.0,-0.4054651081081643,0.4,0.5
supermat,pond,NTP,10,prior_shift,68,1.0,0.4054651081081643,0.6,0.5
supermat,pond,NTP,10,prior_shift,69,1.0,0.4054651081081643,0.6,0.5
supermat,pond,NTP,10,prior_shift,70,1.0,-0.4054651081081643,0.4,0.5
supermat,pond,NTP,10,prior_shift,71,1.0,-0.8472978603872037,0.3,0.5
supermat,pond,NTP,10,prior_shift,72,1.0,0.8472978603872034,0.7,0.5
supermat,pond,NTP,10,prior_shift,73,1.0,-0.8472978603872037,0.3,0.5
supermat,pond,NTP,10,prior_shift,74,1.0,0.0,0.5,0.5
supermat,pond,NTP,10,prior_shift,75,1.0,0.8472978603872034,0.7,0.5
supermat,pond,NTP,10,prior_shift,76,1.0,-0.4054651081081643,0.4,0.5
supermat,pond,NTP,10,prior_shift,77,1.0,0.0,0.5,0.5
supermat,pond,NTP,10,prior_shift,78,1.0,0.8472978603872034,0.7,0.5
supermat,pond,NTP,10,prior_shift,79,1.0,-1.3862943611198906,0.2,0.5
supermat,pond,NTP,10,prior_shift,80,1.0,0.4054651081081643,0.6,0.5
supermat,pond,NTP,10,prior_shift,81,1.0,0.8472978603872034,0.7,0.5
supermat,pond,NTP,10,prior_shift,82,1.0,-0.8472978603872037,0.3,0.5
supermat,pond,NTP,10,prior_shift,83,1.0,-0.8472978603872037,0.3,0.5
supermat,pond,NTP,10,prior_shift,84,1.0,-0.8472978603872037,0.3,0.5
supermat,pond,NTP,10,prior_shift,85,1.0,0.4054651081081643,0.6,0.5
supermat,pond,NTP,10,prior_shift,86,1.0,0.0,0.5,0.5
supermat,pond,NTP,10,prior_shift,87,1.0,0.0,0.5,0.5
supermat,pond,NTP,10,prior_shift,88,1.0,-2.197224577336219,0.1,0.5
supermat,pond,NTP,10,prior_shift,89,1.0,-0.8472978603872037,0.3,0.5
supermat,pond,NTP,10,prior_shift,90,1.0,-0.8472978603872037,0.3,0.5
supermat,pond,NTP,10,prior_shift,91,1.0,-1.3862943611198906,0.2,0.5
supermat,pond,NTP,10,prior_shift,92,1.0,-0.4054651081081643,0.4,0.5
supermat,pond,NTP,10,prior_shift,93,1.0,0.0,0.5,0.5
supermat,pond,NTP,10,prior_shift,94,1.0,-0.4054651081081643,0.4,0.5
supermat,pond,NTP,10,prior_shift,95,1.0,0.4054651081081643,0.6,0.5
supermat,pond,NTP,10,prior_shift,96,1.0,-0.4054651081081643,0.4,0.5
supermat,pond,NTP,10,prior_shift,97,1.0,-0.8472978603872037,0.3,0.5
supermat,pond,NTP,10,prior_shift,98,1.0,-0.4054651081081643,0.4,0.5
supermat,pond,NTP,10,prior_shift,99,1.0,-0.8472978603872037,0.3,0.5
supermat,pond,NTP,10,prior_shift,100,1.0,0.4054651081081643,0.6,0.5
supermat,pond,Probe,50,prior_shift,0,1.0,-0.6632942174102641,0.34,0.5
supermat,pond,Probe,50,prior_shift,1,1.0,-1.0459685551826876,0.26,0.5
supermat,pond,Probe,50,prior_shift,2,1.0,0.0800427076735365,0.52,0.5
supermat,pond,Probe,50,prior_shift,3,1.0,-0.4895482253187058,0.38,0.5
supermat,pond,Probe,50,prior_shift,4,1.0,-0.0800427076735365,0.48,0.5
supermat,pond,Probe,50,prior_shift,5,1.0,-1.0459685551826876,0.26,0.5
supermat,pond,Probe,50,prior_shift,6,1.0,-1.0459685551826876,0.26,0.5
supermat,pond,Probe,50,prior_shift,7,1.0,-0.16034265007517928,0.46,0.5
supermat,pond,Probe,50,prior_shift,8,1.0,-0.7537718023763801,0.32,0.5
supermat,pond,Probe,50,prior_shift,9,1.0,-0.5753641449035619,0.36,0.5
supermat,pond,Probe,50,prior_shift,10,1.0,-0.4895482253187058,0.38,0.5
supermat,pond,Probe,50,prior_shift,11,1.0,-0.16034265007517928,0.46,0.5
supermat,pond,Probe,50,prior_shift,12,1.0,-0.9444616088408512,0.28,0.5
supermat,pond,Probe,50,prior_shift,13,1.0,-0.4054651081081643,0.4,0.5
supermat,pond,Probe,50,prior_shift,14,1.0,-0.7537718023763801,0.32,0.5
supermat,pond,Probe,50,prior_shift,15,1.0,-0.16034265007517928,0.46,0.5
supermat,pond,Probe,50,prior_shift,16,1.0,-0.4895482253187058,0.38,0.5
supermat,pond,Probe,50,prior_shift,17,1.0,-1.1526795099383855,0.24,0.5
supermat,pond,Probe,50,prior_shift,18,1.0,-0.8472978603872037,0.3,0.5
supermat,pond,Probe,50,prior_shift,19,1.0,-0.24116205681688807,0.44,0.5
supermat,pond,Probe,50,prior_shift,20,1.0,-0.24116205681688807,0.44,0.5
supermat,pond,Probe,50,prior_shift,21,1.0,-0.7537718023763801,0.32,0.5
supermat,pond,Probe,50,prior_shift,22,1.0,0.16034265007517953,0.54,0.5
supermat,pond,Probe,50,prior_shift,23,1.0,-0.4895482253187058,0.38,0.5
supermat,pond,Probe,50,prior_shift,24,1.0,0.0,0.5,0.5
supermat,pond,Probe,50,prior_shift,25,1.0,-0.6632942174102641,0.34,0.5
supermat,pond,Probe,50,prior_shift,26,1.0,-0.4895482253187058,0.38,0.5
supermat,pond,Probe,50,prior_shift,27,1.0,-0.5753641449035619,0.36,0.5
supermat,pond,Probe,50,prior_shift,28,1.0,-0.0800427076735365,0.48,0.5
supermat,pond,Probe,50,prior_shift,29,1.0,-0.0800427076735365,0.48,0.5
supermat,pond,Probe,50,prior_shift,30,1.0,-0.0800427076735365,0.48,0.5
supermat,pond,Probe,50,prior_shift,31,1.0,-0.5753641449035619,0.36,0.5
supermat,pond,Probe,50,prior_shift,32,1.0,0.5753641449035619,0.64,0.5
supermat,pond,Probe,50,prior_shift,33,1.0,-0.32277339226305113,0.42,0.5
supermat,pond,Probe,50,prior_shift,34,1.0,0.2411620568168883,0.56,0.5
supermat,pond,Probe,50,prior_shift,35,1.0,-0.0800427076735365,0.48,0.5
supermat,pond,Probe,50,prior_shift,36,1.0,0.16034265007517953,0.54,0.5
supermat,pond,Probe,50,prior_shift,37,1.0,-0.5753641449035619,0.36,0.5
supermat,pond,Probe,50,prior_shift,38,1.0,0.0,0.5,0.5
supermat,pond,Probe,50,prior_shift,39,1.0,-0.4895482253187058,0.38,0.5
supermat,pond,Probe,50,prior_shift,40,1.0,0.4054651081081643,0.6,0.5
supermat,pond,Probe,50,prior_shift,41,1.0,-0.4054651081081643,0.4,0.5
supermat,pond,Probe,50,prior_shift,42,1.0,-0.24116205681688807,0.44,0.5
supermat,pond,Probe,50,prior_shift,43,1.0,0.0800427076735365,0.52,0.5
supermat,pond,Probe,50,prior_shift,44,1.0,-0.4895482253187058,0.38,0.5
supermat,pond,Probe,50,prior_shift,45,1.0,0.8472978603872034,0.7,0.5
supermat,pond,Probe,50,prior_shift,46,1.0,0.0800427076735365,0.52,0.5
supermat,pond,Probe,50,prior_shift,47,1.0,-0.4054651081081643,0.4,0.5
supermat,pond,Probe,50,prior_shift,48,1.0,-0.4054651081081643,0.4,0.5
supermat,pond,Probe,50,prior_shift,49,1.0,-0.4895482253187058,0.38,0.5
supermat,pond,Probe,50,prior_shift,50,1.0,-0.32277339226305113,0.42,0.5
supermat,pond,Probe,50,prior_shift,51,1.0,0.0,0.5,0.5
supermat,pond,Probe,50,prior_shift,52,1.0,0.16034265007517953,0.54,0.5
supermat,pond,Probe,50,prior_shift,53,1.0,-0.5753641449035619,0.36,0.5
supermat,pond,Probe,50,prior_shift,54,1.0,0.4054651081081643,0.6,0.5
supermat,pond,Probe,50,prior_shift,55,1.0,-0.4054651081081643,0.4,0.5
supermat,pond,Probe,50,prior_shift,56,1.0,-0.9444616088408512,0.28,0.5
supermat,pond,Probe,50,prior_shift,57,1.0,0.0800427076735365,0.52,0.5
supermat,pond,Probe,50,prior_shift,58,1.0,-0.24116205681688807,0.44,0.5
supermat,pond,Probe,50,prior_shift,59,1.0,-0.4054651081081643,0.4,0.5
supermat,pond,Probe,50,prior_shift,60,1.0,-0.24116205681688807,0.44,0.5
supermat,pond,Probe,50,prior_shift,61,1.0,-0.24116205681688807,0.44,0.5
supermat,pond,Probe,50,prior_shift,62,1.0,-0.6632942174102641,0.34,0.5
supermat,pond,Probe,50,prior_shift,63,1.0,0.0,0.5,0.5
supermat,pond,Probe,50,prior_shift,64,1.0,-0.32277339226305113,0.42,0.5
supermat,pond,Probe,50,prior_shift,65,1.0,-0.32277339226305113,0.42,0.5
supermat,pond,Probe,50,prior_shift,66,1.0,-0.4054651081081643,0.4,0.5
supermat,pond,Probe,50,prior_shift,67,1.0,0.0,0.5,0.5
supermat,pond,Probe,50,prior_shift,68,1.0,-0.4054651081081643,0.4,0.5
supermat,pond,Probe,50,prior_shift,69,1.0,0.0800427076735365,0.52,0.5
supermat,pond,Probe,50,prior_shift,70,1.0,-0.24116205681688807,0.44,0.5
supermat,pond,Probe,50,prior_shift,71,1.0,-0.24116205681688807,0.44,0.5
supermat,pond,Probe,50,prior_shift,72,1.0,0.4054651081081643,0.6,0.5
supermat,pond,Probe,50,prior_shift,73,1.0,-0.6632942174102641,0.34,0.5
supermat,pond,Probe,50,prior_shift,74,1.0,-0.0800427076735365,0.48,0.5
supermat,pond,Probe,50,prior_shift,75,1.0,0.3227733922630509,0.58,0.5
supermat,pond,Probe,50,prior_shift,76,1.0,-0.8472978603872037,0.3,0.5
supermat,pond,Probe,50,prior_shift,77,1.0,-0.4895482253187058,0.38,0.5
supermat,pond,Probe,50,prior_shift,78,1.0,0.3227733922630509,0.58,0.5
supermat,pond,Probe,50,prior_shift,79,1.0,-0.5753641449035619,0.36,0.5
supermat,pond,Probe,50,prior_shift,80,1.0,0.0800427076735365,0.52,0.5
supermat,pond,Probe,50,prior_shift,81,1.0,0.4895482253187058,0.62,0.5
supermat,pond,Probe,50,prior_shift,82,1.0,-0.4054651081081643,0.4,0.5
supermat,pond,Probe,50,prior_shift,83,1.0,-0.24116205681688807,0.44,0.5
supermat,pond,Probe,50,prior_shift,84,1.0,-0.0800427076735365,0.48,0.5
supermat,pond,Probe,50,prior_shift,85,1.0,0.8472978603872034,0.7,0.5
supermat,pond,Probe,50,prior_shift,86,1.0,-0.0800427076735365,0.48,0.5
supermat,pond,Probe,50,prior_shift,87,1.0,0.16034265007517953,0.54,0.5
supermat,pond,Probe,50,prior_shift,88,1.0,-0.4054651081081643,0.4,0.5
supermat,pond,Probe,50,prior_shift,89,1.0,-0.24116205681688807,0.44,0.5
supermat,pond,Probe,50,prior_shift,90,1.0,-0.8472978603872037,0.3,0.5
supermat,pond,Probe,50,prior_shift,91,1.0,-0.0800427076735365,0.48,0.5
supermat,pond,Probe,50,prior_shift,92,1.0,-0.7537718023763801,0.32,0.5
supermat,pond,Probe,50,prior_shift,93,1.0,-0.4895482253187058,0.38,0.5
supermat,pond,Probe,50,prior_shift,94,1.0,-0.0800427076735365,0.48,0.5
supermat,pond,Probe,50,prior_shift,95,1.0,0.3227733922630509,0.58,0.5
supermat,pond,Probe,50,prior_shift,96,1.0,0.16034265007517953,0.54,0.5
supermat,pond,Probe,50,prior_shift,97,1.0,0.0800427076735365,0.52,0.5
supermat,pond,Probe,50,prior_shift,98,1.0,-0.0800427076735365,0.48,0.5
supermat,pond,Probe,50,prior_shift,99,1.0,-0.0800427076735365,0.48,0.5
supermat,pond,NTP,50,prior_shift,0,1.0,-0.6632942174102641,0.34,0.5
supermat,pond,NTP,50,prior_shift,1,1.0,-1.0459685551826876,0.26,0.5
supermat,pond,NTP,50,prior_shift,2,1.0,0.0800427076735365,0.52,0.5
supermat,pond,NTP,50,prior_shift,3,1.0,-0.4895482253187058,0.38,0.5
supermat,pond,NTP,50,prior_shift,4,1.0,-0.0800427076735365,0.48,0.5
supermat,pond,NTP,50,prior_shift,5,1.0,-1.0459685551826876,0.26,0.5
supermat,pond,NTP,50,prior_shift,6,1.0,-1.0459685551826876,0.26,0.5
supermat,pond,NTP,50,prior_shift,7,1.0,-0.16034265007517928,0.46,0.5
supermat,pond,NTP,50,prior_shift,8,1.0,-0.7537718023763801,0.32,0.5
supermat,pond,NTP,50,prior_shift,9,1.0,-0.5753641449035619,0.36,0.5
supermat,pond,NTP,50,prior_shift,10,1.0,-0.4895482253187058,0.38,0.5
supermat,pond,NTP,50,prior_shift,11,1.0,-0.16034265007517928,0.46,0.5
supermat,pond,NTP,50,prior_shift,12,1.0,-0.9444616088408512,0.28,0.5
supermat,pond,NTP,50,prior_shift,13,1.0,-0.4054651081081643,0.4,0.5
supermat,pond,NTP,50,prior_shift,14,1.0,-0.7537718023763801,0.32,0.5
supermat,pond,NTP,50,prior_shift,15,1.0,-0.16034265007517928,0.46,0.5
supermat,pond,NTP,50,prior_shift,16,1.0,-0.4895482253187058,0.38,0.5
supermat,pond,NTP,50,prior_shift,17,1.0,-1.1526795099383855,0.24,0.5
supermat,pond,NTP,50,prior_shift,18,1.0,-0.8472978603872037,0.3,0.5
supermat,pond,NTP,50,prior_shift,19,1.0,-0.24116205681688807,0.44,0.5
supermat,pond,NTP,50,prior_shift,20,1.0,-0.24116205681688807,0.44,0.5
supermat,pond,NTP,50,prior_shift,21,1.0,-0.7537718023763801,0.32,0.5
supermat,pond,NTP,50,prior_shift,22,1.0,0.16034265007517953,0.54,0.5
supermat,pond,NTP,50,prior_shift,23,1.0,-0.4895482253187058,0.38,0.5
supermat,pond,NTP,50,prior_shift,24,1.0,0.0,0.5,0.5
supermat,pond,NTP,50,prior_shift,25,1.0,-0.6632942174102641,0.34,0.5
supermat,pond,NTP,50,prior_shift,26,1.0,-0.4895482253187058,0.38,0.5
supermat,pond,NTP,50,prior_shift,27,1.0,-0.5753641449035619,0.36,0.5
supermat,pond,NTP,50,prior_shift,28,1.0,-0.0800427076735365,0.48,0.5
supermat,pond,NTP,50,prior_shift,29,1.0,-0.0800427076735365,0.48,0.5
supermat,pond,NTP,50,prior_shift,30,1.0,-0.0800427076735365,0.48,0.5
supermat,pond,NTP,50,prior_shift,31,1.0,-0.5753641449035619,0.36,0.5
supermat,pond,NTP,50,prior_shift,32,1.0,0.5753641449035619,0.64,0.5
supermat,pond,NTP,50,prior_shift,33,1.0,-0.32277339226305113,0.42,0.5
supermat,pond,NTP,50,prior_shift,34,1.0,0.2411620568168883,0.56,0.5
supermat,pond,NTP,50,prior_shift,35,1.0,-0.0800427076735365,0.48,0.5
supermat,pond,NTP,50,prior_shift,36,1.0,0.16034265007517953,0.54,0.5
supermat,pond,NTP,50,prior_shift,37,1.0,-0.5753641449035619,0.36,0.5
supermat,pond,NTP,50,prior_shift,38,1.0,0.0,0.5,0.5
supermat,pond,NTP,50,prior_shift,39,1.0,-0.4895482253187058,0.38,0.5
supermat,pond,NTP,50,prior_shift,40,1.0,0.4054651081081643,0.6,0.5
supermat,pond,NTP,50,prior_shift,41,1.0,-0.4054651081081643,0.4,0.5
supermat,pond,NTP,50,prior_shift,42,1.0,-0.24116205681688807,0.44,0.5
supermat,pond,NTP,50,prior_shift,43,1.0,0.0800427076735365,0.52,0.5
supermat,pond,NTP,50,prior_shift,44,1.0,-0.4895482253187058,0.38,0.5
supermat,pond,NTP,50,prior_shift,45,1.0,0.8472978603872034,0.7,0.5
supermat,pond,NTP,50,prior_shift,46,1.0,0.0800427076735365,0.52,0.5
supermat,pond,NTP,50,prior_shift,47,1.0,-0.4054651081081643,0.4,0.5
supermat,pond,NTP,50,prior_shift,48,1.0,-0.4054651081081643,0.4,0.5
supermat,pond,NTP,50,prior_shift,49,1.0,-0.4895482253187058,0.38,0.5
supermat,pond,NTP,50,prior_shift,50,1.0,-0.32277339226305113,0.42,0.5
supermat,pond,NTP,50,prior_shift,51,1.0,0.0,0.5,0.5
supermat,pond,NTP,50,prior_shift,52,1.0,0.16034265007517953,0.54,0.5
supermat,pond,NTP,50,prior_shift,53,1.0,-0.5753641449035619,0.36,0.5
supermat,pond,NTP,50,prior_shift,54,1.0,0.4054651081081643,0.6,0.5
supermat,pond,NTP,50,prior_shift,55,1.0,-0.4054651081081643,0.4,0.5
supermat,pond,NTP,50,prior_shift,56,1.0,-0.9444616088408512,0.28,0.5
supermat,pond,NTP,50,prior_shift,57,1.0,0.0800427076735365,0.52,0.5
supermat,pond,NTP,50,prior_shift,58,1.0,-0.24116205681688807,0.44,0.5
supermat,pond,NTP,50,prior_shift,59,1.0,-0.4054651081081643,0.4,0.5
supermat,pond,NTP,50,prior_shift,60,1.0,-0.24116205681688807,0.44,0.5
supermat,pond,NTP,50,prior_shift,61,1.0,-0.24116205681688807,0.44,0.5
supermat,pond,NTP,50,prior_shift,62,1.0,-0.6632942174102641,0.34,0.5
supermat,pond,NTP,50,prior_shift,63,1.0,0.0,0.5,0.5
supermat,pond,NTP,50,prior_shift,64,1.0,-0.32277339226305113,0.42,0.5
supermat,pond,NTP,50,prior_shift,65,1.0,-0.32277339226305113,0.42,0.5
supermat,pond,NTP,50,prior_shift,66,1.0,-0.4054651081081643,0.4,0.5
supermat,pond,NTP,50,prior_shift,67,1.0,0.0,0.5,0.5
supermat,pond,NTP,50,prior_shift,68,1.0,-0.4054651081081643,0.4,0.5
supermat,pond,NTP,50,prior_shift,69,1.0,0.0800427076735365,0.52,0.5
supermat,pond,NTP,50,prior_shift,70,1.0,-0.24116205681688807,0.44,0.5
supermat,pond,NTP,50,prior_shift,71,1.0,-0.24116205681688807,0.44,0.5
supermat,pond,NTP,50,prior_shift,72,1.0,0.4054651081081643,0.6,0.5
supermat,pond,NTP,50,prior_shift,73,1.0,-0.6632942174102641,0.34,0.5
supermat,pond,NTP,50,prior_shift,74,1.0,-0.0800427076735365,0.48,0.5
supermat,pond,NTP,50,prior_shift,75,1.0,0.3227733922630509,0.58,0.5
supermat,pond,NTP,50,prior_shift,76,1.0,-0.8472978603872037,0.3,0.5
supermat,pond,NTP,50,prior_shift,77,1.0,-0.4895482253187058,0.38,0.5
supermat,pond,NTP,50,prior_shift,78,1.0,0.3227733922630509,0.58,0.5
supermat,pond,NTP,50,prior_shift,79,1.0,-0.5753641449035619,0.36,0.5
supermat,pond,NTP,50,prior_shift,80,1.0,0.0800427076735365,0.52,0.5
supermat,pond,NTP,50,prior_shift,81,1.0,0.4895482253187058,0.62,0.5
supermat,pond,NTP,50,prior_shift,82,1.0,-0.4054651081081643,0.4,0.5
supermat,pond,NTP,50,prior_shift,83,1.0,-0.24116205681688807,0.44,0.5
supermat,pond,NTP,50,prior_shift,84,1.0,-0.0800427076735365,0.48,0.5
supermat,pond,NTP,50,prior_shift,85,1.0,0.8472978603872034,0.7,0.5
supermat,pond,NTP,50,prior_shift,86,1.0,-0.0800427076735365,0.48,0.5
supermat,pond,NTP,50,prior_shift,87,1.0,0.16034265007517953,0.54,0.5
supermat,pond,NTP,50,prior_shift,88,1.0,-0.4054651081081643,0.4,0.5
supermat,pond,NTP,50,prior_shift,89,1.0,-0.24116205681688807,0.44,0.5
supermat,pond,NTP,50,prior_shift,90,1.0,-0.8472978603872037,0.3,0.5
supermat,pond,NTP,50,prior_shift,91,1.0,-0.0800427076735365,0.48,0.5
supermat,pond,NTP,50,prior_shift,92,1.0,-0.7537718023763801,0.32,0.5
supermat,pond,NTP,50,prior_shift,93,1.0,-0.4895482253187058,0.38,0.5
supermat,pond,NTP,50,prior_shift,94,1.0,-0.0800427076735365,0.48,0.5
supermat,pond,NTP,50,prior_shift,95,1.0,0.3227733922630509,0.58,0.5
supermat,pond,NTP,50,prior_shift,96,1.0,0.16034265007517953,0.54,0.5
supermat,pond,NTP,50,prior_shift,97,1.0,0.0800427076735365,0.52,0.5
supermat,pond,NTP,50,prior_shift,98,1.0,-0.0800427076735365,0.48,0.5
supermat,pond,NTP,50,prior_shift,99,1.0,-0.0800427076735365,0.48,0.5
supermat,pond,Probe,100,prior_shift,0,1.0,-0.36396537720141175,0.41,0.5
supermat,pond,Probe,100,prior_shift,1,1.0,-0.4473122180436648,0.39,0.5
supermat,pond,Probe,100,prior_shift,2,1.0,0.04000533461369919,0.51,0.5
supermat,pond,Probe,100,prior_shift,3,1.0,-1.0986122886681098,0.25,0.5
supermat,pond,Probe,100,prior_shift,4,1.0,0.20067069546215133,0.55,0.5
supermat,pond,Probe,100,prior_shift,5,1.0,-0.7537718023763801,0.32,0.5
supermat,pond,Probe,100,prior_shift,6,1.0,-0.4895482253187058,0.38,0.5
supermat,pond,Probe,100,prior_shift,7,1.0,-0.12014431184206335,0.47,0.5
supermat,pond,Probe,100,prior_shift,8,1.0,-0.16034265007517928,0.46,0.5
supermat,pond,Probe,100,prior_shift,9,1.0,-0.5322168137473082,0.37,0.5
supermat,pond,Probe,100,prior_shift,10,1.0,-0.24116205681688807,0.44,0.5
supermat,pond,Probe,100,prior_shift,11,1.0,0.04000533461369919,0.51,0.5
supermat,pond,Probe,100,prior_shift,12,1.0,-0.4054651081081643,0.4,0.5
supermat,pond,Probe,100,prior_shift,13,1.0,0.04000533461369919,0.51,0.5
supermat,pond,Probe,100,prior_shift,14,1.0,-0.8001193001121132,0.31,0.5
supermat,pond,Probe,100,prior_shift,15,1.0,-0.04000533461369919,0.49,0.5
supermat,pond,Probe,100,prior_shift,16,1.0,0.2411620568168883,0.56,0.5
supermat,pond,Probe,100,prior_shift,17,1.0,-0.8001193001121132,0.31,0.5
supermat,pond,Probe,100,prior_shift,18,1.0,-0.36396537720141175,0.41,0.5
supermat,pond,Probe,100,prior_shift,19,1.0,-0.4473122180436648,0.39,0.5
supermat,pond,Probe,100,prior_shift,20,1.0,-0.12014431184206335,0.47,0.5
supermat,pond,Probe,100,prior_shift,21,1.0,-0.8472978603872037,0.3,0.5
supermat,pond,Probe,100,prior_shift,22,1.0,0.36396537720141153,0.59,0.5
supermat,pond,Probe,100,prior_shift,23,1.0,-0.7537718023763801,0.32,0.5
supermat,pond,Probe,100,prior_shift,24,1.0,0.04000533461369919,0.51,0.5
supermat,pond,Probe,100,prior_shift,25,1.0,-0.5753641449035619,0.36,0.5
supermat,pond,Probe,100,prior_shift,26,1.0,-0.12014431184206335,0.47,0.5
supermat,pond,Probe,100,prior_shift,27,1.0,-0.8472978603872037,0.3,0.5
supermat,pond,Probe,100,prior_shift,28,1.0,0.12014431184206335,0.53,0.5
supermat,pond,Probe,100,prior_shift,29,1.0,-0.5753641449035619,0.36,0.5
supermat,pond,Probe,100,prior_shift,30,1.0,0.3227733922630509,0.58,0.5
supermat,pond,Probe,100,prior_shift,31,1.0,-0.5322168137473082,0.37,0.5
supermat,pond,Probe,100,prior_shift,32,1.0,-0.28185115214098777,0.43,0.5
supermat,pond,Probe,100,prior_shift,33,1.0,-0.32277339226305113,0.42,0.5
supermat,pond,Probe,100,prior_shift,34,1.0,-0.16034265007517928,0.46,0.5
supermat,pond,Probe,100,prior_shift,35,1.0,-0.8001193001121132,0.31,0.5
supermat,pond,Probe,100,prior_shift,36,1.0,-0.0800427076735365,0.48,0.5
supermat,pond,Probe,100,prior_shift,37,1.0,-0.4054651081081643,0.4,0.5
supermat,pond,Probe,100,prior_shift,38,1.0,-0.5753641449035619,0.36,0.5
supermat,pond,Probe,100,prior_shift,39,1.0,-1.0986122886681098,0.25,0.5
supermat,pond,Probe,100,prior_shift,40,1.0,-0.16034265007517928,0.46,0.5
supermat,pond,Probe,100,prior_shift,41,1.0,-0.16034265007517928,0.46,0.5
supermat,pond,Probe,100,prior_shift,42,1.0,-0.32277339226305113,0.42,0.5
supermat,pond,Probe,100,prior_shift,43,1.0,0.12014431184206335,0.53,0.5
supermat,pond,Probe,100,prior_shift,44,1.0,-0.5753641449035619,0.36,0.5
supermat,pond,Probe,100,prior_shift,45,1.0,0.4895482253187058,0.62,0.5
supermat,pond,Probe,100,prior_shift,46,1.0,-0.5322168137473082,0.37,0.5
supermat,pond,Probe,100,prior_shift,47,1.0,-0.4895482253187058,0.38,0.5
supermat,pond,Probe,100,prior_shift,48,1.0,-0.36396537720141175,0.41,0.5
supermat,pond,Probe,100,prior_shift,49,1.0,-0.9946225751440619,0.27,0.5
supermat,pond,Probe,100,prior_shift,50,1.0,-0.36396537720141175,0.41,0.5
supermat,pond,Probe,100,prior_shift,51,1.0,-0.36396537720141175,0.41,0.5
supermat,pond,Probe,100,prior_shift,52,1.0,-0.12014431184206335,0.47,0.5
supermat,pond,Probe,100,prior_shift,53,1.0,-0.12014431184206335,0.47,0.5
supermat,pond,Probe,100,prior_shift,54,1.0,0.0,0.5,0.5
supermat,pond,Probe,100,prior_shift,55,1.0,-0.4054651081081643,0.4,0.5
supermat,pond,Probe,100,prior_shift,56,1.0,-0.7081850579244857,0.33,0.5
supermat,pond,Probe,100,prior_shift,57,1.0,-0.32277339226305113,0.42,0.5
supermat,pond,Probe,100,prior_shift,58,1.0,-0.5753641449035619,0.36,0.5
supermat,pond,Probe,100,prior_shift,59,1.0,-0.24116205681688807,0.44,0.5
supermat,pond,Probe,100,prior_shift,60,1.0,-0.16034265007517928,0.46,0.5
supermat,pond,Probe,100,prior_shift,61,1.0,-0.7081850579244857,0.33,0.5
supermat,pond,Probe,100,prior_shift,62,1.0,-0.4895482253187058,0.38,0.5
supermat,pond,Probe,100,prior_shift,63,1.0,0.0,0.5,0.5
supermat,pond,Probe,100,prior_shift,64,1.0,0.16034265007517953,0.54,0.5
supermat,pond,Probe,100,prior_shift,65,1.0,-0.2006706954621511,0.45,0.5
supermat,pond,Probe,100,prior_shift,66,1.0,-0.2006706954621511,0.45,0.5
supermat,pond,Probe,100,prior_shift,67,1.0,-0.28185115214098777,0.43,0.5
supermat,pond,Probe,100,prior_shift,68,1.0,-0.32277339226305113,0.42,0.5
supermat,pond,Probe,100,prior_shift,69,1.0,-0.04000533461369919,0.49,0.5
supermat,pond,Probe,100,prior_shift,70,1.0,-0.4054651081081643,0.4,0.5
supermat,pond,Probe,100,prior_shift,71,1.0,-0.36396537720141175,0.41,0.5
supermat,pond,Probe,100,prior_shift,72,1.0,0.2411620568168883,0.56,0.5
supermat,pond,Probe,100,prior_shift,73,1.0,-0.2006706954621511,0.45,0.5
supermat,pond,Probe,100,prior_shift,74,1.0,-0.36396537720141175,0.41,0.5
supermat,pond,Probe,100,prior_shift,75,1.0,0.12014431184206335,0.53,0.5
supermat,pond,Probe,100,prior_shift,76,1.0,-0.0800427076735365,0.48,0.5
supermat,pond,Probe,100,prior_shift,77,1.0,-0.4473122180436648,0.39,0.5
supermat,pond,Probe,100,prior_shift,78,1.0,0.12014431184206335,0.53,0.5
supermat,pond,Probe,100,prior_shift,79,1.0,-0.4054651081081643,0.4,0.5
supermat,pond,Probe,100,prior_shift,80,1.0,-0.16034265007517928,0.46,0.5
supermat,pond,Probe,100,prior_shift,81,1.0,0.0,0.5,0.5
supermat,pond,Probe,100,prior_shift,82,1.0,-0.8001193001121132,0.31,0.5
supermat,pond,Probe,100,prior_shift,83,1.0,-0.7081850579244857,0.33,0.5
supermat,pond,Probe,100,prior_shift,84,1.0,-0.4473122180436648,0.39,0.5
supermat,pond,Probe,100,prior_shift,85,1.0,0.4895482253187058,0.62,0.5
supermat,pond,Probe,100,prior_shift,86,1.0,-0.12014431184206335,0.47,0.5
supermat,pond,Probe,100,prior_shift,87,1.0,0.3227733922630509,0.58,0.5
supermat,pond,Probe,100,prior_shift,88,1.0,-0.28185115214098777,0.43,0.5
supermat,pond,Probe,100,prior_shift,89,1.0,-0.32277339226305113,0.42,0.5
supermat,pond,Probe,100,prior_shift,90,1.0,-0.7081850579244857,0.33,0.5
supermat,pond,Probe,100,prior_shift,91,1.0,-0.28185115214098777,0.43,0.5
supermat,pond,Probe,100,prior_shift,92,1.0,-0.6632942174102641,0.34,0.5
supermat,pond,Probe,100,prior_shift,93,1.0,-0.7537718023763801,0.32,0.5
supermat,pond,Probe,100,prior_shift,94,1.0,-0.0800427076735365,0.48,0.5
supermat,pond,Probe,100,prior_shift,95,1.0,0.12014431184206335,0.53,0.5
supermat,pond,Probe,100,prior_shift,96,1.0,0.28185115214098755,0.57,0.5
supermat,pond,Probe,100,prior_shift,97,1.0,0.12014431184206335,0.53,0.5
supermat,pond,Probe,100,prior_shift,98,1.0,-0.16034265007517928,0.46,0.5
supermat,pond,Probe,100,prior_shift,99,1.0,-0.16034265007517928,0.46,0.5
supermat,pond,NTP,100,prior_shift,0,1.0,-0.36396537720141175,0.41,0.5
supermat,pond,NTP,100,prior_shift,1,1.0,-0.4473122180436648,0.39,0.5
supermat,pond,NTP,100,prior_shift,2,1.0,0.04000533461369919,0.51,0.5
supermat,pond,NTP,100,prior_shift,3,1.0,-1.0986122886681098,0.25,0.5
supermat,pond,NTP,100,prior_shift,4,1.0,0.20067069546215133,0.55,0.5
supermat,pond,NTP,100,prior_shift,5,1.0,-0.7537718023763801,0.32,0.5
supermat,pond,NTP,100,prior_shift,6,1.0,-0.4895482253187058,0.38,0.5
supermat,pond,NTP,100,prior_shift,7,1.0,-0.12014431184206335,0.47,0.5
supermat,pond,NTP,100,prior_shift,8,1.0,-0.16034265007517928,0.46,0.5
supermat,pond,NTP,100,prior_shift,9,1.0,-0.5322168137473082,0.37,0.5
supermat,pond,NTP,100,prior_shift,10,1.0,-0.24116205681688807,0.44,0.5
supermat,pond,NTP,100,prior_shift,11,1.0,0.04000533461369919,0.51,0.5
supermat,pond,NTP,100,prior_shift,12,1.0,-0.4054651081081643,0.4,0.5
supermat,pond,NTP,100,prior_shift,13,1.0,0.04000533461369919,0.51,0.5
supermat,pond,NTP,100,prior_shift,14,1.0,-0.8001193001121132,0.31,0.5
supermat,pond,NTP,100,prior_shift,15,1.0,-0.04000533461369919,0.49,0.5
supermat,pond,NTP,100,prior_shift,16,1.0,0.2411620568168883,0.56,0.5
supermat,pond,NTP,100,prior_shift,17,1.0,-0.8001193001121132,0.31,0.5
supermat,pond,NTP,100,prior_shift,18,1.0,-0.36396537720141175,0.41,0.5
supermat,pond,NTP,100,prior_shift,19,1.0,-0.4473122180436648,0.39,0.5
supermat,pond,NTP,100,prior_shift,20,1.0,-0.12014431184206335,0.47,0.5
supermat,pond,NTP,100,prior_shift,21,1.0,-0.8472978603872037,0.3,0.5
supermat,pond,NTP,100,prior_shift,22,1.0,0.36396537720141153,0.59,0.5
supermat,pond,NTP,100,prior_shift,23,1.0,-0.7537718023763801,0.32,0.5
supermat,pond,NTP,100,prior_shift,24,1.0,0.04000533461369919,0.51,0.5
supermat,pond,NTP,100,prior_shift,25,1.0,-0.5753641449035619,0.36,0.5
supermat,pond,NTP,100,prior_shift,26,1.0,-0.12014431184206335,0.47,0.5
supermat,pond,NTP,100,prior_shift,27,1.0,-0.8472978603872037,0.3,0.5
supermat,pond,NTP,100,prior_shift,28,1.0,0.12014431184206335,0.53,0.5
supermat,pond,NTP,100,prior_shift,29,1.0,-0.5753641449035619,0.36,0.5
supermat,pond,NTP,100,prior_shift,30,1.0,0.3227733922630509,0.58,0.5
supermat,pond,NTP,100,prior_shift,31,1.0,-0.5322168137473082,0.37,0.5
supermat,pond,NTP,100,prior_shift,32,1.0,-0.28185115214098777,0.43,0.5
supermat,pond,NTP,100,prior_shift,33,1.0,-0.32277339226305113,0.42,0.5
supermat,pond,NTP,100,prior_shift,34,1.0,-0.16034265007517928,0.46,0.5
supermat,pond,NTP,100,prior_shift,35,1.0,-0.8001193001121132,0.31,0.5
supermat,pond,NTP,100,prior_shift,36,1.0,-0.0800427076735365,0.48,0.5
supermat,pond,NTP,100,prior_shift,37,1.0,-0.4054651081081643,0.4,0.5
supermat,pond,NTP,100,prior_shift,38,1.0,-0.5753641449035619,0.36,0.5
supermat,pond,NTP,100,prior_shift,39,1.0,-1.0986122886681098,0.25,0.5
supermat,pond,NTP,100,prior_shift,40,1.0,-0.16034265007517928,0.46,0.5
supermat,pond,NTP,100,prior_shift,41,1.0,-0.16034265007517928,0.46,0.5
supermat,pond,NTP,100,prior_shift,42,1.0,-0.32277339226305113,0.42,0.5
supermat,pond,NTP,100,prior_shift,43,1.0,0.12014431184206335,0.53,0.5
supermat,pond,NTP,100,prior_shift,44,1.0,-0.5753641449035619,0.36,0.5
supermat,pond,NTP,100,prior_shift,45,1.0,0.4895482253187058,0.62,0.5
supermat,pond,NTP,100,prior_shift,46,1.0,-0.5322168137473082,0.37,0.5
supermat,pond,NTP,100,prior_shift,47,1.0,-0.4895482253187058,0.38,0.5
supermat,pond,NTP,100,prior_shift,48,1.0,-0.36396537720141175,0.41,0.5
supermat,pond,NTP,100,prior_shift,49,1.0,-0.9946225751440619,0.27,0.5
supermat,pond,NTP,100,prior_shift,50,1.0,-0.36396537720141175,0.41,0.5
supermat,pond,NTP,100,prior_shift,51,1.0,-0.36396537720141175,0.41,0.5
supermat,pond,NTP,100,prior_shift,52,1.0,-0.12014431184206335,0.47,0.5
supermat,pond,NTP,100,prior_shift,53,1.0,-0.12014431184206335,0.47,0.5
supermat,pond,NTP,100,prior_shift,54,1.0,0.0,0.5,0.5
supermat,pond,NTP,100,prior_shift,55,1.0,-0.4054651081081643,0.4,0.5
supermat,pond,NTP,100,prior_shift,56,1.0,-0.7081850579244857,0.33,0.5
supermat,pond,NTP,100,prior_shift,57,1.0,-0.32277339226305113,0.42,0.5
supermat,pond,NTP,100,prior_shift,58,1.0,-0.5753641449035619,0.36,0.5
supermat,pond,NTP,100,prior_shift,59,1.0,-0.24116205681688807,0.44,0.5
supermat,pond,NTP,100,prior_shift,60,1.0,-0.16034265007517928,0.46,0.5
supermat,pond,NTP,100,prior_shift,61,1.0,-0.7081850579244857,0.33,0.5
supermat,pond,NTP,100,prior_shift,62,1.0,-0.4895482253187058,0.38,0.5
supermat,pond,NTP,100,prior_shift,63,1.0,0.0,0.5,0.5
supermat,pond,NTP,100,prior_shift,64,1.0,0.16034265007517953,0.54,0.5
supermat,pond,NTP,100,prior_shift,65,1.0,-0.2006706954621511,0.45,0.5
supermat,pond,NTP,100,prior_shift,66,1.0,-0.2006706954621511,0.45,0.5
supermat,pond,NTP,100,prior_shift,67,1.0,-0.28185115214098777,0.43,0.5
supermat,pond,NTP,100,prior_shift,68,1.0,-0.32277339226305113,0.42,0.5
supermat,pond,NTP,100,prior_shift,69,1.0,-0.04000533461369919,0.49,0.5
supermat,pond,NTP,100,prior_shift,70,1.0,-0.4054651081081643,0.4,0.5
supermat,pond,NTP,100,prior_shift,71,1.0,-0.36396537720141175,0.41,0.5
supermat,pond,NTP,100,prior_shift,72,1.0,0.2411620568168883,0.56,0.5
supermat,pond,NTP,100,prior_shift,73,1.0,-0.2006706954621511,0.45,0.5
supermat,pond,NTP,100,prior_shift,74,1.0,-0.36396537720141175,0.41,0.5
supermat,pond,NTP,100,prior_shift,75,1.0,0.12014431184206335,0.53,0.5
supermat,pond,NTP,100,prior_shift,76,1.0,-0.0800427076735365,0.48,0.5
supermat,pond,NTP,100,prior_shift,77,1.0,-0.4473122180436648,0.39,0.5
supermat,pond,NTP,100,prior_shift,78,1.0,0.12014431184206335,0.53,0.5
supermat,pond,NTP,100,prior_shift,79,1.0,-0.4054651081081643,0.4,0.5
supermat,pond,NTP,100,prior_shift,80,1.0,-0.16034265007517928,0.46,0.5
supermat,pond,NTP,100,prior_shift,81,1.0,0.0,0.5,0.5
supermat,pond,NTP,100,prior_shift,82,1.0,-0.8001193001121132,0.31,0.5
supermat,pond,NTP,100,prior_shift,83,1.0,-0.7081850579244857,0.33,0.5
supermat,pond,NTP,100,prior_shift,84,1.0,-0.4473122180436648,0.39,0.5
supermat,pond,NTP,100,prior_shift,85,1.0,0.4895482253187058,0.62,0.5
supermat,pond,NTP,100,prior_shift,86,1.0,-0.12014431184206335,0.47,0.5
supermat,pond,NTP,100,prior_shift,87,1.0,0.3227733922630509,0.58,0.5
supermat,pond,NTP,100,prior_shift,88,1.0,-0.28185115214098777,0.43,0.5
supermat,pond,NTP,100,prior_shift,89,1.0,-0.32277339226305113,0.42,0.5
supermat,pond,NTP,100,prior_shift,90,1.0,-0.7081850579244857,0.33,0.5
supermat,pond,NTP,100,prior_shift,91,1.0,-0.28185115214098777,0.43,0.5
supermat,pond,NTP,100,prior_shift,92,1.0,-0.6632942174102641,0.34,0.5
supermat,pond,NTP,100,prior_shift,93,1.0,-0.7537718023763801,0.32,0.5
supermat,pond,NTP,100,prior_shift,94,1.0,-0.0800427076735365,0.48,0.5
supermat,pond,NTP,100,prior_shift,95,1.0,0.12014431184206335,0.53,0.5
supermat,pond,NTP,100,prior_shift,96,1.0,0.28185115214098755,0.57,0.5
supermat,pond,NTP,100,prior_shift,97,1.0,0.12014431184206335,0.53,0.5
supermat,pond,NTP,100,prior_shift,98,1.0,-0.16034265007517928,0.46,0.5
supermat,pond,NTP,100,prior_shift,99,1.0,-0.16034265007517928,0.46,0.5
supermat,pond,Probe,250,prior_shift,0,1.0,-0.32277339226305113,0.42,0.5
supermat,pond,Probe,250,prior_shift,1,1.0,-0.5927679952523233,0.356,0.5
supermat,pond,Probe,250,prior_shift,2,1.0,0.2736958304770408,0.568,0.5
supermat,pond,Probe,250,prior_shift,3,1.0,-0.8094861726440952,0.308,0.5
supermat,pond,Probe,250,prior_shift,4,1.0,0.4054651081081643,0.6,0.5
supermat,pond,Probe,250,prior_shift,5,1.0,-0.27369583047704105,0.432,0.5
supermat,pond,Probe,250,prior_shift,6,1.0,-0.2574120081490246,0.436,0.5
supermat,pond,Probe,250,prior_shift,7,1.0,0.4054651081081643,0.6,0.5
supermat,pond,Probe,250,prior_shift,8,1.0,-0.24116205681688807,0.44,0.5
supermat,pond,Probe,250,prior_shift,9,1.0,-0.4895482253187058,0.38,0.5
supermat,pond,Probe,250,prior_shift,10,1.0,-0.29001579579800113,0.428,0.5
supermat,pond,Probe,250,prior_shift,11,1.0,0.09607383008962224,0.524,0.5
supermat,pond,Probe,250,prior_shift,12,1.0,-0.47260441094579286,0.384,0.5
supermat,pond,Probe,250,prior_shift,13,1.0,-0.048009219186360655,0.488,0.5
supermat,pond,Probe,250,prior_shift,14,1.0,-0.5236463121950521,0.372,0.5
supermat,pond,Probe,250,prior_shift,15,1.0,0.4054651081081643,0.6,0.5
supermat,pond,Probe,250,prior_shift,16,1.0,0.03200273108617381,0.508,0.5
supermat,pond,Probe,250,prior_shift,17,1.0,-0.43891304217570437,0.392,0.5
supermat,pond,Probe,250,prior_shift,18,1.0,-0.29001579579800113,0.428,0.5
supermat,pond,Probe,250,prior_shift,19,1.0,-0.4054651081081643,0.4,0.5
supermat,pond,Probe,250,prior_shift,20,1.0,0.06402185876493108,0.516,0.5
supermat,pond,Probe,250,prior_shift,21,1.0,-0.6991532046201571,0.332,0.5
supermat,pond,Probe,250,prior_shift,22,1.0,-0.1925931071157843,0.452,0.5
supermat,pond,Probe,250,prior_shift,23,1.0,-0.7907856501238613,0.312,0.5
supermat,pond,Probe,250,prior_shift,24,1.0,0.1764564373415567,0.544,0.5
supermat,pond,Probe,250,prior_shift,25,1.0,-0.29001579579800113,0.428,0.5
supermat,pond,Probe,250,prior_shift,26,1.0,-0.1925931071157843,0.452,0.5
supermat,pond,Probe,250,prior_shift,27,1.0,-0.7354495602506347,0.324,0.5
supermat,pond,Probe,250,prior_shift,28,1.0,-0.03200273108617381,0.492,0.5
supermat,pond,Probe,250,prior_shift,29,1.0,0.16034265007517953,0.54,0.5
supermat,pond,Probe,250,prior_shift,30,1.0,0.0,0.5,0.5
supermat,pond,Probe,250,prior_shift,31,1.0,-0.6455191315706907,0.344,0.5
supermat,pond,Probe,250,prior_shift,32,1.0,-0.14424960884454663,0.464,0.5
supermat,pond,Probe,250,prior_shift,33,1.0,-0.33921572256696386,0.416,0.5
supermat,pond,Probe,250,prior_shift,34,1.0,0.048009219186360655,0.512,0.5
supermat,pond,Probe,250,prior_shift,35,1.0,-0.17645643734155647,0.456,0.5
supermat,pond,Probe,250,prior_shift,36,1.0,-0.1121172981207062,0.472,0.5
supermat,pond,Probe,250,prior_shift,37,1.0,-0.33921572256696386,0.416,0.5
supermat,pond,Probe,250,prior_shift,38,1.0,-0.1121172981207062,0.472,0.5
supermat,pond,Probe,250,prior_shift,39,1.0,-0.7354495602506347,0.324,0.5
supermat,pond,Probe,250,prior_shift,40,1.0,-0.016000341346441148,0.496,0.5
supermat,pond,Probe,250,prior_shift,41,1.0,-0.4221599866803343,0.396,0.5
supermat,pond,Probe,250,prior_shift,42,1.0,-0.17645643734155647,0.456,0.5
supermat,pond,Probe,250,prior_shift,43,1.0,0.38882578910419957,0.596,0.5
supermat,pond,Probe,250,prior_shift,44,1.0,-0.828321958928198,0.304,0.5
supermat,pond,Probe,250,prior_shift,45,1.0,0.03200273108617381,0.508,0.5
supermat,pond,Probe,250,prior_shift,46,1.0,-0.09607383008962224,0.476,0.5
supermat,pond,Probe,250,prior_shift,47,1.0,-0.4557269428890526,0.388,0.5
supermat,pond,Probe,250,prior_shift,48,1.0,-0.5065612249795332,0.376,0.5
supermat,pond,Probe,250,prior_shift,49,1.0,-0.6632942174102641,0.34,0.5
supermat,pond,Probe,250,prior_shift,50,1.0,-0.33921572256696386,0.416,0.5
supermat,pond,Probe,250,prior_shift,51,1.0,0.03200273108617381,0.508,0.5
supermat,pond,Probe,250,prior_shift,52,1.0,0.09607383008962224,0.524,0.5
supermat,pond,Probe,250,prior_shift,53,1.0,0.0,0.5,0.5
supermat,pond,Probe,250,prior_shift,54,1.0,-0.1925931071157843,0.452,0.5
supermat,pond,Probe,250,prior_shift,55,1.0,-0.1925931071157843,0.452,0.5
supermat,pond,Probe,250,prior_shift,56,1.0,-0.22494373181835758,0.444,0.5
supermat,pond,Probe,250,prior_shift,57,1.0,0.03200273108617381,0.508,0.5
supermat,pond,Probe,250,prior_shift,58,1.0,-0.6811709895132295,0.336,0.5
supermat,pond,Probe,250,prior_shift,59,1.0,-0.3557035985491006,0.412,0.5
supermat,pond,Probe,250,prior_shift,60,1.0,-0.32277339226305113,0.42,0.5
supermat,pond,Probe,250,prior_shift,61,1.0,-0.03200273108617381,0.492,0.5
supermat,pond,Probe,250,prior_shift,62,1.0,-0.5408064559779265,0.368,0.5
supermat,pond,Probe,250,prior_shift,63,1.0,-0.09607383008962224,0.476,0.5
supermat,pond,Probe,250,prior_shift,64,1.0,-0.09607383008962224,0.476,0.5
supermat,pond,Probe,250,prior_shift,65,1.0,0.12817519342399777,0.532,0.5
supermat,pond,Probe,250,prior_shift,66,1.0,-0.5753641449035619,0.36,0.5
supermat,pond,Probe,250,prior_shift,67,1.0,-0.16034265007517928,0.46,0.5
supermat,pond,Probe,250,prior_shift,68,1.0,-0.4221599866803343,0.396,0.5
supermat,pond,Probe,250,prior_shift,69,1.0,-0.06402185876493108,0.484,0.5
supermat,pond,Probe,250,prior_shift,70,1.0,-0.09607383008962224,0.476,0.5
supermat,pond,Probe,250,prior_shift,71,1.0,-0.4221599866803343,0.396,0.5
supermat,pond,Probe,250,prior_shift,72,1.0,0.016000341346441148,0.504,0.5
supermat,pond,Probe,250,prior_shift,73,1.0,-0.24116205681688807,0.44,0.5
supermat,pond,Probe,250,prior_shift,74,1.0,-0.3557035985491006,0.412,0.5
supermat,pond,Probe,250,prior_shift,75,1.0,-0.1121172981207062,0.472,0.5
supermat,pond,Probe,250,prior_shift,76,1.0,-0.32277339226305113,0.42,0.5
supermat,pond,Probe,250,prior_shift,77,1.0,-0.048009219186360655,0.488,0.5
supermat,pond,Probe,250,prior_shift,78,1.0,0.16034265007517953,0.54,0.5
supermat,pond,Probe,250,prior_shift,79,1.0,-0.6632942174102641,0.34,0.5
supermat,pond,Probe,250,prior_shift,80,1.0,0.14424960884454685,0.536,0.5
supermat,pond,Probe,250,prior_shift,81,1.0,0.33921572256696364,0.584,0.5
supermat,pond,Probe,250,prior_shift,82,1.0,-0.27369583047704105,0.432,0.5
supermat,pond,Probe,250,prior_shift,83,1.0,-0.43891304217570437,0.392,0.5
supermat,pond,Probe,250,prior_shift,84,1.0,-0.048009219186360655,0.488,0.5
supermat,pond,Probe,250,prior_shift,85,1.0,0.3557035985491004,0.588,0.5
supermat,pond,Probe,250,prior_shift,86,1.0,-0.03200273108617381,0.492,0.5
supermat,pond,Probe,250,prior_shift,87,1.0,0.048009219186360655,0.512,0.5
supermat,pond,Probe,250,prior_shift,88,1.0,-0.5927679952523233,0.356,0.5
supermat,pond,Probe,250,prior_shift,89,1.0,-0.47260441094579286,0.384,0.5
supermat,pond,Probe,250,prior_shift,90,1.0,-0.8472978603872037,0.3,0.5
supermat,pond,Probe,250,prior_shift,91,1.0,-0.33921572256696386,0.416,0.5
supermat,pond,Probe,250,prior_shift,92,1.0,-1.0047935334504547,0.268,0.5
supermat,pond,Probe,250,prior_shift,93,1.0,-0.32277339226305113,0.42,0.5
supermat,pond,Probe,250,prior_shift,94,1.0,-0.12817519342399752,0.468,0.5
supermat,pond,Probe,250,prior_shift,95,1.0,0.3227733922630509,0.58,0.5
supermat,pond,Probe,250,prior_shift,96,1.0,0.0800427076735365,0.52,0.5
supermat,pond,Probe,250,prior_shift,97,1.0,-0.27369583047704105,0.432,0.5
supermat,pond,Probe,250,prior_shift,98,1.0,0.06402185876493108,0.516,0.5
supermat,pond,Probe,250,prior_shift,99,1.0,-0.24116205681688807,0.44,0.5
supermat,pond,NTP,250,prior_shift,0,1.0,-0.32277339226305113,0.42,0.5
supermat,pond,NTP,250,prior_shift,1,1.0,-0.5927679952523233,0.356,0.5
supermat,pond,NTP,250,prior_shift,2,1.0,0.2736958304770408,0.568,0.5
supermat,pond,NTP,250,prior_shift,3,1.0,-0.8094861726440952,0.308,0.5
supermat,pond,NTP,250,prior_shift,4,1.0,0.4054651081081643,0.6,0.5
supermat,pond,NTP,250,prior_shift,5,1.0,-0.27369583047704105,0.432,0.5
supermat,pond,NTP,250,prior_shift,6,1.0,-0.2574120081490246,0.436,0.5
supermat,pond,NTP,250,prior_shift,7,1.0,0.4054651081081643,0.6,0.5
supermat,pond,NTP,250,prior_shift,8,1.0,-0.24116205681688807,0.44,0.5
supermat,pond,NTP,250,prior_shift,9,1.0,-0.4895482253187058,0.38,0.5
supermat,pond,NTP,250,prior_shift,10,1.0,-0.29001579579800113,0.428,0.5
supermat,pond,NTP,250,prior_shift,11,1.0,0.09607383008962224,0.524,0.5
supermat,pond,NTP,250,prior_shift,12,1.0,-0.47260441094579286,0.384,0.5
supermat,pond,NTP,250,prior_shift,13,1.0,-0.048009219186360655,0.488,0.5
supermat,pond,NTP,250,prior_shift,14,1.0,-0.5236463121950521,0.372,0.5
supermat,pond,NTP,250,prior_shift,15,1.0,0.4054651081081643,0.6,0.5
supermat,pond,NTP,250,prior_shift,16,1.0,0.03200273108617381,0.508,0.5
supermat,pond,NTP,250,prior_shift,17,1.0,-0.43891304217570437,0.392,0.5
supermat,pond,NTP,250,prior_shift,18,1.0,-0.29001579579800113,0.428,0.5
supermat,pond,NTP,250,prior_shift,19,1.0,-0.4054651081081643,0.4,0.5
supermat,pond,NTP,250,prior_shift,20,1.0,0.06402185876493108,0.516,0.5
supermat,pond,NTP,250,prior_shift,21,1.0,-0.6991532046201571,0.332,0.5
supermat,pond,NTP,250,prior_shift,22,1.0,-0.1925931071157843,0.452,0.5
supermat,pond,NTP,250,prior_shift,23,1.0,-0.7907856501238613,0.312,0.5
supermat,pond,NTP,250,prior_shift,24,1.0,0.1764564373415567,0.544,0.5
supermat,pond,NTP,250,prior_shift,25,1.0,-0.29001579579800113,0.428,0.5
supermat,pond,NTP,250,prior_shift,26,1.0,-0.1925931071157843,0.452,0.5
supermat,pond,NTP,250,prior_shift,27,1.0,-0.7354495602506347,0.324,0.5
supermat,pond,NTP,250,prior_shift,28,1.0,-0.03200273108617381,0.492,0.5
supermat,pond,NTP,250,prior_shift,29,1.0,0.16034265007517953,0.54,0.5
supermat,pond,NTP,250,prior_shift,30,1.0,0.0,0.5,0.5
supermat,pond,NTP,250,prior_shift,31,1.0,-0.6455191315706907,0.344,0.5
supermat,pond,NTP,250,prior_shift,32,1.0,-0.14424960884454663,0.464,0.5
supermat,pond,NTP,250,prior_shift,33,1.0,-0.33921572256696386,0.416,0.5
supermat,pond,NTP,250,prior_shift,34,1.0,0.048009219186360655,0.512,0.5
supermat,pond,NTP,250,prior_shift,35,1.0,-0.17645643734155647,0.456,0.5
supermat,pond,NTP,250,prior_shift,36,1.0,-0.1121172981207062,0.472,0.5
supermat,pond,NTP,250,prior_shift,37,1.0,-0.33921572256696386,0.416,0.5
supermat,pond,NTP,250,prior_shift,38,1.0,-0.1121172981207062,0.472,0.5
supermat,pond,NTP,250,prior_shift,39,1.0,-0.7354495602506347,0.324,0.5
supermat,pond,NTP,250,prior_shift,40,1.0,-0.016000341346441148,0.496,0.5
supermat,pond,NTP,250,prior_shift,41,1.0,-0.4221599866803343,0.396,0.5
supermat,pond,NTP,250,prior_shift,42,1.0,-0.17645643734155647,0.456,0.5
supermat,pond,NTP,250,prior_shift,43,1.0,0.38882578910419957,0.596,0.5
supermat,pond,NTP,250,prior_shift,44,1.0,-0.828321958928198,0.304,0.5
supermat,pond,NTP,250,prior_shift,45,1.0,0.03200273108617381,0.508,0.5
supermat,pond,NTP,250,prior_shift,46,1.0,-0.09607383008962224,0.476,0.5
supermat,pond,NTP,250,prior_shift,47,1.0,-0.4557269428890526,0.388,0.5
supermat,pond,NTP,250,prior_shift,48,1.0,-0.5065612249795332,0.376,0.5
supermat,pond,NTP,250,prior_shift,49,1.0,-0.6632942174102641,0.34,0.5
supermat,pond,NTP,250,prior_shift,50,1.0,-0.33921572256696386,0.416,0.5
supermat,pond,NTP,250,prior_shift,51,1.0,0.03200273108617381,0.508,0.5
supermat,pond,NTP,250,prior_shift,52,1.0,0.09607383008962224,0.524,0.5
supermat,pond,NTP,250,prior_shift,53,1.0,0.0,0.5,0.5
supermat,pond,NTP,250,prior_shift,54,1.0,-0.1925931071157843,0.452,0.5
supermat,pond,NTP,250,prior_shift,55,1.0,-0.1925931071157843,0.452,0.5
supermat,pond,NTP,250,prior_shift,56,1.0,-0.22494373181835758,0.444,0.5
supermat,pond,NTP,250,prior_shift,57,1.0,0.03200273108617381,0.508,0.5
supermat,pond,NTP,250,prior_shift,58,1.0,-0.6811709895132295,0.336,0.5
supermat,pond,NTP,250,prior_shift,59,1.0,-0.3557035985491006,0.412,0.5
supermat,pond,NTP,250,prior_shift,60,1.0,-0.32277339226305113,0.42,0.5
supermat,pond,NTP,250,prior_shift,61,1.0,-0.03200273108617381,0.492,0.5
supermat,pond,NTP,250,prior_shift,62,1.0,-0.5408064559779265,0.368,0.5
supermat,pond,NTP,250,prior_shift,63,1.0,-0.09607383008962224,0.476,0.5
supermat,pond,NTP,250,prior_shift,64,1.0,-0.09607383008962224,0.476,0.5
supermat,pond,NTP,250,prior_shift,65,1.0,0.12817519342399777,0.532,0.5
supermat,pond,NTP,250,prior_shift,66,1.0,-0.5753641449035619,0.36,0.5
supermat,pond,NTP,250,prior_shift,67,1.0,-0.16034265007517928,0.46,0.5
supermat,pond,NTP,250,prior_shift,68,1.0,-0.4221599866803343,0.396,0.5
supermat,pond,NTP,250,prior_shift,69,1.0,-0.06402185876493108,0.484,0.5
supermat,pond,NTP,250,prior_shift,70,1.0,-0.09607383008962224,0.476,0.5
supermat,pond,NTP,250,prior_shift,71,1.0,-0.4221599866803343,0.396,0.5
supermat,pond,NTP,250,prior_shift,72,1.0,0.016000341346441148,0.504,0.5
supermat,pond,NTP,250,prior_shift,73,1.0,-0.24116205681688807,0.44,0.5
supermat,pond,NTP,250,prior_shift,74,1.0,-0.3557035985491006,0.412,0.5
supermat,pond,NTP,250,prior_shift,75,1.0,-0.1121172981207062,0.472,0.5
supermat,pond,NTP,250,prior_shift,76,1.0,-0.32277339226305113,0.42,0.5
supermat,pond,NTP,250,prior_shift,77,1.0,-0.048009219186360655,0.488,0.5
supermat,pond,NTP,250,prior_shift,78,1.0,0.16034265007517953,0.54,0.5
supermat,pond,NTP,250,prior_shift,79,1.0,-0.6632942174102641,0.34,0.5
supermat,pond,NTP,250,prior_shift,80,1.0,0.14424960884454685,0.536,0.5
supermat,pond,NTP,250,prior_shift,81,1.0,0.33921572256696364,0.584,0.5
supermat,pond,NTP,250,prior_shift,82,1.0,-0.27369583047704105,0.432,0.5
supermat,pond,NTP,250,prior_shift,83,1.0,-0.43891304217570437,0.392,0.5
supermat,pond,NTP,250,prior_shift,84,1.0,-0.048009219186360655,0.488,0.5
supermat,pond,NTP,250,prior_shift,85,1.0,0.3557035985491004,0.588,0.5
supermat,pond,NTP,250,prior_shift,86,1.0,-0.03200273108617381,0.492,0.5
supermat,pond,NTP,250,prior_shift,87,1.0,0.048009219186360655,0.512,0.5
supermat,pond,NTP,250,prior_shift,88,1.0,-0.5927679952523233,0.356,0.5
supermat,pond,NTP,250,prior_shift,89,1.0,-0.47260441094579286,0.384,0.5
supermat,pond,NTP,250,prior_shift,90,1.0,-0.8472978603872037,0.3,0.5
supermat,pond,NTP,250,prior_shift,91,1.0,-0.33921572256696386,0.416,0.5
supermat,pond,NTP,250,prior_shift,92,1.0,-1.0047935334504547,0.268,0.5
supermat,pond,NTP,250,prior_shift,93,1.0,-0.32277339226305113,0.42,0.5
supermat,pond,NTP,250,prior_shift,94,1.0,-0.12817519342399752,0.468,0.5
supermat,pond,NTP,250,prior_shift,95,1.0,0.3227733922630509,0.58,0.5
supermat,pond,NTP,250,prior_shift,96,1.0,0.0800427076735365,0.52,0.5
supermat,pond,NTP,250,prior_shift,97,1.0,-0.27369583047704105,0.432,0.5
supermat,pond,NTP,250,prior_shift,98,1.0,0.06402185876493108,0.516,0.5
supermat,pond,NTP,250,prior_shift,99,1.0,-0.24116205681688807,0.44,0.5
supermat,pond,Probe,500,prior_shift,0,1.0,-0.2655495441027781,0.434,0.5
supermat,pond,Probe,500,prior_shift,1,1.0,-0.4473122180436648,0.39,0.5
supermat,pond,Probe,500,prior_shift,2,1.0,-0.12014431184206335,0.47,0.5
supermat,pond,Probe,500,prior_shift,3,1.0,-0.9444616088408512,0.28,0.5
supermat,pond,Probe,500,prior_shift,4,1.0,0.3557035985491004,0.588,0.5
supermat,pond,Probe,500,prior_shift,5,1.0,-0.46415755868231157,0.386,0.5
supermat,pond,Probe,500,prior_shift,6,1.0,-0.3805261597609122,0.406,0.5
supermat,pond,Probe,500,prior_shift,7,1.0,0.008000042667076279,0.502,0.5
supermat,pond,Probe,500,prior_shift,8,1.0,-0.13621020483454888,0.466,0.5
supermat,pond,Probe,500,prior_shift,9,1.0,-0.46415755868231157,0.386,0.5
supermat,pond,Probe,500,prior_shift,10,1.0,-0.24116205681688807,0.44,0.5
supermat,pond,Probe,500,prior_shift,11,1.0,-0.02400115209954306,0.494,0.5
supermat,pond,Probe,500,prior_shift,12,1.0,-0.47260441094579286,0.384,0.5
supermat,pond,Probe,500,prior_shift,13,1.0,-0.0800427076735365,0.48,0.5
supermat,pond,Probe,500,prior_shift,14,1.0,-0.5753641449035619,0.36,0.5
supermat,pond,Probe,500,prior_shift,15,1.0,0.1845217777035572,0.546,0.5
supermat,pond,Probe,500,prior_shift,16,1.0,-0.04000533461369919,0.49,0.5
supermat,pond,Probe,500,prior_shift,17,1.0,-0.5753641449035619,0.36,0.5
supermat,pond,Probe,500,prior_shift,18,1.0,-0.31456855463636574,0.422,0.5
supermat,pond,Probe,500,prior_shift,19,1.0,-0.4054651081081643,0.4,0.5
supermat,pond,Probe,500,prior_shift,20,1.0,-0.0800427076735365,0.48,0.5
supermat,pond,Probe,500,prior_shift,21,1.0,-0.7354495602506347,0.324,0.5
supermat,pond,Probe,500,prior_shift,22,1.0,0.04000533461369919,0.51,0.5
supermat,pond,Probe,500,prior_shift,23,1.0,-0.5927679952523233,0.356,0.5
supermat,pond,Probe,500,prior_shift,24,1.0,-0.07203112820888281,0.482,0.5
supermat,pond,Probe,500,prior_shift,25,1.0,-0.31456855463636574,0.422,0.5
supermat,pond,Probe,500,prior_shift,26,1.0,-0.31456855463636574,0.422,0.5
supermat,pond,Probe,500,prior_shift,27,1.0,-0.5753641449035619,0.36,0.5
supermat,pond,Probe,500,prior_shift,28,1.0,-0.20875481386211012,0.448,0.5
supermat,pond,Probe,500,prior_shift,29,1.0,-0.2574120081490246,0.436,0.5
supermat,pond,Probe,500,prior_shift,30,1.0,0.09607383008962224,0.524,0.5
supermat,pond,Probe,500,prior_shift,31,1.0,-0.6811709895132295,0.336,0.5
supermat,pond,Probe,500,prior_shift,32,1.0,-0.30637420546393357,0.424,0.5
supermat,pond,Probe,500,prior_shift,33,1.0,-0.43891304217570437,0.392,0.5
supermat,pond,Probe,500,prior_shift,34,1.0,-0.2655495441027781,0.434,0.5
supermat,pond,Probe,500,prior_shift,35,1.0,-0.4895482253187058,0.38,0.5
supermat,pond,Probe,500,prior_shift,36,1.0,0.10409389104263346,0.526,0.5
supermat,pond,Probe,500,prior_shift,37,1.0,-0.4305290767713806,0.394,0.5
supermat,pond,Probe,500,prior_shift,38,1.0,-0.1925931071157843,0.452,0.5
supermat,pond,Probe,500,prior_shift,39,1.0,-0.6278420821521787,0.348,0.5
supermat,pond,Probe,500,prior_shift,40,1.0,-0.12817519342399752,0.468,0.5
supermat,pond,Probe,500,prior_shift,41,1.0,-0.2655495441027781,0.434,0.5
supermat,pond,Probe,500,prior_shift,42,1.0,-0.32277339226305113,0.42,0.5
supermat,pond,Probe,500,prior_shift,43,1.0,0.12014431184206335,0.53,0.5
supermat,pond,Probe,500,prior_shift,44,1.0,-0.5236463121950521,0.372,0.5
supermat,pond,Probe,500,prior_shift,45,1.0,0.2574120081490244,0.564,0.5
supermat,pond,Probe,500,prior_shift,46,1.0,-0.2574120081490246,0.436,0.5
supermat,pond,Probe,500,prior_shift,47,1.0,-0.38882578910419957,0.404,0.5
supermat,pond,Probe,500,prior_shift,48,1.0,-0.4305290767713806,0.394,0.5
supermat,pond,Probe,500,prior_shift,49,1.0,-0.5927679952523233,0.356,0.5
supermat,pond,Probe,500,prior_shift,50,1.0,-0.37223946047984413,0.408,0.5
supermat,pond,Probe,500,prior_shift,51,1.0,-0.1522936690800455,0.462,0.5
supermat,pond,Probe,500,prior_shift,52,1.0,-0.1925931071157843,0.452,0.5
supermat,pond,Probe,500,prior_shift,53,1.0,-0.2330490803036128,0.442,0.5
supermat,pond,Probe,500,prior_shift,54,1.0,-0.28185115214098777,0.43,0.5
supermat,pond,Probe,500,prior_shift,55,1.0,-0.3805261597609122,0.406,0.5
supermat,pond,Probe,500,prior_shift,56,1.0,-0.30637420546393357,0.424,0.5
supermat,pond,Probe,500,prior_shift,57,1.0,-0.016000341346441148,0.496,0.5
supermat,pond,Probe,500,prior_shift,58,1.0,-0.46415755868231157,0.386,0.5
supermat,pond,Probe,500,prior_shift,59,1.0,-0.2006706954621511,0.45,0.5
supermat,pond,Probe,500,prior_shift,60,1.0,-0.28185115214098777,0.43,0.5
supermat,pond,Probe,500,prior_shift,61,1.0,-0.12817519342399752,0.468,0.5
supermat,pond,Probe,500,prior_shift,62,1.0,-0.5580446957033816,0.364,0.5
supermat,pond,Probe,500,prior_shift,63,1.0,-0.0800427076735365,0.48,0.5
supermat,pond,Probe,500,prior_shift,64,1.0,-0.048009219186360655,0.488,0.5
supermat,pond,Probe,500,prior_shift,65,1.0,-0.184521777703557,0.454,0.5
supermat,pond,Probe,500,prior_shift,66,1.0,-0.29819005005019605,0.426,0.5
supermat,pond,Probe,500,prior_shift,67,1.0,0.07203112820888281,0.518,0.5
supermat,pond,Probe,500,prior_shift,68,1.0,-0.41380544002438324,0.398,0.5
supermat,pond,Probe,500,prior_shift,69,1.0,0.008000042667076279,0.502,0.5
supermat,pond,Probe,500,prior_shift,70,1.0,-0.28185115214098777,0.43,0.5
supermat,pond,Probe,500,prior_shift,71,1.0,-0.5927679952523233,0.356,0.5
supermat,pond,Probe,500,prior_shift,72,1.0,0.016000341346441148,0.504,0.5
supermat,pond,Probe,500,prior_shift,73,1.0,-0.27369583047704105,0.432,0.5
supermat,pond,Probe,500,prior_shift,74,1.0,-0.38882578910419957,0.404,0.5
supermat,pond,Probe,500,prior_shift,75,1.0,0.12014431184206335,0.53,0.5
supermat,pond,Probe,500,prior_shift,76,1.0,-0.3971386653316106,0.402,0.5
supermat,pond,Probe,500,prior_shift,77,1.0,-0.04000533461369919,0.49,0.5
supermat,pond,Probe,500,prior_shift,78,1.0,-0.07203112820888281,0.482,0.5
supermat,pond,Probe,500,prior_shift,79,1.0,-0.37223946047984413,0.408,0.5
supermat,pond,Probe,500,prior_shift,80,1.0,0.1522936690800457,0.538,0.5
supermat,pond,Probe,500,prior_shift,81,1.0,0.31456855463636546,0.578,0.5
supermat,pond,Probe,500,prior_shift,82,1.0,-0.5322168137473082,0.37,0.5
supermat,pond,Probe,500,prior_shift,83,1.0,-0.30637420546393357,0.424,0.5
supermat,pond,Probe,500,prior_shift,84,1.0,-0.184521777703557,0.454,0.5
supermat,pond,Probe,500,prior_shift,85,1.0,0.26554954410277787,0.566,0.5
supermat,pond,Probe,500,prior_shift,86,1.0,-0.29001579579800113,0.428,0.5
supermat,pond,Probe,500,prior_shift,87,1.0,-0.2330490803036128,0.442,0.5
supermat,pond,Probe,500,prior_shift,88,1.0,-0.584055317289261,0.358,0.5
supermat,pond,Probe,500,prior_shift,89,1.0,-0.33098901520668156,0.418,0.5
supermat,pond,Probe,500,prior_shift,90,1.0,-0.4557269428890526,0.388,0.5
supermat,pond,Probe,500,prior_shift,91,1.0,-0.20875481386211012,0.448,0.5
supermat,pond,Probe,500,prior_shift,92,1.0,-0.6811709895132295,0.336,0.5
supermat,pond,Probe,500,prior_shift,93,1.0,-0.5666940715190188,0.362,0.5
supermat,pond,Probe,500,prior_shift,94,1.0,-0.184521777703557,0.454,0.5
supermat,pond,Probe,500,prior_shift,95,1.0,0.07203112820888281,0.518,0.5
supermat,pond,Probe,500,prior_shift,96,1.0,0.20875481386211034,0.552,0.5
supermat,pond,Probe,500,prior_shift,97,1.0,-0.008000042667076279,0.498,0.5
supermat,pond,Probe,500,prior_shift,98,1.0,-0.12817519342399752,0.468,0.5
supermat,pond,Probe,500,prior_shift,99,1.0,-0.29001579579800113,0.428,0.5
supermat,pond,NTP,500,prior_shift,0,1.0,-0.2655495441027781,0.434,0.5
supermat,pond,NTP,500,prior_shift,1,1.0,-0.4473122180436648,0.39,0.5
supermat,pond,NTP,500,prior_shift,2,1.0,-0.12014431184206335,0.47,0.5
supermat,pond,NTP,500,prior_shift,3,1.0,-0.9444616088408512,0.28,0.5
supermat,pond,NTP,500,prior_shift,4,1.0,0.3557035985491004,0.588,0.5
supermat,pond,NTP,500,prior_shift,5,1.0,-0.46415755868231157,0.386,0.5
supermat,pond,NTP,500,prior_shift,6,1.0,-0.3805261597609122,0.406,0.5
supermat,pond,NTP,500,prior_shift,7,1.0,0.008000042667076279,0.502,0.5
supermat,pond,NTP,500,prior_shift,8,1.0,-0.13621020483454888,0.466,0.5
supermat,pond,NTP,500,prior_shift,9,1.0,-0.46415755868231157,0.386,0.5
supermat,pond,NTP,500,prior_shift,10,1.0,-0.24116205681688807,0.44,0.5
supermat,pond,NTP,500,prior_shift,11,1.0,-0.02400115209954306,0.494,0.5
supermat,pond,NTP,500,prior_shift,12,1.0,-0.47260441094579286,0.384,0.5
supermat,pond,NTP,500,prior_shift,13,1.0,-0.0800427076735365,0.48,0.5
supermat,pond,NTP,500,prior_shift,14,1.0,-0.5753641449035619,0.36,0.5
supermat,pond,NTP,500,prior_shift,15,1.0,0.1845217777035572,0.546,0.5
supermat,pond,NTP,500,prior_shift,16,1.0,-0.04000533461369919,0.49,0.5
supermat,pond,NTP,500,prior_shift,17,1.0,-0.5753641449035619,0.36,0.5
supermat,pond,NTP,500,prior_shift,18,1.0,-0.31456855463636574,0.422,0.5
supermat,pond,NTP,500,prior_shift,19,1.0,-0.4054651081081643,0.4,0.5
supermat,pond,NTP,500,prior_shift,20,1.0,-0.0800427076735365,0.48,0.5
supermat,pond,NTP,500,prior_shift,21,1.0,-0.7354495602506347,0.324,0.5
supermat,pond,NTP,500,prior_shift,22,1.0,0.04000533461369919,0.51,0.5
supermat,pond,NTP,500,prior_shift,23,1.0,-0.5927679952523233,0.356,0.5
supermat,pond,NTP,500,prior_shift,24,1.0,-0.07203112820888281,0.482,0.5
supermat,pond,NTP,500,prior_shift,25,1.0,-0.31456855463636574,0.422,0.5
supermat,pond,NTP,500,prior_shift,26,1.0,-0.31456855463636574,0.422,0.5
supermat,pond,NTP,500,prior_shift,27,1.0,-0.5753641449035619,0.36,0.5
supermat,pond,NTP,500,prior_shift,28,1.0,-0.20875481386211012,0.448,0.5
supermat,pond,NTP,500,prior_shift,29,1.0,-0.2574120081490246,0.436,0.5
supermat,pond,NTP,500,prior_shift,30,1.0,0.09607383008962224,0.524,0.5
supermat,pond,NTP,500,prior_shift,31,1.0,-0.6811709895132295,0.336,0.5
supermat,pond,NTP,500,prior_shift,32,1.0,-0.30637420546393357,0.424,0.5
supermat,pond,NTP,500,prior_shift,33,1.0,-0.43891304217570437,0.392,0.5
supermat,pond,NTP,500,prior_shift,34,1.0,-0.2655495441027781,0.434,0.5
supermat,pond,NTP,500,prior_shift,35,1.0,-0.4895482253187058,0.38,0.5
supermat,pond,NTP,500,prior_shift,36,1.0,0.10409389104263346,0.526,0.5
supermat,pond,NTP,500,prior_shift,37,1.0,-0.4305290767713806,0.394,0.5
supermat,pond,NTP,500,prior_shift,38,1.0,-0.1925931071157843,0.452,0.5
supermat,pond,NTP,500,prior_shift,39,1.0,-0.6278420821521787,0.348,0.5
supermat,pond,NTP,500,prior_shift,40,1.0,-0.12817519342399752,0.468,0.5
supermat,pond,NTP,500,prior_shift,41,1.0,-0.2655495441027781,0.434,0.5
supermat,pond,NTP,500,prior_shift,42,1.0,-0.32277339226305113,0.42,0.5
supermat,pond,NTP,500,prior_shift,43,1.0,0.12014431184206335,0.53,0.5
supermat,pond,NTP,500,prior_shift,44,1.0,-0.5236463121950521,0.372,0.5
supermat,pond,NTP,500,prior_shift,45,1.0,0.2574120081490244,0.564,0.5
supermat,pond,NTP,500,prior_shift,46,1.0,-0.2574120081490246,0.436,0.5
supermat,pond,NTP,500,prior_shift,47,1.0,-0.38882578910419957,0.404,0.5
supermat,pond,NTP,500,prior_shift,48,1.0,-0.4305290767713806,0.394,0.5
supermat,pond,NTP,500,prior_shift,49,1.0,-0.5927679952523233,0.356,0.5
supermat,pond,NTP,500,prior_shift,50,1.0,-0.37223946047984413,0.408,0.5
supermat,pond,NTP,500,prior_shift,51,1.0,-0.1522936690800455,0.462,0.5
supermat,pond,NTP,500,prior_shift,52,1.0,-0.1925931071157843,0.452,0.5
supermat,pond,NTP,500,prior_shift,53,1.0,-0.2330490803036128,0.442,0.5
supermat,pond,NTP,500,prior_shift,54,1.0,-0.28185115214098777,0.43,0.5
supermat,pond,NTP,500,prior_shift,55,1.0,-0.3805261597609122,0.406,0.5
supermat,pond,NTP,500,prior_shift,56,1.0,-0.30637420546393357,0.424,0.5
supermat,pond,NTP,500,prior_shift,57,1.0,-0.016000341346441148,0.496,0.5
supermat,pond,NTP,500,prior_shift,58,1.0,-0.46415755868231157,0.386,0.5
supermat,pond,NTP,500,prior_shift,59,1.0,-0.2006706954621511,0.45,0.5
supermat,pond,NTP,500,prior_shift,60,1.0,-0.28185115214098777,0.43,0.5
supermat,pond,NTP,500,prior_shift,61,1.0,-0.12817519342399752,0.468,0.5
supermat,pond,NTP,500,prior_shift,62,1.0,-0.5580446957033816,0.364,0.5
supermat,pond,NTP,500,prior_shift,63,1.0,-0.0800427076735365,0.48,0.5
supermat,pond,NTP,500,prior_shift,64,1.0,-0.048009219186360655,0.488,0.5
supermat,pond,NTP,500,prior_shift,65,1.0,-0.184521777703557,0.454,0.5
supermat,pond,NTP,500,prior_shift,66,1.0,-0.29819005005019605,0.426,0.5
supermat,pond,NTP,500,prior_shift,67,1.0,0.07203112820888281,0.518,0.5
supermat,pond,NTP,500,prior_shift,68,1.0,-0.41380544002438324,0.398,0.5
supermat,pond,NTP,500,prior_shift,69,1.0,0.008000042667076279,0.502,0.5
supermat,pond,NTP,500,prior_shift,70,1.0,-0.28185115214098777,0.43,0.5
supermat,pond,NTP,500,prior_shift,71,1.0,-0.5927679952523233,0.356,0.5
supermat,pond,NTP,500,prior_shift,72,1.0,0.016000341346441148,0.504,0.5
supermat,pond,NTP,500,prior_shift,73,1.0,-0.27369583047704105,0.432,0.5
supermat,pond,NTP,500,prior_shift,74,1.0,-0.38882578910419957,0.404,0.5
supermat,pond,NTP,500,prior_shift,75,1.0,0.12014431184206335,0.53,0.5
supermat,pond,NTP,500,prior_shift,76,1.0,-0.3971386653316106,0.402,0.5
supermat,pond,NTP,500,prior_shift,77,1.0,-0.04000533461369919,0.49,0.5
supermat,pond,NTP,500,prior_shift,78,1.0,-0.07203112820888281,0.482,0.5
supermat,pond,NTP,500,prior_shift,79,1.0,-0.37223946047984413,0.408,0.5
supermat,pond,NTP,500,prior_shift,80,1.0,0.1522936690800457,0.538,0.5
supermat,pond,NTP,500,prior_shift,81,1.0,0.31456855463636546,0.578,0.5
supermat,pond,NTP,500,prior_shift,82,1.0,-0.5322168137473082,0.37,0.5
supermat,pond,NTP,500,prior_shift,83,1.0,-0.30637420546393357,0.424,0.5
supermat,pond,NTP,500,prior_shift,84,1.0,-0.184521777703557,0.454,0.5
supermat,pond,NTP,500,prior_shift,85,1.0,0.26554954410277787,0.566,0.5
supermat,pond,NTP,500,prior_shift,86,1.0,-0.29001579579800113,0.428,0.5
supermat,pond,NTP,500,prior_shift,87,1.0,-0.2330490803036128,0.442,0.5
supermat,pond,NTP,500,prior_shift,88,1.0,-0.584055317289261,0.358,0.5
supermat,pond,NTP,500,prior_shift,89,1.0,-0.33098901520668156,0.418,0.5
supermat,pond,NTP,500,prior_shift,90,1.0,-0.4557269428890526,0.388,0.5
supermat,pond,NTP,500,prior_shift,91,1.0,-0.20875481386211012,0.448,0.5
supermat,pond,NTP,500,prior_shift,92,1.0,-0.6811709895132295,0.336,0.5
supermat,pond,NTP,500,prior_shift,93,1.0,-0.5666940715190188,0.362,0.5
supermat,pond,NTP,500,prior_shift,94,1.0,-0.184521777703557,0.454,0.5
supermat,pond,NTP,500,prior_shift,95,1.0,0.07203112820888281,0.518,0.5
supermat,pond,NTP,500,prior_shift,96,1.0,0.20875481386211034,0.552,0.5
supermat,pond,NTP,500,prior_shift,97,1.0,-0.008000042667076279,0.498,0.5
supermat,pond,NTP,500,prior_shift,98,1.0,-0.12817519342399752,0.468,0.5
supermat,pond,NTP,500,prior_shift,99,1.0,-0.29001579579800113,0.428,0.5
supermat,pond,Probe,1000,prior_shift,0,1.0,-0.33098901520668156,0.418,0.5
supermat,pond,Probe,1000,prior_shift,1,1.0,-0.45151761555314895,0.389,0.5
supermat,pond,Probe,1000,prior_shift,2,1.0,-0.016000341346441148,0.496,0.5
supermat,pond,Probe,1000,prior_shift,3,1.0,-0.871222446472449,0.295,0.5
supermat,pond,Probe,1000,prior_shift,4,1.0,0.3063742054639333,0.576,0.5
supermat,pond,Probe,1000,prior_shift,5,1.0,-0.43471917919023695,0.393,0.5
supermat,pond,Probe,1000,prior_shift,6,1.0,-0.40130017080888003,0.401,0.5
supermat,pond,Probe,1000,prior_shift,7,1.0,0.03200273108617381,0.508,0.5
supermat,pond,Probe,1000,prior_shift,8,1.0,-0.24116205681688807,0.44,0.5
supermat,pond,Probe,1000,prior_shift,9,1.0,-0.4054651081081643,0.4,0.5
supermat,pond,Probe,1000,prior_shift,10,1.0,-0.22494373181835758,0.444,0.5
supermat,pond,Probe,1000,prior_shift,11,1.0,-0.01200014400311049,0.497,0.5
supermat,pond,Probe,1000,prior_shift,12,1.0,-0.5065612249795332,0.376,0.5
supermat,pond,Probe,1000,prior_shift,13,1.0,0.01200014400311049,0.503,0.5
supermat,pond,Probe,1000,prior_shift,14,1.0,-0.5023013313394424,0.377,0.5
supermat,pond,Probe,1000,prior_shift,15,1.0,0.1764564373415567,0.544,0.5
supermat,pond,Probe,1000,prior_shift,16,1.0,-0.16034265007517928,0.46,0.5
supermat,pond,Probe,1000,prior_shift,17,1.0,-0.5971325273203567,0.355,0.5
supermat,pond,Probe,1000,prior_shift,18,1.0,-0.23710459770825315,0.441,0.5
supermat,pond,Probe,1000,prior_shift,19,1.0,-0.3515772268670638,0.413,0.5
supermat,pond,Probe,1000,prior_shift,20,1.0,0.21279940690876614,0.553,0.5
supermat,pond,Probe,1000,prior_shift,21,1.0,-0.6946475559351798,0.333,0.5
supermat,pond,Probe,1000,prior_shift,22,1.0,0.1362102048345491,0.534,0.5
supermat,pond,Probe,1000,prior_shift,23,1.0,-0.7036656847511654,0.331,0.5
supermat,pond,Probe,1000,prior_shift,24,1.0,0.09607383008962224,0.524,0.5
supermat,pond,Probe,1000,prior_shift,25,1.0,-0.36396537720141175,0.41,0.5
supermat,pond,Probe,1000,prior_shift,26,1.0,-0.184521777703557,0.454,0.5
supermat,pond,Probe,1000,prior_shift,27,1.0,-0.5193681209891052,0.373,0.5
supermat,pond,Probe,1000,prior_shift,28,1.0,-0.2006706954621511,0.45,0.5
supermat,pond,Probe,1000,prior_shift,29,1.0,-0.15631752791234854,0.461,0.5
supermat,pond,Probe,1000,prior_shift,30,1.0,0.2411620568168883,0.56,0.5
supermat,pond,Probe,1000,prior_shift,31,1.0,-0.5150945736855665,0.374,0.5
supermat,pond,Probe,1000,prior_shift,32,1.0,-0.184521777703557,0.454,0.5
supermat,pond,Probe,1000,prior_shift,33,1.0,-0.28185115214098777,0.43,0.5
supermat,pond,Probe,1000,prior_shift,34,1.0,-0.184521777703557,0.454,0.5
supermat,pond,Probe,1000,prior_shift,35,1.0,-0.20875481386211012,0.448,0.5
supermat,pond,Probe,1000,prior_shift,36,1.0,-0.10409389104263346,0.474,0.5
supermat,pond,Probe,1000,prior_shift,37,1.0,-0.37223946047984413,0.408,0.5
supermat,pond,Probe,1000,prior_shift,38,1.0,-0.37638121355513054,0.407,0.5
supermat,pond,Probe,1000,prior_shift,39,1.0,-0.6632942174102641,0.34,0.5
supermat,pond,Probe,1000,prior_shift,40,1.0,-0.12415925279565958,0.469,0.5
supermat,pond,Probe,1000,prior_shift,41,1.0,-0.2006706954621511,0.45,0.5
supermat,pond,Probe,1000,prior_shift,42,1.0,-0.19663110200685224,0.451,0.5
supermat,pond,Probe,1000,prior_shift,43,1.0,0.1804883757122938,0.545,0.5
supermat,pond,Probe,1000,prior_shift,44,1.0,-0.4937948768510524,0.379,0.5
supermat,pond,Probe,1000,prior_shift,45,1.0,0.10810516004942947,0.527,0.5
supermat,pond,Probe,1000,prior_shift,46,1.0,-0.3805261597609122,0.406,0.5
supermat,pond,Probe,1000,prior_shift,47,1.0,-0.2614797000577569,0.435,0.5
supermat,pond,Probe,1000,prior_shift,48,1.0,-0.37223946047984413,0.408,0.5
supermat,pond,Probe,1000,prior_shift,49,1.0,-0.5666940715190188,0.362,0.5
supermat,pond,Probe,1000,prior_shift,50,1.0,-0.33098901520668156,0.418,0.5
supermat,pond,Probe,1000,prior_shift,51,1.0,-0.10008345855698263,0.475,0.5
supermat,pond,Probe,1000,prior_shift,52,1.0,-0.1522936690800455,0.462,0.5
supermat,pond,Probe,1000,prior_shift,53,1.0,-0.2330490803036128,0.442,0.5
supermat,pond,Probe,1000,prior_shift,54,1.0,-0.2941017034861151,0.427,0.5
supermat,pond,Probe,1000,prior_shift,55,1.0,-0.17645643734155647,0.456,0.5
supermat,pond,Probe,1000,prior_shift,56,1.0,-0.2533464330441002,0.437,0.5
supermat,pond,Probe,1000,prior_shift,57,1.0,-0.08805685539118283,0.478,0.5
supermat,pond,Probe,1000,prior_shift,58,1.0,-0.5322168137473082,0.37,0.5
supermat,pond,Probe,1000,prior_shift,59,1.0,-0.36810086136329656,0.409,0.5
supermat,pond,Probe,1000,prior_shift,60,1.0,-0.31047008746182164,0.423,0.5
supermat,pond,Probe,1000,prior_shift,61,1.0,0.04000533461369919,0.51,0.5
supermat,pond,Probe,1000,prior_shift,62,1.0,-0.584055317289261,0.358,0.5
supermat,pond,Probe,1000,prior_shift,63,1.0,-0.09607383008962224,0.476,0.5
supermat,pond,Probe,1000,prior_shift,64,1.0,-0.15631752791234854,0.461,0.5
supermat,pond,Probe,1000,prior_shift,65,1.0,-0.22899546988214836,0.443,0.5
supermat,pond,Probe,1000,prior_shift,66,1.0,-0.335100964551691,0.417,0.5
supermat,pond,Probe,1000,prior_shift,67,1.0,-0.03200273108617381,0.492,0.5
supermat,pond,Probe,1000,prior_shift,68,1.0,-0.6146464932382243,0.351,0.5
supermat,pond,Probe,1000,prior_shift,69,1.0,0.048009219186360655,0.512,0.5
supermat,pond,Probe,1000,prior_shift,70,1.0,-0.1804883757122936,0.455,0.5
supermat,pond,Probe,1000,prior_shift,71,1.0,-0.5108256237659907,0.375,0.5
supermat,pond,Probe,1000,prior_shift,72,1.0,-0.060018009726253,0.485,0.5
supermat,pond,Probe,1000,prior_shift,73,1.0,-0.26962157572526224,0.433,0.5
supermat,pond,Probe,1000,prior_shift,74,1.0,-0.38882578910419957,0.404,0.5
supermat,pond,Probe,1000,prior_shift,75,1.0,0.16034265007517953,0.54,0.5
supermat,pond,Probe,1000,prior_shift,76,1.0,-0.34333332700115826,0.415,0.5
supermat,pond,Probe,1000,prior_shift,77,1.0,-0.13621020483454888,0.466,0.5
supermat,pond,Probe,1000,prior_shift,78,1.0,0.004000005333346137,0.501,0.5
supermat,pond,Probe,1000,prior_shift,79,1.0,-0.584055317289261,0.358,0.5
supermat,pond,Probe,1000,prior_shift,80,1.0,0.16436906878593652,0.541,0.5
supermat,pond,Probe,1000,prior_shift,81,1.0,0.2411620568168883,0.56,0.5
supermat,pond,Probe,1000,prior_shift,82,1.0,-0.5710264960446539,0.361,0.5
supermat,pond,Probe,1000,prior_shift,83,1.0,-0.18855667693894712,0.453,0.5
supermat,pond,Probe,1000,prior_shift,84,1.0,-0.1482710404226305,0.463,0.5
supermat,pond,Probe,1000,prior_shift,85,1.0,0.24928293951724517,0.562,0.5
supermat,pond,Probe,1000,prior_shift,86,1.0,-0.3515772268670638,0.413,0.5
supermat,pond,Probe,1000,prior_shift,87,1.0,-0.11613033784188173,0.471,0.5
supermat,pond,Probe,1000,prior_shift,88,1.0,-0.4810678488511156,0.382,0.5
supermat,pond,Probe,1000,prior_shift,89,1.0,-0.5322168137473082,0.37,0.5
supermat,pond,Probe,1000,prior_shift,90,1.0,-0.6278420821521787,0.348,0.5
supermat,pond,Probe,1000,prior_shift,91,1.0,-0.17645643734155647,0.456,0.5
supermat,pond,Probe,1000,prior_shift,92,1.0,-0.8856902914254381,0.292,0.5
supermat,pond,Probe,1000,prior_shift,93,1.0,-0.4853058975578951,0.381,0.5
supermat,pond,Probe,1000,prior_shift,94,1.0,-0.11613033784188173,0.471,0.5
supermat,pond,Probe,1000,prior_shift,95,1.0,0.26554954410277787,0.566,0.5
supermat,pond,Probe,1000,prior_shift,96,1.0,0.14022934130865036,0.535,0.5
supermat,pond,Probe,1000,prior_shift,97,1.0,-0.004000005333346137,0.499,0.5
supermat,pond,Probe,1000,prior_shift,98,1.0,-0.06402185876493108,0.484,0.5
supermat,pond,Probe,1000,prior_shift,99,1.0,-0.22494373181835758,0.444,0.5
supermat,pond,NTP,1000,prior_shift,0,1.0,-0.33098901520668156,0.418,0.5
supermat,pond,NTP,1000,prior_shift,1,1.0,-0.45151761555314895,0.389,0.5
supermat,pond,NTP,1000,prior_shift,2,1.0,-0.016000341346441148,0.496,0.5
supermat,pond,NTP,1000,prior_shift,3,1.0,-0.871222446472449,0.295,0.5
supermat,pond,NTP,1000,prior_shift,4,1.0,0.3063742054639333,0.576,0.5
supermat,pond,NTP,1000,prior_shift,5,1.0,-0.43471917919023695,0.393,0.5
supermat,pond,NTP,1000,prior_shift,6,1.0,-0.40130017080888003,0.401,0.5
supermat,pond,NTP,1000,prior_shift,7,1.0,0.03200273108617381,0.508,0.5
supermat,pond,NTP,1000,prior_shift,8,1.0,-0.24116205681688807,0.44,0.5
supermat,pond,NTP,1000,prior_shift,9,1.0,-0.4054651081081643,0.4,0.5
supermat,pond,NTP,1000,prior_shift,10,1.0,-0.22494373181835758,0.444,0.5
supermat,pond,NTP,1000,prior_shift,11,1.0,-0.01200014400311049,0.497,0.5
supermat,pond,NTP,1000,prior_shift,12,1.0,-0.5065612249795332,0.376,0.5
supermat,pond,NTP,1000,prior_shift,13,1.0,0.01200014400311049,0.503,0.5
supermat,pond,NTP,1000,prior_shift,14,1.0,-0.5023013313394424,0.377,0.5
supermat,pond,NTP,1000,prior_shift,15,1.0,0.1764564373415567,0.544,0.5
supermat,pond,NTP,1000,prior_shift,16,1.0,-0.16034265007517928,0.46,0.5
supermat,pond,NTP,1000,prior_shift,17,1.0,-0.5971325273203567,0.355,0.5
supermat,pond,NTP,1000,prior_shift,18,1.0,-0.23710459770825315,0.441,0.5
supermat,pond,NTP,1000,prior_shift,19,1.0,-0.3515772268670638,0.413,0.5
supermat,pond,NTP,1000,prior_shift,20,1.0,0.21279940690876614,0.553,0.5
supermat,pond,NTP,1000,prior_shift,21,1.0,-0.6946475559351798,0.333,0.5
supermat,pond,NTP,1000,prior_shift,22,1.0,0.1362102048345491,0.534,0.5
supermat,pond,NTP,1000,prior_shift,23,1.0,-0.7036656847511654,0.331,0.5
supermat,pond,NTP,1000,prior_shift,24,1.0,0.09607383008962224,0.524,0.5
supermat,pond,NTP,1000,prior_shift,25,1.0,-0.36396537720141175,0.41,0.5
supermat,pond,NTP,1000,prior_shift,26,1.0,-0.184521777703557,0.454,0.5
supermat,pond,NTP,1000,prior_shift,27,1.0,-0.5193681209891052,0.373,0.5
supermat,pond,NTP,1000,prior_shift,28,1.0,-0.2006706954621511,0.45,0.5
supermat,pond,NTP,1000,prior_shift,29,1.0,-0.15631752791234854,0.461,0.5
supermat,pond,NTP,1000,prior_shift,30,1.0,0.2411620568168883,0.56,0.5
supermat,pond,NTP,1000,prior_shift,31,1.0,-0.5150945736855665,0.374,0.5
supermat,pond,NTP,1000,prior_shift,32,1.0,-0.184521777703557,0.454,0.5
supermat,pond,NTP,1000,prior_shift,33,1.0,-0.28185115214098777,0.43,0.5
supermat,pond,NTP,1000,prior_shift,34,1.0,-0.184521777703557,0.454,0.5
supermat,pond,NTP,1000,prior_shift,35,1.0,-0.20875481386211012,0.448,0.5
supermat,pond,NTP,1000,prior_shift,36,1.0,-0.10409389104263346,0.474,0.5
supermat,pond,NTP,1000,prior_shift,37,1.0,-0.37223946047984413,0.408,0.5
supermat,pond,NTP,1000,prior_shift,38,1.0,-0.37638121355513054,0.407,0.5
supermat,pond,NTP,1000,prior_shift,39,1.0,-0.6632942174102641,0.34,0.5
supermat,pond,NTP,1000,prior_shift,40,1.0,-0.12415925279565958,0.469,0.5
supermat,pond,NTP,1000,prior_shift,41,1.0,-0.2006706954621511,0.45,0.5
supermat,pond,NTP,1000,prior_shift,42,1.0,-0.19663110200685224,0.451,0.5
supermat,pond,NTP,1000,prior_shift,43,1.0,0.1804883757122938,0.545,0.5
supermat,pond,NTP,1000,prior_shift,44,1.0,-0.4937948768510524,0.379,0.5
supermat,pond,NTP,1000,prior_shift,45,1.0,0.10810516004942947,0.527,0.5
supermat,pond,NTP,1000,prior_shift,46,1.0,-0.3805261597609122,0.406,0.5
supermat,pond,NTP,1000,prior_shift,47,1.0,-0.2614797000577569,0.435,0.5
supermat,pond,NTP,1000,prior_shift,48,1.0,-0.37223946047984413,0.408,0.5
supermat,pond,NTP,1000,prior_shift,49,1.0,-0.5666940715190188,0.362,0.5
supermat,pond,NTP,1000,prior_shift,50,1.0,-0.33098901520668156,0.418,0.5
supermat,pond,NTP,1000,prior_shift,51,1.0,-0.10008345855698263,0.475,0.5
supermat,pond,NTP,1000,prior_shift,52,1.0,-0.1522936690800455,0.462,0.5
supermat,pond,NTP,1000,prior_shift,53,1.0,-0.2330490803036128,0.442,0.5
supermat,pond,NTP,1000,prior_shift,54,1.0,-0.2941017034861151,0.427,0.5
supermat,pond,NTP,1000,prior_shift,55,1.0,-0.17645643734155647,0.456,0.5
supermat,pond,NTP,1000,prior_shift,56,1.0,-0.2533464330441002,0.437,0.5
supermat,pond,NTP,1000,prior_shift,57,1.0,-0.08805685539118283,0.478,0.5
supermat,pond,NTP,1000,prior_shift,58,1.0,-0.5322168137473082,0.37,0.5
supermat,pond,NTP,1000,prior_shift,59,1.0,-0.36810086136329656,0.409,0.5
supermat,pond,NTP,1000,prior_shift,60,1.0,-0.31047008746182164,0.423,0.5
supermat,pond,NTP,1000,prior_shift,61,1.0,0.04000533461369919,0.51,0.5
supermat,pond,NTP,1000,prior_shift,62,1.0,-0.584055317289261,0.358,0.5
supermat,pond,NTP,1000,prior_shift,63,1.0,-0.09607383008962224,0.476,0.5
supermat,pond,NTP,1000,prior_shift,64,1.0,-0.15631752791234854,0.461,0.5
supermat,pond,NTP,1000,prior_shift,65,1.0,-0.22899546988214836,0.443,0.5
supermat,pond,NTP,1000,prior_shift,66,1.0,-0.335100964551691,0.417,0.5
supermat,pond,NTP,1000,prior_shift,67,1.0,-0.03200273108617381,0.492,0.5
supermat,pond,NTP,1000,prior_shift,68,1.0,-0.6146464932382243,0.351,0.5
supermat,pond,NTP,1000,prior_shift,69,1.0,0.048009219186360655,0.512,0.5
supermat,pond,NTP,1000,prior_shift,70,1.0,-0.1804883757122936,0.455,0.5
supermat,pond,NTP,1000,prior_shift,71,1.0,-0.5108256237659907,0.375,0.5
supermat,pond,NTP,1000,prior_shift,72,1.0,-0.060018009726253,0.485,0.5
supermat,pond,NTP,1000,prior_shift,73,1.0,-0.26962157572526224,0.433,0.5
supermat,pond,NTP,1000,prior_shift,74,1.0,-0.38882578910419957,0.404,0.5
supermat,pond,NTP,1000,prior_shift,75,1.0,0.16034265007517953,0.54,0.5
supermat,pond,NTP,1000,prior_shift,76,1.0,-0.34333332700115826,0.415,0.5
supermat,pond,NTP,1000,prior_shift,77,1.0,-0.13621020483454888,0.466,0.5
supermat,pond,NTP,1000,prior_shift,78,1.0,0.004000005333346137,0.501,0.5
supermat,pond,NTP,1000,prior_shift,79,1.0,-0.584055317289261,0.358,0.5
supermat,pond,NTP,1000,prior_shift,80,1.0,0.16436906878593652,0.541,0.5
supermat,pond,NTP,1000,prior_shift,81,1.0,0.2411620568168883,0.56,0.5
supermat,pond,NTP,1000,prior_shift,82,1.0,-0.5710264960446539,0.361,0.5
supermat,pond,NTP,1000,prior_shift,83,1.0,-0.18855667693894712,0.453,0.5
supermat,pond,NTP,1000,prior_shift,84,1.0,-0.1482710404226305,0.463,0.5
supermat,pond,NTP,1000,prior_shift,85,1.0,0.24928293951724517,0.562,0.5
supermat,pond,NTP,1000,prior_shift,86,1.0,-0.3515772268670638,0.413,0.5
supermat,pond,NTP,1000,prior_shift,87,1.0,-0.11613033784188173,0.471,0.5
supermat,pond,NTP,1000,prior_shift,88,1.0,-0.4810678488511156,0.382,0.5
supermat,pond,NTP,1000,prior_shift,89,1.0,-0.5322168137473082,0.37,0.5
supermat,pond,NTP,1000,prior_shift,90,1.0,-0.6278420821521787,0.348,0.5
supermat,pond,NTP,1000,prior_shift,91,1.0,-0.17645643734155647,0.456,0.5
supermat,pond,NTP,1000,prior_shift,92,1.0,-0.8856902914254381,0.292,0.5
supermat,pond,NTP,1000,prior_shift,93,1.0,-0.4853058975578951,0.381,0.5
supermat,pond,NTP,1000,prior_shift,94,1.0,-0.11613033784188173,0.471,0.5
supermat,pond,NTP,1000,prior_shift,95,1.0,0.26554954410277787,0.566,0.5
supermat,pond,NTP,1000,prior_shift,96,1.0,0.14022934130865036,0.535,0.5
supermat,pond,NTP,1000,prior_shift,97,1.0,-0.004000005333346137,0.499,0.5
supermat,pond,NTP,1000,prior_shift,98,1.0,-0.06402185876493108,0.484,0.5
supermat,pond,NTP,1000,prior_shift,99,1.0,-0.22494373181835758,0.444,0.5
supermat,nfix,Probe,10,prior_shift,0,1.0,-0.8472978603872037,0.3,0.5
supermat,nfix,Probe,10,prior_shift,1,1.0,-0.8472978603872037,0.3,0.5
supermat,nfix,Probe,10,prior_shift,2,1.0,-2.197224577336219,0.1,0.5
supermat,nfix,Probe,10,prior_shift,3,1.0,-2.197224577336219,0.1,0.5
supermat,nfix,Probe,10,prior_shift,4,1.0,-0.8472978603872037,0.3,0.5
supermat,nfix,Probe,10,prior_shift,5,1.0,-0.8472978603872037,0.3,0.5
supermat,nfix,Probe,10,prior_shift,6,1.0,-1.3862943611198906,0.2,0.5
supermat,nfix,Probe,10,prior_shift,7,1.0,-0.8472978603872037,0.3,0.5
supermat,nfix,Probe,10,prior_shift,8,1.0,-2.197224577336219,0.1,0.5
supermat,nfix,Probe,10,prior_shift,9,1.0,0.0,0.5,0.5
supermat,nfix,Probe,10,prior_shift,10,1.0,-0.8472978603872037,0.3,0.5
supermat,nfix,Probe,10,prior_shift,11,1.0,-0.4054651081081643,0.4,0.5
supermat,nfix,Probe,10,prior_shift,12,1.0,-0.4054651081081643,0.4,0.5
supermat,nfix,Probe,10,prior_shift,13,1.0,-2.197224577336219,0.1,0.5
supermat,nfix,Probe,10,prior_shift,14,1.0,-0.8472978603872037,0.3,0.5
supermat,nfix,Probe,10,prior_shift,15,1.0,-2.197224577336219,0.1,0.5
supermat,nfix,Probe,10,prior_shift,16,1.0,-0.8472978603872037,0.3,0.5
supermat,nfix,Probe,10,prior_shift,17,1.0,-1.3862943611198906,0.2,0.5
supermat,nfix,Probe,10,prior_shift,18,1.0,-0.4054651081081643,0.4,0.5
supermat,nfix,Probe,10,prior_shift,19,1.0,-1.3862943611198906,0.2,0.5
supermat,nfix,Probe,10,prior_shift,20,1.0,-0.4054651081081643,0.4,0.5
supermat,nfix,Probe,10,prior_shift,22,1.0,-2.197224577336219,0.1,0.5
supermat,nfix,Probe,10,prior_shift,23,1.0,-0.4054651081081643,0.4,0.5
supermat,nfix,Probe,10,prior_shift,24,1.0,-1.3862943611198906,0.2,0.5
supermat,nfix,Probe,10,prior_shift,25,1.0,-0.8472978603872037,0.3,0.5
supermat,nfix,Probe,10,prior_shift,26,1.0,-1.3862943611198906,0.2,0.5
supermat,nfix,Probe,10,prior_shift,27,1.0,-2.197224577336219,0.1,0.5
supermat,nfix,Probe,10,prior_shift,28,1.0,-1.3862943611198906,0.2,0.5
supermat,nfix,Probe,10,prior_shift,29,1.0,-0.8472978603872037,0.3,0.5
supermat,nfix,Probe,10,prior_shift,30,1.0,-1.3862943611198906,0.2,0.5
supermat,nfix,Probe,10,prior_shift,31,1.0,-0.8472978603872037,0.3,0.5
supermat,nfix,Probe,10,prior_shift,32,1.0,-1.3862943611198906,0.2,0.5
supermat,nfix,Probe,10,prior_shift,33,1.0,-0.4054651081081643,0.4,0.5
supermat,nfix,Probe,10,prior_shift,34,1.0,-0.8472978603872037,0.3,0.5
supermat,nfix,Probe,10,prior_shift,35,1.0,-0.4054651081081643,0.4,0.5
supermat,nfix,Probe,10,prior_shift,36,1.0,-0.4054651081081643,0.4,0.5
supermat,nfix,Probe,10,prior_shift,38,1.0,-0.8472978603872037,0.3,0.5
supermat,nfix,Probe,10,prior_shift,39,1.0,-0.4054651081081643,0.4,0.5
supermat,nfix,Probe,10,prior_shift,40,1.0,-2.197224577336219,0.1,0.5
supermat,nfix,Probe,10,prior_shift,41,1.0,-0.8472978603872037,0.3,0.5
supermat,nfix,Probe,10,prior_shift,42,1.0,-0.8472978603872037,0.3,0.5
supermat,nfix,Probe,10,prior_shift,43,1.0,0.0,0.5,0.5
supermat,nfix,Probe,10,prior_shift,44,1.0,-0.4054651081081643,0.4,0.5
supermat,nfix,Probe,10,prior_shift,45,1.0,-2.197224577336219,0.1,0.5
supermat,nfix,Probe,10,prior_shift,46,1.0,-0.8472978603872037,0.3,0.5
supermat,nfix,Probe,10,prior_shift,47,1.0,-1.3862943611198906,0.2,0.5
supermat,nfix,Probe,10,prior_shift,48,1.0,-1.3862943611198906,0.2,0.5
supermat,nfix,Probe,10,prior_shift,49,1.0,-2.197224577336219,0.1,0.5
supermat,nfix,Probe,10,prior_shift,50,1.0,0.0,0.5,0.5
supermat,nfix,Probe,10,prior_shift,51,1.0,-0.4054651081081643,0.4,0.5
supermat,nfix,Probe,10,prior_shift,52,1.0,-1.3862943611198906,0.2,0.5
supermat,nfix,Probe,10,prior_shift,53,1.0,2.1972245773362196,0.9,0.5
supermat,nfix,Probe,10,prior_shift,54,1.0,-0.8472978603872037,0.3,0.5
supermat,nfix,Probe,10,prior_shift,55,1.0,-2.197224577336219,0.1,0.5
supermat,nfix,Probe,10,prior_shift,56,1.0,-0.8472978603872037,0.3,0.5
supermat,nfix,Probe,10,prior_shift,57,1.0,-0.4054651081081643,0.4,0.5
supermat,nfix,Probe,10,prior_shift,58,1.0,-0.4054651081081643,0.4,0.5
supermat,nfix,Probe,10,prior_shift,59,1.0,0.4054651081081643,0.6,0.5
supermat,nfix,Probe,10,prior_shift,60,1.0,-0.8472978603872037,0.3,0.5
supermat,nfix,Probe,10,prior_shift,61,1.0,-1.3862943611198906,0.2,0.5
supermat,nfix,Probe,10,prior_shift,62,1.0,-0.8472978603872037,0.3,0.5
supermat,nfix,Probe,10,prior_shift,63,1.0,-1.3862943611198906,0.2,0.5
supermat,nfix,Probe,10,prior_shift,64,1.0,-0.8472978603872037,0.3,0.5
supermat,nfix,Probe,10,prior_shift,65,1.0,0.0,0.5,0.5
supermat,nfix,Probe,10,prior_shift,67,1.0,-1.3862943611198906,0.2,0.5
supermat,nfix,Probe,10,prior_shift,68,1.0,-1.3862943611198906,0.2,0.5
supermat,nfix,Probe,10,prior_shift,69,1.0,-1.3862943611198906,0.2,0.5
supermat,nfix,Probe,10,prior_shift,70,1.0,-2.197224577336219,0.1,0.5
supermat,nfix,Probe,10,prior_shift,71,1.0,-0.4054651081081643,0.4,0.5
supermat,nfix,Probe,10,prior_shift,72,1.0,-1.3862943611198906,0.2,0.5
supermat,nfix,Probe,10,prior_shift,73,1.0,-1.3862943611198906,0.2,0.5
supermat,nfix,Probe,10,prior_shift,74,1.0,-2.197224577336219,0.1,0.5
supermat,nfix,Probe,10,prior_shift,75,1.0,-2.197224577336219,0.1,0.5
supermat,nfix,Probe,10,prior_shift,76,1.0,-0.4054651081081643,0.4,0.5
supermat,nfix,Probe,10,prior_shift,77,1.0,-1.3862943611198906,0.2,0.5
supermat,nfix,Probe,10,prior_shift,78,1.0,-0.8472978603872037,0.3,0.5
supermat,nfix,Probe,10,prior_shift,79,1.0,-0.8472978603872037,0.3,0.5
supermat,nfix,Probe,10,prior_shift,80,1.0,-0.8472978603872037,0.3,0.5
supermat,nfix,Probe,10,prior_shift,81,1.0,-0.4054651081081643,0.4,0.5
supermat,nfix,Probe,10,prior_shift,82,1.0,-2.197224577336219,0.1,0.5
supermat,nfix,Probe,10,prior_shift,83,1.0,-0.4054651081081643,0.4,0.5
supermat,nfix,Probe,10,prior_shift,84,1.0,-0.8472978603872037,0.3,0.5
supermat,nfix,Probe,10,prior_shift,85,1.0,-0.8472978603872037,0.3,0.5
supermat,nfix,Probe,10,prior_shift,86,1.0,-1.3862943611198906,0.2,0.5
supermat,nfix,Probe,10,prior_shift,87,1.0,-1.3862943611198906,0.2,0.5
supermat,nfix,Probe,10,prior_shift,88,1.0,-0.4054651081081643,0.4,0.5
supermat,nfix,Probe,10,prior_shift,89,1.0,-0.4054651081081643,0.4,0.5
supermat,nfix,Probe,10,prior_shift,90,1.0,-0.8472978603872037,0.3,0.5
supermat,nfix,Probe,10,prior_shift,91,1.0,-1.3862943611198906,0.2,0.5
supermat,nfix,Probe,10,prior_shift,92,1.0,-0.4054651081081643,0.4,0.5
supermat,nfix,Probe,10,prior_shift,93,1.0,0.0,0.5,0.5
supermat,nfix,Probe,10,prior_shift,94,1.0,-0.8472978603872037,0.3,0.5
supermat,nfix,Probe,10,prior_shift,95,1.0,-0.4054651081081643,0.4,0.5
supermat,nfix,Probe,10,prior_shift,96,1.0,-0.8472978603872037,0.3,0.5
supermat,nfix,Probe,10,prior_shift,97,1.0,-0.4054651081081643,0.4,0.5
supermat,nfix,Probe,10,prior_shift,98,1.0,-1.3862943611198906,0.2,0.5
supermat,nfix,Probe,10,prior_shift,99,1.0,-2.197224577336219,0.1,0.5
supermat,nfix,Probe,10,prior_shift,100,1.0,-2.197224577336219,0.1,0.5
supermat,nfix,Probe,10,prior_shift,101,1.0,-2.197224577336219,0.1,0.5
supermat,nfix,Probe,10,prior_shift,102,1.0,0.0,0.5,0.5
supermat,nfix,NTP,10,prior_shift,0,1.0,-0.8472978603872037,0.3,0.5
supermat,nfix,NTP,10,prior_shift,1,1.0,-0.8472978603872037,0.3,0.5
supermat,nfix,NTP,10,prior_shift,2,1.0,-2.197224577336219,0.1,0.5
supermat,nfix,NTP,10,prior_shift,3,1.0,-2.197224577336219,0.1,0.5
supermat,nfix,NTP,10,prior_shift,4,1.0,-0.8472978603872037,0.3,0.5
supermat,nfix,NTP,10,prior_shift,5,1.0,-0.8472978603872037,0.3,0.5
supermat,nfix,NTP,10,prior_shift,6,1.0,-1.3862943611198906,0.2,0.5
supermat,nfix,NTP,10,prior_shift,7,1.0,-0.8472978603872037,0.3,0.5
supermat,nfix,NTP,10,prior_shift,8,1.0,-2.197224577336219,0.1,0.5
supermat,nfix,NTP,10,prior_shift,9,1.0,0.0,0.5,0.5
supermat,nfix,NTP,10,prior_shift,10,1.0,-0.8472978603872037,0.3,0.5
supermat,nfix,NTP,10,prior_shift,11,1.0,-0.4054651081081643,0.4,0.5
supermat,nfix,NTP,10,prior_shift,12,1.0,-0.4054651081081643,0.4,0.5
supermat,nfix,NTP,10,prior_shift,13,1.0,-2.197224577336219,0.1,0.5
supermat,nfix,NTP,10,prior_shift,14,1.0,-0.8472978603872037,0.3,0.5
supermat,nfix,NTP,10,prior_shift,15,1.0,-2.197224577336219,0.1,0.5
supermat,nfix,NTP,10,prior_shift,16,1.0,-0.8472978603872037,0.3,0.5
supermat,nfix,NTP,10,prior_shift,17,1.0,-1.3862943611198906,0.2,0.5
supermat,nfix,NTP,10,prior_shift,18,1.0,-0.4054651081081643,0.4,0.5
supermat,nfix,NTP,10,prior_shift,19,1.0,-1.3862943611198906,0.2,0.5
supermat,nfix,NTP,10,prior_shift,20,1.0,-0.4054651081081643,0.4,0.5
supermat,nfix,NTP,10,prior_shift,22,1.0,-2.197224577336219,0.1,0.5
supermat,nfix,NTP,10,prior_shift,23,1.0,-0.4054651081081643,0.4,0.5
supermat,nfix,NTP,10,prior_shift,24,1.0,-1.3862943611198906,0.2,0.5
supermat,nfix,NTP,10,prior_shift,25,1.0,-0.8472978603872037,0.3,0.5
supermat,nfix,NTP,10,prior_shift,26,1.0,-1.3862943611198906,0.2,0.5
supermat,nfix,NTP,10,prior_shift,27,1.0,-2.197224577336219,0.1,0.5
supermat,nfix,NTP,10,prior_shift,28,1.0,-1.3862943611198906,0.2,0.5
supermat,nfix,NTP,10,prior_shift,29,1.0,-0.8472978603872037,0.3,0.5
supermat,nfix,NTP,10,prior_shift,30,1.0,-1.3862943611198906,0.2,0.5
supermat,nfix,NTP,10,prior_shift,31,1.0,-0.8472978603872037,0.3,0.5
supermat,nfix,NTP,10,prior_shift,32,1.0,-1.3862943611198906,0.2,0.5
supermat,nfix,NTP,10,prior_shift,33,1.0,-0.4054651081081643,0.4,0.5
supermat,nfix,NTP,10,prior_shift,34,1.0,-0.8472978603872037,0.3,0.5
supermat,nfix,NTP,10,prior_shift,35,1.0,-0.4054651081081643,0.4,0.5
supermat,nfix,NTP,10,prior_shift,36,1.0,-0.4054651081081643,0.4,0.5
supermat,nfix,NTP,10,prior_shift,38,1.0,-0.8472978603872037,0.3,0.5
supermat,nfix,NTP,10,prior_shift,39,1.0,-0.4054651081081643,0.4,0.5
supermat,nfix,NTP,10,prior_shift,40,1.0,-2.197224577336219,0.1,0.5
supermat,nfix,NTP,10,prior_shift,41,1.0,-0.8472978603872037,0.3,0.5
supermat,nfix,NTP,10,prior_shift,42,1.0,-0.8472978603872037,0.3,0.5
supermat,nfix,NTP,10,prior_shift,43,1.0,0.0,0.5,0.5
supermat,nfix,NTP,10,prior_shift,44,1.0,-0.4054651081081643,0.4,0.5
supermat,nfix,NTP,10,prior_shift,45,1.0,-2.197224577336219,0.1,0.5
supermat,nfix,NTP,10,prior_shift,46,1.0,-0.8472978603872037,0.3,0.5
supermat,nfix,NTP,10,prior_shift,47,1.0,-1.3862943611198906,0.2,0.5
supermat,nfix,NTP,10,prior_shift,48,1.0,-1.3862943611198906,0.2,0.5
supermat,nfix,NTP,10,prior_shift,49,1.0,-2.197224577336219,0.1,0.5
supermat,nfix,NTP,10,prior_shift,50,1.0,0.0,0.5,0.5
supermat,nfix,NTP,10,prior_shift,51,1.0,-0.4054651081081643,0.4,0.5
supermat,nfix,NTP,10,prior_shift,52,1.0,-1.3862943611198906,0.2,0.5
supermat,nfix,NTP,10,prior_shift,53,1.0,2.1972245773362196,0.9,0.5
supermat,nfix,NTP,10,prior_shift,54,1.0,-0.8472978603872037,0.3,0.5
supermat,nfix,NTP,10,prior_shift,55,1.0,-2.197224577336219,0.1,0.5
supermat,nfix,NTP,10,prior_shift,56,1.0,-0.8472978603872037,0.3,0.5
supermat,nfix,NTP,10,prior_shift,57,1.0,-0.4054651081081643,0.4,0.5
supermat,nfix,NTP,10,prior_shift,58,1.0,-0.4054651081081643,0.4,0.5
supermat,nfix,NTP,10,prior_shift,59,1.0,0.4054651081081643,0.6,0.5
supermat,nfix,NTP,10,prior_shift,60,1.0,-0.8472978603872037,0.3,0.5
supermat,nfix,NTP,10,prior_shift,61,1.0,-1.3862943611198906,0.2,0.5
supermat,nfix,NTP,10,prior_shift,62,1.0,-0.8472978603872037,0.3,0.5
supermat,nfix,NTP,10,prior_shift,63,1.0,-1.3862943611198906,0.2,0.5
supermat,nfix,NTP,10,prior_shift,64,1.0,-0.8472978603872037,0.3,0.5
supermat,nfix,NTP,10,prior_shift,65,1.0,0.0,0.5,0.5
supermat,nfix,NTP,10,prior_shift,67,1.0,-1.3862943611198906,0.2,0.5
supermat,nfix,NTP,10,prior_shift,68,1.0,-1.3862943611198906,0.2,0.5
supermat,nfix,NTP,10,prior_shift,69,1.0,-1.3862943611198906,0.2,0.5
supermat,nfix,NTP,10,prior_shift,70,1.0,-2.197224577336219,0.1,0.5
supermat,nfix,NTP,10,prior_shift,71,1.0,-0.4054651081081643,0.4,0.5
supermat,nfix,NTP,10,prior_shift,72,1.0,-1.3862943611198906,0.2,0.5
supermat,nfix,NTP,10,prior_shift,73,1.0,-1.3862943611198906,0.2,0.5
supermat,nfix,NTP,10,prior_shift,74,1.0,-2.197224577336219,0.1,0.5
supermat,nfix,NTP,10,prior_shift,75,1.0,-2.197224577336219,0.1,0.5
supermat,nfix,NTP,10,prior_shift,76,1.0,-0.4054651081081643,0.4,0.5
supermat,nfix,NTP,10,prior_shift,77,1.0,-1.3862943611198906,0.2,0.5
supermat,nfix,NTP,10,prior_shift,78,1.0,-0.8472978603872037,0.3,0.5
supermat,nfix,NTP,10,prior_shift,79,1.0,-0.8472978603872037,0.3,0.5
supermat,nfix,NTP,10,prior_shift,80,1.0,-0.8472978603872037,0.3,0.5
supermat,nfix,NTP,10,prior_shift,81,1.0,-0.4054651081081643,0.4,0.5
supermat,nfix,NTP,10,prior_shift,82,1.0,-2.197224577336219,0.1,0.5
supermat,nfix,NTP,10,prior_shift,83,1.0,-0.4054651081081643,0.4,0.5
supermat,nfix,NTP,10,prior_shift,84,1.0,-0.8472978603872037,0.3,0.5
supermat,nfix,NTP,10,prior_shift,85,1.0,-0.8472978603872037,0.3,0.5
supermat,nfix,NTP,10,prior_shift,86,1.0,-1.3862943611198906,0.2,0.5
supermat,nfix,NTP,10,prior_shift,87,1.0,-1.3862943611198906,0.2,0.5
supermat,nfix,NTP,10,prior_shift,88,1.0,-0.4054651081081643,0.4,0.5
supermat,nfix,NTP,10,prior_shift,89,1.0,-0.4054651081081643,0.4,0.5
supermat,nfix,NTP,10,prior_shift,90,1.0,-0.8472978603872037,0.3,0.5
supermat,nfix,NTP,10,prior_shift,91,1.0,-1.3862943611198906,0.2,0.5
supermat,nfix,NTP,10,prior_shift,92,1.0,-0.4054651081081643,0.4,0.5
supermat,nfix,NTP,10,prior_shift,93,1.0,0.0,0.5,0.5
supermat,nfix,NTP,10,prior_shift,94,1.0,-0.8472978603872037,0.3,0.5
supermat,nfix,NTP,10,prior_shift,95,1.0,-0.4054651081081643,0.4,0.5
supermat,nfix,NTP,10,prior_shift,96,1.0,-0.8472978603872037,0.3,0.5
supermat,nfix,NTP,10,prior_shift,97,1.0,-0.4054651081081643,0.4,0.5
supermat,nfix,NTP,10,prior_shift,98,1.0,-1.3862943611198906,0.2,0.5
supermat,nfix,NTP,10,prior_shift,99,1.0,-2.197224577336219,0.1,0.5
supermat,nfix,NTP,10,prior_shift,100,1.0,-2.197224577336219,0.1,0.5
supermat,nfix,NTP,10,prior_shift,101,1.0,-2.197224577336219,0.1,0.5
supermat,nfix,NTP,10,prior_shift,102,1.0,0.0,0.5,0.5
supermat,nfix,Probe,50,prior_shift,0,1.0,-1.2656663733312759,0.22,0.5
supermat,nfix,Probe,50,prior_shift,1,1.0,-0.6632942174102641,0.34,0.5
supermat,nfix,Probe,50,prior_shift,2,1.0,-1.0459685551826876,0.26,0.5
supermat,nfix,Probe,50,prior_shift,3,1.0,-0.9444616088408512,0.28,0.5
supermat,nfix,Probe,50,prior_shift,4,1.0,-0.5753641449035619,0.36,0.5
supermat,nfix,Probe,50,prior_shift,5,1.0,-1.2656663733312759,0.22,0.5
supermat,nfix,Probe,50,prior_shift,6,1.0,-0.7537718023763801,0.32,0.5
supermat,nfix,Probe,50,prior_shift,7,1.0,-0.6632942174102641,0.34,0.5
supermat,nfix,Probe,50,prior_shift,8,1.0,-1.1526795099383855,0.24,0.5
supermat,nfix,Probe,50,prior_shift,9,1.0,-0.8472978603872037,0.3,0.5
supermat,nfix,Probe,50,prior_shift,10,1.0,-0.9444616088408512,0.28,0.5
supermat,nfix,Probe,50,prior_shift,11,1.0,-0.7537718023763801,0.32,0.5
supermat,nfix,Probe,50,prior_shift,12,1.0,-0.7537718023763801,0.32,0.5
supermat,nfix,Probe,50,prior_shift,13,1.0,-1.3862943611198906,0.2,0.5
supermat,nfix,Probe,50,prior_shift,14,1.0,-1.0459685551826876,0.26,0.5
supermat,nfix,Probe,50,prior_shift,15,1.0,-1.8152899666382492,0.14,0.5
supermat,nfix,Probe,50,prior_shift,16,1.0,-1.6582280766035322,0.16,0.5
supermat,nfix,Probe,50,prior_shift,17,1.0,-0.8472978603872037,0.3,0.5
supermat,nfix,Probe,50,prior_shift,18,1.0,-0.4054651081081643,0.4,0.5
supermat,nfix,Probe,50,prior_shift,19,1.0,-2.197224577336219,0.1,0.5
supermat,nfix,Probe,50,prior_shift,20,1.0,-1.0459685551826876,0.26,0.5
supermat,nfix,Probe,50,prior_shift,21,1.0,-0.6632942174102641,0.34,0.5
supermat,nfix,Probe,50,prior_shift,22,1.0,-1.2656663733312759,0.22,0.5
supermat,nfix,Probe,50,prior_shift,23,1.0,-1.1526795099383855,0.24,0.5
supermat,nfix,Probe,50,prior_shift,24,1.0,-1.1526795099383855,0.24,0.5
supermat,nfix,Probe,50,prior_shift,25,1.0,-0.7537718023763801,0.32,0.5
supermat,nfix,Probe,50,prior_shift,26,1.0,-0.8472978603872037,0.3,0.5
supermat,nfix,Probe,50,prior_shift,27,1.0,-1.2656663733312759,0.22,0.5
supermat,nfix,Probe,50,prior_shift,28,1.0,-1.1526795099383855,0.24,0.5
supermat,nfix,Probe,50,prior_shift,29,1.0,-0.6632942174102641,0.34,0.5
supermat,nfix,Probe,50,prior_shift,30,1.0,-0.7537718023763801,0.32,0.5
supermat,nfix,Probe,50,prior_shift,31,1.0,-0.9444616088408512,0.28,0.5
supermat,nfix,Probe,50,prior_shift,32,1.0,-1.6582280766035322,0.16,0.5
supermat,nfix,Probe,50,prior_shift,33,1.0,-1.1526795099383855,0.24,0.5
supermat,nfix,Probe,50,prior_shift,34,1.0,-1.1526795099383855,0.24,0.5
supermat,nfix,Probe,50,prior_shift,35,1.0,-1.1526795099383855,0.24,0.5
supermat,nfix,Probe,50,prior_shift,36,1.0,-0.9444616088408512,0.28,0.5
supermat,nfix,Probe,50,prior_shift,37,1.0,-1.0459685551826876,0.26,0.5
supermat,nfix,Probe,50,prior_shift,38,1.0,-1.1526795099383855,0.24,0.5
supermat,nfix,Probe,50,prior_shift,39,1.0,-0.6632942174102641,0.34,0.5
supermat,nfix,Probe,50,prior_shift,40,1.0,-1.8152899666382492,0.14,0.5
supermat,nfix,Probe,50,prior_shift,41,1.0,-1.1526795099383855,0.24,0.5
supermat,nfix,Probe,50,prior_shift,42,1.0,-1.3862943611198906,0.2,0.5
supermat,nfix,Probe,50,prior_shift,43,1.0,-1.5163474893680886,0.18,0.5
supermat,nfix,Probe,50,prior_shift,44,1.0,-0.7537718023763801,0.32,0.5
supermat,nfix,Probe,50,prior_shift,45,1.0,-1.1526795099383855,0.24,0.5
supermat,nfix,Probe,50,prior_shift,46,1.0,-1.2656663733312759,0.22,0.5
supermat,nfix,Probe,50,prior_shift,47,1.0,-0.5753641449035619,0.36,0.5
supermat,nfix,Probe,50,prior_shift,48,1.0,-1.2656663733312759,0.22,0.5
supermat,nfix,Probe,50,prior_shift,49,1.0,-1.3862943611198906,0.2,0.5
supermat,nfix,Probe,50,prior_shift,50,1.0,-0.5753641449035619,0.36,0.5
supermat,nfix,Probe,50,prior_shift,51,1.0,-1.5163474893680886,0.18,0.5
supermat,nfix,Probe,50,prior_shift,52,1.0,-0.9444616088408512,0.28,0.5
supermat,nfix,Probe,50,prior_shift,53,1.0,-1.0459685551826876,0.26,0.5
supermat,nfix,Probe,50,prior_shift,54,1.0,-1.5163474893680886,0.18,0.5
supermat,nfix,Probe,50,prior_shift,55,1.0,-1.3862943611198906,0.2,0.5
supermat,nfix,Probe,50,prior_shift,56,1.0,-1.6582280766035322,0.16,0.5
supermat,nfix,Probe,50,prior_shift,57,1.0,-0.6632942174102641,0.34,0.5
supermat,nfix,Probe,50,prior_shift,58,1.0,-0.4895482253187058,0.38,0.5
supermat,nfix,Probe,50,prior_shift,59,1.0,-0.9444616088408512,0.28,0.5
supermat,nfix,Probe,50,prior_shift,60,1.0,-1.0459685551826876,0.26,0.5
supermat,nfix,Probe,50,prior_shift,61,1.0,-0.5753641449035619,0.36,0.5
supermat,nfix,Probe,50,prior_shift,62,1.0,-0.7537718023763801,0.32,0.5
supermat,nfix,Probe,50,prior_shift,63,1.0,-0.8472978603872037,0.3,0.5
supermat,nfix,Probe,50,prior_shift,64,1.0,-1.9924301646902063,0.12,0.5
supermat,nfix,Probe,50,prior_shift,65,1.0,-0.9444616088408512,0.28,0.5
supermat,nfix,Probe,50,prior_shift,66,1.0,-1.0459685551826876,0.26,0.5
supermat,nfix,Probe,50,prior_shift,67,1.0,-0.9444616088408512,0.28,0.5
supermat,nfix,Probe,50,prior_shift,68,1.0,-1.2656663733312759,0.22,0.5
supermat,nfix,Probe,50,prior_shift,69,1.0,-0.6632942174102641,0.34,0.5
supermat,nfix,Probe,50,prior_shift,70,1.0,-0.9444616088408512,0.28,0.5
supermat,nfix,Probe,50,prior_shift,71,1.0,-0.7537718023763801,0.32,0.5
supermat,nfix,Probe,50,prior_shift,72,1.0,-1.0459685551826876,0.26,0.5
supermat,nfix,Probe,50,prior_shift,73,1.0,-0.9444616088408512,0.28,0.5
supermat,nfix,Probe,50,prior_shift,74,1.0,-1.9924301646902063,0.12,0.5
supermat,nfix,Probe,50,prior_shift,75,1.0,-1.2656663733312759,0.22,0.5
supermat,nfix,Probe,50,prior_shift,76,1.0,-0.7537718023763801,0.32,0.5
supermat,nfix,Probe,50,prior_shift,77,1.0,-1.5163474893680886,0.18,0.5
supermat,nfix,Probe,50,prior_shift,78,1.0,-0.7537718023763801,0.32,0.5
supermat,nfix,Probe,50,prior_shift,79,1.0,-0.8472978603872037,0.3,0.5
supermat,nfix,Probe,50,prior_shift,80,1.0,-0.9444616088408512,0.28,0.5
supermat,nfix,Probe,50,prior_shift,81,1.0,-0.4895482253187058,0.38,0.5
supermat,nfix,Probe,50,prior_shift,82,1.0,-1.3862943611198906,0.2,0.5
supermat,nfix,Probe,50,prior_shift,83,1.0,-1.1526795099383855,0.24,0.5
supermat,nfix,Probe,50,prior_shift,84,1.0,-1.5163474893680886,0.18,0.5
supermat,nfix,Probe,50,prior_shift,85,1.0,-0.6632942174102641,0.34,0.5
supermat,nfix,Probe,50,prior_shift,86,1.0,-1.0459685551826876,0.26,0.5
supermat,nfix,Probe,50,prior_shift,87,1.0,-1.2656663733312759,0.22,0.5
supermat,nfix,Probe,50,prior_shift,88,1.0,-1.1526795099383855,0.24,0.5
supermat,nfix,Probe,50,prior_shift,89,1.0,-0.8472978603872037,0.3,0.5
supermat,nfix,Probe,50,prior_shift,90,1.0,-0.9444616088408512,0.28,0.5
supermat,nfix,Probe,50,prior_shift,91,1.0,-0.8472978603872037,0.3,0.5
supermat,nfix,Probe,50,prior_shift,92,1.0,-2.197224577336219,0.1,0.5
supermat,nfix,Probe,50,prior_shift,93,1.0,-0.9444616088408512,0.28,0.5
supermat,nfix,Probe,50,prior_shift,94,1.0,-1.0459685551826876,0.26,0.5
supermat,nfix,Probe,50,prior_shift,95,1.0,-1.3862943611198906,0.2,0.5
supermat,nfix,Probe,50,prior_shift,96,1.0,-0.9444616088408512,0.28,0.5
supermat,nfix,Probe,50,prior_shift,97,1.0,-0.8472978603872037,0.3,0.5
supermat,nfix,Probe,50,prior_shift,98,1.0,-0.8472978603872037,0.3,0.5
supermat,nfix,Probe,50,prior_shift,99,1.0,-1.0459685551826876,0.26,0.5
supermat,nfix,NTP,50,prior_shift,0,1.0,-1.2656663733312759,0.22,0.5
supermat,nfix,NTP,50,prior_shift,1,1.0,-0.6632942174102641,0.34,0.5
supermat,nfix,NTP,50,prior_shift,2,1.0,-1.0459685551826876,0.26,0.5
supermat,nfix,NTP,50,prior_shift,3,1.0,-0.9444616088408512,0.28,0.5
supermat,nfix,NTP,50,prior_shift,4,1.0,-0.5753641449035619,0.36,0.5
supermat,nfix,NTP,50,prior_shift,5,1.0,-1.2656663733312759,0.22,0.5
supermat,nfix,NTP,50,prior_shift,6,1.0,-0.7537718023763801,0.32,0.5
supermat,nfix,NTP,50,prior_shift,7,1.0,-0.6632942174102641,0.34,0.5
supermat,nfix,NTP,50,prior_shift,8,1.0,-1.1526795099383855,0.24,0.5
supermat,nfix,NTP,50,prior_shift,9,1.0,-0.8472978603872037,0.3,0.5
supermat,nfix,NTP,50,prior_shift,10,1.0,-0.9444616088408512,0.28,0.5
supermat,nfix,NTP,50,prior_shift,11,1.0,-0.7537718023763801,0.32,0.5
supermat,nfix,NTP,50,prior_shift,12,1.0,-0.7537718023763801,0.32,0.5
supermat,nfix,NTP,50,prior_shift,13,1.0,-1.3862943611198906,0.2,0.5
supermat,nfix,NTP,50,prior_shift,14,1.0,-1.0459685551826876,0.26,0.5
supermat,nfix,NTP,50,prior_shift,15,1.0,-1.8152899666382492,0.14,0.5
supermat,nfix,NTP,50,prior_shift,16,1.0,-1.6582280766035322,0.16,0.5
supermat,nfix,NTP,50,prior_shift,17,1.0,-0.8472978603872037,0.3,0.5
supermat,nfix,NTP,50,prior_shift,18,1.0,-0.4054651081081643,0.4,0.5
supermat,nfix,NTP,50,prior_shift,19,1.0,-2.197224577336219,0.1,0.5
supermat,nfix,NTP,50,prior_shift,20,1.0,-1.0459685551826876,0.26,0.5
supermat,nfix,NTP,50,prior_shift,21,1.0,-0.6632942174102641,0.34,0.5
supermat,nfix,NTP,50,prior_shift,22,1.0,-1.2656663733312759,0.22,0.5
supermat,nfix,NTP,50,prior_shift,23,1.0,-1.1526795099383855,0.24,0.5
supermat,nfix,NTP,50,prior_shift,24,1.0,-1.1526795099383855,0.24,0.5
supermat,nfix,NTP,50,prior_shift,25,1.0,-0.7537718023763801,0.32,0.5
supermat,nfix,NTP,50,prior_shift,26,1.0,-0.8472978603872037,0.3,0.5
supermat,nfix,NTP,50,prior_shift,27,1.0,-1.2656663733312759,0.22,0.5
supermat,nfix,NTP,50,prior_shift,28,1.0,-1.1526795099383855,0.24,0.5
supermat,nfix,NTP,50,prior_shift,29,1.0,-0.6632942174102641,0.34,0.5
supermat,nfix,NTP,50,prior_shift,30,1.0,-0.7537718023763801,0.32,0.5
supermat,nfix,NTP,50,prior_shift,31,1.0,-0.9444616088408512,0.28,0.5
supermat,nfix,NTP,50,prior_shift,32,1.0,-1.6582280766035322,0.16,0.5
supermat,nfix,NTP,50,prior_shift,33,1.0,-1.1526795099383855,0.24,0.5
supermat,nfix,NTP,50,prior_shift,34,1.0,-1.1526795099383855,0.24,0.5
supermat,nfix,NTP,50,prior_shift,35,1.0,-1.1526795099383855,0.24,0.5
supermat,nfix,NTP,50,prior_shift,36,1.0,-0.9444616088408512,0.28,0.5
supermat,nfix,NTP,50,prior_shift,37,1.0,-1.0459685551826876,0.26,0.5
supermat,nfix,NTP,50,prior_shift,38,1.0,-1.1526795099383855,0.24,0.5
supermat,nfix,NTP,50,prior_shift,39,1.0,-0.6632942174102641,0.34,0.5
supermat,nfix,NTP,50,prior_shift,40,1.0,-1.8152899666382492,0.14,0.5
supermat,nfix,NTP,50,prior_shift,41,1.0,-1.1526795099383855,0.24,0.5
supermat,nfix,NTP,50,prior_shift,42,1.0,-1.3862943611198906,0.2,0.5
supermat,nfix,NTP,50,prior_shift,43,1.0,-1.5163474893680886,0.18,0.5
supermat,nfix,NTP,50,prior_shift,44,1.0,-0.7537718023763801,0.32,0.5
supermat,nfix,NTP,50,prior_shift,45,1.0,-1.1526795099383855,0.24,0.5
supermat,nfix,NTP,50,prior_shift,46,1.0,-1.2656663733312759,0.22,0.5
supermat,nfix,NTP,50,prior_shift,47,1.0,-0.5753641449035619,0.36,0.5
supermat,nfix,NTP,50,prior_shift,48,1.0,-1.2656663733312759,0.22,0.5
supermat,nfix,NTP,50,prior_shift,49,1.0,-1.3862943611198906,0.2,0.5
supermat,nfix,NTP,50,prior_shift,50,1.0,-0.5753641449035619,0.36,0.5
supermat,nfix,NTP,50,prior_shift,51,1.0,-1.5163474893680886,0.18,0.5
supermat,nfix,NTP,50,prior_shift,52,1.0,-0.9444616088408512,0.28,0.5
supermat,nfix,NTP,50,prior_shift,53,1.0,-1.0459685551826876,0.26,0.5
supermat,nfix,NTP,50,prior_shift,54,1.0,-1.5163474893680886,0.18,0.5
supermat,nfix,NTP,50,prior_shift,55,1.0,-1.3862943611198906,0.2,0.5
supermat,nfix,NTP,50,prior_shift,56,1.0,-1.6582280766035322,0.16,0.5
supermat,nfix,NTP,50,prior_shift,57,1.0,-0.6632942174102641,0.34,0.5
supermat,nfix,NTP,50,prior_shift,58,1.0,-0.4895482253187058,0.38,0.5
supermat,nfix,NTP,50,prior_shift,59,1.0,-0.9444616088408512,0.28,0.5
supermat,nfix,NTP,50,prior_shift,60,1.0,-1.0459685551826876,0.26,0.5
supermat,nfix,NTP,50,prior_shift,61,1.0,-0.5753641449035619,0.36,0.5
supermat,nfix,NTP,50,prior_shift,62,1.0,-0.7537718023763801,0.32,0.5
supermat,nfix,NTP,50,prior_shift,63,1.0,-0.8472978603872037,0.3,0.5
supermat,nfix,NTP,50,prior_shift,64,1.0,-1.9924301646902063,0.12,0.5
supermat,nfix,NTP,50,prior_shift,65,1.0,-0.9444616088408512,0.28,0.5
supermat,nfix,NTP,50,prior_shift,66,1.0,-1.0459685551826876,0.26,0.5
supermat,nfix,NTP,50,prior_shift,67,1.0,-0.9444616088408512,0.28,0.5
supermat,nfix,NTP,50,prior_shift,68,1.0,-1.2656663733312759,0.22,0.5
supermat,nfix,NTP,50,prior_shift,69,1.0,-0.6632942174102641,0.34,0.5
supermat,nfix,NTP,50,prior_shift,70,1.0,-0.9444616088408512,0.28,0.5
supermat,nfix,NTP,50,prior_shift,71,1.0,-0.7537718023763801,0.32,0.5
supermat,nfix,NTP,50,prior_shift,72,1.0,-1.0459685551826876,0.26,0.5
supermat,nfix,NTP,50,prior_shift,73,1.0,-0.9444616088408512,0.28,0.5
supermat,nfix,NTP,50,prior_shift,74,1.0,-1.9924301646902063,0.12,0.5
supermat,nfix,NTP,50,prior_shift,75,1.0,-1.2656663733312759,0.22,0.5
supermat,nfix,NTP,50,prior_shift,76,1.0,-0.7537718023763801,0.32,0.5
supermat,nfix,NTP,50,prior_shift,77,1.0,-1.5163474893680886,0.18,0.5
supermat,nfix,NTP,50,prior_shift,78,1.0,-0.7537718023763801,0.32,0.5
supermat,nfix,NTP,50,prior_shift,79,1.0,-0.8472978603872037,0.3,0.5
supermat,nfix,NTP,50,prior_shift,80,1.0,-0.9444616088408512,0.28,0.5
supermat,nfix,NTP,50,prior_shift,81,1.0,-0.4895482253187058,0.38,0.5
supermat,nfix,NTP,50,prior_shift,82,1.0,-1.3862943611198906,0.2,0.5
supermat,nfix,NTP,50,prior_shift,83,1.0,-1.1526795099383855,0.24,0.5
supermat,nfix,NTP,50,prior_shift,84,1.0,-1.5163474893680886,0.18,0.5
supermat,nfix,NTP,50,prior_shift,85,1.0,-0.6632942174102641,0.34,0.5
supermat,nfix,NTP,50,prior_shift,86,1.0,-1.0459685551826876,0.26,0.5
supermat,nfix,NTP,50,prior_shift,87,1.0,-1.2656663733312759,0.22,0.5
supermat,nfix,NTP,50,prior_shift,88,1.0,-1.1526795099383855,0.24,0.5
supermat,nfix,NTP,50,prior_shift,89,1.0,-0.8472978603872037,0.3,0.5
supermat,nfix,NTP,50,prior_shift,90,1.0,-0.9444616088408512,0.28,0.5
supermat,nfix,NTP,50,prior_shift,91,1.0,-0.8472978603872037,0.3,0.5
supermat,nfix,NTP,50,prior_shift,92,1.0,-2.197224577336219,0.1,0.5
supermat,nfix,NTP,50,prior_shift,93,1.0,-0.9444616088408512,0.28,0.5
supermat,nfix,NTP,50,prior_shift,94,1.0,-1.0459685551826876,0.26,0.5
supermat,nfix,NTP,50,prior_shift,95,1.0,-1.3862943611198906,0.2,0.5
supermat,nfix,NTP,50,prior_shift,96,1.0,-0.9444616088408512,0.28,0.5
supermat,nfix,NTP,50,prior_shift,97,1.0,-0.8472978603872037,0.3,0.5
supermat,nfix,NTP,50,prior_shift,98,1.0,-0.8472978603872037,0.3,0.5
supermat,nfix,NTP,50,prior_shift,99,1.0,-1.0459685551826876,0.26,0.5
supermat,nfix,Probe,100,prior_shift,0,1.0,-1.0986122886681098,0.25,0.5
supermat,nfix,Probe,100,prior_shift,1,1.0,-0.6190392084062235,0.35,0.5
supermat,nfix,Probe,100,prior_shift,2,1.0,-1.0986122886681098,0.25,0.5
supermat,nfix,Probe,100,prior_shift,3,1.0,-1.1526795099383855,0.24,0.5
supermat,nfix,Probe,100,prior_shift,4,1.0,-0.5753641449035619,0.36,0.5
supermat,nfix,Probe,100,prior_shift,5,1.0,-0.6190392084062235,0.35,0.5
supermat,nfix,Probe,100,prior_shift,6,1.0,-0.8001193001121132,0.31,0.5
supermat,nfix,Probe,100,prior_shift,7,1.0,-1.2083112059245342,0.23,0.5
supermat,nfix,Probe,100,prior_shift,8,1.0,-0.7537718023763801,0.32,0.5
supermat,nfix,Probe,100,prior_shift,9,1.0,-1.2083112059245342,0.23,0.5
supermat,nfix,Probe,100,prior_shift,10,1.0,-1.2083112059245342,0.23,0.5
supermat,nfix,Probe,100,prior_shift,11,1.0,-1.0459685551826876,0.26,0.5
supermat,nfix,Probe,100,prior_shift,12,1.0,-0.8953840470548413,0.29,0.5
supermat,nfix,Probe,100,prior_shift,13,1.0,-0.9946225751440619,0.27,0.5
supermat,nfix,Probe,100,prior_shift,14,1.0,-1.0986122886681098,0.25,0.5
supermat,nfix,Probe,100,prior_shift,15,1.0,-0.9444616088408512,0.28,0.5
supermat,nfix,Probe,100,prior_shift,16,1.0,-1.2656663733312759,0.22,0.5
supermat,nfix,Probe,100,prior_shift,17,1.0,-0.8472978603872037,0.3,0.5
supermat,nfix,Probe,100,prior_shift,18,1.0,-1.2656663733312759,0.22,0.5
supermat,nfix,Probe,100,prior_shift,19,1.0,-1.2656663733312759,0.22,0.5
supermat,nfix,Probe,100,prior_shift,20,1.0,-0.6190392084062235,0.35,0.5
supermat,nfix,Probe,100,prior_shift,21,1.0,-0.9444616088408512,0.28,0.5
supermat,nfix,Probe,100,prior_shift,22,1.0,-1.5856272637403817,0.17,0.5
supermat,nfix,Probe,100,prior_shift,23,1.0,-0.8001193001121132,0.31,0.5
supermat,nfix,Probe,100,prior_shift,24,1.0,-1.0459685551826876,0.26,0.5
supermat,nfix,Probe,100,prior_shift,25,1.0,-1.1526795099383855,0.24,0.5
supermat,nfix,Probe,100,prior_shift,26,1.0,-1.5856272637403817,0.17,0.5
supermat,nfix,Probe,100,prior_shift,27,1.0,-1.2083112059245342,0.23,0.5
supermat,nfix,Probe,100,prior_shift,28,1.0,-1.1526795099383855,0.24,0.5
supermat,nfix,Probe,100,prior_shift,29,1.0,-1.0459685551826876,0.26,0.5
supermat,nfix,Probe,100,prior_shift,30,1.0,-0.8953840470548413,0.29,0.5
supermat,nfix,Probe,100,prior_shift,31,1.0,-0.9946225751440619,0.27,0.5
supermat,nfix,Probe,100,prior_shift,32,1.0,-0.5753641449035619,0.36,0.5
supermat,nfix,Probe,100,prior_shift,33,1.0,-0.8001193001121132,0.31,0.5
supermat,nfix,Probe,100,prior_shift,34,1.0,-1.2083112059245342,0.23,0.5
supermat,nfix,Probe,100,prior_shift,35,1.0,-0.8001193001121132,0.31,0.5
supermat,nfix,Probe,100,prior_shift,36,1.0,-0.6632942174102641,0.34,0.5
supermat,nfix,Probe,100,prior_shift,37,1.0,-1.2656663733312759,0.22,0.5
supermat,nfix,Probe,100,prior_shift,38,1.0,-1.5856272637403817,0.17,0.5
supermat,nfix,Probe,100,prior_shift,39,1.0,-0.9444616088408512,0.28,0.5
supermat,nfix,Probe,100,prior_shift,40,1.0,-1.2656663733312759,0.22,0.5
supermat,nfix,Probe,100,prior_shift,41,1.0,-0.9946225751440619,0.27,0.5
supermat,nfix,Probe,100,prior_shift,42,1.0,-1.0459685551826876,0.26,0.5
supermat,nfix,Probe,100,prior_shift,43,1.0,-1.2656663733312759,0.22,0.5
supermat,nfix,Probe,100,prior_shift,44,1.0,-1.0459685551826876,0.26,0.5
supermat,nfix,Probe,100,prior_shift,45,1.0,-0.9444616088408512,0.28,0.5
supermat,nfix,Probe,100,prior_shift,46,1.0,-0.8001193001121132,0.31,0.5
supermat,nfix,Probe,100,prior_shift,47,1.0,-0.8001193001121132,0.31,0.5
supermat,nfix,Probe,100,prior_shift,48,1.0,-0.9444616088408512,0.28,0.5
supermat,nfix,Probe,100,prior_shift,49,1.0,-1.0986122886681098,0.25,0.5
supermat,nfix,Probe,100,prior_shift,50,1.0,-0.7081850579244857,0.33,0.5
supermat,nfix,Probe,100,prior_shift,51,1.0,-1.2656663733312759,0.22,0.5
supermat,nfix,Probe,100,prior_shift,52,1.0,-0.6190392084062235,0.35,0.5
supermat,nfix,Probe,100,prior_shift,53,1.0,-1.4500101755059984,0.19,0.5
supermat,nfix,Probe,100,prior_shift,54,1.0,-1.3249254147435987,0.21,0.5
supermat,nfix,Probe,100,prior_shift,55,1.0,-0.7537718023763801,0.32,0.5
supermat,nfix,Probe,100,prior_shift,56,1.0,-1.4500101755059984,0.19,0.5
supermat,nfix,Probe,100,prior_shift,57,1.0,-1.0986122886681098,0.25,0.5
supermat,nfix,Probe,100,prior_shift,58,1.0,-1.0459685551826876,0.26,0.5
supermat,nfix,Probe,100,prior_shift,59,1.0,-0.7537718023763801,0.32,0.5
supermat,nfix,Probe,100,prior_shift,60,1.0,-1.5163474893680886,0.18,0.5
supermat,nfix,Probe,100,prior_shift,61,1.0,-0.8472978603872037,0.3,0.5
supermat,nfix,Probe,100,prior_shift,62,1.0,-1.3249254147435987,0.21,0.5
supermat,nfix,Probe,100,prior_shift,63,1.0,-1.5856272637403817,0.17,0.5
supermat,nfix,Probe,100,prior_shift,64,1.0,-1.0986122886681098,0.25,0.5
supermat,nfix,Probe,100,prior_shift,65,1.0,-0.9946225751440619,0.27,0.5
supermat,nfix,Probe,100,prior_shift,66,1.0,-1.0459685551826876,0.26,0.5
supermat,nfix,Probe,100,prior_shift,67,1.0,-0.8953840470548413,0.29,0.5
supermat,nfix,Probe,100,prior_shift,68,1.0,-1.0986122886681098,0.25,0.5
supermat,nfix,Probe,100,prior_shift,69,1.0,-0.7537718023763801,0.32,0.5
supermat,nfix,Probe,100,prior_shift,70,1.0,-0.8953840470548413,0.29,0.5
supermat,nfix,Probe,100,prior_shift,71,1.0,-1.2656663733312759,0.22,0.5
supermat,nfix,Probe,100,prior_shift,72,1.0,-0.8001193001121132,0.31,0.5
supermat,nfix,Probe,100,prior_shift,73,1.0,-0.8472978603872037,0.3,0.5
supermat,nfix,Probe,100,prior_shift,74,1.0,-1.1526795099383855,0.24,0.5
supermat,nfix,Probe,100,prior_shift,75,1.0,-0.7537718023763801,0.32,0.5
supermat,nfix,Probe,100,prior_shift,76,1.0,-1.3249254147435987,0.21,0.5
supermat,nfix,Probe,100,prior_shift,77,1.0,-0.9444616088408512,0.28,0.5
supermat,nfix,Probe,100,prior_shift,78,1.0,-0.6190392084062235,0.35,0.5
supermat,nfix,Probe,100,prior_shift,79,1.0,-1.3249254147435987,0.21,0.5
supermat,nfix,Probe,100,prior_shift,80,1.0,-0.9946225751440619,0.27,0.5
supermat,nfix,Probe,100,prior_shift,81,1.0,-1.2656663733312759,0.22,0.5
supermat,nfix,Probe,100,prior_shift,82,1.0,-0.4895482253187058,0.38,0.5
supermat,nfix,Probe,100,prior_shift,83,1.0,-1.5163474893680886,0.18,0.5
supermat,nfix,Probe,100,prior_shift,84,1.0,-1.2083112059245342,0.23,0.5
supermat,nfix,Probe,100,prior_shift,85,1.0,-0.6632942174102641,0.34,0.5
supermat,nfix,Probe,100,prior_shift,86,1.0,-1.2656663733312759,0.22,0.5
supermat,nfix,Probe,100,prior_shift,87,1.0,-1.3249254147435987,0.21,0.5
supermat,nfix,Probe,100,prior_shift,88,1.0,-0.8472978603872037,0.3,0.5
supermat,nfix,Probe,100,prior_shift,89,1.0,-1.0986122886681098,0.25,0.5
supermat,nfix,Probe,100,prior_shift,90,1.0,-1.2083112059245342,0.23,0.5
supermat,nfix,Probe,100,prior_shift,91,1.0,-0.8953840470548413,0.29,0.5
supermat,nfix,Probe,100,prior_shift,92,1.0,-0.6190392084062235,0.35,0.5
supermat,nfix,Probe,100,prior_shift,93,1.0,-1.0459685551826876,0.26,0.5
supermat,nfix,Probe,100,prior_shift,94,1.0,-1.0986122886681098,0.25,0.5
supermat,nfix,Probe,100,prior_shift,95,1.0,-0.8472978603872037,0.3,0.5
supermat,nfix,Probe,100,prior_shift,96,1.0,-1.1526795099383855,0.24,0.5
supermat,nfix,Probe,100,prior_shift,97,1.0,-0.8001193001121132,0.31,0.5
supermat,nfix,Probe,100,prior_shift,98,1.0,-0.9946225751440619,0.27,0.5
supermat,nfix,Probe,100,prior_shift,99,1.0,-1.3249254147435987,0.21,0.5
supermat,nfix,NTP,100,prior_shift,0,1.0,-1.0986122886681098,0.25,0.5
supermat,nfix,NTP,100,prior_shift,1,1.0,-0.6190392084062235,0.35,0.5
supermat,nfix,NTP,100,prior_shift,2,1.0,-1.0986122886681098,0.25,0.5
supermat,nfix,NTP,100,prior_shift,3,1.0,-1.1526795099383855,0.24,0.5
supermat,nfix,NTP,100,prior_shift,4,1.0,-0.5753641449035619,0.36,0.5
supermat,nfix,NTP,100,prior_shift,5,1.0,-0.6190392084062235,0.35,0.5
supermat,nfix,NTP,100,prior_shift,6,1.0,-0.8001193001121132,0.31,0.5
supermat,nfix,NTP,100,prior_shift,7,1.0,-1.2083112059245342,0.23,0.5
supermat,nfix,NTP,100,prior_shift,8,1.0,-0.7537718023763801,0.32,0.5
supermat,nfix,NTP,100,prior_shift,9,1.0,-1.2083112059245342,0.23,0.5
supermat,nfix,NTP,100,prior_shift,10,1.0,-1.2083112059245342,0.23,0.5
supermat,nfix,NTP,100,prior_shift,11,1.0,-1.0459685551826876,0.26,0.5
supermat,nfix,NTP,100,prior_shift,12,1.0,-0.8953840470548413,0.29,0.5
supermat,nfix,NTP,100,prior_shift,13,1.0,-0.9946225751440619,0.27,0.5
supermat,nfix,NTP,100,prior_shift,14,1.0,-1.0986122886681098,0.25,0.5
supermat,nfix,NTP,100,prior_shift,15,1.0,-0.9444616088408512,0.28,0.5
supermat,nfix,NTP,100,prior_shift,16,1.0,-1.2656663733312759,0.22,0.5
supermat,nfix,NTP,100,prior_shift,17,1.0,-0.8472978603872037,0.3,0.5
supermat,nfix,NTP,100,prior_shift,18,1.0,-1.2656663733312759,0.22,0.5
supermat,nfix,NTP,100,prior_shift,19,1.0,-1.2656663733312759,0.22,0.5
supermat,nfix,NTP,100,prior_shift,20,1.0,-0.6190392084062235,0.35,0.5
supermat,nfix,NTP,100,prior_shift,21,1.0,-0.9444616088408512,0.28,0.5
supermat,nfix,NTP,100,prior_shift,22,1.0,-1.5856272637403817,0.17,0.5
supermat,nfix,NTP,100,prior_shift,23,1.0,-0.8001193001121132,0.31,0.5
supermat,nfix,NTP,100,prior_shift,24,1.0,-1.0459685551826876,0.26,0.5
supermat,nfix,NTP,100,prior_shift,25,1.0,-1.1526795099383855,0.24,0.5
supermat,nfix,NTP,100,prior_shift,26,1.0,-1.5856272637403817,0.17,0.5
supermat,nfix,NTP,100,prior_shift,27,1.0,-1.2083112059245342,0.23,0.5
supermat,nfix,NTP,100,prior_shift,28,1.0,-1.1526795099383855,0.24,0.5
supermat,nfix,NTP,100,prior_shift,29,1.0,-1.0459685551826876,0.26,0.5
supermat,nfix,NTP,100,prior_shift,30,1.0,-0.8953840470548413,0.29,0.5
supermat,nfix,NTP,100,prior_shift,31,1.0,-0.9946225751440619,0.27,0.5
supermat,nfix,NTP,100,prior_shift,32,1.0,-0.5753641449035619,0.36,0.5
supermat,nfix,NTP,100,prior_shift,33,1.0,-0.8001193001121132,0.31,0.5
supermat,nfix,NTP,100,prior_shift,34,1.0,-1.2083112059245342,0.23,0.5
supermat,nfix,NTP,100,prior_shift,35,1.0,-0.8001193001121132,0.31,0.5
supermat,nfix,NTP,100,prior_shift,36,1.0,-0.6632942174102641,0.34,0.5
supermat,nfix,NTP,100,prior_shift,37,1.0,-1.2656663733312759,0.22,0.5
supermat,nfix,NTP,100,prior_shift,38,1.0,-1.5856272637403817,0.17,0.5
supermat,nfix,NTP,100,prior_shift,39,1.0,-0.9444616088408512,0.28,0.5
supermat,nfix,NTP,100,prior_shift,40,1.0,-1.2656663733312759,0.22,0.5
supermat,nfix,NTP,100,prior_shift,41,1.0,-0.9946225751440619,0.27,0.5
supermat,nfix,NTP,100,prior_shift,42,1.0,-1.0459685551826876,0.26,0.5
supermat,nfix,NTP,100,prior_shift,43,1.0,-1.2656663733312759,0.22,0.5
supermat,nfix,NTP,100,prior_shift,44,1.0,-1.0459685551826876,0.26,0.5
supermat,nfix,NTP,100,prior_shift,45,1.0,-0.9444616088408512,0.28,0.5
supermat,nfix,NTP,100,prior_shift,46,1.0,-0.8001193001121132,0.31,0.5
supermat,nfix,NTP,100,prior_shift,47,1.0,-0.8001193001121132,0.31,0.5
supermat,nfix,NTP,100,prior_shift,48,1.0,-0.9444616088408512,0.28,0.5
supermat,nfix,NTP,100,prior_shift,49,1.0,-1.0986122886681098,0.25,0.5
supermat,nfix,NTP,100,prior_shift,50,1.0,-0.7081850579244857,0.33,0.5
supermat,nfix,NTP,100,prior_shift,51,1.0,-1.2656663733312759,0.22,0.5
supermat,nfix,NTP,100,prior_shift,52,1.0,-0.6190392084062235,0.35,0.5
supermat,nfix,NTP,100,prior_shift,53,1.0,-1.4500101755059984,0.19,0.5
supermat,nfix,NTP,100,prior_shift,54,1.0,-1.3249254147435987,0.21,0.5
supermat,nfix,NTP,100,prior_shift,55,1.0,-0.7537718023763801,0.32,0.5
supermat,nfix,NTP,100,prior_shift,56,1.0,-1.4500101755059984,0.19,0.5
supermat,nfix,NTP,100,prior_shift,57,1.0,-1.0986122886681098,0.25,0.5
supermat,nfix,NTP,100,prior_shift,58,1.0,-1.0459685551826876,0.26,0.5
supermat,nfix,NTP,100,prior_shift,59,1.0,-0.7537718023763801,0.32,0.5
supermat,nfix,NTP,100,prior_shift,60,1.0,-1.5163474893680886,0.18,0.5
supermat,nfix,NTP,100,prior_shift,61,1.0,-0.8472978603872037,0.3,0.5
supermat,nfix,NTP,100,prior_shift,62,1.0,-1.3249254147435987,0.21,0.5
supermat,nfix,NTP,100,prior_shift,63,1.0,-1.5856272637403817,0.17,0.5
supermat,nfix,NTP,100,prior_shift,64,1.0,-1.0986122886681098,0.25,0.5
supermat,nfix,NTP,100,prior_shift,65,1.0,-0.9946225751440619,0.27,0.5
supermat,nfix,NTP,100,prior_shift,66,1.0,-1.0459685551826876,0.26,0.5
supermat,nfix,NTP,100,prior_shift,67,1.0,-0.8953840470548413,0.29,0.5
supermat,nfix,NTP,100,prior_shift,68,1.0,-1.0986122886681098,0.25,0.5
supermat,nfix,NTP,100,prior_shift,69,1.0,-0.7537718023763801,0.32,0.5
supermat,nfix,NTP,100,prior_shift,70,1.0,-0.8953840470548413,0.29,0.5
supermat,nfix,NTP,100,prior_shift,71,1.0,-1.2656663733312759,0.22,0.5
supermat,nfix,NTP,100,prior_shift,72,1.0,-0.8001193001121132,0.31,0.5
supermat,nfix,NTP,100,prior_shift,73,1.0,-0.8472978603872037,0.3,0.5
supermat,nfix,NTP,100,prior_shift,74,1.0,-1.1526795099383855,0.24,0.5
supermat,nfix,NTP,100,prior_shift,75,1.0,-0.7537718023763801,0.32,0.5
supermat,nfix,NTP,100,prior_shift,76,1.0,-1.3249254147435987,0.21,0.5
supermat,nfix,NTP,100,prior_shift,77,1.0,-0.9444616088408512,0.28,0.5
supermat,nfix,NTP,100,prior_shift,78,1.0,-0.6190392084062235,0.35,0.5
supermat,nfix,NTP,100,prior_shift,79,1.0,-1.3249254147435987,0.21,0.5
supermat,nfix,NTP,100,prior_shift,80,1.0,-0.9946225751440619,0.27,0.5
supermat,nfix,NTP,100,prior_shift,81,1.0,-1.2656663733312759,0.22,0.5
supermat,nfix,NTP,100,prior_shift,82,1.0,-0.4895482253187058,0.38,0.5
supermat,nfix,NTP,100,prior_shift,83,1.0,-1.5163474893680886,0.18,0.5
supermat,nfix,NTP,100,prior_shift,84,1.0,-1.2083112059245342,0.23,0.5
supermat,nfix,NTP,100,prior_shift,85,1.0,-0.6632942174102641,0.34,0.5
supermat,nfix,NTP,100,prior_shift,86,1.0,-1.2656663733312759,0.22,0.5
supermat,nfix,NTP,100,prior_shift,87,1.0,-1.3249254147435987,0.21,0.5
supermat,nfix,NTP,100,prior_shift,88,1.0,-0.8472978603872037,0.3,0.5
supermat,nfix,NTP,100,prior_shift,89,1.0,-1.0986122886681098,0.25,0.5
supermat,nfix,NTP,100,prior_shift,90,1.0,-1.2083112059245342,0.23,0.5
supermat,nfix,NTP,100,prior_shift,91,1.0,-0.8953840470548413,0.29,0.5
supermat,nfix,NTP,100,prior_shift,92,1.0,-0.6190392084062235,0.35,0.5
supermat,nfix,NTP,100,prior_shift,93,1.0,-1.0459685551826876,0.26,0.5
supermat,nfix,NTP,100,prior_shift,94,1.0,-1.0986122886681098,0.25,0.5
supermat,nfix,NTP,100,prior_shift,95,1.0,-0.8472978603872037,0.3,0.5
supermat,nfix,NTP,100,prior_shift,96,1.0,-1.1526795099383855,0.24,0.5
supermat,nfix,NTP,100,prior_shift,97,1.0,-0.8001193001121132,0.31,0.5
supermat,nfix,NTP,100,prior_shift,98,1.0,-0.9946225751440619,0.27,0.5
supermat,nfix,NTP,100,prior_shift,99,1.0,-1.3249254147435987,0.21,0.5
supermat,nfix,Probe,250,prior_shift,0,1.0,-1.3129118151858667,0.212,0.5
supermat,nfix,Probe,250,prior_shift,1,1.0,-0.7907856501238613,0.312,0.5
supermat,nfix,Probe,250,prior_shift,2,1.0,-0.9444616088408512,0.28,0.5
supermat,nfix,Probe,250,prior_shift,3,1.0,-0.9444616088408512,0.28,0.5
supermat,nfix,Probe,250,prior_shift,4,1.0,-0.8856902914254381,0.292,0.5
supermat,nfix,Probe,250,prior_shift,5,1.0,-0.9247059287994397,0.284,0.5
supermat,nfix,Probe,250,prior_shift,6,1.0,-0.9051174312760298,0.288,0.5
supermat,nfix,Probe,250,prior_shift,7,1.0,-0.9643905266685663,0.276,0.5
supermat,nfix,Probe,250,prior_shift,8,1.0,-0.8094861726440952,0.308,0.5
supermat,nfix,Probe,250,prior_shift,9,1.0,-1.0047935334504547,0.268,0.5
supermat,nfix,Probe,250,prior_shift,10,1.0,-1.289130612666243,0.216,0.5
supermat,nfix,Probe,250,prior_shift,11,1.0,-0.6102595207541777,0.352,0.5
supermat,nfix,Probe,250,prior_shift,12,1.0,-1.0879738904630538,0.252,0.5
supermat,nfix,Probe,250,prior_shift,13,1.0,-1.1747359841409104,0.236,0.5
supermat,nfix,Probe,250,prior_shift,14,1.0,-0.9247059287994397,0.284,0.5
supermat,nfix,Probe,250,prior_shift,15,1.0,-1.3129118151858667,0.212,0.5
supermat,nfix,Probe,250,prior_shift,16,1.0,-0.9844989819006885,0.272,0.5
supermat,nfix,Probe,250,prior_shift,17,1.0,-1.1093075777848578,0.248,0.5
supermat,nfix,Probe,250,prior_shift,18,1.0,-0.9643905266685663,0.276,0.5
supermat,nfix,Probe,250,prior_shift,19,1.0,-1.1970523614813622,0.232,0.5
supermat,nfix,Probe,250,prior_shift,20,1.0,-0.9444616088408512,0.28,0.5
supermat,nfix,Probe,250,prior_shift,21,1.0,-0.866418901833982,0.296,0.5
supermat,nfix,Probe,250,prior_shift,22,1.0,-0.8856902914254381,0.292,0.5
supermat,nfix,Probe,250,prior_shift,23,1.0,-0.7907856501238613,0.312,0.5
supermat,nfix,Probe,250,prior_shift,24,1.0,-0.9643905266685663,0.276,0.5
supermat,nfix,Probe,250,prior_shift,25,1.0,-1.1308731508863312,0.244,0.5
supermat,nfix,Probe,250,prior_shift,26,1.0,-1.2196389210703353,0.228,0.5
supermat,nfix,Probe,250,prior_shift,27,1.0,-1.1970523614813622,0.232,0.5
supermat,nfix,Probe,250,prior_shift,28,1.0,-1.02528101558256,0.264,0.5
supermat,nfix,Probe,250,prior_shift,29,1.0,-0.9051174312760298,0.288,0.5
supermat,nfix,Probe,250,prior_shift,30,1.0,-0.866418901833982,0.296,0.5
supermat,nfix,Probe,250,prior_shift,31,1.0,-0.828321958928198,0.304,0.5
supermat,nfix,Probe,250,prior_shift,32,1.0,-0.9247059287994397,0.284,0.5
supermat,nfix,Probe,250,prior_shift,33,1.0,-1.1526795099383855,0.24,0.5
supermat,nfix,Probe,250,prior_shift,34,1.0,-1.1308731508863312,0.244,0.5
supermat,nfix,Probe,250,prior_shift,35,1.0,-0.9844989819006885,0.272,0.5
supermat,nfix,Probe,250,prior_shift,36,1.0,-0.8856902914254381,0.292,0.5
supermat,nfix,Probe,250,prior_shift,37,1.0,-0.7722157040356383,0.316,0.5
supermat,nfix,Probe,250,prior_shift,38,1.0,-1.0047935334504547,0.268,0.5
supermat,nfix,Probe,250,prior_shift,39,1.0,-0.8472978603872037,0.3,0.5
supermat,nfix,Probe,250,prior_shift,40,1.0,-1.1970523614813622,0.232,0.5
supermat,nfix,Probe,250,prior_shift,41,1.0,-1.1747359841409104,0.236,0.5
supermat,nfix,Probe,250,prior_shift,42,1.0,-1.1308731508863312,0.244,0.5
supermat,nfix,Probe,250,prior_shift,43,1.0,-1.0047935334504547,0.268,0.5
supermat,nfix,Probe,250,prior_shift,44,1.0,-0.7172447321390057,0.328,0.5
supermat,nfix,Probe,250,prior_shift,45,1.0,-0.9844989819006885,0.272,0.5
supermat,nfix,Probe,250,prior_shift,46,1.0,-1.0879738904630538,0.252,0.5
supermat,nfix,Probe,250,prior_shift,47,1.0,-0.6278420821521787,0.348,0.5
supermat,nfix,Probe,250,prior_shift,48,1.0,-0.7907856501238613,0.312,0.5
supermat,nfix,Probe,250,prior_shift,49,1.0,-0.9247059287994397,0.284,0.5
supermat,nfix,Probe,250,prior_shift,50,1.0,-0.8472978603872037,0.3,0.5
supermat,nfix,Probe,250,prior_shift,51,1.0,-1.0459685551826876,0.26,0.5
supermat,nfix,Probe,250,prior_shift,52,1.0,-1.1308731508863312,0.244,0.5
supermat,nfix,Probe,250,prior_shift,53,1.0,-0.9643905266685663,0.276,0.5
supermat,nfix,Probe,250,prior_shift,54,1.0,-1.0668635903535293,0.256,0.5
supermat,nfix,Probe,250,prior_shift,55,1.0,-1.0459685551826876,0.26,0.5
supermat,nfix,Probe,250,prior_shift,56,1.0,-1.0668635903535293,0.256,0.5
supermat,nfix,Probe,250,prior_shift,57,1.0,-1.0668635903535293,0.256,0.5
supermat,nfix,Probe,250,prior_shift,58,1.0,-0.9051174312760298,0.288,0.5
supermat,nfix,Probe,250,prior_shift,59,1.0,-0.8856902914254381,0.292,0.5
supermat,nfix,Probe,250,prior_shift,60,1.0,-1.289130612666243,0.216,0.5
supermat,nfix,Probe,250,prior_shift,61,1.0,-1.337023312113108,0.208,0.5
supermat,nfix,Probe,250,prior_shift,62,1.0,-0.9844989819006885,0.272,0.5
supermat,nfix,Probe,250,prior_shift,63,1.0,-0.828321958928198,0.304,0.5
supermat,nfix,Probe,250,prior_shift,64,1.0,-1.2196389210703353,0.228,0.5
supermat,nfix,Probe,250,prior_shift,65,1.0,-1.02528101558256,0.264,0.5
supermat,nfix,Probe,250,prior_shift,66,1.0,-0.9051174312760298,0.288,0.5
supermat,nfix,Probe,250,prior_shift,67,1.0,-0.866418901833982,0.296,0.5
supermat,nfix,Probe,250,prior_shift,68,1.0,-0.9051174312760298,0.288,0.5
supermat,nfix,Probe,250,prior_shift,69,1.0,-0.8856902914254381,0.292,0.5
supermat,nfix,Probe,250,prior_shift,70,1.0,-1.242506468328179,0.224,0.5
supermat,nfix,Probe,250,prior_shift,71,1.0,-1.0459685551826876,0.26,0.5
supermat,nfix,Probe,250,prior_shift,72,1.0,-1.289130612666243,0.216,0.5
supermat,nfix,Probe,250,prior_shift,73,1.0,-1.1526795099383855,0.24,0.5
supermat,nfix,Probe,250,prior_shift,74,1.0,-1.3614791920001668,0.204,0.5
supermat,nfix,Probe,250,prior_shift,75,1.0,-1.2656663733312759,0.22,0.5
supermat,nfix,Probe,250,prior_shift,76,1.0,-1.02528101558256,0.264,0.5
supermat,nfix,Probe,250,prior_shift,77,1.0,-1.0459685551826876,0.26,0.5
supermat,nfix,Probe,250,prior_shift,78,1.0,-0.7722157040356383,0.316,0.5
supermat,nfix,Probe,250,prior_shift,79,1.0,-1.0047935334504547,0.268,0.5
supermat,nfix,Probe,250,prior_shift,80,1.0,-1.0047935334504547,0.268,0.5
supermat,nfix,Probe,250,prior_shift,81,1.0,-0.7537718023763801,0.32,0.5
supermat,nfix,Probe,250,prior_shift,82,1.0,-1.0047935334504547,0.268,0.5
supermat,nfix,Probe,250,prior_shift,83,1.0,-1.2656663733312759,0.22,0.5
supermat,nfix,Probe,250,prior_shift,84,1.0,-0.9844989819006885,0.272,0.5
supermat,nfix,Probe,250,prior_shift,85,1.0,-1.2196389210703353,0.228,0.5
supermat,nfix,Probe,250,prior_shift,86,1.0,-0.9051174312760298,0.288,0.5
supermat,nfix,Probe,250,prior_shift,87,1.0,-1.289130612666243,0.216,0.5
supermat,nfix,Probe,250,prior_shift,88,1.0,-1.0879738904630538,0.252,0.5
supermat,nfix,Probe,250,prior_shift,89,1.0,-0.7354495602506347,0.324,0.5
supermat,nfix,Probe,250,prior_shift,90,1.0,-1.0879738904630538,0.252,0.5
supermat,nfix,Probe,250,prior_shift,91,1.0,-0.7354495602506347,0.324,0.5
supermat,nfix,Probe,250,prior_shift,92,1.0,-1.0879738904630538,0.252,0.5
supermat,nfix,Probe,250,prior_shift,93,1.0,-1.0459685551826876,0.26,0.5
supermat,nfix,Probe,250,prior_shift,94,1.0,-1.2196389210703353,0.228,0.5
supermat,nfix,Probe,250,prior_shift,95,1.0,-0.9844989819006885,0.272,0.5
supermat,nfix,Probe,250,prior_shift,96,1.0,-0.8856902914254381,0.292,0.5
supermat,nfix,Probe,250,prior_shift,97,1.0,-0.866418901833982,0.296,0.5
supermat,nfix,Probe,250,prior_shift,98,1.0,-1.1526795099383855,0.24,0.5
supermat,nfix,Probe,250,prior_shift,99,1.0,-0.7907856501238613,0.312,0.5
supermat,nfix,NTP,250,prior_shift,0,1.0,-1.3129118151858667,0.212,0.5
supermat,nfix,NTP,250,prior_shift,1,1.0,-0.7907856501238613,0.312,0.5
supermat,nfix,NTP,250,prior_shift,2,1.0,-0.9444616088408512,0.28,0.5
supermat,nfix,NTP,250,prior_shift,3,1.0,-0.9444616088408512,0.28,0.5
supermat,nfix,NTP,250,prior_shift,4,1.0,-0.8856902914254381,0.292,0.5
supermat,nfix,NTP,250,prior_shift,5,1.0,-0.9247059287994397,0.284,0.5
supermat,nfix,NTP,250,prior_shift,6,1.0,-0.9051174312760298,0.288,0.5
supermat,nfix,NTP,250,prior_shift,7,1.0,-0.9643905266685663,0.276,0.5
supermat,nfix,NTP,250,prior_shift,8,1.0,-0.8094861726440952,0.308,0.5
supermat,nfix,NTP,250,prior_shift,9,1.0,-1.0047935334504547,0.268,0.5
supermat,nfix,NTP,250,prior_shift,10,1.0,-1.289130612666243,0.216,0.5
supermat,nfix,NTP,250,prior_shift,11,1.0,-0.6102595207541777,0.352,0.5
supermat,nfix,NTP,250,prior_shift,12,1.0,-1.0879738904630538,0.252,0.5
supermat,nfix,NTP,250,prior_shift,13,1.0,-1.1747359841409104,0.236,0.5
supermat,nfix,NTP,250,prior_shift,14,1.0,-0.9247059287994397,0.284,0.5
supermat,nfix,NTP,250,prior_shift,15,1.0,-1.3129118151858667,0.212,0.5
supermat,nfix,NTP,250,prior_shift,16,1.0,-0.9844989819006885,0.272,0.5
supermat,nfix,NTP,250,prior_shift,17,1.0,-1.1093075777848578,0.248,0.5
supermat,nfix,NTP,250,prior_shift,18,1.0,-0.9643905266685663,0.276,0.5
supermat,nfix,NTP,250,prior_shift,19,1.0,-1.1970523614813622,0.232,0.5
supermat,nfix,NTP,250,prior_shift,20,1.0,-0.9444616088408512,0.28,0.5
supermat,nfix,NTP,250,prior_shift,21,1.0,-0.866418901833982,0.296,0.5
supermat,nfix,NTP,250,prior_shift,22,1.0,-0.8856902914254381,0.292,0.5
supermat,nfix,NTP,250,prior_shift,23,1.0,-0.7907856501238613,0.312,0.5
supermat,nfix,NTP,250,prior_shift,24,1.0,-0.9643905266685663,0.276,0.5
supermat,nfix,NTP,250,prior_shift,25,1.0,-1.1308731508863312,0.244,0.5
supermat,nfix,NTP,250,prior_shift,26,1.0,-1.2196389210703353,0.228,0.5
supermat,nfix,NTP,250,prior_shift,27,1.0,-1.1970523614813622,0.232,0.5
supermat,nfix,NTP,250,prior_shift,28,1.0,-1.02528101558256,0.264,0.5
supermat,nfix,NTP,250,prior_shift,29,1.0,-0.9051174312760298,0.288,0.5
supermat,nfix,NTP,250,prior_shift,30,1.0,-0.866418901833982,0.296,0.5
supermat,nfix,NTP,250,prior_shift,31,1.0,-0.828321958928198,0.304,0.5
supermat,nfix,NTP,250,prior_shift,32,1.0,-0.9247059287994397,0.284,0.5
supermat,nfix,NTP,250,prior_shift,33,1.0,-1.1526795099383855,0.24,0.5
supermat,nfix,NTP,250,prior_shift,34,1.0,-1.1308731508863312,0.244,0.5
supermat,nfix,NTP,250,prior_shift,35,1.0,-0.9844989819006885,0.272,0.5
supermat,nfix,NTP,250,prior_shift,36,1.0,-0.8856902914254381,0.292,0.5
supermat,nfix,NTP,250,prior_shift,37,1.0,-0.7722157040356383,0.316,0.5
supermat,nfix,NTP,250,prior_shift,38,1.0,-1.0047935334504547,0.268,0.5
supermat,nfix,NTP,250,prior_shift,39,1.0,-0.8472978603872037,0.3,0.5
supermat,nfix,NTP,250,prior_shift,40,1.0,-1.1970523614813622,0.232,0.5
supermat,nfix,NTP,250,prior_shift,41,1.0,-1.1747359841409104,0.236,0.5
supermat,nfix,NTP,250,prior_shift,42,1.0,-1.1308731508863312,0.244,0.5
supermat,nfix,NTP,250,prior_shift,43,1.0,-1.0047935334504547,0.268,0.5
supermat,nfix,NTP,250,prior_shift,44,1.0,-0.7172447321390057,0.328,0.5
supermat,nfix,NTP,250,prior_shift,45,1.0,-0.9844989819006885,0.272,0.5
supermat,nfix,NTP,250,prior_shift,46,1.0,-1.0879738904630538,0.252,0.5
supermat,nfix,NTP,250,prior_shift,47,1.0,-0.6278420821521787,0.348,0.5
supermat,nfix,NTP,250,prior_shift,48,1.0,-0.7907856501238613,0.312,0.5
supermat,nfix,NTP,250,prior_shift,49,1.0,-0.9247059287994397,0.284,0.5
supermat,nfix,NTP,250,prior_shift,50,1.0,-0.8472978603872037,0.3,0.5
supermat,nfix,NTP,250,prior_shift,51,1.0,-1.0459685551826876,0.26,0.5
supermat,nfix,NTP,250,prior_shift,52,1.0,-1.1308731508863312,0.244,0.5
supermat,nfix,NTP,250,prior_shift,53,1.0,-0.9643905266685663,0.276,0.5
supermat,nfix,NTP,250,prior_shift,54,1.0,-1.0668635903535293,0.256,0.5
supermat,nfix,NTP,250,prior_shift,55,1.0,-1.0459685551826876,0.26,0.5
supermat,nfix,NTP,250,prior_shift,56,1.0,-1.0668635903535293,0.256,0.5
supermat,nfix,NTP,250,prior_shift,57,1.0,-1.0668635903535293,0.256,0.5
supermat,nfix,NTP,250,prior_shift,58,1.0,-0.9051174312760298,0.288,0.5
supermat,nfix,NTP,250,prior_shift,59,1.0,-0.8856902914254381,0.292,0.5
supermat,nfix,NTP,250,prior_shift,60,1.0,-1.289130612666243,0.216,0.5
supermat,nfix,NTP,250,prior_shift,61,1.0,-1.337023312113108,0.208,0.5
supermat,nfix,NTP,250,prior_shift,62,1.0,-0.9844989819006885,0.272,0.5
supermat,nfix,NTP,250,prior_shift,63,1.0,-0.828321958928198,0.304,0.5
supermat,nfix,NTP,250,prior_shift,64,1.0,-1.2196389210703353,0.228,0.5
supermat,nfix,NTP,250,prior_shift,65,1.0,-1.02528101558256,0.264,0.5
supermat,nfix,NTP,250,prior_shift,66,1.0,-0.9051174312760298,0.288,0.5
supermat,nfix,NTP,250,prior_shift,67,1.0,-0.866418901833982,0.296,0.5
supermat,nfix,NTP,250,prior_shift,68,1.0,-0.9051174312760298,0.288,0.5
supermat,nfix,NTP,250,prior_shift,69,1.0,-0.8856902914254381,0.292,0.5
supermat,nfix,NTP,250,prior_shift,70,1.0,-1.242506468328179,0.224,0.5
supermat,nfix,NTP,250,prior_shift,71,1.0,-1.0459685551826876,0.26,0.5
supermat,nfix,NTP,250,prior_shift,72,1.0,-1.289130612666243,0.216,0.5
supermat,nfix,NTP,250,prior_shift,73,1.0,-1.1526795099383855,0.24,0.5
supermat,nfix,NTP,250,prior_shift,74,1.0,-1.3614791920001668,0.204,0.5
supermat,nfix,NTP,250,prior_shift,75,1.0,-1.2656663733312759,0.22,0.5
supermat,nfix,NTP,250,prior_shift,76,1.0,-1.02528101558256,0.264,0.5
supermat,nfix,NTP,250,prior_shift,77,1.0,-1.0459685551826876,0.26,0.5
supermat,nfix,NTP,250,prior_shift,78,1.0,-0.7722157040356383,0.316,0.5
supermat,nfix,NTP,250,prior_shift,79,1.0,-1.0047935334504547,0.268,0.5
supermat,nfix,NTP,250,prior_shift,80,1.0,-1.0047935334504547,0.268,0.5
supermat,nfix,NTP,250,prior_shift,81,1.0,-0.7537718023763801,0.32,0.5
supermat,nfix,NTP,250,prior_shift,82,1.0,-1.0047935334504547,0.268,0.5
supermat,nfix,NTP,250,prior_shift,83,1.0,-1.2656663733312759,0.22,0.5
supermat,nfix,NTP,250,prior_shift,84,1.0,-0.9844989819006885,0.272,0.5
supermat,nfix,NTP,250,prior_shift,85,1.0,-1.2196389210703353,0.228,0.5
supermat,nfix,NTP,250,prior_shift,86,1.0,-0.9051174312760298,0.288,0.5
supermat,nfix,NTP,250,prior_shift,87,1.0,-1.289130612666243,0.216,0.5
supermat,nfix,NTP,250,prior_shift,88,1.0,-1.0879738904630538,0.252,0.5
supermat,nfix,NTP,250,prior_shift,89,1.0,-0.7354495602506347,0.324,0.5
supermat,nfix,NTP,250,prior_shift,90,1.0,-1.0879738904630538,0.252,0.5
supermat,nfix,NTP,250,prior_shift,91,1.0,-0.7354495602506347,0.324,0.5
supermat,nfix,NTP,250,prior_shift,92,1.0,-1.0879738904630538,0.252,0.5
supermat,nfix,NTP,250,prior_shift,93,1.0,-1.0459685551826876,0.26,0.5
supermat,nfix,NTP,250,prior_shift,94,1.0,-1.2196389210703353,0.228,0.5
supermat,nfix,NTP,250,prior_shift,95,1.0,-0.9844989819006885,0.272,0.5
supermat,nfix,NTP,250,prior_shift,96,1.0,-0.8856902914254381,0.292,0.5
supermat,nfix,NTP,250,prior_shift,97,1.0,-0.866418901833982,0.296,0.5
supermat,nfix,NTP,250,prior_shift,98,1.0,-1.1526795099383855,0.24,0.5
supermat,nfix,NTP,250,prior_shift,99,1.0,-0.7907856501238613,0.312,0.5
supermat,nfix,Probe,500,prior_shift,0,1.0,-1.0879738904630538,0.252,0.5
supermat,nfix,Probe,500,prior_shift,1,1.0,-1.0047935334504547,0.268,0.5
supermat,nfix,Probe,500,prior_shift,2,1.0,-1.1747359841409104,0.236,0.5
supermat,nfix,Probe,500,prior_shift,3,1.0,-1.0668635903535293,0.256,0.5
supermat,nfix,Probe,500,prior_shift,4,1.0,-0.7537718023763801,0.32,0.5
supermat,nfix,Probe,500,prior_shift,5,1.0,-0.8472978603872037,0.3,0.5
supermat,nfix,Probe,500,prior_shift,6,1.0,-0.9444616088408512,0.28,0.5
supermat,nfix,Probe,500,prior_shift,7,1.0,-1.0150127198328165,0.266,0.5
supermat,nfix,Probe,500,prior_shift,8,1.0,-0.6722196604539893,0.338,0.5
supermat,nfix,Probe,500,prior_shift,9,1.0,-1.0773913331852243,0.254,0.5
supermat,nfix,Probe,500,prior_shift,10,1.0,-1.1747359841409104,0.236,0.5
supermat,nfix,Probe,500,prior_shift,11,1.0,-0.7263327295455994,0.326,0.5
supermat,nfix,Probe,500,prior_shift,12,1.0,-0.9946225751440619,0.27,0.5
supermat,nfix,Probe,500,prior_shift,13,1.0,-1.0879738904630538,0.252,0.5
supermat,nfix,Probe,500,prior_shift,14,1.0,-0.9744219084367257,0.274,0.5
supermat,nfix,Probe,500,prior_shift,15,1.0,-1.1858610543828898,0.234,0.5
supermat,nfix,Probe,500,prior_shift,16,1.0,-0.8377920853875029,0.302,0.5
supermat,nfix,Probe,500,prior_shift,17,1.0,-1.2540491423061122,0.222,0.5
supermat,nfix,Probe,500,prior_shift,18,1.0,-1.0879738904630538,0.252,0.5
supermat,nfix,Probe,500,prior_shift,19,1.0,-1.0773913331852243,0.254,0.5
supermat,nfix,Probe,500,prior_shift,20,1.0,-1.1093075777848578,0.248,0.5
supermat,nfix,Probe,500,prior_shift,21,1.0,-0.8568399175204066,0.298,0.5
supermat,nfix,Probe,500,prior_shift,22,1.0,-1.0879738904630538,0.252,0.5
supermat,nfix,Probe,500,prior_shift,23,1.0,-1.0047935334504547,0.268,0.5
supermat,nfix,Probe,500,prior_shift,24,1.0,-0.7537718023763801,0.32,0.5
supermat,nfix,Probe,500,prior_shift,25,1.0,-1.0668635903535293,0.256,0.5
supermat,nfix,Probe,500,prior_shift,26,1.0,-1.2310368743174411,0.226,0.5
supermat,nfix,Probe,500,prior_shift,27,1.0,-1.1417456594856852,0.242,0.5
supermat,nfix,Probe,500,prior_shift,28,1.0,-0.9345624981101107,0.282,0.5
supermat,nfix,Probe,500,prior_shift,29,1.0,-0.7629782750632852,0.318,0.5
supermat,nfix,Probe,500,prior_shift,30,1.0,-0.7537718023763801,0.32,0.5
supermat,nfix,Probe,500,prior_shift,31,1.0,-0.9247059287994397,0.284,0.5
supermat,nfix,Probe,500,prior_shift,32,1.0,-0.7814846418176318,0.314,0.5
supermat,nfix,Probe,500,prior_shift,33,1.0,-1.0459685551826876,0.26,0.5
supermat,nfix,Probe,500,prior_shift,34,1.0,-0.9345624981101107,0.282,0.5
supermat,nfix,Probe,500,prior_shift,35,1.0,-1.1200608320755931,0.246,0.5
supermat,nfix,Probe,500,prior_shift,36,1.0,-1.0879738904630538,0.252,0.5
supermat,nfix,Probe,500,prior_shift,37,1.0,-0.8856902914254381,0.292,0.5
supermat,nfix,Probe,500,prior_shift,38,1.0,-1.2310368743174411,0.226,0.5
supermat,nfix,Probe,500,prior_shift,39,1.0,-0.954404025202189,0.278,0.5
supermat,nfix,Probe,500,prior_shift,40,1.0,-1.1636758820151716,0.238,0.5
supermat,nfix,Probe,500,prior_shift,41,1.0,-1.0773913331852243,0.254,0.5
supermat,nfix,Probe,500,prior_shift,42,1.0,-0.9247059287994397,0.284,0.5
supermat,nfix,Probe,500,prior_shift,43,1.0,-0.9148911515197319,0.286,0.5
supermat,nfix,Probe,500,prior_shift,44,1.0,-0.7263327295455994,0.326,0.5
supermat,nfix,Probe,500,prior_shift,45,1.0,-1.2310368743174411,0.226,0.5
supermat,nfix,Probe,500,prior_shift,46,1.0,-1.1858610543828898,0.234,0.5
supermat,nfix,Probe,500,prior_shift,47,1.0,-0.7445957423959872,0.322,0.5
supermat,nfix,Probe,500,prior_shift,48,1.0,-0.828321958928198,0.304,0.5
supermat,nfix,Probe,500,prior_shift,49,1.0,-0.9345624981101107,0.282,0.5
supermat,nfix,Probe,500,prior_shift,50,1.0,-0.7722157040356383,0.316,0.5
supermat,nfix,Probe,500,prior_shift,51,1.0,-1.0459685551826876,0.26,0.5
supermat,nfix,Probe,500,prior_shift,52,1.0,-0.9643905266685663,0.276,0.5
supermat,nfix,Probe,500,prior_shift,53,1.0,-0.828321958928198,0.304,0.5
supermat,nfix,Probe,500,prior_shift,54,1.0,-1.0668635903535293,0.256,0.5
supermat,nfix,Probe,500,prior_shift,55,1.0,-0.9844989819006885,0.272,0.5
supermat,nfix,Probe,500,prior_shift,56,1.0,-1.0773913331852243,0.254,0.5
supermat,nfix,Probe,500,prior_shift,57,1.0,-1.0879738904630538,0.252,0.5
supermat,nfix,Probe,500,prior_shift,58,1.0,-0.9345624981101107,0.282,0.5
supermat,nfix,Probe,500,prior_shift,59,1.0,-0.8760354701545604,0.294,0.5
supermat,nfix,Probe,500,prior_shift,60,1.0,-1.2656663733312759,0.22,0.5
supermat,nfix,Probe,500,prior_shift,61,1.0,-1.0047935334504547,0.268,0.5
supermat,nfix,Probe,500,prior_shift,62,1.0,-0.9643905266685663,0.276,0.5
supermat,nfix,Probe,500,prior_shift,63,1.0,-1.0668635903535293,0.256,0.5
supermat,nfix,Probe,500,prior_shift,64,1.0,-1.1417456594856852,0.242,0.5
supermat,nfix,Probe,500,prior_shift,65,1.0,-0.5753641449035619,0.36,0.5
supermat,nfix,Probe,500,prior_shift,66,1.0,-0.954404025202189,0.278,0.5
supermat,nfix,Probe,500,prior_shift,67,1.0,-0.9946225751440619,0.27,0.5
supermat,nfix,Probe,500,prior_shift,68,1.0,-0.8472978603872037,0.3,0.5
supermat,nfix,Probe,500,prior_shift,69,1.0,-1.0668635903535293,0.256,0.5
supermat,nfix,Probe,500,prior_shift,70,1.0,-0.9444616088408512,0.28,0.5
supermat,nfix,Probe,500,prior_shift,71,1.0,-1.2310368743174411,0.226,0.5
supermat,nfix,Probe,500,prior_shift,72,1.0,-1.1858610543828898,0.234,0.5
supermat,nfix,Probe,500,prior_shift,73,1.0,-1.0986122886681098,0.25,0.5
supermat,nfix,Probe,500,prior_shift,74,1.0,-1.0773913331852243,0.254,0.5
supermat,nfix,Probe,500,prior_shift,75,1.0,-0.9744219084367257,0.274,0.5
supermat,nfix,Probe,500,prior_shift,76,1.0,-1.056389658245763,0.258,0.5
supermat,nfix,Probe,500,prior_shift,77,1.0,-1.3249254147435987,0.21,0.5
supermat,nfix,Probe,500,prior_shift,78,1.0,-0.9051174312760298,0.288,0.5
supermat,nfix,Probe,500,prior_shift,79,1.0,-1.1417456594856852,0.242,0.5
supermat,nfix,Probe,500,prior_shift,80,1.0,-1.1417456594856852,0.242,0.5
supermat,nfix,Probe,500,prior_shift,81,1.0,-0.9345624981101107,0.282,0.5
supermat,nfix,Probe,500,prior_shift,82,1.0,-0.866418901833982,0.296,0.5
supermat,nfix,Probe,500,prior_shift,83,1.0,-1.0773913331852243,0.254,0.5
supermat,nfix,Probe,500,prior_shift,84,1.0,-0.9744219084367257,0.274,0.5
supermat,nfix,Probe,500,prior_shift,85,1.0,-0.9148911515197319,0.286,0.5
supermat,nfix,Probe,500,prior_shift,86,1.0,-1.0668635903535293,0.256,0.5
supermat,nfix,Probe,500,prior_shift,87,1.0,-1.1093075777848578,0.248,0.5
supermat,nfix,Probe,500,prior_shift,88,1.0,-1.1747359841409104,0.236,0.5
supermat,nfix,Probe,500,prior_shift,89,1.0,-0.8953840470548413,0.29,0.5
supermat,nfix,Probe,500,prior_shift,90,1.0,-1.1093075777848578,0.248,0.5
supermat,nfix,Probe,500,prior_shift,91,1.0,-0.9051174312760298,0.288,0.5
supermat,nfix,Probe,500,prior_shift,92,1.0,-0.8760354701545604,0.294,0.5
supermat,nfix,Probe,500,prior_shift,93,1.0,-0.9345624981101107,0.282,0.5
supermat,nfix,Probe,500,prior_shift,94,1.0,-1.1093075777848578,0.248,0.5
supermat,nfix,Probe,500,prior_shift,95,1.0,-0.9844989819006885,0.272,0.5
supermat,nfix,Probe,500,prior_shift,96,1.0,-0.8094861726440952,0.308,0.5
supermat,nfix,Probe,500,prior_shift,97,1.0,-0.6901486775636886,0.334,0.5
supermat,nfix,Probe,500,prior_shift,98,1.0,-1.1200608320755931,0.246,0.5
supermat,nfix,Probe,500,prior_shift,99,1.0,-0.8760354701545604,0.294,0.5
supermat,nfix,NTP,500,prior_shift,0,1.0,-1.0879738904630538,0.252,0.5
supermat,nfix,NTP,500,prior_shift,1,1.0,-1.0047935334504547,0.268,0.5
supermat,nfix,NTP,500,prior_shift,2,1.0,-1.1747359841409104,0.236,0.5
supermat,nfix,NTP,500,prior_shift,3,1.0,-1.0668635903535293,0.256,0.5
supermat,nfix,NTP,500,prior_shift,4,1.0,-0.7537718023763801,0.32,0.5
supermat,nfix,NTP,500,prior_shift,5,1.0,-0.8472978603872037,0.3,0.5
supermat,nfix,NTP,500,prior_shift,6,1.0,-0.9444616088408512,0.28,0.5
supermat,nfix,NTP,500,prior_shift,7,1.0,-1.0150127198328165,0.266,0.5
supermat,nfix,NTP,500,prior_shift,8,1.0,-0.6722196604539893,0.338,0.5
supermat,nfix,NTP,500,prior_shift,9,1.0,-1.0773913331852243,0.254,0.5
supermat,nfix,NTP,500,prior_shift,10,1.0,-1.1747359841409104,0.236,0.5
supermat,nfix,NTP,500,prior_shift,11,1.0,-0.7263327295455994,0.326,0.5
supermat,nfix,NTP,500,prior_shift,12,1.0,-0.9946225751440619,0.27,0.5
supermat,nfix,NTP,500,prior_shift,13,1.0,-1.0879738904630538,0.252,0.5
supermat,nfix,NTP,500,prior_shift,14,1.0,-0.9744219084367257,0.274,0.5
supermat,nfix,NTP,500,prior_shift,15,1.0,-1.1858610543828898,0.234,0.5
supermat,nfix,NTP,500,prior_shift,16,1.0,-0.8377920853875029,0.302,0.5
supermat,nfix,NTP,500,prior_shift,17,1.0,-1.2540491423061122,0.222,0.5
supermat,nfix,NTP,500,prior_shift,18,1.0,-1.0879738904630538,0.252,0.5
supermat,nfix,NTP,500,prior_shift,19,1.0,-1.0773913331852243,0.254,0.5
supermat,nfix,NTP,500,prior_shift,20,1.0,-1.1093075777848578,0.248,0.5
supermat,nfix,NTP,500,prior_shift,21,1.0,-0.8568399175204066,0.298,0.5
supermat,nfix,NTP,500,prior_shift,22,1.0,-1.0879738904630538,0.252,0.5
supermat,nfix,NTP,500,prior_shift,23,1.0,-1.0047935334504547,0.268,0.5
supermat,nfix,NTP,500,prior_shift,24,1.0,-0.7537718023763801,0.32,0.5
supermat,nfix,NTP,500,prior_shift,25,1.0,-1.0668635903535293,0.256,0.5
supermat,nfix,NTP,500,prior_shift,26,1.0,-1.2310368743174411,0.226,0.5
supermat,nfix,NTP,500,prior_shift,27,1.0,-1.1417456594856852,0.242,0.5
supermat,nfix,NTP,500,prior_shift,28,1.0,-0.9345624981101107,0.282,0.5
supermat,nfix,NTP,500,prior_shift,29,1.0,-0.7629782750632852,0.318,0.5
supermat,nfix,NTP,500,prior_shift,30,1.0,-0.7537718023763801,0.32,0.5
supermat,nfix,NTP,500,prior_shift,31,1.0,-0.9247059287994397,0.284,0.5
supermat,nfix,NTP,500,prior_shift,32,1.0,-0.7814846418176318,0.314,0.5
supermat,nfix,NTP,500,prior_shift,33,1.0,-1.0459685551826876,0.26,0.5
supermat,nfix,NTP,500,prior_shift,34,1.0,-0.9345624981101107,0.282,0.5
supermat,nfix,NTP,500,prior_shift,35,1.0,-1.1200608320755931,0.246,0.5
supermat,nfix,NTP,500,prior_shift,36,1.0,-1.0879738904630538,0.252,0.5
supermat,nfix,NTP,500,prior_shift,37,1.0,-0.8856902914254381,0.292,0.5
supermat,nfix,NTP,500,prior_shift,38,1.0,-1.2310368743174411,0.226,0.5
supermat,nfix,NTP,500,prior_shift,39,1.0,-0.954404025202189,0.278,0.5
supermat,nfix,NTP,500,prior_shift,40,1.0,-1.1636758820151716,0.238,0.5
supermat,nfix,NTP,500,prior_shift,41,1.0,-1.0773913331852243,0.254,0.5
supermat,nfix,NTP,500,prior_shift,42,1.0,-0.9247059287994397,0.284,0.5
supermat,nfix,NTP,500,prior_shift,43,1.0,-0.9148911515197319,0.286,0.5
supermat,nfix,NTP,500,prior_shift,44,1.0,-0.7263327295455994,0.326,0.5
supermat,nfix,NTP,500,prior_shift,45,1.0,-1.2310368743174411,0.226,0.5
supermat,nfix,NTP,500,prior_shift,46,1.0,-1.1858610543828898,0.234,0.5
supermat,nfix,NTP,500,prior_shift,47,1.0,-0.7445957423959872,0.322,0.5
supermat,nfix,NTP,500,prior_shift,48,1.0,-0.828321958928198,0.304,0.5
supermat,nfix,NTP,500,prior_shift,49,1.0,-0.9345624981101107,0.282,0.5
supermat,nfix,NTP,500,prior_shift,50,1.0,-0.7722157040356383,0.316,0.5
supermat,nfix,NTP,500,prior_shift,51,1.0,-1.0459685551826876,0.26,0.5
supermat,nfix,NTP,500,prior_shift,52,1.0,-0.9643905266685663,0.276,0.5
supermat,nfix,NTP,500,prior_shift,53,1.0,-0.828321958928198,0.304,0.5
supermat,nfix,NTP,500,prior_shift,54,1.0,-1.0668635903535293,0.256,0.5
supermat,nfix,NTP,500,prior_shift,55,1.0,-0.9844989819006885,0.272,0.5
supermat,nfix,NTP,500,prior_shift,56,1.0,-1.0773913331852243,0.254,0.5
supermat,nfix,NTP,500,prior_shift,57,1.0,-1.0879738904630538,0.252,0.5
supermat,nfix,NTP,500,prior_shift,58,1.0,-0.9345624981101107,0.282,0.5
supermat,nfix,NTP,500,prior_shift,59,1.0,-0.8760354701545604,0.294,0.5
supermat,nfix,NTP,500,prior_shift,60,1.0,-1.2656663733312759,0.22,0.5
supermat,nfix,NTP,500,prior_shift,61,1.0,-1.0047935334504547,0.268,0.5
supermat,nfix,NTP,500,prior_shift,62,1.0,-0.9643905266685663,0.276,0.5
supermat,nfix,NTP,500,prior_shift,63,1.0,-1.0668635903535293,0.256,0.5
supermat,nfix,NTP,500,prior_shift,64,1.0,-1.1417456594856852,0.242,0.5
supermat,nfix,NTP,500,prior_shift,65,1.0,-0.5753641449035619,0.36,0.5
supermat,nfix,NTP,500,prior_shift,66,1.0,-0.954404025202189,0.278,0.5
supermat,nfix,NTP,500,prior_shift,67,1.0,-0.9946225751440619,0.27,0.5
supermat,nfix,NTP,500,prior_shift,68,1.0,-0.8472978603872037,0.3,0.5
supermat,nfix,NTP,500,prior_shift,69,1.0,-1.0668635903535293,0.256,0.5
supermat,nfix,NTP,500,prior_shift,70,1.0,-0.9444616088408512,0.28,0.5
supermat,nfix,NTP,500,prior_shift,71,1.0,-1.2310368743174411,0.226,0.5
supermat,nfix,NTP,500,prior_shift,72,1.0,-1.1858610543828898,0.234,0.5
supermat,nfix,NTP,500,prior_shift,73,1.0,-1.0986122886681098,0.25,0.5
supermat,nfix,NTP,500,prior_shift,74,1.0,-1.0773913331852243,0.254,0.5
supermat,nfix,NTP,500,prior_shift,75,1.0,-0.9744219084367257,0.274,0.5
supermat,nfix,NTP,500,prior_shift,76,1.0,-1.056389658245763,0.258,0.5
supermat,nfix,NTP,500,prior_shift,77,1.0,-1.3249254147435987,0.21,0.5
supermat,nfix,NTP,500,prior_shift,78,1.0,-0.9051174312760298,0.288,0.5
supermat,nfix,NTP,500,prior_shift,79,1.0,-1.1417456594856852,0.242,0.5
supermat,nfix,NTP,500,prior_shift,80,1.0,-1.1417456594856852,0.242,0.5
supermat,nfix,NTP,500,prior_shift,81,1.0,-0.9345624981101107,0.282,0.5
supermat,nfix,NTP,500,prior_shift,82,1.0,-0.866418901833982,0.296,0.5
supermat,nfix,NTP,500,prior_shift,83,1.0,-1.0773913331852243,0.254,0.5
supermat,nfix,NTP,500,prior_shift,84,1.0,-0.9744219084367257,0.274,0.5
supermat,nfix,NTP,500,prior_shift,85,1.0,-0.9148911515197319,0.286,0.5
supermat,nfix,NTP,500,prior_shift,86,1.0,-1.0668635903535293,0.256,0.5
supermat,nfix,NTP,500,prior_shift,87,1.0,-1.1093075777848578,0.248,0.5
supermat,nfix,NTP,500,prior_shift,88,1.0,-1.1747359841409104,0.236,0.5
supermat,nfix,NTP,500,prior_shift,89,1.0,-0.8953840470548413,0.29,0.5
supermat,nfix,NTP,500,prior_shift,90,1.0,-1.1093075777848578,0.248,0.5
supermat,nfix,NTP,500,prior_shift,91,1.0,-0.9051174312760298,0.288,0.5
supermat,nfix,NTP,500,prior_shift,92,1.0,-0.8760354701545604,0.294,0.5
supermat,nfix,NTP,500,prior_shift,93,1.0,-0.9345624981101107,0.282,0.5
supermat,nfix,NTP,500,prior_shift,94,1.0,-1.1093075777848578,0.248,0.5
supermat,nfix,NTP,500,prior_shift,95,1.0,-0.9844989819006885,0.272,0.5
supermat,nfix,NTP,500,prior_shift,96,1.0,-0.8094861726440952,0.308,0.5
supermat,nfix,NTP,500,prior_shift,97,1.0,-0.6901486775636886,0.334,0.5
supermat,nfix,NTP,500,prior_shift,98,1.0,-1.1200608320755931,0.246,0.5
supermat,nfix,NTP,500,prior_shift,99,1.0,-0.8760354701545604,0.294,0.5
supermat,nfix,Probe,1000,prior_shift,0,1.0,-1.1526795099383855,0.24,0.5
supermat,nfix,Probe,1000,prior_shift,1,1.0,-0.9197933624253573,0.285,0.5
supermat,nfix,Probe,1000,prior_shift,2,1.0,-1.1691978901493258,0.237,0.5
supermat,nfix,Probe,1000,prior_shift,3,1.0,-0.9694005571881034,0.275,0.5
supermat,nfix,Probe,1000,prior_shift,4,1.0,-0.7675930856935094,0.317,0.5
supermat,nfix,Probe,1000,prior_shift,5,1.0,-1.0047935334504547,0.268,0.5
supermat,nfix,Probe,1000,prior_shift,6,1.0,-0.9744219084367257,0.274,0.5
supermat,nfix,Probe,1000,prior_shift,7,1.0,-0.9946225751440619,0.27,0.5
supermat,nfix,Probe,1000,prior_shift,8,1.0,-0.828321958928198,0.304,0.5
supermat,nfix,Probe,1000,prior_shift,9,1.0,-1.0932860443854355,0.251,0.5
supermat,nfix,Probe,1000,prior_shift,10,1.0,-1.056389658245763,0.258,0.5
supermat,nfix,Probe,1000,prior_shift,11,1.0,-0.6234377200061422,0.349,0.5
supermat,nfix,Probe,1000,prior_shift,12,1.0,-0.9694005571881034,0.275,0.5
supermat,nfix,Probe,1000,prior_shift,13,1.0,-1.1526795099383855,0.24,0.5
supermat,nfix,Probe,1000,prior_shift,14,1.0,-0.9643905266685663,0.276,0.5
supermat,nfix,Probe,1000,prior_shift,15,1.0,-1.1581698059301753,0.239,0.5
supermat,nfix,Probe,1000,prior_shift,16,1.0,-0.8905322593606352,0.291,0.5
supermat,nfix,Probe,1000,prior_shift,17,1.0,-1.1039527552994273,0.249,0.5
supermat,nfix,Probe,1000,prior_shift,18,1.0,-1.1308731508863312,0.244,0.5
supermat,nfix,Probe,1000,prior_shift,19,1.0,-1.1858610543828898,0.234,0.5
supermat,nfix,Probe,1000,prior_shift,20,1.0,-0.9844989819006885,0.272,0.5
supermat,nfix,Probe,1000,prior_shift,21,1.0,-1.0773913331852243,0.254,0.5
supermat,nfix,Probe,1000,prior_shift,22,1.0,-1.1472048439049751,0.241,0.5
supermat,nfix,Probe,1000,prior_shift,23,1.0,-1.0407775136255082,0.261,0.5
supermat,nfix,Probe,1000,prior_shift,24,1.0,-0.8236000689573806,0.305,0.5
supermat,nfix,Probe,1000,prior_shift,25,1.0,-0.9643905266685663,0.276,0.5
supermat,nfix,Probe,1000,prior_shift,26,1.0,-1.1636758820151716,0.238,0.5
supermat,nfix,Probe,1000,prior_shift,27,1.0,-1.2026732589838505,0.231,0.5
supermat,nfix,Probe,1000,prior_shift,28,1.0,-0.9345624981101107,0.282,0.5
supermat,nfix,Probe,1000,prior_shift,29,1.0,-1.1200608320755931,0.246,0.5
supermat,nfix,Probe,1000,prior_shift,30,1.0,-0.871222446472449,0.295,0.5
supermat,nfix,Probe,1000,prior_shift,31,1.0,-0.8760354701545604,0.294,0.5
supermat,nfix,Probe,1000,prior_shift,32,1.0,-0.8047985468699244,0.309,0.5
supermat,nfix,Probe,1000,prior_shift,33,1.0,-1.0879738904630538,0.252,0.5
supermat,nfix,Probe,1000,prior_shift,34,1.0,-0.954404025202189,0.278,0.5
supermat,nfix,Probe,1000,prior_shift,35,1.0,-1.0459685551826876,0.26,0.5
supermat,nfix,Probe,1000,prior_shift,36,1.0,-1.0201406732266145,0.265,0.5
supermat,nfix,Probe,1000,prior_shift,37,1.0,-0.9694005571881034,0.275,0.5
supermat,nfix,Probe,1000,prior_shift,38,1.0,-1.1093075777848578,0.248,0.5
supermat,nfix,Probe,1000,prior_shift,39,1.0,-1.02528101558256,0.264,0.5
supermat,nfix,Probe,1000,prior_shift,40,1.0,-1.1200608320755931,0.246,0.5
supermat,nfix,Probe,1000,prior_shift,41,1.0,-1.0098970434864019,0.267,0.5
supermat,nfix,Probe,1000,prior_shift,42,1.0,-0.9694005571881034,0.275,0.5
supermat,nfix,Probe,1000,prior_shift,43,1.0,-0.9444616088408512,0.28,0.5
supermat,nfix,Probe,1000,prior_shift,44,1.0,-0.6946475559351798,0.333,0.5
supermat,nfix,Probe,1000,prior_shift,45,1.0,-1.0201406732266145,0.265,0.5
supermat,nfix,Probe,1000,prior_shift,46,1.0,-0.9694005571881034,0.275,0.5
supermat,nfix,Probe,1000,prior_shift,47,1.0,-0.7861311016821961,0.313,0.5
supermat,nfix,Probe,1000,prior_shift,48,1.0,-0.8905322593606352,0.291,0.5
supermat,nfix,Probe,1000,prior_shift,49,1.0,-0.9946225751440619,0.27,0.5
supermat,nfix,Probe,1000,prior_shift,50,1.0,-0.7537718023763801,0.32,0.5
supermat,nfix,Probe,1000,prior_shift,51,1.0,-1.0932860443854355,0.251,0.5
supermat,nfix,Probe,1000,prior_shift,52,1.0,-1.0668635903535293,0.256,0.5
supermat,nfix,Probe,1000,prior_shift,53,1.0,-1.030433860011572,0.263,0.5
supermat,nfix,Probe,1000,prior_shift,54,1.0,-1.0986122886681098,0.25,0.5
supermat,nfix,Probe,1000,prior_shift,55,1.0,-1.2083112059245342,0.23,0.5
supermat,nfix,Probe,1000,prior_shift,56,1.0,-1.1417456594856852,0.242,0.5
supermat,nfix,Probe,1000,prior_shift,57,1.0,-1.02528101558256,0.264,0.5
supermat,nfix,Probe,1000,prior_shift,58,1.0,-1.0459685551826876,0.26,0.5
supermat,nfix,Probe,1000,prior_shift,59,1.0,-0.8616247530079655,0.297,0.5
supermat,nfix,Probe,1000,prior_shift,60,1.0,-1.1581698059301753,0.239,0.5
supermat,nfix,Probe,1000,prior_shift,61,1.0,-0.9744219084367257,0.274,0.5
supermat,nfix,Probe,1000,prior_shift,62,1.0,-0.9197933624253573,0.285,0.5
supermat,nfix,Probe,1000,prior_shift,63,1.0,-0.9794546823485595,0.273,0.5
supermat,nfix,Probe,1000,prior_shift,64,1.0,-1.0879738904630538,0.252,0.5
supermat,nfix,Probe,1000,prior_shift,65,1.0,-0.6811709895132295,0.336,0.5
supermat,nfix,Probe,1000,prior_shift,66,1.0,-1.0150127198328165,0.266,0.5
supermat,nfix,Probe,1000,prior_shift,67,1.0,-0.9395066883873008,0.281,0.5
supermat,nfix,Probe,1000,prior_shift,68,1.0,-0.8856902914254381,0.292,0.5
supermat,nfix,Probe,1000,prior_shift,69,1.0,-1.030433860011572,0.263,0.5
supermat,nfix,Probe,1000,prior_shift,70,1.0,-0.8094861726440952,0.308,0.5
supermat,nfix,Probe,1000,prior_shift,71,1.0,-1.0616199598225393,0.257,0.5
supermat,nfix,Probe,1000,prior_shift,72,1.0,-1.2367626271489267,0.225,0.5
supermat,nfix,Probe,1000,prior_shift,73,1.0,-1.0616199598225393,0.257,0.5
supermat,nfix,Probe,1000,prior_shift,74,1.0,-0.9002457416908088,0.289,0.5
supermat,nfix,Probe,1000,prior_shift,75,1.0,-1.1146768911719165,0.247,0.5
supermat,nfix,Probe,1000,prior_shift,76,1.0,-0.8425404774849345,0.301,0.5
supermat,nfix,Probe,1000,prior_shift,77,1.0,-1.21396637000909,0.229,0.5
supermat,nfix,Probe,1000,prior_shift,78,1.0,-0.8377920853875029,0.302,0.5
supermat,nfix,Probe,1000,prior_shift,79,1.0,-1.030433860011572,0.263,0.5
supermat,nfix,Probe,1000,prior_shift,80,1.0,-1.1526795099383855,0.24,0.5
supermat,nfix,Probe,1000,prior_shift,81,1.0,-0.954404025202189,0.278,0.5
supermat,nfix,Probe,1000,prior_shift,82,1.0,-0.9247059287994397,0.284,0.5
supermat,nfix,Probe,1000,prior_shift,83,1.0,-1.0150127198328165,0.266,0.5
supermat,nfix,Probe,1000,prior_shift,84,1.0,-1.1526795099383855,0.24,0.5
supermat,nfix,Probe,1000,prior_shift,85,1.0,-1.0098970434864019,0.267,0.5
supermat,nfix,Probe,1000,prior_shift,86,1.0,-1.0986122886681098,0.25,0.5
supermat,nfix,Probe,1000,prior_shift,87,1.0,-1.1970523614813622,0.232,0.5
supermat,nfix,Probe,1000,prior_shift,88,1.0,-0.9997020801479393,0.269,0.5
supermat,nfix,Probe,1000,prior_shift,89,1.0,-0.8953840470548413,0.29,0.5
supermat,nfix,Probe,1000,prior_shift,90,1.0,-1.0098970434864019,0.267,0.5
supermat,nfix,Probe,1000,prior_shift,91,1.0,-0.9444616088408512,0.28,0.5
supermat,nfix,Probe,1000,prior_shift,92,1.0,-0.9345624981101107,0.282,0.5
supermat,nfix,Probe,1000,prior_shift,93,1.0,-0.9494273554635834,0.279,0.5
supermat,nfix,Probe,1000,prior_shift,94,1.0,-1.1308731508863312,0.244,0.5
supermat,nfix,Probe,1000,prior_shift,95,1.0,-0.9395066883873008,0.281,0.5
supermat,nfix,Probe,1000,prior_shift,96,1.0,-0.9895549111289571,0.271,0.5
supermat,nfix,Probe,1000,prior_shift,97,1.0,-0.8808580568795056,0.293,0.5
supermat,nfix,Probe,1000,prior_shift,98,1.0,-1.0773913331852243,0.254,0.5
supermat,nfix,Probe,1000,prior_shift,99,1.0,-0.8760354701545604,0.294,0.5
supermat,nfix,NTP,1000,prior_shift,0,1.0,-1.1526795099383855,0.24,0.5
supermat,nfix,NTP,1000,prior_shift,1,1.0,-0.9197933624253573,0.285,0.5
supermat,nfix,NTP,1000,prior_shift,2,1.0,-1.1691978901493258,0.237,0.5
supermat,nfix,NTP,1000,prior_shift,3,1.0,-0.9694005571881034,0.275,0.5
supermat,nfix,NTP,1000,prior_shift,4,1.0,-0.7675930856935094,0.317,0.5
supermat,nfix,NTP,1000,prior_shift,5,1.0,-1.0047935334504547,0.268,0.5
supermat,nfix,NTP,1000,prior_shift,6,1.0,-0.9744219084367257,0.274,0.5
supermat,nfix,NTP,1000,prior_shift,7,1.0,-0.9946225751440619,0.27,0.5
supermat,nfix,NTP,1000,prior_shift,8,1.0,-0.828321958928198,0.304,0.5
supermat,nfix,NTP,1000,prior_shift,9,1.0,-1.0932860443854355,0.251,0.5
supermat,nfix,NTP,1000,prior_shift,10,1.0,-1.056389658245763,0.258,0.5
supermat,nfix,NTP,1000,prior_shift,11,1.0,-0.6234377200061422,0.349,0.5
supermat,nfix,NTP,1000,prior_shift,12,1.0,-0.9694005571881034,0.275,0.5
supermat,nfix,NTP,1000,prior_shift,13,1.0,-1.1526795099383855,0.24,0.5
supermat,nfix,NTP,1000,prior_shift,14,1.0,-0.9643905266685663,0.276,0.5
supermat,nfix,NTP,1000,prior_shift,15,1.0,-1.1581698059301753,0.239,0.5
supermat,nfix,NTP,1000,prior_shift,16,1.0,-0.8905322593606352,0.291,0.5
supermat,nfix,NTP,1000,prior_shift,17,1.0,-1.1039527552994273,0.249,0.5
supermat,nfix,NTP,1000,prior_shift,18,1.0,-1.1308731508863312,0.244,0.5
supermat,nfix,NTP,1000,prior_shift,19,1.0,-1.1858610543828898,0.234,0.5
supermat,nfix,NTP,1000,prior_shift,20,1.0,-0.9844989819006885,0.272,0.5
supermat,nfix,NTP,1000,prior_shift,21,1.0,-1.0773913331852243,0.254,0.5
supermat,nfix,NTP,1000,prior_shift,22,1.0,-1.1472048439049751,0.241,0.5
supermat,nfix,NTP,1000,prior_shift,23,1.0,-1.0407775136255082,0.261,0.5
supermat,nfix,NTP,1000,prior_shift,24,1.0,-0.8236000689573806,0.305,0.5
supermat,nfix,NTP,1000,prior_shift,25,1.0,-0.9643905266685663,0.276,0.5
supermat,nfix,NTP,1000,prior_shift,26,1.0,-1.1636758820151716,0.238,0.5
supermat,nfix,NTP,1000,prior_shift,27,1.0,-1.2026732589838505,0.231,0.5
supermat,nfix,NTP,1000,prior_shift,28,1.0,-0.9345624981101107,0.282,0.5
supermat,nfix,NTP,1000,prior_shift,29,1.0,-1.1200608320755931,0.246,0.5
supermat,nfix,NTP,1000,prior_shift,30,1.0,-0.871222446472449,0.295,0.5
supermat,nfix,NTP,1000,prior_shift,31,1.0,-0.8760354701545604,0.294,0.5
supermat,nfix,NTP,1000,prior_shift,32,1.0,-0.8047985468699244,0.309,0.5
supermat,nfix,NTP,1000,prior_shift,33,1.0,-1.0879738904630538,0.252,0.5
supermat,nfix,NTP,1000,prior_shift,34,1.0,-0.954404025202189,0.278,0.5
supermat,nfix,NTP,1000,prior_shift,35,1.0,-1.0459685551826876,0.26,0.5
supermat,nfix,NTP,1000,prior_shift,36,1.0,-1.0201406732266145,0.265,0.5
supermat,nfix,NTP,1000,prior_shift,37,1.0,-0.9694005571881034,0.275,0.5
supermat,nfix,NTP,1000,prior_shift,38,1.0,-1.1093075777848578,0.248,0.5
supermat,nfix,NTP,1000,prior_shift,39,1.0,-1.02528101558256,0.264,0.5
supermat,nfix,NTP,1000,prior_shift,40,1.0,-1.1200608320755931,0.246,0.5
supermat,nfix,NTP,1000,prior_shift,41,1.0,-1.0098970434864019,0.267,0.5
supermat,nfix,NTP,1000,prior_shift,42,1.0,-0.9694005571881034,0.275,0.5
supermat,nfix,NTP,1000,prior_shift,43,1.0,-0.9444616088408512,0.28,0.5
supermat,nfix,NTP,1000,prior_shift,44,1.0,-0.6946475559351798,0.333,0.5
supermat,nfix,NTP,1000,prior_shift,45,1.0,-1.0201406732266145,0.265,0.5
supermat,nfix,NTP,1000,prior_shift,46,1.0,-0.9694005571881034,0.275,0.5
supermat,nfix,NTP,1000,prior_shift,47,1.0,-0.7861311016821961,0.313,0.5
supermat,nfix,NTP,1000,prior_shift,48,1.0,-0.8905322593606352,0.291,0.5
supermat,nfix,NTP,1000,prior_shift,49,1.0,-0.9946225751440619,0.27,0.5
supermat,nfix,NTP,1000,prior_shift,50,1.0,-0.7537718023763801,0.32,0.5
supermat,nfix,NTP,1000,prior_shift,51,1.0,-1.0932860443854355,0.251,0.5
supermat,nfix,NTP,1000,prior_shift,52,1.0,-1.0668635903535293,0.256,0.5
supermat,nfix,NTP,1000,prior_shift,53,1.0,-1.030433860011572,0.263,0.5
supermat,nfix,NTP,1000,prior_shift,54,1.0,-1.0986122886681098,0.25,0.5
supermat,nfix,NTP,1000,prior_shift,55,1.0,-1.2083112059245342,0.23,0.5
supermat,nfix,NTP,1000,prior_shift,56,1.0,-1.1417456594856852,0.242,0.5
supermat,nfix,NTP,1000,prior_shift,57,1.0,-1.02528101558256,0.264,0.5
supermat,nfix,NTP,1000,prior_shift,58,1.0,-1.0459685551826876,0.26,0.5
supermat,nfix,NTP,1000,prior_shift,59,1.0,-0.8616247530079655,0.297,0.5
supermat,nfix,NTP,1000,prior_shift,60,1.0,-1.1581698059301753,0.239,0.5
supermat,nfix,NTP,1000,prior_shift,61,1.0,-0.9744219084367257,0.274,0.5
supermat,nfix,NTP,1000,prior_shift,62,1.0,-0.9197933624253573,0.285,0.5
supermat,nfix,NTP,1000,prior_shift,63,1.0,-0.9794546823485595,0.273,0.5
supermat,nfix,NTP,1000,prior_shift,64,1.0,-1.0879738904630538,0.252,0.5
supermat,nfix,NTP,1000,prior_shift,65,1.0,-0.6811709895132295,0.336,0.5
supermat,nfix,NTP,1000,prior_shift,66,1.0,-1.0150127198328165,0.266,0.5
supermat,nfix,NTP,1000,prior_shift,67,1.0,-0.9395066883873008,0.281,0.5
supermat,nfix,NTP,1000,prior_shift,68,1.0,-0.8856902914254381,0.292,0.5
supermat,nfix,NTP,1000,prior_shift,69,1.0,-1.030433860011572,0.263,0.5
supermat,nfix,NTP,1000,prior_shift,70,1.0,-0.8094861726440952,0.308,0.5
supermat,nfix,NTP,1000,prior_shift,71,1.0,-1.0616199598225393,0.257,0.5
supermat,nfix,NTP,1000,prior_shift,72,1.0,-1.2367626271489267,0.225,0.5
supermat,nfix,NTP,1000,prior_shift,73,1.0,-1.0616199598225393,0.257,0.5
supermat,nfix,NTP,1000,prior_shift,74,1.0,-0.9002457416908088,0.289,0.5
supermat,nfix,NTP,1000,prior_shift,75,1.0,-1.1146768911719165,0.247,0.5
supermat,nfix,NTP,1000,prior_shift,76,1.0,-0.8425404774849345,0.301,0.5
supermat,nfix,NTP,1000,prior_shift,77,1.0,-1.21396637000909,0.229,0.5
supermat,nfix,NTP,1000,prior_shift,78,1.0,-0.8377920853875029,0.302,0.5
supermat,nfix,NTP,1000,prior_shift,79,1.0,-1.030433860011572,0.263,0.5
supermat,nfix,NTP,1000,prior_shift,80,1.0,-1.1526795099383855,0.24,0.5
supermat,nfix,NTP,1000,prior_shift,81,1.0,-0.954404025202189,0.278,0.5
supermat,nfix,NTP,1000,prior_shift,82,1.0,-0.9247059287994397,0.284,0.5
supermat,nfix,NTP,1000,prior_shift,83,1.0,-1.0150127198328165,0.266,0.5
supermat,nfix,NTP,1000,prior_shift,84,1.0,-1.1526795099383855,0.24,0.5
supermat,nfix,NTP,1000,prior_shift,85,1.0,-1.0098970434864019,0.267,0.5
supermat,nfix,NTP,1000,prior_shift,86,1.0,-1.0986122886681098,0.25,0.5
supermat,nfix,NTP,1000,prior_shift,87,1.0,-1.1970523614813622,0.232,0.5
supermat,nfix,NTP,1000,prior_shift,88,1.0,-0.9997020801479393,0.269,0.5
supermat,nfix,NTP,1000,prior_shift,89,1.0,-0.8953840470548413,0.29,0.5
supermat,nfix,NTP,1000,prior_shift,90,1.0,-1.0098970434864019,0.267,0.5
supermat,nfix,NTP,1000,prior_shift,91,1.0,-0.9444616088408512,0.28,0.5
supermat,nfix,NTP,1000,prior_shift,92,1.0,-0.9345624981101107,0.282,0.5
supermat,nfix,NTP,1000,prior_shift,93,1.0,-0.9494273554635834,0.279,0.5
supermat,nfix,NTP,1000,prior_shift,94,1.0,-1.1308731508863312,0.244,0.5
supermat,nfix,NTP,1000,prior_shift,95,1.0,-0.9395066883873008,0.281,0.5
supermat,nfix,NTP,1000,prior_shift,96,1.0,-0.9895549111289571,0.271,0.5
supermat,nfix,NTP,1000,prior_shift,97,1.0,-0.8808580568795056,0.293,0.5
supermat,nfix,NTP,1000,prior_shift,98,1.0,-1.0773913331852243,0.254,0.5
supermat,nfix,NTP,1000,prior_shift,99,1.0,-0.8760354701545604,0.294,0.5
supermat,supermat,Probe,10,prior_shift,0,1.0,-2.197224577336219,0.1,0.5
supermat,supermat,Probe,10,prior_shift,1,1.0,-1.3862943611198906,0.2,0.5
supermat,supermat,Probe,10,prior_shift,2,1.0,0.0,0.5,0.5
supermat,supermat,Probe,10,prior_shift,3,1.0,0.0,0.5,0.5
supermat,supermat,Probe,10,prior_shift,4,1.0,-0.4054651081081643,0.4,0.5
supermat,supermat,Probe,10,prior_shift,5,1.0,-1.3862943611198906,0.2,0.5
supermat,supermat,Probe,10,prior_shift,6,1.0,-1.3862943611198906,0.2,0.5
supermat,supermat,Probe,10,prior_shift,7,1.0,0.8472978603872034,0.7,0.5
supermat,supermat,Probe,10,prior_shift,8,1.0,-0.8472978603872037,0.3,0.5
supermat,supermat,Probe,10,prior_shift,9,1.0,-0.8472978603872037,0.3,0.5
supermat,supermat,Probe,10,prior_shift,10,1.0,-1.3862943611198906,0.2,0.5
supermat,supermat,Probe,10,prior_shift,11,1.0,-0.4054651081081643,0.4,0.5
supermat,supermat,Probe,10,prior_shift,12,1.0,0.0,0.5,0.5
supermat,supermat,Probe,10,prior_shift,13,1.0,-1.3862943611198906,0.2,0.5
supermat,supermat,Probe,10,prior_shift,14,1.0,0.0,0.5,0.5
supermat,supermat,Probe,10,prior_shift,15,1.0,0.4054651081081643,0.6,0.5
supermat,supermat,Probe,10,prior_shift,16,1.0,0.0,0.5,0.5
supermat,supermat,Probe,10,prior_shift,17,1.0,-0.8472978603872037,0.3,0.5
supermat,supermat,Probe,10,prior_shift,18,1.0,-0.8472978603872037,0.3,0.5
supermat,supermat,Probe,10,prior_shift,19,1.0,-1.3862943611198906,0.2,0.5
supermat,supermat,Probe,10,prior_shift,20,1.0,0.0,0.5,0.5
supermat,supermat,Probe,10,prior_shift,21,1.0,-2.197224577336219,0.1,0.5
supermat,supermat,Probe,10,prior_shift,22,1.0,-1.3862943611198906,0.2,0.5
supermat,supermat,Probe,10,prior_shift,23,1.0,-0.4054651081081643,0.4,0.5
supermat,supermat,Probe,10,prior_shift,24,1.0,-2.197224577336219,0.1,0.5
supermat,supermat,Probe,10,prior_shift,25,1.0,-0.8472978603872037,0.3,0.5
supermat,supermat,Probe,10,prior_shift,26,1.0,0.0,0.5,0.5
supermat,supermat,Probe,10,prior_shift,27,1.0,-1.3862943611198906,0.2,0.5
supermat,supermat,Probe,10,prior_shift,28,1.0,-0.8472978603872037,0.3,0.5
supermat,supermat,Probe,10,prior_shift,29,1.0,-1.3862943611198906,0.2,0.5
supermat,supermat,Probe,10,prior_shift,30,1.0,-1.3862943611198906,0.2,0.5
supermat,supermat,Probe,10,prior_shift,31,1.0,-0.8472978603872037,0.3,0.5
supermat,supermat,Probe,10,prior_shift,32,1.0,-0.8472978603872037,0.3,0.5
supermat,supermat,Probe,10,prior_shift,33,1.0,-2.197224577336219,0.1,0.5
supermat,supermat,Probe,10,prior_shift,34,1.0,0.4054651081081643,0.6,0.5
supermat,supermat,Probe,10,prior_shift,35,1.0,-0.8472978603872037,0.3,0.5
supermat,supermat,Probe,10,prior_shift,36,1.0,0.0,0.5,0.5
supermat,supermat,Probe,10,prior_shift,37,1.0,-1.3862943611198906,0.2,0.5
supermat,supermat,Probe,10,prior_shift,38,1.0,-0.4054651081081643,0.4,0.5
supermat,supermat,Probe,10,prior_shift,39,1.0,-1.3862943611198906,0.2,0.5
supermat,supermat,Probe,10,prior_shift,40,1.0,0.4054651081081643,0.6,0.5
supermat,supermat,Probe,10,prior_shift,41,1.0,-0.4054651081081643,0.4,0.5
supermat,supermat,Probe,10,prior_shift,42,1.0,-0.8472978603872037,0.3,0.5
supermat,supermat,Probe,10,prior_shift,43,1.0,0.0,0.5,0.5
supermat,supermat,Probe,10,prior_shift,44,1.0,0.0,0.5,0.5
supermat,supermat,Probe,10,prior_shift,45,1.0,-1.3862943611198906,0.2,0.5
supermat,supermat,Probe,10,prior_shift,46,1.0,-1.3862943611198906,0.2,0.5
supermat,supermat,Probe,10,prior_shift,47,1.0,0.4054651081081643,0.6,0.5
supermat,supermat,Probe,10,prior_shift,48,1.0,0.0,0.5,0.5
supermat,supermat,Probe,10,prior_shift,50,1.0,-1.3862943611198906,0.2,0.5
supermat,supermat,Probe,10,prior_shift,51,1.0,-0.4054651081081643,0.4,0.5
supermat,supermat,Probe,10,prior_shift,52,1.0,-0.4054651081081643,0.4,0.5
supermat,supermat,Probe,10,prior_shift,53,1.0,-1.3862943611198906,0.2,0.5
supermat,supermat,Probe,10,prior_shift,54,1.0,0.0,0.5,0.5
supermat,supermat,Probe,10,prior_shift,55,1.0,0.0,0.5,0.5
supermat,supermat,Probe,10,prior_shift,56,1.0,-1.3862943611198906,0.2,0.5
supermat,supermat,Probe,10,prior_shift,57,1.0,-0.8472978603872037,0.3,0.5
supermat,supermat,Probe,10,prior_shift,58,1.0,-0.4054651081081643,0.4,0.5
supermat,supermat,Probe,10,prior_shift,59,1.0,-1.3862943611198906,0.2,0.5
supermat,supermat,Probe,10,prior_shift,60,1.0,-1.3862943611198906,0.2,0.5
supermat,supermat,Probe,10,prior_shift,61,1.0,1.3862943611198908,0.8,0.5
supermat,supermat,Probe,10,prior_shift,62,1.0,-0.8472978603872037,0.3,0.5
supermat,supermat,Probe,10,prior_shift,63,1.0,-0.8472978603872037,0.3,0.5
supermat,supermat,Probe,10,prior_shift,64,1.0,-0.8472978603872037,0.3,0.5
supermat,supermat,Probe,10,prior_shift,65,1.0,-0.4054651081081643,0.4,0.5
supermat,supermat,Probe,10,prior_shift,66,1.0,-2.197224577336219,0.1,0.5
supermat,supermat,Probe,10,prior_shift,67,1.0,0.4054651081081643,0.6,0.5
supermat,supermat,Probe,10,prior_shift,68,1.0,-1.3862943611198906,0.2,0.5
supermat,supermat,Probe,10,prior_shift,69,1.0,-0.8472978603872037,0.3,0.5
supermat,supermat,Probe,10,prior_shift,70,1.0,-1.3862943611198906,0.2,0.5
supermat,supermat,Probe,10,prior_shift,71,1.0,-0.4054651081081643,0.4,0.5
supermat,supermat,Probe,10,prior_shift,72,1.0,-0.8472978603872037,0.3,0.5
supermat,supermat,Probe,10,prior_shift,73,1.0,0.0,0.5,0.5
supermat,supermat,Probe,10,prior_shift,74,1.0,-0.8472978603872037,0.3,0.5
supermat,supermat,Probe,10,prior_shift,75,1.0,-1.3862943611198906,0.2,0.5
supermat,supermat,Probe,10,prior_shift,76,1.0,-0.8472978603872037,0.3,0.5
supermat,supermat,Probe,10,prior_shift,77,1.0,0.0,0.5,0.5
supermat,supermat,Probe,10,prior_shift,78,1.0,-0.8472978603872037,0.3,0.5
supermat,supermat,Probe,10,prior_shift,79,1.0,-0.4054651081081643,0.4,0.5
supermat,supermat,Probe,10,prior_shift,80,1.0,-0.4054651081081643,0.4,0.5
supermat,supermat,Probe,10,prior_shift,81,1.0,0.0,0.5,0.5
supermat,supermat,Probe,10,prior_shift,82,1.0,0.0,0.5,0.5
supermat,supermat,Probe,10,prior_shift,83,1.0,0.0,0.5,0.5
supermat,supermat,Probe,10,prior_shift,84,1.0,-0.4054651081081643,0.4,0.5
supermat,supermat,Probe,10,prior_shift,85,1.0,0.0,0.5,0.5
supermat,supermat,Probe,10,prior_shift,86,1.0,-0.4054651081081643,0.4,0.5
supermat,supermat,Probe,10,prior_shift,87,1.0,0.0,0.5,0.5
supermat,supermat,Probe,10,prior_shift,88,1.0,-0.4054651081081643,0.4,0.5
supermat,supermat,Probe,10,prior_shift,89,1.0,0.4054651081081643,0.6,0.5
supermat,supermat,Probe,10,prior_shift,90,1.0,-0.4054651081081643,0.4,0.5
supermat,supermat,Probe,10,prior_shift,91,1.0,-1.3862943611198906,0.2,0.5
supermat,supermat,Probe,10,prior_shift,92,1.0,-0.4054651081081643,0.4,0.5
supermat,supermat,Probe,10,prior_shift,93,1.0,0.0,0.5,0.5
supermat,supermat,Probe,10,prior_shift,94,1.0,-0.4054651081081643,0.4,0.5
supermat,supermat,Probe,10,prior_shift,95,1.0,-2.197224577336219,0.1,0.5
supermat,supermat,Probe,10,prior_shift,96,1.0,-1.3862943611198906,0.2,0.5
supermat,supermat,Probe,10,prior_shift,97,1.0,-0.4054651081081643,0.4,0.5
supermat,supermat,Probe,10,prior_shift,98,1.0,-2.197224577336219,0.1,0.5
supermat,supermat,Probe,10,prior_shift,99,1.0,0.4054651081081643,0.6,0.5
supermat,supermat,Probe,10,prior_shift,100,1.0,-0.8472978603872037,0.3,0.5
supermat,supermat,NTP,10,prior_shift,0,1.0,-2.197224577336219,0.1,0.5
supermat,supermat,NTP,10,prior_shift,1,1.0,-1.3862943611198906,0.2,0.5
supermat,supermat,NTP,10,prior_shift,2,1.0,0.0,0.5,0.5
supermat,supermat,NTP,10,prior_shift,3,1.0,0.0,0.5,0.5
supermat,supermat,NTP,10,prior_shift,4,1.0,-0.4054651081081643,0.4,0.5
supermat,supermat,NTP,10,prior_shift,5,1.0,-1.3862943611198906,0.2,0.5
supermat,supermat,NTP,10,prior_shift,6,1.0,-1.3862943611198906,0.2,0.5
supermat,supermat,NTP,10,prior_shift,7,1.0,0.8472978603872034,0.7,0.5
supermat,supermat,NTP,10,prior_shift,8,1.0,-0.8472978603872037,0.3,0.5
supermat,supermat,NTP,10,prior_shift,9,1.0,-0.8472978603872037,0.3,0.5
supermat,supermat,NTP,10,prior_shift,10,1.0,-1.3862943611198906,0.2,0.5
supermat,supermat,NTP,10,prior_shift,11,1.0,-0.4054651081081643,0.4,0.5
supermat,supermat,NTP,10,prior_shift,12,1.0,0.0,0.5,0.5
supermat,supermat,NTP,10,prior_shift,13,1.0,-1.3862943611198906,0.2,0.5
supermat,supermat,NTP,10,prior_shift,14,1.0,0.0,0.5,0.5
supermat,supermat,NTP,10,prior_shift,15,1.0,0.4054651081081643,0.6,0.5
supermat,supermat,NTP,10,prior_shift,16,1.0,0.0,0.5,0.5
supermat,supermat,NTP,10,prior_shift,17,1.0,-0.8472978603872037,0.3,0.5
supermat,supermat,NTP,10,prior_shift,18,1.0,-0.8472978603872037,0.3,0.5
supermat,supermat,NTP,10,prior_shift,19,1.0,-1.3862943611198906,0.2,0.5
supermat,supermat,NTP,10,prior_shift,20,1.0,0.0,0.5,0.5
supermat,supermat,NTP,10,prior_shift,21,1.0,-2.197224577336219,0.1,0.5
supermat,supermat,NTP,10,prior_shift,22,1.0,-1.3862943611198906,0.2,0.5
supermat,supermat,NTP,10,prior_shift,23,1.0,-0.4054651081081643,0.4,0.5
supermat,supermat,NTP,10,prior_shift,24,1.0,-2.197224577336219,0.1,0.5
supermat,supermat,NTP,10,prior_shift,25,1.0,-0.8472978603872037,0.3,0.5
supermat,supermat,NTP,10,prior_shift,26,1.0,0.0,0.5,0.5
supermat,supermat,NTP,10,prior_shift,27,1.0,-1.3862943611198906,0.2,0.5
supermat,supermat,NTP,10,prior_shift,28,1.0,-0.8472978603872037,0.3,0.5
supermat,supermat,NTP,10,prior_shift,29,1.0,-1.3862943611198906,0.2,0.5
supermat,supermat,NTP,10,prior_shift,30,1.0,-1.3862943611198906,0.2,0.5
supermat,supermat,NTP,10,prior_shift,31,1.0,-0.8472978603872037,0.3,0.5
supermat,supermat,NTP,10,prior_shift,32,1.0,-0.8472978603872037,0.3,0.5
supermat,supermat,NTP,10,prior_shift,33,1.0,-2.197224577336219,0.1,0.5
supermat,supermat,NTP,10,prior_shift,34,1.0,0.4054651081081643,0.6,0.5
supermat,supermat,NTP,10,prior_shift,35,1.0,-0.8472978603872037,0.3,0.5
supermat,supermat,NTP,10,prior_shift,36,1.0,0.0,0.5,0.5
supermat,supermat,NTP,10,prior_shift,37,1.0,-1.3862943611198906,0.2,0.5
supermat,supermat,NTP,10,prior_shift,38,1.0,-0.4054651081081643,0.4,0.5
supermat,supermat,NTP,10,prior_shift,39,1.0,-1.3862943611198906,0.2,0.5
supermat,supermat,NTP,10,prior_shift,40,1.0,0.4054651081081643,0.6,0.5
supermat,supermat,NTP,10,prior_shift,41,1.0,-0.4054651081081643,0.4,0.5
supermat,supermat,NTP,10,prior_shift,42,1.0,-0.8472978603872037,0.3,0.5
supermat,supermat,NTP,10,prior_shift,43,1.0,0.0,0.5,0.5
supermat,supermat,NTP,10,prior_shift,44,1.0,0.0,0.5,0.5
supermat,supermat,NTP,10,prior_shift,45,1.0,-1.3862943611198906,0.2,0.5
supermat,supermat,NTP,10,prior_shift,46,1.0,-1.3862943611198906,0.2,0.5
supermat,supermat,NTP,10,prior_shift,47,1.0,0.4054651081081643,0.6,0.5
supermat,supermat,NTP,10,prior_shift,48,1.0,0.0,0.5,0.5
supermat,supermat,NTP,10,prior_shift,50,1.0,-1.3862943611198906,0.2,0.5
supermat,supermat,NTP,10,prior_shift,51,1.0,-0.4054651081081643,0.4,0.5
supermat,supermat,NTP,10,prior_shift,52,1.0,-0.4054651081081643,0.4,0.5
supermat,supermat,NTP,10,prior_shift,53,1.0,-1.3862943611198906,0.2,0.5
supermat,supermat,NTP,10,prior_shift,54,1.0,0.0,0.5,0.5
supermat,supermat,NTP,10,prior_shift,55,1.0,0.0,0.5,0.5
supermat,supermat,NTP,10,prior_shift,56,1.0,-1.3862943611198906,0.2,0.5
supermat,supermat,NTP,10,prior_shift,57,1.0,-0.8472978603872037,0.3,0.5
supermat,supermat,NTP,10,prior_shift,58,1.0,-0.4054651081081643,0.4,0.5
supermat,supermat,NTP,10,prior_shift,59,1.0,-1.3862943611198906,0.2,0.5
supermat,supermat,NTP,10,prior_shift,60,1.0,-1.3862943611198906,0.2,0.5
supermat,supermat,NTP,10,prior_shift,61,1.0,1.3862943611198908,0.8,0.5
supermat,supermat,NTP,10,prior_shift,62,1.0,-0.8472978603872037,0.3,0.5
supermat,supermat,NTP,10,prior_shift,63,1.0,-0.8472978603872037,0.3,0.5
supermat,supermat,NTP,10,prior_shift,64,1.0,-0.8472978603872037,0.3,0.5
supermat,supermat,NTP,10,prior_shift,65,1.0,-0.4054651081081643,0.4,0.5
supermat,supermat,NTP,10,prior_shift,66,1.0,-2.197224577336219,0.1,0.5
supermat,supermat,NTP,10,prior_shift,67,1.0,0.4054651081081643,0.6,0.5
supermat,supermat,NTP,10,prior_shift,68,1.0,-1.3862943611198906,0.2,0.5
supermat,supermat,NTP,10,prior_shift,69,1.0,-0.8472978603872037,0.3,0.5
supermat,supermat,NTP,10,prior_shift,70,1.0,-1.3862943611198906,0.2,0.5
supermat,supermat,NTP,10,prior_shift,71,1.0,-0.4054651081081643,0.4,0.5
supermat,supermat,NTP,10,prior_shift,72,1.0,-0.8472978603872037,0.3,0.5
supermat,supermat,NTP,10,prior_shift,73,1.0,0.0,0.5,0.5
supermat,supermat,NTP,10,prior_shift,74,1.0,-0.8472978603872037,0.3,0.5
supermat,supermat,NTP,10,prior_shift,75,1.0,-1.3862943611198906,0.2,0.5
supermat,supermat,NTP,10,prior_shift,76,1.0,-0.8472978603872037,0.3,0.5
supermat,supermat,NTP,10,prior_shift,77,1.0,0.0,0.5,0.5
supermat,supermat,NTP,10,prior_shift,78,1.0,-0.8472978603872037,0.3,0.5
supermat,supermat,NTP,10,prior_shift,79,1.0,-0.4054651081081643,0.4,0.5
supermat,supermat,NTP,10,prior_shift,80,1.0,-0.4054651081081643,0.4,0.5
supermat,supermat,NTP,10,prior_shift,81,1.0,0.0,0.5,0.5
supermat,supermat,NTP,10,prior_shift,82,1.0,0.0,0.5,0.5
supermat,supermat,NTP,10,prior_shift,83,1.0,0.0,0.5,0.5
supermat,supermat,NTP,10,prior_shift,84,1.0,-0.4054651081081643,0.4,0.5
supermat,supermat,NTP,10,prior_shift,85,1.0,0.0,0.5,0.5
supermat,supermat,NTP,10,prior_shift,86,1.0,-0.4054651081081643,0.4,0.5
supermat,supermat,NTP,10,prior_shift,87,1.0,0.0,0.5,0.5
supermat,supermat,NTP,10,prior_shift,88,1.0,-0.4054651081081643,0.4,0.5
supermat,supermat,NTP,10,prior_shift,89,1.0,0.4054651081081643,0.6,0.5
supermat,supermat,NTP,10,prior_shift,90,1.0,-0.4054651081081643,0.4,0.5
supermat,supermat,NTP,10,prior_shift,91,1.0,-1.3862943611198906,0.2,0.5
supermat,supermat,NTP,10,prior_shift,92,1.0,-0.4054651081081643,0.4,0.5
supermat,supermat,NTP,10,prior_shift,93,1.0,0.0,0.5,0.5
supermat,supermat,NTP,10,prior_shift,94,1.0,-0.4054651081081643,0.4,0.5
supermat,supermat,NTP,10,prior_shift,95,1.0,-2.197224577336219,0.1,0.5
supermat,supermat,NTP,10,prior_shift,96,1.0,-1.3862943611198906,0.2,0.5
supermat,supermat,NTP,10,prior_shift,97,1.0,-0.4054651081081643,0.4,0.5
supermat,supermat,NTP,10,prior_shift,98,1.0,-2.197224577336219,0.1,0.5
supermat,supermat,NTP,10,prior_shift,99,1.0,0.4054651081081643,0.6,0.5
supermat,supermat,NTP,10,prior_shift,100,1.0,-0.8472978603872037,0.3,0.5
supermat,supermat,Probe,50,prior_shift,0,1.0,-1.0459685551826876,0.26,0.5
supermat,supermat,Probe,50,prior_shift,1,1.0,-1.5163474893680886,0.18,0.5
supermat,supermat,Probe,50,prior_shift,2,1.0,-0.24116205681688807,0.44,0.5
supermat,supermat,Probe,50,prior_shift,3,1.0,-0.32277339226305113,0.42,0.5
supermat,supermat,Probe,50,prior_shift,4,1.0,-0.5753641449035619,0.36,0.5
supermat,supermat,Probe,50,prior_shift,5,1.0,-0.7537718023763801,0.32,0.5
supermat,supermat,Probe,50,prior_shift,6,1.0,-0.6632942174102641,0.34,0.5
supermat,supermat,Probe,50,prior_shift,7,1.0,-0.0800427076735365,0.48,0.5
supermat,supermat,Probe,50,prior_shift,8,1.0,-0.9444616088408512,0.28,0.5
supermat,supermat,Probe,50,prior_shift,9,1.0,-1.0459685551826876,0.26,0.5
supermat,supermat,Probe,50,prior_shift,10,1.0,-1.0459685551826876,0.26,0.5
supermat,supermat,Probe,50,prior_shift,11,1.0,-0.4054651081081643,0.4,0.5
supermat,supermat,Probe,50,prior_shift,12,1.0,-0.8472978603872037,0.3,0.5
supermat,supermat,Probe,50,prior_shift,13,1.0,-0.4054651081081643,0.4,0.5
supermat,supermat,Probe,50,prior_shift,14,1.0,-1.2656663733312759,0.22,0.5
supermat,supermat,Probe,50,prior_shift,15,1.0,0.4054651081081643,0.6,0.5
supermat,supermat,Probe,50,prior_shift,16,1.0,-0.32277339226305113,0.42,0.5
supermat,supermat,Probe,50,prior_shift,17,1.0,-1.6582280766035322,0.16,0.5
supermat,supermat,Probe,50,prior_shift,18,1.0,-0.7537718023763801,0.32,0.5
supermat,supermat,Probe,50,prior_shift,19,1.0,-0.24116205681688807,0.44,0.5
supermat,supermat,Probe,50,prior_shift,20,1.0,-0.4054651081081643,0.4,0.5
supermat,supermat,Probe,50,prior_shift,21,1.0,-0.9444616088408512,0.28,0.5
supermat,supermat,Probe,50,prior_shift,22,1.0,-1.1526795099383855,0.24,0.5
supermat,supermat,Probe,50,prior_shift,23,1.0,-1.2656663733312759,0.22,0.5
supermat,supermat,Probe,50,prior_shift,24,1.0,-0.8472978603872037,0.3,0.5
supermat,supermat,Probe,50,prior_shift,25,1.0,0.0800427076735365,0.52,0.5
supermat,supermat,Probe,50,prior_shift,26,1.0,-0.4054651081081643,0.4,0.5
supermat,supermat,Probe,50,prior_shift,27,1.0,-0.5753641449035619,0.36,0.5
supermat,supermat,Probe,50,prior_shift,28,1.0,-0.6632942174102641,0.34,0.5
supermat,supermat,Probe,50,prior_shift,29,1.0,-1.1526795099383855,0.24,0.5
supermat,supermat,Probe,50,prior_shift,30,1.0,-0.5753641449035619,0.36,0.5
supermat,supermat,Probe,50,prior_shift,31,1.0,-0.8472978603872037,0.3,0.5
supermat,supermat,Probe,50,prior_shift,32,1.0,-0.4895482253187058,0.38,0.5
supermat,supermat,Probe,50,prior_shift,33,1.0,-0.9444616088408512,0.28,0.5
supermat,supermat,Probe,50,prior_shift,34,1.0,-0.6632942174102641,0.34,0.5
supermat,supermat,Probe,50,prior_shift,35,1.0,-0.4895482253187058,0.38,0.5
supermat,supermat,Probe,50,prior_shift,36,1.0,-1.2656663733312759,0.22,0.5
supermat,supermat,Probe,50,prior_shift,37,1.0,-1.0459685551826876,0.26,0.5
supermat,supermat,Probe,50,prior_shift,38,1.0,-1.3862943611198906,0.2,0.5
supermat,supermat,Probe,50,prior_shift,39,1.0,-0.8472978603872037,0.3,0.5
supermat,supermat,Probe,50,prior_shift,40,1.0,-0.32277339226305113,0.42,0.5
supermat,supermat,Probe,50,prior_shift,41,1.0,-0.16034265007517928,0.46,0.5
supermat,supermat,Probe,50,prior_shift,42,1.0,-0.9444616088408512,0.28,0.5
supermat,supermat,Probe,50,prior_shift,43,1.0,-0.8472978603872037,0.3,0.5
supermat,supermat,Probe,50,prior_shift,44,1.0,0.2411620568168883,0.56,0.5
supermat,supermat,Probe,50,prior_shift,45,1.0,-1.0459685551826876,0.26,0.5
supermat,supermat,Probe,50,prior_shift,46,1.0,-1.0459685551826876,0.26,0.5
supermat,supermat,Probe,50,prior_shift,47,1.0,0.0,0.5,0.5
supermat,supermat,Probe,50,prior_shift,48,1.0,-0.5753641449035619,0.36,0.5
supermat,supermat,Probe,50,prior_shift,49,1.0,-0.6632942174102641,0.34,0.5
supermat,supermat,Probe,50,prior_shift,50,1.0,-0.9444616088408512,0.28,0.5
supermat,supermat,Probe,50,prior_shift,51,1.0,-0.5753641449035619,0.36,0.5
supermat,supermat,Probe,50,prior_shift,52,1.0,-1.0459685551826876,0.26,0.5
supermat,supermat,Probe,50,prior_shift,53,1.0,-1.5163474893680886,0.18,0.5
supermat,supermat,Probe,50,prior_shift,54,1.0,-0.24116205681688807,0.44,0.5
supermat,supermat,Probe,50,prior_shift,55,1.0,-0.4895482253187058,0.38,0.5
supermat,supermat,Probe,50,prior_shift,56,1.0,-0.4054651081081643,0.4,0.5
supermat,supermat,Probe,50,prior_shift,57,1.0,-0.8472978603872037,0.3,0.5
supermat,supermat,Probe,50,prior_shift,58,1.0,-1.0459685551826876,0.26,0.5
supermat,supermat,Probe,50,prior_shift,59,1.0,-0.7537718023763801,0.32,0.5
supermat,supermat,Probe,50,prior_shift,60,1.0,-1.3862943611198906,0.2,0.5
supermat,supermat,Probe,50,prior_shift,61,1.0,-0.4895482253187058,0.38,0.5
supermat,supermat,Probe,50,prior_shift,62,1.0,-0.4895482253187058,0.38,0.5
supermat,supermat,Probe,50,prior_shift,63,1.0,-0.24116205681688807,0.44,0.5
supermat,supermat,Probe,50,prior_shift,64,1.0,-0.5753641449035619,0.36,0.5
supermat,supermat,Probe,50,prior_shift,65,1.0,-0.24116205681688807,0.44,0.5
supermat,supermat,Probe,50,prior_shift,66,1.0,-0.9444616088408512,0.28,0.5
supermat,supermat,Probe,50,prior_shift,67,1.0,-0.0800427076735365,0.48,0.5
supermat,supermat,Probe,50,prior_shift,68,1.0,-1.5163474893680886,0.18,0.5
supermat,supermat,Probe,50,prior_shift,69,1.0,-1.0459685551826876,0.26,0.5
supermat,supermat,Probe,50,prior_shift,70,1.0,-1.5163474893680886,0.18,0.5
supermat,supermat,Probe,50,prior_shift,71,1.0,-0.6632942174102641,0.34,0.5
supermat,supermat,Probe,50,prior_shift,72,1.0,0.0800427076735365,0.52,0.5
supermat,supermat,Probe,50,prior_shift,73,1.0,-0.32277339226305113,0.42,0.5
supermat,supermat,Probe,50,prior_shift,74,1.0,-1.0459685551826876,0.26,0.5
supermat,supermat,Probe,50,prior_shift,75,1.0,-0.6632942174102641,0.34,0.5
supermat,supermat,Probe,50,prior_shift,76,1.0,-1.1526795099383855,0.24,0.5
supermat,supermat,Probe,50,prior_shift,77,1.0,-1.2656663733312759,0.22,0.5
supermat,supermat,Probe,50,prior_shift,78,1.0,-1.0459685551826876,0.26,0.5
supermat,supermat,Probe,50,prior_shift,79,1.0,-0.32277339226305113,0.42,0.5
supermat,supermat,Probe,50,prior_shift,80,1.0,-0.6632942174102641,0.34,0.5
supermat,supermat,Probe,50,prior_shift,81,1.0,0.0800427076735365,0.52,0.5
supermat,supermat,Probe,50,prior_shift,82,1.0,-0.4895482253187058,0.38,0.5
supermat,supermat,Probe,50,prior_shift,83,1.0,0.0800427076735365,0.52,0.5
supermat,supermat,Probe,50,prior_shift,84,1.0,-0.6632942174102641,0.34,0.5
supermat,supermat,Probe,50,prior_shift,85,1.0,-0.32277339226305113,0.42,0.5
supermat,supermat,Probe,50,prior_shift,86,1.0,-1.0459685551826876,0.26,0.5
supermat,supermat,Probe,50,prior_shift,87,1.0,-0.32277339226305113,0.42,0.5
supermat,supermat,Probe,50,prior_shift,88,1.0,-0.32277339226305113,0.42,0.5
supermat,supermat,Probe,50,prior_shift,89,1.0,-0.16034265007517928,0.46,0.5
supermat,supermat,Probe,50,prior_shift,90,1.0,-0.9444616088408512,0.28,0.5
supermat,supermat,Probe,50,prior_shift,91,1.0,-0.32277339226305113,0.42,0.5
supermat,supermat,Probe,50,prior_shift,92,1.0,-0.16034265007517928,0.46,0.5
supermat,supermat,Probe,50,prior_shift,93,1.0,-0.5753641449035619,0.36,0.5
supermat,supermat,Probe,50,prior_shift,94,1.0,-0.6632942174102641,0.34,0.5
supermat,supermat,Probe,50,prior_shift,95,1.0,-0.9444616088408512,0.28,0.5
supermat,supermat,Probe,50,prior_shift,96,1.0,-0.4054651081081643,0.4,0.5
supermat,supermat,Probe,50,prior_shift,97,1.0,-1.2656663733312759,0.22,0.5
supermat,supermat,Probe,50,prior_shift,98,1.0,-1.2656663733312759,0.22,0.5
supermat,supermat,Probe,50,prior_shift,99,1.0,-0.0800427076735365,0.48,0.5
supermat,supermat,NTP,50,prior_shift,0,1.0,-1.0459685551826876,0.26,0.5
supermat,supermat,NTP,50,prior_shift,1,1.0,-1.5163474893680886,0.18,0.5
supermat,supermat,NTP,50,prior_shift,2,1.0,-0.24116205681688807,0.44,0.5
supermat,supermat,NTP,50,prior_shift,3,1.0,-0.32277339226305113,0.42,0.5
supermat,supermat,NTP,50,prior_shift,4,1.0,-0.5753641449035619,0.36,0.5
supermat,supermat,NTP,50,prior_shift,5,1.0,-0.7537718023763801,0.32,0.5
supermat,supermat,NTP,50,prior_shift,6,1.0,-0.6632942174102641,0.34,0.5
supermat,supermat,NTP,50,prior_shift,7,1.0,-0.0800427076735365,0.48,0.5
supermat,supermat,NTP,50,prior_shift,8,1.0,-0.9444616088408512,0.28,0.5
supermat,supermat,NTP,50,prior_shift,9,1.0,-1.0459685551826876,0.26,0.5
supermat,supermat,NTP,50,prior_shift,10,1.0,-1.0459685551826876,0.26,0.5
supermat,supermat,NTP,50,prior_shift,11,1.0,-0.4054651081081643,0.4,0.5
supermat,supermat,NTP,50,prior_shift,12,1.0,-0.8472978603872037,0.3,0.5
supermat,supermat,NTP,50,prior_shift,13,1.0,-0.4054651081081643,0.4,0.5
supermat,supermat,NTP,50,prior_shift,14,1.0,-1.2656663733312759,0.22,0.5
supermat,supermat,NTP,50,prior_shift,15,1.0,0.4054651081081643,0.6,0.5
supermat,supermat,NTP,50,prior_shift,16,1.0,-0.32277339226305113,0.42,0.5
supermat,supermat,NTP,50,prior_shift,17,1.0,-1.6582280766035322,0.16,0.5
supermat,supermat,NTP,50,prior_shift,18,1.0,-0.7537718023763801,0.32,0.5
supermat,supermat,NTP,50,prior_shift,19,1.0,-0.24116205681688807,0.44,0.5
supermat,supermat,NTP,50,prior_shift,20,1.0,-0.4054651081081643,0.4,0.5
supermat,supermat,NTP,50,prior_shift,21,1.0,-0.9444616088408512,0.28,0.5
supermat,supermat,NTP,50,prior_shift,22,1.0,-1.1526795099383855,0.24,0.5
supermat,supermat,NTP,50,prior_shift,23,1.0,-1.2656663733312759,0.22,0.5
supermat,supermat,NTP,50,prior_shift,24,1.0,-0.8472978603872037,0.3,0.5
supermat,supermat,NTP,50,prior_shift,25,1.0,0.0800427076735365,0.52,0.5
supermat,supermat,NTP,50,prior_shift,26,1.0,-0.4054651081081643,0.4,0.5
supermat,supermat,NTP,50,prior_shift,27,1.0,-0.5753641449035619,0.36,0.5
supermat,supermat,NTP,50,prior_shift,28,1.0,-0.6632942174102641,0.34,0.5
supermat,supermat,NTP,50,prior_shift,29,1.0,-1.1526795099383855,0.24,0.5
supermat,supermat,NTP,50,prior_shift,30,1.0,-0.5753641449035619,0.36,0.5
supermat,supermat,NTP,50,prior_shift,31,1.0,-0.8472978603872037,0.3,0.5
supermat,supermat,NTP,50,prior_shift,32,1.0,-0.4895482253187058,0.38,0.5
supermat,supermat,NTP,50,prior_shift,33,1.0,-0.9444616088408512,0.28,0.5
supermat,supermat,NTP,50,prior_shift,34,1.0,-0.6632942174102641,0.34,0.5
supermat,supermat,NTP,50,prior_shift,35,1.0,-0.4895482253187058,0.38,0.5
supermat,supermat,NTP,50,prior_shift,36,1.0,-1.2656663733312759,0.22,0.5
supermat,supermat,NTP,50,prior_shift,37,1.0,-1.0459685551826876,0.26,0.5
supermat,supermat,NTP,50,prior_shift,38,1.0,-1.3862943611198906,0.2,0.5
supermat,supermat,NTP,50,prior_shift,39,1.0,-0.8472978603872037,0.3,0.5
supermat,supermat,NTP,50,prior_shift,40,1.0,-0.32277339226305113,0.42,0.5
supermat,supermat,NTP,50,prior_shift,41,1.0,-0.16034265007517928,0.46,0.5
supermat,supermat,NTP,50,prior_shift,42,1.0,-0.9444616088408512,0.28,0.5
supermat,supermat,NTP,50,prior_shift,43,1.0,-0.8472978603872037,0.3,0.5
supermat,supermat,NTP,50,prior_shift,44,1.0,0.2411620568168883,0.56,0.5
supermat,supermat,NTP,50,prior_shift,45,1.0,-1.0459685551826876,0.26,0.5
supermat,supermat,NTP,50,prior_shift,46,1.0,-1.0459685551826876,0.26,0.5
supermat,supermat,NTP,50,prior_shift,47,1.0,0.0,0.5,0.5
supermat,supermat,NTP,50,prior_shift,48,1.0,-0.5753641449035619,0.36,0.5
supermat,supermat,NTP,50,prior_shift,49,1.0,-0.6632942174102641,0.34,0.5
supermat,supermat,NTP,50,prior_shift,50,1.0,-0.9444616088408512,0.28,0.5
supermat,supermat,NTP,50,prior_shift,51,1.0,-0.5753641449035619,0.36,0.5
supermat,supermat,NTP,50,prior_shift,52,1.0,-1.0459685551826876,0.26,0.5
supermat,supermat,NTP,50,prior_shift,53,1.0,-1.5163474893680886,0.18,0.5
supermat,supermat,NTP,50,prior_shift,54,1.0,-0.24116205681688807,0.44,0.5
supermat,supermat,NTP,50,prior_shift,55,1.0,-0.4895482253187058,0.38,0.5
supermat,supermat,NTP,50,prior_shift,56,1.0,-0.4054651081081643,0.4,0.5
supermat,supermat,NTP,50,prior_shift,57,1.0,-0.8472978603872037,0.3,0.5
supermat,supermat,NTP,50,prior_shift,58,1.0,-1.0459685551826876,0.26,0.5
supermat,supermat,NTP,50,prior_shift,59,1.0,-0.7537718023763801,0.32,0.5
supermat,supermat,NTP,50,prior_shift,60,1.0,-1.3862943611198906,0.2,0.5
supermat,supermat,NTP,50,prior_shift,61,1.0,-0.4895482253187058,0.38,0.5
supermat,supermat,NTP,50,prior_shift,62,1.0,-0.4895482253187058,0.38,0.5
supermat,supermat,NTP,50,prior_shift,63,1.0,-0.24116205681688807,0.44,0.5
supermat,supermat,NTP,50,prior_shift,64,1.0,-0.5753641449035619,0.36,0.5
supermat,supermat,NTP,50,prior_shift,65,1.0,-0.24116205681688807,0.44,0.5
supermat,supermat,NTP,50,prior_shift,66,1.0,-0.9444616088408512,0.28,0.5
supermat,supermat,NTP,50,prior_shift,67,1.0,-0.0800427076735365,0.48,0.5
supermat,supermat,NTP,50,prior_shift,68,1.0,-1.5163474893680886,0.18,0.5
supermat,supermat,NTP,50,prior_shift,69,1.0,-1.0459685551826876,0.26,0.5
supermat,supermat,NTP,50,prior_shift,70,1.0,-1.5163474893680886,0.18,0.5
supermat,supermat,NTP,50,prior_shift,71,1.0,-0.6632942174102641,0.34,0.5
supermat,supermat,NTP,50,prior_shift,72,1.0,0.0800427076735365,0.52,0.5
supermat,supermat,NTP,50,prior_shift,73,1.0,-0.32277339226305113,0.42,0.5
supermat,supermat,NTP,50,prior_shift,74,1.0,-1.0459685551826876,0.26,0.5
supermat,supermat,NTP,50,prior_shift,75,1.0,-0.6632942174102641,0.34,0.5
supermat,supermat,NTP,50,prior_shift,76,1.0,-1.1526795099383855,0.24,0.5
supermat,supermat,NTP,50,prior_shift,77,1.0,-1.2656663733312759,0.22,0.5
supermat,supermat,NTP,50,prior_shift,78,1.0,-1.0459685551826876,0.26,0.5
supermat,supermat,NTP,50,prior_shift,79,1.0,-0.32277339226305113,0.42,0.5
supermat,supermat,NTP,50,prior_shift,80,1.0,-0.6632942174102641,0.34,0.5
supermat,supermat,NTP,50,prior_shift,81,1.0,0.0800427076735365,0.52,0.5
supermat,supermat,NTP,50,prior_shift,82,1.0,-0.4895482253187058,0.38,0.5
supermat,supermat,NTP,50,prior_shift,83,1.0,0.0800427076735365,0.52,0.5
supermat,supermat,NTP,50,prior_shift,84,1.0,-0.6632942174102641,0.34,0.5
supermat,supermat,NTP,50,prior_shift,85,1.0,-0.32277339226305113,0.42,0.5
supermat,supermat,NTP,50,prior_shift,86,1.0,-1.0459685551826876,0.26,0.5
supermat,supermat,NTP,50,prior_shift,87,1.0,-0.32277339226305113,0.42,0.5
supermat,supermat,NTP,50,prior_shift,88,1.0,-0.32277339226305113,0.42,0.5
supermat,supermat,NTP,50,prior_shift,89,1.0,-0.16034265007517928,0.46,0.5
supermat,supermat,NTP,50,prior_shift,90,1.0,-0.9444616088408512,0.28,0.5
supermat,supermat,NTP,50,prior_shift,91,1.0,-0.32277339226305113,0.42,0.5
supermat,supermat,NTP,50,prior_shift,92,1.0,-0.16034265007517928,0.46,0.5
supermat,supermat,NTP,50,prior_shift,93,1.0,-0.5753641449035619,0.36,0.5
supermat,supermat,NTP,50,prior_shift,94,1.0,-0.6632942174102641,0.34,0.5
supermat,supermat,NTP,50,prior_shift,95,1.0,-0.9444616088408512,0.28,0.5
supermat,supermat,NTP,50,prior_shift,96,1.0,-0.4054651081081643,0.4,0.5
supermat,supermat,NTP,50,prior_shift,97,1.0,-1.2656663733312759,0.22,0.5
supermat,supermat,NTP,50,prior_shift,98,1.0,-1.2656663733312759,0.22,0.5
supermat,supermat,NTP,50,prior_shift,99,1.0,-0.0800427076735365,0.48,0.5
supermat,supermat,Probe,100,prior_shift,0,1.0,-1.0459685551826876,0.26,0.5
supermat,supermat,Probe,100,prior_shift,1,1.0,-1.0459685551826876,0.26,0.5
supermat,supermat,Probe,100,prior_shift,2,1.0,-0.4473122180436648,0.39,0.5
supermat,supermat,Probe,100,prior_shift,3,1.0,-0.6190392084062235,0.35,0.5
supermat,supermat,Probe,100,prior_shift,4,1.0,-0.5753641449035619,0.36,0.5
supermat,supermat,Probe,100,prior_shift,5,1.0,-0.32277339226305113,0.42,0.5
supermat,supermat,Probe,100,prior_shift,6,1.0,-1.0986122886681098,0.25,0.5
supermat,supermat,Probe,100,prior_shift,7,1.0,-0.4895482253187058,0.38,0.5
supermat,supermat,Probe,100,prior_shift,8,1.0,-1.1526795099383855,0.24,0.5
supermat,supermat,Probe,100,prior_shift,9,1.0,-0.4054651081081643,0.4,0.5
supermat,supermat,Probe,100,prior_shift,10,1.0,-0.6632942174102641,0.34,0.5
supermat,supermat,Probe,100,prior_shift,11,1.0,-0.24116205681688807,0.44,0.5
supermat,supermat,Probe,100,prior_shift,12,1.0,-0.7537718023763801,0.32,0.5
supermat,supermat,Probe,100,prior_shift,13,1.0,-0.16034265007517928,0.46,0.5
supermat,supermat,Probe,100,prior_shift,14,1.0,-0.8001193001121132,0.31,0.5
supermat,supermat,Probe,100,prior_shift,15,1.0,0.12014431184206335,0.53,0.5
supermat,supermat,Probe,100,prior_shift,16,1.0,-0.8953840470548413,0.29,0.5
supermat,supermat,Probe,100,prior_shift,17,1.0,-1.2083112059245342,0.23,0.5
supermat,supermat,Probe,100,prior_shift,18,1.0,-0.8953840470548413,0.29,0.5
supermat,supermat,Probe,100,prior_shift,19,1.0,-0.4895482253187058,0.38,0.5
supermat,supermat,Probe,100,prior_shift,20,1.0,-0.6632942174102641,0.34,0.5
supermat,supermat,Probe,100,prior_shift,21,1.0,-0.8472978603872037,0.3,0.5
supermat,supermat,Probe,100,prior_shift,22,1.0,-1.1526795099383855,0.24,0.5
supermat,supermat,Probe,100,prior_shift,23,1.0,-0.6632942174102641,0.34,0.5
supermat,supermat,Probe,100,prior_shift,24,1.0,-0.6632942174102641,0.34,0.5
supermat,supermat,Probe,100,prior_shift,25,1.0,-0.4473122180436648,0.39,0.5
supermat,supermat,Probe,100,prior_shift,26,1.0,-0.7081850579244857,0.33,0.5
supermat,supermat,Probe,100,prior_shift,27,1.0,-0.16034265007517928,0.46,0.5
supermat,supermat,Probe,100,prior_shift,28,1.0,-0.28185115214098777,0.43,0.5
supermat,supermat,Probe,100,prior_shift,29,1.0,-1.0459685551826876,0.26,0.5
supermat,supermat,Probe,100,prior_shift,30,1.0,-0.5753641449035619,0.36,0.5
supermat,supermat,Probe,100,prior_shift,31,1.0,-0.6190392084062235,0.35,0.5
supermat,supermat,Probe,100,prior_shift,32,1.0,-0.9444616088408512,0.28,0.5
supermat,supermat,Probe,100,prior_shift,33,1.0,-0.28185115214098777,0.43,0.5
supermat,supermat,Probe,100,prior_shift,34,1.0,-0.5753641449035619,0.36,0.5
supermat,supermat,Probe,100,prior_shift,35,1.0,-0.4054651081081643,0.4,0.5
supermat,supermat,Probe,100,prior_shift,36,1.0,-1.2656663733312759,0.22,0.5
supermat,supermat,Probe,100,prior_shift,37,1.0,-0.4054651081081643,0.4,0.5
supermat,supermat,Probe,100,prior_shift,38,1.0,-1.1526795099383855,0.24,0.5
supermat,supermat,Probe,100,prior_shift,39,1.0,-0.6190392084062235,0.35,0.5
supermat,supermat,Probe,100,prior_shift,40,1.0,-0.6190392084062235,0.35,0.5
supermat,supermat,Probe,100,prior_shift,41,1.0,-0.32277339226305113,0.42,0.5
supermat,supermat,Probe,100,prior_shift,42,1.0,-0.8472978603872037,0.3,0.5
supermat,supermat,Probe,100,prior_shift,43,1.0,-0.4895482253187058,0.38,0.5
supermat,supermat,Probe,100,prior_shift,44,1.0,-0.2006706954621511,0.45,0.5
supermat,supermat,Probe,100,prior_shift,45,1.0,-1.2083112059245342,0.23,0.5
supermat,supermat,Probe,100,prior_shift,46,1.0,-1.0459685551826876,0.26,0.5
supermat,supermat,Probe,100,prior_shift,47,1.0,-0.36396537720141175,0.41,0.5
supermat,supermat,Probe,100,prior_shift,48,1.0,-0.6190392084062235,0.35,0.5
supermat,supermat,Probe,100,prior_shift,49,1.0,-0.8953840470548413,0.29,0.5
supermat,supermat,Probe,100,prior_shift,50,1.0,-1.0459685551826876,0.26,0.5
supermat,supermat,Probe,100,prior_shift,51,1.0,-1.0986122886681098,0.25,0.5
supermat,supermat,Probe,100,prior_shift,52,1.0,-1.1526795099383855,0.24,0.5
supermat,supermat,Probe,100,prior_shift,53,1.0,-1.1526795099383855,0.24,0.5
supermat,supermat,Probe,100,prior_shift,54,1.0,-0.2006706954621511,0.45,0.5
supermat,supermat,Probe,100,prior_shift,55,1.0,-0.5322168137473082,0.37,0.5
supermat,supermat,Probe,100,prior_shift,56,1.0,-0.9946225751440619,0.27,0.5
supermat,supermat,Probe,100,prior_shift,57,1.0,-1.0986122886681098,0.25,0.5
supermat,supermat,Probe,100,prior_shift,58,1.0,-0.8472978603872037,0.3,0.5
supermat,supermat,Probe,100,prior_shift,59,1.0,-0.8953840470548413,0.29,0.5
supermat,supermat,Probe,100,prior_shift,60,1.0,-0.5322168137473082,0.37,0.5
supermat,supermat,Probe,100,prior_shift,61,1.0,-0.6632942174102641,0.34,0.5
supermat,supermat,Probe,100,prior_shift,62,1.0,-0.7537718023763801,0.32,0.5
supermat,supermat,Probe,100,prior_shift,63,1.0,-0.0800427076735365,0.48,0.5
supermat,supermat,Probe,100,prior_shift,64,1.0,-0.7081850579244857,0.33,0.5
supermat,supermat,Probe,100,prior_shift,65,1.0,0.2411620568168883,0.56,0.5
supermat,supermat,Probe,100,prior_shift,66,1.0,-1.2083112059245342,0.23,0.5
supermat,supermat,Probe,100,prior_shift,67,1.0,-0.6632942174102641,0.34,0.5
supermat,supermat,Probe,100,prior_shift,68,1.0,-1.2656663733312759,0.22,0.5
supermat,supermat,Probe,100,prior_shift,69,1.0,-1.0459685551826876,0.26,0.5
supermat,supermat,Probe,100,prior_shift,70,1.0,-1.5856272637403817,0.17,0.5
supermat,supermat,Probe,100,prior_shift,71,1.0,-0.16034265007517928,0.46,0.5
supermat,supermat,Probe,100,prior_shift,72,1.0,-0.0800427076735365,0.48,0.5
supermat,supermat,Probe,100,prior_shift,73,1.0,-0.7081850579244857,0.33,0.5
supermat,supermat,Probe,100,prior_shift,74,1.0,-0.6190392084062235,0.35,0.5
supermat,supermat,Probe,100,prior_shift,75,1.0,-1.3862943611198906,0.2,0.5
supermat,supermat,Probe,100,prior_shift,76,1.0,-0.8001193001121132,0.31,0.5
supermat,supermat,Probe,100,prior_shift,77,1.0,-0.8001193001121132,0.31,0.5
supermat,supermat,Probe,100,prior_shift,78,1.0,-0.7537718023763801,0.32,0.5
supermat,supermat,Probe,100,prior_shift,79,1.0,-0.7537718023763801,0.32,0.5
supermat,supermat,Probe,100,prior_shift,80,1.0,-0.6632942174102641,0.34,0.5
supermat,supermat,Probe,100,prior_shift,81,1.0,-0.6632942174102641,0.34,0.5
supermat,supermat,Probe,100,prior_shift,82,1.0,-0.7081850579244857,0.33,0.5
supermat,supermat,Probe,100,prior_shift,83,1.0,-0.32277339226305113,0.42,0.5
supermat,supermat,Probe,100,prior_shift,84,1.0,-0.4895482253187058,0.38,0.5
supermat,supermat,Probe,100,prior_shift,85,1.0,-0.5753641449035619,0.36,0.5
supermat,supermat,Probe,100,prior_shift,86,1.0,-0.8953840470548413,0.29,0.5
supermat,supermat,Probe,100,prior_shift,87,1.0,-0.5322168137473082,0.37,0.5
supermat,supermat,Probe,100,prior_shift,88,1.0,-0.04000533461369919,0.49,0.5
supermat,supermat,Probe,100,prior_shift,89,1.0,0.16034265007517953,0.54,0.5
supermat,supermat,Probe,100,prior_shift,90,1.0,-0.9946225751440619,0.27,0.5
supermat,supermat,Probe,100,prior_shift,91,1.0,-0.4054651081081643,0.4,0.5
supermat,supermat,Probe,100,prior_shift,92,1.0,-0.32277339226305113,0.42,0.5
supermat,supermat,Probe,100,prior_shift,93,1.0,-0.8953840470548413,0.29,0.5
supermat,supermat,Probe,100,prior_shift,94,1.0,-0.6632942174102641,0.34,0.5
supermat,supermat,Probe,100,prior_shift,95,1.0,-0.9444616088408512,0.28,0.5
supermat,supermat,Probe,100,prior_shift,96,1.0,-0.4054651081081643,0.4,0.5
supermat,supermat,Probe,100,prior_shift,97,1.0,-0.9444616088408512,0.28,0.5
supermat,supermat,Probe,100,prior_shift,98,1.0,-1.1526795099383855,0.24,0.5
supermat,supermat,Probe,100,prior_shift,99,1.0,-0.16034265007517928,0.46,0.5
supermat,supermat,NTP,100,prior_shift,0,1.0,-1.0459685551826876,0.26,0.5
supermat,supermat,NTP,100,prior_shift,1,1.0,-1.0459685551826876,0.26,0.5
supermat,supermat,NTP,100,prior_shift,2,1.0,-0.4473122180436648,0.39,0.5
supermat,supermat,NTP,100,prior_shift,3,1.0,-0.6190392084062235,0.35,0.5
supermat,supermat,NTP,100,prior_shift,4,1.0,-0.5753641449035619,0.36,0.5
supermat,supermat,NTP,100,prior_shift,5,1.0,-0.32277339226305113,0.42,0.5
supermat,supermat,NTP,100,prior_shift,6,1.0,-1.0986122886681098,0.25,0.5
supermat,supermat,NTP,100,prior_shift,7,1.0,-0.4895482253187058,0.38,0.5
supermat,supermat,NTP,100,prior_shift,8,1.0,-1.1526795099383855,0.24,0.5
supermat,supermat,NTP,100,prior_shift,9,1.0,-0.4054651081081643,0.4,0.5
supermat,supermat,NTP,100,prior_shift,10,1.0,-0.6632942174102641,0.34,0.5
supermat,supermat,NTP,100,prior_shift,11,1.0,-0.24116205681688807,0.44,0.5
supermat,supermat,NTP,100,prior_shift,12,1.0,-0.7537718023763801,0.32,0.5
supermat,supermat,NTP,100,prior_shift,13,1.0,-0.16034265007517928,0.46,0.5
supermat,supermat,NTP,100,prior_shift,14,1.0,-0.8001193001121132,0.31,0.5
supermat,supermat,NTP,100,prior_shift,15,1.0,0.12014431184206335,0.53,0.5
supermat,supermat,NTP,100,prior_shift,16,1.0,-0.8953840470548413,0.29,0.5
supermat,supermat,NTP,100,prior_shift,17,1.0,-1.2083112059245342,0.23,0.5
supermat,supermat,NTP,100,prior_shift,18,1.0,-0.8953840470548413,0.29,0.5
supermat,supermat,NTP,100,prior_shift,19,1.0,-0.4895482253187058,0.38,0.5
supermat,supermat,NTP,100,prior_shift,20,1.0,-0.6632942174102641,0.34,0.5
supermat,supermat,NTP,100,prior_shift,21,1.0,-0.8472978603872037,0.3,0.5
supermat,supermat,NTP,100,prior_shift,22,1.0,-1.1526795099383855,0.24,0.5
supermat,supermat,NTP,100,prior_shift,23,1.0,-0.6632942174102641,0.34,0.5
supermat,supermat,NTP,100,prior_shift,24,1.0,-0.6632942174102641,0.34,0.5
supermat,supermat,NTP,100,prior_shift,25,1.0,-0.4473122180436648,0.39,0.5
supermat,supermat,NTP,100,prior_shift,26,1.0,-0.7081850579244857,0.33,0.5
supermat,supermat,NTP,100,prior_shift,27,1.0,-0.16034265007517928,0.46,0.5
supermat,supermat,NTP,100,prior_shift,28,1.0,-0.28185115214098777,0.43,0.5
supermat,supermat,NTP,100,prior_shift,29,1.0,-1.0459685551826876,0.26,0.5
supermat,supermat,NTP,100,prior_shift,30,1.0,-0.5753641449035619,0.36,0.5
supermat,supermat,NTP,100,prior_shift,31,1.0,-0.6190392084062235,0.35,0.5
supermat,supermat,NTP,100,prior_shift,32,1.0,-0.9444616088408512,0.28,0.5
supermat,supermat,NTP,100,prior_shift,33,1.0,-0.28185115214098777,0.43,0.5
supermat,supermat,NTP,100,prior_shift,34,1.0,-0.5753641449035619,0.36,0.5
supermat,supermat,NTP,100,prior_shift,35,1.0,-0.4054651081081643,0.4,0.5
supermat,supermat,NTP,100,prior_shift,36,1.0,-1.2656663733312759,0.22,0.5
supermat,supermat,NTP,100,prior_shift,37,1.0,-0.4054651081081643,0.4,0.5
supermat,supermat,NTP,100,prior_shift,38,1.0,-1.1526795099383855,0.24,0.5
supermat,supermat,NTP,100,prior_shift,39,1.0,-0.6190392084062235,0.35,0.5
supermat,supermat,NTP,100,prior_shift,40,1.0,-0.6190392084062235,0.35,0.5
supermat,supermat,NTP,100,prior_shift,41,1.0,-0.32277339226305113,0.42,0.5
supermat,supermat,NTP,100,prior_shift,42,1.0,-0.8472978603872037,0.3,0.5
supermat,supermat,NTP,100,prior_shift,43,1.0,-0.4895482253187058,0.38,0.5
supermat,supermat,NTP,100,prior_shift,44,1.0,-0.2006706954621511,0.45,0.5
supermat,supermat,NTP,100,prior_shift,45,1.0,-1.2083112059245342,0.23,0.5
supermat,supermat,NTP,100,prior_shift,46,1.0,-1.0459685551826876,0.26,0.5
supermat,supermat,NTP,100,prior_shift,47,1.0,-0.36396537720141175,0.41,0.5
supermat,supermat,NTP,100,prior_shift,48,1.0,-0.6190392084062235,0.35,0.5
supermat,supermat,NTP,100,prior_shift,49,1.0,-0.8953840470548413,0.29,0.5
supermat,supermat,NTP,100,prior_shift,50,1.0,-1.0459685551826876,0.26,0.5
supermat,supermat,NTP,100,prior_shift,51,1.0,-1.0986122886681098,0.25,0.5
supermat,supermat,NTP,100,prior_shift,52,1.0,-1.1526795099383855,0.24,0.5
supermat,supermat,NTP,100,prior_shift,53,1.0,-1.1526795099383855,0.24,0.5
supermat,supermat,NTP,100,prior_shift,54,1.0,-0.2006706954621511,0.45,0.5
supermat,supermat,NTP,100,prior_shift,55,1.0,-0.5322168137473082,0.37,0.5
supermat,supermat,NTP,100,prior_shift,56,1.0,-0.9946225751440619,0.27,0.5
supermat,supermat,NTP,100,prior_shift,57,1.0,-1.0986122886681098,0.25,0.5
supermat,supermat,NTP,100,prior_shift,58,1.0,-0.8472978603872037,0.3,0.5
supermat,supermat,NTP,100,prior_shift,59,1.0,-0.8953840470548413,0.29,0.5
supermat,supermat,NTP,100,prior_shift,60,1.0,-0.5322168137473082,0.37,0.5
supermat,supermat,NTP,100,prior_shift,61,1.0,-0.6632942174102641,0.34,0.5
supermat,supermat,NTP,100,prior_shift,62,1.0,-0.7537718023763801,0.32,0.5
supermat,supermat,NTP,100,prior_shift,63,1.0,-0.0800427076735365,0.48,0.5
supermat,supermat,NTP,100,prior_shift,64,1.0,-0.7081850579244857,0.33,0.5
supermat,supermat,NTP,100,prior_shift,65,1.0,0.2411620568168883,0.56,0.5
supermat,supermat,NTP,100,prior_shift,66,1.0,-1.2083112059245342,0.23,0.5
supermat,supermat,NTP,100,prior_shift,67,1.0,-0.6632942174102641,0.34,0.5
supermat,supermat,NTP,100,prior_shift,68,1.0,-1.2656663733312759,0.22,0.5
supermat,supermat,NTP,100,prior_shift,69,1.0,-1.0459685551826876,0.26,0.5
supermat,supermat,NTP,100,prior_shift,70,1.0,-1.5856272637403817,0.17,0.5
supermat,supermat,NTP,100,prior_shift,71,1.0,-0.16034265007517928,0.46,0.5
supermat,supermat,NTP,100,prior_shift,72,1.0,-0.0800427076735365,0.48,0.5
supermat,supermat,NTP,100,prior_shift,73,1.0,-0.7081850579244857,0.33,0.5
supermat,supermat,NTP,100,prior_shift,74,1.0,-0.6190392084062235,0.35,0.5
supermat,supermat,NTP,100,prior_shift,75,1.0,-1.3862943611198906,0.2,0.5
supermat,supermat,NTP,100,prior_shift,76,1.0,-0.8001193001121132,0.31,0.5
supermat,supermat,NTP,100,prior_shift,77,1.0,-0.8001193001121132,0.31,0.5
supermat,supermat,NTP,100,prior_shift,78,1.0,-0.7537718023763801,0.32,0.5
supermat,supermat,NTP,100,prior_shift,79,1.0,-0.7537718023763801,0.32,0.5
supermat,supermat,NTP,100,prior_shift,80,1.0,-0.6632942174102641,0.34,0.5
supermat,supermat,NTP,100,prior_shift,81,1.0,-0.6632942174102641,0.34,0.5
supermat,supermat,NTP,100,prior_shift,82,1.0,-0.7081850579244857,0.33,0.5
supermat,supermat,NTP,100,prior_shift,83,1.0,-0.32277339226305113,0.42,0.5
supermat,supermat,NTP,100,prior_shift,84,1.0,-0.4895482253187058,0.38,0.5
supermat,supermat,NTP,100,prior_shift,85,1.0,-0.5753641449035619,0.36,0.5
supermat,supermat,NTP,100,prior_shift,86,1.0,-0.8953840470548413,0.29,0.5
supermat,supermat,NTP,100,prior_shift,87,1.0,-0.5322168137473082,0.37,0.5
supermat,supermat,NTP,100,prior_shift,88,1.0,-0.04000533461369919,0.49,0.5
supermat,supermat,NTP,100,prior_shift,89,1.0,0.16034265007517953,0.54,0.5
supermat,supermat,NTP,100,prior_shift,90,1.0,-0.9946225751440619,0.27,0.5
supermat,supermat,NTP,100,prior_shift,91,1.0,-0.4054651081081643,0.4,0.5
supermat,supermat,NTP,100,prior_shift,92,1.0,-0.32277339226305113,0.42,0.5
supermat,supermat,NTP,100,prior_shift,93,1.0,-0.8953840470548413,0.29,0.5
supermat,supermat,NTP,100,prior_shift,94,1.0,-0.6632942174102641,0.34,0.5
supermat,supermat,NTP,100,prior_shift,95,1.0,-0.9444616088408512,0.28,0.5
supermat,supermat,NTP,100,prior_shift,96,1.0,-0.4054651081081643,0.4,0.5
supermat,supermat,NTP,100,prior_shift,97,1.0,-0.9444616088408512,0.28,0.5
supermat,supermat,NTP,100,prior_shift,98,1.0,-1.1526795099383855,0.24,0.5
supermat,supermat,NTP,100,prior_shift,99,1.0,-0.16034265007517928,0.46,0.5
supermat,supermat,Probe,250,prior_shift,0,1.0,-1.2196389210703353,0.228,0.5
supermat,supermat,Probe,250,prior_shift,1,1.0,-1.1526795099383855,0.24,0.5
supermat,supermat,Probe,250,prior_shift,2,1.0,-0.5753641449035619,0.36,0.5
supermat,supermat,Probe,250,prior_shift,3,1.0,-0.16034265007517928,0.46,0.5
supermat,supermat,Probe,250,prior_shift,4,1.0,-0.7172447321390057,0.328,0.5
supermat,supermat,Probe,250,prior_shift,5,1.0,-0.4895482253187058,0.38,0.5
supermat,supermat,Probe,250,prior_shift,6,1.0,-0.8472978603872037,0.3,0.5
supermat,supermat,Probe,250,prior_shift,7,1.0,-0.43891304217570437,0.392,0.5
supermat,supermat,Probe,250,prior_shift,8,1.0,-1.02528101558256,0.264,0.5
supermat,supermat,Probe,250,prior_shift,9,1.0,-0.47260441094579286,0.384,0.5
supermat,supermat,Probe,250,prior_shift,10,1.0,-1.1526795099383855,0.24,0.5
supermat,supermat,Probe,250,prior_shift,11,1.0,-0.22494373181835758,0.444,0.5
supermat,supermat,Probe,250,prior_shift,12,1.0,-0.6632942174102641,0.34,0.5
supermat,supermat,Probe,250,prior_shift,13,1.0,-0.5927679952523233,0.356,0.5
supermat,supermat,Probe,250,prior_shift,14,1.0,-0.9444616088408512,0.28,0.5
supermat,supermat,Probe,250,prior_shift,15,1.0,0.016000341346441148,0.504,0.5
supermat,supermat,Probe,250,prior_shift,16,1.0,-0.5927679952523233,0.356,0.5
supermat,supermat,Probe,250,prior_shift,17,1.0,-0.9444616088408512,0.28,0.5
supermat,supermat,Probe,250,prior_shift,18,1.0,-0.8856902914254381,0.292,0.5
supermat,supermat,Probe,250,prior_shift,19,1.0,-0.5927679952523233,0.356,0.5
supermat,supermat,Probe,250,prior_shift,20,1.0,-0.5580446957033816,0.364,0.5
supermat,supermat,Probe,250,prior_shift,21,1.0,-1.0668635903535293,0.256,0.5
supermat,supermat,Probe,250,prior_shift,22,1.0,-0.7907856501238613,0.312,0.5
supermat,supermat,Probe,250,prior_shift,23,1.0,-0.866418901833982,0.296,0.5
supermat,supermat,Probe,250,prior_shift,24,1.0,-0.5408064559779265,0.368,0.5
supermat,supermat,Probe,250,prior_shift,25,1.0,-0.33921572256696386,0.416,0.5
supermat,supermat,Probe,250,prior_shift,26,1.0,-0.8856902914254381,0.292,0.5
supermat,supermat,Probe,250,prior_shift,27,1.0,-0.30637420546393357,0.424,0.5
supermat,supermat,Probe,250,prior_shift,28,1.0,-0.6632942174102641,0.34,0.5
supermat,supermat,Probe,250,prior_shift,29,1.0,-0.9444616088408512,0.28,0.5
supermat,supermat,Probe,250,prior_shift,30,1.0,-0.4054651081081643,0.4,0.5
supermat,supermat,Probe,250,prior_shift,31,1.0,-0.47260441094579286,0.384,0.5
supermat,supermat,Probe,250,prior_shift,32,1.0,-1.0459685551826876,0.26,0.5
supermat,supermat,Probe,250,prior_shift,33,1.0,-0.27369583047704105,0.432,0.5
supermat,supermat,Probe,250,prior_shift,34,1.0,-0.43891304217570437,0.392,0.5
supermat,supermat,Probe,250,prior_shift,35,1.0,-0.32277339226305113,0.42,0.5
supermat,supermat,Probe,250,prior_shift,36,1.0,-1.0668635903535293,0.256,0.5
supermat,supermat,Probe,250,prior_shift,37,1.0,-0.7354495602506347,0.324,0.5
supermat,supermat,Probe,250,prior_shift,38,1.0,-1.0879738904630538,0.252,0.5
supermat,supermat,Probe,250,prior_shift,39,1.0,-0.6455191315706907,0.344,0.5
supermat,supermat,Probe,250,prior_shift,40,1.0,-0.4557269428890526,0.388,0.5
supermat,supermat,Probe,250,prior_shift,41,1.0,-0.12817519342399752,0.468,0.5
supermat,supermat,Probe,250,prior_shift,42,1.0,-0.9844989819006885,0.272,0.5
supermat,supermat,Probe,250,prior_shift,43,1.0,-0.7354495602506347,0.324,0.5
supermat,supermat,Probe,250,prior_shift,44,1.0,-0.048009219186360655,0.488,0.5
supermat,supermat,Probe,250,prior_shift,45,1.0,-1.0668635903535293,0.256,0.5
supermat,supermat,Probe,250,prior_shift,46,1.0,-0.9247059287994397,0.284,0.5
supermat,supermat,Probe,250,prior_shift,47,1.0,-0.33921572256696386,0.416,0.5
supermat,supermat,Probe,250,prior_shift,48,1.0,-0.47260441094579286,0.384,0.5
supermat,supermat,Probe,250,prior_shift,49,1.0,-0.9844989819006885,0.272,0.5
supermat,supermat,Probe,250,prior_shift,50,1.0,-1.02528101558256,0.264,0.5
supermat,supermat,Probe,250,prior_shift,51,1.0,-0.5236463121950521,0.372,0.5
supermat,supermat,Probe,250,prior_shift,52,1.0,-0.9051174312760298,0.288,0.5
supermat,supermat,Probe,250,prior_shift,53,1.0,-1.5163474893680886,0.18,0.5
supermat,supermat,Probe,250,prior_shift,54,1.0,-0.5236463121950521,0.372,0.5
supermat,supermat,Probe,250,prior_shift,55,1.0,-0.5408064559779265,0.368,0.5
supermat,supermat,Probe,250,prior_shift,56,1.0,-0.6811709895132295,0.336,0.5
supermat,supermat,Probe,250,prior_shift,57,1.0,-0.866418901833982,0.296,0.5
supermat,supermat,Probe,250,prior_shift,58,1.0,-1.0047935334504547,0.268,0.5
supermat,supermat,Probe,250,prior_shift,59,1.0,-0.9051174312760298,0.288,0.5
supermat,supermat,Probe,250,prior_shift,60,1.0,-1.02528101558256,0.264,0.5
supermat,supermat,Probe,250,prior_shift,61,1.0,-0.6991532046201571,0.332,0.5
supermat,supermat,Probe,250,prior_shift,62,1.0,-0.6102595207541777,0.352,0.5
supermat,supermat,Probe,250,prior_shift,63,1.0,-0.30637420546393357,0.424,0.5
supermat,supermat,Probe,250,prior_shift,64,1.0,-0.7722157040356383,0.316,0.5
supermat,supermat,Probe,250,prior_shift,65,1.0,0.03200273108617381,0.508,0.5
supermat,supermat,Probe,250,prior_shift,66,1.0,-0.7722157040356383,0.316,0.5
supermat,supermat,Probe,250,prior_shift,67,1.0,-0.30637420546393357,0.424,0.5
supermat,supermat,Probe,250,prior_shift,68,1.0,-0.8472978603872037,0.3,0.5
supermat,supermat,Probe,250,prior_shift,69,1.0,-1.1747359841409104,0.236,0.5
supermat,supermat,Probe,250,prior_shift,70,1.0,-1.337023312113108,0.208,0.5
supermat,supermat,Probe,250,prior_shift,71,1.0,-0.016000341346441148,0.496,0.5
supermat,supermat,Probe,250,prior_shift,72,1.0,-0.37223946047984413,0.408,0.5
supermat,supermat,Probe,250,prior_shift,73,1.0,-0.09607383008962224,0.476,0.5
supermat,supermat,Probe,250,prior_shift,74,1.0,-0.30637420546393357,0.424,0.5
supermat,supermat,Probe,250,prior_shift,75,1.0,-1.2196389210703353,0.228,0.5
supermat,supermat,Probe,250,prior_shift,76,1.0,-0.7354495602506347,0.324,0.5
supermat,supermat,Probe,250,prior_shift,77,1.0,-1.0047935334504547,0.268,0.5
supermat,supermat,Probe,250,prior_shift,78,1.0,-0.9844989819006885,0.272,0.5
supermat,supermat,Probe,250,prior_shift,79,1.0,-0.7172447321390057,0.328,0.5
supermat,supermat,Probe,250,prior_shift,80,1.0,-0.7172447321390057,0.328,0.5
supermat,supermat,Probe,250,prior_shift,81,1.0,-0.03200273108617381,0.492,0.5
supermat,supermat,Probe,250,prior_shift,82,1.0,-0.6632942174102641,0.34,0.5
supermat,supermat,Probe,250,prior_shift,83,1.0,-0.38882578910419957,0.404,0.5
supermat,supermat,Probe,250,prior_shift,84,1.0,-0.43891304217570437,0.392,0.5
supermat,supermat,Probe,250,prior_shift,85,1.0,-0.22494373181835758,0.444,0.5
supermat,supermat,Probe,250,prior_shift,86,1.0,-0.9247059287994397,0.284,0.5
supermat,supermat,Probe,250,prior_shift,87,1.0,-0.30637420546393357,0.424,0.5
supermat,supermat,Probe,250,prior_shift,88,1.0,-0.4895482253187058,0.38,0.5
supermat,supermat,Probe,250,prior_shift,89,1.0,-0.29001579579800113,0.428,0.5
supermat,supermat,Probe,250,prior_shift,90,1.0,-0.8856902914254381,0.292,0.5
supermat,supermat,Probe,250,prior_shift,91,1.0,-0.4221599866803343,0.396,0.5
supermat,supermat,Probe,250,prior_shift,92,1.0,-0.32277339226305113,0.42,0.5
supermat,supermat,Probe,250,prior_shift,93,1.0,-0.6811709895132295,0.336,0.5
supermat,supermat,Probe,250,prior_shift,94,1.0,-0.7537718023763801,0.32,0.5
supermat,supermat,Probe,250,prior_shift,95,1.0,-1.0879738904630538,0.252,0.5
supermat,supermat,Probe,250,prior_shift,96,1.0,-0.47260441094579286,0.384,0.5
supermat,supermat,Probe,250,prior_shift,97,1.0,-0.7722157040356383,0.316,0.5
supermat,supermat,Probe,250,prior_shift,98,1.0,-1.2656663733312759,0.22,0.5
supermat,supermat,Probe,250,prior_shift,99,1.0,0.03200273108617381,0.508,0.5
supermat,supermat,NTP,250,prior_shift,0,1.0,-1.2196389210703353,0.228,0.5
supermat,supermat,NTP,250,prior_shift,1,1.0,-1.1526795099383855,0.24,0.5
supermat,supermat,NTP,250,prior_shift,2,1.0,-0.5753641449035619,0.36,0.5
supermat,supermat,NTP,250,prior_shift,3,1.0,-0.16034265007517928,0.46,0.5
supermat,supermat,NTP,250,prior_shift,4,1.0,-0.7172447321390057,0.328,0.5
supermat,supermat,NTP,250,prior_shift,5,1.0,-0.4895482253187058,0.38,0.5
supermat,supermat,NTP,250,prior_shift,6,1.0,-0.8472978603872037,0.3,0.5
supermat,supermat,NTP,250,prior_shift,7,1.0,-0.43891304217570437,0.392,0.5
supermat,supermat,NTP,250,prior_shift,8,1.0,-1.02528101558256,0.264,0.5
supermat,supermat,NTP,250,prior_shift,9,1.0,-0.47260441094579286,0.384,0.5
supermat,supermat,NTP,250,prior_shift,10,1.0,-1.1526795099383855,0.24,0.5
supermat,supermat,NTP,250,prior_shift,11,1.0,-0.22494373181835758,0.444,0.5
supermat,supermat,NTP,250,prior_shift,12,1.0,-0.6632942174102641,0.34,0.5
supermat,supermat,NTP,250,prior_shift,13,1.0,-0.5927679952523233,0.356,0.5
supermat,supermat,NTP,250,prior_shift,14,1.0,-0.9444616088408512,0.28,0.5
supermat,supermat,NTP,250,prior_shift,15,1.0,0.016000341346441148,0.504,0.5
supermat,supermat,NTP,250,prior_shift,16,1.0,-0.5927679952523233,0.356,0.5
supermat,supermat,NTP,250,prior_shift,17,1.0,-0.9444616088408512,0.28,0.5
supermat,supermat,NTP,250,prior_shift,18,1.0,-0.8856902914254381,0.292,0.5
supermat,supermat,NTP,250,prior_shift,19,1.0,-0.5927679952523233,0.356,0.5
supermat,supermat,NTP,250,prior_shift,20,1.0,-0.5580446957033816,0.364,0.5
supermat,supermat,NTP,250,prior_shift,21,1.0,-1.0668635903535293,0.256,0.5
supermat,supermat,NTP,250,prior_shift,22,1.0,-0.7907856501238613,0.312,0.5
supermat,supermat,NTP,250,prior_shift,23,1.0,-0.866418901833982,0.296,0.5
supermat,supermat,NTP,250,prior_shift,24,1.0,-0.5408064559779265,0.368,0.5
supermat,supermat,NTP,250,prior_shift,25,1.0,-0.33921572256696386,0.416,0.5
supermat,supermat,NTP,250,prior_shift,26,1.0,-0.8856902914254381,0.292,0.5
supermat,supermat,NTP,250,prior_shift,27,1.0,-0.30637420546393357,0.424,0.5
supermat,supermat,NTP,250,prior_shift,28,1.0,-0.6632942174102641,0.34,0.5
supermat,supermat,NTP,250,prior_shift,29,1.0,-0.9444616088408512,0.28,0.5
supermat,supermat,NTP,250,prior_shift,30,1.0,-0.4054651081081643,0.4,0.5
supermat,supermat,NTP,250,prior_shift,31,1.0,-0.47260441094579286,0.384,0.5
supermat,supermat,NTP,250,prior_shift,32,1.0,-1.0459685551826876,0.26,0.5
supermat,supermat,NTP,250,prior_shift,33,1.0,-0.27369583047704105,0.432,0.5
supermat,supermat,NTP,250,prior_shift,34,1.0,-0.43891304217570437,0.392,0.5
supermat,supermat,NTP,250,prior_shift,35,1.0,-0.32277339226305113,0.42,0.5
supermat,supermat,NTP,250,prior_shift,36,1.0,-1.0668635903535293,0.256,0.5
supermat,supermat,NTP,250,prior_shift,37,1.0,-0.7354495602506347,0.324,0.5
supermat,supermat,NTP,250,prior_shift,38,1.0,-1.0879738904630538,0.252,0.5
supermat,supermat,NTP,250,prior_shift,39,1.0,-0.6455191315706907,0.344,0.5
supermat,supermat,NTP,250,prior_shift,40,1.0,-0.4557269428890526,0.388,0.5
supermat,supermat,NTP,250,prior_shift,41,1.0,-0.12817519342399752,0.468,0.5
supermat,supermat,NTP,250,prior_shift,42,1.0,-0.9844989819006885,0.272,0.5
supermat,supermat,NTP,250,prior_shift,43,1.0,-0.7354495602506347,0.324,0.5
supermat,supermat,NTP,250,prior_shift,44,1.0,-0.048009219186360655,0.488,0.5
supermat,supermat,NTP,250,prior_shift,45,1.0,-1.0668635903535293,0.256,0.5
supermat,supermat,NTP,250,prior_shift,46,1.0,-0.9247059287994397,0.284,0.5
supermat,supermat,NTP,250,prior_shift,47,1.0,-0.33921572256696386,0.416,0.5
supermat,supermat,NTP,250,prior_shift,48,1.0,-0.47260441094579286,0.384,0.5
supermat,supermat,NTP,250,prior_shift,49,1.0,-0.9844989819006885,0.272,0.5
supermat,supermat,NTP,250,prior_shift,50,1.0,-1.02528101558256,0.264,0.5
supermat,supermat,NTP,250,prior_shift,51,1.0,-0.5236463121950521,0.372,0.5
supermat,supermat,NTP,250,prior_shift,52,1.0,-0.9051174312760298,0.288,0.5
supermat,supermat,NTP,250,prior_shift,53,1.0,-1.5163474893680886,0.18,0.5
supermat,supermat,NTP,250,prior_shift,54,1.0,-0.5236463121950521,0.372,0.5
supermat,supermat,NTP,250,prior_shift,55,1.0,-0.5408064559779265,0.368,0.5
supermat,supermat,NTP,250,prior_shift,56,1.0,-0.6811709895132295,0.336,0.5
supermat,supermat,NTP,250,prior_shift,57,1.0,-0.866418901833982,0.296,0.5
supermat,supermat,NTP,250,prior_shift,58,1.0,-1.0047935334504547,0.268,0.5
supermat,supermat,NTP,250,prior_shift,59,1.0,-0.9051174312760298,0.288,0.5
supermat,supermat,NTP,250,prior_shift,60,1.0,-1.02528101558256,0.264,0.5
supermat,supermat,NTP,250,prior_shift,61,1.0,-0.6991532046201571,0.332,0.5
supermat,supermat,NTP,250,prior_shift,62,1.0,-0.6102595207541777,0.352,0.5
supermat,supermat,NTP,250,prior_shift,63,1.0,-0.30637420546393357,0.424,0.5
supermat,supermat,NTP,250,prior_shift,64,1.0,-0.7722157040356383,0.316,0.5
supermat,supermat,NTP,250,prior_shift,65,1.0,0.03200273108617381,0.508,0.5
supermat,supermat,NTP,250,prior_shift,66,1.0,-0.7722157040356383,0.316,0.5
supermat,supermat,NTP,250,prior_shift,67,1.0,-0.30637420546393357,0.424,0.5
supermat,supermat,NTP,250,prior_shift,68,1.0,-0.8472978603872037,0.3,0.5
supermat,supermat,NTP,250,prior_shift,69,1.0,-1.1747359841409104,0.236,0.5
supermat,supermat,NTP,250,prior_shift,70,1.0,-1.337023312113108,0.208,0.5
supermat,supermat,NTP,250,prior_shift,71,1.0,-0.016000341346441148,0.496,0.5
supermat,supermat,NTP,250,prior_shift,72,1.0,-0.37223946047984413,0.408,0.5
supermat,supermat,NTP,250,prior_shift,73,1.0,-0.09607383008962224,0.476,0.5
supermat,supermat,NTP,250,prior_shift,74,1.0,-0.30637420546393357,0.424,0.5
supermat,supermat,NTP,250,prior_shift,75,1.0,-1.2196389210703353,0.228,0.5
supermat,supermat,NTP,250,prior_shift,76,1.0,-0.7354495602506347,0.324,0.5
supermat,supermat,NTP,250,prior_shift,77,1.0,-1.0047935334504547,0.268,0.5
supermat,supermat,NTP,250,prior_shift,78,1.0,-0.9844989819006885,0.272,0.5
supermat,supermat,NTP,250,prior_shift,79,1.0,-0.7172447321390057,0.328,0.5
supermat,supermat,NTP,250,prior_shift,80,1.0,-0.7172447321390057,0.328,0.5
supermat,supermat,NTP,250,prior_shift,81,1.0,-0.03200273108617381,0.492,0.5
supermat,supermat,NTP,250,prior_shift,82,1.0,-0.6632942174102641,0.34,0.5
supermat,supermat,NTP,250,prior_shift,83,1.0,-0.38882578910419957,0.404,0.5
supermat,supermat,NTP,250,prior_shift,84,1.0,-0.43891304217570437,0.392,0.5
supermat,supermat,NTP,250,prior_shift,85,1.0,-0.22494373181835758,0.444,0.5
supermat,supermat,NTP,250,prior_shift,86,1.0,-0.9247059287994397,0.284,0.5
supermat,supermat,NTP,250,prior_shift,87,1.0,-0.30637420546393357,0.424,0.5
supermat,supermat,NTP,250,prior_shift,88,1.0,-0.4895482253187058,0.38,0.5
supermat,supermat,NTP,250,prior_shift,89,1.0,-0.29001579579800113,0.428,0.5
supermat,supermat,NTP,250,prior_shift,90,1.0,-0.8856902914254381,0.292,0.5
supermat,supermat,NTP,250,prior_shift,91,1.0,-0.4221599866803343,0.396,0.5
supermat,supermat,NTP,250,prior_shift,92,1.0,-0.32277339226305113,0.42,0.5
supermat,supermat,NTP,250,prior_shift,93,1.0,-0.6811709895132295,0.336,0.5
supermat,supermat,NTP,250,prior_shift,94,1.0,-0.7537718023763801,0.32,0.5
supermat,supermat,NTP,250,prior_shift,95,1.0,-1.0879738904630538,0.252,0.5
supermat,supermat,NTP,250,prior_shift,96,1.0,-0.47260441094579286,0.384,0.5
supermat,supermat,NTP,250,prior_shift,97,1.0,-0.7722157040356383,0.316,0.5
supermat,supermat,NTP,250,prior_shift,98,1.0,-1.2656663733312759,0.22,0.5
supermat,supermat,NTP,250,prior_shift,99,1.0,0.03200273108617381,0.508,0.5
supermat,supermat,Probe,500,prior_shift,0,1.0,-1.3614791920001668,0.204,0.5
supermat,supermat,Probe,500,prior_shift,1,1.0,-1.1747359841409104,0.236,0.5
supermat,supermat,Probe,500,prior_shift,2,1.0,-0.7263327295455994,0.326,0.5
supermat,supermat,Probe,500,prior_shift,3,1.0,-0.5408064559779265,0.368,0.5
supermat,supermat,Probe,500,prior_shift,4,1.0,-0.6901486775636886,0.334,0.5
supermat,supermat,Probe,500,prior_shift,5,1.0,-0.654394194262712,0.342,0.5
supermat,supermat,Probe,500,prior_shift,6,1.0,-1.0773913331852243,0.254,0.5
supermat,supermat,Probe,500,prior_shift,7,1.0,-0.5494156210358597,0.366,0.5
supermat,supermat,Probe,500,prior_shift,8,1.0,-1.1200608320755931,0.246,0.5
supermat,supermat,Probe,500,prior_shift,9,1.0,-0.5580446957033816,0.364,0.5
supermat,supermat,Probe,500,prior_shift,10,1.0,-1.1417456594856852,0.242,0.5
supermat,supermat,Probe,500,prior_shift,11,1.0,-0.38882578910419957,0.404,0.5
supermat,supermat,Probe,500,prior_shift,12,1.0,-0.36396537720141175,0.41,0.5
supermat,supermat,Probe,500,prior_shift,13,1.0,-0.5236463121950521,0.372,0.5
supermat,supermat,Probe,500,prior_shift,14,1.0,-1.0355993208393754,0.262,0.5
supermat,supermat,Probe,500,prior_shift,15,1.0,0.0800427076735365,0.52,0.5
supermat,supermat,Probe,500,prior_shift,16,1.0,-0.654394194262712,0.342,0.5
supermat,supermat,Probe,500,prior_shift,17,1.0,-0.9444616088408512,0.28,0.5
supermat,supermat,Probe,500,prior_shift,18,1.0,-0.7354495602506347,0.324,0.5
supermat,supermat,Probe,500,prior_shift,19,1.0,-0.3805261597609122,0.406,0.5
supermat,supermat,Probe,500,prior_shift,20,1.0,-0.4557269428890526,0.388,0.5
supermat,supermat,Probe,500,prior_shift,21,1.0,-0.9148911515197319,0.286,0.5
supermat,supermat,Probe,500,prior_shift,22,1.0,-1.2310368743174411,0.226,0.5
supermat,supermat,Probe,500,prior_shift,23,1.0,-0.6455191315706907,0.344,0.5
supermat,supermat,Probe,500,prior_shift,24,1.0,-0.7081850579244857,0.33,0.5
supermat,supermat,Probe,500,prior_shift,25,1.0,-0.3971386653316106,0.402,0.5
supermat,supermat,Probe,500,prior_shift,26,1.0,-0.6632942174102641,0.34,0.5
supermat,supermat,Probe,500,prior_shift,27,1.0,-0.29819005005019605,0.426,0.5
supermat,supermat,Probe,500,prior_shift,28,1.0,-0.49804589711959174,0.378,0.5
supermat,supermat,Probe,500,prior_shift,29,1.0,-1.1636758820151716,0.238,0.5
supermat,supermat,Probe,500,prior_shift,30,1.0,-0.7172447321390057,0.328,0.5
supermat,supermat,Probe,500,prior_shift,31,1.0,-0.7537718023763801,0.32,0.5
supermat,supermat,Probe,500,prior_shift,32,1.0,-0.8568399175204066,0.298,0.5
supermat,supermat,Probe,500,prior_shift,33,1.0,-0.29001579579800113,0.428,0.5
supermat,supermat,Probe,500,prior_shift,34,1.0,-0.5322168137473082,0.37,0.5
supermat,supermat,Probe,500,prior_shift,35,1.0,-0.3971386653316106,0.402,0.5
supermat,supermat,Probe,500,prior_shift,36,1.0,-0.9946225751440619,0.27,0.5
supermat,supermat,Probe,500,prior_shift,37,1.0,-0.6901486775636886,0.334,0.5
supermat,supermat,Probe,500,prior_shift,38,1.0,-1.3862943611198906,0.2,0.5
supermat,supermat,Probe,500,prior_shift,39,1.0,-0.654394194262712,0.342,0.5
supermat,supermat,Probe,500,prior_shift,40,1.0,-0.5150945736855665,0.374,0.5
supermat,supermat,Probe,500,prior_shift,41,1.0,-0.08805685539118283,0.478,0.5
supermat,supermat,Probe,500,prior_shift,42,1.0,-0.8568399175204066,0.298,0.5
supermat,supermat,Probe,500,prior_shift,43,1.0,-0.9444616088408512,0.28,0.5
supermat,supermat,Probe,500,prior_shift,44,1.0,-0.2330490803036128,0.442,0.5
supermat,supermat,Probe,500,prior_shift,45,1.0,-1.1093075777848578,0.248,0.5
supermat,supermat,Probe,500,prior_shift,46,1.0,-1.0150127198328165,0.266,0.5
supermat,supermat,Probe,500,prior_shift,47,1.0,-0.1683968173254612,0.458,0.5
supermat,supermat,Probe,500,prior_shift,48,1.0,-0.5580446957033816,0.364,0.5
supermat,supermat,Probe,500,prior_shift,49,1.0,-0.8856902914254381,0.292,0.5
supermat,supermat,Probe,500,prior_shift,50,1.0,-1.0879738904630538,0.252,0.5
supermat,supermat,Probe,500,prior_shift,51,1.0,-0.6015025906488274,0.354,0.5
supermat,supermat,Probe,500,prior_shift,52,1.0,-0.9051174312760298,0.288,0.5
supermat,supermat,Probe,500,prior_shift,53,1.0,-1.0986122886681098,0.25,0.5
supermat,supermat,Probe,500,prior_shift,54,1.0,-0.3805261597609122,0.406,0.5
supermat,supermat,Probe,500,prior_shift,55,1.0,-0.7814846418176318,0.314,0.5
supermat,supermat,Probe,500,prior_shift,56,1.0,-0.8094861726440952,0.308,0.5
supermat,supermat,Probe,500,prior_shift,57,1.0,-1.0150127198328165,0.266,0.5
supermat,supermat,Probe,500,prior_shift,58,1.0,-0.7722157040356383,0.316,0.5
supermat,supermat,Probe,500,prior_shift,59,1.0,-0.8760354701545604,0.294,0.5
supermat,supermat,Probe,500,prior_shift,60,1.0,-1.0986122886681098,0.25,0.5
supermat,supermat,Probe,500,prior_shift,61,1.0,-0.7354495602506347,0.324,0.5
supermat,supermat,Probe,500,prior_shift,62,1.0,-0.7537718023763801,0.32,0.5
supermat,supermat,Probe,500,prior_shift,63,1.0,-0.24116205681688807,0.44,0.5
supermat,supermat,Probe,500,prior_shift,64,1.0,-0.5666940715190188,0.362,0.5
supermat,supermat,Probe,500,prior_shift,65,1.0,-0.056014641554671396,0.486,0.5
supermat,supermat,Probe,500,prior_shift,66,1.0,-0.8377920853875029,0.302,0.5
supermat,supermat,Probe,500,prior_shift,67,1.0,-0.2655495441027781,0.434,0.5
supermat,supermat,Probe,500,prior_shift,68,1.0,-0.8856902914254381,0.292,0.5
supermat,supermat,Probe,500,prior_shift,69,1.0,-1.0986122886681098,0.25,0.5
supermat,supermat,Probe,500,prior_shift,70,1.0,-1.2540491423061122,0.222,0.5
supermat,supermat,Probe,500,prior_shift,71,1.0,0.07203112820888281,0.518,0.5
supermat,supermat,Probe,500,prior_shift,72,1.0,-0.5236463121950521,0.372,0.5
supermat,supermat,Probe,500,prior_shift,73,1.0,-0.12817519342399752,0.468,0.5
supermat,supermat,Probe,500,prior_shift,74,1.0,-0.7907856501238613,0.312,0.5
supermat,supermat,Probe,500,prior_shift,75,1.0,-1.3129118151858667,0.212,0.5
supermat,supermat,Probe,500,prior_shift,76,1.0,-0.6991532046201571,0.332,0.5
supermat,supermat,Probe,500,prior_shift,77,1.0,-1.1308731508863312,0.244,0.5
supermat,supermat,Probe,500,prior_shift,78,1.0,-0.7722157040356383,0.316,0.5
supermat,supermat,Probe,500,prior_shift,79,1.0,-0.7081850579244857,0.33,0.5
supermat,supermat,Probe,500,prior_shift,80,1.0,-0.7081850579244857,0.33,0.5
supermat,supermat,Probe,500,prior_shift,81,1.0,-0.3474538157516983,0.414,0.5
supermat,supermat,Probe,500,prior_shift,82,1.0,-0.7445957423959872,0.322,0.5
supermat,supermat,Probe,500,prior_shift,83,1.0,-0.29819005005019605,0.426,0.5
supermat,supermat,Probe,500,prior_shift,84,1.0,-0.46415755868231157,0.386,0.5
supermat,supermat,Probe,500,prior_shift,85,1.0,-0.49804589711959174,0.378,0.5
supermat,supermat,Probe,500,prior_shift,86,1.0,-0.7907856501238613,0.312,0.5
supermat,supermat,Probe,500,prior_shift,87,1.0,-0.27369583047704105,0.432,0.5
supermat,supermat,Probe,500,prior_shift,88,1.0,-0.3805261597609122,0.406,0.5
supermat,supermat,Probe,500,prior_shift,89,1.0,-0.16034265007517928,0.46,0.5
supermat,supermat,Probe,500,prior_shift,90,1.0,-0.7814846418176318,0.314,0.5
supermat,supermat,Probe,500,prior_shift,91,1.0,-0.29001579579800113,0.428,0.5
supermat,supermat,Probe,500,prior_shift,92,1.0,-0.2330490803036128,0.442,0.5
supermat,supermat,Probe,500,prior_shift,93,1.0,-0.7537718023763801,0.32,0.5
supermat,supermat,Probe,500,prior_shift,94,1.0,-0.8953840470548413,0.29,0.5
supermat,supermat,Probe,500,prior_shift,95,1.0,-1.0986122886681098,0.25,0.5
supermat,supermat,Probe,500,prior_shift,96,1.0,-0.5065612249795332,0.376,0.5
supermat,supermat,Probe,500,prior_shift,97,1.0,-0.7722157040356383,0.316,0.5
supermat,supermat,Probe,500,prior_shift,98,1.0,-0.9643905266685663,0.276,0.5
supermat,supermat,Probe,500,prior_shift,99,1.0,-0.02400115209954306,0.494,0.5
supermat,supermat,NTP,500,prior_shift,0,1.0,-1.3614791920001668,0.204,0.5
supermat,supermat,NTP,500,prior_shift,1,1.0,-1.1747359841409104,0.236,0.5
supermat,supermat,NTP,500,prior_shift,2,1.0,-0.7263327295455994,0.326,0.5
supermat,supermat,NTP,500,prior_shift,3,1.0,-0.5408064559779265,0.368,0.5
supermat,supermat,NTP,500,prior_shift,4,1.0,-0.6901486775636886,0.334,0.5
supermat,supermat,NTP,500,prior_shift,5,1.0,-0.654394194262712,0.342,0.5
supermat,supermat,NTP,500,prior_shift,6,1.0,-1.0773913331852243,0.254,0.5
supermat,supermat,NTP,500,prior_shift,7,1.0,-0.5494156210358597,0.366,0.5
supermat,supermat,NTP,500,prior_shift,8,1.0,-1.1200608320755931,0.246,0.5
supermat,supermat,NTP,500,prior_shift,9,1.0,-0.5580446957033816,0.364,0.5
supermat,supermat,NTP,500,prior_shift,10,1.0,-1.1417456594856852,0.242,0.5
supermat,supermat,NTP,500,prior_shift,11,1.0,-0.38882578910419957,0.404,0.5
supermat,supermat,NTP,500,prior_shift,12,1.0,-0.36396537720141175,0.41,0.5
supermat,supermat,NTP,500,prior_shift,13,1.0,-0.5236463121950521,0.372,0.5
supermat,supermat,NTP,500,prior_shift,14,1.0,-1.0355993208393754,0.262,0.5
supermat,supermat,NTP,500,prior_shift,15,1.0,0.0800427076735365,0.52,0.5
supermat,supermat,NTP,500,prior_shift,16,1.0,-0.654394194262712,0.342,0.5
supermat,supermat,NTP,500,prior_shift,17,1.0,-0.9444616088408512,0.28,0.5
supermat,supermat,NTP,500,prior_shift,18,1.0,-0.7354495602506347,0.324,0.5
supermat,supermat,NTP,500,prior_shift,19,1.0,-0.3805261597609122,0.406,0.5
supermat,supermat,NTP,500,prior_shift,20,1.0,-0.4557269428890526,0.388,0.5
supermat,supermat,NTP,500,prior_shift,21,1.0,-0.9148911515197319,0.286,0.5
supermat,supermat,NTP,500,prior_shift,22,1.0,-1.2310368743174411,0.226,0.5
supermat,supermat,NTP,500,prior_shift,23,1.0,-0.6455191315706907,0.344,0.5
supermat,supermat,NTP,500,prior_shift,24,1.0,-0.7081850579244857,0.33,0.5
supermat,supermat,NTP,500,prior_shift,25,1.0,-0.3971386653316106,0.402,0.5
supermat,supermat,NTP,500,prior_shift,26,1.0,-0.6632942174102641,0.34,0.5
supermat,supermat,NTP,500,prior_shift,27,1.0,-0.29819005005019605,0.426,0.5
supermat,supermat,NTP,500,prior_shift,28,1.0,-0.49804589711959174,0.378,0.5
supermat,supermat,NTP,500,prior_shift,29,1.0,-1.1636758820151716,0.238,0.5
supermat,supermat,NTP,500,prior_shift,30,1.0,-0.7172447321390057,0.328,0.5
supermat,supermat,NTP,500,prior_shift,31,1.0,-0.7537718023763801,0.32,0.5
supermat,supermat,NTP,500,prior_shift,32,1.0,-0.8568399175204066,0.298,0.5
supermat,supermat,NTP,500,prior_shift,33,1.0,-0.29001579579800113,0.428,0.5
supermat,supermat,NTP,500,prior_shift,34,1.0,-0.5322168137473082,0.37,0.5
supermat,supermat,NTP,500,prior_shift,35,1.0,-0.3971386653316106,0.402,0.5
supermat,supermat,NTP,500,prior_shift,36,1.0,-0.9946225751440619,0.27,0.5
supermat,supermat,NTP,500,prior_shift,37,1.0,-0.6901486775636886,0.334,0.5
supermat,supermat,NTP,500,prior_shift,38,1.0,-1.3862943611198906,0.2,0.5
supermat,supermat,NTP,500,prior_shift,39,1.0,-0.654394194262712,0.342,0.5
supermat,supermat,NTP,500,prior_shift,40,1.0,-0.5150945736855665,0.374,0.5
supermat,supermat,NTP,500,prior_shift,41,1.0,-0.08805685539118283,0.478,0.5
supermat,supermat,NTP,500,prior_shift,42,1.0,-0.8568399175204066,0.298,0.5
supermat,supermat,NTP,500,prior_shift,43,1.0,-0.9444616088408512,0.28,0.5
supermat,supermat,NTP,500,prior_shift,44,1.0,-0.2330490803036128,0.442,0.5
supermat,supermat,NTP,500,prior_shift,45,1.0,-1.1093075777848578,0.248,0.5
supermat,supermat,NTP,500,prior_shift,46,1.0,-1.0150127198328165,0.266,0.5
supermat,supermat,NTP,500,prior_shift,47,1.0,-0.1683968173254612,0.458,0.5
supermat,supermat,NTP,500,prior_shift,48,1.0,-0.5580446957033816,0.364,0.5
supermat,supermat,NTP,500,prior_shift,49,1.0,-0.8856902914254381,0.292,0.5
supermat,supermat,NTP,500,prior_shift,50,1.0,-1.0879738904630538,0.252,0.5
supermat,supermat,NTP,500,prior_shift,51,1.0,-0.6015025906488274,0.354,0.5
supermat,supermat,NTP,500,prior_shift,52,1.0,-0.9051174312760298,0.288,0.5
supermat,supermat,NTP,500,prior_shift,53,1.0,-1.0986122886681098,0.25,0.5
supermat,supermat,NTP,500,prior_shift,54,1.0,-0.3805261597609122,0.406,0.5
supermat,supermat,NTP,500,prior_shift,55,1.0,-0.7814846418176318,0.314,0.5
supermat,supermat,NTP,500,prior_shift,56,1.0,-0.8094861726440952,0.308,0.5
supermat,supermat,NTP,500,prior_shift,57,1.0,-1.0150127198328165,0.266,0.5
supermat,supermat,NTP,500,prior_shift,58,1.0,-0.7722157040356383,0.316,0.5
supermat,supermat,NTP,500,prior_shift,59,1.0,-0.8760354701545604,0.294,0.5
supermat,supermat,NTP,500,prior_shift,60,1.0,-1.0986122886681098,0.25,0.5
supermat,supermat,NTP,500,prior_shift,61,1.0,-0.7354495602506347,0.324,0.5
supermat,supermat,NTP,500,prior_shift,62,1.0,-0.7537718023763801,0.32,0.5
supermat,supermat,NTP,500,prior_shift,63,1.0,-0.24116205681688807,0.44,0.5
supermat,supermat,NTP,500,prior_shift,64,1.0,-0.5666940715190188,0.362,0.5
supermat,supermat,NTP,500,prior_shift,65,1.0,-0.056014641554671396,0.486,0.5
supermat,supermat,NTP,500,prior_shift,66,1.0,-0.8377920853875029,0.302,0.5
supermat,supermat,NTP,500,prior_shift,67,1.0,-0.2655495441027781,0.434,0.5
supermat,supermat,NTP,500,prior_shift,68,1.0,-0.8856902914254381,0.292,0.5
supermat,supermat,NTP,500,prior_shift,69,1.0,-1.0986122886681098,0.25,0.5
supermat,supermat,NTP,500,prior_shift,70,1.0,-1.2540491423061122,0.222,0.5
supermat,supermat,NTP,500,prior_shift,71,1.0,0.07203112820888281,0.518,0.5
supermat,supermat,NTP,500,prior_shift,72,1.0,-0.5236463121950521,0.372,0.5
supermat,supermat,NTP,500,prior_shift,73,1.0,-0.12817519342399752,0.468,0.5
supermat,supermat,NTP,500,prior_shift,74,1.0,-0.7907856501238613,0.312,0.5
supermat,supermat,NTP,500,prior_shift,75,1.0,-1.3129118151858667,0.212,0.5
supermat,supermat,NTP,500,prior_shift,76,1.0,-0.6991532046201571,0.332,0.5
supermat,supermat,NTP,500,prior_shift,77,1.0,-1.1308731508863312,0.244,0.5
supermat,supermat,NTP,500,prior_shift,78,1.0,-0.7722157040356383,0.316,0.5
supermat,supermat,NTP,500,prior_shift,79,1.0,-0.7081850579244857,0.33,0.5
supermat,supermat,NTP,500,prior_shift,80,1.0,-0.7081850579244857,0.33,0.5
supermat,supermat,NTP,500,prior_shift,81,1.0,-0.3474538157516983,0.414,0.5
supermat,supermat,NTP,500,prior_shift,82,1.0,-0.7445957423959872,0.322,0.5
supermat,supermat,NTP,500,prior_shift,83,1.0,-0.29819005005019605,0.426,0.5
supermat,supermat,NTP,500,prior_shift,84,1.0,-0.46415755868231157,0.386,0.5
supermat,supermat,NTP,500,prior_shift,85,1.0,-0.49804589711959174,0.378,0.5
supermat,supermat,NTP,500,prior_shift,86,1.0,-0.7907856501238613,0.312,0.5
supermat,supermat,NTP,500,prior_shift,87,1.0,-0.27369583047704105,0.432,0.5
supermat,supermat,NTP,500,prior_shift,88,1.0,-0.3805261597609122,0.406,0.5
supermat,supermat,NTP,500,prior_shift,89,1.0,-0.16034265007517928,0.46,0.5
supermat,supermat,NTP,500,prior_shift,90,1.0,-0.7814846418176318,0.314,0.5
supermat,supermat,NTP,500,prior_shift,91,1.0,-0.29001579579800113,0.428,0.5
supermat,supermat,NTP,500,prior_shift,92,1.0,-0.2330490803036128,0.442,0.5
supermat,supermat,NTP,500,prior_shift,93,1.0,-0.7537718023763801,0.32,0.5
supermat,supermat,NTP,500,prior_shift,94,1.0,-0.8953840470548413,0.29,0.5
supermat,supermat,NTP,500,prior_shift,95,1.0,-1.0986122886681098,0.25,0.5
supermat,supermat,NTP,500,prior_shift,96,1.0,-0.5065612249795332,0.376,0.5
supermat,supermat,NTP,500,prior_shift,97,1.0,-0.7722157040356383,0.316,0.5
supermat,supermat,NTP,500,prior_shift,98,1.0,-0.9643905266685663,0.276,0.5
supermat,supermat,NTP,500,prior_shift,99,1.0,-0.02400115209954306,0.494,0.5
supermat,supermat,Probe,1000,prior_shift,0,1.0,-1.3189081873698079,0.211,0.5
supermat,supermat,Probe,1000,prior_shift,1,1.0,-1.2950456896547458,0.215,0.5
supermat,supermat,Probe,1000,prior_shift,2,1.0,-0.5753641449035619,0.36,0.5
supermat,supermat,Probe,1000,prior_shift,3,1.0,-0.40130017080888003,0.401,0.5
supermat,supermat,Probe,1000,prior_shift,4,1.0,-0.8236000689573806,0.305,0.5
supermat,supermat,Probe,1000,prior_shift,5,1.0,-0.8236000689573806,0.305,0.5
supermat,supermat,Probe,1000,prior_shift,6,1.0,-0.8760354701545604,0.294,0.5
supermat,supermat,Probe,1000,prior_shift,7,1.0,-0.40130017080888003,0.401,0.5
supermat,supermat,Probe,1000,prior_shift,8,1.0,-1.0879738904630538,0.252,0.5
supermat,supermat,Probe,1000,prior_shift,9,1.0,-0.5710264960446539,0.361,0.5
supermat,supermat,Probe,1000,prior_shift,10,1.0,-1.051172563596549,0.259,0.5
supermat,supermat,Probe,1000,prior_shift,11,1.0,-0.2859322907279933,0.429,0.5
supermat,supermat,Probe,1000,prior_shift,12,1.0,-0.5797070684323913,0.359,0.5
supermat,supermat,Probe,1000,prior_shift,13,1.0,-0.5023013313394424,0.377,0.5
supermat,supermat,Probe,1000,prior_shift,14,1.0,-0.8808580568795056,0.293,0.5
supermat,supermat,Probe,1000,prior_shift,15,1.0,0.10008345855698263,0.525,0.5
supermat,supermat,Probe,1000,prior_shift,16,1.0,-0.6410908186038923,0.345,0.5
supermat,supermat,Probe,1000,prior_shift,17,1.0,-1.0355993208393754,0.262,0.5
supermat,supermat,Probe,1000,prior_shift,18,1.0,-0.8141822516027061,0.307,0.5
supermat,supermat,Probe,1000,prior_shift,19,1.0,-0.3805261597609122,0.406,0.5
supermat,supermat,Probe,1000,prior_shift,20,1.0,-0.43891304217570437,0.392,0.5
supermat,supermat,Probe,1000,prior_shift,21,1.0,-0.9345624981101107,0.282,0.5
supermat,supermat,Probe,1000,prior_shift,22,1.0,-1.2598483443529955,0.221,0.5
supermat,supermat,Probe,1000,prior_shift,23,1.0,-0.8047985468699244,0.309,0.5
supermat,supermat,Probe,1000,prior_shift,24,1.0,-0.6766920598335007,0.337,0.5
supermat,supermat,Probe,1000,prior_shift,25,1.0,-0.5065612249795332,0.376,0.5
supermat,supermat,Probe,1000,prior_shift,26,1.0,-0.7172447321390057,0.328,0.5
supermat,supermat,Probe,1000,prior_shift,27,1.0,-0.13621020483454888,0.466,0.5
supermat,supermat,Probe,1000,prior_shift,28,1.0,-0.46415755868231157,0.386,0.5
supermat,supermat,Probe,1000,prior_shift,29,1.0,-1.0459685551826876,0.26,0.5
supermat,supermat,Probe,1000,prior_shift,30,1.0,-0.6677537324712359,0.339,0.5
supermat,supermat,Probe,1000,prior_shift,31,1.0,-0.605878237567604,0.353,0.5
supermat,supermat,Probe,1000,prior_shift,32,1.0,-0.9694005571881034,0.275,0.5
supermat,supermat,Probe,1000,prior_shift,33,1.0,-0.31047008746182164,0.423,0.5
supermat,supermat,Probe,1000,prior_shift,34,1.0,-0.5023013313394424,0.377,0.5
supermat,supermat,Probe,1000,prior_shift,35,1.0,-0.40963351764534406,0.399,0.5
supermat,supermat,Probe,1000,prior_shift,36,1.0,-0.8856902914254381,0.292,0.5
supermat,supermat,Probe,1000,prior_shift,37,1.0,-0.7537718023763801,0.32,0.5
supermat,supermat,Probe,1000,prior_shift,38,1.0,-1.180290319682377,0.235,0.5
supermat,supermat,Probe,1000,prior_shift,39,1.0,-0.7263327295455994,0.326,0.5
supermat,supermat,Probe,1000,prior_shift,40,1.0,-0.5279291940930054,0.371,0.5
supermat,supermat,Probe,1000,prior_shift,41,1.0,-0.09206497317658177,0.477,0.5
supermat,supermat,Probe,1000,prior_shift,42,1.0,-0.7861311016821961,0.313,0.5
supermat,supermat,Probe,1000,prior_shift,43,1.0,-0.8568399175204066,0.298,0.5
supermat,supermat,Probe,1000,prior_shift,44,1.0,-0.28185115214098777,0.43,0.5
supermat,supermat,Probe,1000,prior_shift,45,1.0,-1.1472048439049751,0.241,0.5
supermat,supermat,Probe,1000,prior_shift,46,1.0,-0.9494273554635834,0.279,0.5
supermat,supermat,Probe,1000,prior_shift,47,1.0,-0.1683968173254612,0.458,0.5
supermat,supermat,Probe,1000,prior_shift,48,1.0,-0.4895482253187058,0.38,0.5
supermat,supermat,Probe,1000,prior_shift,49,1.0,-0.8047985468699244,0.309,0.5
supermat,supermat,Probe,1000,prior_shift,50,1.0,-1.0773913331852243,0.254,0.5
supermat,supermat,Probe,1000,prior_shift,51,1.0,-0.5537276453102001,0.365,0.5
supermat,supermat,Probe,1000,prior_shift,52,1.0,-1.0616199598225393,0.257,0.5
supermat,supermat,Probe,1000,prior_shift,53,1.0,-1.2482685789075285,0.223,0.5
supermat,supermat,Probe,1000,prior_shift,54,1.0,-0.38882578910419957,0.404,0.5
supermat,supermat,Probe,1000,prior_shift,55,1.0,-0.7768461994365923,0.315,0.5
supermat,supermat,Probe,1000,prior_shift,56,1.0,-0.7491800044286803,0.321,0.5
supermat,supermat,Probe,1000,prior_shift,57,1.0,-0.9895549111289571,0.271,0.5
supermat,supermat,Probe,1000,prior_shift,58,1.0,-0.8520643136439038,0.299,0.5
supermat,supermat,Probe,1000,prior_shift,59,1.0,-0.8856902914254381,0.292,0.5
supermat,supermat,Probe,1000,prior_shift,60,1.0,-0.9002457416908088,0.289,0.5
supermat,supermat,Probe,1000,prior_shift,61,1.0,-0.6278420821521787,0.348,0.5
supermat,supermat,Probe,1000,prior_shift,62,1.0,-0.6856565088307875,0.335,0.5
supermat,supermat,Probe,1000,prior_shift,63,1.0,-0.1522936690800455,0.462,0.5
supermat,supermat,Probe,1000,prior_shift,64,1.0,-0.7400189496896183,0.323,0.5
supermat,supermat,Probe,1000,prior_shift,65,1.0,-0.09607383008962224,0.476,0.5
supermat,supermat,Probe,1000,prior_shift,66,1.0,-0.8472978603872037,0.3,0.5
supermat,supermat,Probe,1000,prior_shift,67,1.0,-0.2533464330441002,0.437,0.5
supermat,supermat,Probe,1000,prior_shift,68,1.0,-0.8188868585544238,0.306,0.5
supermat,supermat,Probe,1000,prior_shift,69,1.0,-1.1146768911719165,0.247,0.5
supermat,supermat,Probe,1000,prior_shift,70,1.0,-1.3129118151858667,0.212,0.5
supermat,supermat,Probe,1000,prior_shift,71,1.0,-0.036003888756002196,0.491,0.5
supermat,supermat,Probe,1000,prior_shift,72,1.0,-0.32687983692977357,0.419,0.5
supermat,supermat,Probe,1000,prior_shift,73,1.0,-0.10810516004942947,0.473,0.5
supermat,supermat,Probe,1000,prior_shift,74,1.0,-0.5623668213073126,0.363,0.5
supermat,supermat,Probe,1000,prior_shift,75,1.0,-1.1914483478015556,0.233,0.5
supermat,supermat,Probe,1000,prior_shift,76,1.0,-0.8236000689573806,0.305,0.5
supermat,supermat,Probe,1000,prior_shift,77,1.0,-1.0459685551826876,0.26,0.5
supermat,supermat,Probe,1000,prior_shift,78,1.0,-0.9099992046546751,0.287,0.5
supermat,supermat,Probe,1000,prior_shift,79,1.0,-0.6901486775636886,0.334,0.5
supermat,supermat,Probe,1000,prior_shift,80,1.0,-0.6991532046201571,0.332,0.5
supermat,supermat,Probe,1000,prior_shift,81,1.0,-0.24928293951724495,0.438,0.5
supermat,supermat,Probe,1000,prior_shift,82,1.0,-0.5884089424579804,0.357,0.5
supermat,supermat,Probe,1000,prior_shift,83,1.0,-0.28185115214098777,0.43,0.5
supermat,supermat,Probe,1000,prior_shift,84,1.0,-0.47260441094579286,0.384,0.5
supermat,supermat,Probe,1000,prior_shift,85,1.0,-0.5494156210358597,0.366,0.5
supermat,supermat,Probe,1000,prior_shift,86,1.0,-0.8188868585544238,0.306,0.5
supermat,supermat,Probe,1000,prior_shift,87,1.0,-0.3022808718729336,0.425,0.5
supermat,supermat,Probe,1000,prior_shift,88,1.0,-0.3971386653316106,0.402,0.5
supermat,supermat,Probe,1000,prior_shift,89,1.0,-0.2859322907279933,0.429,0.5
supermat,supermat,Probe,1000,prior_shift,90,1.0,-0.8094861726440952,0.308,0.5
supermat,supermat,Probe,1000,prior_shift,91,1.0,-0.3846743384390905,0.405,0.5
supermat,supermat,Probe,1000,prior_shift,92,1.0,-0.18855667693894712,0.453,0.5
supermat,supermat,Probe,1000,prior_shift,93,1.0,-0.7861311016821961,0.313,0.5
supermat,supermat,Probe,1000,prior_shift,94,1.0,-0.9247059287994397,0.284,0.5
supermat,supermat,Probe,1000,prior_shift,95,1.0,-1.1691978901493258,0.237,0.5
supermat,supermat,Probe,1000,prior_shift,96,1.0,-0.5108256237659907,0.375,0.5
supermat,supermat,Probe,1000,prior_shift,97,1.0,-0.7814846418176318,0.314,0.5
supermat,supermat,Probe,1000,prior_shift,98,1.0,-1.2026732589838505,0.231,0.5
supermat,supermat,Probe,1000,prior_shift,99,1.0,0.04000533461369919,0.51,0.5
supermat,supermat,NTP,1000,prior_shift,0,1.0,-1.3189081873698079,0.211,0.5
supermat,supermat,NTP,1000,prior_shift,1,1.0,-1.2950456896547458,0.215,0.5
supermat,supermat,NTP,1000,prior_shift,2,1.0,-0.5753641449035619,0.36,0.5
supermat,supermat,NTP,1000,prior_shift,3,1.0,-0.40130017080888003,0.401,0.5
supermat,supermat,NTP,1000,prior_shift,4,1.0,-0.8236000689573806,0.305,0.5
supermat,supermat,NTP,1000,prior_shift,5,1.0,-0.8236000689573806,0.305,0.5
supermat,supermat,NTP,1000,prior_shift,6,1.0,-0.8760354701545604,0.294,0.5
supermat,supermat,NTP,1000,prior_shift,7,1.0,-0.40130017080888003,0.401,0.5
supermat,supermat,NTP,1000,prior_shift,8,1.0,-1.0879738904630538,0.252,0.5
supermat,supermat,NTP,1000,prior_shift,9,1.0,-0.5710264960446539,0.361,0.5
supermat,supermat,NTP,1000,prior_shift,10,1.0,-1.051172563596549,0.259,0.5
supermat,supermat,NTP,1000,prior_shift,11,1.0,-0.2859322907279933,0.429,0.5
supermat,supermat,NTP,1000,prior_shift,12,1.0,-0.5797070684323913,0.359,0.5
supermat,supermat,NTP,1000,prior_shift,13,1.0,-0.5023013313394424,0.377,0.5
supermat,supermat,NTP,1000,prior_shift,14,1.0,-0.8808580568795056,0.293,0.5
supermat,supermat,NTP,1000,prior_shift,15,1.0,0.10008345855698263,0.525,0.5
supermat,supermat,NTP,1000,prior_shift,16,1.0,-0.6410908186038923,0.345,0.5
supermat,supermat,NTP,1000,prior_shift,17,1.0,-1.0355993208393754,0.262,0.5
supermat,supermat,NTP,1000,prior_shift,18,1.0,-0.8141822516027061,0.307,0.5
supermat,supermat,NTP,1000,prior_shift,19,1.0,-0.3805261597609122,0.406,0.5
supermat,supermat,NTP,1000,prior_shift,20,1.0,-0.43891304217570437,0.392,0.5
supermat,supermat,NTP,1000,prior_shift,21,1.0,-0.9345624981101107,0.282,0.5
supermat,supermat,NTP,1000,prior_shift,22,1.0,-1.2598483443529955,0.221,0.5
supermat,supermat,NTP,1000,prior_shift,23,1.0,-0.8047985468699244,0.309,0.5
supermat,supermat,NTP,1000,prior_shift,24,1.0,-0.6766920598335007,0.337,0.5
supermat,supermat,NTP,1000,prior_shift,25,1.0,-0.5065612249795332,0.376,0.5
supermat,supermat,NTP,1000,prior_shift,26,1.0,-0.7172447321390057,0.328,0.5
supermat,supermat,NTP,1000,prior_shift,27,1.0,-0.13621020483454888,0.466,0.5
supermat,supermat,NTP,1000,prior_shift,28,1.0,-0.46415755868231157,0.386,0.5
supermat,supermat,NTP,1000,prior_shift,29,1.0,-1.0459685551826876,0.26,0.5
supermat,supermat,NTP,1000,prior_shift,30,1.0,-0.6677537324712359,0.339,0.5
supermat,supermat,NTP,1000,prior_shift,31,1.0,-0.605878237567604,0.353,0.5
supermat,supermat,NTP,1000,prior_shift,32,1.0,-0.9694005571881034,0.275,0.5
supermat,supermat,NTP,1000,prior_shift,33,1.0,-0.31047008746182164,0.423,0.5
supermat,supermat,NTP,1000,prior_shift,34,1.0,-0.5023013313394424,0.377,0.5
supermat,supermat,NTP,1000,prior_shift,35,1.0,-0.40963351764534406,0.399,0.5
supermat,supermat,NTP,1000,prior_shift,36,1.0,-0.8856902914254381,0.292,0.5
supermat,supermat,NTP,1000,prior_shift,37,1.0,-0.7537718023763801,0.32,0.5
supermat,supermat,NTP,1000,prior_shift,38,1.0,-1.180290319682377,0.235,0.5
supermat,supermat,NTP,1000,prior_shift,39,1.0,-0.7263327295455994,0.326,0.5
supermat,supermat,NTP,1000,prior_shift,40,1.0,-0.5279291940930054,0.371,0.5
supermat,supermat,NTP,1000,prior_shift,41,1.0,-0.09206497317658177,0.477,0.5
supermat,supermat,NTP,1000,prior_shift,42,1.0,-0.7861311016821961,0.313,0.5
supermat,supermat,NTP,1000,prior_shift,43,1.0,-0.8568399175204066,0.298,0.5
supermat,supermat,NTP,1000,prior_shift,44,1.0,-0.28185115214098777,0.43,0.5
supermat,supermat,NTP,1000,prior_shift,45,1.0,-1.1472048439049751,0.241,0.5
supermat,supermat,NTP,1000,prior_shift,46,1.0,-0.9494273554635834,0.279,0.5
supermat,supermat,NTP,1000,prior_shift,47,1.0,-0.1683968173254612,0.458,0.5
supermat,supermat,NTP,1000,prior_shift,48,1.0,-0.4895482253187058,0.38,0.5
supermat,supermat,NTP,1000,prior_shift,49,1.0,-0.8047985468699244,0.309,0.5
supermat,supermat,NTP,1000,prior_shift,50,1.0,-1.0773913331852243,0.254,0.5
supermat,supermat,NTP,1000,prior_shift,51,1.0,-0.5537276453102001,0.365,0.5
supermat,supermat,NTP,1000,prior_shift,52,1.0,-1.0616199598225393,0.257,0.5
supermat,supermat,NTP,1000,prior_shift,53,1.0,-1.2482685789075285,0.223,0.5
supermat,supermat,NTP,1000,prior_shift,54,1.0,-0.38882578910419957,0.404,0.5
supermat,supermat,NTP,1000,prior_shift,55,1.0,-0.7768461994365923,0.315,0.5
supermat,supermat,NTP,1000,prior_shift,56,1.0,-0.7491800044286803,0.321,0.5
supermat,supermat,NTP,1000,prior_shift,57,1.0,-0.9895549111289571,0.271,0.5
supermat,supermat,NTP,1000,prior_shift,58,1.0,-0.8520643136439038,0.299,0.5
supermat,supermat,NTP,1000,prior_shift,59,1.0,-0.8856902914254381,0.292,0.5
supermat,supermat,NTP,1000,prior_shift,60,1.0,-0.9002457416908088,0.289,0.5
supermat,supermat,NTP,1000,prior_shift,61,1.0,-0.6278420821521787,0.348,0.5
supermat,supermat,NTP,1000,prior_shift,62,1.0,-0.6856565088307875,0.335,0.5
supermat,supermat,NTP,1000,prior_shift,63,1.0,-0.1522936690800455,0.462,0.5
supermat,supermat,NTP,1000,prior_shift,64,1.0,-0.7400189496896183,0.323,0.5
supermat,supermat,NTP,1000,prior_shift,65,1.0,-0.09607383008962224,0.476,0.5
supermat,supermat,NTP,1000,prior_shift,66,1.0,-0.8472978603872037,0.3,0.5
supermat,supermat,NTP,1000,prior_shift,67,1.0,-0.2533464330441002,0.437,0.5
supermat,supermat,NTP,1000,prior_shift,68,1.0,-0.8188868585544238,0.306,0.5
supermat,supermat,NTP,1000,prior_shift,69,1.0,-1.1146768911719165,0.247,0.5
supermat,supermat,NTP,1000,prior_shift,70,1.0,-1.3129118151858667,0.212,0.5
supermat,supermat,NTP,1000,prior_shift,71,1.0,-0.036003888756002196,0.491,0.5
supermat,supermat,NTP,1000,prior_shift,72,1.0,-0.32687983692977357,0.419,0.5
supermat,supermat,NTP,1000,prior_shift,73,1.0,-0.10810516004942947,0.473,0.5
supermat,supermat,NTP,1000,prior_shift,74,1.0,-0.5623668213073126,0.363,0.5
supermat,supermat,NTP,1000,prior_shift,75,1.0,-1.1914483478015556,0.233,0.5
supermat,supermat,NTP,1000,prior_shift,76,1.0,-0.8236000689573806,0.305,0.5
supermat,supermat,NTP,1000,prior_shift,77,1.0,-1.0459685551826876,0.26,0.5
supermat,supermat,NTP,1000,prior_shift,78,1.0,-0.9099992046546751,0.287,0.5
supermat,supermat,NTP,1000,prior_shift,79,1.0,-0.6901486775636886,0.334,0.5
supermat,supermat,NTP,1000,prior_shift,80,1.0,-0.6991532046201571,0.332,0.5
supermat,supermat,NTP,1000,prior_shift,81,1.0,-0.24928293951724495,0.438,0.5
supermat,supermat,NTP,1000,prior_shift,82,1.0,-0.5884089424579804,0.357,0.5
supermat,supermat,NTP,1000,prior_shift,83,1.0,-0.28185115214098777,0.43,0.5
supermat,supermat,NTP,1000,prior_shift,84,1.0,-0.47260441094579286,0.384,0.5
supermat,supermat,NTP,1000,prior_shift,85,1.0,-0.5494156210358597,0.366,0.5
supermat,supermat,NTP,1000,prior_shift,86,1.0,-0.8188868585544238,0.306,0.5
supermat,supermat,NTP,1000,prior_shift,87,1.0,-0.3022808718729336,0.425,0.5
supermat,supermat,NTP,1000,prior_shift,88,1.0,-0.3971386653316106,0.402,0.5
supermat,supermat,NTP,1000,prior_shift,89,1.0,-0.2859322907279933,0.429,0.5
supermat,supermat,NTP,1000,prior_shift,90,1.0,-0.8094861726440952,0.308,0.5
supermat,supermat,NTP,1000,prior_shift,91,1.0,-0.3846743384390905,0.405,0.5
supermat,supermat,NTP,1000,prior_shift,92,1.0,-0.18855667693894712,0.453,0.5
supermat,supermat,NTP,1000,prior_shift,93,1.0,-0.7861311016821961,0.313,0.5
supermat,supermat,NTP,1000,prior_shift,94,1.0,-0.9247059287994397,0.284,0.5
supermat,supermat,NTP,1000,prior_shift,95,1.0,-1.1691978901493258,0.237,0.5
supermat,supermat,NTP,1000,prior_shift,96,1.0,-0.5108256237659907,0.375,0.5
supermat,supermat,NTP,1000,prior_shift,97,1.0,-0.7814846418176318,0.314,0.5
supermat,supermat,NTP,1000,prior_shift,98,1.0,-1.2026732589838505,0.231,0.5
supermat,supermat,NTP,1000,prior_shift,99,1.0,0.04000533461369919,0.51,0.5
