Train dataset,Test dataset,Method,Fit sample,Recalibration,coef,intercept,N,Label rate,Train prevalence,Raw mean prob,Scaled mean prob
pond,pond,probe,0,intercept_fit,1.0,-1.6193950278246712,100,0.41,0.4985203973789896,0.6531848020400894,0.4099999999999999
pond,pond,ntp,0,intercept_fit,1.0,-1.5365428733635287,100,0.41,0.4985203973789896,0.6030539694155727,0.4099999999999999
pond,pond,probe,1,intercept_fit,1.0,-1.1027752764328103,100,0.39,0.4985203973789896,0.5385564865248085,0.39000000000000024
pond,pond,ntp,1,intercept_fit,1.0,-1.0935937664214501,100,0.39,0.4985203973789896,0.5501404209827562,0.3899999999999999
pond,pond,probe,2,intercept_fit,1.0,-1.002219492001791,100,0.51,0.4985203973789896,0.6914205441888492,0.5100000000000117
pond,pond,ntp,2,intercept_fit,1.0,-0.4563253354339544,100,0.51,0.4985203973789896,0.5832747430563142,0.51
pond,pond,probe,3,intercept_fit,1.0,-2.0096488176215352,100,0.25,0.4985203973789896,0.45069757652512293,0.2500000000000029
pond,pond,ntp,3,intercept_fit,1.0,-2.3530038764008734,100,0.25,0.4985203973789896,0.5339691928897782,0.24999999999999897
pond,pond,probe,4,intercept_fit,1.0,0.061682242548391004,100,0.55,0.4985203973789896,0.5385621438008331,0.5499999999999902
pond,pond,ntp,4,intercept_fit,1.0,0.14789366659205797,100,0.55,0.4985203973789896,0.5225689344578016,0.5500000000000006
pond,pond,probe,5,intercept_fit,1.0,-1.0250188720309044,100,0.32,0.4985203973789896,0.4607341992219481,0.3199999999999999
pond,pond,ntp,5,intercept_fit,1.0,-0.9582382607546056,100,0.32,0.4985203973789896,0.48280313174246037,0.32000000000000006
pond,pond,probe,6,intercept_fit,1.0,-1.479146617948639,100,0.38,0.4985203973789896,0.6169508147734041,0.37999999999999895
pond,pond,ntp,6,intercept_fit,1.0,-2.259500298014796,100,0.38,0.4985203973789896,0.626912964616045,0.3799999999999958
pond,pond,probe,7,intercept_fit,1.0,-0.6227093225981322,100,0.47,0.4985203973789896,0.5798935206838335,0.47
pond,pond,ntp,7,intercept_fit,1.0,-0.6768911132003214,100,0.47,0.4985203973789896,0.5743364568266849,0.469999999999984
pond,pond,probe,8,intercept_fit,1.0,-0.7425195409873179,100,0.46,0.4985203973789896,0.552932293846081,0.46000000000000063
pond,pond,ntp,8,intercept_fit,1.0,-0.5122745919559968,100,0.46,0.4985203973789896,0.5468793019444373,0.45999999999999475
pond,pond,probe,9,intercept_fit,1.0,-1.4308416229792833,100,0.37,0.4985203973789896,0.5989162518425053,0.3699999999999995
pond,pond,ntp,9,intercept_fit,1.0,-1.0537051035774565,100,0.37,0.4985203973789896,0.5348029788698704,0.37
pond,pond,probe,10,intercept_fit,1.0,-1.1121286723935229,100,0.44,0.4985203973789896,0.6230130464288329,0.43999999999999995
pond,pond,ntp,10,intercept_fit,1.0,-0.8681170606476147,100,0.44,0.4985203973789896,0.5704761827297784,0.43999999999999995
pond,pond,probe,11,intercept_fit,1.0,-0.38543000712086756,100,0.51,0.4985203973789896,0.5744397565924945,0.5100000000000005
pond,pond,ntp,11,intercept_fit,1.0,-0.12117058385542635,100,0.51,0.4985203973789896,0.5320283042198866,0.5100000000000001
pond,pond,probe,12,intercept_fit,1.0,-0.9172761112143486,100,0.4,0.4985203973789896,0.537540008169928,0.3999999999999999
pond,pond,ntp,12,intercept_fit,1.0,-1.0909246359211782,100,0.4,0.4985203973789896,0.5610146504327892,0.4
pond,pond,probe,13,intercept_fit,1.0,-0.7403579553142069,100,0.51,0.4985203973789896,0.6434428963757844,0.51
pond,pond,ntp,13,intercept_fit,1.0,-0.4816423862455901,100,0.51,0.4985203973789896,0.5848946323280048,0.51
pond,pond,probe,14,intercept_fit,1.0,-1.648794604873186,100,0.31,0.4985203973789896,0.5321929185088254,0.3100000000000121
pond,pond,ntp,14,intercept_fit,1.0,-2.2937493927820993,100,0.31,0.4985203973789896,0.5717471664067714,0.3099999999999992
pond,pond,probe,15,intercept_fit,1.0,-0.464131008636191,100,0.49,0.4985203973789896,0.5706939740970614,0.490000000000006
pond,pond,ntp,15,intercept_fit,1.0,-0.4689040577735982,100,0.49,0.4985203973789896,0.5658571783281378,0.48999999999999955
pond,pond,probe,16,intercept_fit,1.0,-0.5264766504702603,100,0.56,0.4985203973789896,0.6514445072019888,0.5600000000000417
pond,pond,ntp,16,intercept_fit,1.0,-0.13578679804369517,100,0.56,0.4985203973789896,0.5821833181792865,0.5600000000000008
pond,pond,probe,17,intercept_fit,1.0,-1.7458468053596792,100,0.31,0.4985203973789896,0.5507930385731156,0.31
pond,pond,ntp,17,intercept_fit,1.0,-1.7757569180556931,100,0.31,0.4985203973789896,0.5439696732108589,0.3099999999999998
pond,pond,probe,18,intercept_fit,1.0,-1.170630390136132,100,0.41,0.4985203973789896,0.5743700107434582,0.4100000000000001
pond,pond,ntp,18,intercept_fit,1.0,-0.9877026203408513,100,0.41,0.4985203973789896,0.5594946641456737,0.4100000000000001
pond,pond,probe,19,intercept_fit,1.0,-1.5161157467687771,100,0.39,0.4985203973789896,0.6325916479920084,0.39000000000001206
pond,pond,ntp,19,intercept_fit,1.0,-1.7085525250273899,100,0.39,0.4985203973789896,0.6000482751255857,0.39000000000002705
pond,pond,probe,20,intercept_fit,1.0,-0.06667080416517981,100,0.47,0.4985203973789896,0.478270386757813,0.4700000000000001
pond,pond,ntp,20,intercept_fit,1.0,-0.6538672281317276,100,0.47,0.4985203973789896,0.5714462787021468,0.46999999999999537
pond,pond,probe,21,intercept_fit,1.0,-1.62998882865713,100,0.3,0.4985203973789896,0.501733583296265,0.3
pond,pond,ntp,21,intercept_fit,1.0,-2.065276380551177,100,0.3,0.4985203973789896,0.5521716444239663,0.3000000000000255
pond,pond,probe,22,intercept_fit,1.0,-0.27689405217227064,100,0.59,0.4985203973789896,0.6417954207051533,0.5900000000000001
pond,pond,ntp,22,intercept_fit,1.0,0.2807333172278414,100,0.59,0.4985203973789896,0.5366485890343519,0.59
pond,pond,probe,23,intercept_fit,1.0,-1.767795931170534,100,0.32,0.4985203973789896,0.516598721435744,0.3199999999999741
pond,pond,ntp,23,intercept_fit,1.0,-2.587862956586986,100,0.32,0.4985203973789896,0.5909646036644173,0.31999999999999884
pond,pond,probe,24,intercept_fit,1.0,-0.5083499070290219,100,0.51,0.4985203973789896,0.6017525308469054,0.5099999999999999
pond,pond,ntp,24,intercept_fit,1.0,-0.385534252174325,100,0.51,0.4985203973789896,0.5712410258188835,0.5099999999999993
pond,pond,probe,25,intercept_fit,1.0,-0.6570823971567061,100,0.36,0.4985203973789896,0.45854265003542233,0.36000000000000026
pond,pond,ntp,25,intercept_fit,1.0,-0.7812165342390899,100,0.36,0.4985203973789896,0.4960576620810074,0.3599999999999973
pond,pond,probe,26,intercept_fit,1.0,-1.1436367397656455,100,0.47,0.4985203973789896,0.6509640999481072,0.47000000000000824
pond,pond,ntp,26,intercept_fit,1.0,-0.6356321826666504,100,0.47,0.4985203973789896,0.5706004541935552,0.4699999999999983
pond,pond,probe,27,intercept_fit,1.0,-1.644944330376085,100,0.3,0.4985203973789896,0.5191827489985408,0.3
pond,pond,ntp,27,intercept_fit,1.0,-2.206260730675262,100,0.3,0.4985203973789896,0.5597240429603696,0.29999999999999943
pond,pond,probe,28,intercept_fit,1.0,-0.6832736424207364,100,0.53,0.4985203973789896,0.6564001917464232,0.5300000000000002
pond,pond,ntp,28,intercept_fit,1.0,-0.17949368287485465,100,0.53,0.4985203973789896,0.5609225957571129,0.5300000000000481
pond,pond,probe,29,intercept_fit,1.0,-1.383108670272493,100,0.36,0.4985203973789896,0.6107558998307556,0.36
pond,pond,ntp,29,intercept_fit,1.0,-1.1160635746548895,100,0.36,0.4985203973789896,0.5290057700148108,0.35999999999999927
pond,pond,probe,30,intercept_fit,1.0,-0.05793500547667899,100,0.58,0.4985203973789896,0.5911131604573658,0.58
pond,pond,ntp,30,intercept_fit,1.0,-0.09580812803950128,100,0.58,0.4985203973789896,0.5954915779904041,0.58
pond,pond,probe,31,intercept_fit,1.0,-1.0005868296147333,100,0.37,0.4985203973789896,0.49633737990478743,0.37
pond,pond,ntp,31,intercept_fit,1.0,-1.3158141467079116,100,0.37,0.4985203973789896,0.55202979983479,0.37
pond,pond,probe,32,intercept_fit,1.0,-0.7708978043018188,100,0.43,0.4985203973789896,0.5555711276002377,0.43000000000005784
pond,pond,ntp,32,intercept_fit,1.0,-0.6524996983782015,100,0.43,0.4985203973789896,0.5375350537470599,0.4299999999999999
pond,pond,probe,33,intercept_fit,1.0,-1.1522064811058672,100,0.42,0.4985203973789896,0.5981317598541741,0.4199999999999999
pond,pond,ntp,33,intercept_fit,1.0,-0.7011039574370941,100,0.42,0.4985203973789896,0.5360625682073997,0.4200000000000001
pond,pond,probe,34,intercept_fit,1.0,-0.7365603353833411,100,0.46,0.4985203973789896,0.5680797548217884,0.45999999999999835
pond,pond,ntp,34,intercept_fit,1.0,-0.8574685465181451,100,0.46,0.4985203973789896,0.5837047734389813,0.45999999999997954
pond,pond,probe,35,intercept_fit,1.0,-1.8343981988042615,100,0.31,0.4985203973789896,0.5935971363429025,0.31000000000000005
pond,pond,ntp,35,intercept_fit,1.0,-2.359073056563056,100,0.31,0.4985203973789896,0.5695959758939577,0.31
pond,pond,probe,36,intercept_fit,1.0,-1.0987449038655472,100,0.48,0.4985203973789896,0.6753713427890186,0.48000000000000037
pond,pond,ntp,36,intercept_fit,1.0,-0.4788099423590061,100,0.48,0.4985203973789896,0.5578300676439957,0.479999999999998
pond,pond,probe,37,intercept_fit,1.0,-0.8976356116266617,100,0.4,0.4985203973789896,0.5295641352754908,0.3999999999999999
pond,pond,ntp,37,intercept_fit,1.0,-0.6615133660937509,100,0.4,0.4985203973789896,0.51181802333855,0.4
pond,pond,probe,38,intercept_fit,1.0,-1.0716226896465115,100,0.36,0.4985203973789896,0.5295195644331747,0.36
pond,pond,ntp,38,intercept_fit,1.0,-1.3694959565960199,100,0.36,0.4985203973789896,0.5504331148948122,0.3600000000000001
pond,pond,probe,39,intercept_fit,1.0,-1.532763520071307,100,0.25,0.4985203973789896,0.4347454827206617,0.24999999999999958
pond,pond,ntp,39,intercept_fit,1.0,-1.4370877450935926,100,0.25,0.4985203973789896,0.47688309171782156,0.2499999999999999
pond,pond,probe,40,intercept_fit,1.0,-1.2158241148231654,100,0.46,0.4985203973789896,0.6839494263065251,0.4599999999999999
pond,pond,ntp,40,intercept_fit,1.0,-1.0633341100126497,100,0.46,0.4985203973789896,0.6038206999618521,0.4599999999999996
pond,pond,probe,41,intercept_fit,1.0,-0.6547103587364311,100,0.46,0.4985203973789896,0.5624645996043831,0.46000000000004554
pond,pond,ntp,41,intercept_fit,1.0,-0.4623925276928177,100,0.46,0.4985203973789896,0.5381615905887029,0.4599999999999826
pond,pond,probe,42,intercept_fit,1.0,-1.0887466022514543,100,0.42,0.4985203973789896,0.599890563291427,0.41999999999996185
pond,pond,ntp,42,intercept_fit,1.0,-1.2749921164237352,100,0.42,0.4985203973789896,0.5955966356057117,0.42
pond,pond,probe,43,intercept_fit,1.0,-0.7795992618681259,100,0.53,0.4985203973789896,0.6686528522321683,0.5299999999999994
pond,pond,ntp,43,intercept_fit,1.0,-0.3889273501362287,100,0.53,0.4985203973789896,0.591553588250641,0.53
pond,pond,probe,44,intercept_fit,1.0,-1.2903566798941484,100,0.36,0.4985203973789896,0.5760291438586836,0.3600000000000001
pond,pond,ntp,44,intercept_fit,1.0,-1.1729294430612727,100,0.36,0.4985203973789896,0.5416471321799398,0.3599999999999999
pond,pond,probe,45,intercept_fit,1.0,-0.471377412892901,100,0.62,0.4985203973789896,0.7044272652052436,0.62
pond,pond,ntp,45,intercept_fit,1.0,0.0728748791261459,100,0.62,0.4985203973789896,0.6083516128869746,0.6199999999999999
pond,pond,probe,46,intercept_fit,1.0,-1.5729948552265953,100,0.37,0.4985203973789896,0.6212940591082609,0.37000000000000016
pond,pond,ntp,46,intercept_fit,1.0,-2.3390064562147477,100,0.37,0.4985203973789896,0.6232079626291892,0.37000000000000005
pond,pond,probe,47,intercept_fit,1.0,-1.4644864341632895,100,0.38,0.4985203973789896,0.610022886360876,0.3799999999999988
pond,pond,ntp,47,intercept_fit,1.0,-1.620953639114098,100,0.38,0.4985203973789896,0.5931761481141058,0.38000000000000184
pond,pond,probe,48,intercept_fit,1.0,-0.6058417817235465,100,0.41,0.4985203973789896,0.500791421456241,0.41
pond,pond,ntp,48,intercept_fit,1.0,-0.9550829995777621,100,0.41,0.4985203973789896,0.5552904991008528,0.40999999999999986
pond,pond,probe,49,intercept_fit,1.0,-1.5302701016301992,100,0.27,0.4985203973789896,0.4742850681942458,0.26999999999999974
pond,pond,ntp,49,intercept_fit,1.0,-1.7621380867184615,100,0.27,0.4985203973789896,0.5059752424067917,0.27
pond,pond,probe,50,intercept_fit,1.0,-1.1652939482713711,100,0.41,0.4985203973789896,0.5707665112365151,0.41
pond,pond,ntp,50,intercept_fit,1.0,-1.3545071583393122,100,0.41,0.4985203973789896,0.586646724737258,0.4099999999999999
pond,pond,probe,51,intercept_fit,1.0,-0.91989911148706,100,0.41,0.4985203973789896,0.5751434281829071,0.4100000000000001
pond,pond,ntp,51,intercept_fit,1.0,-0.8560707754290157,100,0.41,0.4985203973789896,0.5472654925849316,0.41
pond,pond,probe,52,intercept_fit,1.0,-1.3740152045737053,100,0.47,0.4985203973789896,0.7138355079655642,0.4700000000000337
pond,pond,ntp,52,intercept_fit,1.0,-0.865532244367475,100,0.47,0.4985203973789896,0.5952726840552041,0.4699999999999978
pond,pond,probe,53,intercept_fit,1.0,-0.7999831701372168,100,0.47,0.4985203973789896,0.5862422284931936,0.4699999999999843
pond,pond,ntp,53,intercept_fit,1.0,-0.7848118950212584,100,0.47,0.4985203973789896,0.5867168800008234,0.46999999999999525
pond,pond,probe,54,intercept_fit,1.0,-0.6039137944050703,100,0.5,0.4985203973789896,0.5843366407906287,0.5000000000000001
pond,pond,ntp,54,intercept_fit,1.0,-1.1095634595098223,100,0.5,0.4985203973789896,0.634852279808628,0.5
pond,pond,probe,55,intercept_fit,1.0,-1.4615622267704362,100,0.4,0.4985203973789896,0.6736825565407962,0.4000000000000001
pond,pond,ntp,55,intercept_fit,1.0,-1.171309208475063,100,0.4,0.4985203973789896,0.5705913777690587,0.3999999999999784
pond,pond,probe,56,intercept_fit,1.0,-1.7268480185388593,100,0.33,0.4985203973789896,0.583145878473263,0.33000000000000007
pond,pond,ntp,56,intercept_fit,1.0,-1.728759713322808,100,0.33,0.4985203973789896,0.566249448242957,0.33
pond,pond,probe,57,intercept_fit,1.0,-1.4870212941611278,100,0.42,0.4985203973789896,0.6576501755991409,0.41999999999999993
pond,pond,ntp,57,intercept_fit,1.0,-1.3513484889459197,100,0.42,0.4985203973789896,0.5968032338829845,0.4199999999999999
pond,pond,probe,58,intercept_fit,1.0,-1.2857465714638525,100,0.36,0.4985203973789896,0.5575955073666437,0.36
pond,pond,ntp,58,intercept_fit,1.0,-1.0691135976353663,100,0.36,0.4985203973789896,0.5255318439175042,0.36000000000001087
pond,pond,probe,59,intercept_fit,1.0,-0.9047339673394503,100,0.44,0.4985203973789896,0.5814305559517708,0.43999999999999995
pond,pond,ntp,59,intercept_fit,1.0,-0.976531491914023,100,0.44,0.4985203973789896,0.5829707169228372,0.43999999999999007
pond,pond,probe,60,intercept_fit,1.0,-0.907273698263429,100,0.46,0.4985203973789896,0.6307011231637473,0.45999999999999974
pond,pond,ntp,60,intercept_fit,1.0,-0.6596527915960088,100,0.46,0.4985203973789896,0.5636794540190225,0.45999999999997826
pond,pond,probe,61,intercept_fit,1.0,-1.395669665026006,100,0.33,0.4985203973789896,0.5868441108622029,0.3299999999999999
pond,pond,ntp,61,intercept_fit,1.0,-1.3600783819490783,100,0.33,0.4985203973789896,0.5305423634629036,0.3299999999999981
pond,pond,probe,62,intercept_fit,1.0,-1.1717817806983288,100,0.38,0.4985203973789896,0.5285283750425097,0.38000000000000006
pond,pond,ntp,62,intercept_fit,1.0,-1.7236679564548394,100,0.38,0.4985203973789896,0.5969487437161481,0.37999999999999995
pond,pond,probe,63,intercept_fit,1.0,-1.0204675423061977,100,0.5,0.4985203973789896,0.674500181639253,0.5000000000000018
pond,pond,ntp,63,intercept_fit,1.0,-0.4878371446301603,100,0.5,0.4985203973789896,0.5767347523930796,0.49999999999999994
pond,pond,probe,64,intercept_fit,1.0,-0.5244569355302804,100,0.54,0.4985203973789896,0.6198582237924564,0.54
pond,pond,ntp,64,intercept_fit,1.0,-0.7415819049087807,100,0.54,0.4985203973789896,0.6397096743224906,0.54
pond,pond,probe,65,intercept_fit,1.0,-0.47734730764152067,100,0.45,0.4985203973789896,0.5173184897043914,0.45
pond,pond,ntp,65,intercept_fit,1.0,-0.47148355040987144,100,0.45,0.4985203973789896,0.5330447463196903,0.44999999999998475
pond,pond,probe,66,intercept_fit,1.0,-0.6874767347338782,100,0.45,0.4985203973789896,0.5498379379515067,0.4499999999999977
pond,pond,ntp,66,intercept_fit,1.0,-0.5783855928544932,100,0.45,0.4985203973789896,0.5432344076132609,0.44999999999999996
pond,pond,probe,67,intercept_fit,1.0,-1.0734515886203426,100,0.43,0.4985203973789896,0.6349726027086425,0.43000000000000005
pond,pond,ntp,67,intercept_fit,1.0,-0.5780603041079283,100,0.43,0.4985203973789896,0.5298555787722894,0.4300000000000266
pond,pond,probe,68,intercept_fit,1.0,-1.0323206754823597,100,0.42,0.4985203973789896,0.5454151313604158,0.42
pond,pond,ntp,68,intercept_fit,1.0,-1.321341632558742,100,0.42,0.4985203973789896,0.5919991453409881,0.42
pond,pond,probe,69,intercept_fit,1.0,-0.4677335186590425,100,0.49,0.4985203973789896,0.5663807493017808,0.49
pond,pond,ntp,69,intercept_fit,1.0,-0.36219022740263124,100,0.49,0.4985203973789896,0.5502547626953023,0.4899999999999992
pond,pond,probe,70,intercept_fit,1.0,-1.1599487508472406,100,0.4,0.4985203973789896,0.6159709455532576,0.4
pond,pond,ntp,70,intercept_fit,1.0,-0.7236853477744516,100,0.4,0.4985203973789896,0.5256625498996442,0.39999999999999986
pond,pond,probe,71,intercept_fit,1.0,-0.7510618663435017,100,0.41,0.4985203973789896,0.5131456316081274,0.41000000000001036
pond,pond,ntp,71,intercept_fit,1.0,-0.7386327554904963,100,0.41,0.4985203973789896,0.5317223963115074,0.4099999999999999
pond,pond,probe,72,intercept_fit,1.0,-0.25525258189383987,100,0.56,0.4985203973789896,0.6062652507837508,0.56
pond,pond,ntp,72,intercept_fit,1.0,-0.2126513607090253,100,0.56,0.4985203973789896,0.5942759798354007,0.5600000000000002
pond,pond,probe,73,intercept_fit,1.0,-0.9833906865405128,100,0.45,0.4985203973789896,0.5998482801792886,0.44999999999999096
pond,pond,ntp,73,intercept_fit,1.0,-0.8639609656130979,100,0.45,0.4985203973789896,0.5790600024991838,0.4499999999999927
pond,pond,probe,74,intercept_fit,1.0,-0.6219801407890043,100,0.41,0.4985203973789896,0.49846845776681903,0.41
pond,pond,ntp,74,intercept_fit,1.0,-0.8619059281800517,100,0.41,0.4985203973789896,0.5458510990172731,0.4099999999999999
pond,pond,probe,75,intercept_fit,1.0,-1.018527475285255,100,0.53,0.4985203973789896,0.712486295634494,0.5300000000000505
pond,pond,ntp,75,intercept_fit,1.0,-0.5672166490710366,100,0.53,0.4985203973789896,0.6154127981838655,0.530000000000012
pond,pond,probe,76,intercept_fit,1.0,-0.4170935163457544,100,0.48,0.4985203973789896,0.541897405781025,0.4799999999999999
pond,pond,ntp,76,intercept_fit,1.0,-0.5389399685768915,100,0.48,0.4985203973789896,0.5631273187579642,0.4799999999999763
pond,pond,probe,77,intercept_fit,1.0,-1.7505412573562635,100,0.39,0.4985203973789896,0.7177732701014691,0.3900000000000001
pond,pond,ntp,77,intercept_fit,1.0,-1.2330743264008246,100,0.39,0.4985203973789896,0.5787281956212124,0.3899999999999975
pond,pond,probe,78,intercept_fit,1.0,-0.6674715439827426,100,0.53,0.4985203973789896,0.6476272746306946,0.5300000000000115
pond,pond,ntp,78,intercept_fit,1.0,-0.49492656706292637,100,0.53,0.4985203973789896,0.6057755110480542,0.5299999999999809
pond,pond,probe,79,intercept_fit,1.0,-0.7536059685857103,100,0.4,0.4985203973789896,0.4955654822480934,0.3999999999999823
pond,pond,ntp,79,intercept_fit,1.0,-0.9927010038820944,100,0.4,0.4985203973789896,0.5492176476027266,0.39999999999999986
pond,pond,probe,80,intercept_fit,1.0,-0.7557347674177062,100,0.46,0.4985203973789896,0.5979994106326131,0.4600000000000001
pond,pond,ntp,80,intercept_fit,1.0,-0.5243929138945086,100,0.46,0.4985203973789896,0.5504162341997754,0.45999999999999813
pond,pond,probe,81,intercept_fit,1.0,-0.9443597171609884,100,0.5,0.4985203973789896,0.6762595159932043,0.49999999999999845
pond,pond,ntp,81,intercept_fit,1.0,-1.1514873573224025,100,0.5,0.4985203973789896,0.6476421649944095,0.49999999999999994
pond,pond,probe,82,intercept_fit,1.0,-2.2506605983536394,100,0.31,0.4985203973789896,0.6350978057055587,0.31000000000000005
pond,pond,ntp,82,intercept_fit,1.0,-2.6448166453171225,100,0.31,0.4985203973789896,0.6059049014569822,0.3099999999999958
pond,pond,probe,83,intercept_fit,1.0,-1.0306826372164912,100,0.33,0.4985203973789896,0.4824551761237588,0.33
pond,pond,ntp,83,intercept_fit,1.0,-1.6335864644308242,100,0.33,0.4985203973789896,0.5506527257183094,0.3299999999999999
pond,pond,probe,84,intercept_fit,1.0,-1.1632451779410231,100,0.39,0.4985203973789896,0.5725964003772172,0.38999999999999885
pond,pond,ntp,84,intercept_fit,1.0,-1.1574960694836824,100,0.39,0.4985203973789896,0.5578822045929429,0.38999999999997625
pond,pond,probe,85,intercept_fit,1.0,-0.16846904816084013,100,0.62,0.4985203973789896,0.6471605124475269,0.6199999999999998
pond,pond,ntp,85,intercept_fit,1.0,-0.12631988414566045,100,0.62,0.4985203973789896,0.6381237935936298,0.6200000000000263
pond,pond,probe,86,intercept_fit,1.0,-1.2065656835368341,100,0.47,0.4985203973789896,0.6680934250561851,0.4700000000000058
pond,pond,ntp,86,intercept_fit,1.0,-0.6620371612678875,100,0.47,0.4985203973789896,0.5710836812473874,0.46999999999998193
pond,pond,probe,87,intercept_fit,1.0,-1.0303242189337098,100,0.58,0.4985203973789896,0.7516628963616568,0.5800000000000154
pond,pond,ntp,87,intercept_fit,1.0,-0.9449942851934421,100,0.58,0.4985203973789896,0.6898930863328515,0.58
pond,pond,probe,88,intercept_fit,1.0,-0.8228601410239628,100,0.43,0.4985203973789896,0.5263256378130257,0.42999999999996197
pond,pond,ntp,88,intercept_fit,1.0,-1.1635669910977329,100,0.43,0.4985203973789896,0.5868257664240629,0.4299999999999639
pond,pond,probe,89,intercept_fit,1.0,-0.9479117529604295,100,0.42,0.4985203973789896,0.5479199096853118,0.41999999999999993
pond,pond,ntp,89,intercept_fit,1.0,-0.733357284787007,100,0.42,0.4985203973789896,0.5371511220071928,0.42
pond,pond,probe,90,intercept_fit,1.0,-1.9055305591607028,100,0.33,0.4985203973789896,0.600219472187264,0.3300000000001006
pond,pond,ntp,90,intercept_fit,1.0,-1.5672523700404049,100,0.33,0.4985203973789896,0.551365671625737,0.3299999999999999
pond,pond,probe,91,intercept_fit,1.0,-0.7172468237317248,100,0.43,0.4985203973789896,0.5238518780121267,0.42999999999999666
pond,pond,ntp,91,intercept_fit,1.0,-1.661977526853289,100,0.43,0.4985203973789896,0.6135856214242247,0.43000000000002137
pond,pond,probe,92,intercept_fit,1.0,-0.7051044129549786,100,0.34,0.4985203973789896,0.4236247568723705,0.3400000000000001
pond,pond,ntp,92,intercept_fit,1.0,-1.2797383681285484,100,0.34,0.4985203973789896,0.5295727623541455,0.33999999999999964
pond,pond,probe,93,intercept_fit,1.0,-1.1849502633748894,100,0.32,0.4985203973789896,0.48353936688550453,0.31999999999998946
pond,pond,ntp,93,intercept_fit,1.0,-1.4491195776314403,100,0.32,0.4985203973789896,0.5282796296226754,0.31999999999999995
pond,pond,probe,94,intercept_fit,1.0,-1.1458313872007833,100,0.48,0.4985203973789896,0.6826163874416536,0.4800000000000001
pond,pond,ntp,94,intercept_fit,1.0,-0.5414106920577285,100,0.48,0.4985203973789896,0.5660816202650125,0.4799999999999984
pond,pond,probe,95,intercept_fit,1.0,-0.5429443162627583,100,0.53,0.4985203973789896,0.6250815339742991,0.530000000000004
pond,pond,ntp,95,intercept_fit,1.0,-0.5714741163212083,100,0.53,0.4985203973789896,0.6127632568492417,0.53
pond,pond,probe,96,intercept_fit,1.0,-0.049872518981909114,100,0.57,0.4985203973789896,0.5788756057152529,0.5700000000000001
pond,pond,ntp,96,intercept_fit,1.0,-0.013349301110761404,100,0.57,0.4985203973789896,0.5723630792659802,0.5700000000000006
pond,pond,probe,97,intercept_fit,1.0,-0.584425593905701,100,0.53,0.4985203973789896,0.619567831833906,0.53
pond,pond,ntp,97,intercept_fit,1.0,-0.2723199020599065,100,0.53,0.4985203973789896,0.5745721766147242,0.53
pond,pond,probe,98,intercept_fit,1.0,-1.2809877133294747,100,0.46,0.4985203973789896,0.6867529170547096,0.4599999999999999
pond,pond,ntp,98,intercept_fit,1.0,-0.8726529030541819,100,0.46,0.4985203973789896,0.5853511132948452,0.4599999999999909
pond,pond,probe,99,intercept_fit,1.0,-1.118147134971773,100,0.46,0.4985203973789896,0.6609988073938072,0.45999999999999985
pond,pond,ntp,99,intercept_fit,1.0,-0.8741655909683274,100,0.46,0.4985203973789896,0.5938711243911033,0.4599999999999999
pond,nfix,probe,0,intercept_fit,1.0,-2.1742898870557608,100,0.25,0.4985203973789896,0.6241906631399692,0.25000000000000006
pond,nfix,ntp,0,intercept_fit,1.0,-3.589701778868104,100,0.25,0.4985203973789896,0.6486656157762246,0.24999999999999997
pond,nfix,probe,1,intercept_fit,1.0,-1.3947090112798657,100,0.35,0.4985203973789896,0.6041607459721688,0.3499999999999993
pond,nfix,ntp,1,intercept_fit,1.0,-2.589110668487066,100,0.35,0.4985203973789896,0.6436160891760478,0.3500000000000001
pond,nfix,probe,2,intercept_fit,1.0,-1.9171455665472992,100,0.25,0.4985203973789896,0.5679519136509834,0.25000000000000094
pond,nfix,ntp,2,intercept_fit,1.0,-3.982756470070685,100,0.25,0.4985203973789896,0.6370997635815207,0.25000000000000233
pond,nfix,probe,3,intercept_fit,1.0,-1.426180670960291,100,0.24,0.4985203973789896,0.4823169848472498,0.23999999999999996
pond,nfix,ntp,3,intercept_fit,1.0,-3.6680462443568826,100,0.24,0.4985203973789896,0.5889398393954831,0.2400000000000001
pond,nfix,probe,4,intercept_fit,1.0,-1.349747675076439,100,0.36,0.4985203973789896,0.6047443286374093,0.36
pond,nfix,ntp,4,intercept_fit,1.0,-2.018848292923181,100,0.36,0.4985203973789896,0.6199064172645945,0.36
pond,nfix,probe,5,intercept_fit,1.0,-1.1697806036605918,100,0.35,0.4985203973789896,0.5489849059439723,0.3499999999999999
pond,nfix,ntp,5,intercept_fit,1.0,-2.6992168635919147,100,0.35,0.4985203973789896,0.6321439422857776,0.3499999999999905
pond,nfix,probe,6,intercept_fit,1.0,-1.5405430888836313,100,0.31,0.4985203973789896,0.564340667170348,0.30999999999999994
pond,nfix,ntp,6,intercept_fit,1.0,-2.9464755257242623,100,0.31,0.4985203973789896,0.6348962868188458,0.3100000000000145
pond,nfix,probe,7,intercept_fit,1.0,-1.4314802921109537,100,0.23,0.4985203973789896,0.46568935212463797,0.22999999999999735
pond,nfix,ntp,7,intercept_fit,1.0,-3.4027579492047146,100,0.23,0.4985203973789896,0.5847319847582599,0.23000000000000045
pond,nfix,probe,8,intercept_fit,1.0,-1.2532855218038113,100,0.32,0.4985203973789896,0.5453827952825756,0.3199999999999912
pond,nfix,ntp,8,intercept_fit,1.0,-3.503058832438726,100,0.32,0.4985203973789896,0.6559452856858037,0.3200000000000868
pond,nfix,probe,9,intercept_fit,1.0,-2.279224182050209,100,0.23,0.4985203973789896,0.6125373378379039,0.23000000000000625
pond,nfix,ntp,9,intercept_fit,1.0,-2.9093714772927806,100,0.23,0.4985203973789896,0.5847451311756341,0.23
pond,nfix,probe,10,intercept_fit,1.0,-2.2915986438122835,100,0.23,0.4985203973789896,0.5704907598813438,0.23
pond,nfix,ntp,10,intercept_fit,1.0,-3.0031840631261497,100,0.23,0.4985203973789896,0.555145499847058,0.22999999999999982
pond,nfix,probe,11,intercept_fit,1.0,-1.6597276720367669,100,0.26,0.4985203973789896,0.5598541993444546,0.25999999999999995
pond,nfix,ntp,11,intercept_fit,1.0,-4.074678656761559,100,0.26,0.4985203973789896,0.6902495496323751,0.25999999999999995
pond,nfix,probe,12,intercept_fit,1.0,-1.4910398246965093,100,0.29,0.4985203973789896,0.5726420277019958,0.290000000000022
pond,nfix,ntp,12,intercept_fit,1.0,-3.545136839478316,100,0.29,0.4985203973789896,0.6291481330026262,0.2899999999999999
pond,nfix,probe,13,intercept_fit,1.0,-1.9336117066064442,100,0.27,0.4985203973789896,0.595246081247637,0.26999999999999996
pond,nfix,ntp,13,intercept_fit,1.0,-2.2229587379404827,100,0.27,0.4985203973789896,0.5776955794561128,0.2700000000000001
pond,nfix,probe,14,intercept_fit,1.0,-2.3221883933631946,100,0.25,0.4985203973789896,0.6267165495865086,0.25000000000000006
pond,nfix,ntp,14,intercept_fit,1.0,-4.420155307830521,100,0.25,0.4985203973789896,0.6715963504307907,0.25
pond,nfix,probe,15,intercept_fit,1.0,-1.3699433745811005,100,0.28,0.4985203973789896,0.5215040127859054,0.2800000000000341
pond,nfix,ntp,15,intercept_fit,1.0,-3.3058330992071046,100,0.28,0.4985203973789896,0.6297196556764452,0.28
pond,nfix,probe,16,intercept_fit,1.0,-2.260687550941374,100,0.22,0.4985203973789896,0.6045484810710845,0.22000000000000988
pond,nfix,ntp,16,intercept_fit,1.0,-3.5126337087715807,100,0.22,0.4985203973789896,0.6110611339422737,0.22000000000008238
pond,nfix,probe,17,intercept_fit,1.0,-1.655701613657742,100,0.3,0.4985203973789896,0.5884934128340191,0.3000000000000066
pond,nfix,ntp,17,intercept_fit,1.0,-2.980350959436542,100,0.3,0.4985203973789896,0.6202544140252526,0.3
pond,nfix,probe,18,intercept_fit,1.0,-1.818071662548584,100,0.22,0.4985203973789896,0.5105672350598668,0.22
pond,nfix,ntp,18,intercept_fit,1.0,-4.429582768978559,100,0.22,0.4985203973789896,0.6458933980746151,0.21999999999999997
pond,nfix,probe,19,intercept_fit,1.0,-2.277109327152974,100,0.22,0.4985203973789896,0.5994334076367958,0.22000000000001557
pond,nfix,ntp,19,intercept_fit,1.0,-3.791902642215766,100,0.22,0.4985203973789896,0.6036936050744492,0.22000000000000025
pond,nfix,probe,20,intercept_fit,1.0,-0.6369726292442411,100,0.35,0.4985203973789896,0.46182826841276287,0.3500000000000001
pond,nfix,ntp,20,intercept_fit,1.0,-2.4292524068875476,100,0.35,0.4985203973789896,0.6188393443300273,0.3499999999999972
pond,nfix,probe,21,intercept_fit,1.0,-1.7183623640052146,100,0.28,0.4985203973789896,0.586786288431967,0.27999999999999947
pond,nfix,ntp,21,intercept_fit,1.0,-3.5187166021925824,100,0.28,0.4985203973789896,0.6329374351802148,0.2800000000000001
pond,nfix,probe,22,intercept_fit,1.0,-2.534618180634029,100,0.17,0.4985203973789896,0.5493832188766983,0.17000000000000004
pond,nfix,ntp,22,intercept_fit,1.0,-4.866761022792013,100,0.17,0.4985203973789896,0.626735881510906,0.17000000000000004
pond,nfix,probe,23,intercept_fit,1.0,-1.753482368036808,100,0.31,0.4985203973789896,0.6019755435669051,0.31
pond,nfix,ntp,23,intercept_fit,1.0,-3.235866029332397,100,0.31,0.4985203973789896,0.6303887632694659,0.30999999999999983
pond,nfix,probe,24,intercept_fit,1.0,-1.8641065164672757,100,0.26,0.4985203973789896,0.6045802818143957,0.2600000000001108
pond,nfix,ntp,24,intercept_fit,1.0,-4.1879929150806765,100,0.26,0.4985203973789896,0.6973839989001219,0.25999999999999995
pond,nfix,probe,25,intercept_fit,1.0,-1.2456180807145008,100,0.24,0.4985203973789896,0.4486093587349251,0.23999999999999871
pond,nfix,ntp,25,intercept_fit,1.0,-2.462098820811641,100,0.24,0.4985203973789896,0.5341894703875749,0.2399999999999995
pond,nfix,probe,26,intercept_fit,1.0,-2.949213163614611,100,0.17,0.4985203973789896,0.664333252869599,0.17000000000000004
pond,nfix,ntp,26,intercept_fit,1.0,-4.039470486255831,100,0.17,0.4985203973789896,0.595078993582276,0.16999999999999996
pond,nfix,probe,27,intercept_fit,1.0,-2.2684945249389066,100,0.23,0.4985203973789896,0.6270912627716924,0.23000000000001727
pond,nfix,ntp,27,intercept_fit,1.0,-3.9273565177804612,100,0.23,0.4985203973789896,0.6403617487610912,0.2300000000000001
pond,nfix,probe,28,intercept_fit,1.0,-2.61413818726775,100,0.24,0.4985203973789896,0.7275652552071198,0.2399999999999986
pond,nfix,ntp,28,intercept_fit,1.0,-4.579512027633792,100,0.24,0.4985203973789896,0.7216625493344324,0.23999999999999994
pond,nfix,probe,29,intercept_fit,1.0,-1.813250466629492,100,0.26,0.4985203973789896,0.551181097816172,0.2599999999999456
pond,nfix,ntp,29,intercept_fit,1.0,-3.579267011258128,100,0.26,0.4985203973789896,0.6100814170069593,0.2600000000000476
pond,nfix,probe,30,intercept_fit,1.0,-1.2492561786063863,100,0.29,0.4985203973789896,0.5062089369865531,0.2900000000000085
pond,nfix,ntp,30,intercept_fit,1.0,-3.348157940050586,100,0.29,0.4985203973789896,0.6197102815293958,0.29000000000001547
pond,nfix,probe,31,intercept_fit,1.0,-1.1831169702682431,100,0.27,0.4985203973789896,0.46786006441795136,0.27
pond,nfix,ntp,31,intercept_fit,1.0,-2.5996629906893483,100,0.27,0.4985203973789896,0.5715802700526331,0.27
pond,nfix,probe,32,intercept_fit,1.0,-1.0537297834143267,100,0.36,0.4985203973789896,0.555481532277601,0.36
pond,nfix,ntp,32,intercept_fit,1.0,-3.35616892108128,100,0.36,0.4985203973789896,0.6902281080357697,0.36
pond,nfix,probe,33,intercept_fit,1.0,-1.2198450995466161,100,0.31,0.4985203973789896,0.5287382847505021,0.31000000000000005
pond,nfix,ntp,33,intercept_fit,1.0,-3.373443122098303,100,0.31,0.4985203973789896,0.6529471981139302,0.31000000000000133
pond,nfix,probe,34,intercept_fit,1.0,-1.4361140051127785,100,0.23,0.4985203973789896,0.47277509607874607,0.22999999999999987
pond,nfix,ntp,34,intercept_fit,1.0,-3.13854180391825,100,0.23,0.4985203973789896,0.576127404408989,0.22999999999994164
pond,nfix,probe,35,intercept_fit,1.0,-2.1564805206131523,100,0.31,0.4985203973789896,0.7061432436210757,0.31
pond,nfix,ntp,35,intercept_fit,1.0,-3.6920236221928007,100,0.31,0.4985203973789896,0.6726753102857858,0.30999999999999994
pond,nfix,probe,36,intercept_fit,1.0,-1.4907548762928076,100,0.34,0.4985203973789896,0.6091640040258457,0.3399999999999711
pond,nfix,ntp,36,intercept_fit,1.0,-2.777481856454425,100,0.34,0.4985203973789896,0.6340711989601678,0.3399999999999984
pond,nfix,probe,37,intercept_fit,1.0,-1.604774850619542,100,0.22,0.4985203973789896,0.4848019106243149,0.21999999999999775
pond,nfix,ntp,37,intercept_fit,1.0,-3.5834266017915786,100,0.22,0.4985203973789896,0.5712186009997747,0.21999999999999997
pond,nfix,probe,38,intercept_fit,1.0,-2.2514672068364834,100,0.17,0.4985203973789896,0.5605224067249586,0.16999999999999996
pond,nfix,ntp,38,intercept_fit,1.0,-4.615421430291047,100,0.17,0.4985203973789896,0.6322975660982828,0.17000000000000004
pond,nfix,probe,39,intercept_fit,1.0,-1.8266519698360233,100,0.28,0.4985203973789896,0.6013365315510371,0.28
pond,nfix,ntp,39,intercept_fit,1.0,-3.3502452500369437,100,0.28,0.4985203973789896,0.6337140761945717,0.28
pond,nfix,probe,40,intercept_fit,1.0,-2.090975971536237,100,0.22,0.4985203973789896,0.5533700391370715,0.2200000000000086
pond,nfix,ntp,40,intercept_fit,1.0,-3.8767007068195896,100,0.22,0.4985203973789896,0.6204278938363952,0.22
pond,nfix,probe,41,intercept_fit,1.0,-1.8952457401398748,100,0.27,0.4985203973789896,0.5804997979695021,0.27
pond,nfix,ntp,41,intercept_fit,1.0,-3.755337797780803,100,0.27,0.4985203973789896,0.6455274774057432,0.27
pond,nfix,probe,42,intercept_fit,1.0,-1.9595773038706203,100,0.26,0.4985203973789896,0.5818989082871795,0.25999999999999845
pond,nfix,ntp,42,intercept_fit,1.0,-2.819621911760761,100,0.26,0.4985203973789896,0.6077780172482291,0.26
pond,nfix,probe,43,intercept_fit,1.0,-2.296932123639743,100,0.22,0.4985203973789896,0.6105173413630728,0.22000000000000008
pond,nfix,ntp,43,intercept_fit,1.0,-3.939492287166085,100,0.22,0.4985203973789896,0.6304946859408713,0.22
pond,nfix,probe,44,intercept_fit,1.0,-1.5550595312018298,100,0.26,0.4985203973789896,0.5422354651026515,0.25999999999999984
pond,nfix,ntp,44,intercept_fit,1.0,-3.9116781411454054,100,0.26,0.4985203973789896,0.6459763355837331,0.26000000000000034
pond,nfix,probe,45,intercept_fit,1.0,-1.8472580952649484,100,0.28,0.4985203973789896,0.5827617969554552,0.2799999999999999
pond,nfix,ntp,45,intercept_fit,1.0,-3.134019018434569,100,0.28,0.4985203973789896,0.6231039943771186,0.28
pond,nfix,probe,46,intercept_fit,1.0,-2.2378947286866993,100,0.31,0.4985203973789896,0.7294055771522677,0.3099999999999998
pond,nfix,ntp,46,intercept_fit,1.0,-3.6121932527169354,100,0.31,0.4985203973789896,0.697249040529026,0.3100000000000003
pond,nfix,probe,47,intercept_fit,1.0,-1.7758911133325501,100,0.31,0.4985203973789896,0.6298039599941716,0.31000000000000005
pond,nfix,ntp,47,intercept_fit,1.0,-3.705657197394774,100,0.31,0.4985203973789896,0.6952126210505692,0.30999999999999994
pond,nfix,probe,48,intercept_fit,1.0,-1.9027252226416993,100,0.28,0.4985203973789896,0.600508943159624,0.2799999999999999
pond,nfix,ntp,48,intercept_fit,1.0,-3.42334887030396,100,0.28,0.4985203973789896,0.6271706923588506,0.28
pond,nfix,probe,49,intercept_fit,1.0,-1.5989301257161854,100,0.25,0.4985203973789896,0.5170042389486347,0.24999999999999992
pond,nfix,ntp,49,intercept_fit,1.0,-3.8618936471893166,100,0.25,0.4985203973789896,0.6054665741200652,0.25000000000000133
pond,nfix,probe,50,intercept_fit,1.0,-1.6246299696771194,100,0.33,0.4985203973789896,0.6126024120203336,0.33
pond,nfix,ntp,50,intercept_fit,1.0,-3.2932632239113966,100,0.33,0.4985203973789896,0.6565073430858313,0.3299999999999933
pond,nfix,probe,51,intercept_fit,1.0,-1.5745944068037443,100,0.22,0.4985203973789896,0.49406577523553835,0.21999999999997344
pond,nfix,ntp,51,intercept_fit,1.0,-4.14271249600334,100,0.22,0.4985203973789896,0.6383444073672402,0.22000000000000008
pond,nfix,probe,52,intercept_fit,1.0,-2.3825312639218295,100,0.35,0.4985203973789896,0.7991208388124679,0.3499999999999999
pond,nfix,ntp,52,intercept_fit,1.0,-3.0345644139650223,100,0.35,0.4985203973789896,0.6755812631944913,0.35
pond,nfix,probe,53,intercept_fit,1.0,-2.1781334631297318,100,0.19,0.4985203973789896,0.5246369721865574,0.18999999999996187
pond,nfix,ntp,53,intercept_fit,1.0,-4.296422946875919,100,0.19,0.4985203973789896,0.601128632312506,0.1900000000000011
pond,nfix,probe,54,intercept_fit,1.0,-2.1400058463749185,100,0.21,0.4985203973789896,0.5873631555954674,0.21000000000008096
pond,nfix,ntp,54,intercept_fit,1.0,-4.535596710544485,100,0.21,0.4985203973789896,0.6729698984478699,0.21
pond,nfix,probe,55,intercept_fit,1.0,-2.022176517640978,100,0.32,0.4985203973789896,0.6463985150723605,0.32
pond,nfix,ntp,55,intercept_fit,1.0,-2.624313055788931,100,0.32,0.4985203973789896,0.6100569826618824,0.32
pond,nfix,probe,56,intercept_fit,1.0,-2.6046289595788745,100,0.19,0.4985203973789896,0.6168069422517931,0.18999999999999972
pond,nfix,ntp,56,intercept_fit,1.0,-4.351739698517629,100,0.19,0.4985203973789896,0.6440961017886252,0.1900000000000498
pond,nfix,probe,57,intercept_fit,1.0,-2.1702995830350362,100,0.25,0.4985203973789896,0.6187491094077084,0.24999999999999978
pond,nfix,ntp,57,intercept_fit,1.0,-3.9966638638916363,100,0.25,0.4985203973789896,0.6419763325664738,0.25000000000000105
pond,nfix,probe,58,intercept_fit,1.0,-1.9925659713535429,100,0.26,0.4985203973789896,0.6101024515261968,0.2600000000000023
pond,nfix,ntp,58,intercept_fit,1.0,-4.196020335948492,100,0.26,0.4985203973789896,0.6445605267815965,0.2600000000000001
pond,nfix,probe,59,intercept_fit,1.0,-1.288418950410414,100,0.32,0.4985203973789896,0.5522518753566108,0.31999999999999995
pond,nfix,ntp,59,intercept_fit,1.0,-3.9912489351618268,100,0.32,0.4985203973789896,0.6989213589438548,0.3200000000000242
pond,nfix,probe,60,intercept_fit,1.0,-2.088777238392031,100,0.18,0.4985203973789896,0.5210144748378169,0.18000000000000005
pond,nfix,ntp,60,intercept_fit,1.0,-4.249770221870813,100,0.18,0.4985203973789896,0.610511196743162,0.1799999999999996
pond,nfix,probe,61,intercept_fit,1.0,-1.0441523310343654,100,0.3,0.4985203973789896,0.48823291957597903,0.30000000000004623
pond,nfix,ntp,61,intercept_fit,1.0,-3.2926101300196104,100,0.3,0.4985203973789896,0.6232778851181398,0.299999999999996
pond,nfix,probe,62,intercept_fit,1.0,-2.216101533131541,100,0.21,0.4985203973789896,0.5816637095293455,0.2100000000001064
pond,nfix,ntp,62,intercept_fit,1.0,-4.234360436135659,100,0.21,0.4985203973789896,0.6459625238028337,0.21
pond,nfix,probe,63,intercept_fit,1.0,-3.0836456374943806,100,0.17,0.4985203973789896,0.7165758972624339,0.1699999999999997
pond,nfix,ntp,63,intercept_fit,1.0,-5.040932143414806,100,0.17,0.4985203973789896,0.6876944561273683,0.17
pond,nfix,probe,64,intercept_fit,1.0,-1.749693506310129,100,0.25,0.4985203973789896,0.5245680398004806,0.24999999999999972
pond,nfix,ntp,64,intercept_fit,1.0,-3.1527572901300296,100,0.25,0.4985203973789896,0.5903432764156443,0.25000000000000006
pond,nfix,probe,65,intercept_fit,1.0,-1.595941482350885,100,0.27,0.4985203973789896,0.5532036893755727,0.2699999999999994
pond,nfix,ntp,65,intercept_fit,1.0,-4.2946668113985424,100,0.27,0.4985203973789896,0.6817138159304298,0.27
pond,nfix,probe,66,intercept_fit,1.0,-1.5522815804080623,100,0.26,0.4985203973789896,0.5117511524156201,0.25999999999999995
pond,nfix,ntp,66,intercept_fit,1.0,-3.966439993725761,100,0.26,0.4985203973789896,0.6357451211972139,0.2600000000000005
pond,nfix,probe,67,intercept_fit,1.0,-1.9491092440335005,100,0.29,0.4985203973789896,0.6283758888528364,0.2900000000000001
pond,nfix,ntp,67,intercept_fit,1.0,-4.0477835183476385,100,0.29,0.4985203973789896,0.6773749493245524,0.2900000000000001
pond,nfix,probe,68,intercept_fit,1.0,-2.3580826935284955,100,0.25,0.4985203973789896,0.677472102212816,0.25
pond,nfix,ntp,68,intercept_fit,1.0,-3.2613648199051375,100,0.25,0.4985203973789896,0.6256857037374053,0.24999999999999506
pond,nfix,probe,69,intercept_fit,1.0,-1.4000964642909246,100,0.32,0.4985203973789896,0.5723231276623685,0.31999999999999995
pond,nfix,ntp,69,intercept_fit,1.0,-3.6351928188383114,100,0.32,0.4985203973789896,0.6668060817632483,0.31999999999999995
pond,nfix,probe,70,intercept_fit,1.0,-1.265781473538696,100,0.29,0.4985203973789896,0.5072620361226349,0.29000000000004195
pond,nfix,ntp,70,intercept_fit,1.0,-3.433864585138233,100,0.29,0.4985203973789896,0.6259430856452998,0.29000000000000065
pond,nfix,probe,71,intercept_fit,1.0,-1.847898385169368,100,0.22,0.4985203973789896,0.5240193853776552,0.22
pond,nfix,ntp,71,intercept_fit,1.0,-3.6773266511453944,100,0.22,0.4985203973789896,0.5925279147347527,0.22000000000000003
pond,nfix,probe,72,intercept_fit,1.0,-1.2293870945803553,100,0.31,0.4985203973789896,0.5390788601658864,0.3100000000000001
pond,nfix,ntp,72,intercept_fit,1.0,-2.272190541946527,100,0.31,0.4985203973789896,0.5814972885461726,0.31
pond,nfix,probe,73,intercept_fit,1.0,-1.593377212592592,100,0.3,0.4985203973789896,0.588463472364221,0.3000000000000585
pond,nfix,ntp,73,intercept_fit,1.0,-3.223739722824047,100,0.3,0.4985203973789896,0.6390810769077379,0.30000000000005544
pond,nfix,probe,74,intercept_fit,1.0,-1.887345542233294,100,0.24,0.4985203973789896,0.5699579454379625,0.24000000000000005
pond,nfix,ntp,74,intercept_fit,1.0,-3.5912378555294286,100,0.24,0.4985203973789896,0.6043187945476004,0.24000000000000019
pond,nfix,probe,75,intercept_fit,1.0,-2.013728036812187,100,0.32,0.4985203973789896,0.6502361744800819,0.3199999999999132
pond,nfix,ntp,75,intercept_fit,1.0,-3.4671430678841166,100,0.32,0.4985203973789896,0.663604463995397,0.3200000000000245
pond,nfix,probe,76,intercept_fit,1.0,-1.8020743706198499,100,0.21,0.4985203973789896,0.4986511272087623,0.21
pond,nfix,ntp,76,intercept_fit,1.0,-4.312860078972291,100,0.21,0.4985203973789896,0.6318061793137635,0.20999999999999996
pond,nfix,probe,77,intercept_fit,1.0,-2.4727375428997225,100,0.28,0.4985203973789896,0.7236587659762047,0.28
pond,nfix,ntp,77,intercept_fit,1.0,-3.7169461321105413,100,0.28,0.4985203973789896,0.6757073204797314,0.28
pond,nfix,probe,78,intercept_fit,1.0,-1.7660117233229389,100,0.35,0.4985203973789896,0.6593962990669915,0.3499999999999999
pond,nfix,ntp,78,intercept_fit,1.0,-3.514691826568236,100,0.35,0.4985203973789896,0.6854845619753169,0.3499999999999999
pond,nfix,probe,79,intercept_fit,1.0,-1.6662085804697504,100,0.21,0.4985203973789896,0.45667737976988626,0.20999999999997743
pond,nfix,ntp,79,intercept_fit,1.0,-4.044024646165341,100,0.21,0.4985203973789896,0.6010968910991356,0.21000000000002475
pond,nfix,probe,80,intercept_fit,1.0,-1.4688452031044765,100,0.27,0.4985203973789896,0.522751444869665,0.2699999999999461
pond,nfix,ntp,80,intercept_fit,1.0,-3.141199386876795,100,0.27,0.4985203973789896,0.612488359852839,0.27
pond,nfix,probe,81,intercept_fit,1.0,-2.1796068131758113,100,0.22,0.4985203973789896,0.5902077880567811,0.21999999999999903
pond,nfix,ntp,81,intercept_fit,1.0,-3.6062056677743,100,0.22,0.4985203973789896,0.6086819986271892,0.21999999999999276
pond,nfix,probe,82,intercept_fit,1.0,-1.8434677399784725,100,0.38,0.4985203973789896,0.707744778877936,0.38
pond,nfix,ntp,82,intercept_fit,1.0,-2.652588204017654,100,0.38,0.4985203973789896,0.646735118688762,0.379999999999989
pond,nfix,probe,83,intercept_fit,1.0,-2.162313243011668,100,0.18,0.4985203973789896,0.5400193329770513,0.17999999999999994
pond,nfix,ntp,83,intercept_fit,1.0,-4.605292403384643,100,0.18,0.4985203973789896,0.6140589592957281,0.18
pond,nfix,probe,84,intercept_fit,1.0,-2.5296303138854506,100,0.23,0.4985203973789896,0.6260347696990536,0.22999999999999887
pond,nfix,ntp,84,intercept_fit,1.0,-4.2357451157450905,100,0.23,0.4985203973789896,0.6191022072170006,0.2300000000000103
pond,nfix,probe,85,intercept_fit,1.0,-1.2112490326844594,100,0.34,0.4985203973789896,0.559444272262648,0.33999999999999986
pond,nfix,ntp,85,intercept_fit,1.0,-3.049600116178424,100,0.34,0.4985203973789896,0.6400664382331978,0.33999999999999275
pond,nfix,probe,86,intercept_fit,1.0,-2.424569463673301,100,0.22,0.4985203973789896,0.6354446483128003,0.21999999999991965
pond,nfix,ntp,86,intercept_fit,1.0,-3.4719303115801994,100,0.22,0.4985203973789896,0.6138002729196103,0.21999999999999997
pond,nfix,probe,87,intercept_fit,1.0,-2.4914724841611378,100,0.21,0.4985203973789896,0.6424791995476758,0.21000000000001706
pond,nfix,ntp,87,intercept_fit,1.0,-4.294047788618037,100,0.21,0.4985203973789896,0.6615969190103609,0.20999999999999996
pond,nfix,probe,88,intercept_fit,1.0,-1.4092073266257952,100,0.3,0.4985203973789896,0.5452034224312051,0.2999999999999996
pond,nfix,ntp,88,intercept_fit,1.0,-3.6195488595592606,100,0.3,0.4985203973789896,0.6533508431277524,0.30000000000000004
pond,nfix,probe,89,intercept_fit,1.0,-1.6478930615018506,100,0.25,0.4985203973789896,0.5283735880466217,0.24999999999997854
pond,nfix,ntp,89,intercept_fit,1.0,-3.642703039328394,100,0.25,0.4985203973789896,0.635926896033259,0.24999999999999992
pond,nfix,probe,90,intercept_fit,1.0,-2.602526141054906,100,0.23,0.4985203973789896,0.6841593513242177,0.23000000000000007
pond,nfix,ntp,90,intercept_fit,1.0,-4.128241025025817,100,0.23,0.4985203973789896,0.6495970706393756,0.23000000000000004
pond,nfix,probe,91,intercept_fit,1.0,-1.329121476178235,100,0.29,0.4985203973789896,0.5082887205428485,0.29
pond,nfix,ntp,91,intercept_fit,1.0,-3.3831541094047215,100,0.29,0.4985203973789896,0.6328102780078265,0.2899999999999999
pond,nfix,probe,92,intercept_fit,1.0,-0.7073667769962326,100,0.35,0.4985203973789896,0.48452356483421005,0.3500000000000001
pond,nfix,ntp,92,intercept_fit,1.0,-2.15516391320688,100,0.35,0.4985203973789896,0.6072102743358859,0.3500000000000001
pond,nfix,probe,93,intercept_fit,1.0,-1.6540690809784584,100,0.26,0.4985203973789896,0.541672149533722,0.2600000000000011
pond,nfix,ntp,93,intercept_fit,1.0,-2.855353608615657,100,0.26,0.4985203973789896,0.5773554419547393,0.25999999999999995
pond,nfix,probe,94,intercept_fit,1.0,-2.064489001022431,100,0.25,0.4985203973789896,0.5952375096314808,0.25000000000000006
pond,nfix,ntp,94,intercept_fit,1.0,-3.346454837992316,100,0.25,0.4985203973789896,0.6049315200599031,0.24999999999999997
pond,nfix,probe,95,intercept_fit,1.0,-1.2527133502022543,100,0.3,0.4985203973789896,0.5347379218542195,0.29999999999999993
pond,nfix,ntp,95,intercept_fit,1.0,-2.507458875577243,100,0.3,0.4985203973789896,0.6033141576788875,0.29999999999999827
pond,nfix,probe,96,intercept_fit,1.0,-1.7194057713853867,100,0.24,0.4985203973789896,0.5236587796595574,0.24000000000008145
pond,nfix,ntp,96,intercept_fit,1.0,-4.549406270188879,100,0.24,0.4985203973789896,0.6788433018764087,0.24
pond,nfix,probe,97,intercept_fit,1.0,-1.3402957971382496,100,0.31,0.4985203973789896,0.5542838429182547,0.31000000000000005
pond,nfix,ntp,97,intercept_fit,1.0,-4.281516115299771,100,0.31,0.4985203973789896,0.7246052001835878,0.31000000000000344
pond,nfix,probe,98,intercept_fit,1.0,-1.8473902007941831,100,0.27,0.4985203973789896,0.5688151128383956,0.2700000000000766
pond,nfix,ntp,98,intercept_fit,1.0,-4.1901660992571985,100,0.27,0.4985203973789896,0.6790443658311724,0.27
pond,nfix,probe,99,intercept_fit,1.0,-2.375584495229436,100,0.21,0.4985203973789896,0.5814496638417266,0.2100000000000695
pond,nfix,ntp,99,intercept_fit,1.0,-4.381869248555588,100,0.21,0.4985203973789896,0.6640224755187546,0.21000000000000005
pond,supermat,probe,0,intercept_fit,1.0,-2.8462341726537996,100,0.26,0.4985203973789896,0.6716687241599416,0.26
pond,supermat,ntp,0,intercept_fit,1.0,-1.2104574411216429,100,0.26,0.4985203973789896,0.45763780261605064,0.2599999999999999
pond,supermat,probe,1,intercept_fit,1.0,-2.6433516449841896,100,0.26,0.4985203973789896,0.6631870766387757,0.26
pond,supermat,ntp,1,intercept_fit,1.0,-1.3597391403186971,100,0.26,0.4985203973789896,0.4712891255651844,0.25999999999999995
pond,supermat,probe,2,intercept_fit,1.0,-2.6604134814201355,100,0.39,0.4985203973789896,0.7764735432976476,0.39000000000000007
pond,supermat,ntp,2,intercept_fit,1.0,-0.6796267112540347,100,0.39,0.4985203973789896,0.5057443184579778,0.39
pond,supermat,probe,3,intercept_fit,1.0,-2.817276698121562,100,0.35,0.4985203973789896,0.7489290913237356,0.3499999999999999
pond,supermat,ntp,3,intercept_fit,1.0,-0.9675167631497341,100,0.35,0.4985203973789896,0.5082993645559216,0.3500000000000001
pond,supermat,probe,4,intercept_fit,1.0,-3.1727828490469507,100,0.36,0.4985203973789896,0.8274155811981843,0.36
pond,supermat,ntp,4,intercept_fit,1.0,-0.7549344091535891,100,0.36,0.4985203973789896,0.4929071331918962,0.35999999999999976
pond,supermat,probe,5,intercept_fit,1.0,-2.3227380583949575,100,0.42,0.4985203973789896,0.7528074962771286,0.4199999999999994
pond,supermat,ntp,5,intercept_fit,1.0,-0.41021205923318116,100,0.42,0.4985203973789896,0.4954780371012848,0.4200000000000001
pond,supermat,probe,6,intercept_fit,1.0,-3.380504460273363,100,0.25,0.4985203973789896,0.7097038677097229,0.25000000000005035
pond,supermat,ntp,6,intercept_fit,1.0,-1.5640613404173358,100,0.25,0.4985203973789896,0.4850951543639363,0.2499999999999905
pond,supermat,probe,7,intercept_fit,1.0,-2.949091776627389,100,0.38,0.4985203973789896,0.840440967170384,0.38
pond,supermat,ntp,7,intercept_fit,1.0,-0.6711635860457484,100,0.38,0.4985203973789896,0.49798881882262847,0.37999999999999995
pond,supermat,probe,8,intercept_fit,1.0,-3.3415435440285184,100,0.24,0.4985203973789896,0.7252796798000993,0.23999999999999655
pond,supermat,ntp,8,intercept_fit,1.0,-1.0832140854012535,100,0.24,0.4985203973789896,0.4338394070215116,0.23999999999999996
pond,supermat,probe,9,intercept_fit,1.0,-2.871240079122755,100,0.4,0.4985203973789896,0.8442473559593805,0.3999999999999877
pond,supermat,ntp,9,intercept_fit,1.0,-0.8133959802853802,100,0.4,0.4985203973789896,0.5306497722398027,0.4000000000000001
pond,supermat,probe,10,intercept_fit,1.0,-2.654423436576705,100,0.34,0.4985203973789896,0.7113456104768089,0.34
pond,supermat,ntp,10,intercept_fit,1.0,-1.5721096682138,100,0.34,0.4985203973789896,0.5536013270528727,0.34
pond,supermat,probe,11,intercept_fit,1.0,-2.4824909212093784,100,0.44,0.4985203973789896,0.8134920649749688,0.44000000000010947
pond,supermat,ntp,11,intercept_fit,1.0,-0.3424289341094016,100,0.44,0.4985203973789896,0.5048248889657097,0.4399999999999835
pond,supermat,probe,12,intercept_fit,1.0,-3.0227420770587234,100,0.32,0.4985203973789896,0.740582062488011,0.32000000000000006
pond,supermat,ntp,12,intercept_fit,1.0,-0.8701961565960142,100,0.32,0.4985203973789896,0.47139351243016064,0.32
pond,supermat,probe,13,intercept_fit,1.0,-2.6564570430610064,100,0.46,0.4985203973789896,0.8482759341399675,0.4600000000000001
pond,supermat,ntp,13,intercept_fit,1.0,-0.3673686019454037,100,0.46,0.4985203973789896,0.5249907564383468,0.4599999999999924
pond,supermat,probe,14,intercept_fit,1.0,-2.409923618970974,100,0.31,0.4985203973789896,0.6979314016228403,0.31000000000000194
pond,supermat,ntp,14,intercept_fit,1.0,-1.5512490385721114,100,0.31,0.4985203973789896,0.5289867134303562,0.30999999999999994
pond,supermat,probe,15,intercept_fit,1.0,-2.0476377318517,100,0.53,0.4985203973789896,0.8095169807847197,0.5299999999999999
pond,supermat,ntp,15,intercept_fit,1.0,-0.10909211561493705,100,0.53,0.4985203973789896,0.5488999170240669,0.53
pond,supermat,probe,16,intercept_fit,1.0,-2.9741541970489833,100,0.29,0.4985203973789896,0.7295301141729961,0.29000000000000004
pond,supermat,ntp,16,intercept_fit,1.0,-1.3485149542207164,100,0.29,0.4985203973789896,0.4928687300019513,0.29
pond,supermat,probe,17,intercept_fit,1.0,-3.456910066000039,100,0.23,0.4985203973789896,0.7245508988322432,0.2299999999999995
pond,supermat,ntp,17,intercept_fit,1.0,-1.4759951675385439,100,0.23,0.4985203973789896,0.46290122242173565,0.22999999999999995
pond,supermat,probe,18,intercept_fit,1.0,-2.9786327499596834,100,0.29,0.4985203973789896,0.7542513726709972,0.2899999999999996
pond,supermat,ntp,18,intercept_fit,1.0,-1.4025734642257395,100,0.29,0.4985203973789896,0.5024620239565665,0.2900000000000001
pond,supermat,probe,19,intercept_fit,1.0,-2.9028581041498875,100,0.38,0.4985203973789896,0.7969680634262022,0.37999999999999995
pond,supermat,ntp,19,intercept_fit,1.0,-0.947891674103962,100,0.38,0.4985203973789896,0.5346981016257765,0.38000000000000006
pond,supermat,probe,20,intercept_fit,1.0,-3.5360552969660293,100,0.34,0.4985203973789896,0.8539238325435936,0.34
pond,supermat,ntp,20,intercept_fit,1.0,-1.4803612869198102,100,0.34,0.4985203973789896,0.5468015692591589,0.3399999999999999
pond,supermat,probe,21,intercept_fit,1.0,-2.653962300237045,100,0.3,0.4985203973789896,0.698708315288658,0.3
pond,supermat,ntp,21,intercept_fit,1.0,-0.9524724333385465,100,0.3,0.4985203973789896,0.46693521751963724,0.3
pond,supermat,probe,22,intercept_fit,1.0,-3.053520162850396,100,0.24,0.4985203973789896,0.6641048754758152,0.23999999999999996
pond,supermat,ntp,22,intercept_fit,1.0,-1.9457999005251534,100,0.24,0.4985203973789896,0.5014292597514105,0.24000000000000005
pond,supermat,probe,23,intercept_fit,1.0,-2.739234781860328,100,0.34,0.4985203973789896,0.7440964539847817,0.3400000000000002
pond,supermat,ntp,23,intercept_fit,1.0,-0.6467803331586176,100,0.34,0.4985203973789896,0.4608509099431564,0.33999999999999636
pond,supermat,probe,24,intercept_fit,1.0,-3.437842244650209,100,0.34,0.4985203973789896,0.8244531413983118,0.33999999999999836
pond,supermat,ntp,24,intercept_fit,1.0,-1.0558906300678215,100,0.34,0.4985203973789896,0.5108160636782915,0.3400000000000001
pond,supermat,probe,25,intercept_fit,1.0,-2.13012590664723,100,0.39,0.4985203973789896,0.7081048887330758,0.3900000000000817
pond,supermat,ntp,25,intercept_fit,1.0,-0.7250535635259941,100,0.39,0.4985203973789896,0.5125294576444642,0.39
pond,supermat,probe,26,intercept_fit,1.0,-2.824834218822188,100,0.33,0.4985203973789896,0.7080966957932289,0.33000000000000007
pond,supermat,ntp,26,intercept_fit,1.0,-0.6562834342396449,100,0.33,0.4985203973789896,0.4536413161637405,0.32999999999999324
pond,supermat,probe,27,intercept_fit,1.0,-2.4231876586825902,100,0.46,0.4985203973789896,0.7874272756102475,0.4599999999999999
pond,supermat,ntp,27,intercept_fit,1.0,-0.488221954292376,100,0.46,0.4985203973789896,0.5428295255955077,0.4599999999999816
pond,supermat,probe,28,intercept_fit,1.0,-1.886226587407556,100,0.43,0.4985203973789896,0.700903578850643,0.42999999999999894
pond,supermat,ntp,28,intercept_fit,1.0,-0.4063363049509497,100,0.43,0.4985203973789896,0.5050812145069726,0.4299999999999595
pond,supermat,probe,29,intercept_fit,1.0,-2.5733337918693064,100,0.26,0.4985203973789896,0.6437929629960227,0.26
pond,supermat,ntp,29,intercept_fit,1.0,-1.2768562423233574,100,0.26,0.4985203973789896,0.46682335717916595,0.25999999999999995
pond,supermat,probe,30,intercept_fit,1.0,-2.8677527698547145,100,0.36,0.4985203973789896,0.7791567517631163,0.36
pond,supermat,ntp,30,intercept_fit,1.0,-0.9181319289208619,100,0.36,0.4985203973789896,0.5107168744305067,0.36
pond,supermat,probe,31,intercept_fit,1.0,-3.137756263841312,100,0.35,0.4985203973789896,0.8207244453997243,0.3500000000000001
pond,supermat,ntp,31,intercept_fit,1.0,-0.7340533794595717,100,0.35,0.4985203973789896,0.47933831192467274,0.3499999999999963
pond,supermat,probe,32,intercept_fit,1.0,-2.3080210235009813,100,0.28,0.4985203973789896,0.6360821920681771,0.28
pond,supermat,ntp,32,intercept_fit,1.0,-1.0513200631877209,100,0.28,0.4985203973789896,0.45866471112168256,0.28
pond,supermat,probe,33,intercept_fit,1.0,-2.6954554935511417,100,0.43,0.4985203973789896,0.8015488555823521,0.42999999999999994
pond,supermat,ntp,33,intercept_fit,1.0,-0.720399014501914,100,0.43,0.4985203973789896,0.5465738885470615,0.43000000000000005
pond,supermat,probe,34,intercept_fit,1.0,-2.9919945815279196,100,0.36,0.4985203973789896,0.8084866537672645,0.36
pond,supermat,ntp,34,intercept_fit,1.0,-1.0413313641610784,100,0.36,0.4985203973789896,0.5223914589983912,0.3599999999999999
pond,supermat,probe,35,intercept_fit,1.0,-3.320705043519824,100,0.4,0.4985203973789896,0.9020616970902406,0.3999999999999895
pond,supermat,ntp,35,intercept_fit,1.0,-1.6246939358897017,100,0.4,0.4985203973789896,0.595687525091663,0.3999999999999999
pond,supermat,probe,36,intercept_fit,1.0,-3.7162433677881963,100,0.22,0.4985203973789896,0.7789892257444332,0.21999999999999992
pond,supermat,ntp,36,intercept_fit,1.0,-1.3812116139610928,100,0.22,0.4985203973789896,0.4464524474931137,0.21999999999996736
pond,supermat,probe,37,intercept_fit,1.0,-2.206121000383333,100,0.4,0.4985203973789896,0.7286380431111994,0.4
pond,supermat,ntp,37,intercept_fit,1.0,-0.7029076462345119,100,0.4,0.4985203973789896,0.5192702255418208,0.4000000000000001
pond,supermat,probe,38,intercept_fit,1.0,-3.313389916517166,100,0.24,0.4985203973789896,0.6769834399336448,0.24
pond,supermat,ntp,38,intercept_fit,1.0,-2.1303303446287454,100,0.24,0.4985203973789896,0.5110094276849059,0.23999999999999916
pond,supermat,probe,39,intercept_fit,1.0,-2.6656365177019383,100,0.35,0.4985203973789896,0.745448604796359,0.349999999999886
pond,supermat,ntp,39,intercept_fit,1.0,-1.2184922890410792,100,0.35,0.4985203973789896,0.5331585592033198,0.3500000000000304
pond,supermat,probe,40,intercept_fit,1.0,-3.1266928525703683,100,0.35,0.4985203973789896,0.8099454071964907,0.3500000000000001
pond,supermat,ntp,40,intercept_fit,1.0,-1.1389726207641702,100,0.35,0.4985203973789896,0.5262672087595418,0.35
pond,supermat,probe,41,intercept_fit,1.0,-2.244579442905044,100,0.42,0.4985203973789896,0.7389477208248283,0.4200000000000001
pond,supermat,ntp,41,intercept_fit,1.0,-0.490056355673397,100,0.42,0.4985203973789896,0.5081611372858097,0.42000000000000015
pond,supermat,probe,42,intercept_fit,1.0,-2.1678065375698212,100,0.3,0.4985203973789896,0.6560254261368956,0.30000000000003585
pond,supermat,ntp,42,intercept_fit,1.0,-0.8772947136311775,100,0.3,0.4985203973789896,0.4565769722999435,0.29999999999999993
pond,supermat,probe,43,intercept_fit,1.0,-2.631342036510405,100,0.38,0.4985203973789896,0.7386575519694305,0.37999999999999823
pond,supermat,ntp,43,intercept_fit,1.0,-0.8388753292651498,100,0.38,0.4985203973789896,0.5219366603299507,0.38000000000000006
pond,supermat,probe,44,intercept_fit,1.0,-2.818805409953699,100,0.45,0.4985203973789896,0.8806446869032172,0.449999999999986
pond,supermat,ntp,44,intercept_fit,1.0,-0.3429919738291288,100,0.45,0.4985203973789896,0.511753967864613,0.45000000000003526
pond,supermat,probe,45,intercept_fit,1.0,-3.2484211806620724,100,0.23,0.4985203973789896,0.6781138727885273,0.22999999999996532
pond,supermat,ntp,45,intercept_fit,1.0,-1.6609322522798498,100,0.23,0.4985203973789896,0.46941755964858395,0.23000000000000007
pond,supermat,probe,46,intercept_fit,1.0,-3.338264870843575,100,0.26,0.4985203973789896,0.7622747001072651,0.26000000000000156
pond,supermat,ntp,46,intercept_fit,1.0,-1.2727122469822025,100,0.26,0.4985203973789896,0.47091098892942523,0.26
pond,supermat,probe,47,intercept_fit,1.0,-2.7906108343674134,100,0.41,0.4985203973789896,0.7974090108139734,0.41
pond,supermat,ntp,47,intercept_fit,1.0,-0.47105208134129867,100,0.41,0.4985203973789896,0.49691250866056774,0.41
pond,supermat,probe,48,intercept_fit,1.0,-2.8778555037931857,100,0.35,0.4985203973789896,0.7800463927521822,0.35000000000000014
pond,supermat,ntp,48,intercept_fit,1.0,-1.370901603126738,100,0.35,0.4985203973789896,0.542755624113553,0.3500000000000001
pond,supermat,probe,49,intercept_fit,1.0,-2.732380002243806,100,0.29,0.4985203973789896,0.6995114183650571,0.2900000000000001
pond,supermat,ntp,49,intercept_fit,1.0,-0.9667949022663465,100,0.29,0.4985203973789896,0.45992298346430593,0.29000000000000004
pond,supermat,probe,50,intercept_fit,1.0,-2.6347046783897414,100,0.26,0.4985203973789896,0.6662197765132324,0.25999999999999995
pond,supermat,ntp,50,intercept_fit,1.0,-1.6073801445231843,100,0.26,0.4985203973789896,0.4957178018801248,0.26
pond,supermat,probe,51,intercept_fit,1.0,-3.1152215086463517,100,0.25,0.4985203973789896,0.7085799272017007,0.24999999999999997
pond,supermat,ntp,51,intercept_fit,1.0,-1.3806410914224123,100,0.25,0.4985203973789896,0.46896312403439366,0.25
pond,supermat,probe,52,intercept_fit,1.0,-3.0244171810406373,100,0.24,0.4985203973789896,0.681910556195956,0.24
pond,supermat,ntp,52,intercept_fit,1.0,-1.3805001424972878,100,0.24,0.4985203973789896,0.4577119018003824,0.23999999999999994
pond,supermat,probe,53,intercept_fit,1.0,-2.24022388547324,100,0.24,0.4985203973789896,0.5891487069222553,0.24
pond,supermat,ntp,53,intercept_fit,1.0,-1.3410081984477675,100,0.24,0.4985203973789896,0.4569915783469875,0.2399999999999998
pond,supermat,probe,54,intercept_fit,1.0,-2.8798664348495495,100,0.45,0.4985203973789896,0.8432852177079976,0.45000000000017
pond,supermat,ntp,54,intercept_fit,1.0,-1.1431763430331208,100,0.45,0.4985203973789896,0.6042626261742373,0.44999999999999973
pond,supermat,probe,55,intercept_fit,1.0,-2.3729909303235575,100,0.37,0.4985203973789896,0.7385156890822492,0.37000000000000033
pond,supermat,ntp,55,intercept_fit,1.0,-0.9326544190366874,100,0.37,0.4985203973789896,0.5240692571264263,0.37
pond,supermat,probe,56,intercept_fit,1.0,-3.6324498020652576,100,0.27,0.4985203973789896,0.8055566374496954,0.2699999999999999
pond,supermat,ntp,56,intercept_fit,1.0,-1.8999885821311377,100,0.27,0.4985203973789896,0.5223694558793254,0.26999999999999996
pond,supermat,probe,57,intercept_fit,1.0,-3.0520441922904165,100,0.25,0.4985203973789896,0.6891124089120385,0.24999999999999992
pond,supermat,ntp,57,intercept_fit,1.0,-1.5982917528690974,100,0.25,0.4985203973789896,0.4914872982895784,0.24999999999999534
pond,supermat,probe,58,intercept_fit,1.0,-2.6296456414441898,100,0.3,0.4985203973789896,0.6669140900537246,0.29999999999997196
pond,supermat,ntp,58,intercept_fit,1.0,-1.1944499008807157,100,0.3,0.4985203973789896,0.49145261090020365,0.30000000000000054
pond,supermat,probe,59,intercept_fit,1.0,-2.5056817865928047,100,0.29,0.4985203973789896,0.6942506869226495,0.29000000000000004
pond,supermat,ntp,59,intercept_fit,1.0,-1.1704744654153365,100,0.29,0.4985203973789896,0.4815479217300272,0.29
pond,supermat,probe,60,intercept_fit,1.0,-2.486906276317265,100,0.37,0.4985203973789896,0.7228464481294857,0.3699999999999573
pond,supermat,ntp,60,intercept_fit,1.0,-0.7354921716286253,100,0.37,0.4985203973789896,0.5014525092032193,0.36999999999999994
pond,supermat,probe,61,intercept_fit,1.0,-2.6773662791513835,100,0.34,0.4985203973789896,0.73094846002201,0.34000000000000347
pond,supermat,ntp,61,intercept_fit,1.0,-1.071943148688749,100,0.34,0.4985203973789896,0.5072445422465514,0.34
pond,supermat,probe,62,intercept_fit,1.0,-2.9251404877423908,100,0.32,0.4985203973789896,0.7361401187470743,0.32
pond,supermat,ntp,62,intercept_fit,1.0,-1.310342122907025,100,0.32,0.4985203973789896,0.5188801843179185,0.32000000000000006
pond,supermat,probe,63,intercept_fit,1.0,-2.0230042587884496,100,0.48,0.4985203973789896,0.7883294866331138,0.48
pond,supermat,ntp,63,intercept_fit,1.0,-0.3463979732791237,100,0.48,0.4985203973789896,0.5409406972845736,0.4799999999999997
pond,supermat,probe,64,intercept_fit,1.0,-3.3151363306010437,100,0.33,0.4985203973789896,0.7855265671396904,0.33
pond,supermat,ntp,64,intercept_fit,1.0,-0.9606769376450204,100,0.33,0.4985203973789896,0.4906066904315894,0.3300000000000005
pond,supermat,probe,65,intercept_fit,1.0,-1.6656836595641138,100,0.56,0.4985203973789896,0.7923089364214113,0.5600000000000456
pond,supermat,ntp,65,intercept_fit,1.0,-0.18691886397553395,100,0.56,0.4985203973789896,0.589720319334634,0.5600000000000083
pond,supermat,probe,66,intercept_fit,1.0,-3.565636494462313,100,0.23,0.4985203973789896,0.7228218157951926,0.2300000000000324
pond,supermat,ntp,66,intercept_fit,1.0,-1.313610180694306,100,0.23,0.4985203973789896,0.45441151290047344,0.2299999999999999
pond,supermat,probe,67,intercept_fit,1.0,-2.566466439714294,100,0.34,0.4985203973789896,0.7464671393823121,0.3399999999999999
pond,supermat,ntp,67,intercept_fit,1.0,-1.0998552323360546,100,0.34,0.4985203973789896,0.515256874650473,0.34000000000000014
pond,supermat,probe,68,intercept_fit,1.0,-3.209495564121709,100,0.22,0.4985203973789896,0.7068482370350995,0.21999999999998351
pond,supermat,ntp,68,intercept_fit,1.0,-1.9287482539837457,100,0.22,0.4985203973789896,0.4754519488691327,0.21999999999999514
pond,supermat,probe,69,intercept_fit,1.0,-3.1500616432054978,100,0.26,0.4985203973789896,0.6924894229937073,0.25999999999999995
pond,supermat,ntp,69,intercept_fit,1.0,-1.1723778850786635,100,0.26,0.4985203973789896,0.4558808414498391,0.25999999999999984
pond,supermat,probe,70,intercept_fit,1.0,-2.9035039317704654,100,0.17,0.4985203973789896,0.5871990964653692,0.1700000000000001
pond,supermat,ntp,70,intercept_fit,1.0,-2.092451066196298,100,0.17,0.4985203973789896,0.4497013042325327,0.17
pond,supermat,probe,71,intercept_fit,1.0,-2.2505975464439714,100,0.46,0.4985203973789896,0.7814941453198244,0.4600000000000622
pond,supermat,ntp,71,intercept_fit,1.0,-0.807286989885904,100,0.46,0.4985203973789896,0.5791219009668344,0.4599999999999742
pond,supermat,probe,72,intercept_fit,1.0,-1.7769359296418787,100,0.48,0.4985203973789896,0.7318274279113788,0.47999999999997806
pond,supermat,ntp,72,intercept_fit,1.0,-0.35674991812206397,100,0.48,0.4985203973789896,0.5418449909891829,0.47999999999999976
pond,supermat,probe,73,intercept_fit,1.0,-2.8155886435119184,100,0.33,0.4985203973789896,0.7656372284474608,0.3299999999999999
pond,supermat,ntp,73,intercept_fit,1.0,-1.4393704369210636,100,0.33,0.4985203973789896,0.5361058353606551,0.33
pond,supermat,probe,74,intercept_fit,1.0,-3.2694087983373463,100,0.35,0.4985203973789896,0.8237737516523042,0.3500000000001453
pond,supermat,ntp,74,intercept_fit,1.0,-1.42364897533462,100,0.35,0.4985203973789896,0.5516603024813241,0.3499999999999999
pond,supermat,probe,75,intercept_fit,1.0,-3.0959894612480485,100,0.2,0.4985203973789896,0.637721322886899,0.20000000000001983
pond,supermat,ntp,75,intercept_fit,1.0,-1.978039496204024,100,0.2,0.4985203973789896,0.4783737221331568,0.1999999999999889
pond,supermat,probe,76,intercept_fit,1.0,-2.9041081140470686,100,0.31,0.4985203973789896,0.7265243991218885,0.31000000000000133
pond,supermat,ntp,76,intercept_fit,1.0,-1.7547773151428672,100,0.31,0.4985203973789896,0.5358219254624665,0.31
pond,supermat,probe,77,intercept_fit,1.0,-3.184929252539891,100,0.31,0.4985203973789896,0.7736563890440458,0.31000000000000066
pond,supermat,ntp,77,intercept_fit,1.0,-1.0299779698351015,100,0.31,0.4985203973789896,0.48127269357200986,0.31000000000000005
pond,supermat,probe,78,intercept_fit,1.0,-2.464557150928119,100,0.32,0.4985203973789896,0.6950297346923814,0.32000000000000006
pond,supermat,ntp,78,intercept_fit,1.0,-1.2826460020513115,100,0.32,0.4985203973789896,0.5129912579097179,0.32
pond,supermat,probe,79,intercept_fit,1.0,-2.540676322405585,100,0.32,0.4985203973789896,0.6738482854959402,0.3199999999999572
pond,supermat,ntp,79,intercept_fit,1.0,-1.0578340115688651,100,0.32,0.4985203973789896,0.4932854518915575,0.32000000000000006
pond,supermat,probe,80,intercept_fit,1.0,-3.0480432031666105,100,0.34,0.4985203973789896,0.7697568111533457,0.3400000000000001
pond,supermat,ntp,80,intercept_fit,1.0,-0.8188771527541464,100,0.34,0.4985203973789896,0.48412606532665087,0.3399999999999445
pond,supermat,probe,81,intercept_fit,1.0,-2.7579356762645513,100,0.34,0.4985203973789896,0.7521684223692426,0.3399999999999999
pond,supermat,ntp,81,intercept_fit,1.0,-1.0173177866182797,100,0.34,0.4985203973789896,0.5072646734372603,0.34000000000000014
pond,supermat,probe,82,intercept_fit,1.0,-3.5168179455780573,100,0.33,0.4985203973789896,0.8629211948602835,0.33
pond,supermat,ntp,82,intercept_fit,1.0,-1.2805169873178681,100,0.33,0.4985203973789896,0.518690935784043,0.3299999999999994
pond,supermat,probe,83,intercept_fit,1.0,-2.4919503909431535,100,0.42,0.4985203973789896,0.8013518907717456,0.4199999999999873
pond,supermat,ntp,83,intercept_fit,1.0,-0.7122800414132252,100,0.42,0.4985203973789896,0.5376632765380319,0.41999999999999993
pond,supermat,probe,84,intercept_fit,1.0,-2.3213649604707407,100,0.38,0.4985203973789896,0.731765607441818,0.38000000000000006
pond,supermat,ntp,84,intercept_fit,1.0,-1.0309043889412248,100,0.38,0.4985203973789896,0.5373789478280177,0.37999999999999956
pond,supermat,probe,85,intercept_fit,1.0,-2.601445359853872,100,0.36,0.4985203973789896,0.7387741881304616,0.3599999999999999
pond,supermat,ntp,85,intercept_fit,1.0,-1.0694562453261278,100,0.36,0.4985203973789896,0.5255718049352194,0.3599999999999999
pond,supermat,probe,86,intercept_fit,1.0,-3.503188435337907,100,0.29,0.4985203973789896,0.8086112275476905,0.2900000000000061
pond,supermat,ntp,86,intercept_fit,1.0,-1.1113270283036198,100,0.29,0.4985203973789896,0.47458963016352435,0.29000000000000004
pond,supermat,probe,87,intercept_fit,1.0,-2.5286505025491723,100,0.37,0.4985203973789896,0.7330463335728773,0.36999999999999994
pond,supermat,ntp,87,intercept_fit,1.0,-1.0127032592703038,100,0.37,0.4985203973789896,0.5283100488154316,0.37000000000002153
pond,supermat,probe,88,intercept_fit,1.0,-2.457946124597177,100,0.49,0.4985203973789896,0.8094014346250162,0.4900000000001184
pond,supermat,ntp,88,intercept_fit,1.0,-0.1103931598203426,100,0.49,0.4985203973789896,0.5104851067279663,0.4899999999999999
pond,supermat,probe,89,intercept_fit,1.0,-2.2870897795850955,100,0.54,0.4985203973789896,0.8532499265470911,0.5399999999999999
pond,supermat,ntp,89,intercept_fit,1.0,-0.25588678216048466,100,0.54,0.4985203973789896,0.5814959852991454,0.5399999999999929
pond,supermat,probe,90,intercept_fit,1.0,-3.115656547426785,100,0.27,0.4985203973789896,0.720844243239319,0.2700000000000798
pond,supermat,ntp,90,intercept_fit,1.0,-1.132680525469898,100,0.27,0.4985203973789896,0.4619522780658769,0.2700000000000001
pond,supermat,probe,91,intercept_fit,1.0,-2.437101357564692,100,0.4,0.4985203973789896,0.7522903437449645,0.3999999999999999
pond,supermat,ntp,91,intercept_fit,1.0,-1.0141509293800866,100,0.4,0.4985203973789896,0.5533980989537507,0.4
pond,supermat,probe,92,intercept_fit,1.0,-2.4178192986586287,100,0.42,0.4985203973789896,0.7915792022435668,0.41999999999999993
pond,supermat,ntp,92,intercept_fit,1.0,-0.8489358391644366,100,0.42,0.4985203973789896,0.5524136286465273,0.4200000000000001
pond,supermat,probe,93,intercept_fit,1.0,-3.005840326530322,100,0.29,0.4985203973789896,0.7253821507330162,0.2899999999999999
pond,supermat,ntp,93,intercept_fit,1.0,-1.125901448975186,100,0.29,0.4985203973789896,0.47875266837845026,0.29000000000000004
pond,supermat,probe,94,intercept_fit,1.0,-2.4511079170846948,100,0.34,0.4985203973789896,0.7003643303357387,0.3400000000000003
pond,supermat,ntp,94,intercept_fit,1.0,-0.734545878766056,100,0.34,0.4985203973789896,0.4754389434406444,0.33999999999999625
pond,supermat,probe,95,intercept_fit,1.0,-2.9577658120741477,100,0.28,0.4985203973789896,0.7086064411354352,0.2800000000000001
pond,supermat,ntp,95,intercept_fit,1.0,-1.3210253925381668,100,0.28,0.4985203973789896,0.4882102626085685,0.2800000000000052
pond,supermat,probe,96,intercept_fit,1.0,-2.919375832012108,100,0.4,0.4985203973789896,0.8304979846826298,0.39999999999987784
pond,supermat,ntp,96,intercept_fit,1.0,-0.3362823430656692,100,0.4,0.4985203973789896,0.465784774136284,0.39999999999999986
pond,supermat,probe,97,intercept_fit,1.0,-3.2014240418972157,100,0.28,0.4985203973789896,0.7639540221405965,0.2800000000001174
pond,supermat,ntp,97,intercept_fit,1.0,-1.4048426242107692,100,0.28,0.4985203973789896,0.4930907913455207,0.28
pond,supermat,probe,98,intercept_fit,1.0,-3.273577600851306,100,0.24,0.4985203973789896,0.7205518243709486,0.23999999999999744
pond,supermat,ntp,98,intercept_fit,1.0,-1.2014248883832321,100,0.24,0.4985203973789896,0.44710383943596665,0.23999999999999078
pond,supermat,probe,99,intercept_fit,1.0,-2.3709682698516974,100,0.46,0.4985203973789896,0.8071781402685356,0.46
pond,supermat,ntp,99,intercept_fit,1.0,-0.5082587395426258,100,0.46,0.4985203973789896,0.5453561757918349,0.45999999999999475
nfix,pond,probe,0,intercept_fit,1.0,-0.9247189185625354,100,0.41,0.4962228517469311,0.5593456823219387,0.4099999999999999
nfix,pond,ntp,0,intercept_fit,1.0,-0.9146612564863736,100,0.41,0.4962228517469311,0.5945813312163282,0.4099999999999998
nfix,pond,probe,1,intercept_fit,1.0,-0.22659039540656287,100,0.39,0.4962228517469311,0.42081109593133353,0.39000000000001117
nfix,pond,ntp,1,intercept_fit,1.0,-0.8299518162224786,100,0.39,0.4962228517469311,0.5616822590688241,0.3899999999999623
nfix,pond,probe,2,intercept_fit,1.0,-0.2511152946001826,100,0.51,0.4962228517469311,0.5508108904833336,0.51
nfix,pond,ntp,2,intercept_fit,1.0,-0.3185676768948829,100,0.51,0.4962228517469311,0.5773120384353484,0.5100000000000019
nfix,pond,probe,3,intercept_fit,1.0,-0.5764235791435396,100,0.25,0.4962228517469311,0.315041065753463,0.2500000000000339
nfix,pond,ntp,3,intercept_fit,1.0,-1.5232832458461614,100,0.25,0.4962228517469311,0.5471951101063531,0.24999999999996572
nfix,pond,probe,4,intercept_fit,1.0,0.7730413305343765,100,0.55,0.4962228517469311,0.40239551525375516,0.5500000000000661
nfix,pond,ntp,4,intercept_fit,1.0,0.02281311474123241,100,0.55,0.4962228517469311,0.5450444293091542,0.55
nfix,pond,probe,5,intercept_fit,1.0,-0.132888997302835,100,0.32,0.4962228517469311,0.33951996763424286,0.32
nfix,pond,ntp,5,intercept_fit,1.0,-0.9334917909687689,100,0.32,0.4962228517469311,0.5171590696284686,0.31999999999999945
nfix,pond,probe,6,intercept_fit,1.0,-0.8181459437746417,100,0.38,0.4962228517469311,0.5194074533974544,0.38000000000000006
nfix,pond,ntp,6,intercept_fit,1.0,-1.151860252521376,100,0.38,0.4962228517469311,0.6085102501216335,0.3799999999999993
nfix,pond,probe,7,intercept_fit,1.0,0.07335523334471165,100,0.47,0.4962228517469311,0.4566485287292199,0.470000000000009
nfix,pond,ntp,7,intercept_fit,1.0,-0.5093660521654767,100,0.47,0.4962228517469311,0.576167974997006,0.4700000000000006
nfix,pond,probe,8,intercept_fit,1.0,0.48121636875781976,100,0.46,0.4962228517469311,0.39101620908288526,0.4599999999999999
nfix,pond,ntp,8,intercept_fit,1.0,-0.4390723856762159,100,0.46,0.4962228517469311,0.5546096268491992,0.4599999999999999
nfix,pond,probe,9,intercept_fit,1.0,-0.9305856109952869,100,0.37,0.4962228517469311,0.5175046133032619,0.37
nfix,pond,ntp,9,intercept_fit,1.0,-0.8447831193270618,100,0.37,0.4962228517469311,0.5478796997844629,0.3699999999999999
nfix,pond,probe,10,intercept_fit,1.0,-0.5392484306524441,100,0.44,0.4962228517469311,0.5278604304041753,0.44000000000000006
nfix,pond,ntp,10,intercept_fit,1.0,-0.6368411914440837,100,0.44,0.4962228517469311,0.5727696732545975,0.44
nfix,pond,probe,11,intercept_fit,1.0,0.7294600157451088,100,0.51,0.4962228517469311,0.37430595063180255,0.5099999999999999
nfix,pond,ntp,11,intercept_fit,1.0,-0.1679937933959334,100,0.51,0.4962228517469311,0.5467013560015953,0.5100000000000059
nfix,pond,probe,12,intercept_fit,1.0,-0.029923492570325862,100,0.4,0.4962228517469311,0.40436886012579903,0.3999999999999999
nfix,pond,ntp,12,intercept_fit,1.0,-0.7984664615862154,100,0.4,0.4962228517469311,0.5659957655416874,0.3999999999999999
nfix,pond,probe,13,intercept_fit,1.0,0.024106057201656244,100,0.51,0.4962228517469311,0.5062257893340749,0.5100000000000013
nfix,pond,ntp,13,intercept_fit,1.0,-0.34342376012125764,100,0.51,0.4962228517469311,0.5816334390500275,0.5100000000000013
nfix,pond,probe,14,intercept_fit,1.0,-1.0879602294869697,100,0.31,0.4962228517469311,0.44783105100534526,0.3099999999999998
nfix,pond,ntp,14,intercept_fit,1.0,-1.323444335710992,100,0.31,0.4962228517469311,0.5731480361944122,0.3100000000000001
nfix,pond,probe,15,intercept_fit,1.0,0.4913049167180812,100,0.49,0.4962228517469311,0.4086193440204028,0.4899999999999999
nfix,pond,ntp,15,intercept_fit,1.0,-0.3773488371261723,100,0.49,0.4962228517469311,0.5696448561529854,0.4900000000000036
nfix,pond,probe,16,intercept_fit,1.0,0.2569068902315039,100,0.56,0.4962228517469311,0.5117497040602816,0.5600000000000012
nfix,pond,ntp,16,intercept_fit,1.0,-0.08307970166639024,100,0.56,0.4962228517469311,0.5775222295658178,0.5599999999999999
nfix,pond,probe,17,intercept_fit,1.0,-0.8436132782334826,100,0.31,0.4962228517469311,0.4326790948297708,0.3099999999999786
nfix,pond,ntp,17,intercept_fit,1.0,-1.2009047188670758,100,0.31,0.4962228517469311,0.5539176368888085,0.31
nfix,pond,probe,18,intercept_fit,1.0,-0.4540225267445949,100,0.41,0.4962228517469311,0.476767817015439,0.4099999999999999
nfix,pond,ntp,18,intercept_fit,1.0,-0.7529552218292935,100,0.41,0.4962228517469311,0.5662474577284177,0.4100000000000001
nfix,pond,probe,19,intercept_fit,1.0,-0.9231224668594629,100,0.39,0.4962228517469311,0.5347610499567605,0.39
nfix,pond,ntp,19,intercept_fit,1.0,-0.9963996749262884,100,0.39,0.4962228517469311,0.5914205555987224,0.3899999999999983
nfix,pond,probe,20,intercept_fit,1.0,0.9867388919695222,100,0.47,0.4962228517469311,0.3343880502624057,0.47
nfix,pond,ntp,20,intercept_fit,1.0,-0.4907271149743792,100,0.47,0.4962228517469311,0.5730351640058055,0.4700000000000008
nfix,pond,probe,21,intercept_fit,1.0,-0.6985509576543545,100,0.3,0.4962228517469311,0.39058290405635787,0.3
nfix,pond,ntp,21,intercept_fit,1.0,-1.3199023558126033,100,0.3,0.4962228517469311,0.5615146122258705,0.30000000000000004
nfix,pond,probe,22,intercept_fit,1.0,0.4233226722785884,100,0.59,0.4962228517469311,0.5129105823754165,0.5900000000000041
nfix,pond,ntp,22,intercept_fit,1.0,0.20494116102671275,100,0.59,0.4962228517469311,0.5449102773701179,0.5900000000000015
nfix,pond,probe,23,intercept_fit,1.0,-0.8028674426685187,100,0.32,0.4962228517469311,0.4192945384804879,0.31999999999999995
nfix,pond,ntp,23,intercept_fit,1.0,-1.371496729854327,100,0.32,0.4962228517469311,0.5879692562510652,0.32
nfix,pond,probe,24,intercept_fit,1.0,-0.052330847489561017,100,0.51,0.4962228517469311,0.5198855748597935,0.5100000000000001
nfix,pond,ntp,24,intercept_fit,1.0,-0.336010760113251,100,0.51,0.4962228517469311,0.5792474268733876,0.5100000000000016
nfix,pond,probe,25,intercept_fit,1.0,0.27744796457602044,100,0.36,0.4962228517469311,0.3207337424102958,0.36
nfix,pond,ntp,25,intercept_fit,1.0,-0.7676234218118235,100,0.36,0.4962228517469311,0.5246860462185021,0.36000000000000054
nfix,pond,probe,26,intercept_fit,1.0,-0.5970833937750186,100,0.47,0.4962228517469311,0.5661459955251986,0.4700000000000019
nfix,pond,ntp,26,intercept_fit,1.0,-0.4765812925383397,100,0.47,0.4962228517469311,0.5706803174315408,0.47000000000000086
nfix,pond,probe,27,intercept_fit,1.0,-1.0787442548187434,100,0.3,0.4962228517469311,0.4412707647956956,0.2999999999999955
nfix,pond,ntp,27,intercept_fit,1.0,-1.3475781850133237,100,0.3,0.4962228517469311,0.5662533468600094,0.29999999999999993
nfix,pond,probe,28,intercept_fit,1.0,-0.1875715283583242,100,0.53,0.4962228517469311,0.5639101374799825,0.5300000000000433
nfix,pond,ntp,28,intercept_fit,1.0,-0.1551189863839808,100,0.53,0.4962228517469311,0.5633018371975238,0.5300000000000002
nfix,pond,probe,29,intercept_fit,1.0,-0.8722725146113022,100,0.36,0.4962228517469311,0.5136427934702723,0.3599999999999999
nfix,pond,ntp,29,intercept_fit,1.0,-0.8964208023188162,100,0.36,0.4962228517469311,0.5470155278246197,0.35999999999999993
nfix,pond,probe,30,intercept_fit,1.0,0.7679776664982569,100,0.58,0.4962228517469311,0.4441977857553626,0.5799999999999997
nfix,pond,ntp,30,intercept_fit,1.0,-0.031235795487276445,100,0.58,0.4962228517469311,0.5864852300628327,0.5800000000000001
nfix,pond,probe,31,intercept_fit,1.0,0.06430001592681467,100,0.37,0.4962228517469311,0.36105742326835155,0.3699999999999989
nfix,pond,ntp,31,intercept_fit,1.0,-0.9512150959111448,100,0.37,0.4962228517469311,0.5640449955459318,0.3700000000000476
nfix,pond,probe,32,intercept_fit,1.0,0.2939166238315319,100,0.43,0.4962228517469311,0.38072040013172853,0.4299999999999546
nfix,pond,ntp,32,intercept_fit,1.0,-0.5649621409172898,100,0.43,0.4962228517469311,0.5508484520376554,0.43000000000000005
nfix,pond,probe,33,intercept_fit,1.0,-0.07936239558304152,100,0.42,0.4962228517469311,0.43245603539343463,0.42
nfix,pond,ntp,33,intercept_fit,1.0,-0.6019695029394841,100,0.42,0.4962228517469311,0.5489369965653494,0.41999999999999993
nfix,pond,probe,34,intercept_fit,1.0,0.17202209898430848,100,0.46,0.4962228517469311,0.43398699874149643,0.4599999999999632
nfix,pond,ntp,34,intercept_fit,1.0,-0.5999067874845571,100,0.46,0.4962228517469311,0.583400320857069,0.46
nfix,pond,probe,35,intercept_fit,1.0,-1.3052183694042063,100,0.31,0.4962228517469311,0.5093326104878801,0.3099999999999605
nfix,pond,ntp,35,intercept_fit,1.0,-1.349361162022937,100,0.31,0.4962228517469311,0.5748999609937939,0.31000000000000005
nfix,pond,probe,36,intercept_fit,1.0,-0.5501286939162507,100,0.48,0.4962228517469311,0.5764015284875753,0.48000000000000015
nfix,pond,ntp,36,intercept_fit,1.0,-0.4050536150678168,100,0.48,0.4962228517469311,0.565618059872114,0.4800000000000019
nfix,pond,probe,37,intercept_fit,1.0,0.26081308661317715,100,0.4,0.4962228517469311,0.3595954384322533,0.4
nfix,pond,ntp,37,intercept_fit,1.0,-0.6482977011718946,100,0.4,0.4962228517469311,0.5381811349995783,0.3999999999999999
nfix,pond,probe,38,intercept_fit,1.0,-0.5484670902014361,100,0.36,0.4962228517469311,0.44245975792175146,0.3599999999999968
nfix,pond,ntp,38,intercept_fit,1.0,-0.9905872670663226,100,0.36,0.4962228517469311,0.5619574139973961,0.3600000000000001
nfix,pond,probe,39,intercept_fit,1.0,-0.8062542186191385,100,0.25,0.4962228517469311,0.3394579736485905,0.25000000000000144
nfix,pond,ntp,39,intercept_fit,1.0,-1.2864718261205677,100,0.25,0.4962228517469311,0.5107480854085152,0.24999999999999997
nfix,pond,probe,40,intercept_fit,1.0,-0.7306465579712593,100,0.46,0.4962228517469311,0.5894196053849444,0.4599999999999239
nfix,pond,ntp,40,intercept_fit,1.0,-0.6542271943301577,100,0.46,0.4962228517469311,0.5940066834087055,0.4600000000000004
nfix,pond,probe,41,intercept_fit,1.0,0.1967906242946237,100,0.46,0.4962228517469311,0.4289638014928188,0.4599999999999994
nfix,pond,ntp,41,intercept_fit,1.0,-0.43205214511299594,100,0.46,0.4962228517469311,0.5525996764311465,0.46
nfix,pond,probe,42,intercept_fit,1.0,-0.30162020466870154,100,0.42,0.4962228517469311,0.46771894410098447,0.4199999999999987
nfix,pond,ntp,42,intercept_fit,1.0,-0.7749515330624157,100,0.42,0.4962228517469311,0.5823460107140891,0.4200000000000001
nfix,pond,probe,43,intercept_fit,1.0,0.10234610848007542,100,0.53,0.4962228517469311,0.5110903694133342,0.5299999999999998
nfix,pond,ntp,43,intercept_fit,1.0,-0.24811992464725569,100,0.53,0.4962228517469311,0.5821772309105531,0.5300000000000001
nfix,pond,probe,44,intercept_fit,1.0,-0.20042996252255674,100,0.36,0.4962228517469311,0.3945667118411672,0.3600000000000001
nfix,pond,ntp,44,intercept_fit,1.0,-0.8927627573910362,100,0.36,0.4962228517469311,0.5486702533478904,0.36
nfix,pond,probe,45,intercept_fit,1.0,0.19158725903946036,100,0.62,0.4962228517469311,0.5845384277451318,0.62
nfix,pond,ntp,45,intercept_fit,1.0,0.12632243837840607,100,0.62,0.4962228517469311,0.5942380789830309,0.6199999999999958
nfix,pond,probe,46,intercept_fit,1.0,-1.0872114893654747,100,0.37,0.4962228517469311,0.5384763929680797,0.3699999999999888
nfix,pond,ntp,46,intercept_fit,1.0,-1.171779833960745,100,0.37,0.4962228517469311,0.6047110552608692,0.3699999999999959
nfix,pond,probe,47,intercept_fit,1.0,-0.5947168568189602,100,0.38,0.4962228517469311,0.46892351405115273,0.3800000000000001
nfix,pond,ntp,47,intercept_fit,1.0,-0.9865128594664301,100,0.38,0.4962228517469311,0.5825888136503911,0.3799999999999782
nfix,pond,probe,48,intercept_fit,1.0,0.06952928502946887,100,0.41,0.4962228517469311,0.4004155093734619,0.41000000000001774
nfix,pond,ntp,48,intercept_fit,1.0,-0.7275958728153241,100,0.41,0.4962228517469311,0.5623979636523967,0.41
nfix,pond,probe,49,intercept_fit,1.0,-0.21265715974144395,100,0.27,0.4962228517469311,0.29924688630841384,0.26999999999999996
nfix,pond,ntp,49,intercept_fit,1.0,-1.325545708028057,100,0.27,0.4962228517469311,0.5336812652938723,0.26999999999999025
nfix,pond,probe,50,intercept_fit,1.0,-0.5076463455767474,100,0.41,0.4962228517469311,0.4851745781870755,0.4100000000000001
nfix,pond,ntp,50,intercept_fit,1.0,-0.8757358751585268,100,0.41,0.4962228517469311,0.5866887033963181,0.40999999999999964
nfix,pond,probe,51,intercept_fit,1.0,-0.3744194877716595,100,0.41,0.4962228517469311,0.4829255385529645,0.41
nfix,pond,ntp,51,intercept_fit,1.0,-0.682958359394152,100,0.41,0.4962228517469311,0.5550078126449527,0.41
nfix,pond,probe,52,intercept_fit,1.0,-0.9948866742224978,100,0.47,0.4962228517469311,0.6464393099191851,0.4700000000000001
nfix,pond,ntp,52,intercept_fit,1.0,-0.5691592066376638,100,0.47,0.4962228517469311,0.5877353605025263,0.4700000000000012
nfix,pond,probe,53,intercept_fit,1.0,0.1842373231132034,100,0.47,0.4962228517469311,0.44239895329601475,0.47000000000000014
nfix,pond,ntp,53,intercept_fit,1.0,-0.5448195248902776,100,0.47,0.4962228517469311,0.5829518500332557,0.4700000000000008
nfix,pond,probe,54,intercept_fit,1.0,0.10086633111088154,100,0.5,0.4962228517469311,0.4852466404196363,0.5
nfix,pond,ntp,54,intercept_fit,1.0,-0.609654561072759,100,0.5,0.4962228517469311,0.6200473361169874,0.5000000000000001
nfix,pond,probe,55,intercept_fit,1.0,-0.8479970553001811,100,0.4,0.4962228517469311,0.5426547430058007,0.4
nfix,pond,ntp,55,intercept_fit,1.0,-0.8161904812664446,100,0.4,0.4962228517469311,0.5699499123057323,0.3999999999999894
nfix,pond,probe,56,intercept_fit,1.0,-1.221828557249572,100,0.33,0.4962228517469311,0.5167327779028453,0.329999999999994
nfix,pond,ntp,56,intercept_fit,1.0,-1.12891293356424,100,0.33,0.4962228517469311,0.5628237260726799,0.33000000000000007
nfix,pond,probe,57,intercept_fit,1.0,-0.7062870025505051,100,0.42,0.4962228517469311,0.5334825106630169,0.4200000000000001
nfix,pond,ntp,57,intercept_fit,1.0,-0.8380387161093359,100,0.42,0.4962228517469311,0.590361070453083,0.4199999999999997
nfix,pond,probe,58,intercept_fit,1.0,-0.6291841913956622,100,0.36,0.4962228517469311,0.46098162384223,0.35999999999999993
nfix,pond,ntp,58,intercept_fit,1.0,-0.875809246193666,100,0.36,0.4962228517469311,0.543746048836711,0.35999999999999993
nfix,pond,probe,59,intercept_fit,1.0,0.22875566813490233,100,0.44,0.4962228517469311,0.40356378904906437,0.4400000000000148
nfix,pond,ntp,59,intercept_fit,1.0,-0.6626016417841888,100,0.44,0.4962228517469311,0.5781760269268836,0.44000000000003675
nfix,pond,probe,60,intercept_fit,1.0,-0.291347941117528,100,0.46,0.4962228517469311,0.5083519588857386,0.46
nfix,pond,ntp,60,intercept_fit,1.0,-0.5141833733300052,100,0.46,0.4962228517469311,0.5683045665317362,0.4599999999999999
nfix,pond,probe,61,intercept_fit,1.0,-0.676224491557519,100,0.33,0.4962228517469311,0.4543042092363438,0.33
nfix,pond,ntp,61,intercept_fit,1.0,-1.060849341801463,100,0.33,0.4962228517469311,0.5472679524432383,0.3300000000000001
nfix,pond,probe,62,intercept_fit,1.0,-0.3663677993283543,100,0.38,0.4962228517469311,0.4271634185972997,0.37999999999999995
nfix,pond,ntp,62,intercept_fit,1.0,-1.0307617448881419,100,0.38,0.4962228517469311,0.5882561823217612,0.3799999999999929
nfix,pond,probe,63,intercept_fit,1.0,-0.40053842944883655,100,0.5,0.4962228517469311,0.5684179170374302,0.5000000000000007
nfix,pond,ntp,63,intercept_fit,1.0,-0.35459438450522357,100,0.5,0.4962228517469311,0.57487885585826,0.5000000000000029
nfix,pond,probe,64,intercept_fit,1.0,0.09821028895243064,100,0.54,0.4962228517469311,0.5240337544966384,0.5400000000000001
nfix,pond,ntp,64,intercept_fit,1.0,-0.39122561280212187,100,0.54,0.4962228517469311,0.6180559368843164,0.54
nfix,pond,probe,65,intercept_fit,1.0,0.4902218880421724,100,0.45,0.4962228517469311,0.37609510827539344,0.45000000000000007
nfix,pond,ntp,65,intercept_fit,1.0,-0.43815495799133775,100,0.45,0.4962228517469311,0.5453463361660992,0.45
nfix,pond,probe,66,intercept_fit,1.0,0.24119916446006348,100,0.45,0.4962228517469311,0.41192713247365764,0.45
nfix,pond,ntp,66,intercept_fit,1.0,-0.5174574862721627,100,0.45,0.4962228517469311,0.5589812609903357,0.45
nfix,pond,probe,67,intercept_fit,1.0,-0.3144300515572105,100,0.43,0.4962228517469311,0.48775848960321305,0.43000000000000016
nfix,pond,ntp,67,intercept_fit,1.0,-0.5171597005066597,100,0.43,0.4962228517469311,0.5426133823965122,0.43
nfix,pond,probe,68,intercept_fit,1.0,-0.2675697041450593,100,0.42,0.4962228517469311,0.4548771724808058,0.41999999999999843
nfix,pond,ntp,68,intercept_fit,1.0,-0.8423139920256066,100,0.42,0.4962228517469311,0.589982085481639,0.4200000000000001
nfix,pond,probe,69,intercept_fit,1.0,0.29921005725066907,100,0.49,0.4962228517469311,0.4350665333703333,0.49
nfix,pond,ntp,69,intercept_fit,1.0,-0.3420334110134723,100,0.49,0.4962228517469311,0.5624113394146893,0.4900000000000033
nfix,pond,probe,70,intercept_fit,1.0,-0.23350114613108705,100,0.4,0.4962228517469311,0.44630912250233656,0.3999999999999979
nfix,pond,ntp,70,intercept_fit,1.0,-0.637169439808572,100,0.4,0.4962228517469311,0.5383158855713134,0.4
nfix,pond,probe,71,intercept_fit,1.0,-0.010590501297051419,100,0.41,0.4962228517469311,0.4114944480535133,0.41
nfix,pond,ntp,71,intercept_fit,1.0,-0.6428842700992665,100,0.41,0.4962228517469311,0.5471411372844992,0.41
nfix,pond,probe,72,intercept_fit,1.0,0.5876867657186801,100,0.56,0.4962228517469311,0.4608162455109509,0.5600000000000178
nfix,pond,ntp,72,intercept_fit,1.0,-0.1056082179646366,100,0.56,0.4962228517469311,0.5822371001694084,0.56
nfix,pond,probe,73,intercept_fit,1.0,-0.13092646621816037,100,0.45,0.4962228517469311,0.47026905493785476,0.45000000000000007
nfix,pond,ntp,73,intercept_fit,1.0,-0.6047888579321259,100,0.45,0.4962228517469311,0.5763803691240751,0.44999999999999973
nfix,pond,probe,74,intercept_fit,1.0,0.024264643937496885,100,0.41,0.4962228517469311,0.406477754478137,0.4099999999999998
nfix,pond,ntp,74,intercept_fit,1.0,-0.6896207941383309,100,0.41,0.4962228517469311,0.5557418954949679,0.41
nfix,pond,probe,75,intercept_fit,1.0,-0.512767864189373,100,0.53,0.4962228517469311,0.6184289627508182,0.5299999999999998
nfix,pond,ntp,75,intercept_fit,1.0,-0.29495110877935937,100,0.53,0.4962228517469311,0.5921685843709247,0.53
nfix,pond,probe,76,intercept_fit,1.0,0.5980662022400116,100,0.48,0.4962228517469311,0.3878278345290528,0.48000000000001214
nfix,pond,ntp,76,intercept_fit,1.0,-0.4547695498909404,100,0.48,0.4962228517469311,0.5740370319152014,0.48000000000000087
nfix,pond,probe,77,intercept_fit,1.0,-1.594984850863196,100,0.39,0.4962228517469311,0.6960667643181888,0.38999999999999985
nfix,pond,ntp,77,intercept_fit,1.0,-0.8281561736467676,100,0.39,0.4962228517469311,0.5663403559676231,0.38999999999991125
nfix,pond,probe,78,intercept_fit,1.0,-0.029679758729899853,100,0.53,0.4962228517469311,0.5348436267750136,0.530000000000007
nfix,pond,ntp,78,intercept_fit,1.0,-0.29290283799794453,100,0.53,0.4962228517469311,0.5909456748843706,0.5300000000000001
nfix,pond,probe,79,intercept_fit,1.0,0.3961855414354433,100,0.4,0.4962228517469311,0.343618431609588,0.3999999999999999
nfix,pond,ntp,79,intercept_fit,1.0,-0.7617277830176579,100,0.4,0.4962228517469311,0.5593569713955285,0.3999999999999999
nfix,pond,probe,80,intercept_fit,1.0,0.08904128339195803,100,0.46,0.4962228517469311,0.4434753753206577,0.45999999999998664
nfix,pond,ntp,80,intercept_fit,1.0,-0.4324741690543107,100,0.46,0.4962228517469311,0.5538557190695533,0.4599999999999999
nfix,pond,probe,81,intercept_fit,1.0,-0.4037531458781605,100,0.5,0.4962228517469311,0.5703831972384495,0.4999999999999997
nfix,pond,ntp,81,intercept_fit,1.0,-0.5955842313812593,100,0.5,0.4962228517469311,0.6197694177347866,0.5000000000000001
nfix,pond,probe,82,intercept_fit,1.0,-1.303295787993053,100,0.31,0.4962228517469311,0.513182565600524,0.309999999999998
nfix,pond,ntp,82,intercept_fit,1.0,-1.3986746725241408,100,0.31,0.4962228517469311,0.5892806219193188,0.30999999999999994
nfix,pond,probe,83,intercept_fit,1.0,-0.5594111178040887,100,0.33,0.4962228517469311,0.407084267483156,0.32999999999994856
nfix,pond,ntp,83,intercept_fit,1.0,-1.1283742797554799,100,0.33,0.4962228517469311,0.559148489859885,0.3299999999999999
nfix,pond,probe,84,intercept_fit,1.0,-0.3141348752257625,100,0.39,0.4962228517469311,0.4389768476272141,0.3900000000000001
nfix,pond,ntp,84,intercept_fit,1.0,-0.8550891390606797,100,0.39,0.4962228517469311,0.5661191198986731,0.3899999999999755
nfix,pond,probe,85,intercept_fit,1.0,0.5551057350052746,100,0.62,0.4962228517469311,0.5239445941589645,0.6199999999999999
nfix,pond,ntp,85,intercept_fit,1.0,0.020540264735894594,100,0.62,0.4962228517469311,0.6159389058462196,0.6199999999999634
nfix,pond,probe,86,intercept_fit,1.0,-0.7746228797572396,100,0.47,0.4962228517469311,0.5952950572655105,0.4700000000000152
nfix,pond,ntp,86,intercept_fit,1.0,-0.5056409515870172,100,0.47,0.4962228517469311,0.5752898082114085,0.47000000000000036
nfix,pond,probe,87,intercept_fit,1.0,-0.45222990940466185,100,0.58,0.4962228517469311,0.6571944117139608,0.58
nfix,pond,ntp,87,intercept_fit,1.0,-0.36780265982468224,100,0.58,0.4962228517469311,0.650479612290209,0.5799999999999986
nfix,pond,probe,88,intercept_fit,1.0,0.14280531516146694,100,0.43,0.4962228517469311,0.4125063082850009,0.4300000000000213
nfix,pond,ntp,88,intercept_fit,1.0,-0.7643273806156576,100,0.43,0.4962228517469311,0.5857745523533829,0.4299999999999999
nfix,pond,probe,89,intercept_fit,1.0,0.16036437022111222,100,0.42,0.4962228517469311,0.39620786933473234,0.41999999999999993
nfix,pond,ntp,89,intercept_fit,1.0,-0.6306906717977694,100,0.42,0.4962228517469311,0.5532882483085766,0.42
nfix,pond,probe,90,intercept_fit,1.0,-1.2874819143658165,100,0.33,0.4962228517469311,0.5264428501623046,0.3300000000000224
nfix,pond,ntp,90,intercept_fit,1.0,-1.097222266142596,100,0.33,0.4962228517469311,0.5559361187966629,0.33
nfix,pond,probe,91,intercept_fit,1.0,-0.01758965750485185,100,0.43,0.4962228517469311,0.4324830912083687,0.42999999999999977
nfix,pond,ntp,91,intercept_fit,1.0,-0.9107786921456427,100,0.43,0.4962228517469311,0.6088493801169532,0.43
nfix,pond,probe,92,intercept_fit,1.0,0.2638687009131918,100,0.34,0.4962228517469311,0.3042819290658501,0.34
nfix,pond,ntp,92,intercept_fit,1.0,-0.9947371712051036,100,0.34,0.4962228517469311,0.5460711042849983,0.3399999999999999
nfix,pond,probe,93,intercept_fit,1.0,-0.4723697326399907,100,0.32,0.4962228517469311,0.3808747277076203,0.32
nfix,pond,ntp,93,intercept_fit,1.0,-1.0963567614180276,100,0.32,0.4962228517469311,0.5450096972968845,0.32000000000000006
nfix,pond,probe,94,intercept_fit,1.0,-0.5877841740179175,100,0.48,0.4962228517469311,0.5916785699610393,0.48
nfix,pond,ntp,94,intercept_fit,1.0,-0.42802680023548245,100,0.48,0.4962228517469311,0.5701742366885871,0.48000000000000215
nfix,pond,probe,95,intercept_fit,1.0,0.40586257938329906,100,0.53,0.4962228517469311,0.45681182158745265,0.5300000000000069
nfix,pond,ntp,95,intercept_fit,1.0,-0.3456622753965833,100,0.53,0.4962228517469311,0.600373202667748,0.53
nfix,pond,probe,96,intercept_fit,1.0,0.6694799048425834,100,0.57,0.4962228517469311,0.4342951833496294,0.5699999999999422
nfix,pond,ntp,96,intercept_fit,1.0,0.03677688860998856,100,0.57,0.4962228517469311,0.5619755865626246,0.570000000000001
nfix,pond,probe,97,intercept_fit,1.0,0.5650688098525918,100,0.53,0.4962228517469311,0.4343551582060019,0.5300000000000004
nfix,pond,ntp,97,intercept_fit,1.0,-0.21330529736349108,100,0.53,0.4962228517469311,0.5748849956220046,0.5300000000000002
nfix,pond,probe,98,intercept_fit,1.0,-0.5958186107731241,100,0.46,0.4962228517469311,0.5632396459309833,0.4600000000000163
nfix,pond,ntp,98,intercept_fit,1.0,-0.5962293283451745,100,0.46,0.4962228517469311,0.5832444580489886,0.46000000000000013
nfix,pond,probe,99,intercept_fit,1.0,-0.6382813978439198,100,0.46,0.4962228517469311,0.5785743740253099,0.46
nfix,pond,ntp,99,intercept_fit,1.0,-0.5534168256161582,100,0.46,0.4962228517469311,0.5779204244439609,0.460000000000001
nfix,nfix,probe,0,intercept_fit,1.0,-2.1587405938041955,100,0.25,0.4962228517469311,0.6473956737770823,0.24999999999997108
nfix,nfix,ntp,0,intercept_fit,1.0,-1.8211279414618748,100,0.25,0.4962228517469311,0.6072628443060338,0.2499999999999976
nfix,nfix,probe,1,intercept_fit,1.0,-1.331939256624108,100,0.35,0.4962228517469311,0.606983112801026,0.34999999999999626
nfix,nfix,ntp,1,intercept_fit,1.0,-1.3005324893337555,100,0.35,0.4962228517469311,0.6107306987035902,0.3499999999999624
nfix,nfix,probe,2,intercept_fit,1.0,-1.8186895869524269,100,0.25,0.4962228517469311,0.5724093766699955,0.25000000000000777
nfix,nfix,ntp,2,intercept_fit,1.0,-1.9007979535304962,100,0.25,0.4962228517469311,0.6114240535041152,0.24999999999999992
nfix,nfix,probe,3,intercept_fit,1.0,-1.4326358657227956,100,0.24,0.4962228517469311,0.49414020449659257,0.23999999999999982
nfix,nfix,ntp,3,intercept_fit,1.0,-1.8291716252827492,100,0.24,0.4962228517469311,0.5829494659458578,0.23999999999999896
nfix,nfix,probe,4,intercept_fit,1.0,-1.0432397861426816,100,0.36,0.4962228517469311,0.5633383151457304,0.35999999999999976
nfix,nfix,ntp,4,intercept_fit,1.0,-1.133026177853264,100,0.36,0.4962228517469311,0.5927304221494694,0.3600000000000794
nfix,nfix,probe,5,intercept_fit,1.0,-0.9784576818831664,100,0.35,0.4962228517469311,0.520088036272578,0.3500000000000001
nfix,nfix,ntp,5,intercept_fit,1.0,-1.3213392271660462,100,0.35,0.4962228517469311,0.610160724339428,0.3499999999999879
nfix,nfix,probe,6,intercept_fit,1.0,-1.363379385555617,100,0.31,0.4962228517469311,0.573462000800206,0.30999999999999994
nfix,nfix,ntp,6,intercept_fit,1.0,-1.4741234170330102,100,0.31,0.4962228517469311,0.604451788815932,0.31
nfix,nfix,probe,7,intercept_fit,1.0,-1.4115984258058523,100,0.23,0.4962228517469311,0.4740995178837477,0.22999999999997542
nfix,nfix,ntp,7,intercept_fit,1.0,-1.8129587116391892,100,0.23,0.4962228517469311,0.5750578106547991,0.22999999999995618
nfix,nfix,probe,8,intercept_fit,1.0,-1.192736943910641,100,0.32,0.4962228517469311,0.5441853548498969,0.31999999999994677
nfix,nfix,ntp,8,intercept_fit,1.0,-1.5768559271755977,100,0.32,0.4962228517469311,0.6264304543097783,0.3199999999999136
nfix,nfix,probe,9,intercept_fit,1.0,-2.0476088745181933,100,0.23,0.4962228517469311,0.5888892289614739,0.2299999999999908
nfix,nfix,ntp,9,intercept_fit,1.0,-1.7018828334780818,100,0.23,0.4962228517469311,0.5658037479680315,0.23
nfix,nfix,probe,10,intercept_fit,1.0,-2.264461809011203,100,0.23,0.4962228517469311,0.6261966501630702,0.23
nfix,nfix,ntp,10,intercept_fit,1.0,-1.7180073605212527,100,0.23,0.4962228517469311,0.5587294005544298,0.2300000000000419
nfix,nfix,probe,11,intercept_fit,1.0,-1.6358558952889888,100,0.26,0.4962228517469311,0.5925051373866355,0.26000000000000123
nfix,nfix,ntp,11,intercept_fit,1.0,-1.941299735746594,100,0.26,0.4962228517469311,0.6372012427658101,0.25999999999999995
nfix,nfix,probe,12,intercept_fit,1.0,-1.5867142834140664,100,0.29,0.4962228517469311,0.5933781841392741,0.28999999999999987
nfix,nfix,ntp,12,intercept_fit,1.0,-1.6589090480409476,100,0.29,0.4962228517469311,0.6100077484247981,0.29
nfix,nfix,probe,13,intercept_fit,1.0,-1.68146501626799,100,0.27,0.4962228517469311,0.5783712177418969,0.26999999999999996
nfix,nfix,ntp,13,intercept_fit,1.0,-1.4147702374182487,100,0.27,0.4962228517469311,0.5595055008690103,0.2699999999999776
nfix,nfix,probe,14,intercept_fit,1.0,-2.127847061289479,100,0.25,0.4962228517469311,0.6094055999664625,0.2500000000000035
nfix,nfix,ntp,14,intercept_fit,1.0,-2.0439217807057157,100,0.25,0.4962228517469311,0.6345989343305383,0.24999999999999997
nfix,nfix,probe,15,intercept_fit,1.0,-1.3207617035428043,100,0.28,0.4962228517469311,0.5311228154121231,0.2800000000000001
nfix,nfix,ntp,15,intercept_fit,1.0,-1.6488513394379176,100,0.28,0.4962228517469311,0.6022782491426809,0.28
nfix,nfix,probe,16,intercept_fit,1.0,-2.1685370156837345,100,0.22,0.4962228517469311,0.6265135601173125,0.22000000000000003
nfix,nfix,ntp,16,intercept_fit,1.0,-1.8900885104414855,100,0.22,0.4962228517469311,0.5836855012907365,0.21999999999999992
nfix,nfix,probe,17,intercept_fit,1.0,-1.6585336406447297,100,0.3,0.4962228517469311,0.6045799884937404,0.3000000000000018
nfix,nfix,ntp,17,intercept_fit,1.0,-1.5050347698495252,100,0.3,0.4962228517469311,0.5976030968919476,0.3
nfix,nfix,probe,18,intercept_fit,1.0,-1.7901706400019965,100,0.22,0.4962228517469311,0.5145811510167829,0.22000000000000003
nfix,nfix,ntp,18,intercept_fit,1.0,-2.14324159782184,100,0.22,0.4962228517469311,0.6189014684741994,0.2199999999999938
nfix,nfix,probe,19,intercept_fit,1.0,-2.135413019587099,100,0.22,0.4962228517469311,0.6053532455261553,0.21999999999994693
nfix,nfix,ntp,19,intercept_fit,1.0,-1.9439964706054984,100,0.22,0.4962228517469311,0.5867286751361422,0.21999999999991235
nfix,nfix,probe,20,intercept_fit,1.0,-0.9895047305870449,100,0.35,0.4962228517469311,0.5363897358617689,0.3499999999999393
nfix,nfix,ntp,20,intercept_fit,1.0,-1.2594184838683848,100,0.35,0.4962228517469311,0.6005986781730911,0.349999999999962
nfix,nfix,probe,21,intercept_fit,1.0,-1.8620984998389176,100,0.28,0.4962228517469311,0.6238104478040588,0.2800000000000001
nfix,nfix,ntp,21,intercept_fit,1.0,-1.6893947733327839,100,0.28,0.4962228517469311,0.607554283496149,0.2800000000000001
nfix,nfix,probe,22,intercept_fit,1.0,-2.470141827511809,100,0.17,0.4962228517469311,0.5792260260499108,0.17
nfix,nfix,ntp,22,intercept_fit,1.0,-2.450886695689206,100,0.17,0.4962228517469311,0.6052104530196423,0.1699999999999748
nfix,nfix,probe,23,intercept_fit,1.0,-1.721755039321264,100,0.31,0.4962228517469311,0.6235172783939106,0.31
nfix,nfix,ntp,23,intercept_fit,1.0,-1.5340772428460585,100,0.31,0.4962228517469311,0.6089865959471473,0.31
nfix,nfix,probe,24,intercept_fit,1.0,-1.57677551623968,100,0.26,0.4962228517469311,0.577010542931925,0.2600000000000066
nfix,nfix,ntp,24,intercept_fit,1.0,-1.9801286720989835,100,0.26,0.4962228517469311,0.6429692678635714,0.26
nfix,nfix,probe,25,intercept_fit,1.0,-1.266745087469069,100,0.24,0.4962228517469311,0.4580611699374557,0.24000000000000007
nfix,nfix,ntp,25,intercept_fit,1.0,-1.5754712886312883,100,0.24,0.4962228517469311,0.5462002980292116,0.24000000000003208
nfix,nfix,probe,26,intercept_fit,1.0,-2.8090548827394817,100,0.17,0.4962228517469311,0.6447507063638577,0.16999999999999993
nfix,nfix,ntp,26,intercept_fit,1.0,-2.208225309778028,100,0.17,0.4962228517469311,0.5737239065067558,0.17
nfix,nfix,probe,27,intercept_fit,1.0,-2.1827559232893625,100,0.23,0.4962228517469311,0.6290737200806285,0.22999999999999995
nfix,nfix,ntp,27,intercept_fit,1.0,-1.965583345724256,100,0.23,0.4962228517469311,0.6053237374704853,0.22999999999998783
nfix,nfix,probe,28,intercept_fit,1.0,-2.3265085987618948,100,0.24,0.4962228517469311,0.6896691228217747,0.24000000000004487
nfix,nfix,ntp,28,intercept_fit,1.0,-2.1778085277848156,100,0.24,0.4962228517469311,0.6573837548902737,0.23999999999999982
nfix,nfix,probe,29,intercept_fit,1.0,-1.8167476880120266,100,0.26,0.4962228517469311,0.5788186068500144,0.26000000000000006
nfix,nfix,ntp,29,intercept_fit,1.0,-1.7570527171993218,100,0.26,0.4962228517469311,0.5951356618603014,0.26
nfix,nfix,probe,30,intercept_fit,1.0,-1.03533695523207,100,0.29,0.4962228517469311,0.481219368314585,0.29
nfix,nfix,ntp,30,intercept_fit,1.0,-1.610564036310573,100,0.29,0.4962228517469311,0.6024778059737647,0.29
nfix,nfix,probe,31,intercept_fit,1.0,-1.2111765891053556,100,0.27,0.4962228517469311,0.48607585941466575,0.2700000000000009
nfix,nfix,ntp,31,intercept_fit,1.0,-1.51314190715503,100,0.27,0.4962228517469311,0.5677188069182388,0.2699999999999994
nfix,nfix,probe,32,intercept_fit,1.0,-1.061905358122299,100,0.36,0.4962228517469311,0.585986562372063,0.35999999999999177
nfix,nfix,ntp,32,intercept_fit,1.0,-1.4552159059482115,100,0.36,0.4962228517469311,0.6455824792627288,0.35999999999999965
nfix,nfix,probe,33,intercept_fit,1.0,-1.2777531570511924,100,0.31,0.4962228517469311,0.5589152641340465,0.3100000000000115
nfix,nfix,ntp,33,intercept_fit,1.0,-1.5778556810541047,100,0.31,0.4962228517469311,0.6192184411927469,0.31000000000000005
nfix,nfix,probe,34,intercept_fit,1.0,-1.638865916241407,100,0.23,0.4962228517469311,0.5301978612068511,0.23000000000000004
nfix,nfix,ntp,34,intercept_fit,1.0,-1.7560731339749838,100,0.23,0.4962228517469311,0.5680822023828547,0.23000000000003504
nfix,nfix,probe,35,intercept_fit,1.0,-1.7922907151167997,100,0.31,0.4962228517469311,0.6503683118878625,0.31
nfix,nfix,ntp,35,intercept_fit,1.0,-1.6642691417358155,100,0.31,0.4962228517469311,0.6333890936509635,0.3100000000000159
nfix,nfix,probe,36,intercept_fit,1.0,-1.3110533089459782,100,0.34,0.4962228517469311,0.5845600021858056,0.3399999999999999
nfix,nfix,ntp,36,intercept_fit,1.0,-1.352973463359458,100,0.34,0.4962228517469311,0.6088402770729776,0.33999999999992875
nfix,nfix,probe,37,intercept_fit,1.0,-1.8809329202611471,100,0.22,0.4962228517469311,0.552347428736928,0.21999999999999997
nfix,nfix,ntp,37,intercept_fit,1.0,-1.8730064132834376,100,0.22,0.4962228517469311,0.5709762919819734,0.22000000000009465
nfix,nfix,probe,38,intercept_fit,1.0,-1.8981666692923578,100,0.17,0.4962228517469311,0.498692194476997,0.16999999999999993
nfix,nfix,ntp,38,intercept_fit,1.0,-2.398656860083674,100,0.17,0.4962228517469311,0.6042903747750173,0.17
nfix,nfix,probe,39,intercept_fit,1.0,-1.96087804115354,100,0.28,0.4962228517469311,0.6529749682474705,0.2800000000000001
nfix,nfix,ntp,39,intercept_fit,1.0,-1.657509236841829,100,0.28,0.4962228517469311,0.6040984601681776,0.27999999999999986
nfix,nfix,probe,40,intercept_fit,1.0,-1.9664130169903198,100,0.22,0.4962228517469311,0.5503245827510145,0.21999999999999997
nfix,nfix,ntp,40,intercept_fit,1.0,-1.9773930725879196,100,0.22,0.4962228517469311,0.5948990852754351,0.2199999999999103
nfix,nfix,probe,41,intercept_fit,1.0,-1.910454987615087,100,0.27,0.4962228517469311,0.6051040967175764,0.27
nfix,nfix,ntp,41,intercept_fit,1.0,-1.7861663412332447,100,0.27,0.4962228517469311,0.6141987026193244,0.27
nfix,nfix,probe,42,intercept_fit,1.0,-1.9787060237931735,100,0.26,0.4962228517469311,0.611087788667634,0.2600000000000645
nfix,nfix,ntp,42,intercept_fit,1.0,-1.5956142106407176,100,0.26,0.4962228517469311,0.5793498768614488,0.2599999999999918
nfix,nfix,probe,43,intercept_fit,1.0,-1.99559483316967,100,0.22,0.4962228517469311,0.5697284593826696,0.21999999999999992
nfix,nfix,ntp,43,intercept_fit,1.0,-2.0003279112530676,100,0.22,0.4962228517469311,0.6001048488994666,0.2199999999999158
nfix,nfix,probe,44,intercept_fit,1.0,-1.529721323849953,100,0.26,0.4962228517469311,0.5738309189371089,0.2600000000000006
nfix,nfix,ntp,44,intercept_fit,1.0,-1.858997582918384,100,0.26,0.4962228517469311,0.6157878487493547,0.26
nfix,nfix,probe,45,intercept_fit,1.0,-1.8201692162521936,100,0.28,0.4962228517469311,0.6080345204761598,0.2800000000000001
nfix,nfix,ntp,45,intercept_fit,1.0,-1.6104244341441243,100,0.28,0.4962228517469311,0.5962474954627309,0.28
nfix,nfix,probe,46,intercept_fit,1.0,-2.184524069686628,100,0.31,0.4962228517469311,0.7049293567776939,0.30999999999998906
nfix,nfix,ntp,46,intercept_fit,1.0,-1.6669419375105223,100,0.31,0.4962228517469311,0.6399408579052814,0.31
nfix,nfix,probe,47,intercept_fit,1.0,-1.806336927409832,100,0.31,0.4962228517469311,0.665453603750587,0.31000000000000294
nfix,nfix,ntp,47,intercept_fit,1.0,-1.6887894523601903,100,0.31,0.4962228517469311,0.6431798090486113,0.31
nfix,nfix,probe,48,intercept_fit,1.0,-1.6831022240153235,100,0.28,0.4962228517469311,0.5923959163139699,0.2800000000000001
nfix,nfix,ntp,48,intercept_fit,1.0,-1.6681712514654274,100,0.28,0.4962228517469311,0.6031360263173248,0.28
nfix,nfix,probe,49,intercept_fit,1.0,-1.4859313266849723,100,0.25,0.4962228517469311,0.5440294544921602,0.24999999999999997
nfix,nfix,ntp,49,intercept_fit,1.0,-1.843898732930431,100,0.25,0.4962228517469311,0.5961641987384416,0.2499999999999999
nfix,nfix,probe,50,intercept_fit,1.0,-1.429014932319519,100,0.33,0.4962228517469311,0.5917692810062406,0.32999999999989543
nfix,nfix,ntp,50,intercept_fit,1.0,-1.5075249016026715,100,0.33,0.4962228517469311,0.6238501122005304,0.32999999999996565
nfix,nfix,probe,51,intercept_fit,1.0,-1.5631529755376845,100,0.22,0.4962228517469311,0.5081185134277612,0.21999999999999933
nfix,nfix,ntp,51,intercept_fit,1.0,-2.056003635709372,100,0.22,0.4962228517469311,0.6073698819558182,0.2199999999999723
nfix,nfix,probe,52,intercept_fit,1.0,-2.163885814732511,100,0.35,0.4962228517469311,0.7574220228588509,0.35000000000000014
nfix,nfix,ntp,52,intercept_fit,1.0,-1.4028176480435512,100,0.35,0.4962228517469311,0.6299127337335061,0.3499999999999903
nfix,nfix,probe,53,intercept_fit,1.0,-2.2149040717172874,100,0.19,0.4962228517469311,0.576092125817536,0.18999999999999997
nfix,nfix,ntp,53,intercept_fit,1.0,-2.1788433962836184,100,0.19,0.4962228517469311,0.5868706801459495,0.19000000000000003
nfix,nfix,probe,54,intercept_fit,1.0,-1.9955575559958125,100,0.21,0.4962228517469311,0.587151582832248,0.21000000000000005
nfix,nfix,ntp,54,intercept_fit,1.0,-2.234852671430473,100,0.21,0.4962228517469311,0.6284446600803897,0.20999999999995847
nfix,nfix,probe,55,intercept_fit,1.0,-1.843401053635296,100,0.32,0.4962228517469311,0.6499849524710589,0.31999999999996864
nfix,nfix,ntp,55,intercept_fit,1.0,-1.373581205014202,100,0.32,0.4962228517469311,0.5932678901384982,0.31999999999999995
nfix,nfix,probe,56,intercept_fit,1.0,-2.3492794097598133,100,0.19,0.4962228517469311,0.6040917491934649,0.18999999999999875
nfix,nfix,ntp,56,intercept_fit,1.0,-2.2412554806534417,100,0.19,0.4962228517469311,0.6066117913993465,0.18999999999999997
nfix,nfix,probe,57,intercept_fit,1.0,-2.113636631118847,100,0.25,0.4962228517469311,0.6194271138923519,0.2500000000000318
nfix,nfix,ntp,57,intercept_fit,1.0,-1.9084441009444344,100,0.25,0.4962228517469311,0.6124319588305019,0.24999999999999997
nfix,nfix,probe,58,intercept_fit,1.0,-1.8993770739078768,100,0.26,0.4962228517469311,0.6166592137808137,0.2600000000000002
nfix,nfix,ntp,58,intercept_fit,1.0,-1.9259682412038177,100,0.26,0.4962228517469311,0.6217779245501819,0.25999999999999995
nfix,nfix,probe,59,intercept_fit,1.0,-1.0554116409823215,100,0.32,0.4962228517469311,0.5251850009458985,0.31999999999999995
nfix,nfix,ntp,59,intercept_fit,1.0,-1.7252926859558912,100,0.32,0.4962228517469311,0.6519520690467295,0.3199999999999872
nfix,nfix,probe,60,intercept_fit,1.0,-2.051568758596409,100,0.18,0.4962228517469311,0.5164418359202664,0.18000000000000005
nfix,nfix,ntp,60,intercept_fit,1.0,-2.221078830490133,100,0.18,0.4962228517469311,0.5867604570940563,0.18000000000000005
nfix,nfix,probe,61,intercept_fit,1.0,-1.282396839442095,100,0.3,0.4962228517469311,0.5412440849624602,0.3
nfix,nfix,ntp,61,intercept_fit,1.0,-1.575284912381943,100,0.3,0.4962228517469311,0.6048644684439741,0.3
nfix,nfix,probe,62,intercept_fit,1.0,-2.129925862570648,100,0.21,0.4962228517469311,0.5843106421597316,0.20999999999999955
nfix,nfix,ntp,62,intercept_fit,1.0,-2.1243276073299953,100,0.21,0.4962228517469311,0.6091134713686699,0.21000000000007668
nfix,nfix,probe,63,intercept_fit,1.0,-2.9400799293664486,100,0.17,0.4962228517469311,0.6947331579839837,0.17000000000000004
nfix,nfix,ntp,63,intercept_fit,1.0,-2.565317996243707,100,0.17,0.4962228517469311,0.6352279967008019,0.16999999999994794
nfix,nfix,probe,64,intercept_fit,1.0,-1.5798762130832422,100,0.25,0.4962228517469311,0.525816661055834,0.24999999999999997
nfix,nfix,ntp,64,intercept_fit,1.0,-1.6869701218398616,100,0.25,0.4962228517469311,0.5778914867019951,0.24999999999999506
nfix,nfix,probe,65,intercept_fit,1.0,-1.644872199884824,100,0.27,0.4962228517469311,0.600935032403957,0.2700000000000007
nfix,nfix,ntp,65,intercept_fit,1.0,-1.954509179005729,100,0.27,0.4962228517469311,0.6418000754329679,0.26999999999999996
nfix,nfix,probe,66,intercept_fit,1.0,-1.4935968514108295,100,0.26,0.4962228517469311,0.5117965718488224,0.2600000000000006
nfix,nfix,ntp,66,intercept_fit,1.0,-1.8603709482759458,100,0.26,0.4962228517469311,0.6127159043940386,0.25999999999999995
nfix,nfix,probe,67,intercept_fit,1.0,-1.7309403164335928,100,0.29,0.4962228517469311,0.6218600679051882,0.29000000000001797
nfix,nfix,ntp,67,intercept_fit,1.0,-1.8171178352559583,100,0.29,0.4962228517469311,0.6380585291904951,0.29
nfix,nfix,probe,68,intercept_fit,1.0,-2.2573270831627403,100,0.25,0.4962228517469311,0.6682562050782375,0.24999999999987435
nfix,nfix,ntp,68,intercept_fit,1.0,-1.7323708497625592,100,0.25,0.4962228517469311,0.5913468562870631,0.2499999999999925
nfix,nfix,probe,69,intercept_fit,1.0,-1.3797205845980642,100,0.32,0.4962228517469311,0.580684701145005,0.32000000000005085
nfix,nfix,ntp,69,intercept_fit,1.0,-1.610584932410548,100,0.32,0.4962228517469311,0.6325604794849725,0.3199999999999424
nfix,nfix,probe,70,intercept_fit,1.0,-1.3291051416890947,100,0.29,0.4962228517469311,0.5405280355192001,0.28999999999999987
nfix,nfix,ntp,70,intercept_fit,1.0,-1.6364828590259084,100,0.29,0.4962228517469311,0.6061959032708963,0.2900000000000001
nfix,nfix,probe,71,intercept_fit,1.0,-1.8612936742928143,100,0.22,0.4962228517469311,0.5553399577770564,0.21999999999999048
nfix,nfix,ntp,71,intercept_fit,1.0,-1.9121047600375092,100,0.22,0.4962228517469311,0.5798102500680711,0.21999999999990813
nfix,nfix,probe,72,intercept_fit,1.0,-1.1468093983577439,100,0.31,0.4962228517469311,0.5292981331188844,0.30999999999999855
nfix,nfix,ntp,72,intercept_fit,1.0,-1.3243140924749246,100,0.31,0.4962228517469311,0.5751796441868072,0.31
nfix,nfix,probe,73,intercept_fit,1.0,-1.4147679879377502,100,0.3,0.4962228517469311,0.5621897684364298,0.30000000000000715
nfix,nfix,ntp,73,intercept_fit,1.0,-1.5696510835215705,100,0.3,0.4962228517469311,0.6084883123821669,0.3
nfix,nfix,probe,74,intercept_fit,1.0,-1.513880453220033,100,0.24,0.4962228517469311,0.519440115971196,0.23999999999999996
nfix,nfix,ntp,74,intercept_fit,1.0,-1.822499397405178,100,0.24,0.4962228517469311,0.5878829154960994,0.23999999999999594
nfix,nfix,probe,75,intercept_fit,1.0,-1.8529158060164679,100,0.32,0.4962228517469311,0.6470993457672877,0.31999999999998363
nfix,nfix,ntp,75,intercept_fit,1.0,-1.575659725291576,100,0.32,0.4962228517469311,0.6279061067508589,0.32000000000011253
nfix,nfix,probe,76,intercept_fit,1.0,-1.7366122166065892,100,0.21,0.4962228517469311,0.5117270023747451,0.20999999999999908
nfix,nfix,ntp,76,intercept_fit,1.0,-2.1322580342015174,100,0.21,0.4962228517469311,0.6057506481076897,0.20999999999993382
nfix,nfix,probe,77,intercept_fit,1.0,-2.331097533777244,100,0.28,0.4962228517469311,0.6959542189961938,0.28
nfix,nfix,ntp,77,intercept_fit,1.0,-1.7720715018247009,100,0.28,0.4962228517469311,0.6280145312372902,0.28
nfix,nfix,probe,78,intercept_fit,1.0,-1.6884848310962182,100,0.35,0.4962228517469311,0.6668635000525986,0.3499999999999987
nfix,nfix,ntp,78,intercept_fit,1.0,-1.5142556899567066,100,0.35,0.4962228517469311,0.6441100587095778,0.3499999999999993
nfix,nfix,probe,79,intercept_fit,1.0,-1.4980278326793866,100,0.21,0.4962228517469311,0.4680971334065157,0.20999999999998678
nfix,nfix,ntp,79,intercept_fit,1.0,-2.0354235529434073,100,0.21,0.4962228517469311,0.5877979634833688,0.2100000000000486
nfix,nfix,probe,80,intercept_fit,1.0,-1.3680396579850662,100,0.27,0.4962228517469311,0.5436468670120914,0.2699999999999998
nfix,nfix,ntp,80,intercept_fit,1.0,-1.6381628062987732,100,0.27,0.4962228517469311,0.5903780517251381,0.26999999999999985
nfix,nfix,probe,81,intercept_fit,1.0,-1.9450577660648065,100,0.22,0.4962228517469311,0.5518378228818572,0.21999999999999617
nfix,nfix,ntp,81,intercept_fit,1.0,-1.91332409195397,100,0.22,0.4962228517469311,0.5853647251939568,0.22000000000000003
nfix,nfix,probe,82,intercept_fit,1.0,-1.5159343997387171,100,0.38,0.4962228517469311,0.6615929942248461,0.37999999999999995
nfix,nfix,ntp,82,intercept_fit,1.0,-1.2334439032117979,100,0.38,0.4962228517469311,0.6221453180461514,0.3799999999999998
nfix,nfix,probe,83,intercept_fit,1.0,-2.0748833353263336,100,0.18,0.4962228517469311,0.5276688105240686,0.18
nfix,nfix,ntp,83,intercept_fit,1.0,-2.317913721853454,100,0.18,0.4962228517469311,0.5966196569313198,0.18
nfix,nfix,probe,84,intercept_fit,1.0,-2.1964567309176175,100,0.23,0.4962228517469311,0.5990162124662536,0.23000000000005738
nfix,nfix,ntp,84,intercept_fit,1.0,-2.0167221043195602,100,0.23,0.4962228517469311,0.6039408380077674,0.22999999999999887
nfix,nfix,probe,85,intercept_fit,1.0,-1.383418392185555,100,0.34,0.4962228517469311,0.6079114798424374,0.34
nfix,nfix,ntp,85,intercept_fit,1.0,-1.415754569581927,100,0.34,0.4962228517469311,0.6168707606454575,0.33999999999998226
nfix,nfix,probe,86,intercept_fit,1.0,-2.1922141497009875,100,0.22,0.4962228517469311,0.6177522339471438,0.22000000000000003
nfix,nfix,ntp,86,intercept_fit,1.0,-1.8873508276382385,100,0.22,0.4962228517469311,0.5836512987450683,0.22000000000000003
nfix,nfix,probe,87,intercept_fit,1.0,-2.3792319450201167,100,0.21,0.4962228517469311,0.6332330857561532,0.20999999999999197
nfix,nfix,ntp,87,intercept_fit,1.0,-2.1554673793542345,100,0.21,0.4962228517469311,0.616942285282722,0.21000000000007998
nfix,nfix,probe,88,intercept_fit,1.0,-1.6287562314964656,100,0.3,0.4962228517469311,0.6025196257494605,0.3000000000000003
nfix,nfix,ntp,88,intercept_fit,1.0,-1.6629937968142279,100,0.3,0.4962228517469311,0.6219946592291806,0.30000000000000004
nfix,nfix,probe,89,intercept_fit,1.0,-1.5062801058763886,100,0.25,0.4962228517469311,0.5291559982361758,0.25000000000000094
nfix,nfix,ntp,89,intercept_fit,1.0,-1.825065325352064,100,0.25,0.4962228517469311,0.6033278783941116,0.2499999999999991
nfix,nfix,probe,90,intercept_fit,1.0,-2.4891317402857354,100,0.23,0.4962228517469311,0.6796811047060528,0.23000000000000057
nfix,nfix,ntp,90,intercept_fit,1.0,-2.0236596735602843,100,0.23,0.4962228517469311,0.6141742830841919,0.22999999999999507
nfix,nfix,probe,91,intercept_fit,1.0,-1.221600211734527,100,0.29,0.4962228517469311,0.5086926813173807,0.29
nfix,nfix,ntp,91,intercept_fit,1.0,-1.6299901036428346,100,0.29,0.4962228517469311,0.6072362401650857,0.29
nfix,nfix,probe,92,intercept_fit,1.0,-1.1945815049548139,100,0.35,0.4962228517469311,0.5857728860174096,0.34999999999997883
nfix,nfix,ntp,92,intercept_fit,1.0,-1.2031311226336312,100,0.35,0.4962228517469311,0.5917715243001008,0.35000000000008624
nfix,nfix,probe,93,intercept_fit,1.0,-1.6389875883529748,100,0.26,0.4962228517469311,0.5729802349623417,0.26000000000000006
nfix,nfix,ntp,93,intercept_fit,1.0,-1.6047692469956514,100,0.26,0.4962228517469311,0.5716185174938831,0.2599999999999991
nfix,nfix,probe,94,intercept_fit,1.0,-2.079022153073574,100,0.25,0.4962228517469311,0.6340182982521514,0.25000000000000006
nfix,nfix,ntp,94,intercept_fit,1.0,-1.736541804742566,100,0.25,0.4962228517469311,0.5866078482666153,0.2499999999999975
nfix,nfix,probe,95,intercept_fit,1.0,-1.2962957417966043,100,0.3,0.4962228517469311,0.548732367142274,0.3
nfix,nfix,ntp,95,intercept_fit,1.0,-1.3918014572931428,100,0.3,0.4962228517469311,0.5820599758820607,0.30000000000000004
nfix,nfix,probe,96,intercept_fit,1.0,-1.8564759988520418,100,0.24,0.4962228517469311,0.5854095544787532,0.24
nfix,nfix,ntp,96,intercept_fit,1.0,-2.1360248301765536,100,0.24,0.4962228517469311,0.640926997377663,0.23999999999999988
nfix,nfix,probe,97,intercept_fit,1.0,-1.1400579506763087,100,0.31,0.4962228517469311,0.5294891113457144,0.30999999999999994
nfix,nfix,ntp,97,intercept_fit,1.0,-1.8680081409993714,100,0.31,0.4962228517469311,0.669725512101028,0.30999999999997585
nfix,nfix,probe,98,intercept_fit,1.0,-1.8243468045048132,100,0.27,0.4962228517469311,0.6063163942354769,0.27
nfix,nfix,ntp,98,intercept_fit,1.0,-1.9226731826082133,100,0.27,0.4962228517469311,0.6374290309022261,0.27
nfix,nfix,probe,99,intercept_fit,1.0,-2.379533248876917,100,0.21,0.4962228517469311,0.6143843249485637,0.20999999999999996
nfix,nfix,ntp,99,intercept_fit,1.0,-2.1812656441017233,100,0.21,0.4962228517469311,0.6200431780933934,0.20999999999991395
nfix,supermat,probe,0,intercept_fit,1.0,-2.2340569778004467,100,0.26,0.4962228517469311,0.6402570201570361,0.2600000000000115
nfix,supermat,ntp,0,intercept_fit,1.0,-1.1816687646273083,100,0.26,0.4962228517469311,0.5024077763785931,0.26000000000000006
nfix,supermat,probe,1,intercept_fit,1.0,-2.1566686689020957,100,0.26,0.4962228517469311,0.6283351703398439,0.26000000000000023
nfix,supermat,ntp,1,intercept_fit,1.0,-1.2290253051357674,100,0.26,0.4962228517469311,0.5102586086256895,0.26
nfix,supermat,probe,2,intercept_fit,1.0,-0.8905828607631279,100,0.39,0.4962228517469311,0.5629794182816026,0.389999999999993
nfix,supermat,ntp,2,intercept_fit,1.0,-0.6657647319630794,100,0.39,0.4962228517469311,0.5328814254514275,0.39000000000000007
nfix,supermat,probe,3,intercept_fit,1.0,-1.1941657486210118,100,0.35,0.4962228517469311,0.5683068679873948,0.35
nfix,supermat,ntp,3,intercept_fit,1.0,-0.8704631251133089,100,0.35,0.4962228517469311,0.5334013896831826,0.3500000000000001
nfix,supermat,probe,4,intercept_fit,1.0,-1.1941726247591262,100,0.36,0.4962228517469311,0.5754840145288249,0.35999999999999993
nfix,supermat,ntp,4,intercept_fit,1.0,-0.7340280945954974,100,0.36,0.4962228517469311,0.5198830270729602,0.36000000000000043
nfix,supermat,probe,5,intercept_fit,1.0,-1.2974108987158448,100,0.42,0.4962228517469311,0.6433770266076642,0.42
nfix,supermat,ntp,5,intercept_fit,1.0,-0.4638146423809228,100,0.42,0.4962228517469311,0.5227750229624355,0.4200000000000001
nfix,supermat,probe,6,intercept_fit,1.0,-2.0704345895056266,100,0.25,0.4962228517469311,0.6141467135699732,0.25000000000003925
nfix,supermat,ntp,6,intercept_fit,1.0,-1.3044976592305126,100,0.25,0.4962228517469311,0.5148947672877702,0.25000000000000006
nfix,supermat,probe,7,intercept_fit,1.0,-1.1044910339831846,100,0.38,0.4962228517469311,0.5916859876141737,0.37999999999999995
nfix,supermat,ntp,7,intercept_fit,1.0,-0.6608833767450654,100,0.38,0.4962228517469311,0.5242054604685685,0.3800000000000001
nfix,supermat,probe,8,intercept_fit,1.0,-2.052667427480234,100,0.24,0.4962228517469311,0.606867311248141,0.23999999999999988
nfix,supermat,ntp,8,intercept_fit,1.0,-1.1647577049001125,100,0.24,0.4962228517469311,0.48324334527679164,0.24000000000000005
nfix,supermat,probe,9,intercept_fit,1.0,-1.0569059967694643,100,0.4,0.4962228517469311,0.604111330474319,0.39999999999999963
nfix,supermat,ntp,9,intercept_fit,1.0,-0.6991627329203663,100,0.4,0.4962228517469311,0.5480664371621906,0.4
nfix,supermat,probe,10,intercept_fit,1.0,-1.8921917127083663,100,0.34,0.4962228517469311,0.6796544379145506,0.3399999999999597
nfix,supermat,ntp,10,intercept_fit,1.0,-1.057361794063072,100,0.34,0.4962228517469311,0.5585882466876045,0.33999999999999986
nfix,supermat,probe,11,intercept_fit,1.0,-0.8772045321859077,100,0.44,0.4962228517469311,0.6044143299875955,0.44
nfix,supermat,ntp,11,intercept_fit,1.0,-0.391010362058604,100,0.44,0.4962228517469311,0.5269523697103259,0.43999999999999995
nfix,supermat,probe,12,intercept_fit,1.0,-1.7445053106664672,100,0.32,0.4962228517469311,0.6434549313109496,0.3199999999999999
nfix,supermat,ntp,12,intercept_fit,1.0,-0.8933089487297337,100,0.32,0.4962228517469311,0.5104193665152397,0.31999999999999895
nfix,supermat,probe,13,intercept_fit,1.0,-0.795349220573949,100,0.46,0.4962228517469311,0.6184329529142902,0.46000000000001084
nfix,supermat,ntp,13,intercept_fit,1.0,-0.38462498393947225,100,0.46,0.4962228517469311,0.5435010658997765,0.4599999999999971
nfix,supermat,probe,14,intercept_fit,1.0,-2.0644426820816157,100,0.31,0.4962228517469311,0.6848274557628043,0.30999999999999994
nfix,supermat,ntp,14,intercept_fit,1.0,-1.1450633859666839,100,0.31,0.4962228517469311,0.5444113423833042,0.30999999999999994
nfix,supermat,probe,15,intercept_fit,1.0,-0.7791615651170826,100,0.53,0.4962228517469311,0.6701314295746086,0.5299999999999995
nfix,supermat,ntp,15,intercept_fit,1.0,-0.14226721186579472,100,0.53,0.4962228517469311,0.5603752008931283,0.5300000000000005
nfix,supermat,probe,16,intercept_fit,1.0,-1.8294581210068315,100,0.29,0.4962228517469311,0.6031536154416398,0.2900000000000003
nfix,supermat,ntp,16,intercept_fit,1.0,-1.146339192872317,100,0.29,0.4962228517469311,0.5247053911540185,0.2899999999999954
nfix,supermat,probe,17,intercept_fit,1.0,-2.1048951458919554,100,0.23,0.4962228517469311,0.6013576949161299,0.2299999999998995
nfix,supermat,ntp,17,intercept_fit,1.0,-1.341290510766574,100,0.23,0.4962228517469311,0.5011138363210061,0.23
nfix,supermat,probe,18,intercept_fit,1.0,-1.74237946326844,100,0.29,0.4962228517469311,0.6006292426660598,0.29000000000000004
nfix,supermat,ntp,18,intercept_fit,1.0,-1.1509159606872637,100,0.29,0.4962228517469311,0.5271819591927879,0.28999999999999376
nfix,supermat,probe,19,intercept_fit,1.0,-0.9994183580152413,100,0.38,0.4962228517469311,0.5682601010211472,0.37999999999999995
nfix,supermat,ntp,19,intercept_fit,1.0,-0.7688407787330264,100,0.38,0.4962228517469311,0.5445205424146405,0.38000000000000006
nfix,supermat,probe,20,intercept_fit,1.0,-1.5654555133541461,100,0.34,0.4962228517469311,0.6336076072119492,0.34000000000000014
nfix,supermat,ntp,20,intercept_fit,1.0,-1.0342627540301215,100,0.34,0.4962228517469311,0.5544256463397101,0.34
nfix,supermat,probe,21,intercept_fit,1.0,-1.9203365356161128,100,0.3,0.4962228517469311,0.6351288904041096,0.30000000000000016
nfix,supermat,ntp,21,intercept_fit,1.0,-0.9621052039857672,100,0.3,0.4962228517469311,0.5049078350065609,0.2999999999999673
nfix,supermat,probe,22,intercept_fit,1.0,-1.9451348258820869,100,0.24,0.4962228517469311,0.5748484950658024,0.24
nfix,supermat,ntp,22,intercept_fit,1.0,-1.4575527627997857,100,0.24,0.4962228517469311,0.5271456139298316,0.24000000000000007
nfix,supermat,probe,23,intercept_fit,1.0,-1.5229736293530745,100,0.34,0.4962228517469311,0.6113774718668867,0.33999999999999986
nfix,supermat,ntp,23,intercept_fit,1.0,-0.7361563962499947,100,0.34,0.4962228517469311,0.5016444546708392,0.3400000000000091
nfix,supermat,probe,24,intercept_fit,1.0,-1.0269649659193523,100,0.34,0.4962228517469311,0.5267569184538161,0.3399999999999997
nfix,supermat,ntp,24,intercept_fit,1.0,-0.9013745102065981,100,0.34,0.4962228517469311,0.5314003220284907,0.3400000000000001
nfix,supermat,probe,25,intercept_fit,1.0,-1.3870144369519979,100,0.39,0.4962228517469311,0.6274246833008448,0.38999999999991347
nfix,supermat,ntp,25,intercept_fit,1.0,-0.6921477759376782,100,0.39,0.4962228517469311,0.5372899307484951,0.39000000000000007
nfix,supermat,probe,26,intercept_fit,1.0,-1.7242907736678703,100,0.33,0.4962228517469311,0.6319949335439587,0.33
nfix,supermat,ntp,26,intercept_fit,1.0,-0.757177581689395,100,0.33,0.4962228517469311,0.4965616680961718,0.33000000000002977
nfix,supermat,probe,27,intercept_fit,1.0,-0.9748794528221227,100,0.46,0.4962228517469311,0.6428163731952526,0.46
nfix,supermat,ntp,27,intercept_fit,1.0,-0.4394466966511922,100,0.46,0.4962228517469311,0.5542678107749043,0.4599999999999999
nfix,supermat,probe,28,intercept_fit,1.0,-1.1418581429654724,100,0.43,0.4962228517469311,0.6380329807761033,0.43
nfix,supermat,ntp,28,intercept_fit,1.0,-0.4362421037354445,100,0.43,0.4962228517469311,0.5268665611414216,0.43000000000000016
nfix,supermat,probe,29,intercept_fit,1.0,-2.485660935615279,100,0.26,0.4962228517469311,0.6894753304528526,0.2600000000000177
nfix,supermat,ntp,29,intercept_fit,1.0,-1.1986096845673309,100,0.26,0.4962228517469311,0.5060400615423988,0.26
nfix,supermat,probe,30,intercept_fit,1.0,-1.567545242362291,100,0.36,0.4962228517469311,0.6564557849999924,0.36
nfix,supermat,ntp,30,intercept_fit,1.0,-0.805841607620554,100,0.36,0.4962228517469311,0.532342039009858,0.3600000000000002
nfix,supermat,probe,31,intercept_fit,1.0,-1.1977800890273356,100,0.35,0.4962228517469311,0.5746146166627915,0.35000000000000014
nfix,supermat,ntp,31,intercept_fit,1.0,-0.7661671874831605,100,0.35,0.4962228517469311,0.5153204271741935,0.3500000000000016
nfix,supermat,probe,32,intercept_fit,1.0,-2.0926432749915143,100,0.28,0.4962228517469311,0.6384269832669373,0.2800000000000001
nfix,supermat,ntp,32,intercept_fit,1.0,-1.0701106153933426,100,0.28,0.4962228517469311,0.5030757794764426,0.28
nfix,supermat,probe,33,intercept_fit,1.0,-1.115372944542455,100,0.43,0.4962228517469311,0.6342938736078566,0.42999999999999994
nfix,supermat,ntp,33,intercept_fit,1.0,-0.5890808514429017,100,0.43,0.4962228517469311,0.5556086337331199,0.43
nfix,supermat,probe,34,intercept_fit,1.0,-1.1888172305277096,100,0.36,0.4962228517469311,0.570065336213084,0.3600000000000001
nfix,supermat,ntp,34,intercept_fit,1.0,-0.8685246756856629,100,0.36,0.4962228517469311,0.5422425437031938,0.36
nfix,supermat,probe,35,intercept_fit,1.0,-1.1962081119471868,100,0.4,0.4962228517469311,0.6243238444239986,0.4000000000000373
nfix,supermat,ntp,35,intercept_fit,1.0,-0.9661298835872374,100,0.4,0.4962228517469311,0.5931469244798001,0.39999999999999963
nfix,supermat,probe,36,intercept_fit,1.0,-2.220801020615909,100,0.22,0.4962228517469311,0.6183721413008663,0.21999999999990688
nfix,supermat,ntp,36,intercept_fit,1.0,-1.3494616355293896,100,0.22,0.4962228517469311,0.4918176570461244,0.22
nfix,supermat,probe,37,intercept_fit,1.0,-1.4075923576571334,100,0.4,0.4962228517469311,0.6478353944312956,0.3999999999999999
nfix,supermat,ntp,37,intercept_fit,1.0,-0.6521271394902289,100,0.4,0.4962228517469311,0.5396769337894316,0.4000000000000001
nfix,supermat,probe,38,intercept_fit,1.0,-2.139344436633725,100,0.24,0.4962228517469311,0.6142911048544238,0.24000000000000007
nfix,supermat,ntp,38,intercept_fit,1.0,-1.4999380579576085,100,0.24,0.4962228517469311,0.5335080481119107,0.24000000000000005
nfix,supermat,probe,39,intercept_fit,1.0,-1.3908660963816133,100,0.35,0.4962228517469311,0.6017445101922111,0.35000000000000014
nfix,supermat,ntp,39,intercept_fit,1.0,-0.9372146378144556,100,0.35,0.4962228517469311,0.5463120784573703,0.35
nfix,supermat,probe,40,intercept_fit,1.0,-1.5917475994801744,100,0.35,0.4962228517469311,0.6401993177593971,0.35
nfix,supermat,ntp,40,intercept_fit,1.0,-0.9052623195591981,100,0.35,0.4962228517469311,0.5411991057900616,0.3500000000000001
nfix,supermat,probe,41,intercept_fit,1.0,-1.050366800045448,100,0.42,0.4962228517469311,0.6055970502644594,0.42
nfix,supermat,ntp,41,intercept_fit,1.0,-0.5226648411548206,100,0.42,0.4962228517469311,0.5334247150601046,0.42000000000000015
nfix,supermat,probe,42,intercept_fit,1.0,-2.3248915643734165,100,0.3,0.4962228517469311,0.7192598761081903,0.30000000000000004
nfix,supermat,ntp,42,intercept_fit,1.0,-0.936894517844924,100,0.3,0.4962228517469311,0.5000074249040355,0.29999999999995397
nfix,supermat,probe,43,intercept_fit,1.0,-1.267146812381337,100,0.38,0.4962228517469311,0.6143816602306014,0.37999999999999995
nfix,supermat,ntp,43,intercept_fit,1.0,-0.7248528026405238,100,0.38,0.4962228517469311,0.5365229562618229,0.38
nfix,supermat,probe,44,intercept_fit,1.0,-1.1886096549396674,100,0.45,0.4962228517469311,0.6656769729456576,0.4499999999999998
nfix,supermat,ntp,44,intercept_fit,1.0,-0.40523627009611357,100,0.45,0.4962228517469311,0.5378251633780721,0.44999999999999984
nfix,supermat,probe,45,intercept_fit,1.0,-2.5754857817322954,100,0.23,0.4962228517469311,0.6381671295252793,0.22999999999999993
nfix,supermat,ntp,45,intercept_fit,1.0,-1.426809670930697,100,0.23,0.4962228517469311,0.510381010874287,0.22999999999996754
nfix,supermat,probe,46,intercept_fit,1.0,-1.6387390614972004,100,0.26,0.4962228517469311,0.5486374212562017,0.25999999999999834
nfix,supermat,ntp,46,intercept_fit,1.0,-1.1859320894206142,100,0.26,0.4962228517469311,0.5055001760929944,0.26
nfix,supermat,probe,47,intercept_fit,1.0,-1.1274966930608676,100,0.41,0.4962228517469311,0.6201773926259998,0.41
nfix,supermat,ntp,47,intercept_fit,1.0,-0.5153953117283011,100,0.41,0.4962228517469311,0.5236776240729014,0.41
nfix,supermat,probe,48,intercept_fit,1.0,-1.7135981952315251,100,0.35,0.4962228517469311,0.6522628887152273,0.34999999999995496
nfix,supermat,ntp,48,intercept_fit,1.0,-1.0026020173693229,100,0.35,0.4962228517469311,0.5558424218144971,0.3500000000000001
nfix,supermat,probe,49,intercept_fit,1.0,-1.5786179715890754,100,0.29,0.4962228517469311,0.5566623569036008,0.2900000000000002
nfix,supermat,ntp,49,intercept_fit,1.0,-0.9915429471269519,100,0.29,0.4962228517469311,0.5006822631134881,0.29000000000002113
nfix,supermat,probe,50,intercept_fit,1.0,-2.260548124994192,100,0.26,0.4962228517469311,0.6349075684635044,0.26000000000001056
nfix,supermat,ntp,50,intercept_fit,1.0,-1.28893654488058,100,0.26,0.4962228517469311,0.5218549848515155,0.26
nfix,supermat,probe,51,intercept_fit,1.0,-1.567937368225884,100,0.25,0.4962228517469311,0.509939855465808,0.24999999999999908
nfix,supermat,ntp,51,intercept_fit,1.0,-1.2666911631065056,100,0.25,0.4962228517469311,0.5071250834053835,0.25
nfix,supermat,probe,52,intercept_fit,1.0,-2.5429019294492985,100,0.24,0.4962228517469311,0.6755964307594593,0.24000000000000005
nfix,supermat,ntp,52,intercept_fit,1.0,-1.2987827065047581,100,0.24,0.4962228517469311,0.5018065554786751,0.24000000000000005
nfix,supermat,probe,53,intercept_fit,1.0,-2.5779234446819945,100,0.24,0.4962228517469311,0.6758586267642821,0.2400000000000041
nfix,supermat,ntp,53,intercept_fit,1.0,-1.275870722118117,100,0.24,0.4962228517469311,0.4994494735354392,0.24000000000000005
nfix,supermat,probe,54,intercept_fit,1.0,-0.6176482242044573,100,0.45,0.4962228517469311,0.568019450009428,0.45000000000005635
nfix,supermat,ntp,54,intercept_fit,1.0,-0.694927545990531,100,0.45,0.4962228517469311,0.5927793991362453,0.45
nfix,supermat,probe,55,intercept_fit,1.0,-1.4964174679666278,100,0.37,0.4962228517469311,0.6302595060210023,0.3699999999999816
nfix,supermat,ntp,55,intercept_fit,1.0,-0.7928293044215112,100,0.37,0.4962228517469311,0.5391450259140643,0.37
nfix,supermat,probe,56,intercept_fit,1.0,-1.8477670756691618,100,0.27,0.4962228517469311,0.599174547620074,0.27
nfix,supermat,ntp,56,intercept_fit,1.0,-1.3503409422276638,100,0.27,0.4962228517469311,0.5400053550325168,0.26999999999998975
nfix,supermat,probe,57,intercept_fit,1.0,-2.0402170654114156,100,0.25,0.4962228517469311,0.608153593147994,0.2499999999999986
nfix,supermat,ntp,57,intercept_fit,1.0,-1.3142549785617066,100,0.25,0.4962228517469311,0.5172601408454462,0.25000000000000006
nfix,supermat,probe,58,intercept_fit,1.0,-1.996843580764768,100,0.3,0.4962228517469311,0.6504824916842893,0.2999999999999996
nfix,supermat,ntp,58,intercept_fit,1.0,-1.0583904565213857,100,0.3,0.4962228517469311,0.5208853558286286,0.2999999999999959
nfix,supermat,probe,59,intercept_fit,1.0,-2.0226402063809017,100,0.29,0.4962228517469311,0.6506726256635517,0.290000000000005
nfix,supermat,ntp,59,intercept_fit,1.0,-1.0731974893135452,100,0.29,0.4962228517469311,0.5142737596719713,0.28999999999996856
nfix,supermat,probe,60,intercept_fit,1.0,-1.632273674773386,100,0.37,0.4962228517469311,0.655672105321323,0.37
nfix,supermat,ntp,60,intercept_fit,1.0,-0.7097811096695468,100,0.37,0.4962228517469311,0.5244264815780438,0.37000000000000016
nfix,supermat,probe,61,intercept_fit,1.0,-1.8309062069678204,100,0.34,0.4962228517469311,0.6574690114481758,0.3399999999999811
nfix,supermat,ntp,61,intercept_fit,1.0,-0.932577033626511,100,0.34,0.4962228517469311,0.5344953038245946,0.3399999999999999
nfix,supermat,probe,62,intercept_fit,1.0,-1.867023234629363,100,0.32,0.4962228517469311,0.6233159501839072,0.32
nfix,supermat,ntp,62,intercept_fit,1.0,-1.045092337255654,100,0.32,0.4962228517469311,0.5372415440189738,0.31999999999999995
nfix,supermat,probe,63,intercept_fit,1.0,-0.7097199429006039,100,0.48,0.4962228517469311,0.617742985821546,0.4800000000000001
nfix,supermat,ntp,63,intercept_fit,1.0,-0.33074054017226145,100,0.48,0.4962228517469311,0.5516343904855093,0.4800000000000029
nfix,supermat,probe,64,intercept_fit,1.0,-1.5391644553751367,100,0.33,0.4962228517469311,0.6061517226521304,0.33
nfix,supermat,ntp,64,intercept_fit,1.0,-0.9081206393403467,100,0.33,0.4962228517469311,0.5220187218345331,0.32999999999999985
nfix,supermat,probe,65,intercept_fit,1.0,-0.49122469339178443,100,0.56,0.4962228517469311,0.6430533079915379,0.5600000000000002
nfix,supermat,ntp,65,intercept_fit,1.0,-0.13282765406820343,100,0.56,0.4962228517469311,0.5873203600860356,0.56
nfix,supermat,probe,66,intercept_fit,1.0,-2.4608278034525735,100,0.23,0.4962228517469311,0.622392579282515,0.22999999999999995
nfix,supermat,ntp,66,intercept_fit,1.0,-1.2331152897204989,100,0.23,0.4962228517469311,0.4890411231806271,0.23
nfix,supermat,probe,67,intercept_fit,1.0,-1.6120855037761566,100,0.34,0.4962228517469311,0.6269738794690203,0.3400000000000001
nfix,supermat,ntp,67,intercept_fit,1.0,-0.9391047265883863,100,0.34,0.4962228517469311,0.5364803624053749,0.34
nfix,supermat,probe,68,intercept_fit,1.0,-2.2884076543424485,100,0.22,0.4962228517469311,0.6104471744774024,0.21999999999999023
nfix,supermat,ntp,68,intercept_fit,1.0,-1.5391157064318373,100,0.22,0.4962228517469311,0.5157860010061978,0.21999999999994668
nfix,supermat,probe,69,intercept_fit,1.0,-2.4379273657168454,100,0.26,0.4962228517469311,0.6822290966275978,0.2599999999999774
nfix,supermat,ntp,69,intercept_fit,1.0,-1.1530512461290274,100,0.26,0.4962228517469311,0.49911391865938926,0.26000000000000006
nfix,supermat,probe,70,intercept_fit,1.0,-2.8650620291572366,100,0.17,0.4962228517469311,0.6355327811816079,0.17
nfix,supermat,ntp,70,intercept_fit,1.0,-1.7568658784106692,100,0.17,0.4962228517469311,0.49665751861996255,0.17000000000000004
nfix,supermat,probe,71,intercept_fit,1.0,-0.8164812982878592,100,0.46,0.4962228517469311,0.6113503669880754,0.4599999999999999
nfix,supermat,ntp,71,intercept_fit,1.0,-0.5798858357509524,100,0.46,0.4962228517469311,0.5799335559944906,0.4599999999999999
nfix,supermat,probe,72,intercept_fit,1.0,-0.40700369519159313,100,0.48,0.4962228517469311,0.5546651427055669,0.47999999999999937
nfix,supermat,ntp,72,intercept_fit,1.0,-0.337526590238064,100,0.48,0.4962228517469311,0.5528612413461506,0.48000000000000276
nfix,supermat,probe,73,intercept_fit,1.0,-1.2832221127002592,100,0.33,0.4962228517469311,0.5566174930715289,0.3299999999999999
nfix,supermat,ntp,73,intercept_fit,1.0,-1.072255962065476,100,0.33,0.4962228517469311,0.5498605827005649,0.3299999999999999
nfix,supermat,probe,74,intercept_fit,1.0,-1.1341338799122753,100,0.35,0.4962228517469311,0.5608470235943002,0.35
nfix,supermat,ntp,74,intercept_fit,1.0,-1.0047995957191456,100,0.35,0.4962228517469311,0.557924996735061,0.3499999999999999
nfix,supermat,probe,75,intercept_fit,1.0,-2.701191072927461,100,0.2,0.4962228517469311,0.6483306711408838,0.19999999999998216
nfix,supermat,ntp,75,intercept_fit,1.0,-1.5865738342611484,100,0.2,0.4962228517469311,0.508915898589998,0.19999999999999984
nfix,supermat,probe,76,intercept_fit,1.0,-1.7293703921314367,100,0.31,0.4962228517469311,0.6152223177994016,0.3100000000000247
nfix,supermat,ntp,76,intercept_fit,1.0,-1.2132980279922394,100,0.31,0.4962228517469311,0.5531541966881073,0.31000000000000005
nfix,supermat,probe,77,intercept_fit,1.0,-1.7414477479539983,100,0.31,0.4962228517469311,0.6285401152056381,0.310000000000066
nfix,supermat,ntp,77,intercept_fit,1.0,-0.9721690947856363,100,0.31,0.4962228517469311,0.5152915702509862,0.3099999999999976
nfix,supermat,probe,78,intercept_fit,1.0,-1.612804105681957,100,0.32,0.4962228517469311,0.6164566364105828,0.32000000000000006
nfix,supermat,ntp,78,intercept_fit,1.0,-1.0415335948403774,100,0.32,0.4962228517469311,0.5357994210635029,0.32
nfix,supermat,probe,79,intercept_fit,1.0,-1.979233790482225,100,0.32,0.4962228517469311,0.6600181394385548,0.32000000000000006
nfix,supermat,ntp,79,intercept_fit,1.0,-0.9725031031960553,100,0.32,0.4962228517469311,0.5237609550910818,0.31999999999999984
nfix,supermat,probe,80,intercept_fit,1.0,-1.68023592919198,100,0.34,0.4962228517469311,0.636983176665892,0.34
nfix,supermat,ntp,80,intercept_fit,1.0,-0.8149466894637207,100,0.34,0.4962228517469311,0.5157118522429649,0.34000000000000535
nfix,supermat,probe,81,intercept_fit,1.0,-1.2839691507992015,100,0.34,0.4962228517469311,0.5845852593248388,0.33999999999999986
nfix,supermat,ntp,81,intercept_fit,1.0,-0.8802797531806478,100,0.34,0.4962228517469311,0.5282415160067403,0.34
nfix,supermat,probe,82,intercept_fit,1.0,-1.4271013164117858,100,0.33,0.4962228517469311,0.5840624791823358,0.33000000000000024
nfix,supermat,ntp,82,intercept_fit,1.0,-1.0178888558639734,100,0.33,0.4962228517469311,0.5406149524476159,0.3299999999999999
nfix,supermat,probe,83,intercept_fit,1.0,-1.093068628224728,100,0.42,0.4962228517469311,0.6283875385029712,0.41999999999999377
nfix,supermat,ntp,83,intercept_fit,1.0,-0.6087455360455861,100,0.42,0.4962228517469311,0.5500658622359552,0.4200000000000001
nfix,supermat,probe,84,intercept_fit,1.0,-1.3241776142712216,100,0.38,0.4962228517469311,0.6328321271838042,0.3799999999999998
nfix,supermat,ntp,84,intercept_fit,1.0,-0.8258558075148678,100,0.38,0.4962228517469311,0.5524418266228807,0.38
nfix,supermat,probe,85,intercept_fit,1.0,-1.316117215106181,100,0.36,0.4962228517469311,0.6072395226018691,0.3600000000000001
nfix,supermat,ntp,85,intercept_fit,1.0,-0.8680105436009724,100,0.36,0.4962228517469311,0.5428499915869733,0.3600000000000001
nfix,supermat,probe,86,intercept_fit,1.0,-1.8033465627873595,100,0.29,0.4962228517469311,0.5978147313065296,0.2900000000000001
nfix,supermat,ntp,86,intercept_fit,1.0,-1.0460814206749685,100,0.29,0.4962228517469311,0.5100205684522813,0.28999999999994525
nfix,supermat,probe,87,intercept_fit,1.0,-0.9990027371534873,100,0.37,0.4962228517469311,0.5597074020511982,0.37000000000000133
nfix,supermat,ntp,87,intercept_fit,1.0,-0.8394387024188847,100,0.37,0.4962228517469311,0.5460145630785584,0.36999999999999994
nfix,supermat,probe,88,intercept_fit,1.0,-0.80406046210498,100,0.49,0.4962228517469311,0.6278083068442311,0.49000000000000016
nfix,supermat,ntp,88,intercept_fit,1.0,-0.20884801389842653,100,0.49,0.4962228517469311,0.5358785708557768,0.49000000000000554
nfix,supermat,probe,89,intercept_fit,1.0,-0.8422235294436745,100,0.54,0.4962228517469311,0.6918513877540814,0.54
nfix,supermat,ntp,89,intercept_fit,1.0,-0.18804536536017058,100,0.54,0.4962228517469311,0.5793482206070187,0.54
nfix,supermat,probe,90,intercept_fit,1.0,-1.870128356496726,100,0.27,0.4962228517469311,0.6045240162617985,0.2699999999999811
nfix,supermat,ntp,90,intercept_fit,1.0,-1.1066876624732718,100,0.27,0.4962228517469311,0.5016297963381915,0.27
nfix,supermat,probe,91,intercept_fit,1.0,-0.8105398924382089,100,0.4,0.4962228517469311,0.5506898415576582,0.4
nfix,supermat,ntp,91,intercept_fit,1.0,-0.7847974497168432,100,0.4,0.4962228517469311,0.5627417510698804,0.3999999999999999
nfix,supermat,probe,92,intercept_fit,1.0,-0.7822027236703776,100,0.42,0.4962228517469311,0.5612036547031709,0.41999999999992715
nfix,supermat,ntp,92,intercept_fit,1.0,-0.6737686246493678,100,0.42,0.4962228517469311,0.561352983939207,0.4200000000000001
nfix,supermat,probe,93,intercept_fit,1.0,-1.6669468245376196,100,0.29,0.4962228517469311,0.5989091557436442,0.2899999999999998
nfix,supermat,ntp,93,intercept_fit,1.0,-1.0497592767656616,100,0.29,0.4962228517469311,0.5110467066152988,0.28999999999994
nfix,supermat,probe,94,intercept_fit,1.0,-1.587327390011722,100,0.34,0.4962228517469311,0.6146972345891363,0.3399999999999999
nfix,supermat,ntp,94,intercept_fit,1.0,-0.7690667862434618,100,0.34,0.4962228517469311,0.5081878359199218,0.3400000000000081
nfix,supermat,probe,95,intercept_fit,1.0,-1.8576010979319573,100,0.28,0.4962228517469311,0.5969327016316421,0.28
nfix,supermat,ntp,95,intercept_fit,1.0,-1.1554562259278225,100,0.28,0.4962228517469311,0.5182108560371642,0.2799999999999441
nfix,supermat,probe,96,intercept_fit,1.0,-0.9729225189460634,100,0.4,0.4962228517469311,0.5898860086691687,0.3999999999999999
nfix,supermat,ntp,96,intercept_fit,1.0,-0.4591765022291571,100,0.4,0.4962228517469311,0.5036952297171919,0.3999999999999999
nfix,supermat,probe,97,intercept_fit,1.0,-1.9495067415212886,100,0.28,0.4962228517469311,0.6256904600664412,0.28
nfix,supermat,ntp,97,intercept_fit,1.0,-1.1811597245008536,100,0.28,0.4962228517469311,0.5222814778783276,0.27999999999996905
nfix,supermat,probe,98,intercept_fit,1.0,-2.4662941364049704,100,0.24,0.4962228517469311,0.6723407160743623,0.23999999999999988
nfix,supermat,ntp,98,intercept_fit,1.0,-1.2067507405808713,100,0.24,0.4962228517469311,0.4904158476920874,0.24000000000000007
nfix,supermat,probe,99,intercept_fit,1.0,-0.9937413313004901,100,0.46,0.4962228517469311,0.6441552007037501,0.4600000000000597
nfix,supermat,ntp,99,intercept_fit,1.0,-0.43991151607064616,100,0.46,0.4962228517469311,0.5545865394311259,0.4599999999999999
supermat,pond,probe,0,intercept_fit,1.0,-2.5249191863415286,100,0.41,0.5,0.752763806258242,0.41
supermat,pond,ntp,0,intercept_fit,1.0,-2.247844676114532,100,0.41,0.5,0.6396568057014328,0.4100000000000001
supermat,pond,probe,1,intercept_fit,1.0,-2.3272425215173627,100,0.39,0.5,0.7076779371277514,0.39000000000000007
supermat,pond,ntp,1,intercept_fit,1.0,-1.4092278360492712,100,0.39,0.5,0.5747454258236033,0.3900000000000056
supermat,pond,probe,2,intercept_fit,1.0,-1.4637497895853868,100,0.51,0.5,0.7091602651500648,0.5100000000000728
supermat,pond,ntp,2,intercept_fit,1.0,-0.8084881168092725,100,0.51,0.5,0.626876875627365,0.5099999999999977
supermat,pond,probe,3,intercept_fit,1.0,-2.899854726200564,100,0.25,0.5,0.6104592522132877,0.25000000000000006
supermat,pond,ntp,3,intercept_fit,1.0,-3.9826524508708028,100,0.25,0.5,0.5672481389155024,0.24999999999999992
supermat,pond,probe,4,intercept_fit,1.0,-1.274194695361241,100,0.55,0.5,0.7485464435590682,0.5500000000000008
supermat,pond,ntp,4,intercept_fit,1.0,0.0306325787972157,100,0.55,0.5,0.5444861878590246,0.5500000000000046
supermat,pond,probe,5,intercept_fit,1.0,-2.5428517941807764,100,0.32,0.5,0.6866749548134327,0.32
supermat,pond,ntp,5,intercept_fit,1.0,-1.1843774766240736,100,0.32,0.5,0.5105603414474739,0.31999999999999995
supermat,pond,probe,6,intercept_fit,1.0,-2.8464866774731292,100,0.38,0.5,0.7592056118098601,0.38
supermat,pond,ntp,6,intercept_fit,1.0,-4.6153970673382,100,0.38,0.5,0.663877726796685,0.3800000000000028
supermat,pond,probe,7,intercept_fit,1.0,-1.9678731212405025,100,0.47,0.5,0.7303110702852225,0.47000000000000014
supermat,pond,ntp,7,intercept_fit,1.0,-0.9871384444230648,100,0.47,0.5,0.609430793975107,0.46999999999999936
supermat,pond,probe,8,intercept_fit,1.0,-1.7214598577154319,100,0.46,0.5,0.6844028272657549,0.4599999999999999
supermat,pond,ntp,8,intercept_fit,1.0,-0.815340509850224,100,0.46,0.5,0.5863579241705177,0.4599999999999999
supermat,pond,probe,9,intercept_fit,1.0,-2.1262004729308126,100,0.37,0.5,0.6854713048437517,0.37
supermat,pond,ntp,9,intercept_fit,1.0,-1.4317358396578725,100,0.37,0.5,0.5707205487127583,0.37000000000000005
supermat,pond,probe,10,intercept_fit,1.0,-1.88431289159396,100,0.44,0.5,0.705886231044644,0.44
supermat,pond,ntp,10,intercept_fit,1.0,-1.2231472206043268,100,0.44,0.5,0.6028516455288435,0.43999999999999995
supermat,pond,probe,11,intercept_fit,1.0,-1.24315637838231,100,0.51,0.5,0.7075353188306829,0.5100000000000001
supermat,pond,ntp,11,intercept_fit,1.0,-0.3389050976315951,100,0.51,0.5,0.5681256920727875,0.51
supermat,pond,probe,12,intercept_fit,1.0,-2.658496537159587,100,0.4,0.5,0.7601321793511806,0.3999999999999716
supermat,pond,ntp,12,intercept_fit,1.0,-1.527210722051871,100,0.4,0.5,0.5928853669050569,0.3999999999999999
supermat,pond,probe,13,intercept_fit,1.0,-1.3646328297518777,100,0.51,0.5,0.6945015712301621,0.5100000000000022
supermat,pond,ntp,13,intercept_fit,1.0,-0.7658179489978891,100,0.51,0.5,0.6162730674600818,0.5099999999999987
supermat,pond,probe,14,intercept_fit,1.0,-2.6302791523218687,100,0.31,0.5,0.6496451365513635,0.31000000000003186
supermat,pond,ntp,14,intercept_fit,1.0,-4.866092946477641,100,0.31,0.5,0.5973229316486137,0.31
supermat,pond,probe,15,intercept_fit,1.0,-1.233304466850175,100,0.49,0.5,0.6728312697491399,0.48999999999999955
supermat,pond,ntp,15,intercept_fit,1.0,-0.7311684570810486,100,0.49,0.5,0.5972508619844082,0.49
supermat,pond,probe,16,intercept_fit,1.0,-1.077596316574271,100,0.56,0.5,0.7172484233964941,0.5600000000000002
supermat,pond,ntp,16,intercept_fit,1.0,-0.36818359748679935,100,0.56,0.5,0.6156629174184928,0.5599999999999948
supermat,pond,probe,17,intercept_fit,1.0,-2.4269857231687046,100,0.31,0.5,0.6393883443095095,0.31
supermat,pond,ntp,17,intercept_fit,1.0,-2.566082117434163,100,0.31,0.5,0.5737439981051596,0.31000000000000005
supermat,pond,probe,18,intercept_fit,1.0,-2.352870986791111,100,0.41,0.5,0.7329765499284866,0.40999999999999476
supermat,pond,ntp,18,intercept_fit,1.0,-1.3947667238040693,100,0.41,0.5,0.5942682573549782,0.4099999999999999
supermat,pond,probe,19,intercept_fit,1.0,-2.0945420727715804,100,0.39,0.5,0.6671737960512489,0.3900000000000001
supermat,pond,ntp,19,intercept_fit,1.0,-2.5823764406126535,100,0.39,0.5,0.6371020099119477,0.39000000000000007
supermat,pond,probe,20,intercept_fit,1.0,-0.6649515982742286,100,0.47,0.5,0.5716652924302423,0.4699999999999999
supermat,pond,ntp,20,intercept_fit,1.0,-0.9445976520209676,100,0.47,0.5,0.603521051902367,0.4699999999999998
supermat,pond,probe,21,intercept_fit,1.0,-2.9042226189909313,100,0.3,0.5,0.657700209990507,0.30000000000000654
supermat,pond,ntp,21,intercept_fit,1.0,-3.1838882802239614,100,0.3,0.5,0.5807981496927905,0.30000000000000004
supermat,pond,probe,22,intercept_fit,1.0,-0.9286671995353043,100,0.59,0.5,0.7256375539165093,0.59
supermat,pond,ntp,22,intercept_fit,1.0,0.03805035166893149,100,0.59,0.5,0.5833999670479855,0.59
supermat,pond,probe,23,intercept_fit,1.0,-3.0398840825141744,100,0.32,0.5,0.7060775295220685,0.32000000000000006
supermat,pond,ntp,23,intercept_fit,1.0,-5.492001069079563,100,0.32,0.5,0.6201732689077953,0.32
supermat,pond,probe,24,intercept_fit,1.0,-2.0704189806574553,100,0.51,0.5,0.7922542813805284,0.5099999999999998
supermat,pond,ntp,24,intercept_fit,1.0,-0.593011698277911,100,0.51,0.5,0.6002927749425325,0.5099999999999998
supermat,pond,probe,25,intercept_fit,1.0,-2.0138944034460304,100,0.36,0.5,0.6376166259289934,0.3600000000000002
supermat,pond,ntp,25,intercept_fit,1.0,-1.031965520931254,100,0.36,0.5,0.5282467271874722,0.35999999999999976
supermat,pond,probe,26,intercept_fit,1.0,-1.5799150882291275,100,0.47,0.5,0.6865349758073223,0.46999999999999953
supermat,pond,ntp,26,intercept_fit,1.0,-0.9704276063868433,100,0.47,0.5,0.6064236534778277,0.4700000000000001
supermat,pond,probe,27,intercept_fit,1.0,-2.9004167647740045,100,0.3,0.5,0.6580277758214474,0.3
supermat,pond,ntp,27,intercept_fit,1.0,-3.485328223477157,100,0.3,0.5,0.5929713270817673,0.29999999999997795
supermat,pond,probe,28,intercept_fit,1.0,-1.1835454844367135,100,0.53,0.5,0.6917434555881353,0.5299999999999999
supermat,pond,ntp,28,intercept_fit,1.0,-0.44095077476791555,100,0.53,0.5,0.5989566959261006,0.5299999999999984
supermat,pond,probe,29,intercept_fit,1.0,-2.586623445537024,100,0.36,0.5,0.7508299335770401,0.3599999999999999
supermat,pond,ntp,29,intercept_fit,1.0,-1.3934980186310415,100,0.36,0.5,0.5566460507889956,0.3600000000000001
supermat,pond,probe,30,intercept_fit,1.0,-0.0688838785896016,100,0.58,0.5,0.5898705302341769,0.5799999999999653
supermat,pond,ntp,30,intercept_fit,1.0,-0.3776056719676291,100,0.58,0.5,0.6353319126984133,0.5799999999999846
supermat,pond,probe,31,intercept_fit,1.0,-2.2956793789213243,100,0.37,0.5,0.6834758259177214,0.3700000000000002
supermat,pond,ntp,31,intercept_fit,1.0,-1.675628088749683,100,0.37,0.5,0.5753369871695949,0.36999999999997857
supermat,pond,probe,32,intercept_fit,1.0,-2.074077087813339,100,0.43,0.5,0.7313440509297743,0.43
supermat,pond,ntp,32,intercept_fit,1.0,-0.896206993317343,100,0.43,0.5,0.566308594298204,0.43
supermat,pond,probe,33,intercept_fit,1.0,-1.9573657568985132,100,0.42,0.5,0.7318297805538044,0.41999999999999704
supermat,pond,ntp,33,intercept_fit,1.0,-0.986585931536814,100,0.42,0.5,0.56850655123482,0.41999999999999993
supermat,pond,probe,34,intercept_fit,1.0,-1.8980091980164662,100,0.46,0.5,0.73358928969644,0.4600000000000001
supermat,pond,ntp,34,intercept_fit,1.0,-1.1692222119728772,100,0.46,0.5,0.6098171121106618,0.46
supermat,pond,probe,35,intercept_fit,1.0,-2.6341153188436777,100,0.31,0.5,0.681663828779948,0.31
supermat,pond,ntp,35,intercept_fit,1.0,-4.313368232671524,100,0.31,0.5,0.5966403579657915,0.30999999999999894
supermat,pond,probe,36,intercept_fit,1.0,-2.0383949498767797,100,0.48,0.5,0.7525040372453492,0.4799999999999999
supermat,pond,ntp,36,intercept_fit,1.0,-0.7061043515250807,100,0.48,0.5,0.5866239024399438,0.4799999999999999
supermat,pond,probe,37,intercept_fit,1.0,-1.9579466885994412,100,0.4,0.5,0.705775346651686,0.3999999999999999
supermat,pond,ntp,37,intercept_fit,1.0,-0.8323011252176112,100,0.4,0.5,0.5349695062747983,0.40000000000000013
supermat,pond,probe,38,intercept_fit,1.0,-2.4869312702086743,100,0.36,0.5,0.7390849917160142,0.3599999999999987
supermat,pond,ntp,38,intercept_fit,1.0,-1.8254696257660998,100,0.36,0.5,0.5760898509629128,0.3599999999999992
supermat,pond,probe,39,intercept_fit,1.0,-2.767057475475871,100,0.25,0.5,0.6083366667250836,0.25000000000000006
supermat,pond,ntp,39,intercept_fit,1.0,-1.8119149640122667,100,0.25,0.5,0.5131448116033943,0.25
supermat,pond,probe,40,intercept_fit,1.0,-1.8760456652084518,100,0.46,0.5,0.711959209485872,0.45999999999998714
supermat,pond,ntp,40,intercept_fit,1.0,-1.5195809972411836,100,0.46,0.5,0.6324930014519582,0.4600000000000079
supermat,pond,probe,41,intercept_fit,1.0,-1.4704963907532576,100,0.46,0.5,0.6794477777697376,0.45999999999999985
supermat,pond,ntp,41,intercept_fit,1.0,-0.6690601460483383,100,0.46,0.5,0.5661882559044316,0.459999999999995
supermat,pond,probe,42,intercept_fit,1.0,-1.83850432051154,100,0.42,0.5,0.6783658884532382,0.41999999999999993
supermat,pond,ntp,42,intercept_fit,1.0,-1.9974675181099535,100,0.42,0.5,0.6325270033206879,0.4199999999999995
supermat,pond,probe,43,intercept_fit,1.0,-1.2437354286672677,100,0.53,0.5,0.716867656799053,0.53
supermat,pond,ntp,43,intercept_fit,1.0,-0.7165493695587313,100,0.53,0.5,0.629733047996453,0.529999999999949
supermat,pond,probe,44,intercept_fit,1.0,-2.7177678756680086,100,0.36,0.5,0.7521673853260181,0.35999999999999965
supermat,pond,ntp,44,intercept_fit,1.0,-1.721749630967276,100,0.36,0.5,0.5810270335298273,0.36
supermat,pond,probe,45,intercept_fit,1.0,-0.9594929147048008,100,0.62,0.5,0.7504447802493097,0.6199999999999993
supermat,pond,ntp,45,intercept_fit,1.0,-0.19688131312269982,100,0.62,0.5,0.6478401981360675,0.6199999999999999
supermat,pond,probe,46,intercept_fit,1.0,-2.2031270259722544,100,0.37,0.5,0.667809022421616,0.3699999999999923
supermat,pond,ntp,46,intercept_fit,1.0,-6.166272549062594,100,0.37,0.5,0.653634603896426,0.36999999999999994
supermat,pond,probe,47,intercept_fit,1.0,-2.1846773465351585,100,0.38,0.5,0.6709979841352377,0.38
supermat,pond,ntp,47,intercept_fit,1.0,-2.650460624590918,100,0.38,0.5,0.6349896338563294,0.38
supermat,pond,probe,48,intercept_fit,1.0,-1.6761652564482907,100,0.41,0.5,0.6434873018916182,0.4100000000000001
supermat,pond,ntp,48,intercept_fit,1.0,-1.3170542371429554,100,0.41,0.5,0.5852369425772831,0.4099999999999999
supermat,pond,probe,49,intercept_fit,1.0,-2.5991985956141788,100,0.27,0.5,0.6629906196673798,0.27
supermat,pond,ntp,49,intercept_fit,1.0,-2.196335874116658,100,0.27,0.5,0.522649992151647,0.2699999999999999
supermat,pond,probe,50,intercept_fit,1.0,-2.1168867309227815,100,0.41,0.5,0.7090045910809092,0.4100000000000001
supermat,pond,ntp,50,intercept_fit,1.0,-1.8369252532333904,100,0.41,0.5,0.6151211353458955,0.4099999999999813
supermat,pond,probe,51,intercept_fit,1.0,-2.6972278028268737,100,0.41,0.5,0.8158904820205487,0.41
supermat,pond,ntp,51,intercept_fit,1.0,-1.2435307286969732,100,0.41,0.5,0.5847302890283119,0.4099999999999999
supermat,pond,probe,52,intercept_fit,1.0,-2.1040749144741495,100,0.47,0.5,0.7476530557446948,0.4700000000000001
supermat,pond,ntp,52,intercept_fit,1.0,-1.2757285109574936,100,0.47,0.5,0.6328733480534628,0.4700000000000001
supermat,pond,probe,53,intercept_fit,1.0,-1.0988784551942339,100,0.47,0.5,0.6271917848950539,0.46999999999997427
supermat,pond,ntp,53,intercept_fit,1.0,-1.1618145966806286,100,0.47,0.5,0.6212141756351266,0.4700000000000008
supermat,pond,probe,54,intercept_fit,1.0,-1.4095802492517338,100,0.5,0.5,0.6889961521505641,0.49999999999999994
supermat,pond,ntp,54,intercept_fit,1.0,-1.5068875009812865,100,0.5,0.5,0.6590935992054721,0.49999999999999806
supermat,pond,probe,55,intercept_fit,1.0,-2.2714560549835188,100,0.4,0.5,0.7004461930656253,0.3999999999999999
supermat,pond,ntp,55,intercept_fit,1.0,-1.7266221390602647,100,0.4,0.5,0.6083358185979262,0.4000000000000001
supermat,pond,probe,56,intercept_fit,1.0,-2.7220647182668336,100,0.33,0.5,0.6945289384147929,0.3299999999999932
supermat,pond,ntp,56,intercept_fit,1.0,-2.859164044804196,100,0.33,0.5,0.6100883319413686,0.3299999999999999
supermat,pond,probe,57,intercept_fit,1.0,-1.9199327245143218,100,0.42,0.5,0.6743756291266224,0.42
supermat,pond,ntp,57,intercept_fit,1.0,-1.9409687093020174,100,0.42,0.5,0.6300809303808247,0.4200000000000001
supermat,pond,probe,58,intercept_fit,1.0,-2.4783913828641313,100,0.36,0.5,0.7183098979444514,0.35999999999999993
supermat,pond,ntp,58,intercept_fit,1.0,-1.3759789824338442,100,0.36,0.5,0.5515381948724721,0.35999999999999993
supermat,pond,probe,59,intercept_fit,1.0,-2.0658116067559122,100,0.44,0.5,0.7012728626401215,0.44000000000000006
supermat,pond,ntp,59,intercept_fit,1.0,-1.4450774795602779,100,0.44,0.5,0.6176629056720062,0.43999999999999995
supermat,pond,probe,60,intercept_fit,1.0,-1.8458379485296557,100,0.46,0.5,0.7239958900818835,0.46000000000000796
supermat,pond,ntp,60,intercept_fit,1.0,-0.9422349386142289,100,0.46,0.5,0.5947557133723719,0.45999999999999797
supermat,pond,probe,61,intercept_fit,1.0,-3.2494432038531755,100,0.33,0.5,0.8042998198557446,0.33000000000000007
supermat,pond,ntp,61,intercept_fit,1.0,-1.7991723368624912,100,0.33,0.5,0.5679561375254107,0.329999999999991
supermat,pond,probe,62,intercept_fit,1.0,-2.337797584597244,100,0.38,0.5,0.6710371253035828,0.37999999999990935
supermat,pond,ntp,62,intercept_fit,1.0,-2.7363229103117237,100,0.38,0.5,0.6348024612533976,0.38000000000000006
supermat,pond,probe,63,intercept_fit,1.0,-1.2994273700796648,100,0.5,0.5,0.6997059105231469,0.49999999999999994
supermat,pond,ntp,63,intercept_fit,1.0,-0.7472157953668371,100,0.5,0.5,0.6065809294397538,0.5
supermat,pond,probe,64,intercept_fit,1.0,-1.122985890801171,100,0.54,0.5,0.6827854438224847,0.5399999999999999
supermat,pond,ntp,64,intercept_fit,1.0,-1.1885330722143386,100,0.54,0.5,0.6775336667866532,0.5399999999999999
supermat,pond,probe,65,intercept_fit,1.0,-1.200333496342601,100,0.45,0.5,0.6111014742466633,0.44999999999999984
supermat,pond,ntp,65,intercept_fit,1.0,-0.7781340490847839,100,0.45,0.5,0.5758199484010421,0.44999999999999984
supermat,pond,probe,66,intercept_fit,1.0,-1.9212403404648322,100,0.45,0.5,0.7242332495069373,0.44999999999995877
supermat,pond,ntp,66,intercept_fit,1.0,-0.7470720101674744,100,0.45,0.5,0.5639245243563737,0.45
supermat,pond,probe,67,intercept_fit,1.0,-1.701381606335783,100,0.43,0.5,0.7085921474590484,0.43
supermat,pond,ntp,67,intercept_fit,1.0,-0.8687964559831809,100,0.43,0.5,0.565661255294637,0.43000000000006033
supermat,pond,probe,68,intercept_fit,1.0,-2.1623590234292753,100,0.42,0.5,0.7133625186926017,0.42
supermat,pond,ntp,68,intercept_fit,1.0,-1.7886258720290205,100,0.42,0.5,0.6217272313311818,0.41999999999999993
supermat,pond,probe,69,intercept_fit,1.0,-2.0857325617061453,100,0.49,0.5,0.788046329316109,0.48999999999999994
supermat,pond,ntp,69,intercept_fit,1.0,-0.5440571691052979,100,0.49,0.5,0.5753141535682162,0.49
supermat,pond,probe,70,intercept_fit,1.0,-2.4918781568346278,100,0.4,0.5,0.7750913395489768,0.3999999999999995
supermat,pond,ntp,70,intercept_fit,1.0,-1.120120830718158,100,0.4,0.5,0.5672127606332148,0.4
supermat,pond,probe,71,intercept_fit,1.0,-1.979572963266416,100,0.41,0.5,0.6965390670927474,0.41
supermat,pond,ntp,71,intercept_fit,1.0,-1.0079851351684102,100,0.41,0.5,0.5618272296818407,0.4099999999999999
supermat,pond,probe,72,intercept_fit,1.0,-1.3151014136542523,100,0.56,0.5,0.7530547667050661,0.56
supermat,pond,ntp,72,intercept_fit,1.0,-0.5167191193226858,100,0.56,0.5,0.6325870222261892,0.56
supermat,pond,probe,73,intercept_fit,1.0,-2.118197086060265,100,0.45,0.5,0.7401749836057143,0.44999999999999873
supermat,pond,ntp,73,intercept_fit,1.0,-1.2612564517338227,100,0.45,0.5,0.6120432176180335,0.44999999999999973
supermat,pond,probe,74,intercept_fit,1.0,-2.4146664832301883,100,0.41,0.5,0.7436634263119285,0.4100000000001105
supermat,pond,ntp,74,intercept_fit,1.0,-1.1889223379297826,100,0.41,0.5,0.5752475014923633,0.41
supermat,pond,probe,75,intercept_fit,1.0,-1.3676443633100672,100,0.53,0.5,0.7064679408445015,0.53
supermat,pond,ntp,75,intercept_fit,1.0,-1.030358142079963,100,0.53,0.5,0.6621099944350547,0.5299999999999999
supermat,pond,probe,76,intercept_fit,1.0,-1.447518292358504,100,0.48,0.5,0.6931795607829763,0.48000000000005444
supermat,pond,ntp,76,intercept_fit,1.0,-0.6803198904036619,100,0.48,0.5,0.5801748852378252,0.47999999999999987
supermat,pond,probe,77,intercept_fit,1.0,-2.160631892507175,100,0.39,0.5,0.7000750077843029,0.39
supermat,pond,ntp,77,intercept_fit,1.0,-2.0882997155528824,100,0.39,0.5,0.636278158671263,0.39
supermat,pond,probe,78,intercept_fit,1.0,-1.311014620084398,100,0.53,0.5,0.7007395367503811,0.5299999999999911
supermat,pond,ntp,78,intercept_fit,1.0,-0.9006055875457292,100,0.53,0.5,0.6452227622465623,0.53
supermat,pond,probe,79,intercept_fit,1.0,-1.8958876386561225,100,0.4,0.5,0.664868757875367,0.4000000000000001
supermat,pond,ntp,79,intercept_fit,1.0,-1.3029289708419307,100,0.4,0.5,0.5725436092026487,0.4
supermat,pond,probe,80,intercept_fit,1.0,-1.645576330241325,100,0.46,0.5,0.697276904525826,0.45999999999999985
supermat,pond,ntp,80,intercept_fit,1.0,-0.9108508523569319,100,0.46,0.5,0.5997810639827408,0.4599999999999996
supermat,pond,probe,81,intercept_fit,1.0,-1.796365077975764,100,0.5,0.5,0.7237166449977811,0.5000000000000159
supermat,pond,ntp,81,intercept_fit,1.0,-1.9181568782809961,100,0.5,0.5,0.6923303477957525,0.5000000000000001
supermat,pond,probe,82,intercept_fit,1.0,-2.768015676372877,100,0.31,0.5,0.678539723832982,0.3099999999999999
supermat,pond,ntp,82,intercept_fit,1.0,-6.874385799783434,100,0.31,0.5,0.6448838323114436,0.3099999999999654
supermat,pond,probe,83,intercept_fit,1.0,-2.4278438623984426,100,0.33,0.5,0.6622541496414148,0.3300000000000003
supermat,pond,ntp,83,intercept_fit,1.0,-2.3181085851586234,100,0.33,0.5,0.5827744482205621,0.32999999999999985
supermat,pond,probe,84,intercept_fit,1.0,-1.7682613033915957,100,0.39,0.5,0.638255175203193,0.3899999999999999
supermat,pond,ntp,84,intercept_fit,1.0,-1.5546242362509366,100,0.39,0.5,0.5908237973685951,0.38999999999999774
supermat,pond,probe,85,intercept_fit,1.0,-0.6557558429803146,100,0.62,0.5,0.7131000804214829,0.6200000000000331
supermat,pond,ntp,85,intercept_fit,1.0,-0.37937725390136445,100,0.62,0.5,0.6681358987721293,0.6200000000000001
supermat,pond,probe,86,intercept_fit,1.0,-1.866830664704802,100,0.47,0.5,0.7269086481992497,0.46999999999999986
supermat,pond,ntp,86,intercept_fit,1.0,-0.9070844906878527,100,0.47,0.5,0.5989738608635105,0.4699999999999507
supermat,pond,probe,87,intercept_fit,1.0,-1.871799556733944,100,0.58,0.5,0.7927230295759407,0.5800000000000115
supermat,pond,ntp,87,intercept_fit,1.0,-1.6499521084486417,100,0.58,0.5,0.7226155181721593,0.5800000000000001
supermat,pond,probe,88,intercept_fit,1.0,-1.7441190154912944,100,0.43,0.5,0.6572882516729109,0.4300000000000002
supermat,pond,ntp,88,intercept_fit,1.0,-1.5754232004086146,100,0.43,0.5,0.6104608112957064,0.43
supermat,pond,probe,89,intercept_fit,1.0,-2.0457590535212624,100,0.42,0.5,0.7112962954433187,0.4199999999999999
supermat,pond,ntp,89,intercept_fit,1.0,-0.9366025853431124,100,0.42,0.5,0.5606269596060135,0.4199999999999999
supermat,pond,probe,90,intercept_fit,1.0,-2.8261620005757044,100,0.33,0.5,0.7155165931381505,0.3300000000000001
supermat,pond,ntp,90,intercept_fit,1.0,-2.312162666102074,100,0.33,0.5,0.5931781262323674,0.33000000000004726
supermat,pond,probe,91,intercept_fit,1.0,-2.055222333097425,100,0.43,0.5,0.682318171920694,0.4299999999999942
supermat,pond,ntp,91,intercept_fit,1.0,-2.2113907510092896,100,0.43,0.5,0.6289002687114928,0.42999999999999977
supermat,pond,probe,92,intercept_fit,1.0,-2.1659008141411773,100,0.34,0.5,0.6288104061377088,0.3400000000000001
supermat,pond,ntp,92,intercept_fit,1.0,-1.672866448774077,100,0.34,0.5,0.5579838858820112,0.34
supermat,pond,probe,93,intercept_fit,1.0,-2.125726254307417,100,0.32,0.5,0.6357093972726416,0.32000000000008805
supermat,pond,ntp,93,intercept_fit,1.0,-1.9194062548953792,100,0.32,0.5,0.5582860596647115,0.32
supermat,pond,probe,94,intercept_fit,1.0,-1.9851916403266021,100,0.48,0.5,0.7622590393294871,0.4800000000000001
supermat,pond,ntp,94,intercept_fit,1.0,-0.7945747908390854,100,0.48,0.5,0.5967435912477922,0.4799999999999999
supermat,pond,probe,95,intercept_fit,1.0,-1.49190974191188,100,0.53,0.5,0.7428314259971184,0.53
supermat,pond,ntp,95,intercept_fit,1.0,-0.9060564148675264,100,0.53,0.5,0.644004532067392,0.53
supermat,pond,probe,96,intercept_fit,1.0,-0.7290354354040729,100,0.57,0.5,0.6807682461145589,0.5700000000000017
supermat,pond,ntp,96,intercept_fit,1.0,-0.3602116514771833,100,0.57,0.5,0.6246763532482312,0.5699999999999993
supermat,pond,probe,97,intercept_fit,1.0,-1.5009239583903111,100,0.53,0.5,0.7370657969016838,0.53
supermat,pond,ntp,97,intercept_fit,1.0,-0.519255903469307,100,0.53,0.5,0.6072849059675567,0.529999999999999
supermat,pond,probe,98,intercept_fit,1.0,-1.9188108793861107,100,0.46,0.5,0.7230128992649669,0.4600000000000017
supermat,pond,ntp,98,intercept_fit,1.0,-1.1905691702423258,100,0.46,0.5,0.6127579039725773,0.4600000000000001
supermat,pond,probe,99,intercept_fit,1.0,-2.495454543973339,100,0.46,0.5,0.7972898323501252,0.4600000000000351
supermat,pond,ntp,99,intercept_fit,1.0,-1.503674687193192,100,0.46,0.5,0.6416177007481678,0.4599999999999999
supermat,nfix,probe,0,intercept_fit,1.0,-4.523512671342863,100,0.25,0.5,0.9058184109016598,0.25000000000005085
supermat,nfix,ntp,0,intercept_fit,1.0,-9.845736852372639,100,0.25,0.5,0.7136316825099729,0.24999999999996636
supermat,nfix,probe,1,intercept_fit,1.0,-3.956343903887555,100,0.35,0.5,0.9245332657946445,0.35
supermat,nfix,ntp,1,intercept_fit,1.0,-6.224268377083012,100,0.35,0.5,0.706642061888801,0.35
supermat,nfix,probe,2,intercept_fit,1.0,-4.233919376621915,100,0.25,0.5,0.8650001049371204,0.24999999999999756
supermat,nfix,ntp,2,intercept_fit,1.0,-11.39838330518918,100,0.25,0.5,0.6802198252683269,0.24999999999998898
supermat,nfix,probe,3,intercept_fit,1.0,-4.557848798564662,100,0.24,0.5,0.8657173313649635,0.23999999999999985
supermat,nfix,ntp,3,intercept_fit,1.0,-11.362871097310826,100,0.24,0.5,0.6352191081209095,0.23999999999994112
supermat,nfix,probe,4,intercept_fit,1.0,-3.9308275231076557,100,0.36,0.5,0.9095863343774593,0.35999999999999993
supermat,nfix,ntp,4,intercept_fit,1.0,-4.067695693434909,100,0.36,0.5,0.6778572306639411,0.35999999999999976
supermat,nfix,probe,5,intercept_fit,1.0,-3.8669919949785965,100,0.35,0.5,0.8613346889148721,0.3499999999999997
supermat,nfix,ntp,5,intercept_fit,1.0,-6.995429240432161,100,0.35,0.5,0.6775305244789854,0.3499999999999989
supermat,nfix,probe,6,intercept_fit,1.0,-4.033659804523957,100,0.31,0.5,0.8954941520112427,0.30999999999999994
supermat,nfix,ntp,6,intercept_fit,1.0,-8.030897610802102,100,0.31,0.5,0.681242375190517,0.30999999999999994
supermat,nfix,probe,7,intercept_fit,1.0,-4.554591469548676,100,0.23,0.5,0.8661165945664344,0.23000000000015683
supermat,nfix,ntp,7,intercept_fit,1.0,-9.735150314647843,100,0.23,0.5,0.6305731045568951,0.23000000000003337
supermat,nfix,probe,8,intercept_fit,1.0,-4.263668973545436,100,0.32,0.5,0.9092026262509338,0.3199999999999999
supermat,nfix,ntp,8,intercept_fit,1.0,-10.44968578524846,100,0.32,0.5,0.6892303008794509,0.32000000000000006
supermat,nfix,probe,9,intercept_fit,1.0,-4.826724800772069,100,0.23,0.5,0.9056577529845253,0.23000000000000004
supermat,nfix,ntp,9,intercept_fit,1.0,-7.400480071537114,100,0.23,0.5,0.6479942883501496,0.2299999999999993
supermat,nfix,probe,10,intercept_fit,1.0,-4.389906634184156,100,0.23,0.5,0.8580173448541986,0.22999999999992282
supermat,nfix,ntp,10,intercept_fit,1.0,-7.85205153973056,100,0.23,0.5,0.5989749071066004,0.23
supermat,nfix,probe,11,intercept_fit,1.0,-4.5361262967483365,100,0.26,0.5,0.8901764076400436,0.25999999999999046
supermat,nfix,ntp,11,intercept_fit,1.0,-11.3803970249646,100,0.26,0.5,0.7386506761098175,0.25999999999999973
supermat,nfix,probe,12,intercept_fit,1.0,-4.251710110140723,100,0.29,0.5,0.8893289966009297,0.2899999999999999
supermat,nfix,ntp,12,intercept_fit,1.0,-10.547307209254194,100,0.29,0.5,0.658941642055872,0.29
supermat,nfix,probe,13,intercept_fit,1.0,-4.220505137182962,100,0.27,0.5,0.8710514273093081,0.2700000000000003
supermat,nfix,ntp,13,intercept_fit,1.0,-4.4750643552149825,100,0.27,0.5,0.6449731302239516,0.2700000000000237
supermat,nfix,probe,14,intercept_fit,1.0,-4.911538020393854,100,0.25,0.5,0.921217149127227,0.2500000000000001
supermat,nfix,ntp,14,intercept_fit,1.0,-12.31941351665525,100,0.25,0.5,0.7275670898619245,0.24999999999984643
supermat,nfix,probe,15,intercept_fit,1.0,-4.3684483658179225,100,0.28,0.5,0.8625359968192201,0.27999999999999997
supermat,nfix,ntp,15,intercept_fit,1.0,-9.237780900036942,100,0.28,0.5,0.6817927880764572,0.28
supermat,nfix,probe,16,intercept_fit,1.0,-4.84018696091519,100,0.22,0.5,0.9103594330572209,0.2199999999999938
supermat,nfix,ntp,16,intercept_fit,1.0,-9.472224817995281,100,0.22,0.5,0.6815942831580878,0.21999999999999983
supermat,nfix,probe,17,intercept_fit,1.0,-4.182925039400083,100,0.3,0.5,0.8923828125160844,0.30000000000010907
supermat,nfix,ntp,17,intercept_fit,1.0,-8.50125405291162,100,0.3,0.5,0.6688623747264552,0.2999999999999726
supermat,nfix,probe,18,intercept_fit,1.0,-4.856890494619022,100,0.22,0.5,0.876063998710394,0.21999999999999986
supermat,nfix,ntp,18,intercept_fit,1.0,-12.043765029150478,100,0.22,0.5,0.6797196834564919,0.22
supermat,nfix,probe,19,intercept_fit,1.0,-4.420707393560449,100,0.22,0.5,0.8850158146843127,0.22000000000000008
supermat,nfix,ntp,19,intercept_fit,1.0,-10.70977833750616,100,0.22,0.5,0.6525696538519115,0.21999999999999897
supermat,nfix,probe,20,intercept_fit,1.0,-3.9462797751522327,100,0.35,0.5,0.8760800889296395,0.34999999999998854
supermat,nfix,ntp,20,intercept_fit,1.0,-4.8339341467449275,100,0.35,0.5,0.6642977299529611,0.35
supermat,nfix,probe,21,intercept_fit,1.0,-4.310470787562076,100,0.28,0.5,0.8789423698144865,0.28
supermat,nfix,ntp,21,intercept_fit,1.0,-10.383790605300783,100,0.28,0.5,0.678177201045945,0.2799999999999995
supermat,nfix,probe,22,intercept_fit,1.0,-4.985498708539062,100,0.17,0.5,0.8831666378048106,0.16999999999999996
supermat,nfix,ntp,22,intercept_fit,1.0,-12.84294381930831,100,0.17,0.5,0.6743266179598367,0.17000000000000035
supermat,nfix,probe,23,intercept_fit,1.0,-4.378379803050412,100,0.31,0.5,0.9206760445369474,0.30999999999999994
supermat,nfix,ntp,23,intercept_fit,1.0,-9.81608862137342,100,0.31,0.5,0.6700260846511594,0.30999999999999994
supermat,nfix,probe,24,intercept_fit,1.0,-4.582384312485206,100,0.26,0.5,0.9135093180243259,0.25999999999999995
supermat,nfix,ntp,24,intercept_fit,1.0,-11.716350363764299,100,0.26,0.5,0.7497446922930062,0.26
supermat,nfix,probe,25,intercept_fit,1.0,-4.358353308102049,100,0.24,0.5,0.8631009568941372,0.23999999999999994
supermat,nfix,ntp,25,intercept_fit,1.0,-4.5334923692864955,100,0.24,0.5,0.5695579251332326,0.23999999999999994
supermat,nfix,probe,26,intercept_fit,1.0,-4.981641557740855,100,0.17,0.5,0.9078237581215686,0.16999999999999843
supermat,nfix,ntp,26,intercept_fit,1.0,-11.173914034701854,100,0.17,0.5,0.659582689790391,0.17000000000000004
supermat,nfix,probe,27,intercept_fit,1.0,-4.7182762194868095,100,0.23,0.5,0.9130005924751045,0.22999999999999868
supermat,nfix,ntp,27,intercept_fit,1.0,-11.086159503779859,100,0.23,0.5,0.6992839012553077,0.22999999999999993
supermat,nfix,probe,28,intercept_fit,1.0,-4.947107289662542,100,0.24,0.5,0.9448012799481101,0.24
supermat,nfix,ntp,28,intercept_fit,1.0,-12.328066912178974,100,0.24,0.5,0.7864155001962269,0.24000000000000085
supermat,nfix,probe,29,intercept_fit,1.0,-4.439880224839478,100,0.26,0.5,0.8701106793413221,0.26000000000000917
supermat,nfix,ntp,29,intercept_fit,1.0,-10.819980478769903,100,0.26,0.5,0.657405934735784,0.26000000000000006
supermat,nfix,probe,30,intercept_fit,1.0,-4.337218652197449,100,0.29,0.5,0.8866809361740314,0.28999999999999987
supermat,nfix,ntp,30,intercept_fit,1.0,-9.998573395368037,100,0.29,0.5,0.6536804871700879,0.2899999999999958
supermat,nfix,probe,31,intercept_fit,1.0,-4.284673781084454,100,0.27,0.5,0.8607630459323069,0.27000000000000035
supermat,nfix,ntp,31,intercept_fit,1.0,-5.413925111544264,100,0.27,0.5,0.6152904517850442,0.26999999999998336
supermat,nfix,probe,32,intercept_fit,1.0,-3.943829902494616,100,0.36,0.5,0.9105952811618262,0.3600000000000001
supermat,nfix,ntp,32,intercept_fit,1.0,-9.834815773448584,100,0.36,0.5,0.7348736710360696,0.36000000000000154
supermat,nfix,probe,33,intercept_fit,1.0,-4.337037447004482,100,0.31,0.5,0.9244549592675289,0.30999999999999994
supermat,nfix,ntp,33,intercept_fit,1.0,-9.90515338793068,100,0.31,0.5,0.7074663026589161,0.31000000000000005
supermat,nfix,probe,34,intercept_fit,1.0,-4.465722804459687,100,0.23,0.5,0.8505796791951764,0.23000000000000004
supermat,nfix,ntp,34,intercept_fit,1.0,-7.945103169351377,100,0.23,0.5,0.6187556525647923,0.22999999999999995
supermat,nfix,probe,35,intercept_fit,1.0,-4.413172364241305,100,0.31,0.5,0.9317164395294425,0.3100000000001605
supermat,nfix,ntp,35,intercept_fit,1.0,-10.890997778003369,100,0.31,0.5,0.7229971403210641,0.31000000000000005
supermat,nfix,probe,36,intercept_fit,1.0,-4.38568302002487,100,0.34,0.5,0.8952028234876748,0.3400000000001528
supermat,nfix,ntp,36,intercept_fit,1.0,-7.921818641369923,100,0.34,0.5,0.6812112076600383,0.339999999999994
supermat,nfix,probe,37,intercept_fit,1.0,-4.661825718446697,100,0.22,0.5,0.8417259087975285,0.22000000000000008
supermat,nfix,ntp,37,intercept_fit,1.0,-10.614519094365807,100,0.22,0.5,0.6050015638044703,0.21999999999998587
supermat,nfix,probe,38,intercept_fit,1.0,-5.08747490675596,100,0.17,0.5,0.8974633411849896,0.16999999999999976
supermat,nfix,ntp,38,intercept_fit,1.0,-12.09010394524126,100,0.17,0.5,0.6744327100963435,0.17000000000000007
supermat,nfix,probe,39,intercept_fit,1.0,-4.379346759870566,100,0.28,0.5,0.9082480824914385,0.2800000000000001
supermat,nfix,ntp,39,intercept_fit,1.0,-9.651093143236132,100,0.28,0.5,0.6964721027798275,0.27999999999999997
supermat,nfix,probe,40,intercept_fit,1.0,-4.767067650953696,100,0.22,0.5,0.8588007499363696,0.22000000000000003
supermat,nfix,ntp,40,intercept_fit,1.0,-10.80107261442537,100,0.22,0.5,0.6702630845371992,0.21999999999999986
supermat,nfix,probe,41,intercept_fit,1.0,-4.475577844323242,100,0.27,0.5,0.9113922711329328,0.27000000000000013
supermat,nfix,ntp,41,intercept_fit,1.0,-11.017015940201556,100,0.27,0.5,0.6987547677764622,0.26999999999999996
supermat,nfix,probe,42,intercept_fit,1.0,-4.256076743856131,100,0.26,0.5,0.8769406482458861,0.26
supermat,nfix,ntp,42,intercept_fit,1.0,-6.642933939982407,100,0.26,0.5,0.672709528962116,0.25999999999999995
supermat,nfix,probe,43,intercept_fit,1.0,-4.83416156223918,100,0.22,0.5,0.9155008297106899,0.21999999999999997
supermat,nfix,ntp,43,intercept_fit,1.0,-10.93011116669994,100,0.22,0.5,0.6798717824623499,0.22
supermat,nfix,probe,44,intercept_fit,1.0,-4.531068447652357,100,0.26,0.5,0.9184523441251905,0.2599999999999943
supermat,nfix,ntp,44,intercept_fit,1.0,-11.256738688198352,100,0.26,0.5,0.6943482375055323,0.25999999999995665
supermat,nfix,probe,45,intercept_fit,1.0,-4.299600543756414,100,0.28,0.5,0.8784834943203689,0.2799999999999988
supermat,nfix,ntp,45,intercept_fit,1.0,-8.65925002586905,100,0.28,0.5,0.6834175292939862,0.28000000000000475
supermat,nfix,probe,46,intercept_fit,1.0,-4.301771340605502,100,0.31,0.5,0.9333575547370958,0.30999999999999983
supermat,nfix,ntp,46,intercept_fit,1.0,-10.635172917456261,100,0.31,0.5,0.7682916124918729,0.31000000000000005
supermat,nfix,probe,47,intercept_fit,1.0,-3.966268548813465,100,0.31,0.5,0.9022377062897453,0.30999999999999994
supermat,nfix,ntp,47,intercept_fit,1.0,-10.523819631694645,100,0.31,0.5,0.7410343707349634,0.30999999999999994
supermat,nfix,probe,48,intercept_fit,1.0,-4.908631005803737,100,0.28,0.5,0.9290102758088459,0.28
supermat,nfix,ntp,48,intercept_fit,1.0,-10.273409850787067,100,0.28,0.5,0.6800155715745195,0.27999999999999997
supermat,nfix,probe,49,intercept_fit,1.0,-4.433428121629294,100,0.25,0.5,0.8599393583282597,0.250000000000018
supermat,nfix,ntp,49,intercept_fit,1.0,-11.54410422045254,100,0.25,0.5,0.644722033041537,0.25000000000002526
supermat,nfix,probe,50,intercept_fit,1.0,-4.004544764738519,100,0.33,0.5,0.895030395560794,0.3300000000000006
supermat,nfix,ntp,50,intercept_fit,1.0,-10.228666170832762,100,0.33,0.5,0.7076594612464568,0.3300000000000402
supermat,nfix,probe,51,intercept_fit,1.0,-4.4895236554536,100,0.22,0.5,0.8636558783806467,0.21999999999996622
supermat,nfix,ntp,51,intercept_fit,1.0,-11.51123707392284,100,0.22,0.5,0.69130140738824,0.22
supermat,nfix,probe,52,intercept_fit,1.0,-3.937494940234447,100,0.35,0.5,0.9315305134333259,0.3500000000000001
supermat,nfix,ntp,52,intercept_fit,1.0,-8.800107135374779,100,0.35,0.5,0.7373019030035683,0.34999999999999787
supermat,nfix,probe,53,intercept_fit,1.0,-4.777421792036985,100,0.19,0.5,0.8854337745382352,0.18999999999997869
supermat,nfix,ntp,53,intercept_fit,1.0,-11.997997737784722,100,0.19,0.5,0.6510640374757446,0.19000000000000003
supermat,nfix,probe,54,intercept_fit,1.0,-5.1967516979288835,100,0.21,0.5,0.925333307944521,0.2099999999999991
supermat,nfix,ntp,54,intercept_fit,1.0,-12.315902414133038,100,0.21,0.5,0.7240127631621317,0.20999999999999996
supermat,nfix,probe,55,intercept_fit,1.0,-3.9324448740069085,100,0.32,0.5,0.8722505395594049,0.31999999999990675
supermat,nfix,ntp,55,intercept_fit,1.0,-6.4703771283583436,100,0.32,0.5,0.6548081061747014,0.31999999999999995
supermat,nfix,probe,56,intercept_fit,1.0,-4.950784392455383,100,0.19,0.5,0.903283200989787,0.18999999999999997
supermat,nfix,ntp,56,intercept_fit,1.0,-11.697906866040428,100,0.19,0.5,0.7008636124365971,0.1900000000000076
supermat,nfix,probe,57,intercept_fit,1.0,-4.436345995614754,100,0.25,0.5,0.9134907023468185,0.24999999999999997
supermat,nfix,ntp,57,intercept_fit,1.0,-11.638458662042193,100,0.25,0.5,0.6942804148647873,0.25
supermat,nfix,probe,58,intercept_fit,1.0,-4.732966332887759,100,0.26,0.5,0.9312122586434587,0.26000000000000034
supermat,nfix,ntp,58,intercept_fit,1.0,-12.027343200240232,100,0.26,0.5,0.6778988535378615,0.2600000000000054
supermat,nfix,probe,59,intercept_fit,1.0,-4.397190949073149,100,0.32,0.5,0.9130912050632793,0.31999999999999995
supermat,nfix,ntp,59,intercept_fit,1.0,-11.942491727274323,100,0.32,0.5,0.7521467592640897,0.31999999999999995
supermat,nfix,probe,60,intercept_fit,1.0,-5.007503410677447,100,0.18,0.5,0.8605037672074599,0.18000000000000005
supermat,nfix,ntp,60,intercept_fit,1.0,-11.757863883998473,100,0.18,0.5,0.669229772609139,0.17999999999999997
supermat,nfix,probe,61,intercept_fit,1.0,-4.1644538861437175,100,0.3,0.5,0.8767956787864182,0.30000000000000004
supermat,nfix,ntp,61,intercept_fit,1.0,-10.132016989788779,100,0.3,0.5,0.665070775083286,0.3
supermat,nfix,probe,62,intercept_fit,1.0,-4.628310838856133,100,0.21,0.5,0.879768779243944,0.20999999999999994
supermat,nfix,ntp,62,intercept_fit,1.0,-11.72837795337986,100,0.21,0.5,0.7043078102952446,0.21000000000005198
supermat,nfix,probe,63,intercept_fit,1.0,-5.398267014953986,100,0.17,0.5,0.9327643559872328,0.16999999999999843
supermat,nfix,ntp,63,intercept_fit,1.0,-13.007248039577851,100,0.17,0.5,0.7520917644325996,0.17000000000016185
supermat,nfix,probe,64,intercept_fit,1.0,-4.123040400876219,100,0.25,0.5,0.8421023472648242,0.24999999999999992
supermat,nfix,ntp,64,intercept_fit,1.0,-8.876580664539942,100,0.25,0.5,0.6438884224160514,0.24999999999999825
supermat,nfix,probe,65,intercept_fit,1.0,-4.807313787731863,100,0.27,0.5,0.9408901679838625,0.26999999999980245
supermat,nfix,ntp,65,intercept_fit,1.0,-12.06642131048658,100,0.27,0.5,0.7341162534531048,0.26999999999999996
supermat,nfix,probe,66,intercept_fit,1.0,-4.601039104353975,100,0.26,0.5,0.8649678357834274,0.2599999999999992
supermat,nfix,ntp,66,intercept_fit,1.0,-11.536034594504223,100,0.26,0.5,0.6749826994234389,0.26
supermat,nfix,probe,67,intercept_fit,1.0,-4.453170915162934,100,0.29,0.5,0.9181020378579616,0.29
supermat,nfix,ntp,67,intercept_fit,1.0,-11.865552682602882,100,0.29,0.5,0.729409156376711,0.29
supermat,nfix,probe,68,intercept_fit,1.0,-4.613079493783764,100,0.25,0.5,0.9166816758487778,0.24999999999985653
supermat,nfix,ntp,68,intercept_fit,1.0,-8.922447584050843,100,0.25,0.5,0.6978780724568494,0.24999999999999856
supermat,nfix,probe,69,intercept_fit,1.0,-4.3999673574652745,100,0.32,0.5,0.9056369538073166,0.32000000000000023
supermat,nfix,ntp,69,intercept_fit,1.0,-10.803721224890218,100,0.32,0.5,0.716259717737904,0.32
supermat,nfix,probe,70,intercept_fit,1.0,-4.201795042515021,100,0.29,0.5,0.8604034078949995,0.28999999999999987
supermat,nfix,ntp,70,intercept_fit,1.0,-10.201172710121844,100,0.29,0.5,0.666518217079864,0.29
supermat,nfix,probe,71,intercept_fit,1.0,-4.485796752614649,100,0.22,0.5,0.8572816807981026,0.22000000000010092
supermat,nfix,ntp,71,intercept_fit,1.0,-10.844849099085419,100,0.22,0.5,0.6470787731179647,0.21999999999998401
supermat,nfix,probe,72,intercept_fit,1.0,-4.117835846167492,100,0.31,0.5,0.8854105220268285,0.3100000000000665
supermat,nfix,ntp,72,intercept_fit,1.0,-4.463269849800976,100,0.31,0.5,0.6198587324160945,0.31
supermat,nfix,probe,73,intercept_fit,1.0,-4.194830451516836,100,0.3,0.5,0.9116782128648316,0.2999999999999996
supermat,nfix,ntp,73,intercept_fit,1.0,-9.587586827019452,100,0.3,0.5,0.6930381154767415,0.3
supermat,nfix,probe,74,intercept_fit,1.0,-4.6832557388100975,100,0.24,0.5,0.8741748006938611,0.23999999999999985
supermat,nfix,ntp,74,intercept_fit,1.0,-10.595814171898782,100,0.24,0.5,0.6525652595892225,0.2400000000000035
supermat,nfix,probe,75,intercept_fit,1.0,-4.024854288184852,100,0.32,0.5,0.8938478068348448,0.32000000000000006
supermat,nfix,ntp,75,intercept_fit,1.0,-10.334399119263598,100,0.32,0.5,0.7076387570876712,0.32000000000000006
supermat,nfix,probe,76,intercept_fit,1.0,-4.8479686458936895,100,0.21,0.5,0.8637155029285666,0.20999999999999994
supermat,nfix,ntp,76,intercept_fit,1.0,-11.976727704575088,100,0.21,0.5,0.6747124879991833,0.20999999999999996
supermat,nfix,probe,77,intercept_fit,1.0,-4.407527152325107,100,0.28,0.5,0.9197777325770886,0.2800000000000001
supermat,nfix,ntp,77,intercept_fit,1.0,-10.509137543365172,100,0.28,0.5,0.7277250263366463,0.28
supermat,nfix,probe,78,intercept_fit,1.0,-4.035935778697529,100,0.35,0.5,0.8996770738929581,0.3500000000000001
supermat,nfix,ntp,78,intercept_fit,1.0,-10.819290947747119,100,0.35,0.5,0.7331767644312045,0.35000000000000014
supermat,nfix,probe,79,intercept_fit,1.0,-4.860486627916237,100,0.21,0.5,0.839620741876155,0.20999999999984187
supermat,nfix,ntp,79,intercept_fit,1.0,-11.459829619609954,100,0.21,0.5,0.6492768846435106,0.21000000000000005
supermat,nfix,probe,80,intercept_fit,1.0,-4.337109781948098,100,0.27,0.5,0.8793224917448633,0.27
supermat,nfix,ntp,80,intercept_fit,1.0,-8.58084927603242,100,0.27,0.5,0.6680716786064537,0.26999999999999996
supermat,nfix,probe,81,intercept_fit,1.0,-4.704833570527784,100,0.22,0.5,0.8982394735165233,0.2199999999999983
supermat,nfix,ntp,81,intercept_fit,1.0,-9.555874744448468,100,0.22,0.5,0.6632587322943654,0.21999999999996495
supermat,nfix,probe,82,intercept_fit,1.0,-3.9834768411109707,100,0.38,0.5,0.9275805024972373,0.38
supermat,nfix,ntp,82,intercept_fit,1.0,-7.282086845093449,100,0.38,0.5,0.6880398527241008,0.37999999999997763
supermat,nfix,probe,83,intercept_fit,1.0,-5.141990877915842,100,0.18,0.5,0.8870388649570208,0.1799999999999997
supermat,nfix,ntp,83,intercept_fit,1.0,-12.472273907921528,100,0.18,0.5,0.660851112533202,0.1800000000000001
supermat,nfix,probe,84,intercept_fit,1.0,-4.6346012097954405,100,0.23,0.5,0.9000975696703457,0.23000000000000007
supermat,nfix,ntp,84,intercept_fit,1.0,-12.011782692079628,100,0.23,0.5,0.6628485678479042,0.2299999999999975
supermat,nfix,probe,85,intercept_fit,1.0,-3.7691954052299126,100,0.34,0.5,0.8865875117810763,0.3399999999999999
supermat,nfix,ntp,85,intercept_fit,1.0,-8.994959978448037,100,0.34,0.5,0.6798204686503017,0.3400000000000407
supermat,nfix,probe,86,intercept_fit,1.0,-4.704735749115988,100,0.22,0.5,0.9079224864369175,0.21999999999987888
supermat,nfix,ntp,86,intercept_fit,1.0,-9.127007251601409,100,0.22,0.5,0.6831087638485799,0.21999999999999972
supermat,nfix,probe,87,intercept_fit,1.0,-4.892285309260188,100,0.21,0.5,0.9195611620746508,0.2099999999999841
supermat,nfix,ntp,87,intercept_fit,1.0,-11.718852408237888,100,0.21,0.5,0.7225897888252785,0.20999999999999996
supermat,nfix,probe,88,intercept_fit,1.0,-4.3871299682436815,100,0.3,0.5,0.9112002142884116,0.3
supermat,nfix,ntp,88,intercept_fit,1.0,-10.867047476097074,100,0.3,0.5,0.7012005835743795,0.30000000000000676
supermat,nfix,probe,89,intercept_fit,1.0,-4.301549388567366,100,0.25,0.5,0.856221595004198,0.25000000000000006
supermat,nfix,ntp,89,intercept_fit,1.0,-10.491503968371168,100,0.25,0.5,0.6852903515640472,0.24999999999999997
supermat,nfix,probe,90,intercept_fit,1.0,-4.829832350391111,100,0.23,0.5,0.9351926287732891,0.23000000000000004
supermat,nfix,ntp,90,intercept_fit,1.0,-11.451780778283428,100,0.23,0.5,0.7062782520409208,0.23
supermat,nfix,probe,91,intercept_fit,1.0,-4.4586513437736,100,0.29,0.5,0.8746684843242748,0.28999999999999987
supermat,nfix,ntp,91,intercept_fit,1.0,-9.93707210371891,100,0.29,0.5,0.6783365050575226,0.29
supermat,nfix,probe,92,intercept_fit,1.0,-3.5766052814769047,100,0.35,0.5,0.8532559735170879,0.35
supermat,nfix,ntp,92,intercept_fit,1.0,-4.076359087634784,100,0.35,0.5,0.6590101010457697,0.35
supermat,nfix,probe,93,intercept_fit,1.0,-4.3221809281432,100,0.26,0.5,0.8910294749694933,0.26
supermat,nfix,ntp,93,intercept_fit,1.0,-6.582553876240599,100,0.26,0.5,0.6290211048492391,0.26
supermat,nfix,probe,94,intercept_fit,1.0,-4.334627463641914,100,0.25,0.5,0.8745596497827123,0.24999999999998795
supermat,nfix,ntp,94,intercept_fit,1.0,-9.470425425598174,100,0.25,0.5,0.6526006977279032,0.2499999999999999
supermat,nfix,probe,95,intercept_fit,1.0,-4.0345223026751444,100,0.3,0.5,0.8796655560180417,0.3000000000000071
supermat,nfix,ntp,95,intercept_fit,1.0,-6.052355215917001,100,0.3,0.5,0.6526293053268869,0.2999999999999996
supermat,nfix,probe,96,intercept_fit,1.0,-4.72021764691706,100,0.24,0.5,0.8787285674942044,0.23999999999999716
supermat,nfix,ntp,96,intercept_fit,1.0,-12.410227659911902,100,0.24,0.5,0.712484839817877,0.23999999999998362
supermat,nfix,probe,97,intercept_fit,1.0,-4.71020120478744,100,0.31,0.5,0.9335001242590857,0.31
supermat,nfix,ntp,97,intercept_fit,1.0,-12.169868660196467,100,0.31,0.5,0.7638796486616681,0.30999999999999994
supermat,nfix,probe,98,intercept_fit,1.0,-4.339297169047702,100,0.27,0.5,0.8650904885028692,0.26999999999999996
supermat,nfix,ntp,98,intercept_fit,1.0,-11.941494886747142,100,0.27,0.5,0.7287357119685833,0.27000000000000035
supermat,nfix,probe,99,intercept_fit,1.0,-4.770528502942843,100,0.21,0.5,0.9095417368182117,0.21
supermat,nfix,ntp,99,intercept_fit,1.0,-12.005477969232507,100,0.21,0.5,0.7212203855986451,0.20999999999999996
supermat,supermat,probe,0,intercept_fit,1.0,-3.681633510560441,100,0.26,0.5,0.7924458051543648,0.2599999999999997
supermat,supermat,ntp,0,intercept_fit,1.0,-1.3601420735731495,100,0.26,0.5,0.47617882675356005,0.25999999999999995
supermat,supermat,probe,1,intercept_fit,1.0,-3.4307692647458756,100,0.26,0.5,0.8060806247997023,0.26
supermat,supermat,ntp,1,intercept_fit,1.0,-1.5742118572679984,100,0.26,0.5,0.49050691552641495,0.26000000000000006
supermat,supermat,probe,2,intercept_fit,1.0,-3.1746057601847353,100,0.39,0.5,0.8320744184038216,0.3899999999999999
supermat,supermat,ntp,2,intercept_fit,1.0,-0.8446442649634442,100,0.39,0.5,0.5273036376914935,0.39000000000000024
supermat,supermat,probe,3,intercept_fit,1.0,-3.5290987784785086,100,0.35,0.5,0.7824854722192637,0.3500000000000001
supermat,supermat,ntp,3,intercept_fit,1.0,-1.237176352506197,100,0.35,0.5,0.5395563117669319,0.35000000000000014
supermat,supermat,probe,4,intercept_fit,1.0,-3.549941868423001,100,0.36,0.5,0.8609421389392105,0.36000000000000154
supermat,supermat,ntp,4,intercept_fit,1.0,-0.9948787693795168,100,0.36,0.5,0.5222028423368228,0.36000000000000104
supermat,supermat,probe,5,intercept_fit,1.0,-3.049513489241028,100,0.42,0.5,0.8344253186243065,0.42
supermat,supermat,ntp,5,intercept_fit,1.0,-0.574316167212211,100,0.42,0.5,0.5185340375878151,0.4200000000000001
supermat,supermat,probe,6,intercept_fit,1.0,-3.9761961200332854,100,0.25,0.5,0.8170616887937158,0.24999999999999908
supermat,supermat,ntp,6,intercept_fit,1.0,-2.040932499364498,100,0.25,0.5,0.5107744307215568,0.25000000000000006
supermat,supermat,probe,7,intercept_fit,1.0,-3.6625885857143774,100,0.38,0.5,0.8762893603259846,0.3799999999998834
supermat,supermat,ntp,7,intercept_fit,1.0,-0.878239361603422,100,0.38,0.5,0.5249877559002188,0.38
supermat,supermat,probe,8,intercept_fit,1.0,-3.765947936452498,100,0.24,0.5,0.8201240275553523,0.24
supermat,supermat,ntp,8,intercept_fit,1.0,-1.290451550807884,100,0.24,0.5,0.46043417362634487,0.24000000000000576
supermat,supermat,probe,9,intercept_fit,1.0,-3.137948963811733,100,0.4,0.5,0.8329465484142297,0.3999999999999197
supermat,supermat,ntp,9,intercept_fit,1.0,-1.047754733020798,100,0.4,0.5,0.5576777062414898,0.4000000000000005
supermat,supermat,probe,10,intercept_fit,1.0,-3.5094155387779913,100,0.34,0.5,0.861587012779172,0.3400000000000004
supermat,supermat,ntp,10,intercept_fit,1.0,-2.285985300687988,100,0.34,0.5,0.5816668770762881,0.3399999999999942
supermat,supermat,probe,11,intercept_fit,1.0,-3.026980285336568,100,0.44,0.5,0.8602336494028872,0.4399999999998765
supermat,supermat,ntp,11,intercept_fit,1.0,-0.6218149945825101,100,0.44,0.5,0.5492072509268272,0.43999999999999995
supermat,supermat,probe,12,intercept_fit,1.0,-3.1906944339670726,100,0.32,0.5,0.808248968721785,0.320000000000082
supermat,supermat,ntp,12,intercept_fit,1.0,-1.029454255931957,100,0.32,0.5,0.4943627806071869,0.31999999999999995
supermat,supermat,probe,13,intercept_fit,1.0,-3.338509314988126,100,0.46,0.5,0.8806914503700711,0.4600000000000002
supermat,supermat,ntp,13,intercept_fit,1.0,-0.5759322179443497,100,0.46,0.5,0.5560471432315963,0.4600000000000001
supermat,supermat,probe,14,intercept_fit,1.0,-3.8178801545675087,100,0.31,0.5,0.8538637609104671,0.3100000000000014
supermat,supermat,ntp,14,intercept_fit,1.0,-2.133147180944391,100,0.31,0.5,0.5568546993717906,0.30999999999999284
supermat,supermat,probe,15,intercept_fit,1.0,-2.9917202462196055,100,0.53,0.5,0.8987352856117634,0.53
supermat,supermat,ntp,15,intercept_fit,1.0,-0.27966444226833137,100,0.53,0.5,0.5755556581627421,0.53
supermat,supermat,probe,16,intercept_fit,1.0,-3.644484175359704,100,0.29,0.5,0.7716440086907285,0.2899999999999995
supermat,supermat,ntp,16,intercept_fit,1.0,-1.574155544892674,100,0.29,0.5,0.5135988435458488,0.29
supermat,supermat,probe,17,intercept_fit,1.0,-4.16503019484102,100,0.23,0.5,0.8152607404080595,0.23
supermat,supermat,ntp,17,intercept_fit,1.0,-1.8396323456230324,100,0.23,0.5,0.4887106280058531,0.23000000000000004
supermat,supermat,probe,18,intercept_fit,1.0,-3.5339292767303845,100,0.29,0.5,0.7936382548747464,0.2900000000000001
supermat,supermat,ntp,18,intercept_fit,1.0,-1.8224050353081997,100,0.29,0.5,0.5307237497212154,0.2899999999999844
supermat,supermat,probe,19,intercept_fit,1.0,-3.6227249913815966,100,0.38,0.5,0.8554563642629018,0.37999999999999945
supermat,supermat,ntp,19,intercept_fit,1.0,-1.3856582366189667,100,0.38,0.5,0.5751873759567327,0.3800000000000002
supermat,supermat,probe,20,intercept_fit,1.0,-3.966999223275336,100,0.34,0.5,0.8660726864711314,0.34
supermat,supermat,ntp,20,intercept_fit,1.0,-2.074842984529446,100,0.34,0.5,0.5743443757512342,0.3400000000000001
supermat,supermat,probe,21,intercept_fit,1.0,-3.5241263907535343,100,0.3,0.5,0.7918307713920225,0.29999999999999816
supermat,supermat,ntp,21,intercept_fit,1.0,-1.1795972966201302,100,0.3,0.5,0.49262859332954784,0.3
supermat,supermat,probe,22,intercept_fit,1.0,-3.7132934844007743,100,0.24,0.5,0.7770104592701733,0.24
supermat,supermat,ntp,22,intercept_fit,1.0,-2.6461862033770616,100,0.24,0.5,0.5293837429626678,0.24000000000000007
supermat,supermat,probe,23,intercept_fit,1.0,-3.51191008001566,100,0.34,0.5,0.8360473372239007,0.3400000000000001
supermat,supermat,ntp,23,intercept_fit,1.0,-0.8113384640011863,100,0.34,0.5,0.4865775707175119,0.34000000000000014
supermat,supermat,probe,24,intercept_fit,1.0,-3.6070468167949814,100,0.34,0.5,0.8267921958377569,0.3399999999999999
supermat,supermat,ntp,24,intercept_fit,1.0,-1.400523727771135,100,0.34,0.5,0.540194494986222,0.3399999999999999
supermat,supermat,probe,25,intercept_fit,1.0,-3.261848391945599,100,0.39,0.5,0.8217223976494726,0.39
supermat,supermat,ntp,25,intercept_fit,1.0,-0.9434387540997029,100,0.39,0.5,0.5383150657897753,0.39
supermat,supermat,probe,26,intercept_fit,1.0,-3.0502121184237287,100,0.33,0.5,0.7708885732441069,0.32999999999999957
supermat,supermat,ntp,26,intercept_fit,1.0,-0.8104256740894433,100,0.33,0.5,0.47596340923470476,0.33000000000000007
supermat,supermat,probe,27,intercept_fit,1.0,-2.997084760932548,100,0.46,0.5,0.8479289056131475,0.4599999999999981
supermat,supermat,ntp,27,intercept_fit,1.0,-0.7576541375577878,100,0.46,0.5,0.5789161325086978,0.46
supermat,supermat,probe,28,intercept_fit,1.0,-3.2524418677012226,100,0.43,0.5,0.827953017121935,0.43
supermat,supermat,ntp,28,intercept_fit,1.0,-0.6426625801985222,100,0.43,0.5,0.5394386706491752,0.42999999999999616
supermat,supermat,probe,29,intercept_fit,1.0,-3.6169309287463203,100,0.26,0.5,0.8136113358973612,0.26
supermat,supermat,ntp,29,intercept_fit,1.0,-1.5281823489511492,100,0.26,0.5,0.4916130539114645,0.26
supermat,supermat,probe,30,intercept_fit,1.0,-3.295895442193505,100,0.36,0.5,0.8421886892438333,0.36
supermat,supermat,ntp,30,intercept_fit,1.0,-1.1773150120032343,100,0.36,0.5,0.5354752581944283,0.36
supermat,supermat,probe,31,intercept_fit,1.0,-3.648318566911626,100,0.35,0.5,0.8542395613793821,0.3500000000000001
supermat,supermat,ntp,31,intercept_fit,1.0,-0.8810353838733583,100,0.35,0.5,0.49999441626874513,0.35
supermat,supermat,probe,32,intercept_fit,1.0,-3.587395009525838,100,0.28,0.5,0.8243280067342371,0.27999999999999997
supermat,supermat,ntp,32,intercept_fit,1.0,-1.200847092948126,100,0.28,0.5,0.48102376384878087,0.28
supermat,supermat,probe,33,intercept_fit,1.0,-3.7817374873313527,100,0.43,0.5,0.8998705059566454,0.42999999999999994
supermat,supermat,ntp,33,intercept_fit,1.0,-1.0172089563392892,100,0.43,0.5,0.5800077025575626,0.43000000000000005
supermat,supermat,probe,34,intercept_fit,1.0,-3.193689292174908,100,0.36,0.5,0.8271782436836201,0.36000000000000015
supermat,supermat,ntp,34,intercept_fit,1.0,-1.3231373213838495,100,0.36,0.5,0.5469660310017455,0.36000000000000015
supermat,supermat,probe,35,intercept_fit,1.0,-4.035526745771413,100,0.4,0.5,0.9083248274901531,0.4000000000000001
supermat,supermat,ntp,35,intercept_fit,1.0,-2.2134511278865245,100,0.4,0.5,0.624728171185077,0.3999999999999999
supermat,supermat,probe,36,intercept_fit,1.0,-4.021581106343862,100,0.22,0.5,0.8216537048638324,0.22000000000006165
supermat,supermat,ntp,36,intercept_fit,1.0,-1.653225049863824,100,0.22,0.5,0.4717901162421423,0.22000000000000036
supermat,supermat,probe,37,intercept_fit,1.0,-3.065941059594306,100,0.4,0.5,0.8336419795319833,0.4
supermat,supermat,ntp,37,intercept_fit,1.0,-0.9598811773944033,100,0.4,0.5,0.5501895171592142,0.3999999999999993
supermat,supermat,probe,38,intercept_fit,1.0,-4.121542660726654,100,0.24,0.5,0.8152736668942149,0.24000000000000007
supermat,supermat,ntp,38,intercept_fit,1.0,-3.1714168702968712,100,0.24,0.5,0.535445345848774,0.2399999999999996
supermat,supermat,probe,39,intercept_fit,1.0,-3.59763949722943,100,0.35,0.5,0.8583815469567331,0.35
supermat,supermat,ntp,39,intercept_fit,1.0,-1.639495239145637,100,0.35,0.5,0.5606936121220876,0.3499999999999999
supermat,supermat,probe,40,intercept_fit,1.0,-3.9117064038005336,100,0.35,0.5,0.8713559432349746,0.35
supermat,supermat,ntp,40,intercept_fit,1.0,-1.5259159224700294,100,0.35,0.5,0.5540383744687549,0.3499999999999999
supermat,supermat,probe,41,intercept_fit,1.0,-3.4698157928119064,100,0.42,0.5,0.853040295340406,0.41999999999998644
supermat,supermat,ntp,41,intercept_fit,1.0,-0.7215194851595006,100,0.42,0.5,0.5426294186714165,0.41999999999999993
supermat,supermat,probe,42,intercept_fit,1.0,-3.51752222559229,100,0.3,0.5,0.8294153645963805,0.30000000000001753
supermat,supermat,ntp,42,intercept_fit,1.0,-1.0402630701210336,100,0.3,0.5,0.47719753078039967,0.2999999999999982
supermat,supermat,probe,43,intercept_fit,1.0,-3.1738585016647822,100,0.38,0.5,0.844610974225261,0.37999999999999995
supermat,supermat,ntp,43,intercept_fit,1.0,-1.213889413057335,100,0.38,0.5,0.559423230131068,0.38
supermat,supermat,probe,44,intercept_fit,1.0,-3.5512341116910227,100,0.45,0.5,0.9030691721515983,0.44999999999999984
supermat,supermat,ntp,44,intercept_fit,1.0,-0.5152568979313734,100,0.45,0.5,0.5390840879456629,0.44999999999998985
supermat,supermat,probe,45,intercept_fit,1.0,-4.326639616776392,100,0.23,0.5,0.8086438950425299,0.22999999999999995
supermat,supermat,ntp,45,intercept_fit,1.0,-1.9079538049616624,100,0.23,0.5,0.4873304653154183,0.23000000000000007
supermat,supermat,probe,46,intercept_fit,1.0,-3.9653364262208655,100,0.26,0.5,0.8167906299748066,0.25999999999999845
supermat,supermat,ntp,46,intercept_fit,1.0,-1.6441192758126821,100,0.26,0.5,0.5034781253281373,0.2600000000000016
supermat,supermat,probe,47,intercept_fit,1.0,-3.209132164073969,100,0.41,0.5,0.8328289646452499,0.41
supermat,supermat,ntp,47,intercept_fit,1.0,-0.6968467403286286,100,0.41,0.5,0.5309123616536227,0.41000000000000014
supermat,supermat,probe,48,intercept_fit,1.0,-3.7534008173518347,100,0.35,0.5,0.8459698710953287,0.3499999999999999
supermat,supermat,ntp,48,intercept_fit,1.0,-1.7938431875526237,100,0.35,0.5,0.5671361397983277,0.34999999999999987
supermat,supermat,probe,49,intercept_fit,1.0,-3.44675649023705,100,0.29,0.5,0.815926616965347,0.28999999999999987
supermat,supermat,ntp,49,intercept_fit,1.0,-1.1745436893233259,100,0.29,0.5,0.48265862218782024,0.28999999999999965
supermat,supermat,probe,50,intercept_fit,1.0,-3.621787333004988,100,0.26,0.5,0.7944935878673337,0.26
supermat,supermat,ntp,50,intercept_fit,1.0,-2.1398016558606856,100,0.26,0.5,0.520721171350753,0.2599999999999633
supermat,supermat,probe,51,intercept_fit,1.0,-4.048733749882893,100,0.25,0.5,0.7769869031592019,0.2499999999999996
supermat,supermat,ntp,51,intercept_fit,1.0,-1.676434689944303,100,0.25,0.5,0.49558188213311233,0.24999999999999992
supermat,supermat,probe,52,intercept_fit,1.0,-4.343156132125504,100,0.24,0.5,0.8434320264271621,0.23999999999999994
supermat,supermat,ntp,52,intercept_fit,1.0,-1.5716471883633394,100,0.24,0.5,0.4774350999298717,0.23999999999999996
supermat,supermat,probe,53,intercept_fit,1.0,-3.308731354722871,100,0.24,0.5,0.7990958786516599,0.24000000000000007
supermat,supermat,ntp,53,intercept_fit,1.0,-1.5879831325236675,100,0.24,0.5,0.4806930308024977,0.24000000000000005
supermat,supermat,probe,54,intercept_fit,1.0,-3.3667503511452233,100,0.45,0.5,0.8657133088425141,0.44999999999999984
supermat,supermat,ntp,54,intercept_fit,1.0,-1.7076923801184145,100,0.45,0.5,0.634179278877992,0.4499999999999998
supermat,supermat,probe,55,intercept_fit,1.0,-3.44034001448985,100,0.37,0.5,0.8629278696100374,0.3699999999998385
supermat,supermat,ntp,55,intercept_fit,1.0,-1.3377060719367377,100,0.37,0.5,0.5591295555715079,0.37000000000000005
supermat,supermat,probe,56,intercept_fit,1.0,-3.90569545823989,100,0.27,0.5,0.8432618041693529,0.26999999999999996
supermat,supermat,ntp,56,intercept_fit,1.0,-2.7096944857583805,100,0.27,0.5,0.5514936841151813,0.27
supermat,supermat,probe,57,intercept_fit,1.0,-3.7281341369675585,100,0.25,0.5,0.8236588507429645,0.24999999999999992
supermat,supermat,ntp,57,intercept_fit,1.0,-2.1483409851762647,100,0.25,0.5,0.5270648159252476,0.24999999999999992
supermat,supermat,probe,58,intercept_fit,1.0,-3.2045600985443476,100,0.3,0.5,0.8017624151844323,0.3
supermat,supermat,ntp,58,intercept_fit,1.0,-1.492375467457141,100,0.3,0.5,0.5195998563690818,0.30000000000000004
supermat,supermat,probe,59,intercept_fit,1.0,-3.53104220062749,100,0.29,0.5,0.8543266091911659,0.28999999999999976
supermat,supermat,ntp,59,intercept_fit,1.0,-1.45476450724341,100,0.29,0.5,0.5085424101543251,0.2900000000000001
supermat,supermat,probe,60,intercept_fit,1.0,-3.506634526234552,100,0.37,0.5,0.8525857682248066,0.37000000000000005
supermat,supermat,ntp,60,intercept_fit,1.0,-1.06701927517884,100,0.37,0.5,0.5430625413770649,0.37
supermat,supermat,probe,61,intercept_fit,1.0,-3.5631072837860884,100,0.34,0.5,0.8486810909658022,0.34000000000000014
supermat,supermat,ntp,61,intercept_fit,1.0,-1.2712652032044531,100,0.34,0.5,0.5259537548792506,0.3399999999999999
supermat,supermat,probe,62,intercept_fit,1.0,-3.897932960817299,100,0.32,0.5,0.8367594515983137,0.32
supermat,supermat,ntp,62,intercept_fit,1.0,-1.7464957830014163,100,0.32,0.5,0.5492469062803209,0.31999999999999995
supermat,supermat,probe,63,intercept_fit,1.0,-2.7347129489980744,100,0.48,0.5,0.8461250646503603,0.4800000000000001
supermat,supermat,ntp,63,intercept_fit,1.0,-0.6317576692175771,100,0.48,0.5,0.5827421006718194,0.47999999999997667
supermat,supermat,probe,64,intercept_fit,1.0,-3.859995098865808,100,0.33,0.5,0.889071217750072,0.3299999999999996
supermat,supermat,ntp,64,intercept_fit,1.0,-1.1854000989117954,100,0.33,0.5,0.5166131192548511,0.33000000000002516
supermat,supermat,probe,65,intercept_fit,1.0,-3.1742796745064044,100,0.56,0.5,0.885262405096115,0.5599999999999999
supermat,supermat,ntp,65,intercept_fit,1.0,-0.41434005617079506,100,0.56,0.5,0.6204101549616194,0.5599999999999892
supermat,supermat,probe,66,intercept_fit,1.0,-3.826313858985407,100,0.23,0.5,0.7930481820592857,0.2299999999999999
supermat,supermat,ntp,66,intercept_fit,1.0,-1.7697421986600868,100,0.23,0.5,0.4820513374937218,0.23
supermat,supermat,probe,67,intercept_fit,1.0,-3.7565212262984793,100,0.34,0.5,0.8615240799015568,0.3400000000000001
supermat,supermat,ntp,67,intercept_fit,1.0,-1.4528700241454828,100,0.34,0.5,0.5479842308350813,0.34
supermat,supermat,probe,68,intercept_fit,1.0,-4.512103537110638,100,0.22,0.5,0.8310590986855466,0.2199999999999173
supermat,supermat,ntp,68,intercept_fit,1.0,-2.183563880870245,100,0.22,0.5,0.4930421863290368,0.22
supermat,supermat,probe,69,intercept_fit,1.0,-3.8193791488217657,100,0.26,0.5,0.8371149376865684,0.26
supermat,supermat,ntp,69,intercept_fit,1.0,-1.363715573859838,100,0.26,0.5,0.47517496189675046,0.26
supermat,supermat,probe,70,intercept_fit,1.0,-3.837301421161672,100,0.17,0.5,0.716291056570529,0.17
supermat,supermat,ntp,70,intercept_fit,1.0,-2.4775247040852353,100,0.17,0.5,0.4649457997724643,0.1699999999999987
supermat,supermat,probe,71,intercept_fit,1.0,-3.6609925760038386,100,0.46,0.5,0.9162232787037031,0.45999999999999985
supermat,supermat,ntp,71,intercept_fit,1.0,-1.1104044445103203,100,0.46,0.5,0.6081054541534282,0.4599999999999999
supermat,supermat,probe,72,intercept_fit,1.0,-2.5938162252722723,100,0.48,0.5,0.8116910327458099,0.47999999999999976
supermat,supermat,ntp,72,intercept_fit,1.0,-0.6051118933740746,100,0.48,0.5,0.5759029077763416,0.4799999999999992
supermat,supermat,probe,73,intercept_fit,1.0,-4.304133011940348,100,0.33,0.5,0.8742972357457127,0.33000000000000007
supermat,supermat,ntp,73,intercept_fit,1.0,-1.9639045787284215,100,0.33,0.5,0.5662394534537625,0.3299999999999994
supermat,supermat,probe,74,intercept_fit,1.0,-3.985355891390258,100,0.35,0.5,0.8743042482070623,0.3500000000000696
supermat,supermat,ntp,74,intercept_fit,1.0,-2.013022595724594,100,0.35,0.5,0.5857680561000386,0.34999999999997494
supermat,supermat,probe,75,intercept_fit,1.0,-3.9909139699222598,100,0.2,0.5,0.7969901881752167,0.19999999999999996
supermat,supermat,ntp,75,intercept_fit,1.0,-2.8606051674443482,100,0.2,0.5,0.5060095185110725,0.2
supermat,supermat,probe,76,intercept_fit,1.0,-4.222773233701057,100,0.31,0.5,0.8706334158554015,0.31000000000000005
supermat,supermat,ntp,76,intercept_fit,1.0,-2.317734757293109,100,0.31,0.5,0.5543244896995518,0.3100000000000003
supermat,supermat,probe,77,intercept_fit,1.0,-3.3684719683551063,100,0.31,0.5,0.8008615604526718,0.31
supermat,supermat,ntp,77,intercept_fit,1.0,-1.2372742933293588,100,0.31,0.5,0.5018530469067592,0.31
supermat,supermat,probe,78,intercept_fit,1.0,-3.7867870540448236,100,0.32,0.5,0.8403743652568564,0.32000000000000006
supermat,supermat,ntp,78,intercept_fit,1.0,-1.6116517422303607,100,0.32,0.5,0.536810230113909,0.3199999999999652
supermat,supermat,probe,79,intercept_fit,1.0,-3.6620443794124364,100,0.32,0.5,0.8306793823992105,0.3199999999999996
supermat,supermat,ntp,79,intercept_fit,1.0,-1.3097655667925026,100,0.32,0.5,0.5225606226132998,0.32
supermat,supermat,probe,80,intercept_fit,1.0,-3.528832979072034,100,0.34,0.5,0.8392264826456705,0.34000000000000097
supermat,supermat,ntp,80,intercept_fit,1.0,-1.0572336556372002,100,0.34,0.5,0.5128075371764124,0.3399999999999631
supermat,supermat,probe,81,intercept_fit,1.0,-3.6272377323361638,100,0.34,0.5,0.8694124552971187,0.3400000000000001
supermat,supermat,ntp,81,intercept_fit,1.0,-1.3552581668385184,100,0.34,0.5,0.537459983070718,0.3399999999999999
supermat,supermat,probe,82,intercept_fit,1.0,-3.8693684649417617,100,0.33,0.5,0.8674303401778322,0.3300000000000001
supermat,supermat,ntp,82,intercept_fit,1.0,-1.556221427681443,100,0.33,0.5,0.5407987876125196,0.32999999999999985
supermat,supermat,probe,83,intercept_fit,1.0,-3.1398343931994455,100,0.42,0.5,0.8243093563000113,0.41999999999999255
supermat,supermat,ntp,83,intercept_fit,1.0,-1.0130228235138556,100,0.42,0.5,0.5701957364819737,0.42
supermat,supermat,probe,84,intercept_fit,1.0,-3.701238332249823,100,0.38,0.5,0.8927522119317786,0.3800000000000084
supermat,supermat,ntp,84,intercept_fit,1.0,-1.3316500067981554,100,0.38,0.5,0.5645276667880529,0.38000000000000006
supermat,supermat,probe,85,intercept_fit,1.0,-3.4231779628198655,100,0.36,0.5,0.8179355620932179,0.36000000000000176
supermat,supermat,ntp,85,intercept_fit,1.0,-1.3800966851389525,100,0.36,0.5,0.549167272512356,0.36
supermat,supermat,probe,86,intercept_fit,1.0,-3.6729679851954216,100,0.29,0.5,0.8146399279365801,0.29000000000000004
supermat,supermat,ntp,86,intercept_fit,1.0,-1.3401200696646172,100,0.29,0.5,0.49835140404150763,0.29000000000000004
supermat,supermat,probe,87,intercept_fit,1.0,-3.552236428558978,100,0.37,0.5,0.8478578410691208,0.3700000000000002
supermat,supermat,ntp,87,intercept_fit,1.0,-1.3173746511762083,100,0.37,0.5,0.5554814508688825,0.36999999999999994
supermat,supermat,probe,88,intercept_fit,1.0,-2.7053749425356854,100,0.49,0.5,0.8352317883250823,0.4900000000000477
supermat,supermat,ntp,88,intercept_fit,1.0,-0.24772463091287147,100,0.49,0.5,0.5340882111821531,0.49
supermat,supermat,probe,89,intercept_fit,1.0,-2.7308162691332933,100,0.54,0.5,0.8704891610269371,0.5400000000000118
supermat,supermat,ntp,89,intercept_fit,1.0,-0.518202229985223,100,0.54,0.5,0.6159657694861171,0.5399999999999925
supermat,supermat,probe,90,intercept_fit,1.0,-3.7016257239085752,100,0.27,0.5,0.7845370031288756,0.26999999999999913
supermat,supermat,ntp,90,intercept_fit,1.0,-1.3642346853908436,100,0.27,0.5,0.48924534058647956,0.2699999999999999
supermat,supermat,probe,91,intercept_fit,1.0,-4.041254445410314,100,0.4,0.5,0.8642273379030938,0.4000000000000001
supermat,supermat,ntp,91,intercept_fit,1.0,-1.4005599693174156,100,0.4,0.5,0.5850144182327609,0.4000000000000001
supermat,supermat,probe,92,intercept_fit,1.0,-3.8522173097302392,100,0.42,0.5,0.8769155925807517,0.42000000000000015
supermat,supermat,ntp,92,intercept_fit,1.0,-1.1772436594972175,100,0.42,0.5,0.5843473471352995,0.41999999999999993
supermat,supermat,probe,93,intercept_fit,1.0,-3.650232484996271,100,0.29,0.5,0.7966366992847259,0.28999999999985
supermat,supermat,ntp,93,intercept_fit,1.0,-1.4341233442368286,100,0.29,0.5,0.5082916255101317,0.2899999999999999
supermat,supermat,probe,94,intercept_fit,1.0,-3.078547297250618,100,0.34,0.5,0.8097010586695592,0.34000000000001784
supermat,supermat,ntp,94,intercept_fit,1.0,-1.0046669265251895,100,0.34,0.5,0.5104952723230077,0.340000000000041
supermat,supermat,probe,95,intercept_fit,1.0,-3.9990918820992944,100,0.28,0.5,0.7943158038613434,0.28
supermat,supermat,ntp,95,intercept_fit,1.0,-1.7088377772929533,100,0.28,0.5,0.5133969714662152,0.2800000000000001
supermat,supermat,probe,96,intercept_fit,1.0,-2.9980562505559836,100,0.4,0.5,0.8303003955694528,0.4000000000000001
supermat,supermat,ntp,96,intercept_fit,1.0,-0.4766192021782457,100,0.4,0.5,0.4891476457570307,0.4
supermat,supermat,probe,97,intercept_fit,1.0,-3.7965678697311867,100,0.28,0.5,0.8362994632096208,0.28
supermat,supermat,ntp,97,intercept_fit,1.0,-1.7450008487052007,100,0.28,0.5,0.5177198544838091,0.28
supermat,supermat,probe,98,intercept_fit,1.0,-3.743473136540371,100,0.24,0.5,0.8264725151371033,0.24000000000000196
supermat,supermat,ntp,98,intercept_fit,1.0,-1.4802735305860557,100,0.24,0.5,0.47450409536610283,0.24000000000000005
supermat,supermat,probe,99,intercept_fit,1.0,-3.251218996409808,100,0.46,0.5,0.8725831630750398,0.46
supermat,supermat,ntp,99,intercept_fit,1.0,-0.7686668242082096,100,0.46,0.5,0.5776186834641346,0.4599999999999998
